segment,factors,factor1,factor2,factor3,n_bins,n_bets,mean_roi,std_roi,clb,pass
COURSE_27_06_ダ_中距離,da_tekisei_code+ichi_shisu_juni+ten_shisu_juni,da_tekisei_code,ichi_shisu_juni,ten_shisu_juni,4,570,88.08,4.72,83.45,True
COURSE_27_06_ダ_中距離,hizume_code+ichi_shisu_juni+kyori_tekisei,hizume_code,ichi_shisu_juni,kyori_tekisei,5,614,81.48,5.47,76.68,False
COURSE_27_06_ダ_中距離,class_code+umakigo_code+nyukyu_nannichimae,class_code,umakigo_code,nyukyu_nannichimae,5,540,79.51,3.46,76.48,False
COURSE_27_06_ダ_中距離,manken_shirushi+ten_shisu_juni+umakigo_code,manken_shirushi,ten_shisu_juni,umakigo_code,17,1872,83.11,14.11,76.4,False
COURSE_27_06_ダ_中距離,uma_deokure_ritsu+da_tekisei_code+umakigo_code,uma_deokure_ritsu,da_tekisei_code,umakigo_code,24,7763,78.68,7.82,75.56,False
COURSE_27_06_ダ_中距離,da_tekisei_code+kyakushitsu+umakigo_code,da_tekisei_code,kyakushitsu,umakigo_code,12,10787,79.11,6.42,75.47,False
COURSE_27_06_ダ_中距離,manken_shirushi+ichi_shisu_juni+umakigo_code,manken_shirushi,ichi_shisu_juni,umakigo_code,16,2536,80.18,9.67,75.44,False
COURSE_27_06_ダ_中距離,manken_shirushi+ten_shisu_juni+kyusha_hyoka_code,manken_shirushi,ten_shisu_juni,kyusha_hyoka_code,11,1209,85.17,16.48,75.43,False
COURSE_27_06_ダ_中距離,pace_yoso+da_tekisei_code+kyakushitsu,pace_yoso,da_tekisei_code,kyakushitsu,21,11311,79.07,8.67,75.36,False
COURSE_27_06_ダ_中距離,ichi_shisu_juni+ten_shisu_juni+umakigo_code,ichi_shisu_juni,ten_shisu_juni,umakigo_code,24,4291,79.56,10.69,75.28,False
COURSE_27_06_ダ_中距離,pace_yoso+da_tekisei_code+kyusha_hyoka_code,pace_yoso,da_tekisei_code,kyusha_hyoka_code,8,10976,81.07,8.8,74.97,False
COURSE_27_06_ダ_中距離,manken_shirushi+omo_tekisei_code+umakigo_code,manken_shirushi,omo_tekisei_code,umakigo_code,24,8030,77.53,6.44,74.95,False
COURSE_27_06_ダ_中距離,uma_deokure_ritsu+kyakushitsu+umakigo_code,uma_deokure_ritsu,kyakushitsu,umakigo_code,22,7896,78.03,7.52,74.88,False
COURSE_27_06_ダ_中距離,manken_shirushi+joken_class_code+da_tekisei_code,manken_shirushi,joken_class_code,da_tekisei_code,28,5990,78.53,10.02,74.82,False
COURSE_27_06_ダ_中距離,uma_deokure_ritsu+pace_yoso+umakigo_code,uma_deokure_ritsu,pace_yoso,umakigo_code,29,10113,77.86,8.52,74.76,False
COURSE_27_06_ダ_中距離,pace_yoso+omo_tekisei_code+da_tekisei_code,pace_yoso,omo_tekisei_code,da_tekisei_code,15,11290,78.54,7.63,74.68,False
COURSE_27_06_ダ_中距離,pace_yoso+kishu_minarai_code+kyusha_hyoka_code,pace_yoso,kishu_minarai_code,kyusha_hyoka_code,6,1498,80.19,6.89,74.68,False
COURSE_27_06_ダ_中距離,manken_shirushi+hizume_code+da_tekisei_code,manken_shirushi,hizume_code,da_tekisei_code,12,1600,78.99,7.63,74.67,False
COURSE_27_06_ダ_中距離,omo_tekisei_code+da_tekisei_code+kyakushitsu,omo_tekisei_code,da_tekisei_code,kyakushitsu,25,11102,77.22,6.55,74.65,False
COURSE_27_06_ダ_中距離,uma_deokure_ritsu+pace_yoso+kyusha_hyoka_code,uma_deokure_ritsu,pace_yoso,kyusha_hyoka_code,30,10100,77.49,8.09,74.59,False
COURSE_27_06_ダ_中距離,omo_tekisei_code+da_tekisei_code+kyusha_hyoka_code,omo_tekisei_code,da_tekisei_code,kyusha_hyoka_code,10,10860,79.53,7.97,74.59,False
COURSE_27_06_ダ_中距離,manken_shirushi+da_tekisei_code+kyori_tekisei,manken_shirushi,da_tekisei_code,kyori_tekisei,24,6060,77.19,6.64,74.54,False
COURSE_27_06_ダ_中距離,da_tekisei_code+kyakushitsu+kyusha_hyoka_code,da_tekisei_code,kyakushitsu,kyusha_hyoka_code,13,10863,78.27,7.01,74.46,False
COURSE_27_06_ダ_中距離,manken_shirushi+da_tekisei_code+umakigo_code,manken_shirushi,da_tekisei_code,umakigo_code,16,6688,77.13,5.56,74.4,False
COURSE_27_06_ダ_中距離,da_tekisei_code+uma_start_shisu+umakigo_code,da_tekisei_code,uma_start_shisu,umakigo_code,26,9245,78.39,10.52,74.35,False
COURSE_27_06_ダ_中距離,manken_shirushi+umakigo_code+kyori_tekisei,manken_shirushi,umakigo_code,kyori_tekisei,24,8436,76.82,6.21,74.33,False
COURSE_27_06_ダ_中距離,pace_yoso+da_tekisei_code+umakigo_code,pace_yoso,da_tekisei_code,umakigo_code,9,11222,77.93,5.69,74.21,False
COURSE_27_06_ダ_中距離,omo_tekisei_code+da_tekisei_code+class_code,omo_tekisei_code,da_tekisei_code,class_code,21,9861,79.21,11.7,74.2,False
COURSE_27_06_ダ_中距離,uma_deokure_ritsu+da_tekisei_code+kyusha_hyoka_code,uma_deokure_ritsu,da_tekisei_code,kyusha_hyoka_code,24,7583,77.37,8.24,74.07,False
COURSE_27_06_ダ_中距離,manken_shirushi+pace_yoso+da_tekisei_code,manken_shirushi,pace_yoso,da_tekisei_code,28,6590,77.98,10.63,74.05,False
COURSE_27_06_ダ_中距離,manken_shirushi+da_tekisei_code+kyakushitsu,manken_shirushi,da_tekisei_code,kyakushitsu,37,5418,77.17,9.72,74.03,False
COURSE_27_06_ダ_中距離,da_tekisei_code+umakigo_code+kyori_tekisei,da_tekisei_code,umakigo_code,kyori_tekisei,11,10539,77.56,6.04,73.99,False
COURSE_27_06_ダ_中距離,hizume_code+da_tekisei_code+umakigo_code,hizume_code,da_tekisei_code,umakigo_code,21,9566,76.98,7.06,73.95,False
COURSE_27_06_ダ_中距離,ichi_shisu_juni+ten_shisu_juni+kyusha_hyoka_code,ichi_shisu_juni,ten_shisu_juni,kyusha_hyoka_code,19,3583,79.56,12.6,73.9,False
COURSE_27_06_ダ_中距離,pace_yoso+uma_start_shisu+umakigo_code,pace_yoso,uma_start_shisu,umakigo_code,28,11352,78.01,11.16,73.88,False
COURSE_27_06_ダ_中距離,da_tekisei_code+kyori_tekisei+kyusha_hyoka_code,da_tekisei_code,kyori_tekisei,kyusha_hyoka_code,10,10405,78.24,7.09,73.85,False
COURSE_27_06_ダ_中距離,manken_shirushi+pace_yoso+omo_tekisei_code,manken_shirushi,pace_yoso,omo_tekisei_code,36,7439,77.19,10.34,73.82,False
COURSE_27_06_ダ_中距離,da_tekisei_code+kyakushitsu+uma_start_shisu,da_tekisei_code,kyakushitsu,uma_start_shisu,32,6991,78.24,12.8,73.8,False
COURSE_27_06_ダ_中距離,pace_yoso+omo_tekisei_code+kyusha_hyoka_code,pace_yoso,omo_tekisei_code,kyusha_hyoka_code,10,12742,77.12,5.36,73.8,False
COURSE_27_06_ダ_中距離,pace_yoso+da_tekisei_code+class_code,pace_yoso,da_tekisei_code,class_code,19,10454,80.08,14.06,73.76,False
COURSE_27_06_ダ_中距離,omo_tekisei_code+kyakushitsu+umakigo_code,omo_tekisei_code,kyakushitsu,umakigo_code,12,12532,76.1,4.19,73.73,False
COURSE_27_06_ダ_中距離,hizume_code+da_tekisei_code+kyusha_hyoka_code,hizume_code,da_tekisei_code,kyusha_hyoka_code,22,9614,76.62,6.96,73.71,False
COURSE_27_06_ダ_中距離,da_tekisei_code+umakigo_code+kyusha_hyoka_code,da_tekisei_code,umakigo_code,kyusha_hyoka_code,8,11008,79.17,7.89,73.71,False
COURSE_27_06_ダ_中距離,uma_deokure_ritsu+kyori_tekisei+kyusha_hyoka_code,uma_deokure_ritsu,kyori_tekisei,kyusha_hyoka_code,24,7786,77.4,9.33,73.67,False
COURSE_27_06_ダ_中距離,uma_deokure_ritsu+umakigo_code+kyusha_hyoka_code,uma_deokure_ritsu,umakigo_code,kyusha_hyoka_code,25,10415,76.94,8.33,73.67,False
COURSE_27_06_ダ_中距離,uma_deokure_ritsu+umakigo_code+kyori_tekisei,uma_deokure_ritsu,umakigo_code,kyori_tekisei,25,8073,77.42,9.6,73.66,False
COURSE_27_06_ダ_中距離,da_tekisei_code+uma_start_shisu+kyori_tekisei,da_tekisei_code,uma_start_shisu,kyori_tekisei,29,7502,76.76,8.63,73.62,False
COURSE_27_06_ダ_中距離,pace_yoso+ichi_shisu_juni+ten_shisu_juni,pace_yoso,ichi_shisu_juni,ten_shisu_juni,16,2594,77.8,8.55,73.61,False
COURSE_27_06_ダ_中距離,uma_deokure_ritsu+kyakushitsu+kyusha_hyoka_code,uma_deokure_ritsu,kyakushitsu,kyusha_hyoka_code,24,7900,76.34,7.03,73.53,False
COURSE_27_06_ダ_中距離,pace_yoso+kyakushitsu+kyusha_hyoka_code,pace_yoso,kyakushitsu,kyusha_hyoka_code,14,14060,76.05,4.95,73.46,False
COURSE_27_06_ダ_中距離,manken_shirushi+omo_tekisei_code+kyakushitsu,manken_shirushi,omo_tekisei_code,kyakushitsu,43,5265,76.91,11.59,73.44,False
COURSE_27_06_ダ_中距離,manken_shirushi+hizume_code+joken_class_code,manken_shirushi,hizume_code,joken_class_code,10,1183,77.58,6.69,73.44,False
COURSE_27_06_ダ_中距離,manken_shirushi+pace_yoso+umakigo_code,manken_shirushi,pace_yoso,umakigo_code,16,8553,76.72,6.8,73.38,False
COURSE_27_06_ダ_中距離,pace_yoso+da_tekisei_code+idm,pace_yoso,da_tekisei_code,idm,19,2470,80.03,14.81,73.37,False
COURSE_27_06_ダ_中距離,da_tekisei_code+kyori_tekisei+nyukyu_nannichimae,da_tekisei_code,kyori_tekisei,nyukyu_nannichimae,8,1045,79.92,9.45,73.37,False
COURSE_27_06_ダ_中距離,manken_shirushi+joken_class_code+umakigo_code,manken_shirushi,joken_class_code,umakigo_code,24,8049,76.03,6.75,73.33,False
COURSE_27_06_ダ_中距離,manken_shirushi+kyakushitsu+umakigo_code,manken_shirushi,kyakushitsu,umakigo_code,38,8827,76.38,9.72,73.29,False
COURSE_27_06_ダ_中距離,kyakushitsu+uma_start_shisu+umakigo_code,kyakushitsu,uma_start_shisu,umakigo_code,30,10275,77.48,11.74,73.28,False
COURSE_27_06_ダ_中距離,joken_class_code+da_tekisei_code+kyakushitsu,joken_class_code,da_tekisei_code,kyakushitsu,25,10662,77.36,10.59,73.21,False
COURSE_27_06_ダ_中距離,hizume_code+da_tekisei_code+kyakushitsu,hizume_code,da_tekisei_code,kyakushitsu,36,7764,76.35,9.61,73.21,False
COURSE_27_06_ダ_中距離,manken_shirushi+omo_tekisei_code+da_tekisei_code,manken_shirushi,omo_tekisei_code,da_tekisei_code,37,6596,76.86,11.32,73.21,False
COURSE_27_06_ダ_中距離,da_tekisei_code+idm+umakigo_code,da_tekisei_code,idm,umakigo_code,35,4815,77.88,14.14,73.19,False
COURSE_27_06_ダ_中距離,omo_tekisei_code+da_tekisei_code+uma_start_shisu,omo_tekisei_code,da_tekisei_code,uma_start_shisu,32,7307,76.59,9.86,73.18,False
COURSE_27_06_ダ_中距離,da_tekisei_code+uma_start_shisu+kyusha_hyoka_code,da_tekisei_code,uma_start_shisu,kyusha_hyoka_code,27,9235,76.79,9.8,73.09,False
COURSE_27_06_ダ_中距離,da_tekisei_code+kyakushitsu+ten_shisu_juni,da_tekisei_code,kyakushitsu,ten_shisu_juni,53,7830,76.16,11.44,73.08,False
COURSE_27_06_ダ_中距離,manken_shirushi+omo_tekisei_code+kyori_tekisei,manken_shirushi,omo_tekisei_code,kyori_tekisei,41,6514,76.41,10.95,73.06,False
COURSE_27_06_ダ_中距離,uma_deokure_ritsu+omo_tekisei_code+umakigo_code,uma_deokure_ritsu,omo_tekisei_code,umakigo_code,25,8490,77.22,10.69,73.04,False
COURSE_27_06_ダ_中距離,omo_tekisei_code+kishu_minarai_code+kyusha_hyoka_code,omo_tekisei_code,kishu_minarai_code,kyusha_hyoka_code,6,1187,80.17,8.95,73.01,False
COURSE_27_06_ダ_中距離,manken_shirushi+ls_shisu_juni+umakigo_code,manken_shirushi,ls_shisu_juni,umakigo_code,44,7703,76.59,12.11,73.01,False
COURSE_27_06_ダ_中距離,uma_start_shisu+umakigo_code+kyori_tekisei,uma_start_shisu,umakigo_code,kyori_tekisei,33,9969,76.53,10.36,72.99,False
COURSE_27_06_ダ_中距離,manken_shirushi+class_code+kyori_tekisei,manken_shirushi,class_code,kyori_tekisei,19,3514,77.61,10.33,72.96,False
COURSE_27_06_ダ_中距離,pace_yoso+joken_class_code+umakigo_code,pace_yoso,joken_class_code,umakigo_code,10,14421,74.05,1.78,72.95,False
COURSE_27_06_ダ_中距離,pace_yoso+da_tekisei_code+kyori_tekisei,pace_yoso,da_tekisei_code,kyori_tekisei,13,10698,77.03,7.58,72.91,False
COURSE_27_06_ダ_中距離,hizume_code+pace_yoso+umakigo_code,hizume_code,pace_yoso,umakigo_code,22,11457,76.63,9.05,72.84,False
COURSE_27_06_ダ_中距離,manken_shirushi+kyakushitsu+class_code,manken_shirushi,kyakushitsu,class_code,13,1442,80.75,14.55,72.84,False
COURSE_27_06_ダ_中距離,pace_yoso+omo_tekisei_code+kyakushitsu,pace_yoso,omo_tekisei_code,kyakushitsu,23,12875,75.42,6.37,72.82,False
COURSE_27_06_ダ_中距離,manken_shirushi+pace_yoso+joken_class_code,manken_shirushi,pace_yoso,joken_class_code,32,7632,75.66,8.24,72.81,False
COURSE_27_06_ダ_中距離,uma_deokure_ritsu+manken_shirushi+umakigo_code,uma_deokure_ritsu,manken_shirushi,umakigo_code,8,2695,76.28,5.05,72.78,False
COURSE_27_06_ダ_中距離,uma_deokure_ritsu+pace_yoso+da_tekisei_code,uma_deokure_ritsu,pace_yoso,da_tekisei_code,26,7081,75.58,7.28,72.78,False
COURSE_27_06_ダ_中距離,uma_deokure_ritsu+da_tekisei_code+kyori_tekisei,uma_deokure_ritsu,da_tekisei_code,kyori_tekisei,18,5665,77.96,11.33,72.73,False
COURSE_27_06_ダ_中距離,pace_yoso+kishu_minarai_code+umakigo_code,pace_yoso,kishu_minarai_code,umakigo_code,6,1501,80.48,9.73,72.69,False
COURSE_27_06_ダ_中距離,omo_tekisei_code+uma_start_shisu+umakigo_code,omo_tekisei_code,uma_start_shisu,umakigo_code,33,10603,76.08,9.94,72.69,False
COURSE_27_06_ダ_中距離,manken_shirushi+kyori_tekisei+kyusha_hyoka_code,manken_shirushi,kyori_tekisei,kyusha_hyoka_code,24,8184,75.2,6.56,72.58,False
COURSE_27_06_ダ_中距離,manken_shirushi+umakigo_code+kyusha_hyoka_code,manken_shirushi,umakigo_code,kyusha_hyoka_code,8,8302,75.16,3.78,72.54,False
COURSE_27_06_ダ_中距離,pace_yoso+da_tekisei_code+uma_start_shisu,pace_yoso,da_tekisei_code,uma_start_shisu,30,8531,76.32,10.6,72.53,False
COURSE_27_06_ダ_中距離,da_tekisei_code+kishu_minarai_code+kyusha_hyoka_code,da_tekisei_code,kishu_minarai_code,kyusha_hyoka_code,6,1217,85.22,15.88,72.52,False
COURSE_27_06_ダ_中距離,joken_class_code+uma_start_shisu+umakigo_code,joken_class_code,uma_start_shisu,umakigo_code,31,9673,76.8,12.18,72.51,False
COURSE_27_06_ダ_中距離,da_tekisei_code+ten_shisu_juni+ls_shisu_juni,da_tekisei_code,ten_shisu_juni,ls_shisu_juni,12,1271,77.04,8.06,72.48,False
COURSE_27_06_ダ_中距離,manken_shirushi+omo_tekisei_code+joken_class_code,manken_shirushi,omo_tekisei_code,joken_class_code,30,5386,76.08,10.08,72.47,False
COURSE_27_06_ダ_中距離,da_tekisei_code+manken_shisu+umakigo_code,da_tekisei_code,manken_shisu,umakigo_code,44,7024,75.85,11.43,72.47,False
COURSE_27_06_ダ_中距離,hizume_code+da_tekisei_code+ichi_shisu_juni,hizume_code,da_tekisei_code,ichi_shisu_juni,13,1634,77.61,9.58,72.4,False
COURSE_27_06_ダ_中距離,da_tekisei_code+kyakushitsu+class_code,da_tekisei_code,kyakushitsu,class_code,23,9293,77.32,12.05,72.4,False
COURSE_27_06_ダ_中距離,omo_tekisei_code+kyakushitsu+kyusha_hyoka_code,omo_tekisei_code,kyakushitsu,kyusha_hyoka_code,13,12534,75.05,5.1,72.27,False
COURSE_27_06_ダ_中距離,manken_shirushi+pace_yoso+kyori_tekisei,manken_shirushi,pace_yoso,kyori_tekisei,35,7968,75.31,9.16,72.27,False
COURSE_27_06_ダ_中距離,pace_yoso+kyakushitsu+umakigo_code,pace_yoso,kyakushitsu,umakigo_code,14,14304,76.51,8.18,72.23,False
COURSE_27_06_ダ_中距離,hizume_code+umakigo_code+kyusha_hyoka_code,hizume_code,umakigo_code,kyusha_hyoka_code,17,11701,75.67,7.24,72.23,False
COURSE_27_06_ダ_中距離,hizume_code+kyakushitsu+umakigo_code,hizume_code,kyakushitsu,umakigo_code,31,11082,75.05,8.13,72.19,False
COURSE_27_06_ダ_中距離,manken_shirushi+omo_tekisei_code+kyusha_hyoka_code,manken_shirushi,omo_tekisei_code,kyusha_hyoka_code,24,7823,75.26,7.7,72.18,False
COURSE_27_06_ダ_中距離,hizume_code+pace_yoso+kyusha_hyoka_code,hizume_code,pace_yoso,kyusha_hyoka_code,21,11309,75.74,8.33,72.18,False
COURSE_27_06_ダ_中距離,manken_shirushi+class_code+umakigo_code,manken_shirushi,class_code,umakigo_code,30,5988,75.84,10.2,72.18,False
COURSE_27_06_ダ_中距離,manken_shirushi+joken_class_code+kyori_tekisei,manken_shirushi,joken_class_code,kyori_tekisei,20,5774,76.28,9.38,72.17,False
COURSE_27_06_ダ_中距離,manken_shirushi+da_tekisei_code+class_code,manken_shirushi,da_tekisei_code,class_code,25,4998,75.46,8.46,72.15,False
COURSE_27_06_ダ_中距離,manken_shirushi+da_tekisei_code+kyusha_hyoka_code,manken_shirushi,da_tekisei_code,kyusha_hyoka_code,16,6515,75.2,6.22,72.15,False
COURSE_27_06_ダ_中距離,da_tekisei_code+idm+kyusha_hyoka_code,da_tekisei_code,idm,kyusha_hyoka_code,34,4625,76.94,14.3,72.14,False
COURSE_27_06_ダ_中距離,uma_deokure_ritsu+pace_yoso+joken_class_code,uma_deokure_ritsu,pace_yoso,joken_class_code,24,7534,75.62,8.98,72.02,False
COURSE_27_06_ダ_中距離,hizume_code+omo_tekisei_code+da_tekisei_code,hizume_code,omo_tekisei_code,da_tekisei_code,35,9163,75.44,10.35,72.01,False
COURSE_27_06_ダ_中距離,omo_tekisei_code+da_tekisei_code+ichi_shisu_juni,omo_tekisei_code,da_tekisei_code,ichi_shisu_juni,56,8807,75.09,11.76,72.01,False
COURSE_27_06_ダ_中距離,uma_deokure_ritsu+umakigo_code+nyukyu_nannichimae,uma_deokure_ritsu,umakigo_code,nyukyu_nannichimae,7,952,78.19,8.43,71.95,False
COURSE_27_06_ダ_中距離,kyakushitsu+class_code+ten_shisu_juni,kyakushitsu,class_code,ten_shisu_juni,22,2632,78.74,16.26,71.94,False
COURSE_27_06_ダ_中距離,pace_yoso+kyakushitsu+ichi_shisu_juni,pace_yoso,kyakushitsu,ichi_shisu_juni,51,11901,74.82,10.55,71.93,False
COURSE_27_06_ダ_中距離,hizume_code+joken_class_code+da_tekisei_code,hizume_code,joken_class_code,da_tekisei_code,30,8135,75.55,10.23,71.9,False
COURSE_27_06_ダ_中距離,manken_shirushi+joken_class_code+kyakushitsu,manken_shirushi,joken_class_code,kyakushitsu,38,5214,75.57,11.59,71.89,False
COURSE_27_06_ダ_中距離,omo_tekisei_code+uma_start_shisu+kyori_tekisei,omo_tekisei_code,uma_start_shisu,kyori_tekisei,32,7341,76.43,13.17,71.87,False
COURSE_27_06_ダ_中距離,kyakushitsu+uma_start_shisu+kyusha_hyoka_code,kyakushitsu,uma_start_shisu,kyusha_hyoka_code,30,10151,75.72,10.77,71.87,False
COURSE_27_06_ダ_中距離,manken_shirushi+uma_start_shisu+umakigo_code,manken_shirushi,uma_start_shisu,umakigo_code,13,2807,77.85,11.02,71.86,False
COURSE_27_06_ダ_中距離,pace_yoso+da_tekisei_code+manken_shisu,pace_yoso,da_tekisei_code,manken_shisu,28,4131,75.88,10.9,71.84,False
COURSE_27_06_ダ_中距離,kyakushitsu+ichi_shisu_juni+umakigo_code,kyakushitsu,ichi_shisu_juni,umakigo_code,38,13153,74.47,8.37,71.81,False
COURSE_27_06_ダ_中距離,hizume_code+pace_yoso+joken_class_code,hizume_code,pace_yoso,joken_class_code,38,10312,74.98,10.01,71.8,False
COURSE_27_06_ダ_中距離,manken_shirushi+pace_yoso+kyusha_hyoka_code,manken_shirushi,pace_yoso,kyusha_hyoka_code,16,8330,74.95,6.5,71.76,False
COURSE_27_06_ダ_中距離,pace_yoso+omo_tekisei_code+joken_class_code,pace_yoso,omo_tekisei_code,joken_class_code,20,12887,74.26,5.79,71.72,False
COURSE_27_06_ダ_中距離,omo_tekisei_code+da_tekisei_code+ls_shisu_juni,omo_tekisei_code,da_tekisei_code,ls_shisu_juni,37,10358,74.74,9.38,71.71,False
COURSE_27_06_ダ_中距離,manken_shirushi+joken_class_code+class_code,manken_shirushi,joken_class_code,class_code,30,6239,75.3,10.04,71.71,False
COURSE_27_06_ダ_中距離,manken_shirushi+pace_yoso+class_code,manken_shirushi,pace_yoso,class_code,32,5011,75.74,11.62,71.71,False
COURSE_27_06_ダ_中距離,uma_deokure_ritsu+joken_class_code+umakigo_code,uma_deokure_ritsu,joken_class_code,umakigo_code,18,7777,75.95,9.2,71.71,False
COURSE_27_06_ダ_中距離,pace_yoso+joken_class_code+kyusha_hyoka_code,pace_yoso,joken_class_code,kyusha_hyoka_code,13,14403,74.73,5.6,71.69,False
COURSE_27_06_ダ_中距離,kyakushitsu+ten_shisu_juni+kyori_tekisei,kyakushitsu,ten_shisu_juni,kyori_tekisei,60,8151,74.97,13.02,71.68,False
COURSE_27_06_ダ_中距離,uma_deokure_ritsu+omo_tekisei_code+kyusha_hyoka_code,uma_deokure_ritsu,omo_tekisei_code,kyusha_hyoka_code,26,8404,75.73,10.57,71.67,False
COURSE_27_06_ダ_中距離,manken_shirushi+hizume_code+kyori_tekisei,manken_shirushi,hizume_code,kyori_tekisei,9,1103,78.67,10.74,71.65,False
COURSE_27_06_ダ_中距離,joken_class_code+da_tekisei_code+ten_shisu_juni,joken_class_code,da_tekisei_code,ten_shisu_juni,41,7682,75.59,12.87,71.65,False
COURSE_27_06_ダ_中距離,omo_tekisei_code+da_tekisei_code+ten_shisu_juni,omo_tekisei_code,da_tekisei_code,ten_shisu_juni,58,8957,75.25,13.98,71.65,False
COURSE_27_06_ダ_中距離,uma_deokure_ritsu+omo_tekisei_code+joken_class_code,uma_deokure_ritsu,omo_tekisei_code,joken_class_code,19,6533,76.49,10.85,71.61,False
COURSE_27_06_ダ_中距離,hizume_code+omo_tekisei_code+joken_class_code,hizume_code,omo_tekisei_code,joken_class_code,39,9610,74.69,9.84,71.6,False
COURSE_27_06_ダ_中距離,manken_shirushi+kyakushitsu+kyusha_hyoka_code,manken_shirushi,kyakushitsu,kyusha_hyoka_code,38,8578,74.69,9.73,71.6,False
COURSE_27_06_ダ_中距離,pace_yoso+uma_start_shisu+kyusha_hyoka_code,pace_yoso,uma_start_shisu,kyusha_hyoka_code,28,11202,75.26,9.93,71.58,False
COURSE_27_06_ダ_中距離,pace_yoso+joken_class_code+kyakushitsu,pace_yoso,joken_class_code,kyakushitsu,30,14518,74.52,8.24,71.57,False
COURSE_27_06_ダ_中距離,joken_class_code+da_tekisei_code+uma_start_shisu,joken_class_code,da_tekisei_code,uma_start_shisu,28,7049,76.02,12.01,71.57,False
COURSE_27_06_ダ_中距離,uma_deokure_ritsu+manken_shirushi+pace_yoso,uma_deokure_ritsu,manken_shirushi,pace_yoso,14,2449,76.6,9.6,71.57,False
COURSE_27_06_ダ_中距離,pace_yoso+omo_tekisei_code+umakigo_code,pace_yoso,omo_tekisei_code,umakigo_code,12,13109,76.1,8.02,71.56,False
COURSE_27_06_ダ_中距離,uma_deokure_ritsu+omo_tekisei_code+da_tekisei_code,uma_deokure_ritsu,omo_tekisei_code,da_tekisei_code,18,5366,75.67,8.94,71.54,False
COURSE_27_06_ダ_中距離,omo_tekisei_code+joken_class_code+ichi_shisu_juni,omo_tekisei_code,joken_class_code,ichi_shisu_juni,42,7129,75.32,12.54,71.53,False
COURSE_27_06_ダ_中距離,manken_shirushi+pace_yoso+kyakushitsu,manken_shirushi,pace_yoso,kyakushitsu,35,6414,74.74,9.72,71.52,False
COURSE_27_06_ダ_中距離,da_tekisei_code+ichi_shisu_juni+ls_shisu_juni,da_tekisei_code,ichi_shisu_juni,ls_shisu_juni,14,1514,80.99,18.08,71.52,False
COURSE_27_06_ダ_中距離,hizume_code+omo_tekisei_code+umakigo_code,hizume_code,omo_tekisei_code,umakigo_code,23,11244,74.44,7.16,71.51,False
COURSE_27_06_ダ_中距離,uma_deokure_ritsu+manken_shirushi+kyori_tekisei,uma_deokure_ritsu,manken_shirushi,kyori_tekisei,13,1983,76.48,9.14,71.51,False
COURSE_27_06_ダ_中距離,uma_deokure_ritsu+pace_yoso+kyori_tekisei,uma_deokure_ritsu,pace_yoso,kyori_tekisei,24,7017,75.88,10.95,71.5,False
COURSE_27_06_ダ_中距離,da_tekisei_code+ichi_shisu_juni+kyori_tekisei,da_tekisei_code,ichi_shisu_juni,kyori_tekisei,41,8576,73.97,8.06,71.5,False
COURSE_27_06_ダ_中距離,joken_class_code+kyakushitsu+ichi_shisu_juni,joken_class_code,kyakushitsu,ichi_shisu_juni,44,8575,74.46,10.02,71.5,False
COURSE_27_06_ダ_中距離,uma_deokure_ritsu+pace_yoso+kyakushitsu,uma_deokure_ritsu,pace_yoso,kyakushitsu,26,6955,74.96,9.09,71.46,False
COURSE_27_06_ダ_中距離,uma_deokure_ritsu+joken_class_code+kyusha_hyoka_code,uma_deokure_ritsu,joken_class_code,kyusha_hyoka_code,20,7807,75.57,9.38,71.46,False
COURSE_27_06_ダ_中距離,manken_shirushi+kyakushitsu+kyori_tekisei,manken_shirushi,kyakushitsu,kyori_tekisei,39,5272,74.96,11.18,71.45,False
COURSE_27_06_ダ_中距離,da_tekisei_code+kishu_minarai_code+umakigo_code,da_tekisei_code,kishu_minarai_code,umakigo_code,6,1197,86.31,18.57,71.45,False
COURSE_27_06_ダ_中距離,da_tekisei_code+kyakushitsu+ls_shisu_juni,da_tekisei_code,kyakushitsu,ls_shisu_juni,40,9485,74.97,11.42,71.43,False
COURSE_27_06_ダ_中距離,manken_shisu+class_code+kyusha_hyoka_code,manken_shisu,class_code,kyusha_hyoka_code,17,2182,76.97,11.77,71.37,False
COURSE_27_06_ダ_中距離,uma_deokure_ritsu+manken_shirushi+joken_class_code,uma_deokure_ritsu,manken_shirushi,joken_class_code,8,1784,75.38,5.79,71.37,False
COURSE_27_06_ダ_中距離,hizume_code+pace_yoso+da_tekisei_code,hizume_code,pace_yoso,da_tekisei_code,28,9179,74.84,9.41,71.35,False
COURSE_27_06_ダ_中距離,kyakushitsu+ichi_shisu_juni+kyusha_hyoka_code,kyakushitsu,ichi_shisu_juni,kyusha_hyoka_code,40,13141,73.8,8.03,71.31,False
COURSE_27_06_ダ_中距離,kyakushitsu+umakigo_code+kyusha_hyoka_code,kyakushitsu,umakigo_code,kyusha_hyoka_code,13,14266,75.66,8.03,71.3,False
COURSE_27_06_ダ_中距離,da_tekisei_code+manken_shisu+kyori_tekisei,da_tekisei_code,manken_shisu,kyori_tekisei,33,4134,75.37,11.97,71.29,False
COURSE_27_06_ダ_中距離,pace_yoso+kishu_minarai_code+joho_shisu,pace_yoso,kishu_minarai_code,joho_shisu,3,419,76.53,4.64,71.27,False
COURSE_27_06_ダ_中距離,omo_tekisei_code+kyakushitsu+kyori_tekisei,omo_tekisei_code,kyakushitsu,kyori_tekisei,30,12124,74.39,8.91,71.2,False
COURSE_27_06_ダ_中距離,joken_class_code+kyakushitsu+umakigo_code,joken_class_code,kyakushitsu,umakigo_code,22,14389,74.35,7.57,71.19,False
COURSE_27_06_ダ_中距離,pace_yoso+class_code+umakigo_code,pace_yoso,class_code,umakigo_code,19,12302,75.82,10.3,71.19,False
COURSE_27_06_ダ_中距離,da_tekisei_code+manken_shisu+kyusha_hyoka_code,da_tekisei_code,manken_shisu,kyusha_hyoka_code,44,6906,74.51,11.24,71.19,False
COURSE_27_06_ダ_中距離,omo_tekisei_code+da_tekisei_code+umakigo_code,omo_tekisei_code,da_tekisei_code,umakigo_code,9,10795,76.31,7.88,71.16,False
COURSE_27_06_ダ_中距離,uma_deokure_ritsu+pace_yoso+omo_tekisei_code,uma_deokure_ritsu,pace_yoso,omo_tekisei_code,32,7988,74.78,10.62,71.1,False
COURSE_27_06_ダ_中距離,pace_yoso+kyakushitsu+ten_shisu_juni,pace_yoso,kyakushitsu,ten_shisu_juni,55,10509,74.16,11.64,71.09,False
COURSE_27_06_ダ_中距離,da_tekisei_code+class_code+kyori_tekisei,da_tekisei_code,class_code,kyori_tekisei,19,9313,76.59,12.26,71.08,False
COURSE_27_06_ダ_中距離,pace_yoso+umakigo_code+kyori_tekisei,pace_yoso,umakigo_code,kyori_tekisei,10,13723,75.44,7.08,71.05,False
COURSE_27_06_ダ_中距離,hizume_code+da_tekisei_code+ten_shisu_juni,hizume_code,da_tekisei_code,ten_shisu_juni,14,1688,76.83,11.03,71.05,False
COURSE_27_06_ダ_中距離,manken_shirushi+hizume_code+umakigo_code,manken_shirushi,hizume_code,umakigo_code,20,3964,75.33,9.82,71.03,False
COURSE_27_06_ダ_中距離,uma_deokure_ritsu+joken_class_code+da_tekisei_code,uma_deokure_ritsu,joken_class_code,da_tekisei_code,16,5518,77.28,12.77,71.03,False
COURSE_27_06_ダ_中距離,hizume_code+kyakushitsu+kyori_tekisei,hizume_code,kyakushitsu,kyori_tekisei,41,7954,75.06,13.19,71.02,False
COURSE_27_06_ダ_中距離,omo_tekisei_code+kishu_minarai_code+umakigo_code,omo_tekisei_code,kishu_minarai_code,umakigo_code,6,1171,80.02,11.24,71.02,False
COURSE_27_06_ダ_中距離,pace_yoso+da_tekisei_code+ls_shisu_juni,pace_yoso,da_tekisei_code,ls_shisu_juni,29,10539,74.97,10.89,71.01,False
COURSE_27_06_ダ_中距離,pace_yoso+kyakushitsu+uma_start_shisu,pace_yoso,kyakushitsu,uma_start_shisu,35,9209,74.11,9.38,71.0,False
COURSE_27_06_ダ_中距離,omo_tekisei_code+ten_shisu_juni+umakigo_code,omo_tekisei_code,ten_shisu_juni,umakigo_code,46,12368,73.77,9.69,70.97,False
COURSE_27_06_ダ_中距離,pace_yoso+class_code+ten_shisu_juni,pace_yoso,class_code,ten_shisu_juni,40,6025,74.66,11.92,70.97,False
COURSE_27_06_ダ_中距離,pace_yoso+omo_tekisei_code+ten_shisu_juni,pace_yoso,omo_tekisei_code,ten_shisu_juni,60,11021,73.79,11.29,70.94,False
COURSE_27_06_ダ_中距離,uma_deokure_ritsu+joken_class_code+class_code,uma_deokure_ritsu,joken_class_code,class_code,20,6956,76.28,12.18,70.94,False
COURSE_27_06_ダ_中距離,hizume_code+omo_tekisei_code+kyusha_hyoka_code,hizume_code,omo_tekisei_code,kyusha_hyoka_code,24,11275,74.16,8.09,70.93,False
COURSE_27_06_ダ_中距離,uma_start_shisu+kyori_tekisei+kyusha_hyoka_code,uma_start_shisu,kyori_tekisei,kyusha_hyoka_code,33,9805,74.45,10.35,70.92,False
COURSE_27_06_ダ_中距離,joken_class_code+kyakushitsu+ten_shisu_juni,joken_class_code,kyakushitsu,ten_shisu_juni,53,7664,74.36,12.79,70.91,False
COURSE_27_06_ダ_中距離,uma_deokure_ritsu+joken_class_code+kyakushitsu,uma_deokure_ritsu,joken_class_code,kyakushitsu,15,5738,75.59,9.26,70.91,False
COURSE_27_06_ダ_中距離,hizume_code+kyakushitsu+kyusha_hyoka_code,hizume_code,kyakushitsu,kyusha_hyoka_code,30,10896,74.11,9.07,70.87,False
COURSE_27_06_ダ_中距離,joken_class_code+da_tekisei_code+ls_shisu_juni,joken_class_code,da_tekisei_code,ls_shisu_juni,32,9558,75.18,12.43,70.87,False
COURSE_27_06_ダ_中距離,hizume_code+omo_tekisei_code+kyakushitsu,hizume_code,omo_tekisei_code,kyakushitsu,51,9876,74.2,12.21,70.85,False
COURSE_27_06_ダ_中距離,pace_yoso+joken_class_code+uma_start_shisu,pace_yoso,joken_class_code,uma_start_shisu,35,8968,75.45,13.99,70.82,False
COURSE_27_06_ダ_中距離,joken_class_code+da_tekisei_code+ichi_shisu_juni,joken_class_code,da_tekisei_code,ichi_shisu_juni,44,8082,74.74,13.28,70.82,False
COURSE_27_06_ダ_中距離,pace_yoso+joken_class_code+da_tekisei_code,pace_yoso,joken_class_code,da_tekisei_code,15,11147,76.56,11.38,70.8,False
COURSE_27_06_ダ_中距離,hizume_code+ls_shisu_juni+umakigo_code,hizume_code,ls_shisu_juni,umakigo_code,37,9319,74.01,10.04,70.78,False
COURSE_27_06_ダ_中距離,pace_yoso+omo_tekisei_code+uma_start_shisu,pace_yoso,omo_tekisei_code,uma_start_shisu,38,9646,74.02,10.24,70.76,False
COURSE_27_06_ダ_中距離,joken_class_code+ls_shisu_juni+kyori_tekisei,joken_class_code,ls_shisu_juni,kyori_tekisei,34,10987,74.86,12.25,70.75,False
COURSE_27_06_ダ_中距離,omo_tekisei_code+kyakushitsu+ichi_shisu_juni,omo_tekisei_code,kyakushitsu,ichi_shisu_juni,59,8916,73.52,10.84,70.75,False
COURSE_27_06_ダ_中距離,hizume_code+pace_yoso+omo_tekisei_code,hizume_code,pace_yoso,omo_tekisei_code,35,10987,73.5,8.37,70.73,False
COURSE_27_06_ダ_中距離,joken_class_code+kyakushitsu+ls_shisu_juni,joken_class_code,kyakushitsu,ls_shisu_juni,51,10880,73.6,10.48,70.72,False
COURSE_27_06_ダ_中距離,pace_yoso+joken_class_code+class_code,pace_yoso,joken_class_code,class_code,18,12675,75.55,10.47,70.71,False
COURSE_27_06_ダ_中距離,pace_yoso+kyakushitsu+ls_shisu_juni,pace_yoso,kyakushitsu,ls_shisu_juni,49,13164,73.79,11.07,70.69,False
COURSE_27_06_ダ_中距離,omo_tekisei_code+ichi_shisu_juni+umakigo_code,omo_tekisei_code,ichi_shisu_juni,umakigo_code,45,12289,73.52,9.73,70.68,False
COURSE_27_06_ダ_中距離,omo_tekisei_code+uma_start_shisu+kyusha_hyoka_code,omo_tekisei_code,uma_start_shisu,kyusha_hyoka_code,32,10365,74.43,10.81,70.68,False
COURSE_27_06_ダ_中距離,pace_yoso+da_tekisei_code+kishu_minarai_code,pace_yoso,da_tekisei_code,kishu_minarai_code,5,845,81.59,12.45,70.67,False
COURSE_27_06_ダ_中距離,kyakushitsu+uma_start_shisu+kyori_tekisei,kyakushitsu,uma_start_shisu,kyori_tekisei,29,6615,75.81,14.18,70.65,False
COURSE_27_06_ダ_中距離,manken_shisu+class_code+umakigo_code,manken_shisu,class_code,umakigo_code,18,2312,76.51,12.71,70.64,False
COURSE_27_06_ダ_中距離,hizume_code+ls_shisu_juni+kyusha_hyoka_code,hizume_code,ls_shisu_juni,kyusha_hyoka_code,37,9295,73.57,9.09,70.64,False
COURSE_27_06_ダ_中距離,uma_deokure_ritsu+kyakushitsu+ichi_shisu_juni,uma_deokure_ritsu,kyakushitsu,ichi_shisu_juni,15,3030,72.94,4.59,70.62,False
COURSE_27_06_ダ_中距離,kyakushitsu+class_code+umakigo_code,kyakushitsu,class_code,umakigo_code,28,11506,74.48,10.4,70.62,False
COURSE_27_06_ダ_中距離,uma_deokure_ritsu+class_code+kyusha_hyoka_code,uma_deokure_ritsu,class_code,kyusha_hyoka_code,20,6603,76.0,12.33,70.6,False
COURSE_27_06_ダ_中距離,pace_yoso+da_tekisei_code+ichi_shisu_juni,pace_yoso,da_tekisei_code,ichi_shisu_juni,44,9456,73.86,11.04,70.6,False
COURSE_27_06_ダ_中距離,manken_shirushi+joken_class_code+kyusha_hyoka_code,manken_shirushi,joken_class_code,kyusha_hyoka_code,24,7820,73.44,7.16,70.58,False
COURSE_27_06_ダ_中距離,omo_tekisei_code+joken_class_code+da_tekisei_code,omo_tekisei_code,joken_class_code,da_tekisei_code,19,10818,75.18,10.25,70.57,False
COURSE_27_06_ダ_中距離,joken_class_code+class_code+kyusha_hyoka_code,joken_class_code,class_code,kyusha_hyoka_code,12,12128,76.58,10.7,70.52,False
COURSE_27_06_ダ_中距離,pace_yoso+kyori_tekisei+kyusha_hyoka_code,pace_yoso,kyori_tekisei,kyusha_hyoka_code,11,13649,75.04,7.64,70.52,False
COURSE_27_06_ダ_中距離,omo_tekisei_code+ichi_shisu_juni+kyusha_hyoka_code,omo_tekisei_code,ichi_shisu_juni,kyusha_hyoka_code,46,12273,73.26,9.52,70.51,False
COURSE_27_06_ダ_中距離,pace_yoso+omo_tekisei_code+ls_shisu_juni,pace_yoso,omo_tekisei_code,ls_shisu_juni,33,11945,73.52,8.93,70.47,False
COURSE_27_06_ダ_中距離,pace_yoso+manken_shisu+umakigo_code,pace_yoso,manken_shisu,umakigo_code,56,10124,73.18,10.34,70.47,False
COURSE_27_06_ダ_中距離,omo_tekisei_code+joken_class_code+kyusha_hyoka_code,omo_tekisei_code,joken_class_code,kyusha_hyoka_code,14,12447,74.62,7.95,70.46,False
COURSE_27_06_ダ_中距離,omo_tekisei_code+joken_class_code+uma_start_shisu,omo_tekisei_code,joken_class_code,uma_start_shisu,26,6767,76.02,14.48,70.45,False
COURSE_27_06_ダ_中距離,pace_yoso+kyori_tekisei+nyukyu_nannichimae,pace_yoso,kyori_tekisei,nyukyu_nannichimae,9,1275,75.14,7.2,70.44,False
COURSE_27_06_ダ_中距離,omo_tekisei_code+manken_shisu+umakigo_code,omo_tekisei_code,manken_shisu,umakigo_code,52,6785,73.6,11.75,70.41,False
COURSE_27_06_ダ_中距離,joken_class_code+manken_shisu+umakigo_code,joken_class_code,manken_shisu,umakigo_code,43,7423,73.82,11.52,70.38,False
COURSE_27_06_ダ_中距離,da_tekisei_code+ichi_shisu_juni+kyusha_hyoka_code,da_tekisei_code,ichi_shisu_juni,kyusha_hyoka_code,31,9986,73.49,8.88,70.37,False
COURSE_27_06_ダ_中距離,hizume_code+pace_yoso+kyakushitsu,hizume_code,pace_yoso,kyakushitsu,36,9802,73.95,10.98,70.36,False
COURSE_27_06_ダ_中距離,uma_deokure_ritsu+manken_shirushi+omo_tekisei_code,uma_deokure_ritsu,manken_shirushi,omo_tekisei_code,12,1858,76.02,10.01,70.36,False
COURSE_27_06_ダ_中距離,hizume_code+da_tekisei_code+kyori_tekisei,hizume_code,da_tekisei_code,kyori_tekisei,26,8261,74.16,9.95,70.34,False
COURSE_27_06_ダ_中距離,hizume_code+umakigo_code+kyori_tekisei,hizume_code,umakigo_code,kyori_tekisei,26,10436,73.63,8.59,70.33,False
COURSE_27_06_ダ_中距離,pace_yoso+ls_shisu_juni+kyusha_hyoka_code,pace_yoso,ls_shisu_juni,kyusha_hyoka_code,19,13728,74.15,8.55,70.3,False
COURSE_27_06_ダ_中距離,pace_yoso+ichi_shisu_juni+class_code,pace_yoso,ichi_shisu_juni,class_code,42,6223,74.25,13.11,70.29,False
COURSE_27_06_ダ_中距離,omo_tekisei_code+da_tekisei_code+kyori_tekisei,omo_tekisei_code,da_tekisei_code,kyori_tekisei,15,10322,74.33,7.98,70.29,False
COURSE_27_06_ダ_中距離,da_tekisei_code+ten_shisu_juni+umakigo_code,da_tekisei_code,ten_shisu_juni,umakigo_code,31,10077,74.02,10.6,70.29,False
COURSE_27_06_ダ_中距離,da_tekisei_code+ten_shisu_juni+kyori_tekisei,da_tekisei_code,ten_shisu_juni,kyori_tekisei,41,8606,73.9,11.79,70.29,False
COURSE_27_06_ダ_中距離,hizume_code+da_tekisei_code+ls_shisu_juni,hizume_code,da_tekisei_code,ls_shisu_juni,30,5127,75.49,14.58,70.27,False
COURSE_27_06_ダ_中距離,uma_deokure_ritsu+class_code+umakigo_code,uma_deokure_ritsu,class_code,umakigo_code,18,6515,76.09,12.61,70.26,False
COURSE_27_06_ダ_中距離,da_tekisei_code+ichi_shisu_juni+umakigo_code,da_tekisei_code,ichi_shisu_juni,umakigo_code,31,10072,73.86,10.25,70.25,False
COURSE_27_06_ダ_中距離,da_tekisei_code+kyakushitsu+ichi_shisu_juni,da_tekisei_code,kyakushitsu,ichi_shisu_juni,51,8487,73.27,11.15,70.21,False
COURSE_27_06_ダ_中距離,joken_class_code+kyakushitsu+kyusha_hyoka_code,joken_class_code,kyakushitsu,kyusha_hyoka_code,21,14035,72.72,5.85,70.21,False
COURSE_27_06_ダ_中距離,pace_yoso+umakigo_code+nyukyu_nannichimae,pace_yoso,umakigo_code,nyukyu_nannichimae,23,4203,73.02,6.89,70.21,False
COURSE_27_06_ダ_中距離,omo_tekisei_code+joken_class_code+kyori_tekisei,omo_tekisei_code,joken_class_code,kyori_tekisei,26,11746,74.07,10.06,70.2,False
COURSE_27_06_ダ_中距離,hizume_code+joken_class_code+umakigo_code,hizume_code,joken_class_code,umakigo_code,28,10494,74.15,10.73,70.18,False
COURSE_27_06_ダ_中距離,omo_tekisei_code+ls_shisu_juni+kyori_tekisei,omo_tekisei_code,ls_shisu_juni,kyori_tekisei,48,11437,73.25,10.84,70.18,False
COURSE_27_06_ダ_中距離,manken_shirushi+omo_tekisei_code+class_code,manken_shirushi,omo_tekisei_code,class_code,25,3408,75.13,12.67,70.16,False
COURSE_27_06_ダ_中距離,pace_yoso+kyakushitsu+class_code,pace_yoso,kyakushitsu,class_code,36,11075,73.6,10.58,70.14,False
COURSE_27_06_ダ_中距離,omo_tekisei_code+manken_shisu+kyusha_hyoka_code,omo_tekisei_code,manken_shisu,kyusha_hyoka_code,50,6496,73.13,10.84,70.13,False
COURSE_27_06_ダ_中距離,joken_class_code+kyakushitsu+class_code,joken_class_code,kyakushitsu,class_code,28,12059,73.87,10.1,70.13,False
COURSE_27_06_ダ_中距離,uma_deokure_ritsu+manken_shirushi+kyusha_hyoka_code,uma_deokure_ritsu,manken_shirushi,kyusha_hyoka_code,8,2581,73.87,5.45,70.1,False
COURSE_27_06_ダ_中距離,omo_tekisei_code+joken_class_code+ten_shisu_juni,omo_tekisei_code,joken_class_code,ten_shisu_juni,44,7182,73.82,12.62,70.09,False
COURSE_27_06_ダ_中距離,uma_deokure_ritsu+manken_shirushi+class_code,uma_deokure_ritsu,manken_shirushi,class_code,8,1096,73.74,5.29,70.07,False
COURSE_27_06_ダ_中距離,pace_yoso+da_tekisei_code+ten_shisu_juni,pace_yoso,da_tekisei_code,ten_shisu_juni,41,9167,73.69,11.87,70.06,False
COURSE_27_06_ダ_中距離,umakigo_code+kyori_tekisei+nyukyu_nannichimae,umakigo_code,kyori_tekisei,nyukyu_nannichimae,19,2754,74.21,9.24,70.06,False
COURSE_27_06_ダ_中距離,joken_class_code+da_tekisei_code+manken_shisu,joken_class_code,da_tekisei_code,manken_shisu,21,2632,75.22,12.15,70.02,False
COURSE_27_06_ダ_中距離,hizume_code+joken_class_code+kyakushitsu,hizume_code,joken_class_code,kyakushitsu,39,7468,72.79,8.94,69.98,False
COURSE_27_06_ダ_中距離,ichi_shisu+umakigo_code+kyusha_hyoka_code,ichi_shisu,umakigo_code,kyusha_hyoka_code,32,5620,73.92,11.36,69.98,False
COURSE_27_06_ダ_中距離,omo_tekisei_code+kyakushitsu+ten_shisu_juni,omo_tekisei_code,kyakushitsu,ten_shisu_juni,55,7310,73.32,12.64,69.98,False
COURSE_27_06_ダ_中距離,da_tekisei_code+ten_shisu_juni+kyusha_hyoka_code,da_tekisei_code,ten_shisu_juni,kyusha_hyoka_code,31,9994,73.53,10.12,69.97,False
COURSE_27_06_ダ_中距離,kishu_minarai_code+ls_shisu_juni+kyusha_hyoka_code,kishu_minarai_code,ls_shisu_juni,kyusha_hyoka_code,5,797,76.41,7.36,69.96,False
COURSE_27_06_ダ_中距離,pace_yoso+omo_tekisei_code+ichi_shisu_juni,pace_yoso,omo_tekisei_code,ichi_shisu_juni,57,10899,72.93,11.48,69.95,False
COURSE_27_06_ダ_中距離,joken_class_code+manken_shisu+class_code,joken_class_code,manken_shisu,class_code,21,2663,75.17,12.2,69.95,False
COURSE_27_06_ダ_中距離,hizume_code+joken_class_code+kyori_tekisei,hizume_code,joken_class_code,kyori_tekisei,31,8036,73.75,10.83,69.94,False
COURSE_27_06_ダ_中距離,kyakushitsu+ten_shisu_juni+umakigo_code,kyakushitsu,ten_shisu_juni,umakigo_code,52,13014,72.65,10.1,69.91,False
COURSE_27_06_ダ_中距離,uma_deokure_ritsu+da_tekisei_code+ichi_shisu_juni,uma_deokure_ritsu,da_tekisei_code,ichi_shisu_juni,14,2504,75.5,10.67,69.91,False
COURSE_27_06_ダ_中距離,kyakushitsu+ichi_shisu_juni+class_code,kyakushitsu,ichi_shisu_juni,class_code,29,3744,73.67,10.35,69.9,False
COURSE_27_06_ダ_中距離,omo_tekisei_code+kyori_tekisei+kyusha_hyoka_code,omo_tekisei_code,kyori_tekisei,kyusha_hyoka_code,13,11954,75.44,10.22,69.89,False
COURSE_27_06_ダ_中距離,joken_class_code+umakigo_code+nyukyu_nannichimae,joken_class_code,umakigo_code,nyukyu_nannichimae,19,2762,74.71,10.73,69.88,False
COURSE_27_06_ダ_中距離,da_tekisei_code+ls_shisu_juni+kyori_tekisei,da_tekisei_code,ls_shisu_juni,kyori_tekisei,23,9163,73.77,9.55,69.87,False
COURSE_27_06_ダ_中距離,da_tekisei_code+ichi_shisu_juni+uma_start_shisu,da_tekisei_code,ichi_shisu_juni,uma_start_shisu,14,2113,74.09,8.07,69.86,False
COURSE_27_06_ダ_中距離,pace_yoso+ichi_shisu_juni+umakigo_code,pace_yoso,ichi_shisu_juni,umakigo_code,31,13575,72.67,8.02,69.85,False
COURSE_27_06_ダ_中距離,omo_tekisei_code+joken_class_code+umakigo_code,omo_tekisei_code,joken_class_code,umakigo_code,15,12716,73.52,7.25,69.85,False
COURSE_27_06_ダ_中距離,da_tekisei_code+idm+kyori_tekisei,da_tekisei_code,idm,kyori_tekisei,17,1892,77.29,15.67,69.84,False
COURSE_27_06_ダ_中距離,idm+umakigo_code+kyusha_hyoka_code,idm,umakigo_code,kyusha_hyoka_code,39,7167,74.27,14.15,69.83,False
COURSE_27_06_ダ_中距離,pace_yoso+omo_tekisei_code+kyori_tekisei,pace_yoso,omo_tekisei_code,kyori_tekisei,19,12323,74.18,9.68,69.83,False
COURSE_27_06_ダ_中距離,omo_tekisei_code+joken_class_code+kyakushitsu,omo_tekisei_code,joken_class_code,kyakushitsu,33,12091,72.61,8.18,69.82,False
COURSE_27_06_ダ_中距離,joken_class_code+da_tekisei_code+kyusha_hyoka_code,joken_class_code,da_tekisei_code,kyusha_hyoka_code,12,10804,76.17,11.22,69.82,False
COURSE_27_06_ダ_中距離,pace_yoso+umakigo_code+kyusha_hyoka_code,pace_yoso,umakigo_code,kyusha_hyoka_code,10,14756,77.02,11.61,69.82,False
COURSE_27_06_ダ_中距離,joken_class_code+nyukyu_nannichimae+kyusha_hyoka_code,joken_class_code,nyukyu_nannichimae,kyusha_hyoka_code,19,2670,74.34,10.09,69.81,False
COURSE_27_06_ダ_中距離,joken_class_code+ichi_shisu_juni+uma_start_shisu,joken_class_code,ichi_shisu_juni,uma_start_shisu,12,1916,74.71,8.68,69.8,False
COURSE_27_06_ダ_中距離,da_tekisei_code+joho_shisu+umakigo_code,da_tekisei_code,joho_shisu,umakigo_code,22,5549,74.39,11.01,69.79,False
COURSE_27_06_ダ_中距離,uma_deokure_ritsu+nyukyu_nannichimae+kyusha_hyoka_code,uma_deokure_ritsu,nyukyu_nannichimae,kyusha_hyoka_code,5,727,72.09,2.63,69.78,False
COURSE_27_06_ダ_中距離,joken_class_code+class_code+umakigo_code,joken_class_code,class_code,umakigo_code,12,12380,75.68,10.46,69.76,False
COURSE_27_06_ダ_中距離,ichi_shisu_juni+umakigo_code+kyusha_hyoka_code,ichi_shisu_juni,umakigo_code,kyusha_hyoka_code,18,13332,72.84,6.7,69.75,False
COURSE_27_06_ダ_中距離,joken_class_code+uma_start_shisu+kyusha_hyoka_code,joken_class_code,uma_start_shisu,kyusha_hyoka_code,30,9432,74.3,12.73,69.74,False
COURSE_27_06_ダ_中距離,omo_tekisei_code+ls_shisu_juni+kyusha_hyoka_code,omo_tekisei_code,ls_shisu_juni,kyusha_hyoka_code,23,12308,73.16,8.36,69.74,False
COURSE_27_06_ダ_中距離,class_code+umakigo_code+kyusha_hyoka_code,class_code,umakigo_code,kyusha_hyoka_code,12,11704,76.24,11.5,69.73,False
COURSE_27_06_ダ_中距離,da_tekisei_code+ls_shisu_juni+kyusha_hyoka_code,da_tekisei_code,ls_shisu_juni,kyusha_hyoka_code,18,10347,74.11,9.49,69.72,False
COURSE_27_06_ダ_中距離,hizume_code+omo_tekisei_code+ten_shisu_juni,hizume_code,omo_tekisei_code,ten_shisu_juni,6,649,79.49,12.21,69.71,False
COURSE_27_06_ダ_中距離,da_tekisei_code+uma_start_shisu+ten_shisu_juni,da_tekisei_code,uma_start_shisu,ten_shisu_juni,16,2159,75.93,12.7,69.71,False
COURSE_27_06_ダ_中距離,hizume_code+joken_class_code+kyusha_hyoka_code,hizume_code,joken_class_code,kyusha_hyoka_code,29,10504,73.23,9.77,69.67,False
COURSE_27_06_ダ_中距離,omo_tekisei_code+ten_shisu_juni+kyori_tekisei,omo_tekisei_code,ten_shisu_juni,kyori_tekisei,58,8168,72.89,12.52,69.67,False
COURSE_27_06_ダ_中距離,da_tekisei_code+class_code+uma_start_shisu,da_tekisei_code,class_code,uma_start_shisu,26,6171,73.87,11.01,69.64,False
COURSE_27_06_ダ_中距離,pace_yoso+omo_tekisei_code+class_code,pace_yoso,omo_tekisei_code,class_code,29,11708,73.93,11.82,69.63,False
COURSE_27_06_ダ_中距離,hizume_code+class_code+umakigo_code,hizume_code,class_code,umakigo_code,32,8727,73.6,11.45,69.63,False
COURSE_27_06_ダ_中距離,joken_class_code+manken_shisu+kyusha_hyoka_code,joken_class_code,manken_shisu,kyusha_hyoka_code,42,7041,72.96,11.05,69.62,False
COURSE_27_06_ダ_中距離,da_tekisei_code+class_code+kyusha_hyoka_code,da_tekisei_code,class_code,kyusha_hyoka_code,13,9957,77.9,15.24,69.62,False
COURSE_27_06_ダ_中距離,joken_class_code+class_code+ls_shisu_juni,joken_class_code,class_code,ls_shisu_juni,33,10663,73.3,10.76,69.62,False
COURSE_27_06_ダ_中距離,hizume_code+kyori_tekisei+kyusha_hyoka_code,hizume_code,kyori_tekisei,kyusha_hyoka_code,26,10351,72.84,8.4,69.61,False
COURSE_27_06_ダ_中距離,hizume_code+joken_class_code+uma_start_shisu,hizume_code,joken_class_code,uma_start_shisu,15,2891,73.68,8.06,69.6,False
COURSE_27_06_ダ_中距離,class_code+umakigo_code+kyori_tekisei,class_code,umakigo_code,kyori_tekisei,19,10888,75.26,12.67,69.57,False
COURSE_27_06_ダ_中距離,joken_class_code+kishu_minarai_code+kyusha_hyoka_code,joken_class_code,kishu_minarai_code,kyusha_hyoka_code,6,1468,78.82,11.56,69.56,False
COURSE_27_06_ダ_中距離,kishu_shisu+umakigo_code+kyusha_hyoka_code,kishu_shisu,umakigo_code,kyusha_hyoka_code,26,12764,74.6,13.11,69.56,False
COURSE_27_06_ダ_中距離,class_code+uma_start_shisu+umakigo_code,class_code,uma_start_shisu,umakigo_code,30,7803,74.58,14.07,69.55,False
COURSE_27_06_ダ_中距離,hizume_code+joken_class_code+class_code,hizume_code,joken_class_code,class_code,31,9085,73.46,11.1,69.55,False
COURSE_27_06_ダ_中距離,kishu_shisu+da_tekisei_code+umakigo_code,kishu_shisu,da_tekisei_code,umakigo_code,35,8757,74.49,14.93,69.54,False
COURSE_27_06_ダ_中距離,hizume_code+da_tekisei_code+class_code,hizume_code,da_tekisei_code,class_code,28,7102,73.03,9.43,69.54,False
COURSE_27_06_ダ_中距離,manken_shisu+umakigo_code+kyori_tekisei,manken_shisu,umakigo_code,kyori_tekisei,47,7766,72.73,11.32,69.49,False
COURSE_27_06_ダ_中距離,kishu_shisu+da_tekisei_code+kyusha_hyoka_code,kishu_shisu,da_tekisei_code,kyusha_hyoka_code,34,8813,73.75,12.67,69.49,False
COURSE_27_06_ダ_中距離,manken_shisu+umakigo_code+kyusha_hyoka_code,manken_shisu,umakigo_code,kyusha_hyoka_code,44,11725,72.57,10.52,69.47,False
COURSE_27_06_ダ_中距離,joken_class_code+ichi_shisu_juni+ten_shisu_juni,joken_class_code,ichi_shisu_juni,ten_shisu_juni,10,1979,74.29,7.79,69.46,False
COURSE_27_06_ダ_中距離,pace_yoso+ls_shisu_juni+kyori_tekisei,pace_yoso,ls_shisu_juni,kyori_tekisei,36,12962,72.83,10.32,69.46,False
COURSE_27_06_ダ_中距離,omo_tekisei_code+ten_shisu_juni+kyusha_hyoka_code,omo_tekisei_code,ten_shisu_juni,kyusha_hyoka_code,46,12256,72.55,10.74,69.45,False
COURSE_27_06_ダ_中距離,hizume_code+kyakushitsu+ten_shisu_juni,hizume_code,kyakushitsu,ten_shisu_juni,4,475,78.68,9.42,69.44,False
COURSE_27_06_ダ_中距離,hizume_code+omo_tekisei_code+kyori_tekisei,hizume_code,omo_tekisei_code,kyori_tekisei,38,9600,72.72,10.32,69.44,False
COURSE_27_06_ダ_中距離,manken_shirushi+class_code+kyusha_hyoka_code,manken_shirushi,class_code,kyusha_hyoka_code,28,5764,72.99,9.59,69.43,False
COURSE_27_06_ダ_中距離,kyakushitsu+ls_shisu_juni+umakigo_code,kyakushitsu,ls_shisu_juni,umakigo_code,36,13912,72.8,10.29,69.43,False
COURSE_27_06_ダ_中距離,manken_shirushi+uma_start_shisu+kyusha_hyoka_code,manken_shirushi,uma_start_shisu,kyusha_hyoka_code,12,2643,74.36,8.73,69.42,False
COURSE_27_06_ダ_中距離,ichi_shisu_juni+ls_shisu_juni+umakigo_code,ichi_shisu_juni,ls_shisu_juni,umakigo_code,55,10469,72.64,12.23,69.41,False
COURSE_27_06_ダ_中距離,uma_start_shisu+umakigo_code+kyusha_hyoka_code,uma_start_shisu,umakigo_code,kyusha_hyoka_code,22,11560,74.55,12.34,69.39,False
COURSE_27_06_ダ_中距離,omo_tekisei_code+joho_shisu+umakigo_code,omo_tekisei_code,joho_shisu,umakigo_code,16,5427,75.08,11.61,69.39,False
COURSE_27_06_ダ_中距離,pace_yoso+class_code+kyusha_hyoka_code,pace_yoso,class_code,kyusha_hyoka_code,17,11906,74.33,10.41,69.38,False
COURSE_27_06_ダ_中距離,omo_tekisei_code+ichi_shisu_juni+kyori_tekisei,omo_tekisei_code,ichi_shisu_juni,kyori_tekisei,52,7823,73.07,13.7,69.35,False
COURSE_27_06_ダ_中距離,omo_tekisei_code+kyakushitsu+ls_shisu_juni,omo_tekisei_code,kyakushitsu,ls_shisu_juni,52,10937,72.66,12.19,69.34,False
COURSE_27_06_ダ_中距離,pace_yoso+joken_class_code+ls_shisu_juni,pace_yoso,joken_class_code,ls_shisu_juni,38,13256,72.53,10.1,69.32,False
COURSE_27_06_ダ_中距離,pace_yoso+class_code+ls_shisu_juni,pace_yoso,class_code,ls_shisu_juni,35,8849,72.66,10.23,69.28,False
COURSE_27_06_ダ_中距離,pace_yoso+kishu_shisu+umakigo_code,pace_yoso,kishu_shisu,umakigo_code,39,12140,73.19,12.48,69.28,False
COURSE_27_06_ダ_中距離,pace_yoso+idm+umakigo_code,pace_yoso,idm,umakigo_code,38,5282,73.68,13.82,69.28,False
COURSE_27_06_ダ_中距離,pace_yoso+ichi_shisu_juni+kyusha_hyoka_code,pace_yoso,ichi_shisu_juni,kyusha_hyoka_code,32,13471,72.06,8.06,69.27,False
COURSE_27_06_ダ_中距離,gekiso_shisu+umakigo_code+kyusha_hyoka_code,gekiso_shisu,umakigo_code,kyusha_hyoka_code,16,1706,74.8,11.3,69.26,False
COURSE_27_06_ダ_中距離,da_tekisei_code+manken_shisu+class_code,da_tekisei_code,manken_shisu,class_code,16,2042,74.77,11.28,69.25,False
COURSE_27_06_ダ_中距離,omo_tekisei_code+ls_shisu_juni+umakigo_code,omo_tekisei_code,ls_shisu_juni,umakigo_code,23,12425,73.33,10.0,69.25,False
COURSE_27_06_ダ_中距離,da_tekisei_code+class_code+ls_shisu_juni,da_tekisei_code,class_code,ls_shisu_juni,28,8217,72.98,10.09,69.24,False
COURSE_27_06_ダ_中距離,joken_class_code+kyakushitsu+kyori_tekisei,joken_class_code,kyakushitsu,kyori_tekisei,34,12980,72.82,10.67,69.24,False
COURSE_27_06_ダ_中距離,pace_yoso+joken_class_code+ten_shisu_juni,pace_yoso,joken_class_code,ten_shisu_juni,58,11646,72.24,11.75,69.22,False
COURSE_27_06_ダ_中距離,omo_tekisei_code+joken_class_code+class_code,omo_tekisei_code,joken_class_code,class_code,22,12334,74.63,12.99,69.2,False
COURSE_27_06_ダ_中距離,kyakushitsu+uma_start_shisu+ten_shisu_juni,kyakushitsu,uma_start_shisu,ten_shisu_juni,17,2296,75.47,13.19,69.2,False
COURSE_27_06_ダ_中距離,omo_tekisei_code+joken_class_code+ls_shisu_juni,omo_tekisei_code,joken_class_code,ls_shisu_juni,41,10556,72.51,10.88,69.18,False
COURSE_27_06_ダ_中距離,joken_class_code+ten_shisu_juni+kyori_tekisei,joken_class_code,ten_shisu_juni,kyori_tekisei,35,8396,73.51,13.17,69.15,False
COURSE_27_06_ダ_中距離,kyakushitsu+ichi_shisu_juni+ten_shisu_juni,kyakushitsu,ichi_shisu_juni,ten_shisu_juni,14,2030,75.21,11.6,69.14,False
COURSE_27_06_ダ_中距離,pace_yoso+joken_class_code+ichi_shisu_juni,pace_yoso,joken_class_code,ichi_shisu_juni,54,11494,72.55,12.85,69.12,False
COURSE_27_06_ダ_中距離,pace_yoso+omo_tekisei_code+nyukyu_nannichimae,pace_yoso,omo_tekisei_code,nyukyu_nannichimae,12,1479,73.54,7.82,69.11,False
COURSE_27_06_ダ_中距離,kyakushitsu+ls_shisu_juni+kyusha_hyoka_code,kyakushitsu,ls_shisu_juni,kyusha_hyoka_code,36,13661,72.08,9.1,69.11,False
COURSE_27_06_ダ_中距離,pace_yoso+omo_tekisei_code+manken_shisu,pace_yoso,omo_tekisei_code,manken_shisu,26,2853,73.56,11.56,69.11,False
COURSE_27_06_ダ_中距離,uma_deokure_ritsu+omo_tekisei_code+kyakushitsu,uma_deokure_ritsu,omo_tekisei_code,kyakushitsu,20,6127,71.41,5.28,69.1,False
COURSE_27_06_ダ_中距離,kyakushitsu+ls_shisu_juni+kyori_tekisei,kyakushitsu,ls_shisu_juni,kyori_tekisei,52,11088,72.25,11.62,69.09,False
COURSE_27_06_ダ_中距離,manken_shirushi+da_tekisei_code+ls_shisu_juni,manken_shirushi,da_tekisei_code,ls_shisu_juni,15,1815,75.94,13.56,69.08,False
COURSE_27_06_ダ_中距離,omo_tekisei_code+kyakushitsu+class_code,omo_tekisei_code,kyakushitsu,class_code,35,10164,72.14,9.24,69.07,False
COURSE_27_06_ダ_中距離,ichi_shisu_juni+umakigo_code+kyori_tekisei,ichi_shisu_juni,umakigo_code,kyori_tekisei,45,12968,72.19,10.65,69.07,False
COURSE_27_06_ダ_中距離,uma_deokure_ritsu+hizume_code+da_tekisei_code,uma_deokure_ritsu,hizume_code,da_tekisei_code,17,3228,75.63,13.8,69.07,False
COURSE_27_06_ダ_中距離,pace_yoso+uma_start_shisu+kyori_tekisei,pace_yoso,uma_start_shisu,kyori_tekisei,34,8839,72.14,9.22,69.04,False
COURSE_27_06_ダ_中距離,pace_yoso+nyukyu_nannichimae+kyusha_hyoka_code,pace_yoso,nyukyu_nannichimae,kyusha_hyoka_code,23,4192,72.1,7.58,69.0,False
COURSE_27_06_ダ_中距離,pace_yoso+joken_class_code+kyori_tekisei,pace_yoso,joken_class_code,kyori_tekisei,19,13728,73.81,10.76,68.97,False
COURSE_27_06_ダ_中距離,kyakushitsu+manken_shisu+umakigo_code,kyakushitsu,manken_shisu,umakigo_code,38,4477,73.7,14.9,68.97,False
COURSE_27_06_ダ_中距離,joken_class_code+joho_shisu+umakigo_code,joken_class_code,joho_shisu,umakigo_code,38,8799,72.36,10.69,68.96,False
COURSE_27_06_ダ_中距離,hizume_code+da_tekisei_code+uma_start_shisu,hizume_code,da_tekisei_code,uma_start_shisu,19,3223,73.02,9.08,68.94,False
COURSE_27_06_ダ_中距離,uma_deokure_ritsu+da_tekisei_code+kyakushitsu,uma_deokure_ritsu,da_tekisei_code,kyakushitsu,16,4863,73.02,8.32,68.94,False
COURSE_27_06_ダ_中距離,joken_class_code+class_code+uma_start_shisu,joken_class_code,class_code,uma_start_shisu,30,8205,74.12,14.49,68.93,False
COURSE_27_06_ダ_中距離,ichi_shisu_juni+kyori_tekisei+kyusha_hyoka_code,ichi_shisu_juni,kyori_tekisei,kyusha_hyoka_code,46,12828,71.75,9.81,68.92,False
COURSE_27_06_ダ_中距離,ten_shisu_juni+ls_shisu_juni+umakigo_code,ten_shisu_juni,ls_shisu_juni,umakigo_code,59,10335,72.08,12.43,68.91,False
COURSE_27_06_ダ_中距離,manken_shirushi+hizume_code+pace_yoso,manken_shirushi,hizume_code,pace_yoso,16,2572,73.4,9.21,68.89,False
COURSE_27_06_ダ_中距離,class_code+ls_shisu_juni+umakigo_code,class_code,ls_shisu_juni,umakigo_code,32,10073,72.78,11.29,68.87,False
COURSE_27_06_ダ_中距離,ls_shisu_juni+kyori_tekisei+kyusha_hyoka_code,ls_shisu_juni,kyori_tekisei,kyusha_hyoka_code,23,12807,72.94,9.96,68.87,False
COURSE_27_06_ダ_中距離,ten_shisu_juni+ls_shisu_juni+kyusha_hyoka_code,ten_shisu_juni,ls_shisu_juni,kyusha_hyoka_code,59,10210,72.01,12.32,68.87,False
COURSE_27_06_ダ_中距離,pace_yoso+da_tekisei_code+nyukyu_nannichimae,pace_yoso,da_tekisei_code,nyukyu_nannichimae,11,1735,74.31,9.21,68.87,False
COURSE_27_06_ダ_中距離,kyakushitsu+ten_shisu_juni+kyusha_hyoka_code,kyakushitsu,ten_shisu_juni,kyusha_hyoka_code,53,12887,71.51,9.84,68.86,False
COURSE_27_06_ダ_中距離,da_tekisei_code+joho_shisu+kyusha_hyoka_code,da_tekisei_code,joho_shisu,kyusha_hyoka_code,18,5283,73.7,10.48,68.86,False
COURSE_27_06_ダ_中距離,joken_class_code+kyakushitsu+uma_start_shisu,joken_class_code,kyakushitsu,uma_start_shisu,31,6780,73.35,12.8,68.85,False
COURSE_27_06_ダ_中距離,ls_shisu_juni+umakigo_code+kyori_tekisei,ls_shisu_juni,umakigo_code,kyori_tekisei,23,13072,72.81,9.72,68.84,False
COURSE_27_06_ダ_中距離,uma_deokure_ritsu+omo_tekisei_code+kyori_tekisei,uma_deokure_ritsu,omo_tekisei_code,kyori_tekisei,15,5675,72.97,8.21,68.81,False
COURSE_27_06_ダ_中距離,da_tekisei_code+ichi_shisu_juni+class_code,da_tekisei_code,ichi_shisu_juni,class_code,33,6249,72.37,10.59,68.76,False
COURSE_27_06_ダ_中距離,pace_yoso+manken_shisu+kyusha_hyoka_code,pace_yoso,manken_shisu,kyusha_hyoka_code,56,10052,71.31,9.74,68.76,False
COURSE_27_06_ダ_中距離,da_tekisei_code+umakigo_code+nyukyu_nannichimae,da_tekisei_code,umakigo_code,nyukyu_nannichimae,16,2421,74.38,11.49,68.75,False
COURSE_27_06_ダ_中距離,pace_yoso+class_code+kyori_tekisei,pace_yoso,class_code,kyori_tekisei,25,10906,73.73,12.72,68.75,False
COURSE_27_06_ダ_中距離,pace_yoso+idm+kyusha_hyoka_code,pace_yoso,idm,kyusha_hyoka_code,34,4928,73.15,13.12,68.74,False
COURSE_27_06_ダ_中距離,da_tekisei_code+uma_start_shisu+ls_shisu_juni,da_tekisei_code,uma_start_shisu,ls_shisu_juni,23,4105,73.68,12.13,68.73,False
COURSE_27_06_ダ_中距離,omo_tekisei_code+ichi_shisu_juni+class_code,omo_tekisei_code,ichi_shisu_juni,class_code,32,4103,74.0,15.28,68.7,False
COURSE_27_06_ダ_中距離,joken_class_code+ichi_shisu_juni+kyori_tekisei,joken_class_code,ichi_shisu_juni,kyori_tekisei,31,8269,73.19,12.77,68.7,False
COURSE_27_06_ダ_中距離,uma_deokure_ritsu+pace_yoso+class_code,uma_deokure_ritsu,pace_yoso,class_code,25,6043,73.33,11.83,68.7,False
COURSE_27_06_ダ_中距離,da_tekisei_code+ls_shisu_juni+umakigo_code,da_tekisei_code,ls_shisu_juni,umakigo_code,17,10302,73.0,9.06,68.69,False
COURSE_27_06_ダ_中距離,joken_class_code+ten_shisu_juni+umakigo_code,joken_class_code,ten_shisu_juni,umakigo_code,44,12279,71.71,10.22,68.69,False
COURSE_27_06_ダ_中距離,pace_yoso+kishu_shisu+kyusha_hyoka_code,pace_yoso,kishu_shisu,kyusha_hyoka_code,38,12120,72.91,13.34,68.67,False
COURSE_27_06_ダ_中距離,pace_yoso+ten_shisu_juni+umakigo_code,pace_yoso,ten_shisu_juni,umakigo_code,32,13557,71.63,8.54,68.67,False
COURSE_27_06_ダ_中距離,manken_shirushi+hizume_code+kyusha_hyoka_code,manken_shirushi,hizume_code,kyusha_hyoka_code,18,3631,72.65,8.63,68.67,False
COURSE_27_06_ダ_中距離,umakigo_code+nyukyu_nannichimae+kyusha_hyoka_code,umakigo_code,nyukyu_nannichimae,kyusha_hyoka_code,20,5144,71.92,7.43,68.66,False
COURSE_27_06_ダ_中距離,hizume_code+pace_yoso+class_code,hizume_code,pace_yoso,class_code,33,7383,72.07,9.98,68.66,False
COURSE_27_06_ダ_中距離,idm+umakigo_code+kyori_tekisei,idm,umakigo_code,kyori_tekisei,30,4097,74.52,16.46,68.63,False
COURSE_27_06_ダ_中距離,pace_yoso+kyakushitsu+kyori_tekisei,pace_yoso,kyakushitsu,kyori_tekisei,26,13662,73.58,12.89,68.62,False
COURSE_27_06_ダ_中距離,omo_tekisei_code+umakigo_code+kyori_tekisei,omo_tekisei_code,umakigo_code,kyori_tekisei,12,11947,73.74,9.07,68.61,False
COURSE_27_06_ダ_中距離,omo_tekisei_code+class_code+kyori_tekisei,omo_tekisei_code,class_code,kyori_tekisei,24,9802,72.65,10.13,68.6,False
COURSE_27_06_ダ_中距離,uma_deokure_ritsu+ichi_shisu_juni+class_code,uma_deokure_ritsu,ichi_shisu_juni,class_code,10,1517,75.11,10.5,68.6,False
COURSE_27_06_ダ_中距離,uma_start_shisu+ten_shisu_juni+kyori_tekisei,uma_start_shisu,ten_shisu_juni,kyori_tekisei,16,1909,74.11,11.27,68.59,False
COURSE_27_06_ダ_中距離,ten_shisu_juni+umakigo_code+kyori_tekisei,ten_shisu_juni,umakigo_code,kyori_tekisei,44,12868,71.82,10.94,68.58,False
COURSE_27_06_ダ_中距離,manken_shirushi+joken_class_code+ls_shisu_juni,manken_shirushi,joken_class_code,ls_shisu_juni,17,2364,72.8,8.88,68.57,False
COURSE_27_06_ダ_中距離,omo_tekisei_code+kyakushitsu+uma_start_shisu,omo_tekisei_code,kyakushitsu,uma_start_shisu,36,7536,72.6,12.37,68.56,False
COURSE_27_06_ダ_中距離,da_tekisei_code+class_code+umakigo_code,da_tekisei_code,class_code,umakigo_code,13,10096,77.06,15.64,68.56,False
COURSE_27_06_ダ_中距離,joken_class_code+idm+class_code,joken_class_code,idm,class_code,26,3465,73.54,12.99,68.55,False
COURSE_27_06_ダ_中距離,hizume_code+class_code+kyusha_hyoka_code,hizume_code,class_code,kyusha_hyoka_code,30,8623,72.31,10.54,68.54,False
COURSE_27_06_ダ_中距離,joken_class_code+ls_shisu_juni+kyusha_hyoka_code,joken_class_code,ls_shisu_juni,kyusha_hyoka_code,30,13344,72.31,10.57,68.53,False
COURSE_27_06_ダ_中距離,joken_class_code+ls_shisu_juni+umakigo_code,joken_class_code,ls_shisu_juni,umakigo_code,30,13556,72.13,10.11,68.52,False
COURSE_27_06_ダ_中距離,uma_deokure_ritsu+manken_shirushi+da_tekisei_code,uma_deokure_ritsu,manken_shirushi,da_tekisei_code,15,2181,74.09,11.0,68.52,False
COURSE_27_06_ダ_中距離,manken_shirushi+ls_shisu_juni+kyusha_hyoka_code,manken_shirushi,ls_shisu_juni,kyusha_hyoka_code,37,6841,72.6,12.71,68.51,False
COURSE_27_06_ダ_中距離,manken_shisu+kyori_tekisei+kyusha_hyoka_code,manken_shisu,kyori_tekisei,kyusha_hyoka_code,45,7420,71.78,11.29,68.48,False
COURSE_27_06_ダ_中距離,pace_yoso+ichi_shisu_juni+ls_shisu_juni,pace_yoso,ichi_shisu_juni,ls_shisu_juni,44,6829,72.09,12.34,68.44,False
COURSE_27_06_ダ_中距離,omo_tekisei_code+class_code+uma_start_shisu,omo_tekisei_code,class_code,uma_start_shisu,21,5015,74.6,14.45,68.42,False
COURSE_27_06_ダ_中距離,kyakushitsu+ichi_shisu_juni+kyori_tekisei,kyakushitsu,ichi_shisu_juni,kyori_tekisei,48,8764,71.72,11.68,68.42,False
COURSE_27_06_ダ_中距離,class_code+uma_start_shisu+kyusha_hyoka_code,class_code,uma_start_shisu,kyusha_hyoka_code,30,7846,73.55,14.4,68.4,False
COURSE_27_06_ダ_中距離,da_tekisei_code+class_code+ten_shisu_juni,da_tekisei_code,class_code,ten_shisu_juni,32,6103,72.71,12.48,68.39,False
COURSE_27_06_ダ_中距離,kyakushitsu+ichi_shisu_juni+uma_start_shisu,kyakushitsu,ichi_shisu_juni,uma_start_shisu,14,2516,72.08,7.07,68.37,False
COURSE_27_06_ダ_中距離,kishu_minarai_code+joho_shisu+umakigo_code,kishu_minarai_code,joho_shisu,umakigo_code,4,713,71.58,3.29,68.36,False
COURSE_27_06_ダ_中距離,kyori_tekisei+nyukyu_nannichimae+kyusha_hyoka_code,kyori_tekisei,nyukyu_nannichimae,kyusha_hyoka_code,18,2608,72.2,8.32,68.35,False
COURSE_27_06_ダ_中距離,joho_shisu+umakigo_code+kyusha_hyoka_code,joho_shisu,umakigo_code,kyusha_hyoka_code,42,13052,72.24,12.9,68.34,False
COURSE_27_06_ダ_中距離,ten_shisu_juni+kyori_tekisei+kyusha_hyoka_code,ten_shisu_juni,kyori_tekisei,kyusha_hyoka_code,44,12609,71.26,9.95,68.32,False
COURSE_27_06_ダ_中距離,idm+class_code+kyusha_hyoka_code,idm,class_code,kyusha_hyoka_code,25,3303,73.31,12.74,68.31,False
COURSE_27_06_ダ_中距離,pace_yoso+manken_shisu+kyori_tekisei,pace_yoso,manken_shisu,kyori_tekisei,34,4484,71.91,10.71,68.31,False
COURSE_27_06_ダ_中距離,hizume_code+kyakushitsu+class_code,hizume_code,kyakushitsu,class_code,28,4556,72.1,10.28,68.29,False
COURSE_27_06_ダ_中距離,manken_shirushi+joken_class_code+uma_start_shisu,manken_shirushi,joken_class_code,uma_start_shisu,8,1188,73.88,8.09,68.28,False
COURSE_27_06_ダ_中距離,joken_class_code+ichi_shisu_juni+ls_shisu_juni,joken_class_code,ichi_shisu_juni,ls_shisu_juni,21,3648,74.45,14.43,68.28,False
COURSE_27_06_ダ_中距離,pace_yoso+joken_class_code+manken_shisu,pace_yoso,joken_class_code,manken_shisu,32,3993,71.43,9.16,68.26,False
COURSE_27_06_ダ_中距離,joken_class_code+ichi_shisu_juni+umakigo_code,joken_class_code,ichi_shisu_juni,umakigo_code,42,12152,71.87,11.94,68.26,False
COURSE_27_06_ダ_中距離,kyakushitsu+class_code+kyusha_hyoka_code,kyakushitsu,class_code,kyusha_hyoka_code,25,11225,71.6,8.6,68.22,False
COURSE_27_06_ダ_中距離,pace_yoso+ichi_shisu+kyusha_hyoka_code,pace_yoso,ichi_shisu,kyusha_hyoka_code,13,2828,75.27,13.01,68.2,False
COURSE_27_06_ダ_中距離,hizume_code+pace_yoso+ten_shisu_juni,hizume_code,pace_yoso,ten_shisu_juni,25,3519,71.82,9.25,68.2,False
COURSE_27_06_ダ_中距離,uma_deokure_ritsu+hizume_code+umakigo_code,uma_deokure_ritsu,hizume_code,umakigo_code,18,5210,73.17,10.84,68.16,False
COURSE_27_06_ダ_中距離,hizume_code+pace_yoso+ls_shisu_juni,hizume_code,pace_yoso,ls_shisu_juni,33,7082,71.89,10.95,68.16,False
COURSE_27_06_ダ_中距離,joken_class_code+class_code+kyori_tekisei,joken_class_code,class_code,kyori_tekisei,19,11387,74.12,13.27,68.15,False
COURSE_27_06_ダ_中距離,uma_deokure_ritsu+uma_start_shisu+umakigo_code,uma_deokure_ritsu,uma_start_shisu,umakigo_code,18,5388,74.0,12.67,68.15,False
COURSE_27_06_ダ_中距離,joken_class_code+ichi_shisu_juni+class_code,joken_class_code,ichi_shisu_juni,class_code,49,9091,71.64,12.49,68.14,False
COURSE_27_06_ダ_中距離,joken_class_code+kishu_minarai_code+umakigo_code,joken_class_code,kishu_minarai_code,umakigo_code,5,1381,75.6,8.52,68.14,False
COURSE_27_06_ダ_中距離,joken_class_code+da_tekisei_code+umakigo_code,joken_class_code,da_tekisei_code,umakigo_code,11,10894,75.15,11.91,68.11,False
COURSE_27_06_ダ_中距離,kyakushitsu+manken_shisu+kyusha_hyoka_code,kyakushitsu,manken_shisu,kyusha_hyoka_code,35,4136,73.25,15.57,68.09,False
COURSE_27_06_ダ_中距離,pace_yoso+ichi_shisu_juni+kyori_tekisei,pace_yoso,ichi_shisu_juni,kyori_tekisei,58,12037,70.95,11.17,68.08,False
COURSE_27_06_ダ_中距離,kyakushitsu+class_code+kyori_tekisei,kyakushitsu,class_code,kyori_tekisei,30,9282,72.04,11.09,68.07,False
COURSE_27_06_ダ_中距離,hizume_code+ten_shisu_juni+umakigo_code,hizume_code,ten_shisu_juni,umakigo_code,31,5383,71.47,9.83,68.01,False
COURSE_27_06_ダ_中距離,ichi_shisu_juni+class_code+umakigo_code,ichi_shisu_juni,class_code,umakigo_code,47,8468,71.54,12.4,67.99,False
COURSE_27_06_ダ_中距離,pace_yoso+ichi_shisu+umakigo_code,pace_yoso,ichi_shisu,umakigo_code,16,3227,74.39,13.1,67.97,False
COURSE_27_06_ダ_中距離,ichi_shisu_juni+ls_shisu_juni+kyusha_hyoka_code,ichi_shisu_juni,ls_shisu_juni,kyusha_hyoka_code,50,9782,71.6,13.15,67.96,False
COURSE_27_06_ダ_中距離,uma_deokure_ritsu+da_tekisei_code+class_code,uma_deokure_ritsu,da_tekisei_code,class_code,14,4904,74.3,12.14,67.94,False
COURSE_27_06_ダ_中距離,joken_class_code+ichi_shisu_juni+kyusha_hyoka_code,joken_class_code,ichi_shisu_juni,kyusha_hyoka_code,43,12042,71.31,11.25,67.94,False
COURSE_27_06_ダ_中距離,kyakushitsu+umakigo_code+kyori_tekisei,kyakushitsu,umakigo_code,kyori_tekisei,15,13419,72.95,9.89,67.94,False
COURSE_27_06_ダ_中距離,joken_class_code+joho_shisu+kyusha_hyoka_code,joken_class_code,joho_shisu,kyusha_hyoka_code,37,8682,71.59,11.39,67.92,False
COURSE_27_06_ダ_中距離,ichi_shisu_juni+class_code+uma_start_shisu,ichi_shisu_juni,class_code,uma_start_shisu,6,740,77.81,12.36,67.92,False
COURSE_27_06_ダ_中距離,hizume_code+omo_tekisei_code+class_code,hizume_code,omo_tekisei_code,class_code,35,7250,71.31,10.32,67.89,False
COURSE_27_06_ダ_中距離,omo_tekisei_code+joken_class_code+nyukyu_nannichimae,omo_tekisei_code,joken_class_code,nyukyu_nannichimae,4,437,74.87,7.14,67.87,False
COURSE_27_06_ダ_中距離,uma_deokure_ritsu+hizume_code+joken_class_code,uma_deokure_ritsu,hizume_code,joken_class_code,17,3860,71.99,8.72,67.84,False
COURSE_27_06_ダ_中距離,idm+kyori_tekisei+kyusha_hyoka_code,idm,kyori_tekisei,kyusha_hyoka_code,29,3914,73.6,15.86,67.83,False
COURSE_27_06_ダ_中距離,joken_class_code+ten_shisu_juni+kyusha_hyoka_code,joken_class_code,ten_shisu_juni,kyusha_hyoka_code,44,12051,70.81,10.18,67.8,False
COURSE_27_06_ダ_中距離,omo_tekisei_code+kishu_shisu+umakigo_code,omo_tekisei_code,kishu_shisu,umakigo_code,44,9992,71.88,13.81,67.8,False
COURSE_27_06_ダ_中距離,hizume_code+pace_yoso+uma_start_shisu,hizume_code,pace_yoso,uma_start_shisu,24,4804,71.08,8.25,67.77,False
COURSE_27_06_ダ_中距離,joken_class_code+idm+umakigo_code,joken_class_code,idm,umakigo_code,35,5700,73.33,16.85,67.74,False
COURSE_27_06_ダ_中距離,class_code+uma_start_shisu+kyori_tekisei,class_code,uma_start_shisu,kyori_tekisei,22,5295,72.88,12.37,67.71,False
COURSE_27_06_ダ_中距離,ichi_shisu_juni+class_code+kyori_tekisei,ichi_shisu_juni,class_code,kyori_tekisei,30,4814,71.89,11.75,67.69,False
COURSE_27_06_ダ_中距離,omo_tekisei_code+class_code+umakigo_code,omo_tekisei_code,class_code,umakigo_code,21,11680,73.21,12.99,67.66,False
COURSE_27_06_ダ_中距離,pace_yoso+ten_shisu_juni+kyusha_hyoka_code,pace_yoso,ten_shisu_juni,kyusha_hyoka_code,32,13358,70.68,8.81,67.63,False
COURSE_27_06_ダ_中距離,kishu_minarai_code+kyori_tekisei+kyusha_hyoka_code,kishu_minarai_code,kyori_tekisei,kyusha_hyoka_code,7,1366,79.38,15.88,67.62,False
COURSE_27_06_ダ_中距離,omo_tekisei_code+ichi_shisu_juni+uma_start_shisu,omo_tekisei_code,ichi_shisu_juni,uma_start_shisu,16,2309,71.94,8.8,67.62,False
COURSE_27_06_ダ_中距離,uma_deokure_ritsu+hizume_code+pace_yoso,uma_deokure_ritsu,hizume_code,pace_yoso,15,3718,71.61,7.91,67.61,False
COURSE_27_06_ダ_中距離,joken_class_code+da_tekisei_code+kyori_tekisei,joken_class_code,da_tekisei_code,kyori_tekisei,18,10265,73.06,11.88,67.57,False
COURSE_27_06_ダ_中距離,manken_shirushi+uma_start_shisu+kyori_tekisei,manken_shirushi,uma_start_shisu,kyori_tekisei,12,1554,73.41,10.31,67.57,False
COURSE_27_06_ダ_中距離,uma_start_shisu+ls_shisu_juni+umakigo_code,uma_start_shisu,ls_shisu_juni,umakigo_code,28,7270,72.15,12.43,67.55,False
COURSE_27_06_ダ_中距離,manken_shirushi+da_tekisei_code+uma_start_shisu,manken_shirushi,da_tekisei_code,uma_start_shisu,10,1416,74.79,11.68,67.54,False
COURSE_27_06_ダ_中距離,pace_yoso+kyakushitsu+manken_shisu,pace_yoso,kyakushitsu,manken_shisu,7,771,76.86,12.59,67.54,False
COURSE_27_06_ダ_中距離,uma_deokure_ritsu+kyakushitsu+kyori_tekisei,uma_deokure_ritsu,kyakushitsu,kyori_tekisei,18,5563,71.19,7.89,67.54,False
COURSE_27_06_ダ_中距離,kishu_minarai_code+umakigo_code+kyusha_hyoka_code,kishu_minarai_code,umakigo_code,kyusha_hyoka_code,3,1486,79.81,10.85,67.53,False
COURSE_27_06_ダ_中距離,kishu_minarai_code+class_code+kyusha_hyoka_code,kishu_minarai_code,class_code,kyusha_hyoka_code,4,800,74.34,6.96,67.52,False
COURSE_27_06_ダ_中距離,class_code+ls_shisu_juni+kyusha_hyoka_code,class_code,ls_shisu_juni,kyusha_hyoka_code,29,9797,70.98,9.5,67.52,False
COURSE_27_06_ダ_中距離,uma_deokure_ritsu+hizume_code+kyakushitsu,uma_deokure_ritsu,hizume_code,kyakushitsu,16,3132,72.43,10.06,67.5,False
COURSE_27_06_ダ_中距離,ichi_shisu+kyakushitsu+kyusha_hyoka_code,ichi_shisu,kyakushitsu,kyusha_hyoka_code,9,2402,71.58,6.3,67.47,False
COURSE_27_06_ダ_中距離,hizume_code+pace_yoso+ichi_shisu_juni,hizume_code,pace_yoso,ichi_shisu_juni,23,3461,71.63,10.21,67.45,False
COURSE_27_06_ダ_中距離,ichi_shisu+ichi_shisu_juni+ls_shisu_juni,ichi_shisu,ichi_shisu_juni,ls_shisu_juni,7,1405,71.99,6.16,67.43,False
COURSE_27_06_ダ_中距離,manken_shirushi+ichi_shisu_juni+kyusha_hyoka_code,manken_shirushi,ichi_shisu_juni,kyusha_hyoka_code,10,1792,72.72,8.55,67.42,False
COURSE_27_06_ダ_中距離,kyakushitsu+kyori_tekisei+kyusha_hyoka_code,kyakushitsu,kyori_tekisei,kyusha_hyoka_code,17,13433,72.1,9.84,67.42,False
COURSE_27_06_ダ_中距離,uma_deokure_ritsu+joken_class_code+ichi_shisu_juni,uma_deokure_ritsu,joken_class_code,ichi_shisu_juni,15,3006,72.93,10.92,67.4,False
COURSE_27_06_ダ_中距離,uma_deokure_ritsu+omo_tekisei_code+ten_shisu_juni,uma_deokure_ritsu,omo_tekisei_code,ten_shisu_juni,23,3204,72.63,12.82,67.39,False
COURSE_27_06_ダ_中距離,kishu_shisu+umakigo_code+kyori_tekisei,kishu_shisu,umakigo_code,kyori_tekisei,43,10484,71.51,13.82,67.38,False
COURSE_27_06_ダ_中距離,hizume_code+pace_yoso+kyori_tekisei,hizume_code,pace_yoso,kyori_tekisei,35,9939,71.04,11.03,67.38,False
COURSE_27_06_ダ_中距離,pace_yoso+ls_shisu_juni+umakigo_code,pace_yoso,ls_shisu_juni,umakigo_code,19,13975,72.42,11.27,67.35,False
COURSE_27_06_ダ_中距離,uma_deokure_ritsu+kishu_minarai_code+umakigo_code,uma_deokure_ritsu,kishu_minarai_code,umakigo_code,3,487,74.56,6.39,67.33,False
COURSE_27_06_ダ_中距離,joken_class_code+da_tekisei_code+class_code,joken_class_code,da_tekisei_code,class_code,13,10511,76.42,16.73,67.32,False
COURSE_27_06_ダ_中距離,uma_deokure_ritsu+hizume_code+kyusha_hyoka_code,uma_deokure_ritsu,hizume_code,kyusha_hyoka_code,18,5069,72.19,10.54,67.32,False
COURSE_27_06_ダ_中距離,ten_shisu_juni+umakigo_code+kyusha_hyoka_code,ten_shisu_juni,umakigo_code,kyusha_hyoka_code,16,13096,70.98,7.53,67.3,False
COURSE_27_06_ダ_中距離,omo_tekisei_code+class_code+ten_shisu_juni,omo_tekisei_code,class_code,ten_shisu_juni,31,4087,72.15,13.79,67.3,False
COURSE_27_06_ダ_中距離,class_code+kyori_tekisei+kyusha_hyoka_code,class_code,kyori_tekisei,kyusha_hyoka_code,18,10693,72.95,12.37,67.24,False
COURSE_27_06_ダ_中距離,hizume_code+joken_class_code+ls_shisu_juni,hizume_code,joken_class_code,ls_shisu_juni,25,4261,72.0,12.18,67.22,False
COURSE_27_06_ダ_中距離,uma_deokure_ritsu+da_tekisei_code+ls_shisu_juni,uma_deokure_ritsu,da_tekisei_code,ls_shisu_juni,18,3900,73.09,12.72,67.22,False
COURSE_27_06_ダ_中距離,joken_class_code+idm+kyusha_hyoka_code,joken_class_code,idm,kyusha_hyoka_code,35,5671,72.55,16.18,67.19,False
COURSE_27_06_ダ_中距離,uma_deokure_ritsu+manken_shirushi+uma_start_shisu,uma_deokure_ritsu,manken_shirushi,uma_start_shisu,8,1577,74.08,9.94,67.19,False
COURSE_27_06_ダ_中距離,ichi_shisu_juni+class_code+kyusha_hyoka_code,ichi_shisu_juni,class_code,kyusha_hyoka_code,45,8355,70.7,12.04,67.18,False
COURSE_27_06_ダ_中距離,hizume_code+ichi_shisu_juni+umakigo_code,hizume_code,ichi_shisu_juni,umakigo_code,29,5328,70.47,9.15,67.14,False
COURSE_27_06_ダ_中距離,uma_deokure_ritsu+pace_yoso+ten_shisu_juni,uma_deokure_ritsu,pace_yoso,ten_shisu_juni,18,3180,74.1,15.05,67.14,False
COURSE_27_06_ダ_中距離,omo_tekisei_code+kishu_shisu+kyusha_hyoka_code,omo_tekisei_code,kishu_shisu,kyusha_hyoka_code,44,10247,71.13,13.56,67.12,False
COURSE_27_06_ダ_中距離,uma_deokure_ritsu+joken_class_code+kyori_tekisei,uma_deokure_ritsu,joken_class_code,kyori_tekisei,15,5876,72.62,10.86,67.12,False
COURSE_27_06_ダ_中距離,hizume_code+uma_start_shisu+umakigo_code,hizume_code,uma_start_shisu,umakigo_code,26,6210,70.48,8.75,67.11,False
COURSE_27_06_ダ_中距離,da_tekisei_code+idm+class_code,da_tekisei_code,idm,class_code,18,2287,73.15,13.09,67.1,False
COURSE_27_06_ダ_中距離,kyakushitsu+class_code+ls_shisu_juni,kyakushitsu,class_code,ls_shisu_juni,34,6152,70.54,10.22,67.1,False
COURSE_27_06_ダ_中距離,umakigo_code+kyori_tekisei+kyusha_hyoka_code,umakigo_code,kyori_tekisei,kyusha_hyoka_code,12,13847,74.18,12.54,67.09,False
COURSE_27_06_ダ_中距離,pace_yoso+uma_start_shisu+ls_shisu_juni,pace_yoso,uma_start_shisu,ls_shisu_juni,30,5980,71.16,11.39,67.08,False
COURSE_27_06_ダ_中距離,idm+class_code+umakigo_code,idm,class_code,umakigo_code,23,3000,72.19,12.54,67.07,False
COURSE_27_06_ダ_中距離,pace_yoso+joken_class_code+nyukyu_nannichimae,pace_yoso,joken_class_code,nyukyu_nannichimae,12,1392,73.2,10.85,67.06,False
COURSE_27_06_ダ_中距離,hizume_code+joken_class_code+ten_shisu_juni,hizume_code,joken_class_code,ten_shisu_juni,5,618,76.95,11.36,66.99,False
COURSE_27_06_ダ_中距離,hizume_code+umakigo_code+nyukyu_nannichimae,hizume_code,umakigo_code,nyukyu_nannichimae,3,349,75.48,7.51,66.98,False
COURSE_27_06_ダ_中距離,omo_tekisei_code+class_code+ls_shisu_juni,omo_tekisei_code,class_code,ls_shisu_juni,41,8446,70.39,11.16,66.97,False
COURSE_27_06_ダ_中距離,pace_yoso+ten_shisu_juni+kyori_tekisei,pace_yoso,ten_shisu_juni,kyori_tekisei,57,11710,70.01,11.83,66.94,False
COURSE_27_06_ダ_中距離,uma_deokure_ritsu+da_tekisei_code+ten_shisu_juni,uma_deokure_ritsu,da_tekisei_code,ten_shisu_juni,17,2644,73.76,14.35,66.94,False
COURSE_27_06_ダ_中距離,joken_class_code+kyori_tekisei+nyukyu_nannichimae,joken_class_code,kyori_tekisei,nyukyu_nannichimae,10,1336,72.16,8.42,66.94,False
COURSE_27_06_ダ_中距離,hizume_code+kyakushitsu+ichi_shisu_juni,hizume_code,kyakushitsu,ichi_shisu_juni,16,1979,73.07,12.5,66.94,False
COURSE_27_06_ダ_中距離,manken_shirushi+hizume_code+omo_tekisei_code,manken_shirushi,hizume_code,omo_tekisei_code,10,1085,75.14,13.24,66.93,False
COURSE_27_06_ダ_中距離,uma_deokure_ritsu+omo_tekisei_code+ichi_shisu_juni,uma_deokure_ritsu,omo_tekisei_code,ichi_shisu_juni,18,3043,71.89,10.74,66.92,False
COURSE_27_06_ダ_中距離,hizume_code+class_code+uma_start_shisu,hizume_code,class_code,uma_start_shisu,10,1569,72.4,8.84,66.92,False
COURSE_27_06_ダ_中距離,kyakushitsu+ten_shisu_juni+ls_shisu_juni,kyakushitsu,ten_shisu_juni,ls_shisu_juni,5,528,74.9,9.11,66.91,False
COURSE_27_06_ダ_中距離,joken_class_code+umakigo_code+kyusha_hyoka_code,joken_class_code,umakigo_code,kyusha_hyoka_code,11,14361,71.2,7.27,66.9,False
COURSE_27_06_ダ_中距離,hizume_code+omo_tekisei_code+ls_shisu_juni,hizume_code,omo_tekisei_code,ls_shisu_juni,36,5884,71.19,13.14,66.9,False
COURSE_27_06_ダ_中距離,uma_deokure_ritsu+manken_shisu+umakigo_code,uma_deokure_ritsu,manken_shisu,umakigo_code,17,2067,72.09,10.91,66.9,False
COURSE_27_06_ダ_中距離,ichi_shisu+joken_class_code+kishu_shisu,ichi_shisu,joken_class_code,kishu_shisu,3,613,68.26,1.21,66.89,False
COURSE_27_06_ダ_中距離,pace_yoso+idm+kyori_tekisei,pace_yoso,idm,kyori_tekisei,11,1307,74.4,12.73,66.88,False
COURSE_27_06_ダ_中距離,manken_shirushi+pace_yoso+ichi_shisu_juni,manken_shirushi,pace_yoso,ichi_shisu_juni,8,1080,75.19,12.02,66.86,False
COURSE_27_06_ダ_中距離,omo_tekisei_code+umakigo_code+kyusha_hyoka_code,omo_tekisei_code,umakigo_code,kyusha_hyoka_code,10,12786,73.85,11.29,66.85,False
COURSE_27_06_ダ_中距離,omo_tekisei_code+umakigo_code+nyukyu_nannichimae,omo_tekisei_code,umakigo_code,nyukyu_nannichimae,16,2298,72.69,11.95,66.83,False
COURSE_27_06_ダ_中距離,joken_class_code+uma_start_shisu+kyori_tekisei,joken_class_code,uma_start_shisu,kyori_tekisei,26,6762,72.27,14.23,66.8,False
COURSE_27_06_ダ_中距離,uma_deokure_ritsu+kyakushitsu+ten_shisu_juni,uma_deokure_ritsu,kyakushitsu,ten_shisu_juni,18,2582,73.48,14.47,66.79,False
COURSE_27_06_ダ_中距離,uma_deokure_ritsu+pace_yoso+ichi_shisu_juni,uma_deokure_ritsu,pace_yoso,ichi_shisu_juni,16,3340,71.31,9.23,66.79,False
COURSE_27_06_ダ_中距離,uma_deokure_ritsu+hizume_code+uma_start_shisu,uma_deokure_ritsu,hizume_code,uma_start_shisu,10,2571,72.13,8.71,66.74,False
COURSE_27_06_ダ_中距離,joken_class_code+uma_start_shisu+ten_shisu_juni,joken_class_code,uma_start_shisu,ten_shisu_juni,14,1821,73.72,13.35,66.72,False
COURSE_27_06_ダ_中距離,hizume_code+omo_tekisei_code+ichi_shisu_juni,hizume_code,omo_tekisei_code,ichi_shisu_juni,12,1344,74.19,13.24,66.7,False
COURSE_27_06_ダ_中距離,hizume_code+class_code+kyori_tekisei,hizume_code,class_code,kyori_tekisei,28,6150,71.34,12.57,66.69,False
COURSE_27_06_ダ_中距離,uma_deokure_ritsu+kyakushitsu+class_code,uma_deokure_ritsu,kyakushitsu,class_code,18,4744,70.59,8.47,66.68,False
COURSE_27_06_ダ_中距離,kishu_shisu+kyori_tekisei+kyusha_hyoka_code,kishu_shisu,kyori_tekisei,kyusha_hyoka_code,40,10272,70.81,13.32,66.68,False
COURSE_27_06_ダ_中距離,uma_deokure_ritsu+manken_shisu+kyusha_hyoka_code,uma_deokure_ritsu,manken_shisu,kyusha_hyoka_code,15,1845,71.57,9.7,66.66,False
COURSE_27_06_ダ_中距離,kyakushitsu+umakigo_code+nyukyu_nannichimae,kyakushitsu,umakigo_code,nyukyu_nannichimae,17,2118,72.11,11.59,66.6,False
COURSE_27_06_ダ_中距離,manken_shirushi+ls_shisu_juni+kyori_tekisei,manken_shirushi,ls_shisu_juni,kyori_tekisei,20,2345,71.51,11.2,66.6,False
COURSE_27_06_ダ_中距離,hizume_code+joken_class_code+ichi_shisu_juni,hizume_code,joken_class_code,ichi_shisu_juni,9,1122,72.23,8.62,66.6,False
COURSE_27_06_ダ_中距離,ichi_shisu_juni+ten_shisu_juni+kyori_tekisei,ichi_shisu_juni,ten_shisu_juni,kyori_tekisei,11,1900,73.26,11.29,66.58,False
COURSE_27_06_ダ_中距離,pace_yoso+joken_class_code+kishu_minarai_code,pace_yoso,joken_class_code,kishu_minarai_code,8,1328,73.6,10.14,66.57,False
COURSE_27_06_ダ_中距離,ichi_shisu_juni+uma_start_shisu+kyusha_hyoka_code,ichi_shisu_juni,uma_start_shisu,kyusha_hyoka_code,17,3868,70.22,7.72,66.55,False
COURSE_27_06_ダ_中距離,hizume_code+ten_shisu_juni+kyusha_hyoka_code,hizume_code,ten_shisu_juni,kyusha_hyoka_code,31,5292,70.25,10.56,66.54,False
COURSE_27_06_ダ_中距離,da_tekisei_code+kyakushitsu+kyori_tekisei,da_tekisei_code,kyakushitsu,kyori_tekisei,17,9917,72.09,11.69,66.54,False
COURSE_27_06_ダ_中距離,omo_tekisei_code+uma_start_shisu+ls_shisu_juni,omo_tekisei_code,uma_start_shisu,ls_shisu_juni,24,4464,71.66,12.81,66.53,False
COURSE_27_06_ダ_中距離,kishu_minarai_code+umakigo_code+kyori_tekisei,kishu_minarai_code,umakigo_code,kyori_tekisei,7,1373,79.92,18.12,66.49,False
COURSE_27_06_ダ_中距離,da_tekisei_code+nyukyu_nannichimae+kyusha_hyoka_code,da_tekisei_code,nyukyu_nannichimae,kyusha_hyoka_code,16,2409,72.08,11.46,66.46,False
COURSE_27_06_ダ_中距離,pace_yoso+joho_shisu+umakigo_code,pace_yoso,joho_shisu,umakigo_code,42,10325,70.33,12.77,66.46,False
COURSE_27_06_ダ_中距離,kyakushitsu+ichi_shisu_juni+ls_shisu_juni,kyakushitsu,ichi_shisu_juni,ls_shisu_juni,32,4272,71.45,14.47,66.44,False
COURSE_27_06_ダ_中距離,joken_class_code+ten_shisu_juni+ls_shisu_juni,joken_class_code,ten_shisu_juni,ls_shisu_juni,24,3195,72.58,15.38,66.42,False
COURSE_27_06_ダ_中距離,manken_shisu+uma_start_shisu+kyusha_hyoka_code,manken_shisu,uma_start_shisu,kyusha_hyoka_code,10,1096,75.41,14.51,66.41,False
COURSE_27_06_ダ_中距離,ichi_shisu_juni+ls_shisu_juni+kyori_tekisei,ichi_shisu_juni,ls_shisu_juni,kyori_tekisei,15,2576,72.84,12.87,66.33,False
COURSE_27_06_ダ_中距離,joken_class_code+da_tekisei_code+idm,joken_class_code,da_tekisei_code,idm,21,2678,71.76,12.72,66.32,False
COURSE_27_06_ダ_中距離,pace_yoso+ten_shisu_juni+ls_shisu_juni,pace_yoso,ten_shisu_juni,ls_shisu_juni,36,5112,71.09,14.65,66.3,False
COURSE_27_06_ダ_中距離,manken_shisu+ls_shisu_juni+umakigo_code,manken_shisu,ls_shisu_juni,umakigo_code,6,623,74.69,10.52,66.27,False
COURSE_27_06_ダ_中距離,ichi_shisu+kyakushitsu+umakigo_code,ichi_shisu,kyakushitsu,umakigo_code,8,2410,70.68,6.38,66.26,False
COURSE_27_06_ダ_中距離,omo_tekisei_code+class_code+kyusha_hyoka_code,omo_tekisei_code,class_code,kyusha_hyoka_code,18,11306,71.26,10.82,66.26,False
COURSE_27_06_ダ_中距離,uma_deokure_ritsu+joken_class_code+ls_shisu_juni,uma_deokure_ritsu,joken_class_code,ls_shisu_juni,18,4628,70.29,8.77,66.24,False
COURSE_27_06_ダ_中距離,joken_class_code+class_code+ten_shisu_juni,joken_class_code,class_code,ten_shisu_juni,49,9031,69.99,13.42,66.23,False
COURSE_27_06_ダ_中距離,ls_shisu_juni+umakigo_code+kyusha_hyoka_code,ls_shisu_juni,umakigo_code,kyusha_hyoka_code,14,13863,72.58,12.11,66.23,False
COURSE_27_06_ダ_中距離,uma_deokure_ritsu+ichi_shisu_juni+umakigo_code,uma_deokure_ritsu,ichi_shisu_juni,umakigo_code,13,4040,70.58,8.08,66.19,False
COURSE_27_06_ダ_中距離,hizume_code+ten_shisu_juni+kyori_tekisei,hizume_code,ten_shisu_juni,kyori_tekisei,3,323,78.44,10.85,66.17,False
COURSE_27_06_ダ_中距離,manken_shirushi+pace_yoso+ls_shisu_juni,manken_shirushi,pace_yoso,ls_shisu_juni,24,3560,71.32,13.0,66.11,False
COURSE_27_06_ダ_中距離,pace_yoso+joho_shisu+kyusha_hyoka_code,pace_yoso,joho_shisu,kyusha_hyoka_code,40,10157,69.99,12.63,66.08,False
COURSE_27_06_ダ_中距離,omo_tekisei_code+idm+umakigo_code,omo_tekisei_code,idm,umakigo_code,18,2024,73.19,15.38,66.08,False
COURSE_27_06_ダ_中距離,kishu_shisu+da_tekisei_code+kyori_tekisei,kishu_shisu,da_tekisei_code,kyori_tekisei,29,5959,70.39,11.94,66.04,False
COURSE_27_06_ダ_中距離,uma_deokure_ritsu+ten_shisu_juni+kyori_tekisei,uma_deokure_ritsu,ten_shisu_juni,kyori_tekisei,23,3036,71.04,12.26,66.03,False
COURSE_27_06_ダ_中距離,omo_tekisei_code+nyukyu_nannichimae+kyusha_hyoka_code,omo_tekisei_code,nyukyu_nannichimae,kyusha_hyoka_code,18,2464,71.2,11.24,66.01,False
COURSE_27_06_ダ_中距離,class_code+ten_shisu_juni+kyori_tekisei,class_code,ten_shisu_juni,kyori_tekisei,33,5082,71.08,14.93,65.99,False
COURSE_27_06_ダ_中距離,manken_shirushi+omo_tekisei_code+uma_start_shisu,manken_shirushi,omo_tekisei_code,uma_start_shisu,11,1425,74.11,13.74,65.99,False
COURSE_27_06_ダ_中距離,hizume_code+uma_start_shisu+kyusha_hyoka_code,hizume_code,uma_start_shisu,kyusha_hyoka_code,26,6141,69.54,9.25,65.98,False
COURSE_27_06_ダ_中距離,class_code+ls_shisu_juni+kyori_tekisei,class_code,ls_shisu_juni,kyori_tekisei,32,7585,70.9,14.23,65.97,False
COURSE_27_06_ダ_中距離,class_code+ten_shisu_juni+umakigo_code,class_code,ten_shisu_juni,umakigo_code,43,8006,70.17,14.11,65.96,False
COURSE_27_06_ダ_中距離,joken_class_code+kishu_shisu+umakigo_code,joken_class_code,kishu_shisu,umakigo_code,41,10335,72.33,20.89,65.93,False
COURSE_27_06_ダ_中距離,uma_deokure_ritsu+class_code+kyori_tekisei,uma_deokure_ritsu,class_code,kyori_tekisei,15,5027,72.76,13.56,65.9,False
COURSE_27_06_ダ_中距離,kishu_shisu+kyakushitsu+umakigo_code,kishu_shisu,kyakushitsu,umakigo_code,46,9626,69.78,13.43,65.9,False
COURSE_27_06_ダ_中距離,uma_deokure_ritsu+manken_shirushi+kyakushitsu,uma_deokure_ritsu,manken_shirushi,kyakushitsu,14,1842,71.99,11.67,65.88,False
COURSE_27_06_ダ_中距離,manken_shisu+uma_start_shisu+umakigo_code,manken_shisu,uma_start_shisu,umakigo_code,12,1296,72.89,12.41,65.87,False
COURSE_27_06_ダ_中距離,joho_shisu+umakigo_code+kyori_tekisei,joho_shisu,umakigo_code,kyori_tekisei,27,6966,69.84,10.51,65.87,False
COURSE_27_06_ダ_中距離,uma_deokure_ritsu+uma_start_shisu+kyusha_hyoka_code,uma_deokure_ritsu,uma_start_shisu,kyusha_hyoka_code,17,5128,72.08,13.09,65.86,False
COURSE_27_06_ダ_中距離,pace_yoso+da_tekisei_code+joho_shisu,pace_yoso,da_tekisei_code,joho_shisu,16,4680,72.06,12.7,65.84,False
COURSE_27_06_ダ_中距離,pace_yoso+class_code+uma_start_shisu,pace_yoso,class_code,uma_start_shisu,29,6467,69.82,11.12,65.78,False
COURSE_27_06_ダ_中距離,ten_shisu_juni+ls_shisu_juni+kyori_tekisei,ten_shisu_juni,ls_shisu_juni,kyori_tekisei,17,2074,72.76,14.73,65.76,False
COURSE_27_06_ダ_中距離,hizume_code+ichi_shisu_juni+kyusha_hyoka_code,hizume_code,ichi_shisu_juni,kyusha_hyoka_code,29,5222,69.09,9.22,65.74,False
COURSE_27_06_ダ_中距離,hizume_code+omo_tekisei_code+uma_start_shisu,hizume_code,omo_tekisei_code,uma_start_shisu,18,3464,70.23,9.78,65.71,False
COURSE_27_06_ダ_中距離,kishu_shisu+ls_shisu_juni+umakigo_code,kishu_shisu,ls_shisu_juni,umakigo_code,41,8199,70.85,16.97,65.66,False
COURSE_27_06_ダ_中距離,uma_deokure_ritsu+ls_shisu_juni+umakigo_code,uma_deokure_ritsu,ls_shisu_juni,umakigo_code,18,5947,70.12,9.68,65.64,False
COURSE_27_06_ダ_中距離,uma_deokure_ritsu+ichi_shisu_juni+ls_shisu_juni,uma_deokure_ritsu,ichi_shisu_juni,ls_shisu_juni,9,1049,69.87,6.52,65.61,False
COURSE_27_06_ダ_中距離,kishu_shisu+kyakushitsu+kyusha_hyoka_code,kishu_shisu,kyakushitsu,kyusha_hyoka_code,45,9745,69.26,12.58,65.58,False
COURSE_27_06_ダ_中距離,pace_yoso+kyusha_shisu+kyusha_hyoka_code,pace_yoso,kyusha_shisu,kyusha_hyoka_code,4,643,70.96,5.61,65.46,False
COURSE_27_06_ダ_中距離,manken_shirushi+pace_yoso+uma_start_shisu,manken_shirushi,pace_yoso,uma_start_shisu,8,1642,74.67,13.37,65.41,False
COURSE_27_06_ダ_中距離,pace_yoso+ichi_shisu+ls_shisu_juni,pace_yoso,ichi_shisu,ls_shisu_juni,7,1463,70.44,6.88,65.34,False
COURSE_27_06_ダ_中距離,uma_deokure_ritsu+ls_shisu_juni+kyori_tekisei,uma_deokure_ritsu,ls_shisu_juni,kyori_tekisei,21,4426,70.54,12.19,65.33,False
COURSE_27_06_ダ_中距離,omo_tekisei_code+joho_shisu+kyusha_hyoka_code,omo_tekisei_code,joho_shisu,kyusha_hyoka_code,20,5996,70.79,12.47,65.32,False
COURSE_27_06_ダ_中距離,kishu_shisu+ichi_shisu_juni+kyori_tekisei,kishu_shisu,ichi_shisu_juni,kyori_tekisei,4,677,70.56,5.41,65.26,False
COURSE_27_06_ダ_中距離,joho_shisu+kyori_tekisei+kyusha_hyoka_code,joho_shisu,kyori_tekisei,kyusha_hyoka_code,30,7377,69.06,10.67,65.24,False
COURSE_27_06_ダ_中距離,joken_class_code+kyori_tekisei+kyusha_hyoka_code,joken_class_code,kyori_tekisei,kyusha_hyoka_code,15,13363,71.45,12.39,65.18,False
COURSE_27_06_ダ_中距離,uma_deokure_ritsu+pace_yoso+ls_shisu_juni,uma_deokure_ritsu,pace_yoso,ls_shisu_juni,17,4514,70.28,10.75,65.17,False
COURSE_27_06_ダ_中距離,manken_shirushi+joken_class_code+ichi_shisu_juni,manken_shirushi,joken_class_code,ichi_shisu_juni,8,1332,73.32,11.81,65.14,False
COURSE_27_06_ダ_中距離,class_code+ten_shisu_juni+kyusha_hyoka_code,class_code,ten_shisu_juni,kyusha_hyoka_code,47,8551,69.14,14.03,65.13,False
COURSE_27_06_ダ_中距離,uma_deokure_ritsu+class_code+ten_shisu_juni,uma_deokure_ritsu,class_code,ten_shisu_juni,10,1450,73.8,14.07,65.08,False
COURSE_27_06_ダ_中距離,uma_deokure_ritsu+ichi_shisu_juni+kyori_tekisei,uma_deokure_ritsu,ichi_shisu_juni,kyori_tekisei,17,2846,69.99,10.46,65.02,False
COURSE_27_06_ダ_中距離,uma_start_shisu+ls_shisu_juni+kyusha_hyoka_code,uma_start_shisu,ls_shisu_juni,kyusha_hyoka_code,28,7260,70.02,13.54,65.01,False
COURSE_27_06_ダ_中距離,omo_tekisei_code+uma_start_shisu+ten_shisu_juni,omo_tekisei_code,uma_start_shisu,ten_shisu_juni,17,2094,71.55,13.85,64.97,False
COURSE_27_06_ダ_中距離,uma_deokure_ritsu+hizume_code+ten_shisu_juni,uma_deokure_ritsu,hizume_code,ten_shisu_juni,5,555,74.35,10.73,64.95,False
COURSE_27_06_ダ_中距離,uma_deokure_ritsu+omo_tekisei_code+class_code,uma_deokure_ritsu,omo_tekisei_code,class_code,17,5265,69.75,10.17,64.92,False
COURSE_27_06_ダ_中距離,kishu_shisu+ls_shisu_juni+kyusha_hyoka_code,kishu_shisu,ls_shisu_juni,kyusha_hyoka_code,37,7903,70.9,18.67,64.89,False
COURSE_27_06_ダ_中距離,uma_start_shisu+ls_shisu_juni+kyori_tekisei,uma_start_shisu,ls_shisu_juni,kyori_tekisei,23,4155,69.91,12.34,64.87,False
COURSE_27_06_ダ_中距離,joken_class_code+umakigo_code+kyori_tekisei,joken_class_code,umakigo_code,kyori_tekisei,16,13639,70.68,11.87,64.86,False
COURSE_27_06_ダ_中距離,ichi_shisu_juni+uma_start_shisu+umakigo_code,ichi_shisu_juni,uma_start_shisu,umakigo_code,16,3819,69.14,8.74,64.86,False
COURSE_27_06_ダ_中距離,pace_yoso+joken_class_code+idm,pace_yoso,joken_class_code,idm,21,2668,71.64,15.93,64.83,False
COURSE_27_06_ダ_中距離,uma_deokure_ritsu+ls_shisu_juni+kyusha_hyoka_code,uma_deokure_ritsu,ls_shisu_juni,kyusha_hyoka_code,18,5821,68.82,8.65,64.82,False
COURSE_27_06_ダ_中距離,uma_deokure_ritsu+ichi_shisu_juni+kyusha_hyoka_code,uma_deokure_ritsu,ichi_shisu_juni,kyusha_hyoka_code,12,3842,69.39,8.21,64.74,False
COURSE_27_06_ダ_中距離,uma_deokure_ritsu+joken_class_code+ten_shisu_juni,uma_deokure_ritsu,joken_class_code,ten_shisu_juni,17,2968,71.56,14.43,64.7,False
COURSE_27_06_ダ_中距離,ichi_shisu+ichi_shisu_juni+ten_shisu_juni,ichi_shisu,ichi_shisu_juni,ten_shisu_juni,9,1357,71.37,10.22,64.7,False
COURSE_27_06_ダ_中距離,pace_yoso+kishu_shisu+da_tekisei_code,pace_yoso,kishu_shisu,da_tekisei_code,32,7124,70.13,15.7,64.69,False
COURSE_27_06_ダ_中距離,ichi_shisu+ten_shisu_juni+kyusha_hyoka_code,ichi_shisu,ten_shisu_juni,kyusha_hyoka_code,9,1427,70.97,9.67,64.65,False
COURSE_27_06_ダ_中距離,joken_class_code+kishu_shisu+kyusha_hyoka_code,joken_class_code,kishu_shisu,kyusha_hyoka_code,41,10359,70.8,20.31,64.59,False
COURSE_27_06_ダ_中距離,hizume_code+kyakushitsu+uma_start_shisu,hizume_code,kyakushitsu,uma_start_shisu,18,3160,68.57,8.7,64.55,False
COURSE_27_06_ダ_中距離,kishu_minarai_code+ls_shisu_juni+umakigo_code,kishu_minarai_code,ls_shisu_juni,umakigo_code,5,794,72.27,8.83,64.53,False
COURSE_27_06_ダ_中距離,pace_yoso+omo_tekisei_code+kishu_minarai_code,pace_yoso,omo_tekisei_code,kishu_minarai_code,6,828,75.94,14.27,64.52,False
COURSE_27_06_ダ_中距離,uma_deokure_ritsu+hizume_code+omo_tekisei_code,uma_deokure_ritsu,hizume_code,omo_tekisei_code,16,3657,70.13,11.5,64.49,False
COURSE_27_06_ダ_中距離,omo_tekisei_code+kishu_minarai_code+class_code,omo_tekisei_code,kishu_minarai_code,class_code,4,482,70.98,6.65,64.47,False
COURSE_27_06_ダ_中距離,joken_class_code+kishu_shisu+ichi_shisu_juni,joken_class_code,kishu_shisu,ichi_shisu_juni,4,694,69.13,4.82,64.41,False
COURSE_27_06_ダ_中距離,omo_tekisei_code+joken_class_code+manken_shisu,omo_tekisei_code,joken_class_code,manken_shisu,13,1524,69.85,10.08,64.37,False
COURSE_27_06_ダ_中距離,ichi_shisu+joken_class_code+ls_shisu_juni,ichi_shisu,joken_class_code,ls_shisu_juni,7,1700,69.13,6.45,64.35,False
COURSE_27_06_ダ_中距離,manken_shisu+class_code+kyori_tekisei,manken_shisu,class_code,kyori_tekisei,11,1200,73.5,15.5,64.35,False
COURSE_27_06_ダ_中距離,ichi_shisu+ls_shisu_juni+umakigo_code,ichi_shisu,ls_shisu_juni,umakigo_code,7,1694,69.25,6.62,64.34,False
COURSE_27_06_ダ_中距離,ichi_shisu+ls_shisu_juni+kyori_tekisei,ichi_shisu,ls_shisu_juni,kyori_tekisei,7,1694,68.61,5.77,64.34,False
COURSE_27_06_ダ_中距離,pace_yoso+kishu_shisu+kyori_tekisei,pace_yoso,kishu_shisu,kyori_tekisei,44,8856,68.81,15.17,64.33,False
COURSE_27_06_ダ_中距離,pace_yoso+omo_tekisei_code+kishu_shisu,pace_yoso,omo_tekisei_code,kishu_shisu,36,7357,69.6,16.32,64.27,False
COURSE_27_06_ダ_中距離,uma_deokure_ritsu+joken_class_code+manken_shisu,uma_deokure_ritsu,joken_class_code,manken_shisu,5,544,74.78,12.05,64.22,False
COURSE_27_06_ダ_中距離,hizume_code+kyakushitsu+ls_shisu_juni,hizume_code,kyakushitsu,ls_shisu_juni,22,3700,70.15,14.21,64.21,False
COURSE_27_06_ダ_中距離,hizume_code+uma_start_shisu+kyori_tekisei,hizume_code,uma_start_shisu,kyori_tekisei,15,2873,69.13,9.74,64.2,False
COURSE_27_06_ダ_中距離,ichi_shisu+ten_shisu_juni+umakigo_code,ichi_shisu,ten_shisu_juni,umakigo_code,9,1534,70.41,9.54,64.18,False
COURSE_27_06_ダ_中距離,kyakushitsu+kishu_minarai_code+kyusha_hyoka_code,kyakushitsu,kishu_minarai_code,kyusha_hyoka_code,6,1049,74.88,13.43,64.14,False
COURSE_27_06_ダ_中距離,kishu_minarai_code+joho_shisu+kyusha_hyoka_code,kishu_minarai_code,joho_shisu,kyusha_hyoka_code,3,610,70.59,5.7,64.14,False
COURSE_27_06_ダ_中距離,joken_class_code+class_code+nyukyu_nannichimae,joken_class_code,class_code,nyukyu_nannichimae,8,888,72.45,12.08,64.08,False
COURSE_27_06_ダ_中距離,kyakushitsu+nyukyu_nannichimae+kyusha_hyoka_code,kyakushitsu,nyukyu_nannichimae,kyusha_hyoka_code,15,1923,69.56,10.84,64.07,False
COURSE_27_06_ダ_中距離,joken_class_code+uma_start_shisu+ls_shisu_juni,joken_class_code,uma_start_shisu,ls_shisu_juni,19,3843,69.57,12.24,64.07,False
COURSE_27_06_ダ_中距離,manken_shirushi+ichi_shisu+kyusha_hyoka_code,manken_shirushi,ichi_shisu,kyusha_hyoka_code,8,975,71.7,11.07,64.03,False
COURSE_27_06_ダ_中距離,ichi_shisu+kyakushitsu+ls_shisu_juni,ichi_shisu,kyakushitsu,ls_shisu_juni,7,1570,69.01,6.81,63.96,False
COURSE_27_06_ダ_中距離,joken_class_code+manken_shisu+kyori_tekisei,joken_class_code,manken_shisu,kyori_tekisei,24,4288,69.07,12.9,63.91,False
COURSE_27_06_ダ_中距離,uma_deokure_ritsu+omo_tekisei_code+ls_shisu_juni,uma_deokure_ritsu,omo_tekisei_code,ls_shisu_juni,21,4571,69.37,12.99,63.81,False
COURSE_27_06_ダ_中距離,kyakushitsu+class_code+uma_start_shisu,kyakushitsu,class_code,uma_start_shisu,24,4676,69.27,13.74,63.78,False
COURSE_27_06_ダ_中距離,kyakushitsu+kishu_minarai_code+umakigo_code,kyakushitsu,kishu_minarai_code,umakigo_code,6,1032,74.15,12.95,63.78,False
COURSE_27_06_ダ_中距離,pace_yoso+kishu_shisu+kyakushitsu,pace_yoso,kishu_shisu,kyakushitsu,36,6874,68.98,16.01,63.75,False
COURSE_27_06_ダ_中距離,manken_shisu+ls_shisu_juni+kyusha_hyoka_code,manken_shisu,ls_shisu_juni,kyusha_hyoka_code,7,735,72.96,12.51,63.7,False
COURSE_27_06_ダ_中距離,manken_shirushi+ichi_shisu+joken_class_code,manken_shirushi,ichi_shisu,joken_class_code,8,1025,72.43,12.67,63.66,False
COURSE_27_06_ダ_中距離,uma_deokure_ritsu+hizume_code+ichi_shisu_juni,uma_deokure_ritsu,hizume_code,ichi_shisu_juni,7,878,70.61,9.4,63.64,False
COURSE_27_06_ダ_中距離,manken_shirushi+ichi_shisu+umakigo_code,manken_shirushi,ichi_shisu,umakigo_code,8,1017,72.22,12.38,63.64,False
COURSE_27_06_ダ_中距離,ichi_shisu+joken_class_code+ten_shisu_juni,ichi_shisu,joken_class_code,ten_shisu_juni,9,1559,69.5,9.04,63.6,False
COURSE_27_06_ダ_中距離,uma_deokure_ritsu+hizume_code+kyori_tekisei,uma_deokure_ritsu,hizume_code,kyori_tekisei,18,3515,68.53,10.69,63.59,False
COURSE_27_06_ダ_中距離,kyakushitsu+uma_start_shisu+ls_shisu_juni,kyakushitsu,uma_start_shisu,ls_shisu_juni,21,4019,68.92,12.54,63.56,False
COURSE_27_06_ダ_中距離,ichi_shisu+ls_shisu_juni+kyusha_hyoka_code,ichi_shisu,ls_shisu_juni,kyusha_hyoka_code,7,1594,68.93,7.24,63.56,False
COURSE_27_06_ダ_中距離,class_code+uma_start_shisu+ten_shisu_juni,class_code,uma_start_shisu,ten_shisu_juni,4,485,74.26,10.93,63.54,False
COURSE_27_06_ダ_中距離,pace_yoso+joken_class_code+kishu_shisu,pace_yoso,joken_class_code,kishu_shisu,43,8608,69.77,21.1,63.47,False
COURSE_27_06_ダ_中距離,uma_deokure_ritsu+ichi_shisu_juni+uma_start_shisu,uma_deokure_ritsu,ichi_shisu_juni,uma_start_shisu,10,2219,69.15,9.43,63.3,False
COURSE_27_06_ダ_中距離,uma_deokure_ritsu+ten_shisu_juni+umakigo_code,uma_deokure_ritsu,ten_shisu_juni,umakigo_code,16,4219,68.66,11.48,63.03,False
COURSE_27_06_ダ_中距離,uma_deokure_ritsu+uma_start_shisu+ls_shisu_juni,uma_deokure_ritsu,uma_start_shisu,ls_shisu_juni,10,2996,67.91,7.92,63.01,False
COURSE_27_06_ダ_中距離,uma_deokure_ritsu+pace_yoso+uma_start_shisu,uma_deokure_ritsu,pace_yoso,uma_start_shisu,12,4061,71.06,14.44,62.89,False
COURSE_27_06_ダ_中距離,uma_deokure_ritsu+joken_class_code+uma_start_shisu,uma_deokure_ritsu,joken_class_code,uma_start_shisu,9,3864,70.28,11.35,62.87,False
COURSE_27_06_ダ_中距離,ichi_shisu+ten_shisu_juni+kyori_tekisei,ichi_shisu,ten_shisu_juni,kyori_tekisei,9,1556,69.06,9.5,62.86,False
COURSE_27_06_ダ_中距離,hizume_code+nyukyu_nannichimae+kyusha_hyoka_code,hizume_code,nyukyu_nannichimae,kyusha_hyoka_code,3,342,73.0,8.97,62.85,False
COURSE_27_06_ダ_中距離,kishu_shisu+da_tekisei_code+class_code,kishu_shisu,da_tekisei_code,class_code,26,5128,66.9,10.54,62.85,False
COURSE_27_06_ダ_中距離,omo_tekisei_code+idm+kyusha_hyoka_code,omo_tekisei_code,idm,kyusha_hyoka_code,15,1700,70.26,14.7,62.82,False
COURSE_27_06_ダ_中距離,uma_deokure_ritsu+kyakushitsu+ls_shisu_juni,uma_deokure_ritsu,kyakushitsu,ls_shisu_juni,22,4345,68.55,13.7,62.82,False
COURSE_27_06_ダ_中距離,ichi_shisu+kishu_shisu+umakigo_code,ichi_shisu,kishu_shisu,umakigo_code,3,616,67.88,4.51,62.78,False
COURSE_27_06_ダ_中距離,hizume_code+ls_shisu_juni+kyori_tekisei,hizume_code,ls_shisu_juni,kyori_tekisei,28,4493,68.52,15.51,62.77,False
COURSE_27_06_ダ_中距離,da_tekisei_code+kishu_minarai_code+class_code,da_tekisei_code,kishu_minarai_code,class_code,4,704,72.8,10.25,62.75,False
COURSE_27_06_ダ_中距離,class_code+nyukyu_nannichimae+kyusha_hyoka_code,class_code,nyukyu_nannichimae,kyusha_hyoka_code,8,844,71.17,12.3,62.65,False
COURSE_27_06_ダ_中距離,joho_shisu+class_code+umakigo_code,joho_shisu,class_code,umakigo_code,11,4077,68.42,9.81,62.62,False
COURSE_27_06_ダ_中距離,kishu_shisu+class_code+kyusha_hyoka_code,kishu_shisu,class_code,kyusha_hyoka_code,32,6623,67.11,13.05,62.59,False
COURSE_27_06_ダ_中距離,pace_yoso+ichi_shisu+ten_shisu_juni,pace_yoso,ichi_shisu,ten_shisu_juni,9,1376,69.86,11.12,62.59,False
COURSE_27_06_ダ_中距離,manken_shirushi+kyakushitsu+uma_start_shisu,manken_shirushi,kyakushitsu,uma_start_shisu,11,1395,68.95,10.76,62.59,False
COURSE_27_06_ダ_中距離,kishu_shisu+class_code+umakigo_code,kishu_shisu,class_code,umakigo_code,30,6167,67.6,14.14,62.54,False
COURSE_27_06_ダ_中距離,uma_deokure_ritsu+hizume_code+class_code,uma_deokure_ritsu,hizume_code,class_code,12,2234,68.17,9.96,62.53,False
COURSE_27_06_ダ_中距離,ichi_shisu_juni+uma_start_shisu+kyori_tekisei,ichi_shisu_juni,uma_start_shisu,kyori_tekisei,14,2054,68.96,12.37,62.49,False
COURSE_27_06_ダ_中距離,pace_yoso+uma_start_shisu+ten_shisu_juni,pace_yoso,uma_start_shisu,ten_shisu_juni,14,2593,69.02,12.47,62.49,False
COURSE_27_06_ダ_中距離,joho_shisu+class_code+kyusha_hyoka_code,joho_shisu,class_code,kyusha_hyoka_code,10,4120,67.92,8.9,62.41,False
COURSE_27_06_ダ_中距離,joken_class_code+kishu_shisu+kyori_tekisei,joken_class_code,kishu_shisu,kyori_tekisei,28,6809,65.92,9.67,62.34,False
COURSE_27_06_ダ_中距離,kishu_shisu+ls_shisu_juni+kyori_tekisei,kishu_shisu,ls_shisu_juni,kyori_tekisei,19,3300,69.89,16.92,62.29,False
COURSE_27_06_ダ_中距離,joken_class_code+kishu_shisu+class_code,joken_class_code,kishu_shisu,class_code,33,6825,69.32,20.72,62.25,False
COURSE_27_06_ダ_中距離,joken_class_code+da_tekisei_code+kishu_minarai_code,joken_class_code,da_tekisei_code,kishu_minarai_code,4,761,73.74,11.73,62.24,False
COURSE_27_06_ダ_中距離,joken_class_code+joho_shisu+class_code,joken_class_code,joho_shisu,class_code,10,4227,68.9,10.74,62.24,False
COURSE_27_06_ダ_中距離,pace_yoso+kishu_shisu+ls_shisu_juni,pace_yoso,kishu_shisu,ls_shisu_juni,23,4697,67.76,13.68,62.17,False
COURSE_27_06_ダ_中距離,joken_class_code+idm+kyori_tekisei,joken_class_code,idm,kyori_tekisei,19,2842,68.07,13.12,62.17,False
COURSE_27_06_ダ_中距離,pace_yoso+kishu_minarai_code+class_code,pace_yoso,kishu_minarai_code,class_code,4,595,71.59,9.65,62.13,False
COURSE_27_06_ダ_中距離,joken_class_code+joho_shisu+kyori_tekisei,joken_class_code,joho_shisu,kyori_tekisei,26,5946,66.43,11.58,61.98,False
COURSE_27_06_ダ_中距離,pace_yoso+ichi_shisu_juni+uma_start_shisu,pace_yoso,ichi_shisu_juni,uma_start_shisu,15,2896,67.59,11.33,61.85,False
COURSE_27_06_ダ_中距離,kyakushitsu+joho_shisu+umakigo_code,kyakushitsu,joho_shisu,umakigo_code,9,5010,70.03,12.83,61.65,False
COURSE_27_06_ダ_中距離,uma_deokure_ritsu+kishu_minarai_code+kyusha_hyoka_code,uma_deokure_ritsu,kishu_minarai_code,kyusha_hyoka_code,3,490,72.53,9.63,61.63,False
COURSE_27_06_ダ_中距離,manken_shirushi+ichi_shisu+kyori_tekisei,manken_shirushi,ichi_shisu,kyori_tekisei,8,1010,71.31,14.03,61.59,False
COURSE_27_06_ダ_中距離,uma_deokure_ritsu+class_code+ls_shisu_juni,uma_deokure_ritsu,class_code,ls_shisu_juni,17,3280,67.9,13.31,61.57,False
COURSE_27_06_ダ_中距離,joken_class_code+kishu_shisu+da_tekisei_code,joken_class_code,kishu_shisu,da_tekisei_code,28,5630,66.52,13.4,61.56,False
COURSE_27_06_ダ_中距離,manken_shirushi+kyakushitsu+ichi_shisu_juni,manken_shirushi,kyakushitsu,ichi_shisu_juni,8,907,71.64,14.7,61.45,False
COURSE_27_06_ダ_中距離,manken_shirushi+ichi_shisu+ichi_shisu_juni,manken_shirushi,ichi_shisu,ichi_shisu_juni,8,907,71.64,14.7,61.45,False
COURSE_27_06_ダ_中距離,pace_yoso+idm+class_code,pace_yoso,idm,class_code,9,1065,70.99,14.63,61.44,False
COURSE_27_06_ダ_中距離,manken_shirushi+omo_tekisei_code+ls_shisu_juni,manken_shirushi,omo_tekisei_code,ls_shisu_juni,8,886,70.72,13.54,61.34,False
COURSE_27_06_ダ_中距離,ichi_shisu+kyakushitsu+ten_shisu_juni,ichi_shisu,kyakushitsu,ten_shisu_juni,9,1501,68.14,10.45,61.32,False
COURSE_27_06_ダ_中距離,omo_tekisei_code+joken_class_code+kishu_shisu,omo_tekisei_code,joken_class_code,kishu_shisu,31,5383,66.86,15.89,61.27,False
COURSE_27_06_ダ_中距離,manken_shirushi+pace_yoso+ichi_shisu,manken_shirushi,pace_yoso,ichi_shisu,8,910,71.09,14.17,61.26,False
COURSE_27_06_ダ_中距離,manken_shirushi+ichi_shisu+kyakushitsu,manken_shirushi,ichi_shisu,kyakushitsu,8,953,70.9,13.97,61.22,False
COURSE_27_06_ダ_中距離,omo_tekisei_code+ichi_shisu_juni+ls_shisu_juni,omo_tekisei_code,ichi_shisu_juni,ls_shisu_juni,9,989,69.9,13.51,61.07,False
COURSE_27_06_ダ_中距離,manken_shirushi+ichi_shisu_juni+kyori_tekisei,manken_shirushi,ichi_shisu_juni,kyori_tekisei,8,1096,70.09,13.1,61.01,False
COURSE_27_06_ダ_中距離,pace_yoso+kishu_shisu+class_code,pace_yoso,kishu_shisu,class_code,26,4569,65.42,11.51,61.0,False
COURSE_27_06_ダ_中距離,ichi_shisu+kishu_shisu+kyakushitsu,ichi_shisu,kishu_shisu,kyakushitsu,3,568,68.64,6.79,60.96,False
COURSE_27_06_ダ_中距離,hizume_code+ichi_shisu_juni+uma_start_shisu,hizume_code,ichi_shisu_juni,uma_start_shisu,3,306,78.0,15.06,60.95,False
COURSE_27_06_ダ_中距離,da_tekisei_code+kishu_minarai_code+kyori_tekisei,da_tekisei_code,kishu_minarai_code,kyori_tekisei,4,697,76.54,15.95,60.91,False
COURSE_27_06_ダ_中距離,omo_tekisei_code+kishu_shisu+da_tekisei_code,omo_tekisei_code,kishu_shisu,da_tekisei_code,28,5179,64.55,9.89,60.89,False
COURSE_27_06_ダ_中距離,idm+class_code+kyori_tekisei,idm,class_code,kyori_tekisei,10,1129,68.92,13.17,60.76,False
COURSE_27_06_ダ_中距離,omo_tekisei_code+joken_class_code+idm,omo_tekisei_code,joken_class_code,idm,12,1382,69.33,15.2,60.73,False
COURSE_27_06_ダ_中距離,omo_tekisei_code+joken_class_code+kishu_minarai_code,omo_tekisei_code,joken_class_code,kishu_minarai_code,5,767,69.16,9.66,60.69,False
COURSE_27_06_ダ_中距離,uma_deokure_ritsu+ten_shisu_juni+kyusha_hyoka_code,uma_deokure_ritsu,ten_shisu_juni,kyusha_hyoka_code,15,4021,67.03,12.99,60.45,False
COURSE_27_06_ダ_中距離,omo_tekisei_code+manken_shisu+kyori_tekisei,omo_tekisei_code,manken_shisu,kyori_tekisei,5,512,71.33,12.51,60.37,False
COURSE_27_06_ダ_中距離,ichi_shisu+kishu_shisu+kyusha_hyoka_code,ichi_shisu,kishu_shisu,kyusha_hyoka_code,3,559,68.93,7.58,60.35,False
COURSE_27_06_ダ_中距離,ichi_shisu+kishu_shisu+kyori_tekisei,ichi_shisu,kishu_shisu,kyori_tekisei,4,711,66.65,6.45,60.33,False
COURSE_27_06_ダ_中距離,pace_yoso+kyakushitsu+joho_shisu,pace_yoso,kyakushitsu,joho_shisu,12,4909,68.13,13.9,60.26,False
COURSE_27_06_ダ_中距離,ichi_shisu+joken_class_code+kyori_tekisei,ichi_shisu,joken_class_code,kyori_tekisei,4,2068,65.61,5.51,60.22,False
COURSE_27_06_ダ_中距離,pace_yoso+joho_shisu+class_code,pace_yoso,joho_shisu,class_code,12,3806,67.11,12.22,60.2,False
COURSE_27_06_ダ_中距離,ichi_shisu+joken_class_code+umakigo_code,ichi_shisu,joken_class_code,umakigo_code,10,2849,67.19,11.42,60.12,False
COURSE_27_06_ダ_中距離,joken_class_code+kishu_shisu+ls_shisu_juni,joken_class_code,kishu_shisu,ls_shisu_juni,19,3419,69.8,21.54,60.11,False
COURSE_27_06_ダ_中距離,class_code+uma_start_shisu+ls_shisu_juni,class_code,uma_start_shisu,ls_shisu_juni,14,2284,66.09,11.42,60.11,False
COURSE_27_06_ダ_中距離,kishu_shisu+joho_shisu+ls_shisu_juni,kishu_shisu,joho_shisu,ls_shisu_juni,15,3135,70.71,20.98,60.1,False
COURSE_27_06_ダ_中距離,uma_start_shisu+nyukyu_nannichimae+kyusha_hyoka_code,uma_start_shisu,nyukyu_nannichimae,kyusha_hyoka_code,5,628,66.7,7.65,59.99,False
COURSE_27_06_ダ_中距離,uma_deokure_ritsu+hizume_code+ls_shisu_juni,uma_deokure_ritsu,hizume_code,ls_shisu_juni,11,1737,68.18,13.88,59.98,False
COURSE_27_06_ダ_中距離,omo_tekisei_code+kishu_shisu+joho_shisu,omo_tekisei_code,kishu_shisu,joho_shisu,16,3446,67.35,15.11,59.94,False
COURSE_27_06_ダ_中距離,kyakushitsu+joho_shisu+kyusha_hyoka_code,kyakushitsu,joho_shisu,kyusha_hyoka_code,10,5170,71.23,18.34,59.86,False
COURSE_27_06_ダ_中距離,omo_tekisei_code+da_tekisei_code+joho_shisu,omo_tekisei_code,da_tekisei_code,joho_shisu,11,3780,68.21,14.18,59.83,False
COURSE_27_06_ダ_中距離,uma_start_shisu+ten_shisu_juni+umakigo_code,uma_start_shisu,ten_shisu_juni,umakigo_code,19,4044,66.14,14.08,59.81,False
COURSE_27_06_ダ_中距離,ichi_shisu+kyori_tekisei+kyusha_hyoka_code,ichi_shisu,kyori_tekisei,kyusha_hyoka_code,5,2052,64.92,5.85,59.79,False
COURSE_27_06_ダ_中距離,pace_yoso+kishu_minarai_code+kyori_tekisei,pace_yoso,kishu_minarai_code,kyori_tekisei,7,1020,69.7,13.4,59.78,False
COURSE_27_06_ダ_中距離,manken_shirushi+kishu_shisu+umakigo_code,manken_shirushi,kishu_shisu,umakigo_code,21,2727,66.54,16.06,59.66,False
COURSE_27_06_ダ_中距離,uma_start_shisu+ten_shisu_juni+kyusha_hyoka_code,uma_start_shisu,ten_shisu_juni,kyusha_hyoka_code,18,3909,66.08,14.13,59.55,False
COURSE_27_06_ダ_中距離,pace_yoso+kyakushitsu+nyukyu_nannichimae,pace_yoso,kyakushitsu,nyukyu_nannichimae,8,883,67.78,11.9,59.54,False
COURSE_27_06_ダ_中距離,uma_deokure_ritsu+class_code+uma_start_shisu,uma_deokure_ritsu,class_code,uma_start_shisu,9,3219,70.07,16.23,59.47,False
COURSE_27_06_ダ_中距離,omo_tekisei_code+kishu_shisu+kyori_tekisei,omo_tekisei_code,kishu_shisu,kyori_tekisei,30,5075,63.99,13.03,59.32,False
COURSE_27_06_ダ_中距離,ichi_shisu+joho_shisu+ten_shisu_juni,ichi_shisu,joho_shisu,ten_shisu_juni,3,423,71.5,10.76,59.32,False
COURSE_27_06_ダ_中距離,omo_tekisei_code+kyakushitsu+joho_shisu,omo_tekisei_code,kyakushitsu,joho_shisu,14,4110,64.09,9.3,59.22,False
COURSE_27_06_ダ_中距離,omo_tekisei_code+da_tekisei_code+manken_shisu,omo_tekisei_code,da_tekisei_code,manken_shisu,4,436,70.87,11.99,59.11,False
COURSE_27_06_ダ_中距離,ichi_shisu+joken_class_code+kyusha_hyoka_code,ichi_shisu,joken_class_code,kyusha_hyoka_code,10,2692,66.55,12.05,59.08,False
COURSE_27_06_ダ_中距離,hizume_code+kishu_shisu+umakigo_code,hizume_code,kishu_shisu,umakigo_code,30,4846,64.13,14.31,59.01,False
COURSE_27_06_ダ_中距離,uma_start_shisu+umakigo_code+nyukyu_nannichimae,uma_start_shisu,umakigo_code,nyukyu_nannichimae,5,641,68.65,11.02,58.99,False
COURSE_27_06_ダ_中距離,pace_yoso+omo_tekisei_code+joho_shisu,pace_yoso,omo_tekisei_code,joho_shisu,9,4382,65.04,9.31,58.95,False
COURSE_27_06_ダ_中距離,joho_shisu+ls_shisu_juni+kyusha_hyoka_code,joho_shisu,ls_shisu_juni,kyusha_hyoka_code,10,4887,67.91,14.62,58.86,False
COURSE_27_06_ダ_中距離,hizume_code+class_code+ls_shisu_juni,hizume_code,class_code,ls_shisu_juni,14,2185,67.91,17.36,58.81,False
COURSE_27_06_ダ_中距離,pace_yoso+joho_shisu+ls_shisu_juni,pace_yoso,joho_shisu,ls_shisu_juni,15,4713,66.62,15.52,58.76,False
COURSE_27_06_ダ_中距離,uma_deokure_ritsu+omo_tekisei_code+uma_start_shisu,uma_deokure_ritsu,omo_tekisei_code,uma_start_shisu,8,3610,67.49,12.61,58.75,False
COURSE_27_06_ダ_中距離,da_tekisei_code+joho_shisu+kyori_tekisei,da_tekisei_code,joho_shisu,kyori_tekisei,8,3366,67.37,12.45,58.74,False
COURSE_27_06_ダ_中距離,kishu_shisu+uma_start_shisu+umakigo_code,kishu_shisu,uma_start_shisu,umakigo_code,22,3828,64.56,14.03,58.7,False
COURSE_27_06_ダ_中距離,kishu_shisu+class_code+kyori_tekisei,kishu_shisu,class_code,kyori_tekisei,22,3910,63.86,12.42,58.67,False
COURSE_27_06_ダ_中距離,omo_tekisei_code+da_tekisei_code+kishu_minarai_code,omo_tekisei_code,da_tekisei_code,kishu_minarai_code,4,569,71.64,13.31,58.59,False
COURSE_27_06_ダ_中距離,pace_yoso+kishu_shisu+joho_shisu,pace_yoso,kishu_shisu,joho_shisu,16,4468,68.72,20.7,58.58,False
COURSE_27_06_ダ_中距離,kishu_shisu+joho_shisu+kyusha_hyoka_code,kishu_shisu,joho_shisu,kyusha_hyoka_code,13,4933,69.92,20.98,58.51,False
COURSE_27_06_ダ_中距離,da_tekisei_code+kyakushitsu+joho_shisu,da_tekisei_code,kyakushitsu,joho_shisu,12,3601,66.92,14.91,58.49,False
COURSE_27_06_ダ_中距離,pace_yoso+joho_shisu+kyori_tekisei,pace_yoso,joho_shisu,kyori_tekisei,11,4965,66.66,13.95,58.42,False
COURSE_27_06_ダ_中距離,joken_class_code+da_tekisei_code+joho_shisu,joken_class_code,da_tekisei_code,joho_shisu,10,3587,68.61,16.59,58.33,False
COURSE_27_06_ダ_中距離,hizume_code+kishu_shisu+kyusha_hyoka_code,hizume_code,kishu_shisu,kyusha_hyoka_code,29,4931,63.35,14.05,58.24,False
COURSE_27_06_ダ_中距離,joho_shisu+class_code+kyori_tekisei,joho_shisu,class_code,kyori_tekisei,10,3132,64.95,11.11,58.07,False
COURSE_27_06_ダ_中距離,omo_tekisei_code+ichi_shisu+umakigo_code,omo_tekisei_code,ichi_shisu,umakigo_code,6,667,65.45,9.33,57.99,False
COURSE_27_06_ダ_中距離,joken_class_code+kishu_minarai_code+kyori_tekisei,joken_class_code,kishu_minarai_code,kyori_tekisei,5,1026,69.86,13.6,57.94,False
COURSE_27_06_ダ_中距離,pace_yoso+kyusha_shisu+umakigo_code,pace_yoso,kyusha_shisu,umakigo_code,4,623,68.51,10.92,57.81,False
COURSE_27_06_ダ_中距離,omo_tekisei_code+da_tekisei_code+nyukyu_nannichimae,omo_tekisei_code,da_tekisei_code,nyukyu_nannichimae,4,437,64.98,7.41,57.72,False
COURSE_27_06_ダ_中距離,joken_class_code+kishu_shisu+kyakushitsu,joken_class_code,kishu_shisu,kyakushitsu,24,4009,63.45,14.42,57.68,False
COURSE_27_06_ダ_中距離,uma_deokure_ritsu+ichi_shisu+umakigo_code,uma_deokure_ritsu,ichi_shisu,umakigo_code,6,714,65.33,9.57,57.67,False
COURSE_27_06_ダ_中距離,manken_shirushi+kishu_shisu+kyusha_hyoka_code,manken_shirushi,kishu_shisu,kyusha_hyoka_code,22,2902,64.32,15.94,57.66,False
COURSE_27_06_ダ_中距離,ichi_shisu+umakigo_code+kyori_tekisei,ichi_shisu,umakigo_code,kyori_tekisei,3,1933,63.07,4.8,57.64,False
COURSE_27_06_ダ_中距離,kishu_shisu+joho_shisu+umakigo_code,kishu_shisu,joho_shisu,umakigo_code,12,4758,69.2,20.48,57.61,False
COURSE_27_06_ダ_中距離,joho_shisu+ls_shisu_juni+kyori_tekisei,joho_shisu,ls_shisu_juni,kyori_tekisei,15,3928,65.08,14.82,57.58,False
COURSE_27_06_ダ_中距離,uma_deokure_ritsu+kyakushitsu+uma_start_shisu,uma_deokure_ritsu,kyakushitsu,uma_start_shisu,8,3527,64.93,10.6,57.58,False
COURSE_27_06_ダ_中距離,hizume_code+joho_shisu+umakigo_code,hizume_code,joho_shisu,umakigo_code,10,3434,62.97,8.71,57.57,False
COURSE_27_06_ダ_中距離,omo_tekisei_code+kishu_shisu+kyakushitsu,omo_tekisei_code,kishu_shisu,kyakushitsu,27,4219,63.12,14.89,57.51,False
COURSE_27_06_ダ_中距離,kishu_shisu+ichi_shisu_juni+umakigo_code,kishu_shisu,ichi_shisu_juni,umakigo_code,29,3785,64.18,18.35,57.5,False
COURSE_27_06_ダ_中距離,uma_deokure_ritsu+kishu_shisu+umakigo_code,uma_deokure_ritsu,kishu_shisu,umakigo_code,21,3916,64.42,16.18,57.5,False
COURSE_27_06_ダ_中距離,kishu_shisu+da_tekisei_code+ls_shisu_juni,kishu_shisu,da_tekisei_code,ls_shisu_juni,15,2688,65.61,16.11,57.45,False
COURSE_27_06_ダ_中距離,hizume_code+joho_shisu+kyusha_hyoka_code,hizume_code,joho_shisu,kyusha_hyoka_code,10,3605,62.65,8.54,57.36,False
COURSE_27_06_ダ_中距離,uma_deokure_ritsu+uma_start_shisu+ten_shisu_juni,uma_deokure_ritsu,uma_start_shisu,ten_shisu_juni,14,2413,66.46,17.42,57.34,False
COURSE_27_06_ダ_中距離,kishu_shisu+uma_start_shisu+kyusha_hyoka_code,kishu_shisu,uma_start_shisu,kyusha_hyoka_code,21,3866,63.66,14.92,57.28,False
COURSE_27_06_ダ_中距離,kishu_shisu+da_tekisei_code+kyakushitsu,kishu_shisu,da_tekisei_code,kyakushitsu,23,3938,63.29,14.82,57.23,False
COURSE_27_06_ダ_中距離,kishu_shisu+joho_shisu+kyori_tekisei,kishu_shisu,joho_shisu,kyori_tekisei,14,3518,66.43,17.74,57.14,False
COURSE_27_06_ダ_中距離,joken_class_code+da_tekisei_code+nyukyu_nannichimae,joken_class_code,da_tekisei_code,nyukyu_nannichimae,5,532,74.93,20.37,57.07,False
COURSE_27_06_ダ_中距離,omo_tekisei_code+joken_class_code+joho_shisu,omo_tekisei_code,joken_class_code,joho_shisu,12,3911,62.67,9.92,57.06,False
COURSE_27_06_ダ_中距離,hizume_code+pace_yoso+kishu_shisu,hizume_code,pace_yoso,kishu_shisu,20,2894,64.35,16.93,56.93,False
COURSE_27_06_ダ_中距離,kishu_shisu+ichi_shisu_juni+kyusha_hyoka_code,kishu_shisu,ichi_shisu_juni,kyusha_hyoka_code,29,3834,63.2,17.39,56.87,False
COURSE_27_06_ダ_中距離,pace_yoso+ichi_shisu_juni+joho_shisu,pace_yoso,ichi_shisu_juni,joho_shisu,17,3327,64.07,15.24,56.83,False
COURSE_27_06_ダ_中距離,kishu_shisu+kyakushitsu+joho_shisu,kishu_shisu,kyakushitsu,joho_shisu,15,3211,67.05,20.25,56.8,False
COURSE_27_06_ダ_中距離,kishu_shisu+kyakushitsu+kyori_tekisei,kishu_shisu,kyakushitsu,kyori_tekisei,25,4060,61.54,12.13,56.78,False
COURSE_27_06_ダ_中距離,omo_tekisei_code+joho_shisu+class_code,omo_tekisei_code,joho_shisu,class_code,12,3429,62.61,10.33,56.77,False
COURSE_27_06_ダ_中距離,uma_deokure_ritsu+uma_start_shisu+kyori_tekisei,uma_deokure_ritsu,uma_start_shisu,kyori_tekisei,7,3367,66.95,13.79,56.74,False
COURSE_27_06_ダ_中距離,kyusha_shisu+umakigo_code+kyusha_hyoka_code,kyusha_shisu,umakigo_code,kyusha_hyoka_code,6,1153,68.2,14.37,56.7,False
COURSE_27_06_ダ_中距離,joken_class_code+kyakushitsu+joho_shisu,joken_class_code,kyakushitsu,joho_shisu,16,4325,63.06,13.04,56.67,False
COURSE_27_06_ダ_中距離,omo_tekisei_code+kishu_shisu+class_code,omo_tekisei_code,kishu_shisu,class_code,21,3473,62.91,14.63,56.66,False
COURSE_27_06_ダ_中距離,kyakushitsu+joho_shisu+ls_shisu_juni,kyakushitsu,joho_shisu,ls_shisu_juni,18,3818,64.22,16.36,56.66,False
COURSE_27_06_ダ_中距離,da_tekisei_code+joho_shisu+class_code,da_tekisei_code,joho_shisu,class_code,9,3311,66.24,14.72,56.62,False
COURSE_27_06_ダ_中距離,ichi_shisu_juni+joho_shisu+kyusha_hyoka_code,ichi_shisu_juni,joho_shisu,kyusha_hyoka_code,17,4249,63.96,15.44,56.62,False
COURSE_27_06_ダ_中距離,omo_tekisei_code+joho_shisu+kyori_tekisei,omo_tekisei_code,joho_shisu,kyori_tekisei,11,3885,63.99,12.77,56.45,False
COURSE_27_06_ダ_中距離,kyakushitsu+joho_shisu+kyori_tekisei,kyakushitsu,joho_shisu,kyori_tekisei,15,4421,64.4,15.75,56.43,False
COURSE_27_06_ダ_中距離,manken_shirushi+joho_shisu+kyori_tekisei,manken_shirushi,joho_shisu,kyori_tekisei,11,1343,64.47,13.66,56.4,False
COURSE_27_06_ダ_中距離,pace_yoso+joken_class_code+joho_shisu,pace_yoso,joken_class_code,joho_shisu,12,5146,64.86,14.98,56.38,False
COURSE_27_06_ダ_中距離,kishu_minarai_code+class_code+umakigo_code,kishu_minarai_code,class_code,umakigo_code,5,885,69.15,14.59,56.36,False
COURSE_27_06_ダ_中距離,joho_shisu+ls_shisu_juni+umakigo_code,joho_shisu,ls_shisu_juni,umakigo_code,10,4828,65.95,15.6,56.28,False
COURSE_27_06_ダ_中距離,joken_class_code+kishu_shisu+joho_shisu,joken_class_code,kishu_shisu,joho_shisu,14,3430,64.82,16.36,56.25,False
COURSE_27_06_ダ_中距離,joho_shisu+ten_shisu_juni+umakigo_code,joho_shisu,ten_shisu_juni,umakigo_code,18,4247,61.71,12.2,56.07,False
COURSE_27_06_ダ_中距離,joho_shisu+ten_shisu_juni+kyusha_hyoka_code,joho_shisu,ten_shisu_juni,kyusha_hyoka_code,17,4230,62.22,12.96,56.06,False
COURSE_27_06_ダ_中距離,joken_class_code+kishu_minarai_code+class_code,joken_class_code,kishu_minarai_code,class_code,5,941,68.65,14.54,55.91,False
COURSE_27_06_ダ_中距離,ls_shisu_juni+umakigo_code+nyukyu_nannichimae,ls_shisu_juni,umakigo_code,nyukyu_nannichimae,7,786,67.55,15.9,55.77,False
COURSE_27_06_ダ_中距離,ichi_shisu_juni+joho_shisu+umakigo_code,ichi_shisu_juni,joho_shisu,umakigo_code,17,4182,62.37,14.21,55.62,False
COURSE_27_06_ダ_中距離,uma_deokure_ritsu+ichi_shisu+kyusha_hyoka_code,uma_deokure_ritsu,ichi_shisu,kyusha_hyoka_code,5,575,63.93,9.85,55.29,False
COURSE_27_06_ダ_中距離,manken_shisu+joho_shisu+kyusha_hyoka_code,manken_shisu,joho_shisu,kyusha_hyoka_code,16,1802,62.9,15.61,55.25,False
COURSE_27_06_ダ_中距離,kishu_shisu+da_tekisei_code+joho_shisu,kishu_shisu,da_tekisei_code,joho_shisu,11,2808,68.08,22.18,54.97,False
COURSE_27_06_ダ_中距離,pace_yoso+uma_start_shisu+nyukyu_nannichimae,pace_yoso,uma_start_shisu,nyukyu_nannichimae,3,312,62.44,6.61,54.95,False
COURSE_27_06_ダ_中距離,kishu_shisu+kyakushitsu+class_code,kishu_shisu,kyakushitsu,class_code,14,2064,60.86,11.55,54.81,False
COURSE_27_06_ダ_中距離,manken_shirushi+joken_class_code+joho_shisu,manken_shirushi,joken_class_code,joho_shisu,8,1069,62.85,11.64,54.79,False
COURSE_27_06_ダ_中距離,uma_deokure_ritsu+kishu_shisu+kyusha_hyoka_code,uma_deokure_ritsu,kishu_shisu,kyusha_hyoka_code,18,3648,61.86,15.44,54.73,False
COURSE_27_06_ダ_中距離,pace_yoso+kishu_shisu+ichi_shisu_juni,pace_yoso,kishu_shisu,ichi_shisu_juni,6,860,70.44,19.83,54.57,False
COURSE_27_06_ダ_中距離,kyakushitsu+joho_shisu+class_code,kyakushitsu,joho_shisu,class_code,13,2962,60.03,10.09,54.54,False
COURSE_27_06_ダ_中距離,pace_yoso+kishu_shisu+uma_start_shisu,pace_yoso,kishu_shisu,uma_start_shisu,15,2321,62.88,16.58,54.49,False
COURSE_27_06_ダ_中距離,uma_deokure_ritsu+da_tekisei_code+uma_start_shisu,uma_deokure_ritsu,da_tekisei_code,uma_start_shisu,5,2573,71.67,19.64,54.45,False
COURSE_27_06_ダ_中距離,kyakushitsu+joho_shisu+ten_shisu_juni,kyakushitsu,joho_shisu,ten_shisu_juni,14,1697,60.96,12.48,54.42,False
COURSE_27_06_ダ_中距離,ls_shisu_juni+nyukyu_nannichimae+kyusha_hyoka_code,ls_shisu_juni,nyukyu_nannichimae,kyusha_hyoka_code,7,801,66.52,16.4,54.38,False
COURSE_27_06_ダ_中距離,manken_shirushi+joho_shisu+umakigo_code,manken_shirushi,joho_shisu,umakigo_code,8,2173,60.49,8.92,54.31,False
COURSE_27_06_ダ_中距離,kishu_shisu+kyakushitsu+ls_shisu_juni,kishu_shisu,kyakushitsu,ls_shisu_juni,14,2340,63.64,17.91,54.25,False
COURSE_27_06_ダ_中距離,manken_shirushi+da_tekisei_code+joho_shisu,manken_shirushi,da_tekisei_code,joho_shisu,10,1215,60.23,10.15,53.94,False
COURSE_27_06_ダ_中距離,hizume_code+joken_class_code+joho_shisu,hizume_code,joken_class_code,joho_shisu,11,2000,61.8,13.31,53.93,False
COURSE_27_06_ダ_中距離,manken_shirushi+joho_shisu+kyusha_hyoka_code,manken_shirushi,joho_shisu,kyusha_hyoka_code,8,2217,60.78,10.33,53.62,False
COURSE_27_06_ダ_中距離,kishu_minarai_code+class_code+kyori_tekisei,kishu_minarai_code,class_code,kyori_tekisei,3,466,65.21,10.29,53.56,False
COURSE_27_06_ダ_中距離,kyakushitsu+ichi_shisu_juni+joho_shisu,kyakushitsu,ichi_shisu_juni,joho_shisu,21,2972,61.75,19.33,53.48,False
COURSE_27_06_ダ_中距離,uma_deokure_ritsu+joken_class_code+kishu_shisu,uma_deokure_ritsu,joken_class_code,kishu_shisu,13,2179,60.64,13.36,53.38,False
COURSE_27_06_ダ_中距離,omo_tekisei_code+joho_shisu+ls_shisu_juni,omo_tekisei_code,joho_shisu,ls_shisu_juni,15,3636,61.9,16.88,53.36,False
COURSE_27_06_ダ_中距離,hizume_code+joho_shisu+class_code,hizume_code,joho_shisu,class_code,8,1313,60.33,10.27,53.22,False
COURSE_27_06_ダ_中距離,hizume_code+manken_shisu+umakigo_code,hizume_code,manken_shisu,umakigo_code,3,307,74.86,19.18,53.16,False
COURSE_27_06_ダ_中距離,manken_shisu+joho_shisu+umakigo_code,manken_shisu,joho_shisu,umakigo_code,15,1659,59.83,13.36,53.07,False
COURSE_27_06_ダ_中距離,omo_tekisei_code+kishu_shisu+ls_shisu_juni,omo_tekisei_code,kishu_shisu,ls_shisu_juni,17,2810,63.7,22.92,52.8,False
COURSE_27_06_ダ_中距離,joken_class_code+joho_shisu+ls_shisu_juni,joken_class_code,joho_shisu,ls_shisu_juni,13,3630,62.18,17.27,52.8,False
COURSE_27_06_ダ_中距離,kishu_shisu+ten_shisu_juni+kyusha_hyoka_code,kishu_shisu,ten_shisu_juni,kyusha_hyoka_code,24,3114,60.52,19.4,52.76,False
COURSE_27_06_ダ_中距離,kishu_shisu+ten_shisu_juni+umakigo_code,kishu_shisu,ten_shisu_juni,umakigo_code,23,2954,60.32,18.91,52.59,False
COURSE_27_06_ダ_中距離,pace_yoso+joho_shisu+ten_shisu_juni,pace_yoso,joho_shisu,ten_shisu_juni,20,3454,59.64,16.3,52.49,False
COURSE_27_06_ダ_中距離,uma_deokure_ritsu+kishu_shisu+uma_start_shisu,uma_deokure_ritsu,kishu_shisu,uma_start_shisu,11,1739,60.38,13.37,52.48,False
COURSE_27_06_ダ_中距離,ichi_shisu+joho_shisu+ls_shisu_juni,ichi_shisu,joho_shisu,ls_shisu_juni,3,480,63.95,10.34,52.25,False
COURSE_27_06_ダ_中距離,manken_shirushi+pace_yoso+kishu_shisu,manken_shirushi,pace_yoso,kishu_shisu,5,522,62.03,11.44,52.0,False
COURSE_27_06_ダ_中距離,hizume_code+joho_shisu+kyori_tekisei,hizume_code,joho_shisu,kyori_tekisei,12,2168,58.97,12.47,51.92,False
COURSE_27_06_ダ_中距離,omo_tekisei_code+ichi_shisu+kyusha_hyoka_code,omo_tekisei_code,ichi_shisu,kyusha_hyoka_code,4,439,64.29,12.65,51.89,False
COURSE_27_06_ダ_中距離,hizume_code+omo_tekisei_code+joho_shisu,hizume_code,omo_tekisei_code,joho_shisu,16,2874,58.38,13.46,51.79,False
COURSE_27_06_ダ_中距離,pace_yoso+ichi_shisu+joken_class_code,pace_yoso,ichi_shisu,joken_class_code,3,1757,63.81,10.74,51.65,False
COURSE_27_06_ダ_中距離,da_tekisei_code+joho_shisu+ten_shisu_juni,da_tekisei_code,joho_shisu,ten_shisu_juni,15,1645,61.12,19.13,51.44,False
COURSE_27_06_ダ_中距離,pace_yoso+ichi_shisu+kyori_tekisei,pace_yoso,ichi_shisu,kyori_tekisei,3,1751,62.27,9.57,51.44,False
COURSE_27_06_ダ_中距離,hizume_code+kyakushitsu+joho_shisu,hizume_code,kyakushitsu,joho_shisu,12,2166,57.38,10.59,51.39,False
COURSE_27_06_ダ_中距離,hizume_code+da_tekisei_code+joho_shisu,hizume_code,da_tekisei_code,joho_shisu,12,2286,58.22,12.21,51.31,False
COURSE_27_06_ダ_中距離,hizume_code+kishu_shisu+da_tekisei_code,hizume_code,kishu_shisu,da_tekisei_code,9,1324,63.45,18.79,51.18,False
COURSE_27_06_ダ_中距離,manken_shirushi+pace_yoso+joho_shisu,manken_shirushi,pace_yoso,joho_shisu,10,1703,58.45,12.02,51.0,False
COURSE_27_06_ダ_中距離,da_tekisei_code+joho_shisu+ls_shisu_juni,da_tekisei_code,joho_shisu,ls_shisu_juni,11,3009,61.8,18.61,50.8,False
COURSE_27_06_ダ_中距離,kishu_shisu+joho_shisu+class_code,kishu_shisu,joho_shisu,class_code,14,2385,58.13,14.28,50.65,False
COURSE_27_06_ダ_中距離,uma_deokure_ritsu+omo_tekisei_code+kishu_shisu,uma_deokure_ritsu,omo_tekisei_code,kishu_shisu,11,1669,59.04,14.43,50.51,False
COURSE_27_06_ダ_中距離,joken_class_code+joho_shisu+uma_start_shisu,joken_class_code,joho_shisu,uma_start_shisu,7,1554,63.72,17.86,50.49,False
COURSE_27_06_ダ_中距離,ichi_shisu_juni+joho_shisu+ls_shisu_juni,ichi_shisu_juni,joho_shisu,ls_shisu_juni,6,873,58.88,10.6,50.4,False
COURSE_27_06_ダ_中距離,joho_shisu+uma_start_shisu+kyusha_hyoka_code,joho_shisu,uma_start_shisu,kyusha_hyoka_code,11,3211,58.5,13.7,50.4,False
COURSE_27_06_ダ_中距離,joho_shisu+uma_start_shisu+umakigo_code,joho_shisu,uma_start_shisu,umakigo_code,11,3083,59.69,15.73,50.4,False
COURSE_27_06_ダ_中距離,hizume_code+pace_yoso+joho_shisu,hizume_code,pace_yoso,joho_shisu,13,3218,57.92,13.87,50.38,False
COURSE_27_06_ダ_中距離,kyusha_shisu+kyori_tekisei+kyusha_hyoka_code,kyusha_shisu,kyori_tekisei,kyusha_hyoka_code,4,467,66.86,17.11,50.09,False
COURSE_27_06_ダ_中距離,da_tekisei_code+joho_shisu+uma_start_shisu,da_tekisei_code,joho_shisu,uma_start_shisu,8,1683,60.92,16.02,49.82,False
COURSE_27_06_ダ_中距離,pace_yoso+joho_shisu+uma_start_shisu,pace_yoso,joho_shisu,uma_start_shisu,12,2723,57.26,13.46,49.65,False
COURSE_27_06_ダ_中距離,hizume_code+uma_start_shisu+ls_shisu_juni,hizume_code,uma_start_shisu,ls_shisu_juni,7,1078,60.78,15.62,49.2,False
COURSE_27_06_ダ_中距離,joho_shisu+uma_start_shisu+kyori_tekisei,joho_shisu,uma_start_shisu,kyori_tekisei,9,1824,61.47,18.82,49.17,False
COURSE_27_06_ダ_中距離,da_tekisei_code+ichi_shisu_juni+joho_shisu,da_tekisei_code,ichi_shisu_juni,joho_shisu,18,1954,57.01,17.04,49.14,False
COURSE_27_06_ダ_中距離,kishu_shisu+class_code+ls_shisu_juni,kishu_shisu,class_code,ls_shisu_juni,8,1315,61.37,17.68,49.12,False
COURSE_27_06_ダ_中距離,joho_shisu+class_code+ls_shisu_juni,joho_shisu,class_code,ls_shisu_juni,13,2542,57.39,15.43,49.0,False
COURSE_27_06_ダ_中距離,hizume_code+joho_shisu+uma_start_shisu,hizume_code,joho_shisu,uma_start_shisu,3,553,59.02,8.9,48.95,False
COURSE_27_06_ダ_中距離,joho_shisu+nyukyu_nannichimae+kyusha_hyoka_code,joho_shisu,nyukyu_nannichimae,kyusha_hyoka_code,7,896,66.53,24.36,48.49,False
COURSE_27_06_ダ_中距離,hizume_code+omo_tekisei_code+kishu_shisu,hizume_code,omo_tekisei_code,kishu_shisu,10,1322,60.62,19.72,48.4,False
COURSE_27_06_ダ_中距離,uma_deokure_ritsu+kishu_shisu+kyori_tekisei,uma_deokure_ritsu,kishu_shisu,kyori_tekisei,10,1571,59.52,18.29,48.19,False
COURSE_27_06_ダ_中距離,pace_yoso+kyakushitsu+kishu_minarai_code,pace_yoso,kyakushitsu,kishu_minarai_code,3,430,72.29,21.51,47.95,False
COURSE_27_06_ダ_中距離,joken_class_code+kishu_shisu+uma_start_shisu,joken_class_code,kishu_shisu,uma_start_shisu,8,1240,57.35,14.03,47.63,False
COURSE_27_06_ダ_中距離,uma_deokure_ritsu+kishu_shisu+class_code,uma_deokure_ritsu,kishu_shisu,class_code,8,1102,55.1,11.08,47.42,False
COURSE_27_06_ダ_中距離,omo_tekisei_code+kishu_minarai_code+kyori_tekisei,omo_tekisei_code,kishu_minarai_code,kyori_tekisei,3,429,57.94,9.32,47.4,False
COURSE_27_06_ダ_中距離,joken_class_code+kishu_minarai_code+joho_shisu,joken_class_code,kishu_minarai_code,joho_shisu,3,406,74.82,24.36,47.25,False
COURSE_27_06_ダ_中距離,uma_deokure_ritsu+kishu_shisu+kyakushitsu,uma_deokure_ritsu,kishu_shisu,kyakushitsu,7,1132,51.61,5.95,47.2,False
COURSE_27_06_ダ_中距離,hizume_code+kishu_shisu+kyakushitsu,hizume_code,kishu_shisu,kyakushitsu,8,1036,60.15,18.93,47.03,False
COURSE_27_06_ダ_中距離,uma_deokure_ritsu+pace_yoso+kishu_shisu,uma_deokure_ritsu,pace_yoso,kishu_shisu,11,1942,56.46,16.02,47.0,False
COURSE_27_06_ダ_中距離,hizume_code+joho_shisu+ls_shisu_juni,hizume_code,joho_shisu,ls_shisu_juni,9,1543,61.6,22.59,46.84,False
COURSE_27_06_ダ_中距離,joho_shisu+ten_shisu_juni+kyori_tekisei,joho_shisu,ten_shisu_juni,kyori_tekisei,8,1283,59.74,18.72,46.76,False
COURSE_27_06_ダ_中距離,uma_deokure_ritsu+da_tekisei_code+joho_shisu,uma_deokure_ritsu,da_tekisei_code,joho_shisu,5,1275,57.68,12.57,46.67,False
COURSE_27_06_ダ_中距離,hizume_code+kishu_shisu+kyori_tekisei,hizume_code,kishu_shisu,kyori_tekisei,8,1059,61.71,21.94,46.51,False
COURSE_27_06_ダ_中距離,uma_deokure_ritsu+kishu_shisu+joho_shisu,uma_deokure_ritsu,kishu_shisu,joho_shisu,5,1009,52.31,6.68,46.46,False
COURSE_27_06_ダ_中距離,kyusha_shisu+umakigo_code+kyori_tekisei,kyusha_shisu,umakigo_code,kyori_tekisei,4,458,67.06,21.06,46.42,False
COURSE_27_06_ダ_中距離,joken_class_code+joho_shisu+ten_shisu_juni,joken_class_code,joho_shisu,ten_shisu_juni,10,1552,56.13,15.73,46.38,False
COURSE_27_06_ダ_中距離,kishu_shisu+uma_start_shisu+kyori_tekisei,kishu_shisu,uma_start_shisu,kyori_tekisei,9,1332,58.84,19.18,46.3,False
COURSE_27_06_ダ_中距離,omo_tekisei_code+ichi_shisu_juni+joho_shisu,omo_tekisei_code,ichi_shisu_juni,joho_shisu,7,787,53.31,9.56,46.23,False
COURSE_27_06_ダ_中距離,joken_class_code+ichi_shisu_juni+joho_shisu,joken_class_code,ichi_shisu_juni,joho_shisu,11,1764,57.92,19.95,46.14,False
COURSE_27_06_ダ_中距離,ichi_shisu_juni+joho_shisu+uma_start_shisu,ichi_shisu_juni,joho_shisu,uma_start_shisu,3,311,54.32,7.39,45.96,False
COURSE_27_06_ダ_中距離,ichi_shisu_juni+joho_shisu+kyori_tekisei,ichi_shisu_juni,joho_shisu,kyori_tekisei,11,1691,59.82,23.46,45.95,False
COURSE_27_06_ダ_中距離,uma_deokure_ritsu+kishu_shisu+da_tekisei_code,uma_deokure_ritsu,kishu_shisu,da_tekisei_code,8,1270,54.04,12.22,45.57,False
COURSE_27_06_ダ_中距離,uma_deokure_ritsu+joho_shisu+kyori_tekisei,uma_deokure_ritsu,joho_shisu,kyori_tekisei,6,1551,60.21,18.55,45.37,False
COURSE_27_06_ダ_中距離,uma_deokure_ritsu+joken_class_code+joho_shisu,uma_deokure_ritsu,joken_class_code,joho_shisu,5,1600,58.76,15.67,45.03,False
COURSE_27_06_ダ_中距離,uma_deokure_ritsu+idm+umakigo_code,uma_deokure_ritsu,idm,umakigo_code,4,466,56.84,12.21,44.88,False
COURSE_27_06_ダ_中距離,uma_deokure_ritsu+joken_class_code+idm,uma_deokure_ritsu,joken_class_code,idm,4,460,55.9,11.53,44.61,False
COURSE_27_06_ダ_中距離,joho_shisu+ten_shisu_juni+ls_shisu_juni,joho_shisu,ten_shisu_juni,ls_shisu_juni,7,820,54.05,12.79,44.57,False
COURSE_27_06_ダ_中距離,uma_deokure_ritsu+idm+kyusha_hyoka_code,uma_deokure_ritsu,idm,kyusha_hyoka_code,4,455,55.32,11.55,44.0,False
COURSE_27_06_ダ_中距離,uma_deokure_ritsu+joho_shisu+kyusha_hyoka_code,uma_deokure_ritsu,joho_shisu,kyusha_hyoka_code,8,2375,55.3,16.34,43.97,False
COURSE_27_06_ダ_中距離,uma_deokure_ritsu+joho_shisu+umakigo_code,uma_deokure_ritsu,joho_shisu,umakigo_code,7,2230,58.45,19.63,43.91,False
COURSE_27_06_ダ_中距離,uma_deokure_ritsu+ichi_shisu_juni+joho_shisu,uma_deokure_ritsu,ichi_shisu_juni,joho_shisu,4,434,55.39,11.8,43.83,False
COURSE_27_06_ダ_中距離,kishu_shisu+kyakushitsu+uma_start_shisu,kishu_shisu,kyakushitsu,uma_start_shisu,7,1120,55.31,15.74,43.65,False
COURSE_27_06_ダ_中距離,uma_deokure_ritsu+kyakushitsu+joho_shisu,uma_deokure_ritsu,kyakushitsu,joho_shisu,7,1616,52.46,12.21,43.41,False
COURSE_27_06_ダ_中距離,kishu_shisu+da_tekisei_code+uma_start_shisu,kishu_shisu,da_tekisei_code,uma_start_shisu,7,1072,57.2,18.65,43.39,False
COURSE_27_06_ダ_中距離,omo_tekisei_code+joho_shisu+uma_start_shisu,omo_tekisei_code,joho_shisu,uma_start_shisu,9,1863,53.91,16.11,43.38,False
COURSE_27_06_ダ_中距離,omo_tekisei_code+kishu_shisu+uma_start_shisu,omo_tekisei_code,kishu_shisu,uma_start_shisu,8,1191,52.07,13.33,42.83,False
COURSE_27_06_ダ_中距離,hizume_code+kishu_shisu+joho_shisu,hizume_code,kishu_shisu,joho_shisu,7,1194,64.15,28.87,42.76,False
COURSE_27_06_ダ_中距離,joho_shisu+umakigo_code+nyukyu_nannichimae,joho_shisu,umakigo_code,nyukyu_nannichimae,6,765,64.32,27.36,42.43,False
COURSE_27_06_ダ_中距離,uma_deokure_ritsu+joho_shisu+class_code,uma_deokure_ritsu,joho_shisu,class_code,6,1362,49.85,9.88,41.95,False
COURSE_27_06_ダ_中距離,uma_deokure_ritsu+hizume_code+joho_shisu,uma_deokure_ritsu,hizume_code,joho_shisu,5,780,47.85,6.83,41.87,False
COURSE_27_06_ダ_中距離,joho_shisu+class_code+uma_start_shisu,joho_shisu,class_code,uma_start_shisu,6,1182,52.76,13.82,41.7,False
COURSE_27_06_ダ_中距離,hizume_code+kishu_shisu+ls_shisu_juni,hizume_code,kishu_shisu,ls_shisu_juni,7,870,61.9,27.53,41.51,False
COURSE_27_06_ダ_中距離,kishu_shisu+class_code+uma_start_shisu,kishu_shisu,class_code,uma_start_shisu,5,615,51.36,11.35,41.42,False
COURSE_27_06_ダ_中距離,hizume_code+joken_class_code+kishu_shisu,hizume_code,joken_class_code,kishu_shisu,8,1088,57.88,23.87,41.34,False
COURSE_27_06_ダ_中距離,uma_deokure_ritsu+omo_tekisei_code+joho_shisu,uma_deokure_ritsu,omo_tekisei_code,joho_shisu,6,1588,50.68,11.89,41.16,False
COURSE_27_06_ダ_中距離,manken_shirushi+omo_tekisei_code+joho_shisu,manken_shirushi,omo_tekisei_code,joho_shisu,5,549,54.72,16.06,40.65,False
COURSE_27_06_ダ_中距離,uma_deokure_ritsu+kishu_shisu+ls_shisu_juni,uma_deokure_ritsu,kishu_shisu,ls_shisu_juni,4,700,56.12,16.48,39.97,False
COURSE_27_06_ダ_中距離,joken_class_code+kyusha_shisu+kyori_tekisei,joken_class_code,kyusha_shisu,kyori_tekisei,3,351,68.41,25.4,39.68,False
COURSE_27_06_ダ_中距離,joken_class_code+kyusha_shisu+umakigo_code,joken_class_code,kyusha_shisu,umakigo_code,3,470,66.3,24.16,38.95,False
COURSE_27_06_ダ_中距離,omo_tekisei_code+joho_shisu+ten_shisu_juni,omo_tekisei_code,joho_shisu,ten_shisu_juni,5,554,49.79,12.73,38.63,False
COURSE_27_06_ダ_中距離,hizume_code+kishu_shisu+class_code,hizume_code,kishu_shisu,class_code,4,474,56.95,18.95,38.38,False
COURSE_27_06_ダ_中距離,kyakushitsu+joho_shisu+uma_start_shisu,kyakushitsu,joho_shisu,uma_start_shisu,10,1924,45.72,12.13,38.2,False
COURSE_27_06_ダ_中距離,kishu_shisu+joho_shisu+uma_start_shisu,kishu_shisu,joho_shisu,uma_start_shisu,6,1062,49.51,14.75,37.7,False
COURSE_27_06_ダ_中距離,joho_shisu+uma_start_shisu+ls_shisu_juni,joho_shisu,uma_start_shisu,ls_shisu_juni,7,1310,54.29,22.44,37.67,False
COURSE_27_06_ダ_中距離,uma_deokure_ritsu+pace_yoso+joho_shisu,uma_deokure_ritsu,pace_yoso,joho_shisu,7,1778,44.02,8.98,37.36,False
COURSE_27_06_ダ_中距離,joken_class_code+kyusha_shisu+kyusha_hyoka_code,joken_class_code,kyusha_shisu,kyusha_hyoka_code,3,457,65.62,25.69,36.55,False
COURSE_27_06_ダ_中距離,joken_class_code+kishu_shisu+ten_shisu_juni,joken_class_code,kishu_shisu,ten_shisu_juni,3,368,57.69,22.19,32.58,False
COURSE_27_06_ダ_中距離,kishu_shisu+kishu_minarai_code+umakigo_code,kishu_shisu,kishu_minarai_code,umakigo_code,3,470,75.32,37.98,32.34,False
COURSE_27_06_ダ_中距離,kishu_shisu+joho_shisu+ten_shisu_juni,kishu_shisu,joho_shisu,ten_shisu_juni,3,355,69.02,32.63,32.09,False
COURSE_27_06_ダ_中距離,uma_deokure_ritsu+joho_shisu+uma_start_shisu,uma_deokure_ritsu,joho_shisu,uma_start_shisu,3,1063,50.29,16.62,31.48,False
COURSE_27_06_ダ_中距離,uma_deokure_ritsu+joho_shisu+ls_shisu_juni,uma_deokure_ritsu,joho_shisu,ls_shisu_juni,5,1103,49.22,23.5,28.62,False
COURSE_27_06_ダ_中距離,kishu_shisu+ten_shisu_juni+kyori_tekisei,kishu_shisu,ten_shisu_juni,kyori_tekisei,3,356,57.08,26.01,27.65,False
COURSE_27_06_ダ_中距離,kishu_shisu+kishu_minarai_code+kyusha_hyoka_code,kishu_shisu,kishu_minarai_code,kyusha_hyoka_code,3,483,83.56,49.49,27.56,False
COURSE_27_06_ダ_中距離,kishu_shisu+uma_start_shisu+ls_shisu_juni,kishu_shisu,uma_start_shisu,ls_shisu_juni,4,611,51.3,24.27,27.52,False
COURSE_27_06_ダ_中距離,uma_deokure_ritsu+hizume_code+kishu_shisu,uma_deokure_ritsu,hizume_code,kishu_shisu,3,347,39.28,17.37,19.63,False
