segment,factors,factor1,factor2,factor3,n_bins,n_bets,mean_roi,std_roi,clb,pass
KEIBAJO_SURFACE_06_芝,ten_shisu_juni+gekiso_juni+pace_shisu_juni,ten_shisu_juni,gekiso_juni,pace_shisu_juni,3,392,95.82,1.69,93.9,True
KEIBAJO_SURFACE_06_芝,manken_shirushi+ten_shisu_juni+pace_shisu_juni,manken_shirushi,ten_shisu_juni,pace_shisu_juni,3,335,95.46,7.1,87.42,True
KEIBAJO_SURFACE_06_芝,uma_deokure_bin+gekiso_juni+agari_shisu_juni,uma_deokure_bin,gekiso_juni,agari_shisu_juni,3,334,92.74,4.71,87.41,True
KEIBAJO_SURFACE_06_芝,ichi_shisu_juni+ten_shisu_juni+rotation_bin,ichi_shisu_juni,ten_shisu_juni,rotation_bin,3,369,87.23,1.02,86.08,True
KEIBAJO_SURFACE_06_芝,manken_shirushi+pace_yoso+ten_shisu_juni,manken_shirushi,pace_yoso,ten_shisu_juni,3,316,92.79,6.31,85.64,True
KEIBAJO_SURFACE_06_芝,manken_shirushi+ichi_shisu_juni+pace_shisu_juni,manken_shirushi,ichi_shisu_juni,pace_shisu_juni,3,309,95.33,9.87,84.16,True
KEIBAJO_SURFACE_06_芝,manken_shirushi+joken_class_code+pace_shisu_juni,manken_shirushi,joken_class_code,pace_shisu_juni,4,453,93.58,10.18,83.6,True
KEIBAJO_SURFACE_06_芝,omo_tekisei_code+gekiso_juni+agari_shisu_juni,omo_tekisei_code,gekiso_juni,agari_shisu_juni,4,434,87.7,4.39,83.4,True
KEIBAJO_SURFACE_06_芝,manken_shirushi+ichi_shisu_juni+ten_shisu_juni,manken_shirushi,ichi_shisu_juni,ten_shisu_juni,3,316,95.6,11.05,83.1,True
KEIBAJO_SURFACE_06_芝,pace_yoso+ten_shisu_juni+gekiso_juni,pace_yoso,ten_shisu_juni,gekiso_juni,5,601,91.15,9.76,82.59,True
KEIBAJO_SURFACE_06_芝,joken_class_code+gekiso_juni+agari_shisu_juni,joken_class_code,gekiso_juni,agari_shisu_juni,3,352,89.9,6.46,82.59,True
KEIBAJO_SURFACE_06_芝,pace_yoso+gekiso_juni+agari_shisu_juni,pace_yoso,gekiso_juni,agari_shisu_juni,8,917,89.07,9.9,82.2,True
KEIBAJO_SURFACE_06_芝,manken_shirushi+gekiso_juni+kyuyo_riyu_bunrui_code,manken_shirushi,gekiso_juni,kyuyo_riyu_bunrui_code,3,419,84.01,2.7,80.95,True
KEIBAJO_SURFACE_06_芝,pace_yoso+gekiso_juni+pace_shisu_juni,pace_yoso,gekiso_juni,pace_shisu_juni,9,1161,86.95,9.65,80.65,True
KEIBAJO_SURFACE_06_芝,kyori_kubun+gekiso_juni+agari_shisu_juni,kyori_kubun,gekiso_juni,agari_shisu_juni,3,341,87.54,6.41,80.28,True
KEIBAJO_SURFACE_06_芝,omo_tekisei_code+ten_shisu_juni+gekiso_juni,omo_tekisei_code,ten_shisu_juni,gekiso_juni,4,414,86.05,5.91,80.27,True
KEIBAJO_SURFACE_06_芝,uma_deokure_bin+gekiso_juni+pace_shisu_juni,uma_deokure_bin,gekiso_juni,pace_shisu_juni,3,361,85.52,5.17,79.67,False
KEIBAJO_SURFACE_06_芝,kyori_kubun+gekiso_juni+pace_shisu_juni,kyori_kubun,gekiso_juni,pace_shisu_juni,5,605,86.91,8.52,79.44,False
KEIBAJO_SURFACE_06_芝,kyori_tekisei+gekiso_juni+pace_shisu_juni,kyori_tekisei,gekiso_juni,pace_shisu_juni,3,363,84.62,4.85,79.14,False
KEIBAJO_SURFACE_06_芝,manken_shirushi+joken_class_code+rotation_bin,manken_shirushi,joken_class_code,rotation_bin,24,2891,83.53,11.07,79.11,False
KEIBAJO_SURFACE_06_芝,hizume_code+kyuyo_riyu_bunrui_code+agari_shisu_juni,hizume_code,kyuyo_riyu_bunrui_code,agari_shisu_juni,3,364,82.24,3.04,78.8,False
KEIBAJO_SURFACE_06_芝,manken_shirushi+shiba_tekisei_code+agari_shisu_juni,manken_shirushi,shiba_tekisei_code,agari_shisu_juni,14,2069,81.82,7.3,78.0,False
KEIBAJO_SURFACE_06_芝,omo_tekisei_code+gekiso_juni+pace_shisu_juni,omo_tekisei_code,gekiso_juni,pace_shisu_juni,7,780,86.0,10.99,77.86,False
KEIBAJO_SURFACE_06_芝,manken_shirushi+joken_class_code+ichi_shisu_juni,manken_shirushi,joken_class_code,ichi_shisu_juni,8,2076,81.9,5.84,77.85,False
KEIBAJO_SURFACE_06_芝,shiba_tekisei_code+ten_shisu_juni+gekiso_juni,shiba_tekisei_code,ten_shisu_juni,gekiso_juni,16,1925,83.14,11.0,77.75,False
KEIBAJO_SURFACE_06_芝,manken_shirushi+pace_yoso+pace_shisu_juni,manken_shirushi,pace_yoso,pace_shisu_juni,5,584,87.17,10.87,77.64,False
KEIBAJO_SURFACE_06_芝,joken_class_code+gekiso_juni+rotation_bin,joken_class_code,gekiso_juni,rotation_bin,29,3627,80.22,7.45,77.51,False
KEIBAJO_SURFACE_06_芝,uma_start_shisu_decile+ichi_shisu_juni+pace_shisu_juni,uma_start_shisu_decile,ichi_shisu_juni,pace_shisu_juni,3,442,81.89,4.06,77.29,False
KEIBAJO_SURFACE_06_芝,ichi_shisu_juni+kyori_tekisei_2+kyakushitsu,ichi_shisu_juni,kyori_tekisei_2,kyakushitsu,3,331,82.13,4.36,77.19,False
KEIBAJO_SURFACE_06_芝,joken_class_code+ten_shisu_juni+gekiso_juni,joken_class_code,ten_shisu_juni,gekiso_juni,3,371,92.34,13.48,77.08,False
KEIBAJO_SURFACE_06_芝,shiba_tekisei_code+gekiso_juni+agari_shisu_juni,shiba_tekisei_code,gekiso_juni,agari_shisu_juni,20,2468,80.25,7.95,76.77,False
KEIBAJO_SURFACE_06_芝,joken_class_code+gekiso_juni+pace_shisu_juni,joken_class_code,gekiso_juni,pace_shisu_juni,6,765,87.67,13.75,76.67,False
KEIBAJO_SURFACE_06_芝,manken_shirushi+uma_start_shisu_decile+rotation_bin,manken_shirushi,uma_start_shisu_decile,rotation_bin,14,1844,82.28,10.8,76.63,False
KEIBAJO_SURFACE_06_芝,ten_shisu_juni+kyakushitsu+rotation_bin,ten_shisu_juni,kyakushitsu,rotation_bin,48,6309,80.09,12.23,76.62,False
KEIBAJO_SURFACE_06_芝,uma_deokure_bin+bataiju_zogen+gekiso_juni,uma_deokure_bin,bataiju_zogen,gekiso_juni,16,1733,81.74,10.73,76.48,False
KEIBAJO_SURFACE_06_芝,manken_shirushi+joken_class_code+kyuyo_riyu_bunrui_code,manken_shirushi,joken_class_code,kyuyo_riyu_bunrui_code,7,838,83.68,9.77,76.44,False
KEIBAJO_SURFACE_06_芝,joken_class_code+omo_tekisei_code+bataiju,joken_class_code,omo_tekisei_code,bataiju,7,748,84.25,10.83,76.22,False
KEIBAJO_SURFACE_06_芝,omo_tekisei_code+ichi_shisu_juni+pace_shisu_juni,omo_tekisei_code,ichi_shisu_juni,pace_shisu_juni,12,1617,81.25,9.8,75.71,False
KEIBAJO_SURFACE_06_芝,manken_shirushi+omo_tekisei_code+uma_start_shisu_decile,manken_shirushi,omo_tekisei_code,uma_start_shisu_decile,26,4878,78.5,7.43,75.65,False
KEIBAJO_SURFACE_06_芝,omo_tekisei_code+kyori_tekisei_2+gekiso_juni,omo_tekisei_code,kyori_tekisei_2,gekiso_juni,8,992,79.68,5.83,75.64,False
KEIBAJO_SURFACE_06_芝,joken_class_code+rotation_bin+agari_shisu_juni,joken_class_code,rotation_bin,agari_shisu_juni,26,3016,80.19,11.84,75.64,False
KEIBAJO_SURFACE_06_芝,joken_class_code+ichi_shisu_juni+rotation_bin,joken_class_code,ichi_shisu_juni,rotation_bin,19,2244,80.8,11.7,75.54,False
KEIBAJO_SURFACE_06_芝,shiba_tekisei_code+ichi_shisu_juni+ten_shisu_juni,shiba_tekisei_code,ichi_shisu_juni,ten_shisu_juni,16,2328,80.29,9.7,75.54,False
KEIBAJO_SURFACE_06_芝,manken_shirushi+kyori_kubun+ichi_shisu_juni,manken_shirushi,kyori_kubun,ichi_shisu_juni,16,2265,79.03,7.15,75.52,False
KEIBAJO_SURFACE_06_芝,manken_shirushi+agari_shisu_juni+tenkai_kigo_code,manken_shirushi,agari_shisu_juni,tenkai_kigo_code,37,6236,78.45,9.36,75.43,False
KEIBAJO_SURFACE_06_芝,kyori_tekisei+ten_shisu_juni+rotation_bin,kyori_tekisei,ten_shisu_juni,rotation_bin,31,3925,78.59,9.15,75.37,False
KEIBAJO_SURFACE_06_芝,manken_shirushi+pace_yoso+agari_shisu_juni,manken_shirushi,pace_yoso,agari_shisu_juni,16,2036,81.07,11.66,75.35,False
KEIBAJO_SURFACE_06_芝,manken_shirushi+kyori_kubun+agari_shisu_juni,manken_shirushi,kyori_kubun,agari_shisu_juni,9,1080,83.57,12.82,75.19,False
KEIBAJO_SURFACE_06_芝,manken_shirushi+shiba_tekisei_code+uma_start_shisu_decile,manken_shirushi,shiba_tekisei_code,uma_start_shisu_decile,41,6519,77.58,7.86,75.17,False
KEIBAJO_SURFACE_06_芝,uma_start_shisu_decile+ichi_shisu_juni+ten_shisu_juni,uma_start_shisu_decile,ichi_shisu_juni,ten_shisu_juni,4,641,81.86,6.87,75.12,False
KEIBAJO_SURFACE_06_芝,shiba_tekisei_code+ichi_shisu_juni+pace_shisu_juni,shiba_tekisei_code,ichi_shisu_juni,pace_shisu_juni,18,2488,79.75,10.29,74.99,False
KEIBAJO_SURFACE_06_芝,shiba_tekisei_code+ichi_shisu_juni+gekiso_juni,shiba_tekisei_code,ichi_shisu_juni,gekiso_juni,19,2367,80.02,11.28,74.95,False
KEIBAJO_SURFACE_06_芝,kyori_tekisei+gekiso_juni+rotation_bin,kyori_tekisei,gekiso_juni,rotation_bin,28,4396,78.25,9.11,74.88,False
KEIBAJO_SURFACE_06_芝,manken_shirushi+joshodo_code+ten_shisu_juni,manken_shirushi,joshodo_code,ten_shisu_juni,63,7962,77.76,11.75,74.86,False
KEIBAJO_SURFACE_06_芝,manken_shirushi+joken_class_code+uma_start_shisu_decile,manken_shirushi,joken_class_code,uma_start_shisu_decile,18,2660,76.4,3.42,74.82,False
KEIBAJO_SURFACE_06_芝,kyori_tekisei+kyori_tekisei_2+pace_shisu_juni,kyori_tekisei,kyori_tekisei_2,pace_shisu_juni,14,2224,80.47,10.78,74.82,False
KEIBAJO_SURFACE_06_芝,kyori_kubun+bataiju_zogen+gekiso_juni,kyori_kubun,bataiju_zogen,gekiso_juni,6,646,83.2,10.56,74.75,False
KEIBAJO_SURFACE_06_芝,manken_shirushi+joshodo_code+ichi_shisu_juni,manken_shirushi,joshodo_code,ichi_shisu_juni,75,10186,77.01,10.18,74.71,False
KEIBAJO_SURFACE_06_芝,manken_shirushi+kyori_kubun+rotation_bin,manken_shirushi,kyori_kubun,rotation_bin,32,4453,78.1,10.0,74.63,False
KEIBAJO_SURFACE_06_芝,ichi_shisu_juni+kyakushitsu+rotation_bin,ichi_shisu_juni,kyakushitsu,rotation_bin,66,9494,77.54,12.06,74.63,False
KEIBAJO_SURFACE_06_芝,manken_shirushi+kyori_tekisei+agari_shisu_juni,manken_shirushi,kyori_tekisei,agari_shisu_juni,4,479,80.99,6.52,74.6,False
KEIBAJO_SURFACE_06_芝,kyori_kubun+ten_shisu_juni+rotation_bin,kyori_kubun,ten_shisu_juni,rotation_bin,37,4585,78.2,11.2,74.59,False
KEIBAJO_SURFACE_06_芝,shiba_tekisei_code+bataiju_zogen+agari_shisu_juni,shiba_tekisei_code,bataiju_zogen,agari_shisu_juni,35,4483,77.53,8.91,74.58,False
KEIBAJO_SURFACE_06_芝,manken_shirushi+shiba_tekisei_code+ichi_shisu_juni,manken_shirushi,shiba_tekisei_code,ichi_shisu_juni,16,1709,80.94,12.97,74.58,False
KEIBAJO_SURFACE_06_芝,manken_shirushi+pace_yoso+ichi_shisu_juni,manken_shirushi,pace_yoso,ichi_shisu_juni,8,2074,79.51,7.17,74.54,False
KEIBAJO_SURFACE_06_芝,manken_shirushi+shiba_tekisei_code+rotation_bin,manken_shirushi,shiba_tekisei_code,rotation_bin,37,6720,77.2,8.54,74.45,False
KEIBAJO_SURFACE_06_芝,manken_shirushi+kyakushitsu+rotation_bin,manken_shirushi,kyakushitsu,rotation_bin,38,5042,78.44,12.58,74.44,False
KEIBAJO_SURFACE_06_芝,omo_tekisei_code+kyori_tekisei_2+rotation_bin,omo_tekisei_code,kyori_tekisei_2,rotation_bin,14,2707,78.96,8.62,74.44,False
KEIBAJO_SURFACE_06_芝,omo_tekisei_code+uma_start_shisu_decile+ichi_shisu_juni,omo_tekisei_code,uma_start_shisu_decile,ichi_shisu_juni,36,7271,77.82,10.37,74.43,False
KEIBAJO_SURFACE_06_芝,joshodo_code+kyori_tekisei_2+pace_shisu_juni,joshodo_code,kyori_tekisei_2,pace_shisu_juni,13,2122,80.49,11.19,74.4,False
KEIBAJO_SURFACE_06_芝,manken_shirushi+kyori_tekisei+rotation_bin,manken_shirushi,kyori_tekisei,rotation_bin,25,3661,78.29,9.98,74.38,False
KEIBAJO_SURFACE_06_芝,manken_shirushi+uma_deokure_bin+tenkai_kigo_code,manken_shirushi,uma_deokure_bin,tenkai_kigo_code,36,7878,77.61,9.99,74.35,False
KEIBAJO_SURFACE_06_芝,kyori_tekisei+ichi_shisu_juni+rotation_bin,kyori_tekisei,ichi_shisu_juni,rotation_bin,37,4657,77.27,9.06,74.35,False
KEIBAJO_SURFACE_06_芝,shiba_tekisei_code+bataiju_zogen+ten_shisu_juni,shiba_tekisei_code,bataiju_zogen,ten_shisu_juni,32,3957,78.56,12.24,74.32,False
KEIBAJO_SURFACE_06_芝,joshodo_code+ten_shisu_juni+gekiso_juni,joshodo_code,ten_shisu_juni,gekiso_juni,72,9493,76.92,11.31,74.31,False
KEIBAJO_SURFACE_06_芝,omo_tekisei_code+ichi_shisu_juni+rotation_bin,omo_tekisei_code,ichi_shisu_juni,rotation_bin,79,11498,76.84,11.47,74.31,False
KEIBAJO_SURFACE_06_芝,shiba_tekisei_code+ichi_shisu_juni+rotation_bin,shiba_tekisei_code,ichi_shisu_juni,rotation_bin,44,7658,77.37,10.38,74.3,False
KEIBAJO_SURFACE_06_芝,joken_class_code+ten_shisu_juni+rotation_bin,joken_class_code,ten_shisu_juni,rotation_bin,20,2218,80.1,13.28,74.28,False
KEIBAJO_SURFACE_06_芝,manken_shirushi+pace_yoso+rotation_bin,manken_shirushi,pace_yoso,rotation_bin,53,8062,76.84,9.76,74.22,False
KEIBAJO_SURFACE_06_芝,kyori_kubun+uma_start_shisu_decile+kyori_tekisei_2,kyori_kubun,uma_start_shisu_decile,kyori_tekisei_2,16,2592,80.38,12.66,74.18,False
KEIBAJO_SURFACE_06_芝,manken_shirushi+pace_yoso+uma_deokure_bin,manken_shirushi,pace_yoso,uma_deokure_bin,42,9788,77.18,10.03,74.14,False
KEIBAJO_SURFACE_06_芝,manken_shirushi+uma_deokure_bin+gekiso_juni,manken_shirushi,uma_deokure_bin,gekiso_juni,15,2164,77.57,6.83,74.11,False
KEIBAJO_SURFACE_06_芝,uma_deokure_bin+ten_shisu_juni+pace_shisu_juni,uma_deokure_bin,ten_shisu_juni,pace_shisu_juni,8,1286,80.55,9.29,74.1,False
KEIBAJO_SURFACE_06_芝,manken_shirushi+pace_yoso+omo_tekisei_code,manken_shirushi,pace_yoso,omo_tekisei_code,38,11128,76.44,7.45,74.07,False
KEIBAJO_SURFACE_06_芝,shiba_tekisei_code+bataiju_zogen+ichi_shisu_juni,shiba_tekisei_code,bataiju_zogen,ichi_shisu_juni,34,4341,77.27,9.53,74.07,False
KEIBAJO_SURFACE_06_芝,manken_shirushi+uma_deokure_bin+agari_shisu_juni,manken_shirushi,uma_deokure_bin,agari_shisu_juni,9,1170,82.13,12.38,74.05,False
KEIBAJO_SURFACE_06_芝,manken_shirushi+kyori_kubun+joken_class_code,manken_shirushi,kyori_kubun,joken_class_code,38,7675,76.52,7.78,74.05,False
KEIBAJO_SURFACE_06_芝,manken_shirushi+kyori_kubun+kyori_tekisei,manken_shirushi,kyori_kubun,kyori_tekisei,55,12123,76.18,8.2,74.02,False
KEIBAJO_SURFACE_06_芝,joshodo_code+ten_shisu_juni+agari_shisu_juni,joshodo_code,ten_shisu_juni,agari_shisu_juni,98,12113,76.5,12.54,74.02,False
KEIBAJO_SURFACE_06_芝,manken_shirushi+joshodo_code+pace_shisu_juni,manken_shirushi,joshodo_code,pace_shisu_juni,67,8660,76.84,11.77,74.02,False
KEIBAJO_SURFACE_06_芝,manken_shirushi+pace_yoso+joshodo_code,manken_shirushi,pace_yoso,joshodo_code,32,14061,76.16,6.22,74.01,False
KEIBAJO_SURFACE_06_芝,shiba_tekisei_code+uma_start_shisu_decile+pace_shisu_juni,shiba_tekisei_code,uma_start_shisu_decile,pace_shisu_juni,53,8109,77.24,12.04,74.0,False
KEIBAJO_SURFACE_06_芝,gekiso_juni+agari_shisu_juni+tenkai_kigo_code,gekiso_juni,agari_shisu_juni,tenkai_kigo_code,54,7610,77.09,11.62,73.99,False
KEIBAJO_SURFACE_06_芝,manken_shirushi+shiba_tekisei_code+kyori_tekisei_2,manken_shirushi,shiba_tekisei_code,kyori_tekisei_2,6,797,80.37,7.99,73.97,False
KEIBAJO_SURFACE_06_芝,uma_start_shisu_decile+pace_shisu_juni+rotation_bin,uma_start_shisu_decile,pace_shisu_juni,rotation_bin,19,2297,78.39,9.82,73.97,False
KEIBAJO_SURFACE_06_芝,manken_shirushi+pace_yoso+kyori_tekisei,manken_shirushi,pace_yoso,kyori_tekisei,46,11591,76.14,7.59,73.95,False
KEIBAJO_SURFACE_06_芝,manken_shirushi+uma_deokure_bin+rotation_bin,manken_shirushi,uma_deokure_bin,rotation_bin,47,6678,76.88,10.3,73.93,False
KEIBAJO_SURFACE_06_芝,manken_shirushi+kyori_kubun+shiba_tekisei_code,manken_shirushi,kyori_kubun,shiba_tekisei_code,43,9271,76.69,9.28,73.92,False
KEIBAJO_SURFACE_06_芝,manken_shirushi+uma_start_shisu_decile+tenkai_kigo_code,manken_shirushi,uma_start_shisu_decile,tenkai_kigo_code,19,3502,78.12,9.37,73.9,False
KEIBAJO_SURFACE_06_芝,manken_shirushi+pace_yoso+joken_class_code,manken_shirushi,pace_yoso,joken_class_code,55,12312,75.74,6.96,73.9,False
KEIBAJO_SURFACE_06_芝,gekiso_juni+rotation_bin+ls_shisu_juni,gekiso_juni,rotation_bin,ls_shisu_juni,7,778,82.96,12.25,73.89,False
KEIBAJO_SURFACE_06_芝,shiba_tekisei_code+bataiju_zogen+rotation_bin,shiba_tekisei_code,bataiju_zogen,rotation_bin,62,11617,76.23,9.55,73.86,False
KEIBAJO_SURFACE_06_芝,joshodo_code+bataiju_zogen+tenkai_kigo_code,joshodo_code,bataiju_zogen,tenkai_kigo_code,41,16966,76.11,7.4,73.85,False
KEIBAJO_SURFACE_06_芝,pace_yoso+omo_tekisei_code+bataiju,pace_yoso,omo_tekisei_code,bataiju,50,6401,76.36,9.08,73.85,False
KEIBAJO_SURFACE_06_芝,shiba_tekisei_code+bataiju_zogen+kyori_tekisei_2,shiba_tekisei_code,bataiju_zogen,kyori_tekisei_2,11,1598,78.82,8.45,73.83,False
KEIBAJO_SURFACE_06_芝,uma_deokure_bin+bataiju_zogen+ten_shisu_juni,uma_deokure_bin,bataiju_zogen,ten_shisu_juni,9,1052,80.59,10.36,73.83,False
KEIBAJO_SURFACE_06_芝,gekiso_juni+kyakushitsu+rotation_bin,gekiso_juni,kyakushitsu,rotation_bin,40,5655,76.65,9.13,73.82,False
KEIBAJO_SURFACE_06_芝,gekiso_juni+kyuyo_riyu_bunrui_code+ls_shisu_juni,gekiso_juni,kyuyo_riyu_bunrui_code,ls_shisu_juni,3,318,76.23,2.14,73.81,False
KEIBAJO_SURFACE_06_芝,manken_shirushi+kyori_kubun+uma_start_shisu_decile,manken_shirushi,kyori_kubun,uma_start_shisu_decile,16,2915,77.16,6.85,73.8,False
KEIBAJO_SURFACE_06_芝,manken_shirushi+omo_tekisei_code+tenkai_kigo_code,manken_shirushi,omo_tekisei_code,tenkai_kigo_code,36,9232,76.38,7.89,73.8,False
KEIBAJO_SURFACE_06_芝,manken_shirushi+joken_class_code+joshodo_code,manken_shirushi,joken_class_code,joshodo_code,48,14130,75.7,6.74,73.8,False
KEIBAJO_SURFACE_06_芝,omo_tekisei_code+uma_start_shisu_decile+pace_shisu_juni,omo_tekisei_code,uma_start_shisu_decile,pace_shisu_juni,41,7266,77.02,10.55,73.79,False
KEIBAJO_SURFACE_06_芝,manken_shirushi+class_code+kyakushitsu,manken_shirushi,class_code,kyakushitsu,28,3141,78.65,13.26,73.74,False
KEIBAJO_SURFACE_06_芝,kyori_kubun+gekiso_juni+kyakushitsu,kyori_kubun,gekiso_juni,kyakushitsu,73,11236,75.96,9.67,73.74,False
KEIBAJO_SURFACE_06_芝,joshodo_code+kyori_tekisei_2+agari_shisu_juni,joshodo_code,kyori_tekisei_2,agari_shisu_juni,15,2351,78.45,9.29,73.74,False
KEIBAJO_SURFACE_06_芝,pace_yoso+kyori_kubun+bataiju,pace_yoso,kyori_kubun,bataiju,19,2139,79.73,13.36,73.72,False
KEIBAJO_SURFACE_06_芝,manken_shirushi+pace_yoso+gekiso_juni,manken_shirushi,pace_yoso,gekiso_juni,31,4414,77.93,11.98,73.71,False
KEIBAJO_SURFACE_06_芝,shiba_tekisei_code+joshodo_code+bataiju,shiba_tekisei_code,joshodo_code,bataiju,68,12583,76.18,10.5,73.69,False
KEIBAJO_SURFACE_06_芝,class_code+ichi_shisu_juni+kyakushitsu,class_code,ichi_shisu_juni,kyakushitsu,45,6351,77.17,12.03,73.65,False
KEIBAJO_SURFACE_06_芝,manken_shirushi+kyori_tekisei+kyori_tekisei_2,manken_shirushi,kyori_tekisei,kyori_tekisei_2,14,2217,77.76,7.87,73.64,False
KEIBAJO_SURFACE_06_芝,manken_shirushi+shiba_tekisei_code+pace_shisu_juni,manken_shirushi,shiba_tekisei_code,pace_shisu_juni,13,1375,78.76,9.42,73.64,False
KEIBAJO_SURFACE_06_芝,manken_shirushi+omo_tekisei_code+joshodo_code,manken_shirushi,omo_tekisei_code,joshodo_code,19,12040,75.61,4.4,73.63,False
KEIBAJO_SURFACE_06_芝,omo_tekisei_code+ichi_shisu_juni+ten_shisu_juni,omo_tekisei_code,ichi_shisu_juni,ten_shisu_juni,12,1763,80.18,11.57,73.63,False
KEIBAJO_SURFACE_06_芝,shiba_tekisei_code+uma_start_shisu_decile+gekiso_juni,shiba_tekisei_code,uma_start_shisu_decile,gekiso_juni,53,8630,76.46,10.54,73.62,False
KEIBAJO_SURFACE_06_芝,kyori_kubun+uma_start_shisu_decile+pace_shisu_juni,kyori_kubun,uma_start_shisu_decile,pace_shisu_juni,25,4072,77.17,9.12,73.6,False
KEIBAJO_SURFACE_06_芝,joken_class_code+ichi_shisu_juni+kyakushitsu,joken_class_code,ichi_shisu_juni,kyakushitsu,67,13228,76.31,11.3,73.6,False
KEIBAJO_SURFACE_06_芝,kyakushitsu+pace_shisu_juni+rotation_bin,kyakushitsu,pace_shisu_juni,rotation_bin,51,6429,76.4,10.21,73.6,False
KEIBAJO_SURFACE_06_芝,kyori_tekisei+bataiju_zogen+rotation_bin,kyori_tekisei,bataiju_zogen,rotation_bin,56,8186,76.33,10.53,73.58,False
KEIBAJO_SURFACE_06_芝,pace_yoso+rotation_bin+agari_shisu_juni,pace_yoso,rotation_bin,agari_shisu_juni,70,10419,75.75,9.54,73.52,False
KEIBAJO_SURFACE_06_芝,manken_shirushi+kyori_tekisei+ichi_shisu_juni,manken_shirushi,kyori_tekisei,ichi_shisu_juni,8,1859,78.64,7.42,73.5,False
KEIBAJO_SURFACE_06_芝,joken_class_code+ten_shisu_juni+kyakushitsu,joken_class_code,ten_shisu_juni,kyakushitsu,76,11829,76.32,12.55,73.49,False
KEIBAJO_SURFACE_06_芝,manken_shirushi+kyori_kubun+omo_tekisei_code,manken_shirushi,kyori_kubun,omo_tekisei_code,57,11255,76.14,10.24,73.48,False
KEIBAJO_SURFACE_06_芝,kyori_kubun+joshodo_code+bataiju,kyori_kubun,joshodo_code,bataiju,63,9422,76.11,10.65,73.48,False
KEIBAJO_SURFACE_06_芝,pace_yoso+uma_start_shisu_decile+pace_shisu_juni,pace_yoso,uma_start_shisu_decile,pace_shisu_juni,47,7738,76.62,10.99,73.48,False
KEIBAJO_SURFACE_06_芝,omo_tekisei_code+bataiju+kyakushitsu,omo_tekisei_code,bataiju,kyakushitsu,6,613,82.28,11.02,73.47,False
KEIBAJO_SURFACE_06_芝,uma_start_shisu_decile+kyakushitsu+pace_shisu_juni,uma_start_shisu_decile,kyakushitsu,pace_shisu_juni,38,6292,76.29,8.89,73.47,False
KEIBAJO_SURFACE_06_芝,manken_shirushi+hizume_code+gekiso_juni,manken_shirushi,hizume_code,gekiso_juni,3,366,79.69,5.5,73.47,False
KEIBAJO_SURFACE_06_芝,manken_shirushi+joken_class_code+shiba_tekisei_code,manken_shirushi,joken_class_code,shiba_tekisei_code,40,10377,76.16,8.71,73.46,False
KEIBAJO_SURFACE_06_芝,manken_shirushi+kyori_kubun+class_code,manken_shirushi,kyori_kubun,class_code,32,4056,77.49,11.67,73.45,False
KEIBAJO_SURFACE_06_芝,manken_shirushi+shiba_tekisei_code+bataiju_zogen,manken_shirushi,shiba_tekisei_code,bataiju_zogen,32,4266,77.38,11.33,73.45,False
KEIBAJO_SURFACE_06_芝,manken_shirushi+kyori_kubun+uma_deokure_bin,manken_shirushi,kyori_kubun,uma_deokure_bin,46,8579,76.06,9.09,73.43,False
KEIBAJO_SURFACE_06_芝,uma_start_shisu_decile+ten_shisu_juni+rotation_bin,uma_start_shisu_decile,ten_shisu_juni,rotation_bin,23,2722,78.21,11.74,73.41,False
KEIBAJO_SURFACE_06_芝,kyori_kubun+rotation_bin+agari_shisu_juni,kyori_kubun,rotation_bin,agari_shisu_juni,37,4968,76.76,10.51,73.37,False
KEIBAJO_SURFACE_06_芝,ten_shisu_juni+agari_shisu_juni+tenkai_kigo_code,ten_shisu_juni,agari_shisu_juni,tenkai_kigo_code,62,7714,76.41,12.18,73.37,False
KEIBAJO_SURFACE_06_芝,manken_shirushi+omo_tekisei_code+rotation_bin,manken_shirushi,omo_tekisei_code,rotation_bin,59,9157,75.98,10.24,73.37,False
KEIBAJO_SURFACE_06_芝,pace_yoso+uma_deokure_bin+ichi_shisu_juni,pace_yoso,uma_deokure_bin,ichi_shisu_juni,73,14766,75.56,9.58,73.37,False
KEIBAJO_SURFACE_06_芝,manken_shirushi+joshodo_code+kyori_tekisei_2,manken_shirushi,joshodo_code,kyori_tekisei_2,14,2223,77.99,8.85,73.36,False
KEIBAJO_SURFACE_06_芝,manken_shirushi+joshodo_code+gekiso_juni,manken_shirushi,joshodo_code,gekiso_juni,56,10286,76.28,11.2,73.35,False
KEIBAJO_SURFACE_06_芝,class_code+gekiso_juni+rotation_bin,class_code,gekiso_juni,rotation_bin,8,847,80.94,10.95,73.35,False
KEIBAJO_SURFACE_06_芝,manken_shirushi+joshodo_code+agari_shisu_juni,manken_shirushi,joshodo_code,agari_shisu_juni,55,8150,75.98,9.98,73.34,False
KEIBAJO_SURFACE_06_芝,manken_shirushi+omo_tekisei_code+uma_deokure_bin,manken_shirushi,omo_tekisei_code,uma_deokure_bin,32,9419,75.76,7.03,73.33,False
KEIBAJO_SURFACE_06_芝,omo_tekisei_code+uma_start_shisu_decile+ten_shisu_juni,omo_tekisei_code,uma_start_shisu_decile,ten_shisu_juni,38,6937,76.68,10.58,73.32,False
KEIBAJO_SURFACE_06_芝,kyori_kubun+pace_shisu_juni+rotation_bin,kyori_kubun,pace_shisu_juni,rotation_bin,42,5265,76.48,10.58,73.28,False
KEIBAJO_SURFACE_06_芝,pace_yoso+bataiju_zogen+tenkai_kigo_code,pace_yoso,bataiju_zogen,tenkai_kigo_code,49,13611,75.81,9.03,73.28,False
KEIBAJO_SURFACE_06_芝,pace_yoso+joken_class_code+bataiju,pace_yoso,joken_class_code,bataiju,33,4424,76.46,9.34,73.27,False
KEIBAJO_SURFACE_06_芝,pace_yoso+shiba_tekisei_code+joshodo_code,pace_yoso,shiba_tekisei_code,joshodo_code,10,19193,75.79,4.1,73.25,False
KEIBAJO_SURFACE_06_芝,manken_shirushi+pace_yoso+kyori_kubun,manken_shirushi,pace_yoso,kyori_kubun,52,11974,75.31,7.61,73.25,False
KEIBAJO_SURFACE_06_芝,shiba_tekisei_code+uma_start_shisu_decile+ten_shisu_juni,shiba_tekisei_code,uma_start_shisu_decile,ten_shisu_juni,50,7764,76.32,11.23,73.21,False
KEIBAJO_SURFACE_06_芝,omo_tekisei_code+gekiso_juni+tenkai_kigo_code,omo_tekisei_code,gekiso_juni,tenkai_kigo_code,51,13102,75.64,8.86,73.21,False
KEIBAJO_SURFACE_06_芝,hizume_code+shiba_tekisei_code+rotation_bin,hizume_code,shiba_tekisei_code,rotation_bin,54,12226,75.85,9.94,73.2,False
KEIBAJO_SURFACE_06_芝,kyori_kubun+bataiju_zogen+agari_shisu_juni,kyori_kubun,bataiju_zogen,agari_shisu_juni,3,323,75.29,1.85,73.2,False
KEIBAJO_SURFACE_06_芝,manken_shirushi+uma_deokure_bin+joshodo_code,manken_shirushi,uma_deokure_bin,joshodo_code,31,11815,76.16,8.44,73.19,False
KEIBAJO_SURFACE_06_芝,shiba_tekisei_code+bataiju_zogen+tenkai_kigo_code,shiba_tekisei_code,bataiju_zogen,tenkai_kigo_code,47,13326,75.43,7.82,73.19,False
KEIBAJO_SURFACE_06_芝,pace_yoso+uma_start_shisu_decile+ichi_shisu_juni,pace_yoso,uma_start_shisu_decile,ichi_shisu_juni,55,9202,75.89,10.22,73.19,False
KEIBAJO_SURFACE_06_芝,omo_tekisei_code+kyori_tekisei+ichi_shisu_juni,omo_tekisei_code,kyori_tekisei,ichi_shisu_juni,78,14338,75.26,9.45,73.17,False
KEIBAJO_SURFACE_06_芝,uma_deokure_bin+ten_shisu_juni+rotation_bin,uma_deokure_bin,ten_shisu_juni,rotation_bin,51,6913,75.99,10.28,73.17,False
KEIBAJO_SURFACE_06_芝,pace_yoso+shiba_tekisei_code+bataiju_zogen,pace_yoso,shiba_tekisei_code,bataiju_zogen,57,16279,75.31,8.29,73.16,False
KEIBAJO_SURFACE_06_芝,pace_yoso+kyori_kubun+bataiju_zogen,pace_yoso,kyori_kubun,bataiju_zogen,69,15350,75.13,8.37,73.15,False
KEIBAJO_SURFACE_06_芝,omo_tekisei_code+kyori_tekisei+bataiju_zogen,omo_tekisei_code,kyori_tekisei,bataiju_zogen,63,14628,75.22,8.45,73.14,False
KEIBAJO_SURFACE_06_芝,omo_tekisei_code+bataiju_zogen+tenkai_kigo_code,omo_tekisei_code,bataiju_zogen,tenkai_kigo_code,52,14139,75.7,9.51,73.12,False
KEIBAJO_SURFACE_06_芝,manken_shirushi+shiba_tekisei_code+tenkai_kigo_code,manken_shirushi,shiba_tekisei_code,tenkai_kigo_code,40,9243,76.01,9.33,73.12,False
KEIBAJO_SURFACE_06_芝,manken_shirushi+joshodo_code+kyakushitsu,manken_shirushi,joshodo_code,kyakushitsu,40,14127,75.9,8.94,73.12,False
KEIBAJO_SURFACE_06_芝,kyori_tekisei+uma_start_shisu_decile+pace_shisu_juni,kyori_tekisei,uma_start_shisu_decile,pace_shisu_juni,32,4470,77.22,11.83,73.12,False
KEIBAJO_SURFACE_06_芝,joken_class_code+omo_tekisei_code+ichi_shisu_juni,joken_class_code,omo_tekisei_code,ichi_shisu_juni,83,13971,75.39,10.66,73.1,False
KEIBAJO_SURFACE_06_芝,omo_tekisei_code+bataiju_zogen+gekiso_juni,omo_tekisei_code,bataiju_zogen,gekiso_juni,37,4256,76.88,11.74,73.09,False
KEIBAJO_SURFACE_06_芝,manken_shirushi+joshodo_code+rotation_bin,manken_shirushi,joshodo_code,rotation_bin,46,11963,75.37,8.01,73.06,False
KEIBAJO_SURFACE_06_芝,kyori_kubun+joshodo_code+bataiju_zogen,kyori_kubun,joshodo_code,bataiju_zogen,44,17822,74.86,6.12,73.05,False
KEIBAJO_SURFACE_06_芝,pace_yoso+kyori_kubun+joshodo_code,pace_yoso,kyori_kubun,joshodo_code,16,21963,74.48,2.91,73.05,False
KEIBAJO_SURFACE_06_芝,omo_tekisei_code+kyori_tekisei_2+ls_shisu_juni,omo_tekisei_code,kyori_tekisei_2,ls_shisu_juni,13,2270,77.04,7.34,73.05,False
KEIBAJO_SURFACE_06_芝,pace_yoso+kyori_tekisei+bataiju_zogen,pace_yoso,kyori_tekisei,bataiju_zogen,58,13951,75.37,9.03,73.04,False
KEIBAJO_SURFACE_06_芝,pace_yoso+joken_class_code+bataiju_zogen,pace_yoso,joken_class_code,bataiju_zogen,63,14559,75.26,8.98,73.04,False
KEIBAJO_SURFACE_06_芝,uma_start_shisu_decile+ichi_shisu_juni+tenkai_kigo_code,uma_start_shisu_decile,ichi_shisu_juni,tenkai_kigo_code,40,7469,76.43,10.93,73.04,False
KEIBAJO_SURFACE_06_芝,manken_shirushi+omo_tekisei_code+shiba_tekisei_code,manken_shirushi,omo_tekisei_code,shiba_tekisei_code,34,10576,75.55,7.48,73.03,False
KEIBAJO_SURFACE_06_芝,manken_shirushi+joken_class_code+omo_tekisei_code,manken_shirushi,joken_class_code,omo_tekisei_code,57,10390,75.23,8.5,73.03,False
KEIBAJO_SURFACE_06_芝,joken_class_code+uma_deokure_bin+bataiju_zogen,joken_class_code,uma_deokure_bin,bataiju_zogen,54,10868,75.46,9.16,73.02,False
KEIBAJO_SURFACE_06_芝,hizume_code+shiba_tekisei_code+ichi_shisu_juni,hizume_code,shiba_tekisei_code,ichi_shisu_juni,36,5719,75.64,8.07,73.01,False
KEIBAJO_SURFACE_06_芝,class_code+gekiso_juni+kyuyo_riyu_bunrui_code,class_code,gekiso_juni,kyuyo_riyu_bunrui_code,3,329,90.99,15.89,73.01,False
KEIBAJO_SURFACE_06_芝,kyori_tekisei+kyori_tekisei_2+rotation_bin,kyori_tekisei,kyori_tekisei_2,rotation_bin,15,4011,76.65,7.19,73.01,False
KEIBAJO_SURFACE_06_芝,uma_deokure_bin+kyori_tekisei+pace_shisu_juni,uma_deokure_bin,kyori_tekisei,pace_shisu_juni,65,10320,75.59,10.67,73.0,False
KEIBAJO_SURFACE_06_芝,manken_shirushi+shiba_tekisei_code+kyori_tekisei,manken_shirushi,shiba_tekisei_code,kyori_tekisei,40,10401,76.04,9.83,73.0,False
KEIBAJO_SURFACE_06_芝,kyakushitsu+rotation_bin+agari_shisu_juni,kyakushitsu,rotation_bin,agari_shisu_juni,49,6487,76.19,11.47,72.98,False
KEIBAJO_SURFACE_06_芝,manken_shirushi+joken_class_code+gekiso_juni,manken_shirushi,joken_class_code,gekiso_juni,11,1594,80.26,12.32,72.98,False
KEIBAJO_SURFACE_06_芝,pace_yoso+bataiju_zogen+agari_shisu_juni,pace_yoso,bataiju_zogen,agari_shisu_juni,31,3506,76.84,10.97,72.98,False
KEIBAJO_SURFACE_06_芝,manken_shirushi+kyori_tekisei+joshodo_code,manken_shirushi,kyori_tekisei,joshodo_code,40,13679,75.51,8.15,72.98,False
KEIBAJO_SURFACE_06_芝,manken_shirushi+pace_yoso+kyakushitsu,manken_shirushi,pace_yoso,kyakushitsu,56,11563,75.67,10.27,72.98,False
KEIBAJO_SURFACE_06_芝,joshodo_code+bataiju_zogen+rotation_bin,joshodo_code,bataiju_zogen,rotation_bin,54,16835,75.15,8.11,72.98,False
KEIBAJO_SURFACE_06_芝,hizume_code+omo_tekisei_code+kyori_tekisei_2,hizume_code,omo_tekisei_code,kyori_tekisei_2,12,2295,79.25,11.1,72.97,False
KEIBAJO_SURFACE_06_芝,bataiju_zogen+gekiso_juni+kyakushitsu,bataiju_zogen,gekiso_juni,kyakushitsu,5,524,80.7,8.82,72.97,False
KEIBAJO_SURFACE_06_芝,joshodo_code+bataiju+kyakushitsu,joshodo_code,bataiju,kyakushitsu,74,10604,75.82,12.49,72.97,False
KEIBAJO_SURFACE_06_芝,gekiso_juni+pace_shisu_juni+tenkai_kigo_code,gekiso_juni,pace_shisu_juni,tenkai_kigo_code,17,2033,77.9,10.4,72.96,False
KEIBAJO_SURFACE_06_芝,kyori_kubun+bataiju_zogen+tenkai_kigo_code,kyori_kubun,bataiju_zogen,tenkai_kigo_code,44,11248,75.54,8.76,72.95,False
KEIBAJO_SURFACE_06_芝,manken_shirushi+joshodo_code+tenkai_kigo_code,manken_shirushi,joshodo_code,tenkai_kigo_code,39,12842,75.92,9.5,72.94,False
KEIBAJO_SURFACE_06_芝,manken_shirushi+uma_start_shisu_decile+kyuyo_riyu_bunrui_code,manken_shirushi,uma_start_shisu_decile,kyuyo_riyu_bunrui_code,6,764,79.33,7.98,72.94,False
KEIBAJO_SURFACE_06_芝,kyori_tekisei_2+agari_shisu_juni+tenkai_kigo_code,kyori_tekisei_2,agari_shisu_juni,tenkai_kigo_code,12,1820,77.37,7.83,72.94,False
KEIBAJO_SURFACE_06_芝,shiba_tekisei_code+bataiju_zogen+gekiso_juni,shiba_tekisei_code,bataiju_zogen,gekiso_juni,36,5011,76.6,11.24,72.93,False
KEIBAJO_SURFACE_06_芝,omo_tekisei_code+uma_deokure_bin+bataiju_zogen,omo_tekisei_code,uma_deokure_bin,bataiju_zogen,48,13737,74.93,7.11,72.92,False
KEIBAJO_SURFACE_06_芝,joken_class_code+shiba_tekisei_code+ichi_shisu_juni,joken_class_code,shiba_tekisei_code,ichi_shisu_juni,70,14841,75.07,9.24,72.91,False
KEIBAJO_SURFACE_06_芝,omo_tekisei_code+bataiju_zogen+rotation_bin,omo_tekisei_code,bataiju_zogen,rotation_bin,69,13198,75.05,9.04,72.91,False
KEIBAJO_SURFACE_06_芝,hizume_code+joshodo_code+ichi_shisu_juni,hizume_code,joshodo_code,ichi_shisu_juni,64,13004,75.29,9.73,72.91,False
KEIBAJO_SURFACE_06_芝,kyori_kubun+ichi_shisu_juni+rotation_bin,kyori_kubun,ichi_shisu_juni,rotation_bin,40,5145,76.03,10.11,72.9,False
KEIBAJO_SURFACE_06_芝,manken_shirushi+shiba_tekisei_code+gekiso_juni,manken_shirushi,shiba_tekisei_code,gekiso_juni,27,4399,76.78,10.29,72.9,False
KEIBAJO_SURFACE_06_芝,shiba_tekisei_code+gekiso_juni+pace_shisu_juni,shiba_tekisei_code,gekiso_juni,pace_shisu_juni,20,2563,77.95,11.55,72.89,False
KEIBAJO_SURFACE_06_芝,manken_shirushi+uma_deokure_bin+shiba_tekisei_code,manken_shirushi,uma_deokure_bin,shiba_tekisei_code,38,9109,75.61,8.55,72.89,False
KEIBAJO_SURFACE_06_芝,joken_class_code+uma_start_shisu_decile+ichi_shisu_juni,joken_class_code,uma_start_shisu_decile,ichi_shisu_juni,27,4161,76.27,9.03,72.87,False
KEIBAJO_SURFACE_06_芝,pace_yoso+kyori_kubun+joken_class_code,pace_yoso,kyori_kubun,joken_class_code,40,22137,73.63,2.49,72.86,False
KEIBAJO_SURFACE_06_芝,pace_yoso+omo_tekisei_code+joshodo_code,pace_yoso,omo_tekisei_code,joshodo_code,10,19549,75.33,3.99,72.86,False
KEIBAJO_SURFACE_06_芝,manken_shirushi+hizume_code+joshodo_code,manken_shirushi,hizume_code,joshodo_code,42,9242,76.25,11.21,72.86,False
KEIBAJO_SURFACE_06_芝,shiba_tekisei_code+ten_shisu_juni+pace_shisu_juni,shiba_tekisei_code,ten_shisu_juni,pace_shisu_juni,18,2579,78.17,11.53,72.84,False
KEIBAJO_SURFACE_06_芝,kyori_kubun+kyori_tekisei+bataiju_zogen,kyori_kubun,kyori_tekisei,bataiju_zogen,53,12887,75.03,8.17,72.83,False
KEIBAJO_SURFACE_06_芝,pace_yoso+omo_tekisei_code+bataiju_zogen,pace_yoso,omo_tekisei_code,bataiju_zogen,51,16102,75.28,8.98,72.81,False
KEIBAJO_SURFACE_06_芝,kyori_kubun+omo_tekisei_code+rotation_bin,kyori_kubun,omo_tekisei_code,rotation_bin,47,17695,74.88,7.29,72.8,False
KEIBAJO_SURFACE_06_芝,shiba_tekisei_code+pace_shisu_juni+rotation_bin,shiba_tekisei_code,pace_shisu_juni,rotation_bin,53,8637,75.43,9.78,72.8,False
KEIBAJO_SURFACE_06_芝,shiba_tekisei_code+uma_start_shisu_decile+agari_shisu_juni,shiba_tekisei_code,uma_start_shisu_decile,agari_shisu_juni,55,8591,75.85,11.66,72.77,False
KEIBAJO_SURFACE_06_芝,kyori_kubun+uma_deokure_bin+ten_shisu_juni,kyori_kubun,uma_deokure_bin,ten_shisu_juni,66,10988,75.63,11.89,72.77,False
KEIBAJO_SURFACE_06_芝,manken_shirushi+shiba_tekisei_code+class_code,manken_shirushi,shiba_tekisei_code,class_code,30,7195,75.87,8.66,72.77,False
KEIBAJO_SURFACE_06_芝,class_code+ten_shisu_juni+kyakushitsu,class_code,ten_shisu_juni,kyakushitsu,40,4599,76.63,12.47,72.77,False
KEIBAJO_SURFACE_06_芝,joshodo_code+bataiju_zogen+ichi_shisu_juni,joshodo_code,bataiju_zogen,ichi_shisu_juni,72,11951,74.98,9.65,72.75,False
KEIBAJO_SURFACE_06_芝,omo_tekisei_code+class_code+ten_shisu_juni,omo_tekisei_code,class_code,ten_shisu_juni,53,7925,75.7,10.94,72.75,False
KEIBAJO_SURFACE_06_芝,omo_tekisei_code+uma_start_shisu_decile+bataiju_zogen,omo_tekisei_code,uma_start_shisu_decile,bataiju_zogen,65,11198,75.15,9.91,72.74,False
KEIBAJO_SURFACE_06_芝,pace_yoso+uma_deokure_bin+agari_shisu_juni,pace_yoso,uma_deokure_bin,agari_shisu_juni,71,14322,75.2,10.57,72.74,False
KEIBAJO_SURFACE_06_芝,bataiju_zogen+kyakushitsu+pace_shisu_juni,bataiju_zogen,kyakushitsu,pace_shisu_juni,7,742,79.87,9.62,72.74,False
KEIBAJO_SURFACE_06_芝,manken_shirushi+uma_deokure_bin+kyori_tekisei,manken_shirushi,uma_deokure_bin,kyori_tekisei,48,8326,75.45,9.57,72.74,False
KEIBAJO_SURFACE_06_芝,kyori_kubun+joken_class_code+joshodo_code,kyori_kubun,joken_class_code,joshodo_code,23,22024,73.63,2.22,72.73,False
KEIBAJO_SURFACE_06_芝,pace_yoso+ichi_shisu_juni+rotation_bin,pace_yoso,ichi_shisu_juni,rotation_bin,69,10174,75.59,12.13,72.73,False
KEIBAJO_SURFACE_06_芝,shiba_tekisei_code+kyori_tekisei_2+gekiso_juni,shiba_tekisei_code,kyori_tekisei_2,gekiso_juni,7,925,78.04,7.17,72.73,False
KEIBAJO_SURFACE_06_芝,pace_yoso+uma_deokure_bin+bataiju_zogen,pace_yoso,uma_deokure_bin,bataiju_zogen,61,14919,74.67,7.8,72.72,False
KEIBAJO_SURFACE_06_芝,pace_yoso+uma_deokure_bin+ten_shisu_juni,pace_yoso,uma_deokure_bin,ten_shisu_juni,72,14175,75.48,12.01,72.71,False
KEIBAJO_SURFACE_06_芝,uma_deokure_bin+kyori_tekisei+bataiju_zogen,uma_deokure_bin,kyori_tekisei,bataiju_zogen,57,11494,75.05,9.1,72.69,False
KEIBAJO_SURFACE_06_芝,joshodo_code+kyori_tekisei_2+rotation_bin,joshodo_code,kyori_tekisei_2,rotation_bin,15,3967,76.36,7.29,72.68,False
KEIBAJO_SURFACE_06_芝,joken_class_code+joshodo_code+bataiju_zogen,joken_class_code,joshodo_code,bataiju_zogen,51,17432,74.85,7.91,72.68,False
KEIBAJO_SURFACE_06_芝,manken_shirushi+joken_class_code+agari_shisu_juni,manken_shirushi,joken_class_code,agari_shisu_juni,4,508,84.97,12.56,72.66,False
KEIBAJO_SURFACE_06_芝,pace_yoso+joken_class_code+kyori_tekisei,pace_yoso,joken_class_code,kyori_tekisei,33,21078,74.64,5.82,72.65,False
KEIBAJO_SURFACE_06_芝,manken_shirushi+kyori_tekisei+kyuyo_riyu_bunrui_code,manken_shirushi,kyori_tekisei,kyuyo_riyu_bunrui_code,13,1762,76.88,7.78,72.65,False
KEIBAJO_SURFACE_06_芝,omo_tekisei_code+ten_shisu_juni+rotation_bin,omo_tekisei_code,ten_shisu_juni,rotation_bin,81,11338,75.43,12.8,72.65,False
KEIBAJO_SURFACE_06_芝,shiba_tekisei_code+kyori_tekisei+bataiju,shiba_tekisei_code,kyori_tekisei,bataiju,40,4841,76.27,11.72,72.64,False
KEIBAJO_SURFACE_06_芝,kyori_tekisei+joshodo_code+bataiju,kyori_tekisei,joshodo_code,bataiju,62,8821,75.66,12.11,72.64,False
KEIBAJO_SURFACE_06_芝,uma_deokure_bin+ichi_shisu_juni+rotation_bin,uma_deokure_bin,ichi_shisu_juni,rotation_bin,55,7901,75.49,10.82,72.63,False
KEIBAJO_SURFACE_06_芝,manken_shirushi+kyori_kubun+kyakushitsu,manken_shirushi,kyori_kubun,kyakushitsu,55,8569,76.0,12.76,72.62,False
KEIBAJO_SURFACE_06_芝,hizume_code+joshodo_code+rotation_bin,hizume_code,joshodo_code,rotation_bin,51,17273,74.74,7.74,72.62,False
KEIBAJO_SURFACE_06_芝,kyori_kubun+uma_deokure_bin+ichi_shisu_juni,kyori_kubun,uma_deokure_bin,ichi_shisu_juni,61,11044,74.91,9.14,72.61,False
KEIBAJO_SURFACE_06_芝,uma_start_shisu_decile+ichi_shisu_juni+rotation_bin,uma_start_shisu_decile,ichi_shisu_juni,rotation_bin,25,3319,76.54,10.07,72.6,False
KEIBAJO_SURFACE_06_芝,omo_tekisei_code+kyori_tekisei+ten_shisu_juni,omo_tekisei_code,kyori_tekisei,ten_shisu_juni,82,14497,74.84,10.34,72.6,False
KEIBAJO_SURFACE_06_芝,manken_shirushi+ichi_shisu_juni+kyakushitsu,manken_shirushi,ichi_shisu_juni,kyakushitsu,8,1693,77.56,7.16,72.6,False
KEIBAJO_SURFACE_06_芝,hizume_code+joken_class_code+joshodo_code,hizume_code,joken_class_code,joshodo_code,45,18030,75.65,10.55,72.57,False
KEIBAJO_SURFACE_06_芝,pace_yoso+rotation_bin+tenkai_kigo_code,pace_yoso,rotation_bin,tenkai_kigo_code,48,17682,75.46,10.22,72.57,False
KEIBAJO_SURFACE_06_芝,manken_shirushi+uma_deokure_bin+kyakushitsu,manken_shirushi,uma_deokure_bin,kyakushitsu,45,9124,75.75,10.96,72.55,False
KEIBAJO_SURFACE_06_芝,kyori_kubun+omo_tekisei_code+gekiso_juni,kyori_kubun,omo_tekisei_code,gekiso_juni,82,15274,74.66,9.71,72.55,False
KEIBAJO_SURFACE_06_芝,pace_yoso+joshodo_code+bataiju_zogen,pace_yoso,joshodo_code,bataiju_zogen,35,18210,74.68,6.46,72.54,False
KEIBAJO_SURFACE_06_芝,manken_shirushi+joshodo_code+uma_start_shisu_decile,manken_shirushi,joshodo_code,uma_start_shisu_decile,60,12237,74.7,8.56,72.53,False
KEIBAJO_SURFACE_06_芝,manken_shirushi+joshodo_code+ls_shisu_juni,manken_shirushi,joshodo_code,ls_shisu_juni,56,12153,75.44,11.15,72.52,False
KEIBAJO_SURFACE_06_芝,manken_shirushi+kyakushitsu+agari_shisu_juni,manken_shirushi,kyakushitsu,agari_shisu_juni,5,632,76.66,4.73,72.52,False
KEIBAJO_SURFACE_06_芝,shiba_tekisei_code+ichi_shisu_juni+ls_shisu_juni,shiba_tekisei_code,ichi_shisu_juni,ls_shisu_juni,54,7657,75.91,12.74,72.51,False
KEIBAJO_SURFACE_06_芝,joken_class_code+omo_tekisei_code+pace_shisu_juni,joken_class_code,omo_tekisei_code,pace_shisu_juni,82,13823,74.92,11.13,72.51,False
KEIBAJO_SURFACE_06_芝,pace_yoso+joken_class_code+uma_deokure_bin,pace_yoso,joken_class_code,uma_deokure_bin,38,18928,74.43,6.04,72.51,False
KEIBAJO_SURFACE_06_芝,joshodo_code+bataiju_zogen+kyakushitsu,joshodo_code,bataiju_zogen,kyakushitsu,43,17741,75.05,8.5,72.51,False
KEIBAJO_SURFACE_06_芝,uma_deokure_bin+kyori_tekisei+ten_shisu_juni,uma_deokure_bin,kyori_tekisei,ten_shisu_juni,71,10682,75.25,11.83,72.5,False
KEIBAJO_SURFACE_06_芝,uma_start_shisu_decile+rotation_bin+agari_shisu_juni,uma_start_shisu_decile,rotation_bin,agari_shisu_juni,18,2206,77.15,10.07,72.5,False
KEIBAJO_SURFACE_06_芝,joshodo_code+bataiju+rotation_bin,joshodo_code,bataiju,rotation_bin,38,4617,76.03,11.15,72.49,False
KEIBAJO_SURFACE_06_芝,joshodo_code+gekiso_juni+pace_shisu_juni,joshodo_code,gekiso_juni,pace_shisu_juni,74,10276,74.64,9.44,72.49,False
KEIBAJO_SURFACE_06_芝,uma_deokure_bin+ichi_shisu_juni+gekiso_juni,uma_deokure_bin,ichi_shisu_juni,gekiso_juni,5,589,80.08,8.68,72.47,False
KEIBAJO_SURFACE_06_芝,joshodo_code+uma_start_shisu_decile+rotation_bin,joshodo_code,uma_start_shisu_decile,rotation_bin,47,18627,74.46,6.97,72.47,False
KEIBAJO_SURFACE_06_芝,pace_yoso+bataiju_zogen+kyakushitsu,pace_yoso,bataiju_zogen,kyakushitsu,62,14612,74.91,9.79,72.47,False
KEIBAJO_SURFACE_06_芝,kyori_kubun+gekiso_juni+rotation_bin,kyori_kubun,gekiso_juni,rotation_bin,34,4992,75.9,10.23,72.46,False
KEIBAJO_SURFACE_06_芝,joken_class_code+omo_tekisei_code+rotation_bin,joken_class_code,omo_tekisei_code,rotation_bin,51,17290,74.8,8.54,72.46,False
KEIBAJO_SURFACE_06_芝,omo_tekisei_code+shiba_tekisei_code+bataiju,omo_tekisei_code,shiba_tekisei_code,bataiju,48,6303,75.51,10.76,72.46,False
KEIBAJO_SURFACE_06_芝,joken_class_code+bataiju_zogen+rotation_bin,joken_class_code,bataiju_zogen,rotation_bin,55,7522,75.2,10.37,72.46,False
KEIBAJO_SURFACE_06_芝,ten_shisu_juni+gekiso_juni+tenkai_kigo_code,ten_shisu_juni,gekiso_juni,tenkai_kigo_code,3,339,81.09,7.62,72.46,False
KEIBAJO_SURFACE_06_芝,shiba_tekisei_code+class_code+kyori_tekisei_2,shiba_tekisei_code,class_code,kyori_tekisei_2,14,2888,77.67,9.97,72.45,False
KEIBAJO_SURFACE_06_芝,joken_class_code+shiba_tekisei_code+uma_start_shisu_decile,joken_class_code,shiba_tekisei_code,uma_start_shisu_decile,48,17105,75.54,10.95,72.44,False
KEIBAJO_SURFACE_06_芝,manken_shirushi+kyori_kubun+joshodo_code,manken_shirushi,kyori_kubun,joshodo_code,32,12571,74.85,6.97,72.44,False
KEIBAJO_SURFACE_06_芝,kyori_kubun+uma_deokure_bin+gekiso_juni,kyori_kubun,uma_deokure_bin,gekiso_juni,60,10889,75.12,10.64,72.43,False
KEIBAJO_SURFACE_06_芝,omo_tekisei_code+bataiju_zogen+ten_shisu_juni,omo_tekisei_code,bataiju_zogen,ten_shisu_juni,24,2595,78.01,13.95,72.43,False
KEIBAJO_SURFACE_06_芝,omo_tekisei_code+ichi_shisu_juni+kyori_tekisei_2,omo_tekisei_code,ichi_shisu_juni,kyori_tekisei_2,7,797,82.02,12.95,72.43,False
KEIBAJO_SURFACE_06_芝,joshodo_code+ichi_shisu_juni+rotation_bin,joshodo_code,ichi_shisu_juni,rotation_bin,75,17169,74.67,9.9,72.43,False
KEIBAJO_SURFACE_06_芝,joken_class_code+uma_start_shisu_decile+bataiju_zogen,joken_class_code,uma_start_shisu_decile,bataiju_zogen,29,4837,76.49,11.16,72.42,False
KEIBAJO_SURFACE_06_芝,joken_class_code+omo_tekisei_code+bataiju_zogen,joken_class_code,omo_tekisei_code,bataiju_zogen,61,13756,74.75,9.29,72.42,False
KEIBAJO_SURFACE_06_芝,joshodo_code+bataiju+class_code,joshodo_code,bataiju,class_code,34,3765,76.15,11.1,72.42,False
KEIBAJO_SURFACE_06_芝,manken_shirushi+omo_tekisei_code+gekiso_juni,manken_shirushi,omo_tekisei_code,gekiso_juni,22,3281,76.63,10.1,72.41,False
KEIBAJO_SURFACE_06_芝,joshodo_code+ichi_shisu_juni+gekiso_juni,joshodo_code,ichi_shisu_juni,gekiso_juni,88,12441,74.5,10.01,72.41,False
KEIBAJO_SURFACE_06_芝,joshodo_code+ichi_shisu_juni+tenkai_kigo_code,joshodo_code,ichi_shisu_juni,tenkai_kigo_code,53,20262,75.34,10.9,72.41,False
KEIBAJO_SURFACE_06_芝,hizume_code+agari_shisu_juni+tenkai_kigo_code,hizume_code,agari_shisu_juni,tenkai_kigo_code,49,9991,75.37,10.63,72.4,False
KEIBAJO_SURFACE_06_芝,manken_shirushi+pace_yoso+shiba_tekisei_code,manken_shirushi,pace_yoso,shiba_tekisei_code,36,10810,75.12,8.34,72.4,False
KEIBAJO_SURFACE_06_芝,pace_yoso+joshodo_code+rotation_bin,pace_yoso,joshodo_code,rotation_bin,20,19152,74.5,4.81,72.39,False
KEIBAJO_SURFACE_06_芝,uma_deokure_bin+kyori_tekisei+ichi_shisu_juni,uma_deokure_bin,kyori_tekisei,ichi_shisu_juni,68,11020,74.83,10.3,72.38,False
KEIBAJO_SURFACE_06_芝,uma_deokure_bin+uma_start_shisu_decile+bataiju_zogen,uma_deokure_bin,uma_start_shisu_decile,bataiju_zogen,45,9402,75.01,8.99,72.38,False
KEIBAJO_SURFACE_06_芝,manken_shirushi+uma_deokure_bin+uma_start_shisu_decile,manken_shirushi,uma_deokure_bin,uma_start_shisu_decile,37,6445,75.11,8.45,72.38,False
KEIBAJO_SURFACE_06_芝,joken_class_code+bataiju_zogen+kyakushitsu,joken_class_code,bataiju_zogen,kyakushitsu,60,10228,75.13,10.85,72.38,False
KEIBAJO_SURFACE_06_芝,kyori_tekisei+kyori_tekisei_2+agari_shisu_juni,kyori_tekisei,kyori_tekisei_2,agari_shisu_juni,18,2648,77.13,10.28,72.38,False
KEIBAJO_SURFACE_06_芝,kyori_kubun+joken_class_code+kyori_tekisei_2,kyori_kubun,joken_class_code,kyori_tekisei_2,14,3362,76.83,8.51,72.37,False
KEIBAJO_SURFACE_06_芝,kyori_kubun+joken_class_code+kyori_tekisei,kyori_kubun,joken_class_code,kyori_tekisei,37,20756,74.58,6.87,72.36,False
KEIBAJO_SURFACE_06_芝,pace_yoso+omo_tekisei_code+uma_deokure_bin,pace_yoso,omo_tekisei_code,uma_deokure_bin,29,19220,74.73,6.53,72.36,False
KEIBAJO_SURFACE_06_芝,manken_shirushi+kyori_tekisei+kyakushitsu,manken_shirushi,kyori_tekisei,kyakushitsu,52,8834,75.43,11.34,72.35,False
KEIBAJO_SURFACE_06_芝,kyori_kubun+omo_tekisei_code+bataiju_zogen,kyori_kubun,omo_tekisei_code,bataiju_zogen,61,14972,74.5,8.59,72.35,False
KEIBAJO_SURFACE_06_芝,shiba_tekisei_code+uma_start_shisu_decile+tenkai_kigo_code,shiba_tekisei_code,uma_start_shisu_decile,tenkai_kigo_code,49,16649,74.91,9.19,72.34,False
KEIBAJO_SURFACE_06_芝,hizume_code+kyori_kubun+omo_tekisei_code,hizume_code,kyori_kubun,omo_tekisei_code,51,15902,74.85,9.16,72.34,False
KEIBAJO_SURFACE_06_芝,kyori_tekisei+pace_shisu_juni+rotation_bin,kyori_tekisei,pace_shisu_juni,rotation_bin,30,3965,76.42,11.4,72.34,False
KEIBAJO_SURFACE_06_芝,hizume_code+omo_tekisei_code+rotation_bin,hizume_code,omo_tekisei_code,rotation_bin,57,13866,74.84,9.62,72.34,False
KEIBAJO_SURFACE_06_芝,omo_tekisei_code+uma_start_shisu_decile+tenkai_kigo_code,omo_tekisei_code,uma_start_shisu_decile,tenkai_kigo_code,46,16842,75.07,9.49,72.33,False
KEIBAJO_SURFACE_06_芝,manken_shirushi+shiba_tekisei_code+ten_shisu_juni,manken_shirushi,shiba_tekisei_code,ten_shisu_juni,9,982,80.77,12.95,72.32,False
KEIBAJO_SURFACE_06_芝,kyori_kubun+shiba_tekisei_code+ichi_shisu_juni,kyori_kubun,shiba_tekisei_code,ichi_shisu_juni,63,12250,74.74,9.82,72.31,False
KEIBAJO_SURFACE_06_芝,omo_tekisei_code+bataiju_zogen+kyakushitsu,omo_tekisei_code,bataiju_zogen,kyakushitsu,65,15405,74.77,10.09,72.31,False
KEIBAJO_SURFACE_06_芝,pace_yoso+joken_class_code+omo_tekisei_code,pace_yoso,joken_class_code,omo_tekisei_code,29,19303,74.11,4.93,72.31,False
KEIBAJO_SURFACE_06_芝,kyori_kubun+joken_class_code+ichi_shisu_juni,kyori_kubun,joken_class_code,ichi_shisu_juni,54,10674,75.3,11.22,72.3,False
KEIBAJO_SURFACE_06_芝,shiba_tekisei_code+kyori_tekisei+ls_shisu_juni,shiba_tekisei_code,kyori_tekisei,ls_shisu_juni,49,17180,74.92,9.35,72.3,False
KEIBAJO_SURFACE_06_芝,pace_yoso+bataiju+tenkai_kigo_code,pace_yoso,bataiju,tenkai_kigo_code,36,5161,75.99,11.3,72.3,False
KEIBAJO_SURFACE_06_芝,joken_class_code+shiba_tekisei_code+bataiju_zogen,joken_class_code,shiba_tekisei_code,bataiju_zogen,52,14395,74.56,8.33,72.3,False
KEIBAJO_SURFACE_06_芝,shiba_tekisei_code+gekiso_juni+tenkai_kigo_code,shiba_tekisei_code,gekiso_juni,tenkai_kigo_code,60,13678,75.0,10.66,72.3,False
KEIBAJO_SURFACE_06_芝,manken_shirushi+omo_tekisei_code+agari_shisu_juni,manken_shirushi,omo_tekisei_code,agari_shisu_juni,16,1964,77.4,10.43,72.29,False
KEIBAJO_SURFACE_06_芝,uma_deokure_bin+joshodo_code+bataiju,uma_deokure_bin,joshodo_code,bataiju,73,11686,74.79,10.88,72.29,False
KEIBAJO_SURFACE_06_芝,joken_class_code+uma_deokure_bin+ls_shisu_juni,joken_class_code,uma_deokure_bin,ls_shisu_juni,57,14028,74.86,9.94,72.28,False
KEIBAJO_SURFACE_06_芝,omo_tekisei_code+uma_start_shisu_decile+rotation_bin,omo_tekisei_code,uma_start_shisu_decile,rotation_bin,68,15904,74.49,9.31,72.28,False
KEIBAJO_SURFACE_06_芝,manken_shirushi+joshodo_code+bataiju_zogen,manken_shirushi,joshodo_code,bataiju_zogen,51,9208,75.12,10.38,72.27,False
KEIBAJO_SURFACE_06_芝,kyori_kubun+joken_class_code+rotation_bin,kyori_kubun,joken_class_code,rotation_bin,73,16297,74.15,8.19,72.27,False
KEIBAJO_SURFACE_06_芝,shiba_tekisei_code+joshodo_code+bataiju_zogen,shiba_tekisei_code,joshodo_code,bataiju_zogen,36,17843,74.58,7.07,72.27,False
KEIBAJO_SURFACE_06_芝,pace_shisu_juni+agari_shisu_juni+tenkai_kigo_code,pace_shisu_juni,agari_shisu_juni,tenkai_kigo_code,83,10659,74.9,12.29,72.26,False
KEIBAJO_SURFACE_06_芝,manken_shirushi+omo_tekisei_code+kyori_tekisei,manken_shirushi,omo_tekisei_code,kyori_tekisei,50,10389,75.03,9.98,72.26,False
KEIBAJO_SURFACE_06_芝,uma_start_shisu_decile+kyakushitsu+rotation_bin,uma_start_shisu_decile,kyakushitsu,rotation_bin,67,14293,74.73,10.3,72.26,False
KEIBAJO_SURFACE_06_芝,kyori_kubun+uma_start_shisu_decile+bataiju_zogen,kyori_kubun,uma_start_shisu_decile,bataiju_zogen,42,6648,75.72,11.44,72.26,False
KEIBAJO_SURFACE_06_芝,uma_deokure_bin+shiba_tekisei_code+bataiju,uma_deokure_bin,shiba_tekisei_code,bataiju,28,3234,76.02,10.15,72.26,False
KEIBAJO_SURFACE_06_芝,hizume_code+joshodo_code+ten_shisu_juni,hizume_code,joshodo_code,ten_shisu_juni,63,12685,74.8,10.32,72.25,False
KEIBAJO_SURFACE_06_芝,joshodo_code+pace_shisu_juni+agari_shisu_juni,joshodo_code,pace_shisu_juni,agari_shisu_juni,105,14257,74.24,10.5,72.23,False
KEIBAJO_SURFACE_06_芝,hizume_code+omo_tekisei_code+bataiju_zogen,hizume_code,omo_tekisei_code,bataiju_zogen,52,9707,74.63,8.82,72.23,False
KEIBAJO_SURFACE_06_芝,kyori_tekisei+ichi_shisu_juni+kyori_tekisei_2,kyori_tekisei,ichi_shisu_juni,kyori_tekisei_2,13,2082,77.47,9.65,72.22,False
KEIBAJO_SURFACE_06_芝,joshodo_code+gekiso_juni+agari_shisu_juni,joshodo_code,gekiso_juni,agari_shisu_juni,76,10278,74.8,11.49,72.22,False
KEIBAJO_SURFACE_06_芝,hizume_code+joshodo_code+uma_start_shisu_decile,hizume_code,joshodo_code,uma_start_shisu_decile,56,16704,74.57,8.99,72.22,False
KEIBAJO_SURFACE_06_芝,joshodo_code+bataiju+uma_start_shisu_decile,joshodo_code,bataiju,uma_start_shisu_decile,32,4569,75.81,10.41,72.21,False
KEIBAJO_SURFACE_06_芝,pace_yoso+hizume_code+rotation_bin,pace_yoso,hizume_code,rotation_bin,61,13241,74.99,11.13,72.2,False
KEIBAJO_SURFACE_06_芝,pace_yoso+bataiju_zogen+ten_shisu_juni,pace_yoso,bataiju_zogen,ten_shisu_juni,23,2625,78.08,14.4,72.2,False
KEIBAJO_SURFACE_06_芝,pace_yoso+uma_start_shisu_decile+rotation_bin,pace_yoso,uma_start_shisu_decile,rotation_bin,69,15758,74.73,10.78,72.19,False
KEIBAJO_SURFACE_06_芝,manken_shirushi+kyori_tekisei+uma_start_shisu_decile,manken_shirushi,kyori_tekisei,uma_start_shisu_decile,21,3268,76.27,9.56,72.19,False
KEIBAJO_SURFACE_06_芝,pace_yoso+joken_class_code+rotation_bin,pace_yoso,joken_class_code,rotation_bin,54,18074,74.23,7.69,72.18,False
KEIBAJO_SURFACE_06_芝,joshodo_code+ichi_shisu_juni+kyori_tekisei_2,joshodo_code,ichi_shisu_juni,kyori_tekisei_2,13,2087,77.32,9.47,72.18,False
KEIBAJO_SURFACE_06_芝,pace_yoso+kyori_tekisei+bataiju,pace_yoso,kyori_tekisei,bataiju,42,4800,75.85,12.15,72.17,False
KEIBAJO_SURFACE_06_芝,shiba_tekisei_code+uma_start_shisu_decile+kyori_tekisei_2,shiba_tekisei_code,uma_start_shisu_decile,kyori_tekisei_2,17,2883,78.98,14.33,72.17,False
KEIBAJO_SURFACE_06_芝,pace_yoso+gekiso_juni+rotation_bin,pace_yoso,gekiso_juni,rotation_bin,65,10230,74.62,10.11,72.16,False
KEIBAJO_SURFACE_06_芝,kyori_kubun+omo_tekisei_code+pace_shisu_juni,kyori_kubun,omo_tekisei_code,pace_shisu_juni,87,15478,74.65,11.82,72.16,False
KEIBAJO_SURFACE_06_芝,rotation_bin+agari_shisu_juni+tenkai_kigo_code,rotation_bin,agari_shisu_juni,tenkai_kigo_code,66,14363,74.65,10.29,72.16,False
KEIBAJO_SURFACE_06_芝,joshodo_code+kyori_tekisei_2+gekiso_juni,joshodo_code,kyori_tekisei_2,gekiso_juni,18,2830,75.88,8.07,72.15,False
KEIBAJO_SURFACE_06_芝,kyori_kubun+omo_tekisei_code+uma_deokure_bin,kyori_kubun,omo_tekisei_code,uma_deokure_bin,39,18483,74.23,6.63,72.15,False
KEIBAJO_SURFACE_06_芝,pace_yoso+uma_start_shisu_decile+ten_shisu_juni,pace_yoso,uma_start_shisu_decile,ten_shisu_juni,53,8318,75.4,12.07,72.15,False
KEIBAJO_SURFACE_06_芝,hizume_code+joshodo_code+gekiso_juni,hizume_code,joshodo_code,gekiso_juni,64,13200,74.49,9.56,72.15,False
KEIBAJO_SURFACE_06_芝,uma_deokure_bin+ichi_shisu_juni+kyakushitsu,uma_deokure_bin,ichi_shisu_juni,kyakushitsu,56,12951,74.54,9.18,72.14,False
KEIBAJO_SURFACE_06_芝,pace_yoso+joken_class_code+class_code,pace_yoso,joken_class_code,class_code,29,17963,74.99,7.82,72.14,False
KEIBAJO_SURFACE_06_芝,uma_deokure_bin+uma_start_shisu_decile+rotation_bin,uma_deokure_bin,uma_start_shisu_decile,rotation_bin,45,12594,75.23,10.58,72.14,False
KEIBAJO_SURFACE_06_芝,pace_yoso+kyori_kubun+omo_tekisei_code,pace_yoso,kyori_kubun,omo_tekisei_code,27,19267,74.24,5.57,72.14,False
KEIBAJO_SURFACE_06_芝,joken_class_code+uma_start_shisu_decile+pace_shisu_juni,joken_class_code,uma_start_shisu_decile,pace_shisu_juni,25,3446,76.26,10.52,72.13,False
KEIBAJO_SURFACE_06_芝,kyori_tekisei+ten_shisu_juni+kyakushitsu,kyori_tekisei,ten_shisu_juni,kyakushitsu,71,12442,75.15,12.97,72.13,False
KEIBAJO_SURFACE_06_芝,kyori_kubun+class_code+ichi_shisu_juni,kyori_kubun,class_code,ichi_shisu_juni,36,4475,75.65,10.77,72.13,False
KEIBAJO_SURFACE_06_芝,pace_yoso+joken_class_code+joshodo_code,pace_yoso,joken_class_code,joshodo_code,15,21975,74.67,5.02,72.13,False
KEIBAJO_SURFACE_06_芝,uma_deokure_bin+shiba_tekisei_code+joshodo_code,uma_deokure_bin,shiba_tekisei_code,joshodo_code,14,18900,75.58,6.59,72.13,False
KEIBAJO_SURFACE_06_芝,pace_yoso+kyori_kubun+rotation_bin,pace_yoso,kyori_kubun,rotation_bin,54,18285,74.1,7.42,72.12,False
KEIBAJO_SURFACE_06_芝,pace_yoso+kyori_tekisei+joshodo_code,pace_yoso,kyori_tekisei,joshodo_code,17,21689,74.59,5.21,72.11,False
KEIBAJO_SURFACE_06_芝,shiba_tekisei_code+rotation_bin+agari_shisu_juni,shiba_tekisei_code,rotation_bin,agari_shisu_juni,52,8564,74.83,10.01,72.11,False
KEIBAJO_SURFACE_06_芝,kyori_kubun+joken_class_code+uma_start_shisu_decile,kyori_kubun,joken_class_code,uma_start_shisu_decile,73,14945,74.67,11.19,72.11,False
KEIBAJO_SURFACE_06_芝,pace_yoso+uma_deokure_bin+shiba_tekisei_code,pace_yoso,uma_deokure_bin,shiba_tekisei_code,26,18850,75.23,8.13,72.11,False
KEIBAJO_SURFACE_06_芝,uma_deokure_bin+joshodo_code+bataiju_zogen,uma_deokure_bin,joshodo_code,bataiju_zogen,44,17323,74.29,7.39,72.11,False
KEIBAJO_SURFACE_06_芝,shiba_tekisei_code+uma_start_shisu_decile+ichi_shisu_juni,shiba_tekisei_code,uma_start_shisu_decile,ichi_shisu_juni,52,8679,74.97,10.56,72.1,False
KEIBAJO_SURFACE_06_芝,omo_tekisei_code+shiba_tekisei_code+ten_shisu_juni,omo_tekisei_code,shiba_tekisei_code,ten_shisu_juni,63,15647,74.49,9.66,72.1,False
KEIBAJO_SURFACE_06_芝,pace_yoso+shiba_tekisei_code+class_code,pace_yoso,shiba_tekisei_code,class_code,33,17088,74.85,8.06,72.1,False
KEIBAJO_SURFACE_06_芝,manken_shirushi+shiba_tekisei_code+kyuyo_riyu_bunrui_code,manken_shirushi,shiba_tekisei_code,kyuyo_riyu_bunrui_code,10,1934,75.76,5.93,72.09,False
KEIBAJO_SURFACE_06_芝,uma_deokure_bin+bataiju_zogen+rotation_bin,uma_deokure_bin,bataiju_zogen,rotation_bin,57,9965,74.45,9.13,72.08,False
KEIBAJO_SURFACE_06_芝,uma_deokure_bin+kyakushitsu+rotation_bin,uma_deokure_bin,kyakushitsu,rotation_bin,48,15451,74.23,7.6,72.08,False
KEIBAJO_SURFACE_06_芝,uma_deokure_bin+class_code+bataiju_zogen,uma_deokure_bin,class_code,bataiju_zogen,36,6773,75.07,9.17,72.08,False
KEIBAJO_SURFACE_06_芝,joshodo_code+ichi_shisu_juni+ten_shisu_juni,joshodo_code,ichi_shisu_juni,ten_shisu_juni,79,12485,74.77,12.22,72.08,False
KEIBAJO_SURFACE_06_芝,hizume_code+joshodo_code+tenkai_kigo_code,hizume_code,joshodo_code,tenkai_kigo_code,36,17450,75.17,9.46,72.08,False
KEIBAJO_SURFACE_06_芝,joken_class_code+pace_shisu_juni+rotation_bin,joken_class_code,pace_shisu_juni,rotation_bin,18,2159,77.35,11.41,72.08,False
KEIBAJO_SURFACE_06_芝,kyori_kubun+omo_tekisei_code+ichi_shisu_juni,kyori_kubun,omo_tekisei_code,ichi_shisu_juni,88,15457,74.24,10.42,72.07,False
KEIBAJO_SURFACE_06_芝,shiba_tekisei_code+gekiso_juni+rotation_bin,shiba_tekisei_code,gekiso_juni,rotation_bin,53,9180,74.98,10.78,72.07,False
KEIBAJO_SURFACE_06_芝,omo_tekisei_code+joshodo_code+bataiju,omo_tekisei_code,joshodo_code,bataiju,80,14947,74.12,9.43,72.06,False
KEIBAJO_SURFACE_06_芝,joken_class_code+shiba_tekisei_code+ten_shisu_juni,joken_class_code,shiba_tekisei_code,ten_shisu_juni,69,14544,74.67,11.09,72.05,False
KEIBAJO_SURFACE_06_芝,joken_class_code+shiba_tekisei_code+bataiju,joken_class_code,shiba_tekisei_code,bataiju,37,4190,75.89,11.91,72.05,False
KEIBAJO_SURFACE_06_芝,uma_start_shisu_decile+gekiso_juni+rotation_bin,uma_start_shisu_decile,gekiso_juni,rotation_bin,18,2483,78.29,13.53,72.04,False
KEIBAJO_SURFACE_06_芝,kyori_kubun+uma_deokure_bin+ls_shisu_juni,kyori_kubun,uma_deokure_bin,ls_shisu_juni,58,15093,74.95,11.32,72.04,False
KEIBAJO_SURFACE_06_芝,manken_shirushi+joken_class_code+uma_deokure_bin,manken_shirushi,joken_class_code,uma_deokure_bin,38,7311,75.03,9.45,72.03,False
KEIBAJO_SURFACE_06_芝,kyori_kubun+shiba_tekisei_code+gekiso_juni,kyori_kubun,shiba_tekisei_code,gekiso_juni,66,13100,74.48,10.2,72.02,False
KEIBAJO_SURFACE_06_芝,uma_deokure_bin+kyori_tekisei_2+agari_shisu_juni,uma_deokure_bin,kyori_tekisei_2,agari_shisu_juni,3,317,78.38,5.62,72.02,False
KEIBAJO_SURFACE_06_芝,manken_shirushi+joken_class_code+tenkai_kigo_code,manken_shirushi,joken_class_code,tenkai_kigo_code,55,9117,74.92,11.02,72.01,False
KEIBAJO_SURFACE_06_芝,uma_start_shisu_decile+bataiju_zogen+kyakushitsu,uma_start_shisu_decile,bataiju_zogen,kyakushitsu,54,9056,74.81,10.49,72.01,False
KEIBAJO_SURFACE_06_芝,uma_deokure_bin+shiba_tekisei_code+kyori_tekisei,uma_deokure_bin,shiba_tekisei_code,kyori_tekisei,34,17976,74.0,5.96,72.0,False
KEIBAJO_SURFACE_06_芝,kyori_kubun+uma_start_shisu_decile+rotation_bin,kyori_kubun,uma_start_shisu_decile,rotation_bin,67,12579,74.47,10.32,72.0,False
KEIBAJO_SURFACE_06_芝,omo_tekisei_code+shiba_tekisei_code+bataiju_zogen,omo_tekisei_code,shiba_tekisei_code,bataiju_zogen,53,15831,74.28,8.47,72.0,False
KEIBAJO_SURFACE_06_芝,pace_yoso+bataiju_zogen+rotation_bin,pace_yoso,bataiju_zogen,rotation_bin,65,12336,74.29,9.43,72.0,False
KEIBAJO_SURFACE_06_芝,kyori_kubun+uma_deokure_bin+bataiju_zogen,kyori_kubun,uma_deokure_bin,bataiju_zogen,55,11913,74.11,8.0,71.99,False
KEIBAJO_SURFACE_06_芝,omo_tekisei_code+kyori_tekisei_2+pace_shisu_juni,omo_tekisei_code,kyori_tekisei_2,pace_shisu_juni,7,828,80.51,11.51,71.98,False
KEIBAJO_SURFACE_06_芝,joken_class_code+omo_tekisei_code+gekiso_juni,joken_class_code,omo_tekisei_code,gekiso_juni,82,14216,74.25,10.51,71.97,False
KEIBAJO_SURFACE_06_芝,omo_tekisei_code+uma_start_shisu_decile+agari_shisu_juni,omo_tekisei_code,uma_start_shisu_decile,agari_shisu_juni,44,7643,75.32,11.33,71.97,False
KEIBAJO_SURFACE_06_芝,kyori_kubun+uma_deokure_bin+pace_shisu_juni,kyori_kubun,uma_deokure_bin,pace_shisu_juni,63,10874,74.58,10.58,71.97,False
KEIBAJO_SURFACE_06_芝,uma_deokure_bin+bataiju_zogen+tenkai_kigo_code,uma_deokure_bin,bataiju_zogen,tenkai_kigo_code,52,12379,74.57,9.57,71.97,False
KEIBAJO_SURFACE_06_芝,uma_deokure_bin+shiba_tekisei_code+ichi_shisu_juni,uma_deokure_bin,shiba_tekisei_code,ichi_shisu_juni,57,12583,74.49,9.73,71.97,False
KEIBAJO_SURFACE_06_芝,bataiju_zogen+agari_shisu_juni+tenkai_kigo_code,bataiju_zogen,agari_shisu_juni,tenkai_kigo_code,60,9810,74.22,8.92,71.96,False
KEIBAJO_SURFACE_06_芝,uma_deokure_bin+kyakushitsu+ls_shisu_juni,uma_deokure_bin,kyakushitsu,ls_shisu_juni,56,15513,75.18,12.29,71.96,False
KEIBAJO_SURFACE_06_芝,kyori_kubun+class_code+bataiju_zogen,kyori_kubun,class_code,bataiju_zogen,35,5822,75.37,10.29,71.96,False
KEIBAJO_SURFACE_06_芝,manken_shirushi+kyori_kubun+tenkai_kigo_code,manken_shirushi,kyori_kubun,tenkai_kigo_code,53,9409,75.03,11.41,71.96,False
KEIBAJO_SURFACE_06_芝,manken_shirushi+shiba_tekisei_code+kyakushitsu,manken_shirushi,shiba_tekisei_code,kyakushitsu,46,9406,74.93,10.26,71.96,False
KEIBAJO_SURFACE_06_芝,joken_class_code+omo_tekisei_code+joshodo_code,joken_class_code,omo_tekisei_code,joshodo_code,15,19437,73.49,3.04,71.95,False
KEIBAJO_SURFACE_06_芝,uma_deokure_bin+kyori_tekisei+agari_shisu_juni,uma_deokure_bin,kyori_tekisei,agari_shisu_juni,68,10976,74.38,10.22,71.95,False
KEIBAJO_SURFACE_06_芝,pace_yoso+uma_deokure_bin+tenkai_kigo_code,pace_yoso,uma_deokure_bin,tenkai_kigo_code,39,18713,75.2,10.38,71.95,False
KEIBAJO_SURFACE_06_芝,joshodo_code+uma_start_shisu_decile+bataiju_zogen,joshodo_code,uma_start_shisu_decile,bataiju_zogen,62,16047,74.26,9.3,71.95,False
KEIBAJO_SURFACE_06_芝,kyori_kubun+shiba_tekisei_code+class_code,kyori_kubun,shiba_tekisei_code,class_code,40,15629,74.14,7.05,71.95,False
KEIBAJO_SURFACE_06_芝,kyori_tekisei+gekiso_juni+kyakushitsu,kyori_tekisei,gekiso_juni,kyakushitsu,70,11845,74.68,11.65,71.95,False
KEIBAJO_SURFACE_06_芝,manken_shirushi+omo_tekisei_code+bataiju_zogen,manken_shirushi,omo_tekisei_code,bataiju_zogen,31,3541,75.78,10.92,71.94,False
KEIBAJO_SURFACE_06_芝,uma_deokure_bin+shiba_tekisei_code+tenkai_kigo_code,uma_deokure_bin,shiba_tekisei_code,tenkai_kigo_code,37,17785,74.96,9.38,71.94,False
KEIBAJO_SURFACE_06_芝,omo_tekisei_code+kyori_tekisei_2+ten_shisu_juni,omo_tekisei_code,kyori_tekisei_2,ten_shisu_juni,8,860,81.19,13.35,71.94,False
KEIBAJO_SURFACE_06_芝,pace_yoso+uma_deokure_bin+uma_start_shisu_decile,pace_yoso,uma_deokure_bin,uma_start_shisu_decile,47,17529,74.61,9.36,71.94,False
KEIBAJO_SURFACE_06_芝,joken_class_code+joshodo_code+uma_start_shisu_decile,joken_class_code,joshodo_code,uma_start_shisu_decile,38,19192,74.85,9.17,71.93,False
KEIBAJO_SURFACE_06_芝,manken_shirushi+pace_yoso+tenkai_kigo_code,manken_shirushi,pace_yoso,tenkai_kigo_code,51,11180,74.93,10.99,71.92,False
KEIBAJO_SURFACE_06_芝,pace_yoso+ichi_shisu_juni+kyori_tekisei_2,pace_yoso,ichi_shisu_juni,kyori_tekisei_2,12,1531,78.1,10.93,71.92,False
KEIBAJO_SURFACE_06_芝,kyori_tekisei+kyori_tekisei_2+gekiso_juni,kyori_tekisei,kyori_tekisei_2,gekiso_juni,18,2813,75.56,7.88,71.92,False
KEIBAJO_SURFACE_06_芝,kyori_tekisei+joshodo_code+bataiju_zogen,kyori_tekisei,joshodo_code,bataiju_zogen,44,17153,73.97,6.94,71.92,False
KEIBAJO_SURFACE_06_芝,pace_yoso+ten_shisu_juni+rotation_bin,pace_yoso,ten_shisu_juni,rotation_bin,66,9634,75.6,15.29,71.91,False
KEIBAJO_SURFACE_06_芝,kyori_tekisei+ichi_shisu_juni+kyakushitsu,kyori_tekisei,ichi_shisu_juni,kyakushitsu,78,15445,74.73,12.71,71.91,False
KEIBAJO_SURFACE_06_芝,joshodo_code+rotation_bin+tenkai_kigo_code,joshodo_code,rotation_bin,tenkai_kigo_code,27,19013,75.23,8.81,71.91,False
KEIBAJO_SURFACE_06_芝,joken_class_code+shiba_tekisei_code+kyori_tekisei_2,joken_class_code,shiba_tekisei_code,kyori_tekisei_2,14,3985,75.88,7.58,71.91,False
KEIBAJO_SURFACE_06_芝,joshodo_code+rotation_bin+ls_shisu_juni,joshodo_code,rotation_bin,ls_shisu_juni,47,18594,74.81,10.18,71.9,False
KEIBAJO_SURFACE_06_芝,kyori_kubun+joken_class_code+bataiju_zogen,kyori_kubun,joken_class_code,bataiju_zogen,58,9961,74.38,9.6,71.9,False
KEIBAJO_SURFACE_06_芝,joken_class_code+joshodo_code+rotation_bin,joken_class_code,joshodo_code,rotation_bin,31,18916,73.68,5.08,71.89,False
KEIBAJO_SURFACE_06_芝,joken_class_code+omo_tekisei_code+ls_shisu_juni,joken_class_code,omo_tekisei_code,ls_shisu_juni,61,17087,74.46,10.21,71.89,False
KEIBAJO_SURFACE_06_芝,kyori_tekisei+uma_start_shisu_decile+rotation_bin,kyori_tekisei,uma_start_shisu_decile,rotation_bin,63,12066,74.34,9.91,71.89,False
KEIBAJO_SURFACE_06_芝,kyori_kubun+uma_start_shisu_decile+ten_shisu_juni,kyori_kubun,uma_start_shisu_decile,ten_shisu_juni,26,4124,75.89,10.44,71.88,False
KEIBAJO_SURFACE_06_芝,hizume_code+kyori_tekisei+ten_shisu_juni,hizume_code,kyori_tekisei,ten_shisu_juni,23,2681,75.32,8.42,71.88,False
KEIBAJO_SURFACE_06_芝,joken_class_code+uma_deokure_bin+ichi_shisu_juni,joken_class_code,uma_deokure_bin,ichi_shisu_juni,57,9808,74.64,10.66,71.87,False
KEIBAJO_SURFACE_06_芝,pace_yoso+joken_class_code+ichi_shisu_juni,pace_yoso,joken_class_code,ichi_shisu_juni,87,17910,73.75,9.01,71.86,False
KEIBAJO_SURFACE_06_芝,joshodo_code+pace_shisu_juni+rotation_bin,joshodo_code,pace_shisu_juni,rotation_bin,71,17019,74.21,10.08,71.86,False
KEIBAJO_SURFACE_06_芝,shiba_tekisei_code+uma_start_shisu_decile+rotation_bin,shiba_tekisei_code,uma_start_shisu_decile,rotation_bin,61,14640,74.43,10.28,71.86,False
KEIBAJO_SURFACE_06_芝,shiba_tekisei_code+ten_shisu_juni+rotation_bin,shiba_tekisei_code,ten_shisu_juni,rotation_bin,48,7874,75.3,12.15,71.86,False
KEIBAJO_SURFACE_06_芝,kyori_kubun+shiba_tekisei_code+pace_shisu_juni,kyori_kubun,shiba_tekisei_code,pace_shisu_juni,67,12579,74.37,10.54,71.85,False
KEIBAJO_SURFACE_06_芝,kyori_kubun+omo_tekisei_code+ten_shisu_juni,kyori_kubun,omo_tekisei_code,ten_shisu_juni,92,15622,74.51,12.99,71.85,False
KEIBAJO_SURFACE_06_芝,omo_tekisei_code+shiba_tekisei_code+ichi_shisu_juni,omo_tekisei_code,shiba_tekisei_code,ichi_shisu_juni,65,15932,74.33,10.23,71.84,False
KEIBAJO_SURFACE_06_芝,kyori_kubun+omo_tekisei_code+agari_shisu_juni,kyori_kubun,omo_tekisei_code,agari_shisu_juni,87,15606,74.05,10.52,71.84,False
KEIBAJO_SURFACE_06_芝,hizume_code+uma_deokure_bin+bataiju_zogen,hizume_code,uma_deokure_bin,bataiju_zogen,36,6057,74.87,9.27,71.84,False
KEIBAJO_SURFACE_06_芝,joken_class_code+shiba_tekisei_code+agari_shisu_juni,joken_class_code,shiba_tekisei_code,agari_shisu_juni,68,14700,74.48,11.22,71.82,False
KEIBAJO_SURFACE_06_芝,pace_yoso+pace_shisu_juni+rotation_bin,pace_yoso,pace_shisu_juni,rotation_bin,68,10223,74.48,11.16,71.82,False
KEIBAJO_SURFACE_06_芝,pace_yoso+bataiju_zogen+ichi_shisu_juni,pace_yoso,bataiju_zogen,ichi_shisu_juni,28,3210,77.01,14.02,71.81,False
KEIBAJO_SURFACE_06_芝,shiba_tekisei_code+class_code+tenkai_kigo_code,shiba_tekisei_code,class_code,tenkai_kigo_code,38,15442,74.92,9.76,71.81,False
KEIBAJO_SURFACE_06_芝,omo_tekisei_code+uma_deokure_bin+ichi_shisu_juni,omo_tekisei_code,uma_deokure_bin,ichi_shisu_juni,57,13835,74.41,10.04,71.81,False
KEIBAJO_SURFACE_06_芝,hizume_code+shiba_tekisei_code+bataiju_zogen,hizume_code,shiba_tekisei_code,bataiju_zogen,44,7771,74.45,8.97,71.8,False
KEIBAJO_SURFACE_06_芝,manken_shirushi+kyori_tekisei+gekiso_juni,manken_shirushi,kyori_tekisei,gekiso_juni,12,1760,77.65,10.34,71.8,False
KEIBAJO_SURFACE_06_芝,uma_deokure_bin+gekiso_juni+rotation_bin,uma_deokure_bin,gekiso_juni,rotation_bin,52,7687,74.87,11.31,71.8,False
KEIBAJO_SURFACE_06_芝,joshodo_code+bataiju_zogen+kyori_tekisei_2,joshodo_code,bataiju_zogen,kyori_tekisei_2,17,3122,75.54,7.88,71.79,False
KEIBAJO_SURFACE_06_芝,shiba_tekisei_code+kyori_tekisei+gekiso_juni,shiba_tekisei_code,kyori_tekisei,gekiso_juni,63,15099,74.23,9.9,71.79,False
KEIBAJO_SURFACE_06_芝,manken_shirushi+omo_tekisei_code+class_code,manken_shirushi,omo_tekisei_code,class_code,38,6166,74.84,9.57,71.79,False
KEIBAJO_SURFACE_06_芝,pace_yoso+uma_deokure_bin+rotation_bin,pace_yoso,uma_deokure_bin,rotation_bin,50,17951,74.04,8.11,71.79,False
KEIBAJO_SURFACE_06_芝,kyori_kubun+joken_class_code+uma_deokure_bin,kyori_kubun,joken_class_code,uma_deokure_bin,56,17429,73.51,6.63,71.78,False
KEIBAJO_SURFACE_06_芝,joshodo_code+uma_start_shisu_decile+ichi_shisu_juni,joshodo_code,uma_start_shisu_decile,ichi_shisu_juni,80,16702,73.87,9.54,71.78,False
KEIBAJO_SURFACE_06_芝,hizume_code+omo_tekisei_code+ichi_shisu_juni,hizume_code,omo_tekisei_code,ichi_shisu_juni,52,7939,74.42,9.73,71.78,False
KEIBAJO_SURFACE_06_芝,kyori_kubun+uma_deokure_bin+rotation_bin,kyori_kubun,uma_deokure_bin,rotation_bin,53,15484,73.82,7.58,71.78,False
KEIBAJO_SURFACE_06_芝,pace_yoso+kyori_kubun+uma_deokure_bin,pace_yoso,kyori_kubun,uma_deokure_bin,36,18876,74.03,6.88,71.78,False
KEIBAJO_SURFACE_06_芝,hizume_code+joken_class_code+rotation_bin,hizume_code,joken_class_code,rotation_bin,53,9072,74.45,9.95,71.77,False
KEIBAJO_SURFACE_06_芝,pace_yoso+shiba_tekisei_code+bataiju,pace_yoso,shiba_tekisei_code,bataiju,39,5738,74.74,9.47,71.77,False
KEIBAJO_SURFACE_06_芝,omo_tekisei_code+ten_shisu_juni+pace_shisu_juni,omo_tekisei_code,ten_shisu_juni,pace_shisu_juni,15,2147,78.32,12.96,71.76,False
KEIBAJO_SURFACE_06_芝,pace_yoso+hizume_code+joshodo_code,pace_yoso,hizume_code,joshodo_code,30,18477,74.21,6.89,71.75,False
KEIBAJO_SURFACE_06_芝,kyori_kubun+joken_class_code+omo_tekisei_code,kyori_kubun,joken_class_code,omo_tekisei_code,42,18646,73.83,6.9,71.74,False
KEIBAJO_SURFACE_06_芝,pace_yoso+kyori_kubun+agari_shisu_juni,pace_yoso,kyori_kubun,agari_shisu_juni,83,17390,73.98,10.42,71.73,False
KEIBAJO_SURFACE_06_芝,joken_class_code+bataiju+class_code,joken_class_code,bataiju,class_code,33,3629,75.6,11.35,71.73,False
KEIBAJO_SURFACE_06_芝,joshodo_code+bataiju_zogen+pace_shisu_juni,joshodo_code,bataiju_zogen,pace_shisu_juni,69,11766,74.39,11.28,71.73,False
KEIBAJO_SURFACE_06_芝,joken_class_code+omo_tekisei_code+ten_shisu_juni,joken_class_code,omo_tekisei_code,ten_shisu_juni,81,13455,74.28,11.74,71.73,False
KEIBAJO_SURFACE_06_芝,uma_deokure_bin+uma_start_shisu_decile+kyakushitsu,uma_deokure_bin,uma_start_shisu_decile,kyakushitsu,44,15665,75.55,12.96,71.72,False
KEIBAJO_SURFACE_06_芝,pace_yoso+joshodo_code+bataiju,pace_yoso,joshodo_code,bataiju,73,13780,74.17,10.67,71.72,False
KEIBAJO_SURFACE_06_芝,manken_shirushi+shiba_tekisei_code+joshodo_code,manken_shirushi,shiba_tekisei_code,joshodo_code,24,12407,74.33,6.55,71.71,False
KEIBAJO_SURFACE_06_芝,shiba_tekisei_code+bataiju_zogen+pace_shisu_juni,shiba_tekisei_code,bataiju_zogen,pace_shisu_juni,35,4506,75.58,11.69,71.71,False
KEIBAJO_SURFACE_06_芝,joken_class_code+joshodo_code+ichi_shisu_juni,joken_class_code,joshodo_code,ichi_shisu_juni,72,20966,73.65,8.42,71.7,False
KEIBAJO_SURFACE_06_芝,shiba_tekisei_code+kyori_tekisei+bataiju_zogen,shiba_tekisei_code,kyori_tekisei,bataiju_zogen,53,14856,74.1,8.92,71.7,False
KEIBAJO_SURFACE_06_芝,uma_deokure_bin+class_code+gekiso_juni,uma_deokure_bin,class_code,gekiso_juni,48,6820,74.95,11.49,71.7,False
KEIBAJO_SURFACE_06_芝,uma_deokure_bin+kyori_tekisei+gekiso_juni,uma_deokure_bin,kyori_tekisei,gekiso_juni,65,10968,74.29,10.66,71.69,False
KEIBAJO_SURFACE_06_芝,kyori_kubun+kyori_tekisei_2+rotation_bin,kyori_kubun,kyori_tekisei_2,rotation_bin,13,2664,76.45,8.75,71.69,False
KEIBAJO_SURFACE_06_芝,omo_tekisei_code+class_code+gekiso_juni,omo_tekisei_code,class_code,gekiso_juni,57,8857,74.21,9.73,71.69,False
KEIBAJO_SURFACE_06_芝,kyori_tekisei+bataiju_zogen+kyori_tekisei_2,kyori_tekisei,bataiju_zogen,kyori_tekisei_2,17,3153,75.47,7.95,71.69,False
KEIBAJO_SURFACE_06_芝,omo_tekisei_code+bataiju+tenkai_kigo_code,omo_tekisei_code,bataiju,tenkai_kigo_code,50,6389,75.08,12.25,71.69,False
KEIBAJO_SURFACE_06_芝,manken_shirushi+pace_yoso+class_code,manken_shirushi,pace_yoso,class_code,41,6479,74.55,9.41,71.67,False
KEIBAJO_SURFACE_06_芝,kyori_tekisei+uma_start_shisu_decile+bataiju_zogen,kyori_tekisei,uma_start_shisu_decile,bataiju_zogen,38,6085,74.77,9.77,71.66,False
KEIBAJO_SURFACE_06_芝,shiba_tekisei_code+uma_start_shisu_decile+bataiju_zogen,shiba_tekisei_code,uma_start_shisu_decile,bataiju_zogen,54,9993,74.26,9.81,71.65,False
KEIBAJO_SURFACE_06_芝,hizume_code+omo_tekisei_code+tenkai_kigo_code,hizume_code,omo_tekisei_code,tenkai_kigo_code,52,16001,74.49,10.5,71.64,False
KEIBAJO_SURFACE_06_芝,omo_tekisei_code+shiba_tekisei_code+pace_shisu_juni,omo_tekisei_code,shiba_tekisei_code,pace_shisu_juni,61,15569,74.38,10.92,71.64,False
KEIBAJO_SURFACE_06_芝,manken_shirushi+uma_start_shisu_decile+gekiso_juni,manken_shirushi,uma_start_shisu_decile,gekiso_juni,6,764,80.16,10.65,71.64,False
KEIBAJO_SURFACE_06_芝,hizume_code+joshodo_code+bataiju_zogen,hizume_code,joshodo_code,bataiju_zogen,60,14196,73.84,8.71,71.63,False
KEIBAJO_SURFACE_06_芝,kyori_kubun+ichi_shisu_juni+kyakushitsu,kyori_kubun,ichi_shisu_juni,kyakushitsu,77,15911,74.08,10.98,71.63,False
KEIBAJO_SURFACE_06_芝,shiba_tekisei_code+kyori_tekisei+ten_shisu_juni,shiba_tekisei_code,kyori_tekisei,ten_shisu_juni,63,14485,74.46,11.5,71.62,False
KEIBAJO_SURFACE_06_芝,ls_shisu_juni+agari_shisu_juni+tenkai_kigo_code,ls_shisu_juni,agari_shisu_juni,tenkai_kigo_code,69,13971,74.5,12.21,71.62,False
KEIBAJO_SURFACE_06_芝,uma_deokure_bin+shiba_tekisei_code+uma_start_shisu_decile,uma_deokure_bin,shiba_tekisei_code,uma_start_shisu_decile,45,16536,74.59,10.2,71.61,False
KEIBAJO_SURFACE_06_芝,uma_deokure_bin+ten_shisu_juni+kyakushitsu,uma_deokure_bin,ten_shisu_juni,kyakushitsu,65,12549,73.98,9.75,71.61,False
KEIBAJO_SURFACE_06_芝,uma_deokure_bin+joshodo_code+uma_start_shisu_decile,uma_deokure_bin,joshodo_code,uma_start_shisu_decile,32,18887,74.6,8.62,71.61,False
KEIBAJO_SURFACE_06_芝,pace_yoso+uma_deokure_bin+class_code,pace_yoso,uma_deokure_bin,class_code,47,15754,73.82,7.77,71.6,False
KEIBAJO_SURFACE_06_芝,manken_shirushi+kyori_tekisei+tenkai_kigo_code,manken_shirushi,kyori_tekisei,tenkai_kigo_code,57,9692,74.23,10.12,71.6,False
KEIBAJO_SURFACE_06_芝,joken_class_code+joshodo_code+bataiju,joken_class_code,joshodo_code,bataiju,65,8288,74.41,11.56,71.6,False
KEIBAJO_SURFACE_06_芝,pace_yoso+kyori_tekisei_2+agari_shisu_juni,pace_yoso,kyori_tekisei_2,agari_shisu_juni,11,1460,76.7,8.62,71.6,False
KEIBAJO_SURFACE_06_芝,joken_class_code+uma_deokure_bin+joshodo_code,joken_class_code,uma_deokure_bin,joshodo_code,22,19225,73.49,4.56,71.59,False
KEIBAJO_SURFACE_06_芝,omo_tekisei_code+shiba_tekisei_code+agari_shisu_juni,omo_tekisei_code,shiba_tekisei_code,agari_shisu_juni,62,15729,73.87,9.15,71.59,False
KEIBAJO_SURFACE_06_芝,kyori_tekisei+bataiju_zogen+tenkai_kigo_code,kyori_tekisei,bataiju_zogen,tenkai_kigo_code,46,10959,74.03,8.45,71.59,False
KEIBAJO_SURFACE_06_芝,pace_yoso+kyori_kubun+class_code,pace_yoso,kyori_kubun,class_code,47,15703,73.36,6.24,71.58,False
KEIBAJO_SURFACE_06_芝,pace_yoso+omo_tekisei_code+agari_shisu_juni,pace_yoso,omo_tekisei_code,agari_shisu_juni,62,16420,74.01,9.77,71.58,False
KEIBAJO_SURFACE_06_芝,omo_tekisei_code+rotation_bin+tenkai_kigo_code,omo_tekisei_code,rotation_bin,tenkai_kigo_code,47,17848,74.16,9.01,71.58,False
KEIBAJO_SURFACE_06_芝,kyori_tekisei+class_code+bataiju_zogen,kyori_tekisei,class_code,bataiju_zogen,35,6783,74.61,9.19,71.57,False
KEIBAJO_SURFACE_06_芝,omo_tekisei_code+joshodo_code+ichi_shisu_juni,omo_tekisei_code,joshodo_code,ichi_shisu_juni,37,18551,73.84,7.04,71.57,False
KEIBAJO_SURFACE_06_芝,omo_tekisei_code+kyori_tekisei+pace_shisu_juni,omo_tekisei_code,kyori_tekisei,pace_shisu_juni,76,14163,74.08,11.17,71.57,False
KEIBAJO_SURFACE_06_芝,shiba_tekisei_code+uma_start_shisu_decile+ls_shisu_juni,shiba_tekisei_code,uma_start_shisu_decile,ls_shisu_juni,67,13910,74.73,13.19,71.57,False
KEIBAJO_SURFACE_06_芝,joken_class_code+uma_start_shisu_decile+ten_shisu_juni,joken_class_code,uma_start_shisu_decile,ten_shisu_juni,31,3975,75.7,11.78,71.56,False
KEIBAJO_SURFACE_06_芝,pace_yoso+omo_tekisei_code+kyori_tekisei,pace_yoso,omo_tekisei_code,kyori_tekisei,29,18874,74.26,7.42,71.56,False
KEIBAJO_SURFACE_06_芝,pace_yoso+hizume_code+kyori_kubun,pace_yoso,hizume_code,kyori_kubun,59,15954,73.64,8.17,71.55,False
KEIBAJO_SURFACE_06_芝,hizume_code+kyori_kubun+ten_shisu_juni,hizume_code,kyori_kubun,ten_shisu_juni,22,2700,75.39,9.21,71.54,False
KEIBAJO_SURFACE_06_芝,joshodo_code+ichi_shisu_juni+ls_shisu_juni,joshodo_code,ichi_shisu_juni,ls_shisu_juni,92,19098,73.79,11.04,71.54,False
KEIBAJO_SURFACE_06_芝,manken_shirushi+uma_deokure_bin+class_code,manken_shirushi,uma_deokure_bin,class_code,39,5540,74.78,10.34,71.54,False
KEIBAJO_SURFACE_06_芝,kyori_kubun+uma_deokure_bin+kyori_tekisei,kyori_kubun,uma_deokure_bin,kyori_tekisei,40,18005,73.48,6.28,71.53,False
KEIBAJO_SURFACE_06_芝,joken_class_code+omo_tekisei_code+kyori_tekisei,joken_class_code,omo_tekisei_code,kyori_tekisei,37,18102,74.23,8.37,71.53,False
KEIBAJO_SURFACE_06_芝,pace_yoso+omo_tekisei_code+ichi_shisu_juni,pace_yoso,omo_tekisei_code,ichi_shisu_juni,66,16738,73.76,9.25,71.53,False
KEIBAJO_SURFACE_06_芝,pace_yoso+joken_class_code+uma_start_shisu_decile,pace_yoso,joken_class_code,uma_start_shisu_decile,58,17686,73.81,8.92,71.52,False
KEIBAJO_SURFACE_06_芝,kyori_tekisei+uma_start_shisu_decile+ten_shisu_juni,kyori_tekisei,uma_start_shisu_decile,ten_shisu_juni,28,4064,75.47,10.68,71.52,False
KEIBAJO_SURFACE_06_芝,pace_yoso+ls_shisu_juni+tenkai_kigo_code,pace_yoso,ls_shisu_juni,tenkai_kigo_code,66,20271,74.39,11.94,71.51,False
KEIBAJO_SURFACE_06_芝,hizume_code+uma_start_shisu_decile+pace_shisu_juni,hizume_code,uma_start_shisu_decile,pace_shisu_juni,11,1311,78.59,11.98,71.51,False
KEIBAJO_SURFACE_06_芝,pace_yoso+joshodo_code+ichi_shisu_juni,pace_yoso,joshodo_code,ichi_shisu_juni,43,21219,73.52,6.74,71.5,False
KEIBAJO_SURFACE_06_芝,joken_class_code+kyori_tekisei+uma_start_shisu_decile,joken_class_code,kyori_tekisei,uma_start_shisu_decile,71,15562,74.18,11.51,71.5,False
KEIBAJO_SURFACE_06_芝,kyori_kubun+shiba_tekisei_code+ten_shisu_juni,kyori_kubun,shiba_tekisei_code,ten_shisu_juni,66,12227,74.71,13.31,71.5,False
KEIBAJO_SURFACE_06_芝,hizume_code+shiba_tekisei_code+ten_shisu_juni,hizume_code,shiba_tekisei_code,ten_shisu_juni,34,5377,74.71,9.57,71.49,False
KEIBAJO_SURFACE_06_芝,hizume_code+gekiso_juni+rotation_bin,hizume_code,gekiso_juni,rotation_bin,11,1409,75.17,6.25,71.48,False
KEIBAJO_SURFACE_06_芝,kyori_kubun+shiba_tekisei_code+agari_shisu_juni,kyori_kubun,shiba_tekisei_code,agari_shisu_juni,65,12601,73.8,9.54,71.48,False
KEIBAJO_SURFACE_06_芝,joshodo_code+ichi_shisu_juni+agari_shisu_juni,joshodo_code,ichi_shisu_juni,agari_shisu_juni,104,13435,73.92,12.69,71.48,False
KEIBAJO_SURFACE_06_芝,shiba_tekisei_code+ichi_shisu_juni+tenkai_kigo_code,shiba_tekisei_code,ichi_shisu_juni,tenkai_kigo_code,58,13642,74.15,10.43,71.47,False
KEIBAJO_SURFACE_06_芝,kyori_kubun+class_code+gekiso_juni,kyori_kubun,class_code,gekiso_juni,37,4743,75.41,12.23,71.47,False
KEIBAJO_SURFACE_06_芝,hizume_code+ten_shisu_juni+kyakushitsu,hizume_code,ten_shisu_juni,kyakushitsu,33,4207,75.35,11.41,71.46,False
KEIBAJO_SURFACE_06_芝,hizume_code+kyori_kubun+tenkai_kigo_code,hizume_code,kyori_kubun,tenkai_kigo_code,53,13367,74.56,11.53,71.46,False
KEIBAJO_SURFACE_06_芝,hizume_code+uma_deokure_bin+kyakushitsu,hizume_code,uma_deokure_bin,kyakushitsu,60,14346,74.14,10.63,71.45,False
KEIBAJO_SURFACE_06_芝,omo_tekisei_code+rotation_bin+agari_shisu_juni,omo_tekisei_code,rotation_bin,agari_shisu_juni,77,11473,74.24,12.49,71.45,False
KEIBAJO_SURFACE_06_芝,pace_yoso+hizume_code+kyakushitsu,pace_yoso,hizume_code,kyakushitsu,59,15794,74.42,11.65,71.44,False
KEIBAJO_SURFACE_06_芝,pace_yoso+kyori_kubun+ichi_shisu_juni,pace_yoso,kyori_kubun,ichi_shisu_juni,80,17513,73.66,10.16,71.44,False
KEIBAJO_SURFACE_06_芝,joken_class_code+kyori_tekisei+joshodo_code,joken_class_code,kyori_tekisei,joshodo_code,19,21272,73.95,5.58,71.44,False
KEIBAJO_SURFACE_06_芝,pace_yoso+hizume_code+shiba_tekisei_code,pace_yoso,hizume_code,shiba_tekisei_code,46,16454,74.01,8.9,71.44,False
KEIBAJO_SURFACE_06_芝,kyori_kubun+kyori_tekisei+pace_shisu_juni,kyori_kubun,kyori_tekisei,pace_shisu_juni,85,16690,73.72,10.75,71.44,False
KEIBAJO_SURFACE_06_芝,omo_tekisei_code+pace_shisu_juni+rotation_bin,omo_tekisei_code,pace_shisu_juni,rotation_bin,84,12075,73.86,11.28,71.44,False
KEIBAJO_SURFACE_06_芝,joken_class_code+uma_deokure_bin+pace_shisu_juni,joken_class_code,uma_deokure_bin,pace_shisu_juni,61,9894,74.1,10.64,71.43,False
KEIBAJO_SURFACE_06_芝,uma_start_shisu_decile+kyakushitsu+agari_shisu_juni,uma_start_shisu_decile,kyakushitsu,agari_shisu_juni,40,6634,75.44,12.94,71.43,False
KEIBAJO_SURFACE_06_芝,kyori_kubun+uma_deokure_bin+joshodo_code,kyori_kubun,uma_deokure_bin,joshodo_code,20,19353,73.37,4.44,71.43,False
KEIBAJO_SURFACE_06_芝,joshodo_code+rotation_bin+agari_shisu_juni,joshodo_code,rotation_bin,agari_shisu_juni,73,17054,73.6,9.47,71.42,False
KEIBAJO_SURFACE_06_芝,uma_start_shisu_decile+ichi_shisu_juni+kyakushitsu,uma_start_shisu_decile,ichi_shisu_juni,kyakushitsu,48,8656,74.25,9.99,71.42,False
KEIBAJO_SURFACE_06_芝,shiba_tekisei_code+class_code+ichi_shisu_juni,shiba_tekisei_code,class_code,ichi_shisu_juni,46,9923,74.26,9.87,71.41,False
KEIBAJO_SURFACE_06_芝,hizume_code+kyori_tekisei+pace_shisu_juni,hizume_code,kyori_tekisei,pace_shisu_juni,25,3072,75.52,10.49,71.41,False
KEIBAJO_SURFACE_06_芝,kyori_kubun+uma_start_shisu_decile+ichi_shisu_juni,kyori_kubun,uma_start_shisu_decile,ichi_shisu_juni,26,4715,75.23,9.95,71.41,False
KEIBAJO_SURFACE_06_芝,kyori_tekisei+gekiso_juni+kyuyo_riyu_bunrui_code,kyori_tekisei,gekiso_juni,kyuyo_riyu_bunrui_code,12,1888,76.46,8.92,71.41,False
KEIBAJO_SURFACE_06_芝,shiba_tekisei_code+kyori_tekisei+pace_shisu_juni,shiba_tekisei_code,kyori_tekisei,pace_shisu_juni,65,14813,74.39,12.26,71.41,False
KEIBAJO_SURFACE_06_芝,pace_yoso+uma_start_shisu_decile+bataiju_zogen,pace_yoso,uma_start_shisu_decile,bataiju_zogen,61,10647,74.32,11.66,71.4,False
KEIBAJO_SURFACE_06_芝,omo_tekisei_code+class_code+ichi_shisu_juni,omo_tekisei_code,class_code,ichi_shisu_juni,52,8083,74.54,11.55,71.4,False
KEIBAJO_SURFACE_06_芝,omo_tekisei_code+gekiso_juni+rotation_bin,omo_tekisei_code,gekiso_juni,rotation_bin,76,11571,74.18,12.35,71.4,False
KEIBAJO_SURFACE_06_芝,shiba_tekisei_code+bataiju_zogen+kyakushitsu,shiba_tekisei_code,bataiju_zogen,kyakushitsu,62,14095,74.0,10.48,71.4,False
KEIBAJO_SURFACE_06_芝,omo_tekisei_code+bataiju_zogen+kyori_tekisei_2,omo_tekisei_code,bataiju_zogen,kyori_tekisei_2,11,1550,78.48,11.98,71.4,False
KEIBAJO_SURFACE_06_芝,pace_yoso+shiba_tekisei_code+kyakushitsu,pace_yoso,shiba_tekisei_code,kyakushitsu,30,19139,74.18,7.77,71.4,False
KEIBAJO_SURFACE_06_芝,uma_start_shisu_decile+bataiju_zogen+kyuyo_riyu_bunrui_code,uma_start_shisu_decile,bataiju_zogen,kyuyo_riyu_bunrui_code,7,961,74.63,4.38,71.39,False
KEIBAJO_SURFACE_06_芝,manken_shirushi+joken_class_code+class_code,manken_shirushi,joken_class_code,class_code,36,8932,74.45,9.39,71.39,False
KEIBAJO_SURFACE_06_芝,kyori_kubun+shiba_tekisei_code+bataiju_zogen,kyori_kubun,shiba_tekisei_code,bataiju_zogen,60,13675,74.01,10.39,71.38,False
KEIBAJO_SURFACE_06_芝,pace_yoso+kyori_tekisei_2+rotation_bin,pace_yoso,kyori_tekisei_2,rotation_bin,14,3179,75.32,7.51,71.38,False
KEIBAJO_SURFACE_06_芝,uma_deokure_bin+kyori_tekisei+ls_shisu_juni,uma_deokure_bin,kyori_tekisei,ls_shisu_juni,60,14855,74.28,11.47,71.37,False
KEIBAJO_SURFACE_06_芝,pace_yoso+omo_tekisei_code+ten_shisu_juni,pace_yoso,omo_tekisei_code,ten_shisu_juni,65,16415,73.9,10.4,71.37,False
KEIBAJO_SURFACE_06_芝,hizume_code+uma_deokure_bin+joshodo_code,hizume_code,uma_deokure_bin,joshodo_code,36,17635,74.17,8.63,71.36,False
KEIBAJO_SURFACE_06_芝,joken_class_code+joshodo_code+ls_shisu_juni,joken_class_code,joshodo_code,ls_shisu_juni,45,21675,73.74,8.13,71.36,False
KEIBAJO_SURFACE_06_芝,joshodo_code+bataiju_zogen+ls_shisu_juni,joshodo_code,bataiju_zogen,ls_shisu_juni,59,15758,74.19,11.09,71.36,False
KEIBAJO_SURFACE_06_芝,kyori_kubun+kyori_tekisei+ichi_shisu_juni,kyori_kubun,kyori_tekisei,ichi_shisu_juni,77,16320,73.77,10.75,71.36,False
KEIBAJO_SURFACE_06_芝,pace_yoso+hizume_code+uma_deokure_bin,pace_yoso,hizume_code,uma_deokure_bin,54,15757,74.02,9.98,71.36,False
KEIBAJO_SURFACE_06_芝,kyori_kubun+bataiju_zogen+rotation_bin,kyori_kubun,bataiju_zogen,rotation_bin,61,9293,74.07,10.84,71.35,False
KEIBAJO_SURFACE_06_芝,kyori_kubun+joken_class_code+tenkai_kigo_code,kyori_kubun,joken_class_code,tenkai_kigo_code,53,19873,74.02,9.91,71.35,False
KEIBAJO_SURFACE_06_芝,shiba_tekisei_code+kyori_tekisei_2+agari_shisu_juni,shiba_tekisei_code,kyori_tekisei_2,agari_shisu_juni,8,965,79.26,11.42,71.35,False
KEIBAJO_SURFACE_06_芝,kyori_kubun+kyori_tekisei+joshodo_code,kyori_kubun,kyori_tekisei,joshodo_code,17,21359,72.71,2.9,71.34,False
KEIBAJO_SURFACE_06_芝,manken_shirushi+shiba_tekisei_code+ls_shisu_juni,manken_shirushi,shiba_tekisei_code,ls_shisu_juni,38,6052,75.1,11.84,71.34,False
KEIBAJO_SURFACE_06_芝,kyori_kubun+shiba_tekisei_code+kyori_tekisei_2,kyori_kubun,shiba_tekisei_code,kyori_tekisei_2,12,4124,74.25,5.15,71.33,False
KEIBAJO_SURFACE_06_芝,manken_shirushi+joken_class_code+kyakushitsu,manken_shirushi,joken_class_code,kyakushitsu,57,8457,74.34,11.59,71.33,False
KEIBAJO_SURFACE_06_芝,kyori_kubun+omo_tekisei_code+joshodo_code,kyori_kubun,omo_tekisei_code,joshodo_code,12,19255,73.46,3.77,71.32,False
KEIBAJO_SURFACE_06_芝,joken_class_code+omo_tekisei_code+uma_deokure_bin,joken_class_code,omo_tekisei_code,uma_deokure_bin,43,18379,73.57,7.51,71.32,False
KEIBAJO_SURFACE_06_芝,hizume_code+joshodo_code+agari_shisu_juni,hizume_code,joshodo_code,agari_shisu_juni,67,13240,74.0,11.24,71.31,False
KEIBAJO_SURFACE_06_芝,pace_yoso+rotation_bin+ls_shisu_juni,pace_yoso,rotation_bin,ls_shisu_juni,70,15585,73.91,11.11,71.31,False
KEIBAJO_SURFACE_06_芝,hizume_code+joken_class_code+kyori_tekisei_2,hizume_code,joken_class_code,kyori_tekisei_2,8,1087,77.31,8.66,71.31,False
KEIBAJO_SURFACE_06_芝,pace_yoso+kyori_kubun+pace_shisu_juni,pace_yoso,kyori_kubun,pace_shisu_juni,83,17546,73.44,9.86,71.31,False
KEIBAJO_SURFACE_06_芝,ichi_shisu_juni+ten_shisu_juni+tenkai_kigo_code,ichi_shisu_juni,ten_shisu_juni,tenkai_kigo_code,34,5646,75.96,13.83,71.31,False
KEIBAJO_SURFACE_06_芝,joken_class_code+kyori_tekisei+bataiju_zogen,joken_class_code,kyori_tekisei,bataiju_zogen,62,11329,73.73,9.69,71.31,False
KEIBAJO_SURFACE_06_芝,hizume_code+uma_deokure_bin+rotation_bin,hizume_code,uma_deokure_bin,rotation_bin,53,10570,73.73,9.01,71.3,False
KEIBAJO_SURFACE_06_芝,uma_start_shisu_decile+agari_shisu_juni+tenkai_kigo_code,uma_start_shisu_decile,agari_shisu_juni,tenkai_kigo_code,59,12550,74.11,11.04,71.29,False
KEIBAJO_SURFACE_06_芝,joken_class_code+kyakushitsu+pace_shisu_juni,joken_class_code,kyakushitsu,pace_shisu_juni,69,11063,74.47,13.45,71.29,False
KEIBAJO_SURFACE_06_芝,joken_class_code+uma_deokure_bin+ten_shisu_juni,joken_class_code,uma_deokure_bin,ten_shisu_juni,68,10481,74.12,11.92,71.29,False
KEIBAJO_SURFACE_06_芝,omo_tekisei_code+kyori_tekisei+agari_shisu_juni,omo_tekisei_code,kyori_tekisei,agari_shisu_juni,74,14013,73.7,10.54,71.29,False
KEIBAJO_SURFACE_06_芝,class_code+gekiso_juni+kyakushitsu,class_code,gekiso_juni,kyakushitsu,37,4328,75.42,12.84,71.28,False
KEIBAJO_SURFACE_06_芝,pace_yoso+joshodo_code+uma_start_shisu_decile,pace_yoso,joshodo_code,uma_start_shisu_decile,23,19267,73.86,6.3,71.28,False
KEIBAJO_SURFACE_06_芝,shiba_tekisei_code+ichi_shisu_juni+kyakushitsu,shiba_tekisei_code,ichi_shisu_juni,kyakushitsu,71,15049,73.88,11.16,71.28,False
KEIBAJO_SURFACE_06_芝,joken_class_code+uma_deokure_bin+kyori_tekisei,joken_class_code,uma_deokure_bin,kyori_tekisei,49,17070,73.77,8.88,71.28,False
KEIBAJO_SURFACE_06_芝,omo_tekisei_code+joshodo_code+bataiju_zogen,omo_tekisei_code,joshodo_code,bataiju_zogen,32,17983,73.77,7.21,71.27,False
KEIBAJO_SURFACE_06_芝,joken_class_code+uma_deokure_bin+uma_start_shisu_decile,joken_class_code,uma_deokure_bin,uma_start_shisu_decile,48,14411,74.23,10.45,71.27,False
KEIBAJO_SURFACE_06_芝,pace_yoso+kyori_kubun+kyori_tekisei,pace_yoso,kyori_kubun,kyori_tekisei,32,21570,73.17,5.48,71.27,False
KEIBAJO_SURFACE_06_芝,manken_shirushi+hizume_code+uma_start_shisu_decile,manken_shirushi,hizume_code,uma_start_shisu_decile,8,972,77.16,8.49,71.27,False
KEIBAJO_SURFACE_06_芝,manken_shirushi+hizume_code+shiba_tekisei_code,manken_shirushi,hizume_code,shiba_tekisei_code,29,4836,75.57,11.82,71.27,False
KEIBAJO_SURFACE_06_芝,omo_tekisei_code+shiba_tekisei_code+gekiso_juni,omo_tekisei_code,shiba_tekisei_code,gekiso_juni,59,15752,73.65,9.39,71.26,False
KEIBAJO_SURFACE_06_芝,hizume_code+omo_tekisei_code+ls_shisu_juni,hizume_code,omo_tekisei_code,ls_shisu_juni,59,12975,73.56,9.04,71.26,False
KEIBAJO_SURFACE_06_芝,omo_tekisei_code+shiba_tekisei_code+joshodo_code,omo_tekisei_code,shiba_tekisei_code,joshodo_code,9,18942,76.25,7.63,71.26,False
KEIBAJO_SURFACE_06_芝,kyori_kubun+kyakushitsu+pace_shisu_juni,kyori_kubun,kyakushitsu,pace_shisu_juni,86,13167,73.95,12.76,71.26,False
KEIBAJO_SURFACE_06_芝,kyori_kubun+shiba_tekisei_code+rotation_bin,kyori_kubun,shiba_tekisei_code,rotation_bin,54,17642,73.69,9.11,71.26,False
KEIBAJO_SURFACE_06_芝,kyori_kubun+omo_tekisei_code+shiba_tekisei_code,kyori_kubun,omo_tekisei_code,shiba_tekisei_code,30,19029,73.62,6.61,71.25,False
KEIBAJO_SURFACE_06_芝,manken_shirushi+omo_tekisei_code+kyakushitsu,manken_shirushi,omo_tekisei_code,kyakushitsu,54,11032,74.59,12.51,71.25,False
KEIBAJO_SURFACE_06_芝,uma_deokure_bin+kyori_tekisei+joshodo_code,uma_deokure_bin,kyori_tekisei,joshodo_code,18,18581,73.27,4.36,71.25,False
KEIBAJO_SURFACE_06_芝,joken_class_code+shiba_tekisei_code+gekiso_juni,joken_class_code,shiba_tekisei_code,gekiso_juni,64,15083,73.64,9.8,71.24,False
KEIBAJO_SURFACE_06_芝,joken_class_code+omo_tekisei_code+uma_start_shisu_decile,joken_class_code,omo_tekisei_code,uma_start_shisu_decile,63,17433,73.59,9.48,71.24,False
KEIBAJO_SURFACE_06_芝,manken_shirushi+joshodo_code+class_code,manken_shirushi,joshodo_code,class_code,41,9632,74.17,9.62,71.23,False
KEIBAJO_SURFACE_06_芝,joken_class_code+shiba_tekisei_code+tenkai_kigo_code,joken_class_code,shiba_tekisei_code,tenkai_kigo_code,34,18078,74.82,10.69,71.23,False
KEIBAJO_SURFACE_06_芝,omo_tekisei_code+kyori_tekisei+uma_start_shisu_decile,omo_tekisei_code,kyori_tekisei,uma_start_shisu_decile,55,17247,73.74,9.51,71.23,False
KEIBAJO_SURFACE_06_芝,hizume_code+shiba_tekisei_code+kyori_tekisei,hizume_code,shiba_tekisei_code,kyori_tekisei,47,15578,74.18,10.29,71.23,False
KEIBAJO_SURFACE_06_芝,pace_yoso+omo_tekisei_code+shiba_tekisei_code,pace_yoso,omo_tekisei_code,shiba_tekisei_code,19,19013,73.76,5.63,71.23,False
KEIBAJO_SURFACE_06_芝,kyori_kubun+kyori_tekisei+ls_shisu_juni,kyori_kubun,kyori_tekisei,ls_shisu_juni,63,19664,73.85,10.68,71.22,False
KEIBAJO_SURFACE_06_芝,kyori_tekisei+kyori_tekisei_2+ten_shisu_juni,kyori_tekisei,kyori_tekisei_2,ten_shisu_juni,17,2462,76.45,11.0,71.22,False
KEIBAJO_SURFACE_06_芝,kyori_kubun+kyori_tekisei+rotation_bin,kyori_kubun,kyori_tekisei,rotation_bin,50,16632,73.41,7.89,71.22,False
KEIBAJO_SURFACE_06_芝,omo_tekisei_code+uma_deokure_bin+ten_shisu_juni,omo_tekisei_code,uma_deokure_bin,ten_shisu_juni,59,13751,73.7,9.71,71.22,False
KEIBAJO_SURFACE_06_芝,uma_deokure_bin+pace_shisu_juni+rotation_bin,uma_deokure_bin,pace_shisu_juni,rotation_bin,62,8084,74.16,11.85,71.22,False
KEIBAJO_SURFACE_06_芝,joshodo_code+uma_start_shisu_decile+agari_shisu_juni,joshodo_code,uma_start_shisu_decile,agari_shisu_juni,76,16110,73.57,10.44,71.22,False
KEIBAJO_SURFACE_06_芝,pace_yoso+ten_shisu_juni+pace_shisu_juni,pace_yoso,ten_shisu_juni,pace_shisu_juni,27,5293,75.31,10.85,71.22,False
KEIBAJO_SURFACE_06_芝,bataiju+kyakushitsu+tenkai_kigo_code,bataiju,kyakushitsu,tenkai_kigo_code,37,4344,75.57,13.53,71.21,False
KEIBAJO_SURFACE_06_芝,joken_class_code+uma_deokure_bin+rotation_bin,joken_class_code,uma_deokure_bin,rotation_bin,50,14496,73.42,7.99,71.21,False
KEIBAJO_SURFACE_06_芝,kyori_kubun+joken_class_code+shiba_tekisei_code,kyori_kubun,joken_class_code,shiba_tekisei_code,34,18334,73.75,7.56,71.21,False
KEIBAJO_SURFACE_06_芝,kyori_tekisei+rotation_bin+agari_shisu_juni,kyori_tekisei,rotation_bin,agari_shisu_juni,32,4333,75.18,11.48,71.2,False
KEIBAJO_SURFACE_06_芝,kyori_kubun+kyori_tekisei_2+ls_shisu_juni,kyori_kubun,kyori_tekisei_2,ls_shisu_juni,14,2270,76.0,9.17,71.2,False
KEIBAJO_SURFACE_06_芝,pace_yoso+kyori_kubun+shiba_tekisei_code,pace_yoso,kyori_kubun,shiba_tekisei_code,27,18940,73.39,5.79,71.2,False
KEIBAJO_SURFACE_06_芝,omo_tekisei_code+uma_deokure_bin+tenkai_kigo_code,omo_tekisei_code,uma_deokure_bin,tenkai_kigo_code,33,17820,74.97,11.07,71.19,False
KEIBAJO_SURFACE_06_芝,kyori_tekisei+ls_shisu_juni+tenkai_kigo_code,kyori_tekisei,ls_shisu_juni,tenkai_kigo_code,67,17394,74.12,12.24,71.19,False
KEIBAJO_SURFACE_06_芝,shiba_tekisei_code+kyori_tekisei+rotation_bin,shiba_tekisei_code,kyori_tekisei,rotation_bin,36,16822,73.62,7.47,71.18,False
KEIBAJO_SURFACE_06_芝,pace_yoso+joshodo_code+class_code,pace_yoso,joshodo_code,class_code,29,18481,74.06,7.91,71.18,False
KEIBAJO_SURFACE_06_芝,hizume_code+kyori_tekisei+rotation_bin,hizume_code,kyori_tekisei,rotation_bin,55,9816,73.72,9.62,71.18,False
KEIBAJO_SURFACE_06_芝,hizume_code+joshodo_code+kyakushitsu,hizume_code,joshodo_code,kyakushitsu,38,18238,74.41,10.2,71.17,False
KEIBAJO_SURFACE_06_芝,class_code+bataiju_zogen+rotation_bin,class_code,bataiju_zogen,rotation_bin,25,3160,75.18,10.24,71.17,False
KEIBAJO_SURFACE_06_芝,pace_yoso+hizume_code+joken_class_code,pace_yoso,hizume_code,joken_class_code,56,15397,73.42,8.59,71.17,False
KEIBAJO_SURFACE_06_芝,joken_class_code+uma_deokure_bin+kyakushitsu,joken_class_code,uma_deokure_bin,kyakushitsu,50,17412,74.15,10.78,71.17,False
KEIBAJO_SURFACE_06_芝,hizume_code+kyori_kubun+rotation_bin,hizume_code,kyori_kubun,rotation_bin,57,10478,74.01,10.99,71.16,False
KEIBAJO_SURFACE_06_芝,kyori_kubun+class_code+ten_shisu_juni,kyori_kubun,class_code,ten_shisu_juni,31,3679,76.1,14.03,71.16,False
KEIBAJO_SURFACE_06_芝,joken_class_code+omo_tekisei_code+tenkai_kigo_code,joken_class_code,omo_tekisei_code,tenkai_kigo_code,46,18611,74.28,10.8,71.16,False
KEIBAJO_SURFACE_06_芝,uma_deokure_bin+shiba_tekisei_code+kyori_tekisei_2,uma_deokure_bin,shiba_tekisei_code,kyori_tekisei_2,15,3399,76.21,9.96,71.16,False
KEIBAJO_SURFACE_06_芝,kyori_kubun+uma_deokure_bin+agari_shisu_juni,kyori_kubun,uma_deokure_bin,agari_shisu_juni,60,10937,73.68,9.95,71.16,False
KEIBAJO_SURFACE_06_芝,bataiju_zogen+rotation_bin+tenkai_kigo_code,bataiju_zogen,rotation_bin,tenkai_kigo_code,48,9872,73.59,8.64,71.15,False
KEIBAJO_SURFACE_06_芝,pace_yoso+uma_deokure_bin+pace_shisu_juni,pace_yoso,uma_deokure_bin,pace_shisu_juni,76,14754,73.51,10.49,71.15,False
KEIBAJO_SURFACE_06_芝,class_code+bataiju_zogen+kyakushitsu,class_code,bataiju_zogen,kyakushitsu,41,6296,74.62,11.34,71.15,False
KEIBAJO_SURFACE_06_芝,hizume_code+uma_start_shisu_decile+gekiso_juni,hizume_code,uma_start_shisu_decile,gekiso_juni,11,1380,79.28,13.76,71.15,False
KEIBAJO_SURFACE_06_芝,uma_deokure_bin+uma_start_shisu_decile+pace_shisu_juni,uma_deokure_bin,uma_start_shisu_decile,pace_shisu_juni,42,7553,74.51,11.16,71.14,False
KEIBAJO_SURFACE_06_芝,joshodo_code+bataiju_zogen+agari_shisu_juni,joshodo_code,bataiju_zogen,agari_shisu_juni,70,11949,73.59,10.48,71.14,False
KEIBAJO_SURFACE_06_芝,pace_yoso+hizume_code+omo_tekisei_code,pace_yoso,hizume_code,omo_tekisei_code,47,17585,74.49,11.72,71.14,False
KEIBAJO_SURFACE_06_芝,joken_class_code+shiba_tekisei_code+pace_shisu_juni,joken_class_code,shiba_tekisei_code,pace_shisu_juni,65,14400,73.92,11.44,71.14,False
KEIBAJO_SURFACE_06_芝,shiba_tekisei_code+agari_shisu_juni+tenkai_kigo_code,shiba_tekisei_code,agari_shisu_juni,tenkai_kigo_code,49,16444,74.38,11.62,71.12,False
KEIBAJO_SURFACE_06_芝,shiba_tekisei_code+pace_shisu_juni+tenkai_kigo_code,shiba_tekisei_code,pace_shisu_juni,tenkai_kigo_code,57,13483,73.99,11.05,71.12,False
KEIBAJO_SURFACE_06_芝,pace_yoso+shiba_tekisei_code+ichi_shisu_juni,pace_yoso,shiba_tekisei_code,ichi_shisu_juni,62,15558,73.33,8.89,71.12,False
KEIBAJO_SURFACE_06_芝,uma_deokure_bin+class_code+ichi_shisu_juni,uma_deokure_bin,class_code,ichi_shisu_juni,48,6741,74.34,11.37,71.12,False
KEIBAJO_SURFACE_06_芝,uma_deokure_bin+shiba_tekisei_code+bataiju_zogen,uma_deokure_bin,shiba_tekisei_code,bataiju_zogen,57,13858,73.65,9.8,71.11,False
KEIBAJO_SURFACE_06_芝,joshodo_code+uma_start_shisu_decile+ls_shisu_juni,joshodo_code,uma_start_shisu_decile,ls_shisu_juni,56,18680,73.81,10.3,71.11,False
KEIBAJO_SURFACE_06_芝,joken_class_code+omo_tekisei_code+agari_shisu_juni,joken_class_code,omo_tekisei_code,agari_shisu_juni,82,13961,73.8,12.51,71.1,False
KEIBAJO_SURFACE_06_芝,omo_tekisei_code+ls_shisu_juni+tenkai_kigo_code,omo_tekisei_code,ls_shisu_juni,tenkai_kigo_code,57,17401,74.4,12.73,71.09,False
KEIBAJO_SURFACE_06_芝,hizume_code+kyori_kubun+kyakushitsu,hizume_code,kyori_kubun,kyakushitsu,65,14012,74.21,12.84,71.09,False
KEIBAJO_SURFACE_06_芝,pace_yoso+omo_tekisei_code+rotation_bin,pace_yoso,omo_tekisei_code,rotation_bin,39,18587,73.58,7.94,71.09,False
KEIBAJO_SURFACE_06_芝,shiba_tekisei_code+joshodo_code+uma_start_shisu_decile,shiba_tekisei_code,joshodo_code,uma_start_shisu_decile,23,18880,73.93,6.96,71.08,False
KEIBAJO_SURFACE_06_芝,uma_deokure_bin+uma_start_shisu_decile+ichi_shisu_juni,uma_deokure_bin,uma_start_shisu_decile,ichi_shisu_juni,42,8094,74.53,11.42,71.08,False
KEIBAJO_SURFACE_06_芝,uma_deokure_bin+ichi_shisu_juni+tenkai_kigo_code,uma_deokure_bin,ichi_shisu_juni,tenkai_kigo_code,53,11640,74.17,11.48,71.08,False
KEIBAJO_SURFACE_06_芝,joken_class_code+kyori_tekisei+rotation_bin,joken_class_code,kyori_tekisei,rotation_bin,65,16251,73.37,9.43,71.07,False
KEIBAJO_SURFACE_06_芝,kyori_kubun+uma_deokure_bin+uma_start_shisu_decile,kyori_kubun,uma_deokure_bin,uma_start_shisu_decile,50,15379,74.16,11.14,71.07,False
KEIBAJO_SURFACE_06_芝,shiba_tekisei_code+ten_shisu_juni+kyakushitsu,shiba_tekisei_code,ten_shisu_juni,kyakushitsu,73,13714,73.85,12.1,71.07,False
KEIBAJO_SURFACE_06_芝,joken_class_code+uma_deokure_bin+tenkai_kigo_code,joken_class_code,uma_deokure_bin,tenkai_kigo_code,47,16967,74.23,11.08,71.06,False
KEIBAJO_SURFACE_06_芝,pace_yoso+shiba_tekisei_code+agari_shisu_juni,pace_yoso,shiba_tekisei_code,agari_shisu_juni,62,15745,73.62,10.29,71.06,False
KEIBAJO_SURFACE_06_芝,uma_deokure_bin+class_code+ls_shisu_juni,uma_deokure_bin,class_code,ls_shisu_juni,51,10365,74.13,11.2,71.06,False
KEIBAJO_SURFACE_06_芝,joken_class_code+bataiju_zogen+tenkai_kigo_code,joken_class_code,bataiju_zogen,tenkai_kigo_code,49,10684,73.73,9.51,71.06,False
KEIBAJO_SURFACE_06_芝,ichi_shisu_juni+ten_shisu_juni+kyakushitsu,ichi_shisu_juni,ten_shisu_juni,kyakushitsu,26,4899,76.79,14.91,71.06,False
KEIBAJO_SURFACE_06_芝,kyori_kubun+joshodo_code+rotation_bin,kyori_kubun,joshodo_code,rotation_bin,26,19042,73.44,6.22,71.05,False
KEIBAJO_SURFACE_06_芝,kyori_tekisei+bataiju_zogen+kyakushitsu,kyori_tekisei,bataiju_zogen,kyakushitsu,67,11728,73.69,11.02,71.05,False
KEIBAJO_SURFACE_06_芝,pace_yoso+kyakushitsu+rotation_bin,pace_yoso,kyakushitsu,rotation_bin,54,18092,73.94,10.83,71.05,False
KEIBAJO_SURFACE_06_芝,hizume_code+kyori_tekisei+joshodo_code,hizume_code,kyori_tekisei,joshodo_code,38,17580,73.7,8.35,71.05,False
KEIBAJO_SURFACE_06_芝,hizume_code+joshodo_code+pace_shisu_juni,hizume_code,joshodo_code,pace_shisu_juni,64,12941,73.95,11.85,71.05,False
KEIBAJO_SURFACE_06_芝,pace_yoso+kyori_tekisei+uma_start_shisu_decile,pace_yoso,kyori_tekisei,uma_start_shisu_decile,54,17024,73.79,10.3,71.04,False
KEIBAJO_SURFACE_06_芝,manken_shirushi+pace_yoso+kyori_tekisei_2,manken_shirushi,pace_yoso,kyori_tekisei_2,9,1284,81.4,15.87,71.04,False
KEIBAJO_SURFACE_06_芝,manken_shirushi+pace_yoso+uma_start_shisu_decile,manken_shirushi,pace_yoso,uma_start_shisu_decile,33,5503,74.3,9.6,71.03,False
KEIBAJO_SURFACE_06_芝,kyori_kubun+class_code+agari_shisu_juni,kyori_kubun,class_code,agari_shisu_juni,37,4716,75.06,12.49,71.03,False
KEIBAJO_SURFACE_06_芝,bataiju_zogen+kyakushitsu+rotation_bin,bataiju_zogen,kyakushitsu,rotation_bin,62,9462,73.63,10.44,71.03,False
KEIBAJO_SURFACE_06_芝,shiba_tekisei_code+ls_shisu_juni+agari_shisu_juni,shiba_tekisei_code,ls_shisu_juni,agari_shisu_juni,48,7436,74.71,13.01,71.03,False
KEIBAJO_SURFACE_06_芝,kyori_kubun+bataiju_zogen+kyakushitsu,kyori_kubun,bataiju_zogen,kyakushitsu,67,12433,73.58,10.69,71.02,False
KEIBAJO_SURFACE_06_芝,hizume_code+shiba_tekisei_code+gekiso_juni,hizume_code,shiba_tekisei_code,gekiso_juni,38,6316,74.33,10.41,71.02,False
KEIBAJO_SURFACE_06_芝,hizume_code+gekiso_juni+kyakushitsu,hizume_code,gekiso_juni,kyakushitsu,28,3642,74.51,9.47,71.01,False
KEIBAJO_SURFACE_06_芝,hizume_code+omo_tekisei_code+joshodo_code,hizume_code,omo_tekisei_code,joshodo_code,25,18515,74.1,7.87,71.01,False
KEIBAJO_SURFACE_06_芝,hizume_code+uma_deokure_bin+uma_start_shisu_decile,hizume_code,uma_deokure_bin,uma_start_shisu_decile,43,10327,74.31,11.01,71.01,False
KEIBAJO_SURFACE_06_芝,shiba_tekisei_code+bataiju+kyakushitsu,shiba_tekisei_code,bataiju,kyakushitsu,22,2516,75.78,11.44,71.0,False
KEIBAJO_SURFACE_06_芝,hizume_code+joken_class_code+shiba_tekisei_code,hizume_code,joken_class_code,shiba_tekisei_code,49,15557,73.43,8.69,71.0,False
KEIBAJO_SURFACE_06_芝,omo_tekisei_code+kyori_tekisei+class_code,omo_tekisei_code,kyori_tekisei,class_code,42,14913,73.79,9.2,71.0,False
KEIBAJO_SURFACE_06_芝,omo_tekisei_code+class_code+bataiju_zogen,omo_tekisei_code,class_code,bataiju_zogen,47,9199,73.55,8.93,71.0,False
KEIBAJO_SURFACE_06_芝,pace_yoso+joshodo_code+ls_shisu_juni,pace_yoso,joshodo_code,ls_shisu_juni,31,21711,73.88,8.22,70.99,False
KEIBAJO_SURFACE_06_芝,hizume_code+kyori_kubun+shiba_tekisei_code,hizume_code,kyori_kubun,shiba_tekisei_code,56,15010,73.72,10.43,70.99,False
KEIBAJO_SURFACE_06_芝,pace_yoso+hizume_code+tenkai_kigo_code,pace_yoso,hizume_code,tenkai_kigo_code,48,14817,74.14,11.15,70.99,False
KEIBAJO_SURFACE_06_芝,pace_yoso+joken_class_code+kyakushitsu,pace_yoso,joken_class_code,kyakushitsu,43,22018,73.99,10.05,70.99,False
KEIBAJO_SURFACE_06_芝,shiba_tekisei_code+ten_shisu_juni+tenkai_kigo_code,shiba_tekisei_code,ten_shisu_juni,tenkai_kigo_code,60,13390,73.73,10.86,70.98,False
KEIBAJO_SURFACE_06_芝,hizume_code+kyori_tekisei+uma_start_shisu_decile,hizume_code,kyori_tekisei,uma_start_shisu_decile,49,8783,74.46,12.45,70.97,False
KEIBAJO_SURFACE_06_芝,uma_deokure_bin+gekiso_juni+tenkai_kigo_code,uma_deokure_bin,gekiso_juni,tenkai_kigo_code,52,11086,73.84,10.55,70.97,False
KEIBAJO_SURFACE_06_芝,uma_deokure_bin+rotation_bin+ls_shisu_juni,uma_deokure_bin,rotation_bin,ls_shisu_juni,68,13446,73.67,11.39,70.97,False
KEIBAJO_SURFACE_06_芝,kyori_kubun+uma_deokure_bin+kyori_tekisei_2,kyori_kubun,uma_deokure_bin,kyori_tekisei_2,16,3293,75.8,9.88,70.96,False
KEIBAJO_SURFACE_06_芝,pace_yoso+joken_class_code+tenkai_kigo_code,pace_yoso,joken_class_code,tenkai_kigo_code,43,21644,74.47,11.75,70.96,False
KEIBAJO_SURFACE_06_芝,manken_shirushi+kyori_tekisei+bataiju_zogen,manken_shirushi,kyori_tekisei,bataiju_zogen,4,415,79.26,8.47,70.96,False
KEIBAJO_SURFACE_06_芝,pace_yoso+shiba_tekisei_code+uma_start_shisu_decile,pace_yoso,shiba_tekisei_code,uma_start_shisu_decile,42,17979,73.19,7.37,70.96,False
KEIBAJO_SURFACE_06_芝,shiba_tekisei_code+class_code+rotation_bin,shiba_tekisei_code,class_code,rotation_bin,42,13822,73.64,8.88,70.96,False
KEIBAJO_SURFACE_06_芝,kyori_kubun+uma_deokure_bin+tenkai_kigo_code,kyori_kubun,uma_deokure_bin,tenkai_kigo_code,43,17270,73.98,10.1,70.96,False
KEIBAJO_SURFACE_06_芝,shiba_tekisei_code+kyori_tekisei+class_code,shiba_tekisei_code,kyori_tekisei,class_code,40,16065,73.69,8.85,70.95,False
KEIBAJO_SURFACE_06_芝,pace_yoso+omo_tekisei_code+gekiso_juni,pace_yoso,omo_tekisei_code,gekiso_juni,61,16339,73.17,8.85,70.95,False
KEIBAJO_SURFACE_06_芝,joken_class_code+shiba_tekisei_code+rotation_bin,joken_class_code,shiba_tekisei_code,rotation_bin,43,17289,73.83,9.7,70.94,False
KEIBAJO_SURFACE_06_芝,joshodo_code+uma_start_shisu_decile+gekiso_juni,joshodo_code,uma_start_shisu_decile,gekiso_juni,82,16408,73.2,10.46,70.94,False
KEIBAJO_SURFACE_06_芝,joshodo_code+uma_start_shisu_decile+ten_shisu_juni,joshodo_code,uma_start_shisu_decile,ten_shisu_juni,84,16499,73.46,11.77,70.94,False
KEIBAJO_SURFACE_06_芝,kyori_kubun+omo_tekisei_code+class_code,kyori_kubun,omo_tekisei_code,class_code,49,15379,73.09,7.73,70.93,False
KEIBAJO_SURFACE_06_芝,pace_yoso+uma_deokure_bin+kyakushitsu,pace_yoso,uma_deokure_bin,kyakushitsu,36,18914,74.58,11.22,70.92,False
KEIBAJO_SURFACE_06_芝,pace_yoso+kyori_kubun+uma_start_shisu_decile,pace_yoso,kyori_kubun,uma_start_shisu_decile,57,17773,73.37,9.43,70.92,False
KEIBAJO_SURFACE_06_芝,pace_yoso+shiba_tekisei_code+ten_shisu_juni,pace_yoso,shiba_tekisei_code,ten_shisu_juni,62,15438,73.37,9.83,70.92,False
KEIBAJO_SURFACE_06_芝,kyori_kubun+class_code+uma_start_shisu_decile,kyori_kubun,class_code,uma_start_shisu_decile,53,9944,74.36,12.78,70.92,False
KEIBAJO_SURFACE_06_芝,uma_deokure_bin+bataiju+tenkai_kigo_code,uma_deokure_bin,bataiju,tenkai_kigo_code,25,2822,75.66,12.07,70.92,False
KEIBAJO_SURFACE_06_芝,shiba_tekisei_code+class_code+kyakushitsu,shiba_tekisei_code,class_code,kyakushitsu,45,16088,74.14,11.08,70.91,False
KEIBAJO_SURFACE_06_芝,pace_yoso+uma_deokure_bin+kyori_tekisei,pace_yoso,uma_deokure_bin,kyori_tekisei,36,18334,73.42,7.7,70.91,False
KEIBAJO_SURFACE_06_芝,omo_tekisei_code+uma_start_shisu_decile+gekiso_juni,omo_tekisei_code,uma_start_shisu_decile,gekiso_juni,38,6838,74.35,10.8,70.91,False
KEIBAJO_SURFACE_06_芝,pace_yoso+omo_tekisei_code+uma_start_shisu_decile,pace_yoso,omo_tekisei_code,uma_start_shisu_decile,44,18533,73.35,8.25,70.91,False
KEIBAJO_SURFACE_06_芝,shiba_tekisei_code+kyori_tekisei+ichi_shisu_juni,shiba_tekisei_code,kyori_tekisei,ichi_shisu_juni,59,14162,73.42,9.87,70.9,False
KEIBAJO_SURFACE_06_芝,hizume_code+joken_class_code+ten_shisu_juni,hizume_code,joken_class_code,ten_shisu_juni,11,1206,76.42,9.34,70.9,False
KEIBAJO_SURFACE_06_芝,joken_class_code+joshodo_code+class_code,joken_class_code,joshodo_code,class_code,19,18719,74.59,8.19,70.9,False
KEIBAJO_SURFACE_06_芝,omo_tekisei_code+kyori_tekisei+gekiso_juni,omo_tekisei_code,kyori_tekisei,gekiso_juni,76,14645,73.19,10.22,70.89,False
KEIBAJO_SURFACE_06_芝,manken_shirushi+pace_yoso+kyuyo_riyu_bunrui_code,manken_shirushi,pace_yoso,kyuyo_riyu_bunrui_code,15,2545,74.62,7.38,70.89,False
KEIBAJO_SURFACE_06_芝,shiba_tekisei_code+rotation_bin+tenkai_kigo_code,shiba_tekisei_code,rotation_bin,tenkai_kigo_code,46,17181,73.67,9.62,70.89,False
KEIBAJO_SURFACE_06_芝,ten_shisu_juni+pace_shisu_juni+rotation_bin,ten_shisu_juni,pace_shisu_juni,rotation_bin,3,377,83.48,11.12,70.89,False
KEIBAJO_SURFACE_06_芝,kyori_tekisei+kyakushitsu+pace_shisu_juni,kyori_tekisei,kyakushitsu,pace_shisu_juni,71,12236,73.89,12.94,70.88,False
KEIBAJO_SURFACE_06_芝,uma_start_shisu_decile+bataiju_zogen+rotation_bin,uma_start_shisu_decile,bataiju_zogen,rotation_bin,26,3936,74.1,8.39,70.88,False
KEIBAJO_SURFACE_06_芝,hizume_code+shiba_tekisei_code+tenkai_kigo_code,hizume_code,shiba_tekisei_code,tenkai_kigo_code,47,14398,73.95,10.77,70.87,False
KEIBAJO_SURFACE_06_芝,pace_yoso+shiba_tekisei_code+kyori_tekisei,pace_yoso,shiba_tekisei_code,kyori_tekisei,23,18471,73.35,6.08,70.87,False
KEIBAJO_SURFACE_06_芝,uma_deokure_bin+rotation_bin+agari_shisu_juni,uma_deokure_bin,rotation_bin,agari_shisu_juni,55,7755,73.96,11.7,70.87,False
KEIBAJO_SURFACE_06_芝,pace_yoso+kyori_tekisei_2+ten_shisu_juni,pace_yoso,kyori_tekisei_2,ten_shisu_juni,11,1413,78.15,12.34,70.86,False
KEIBAJO_SURFACE_06_芝,pace_yoso+uma_deokure_bin+bataiju,pace_yoso,uma_deokure_bin,bataiju,14,1531,75.72,9.29,70.86,False
KEIBAJO_SURFACE_06_芝,kyori_kubun+kyori_tekisei+uma_start_shisu_decile,kyori_kubun,kyori_tekisei,uma_start_shisu_decile,50,15953,74.23,12.16,70.86,False
KEIBAJO_SURFACE_06_芝,pace_yoso+class_code+ichi_shisu_juni,pace_yoso,class_code,ichi_shisu_juni,57,8564,73.65,10.8,70.85,False
KEIBAJO_SURFACE_06_芝,kyori_tekisei+kyakushitsu+agari_shisu_juni,kyori_tekisei,kyakushitsu,agari_shisu_juni,84,13196,73.82,13.88,70.85,False
KEIBAJO_SURFACE_06_芝,omo_tekisei_code+kyori_tekisei+joshodo_code,omo_tekisei_code,kyori_tekisei,joshodo_code,12,18742,72.91,3.63,70.85,False
KEIBAJO_SURFACE_06_芝,omo_tekisei_code+uma_deokure_bin+shiba_tekisei_code,omo_tekisei_code,uma_deokure_bin,shiba_tekisei_code,26,18286,73.08,5.82,70.84,False
KEIBAJO_SURFACE_06_芝,kyori_kubun+shiba_tekisei_code+joshodo_code,kyori_kubun,shiba_tekisei_code,joshodo_code,12,18998,72.98,3.77,70.84,False
KEIBAJO_SURFACE_06_芝,omo_tekisei_code+joshodo_code+ten_shisu_juni,omo_tekisei_code,joshodo_code,ten_shisu_juni,35,18249,73.23,7.24,70.84,False
KEIBAJO_SURFACE_06_芝,uma_deokure_bin+bataiju_zogen+kyakushitsu,uma_deokure_bin,bataiju_zogen,kyakushitsu,49,11954,73.49,9.46,70.84,False
KEIBAJO_SURFACE_06_芝,joshodo_code+bataiju_zogen+ten_shisu_juni,joshodo_code,bataiju_zogen,ten_shisu_juni,70,11490,73.55,11.57,70.84,False
KEIBAJO_SURFACE_06_芝,uma_deokure_bin+kyori_tekisei+kyori_tekisei_2,uma_deokure_bin,kyori_tekisei,kyori_tekisei_2,14,4327,74.94,7.85,70.83,False
KEIBAJO_SURFACE_06_芝,kyori_kubun+joken_class_code+ten_shisu_juni,kyori_kubun,joken_class_code,ten_shisu_juni,57,10313,73.79,11.41,70.83,False
KEIBAJO_SURFACE_06_芝,joken_class_code+shiba_tekisei_code+ls_shisu_juni,joken_class_code,shiba_tekisei_code,ls_shisu_juni,51,17208,73.86,11.05,70.83,False
KEIBAJO_SURFACE_06_芝,omo_tekisei_code+shiba_tekisei_code+uma_start_shisu_decile,omo_tekisei_code,shiba_tekisei_code,uma_start_shisu_decile,42,17810,73.89,10.1,70.83,False
KEIBAJO_SURFACE_06_芝,shiba_tekisei_code+pace_shisu_juni+agari_shisu_juni,shiba_tekisei_code,pace_shisu_juni,agari_shisu_juni,14,1508,77.56,12.88,70.82,False
KEIBAJO_SURFACE_06_芝,kyori_tekisei+class_code+tenkai_kigo_code,kyori_tekisei,class_code,tenkai_kigo_code,43,13142,74.23,11.41,70.82,False
KEIBAJO_SURFACE_06_芝,kyori_kubun+ichi_shisu_juni+tenkai_kigo_code,kyori_kubun,ichi_shisu_juni,tenkai_kigo_code,68,14896,73.68,12.03,70.82,False
KEIBAJO_SURFACE_06_芝,kyori_kubun+kyakushitsu+agari_shisu_juni,kyori_kubun,kyakushitsu,agari_shisu_juni,86,12812,73.78,14.07,70.81,False
KEIBAJO_SURFACE_06_芝,manken_shirushi+joken_class_code+kyori_tekisei,manken_shirushi,joken_class_code,kyori_tekisei,42,8750,73.81,9.9,70.81,False
KEIBAJO_SURFACE_06_芝,kyori_kubun+uma_start_shisu_decile+tenkai_kigo_code,kyori_kubun,uma_start_shisu_decile,tenkai_kigo_code,55,15514,73.36,9.66,70.81,False
KEIBAJO_SURFACE_06_芝,pace_yoso+joken_class_code+ls_shisu_juni,pace_yoso,joken_class_code,ls_shisu_juni,60,20534,73.23,9.59,70.8,False
KEIBAJO_SURFACE_06_芝,pace_yoso+uma_deokure_bin+kyori_tekisei_2,pace_yoso,uma_deokure_bin,kyori_tekisei_2,15,3729,76.4,11.07,70.8,False
KEIBAJO_SURFACE_06_芝,pace_yoso+ichi_shisu_juni+kyakushitsu,pace_yoso,ichi_shisu_juni,kyakushitsu,72,18589,73.1,9.98,70.79,False
KEIBAJO_SURFACE_06_芝,pace_yoso+omo_tekisei_code+pace_shisu_juni,pace_yoso,omo_tekisei_code,pace_shisu_juni,65,16596,73.3,10.3,70.79,False
KEIBAJO_SURFACE_06_芝,kyori_kubun+omo_tekisei_code+tenkai_kigo_code,kyori_kubun,omo_tekisei_code,tenkai_kigo_code,41,18824,73.99,10.45,70.79,False
KEIBAJO_SURFACE_06_芝,uma_deokure_bin+class_code+pace_shisu_juni,uma_deokure_bin,class_code,pace_shisu_juni,47,6185,74.16,11.85,70.78,False
KEIBAJO_SURFACE_06_芝,uma_start_shisu_decile+rotation_bin+tenkai_kigo_code,uma_start_shisu_decile,rotation_bin,tenkai_kigo_code,62,13865,73.07,9.18,70.78,False
KEIBAJO_SURFACE_06_芝,omo_tekisei_code+ichi_shisu_juni+tenkai_kigo_code,omo_tekisei_code,ichi_shisu_juni,tenkai_kigo_code,51,13622,73.37,9.47,70.77,False
KEIBAJO_SURFACE_06_芝,hizume_code+joken_class_code+kyori_tekisei,hizume_code,joken_class_code,kyori_tekisei,56,12603,73.75,11.39,70.77,False
KEIBAJO_SURFACE_06_芝,kyori_tekisei+uma_start_shisu_decile+tenkai_kigo_code,kyori_tekisei,uma_start_shisu_decile,tenkai_kigo_code,54,14919,73.57,10.54,70.76,False
KEIBAJO_SURFACE_06_芝,joshodo_code+ten_shisu_juni+ls_shisu_juni,joshodo_code,ten_shisu_juni,ls_shisu_juni,91,17059,73.33,12.52,70.76,False
KEIBAJO_SURFACE_06_芝,omo_tekisei_code+shiba_tekisei_code+rotation_bin,omo_tekisei_code,shiba_tekisei_code,rotation_bin,38,18042,73.47,8.56,70.75,False
KEIBAJO_SURFACE_06_芝,kyori_kubun+uma_deokure_bin+shiba_tekisei_code,kyori_kubun,uma_deokure_bin,shiba_tekisei_code,42,18532,72.9,7.11,70.75,False
KEIBAJO_SURFACE_06_芝,hizume_code+kyori_tekisei+ichi_shisu_juni,hizume_code,kyori_tekisei,ichi_shisu_juni,28,3242,73.81,8.25,70.75,False
KEIBAJO_SURFACE_06_芝,pace_yoso+uma_start_shisu_decile+agari_shisu_juni,pace_yoso,uma_start_shisu_decile,agari_shisu_juni,53,8490,73.7,10.99,70.74,False
KEIBAJO_SURFACE_06_芝,joken_class_code+gekiso_juni+kyakushitsu,joken_class_code,gekiso_juni,kyakushitsu,69,10633,73.66,12.36,70.74,False
KEIBAJO_SURFACE_06_芝,joshodo_code+class_code+bataiju_zogen,joshodo_code,class_code,bataiju_zogen,50,13305,73.37,9.49,70.74,False
KEIBAJO_SURFACE_06_芝,hizume_code+omo_tekisei_code+agari_shisu_juni,hizume_code,omo_tekisei_code,agari_shisu_juni,50,7941,73.53,10.06,70.74,False
KEIBAJO_SURFACE_06_芝,omo_tekisei_code+uma_deokure_bin+gekiso_juni,omo_tekisei_code,uma_deokure_bin,gekiso_juni,55,13609,73.22,9.44,70.73,False
KEIBAJO_SURFACE_06_芝,pace_yoso+kyori_tekisei_2+gekiso_juni,pace_yoso,kyori_tekisei_2,gekiso_juni,11,1548,75.7,8.41,70.73,False
KEIBAJO_SURFACE_06_芝,hizume_code+uma_start_shisu_decile+rotation_bin,hizume_code,uma_start_shisu_decile,rotation_bin,31,5337,74.19,9.82,70.73,False
KEIBAJO_SURFACE_06_芝,joshodo_code+kyori_tekisei_2+ten_shisu_juni,joshodo_code,kyori_tekisei_2,ten_shisu_juni,16,2361,75.83,10.41,70.73,False
KEIBAJO_SURFACE_06_芝,uma_deokure_bin+uma_start_shisu_decile+ten_shisu_juni,uma_deokure_bin,uma_start_shisu_decile,ten_shisu_juni,45,7948,73.53,9.63,70.72,False
KEIBAJO_SURFACE_06_芝,uma_deokure_bin+uma_start_shisu_decile+ls_shisu_juni,uma_deokure_bin,uma_start_shisu_decile,ls_shisu_juni,57,12913,74.16,13.25,70.72,False
KEIBAJO_SURFACE_06_芝,kyori_kubun+class_code+pace_shisu_juni,kyori_kubun,class_code,pace_shisu_juni,32,3916,75.29,13.2,70.72,False
KEIBAJO_SURFACE_06_芝,pace_yoso+kyori_tekisei+ichi_shisu_juni,pace_yoso,kyori_tekisei,ichi_shisu_juni,77,17181,73.08,10.58,70.72,False
KEIBAJO_SURFACE_06_芝,pace_yoso+kyori_tekisei+class_code,pace_yoso,kyori_tekisei,class_code,40,15243,73.05,7.51,70.72,False
KEIBAJO_SURFACE_06_芝,pace_yoso+shiba_tekisei_code+pace_shisu_juni,pace_yoso,shiba_tekisei_code,pace_shisu_juni,59,15295,73.53,11.0,70.72,False
KEIBAJO_SURFACE_06_芝,shiba_tekisei_code+kyakushitsu+pace_shisu_juni,shiba_tekisei_code,kyakushitsu,pace_shisu_juni,65,12617,73.48,11.39,70.71,False
KEIBAJO_SURFACE_06_芝,shiba_tekisei_code+ls_shisu_juni+tenkai_kigo_code,shiba_tekisei_code,ls_shisu_juni,tenkai_kigo_code,52,16295,74.07,12.36,70.71,False
KEIBAJO_SURFACE_06_芝,kyori_kubun+shiba_tekisei_code+ls_shisu_juni,kyori_kubun,shiba_tekisei_code,ls_shisu_juni,58,16741,73.47,10.77,70.7,False
KEIBAJO_SURFACE_06_芝,pace_yoso+uma_start_shisu_decile+gekiso_juni,pace_yoso,uma_start_shisu_decile,gekiso_juni,47,7651,73.65,10.3,70.7,False
KEIBAJO_SURFACE_06_芝,uma_start_shisu_decile+ten_shisu_juni+tenkai_kigo_code,uma_start_shisu_decile,ten_shisu_juni,tenkai_kigo_code,35,6456,75.17,13.5,70.7,False
KEIBAJO_SURFACE_06_芝,uma_deokure_bin+kyori_tekisei+kyakushitsu,uma_deokure_bin,kyori_tekisei,kyakushitsu,45,17291,73.49,9.54,70.7,False
KEIBAJO_SURFACE_06_芝,joken_class_code+ten_shisu_juni+agari_shisu_juni,joken_class_code,ten_shisu_juni,agari_shisu_juni,9,1370,80.18,14.51,70.7,False
KEIBAJO_SURFACE_06_芝,pace_yoso+shiba_tekisei_code+rotation_bin,pace_yoso,shiba_tekisei_code,rotation_bin,41,18412,72.98,7.46,70.69,False
KEIBAJO_SURFACE_06_芝,kyori_kubun+class_code+tenkai_kigo_code,kyori_kubun,class_code,tenkai_kigo_code,45,12746,73.54,9.76,70.69,False
KEIBAJO_SURFACE_06_芝,uma_deokure_bin+bataiju_zogen+ichi_shisu_juni,uma_deokure_bin,bataiju_zogen,ichi_shisu_juni,16,1951,75.46,9.76,70.68,False
KEIBAJO_SURFACE_06_芝,kyori_kubun+joken_class_code+pace_shisu_juni,kyori_kubun,joken_class_code,pace_shisu_juni,58,10700,73.58,11.29,70.68,False
KEIBAJO_SURFACE_06_芝,joshodo_code+bataiju_zogen+gekiso_juni,joshodo_code,bataiju_zogen,gekiso_juni,71,12249,73.15,10.63,70.68,False
KEIBAJO_SURFACE_06_芝,pace_yoso+kyori_kubun+ls_shisu_juni,pace_yoso,kyori_kubun,ls_shisu_juni,63,20867,73.11,9.84,70.68,False
KEIBAJO_SURFACE_06_芝,class_code+uma_start_shisu_decile+kyakushitsu,class_code,uma_start_shisu_decile,kyakushitsu,53,11192,73.77,11.45,70.68,False
KEIBAJO_SURFACE_06_芝,omo_tekisei_code+uma_deokure_bin+uma_start_shisu_decile,omo_tekisei_code,uma_deokure_bin,uma_start_shisu_decile,43,16604,73.73,10.23,70.68,False
KEIBAJO_SURFACE_06_芝,kyori_tekisei+joshodo_code+ls_shisu_juni,kyori_tekisei,joshodo_code,ls_shisu_juni,39,21121,73.34,8.51,70.67,False
KEIBAJO_SURFACE_06_芝,joken_class_code+ichi_shisu_juni+tenkai_kigo_code,joken_class_code,ichi_shisu_juni,tenkai_kigo_code,62,13305,73.6,11.82,70.66,False
KEIBAJO_SURFACE_06_芝,omo_tekisei_code+class_code+pace_shisu_juni,omo_tekisei_code,class_code,pace_shisu_juni,54,8201,73.27,9.79,70.66,False
KEIBAJO_SURFACE_06_芝,omo_tekisei_code+joshodo_code+uma_start_shisu_decile,omo_tekisei_code,joshodo_code,uma_start_shisu_decile,22,19087,73.41,6.59,70.66,False
KEIBAJO_SURFACE_06_芝,manken_shirushi+gekiso_juni+rotation_bin,manken_shirushi,gekiso_juni,rotation_bin,8,1056,76.12,7.89,70.66,False
KEIBAJO_SURFACE_06_芝,uma_deokure_bin+joshodo_code+kyori_tekisei_2,uma_deokure_bin,joshodo_code,kyori_tekisei_2,14,4264,74.51,7.34,70.66,False
KEIBAJO_SURFACE_06_芝,joken_class_code+joshodo_code+tenkai_kigo_code,joken_class_code,joshodo_code,tenkai_kigo_code,29,22146,74.73,11.19,70.65,False
KEIBAJO_SURFACE_06_芝,uma_deokure_bin+shiba_tekisei_code+gekiso_juni,uma_deokure_bin,shiba_tekisei_code,gekiso_juni,56,12673,73.27,10.02,70.65,False
KEIBAJO_SURFACE_06_芝,joshodo_code+kyakushitsu+rotation_bin,joshodo_code,kyakushitsu,rotation_bin,26,19025,73.78,8.15,70.65,False
KEIBAJO_SURFACE_06_芝,pace_yoso+ichi_shisu_juni+ten_shisu_juni,pace_yoso,ichi_shisu_juni,ten_shisu_juni,23,4944,76.04,13.21,70.64,False
KEIBAJO_SURFACE_06_芝,pace_yoso+class_code+rotation_bin,pace_yoso,class_code,rotation_bin,55,14043,72.99,8.88,70.64,False
KEIBAJO_SURFACE_06_芝,shiba_tekisei_code+kyori_tekisei+kyakushitsu,shiba_tekisei_code,kyori_tekisei,kyakushitsu,31,18107,74.25,10.28,70.64,False
KEIBAJO_SURFACE_06_芝,joken_class_code+uma_start_shisu_decile+kyakushitsu,joken_class_code,uma_start_shisu_decile,kyakushitsu,64,15670,73.36,11.11,70.64,False
KEIBAJO_SURFACE_06_芝,ichi_shisu_juni+agari_shisu_juni+tenkai_kigo_code,ichi_shisu_juni,agari_shisu_juni,tenkai_kigo_code,73,9501,73.57,12.84,70.63,False
KEIBAJO_SURFACE_06_芝,joken_class_code+rotation_bin+tenkai_kigo_code,joken_class_code,rotation_bin,tenkai_kigo_code,61,15879,73.18,10.16,70.63,False
KEIBAJO_SURFACE_06_芝,omo_tekisei_code+uma_deokure_bin+joshodo_code,omo_tekisei_code,uma_deokure_bin,joshodo_code,14,19164,73.79,6.02,70.63,False
KEIBAJO_SURFACE_06_芝,pace_yoso+kyori_kubun+kyori_tekisei_2,pace_yoso,kyori_kubun,kyori_tekisei_2,12,4148,75.12,7.92,70.63,False
KEIBAJO_SURFACE_06_芝,class_code+kyakushitsu+pace_shisu_juni,class_code,kyakushitsu,pace_shisu_juni,36,4165,75.44,14.74,70.63,False
KEIBAJO_SURFACE_06_芝,kyori_tekisei+bataiju_zogen+ichi_shisu_juni,kyori_tekisei,bataiju_zogen,ichi_shisu_juni,3,310,83.29,11.19,70.62,False
KEIBAJO_SURFACE_06_芝,joken_class_code+class_code+bataiju_zogen,joken_class_code,class_code,bataiju_zogen,44,12342,73.47,9.66,70.62,False
KEIBAJO_SURFACE_06_芝,joken_class_code+uma_start_shisu_decile+tenkai_kigo_code,joken_class_code,uma_start_shisu_decile,tenkai_kigo_code,60,14917,73.59,11.74,70.62,False
KEIBAJO_SURFACE_06_芝,manken_shirushi+class_code+uma_start_shisu_decile,manken_shirushi,class_code,uma_start_shisu_decile,11,1354,73.67,5.18,70.61,False
KEIBAJO_SURFACE_06_芝,joken_class_code+pace_shisu_juni+agari_shisu_juni,joken_class_code,pace_shisu_juni,agari_shisu_juni,12,1842,76.17,9.81,70.61,False
KEIBAJO_SURFACE_06_芝,pace_yoso+kyori_kubun+gekiso_juni,pace_yoso,kyori_kubun,gekiso_juni,83,17490,72.66,9.59,70.6,False
KEIBAJO_SURFACE_06_芝,omo_tekisei_code+uma_start_shisu_decile+kyori_tekisei_2,omo_tekisei_code,uma_start_shisu_decile,kyori_tekisei_2,16,2608,76.9,12.85,70.6,False
KEIBAJO_SURFACE_06_芝,joshodo_code+bataiju+tenkai_kigo_code,joshodo_code,bataiju,tenkai_kigo_code,48,10038,73.67,10.86,70.6,False
KEIBAJO_SURFACE_06_芝,kyori_tekisei+uma_start_shisu_decile+ichi_shisu_juni,kyori_tekisei,uma_start_shisu_decile,ichi_shisu_juni,32,5040,74.49,11.25,70.59,False
KEIBAJO_SURFACE_06_芝,omo_tekisei_code+kyori_tekisei+rotation_bin,omo_tekisei_code,kyori_tekisei,rotation_bin,49,17372,72.94,8.42,70.58,False
KEIBAJO_SURFACE_06_芝,shiba_tekisei_code+gekiso_juni+kyakushitsu,shiba_tekisei_code,gekiso_juni,kyakushitsu,69,13415,73.08,10.63,70.58,False
KEIBAJO_SURFACE_06_芝,bataiju_zogen+kyakushitsu+tenkai_kigo_code,bataiju_zogen,kyakushitsu,tenkai_kigo_code,52,13970,73.47,10.61,70.58,False
KEIBAJO_SURFACE_06_芝,kyori_kubun+rotation_bin+tenkai_kigo_code,kyori_kubun,rotation_bin,tenkai_kigo_code,56,16556,72.9,8.88,70.58,False
KEIBAJO_SURFACE_06_芝,hizume_code+joken_class_code+bataiju_zogen,hizume_code,joken_class_code,bataiju_zogen,26,3694,73.84,8.49,70.58,False
KEIBAJO_SURFACE_06_芝,uma_deokure_bin+agari_shisu_juni+tenkai_kigo_code,uma_deokure_bin,agari_shisu_juni,tenkai_kigo_code,43,14099,73.81,10.85,70.57,False
KEIBAJO_SURFACE_06_芝,hizume_code+joken_class_code+uma_deokure_bin,hizume_code,joken_class_code,uma_deokure_bin,54,12254,72.76,8.22,70.57,False
KEIBAJO_SURFACE_06_芝,kyori_kubun+uma_deokure_bin+kyakushitsu,kyori_kubun,uma_deokure_bin,kyakushitsu,46,17707,73.34,9.6,70.57,False
KEIBAJO_SURFACE_06_芝,joken_class_code+kyori_tekisei+tenkai_kigo_code,joken_class_code,kyori_tekisei,tenkai_kigo_code,48,19723,74.19,12.79,70.57,False
KEIBAJO_SURFACE_06_芝,kyori_kubun+kyakushitsu+rotation_bin,kyori_kubun,kyakushitsu,rotation_bin,71,17558,73.05,10.7,70.56,False
KEIBAJO_SURFACE_06_芝,hizume_code+omo_tekisei_code+shiba_tekisei_code,hizume_code,omo_tekisei_code,shiba_tekisei_code,44,17000,74.25,12.5,70.55,False
KEIBAJO_SURFACE_06_芝,hizume_code+ichi_shisu_juni+kyakushitsu,hizume_code,ichi_shisu_juni,kyakushitsu,39,5632,73.73,10.13,70.55,False
KEIBAJO_SURFACE_06_芝,uma_deokure_bin+shiba_tekisei_code+class_code,uma_deokure_bin,shiba_tekisei_code,class_code,40,15588,73.51,9.56,70.55,False
KEIBAJO_SURFACE_06_芝,shiba_tekisei_code+class_code+bataiju_zogen,shiba_tekisei_code,class_code,bataiju_zogen,40,10280,73.43,9.32,70.54,False
KEIBAJO_SURFACE_06_芝,pace_yoso+class_code+tenkai_kigo_code,pace_yoso,class_code,tenkai_kigo_code,44,14957,73.8,11.02,70.54,False
KEIBAJO_SURFACE_06_芝,kyori_kubun+kyori_tekisei+ten_shisu_juni,kyori_kubun,kyori_tekisei,ten_shisu_juni,86,16542,73.24,12.82,70.54,False
KEIBAJO_SURFACE_06_芝,uma_start_shisu_decile+kyori_tekisei_2+kyakushitsu,uma_start_shisu_decile,kyori_tekisei_2,kyakushitsu,12,1967,79.15,15.22,70.53,False
KEIBAJO_SURFACE_06_芝,uma_deokure_bin+kyori_tekisei_2+rotation_bin,uma_deokure_bin,kyori_tekisei_2,rotation_bin,10,1496,75.93,8.72,70.53,False
KEIBAJO_SURFACE_06_芝,joshodo_code+class_code+pace_shisu_juni,joshodo_code,class_code,pace_shisu_juni,61,13292,73.28,10.95,70.53,False
KEIBAJO_SURFACE_06_芝,pace_yoso+bataiju_zogen+gekiso_juni,pace_yoso,bataiju_zogen,gekiso_juni,31,3601,74.64,11.67,70.53,False
KEIBAJO_SURFACE_06_芝,pace_yoso+kyori_kubun+kyakushitsu,pace_yoso,kyori_kubun,kyakushitsu,43,22083,73.06,8.47,70.53,False
KEIBAJO_SURFACE_06_芝,omo_tekisei_code+bataiju_zogen+ichi_shisu_juni,omo_tekisei_code,bataiju_zogen,ichi_shisu_juni,27,2997,74.75,11.19,70.53,False
KEIBAJO_SURFACE_06_芝,kyori_kubun+omo_tekisei_code+uma_start_shisu_decile,kyori_kubun,omo_tekisei_code,uma_start_shisu_decile,59,18026,73.17,10.33,70.53,False
KEIBAJO_SURFACE_06_芝,kyori_tekisei+joshodo_code+rotation_bin,kyori_tekisei,joshodo_code,rotation_bin,26,18379,72.94,6.27,70.53,False
KEIBAJO_SURFACE_06_芝,pace_yoso+hizume_code+pace_shisu_juni,pace_yoso,hizume_code,pace_shisu_juni,48,6967,73.56,10.74,70.52,False
KEIBAJO_SURFACE_06_芝,shiba_tekisei_code+joshodo_code+rotation_bin,shiba_tekisei_code,joshodo_code,rotation_bin,20,18753,73.45,6.67,70.52,False
KEIBAJO_SURFACE_06_芝,omo_tekisei_code+agari_shisu_juni+tenkai_kigo_code,omo_tekisei_code,agari_shisu_juni,tenkai_kigo_code,32,15299,73.65,9.01,70.52,False
KEIBAJO_SURFACE_06_芝,shiba_tekisei_code+kyakushitsu+ls_shisu_juni,shiba_tekisei_code,kyakushitsu,ls_shisu_juni,62,17248,73.57,12.28,70.52,False
KEIBAJO_SURFACE_06_芝,uma_deokure_bin+kyori_tekisei+rotation_bin,uma_deokure_bin,kyori_tekisei,rotation_bin,55,15373,72.61,7.96,70.51,False
KEIBAJO_SURFACE_06_芝,joshodo_code+ls_shisu_juni+agari_shisu_juni,joshodo_code,ls_shisu_juni,agari_shisu_juni,82,16887,73.07,11.84,70.51,False
KEIBAJO_SURFACE_06_芝,shiba_tekisei_code+joshodo_code+ichi_shisu_juni,shiba_tekisei_code,joshodo_code,ichi_shisu_juni,48,18894,72.54,7.16,70.51,False
KEIBAJO_SURFACE_06_芝,hizume_code+kyori_kubun+joken_class_code,hizume_code,kyori_kubun,joken_class_code,68,12867,72.81,9.67,70.51,False
KEIBAJO_SURFACE_06_芝,joshodo_code+ten_shisu_juni+rotation_bin,joshodo_code,ten_shisu_juni,rotation_bin,76,17142,73.25,12.21,70.5,False
KEIBAJO_SURFACE_06_芝,kyori_kubun+joshodo_code+uma_start_shisu_decile,kyori_kubun,joshodo_code,uma_start_shisu_decile,32,19323,73.31,8.13,70.5,False
KEIBAJO_SURFACE_06_芝,kyori_tekisei+class_code+uma_start_shisu_decile,kyori_tekisei,class_code,uma_start_shisu_decile,50,10561,74.29,13.7,70.49,False
KEIBAJO_SURFACE_06_芝,joshodo_code+class_code+ichi_shisu_juni,joshodo_code,class_code,ichi_shisu_juni,59,12973,73.25,10.8,70.49,False
KEIBAJO_SURFACE_06_芝,kyori_kubun+bataiju_zogen+kyori_tekisei_2,kyori_kubun,bataiju_zogen,kyori_tekisei_2,15,1813,74.05,7.02,70.49,False
KEIBAJO_SURFACE_06_芝,hizume_code+shiba_tekisei_code+uma_start_shisu_decile,hizume_code,shiba_tekisei_code,uma_start_shisu_decile,55,11661,73.45,11.2,70.49,False
KEIBAJO_SURFACE_06_芝,joken_class_code+joshodo_code+gekiso_juni,joken_class_code,joshodo_code,gekiso_juni,82,20946,72.7,10.32,70.47,False
KEIBAJO_SURFACE_06_芝,hizume_code+kyori_tekisei+tenkai_kigo_code,hizume_code,kyori_tekisei,tenkai_kigo_code,47,12274,73.7,11.3,70.47,False
KEIBAJO_SURFACE_06_芝,manken_shirushi+uma_start_shisu_decile+kyakushitsu,manken_shirushi,uma_start_shisu_decile,kyakushitsu,23,4052,74.94,10.93,70.47,False
KEIBAJO_SURFACE_06_芝,kyori_kubun+kyori_tekisei+gekiso_juni,kyori_kubun,kyori_tekisei,gekiso_juni,83,16732,72.89,11.27,70.47,False
KEIBAJO_SURFACE_06_芝,hizume_code+kyakushitsu+rotation_bin,hizume_code,kyakushitsu,rotation_bin,56,10449,73.62,12.09,70.46,False
KEIBAJO_SURFACE_06_芝,hizume_code+uma_deokure_bin+tenkai_kigo_code,hizume_code,uma_deokure_bin,tenkai_kigo_code,47,13072,73.77,11.58,70.46,False
KEIBAJO_SURFACE_06_芝,shiba_tekisei_code+joshodo_code+kyori_tekisei_2,shiba_tekisei_code,joshodo_code,kyori_tekisei_2,6,4331,73.94,4.36,70.45,False
KEIBAJO_SURFACE_06_芝,joken_class_code+kyori_tekisei+ls_shisu_juni,joken_class_code,kyori_tekisei,ls_shisu_juni,70,18236,72.96,10.71,70.45,False
KEIBAJO_SURFACE_06_芝,omo_tekisei_code+uma_deokure_bin+rotation_bin,omo_tekisei_code,uma_deokure_bin,rotation_bin,40,16447,73.54,9.97,70.45,False
KEIBAJO_SURFACE_06_芝,joken_class_code+uma_start_shisu_decile+rotation_bin,joken_class_code,uma_start_shisu_decile,rotation_bin,59,10809,73.37,11.47,70.45,False
KEIBAJO_SURFACE_06_芝,shiba_tekisei_code+class_code+uma_start_shisu_decile,shiba_tekisei_code,class_code,uma_start_shisu_decile,41,12989,73.82,11.06,70.44,False
KEIBAJO_SURFACE_06_芝,joshodo_code+ichi_shisu_juni+pace_shisu_juni,joshodo_code,ichi_shisu_juni,pace_shisu_juni,82,12849,72.94,11.61,70.43,False
KEIBAJO_SURFACE_06_芝,pace_yoso+hizume_code+bataiju_zogen,pace_yoso,hizume_code,bataiju_zogen,42,7815,73.78,11.09,70.43,False
KEIBAJO_SURFACE_06_芝,omo_tekisei_code+class_code+rotation_bin,omo_tekisei_code,class_code,rotation_bin,53,13509,72.78,8.75,70.42,False
KEIBAJO_SURFACE_06_芝,pace_yoso+joken_class_code+gekiso_juni,pace_yoso,joken_class_code,gekiso_juni,84,17832,72.67,10.5,70.42,False
KEIBAJO_SURFACE_06_芝,pace_yoso+joken_class_code+agari_shisu_juni,pace_yoso,joken_class_code,agari_shisu_juni,89,18146,73.07,12.77,70.42,False
KEIBAJO_SURFACE_06_芝,omo_tekisei_code+ichi_shisu_juni+kyakushitsu,omo_tekisei_code,ichi_shisu_juni,kyakushitsu,73,16839,72.81,10.39,70.42,False
KEIBAJO_SURFACE_06_芝,hizume_code+kyori_kubun+joshodo_code,hizume_code,kyori_kubun,joshodo_code,37,18147,73.29,8.94,70.41,False
KEIBAJO_SURFACE_06_芝,omo_tekisei_code+kyori_tekisei+kyakushitsu,omo_tekisei_code,kyori_tekisei,kyakushitsu,38,18625,73.66,10.23,70.4,False
KEIBAJO_SURFACE_06_芝,uma_deokure_bin+shiba_tekisei_code+ten_shisu_juni,uma_deokure_bin,shiba_tekisei_code,ten_shisu_juni,66,13041,73.32,12.09,70.4,False
KEIBAJO_SURFACE_06_芝,hizume_code+uma_start_shisu_decile+tenkai_kigo_code,hizume_code,uma_start_shisu_decile,tenkai_kigo_code,45,9898,73.71,11.34,70.4,False
KEIBAJO_SURFACE_06_芝,pace_yoso+joken_class_code+pace_shisu_juni,pace_yoso,joken_class_code,pace_shisu_juni,86,17810,72.73,11.04,70.4,False
KEIBAJO_SURFACE_06_芝,shiba_tekisei_code+pace_shisu_juni+ls_shisu_juni,shiba_tekisei_code,pace_shisu_juni,ls_shisu_juni,48,7142,73.95,12.53,70.4,False
KEIBAJO_SURFACE_06_芝,omo_tekisei_code+uma_deokure_bin+kyori_tekisei,omo_tekisei_code,uma_deokure_bin,kyori_tekisei,36,17983,72.53,6.55,70.39,False
KEIBAJO_SURFACE_06_芝,omo_tekisei_code+class_code+agari_shisu_juni,omo_tekisei_code,class_code,agari_shisu_juni,52,8242,73.43,11.2,70.38,False
KEIBAJO_SURFACE_06_芝,hizume_code+bataiju_zogen+kyakushitsu,hizume_code,bataiju_zogen,kyakushitsu,38,5783,73.15,8.7,70.38,False
KEIBAJO_SURFACE_06_芝,kyori_kubun+joshodo_code+kyori_tekisei_2,kyori_kubun,joshodo_code,kyori_tekisei_2,8,4267,74.58,6.07,70.38,False
KEIBAJO_SURFACE_06_芝,omo_tekisei_code+class_code+uma_start_shisu_decile,omo_tekisei_code,class_code,uma_start_shisu_decile,51,12387,73.39,10.94,70.38,False
KEIBAJO_SURFACE_06_芝,pace_yoso+hizume_code+kyori_tekisei,pace_yoso,hizume_code,kyori_tekisei,59,15485,72.79,9.43,70.38,False
KEIBAJO_SURFACE_06_芝,uma_deokure_bin+uma_start_shisu_decile+tenkai_kigo_code,uma_deokure_bin,uma_start_shisu_decile,tenkai_kigo_code,43,15377,74.13,12.55,70.37,False
KEIBAJO_SURFACE_06_芝,uma_deokure_bin+joshodo_code+ten_shisu_juni,uma_deokure_bin,joshodo_code,ten_shisu_juni,50,17247,73.3,10.59,70.37,False
KEIBAJO_SURFACE_06_芝,pace_yoso+hizume_code+uma_start_shisu_decile,pace_yoso,hizume_code,uma_start_shisu_decile,57,12217,73.29,11.29,70.36,False
KEIBAJO_SURFACE_06_芝,kyori_tekisei+ichi_shisu_juni+tenkai_kigo_code,kyori_tekisei,ichi_shisu_juni,tenkai_kigo_code,63,14221,73.6,13.13,70.36,False
KEIBAJO_SURFACE_06_芝,kyori_kubun+kyori_tekisei+agari_shisu_juni,kyori_kubun,kyori_tekisei,agari_shisu_juni,85,16563,72.78,11.43,70.35,False
KEIBAJO_SURFACE_06_芝,kyori_kubun+ten_shisu_juni+kyakushitsu,kyori_kubun,ten_shisu_juni,kyakushitsu,91,13759,73.29,14.29,70.35,False
KEIBAJO_SURFACE_06_芝,kyori_kubun+shiba_tekisei_code+uma_start_shisu_decile,kyori_kubun,shiba_tekisei_code,uma_start_shisu_decile,58,17038,73.11,10.74,70.34,False
KEIBAJO_SURFACE_06_芝,shiba_tekisei_code+kyori_tekisei+kyori_tekisei_2,shiba_tekisei_code,kyori_tekisei,kyori_tekisei_2,6,4402,73.9,4.45,70.34,False
KEIBAJO_SURFACE_06_芝,kyori_kubun+kyakushitsu+ls_shisu_juni,kyori_kubun,kyakushitsu,ls_shisu_juni,84,18697,73.09,12.85,70.34,False
KEIBAJO_SURFACE_06_芝,kyori_tekisei+joshodo_code+class_code,kyori_tekisei,joshodo_code,class_code,31,17033,73.28,8.35,70.34,False
KEIBAJO_SURFACE_06_芝,kyori_kubun+omo_tekisei_code+kyakushitsu,kyori_kubun,omo_tekisei_code,kyakushitsu,35,18812,73.44,9.36,70.34,False
KEIBAJO_SURFACE_06_芝,pace_yoso+kyori_kubun+tenkai_kigo_code,pace_yoso,kyori_kubun,tenkai_kigo_code,43,21785,73.41,10.26,70.34,False
KEIBAJO_SURFACE_06_芝,omo_tekisei_code+uma_start_shisu_decile+kyakushitsu,omo_tekisei_code,uma_start_shisu_decile,kyakushitsu,47,17775,73.1,9.66,70.34,False
KEIBAJO_SURFACE_06_芝,joken_class_code+class_code+rotation_bin,joken_class_code,class_code,rotation_bin,40,15326,73.63,10.61,70.34,False
KEIBAJO_SURFACE_06_芝,joken_class_code+kyori_tekisei+ichi_shisu_juni,joken_class_code,kyori_tekisei,ichi_shisu_juni,57,12063,72.93,9.96,70.34,False
KEIBAJO_SURFACE_06_芝,pace_yoso+joshodo_code+gekiso_juni,pace_yoso,joshodo_code,gekiso_juni,55,21205,72.9,9.74,70.33,False
KEIBAJO_SURFACE_06_芝,joken_class_code+kyakushitsu+tenkai_kigo_code,joken_class_code,kyakushitsu,tenkai_kigo_code,48,21180,74.04,13.11,70.33,False
KEIBAJO_SURFACE_06_芝,joshodo_code+gekiso_juni+rotation_bin,joshodo_code,gekiso_juni,rotation_bin,71,16891,72.85,10.87,70.32,False
KEIBAJO_SURFACE_06_芝,joken_class_code+kyakushitsu+ls_shisu_juni,joken_class_code,kyakushitsu,ls_shisu_juni,82,17831,73.16,13.12,70.32,False
KEIBAJO_SURFACE_06_芝,manken_shirushi+pace_yoso+bataiju_zogen,manken_shirushi,pace_yoso,bataiju_zogen,28,3203,75.26,13.35,70.32,False
KEIBAJO_SURFACE_06_芝,shiba_tekisei_code+gekiso_juni+ls_shisu_juni,shiba_tekisei_code,gekiso_juni,ls_shisu_juni,48,7995,73.67,11.88,70.31,False
KEIBAJO_SURFACE_06_芝,omo_tekisei_code+bataiju_zogen+pace_shisu_juni,omo_tekisei_code,bataiju_zogen,pace_shisu_juni,41,4520,75.14,15.78,70.31,False
KEIBAJO_SURFACE_06_芝,uma_deokure_bin+shiba_tekisei_code+ls_shisu_juni,uma_deokure_bin,shiba_tekisei_code,ls_shisu_juni,55,16559,73.09,10.55,70.3,False
KEIBAJO_SURFACE_06_芝,hizume_code+shiba_tekisei_code+joshodo_code,hizume_code,shiba_tekisei_code,joshodo_code,30,18143,73.25,8.25,70.3,False
KEIBAJO_SURFACE_06_芝,omo_tekisei_code+shiba_tekisei_code+kyori_tekisei,omo_tekisei_code,shiba_tekisei_code,kyori_tekisei,24,18327,73.5,8.01,70.3,False
KEIBAJO_SURFACE_06_芝,omo_tekisei_code+joshodo_code+ls_shisu_juni,omo_tekisei_code,joshodo_code,ls_shisu_juni,23,19026,74.12,9.37,70.29,False
KEIBAJO_SURFACE_06_芝,joken_class_code+kyori_tekisei+kyori_tekisei_2,joken_class_code,kyori_tekisei,kyori_tekisei_2,12,4327,74.34,7.16,70.29,False
KEIBAJO_SURFACE_06_芝,pace_yoso+omo_tekisei_code+kyakushitsu,pace_yoso,omo_tekisei_code,kyakushitsu,30,19532,73.32,8.47,70.29,False
KEIBAJO_SURFACE_06_芝,pace_yoso+kyori_tekisei+kyakushitsu,pace_yoso,kyori_tekisei,kyakushitsu,40,21286,73.28,9.64,70.29,False
KEIBAJO_SURFACE_06_芝,hizume_code+omo_tekisei_code+uma_start_shisu_decile,hizume_code,omo_tekisei_code,uma_start_shisu_decile,53,12709,73.42,11.66,70.28,False
KEIBAJO_SURFACE_06_芝,uma_deokure_bin+kyori_tekisei+tenkai_kigo_code,uma_deokure_bin,kyori_tekisei,tenkai_kigo_code,44,16876,73.5,10.91,70.28,False
KEIBAJO_SURFACE_06_芝,pace_yoso+kyori_tekisei+agari_shisu_juni,pace_yoso,kyori_tekisei,agari_shisu_juni,79,17373,72.99,12.27,70.28,False
KEIBAJO_SURFACE_06_芝,pace_yoso+uma_deokure_bin+joshodo_code,pace_yoso,uma_deokure_bin,joshodo_code,12,19269,73.41,5.55,70.27,False
KEIBAJO_SURFACE_06_芝,pace_yoso+uma_deokure_bin+ls_shisu_juni,pace_yoso,uma_deokure_bin,ls_shisu_juni,55,17427,73.12,10.79,70.27,False
KEIBAJO_SURFACE_06_芝,pace_yoso+shiba_tekisei_code+tenkai_kigo_code,pace_yoso,shiba_tekisei_code,tenkai_kigo_code,30,18700,73.52,9.09,70.27,False
KEIBAJO_SURFACE_06_芝,omo_tekisei_code+rotation_bin+ls_shisu_juni,omo_tekisei_code,rotation_bin,ls_shisu_juni,67,15937,72.92,11.09,70.26,False
KEIBAJO_SURFACE_06_芝,omo_tekisei_code+kyori_tekisei+ls_shisu_juni,omo_tekisei_code,kyori_tekisei,ls_shisu_juni,54,16940,73.04,10.46,70.26,False
KEIBAJO_SURFACE_06_芝,joshodo_code+uma_start_shisu_decile+pace_shisu_juni,joshodo_code,uma_start_shisu_decile,pace_shisu_juni,88,16939,72.67,11.53,70.26,False
KEIBAJO_SURFACE_06_芝,uma_deokure_bin+class_code+tenkai_kigo_code,uma_deokure_bin,class_code,tenkai_kigo_code,44,13110,73.1,9.65,70.25,False
KEIBAJO_SURFACE_06_芝,joshodo_code+class_code+ten_shisu_juni,joshodo_code,class_code,ten_shisu_juni,63,13282,73.87,14.65,70.25,False
KEIBAJO_SURFACE_06_芝,kyori_kubun+omo_tekisei_code+ls_shisu_juni,kyori_kubun,omo_tekisei_code,ls_shisu_juni,58,17836,73.08,11.01,70.25,False
KEIBAJO_SURFACE_06_芝,omo_tekisei_code+gekiso_juni+kyakushitsu,omo_tekisei_code,gekiso_juni,kyakushitsu,78,15137,72.85,11.77,70.24,False
KEIBAJO_SURFACE_06_芝,uma_deokure_bin+rotation_bin+tenkai_kigo_code,uma_deokure_bin,rotation_bin,tenkai_kigo_code,48,15926,73.21,10.53,70.24,False
KEIBAJO_SURFACE_06_芝,joken_class_code+omo_tekisei_code+kyakushitsu,joken_class_code,omo_tekisei_code,kyakushitsu,45,19076,73.25,10.3,70.24,False
KEIBAJO_SURFACE_06_芝,uma_deokure_bin+ichi_shisu_juni+pace_shisu_juni,uma_deokure_bin,ichi_shisu_juni,pace_shisu_juni,8,1163,77.36,10.28,70.23,False
KEIBAJO_SURFACE_06_芝,omo_tekisei_code+bataiju_zogen+agari_shisu_juni,omo_tekisei_code,bataiju_zogen,agari_shisu_juni,30,3426,74.17,11.02,70.23,False
KEIBAJO_SURFACE_06_芝,bataiju+uma_start_shisu_decile+tenkai_kigo_code,bataiju,uma_start_shisu_decile,tenkai_kigo_code,7,754,82.09,16.01,70.23,False
KEIBAJO_SURFACE_06_芝,omo_tekisei_code+joshodo_code+rotation_bin,omo_tekisei_code,joshodo_code,rotation_bin,19,18953,73.22,6.67,70.22,False
KEIBAJO_SURFACE_06_芝,hizume_code+shiba_tekisei_code+kyakushitsu,hizume_code,shiba_tekisei_code,kyakushitsu,59,15318,73.41,12.5,70.22,False
KEIBAJO_SURFACE_06_芝,hizume_code+kyori_kubun+class_code,hizume_code,kyori_kubun,class_code,46,8112,73.19,10.27,70.22,False
KEIBAJO_SURFACE_06_芝,kyori_tekisei+kyakushitsu+tenkai_kigo_code,kyori_tekisei,kyakushitsu,tenkai_kigo_code,46,21206,73.6,11.69,70.22,False
KEIBAJO_SURFACE_06_芝,shiba_tekisei_code+uma_start_shisu_decile+kyakushitsu,shiba_tekisei_code,uma_start_shisu_decile,kyakushitsu,53,17678,73.59,12.52,70.22,False
KEIBAJO_SURFACE_06_芝,kyori_tekisei+class_code+rotation_bin,kyori_tekisei,class_code,rotation_bin,46,10960,73.01,9.69,70.21,False
KEIBAJO_SURFACE_06_芝,joshodo_code+class_code+ls_shisu_juni,joshodo_code,class_code,ls_shisu_juni,49,15916,73.43,11.51,70.21,False
KEIBAJO_SURFACE_06_芝,pace_yoso+kyori_tekisei_2+pace_shisu_juni,pace_yoso,kyori_tekisei_2,pace_shisu_juni,11,1450,79.24,15.28,70.21,False
KEIBAJO_SURFACE_06_芝,hizume_code+omo_tekisei_code+ten_shisu_juni,hizume_code,omo_tekisei_code,ten_shisu_juni,53,7849,73.14,10.92,70.2,False
KEIBAJO_SURFACE_06_芝,pace_yoso+joshodo_code+kyakushitsu,pace_yoso,joshodo_code,kyakushitsu,15,22117,73.56,6.65,70.2,False
KEIBAJO_SURFACE_06_芝,joken_class_code+rotation_bin+ls_shisu_juni,joken_class_code,rotation_bin,ls_shisu_juni,71,11441,72.97,11.91,70.2,False
KEIBAJO_SURFACE_06_芝,joken_class_code+ls_shisu_juni+tenkai_kigo_code,joken_class_code,ls_shisu_juni,tenkai_kigo_code,65,16774,73.33,12.92,70.19,False
KEIBAJO_SURFACE_06_芝,shiba_tekisei_code+joshodo_code+gekiso_juni,shiba_tekisei_code,joshodo_code,gekiso_juni,42,18480,72.65,8.12,70.19,False
KEIBAJO_SURFACE_06_芝,kyori_tekisei+kyori_tekisei_2+tenkai_kigo_code,kyori_tekisei,kyori_tekisei_2,tenkai_kigo_code,11,4117,75.39,8.81,70.19,False
KEIBAJO_SURFACE_06_芝,uma_deokure_bin+shiba_tekisei_code+agari_shisu_juni,uma_deokure_bin,shiba_tekisei_code,agari_shisu_juni,56,12536,72.5,8.88,70.18,False
KEIBAJO_SURFACE_06_芝,kyori_tekisei+joshodo_code+ichi_shisu_juni,kyori_tekisei,joshodo_code,ichi_shisu_juni,61,20621,72.45,9.03,70.18,False
KEIBAJO_SURFACE_06_芝,kyakushitsu+rotation_bin+ls_shisu_juni,kyakushitsu,rotation_bin,ls_shisu_juni,73,13215,73.09,12.68,70.18,False
KEIBAJO_SURFACE_06_芝,pace_yoso+kyori_tekisei+pace_shisu_juni,pace_yoso,kyori_tekisei,pace_shisu_juni,76,17090,72.72,11.3,70.18,False
KEIBAJO_SURFACE_06_芝,kyori_kubun+uma_start_shisu_decile+agari_shisu_juni,kyori_kubun,uma_start_shisu_decile,agari_shisu_juni,27,4301,74.51,11.49,70.18,False
KEIBAJO_SURFACE_06_芝,manken_shirushi+hizume_code+omo_tekisei_code,manken_shirushi,hizume_code,omo_tekisei_code,41,6448,74.15,13.0,70.17,False
KEIBAJO_SURFACE_06_芝,manken_shirushi+uma_deokure_bin+kyuyo_riyu_bunrui_code,manken_shirushi,uma_deokure_bin,kyuyo_riyu_bunrui_code,16,2366,74.55,8.94,70.17,False
KEIBAJO_SURFACE_06_芝,joshodo_code+uma_start_shisu_decile+kyakushitsu,joshodo_code,uma_start_shisu_decile,kyakushitsu,27,19146,73.31,8.35,70.16,False
KEIBAJO_SURFACE_06_芝,shiba_tekisei_code+ichi_shisu_juni+kyori_tekisei_2,shiba_tekisei_code,ichi_shisu_juni,kyori_tekisei_2,9,1021,78.6,12.93,70.16,False
KEIBAJO_SURFACE_06_芝,uma_deokure_bin+uma_start_shisu_decile+gekiso_juni,uma_deokure_bin,uma_start_shisu_decile,gekiso_juni,50,8544,73.35,11.51,70.16,False
KEIBAJO_SURFACE_06_芝,joken_class_code+kyori_tekisei+class_code,joken_class_code,kyori_tekisei,class_code,34,16634,73.15,8.89,70.16,False
KEIBAJO_SURFACE_06_芝,omo_tekisei_code+uma_deokure_bin+pace_shisu_juni,omo_tekisei_code,uma_deokure_bin,pace_shisu_juni,59,13865,73.21,11.97,70.15,False
KEIBAJO_SURFACE_06_芝,uma_deokure_bin+kyakushitsu+pace_shisu_juni,uma_deokure_bin,kyakushitsu,pace_shisu_juni,62,12185,72.79,10.59,70.15,False
KEIBAJO_SURFACE_06_芝,uma_deokure_bin+shiba_tekisei_code+rotation_bin,uma_deokure_bin,shiba_tekisei_code,rotation_bin,50,17148,72.61,8.92,70.14,False
KEIBAJO_SURFACE_06_芝,uma_start_shisu_decile+ten_shisu_juni+kyakushitsu,uma_start_shisu_decile,ten_shisu_juni,kyakushitsu,41,6740,73.68,11.57,70.14,False
KEIBAJO_SURFACE_06_芝,shiba_tekisei_code+kyakushitsu+agari_shisu_juni,shiba_tekisei_code,kyakushitsu,agari_shisu_juni,69,13296,73.11,12.67,70.12,False
KEIBAJO_SURFACE_06_芝,pace_yoso+omo_tekisei_code+kyori_tekisei_2,pace_yoso,omo_tekisei_code,kyori_tekisei_2,12,4117,74.67,8.04,70.12,False
KEIBAJO_SURFACE_06_芝,pace_yoso+kyori_tekisei+rotation_bin,pace_yoso,kyori_tekisei,rotation_bin,51,17311,72.72,9.45,70.12,False
KEIBAJO_SURFACE_06_芝,joshodo_code+ichi_shisu_juni+kyakushitsu,joshodo_code,ichi_shisu_juni,kyakushitsu,44,20982,72.71,8.8,70.11,False
KEIBAJO_SURFACE_06_芝,joken_class_code+kyori_tekisei+gekiso_juni,joken_class_code,kyori_tekisei,gekiso_juni,59,12863,72.88,10.88,70.1,False
KEIBAJO_SURFACE_06_芝,uma_start_shisu_decile+kyori_tekisei_2+rotation_bin,uma_start_shisu_decile,kyori_tekisei_2,rotation_bin,5,681,80.66,12.05,70.1,False
KEIBAJO_SURFACE_06_芝,kyori_kubun+joshodo_code+ichi_shisu_juni,kyori_kubun,joshodo_code,ichi_shisu_juni,63,21391,72.45,9.54,70.1,False
KEIBAJO_SURFACE_06_芝,uma_deokure_bin+joshodo_code+rotation_bin,uma_deokure_bin,joshodo_code,rotation_bin,30,18878,73.84,10.47,70.09,False
KEIBAJO_SURFACE_06_芝,omo_tekisei_code+kyakushitsu+rotation_bin,omo_tekisei_code,kyakushitsu,rotation_bin,48,17846,72.84,9.73,70.09,False
KEIBAJO_SURFACE_06_芝,hizume_code+joken_class_code+tenkai_kigo_code,hizume_code,joken_class_code,tenkai_kigo_code,51,12077,73.09,10.96,70.08,False
KEIBAJO_SURFACE_06_芝,omo_tekisei_code+class_code+kyori_tekisei_2,omo_tekisei_code,class_code,kyori_tekisei_2,13,2225,75.71,10.36,70.08,False
KEIBAJO_SURFACE_06_芝,manken_shirushi+rotation_bin+tenkai_kigo_code,manken_shirushi,rotation_bin,tenkai_kigo_code,37,5883,74.36,13.28,70.08,False
KEIBAJO_SURFACE_06_芝,uma_deokure_bin+shiba_tekisei_code+pace_shisu_juni,uma_deokure_bin,shiba_tekisei_code,pace_shisu_juni,62,12782,72.9,11.33,70.08,False
KEIBAJO_SURFACE_06_芝,pace_yoso+ten_shisu_juni+kyakushitsu,pace_yoso,ten_shisu_juni,kyakushitsu,86,17741,72.58,11.84,70.08,False
KEIBAJO_SURFACE_06_芝,hizume_code+omo_tekisei_code+kyakushitsu,hizume_code,omo_tekisei_code,kyakushitsu,56,16446,73.34,12.46,70.08,False
KEIBAJO_SURFACE_06_芝,hizume_code+kyori_tekisei+gekiso_juni,hizume_code,kyori_tekisei,gekiso_juni,22,3026,73.7,8.68,70.07,False
KEIBAJO_SURFACE_06_芝,uma_deokure_bin+joshodo_code+tenkai_kigo_code,uma_deokure_bin,joshodo_code,tenkai_kigo_code,21,19046,74.54,10.46,70.07,False
KEIBAJO_SURFACE_06_芝,uma_start_shisu_decile+pace_shisu_juni+tenkai_kigo_code,uma_start_shisu_decile,pace_shisu_juni,tenkai_kigo_code,41,7227,73.9,12.52,70.07,False
KEIBAJO_SURFACE_06_芝,pace_yoso+ichi_shisu_juni+tenkai_kigo_code,pace_yoso,ichi_shisu_juni,tenkai_kigo_code,59,16457,72.92,11.17,70.07,False
KEIBAJO_SURFACE_06_芝,class_code+uma_start_shisu_decile+ten_shisu_juni,class_code,uma_start_shisu_decile,ten_shisu_juni,14,1553,76.06,11.44,70.07,False
KEIBAJO_SURFACE_06_芝,ichi_shisu_juni+rotation_bin+ls_shisu_juni,ichi_shisu_juni,rotation_bin,ls_shisu_juni,3,308,83.93,12.27,70.05,False
KEIBAJO_SURFACE_06_芝,pace_yoso+kyori_kubun+ten_shisu_juni,pace_yoso,kyori_kubun,ten_shisu_juni,86,17549,72.72,12.66,70.04,False
KEIBAJO_SURFACE_06_芝,joshodo_code+class_code+uma_start_shisu_decile,joshodo_code,class_code,uma_start_shisu_decile,46,15874,72.96,10.15,70.03,False
KEIBAJO_SURFACE_06_芝,hizume_code+omo_tekisei_code+gekiso_juni,hizume_code,omo_tekisei_code,gekiso_juni,54,8442,73.2,11.91,70.03,False
KEIBAJO_SURFACE_06_芝,uma_deokure_bin+kyori_tekisei+uma_start_shisu_decile,uma_deokure_bin,kyori_tekisei,uma_start_shisu_decile,48,14938,72.84,9.99,70.02,False
KEIBAJO_SURFACE_06_芝,pace_yoso+uma_deokure_bin+gekiso_juni,pace_yoso,uma_deokure_bin,gekiso_juni,69,14250,72.5,10.5,70.02,False
KEIBAJO_SURFACE_06_芝,joken_class_code+joshodo_code+kyakushitsu,joken_class_code,joshodo_code,kyakushitsu,21,22040,73.76,8.76,70.02,False
KEIBAJO_SURFACE_06_芝,pace_yoso+kyakushitsu+ls_shisu_juni,pace_yoso,kyakushitsu,ls_shisu_juni,67,20335,72.79,11.6,70.01,False
KEIBAJO_SURFACE_06_芝,manken_shirushi+joshodo_code+kyuyo_riyu_bunrui_code,manken_shirushi,joshodo_code,kyuyo_riyu_bunrui_code,8,2907,73.17,4.56,70.01,False
KEIBAJO_SURFACE_06_芝,kyori_kubun+kyori_tekisei_2+gekiso_juni,kyori_kubun,kyori_tekisei_2,gekiso_juni,5,596,77.11,8.11,70.0,False
KEIBAJO_SURFACE_06_芝,omo_tekisei_code+uma_deokure_bin+agari_shisu_juni,omo_tekisei_code,uma_deokure_bin,agari_shisu_juni,55,13593,72.9,10.97,70.0,False
KEIBAJO_SURFACE_06_芝,hizume_code+joken_class_code+kyakushitsu,hizume_code,joken_class_code,kyakushitsu,62,12276,72.97,11.92,70.0,False
KEIBAJO_SURFACE_06_芝,pace_yoso+joken_class_code+shiba_tekisei_code,pace_yoso,joken_class_code,shiba_tekisei_code,23,18712,73.92,9.61,69.99,False
KEIBAJO_SURFACE_06_芝,hizume_code+joken_class_code+omo_tekisei_code,hizume_code,joken_class_code,omo_tekisei_code,56,15765,72.97,11.38,69.99,False
KEIBAJO_SURFACE_06_芝,joken_class_code+kyakushitsu+rotation_bin,joken_class_code,kyakushitsu,rotation_bin,70,16105,72.65,11.35,69.99,False
KEIBAJO_SURFACE_06_芝,joshodo_code+ten_shisu_juni+pace_shisu_juni,joshodo_code,ten_shisu_juni,pace_shisu_juni,74,11990,72.97,13.12,69.98,False
KEIBAJO_SURFACE_06_芝,pace_yoso+omo_tekisei_code+class_code,pace_yoso,omo_tekisei_code,class_code,43,16971,72.89,9.74,69.98,False
KEIBAJO_SURFACE_06_芝,joken_class_code+class_code+ichi_shisu_juni,joken_class_code,class_code,ichi_shisu_juni,58,12780,72.83,11.1,69.98,False
KEIBAJO_SURFACE_06_芝,joken_class_code+uma_deokure_bin+agari_shisu_juni,joken_class_code,uma_deokure_bin,agari_shisu_juni,53,9578,73.19,11.92,69.98,False
KEIBAJO_SURFACE_06_芝,hizume_code+kyori_tekisei+kyakushitsu,hizume_code,kyori_tekisei,kyakushitsu,59,12795,72.89,11.45,69.97,False
KEIBAJO_SURFACE_06_芝,hizume_code+uma_deokure_bin+shiba_tekisei_code,hizume_code,uma_deokure_bin,shiba_tekisei_code,54,15051,72.38,9.08,69.96,False
KEIBAJO_SURFACE_06_芝,uma_deokure_bin+class_code+kyakushitsu,uma_deokure_bin,class_code,kyakushitsu,46,13336,73.25,11.41,69.96,False
KEIBAJO_SURFACE_06_芝,hizume_code+uma_deokure_bin+ichi_shisu_juni,hizume_code,uma_deokure_bin,ichi_shisu_juni,34,4824,73.44,10.37,69.95,False
KEIBAJO_SURFACE_06_芝,joken_class_code+kyori_tekisei+kyakushitsu,joken_class_code,kyori_tekisei,kyakushitsu,56,21011,72.83,11.0,69.95,False
KEIBAJO_SURFACE_06_芝,joshodo_code+pace_shisu_juni+ls_shisu_juni,joshodo_code,pace_shisu_juni,ls_shisu_juni,87,17104,72.78,13.44,69.95,False
KEIBAJO_SURFACE_06_芝,uma_deokure_bin+ten_shisu_juni+gekiso_juni,uma_deokure_bin,ten_shisu_juni,gekiso_juni,4,430,81.62,11.91,69.95,False
KEIBAJO_SURFACE_06_芝,pace_yoso+joken_class_code+ten_shisu_juni,pace_yoso,joken_class_code,ten_shisu_juni,92,18171,72.5,12.54,69.94,False
KEIBAJO_SURFACE_06_芝,kyori_kubun+uma_start_shisu_decile+kyakushitsu,kyori_kubun,uma_start_shisu_decile,kyakushitsu,63,16954,72.56,10.6,69.94,False
KEIBAJO_SURFACE_06_芝,hizume_code+omo_tekisei_code+uma_deokure_bin,hizume_code,omo_tekisei_code,uma_deokure_bin,51,15910,72.46,9.15,69.94,False
KEIBAJO_SURFACE_06_芝,omo_tekisei_code+shiba_tekisei_code+tenkai_kigo_code,omo_tekisei_code,shiba_tekisei_code,tenkai_kigo_code,30,18593,73.16,8.99,69.94,False
KEIBAJO_SURFACE_06_芝,kyori_kubun+class_code+rotation_bin,kyori_kubun,class_code,rotation_bin,58,11200,72.25,9.01,69.93,False
KEIBAJO_SURFACE_06_芝,shiba_tekisei_code+class_code+ten_shisu_juni,shiba_tekisei_code,class_code,ten_shisu_juni,47,9870,72.99,10.67,69.93,False
KEIBAJO_SURFACE_06_芝,kyori_kubun+joshodo_code+agari_shisu_juni,kyori_kubun,joshodo_code,agari_shisu_juni,66,19665,72.85,12.13,69.92,False
KEIBAJO_SURFACE_06_芝,hizume_code+omo_tekisei_code+kyori_tekisei,hizume_code,omo_tekisei_code,kyori_tekisei,51,15633,73.15,11.78,69.92,False
KEIBAJO_SURFACE_06_芝,joshodo_code+class_code+gekiso_juni,joshodo_code,class_code,gekiso_juni,64,14062,72.73,11.46,69.92,False
KEIBAJO_SURFACE_06_芝,hizume_code+kyori_kubun+uma_start_shisu_decile,hizume_code,kyori_kubun,uma_start_shisu_decile,50,9039,73.7,13.65,69.91,False
KEIBAJO_SURFACE_06_芝,uma_deokure_bin+shiba_tekisei_code+kyakushitsu,uma_deokure_bin,shiba_tekisei_code,kyakushitsu,38,18371,73.19,10.31,69.91,False
KEIBAJO_SURFACE_06_芝,ichi_shisu_juni+pace_shisu_juni+tenkai_kigo_code,ichi_shisu_juni,pace_shisu_juni,tenkai_kigo_code,41,6486,74.15,13.87,69.91,False
KEIBAJO_SURFACE_06_芝,omo_tekisei_code+ten_shisu_juni+kyakushitsu,omo_tekisei_code,ten_shisu_juni,kyakushitsu,82,16119,72.38,11.43,69.91,False
KEIBAJO_SURFACE_06_芝,uma_deokure_bin+gekiso_juni+kyakushitsu,uma_deokure_bin,gekiso_juni,kyakushitsu,65,12505,72.8,11.9,69.91,False
KEIBAJO_SURFACE_06_芝,omo_tekisei_code+uma_deokure_bin+kyakushitsu,omo_tekisei_code,uma_deokure_bin,kyakushitsu,38,18583,73.16,10.26,69.9,False
KEIBAJO_SURFACE_06_芝,bataiju_zogen+kyakushitsu+kyuyo_riyu_bunrui_code,bataiju_zogen,kyakushitsu,kyuyo_riyu_bunrui_code,15,2166,74.55,9.18,69.9,False
KEIBAJO_SURFACE_06_芝,hizume_code+uma_deokure_bin+kyori_tekisei,hizume_code,uma_deokure_bin,kyori_tekisei,65,13663,72.57,10.98,69.9,False
KEIBAJO_SURFACE_06_芝,hizume_code+shiba_tekisei_code+class_code,hizume_code,shiba_tekisei_code,class_code,45,11933,72.91,10.33,69.89,False
KEIBAJO_SURFACE_06_芝,pace_yoso+uma_start_shisu_decile+kyakushitsu,pace_yoso,uma_start_shisu_decile,kyakushitsu,48,17780,73.02,11.07,69.89,False
KEIBAJO_SURFACE_06_芝,kyori_kubun+shiba_tekisei_code+bataiju,kyori_kubun,shiba_tekisei_code,bataiju,19,2161,75.69,12.92,69.88,False
KEIBAJO_SURFACE_06_芝,omo_tekisei_code+shiba_tekisei_code+kyakushitsu,omo_tekisei_code,shiba_tekisei_code,kyakushitsu,30,19073,73.02,8.78,69.88,False
KEIBAJO_SURFACE_06_芝,omo_tekisei_code+class_code+tenkai_kigo_code,omo_tekisei_code,class_code,tenkai_kigo_code,42,14402,73.13,10.8,69.87,False
KEIBAJO_SURFACE_06_芝,omo_tekisei_code+ls_shisu_juni+agari_shisu_juni,omo_tekisei_code,ls_shisu_juni,agari_shisu_juni,66,9159,73.12,13.5,69.87,False
KEIBAJO_SURFACE_06_芝,kyori_kubun+rotation_bin+ls_shisu_juni,kyori_kubun,rotation_bin,ls_shisu_juni,74,13116,72.7,12.42,69.87,False
KEIBAJO_SURFACE_06_芝,hizume_code+kyakushitsu+pace_shisu_juni,hizume_code,kyakushitsu,pace_shisu_juni,28,3617,74.67,12.98,69.86,False
KEIBAJO_SURFACE_06_芝,bataiju_zogen+ten_shisu_juni+tenkai_kigo_code,bataiju_zogen,ten_shisu_juni,tenkai_kigo_code,37,4659,74.45,14.25,69.86,False
KEIBAJO_SURFACE_06_芝,omo_tekisei_code+joshodo_code+kyakushitsu,omo_tekisei_code,joshodo_code,kyakushitsu,13,19441,73.32,6.35,69.86,False
KEIBAJO_SURFACE_06_芝,uma_deokure_bin+joshodo_code+agari_shisu_juni,uma_deokure_bin,joshodo_code,agari_shisu_juni,49,17058,72.86,10.73,69.85,False
KEIBAJO_SURFACE_06_芝,shiba_tekisei_code+rotation_bin+ls_shisu_juni,shiba_tekisei_code,rotation_bin,ls_shisu_juni,64,14635,72.52,10.95,69.84,False
KEIBAJO_SURFACE_06_芝,joken_class_code+uma_deokure_bin+class_code,joken_class_code,uma_deokure_bin,class_code,42,17356,73.04,10.59,69.84,False
KEIBAJO_SURFACE_06_芝,pace_yoso+uma_start_shisu_decile+tenkai_kigo_code,pace_yoso,uma_start_shisu_decile,tenkai_kigo_code,48,16770,72.86,10.68,69.84,False
KEIBAJO_SURFACE_06_芝,uma_deokure_bin+joshodo_code+class_code,uma_deokure_bin,joshodo_code,class_code,38,17605,73.0,9.97,69.83,False
KEIBAJO_SURFACE_06_芝,shiba_tekisei_code+ten_shisu_juni+ls_shisu_juni,shiba_tekisei_code,ten_shisu_juni,ls_shisu_juni,47,6758,73.76,13.77,69.83,False
KEIBAJO_SURFACE_06_芝,kyori_kubun+kyori_tekisei+tenkai_kigo_code,kyori_kubun,kyori_tekisei,tenkai_kigo_code,44,20805,73.41,12.14,69.83,False
KEIBAJO_SURFACE_06_芝,pace_yoso+gekiso_juni+kyakushitsu,pace_yoso,gekiso_juni,kyakushitsu,95,17682,72.32,12.39,69.83,False
KEIBAJO_SURFACE_06_芝,pace_yoso+class_code+kyakushitsu,pace_yoso,class_code,kyakushitsu,48,15572,72.72,10.27,69.82,False
KEIBAJO_SURFACE_06_芝,shiba_tekisei_code+joshodo_code+ten_shisu_juni,shiba_tekisei_code,joshodo_code,ten_shisu_juni,48,18845,72.32,8.84,69.82,False
KEIBAJO_SURFACE_06_芝,shiba_tekisei_code+kyakushitsu+rotation_bin,shiba_tekisei_code,kyakushitsu,rotation_bin,55,17754,72.66,10.76,69.81,False
KEIBAJO_SURFACE_06_芝,kyori_kubun+joken_class_code+bataiju,kyori_kubun,joken_class_code,bataiju,10,1080,79.03,14.88,69.81,False
KEIBAJO_SURFACE_06_芝,joken_class_code+uma_start_shisu_decile+agari_shisu_juni,joken_class_code,uma_start_shisu_decile,agari_shisu_juni,26,3672,74.65,12.63,69.8,False
KEIBAJO_SURFACE_06_芝,joken_class_code+joshodo_code+agari_shisu_juni,joken_class_code,joshodo_code,agari_shisu_juni,85,21129,72.36,12.07,69.8,False
KEIBAJO_SURFACE_06_芝,pace_yoso+kyori_tekisei+tenkai_kigo_code,pace_yoso,kyori_tekisei,tenkai_kigo_code,40,20946,73.2,10.96,69.8,False
KEIBAJO_SURFACE_06_芝,hizume_code+bataiju_zogen+tenkai_kigo_code,hizume_code,bataiju_zogen,tenkai_kigo_code,34,6623,72.75,8.78,69.8,False
KEIBAJO_SURFACE_06_芝,uma_deokure_bin+class_code+uma_start_shisu_decile,uma_deokure_bin,class_code,uma_start_shisu_decile,41,10755,73.06,10.72,69.78,False
KEIBAJO_SURFACE_06_芝,pace_yoso+omo_tekisei_code+tenkai_kigo_code,pace_yoso,omo_tekisei_code,tenkai_kigo_code,30,19075,73.82,11.3,69.78,False
KEIBAJO_SURFACE_06_芝,hizume_code+kyori_kubun+uma_deokure_bin,hizume_code,kyori_kubun,uma_deokure_bin,56,13249,72.8,11.54,69.78,False
KEIBAJO_SURFACE_06_芝,kyori_tekisei+joshodo_code+uma_start_shisu_decile,kyori_tekisei,joshodo_code,uma_start_shisu_decile,31,18561,72.89,8.85,69.77,False
KEIBAJO_SURFACE_06_芝,kyori_kubun+kyori_tekisei+kyori_tekisei_2,kyori_kubun,kyori_tekisei,kyori_tekisei_2,8,4341,75.3,7.99,69.77,False
KEIBAJO_SURFACE_06_芝,pace_yoso+kyakushitsu+tenkai_kigo_code,pace_yoso,kyakushitsu,tenkai_kigo_code,36,22007,73.71,12.08,69.77,False
KEIBAJO_SURFACE_06_芝,kyori_kubun+uma_deokure_bin+class_code,kyori_kubun,uma_deokure_bin,class_code,50,13328,72.27,9.01,69.77,False
KEIBAJO_SURFACE_06_芝,kyori_kubun+omo_tekisei_code+kyori_tekisei_2,kyori_kubun,omo_tekisei_code,kyori_tekisei_2,12,3763,75.69,10.48,69.76,False
KEIBAJO_SURFACE_06_芝,kyori_kubun+ten_shisu_juni+pace_shisu_juni,kyori_kubun,ten_shisu_juni,pace_shisu_juni,26,4153,74.33,11.88,69.76,False
KEIBAJO_SURFACE_06_芝,omo_tekisei_code+joshodo_code+gekiso_juni,omo_tekisei_code,joshodo_code,gekiso_juni,39,18734,72.33,8.19,69.76,False
KEIBAJO_SURFACE_06_芝,kyori_tekisei+class_code+gekiso_juni,kyori_tekisei,class_code,gekiso_juni,43,6611,73.6,12.87,69.75,False
KEIBAJO_SURFACE_06_芝,uma_deokure_bin+bataiju_zogen+agari_shisu_juni,uma_deokure_bin,bataiju_zogen,agari_shisu_juni,12,1363,75.59,10.32,69.75,False
KEIBAJO_SURFACE_06_芝,hizume_code+shiba_tekisei_code+pace_shisu_juni,hizume_code,shiba_tekisei_code,pace_shisu_juni,35,5624,74.09,13.08,69.75,False
KEIBAJO_SURFACE_06_芝,pace_yoso+bataiju+kyakushitsu,pace_yoso,bataiju,kyakushitsu,15,1720,76.42,13.18,69.75,False
KEIBAJO_SURFACE_06_芝,joken_class_code+class_code+uma_start_shisu_decile,joken_class_code,class_code,uma_start_shisu_decile,42,14898,73.02,10.84,69.74,False
KEIBAJO_SURFACE_06_芝,pace_yoso+gekiso_juni+ls_shisu_juni,pace_yoso,gekiso_juni,ls_shisu_juni,79,11808,72.15,10.91,69.74,False
KEIBAJO_SURFACE_06_芝,kyori_kubun+omo_tekisei_code+kyori_tekisei,kyori_kubun,omo_tekisei_code,kyori_tekisei,30,18481,72.16,6.76,69.74,False
KEIBAJO_SURFACE_06_芝,kyori_kubun+ten_shisu_juni+kyuyo_riyu_bunrui_code,kyori_kubun,ten_shisu_juni,kyuyo_riyu_bunrui_code,14,1684,75.05,10.14,69.74,False
KEIBAJO_SURFACE_06_芝,joshodo_code+class_code+tenkai_kigo_code,joshodo_code,class_code,tenkai_kigo_code,39,17455,73.36,11.58,69.72,False
KEIBAJO_SURFACE_06_芝,kyori_tekisei+joshodo_code+tenkai_kigo_code,kyori_tekisei,joshodo_code,tenkai_kigo_code,24,21487,74.15,11.07,69.72,False
KEIBAJO_SURFACE_06_芝,kyori_kubun+uma_start_shisu_decile+ls_shisu_juni,kyori_kubun,uma_start_shisu_decile,ls_shisu_juni,50,9644,73.08,12.12,69.72,False
KEIBAJO_SURFACE_06_芝,pace_yoso+hizume_code+gekiso_juni,pace_yoso,hizume_code,gekiso_juni,46,6962,72.53,9.74,69.72,False
KEIBAJO_SURFACE_06_芝,pace_yoso+class_code+uma_start_shisu_decile,pace_yoso,class_code,uma_start_shisu_decile,58,13527,72.58,11.1,69.72,False
KEIBAJO_SURFACE_06_芝,shiba_tekisei_code+bataiju+tenkai_kigo_code,shiba_tekisei_code,bataiju,tenkai_kigo_code,30,4423,73.76,11.31,69.71,False
KEIBAJO_SURFACE_06_芝,pace_yoso+omo_tekisei_code+ls_shisu_juni,pace_yoso,omo_tekisei_code,ls_shisu_juni,44,18306,72.78,10.36,69.71,False
KEIBAJO_SURFACE_06_芝,joken_class_code+uma_deokure_bin+shiba_tekisei_code,joken_class_code,uma_deokure_bin,shiba_tekisei_code,33,18115,72.87,9.28,69.71,False
KEIBAJO_SURFACE_06_芝,uma_deokure_bin+class_code+ten_shisu_juni,uma_deokure_bin,class_code,ten_shisu_juni,51,6477,73.13,12.43,69.71,False
KEIBAJO_SURFACE_06_芝,shiba_tekisei_code+kyori_tekisei+agari_shisu_juni,shiba_tekisei_code,kyori_tekisei,agari_shisu_juni,59,14353,72.36,10.4,69.7,False
KEIBAJO_SURFACE_06_芝,joken_class_code+class_code+tenkai_kigo_code,joken_class_code,class_code,tenkai_kigo_code,37,16728,73.05,10.38,69.7,False
KEIBAJO_SURFACE_06_芝,pace_yoso+ls_shisu_juni+agari_shisu_juni,pace_yoso,ls_shisu_juni,agari_shisu_juni,80,11686,72.91,14.66,69.69,False
KEIBAJO_SURFACE_06_芝,kyori_kubun+joken_class_code+agari_shisu_juni,kyori_kubun,joken_class_code,agari_shisu_juni,56,10480,72.75,11.74,69.68,False
KEIBAJO_SURFACE_06_芝,omo_tekisei_code+kyuyo_riyu_bunrui_code+rotation_bin,omo_tekisei_code,kyuyo_riyu_bunrui_code,rotation_bin,6,4387,75.61,7.42,69.68,False
KEIBAJO_SURFACE_06_芝,joken_class_code+bataiju_zogen+kyori_tekisei_2,joken_class_code,bataiju_zogen,kyori_tekisei_2,4,421,82.36,12.95,69.67,False
KEIBAJO_SURFACE_06_芝,pace_yoso+shiba_tekisei_code+ls_shisu_juni,pace_yoso,shiba_tekisei_code,ls_shisu_juni,45,17985,72.92,11.12,69.67,False
KEIBAJO_SURFACE_06_芝,ichi_shisu_juni+rotation_bin+tenkai_kigo_code,ichi_shisu_juni,rotation_bin,tenkai_kigo_code,51,8851,73.51,13.98,69.67,False
KEIBAJO_SURFACE_06_芝,uma_deokure_bin+kyori_tekisei_2+kyakushitsu,uma_deokure_bin,kyori_tekisei_2,kyakushitsu,16,2780,76.84,14.63,69.67,False
KEIBAJO_SURFACE_06_芝,uma_deokure_bin+bataiju+uma_start_shisu_decile,uma_deokure_bin,bataiju,uma_start_shisu_decile,17,1828,75.29,11.85,69.66,False
KEIBAJO_SURFACE_06_芝,uma_start_shisu_decile+gekiso_juni+tenkai_kigo_code,uma_start_shisu_decile,gekiso_juni,tenkai_kigo_code,32,5760,73.73,11.74,69.66,False
KEIBAJO_SURFACE_06_芝,joshodo_code+class_code+rotation_bin,joshodo_code,class_code,rotation_bin,44,16386,72.97,11.25,69.65,False
KEIBAJO_SURFACE_06_芝,pace_yoso+class_code+gekiso_juni,pace_yoso,class_code,gekiso_juni,60,9120,72.7,12.07,69.64,False
KEIBAJO_SURFACE_06_芝,kyori_tekisei+class_code+ichi_shisu_juni,kyori_tekisei,class_code,ichi_shisu_juni,40,6079,72.6,9.55,69.64,False
KEIBAJO_SURFACE_06_芝,shiba_tekisei_code+kyori_tekisei+tenkai_kigo_code,shiba_tekisei_code,kyori_tekisei,tenkai_kigo_code,34,18034,73.52,11.58,69.63,False
KEIBAJO_SURFACE_06_芝,kyori_kubun+joshodo_code+ls_shisu_juni,kyori_kubun,joshodo_code,ls_shisu_juni,42,21115,72.67,10.05,69.63,False
KEIBAJO_SURFACE_06_芝,omo_tekisei_code+joshodo_code+class_code,omo_tekisei_code,joshodo_code,class_code,32,18482,72.63,8.68,69.62,False
KEIBAJO_SURFACE_06_芝,joshodo_code+uma_start_shisu_decile+tenkai_kigo_code,joshodo_code,uma_start_shisu_decile,tenkai_kigo_code,32,18822,72.99,9.75,69.62,False
KEIBAJO_SURFACE_06_芝,kyori_kubun+joken_class_code+gekiso_juni,kyori_kubun,joken_class_code,gekiso_juni,57,10646,72.5,11.16,69.61,False
KEIBAJO_SURFACE_06_芝,kyori_kubun+shiba_tekisei_code+tenkai_kigo_code,kyori_kubun,shiba_tekisei_code,tenkai_kigo_code,38,17797,73.14,11.15,69.6,False
KEIBAJO_SURFACE_06_芝,pace_yoso+hizume_code+ls_shisu_juni,pace_yoso,hizume_code,ls_shisu_juni,55,11530,72.06,9.32,69.6,False
KEIBAJO_SURFACE_06_芝,uma_deokure_bin+kyakushitsu+agari_shisu_juni,uma_deokure_bin,kyakushitsu,agari_shisu_juni,52,11196,72.26,9.82,69.59,False
KEIBAJO_SURFACE_06_芝,pace_yoso+gekiso_juni+tenkai_kigo_code,pace_yoso,gekiso_juni,tenkai_kigo_code,75,16249,72.02,10.75,69.59,False
KEIBAJO_SURFACE_06_芝,shiba_tekisei_code+kyori_tekisei_2+tenkai_kigo_code,shiba_tekisei_code,kyori_tekisei_2,tenkai_kigo_code,11,3394,75.1,9.32,69.59,False
KEIBAJO_SURFACE_06_芝,hizume_code+uma_start_shisu_decile+kyakushitsu,hizume_code,uma_start_shisu_decile,kyakushitsu,54,10808,73.08,13.11,69.58,False
KEIBAJO_SURFACE_06_芝,manken_shirushi+pace_yoso+hizume_code,manken_shirushi,pace_yoso,hizume_code,34,5186,73.47,11.56,69.58,False
KEIBAJO_SURFACE_06_芝,gekiso_juni+rotation_bin+tenkai_kigo_code,gekiso_juni,rotation_bin,tenkai_kigo_code,49,8339,73.04,12.41,69.57,False
KEIBAJO_SURFACE_06_芝,pace_yoso+hizume_code+class_code,pace_yoso,hizume_code,class_code,52,11346,72.47,10.68,69.57,False
KEIBAJO_SURFACE_06_芝,omo_tekisei_code+uma_deokure_bin+ls_shisu_juni,omo_tekisei_code,uma_deokure_bin,ls_shisu_juni,45,16254,72.6,10.38,69.56,False
KEIBAJO_SURFACE_06_芝,omo_tekisei_code+kyori_tekisei+tenkai_kigo_code,omo_tekisei_code,kyori_tekisei,tenkai_kigo_code,39,18171,72.98,10.93,69.55,False
KEIBAJO_SURFACE_06_芝,hizume_code+joshodo_code+class_code,hizume_code,joshodo_code,class_code,45,14096,72.34,9.56,69.55,False
KEIBAJO_SURFACE_06_芝,hizume_code+uma_start_shisu_decile+ten_shisu_juni,hizume_code,uma_start_shisu_decile,ten_shisu_juni,12,1390,77.6,14.23,69.55,False
KEIBAJO_SURFACE_06_芝,hizume_code+kyori_kubun+bataiju_zogen,hizume_code,kyori_kubun,bataiju_zogen,32,5007,72.89,9.65,69.55,False
KEIBAJO_SURFACE_06_芝,kyori_kubun+joken_class_code+ls_shisu_juni,kyori_kubun,joken_class_code,ls_shisu_juni,72,17358,72.1,11.05,69.54,False
KEIBAJO_SURFACE_06_芝,omo_tekisei_code+shiba_tekisei_code+class_code,omo_tekisei_code,shiba_tekisei_code,class_code,39,17153,72.29,8.74,69.54,False
KEIBAJO_SURFACE_06_芝,omo_tekisei_code+kyakushitsu+pace_shisu_juni,omo_tekisei_code,kyakushitsu,pace_shisu_juni,79,15571,72.5,13.45,69.54,False
KEIBAJO_SURFACE_06_芝,shiba_tekisei_code+kyori_tekisei+uma_start_shisu_decile,shiba_tekisei_code,kyori_tekisei,uma_start_shisu_decile,46,17155,72.66,10.8,69.54,False
KEIBAJO_SURFACE_06_芝,joshodo_code+kyori_tekisei_2+tenkai_kigo_code,joshodo_code,kyori_tekisei_2,tenkai_kigo_code,11,4066,75.14,9.48,69.54,False
KEIBAJO_SURFACE_06_芝,joshodo_code+kyakushitsu+ls_shisu_juni,joshodo_code,kyakushitsu,ls_shisu_juni,38,21727,72.79,10.22,69.54,False
KEIBAJO_SURFACE_06_芝,hizume_code+joshodo_code+ls_shisu_juni,hizume_code,joshodo_code,ls_shisu_juni,54,16514,72.39,10.74,69.53,False
KEIBAJO_SURFACE_06_芝,pace_yoso+kyakushitsu+pace_shisu_juni,pace_yoso,kyakushitsu,pace_shisu_juni,84,17290,72.33,13.11,69.53,False
KEIBAJO_SURFACE_06_芝,manken_shirushi+kyuyo_riyu_bunrui_code+rotation_bin,manken_shirushi,kyuyo_riyu_bunrui_code,rotation_bin,8,2461,73.67,5.98,69.52,False
KEIBAJO_SURFACE_06_芝,joken_class_code+joshodo_code+kyori_tekisei_2,joken_class_code,joshodo_code,kyori_tekisei_2,12,4254,73.88,7.7,69.52,False
KEIBAJO_SURFACE_06_芝,kyori_tekisei+kyakushitsu+rotation_bin,kyori_tekisei,kyakushitsu,rotation_bin,67,16445,72.24,11.39,69.52,False
KEIBAJO_SURFACE_06_芝,kyori_kubun+joshodo_code+gekiso_juni,kyori_kubun,joshodo_code,gekiso_juni,59,18965,72.37,11.15,69.52,False
KEIBAJO_SURFACE_06_芝,pace_yoso+kyori_tekisei+ten_shisu_juni,pace_yoso,kyori_tekisei,ten_shisu_juni,81,17361,72.02,11.47,69.52,False
KEIBAJO_SURFACE_06_芝,uma_deokure_bin+class_code+rotation_bin,uma_deokure_bin,class_code,rotation_bin,48,11037,72.47,10.49,69.5,False
KEIBAJO_SURFACE_06_芝,kyori_tekisei_2+kyakushitsu+rotation_bin,kyori_tekisei_2,kyakushitsu,rotation_bin,13,1954,75.88,11.73,69.5,False
KEIBAJO_SURFACE_06_芝,pace_yoso+class_code+pace_shisu_juni,pace_yoso,class_code,pace_shisu_juni,61,8897,72.5,11.95,69.5,False
KEIBAJO_SURFACE_06_芝,pace_yoso+class_code+bataiju_zogen,pace_yoso,class_code,bataiju_zogen,53,9977,72.43,10.97,69.48,False
KEIBAJO_SURFACE_06_芝,pace_yoso+shiba_tekisei_code+gekiso_juni,pace_yoso,shiba_tekisei_code,gekiso_juni,60,15950,71.89,9.53,69.48,False
KEIBAJO_SURFACE_06_芝,class_code+uma_start_shisu_decile+rotation_bin,class_code,uma_start_shisu_decile,rotation_bin,35,6203,73.32,11.57,69.48,False
KEIBAJO_SURFACE_06_芝,joken_class_code+uma_deokure_bin+gekiso_juni,joken_class_code,uma_deokure_bin,gekiso_juni,59,10047,72.36,11.29,69.48,False
KEIBAJO_SURFACE_06_芝,hizume_code+uma_deokure_bin+ls_shisu_juni,hizume_code,uma_deokure_bin,ls_shisu_juni,52,9467,72.57,11.44,69.47,False
KEIBAJO_SURFACE_06_芝,joshodo_code+gekiso_juni+ls_shisu_juni,joshodo_code,gekiso_juni,ls_shisu_juni,74,16422,72.21,12.09,69.46,False
KEIBAJO_SURFACE_06_芝,kyakushitsu+rotation_bin+tenkai_kigo_code,kyakushitsu,rotation_bin,tenkai_kigo_code,49,17939,72.75,11.79,69.45,False
KEIBAJO_SURFACE_06_芝,omo_tekisei_code+bataiju_zogen+kyuyo_riyu_bunrui_code,omo_tekisei_code,bataiju_zogen,kyuyo_riyu_bunrui_code,18,3240,73.11,7.91,69.45,False
KEIBAJO_SURFACE_06_芝,manken_shirushi+gekiso_juni+kyakushitsu,manken_shirushi,gekiso_juni,kyakushitsu,12,1600,76.95,13.26,69.45,False
KEIBAJO_SURFACE_06_芝,kyori_kubun+kyakushitsu+tenkai_kigo_code,kyori_kubun,kyakushitsu,tenkai_kigo_code,47,21524,72.92,12.13,69.45,False
KEIBAJO_SURFACE_06_芝,class_code+kyakushitsu+agari_shisu_juni,class_code,kyakushitsu,agari_shisu_juni,38,4691,73.06,11.39,69.44,False
KEIBAJO_SURFACE_06_芝,hizume_code+kyori_kubun+kyori_tekisei,hizume_code,kyori_kubun,kyori_tekisei,55,14563,72.4,11.28,69.42,False
KEIBAJO_SURFACE_06_芝,omo_tekisei_code+joshodo_code+pace_shisu_juni,omo_tekisei_code,joshodo_code,pace_shisu_juni,35,18310,73.06,11.04,69.41,False
KEIBAJO_SURFACE_06_芝,pace_yoso+joshodo_code+tenkai_kigo_code,pace_yoso,joshodo_code,tenkai_kigo_code,19,22084,74.38,11.06,69.41,False
KEIBAJO_SURFACE_06_芝,hizume_code+shiba_tekisei_code+agari_shisu_juni,hizume_code,shiba_tekisei_code,agari_shisu_juni,35,5742,73.23,11.54,69.41,False
KEIBAJO_SURFACE_06_芝,manken_shirushi+hizume_code+uma_deokure_bin,manken_shirushi,hizume_code,uma_deokure_bin,22,3337,73.75,10.41,69.4,False
KEIBAJO_SURFACE_06_芝,joken_class_code+class_code+pace_shisu_juni,joken_class_code,class_code,pace_shisu_juni,55,12472,72.28,10.91,69.4,False
KEIBAJO_SURFACE_06_芝,joken_class_code+class_code+gekiso_juni,joken_class_code,class_code,gekiso_juni,57,13089,72.26,11.04,69.39,False
KEIBAJO_SURFACE_06_芝,shiba_tekisei_code+kyuyo_riyu_bunrui_code+pace_shisu_juni,shiba_tekisei_code,kyuyo_riyu_bunrui_code,pace_shisu_juni,14,2374,73.14,7.16,69.39,False
KEIBAJO_SURFACE_06_芝,kyori_kubun+joshodo_code+kyakushitsu,kyori_kubun,joshodo_code,kyakushitsu,19,22018,72.82,7.66,69.37,False
KEIBAJO_SURFACE_06_芝,manken_shirushi+omo_tekisei_code+kyuyo_riyu_bunrui_code,manken_shirushi,omo_tekisei_code,kyuyo_riyu_bunrui_code,16,2738,72.88,7.16,69.37,False
KEIBAJO_SURFACE_06_芝,pace_yoso+uma_start_shisu_decile+kyori_tekisei_2,pace_yoso,uma_start_shisu_decile,kyori_tekisei_2,17,3264,74.6,11.02,69.36,False
KEIBAJO_SURFACE_06_芝,kyori_kubun+joken_class_code+kyakushitsu,kyori_kubun,joken_class_code,kyakushitsu,69,21732,71.97,11.11,69.35,False
KEIBAJO_SURFACE_06_芝,shiba_tekisei_code+joshodo_code+ls_shisu_juni,shiba_tekisei_code,joshodo_code,ls_shisu_juni,24,18825,73.2,9.62,69.35,False
KEIBAJO_SURFACE_06_芝,kyori_kubun+kyori_tekisei+kyakushitsu,kyori_kubun,kyori_tekisei,kyakushitsu,44,21153,72.63,11.11,69.35,False
KEIBAJO_SURFACE_06_芝,bataiju_zogen+ichi_shisu_juni+kyakushitsu,bataiju_zogen,ichi_shisu_juni,kyakushitsu,22,2632,74.02,11.18,69.35,False
KEIBAJO_SURFACE_06_芝,shiba_tekisei_code+joshodo_code+kyakushitsu,shiba_tekisei_code,joshodo_code,kyakushitsu,12,18998,73.23,6.88,69.34,False
KEIBAJO_SURFACE_06_芝,shiba_tekisei_code+joshodo_code+agari_shisu_juni,shiba_tekisei_code,joshodo_code,agari_shisu_juni,47,18845,72.07,9.58,69.34,False
KEIBAJO_SURFACE_06_芝,omo_tekisei_code+bataiju_zogen+ls_shisu_juni,omo_tekisei_code,bataiju_zogen,ls_shisu_juni,68,11373,72.18,12.0,69.33,False
KEIBAJO_SURFACE_06_芝,pace_yoso+class_code+ten_shisu_juni,pace_yoso,class_code,ten_shisu_juni,63,8891,72.86,14.33,69.32,False
KEIBAJO_SURFACE_06_芝,manken_shirushi+kyakushitsu+kyuyo_riyu_bunrui_code,manken_shirushi,kyakushitsu,kyuyo_riyu_bunrui_code,14,1854,74.47,9.84,69.32,False
KEIBAJO_SURFACE_06_芝,shiba_tekisei_code+kyakushitsu+tenkai_kigo_code,shiba_tekisei_code,kyakushitsu,tenkai_kigo_code,35,18938,73.16,11.59,69.32,False
KEIBAJO_SURFACE_06_芝,kyori_tekisei+uma_start_shisu_decile+agari_shisu_juni,kyori_tekisei,uma_start_shisu_decile,agari_shisu_juni,32,4443,74.37,14.59,69.32,False
KEIBAJO_SURFACE_06_芝,kyori_tekisei+uma_start_shisu_decile+gekiso_juni,kyori_tekisei,uma_start_shisu_decile,gekiso_juni,27,4263,72.75,9.09,69.32,False
KEIBAJO_SURFACE_06_芝,omo_tekisei_code+uma_start_shisu_decile+ls_shisu_juni,omo_tekisei_code,uma_start_shisu_decile,ls_shisu_juni,69,14418,72.56,13.78,69.31,False
KEIBAJO_SURFACE_06_芝,uma_deokure_bin+uma_start_shisu_decile+agari_shisu_juni,uma_deokure_bin,uma_start_shisu_decile,agari_shisu_juni,44,8307,72.88,12.11,69.31,False
KEIBAJO_SURFACE_06_芝,uma_deokure_bin+ls_shisu_juni+tenkai_kigo_code,uma_deokure_bin,ls_shisu_juni,tenkai_kigo_code,57,15399,72.74,13.22,69.31,False
KEIBAJO_SURFACE_06_芝,shiba_tekisei_code+kyori_tekisei_2+rotation_bin,shiba_tekisei_code,kyori_tekisei_2,rotation_bin,17,3198,73.92,9.71,69.31,False
KEIBAJO_SURFACE_06_芝,joshodo_code+class_code+kyori_tekisei_2,joshodo_code,class_code,kyori_tekisei_2,13,3203,74.37,9.33,69.3,False
KEIBAJO_SURFACE_06_芝,pace_yoso+hizume_code+ten_shisu_juni,pace_yoso,hizume_code,ten_shisu_juni,44,6374,72.71,11.54,69.3,False
KEIBAJO_SURFACE_06_芝,uma_start_shisu_decile+gekiso_juni+kyakushitsu,uma_start_shisu_decile,gekiso_juni,kyakushitsu,31,5447,73.49,11.91,69.3,False
KEIBAJO_SURFACE_06_芝,class_code+rotation_bin+tenkai_kigo_code,class_code,rotation_bin,tenkai_kigo_code,45,10977,72.44,10.76,69.3,False
KEIBAJO_SURFACE_06_芝,joshodo_code+class_code+kyakushitsu,joshodo_code,class_code,kyakushitsu,40,17890,72.82,11.34,69.3,False
KEIBAJO_SURFACE_06_芝,kyori_kubun+joshodo_code+class_code,kyori_kubun,joshodo_code,class_code,36,17563,71.87,7.91,69.29,False
KEIBAJO_SURFACE_06_芝,joshodo_code+gekiso_juni+kyakushitsu,joshodo_code,gekiso_juni,kyakushitsu,68,21143,72.0,11.42,69.28,False
KEIBAJO_SURFACE_06_芝,ichi_shisu_juni+kyakushitsu+kyuyo_riyu_bunrui_code,ichi_shisu_juni,kyakushitsu,kyuyo_riyu_bunrui_code,17,2654,74.73,11.47,69.28,False
KEIBAJO_SURFACE_06_芝,joken_class_code+kyori_tekisei+bataiju,joken_class_code,kyori_tekisei,bataiju,31,4366,73.28,11.39,69.27,False
KEIBAJO_SURFACE_06_芝,omo_tekisei_code+kyakushitsu+ls_shisu_juni,omo_tekisei_code,kyakushitsu,ls_shisu_juni,56,17671,72.31,11.63,69.27,False
KEIBAJO_SURFACE_06_芝,joken_class_code+omo_tekisei_code+kyori_tekisei_2,joken_class_code,omo_tekisei_code,kyori_tekisei_2,15,3387,75.14,11.59,69.27,False
KEIBAJO_SURFACE_06_芝,shiba_tekisei_code+class_code+gekiso_juni,shiba_tekisei_code,class_code,gekiso_juni,45,10429,72.56,11.29,69.26,False
KEIBAJO_SURFACE_06_芝,manken_shirushi+kyakushitsu+tenkai_kigo_code,manken_shirushi,kyakushitsu,tenkai_kigo_code,60,11459,72.53,12.94,69.26,False
KEIBAJO_SURFACE_06_芝,hizume_code+class_code+rotation_bin,hizume_code,class_code,rotation_bin,35,5290,73.1,11.59,69.26,False
KEIBAJO_SURFACE_06_芝,kyori_tekisei+bataiju_zogen+gekiso_juni,kyori_tekisei,bataiju_zogen,gekiso_juni,4,469,80.87,11.87,69.24,False
KEIBAJO_SURFACE_06_芝,omo_tekisei_code+kyakushitsu+agari_shisu_juni,omo_tekisei_code,kyakushitsu,agari_shisu_juni,72,14976,72.44,13.92,69.23,False
KEIBAJO_SURFACE_06_芝,manken_shirushi+pace_yoso+ls_shisu_juni,manken_shirushi,pace_yoso,ls_shisu_juni,49,7614,72.67,12.31,69.22,False
KEIBAJO_SURFACE_06_芝,omo_tekisei_code+shiba_tekisei_code+ls_shisu_juni,omo_tekisei_code,shiba_tekisei_code,ls_shisu_juni,42,17580,72.27,10.09,69.22,False
KEIBAJO_SURFACE_06_芝,kyori_tekisei+rotation_bin+ls_shisu_juni,kyori_tekisei,rotation_bin,ls_shisu_juni,69,12059,71.86,11.21,69.22,False
KEIBAJO_SURFACE_06_芝,shiba_tekisei_code+class_code+pace_shisu_juni,shiba_tekisei_code,class_code,pace_shisu_juni,46,9921,72.52,11.44,69.21,False
KEIBAJO_SURFACE_06_芝,ten_shisu_juni+pace_shisu_juni+tenkai_kigo_code,ten_shisu_juni,pace_shisu_juni,tenkai_kigo_code,34,5539,74.41,15.46,69.21,False
KEIBAJO_SURFACE_06_芝,kyori_tekisei+uma_start_shisu_decile+kyakushitsu,kyori_tekisei,uma_start_shisu_decile,kyakushitsu,62,16281,72.12,11.68,69.21,False
KEIBAJO_SURFACE_06_芝,joken_class_code+joshodo_code+pace_shisu_juni,joken_class_code,joshodo_code,pace_shisu_juni,82,21277,71.87,12.32,69.2,False
KEIBAJO_SURFACE_06_芝,joshodo_code+ten_shisu_juni+tenkai_kigo_code,joshodo_code,ten_shisu_juni,tenkai_kigo_code,60,19753,72.28,12.17,69.2,False
KEIBAJO_SURFACE_06_芝,joshodo_code+gekiso_juni+tenkai_kigo_code,joshodo_code,gekiso_juni,tenkai_kigo_code,61,19097,71.99,11.11,69.2,False
KEIBAJO_SURFACE_06_芝,joken_class_code+omo_tekisei_code+class_code,joken_class_code,omo_tekisei_code,class_code,34,18033,72.44,9.66,69.2,False
KEIBAJO_SURFACE_06_芝,kyori_kubun+kyori_tekisei_2+kyakushitsu,kyori_kubun,kyori_tekisei_2,kyakushitsu,16,3633,75.5,12.85,69.2,False
KEIBAJO_SURFACE_06_芝,kyori_kubun+agari_shisu_juni+tenkai_kigo_code,kyori_kubun,agari_shisu_juni,tenkai_kigo_code,67,17976,71.86,11.07,69.2,False
KEIBAJO_SURFACE_06_芝,pace_yoso+uma_start_shisu_decile+ls_shisu_juni,pace_yoso,uma_start_shisu_decile,ls_shisu_juni,67,14100,71.85,11.11,69.19,False
KEIBAJO_SURFACE_06_芝,pace_yoso+kyakushitsu+agari_shisu_juni,pace_yoso,kyakushitsu,agari_shisu_juni,86,17189,72.06,13.55,69.19,False
KEIBAJO_SURFACE_06_芝,joken_class_code+omo_tekisei_code+shiba_tekisei_code,joken_class_code,omo_tekisei_code,shiba_tekisei_code,26,18704,72.67,9.05,69.19,False
KEIBAJO_SURFACE_06_芝,class_code+uma_start_shisu_decile+ichi_shisu_juni,class_code,uma_start_shisu_decile,ichi_shisu_juni,19,2496,73.9,10.51,69.18,False
KEIBAJO_SURFACE_06_芝,joken_class_code+class_code+ls_shisu_juni,joken_class_code,class_code,ls_shisu_juni,44,14815,72.86,12.44,69.18,False
KEIBAJO_SURFACE_06_芝,hizume_code+rotation_bin+tenkai_kigo_code,hizume_code,rotation_bin,tenkai_kigo_code,53,11474,72.13,11.02,69.16,False
KEIBAJO_SURFACE_06_芝,kyori_kubun+joken_class_code+class_code,kyori_kubun,joken_class_code,class_code,37,16930,71.89,8.49,69.15,False
KEIBAJO_SURFACE_06_芝,pace_yoso+shiba_tekisei_code+kyori_tekisei_2,pace_yoso,shiba_tekisei_code,kyori_tekisei_2,10,4312,73.29,6.68,69.15,False
KEIBAJO_SURFACE_06_芝,pace_yoso+kyori_tekisei+ls_shisu_juni,pace_yoso,kyori_tekisei,ls_shisu_juni,58,20042,71.83,10.39,69.15,False
KEIBAJO_SURFACE_06_芝,kyori_kubun+shiba_tekisei_code+kyori_tekisei,kyori_kubun,shiba_tekisei_code,kyori_tekisei,25,18254,72.83,9.42,69.14,False
KEIBAJO_SURFACE_06_芝,pace_yoso+kyori_tekisei+gekiso_juni,pace_yoso,kyori_tekisei,gekiso_juni,72,17075,71.43,9.96,69.13,False
KEIBAJO_SURFACE_06_芝,class_code+kyakushitsu+tenkai_kigo_code,class_code,kyakushitsu,tenkai_kigo_code,47,14515,73.15,14.1,69.12,False
KEIBAJO_SURFACE_06_芝,uma_deokure_bin+joshodo_code+gekiso_juni,uma_deokure_bin,joshodo_code,gekiso_juni,50,17291,71.82,9.75,69.12,False
KEIBAJO_SURFACE_06_芝,kyori_kubun+kyori_tekisei+bataiju,kyori_kubun,kyori_tekisei,bataiju,15,1609,75.07,11.76,69.12,False
KEIBAJO_SURFACE_06_芝,pace_yoso+ichi_shisu_juni+pace_shisu_juni,pace_yoso,ichi_shisu_juni,pace_shisu_juni,20,4543,74.43,12.16,69.1,False
KEIBAJO_SURFACE_06_芝,hizume_code+uma_deokure_bin+kyori_tekisei_2,hizume_code,uma_deokure_bin,kyori_tekisei_2,5,771,75.89,7.75,69.1,False
KEIBAJO_SURFACE_06_芝,joken_class_code+class_code+kyakushitsu,joken_class_code,class_code,kyakushitsu,40,17127,72.47,10.95,69.08,False
KEIBAJO_SURFACE_06_芝,kyori_kubun+bataiju_zogen+pace_shisu_juni,kyori_kubun,bataiju_zogen,pace_shisu_juni,4,444,88.88,20.22,69.07,False
KEIBAJO_SURFACE_06_芝,kyori_tekisei+joshodo_code+kyakushitsu,kyori_tekisei,joshodo_code,kyakushitsu,17,21347,73.3,8.9,69.07,False
KEIBAJO_SURFACE_06_芝,joken_class_code+pace_shisu_juni+tenkai_kigo_code,joken_class_code,pace_shisu_juni,tenkai_kigo_code,65,12914,72.44,13.91,69.06,False
KEIBAJO_SURFACE_06_芝,hizume_code+kyori_tekisei+bataiju_zogen,hizume_code,kyori_tekisei,bataiju_zogen,33,4879,72.16,9.08,69.06,False
KEIBAJO_SURFACE_06_芝,joken_class_code+ten_shisu_juni+tenkai_kigo_code,joken_class_code,ten_shisu_juni,tenkai_kigo_code,69,12873,72.58,14.97,69.05,False
KEIBAJO_SURFACE_06_芝,shiba_tekisei_code+kyori_tekisei_2+ls_shisu_juni,shiba_tekisei_code,kyori_tekisei_2,ls_shisu_juni,16,2715,74.59,11.29,69.05,False
KEIBAJO_SURFACE_06_芝,pace_yoso+hizume_code+ichi_shisu_juni,pace_yoso,hizume_code,ichi_shisu_juni,50,7086,71.98,10.6,69.05,False
KEIBAJO_SURFACE_06_芝,shiba_tekisei_code+ten_shisu_juni+kyuyo_riyu_bunrui_code,shiba_tekisei_code,ten_shisu_juni,kyuyo_riyu_bunrui_code,13,2302,73.59,8.35,69.04,False
KEIBAJO_SURFACE_06_芝,pace_yoso+pace_shisu_juni+tenkai_kigo_code,pace_yoso,pace_shisu_juni,tenkai_kigo_code,65,16275,71.88,11.67,69.04,False
KEIBAJO_SURFACE_06_芝,kyori_tekisei+joshodo_code+kyori_tekisei_2,kyori_tekisei,joshodo_code,kyori_tekisei_2,3,4258,73.85,4.26,69.03,False
KEIBAJO_SURFACE_06_芝,joken_class_code+class_code+kyori_tekisei_2,joken_class_code,class_code,kyori_tekisei_2,13,3160,75.0,10.98,69.03,False
KEIBAJO_SURFACE_06_芝,uma_deokure_bin+joshodo_code+ls_shisu_juni,uma_deokure_bin,joshodo_code,ls_shisu_juni,34,18760,72.2,9.42,69.03,False
KEIBAJO_SURFACE_06_芝,kyori_tekisei+class_code+kyori_tekisei_2,kyori_tekisei,class_code,kyori_tekisei_2,13,3240,74.23,9.6,69.01,False
KEIBAJO_SURFACE_06_芝,uma_deokure_bin+kyori_tekisei+class_code,uma_deokure_bin,kyori_tekisei,class_code,50,13737,72.15,11.34,69.0,False
KEIBAJO_SURFACE_06_芝,uma_deokure_bin+class_code+agari_shisu_juni,uma_deokure_bin,class_code,agari_shisu_juni,47,6860,72.01,10.5,69.0,False
KEIBAJO_SURFACE_06_芝,joken_class_code+uma_deokure_bin+kyori_tekisei_2,joken_class_code,uma_deokure_bin,kyori_tekisei_2,15,2239,74.22,10.31,69.0,False
KEIBAJO_SURFACE_06_芝,rotation_bin+ls_shisu_juni+tenkai_kigo_code,rotation_bin,ls_shisu_juni,tenkai_kigo_code,54,12719,71.93,11.02,68.99,False
KEIBAJO_SURFACE_06_芝,pace_yoso+class_code+agari_shisu_juni,pace_yoso,class_code,agari_shisu_juni,56,8637,72.03,11.63,68.99,False
KEIBAJO_SURFACE_06_芝,kyori_tekisei+class_code+ls_shisu_juni,kyori_tekisei,class_code,ls_shisu_juni,51,10488,72.24,11.85,68.99,False
KEIBAJO_SURFACE_06_芝,kyori_kubun+kyori_tekisei+class_code,kyori_kubun,kyori_tekisei,class_code,41,14597,72.26,10.72,68.98,False
KEIBAJO_SURFACE_06_芝,shiba_tekisei_code+joshodo_code+tenkai_kigo_code,shiba_tekisei_code,joshodo_code,tenkai_kigo_code,15,18998,73.14,8.23,68.98,False
KEIBAJO_SURFACE_06_芝,kyori_tekisei+joshodo_code+gekiso_juni,kyori_tekisei,joshodo_code,gekiso_juni,71,20680,71.61,11.33,68.97,False
KEIBAJO_SURFACE_06_芝,uma_deokure_bin+joshodo_code+pace_shisu_juni,uma_deokure_bin,joshodo_code,pace_shisu_juni,50,17350,71.98,10.85,68.97,False
KEIBAJO_SURFACE_06_芝,joken_class_code+kyakushitsu+agari_shisu_juni,joken_class_code,kyakushitsu,agari_shisu_juni,80,11930,72.13,14.53,68.95,False
KEIBAJO_SURFACE_06_芝,hizume_code+ichi_shisu_juni+tenkai_kigo_code,hizume_code,ichi_shisu_juni,tenkai_kigo_code,35,5731,72.09,9.46,68.95,False
KEIBAJO_SURFACE_06_芝,uma_start_shisu_decile+bataiju_zogen+tenkai_kigo_code,uma_start_shisu_decile,bataiju_zogen,tenkai_kigo_code,45,8614,72.39,11.81,68.94,False
KEIBAJO_SURFACE_06_芝,omo_tekisei_code+kyori_tekisei_2+tenkai_kigo_code,omo_tekisei_code,kyori_tekisei_2,tenkai_kigo_code,12,3229,75.2,11.07,68.94,False
KEIBAJO_SURFACE_06_芝,omo_tekisei_code+pace_shisu_juni+tenkai_kigo_code,omo_tekisei_code,pace_shisu_juni,tenkai_kigo_code,53,13667,72.26,12.3,68.94,False
KEIBAJO_SURFACE_06_芝,kyori_tekisei+rotation_bin+tenkai_kigo_code,kyori_tekisei,rotation_bin,tenkai_kigo_code,51,15484,71.51,9.41,68.92,False
KEIBAJO_SURFACE_06_芝,joken_class_code+joshodo_code+ten_shisu_juni,joken_class_code,joshodo_code,ten_shisu_juni,83,21249,71.64,12.64,68.92,False
KEIBAJO_SURFACE_06_芝,ichi_shisu_juni+kyakushitsu+ls_shisu_juni,ichi_shisu_juni,kyakushitsu,ls_shisu_juni,49,8615,72.45,12.59,68.92,False
KEIBAJO_SURFACE_06_芝,uma_deokure_bin+ichi_shisu_juni+ten_shisu_juni,uma_deokure_bin,ichi_shisu_juni,ten_shisu_juni,9,1345,76.29,11.29,68.92,False
KEIBAJO_SURFACE_06_芝,hizume_code+kyori_tekisei+agari_shisu_juni,hizume_code,kyori_tekisei,agari_shisu_juni,26,3203,72.86,10.27,68.91,False
KEIBAJO_SURFACE_06_芝,class_code+kyakushitsu+ls_shisu_juni,class_code,kyakushitsu,ls_shisu_juni,58,10001,72.45,13.79,68.9,False
KEIBAJO_SURFACE_06_芝,shiba_tekisei_code+bataiju_zogen+ls_shisu_juni,shiba_tekisei_code,bataiju_zogen,ls_shisu_juni,55,9740,72.5,13.68,68.89,False
KEIBAJO_SURFACE_06_芝,pace_yoso+ten_shisu_juni+tenkai_kigo_code,pace_yoso,ten_shisu_juni,tenkai_kigo_code,65,15966,72.02,13.04,68.85,False
KEIBAJO_SURFACE_06_芝,kyori_tekisei+bataiju_zogen+ls_shisu_juni,kyori_tekisei,bataiju_zogen,ls_shisu_juni,43,5851,72.74,12.99,68.85,False
KEIBAJO_SURFACE_06_芝,omo_tekisei_code+uma_deokure_bin+bataiju,omo_tekisei_code,uma_deokure_bin,bataiju,19,2068,74.45,12.47,68.85,False
KEIBAJO_SURFACE_06_芝,pace_yoso+joshodo_code+ten_shisu_juni,pace_yoso,joshodo_code,ten_shisu_juni,52,21176,71.93,11.34,68.85,False
KEIBAJO_SURFACE_06_芝,joken_class_code+kyori_tekisei+ten_shisu_juni,joken_class_code,kyori_tekisei,ten_shisu_juni,57,11849,71.93,11.91,68.84,False
KEIBAJO_SURFACE_06_芝,kyori_tekisei+kyakushitsu+ls_shisu_juni,kyori_tekisei,kyakushitsu,ls_shisu_juni,76,18231,71.78,13.1,68.83,False
KEIBAJO_SURFACE_06_芝,kyori_kubun+shiba_tekisei_code+kyakushitsu,kyori_kubun,shiba_tekisei_code,kyakushitsu,44,19048,71.9,10.42,68.82,False
KEIBAJO_SURFACE_06_芝,pace_yoso+class_code+ls_shisu_juni,pace_yoso,class_code,ls_shisu_juni,51,12388,71.66,10.36,68.82,False
KEIBAJO_SURFACE_06_芝,hizume_code+joken_class_code+class_code,hizume_code,joken_class_code,class_code,44,13447,71.74,9.93,68.81,False
KEIBAJO_SURFACE_06_芝,shiba_tekisei_code+class_code+ls_shisu_juni,shiba_tekisei_code,class_code,ls_shisu_juni,43,12871,72.39,12.02,68.8,False
KEIBAJO_SURFACE_06_芝,joken_class_code+bataiju_zogen+kyuyo_riyu_bunrui_code,joken_class_code,bataiju_zogen,kyuyo_riyu_bunrui_code,11,1345,73.08,7.28,68.78,False
KEIBAJO_SURFACE_06_芝,pace_shisu_juni+rotation_bin+tenkai_kigo_code,pace_shisu_juni,rotation_bin,tenkai_kigo_code,53,9174,72.04,12.11,68.78,False
KEIBAJO_SURFACE_06_芝,hizume_code+kyakushitsu+tenkai_kigo_code,hizume_code,kyakushitsu,tenkai_kigo_code,48,14786,72.94,14.76,68.77,False
KEIBAJO_SURFACE_06_芝,ichi_shisu_juni+gekiso_juni+kyakushitsu,ichi_shisu_juni,gekiso_juni,kyakushitsu,19,3093,74.27,12.31,68.73,False
KEIBAJO_SURFACE_06_芝,uma_deokure_bin+joshodo_code+ichi_shisu_juni,uma_deokure_bin,joshodo_code,ichi_shisu_juni,50,17384,71.7,10.7,68.73,False
KEIBAJO_SURFACE_06_芝,manken_shirushi+omo_tekisei_code+kyori_tekisei_2,manken_shirushi,omo_tekisei_code,kyori_tekisei_2,6,761,81.71,16.22,68.73,False
KEIBAJO_SURFACE_06_芝,kyori_tekisei_2+gekiso_juni+tenkai_kigo_code,kyori_tekisei_2,gekiso_juni,tenkai_kigo_code,7,805,74.68,8.03,68.73,False
KEIBAJO_SURFACE_06_芝,shiba_tekisei_code+joshodo_code+pace_shisu_juni,shiba_tekisei_code,joshodo_code,pace_shisu_juni,46,18726,71.9,11.02,68.72,False
KEIBAJO_SURFACE_06_芝,omo_tekisei_code+shiba_tekisei_code+kyori_tekisei_2,omo_tekisei_code,shiba_tekisei_code,kyori_tekisei_2,11,3994,73.53,8.13,68.72,False
KEIBAJO_SURFACE_06_芝,kyori_kubun+ichi_shisu_juni+kyuyo_riyu_bunrui_code,kyori_kubun,ichi_shisu_juni,kyuyo_riyu_bunrui_code,16,2025,72.36,7.53,68.68,False
KEIBAJO_SURFACE_06_芝,pace_yoso+bataiju_zogen+kyori_tekisei_2,pace_yoso,bataiju_zogen,kyori_tekisei_2,13,2134,74.79,11.25,68.68,False
KEIBAJO_SURFACE_06_芝,shiba_tekisei_code+class_code+agari_shisu_juni,shiba_tekisei_code,class_code,agari_shisu_juni,44,9825,71.9,10.96,68.66,False
KEIBAJO_SURFACE_06_芝,joshodo_code+class_code+agari_shisu_juni,joshodo_code,class_code,agari_shisu_juni,58,13022,71.38,10.54,68.66,False
KEIBAJO_SURFACE_06_芝,joken_class_code+shiba_tekisei_code+kyakushitsu,joken_class_code,shiba_tekisei_code,kyakushitsu,34,18379,72.9,12.62,68.66,False
KEIBAJO_SURFACE_06_芝,ten_shisu_juni+rotation_bin+tenkai_kigo_code,ten_shisu_juni,rotation_bin,tenkai_kigo_code,50,8390,72.35,13.33,68.65,False
KEIBAJO_SURFACE_06_芝,gekiso_juni+kyakushitsu+ls_shisu_juni,gekiso_juni,kyakushitsu,ls_shisu_juni,38,4536,71.76,9.8,68.65,False
KEIBAJO_SURFACE_06_芝,kyori_kubun+joshodo_code+pace_shisu_juni,kyori_kubun,joshodo_code,pace_shisu_juni,72,20630,71.36,11.76,68.65,False
KEIBAJO_SURFACE_06_芝,joken_class_code+class_code+agari_shisu_juni,joken_class_code,class_code,agari_shisu_juni,54,12463,71.39,10.28,68.65,False
KEIBAJO_SURFACE_06_芝,kyori_tekisei+class_code+kyakushitsu,kyori_tekisei,class_code,kyakushitsu,53,13923,71.98,12.41,68.64,False
KEIBAJO_SURFACE_06_芝,class_code+uma_start_shisu_decile+bataiju_zogen,class_code,uma_start_shisu_decile,bataiju_zogen,20,3027,73.42,10.92,68.64,False
KEIBAJO_SURFACE_06_芝,kyori_tekisei_2+rotation_bin+tenkai_kigo_code,kyori_tekisei_2,rotation_bin,tenkai_kigo_code,13,2293,73.91,9.7,68.64,False
KEIBAJO_SURFACE_06_芝,omo_tekisei_code+ten_shisu_juni+tenkai_kigo_code,omo_tekisei_code,ten_shisu_juni,tenkai_kigo_code,53,13343,71.38,10.2,68.63,False
KEIBAJO_SURFACE_06_芝,hizume_code+kyori_tekisei+class_code,hizume_code,kyori_tekisei,class_code,39,8438,71.98,10.7,68.63,False
KEIBAJO_SURFACE_06_芝,hizume_code+omo_tekisei_code+pace_shisu_juni,hizume_code,omo_tekisei_code,pace_shisu_juni,55,8255,72.11,13.17,68.63,False
KEIBAJO_SURFACE_06_芝,joken_class_code+class_code+ten_shisu_juni,joken_class_code,class_code,ten_shisu_juni,58,12617,72.27,14.14,68.63,False
KEIBAJO_SURFACE_06_芝,pace_yoso+bataiju_zogen+pace_shisu_juni,pace_yoso,bataiju_zogen,pace_shisu_juni,26,3057,73.84,13.57,68.62,False
KEIBAJO_SURFACE_06_芝,uma_deokure_bin+bataiju_zogen+kyuyo_riyu_bunrui_code,uma_deokure_bin,bataiju_zogen,kyuyo_riyu_bunrui_code,16,2546,73.66,10.29,68.62,False
KEIBAJO_SURFACE_06_芝,ichi_shisu_juni+kyakushitsu+tenkai_kigo_code,ichi_shisu_juni,kyakushitsu,tenkai_kigo_code,51,16215,72.28,13.32,68.62,False
KEIBAJO_SURFACE_06_芝,manken_shirushi+kyori_tekisei+class_code,manken_shirushi,kyori_tekisei,class_code,30,4562,72.92,12.08,68.6,False
KEIBAJO_SURFACE_06_芝,kyori_tekisei+bataiju_zogen+kyuyo_riyu_bunrui_code,kyori_tekisei,bataiju_zogen,kyuyo_riyu_bunrui_code,14,1978,73.6,9.54,68.6,False
KEIBAJO_SURFACE_06_芝,uma_start_shisu_decile+kyuyo_riyu_bunrui_code+agari_shisu_juni,uma_start_shisu_decile,kyuyo_riyu_bunrui_code,agari_shisu_juni,8,939,74.84,9.0,68.6,False
KEIBAJO_SURFACE_06_芝,kyori_tekisei_2+ten_shisu_juni+tenkai_kigo_code,kyori_tekisei_2,ten_shisu_juni,tenkai_kigo_code,7,779,79.59,14.85,68.59,False
KEIBAJO_SURFACE_06_芝,kyori_kubun+joshodo_code+tenkai_kigo_code,kyori_kubun,joshodo_code,tenkai_kigo_code,26,21876,73.06,11.63,68.59,False
KEIBAJO_SURFACE_06_芝,kyori_tekisei+uma_start_shisu_decile+ls_shisu_juni,kyori_tekisei,uma_start_shisu_decile,ls_shisu_juni,51,9517,72.3,13.57,68.58,False
KEIBAJO_SURFACE_06_芝,hizume_code+joken_class_code+uma_start_shisu_decile,hizume_code,joken_class_code,uma_start_shisu_decile,45,7763,71.64,10.53,68.57,False
KEIBAJO_SURFACE_06_芝,bataiju_zogen+pace_shisu_juni+tenkai_kigo_code,bataiju_zogen,pace_shisu_juni,tenkai_kigo_code,36,5158,72.93,13.34,68.57,False
KEIBAJO_SURFACE_06_芝,omo_tekisei_code+class_code+kyakushitsu,omo_tekisei_code,class_code,kyakushitsu,46,14946,71.61,10.55,68.56,False
KEIBAJO_SURFACE_06_芝,omo_tekisei_code+gekiso_juni+ls_shisu_juni,omo_tekisei_code,gekiso_juni,ls_shisu_juni,71,9989,71.25,11.62,68.55,False
KEIBAJO_SURFACE_06_芝,manken_shirushi+kyori_kubun+kyuyo_riyu_bunrui_code,manken_shirushi,kyori_kubun,kyuyo_riyu_bunrui_code,15,1989,73.91,10.61,68.54,False
KEIBAJO_SURFACE_06_芝,hizume_code+uma_start_shisu_decile+ichi_shisu_juni,hizume_code,uma_start_shisu_decile,ichi_shisu_juni,16,2013,74.47,12.12,68.53,False
KEIBAJO_SURFACE_06_芝,hizume_code+uma_deokure_bin+class_code,hizume_code,uma_deokure_bin,class_code,39,8094,71.1,8.26,68.51,False
KEIBAJO_SURFACE_06_芝,kyori_kubun+ichi_shisu_juni+gekiso_juni,kyori_kubun,ichi_shisu_juni,gekiso_juni,18,2615,73.94,11.8,68.49,False
KEIBAJO_SURFACE_06_芝,pace_yoso+joken_class_code+kyori_tekisei_2,pace_yoso,joken_class_code,kyori_tekisei_2,14,3842,73.5,9.56,68.49,False
KEIBAJO_SURFACE_06_芝,joken_class_code+kyori_tekisei+pace_shisu_juni,joken_class_code,kyori_tekisei,pace_shisu_juni,57,12099,71.45,11.38,68.49,False
KEIBAJO_SURFACE_06_芝,joken_class_code+shiba_tekisei_code+class_code,joken_class_code,shiba_tekisei_code,class_code,27,18123,72.29,10.1,68.48,False
KEIBAJO_SURFACE_06_芝,manken_shirushi+uma_deokure_bin+bataiju_zogen,manken_shirushi,uma_deokure_bin,bataiju_zogen,12,1278,74.57,10.77,68.48,False
KEIBAJO_SURFACE_06_芝,hizume_code+uma_deokure_bin+ten_shisu_juni,hizume_code,uma_deokure_bin,ten_shisu_juni,33,4368,72.44,11.6,68.48,False
KEIBAJO_SURFACE_06_芝,kyori_kubun+gekiso_juni+tenkai_kigo_code,kyori_kubun,gekiso_juni,tenkai_kigo_code,71,12921,71.62,13.58,68.47,False
KEIBAJO_SURFACE_06_芝,hizume_code+uma_deokure_bin+gekiso_juni,hizume_code,uma_deokure_bin,gekiso_juni,31,4465,73.08,13.12,68.46,False
KEIBAJO_SURFACE_06_芝,uma_deokure_bin+gekiso_juni+ls_shisu_juni,uma_deokure_bin,gekiso_juni,ls_shisu_juni,53,6771,71.71,12.15,68.44,False
KEIBAJO_SURFACE_06_芝,kyori_tekisei+class_code+ten_shisu_juni,kyori_tekisei,class_code,ten_shisu_juni,35,5334,71.77,10.11,68.43,False
KEIBAJO_SURFACE_06_芝,kyori_kubun+pace_shisu_juni+tenkai_kigo_code,kyori_kubun,pace_shisu_juni,tenkai_kigo_code,68,13525,71.29,12.04,68.43,False
KEIBAJO_SURFACE_06_芝,hizume_code+joken_class_code+ls_shisu_juni,hizume_code,joken_class_code,ls_shisu_juni,45,7139,71.46,10.38,68.42,False
KEIBAJO_SURFACE_06_芝,omo_tekisei_code+joshodo_code+tenkai_kigo_code,omo_tekisei_code,joshodo_code,tenkai_kigo_code,16,19445,72.71,8.76,68.42,False
KEIBAJO_SURFACE_06_芝,kyori_tekisei+joshodo_code+ten_shisu_juni,kyori_tekisei,joshodo_code,ten_shisu_juni,72,20984,71.06,11.5,68.4,False
KEIBAJO_SURFACE_06_芝,kyori_tekisei+ichi_shisu_juni+gekiso_juni,kyori_tekisei,ichi_shisu_juni,gekiso_juni,16,3038,73.9,11.23,68.4,False
KEIBAJO_SURFACE_06_芝,omo_tekisei_code+joshodo_code+agari_shisu_juni,omo_tekisei_code,joshodo_code,agari_shisu_juni,35,18299,71.42,9.11,68.4,False
KEIBAJO_SURFACE_06_芝,class_code+uma_start_shisu_decile+gekiso_juni,class_code,uma_start_shisu_decile,gekiso_juni,18,2210,73.24,10.47,68.4,False
KEIBAJO_SURFACE_06_芝,hizume_code+class_code+kyakushitsu,hizume_code,class_code,kyakushitsu,43,7730,71.97,11.93,68.4,False
KEIBAJO_SURFACE_06_芝,kyori_kubun+ls_shisu_juni+tenkai_kigo_code,kyori_kubun,ls_shisu_juni,tenkai_kigo_code,71,18400,71.81,14.74,68.38,False
KEIBAJO_SURFACE_06_芝,uma_start_shisu_decile+kyakushitsu+tenkai_kigo_code,uma_start_shisu_decile,kyakushitsu,tenkai_kigo_code,47,17167,71.64,11.38,68.38,False
KEIBAJO_SURFACE_06_芝,kyori_tekisei+class_code+agari_shisu_juni,kyori_tekisei,class_code,agari_shisu_juni,43,6498,72.41,13.56,68.36,False
KEIBAJO_SURFACE_06_芝,kyori_kubun+kyori_tekisei_2+tenkai_kigo_code,kyori_kubun,kyori_tekisei_2,tenkai_kigo_code,13,3285,75.27,12.7,68.36,False
KEIBAJO_SURFACE_06_芝,kyori_kubun+class_code+kyakushitsu,kyori_kubun,class_code,kyakushitsu,59,13922,70.97,10.25,68.35,False
KEIBAJO_SURFACE_06_芝,uma_deokure_bin+joshodo_code+kyakushitsu,uma_deokure_bin,joshodo_code,kyakushitsu,19,19267,72.58,9.42,68.35,False
KEIBAJO_SURFACE_06_芝,hizume_code+omo_tekisei_code+class_code,hizume_code,omo_tekisei_code,class_code,43,10979,72.05,12.38,68.34,False
KEIBAJO_SURFACE_06_芝,kyakushitsu+ls_shisu_juni+tenkai_kigo_code,kyakushitsu,ls_shisu_juni,tenkai_kigo_code,63,19204,71.37,12.36,68.32,False
KEIBAJO_SURFACE_06_芝,kyori_kubun+joshodo_code+ten_shisu_juni,kyori_kubun,joshodo_code,ten_shisu_juni,75,20759,71.21,12.85,68.31,False
KEIBAJO_SURFACE_06_芝,kyori_kubun+gekiso_juni+kyuyo_riyu_bunrui_code,kyori_kubun,gekiso_juni,kyuyo_riyu_bunrui_code,15,2167,73.56,10.42,68.28,False
KEIBAJO_SURFACE_06_芝,class_code+agari_shisu_juni+tenkai_kigo_code,class_code,agari_shisu_juni,tenkai_kigo_code,52,10879,71.23,10.89,68.27,False
KEIBAJO_SURFACE_06_芝,joshodo_code+kyakushitsu+pace_shisu_juni,joshodo_code,kyakushitsu,pace_shisu_juni,66,21514,70.87,10.94,68.23,False
KEIBAJO_SURFACE_06_芝,uma_start_shisu_decile+gekiso_juni+kyuyo_riyu_bunrui_code,uma_start_shisu_decile,gekiso_juni,kyuyo_riyu_bunrui_code,7,977,75.64,10.02,68.21,False
KEIBAJO_SURFACE_06_芝,uma_deokure_bin+bataiju_zogen+pace_shisu_juni,uma_deokure_bin,bataiju_zogen,pace_shisu_juni,8,943,79.2,15.87,68.21,False
KEIBAJO_SURFACE_06_芝,manken_shirushi+bataiju_zogen+tenkai_kigo_code,manken_shirushi,bataiju_zogen,tenkai_kigo_code,24,2891,73.15,12.39,68.2,False
KEIBAJO_SURFACE_06_芝,uma_start_shisu_decile+ten_shisu_juni+kyuyo_riyu_bunrui_code,uma_start_shisu_decile,ten_shisu_juni,kyuyo_riyu_bunrui_code,7,837,75.25,9.52,68.2,False
KEIBAJO_SURFACE_06_芝,joken_class_code+shiba_tekisei_code+kyori_tekisei,joken_class_code,shiba_tekisei_code,kyori_tekisei,30,18004,72.31,11.52,68.19,False
KEIBAJO_SURFACE_06_芝,hizume_code+ls_shisu_juni+tenkai_kigo_code,hizume_code,ls_shisu_juni,tenkai_kigo_code,46,9617,71.62,11.91,68.18,False
KEIBAJO_SURFACE_06_芝,hizume_code+joshodo_code+bataiju,hizume_code,joshodo_code,bataiju,29,3529,72.45,11.82,68.15,False
KEIBAJO_SURFACE_06_芝,hizume_code+shiba_tekisei_code+ls_shisu_juni,hizume_code,shiba_tekisei_code,ls_shisu_juni,57,11334,70.99,10.92,68.15,False
KEIBAJO_SURFACE_06_芝,bataiju_zogen+gekiso_juni+tenkai_kigo_code,bataiju_zogen,gekiso_juni,tenkai_kigo_code,35,4391,72.9,14.38,68.14,False
KEIBAJO_SURFACE_06_芝,kyori_kubun+pace_shisu_juni+ls_shisu_juni,kyori_kubun,pace_shisu_juni,ls_shisu_juni,47,6491,72.34,14.74,68.12,False
KEIBAJO_SURFACE_06_芝,uma_start_shisu_decile+kyakushitsu+ls_shisu_juni,uma_start_shisu_decile,kyakushitsu,ls_shisu_juni,62,12438,71.47,13.46,68.12,False
KEIBAJO_SURFACE_06_芝,hizume_code+kyori_kubun+ls_shisu_juni,hizume_code,kyori_kubun,ls_shisu_juni,50,8665,71.72,12.98,68.12,False
KEIBAJO_SURFACE_06_芝,kyori_kubun+bataiju+tenkai_kigo_code,kyori_kubun,bataiju,tenkai_kigo_code,17,1938,76.49,17.61,68.11,False
KEIBAJO_SURFACE_06_芝,kyori_kubun+class_code+ls_shisu_juni,kyori_kubun,class_code,ls_shisu_juni,60,10327,71.43,13.18,68.1,False
KEIBAJO_SURFACE_06_芝,pace_yoso+joshodo_code+agari_shisu_juni,pace_yoso,joshodo_code,agari_shisu_juni,53,21054,71.43,12.37,68.1,False
KEIBAJO_SURFACE_06_芝,hizume_code+ten_shisu_juni+rotation_bin,hizume_code,ten_shisu_juni,rotation_bin,7,743,73.53,7.34,68.09,False
KEIBAJO_SURFACE_06_芝,kyori_tekisei+class_code+pace_shisu_juni,kyori_tekisei,class_code,pace_shisu_juni,40,5996,71.56,11.21,68.09,False
KEIBAJO_SURFACE_06_芝,hizume_code+kyori_tekisei+kyori_tekisei_2,hizume_code,kyori_tekisei,kyori_tekisei_2,15,3383,75.58,14.81,68.09,False
KEIBAJO_SURFACE_06_芝,omo_tekisei_code+ichi_shisu_juni+kyuyo_riyu_bunrui_code,omo_tekisei_code,ichi_shisu_juni,kyuyo_riyu_bunrui_code,21,3298,71.51,8.01,68.09,False
KEIBAJO_SURFACE_06_芝,omo_tekisei_code+class_code+ls_shisu_juni,omo_tekisei_code,class_code,ls_shisu_juni,51,12166,71.2,11.39,68.08,False
KEIBAJO_SURFACE_06_芝,manken_shirushi+kyori_kubun+gekiso_juni,manken_shirushi,kyori_kubun,gekiso_juni,19,2619,73.59,12.24,68.08,False
KEIBAJO_SURFACE_06_芝,hizume_code+joshodo_code+kyori_tekisei_2,hizume_code,joshodo_code,kyori_tekisei_2,15,3341,74.95,13.6,68.07,False
KEIBAJO_SURFACE_06_芝,uma_start_shisu_decile+ten_shisu_juni+ls_shisu_juni,uma_start_shisu_decile,ten_shisu_juni,ls_shisu_juni,13,1523,73.25,9.53,68.07,False
KEIBAJO_SURFACE_06_芝,hizume_code+uma_start_shisu_decile+agari_shisu_juni,hizume_code,uma_start_shisu_decile,agari_shisu_juni,12,1388,76.95,15.69,68.07,False
KEIBAJO_SURFACE_06_芝,kyori_kubun+gekiso_juni+ls_shisu_juni,kyori_kubun,gekiso_juni,ls_shisu_juni,55,7327,71.13,11.63,68.06,False
KEIBAJO_SURFACE_06_芝,kyori_tekisei+ten_shisu_juni+tenkai_kigo_code,kyori_tekisei,ten_shisu_juni,tenkai_kigo_code,66,13376,71.41,13.9,68.06,False
KEIBAJO_SURFACE_06_芝,joshodo_code+pace_shisu_juni+tenkai_kigo_code,joshodo_code,pace_shisu_juni,tenkai_kigo_code,60,19956,71.41,13.26,68.05,False
KEIBAJO_SURFACE_06_芝,joshodo_code+kyakushitsu+tenkai_kigo_code,joshodo_code,kyakushitsu,tenkai_kigo_code,17,21987,73.83,12.16,68.05,False
KEIBAJO_SURFACE_06_芝,uma_deokure_bin+kyakushitsu+tenkai_kigo_code,uma_deokure_bin,kyakushitsu,tenkai_kigo_code,35,18110,71.95,11.81,68.04,False
KEIBAJO_SURFACE_06_芝,hizume_code+rotation_bin+agari_shisu_juni,hizume_code,rotation_bin,agari_shisu_juni,11,1341,74.38,10.74,68.03,False
KEIBAJO_SURFACE_06_芝,joken_class_code+uma_start_shisu_decile+gekiso_juni,joken_class_code,uma_start_shisu_decile,gekiso_juni,24,3507,72.74,11.81,68.02,False
KEIBAJO_SURFACE_06_芝,kyori_kubun+ten_shisu_juni+tenkai_kigo_code,kyori_kubun,ten_shisu_juni,tenkai_kigo_code,77,14031,71.15,14.08,68.01,False
KEIBAJO_SURFACE_06_芝,hizume_code+joken_class_code+agari_shisu_juni,hizume_code,joken_class_code,agari_shisu_juni,16,1919,75.18,14.66,67.99,False
KEIBAJO_SURFACE_06_芝,hizume_code+ten_shisu_juni+tenkai_kigo_code,hizume_code,ten_shisu_juni,tenkai_kigo_code,35,5535,72.35,13.14,67.99,False
KEIBAJO_SURFACE_06_芝,pace_yoso+joshodo_code+kyori_tekisei_2,pace_yoso,joshodo_code,kyori_tekisei_2,6,4233,73.09,6.39,67.98,False
KEIBAJO_SURFACE_06_芝,ten_shisu_juni+kyakushitsu+kyuyo_riyu_bunrui_code,ten_shisu_juni,kyakushitsu,kyuyo_riyu_bunrui_code,16,2155,73.01,10.32,67.95,False
KEIBAJO_SURFACE_06_芝,uma_deokure_bin+bataiju_zogen+ls_shisu_juni,uma_deokure_bin,bataiju_zogen,ls_shisu_juni,53,8079,71.48,13.26,67.91,False
KEIBAJO_SURFACE_06_芝,kyori_kubun+ichi_shisu_juni+pace_shisu_juni,kyori_kubun,ichi_shisu_juni,pace_shisu_juni,20,3494,74.25,14.52,67.89,False
KEIBAJO_SURFACE_06_芝,kyori_tekisei+joshodo_code+pace_shisu_juni,kyori_tekisei,joshodo_code,pace_shisu_juni,72,21028,70.79,12.52,67.89,False
KEIBAJO_SURFACE_06_芝,class_code+uma_start_shisu_decile+tenkai_kigo_code,class_code,uma_start_shisu_decile,tenkai_kigo_code,45,10403,71.3,11.69,67.88,False
KEIBAJO_SURFACE_06_芝,kyori_tekisei+joshodo_code+agari_shisu_juni,kyori_tekisei,joshodo_code,agari_shisu_juni,74,20805,70.81,12.87,67.87,False
KEIBAJO_SURFACE_06_芝,class_code+kyakushitsu+rotation_bin,class_code,kyakushitsu,rotation_bin,58,11249,70.94,11.91,67.87,False
KEIBAJO_SURFACE_06_芝,manken_shirushi+hizume_code+joken_class_code,manken_shirushi,hizume_code,joken_class_code,14,1733,73.8,11.34,67.86,False
KEIBAJO_SURFACE_06_芝,bataiju_zogen+kyori_tekisei_2+tenkai_kigo_code,bataiju_zogen,kyori_tekisei_2,tenkai_kigo_code,6,978,70.23,2.98,67.85,False
KEIBAJO_SURFACE_06_芝,uma_deokure_bin+pace_shisu_juni+tenkai_kigo_code,uma_deokure_bin,pace_shisu_juni,tenkai_kigo_code,47,10847,71.5,12.78,67.85,False
KEIBAJO_SURFACE_06_芝,class_code+bataiju_zogen+tenkai_kigo_code,class_code,bataiju_zogen,tenkai_kigo_code,33,6889,71.52,10.77,67.84,False
KEIBAJO_SURFACE_06_芝,pace_yoso+joshodo_code+pace_shisu_juni,pace_yoso,joshodo_code,pace_shisu_juni,52,21290,71.0,11.72,67.81,False
KEIBAJO_SURFACE_06_芝,shiba_tekisei_code+joshodo_code+class_code,shiba_tekisei_code,joshodo_code,class_code,24,18233,71.72,9.8,67.8,False
KEIBAJO_SURFACE_06_芝,uma_start_shisu_decile+kyori_tekisei_2+tenkai_kigo_code,uma_start_shisu_decile,kyori_tekisei_2,tenkai_kigo_code,11,1898,76.01,13.9,67.79,False
KEIBAJO_SURFACE_06_芝,uma_deokure_bin+ten_shisu_juni+tenkai_kigo_code,uma_deokure_bin,ten_shisu_juni,tenkai_kigo_code,46,10505,70.89,10.81,67.77,False
KEIBAJO_SURFACE_06_芝,omo_tekisei_code+joshodo_code+kyori_tekisei_2,omo_tekisei_code,joshodo_code,kyori_tekisei_2,8,4251,72.17,6.36,67.77,False
KEIBAJO_SURFACE_06_芝,pace_yoso+bataiju_zogen+ls_shisu_juni,pace_yoso,bataiju_zogen,ls_shisu_juni,62,10423,70.46,10.82,67.77,False
KEIBAJO_SURFACE_06_芝,joken_class_code+ls_shisu_juni+agari_shisu_juni,joken_class_code,ls_shisu_juni,agari_shisu_juni,33,4318,72.78,14.72,67.76,False
KEIBAJO_SURFACE_06_芝,pace_yoso+hizume_code+agari_shisu_juni,pace_yoso,hizume_code,agari_shisu_juni,44,6702,70.88,10.56,67.76,False
KEIBAJO_SURFACE_06_芝,pace_yoso+pace_shisu_juni+ls_shisu_juni,pace_yoso,pace_shisu_juni,ls_shisu_juni,73,11151,70.94,13.85,67.76,False
KEIBAJO_SURFACE_06_芝,kyori_kubun+bataiju_zogen+ls_shisu_juni,kyori_kubun,bataiju_zogen,ls_shisu_juni,44,6402,72.09,14.66,67.75,False
KEIBAJO_SURFACE_06_芝,hizume_code+kyori_kubun+pace_shisu_juni,hizume_code,kyori_kubun,pace_shisu_juni,21,2759,73.37,13.16,67.74,False
KEIBAJO_SURFACE_06_芝,joshodo_code+ten_shisu_juni+kyakushitsu,joshodo_code,ten_shisu_juni,kyakushitsu,62,21169,70.77,12.22,67.72,False
KEIBAJO_SURFACE_06_芝,bataiju_zogen+kyori_tekisei_2+kyakushitsu,bataiju_zogen,kyori_tekisei_2,kyakushitsu,4,487,80.66,13.2,67.72,False
KEIBAJO_SURFACE_06_芝,hizume_code+uma_deokure_bin+agari_shisu_juni,hizume_code,uma_deokure_bin,agari_shisu_juni,31,4531,71.88,11.86,67.71,False
KEIBAJO_SURFACE_06_芝,manken_shirushi+kyori_kubun+kyori_tekisei_2,manken_shirushi,kyori_kubun,kyori_tekisei_2,5,531,75.11,8.44,67.71,False
KEIBAJO_SURFACE_06_芝,pace_yoso+kyori_tekisei+kyori_tekisei_2,pace_yoso,kyori_tekisei,kyori_tekisei_2,6,4301,73.02,6.65,67.7,False
KEIBAJO_SURFACE_06_芝,joshodo_code+uma_start_shisu_decile+kyori_tekisei_2,joshodo_code,uma_start_shisu_decile,kyori_tekisei_2,17,3952,73.17,11.51,67.7,False
KEIBAJO_SURFACE_06_芝,uma_start_shisu_decile+rotation_bin+ls_shisu_juni,uma_start_shisu_decile,rotation_bin,ls_shisu_juni,44,7026,71.59,13.2,67.69,False
KEIBAJO_SURFACE_06_芝,hizume_code+kyori_tekisei+ls_shisu_juni,hizume_code,kyori_tekisei,ls_shisu_juni,46,7967,70.79,10.86,67.65,False
KEIBAJO_SURFACE_06_芝,hizume_code+gekiso_juni+tenkai_kigo_code,hizume_code,gekiso_juni,tenkai_kigo_code,32,5188,72.04,12.69,67.64,False
KEIBAJO_SURFACE_06_芝,omo_tekisei_code+uma_deokure_bin+class_code,omo_tekisei_code,uma_deokure_bin,class_code,44,14768,70.68,10.29,67.64,False
KEIBAJO_SURFACE_06_芝,shiba_tekisei_code+ichi_shisu_juni+kyuyo_riyu_bunrui_code,shiba_tekisei_code,ichi_shisu_juni,kyuyo_riyu_bunrui_code,12,2269,73.27,10.03,67.6,False
KEIBAJO_SURFACE_06_芝,omo_tekisei_code+joshodo_code+kyuyo_riyu_bunrui_code,omo_tekisei_code,joshodo_code,kyuyo_riyu_bunrui_code,5,4757,70.82,3.67,67.6,False
KEIBAJO_SURFACE_06_芝,pace_yoso+pace_shisu_juni+agari_shisu_juni,pace_yoso,pace_shisu_juni,agari_shisu_juni,16,2333,74.01,13.09,67.6,False
KEIBAJO_SURFACE_06_芝,kyori_tekisei+kyori_tekisei_2+ls_shisu_juni,kyori_tekisei,kyori_tekisei_2,ls_shisu_juni,17,3868,72.56,10.46,67.59,False
KEIBAJO_SURFACE_06_芝,kyori_tekisei+pace_shisu_juni+tenkai_kigo_code,kyori_tekisei,pace_shisu_juni,tenkai_kigo_code,66,13732,70.74,13.07,67.59,False
KEIBAJO_SURFACE_06_芝,kyori_tekisei+uma_start_shisu_decile+kyori_tekisei_2,kyori_tekisei,uma_start_shisu_decile,kyori_tekisei_2,17,4006,73.3,12.02,67.59,False
KEIBAJO_SURFACE_06_芝,shiba_tekisei_code+kyori_tekisei_2+pace_shisu_juni,shiba_tekisei_code,kyori_tekisei_2,pace_shisu_juni,6,744,76.99,11.76,67.58,False
KEIBAJO_SURFACE_06_芝,shiba_tekisei_code+kyori_tekisei+joshodo_code,shiba_tekisei_code,kyori_tekisei,joshodo_code,11,18522,72.22,7.87,67.57,False
KEIBAJO_SURFACE_06_芝,joken_class_code+kyuyo_riyu_bunrui_code+pace_shisu_juni,joken_class_code,kyuyo_riyu_bunrui_code,pace_shisu_juni,3,326,77.63,8.9,67.56,False
KEIBAJO_SURFACE_06_芝,pace_yoso+kyori_tekisei_2+ls_shisu_juni,pace_yoso,kyori_tekisei_2,ls_shisu_juni,14,2824,73.81,11.92,67.56,False
KEIBAJO_SURFACE_06_芝,shiba_tekisei_code+kyori_tekisei_2+kyakushitsu,shiba_tekisei_code,kyori_tekisei_2,kyakushitsu,18,4141,72.97,11.72,67.55,False
KEIBAJO_SURFACE_06_芝,uma_start_shisu_decile+kyakushitsu+kyuyo_riyu_bunrui_code,uma_start_shisu_decile,kyakushitsu,kyuyo_riyu_bunrui_code,16,3809,71.61,8.27,67.55,False
KEIBAJO_SURFACE_06_芝,joshodo_code+kyakushitsu+agari_shisu_juni,joshodo_code,kyakushitsu,agari_shisu_juni,69,21216,70.68,13.34,67.53,False
KEIBAJO_SURFACE_06_芝,joken_class_code+kyori_tekisei_2+kyakushitsu,joken_class_code,kyori_tekisei_2,kyakushitsu,17,2747,74.05,13.72,67.53,False
KEIBAJO_SURFACE_06_芝,joken_class_code+agari_shisu_juni+tenkai_kigo_code,joken_class_code,agari_shisu_juni,tenkai_kigo_code,73,17847,70.32,12.22,67.52,False
KEIBAJO_SURFACE_06_芝,joshodo_code+kyori_tekisei_2+ls_shisu_juni,joshodo_code,kyori_tekisei_2,ls_shisu_juni,17,3830,72.56,10.65,67.5,False
KEIBAJO_SURFACE_06_芝,gekiso_juni+kyakushitsu+tenkai_kigo_code,gekiso_juni,kyakushitsu,tenkai_kigo_code,74,15627,70.39,12.78,67.48,False
KEIBAJO_SURFACE_06_芝,hizume_code+gekiso_juni+kyuyo_riyu_bunrui_code,hizume_code,gekiso_juni,kyuyo_riyu_bunrui_code,4,512,71.62,4.23,67.48,False
KEIBAJO_SURFACE_06_芝,class_code+ichi_shisu_juni+tenkai_kigo_code,class_code,ichi_shisu_juni,tenkai_kigo_code,39,6509,71.63,13.26,67.47,False
KEIBAJO_SURFACE_06_芝,hizume_code+kyakushitsu+ls_shisu_juni,hizume_code,kyakushitsu,ls_shisu_juni,50,8822,71.58,14.84,67.47,False
KEIBAJO_SURFACE_06_芝,bataiju_zogen+ls_shisu_juni+tenkai_kigo_code,bataiju_zogen,ls_shisu_juni,tenkai_kigo_code,42,8155,70.59,10.36,67.46,False
KEIBAJO_SURFACE_06_芝,uma_deokure_bin+ichi_shisu_juni+kyuyo_riyu_bunrui_code,uma_deokure_bin,ichi_shisu_juni,kyuyo_riyu_bunrui_code,17,2446,73.04,11.79,67.44,False
KEIBAJO_SURFACE_06_芝,class_code+kyakushitsu+kyuyo_riyu_bunrui_code,class_code,kyakushitsu,kyuyo_riyu_bunrui_code,14,2968,72.07,8.88,67.42,False
KEIBAJO_SURFACE_06_芝,joken_class_code+gekiso_juni+tenkai_kigo_code,joken_class_code,gekiso_juni,tenkai_kigo_code,76,12874,70.41,13.34,67.41,False
KEIBAJO_SURFACE_06_芝,uma_deokure_bin+gekiso_juni+kyuyo_riyu_bunrui_code,uma_deokure_bin,gekiso_juni,kyuyo_riyu_bunrui_code,15,2447,73.0,11.05,67.41,False
KEIBAJO_SURFACE_06_芝,kyori_kubun+ichi_shisu_juni+agari_shisu_juni,kyori_kubun,ichi_shisu_juni,agari_shisu_juni,19,2550,73.76,14.12,67.41,False
KEIBAJO_SURFACE_06_芝,kyori_kubun+class_code+kyori_tekisei_2,kyori_kubun,class_code,kyori_tekisei_2,14,2348,73.34,11.33,67.4,False
KEIBAJO_SURFACE_06_芝,kyori_kubun+omo_tekisei_code+bataiju,kyori_kubun,omo_tekisei_code,bataiju,8,853,75.82,12.15,67.4,False
KEIBAJO_SURFACE_06_芝,manken_shirushi+hizume_code+tenkai_kigo_code,manken_shirushi,hizume_code,tenkai_kigo_code,23,3532,73.64,15.26,67.4,False
KEIBAJO_SURFACE_06_芝,bataiju_zogen+ichi_shisu_juni+tenkai_kigo_code,bataiju_zogen,ichi_shisu_juni,tenkai_kigo_code,38,4923,71.51,12.96,67.39,False
KEIBAJO_SURFACE_06_芝,hizume_code+bataiju_zogen+rotation_bin,hizume_code,bataiju_zogen,rotation_bin,23,3006,71.46,9.99,67.38,False
KEIBAJO_SURFACE_06_芝,pace_yoso+kyuyo_riyu_bunrui_code+agari_shisu_juni,pace_yoso,kyuyo_riyu_bunrui_code,agari_shisu_juni,20,3256,71.92,10.38,67.37,False
KEIBAJO_SURFACE_06_芝,joken_class_code+shiba_tekisei_code+joshodo_code,joken_class_code,shiba_tekisei_code,joshodo_code,12,18861,72.38,8.88,67.36,False
KEIBAJO_SURFACE_06_芝,joshodo_code+kyori_tekisei_2+kyuyo_riyu_bunrui_code,joshodo_code,kyori_tekisei_2,kyuyo_riyu_bunrui_code,3,1021,68.54,1.04,67.36,False
KEIBAJO_SURFACE_06_芝,hizume_code+joken_class_code+gekiso_juni,hizume_code,joken_class_code,gekiso_juni,14,1799,73.78,12.36,67.31,False
KEIBAJO_SURFACE_06_芝,hizume_code+shiba_tekisei_code+kyori_tekisei_2,hizume_code,shiba_tekisei_code,kyori_tekisei_2,13,2289,73.38,11.19,67.3,False
KEIBAJO_SURFACE_06_芝,ichi_shisu_juni+ls_shisu_juni+tenkai_kigo_code,ichi_shisu_juni,ls_shisu_juni,tenkai_kigo_code,56,9683,70.5,12.29,67.29,False
KEIBAJO_SURFACE_06_芝,bataiju_zogen+ten_shisu_juni+kyakushitsu,bataiju_zogen,ten_shisu_juni,kyakushitsu,7,747,73.63,8.57,67.28,False
KEIBAJO_SURFACE_06_芝,kyori_tekisei+ichi_shisu_juni+kyuyo_riyu_bunrui_code,kyori_tekisei,ichi_shisu_juni,kyuyo_riyu_bunrui_code,14,1762,72.39,9.77,67.27,False
KEIBAJO_SURFACE_06_芝,joken_class_code+kyuyo_riyu_bunrui_code+rotation_bin,joken_class_code,kyuyo_riyu_bunrui_code,rotation_bin,8,4214,71.79,6.53,67.26,False
KEIBAJO_SURFACE_06_芝,kyori_kubun+ten_shisu_juni+ls_shisu_juni,kyori_kubun,ten_shisu_juni,ls_shisu_juni,46,6151,71.35,14.16,67.26,False
KEIBAJO_SURFACE_06_芝,hizume_code+uma_deokure_bin+kyuyo_riyu_bunrui_code,hizume_code,uma_deokure_bin,kyuyo_riyu_bunrui_code,13,2897,71.57,7.91,67.26,False
KEIBAJO_SURFACE_06_芝,class_code+rotation_bin+ls_shisu_juni,class_code,rotation_bin,ls_shisu_juni,44,6555,70.82,12.08,67.25,False
KEIBAJO_SURFACE_06_芝,kyakushitsu+agari_shisu_juni+tenkai_kigo_code,kyakushitsu,agari_shisu_juni,tenkai_kigo_code,69,20314,70.64,14.35,67.25,False
KEIBAJO_SURFACE_06_芝,class_code+uma_start_shisu_decile+ls_shisu_juni,class_code,uma_start_shisu_decile,ls_shisu_juni,31,5187,72.58,15.14,67.25,False
KEIBAJO_SURFACE_06_芝,manken_shirushi+kyori_kubun+bataiju_zogen,manken_shirushi,kyori_kubun,bataiju_zogen,4,432,81.88,14.94,67.23,False
KEIBAJO_SURFACE_06_芝,pace_yoso+class_code+kyori_tekisei_2,pace_yoso,class_code,kyori_tekisei_2,13,2663,73.47,11.5,67.21,False
KEIBAJO_SURFACE_06_芝,joshodo_code+ls_shisu_juni+tenkai_kigo_code,joshodo_code,ls_shisu_juni,tenkai_kigo_code,39,20677,71.06,12.33,67.19,False
KEIBAJO_SURFACE_06_芝,kyori_kubun+ls_shisu_juni+agari_shisu_juni,kyori_kubun,ls_shisu_juni,agari_shisu_juni,53,6984,71.42,15.71,67.19,False
KEIBAJO_SURFACE_06_芝,hizume_code+omo_tekisei_code+kyuyo_riyu_bunrui_code,hizume_code,omo_tekisei_code,kyuyo_riyu_bunrui_code,12,3509,71.13,6.96,67.19,False
KEIBAJO_SURFACE_06_芝,uma_deokure_bin+ichi_shisu_juni+ls_shisu_juni,uma_deokure_bin,ichi_shisu_juni,ls_shisu_juni,45,5921,70.89,12.67,67.19,False
KEIBAJO_SURFACE_06_芝,gekiso_juni+kyakushitsu+kyuyo_riyu_bunrui_code,gekiso_juni,kyakushitsu,kyuyo_riyu_bunrui_code,14,2106,72.83,10.79,67.18,False
KEIBAJO_SURFACE_06_芝,omo_tekisei_code+kyori_tekisei+kyori_tekisei_2,omo_tekisei_code,kyori_tekisei,kyori_tekisei_2,8,4315,72.03,7.02,67.17,False
KEIBAJO_SURFACE_06_芝,omo_tekisei_code+kyakushitsu+tenkai_kigo_code,omo_tekisei_code,kyakushitsu,tenkai_kigo_code,32,19215,71.77,13.28,67.16,False
KEIBAJO_SURFACE_06_芝,manken_shirushi+gekiso_juni+tenkai_kigo_code,manken_shirushi,gekiso_juni,tenkai_kigo_code,22,2929,73.37,14.92,67.13,False
KEIBAJO_SURFACE_06_芝,hizume_code+class_code+uma_start_shisu_decile,hizume_code,class_code,uma_start_shisu_decile,32,4907,70.26,9.04,67.13,False
KEIBAJO_SURFACE_06_芝,hizume_code+pace_shisu_juni+tenkai_kigo_code,hizume_code,pace_shisu_juni,tenkai_kigo_code,30,5353,72.15,14.16,67.09,False
KEIBAJO_SURFACE_06_芝,pace_yoso+kyori_tekisei_2+kyakushitsu,pace_yoso,kyori_tekisei_2,kyakushitsu,13,3793,73.85,12.46,67.08,False
KEIBAJO_SURFACE_06_芝,class_code+pace_shisu_juni+tenkai_kigo_code,class_code,pace_shisu_juni,tenkai_kigo_code,36,6316,70.86,11.58,67.07,False
KEIBAJO_SURFACE_06_芝,omo_tekisei_code+kyori_tekisei_2+kyakushitsu,omo_tekisei_code,kyori_tekisei_2,kyakushitsu,14,3430,74.41,14.03,67.06,False
KEIBAJO_SURFACE_06_芝,pace_yoso+joken_class_code+kyuyo_riyu_bunrui_code,pace_yoso,joken_class_code,kyuyo_riyu_bunrui_code,10,4310,69.7,4.27,67.06,False
KEIBAJO_SURFACE_06_芝,manken_shirushi+hizume_code+kyori_tekisei,manken_shirushi,hizume_code,kyori_tekisei,19,2532,73.12,13.51,67.05,False
KEIBAJO_SURFACE_06_芝,class_code+ten_shisu_juni+tenkai_kigo_code,class_code,ten_shisu_juni,tenkai_kigo_code,39,6214,70.97,12.5,67.05,False
KEIBAJO_SURFACE_06_芝,manken_shirushi+ls_shisu_juni+tenkai_kigo_code,manken_shirushi,ls_shisu_juni,tenkai_kigo_code,28,4332,70.97,10.59,67.05,False
KEIBAJO_SURFACE_06_芝,hizume_code+kyori_kubun+gekiso_juni,hizume_code,kyori_kubun,gekiso_juni,22,3059,70.89,9.25,67.02,False
KEIBAJO_SURFACE_06_芝,joshodo_code+bataiju+kyuyo_riyu_bunrui_code,joshodo_code,bataiju,kyuyo_riyu_bunrui_code,18,2014,73.58,14.22,67.01,False
KEIBAJO_SURFACE_06_芝,kyakushitsu+kyuyo_riyu_bunrui_code+pace_shisu_juni,kyakushitsu,kyuyo_riyu_bunrui_code,pace_shisu_juni,16,1906,71.4,9.0,67.0,False
KEIBAJO_SURFACE_06_芝,pace_yoso+joshodo_code+kyuyo_riyu_bunrui_code,pace_yoso,joshodo_code,kyuyo_riyu_bunrui_code,6,4895,73.77,8.45,67.0,False
KEIBAJO_SURFACE_06_芝,uma_deokure_bin+kyuyo_riyu_bunrui_code+ls_shisu_juni,uma_deokure_bin,kyuyo_riyu_bunrui_code,ls_shisu_juni,15,3483,72.14,10.15,67.0,False
KEIBAJO_SURFACE_06_芝,uma_start_shisu_decile+ls_shisu_juni+tenkai_kigo_code,uma_start_shisu_decile,ls_shisu_juni,tenkai_kigo_code,50,11149,70.38,12.23,66.99,False
KEIBAJO_SURFACE_06_芝,joken_class_code+gekiso_juni+kyuyo_riyu_bunrui_code,joken_class_code,gekiso_juni,kyuyo_riyu_bunrui_code,9,1154,72.65,8.66,66.99,False
KEIBAJO_SURFACE_06_芝,kyori_kubun+uma_start_shisu_decile+gekiso_juni,kyori_kubun,uma_start_shisu_decile,gekiso_juni,21,3804,72.22,12.27,66.97,False
KEIBAJO_SURFACE_06_芝,omo_tekisei_code+uma_deokure_bin+kyori_tekisei_2,omo_tekisei_code,uma_deokure_bin,kyori_tekisei_2,16,3266,73.45,13.22,66.97,False
KEIBAJO_SURFACE_06_芝,ten_shisu_juni+kyakushitsu+tenkai_kigo_code,ten_shisu_juni,kyakushitsu,tenkai_kigo_code,62,15544,70.23,13.12,66.96,False
KEIBAJO_SURFACE_06_芝,manken_shirushi+omo_tekisei_code+ls_shisu_juni,manken_shirushi,omo_tekisei_code,ls_shisu_juni,41,6254,70.18,10.55,66.95,False
KEIBAJO_SURFACE_06_芝,hizume_code+kyakushitsu+agari_shisu_juni,hizume_code,kyakushitsu,agari_shisu_juni,27,3756,71.42,11.97,66.9,False
KEIBAJO_SURFACE_06_芝,gekiso_juni+ls_shisu_juni+tenkai_kigo_code,gekiso_juni,ls_shisu_juni,tenkai_kigo_code,49,7453,70.86,14.14,66.9,False
KEIBAJO_SURFACE_06_芝,manken_shirushi+hizume_code+kyakushitsu,manken_shirushi,hizume_code,kyakushitsu,22,2868,71.66,11.42,66.88,False
KEIBAJO_SURFACE_06_芝,class_code+uma_start_shisu_decile+pace_shisu_juni,class_code,uma_start_shisu_decile,pace_shisu_juni,15,1734,73.41,12.94,66.86,False
KEIBAJO_SURFACE_06_芝,kyori_tekisei+gekiso_juni+tenkai_kigo_code,kyori_tekisei,gekiso_juni,tenkai_kigo_code,76,13715,69.61,12.31,66.85,False
KEIBAJO_SURFACE_06_芝,pace_yoso+kyori_tekisei_2+kyuyo_riyu_bunrui_code,pace_yoso,kyori_tekisei_2,kyuyo_riyu_bunrui_code,4,952,71.8,5.07,66.83,False
KEIBAJO_SURFACE_06_芝,uma_start_shisu_decile+ichi_shisu_juni+kyuyo_riyu_bunrui_code,uma_start_shisu_decile,ichi_shisu_juni,kyuyo_riyu_bunrui_code,8,1081,73.92,10.25,66.82,False
KEIBAJO_SURFACE_06_芝,pace_shisu_juni+ls_shisu_juni+tenkai_kigo_code,pace_shisu_juni,ls_shisu_juni,tenkai_kigo_code,55,8642,71.37,17.21,66.82,False
KEIBAJO_SURFACE_06_芝,pace_yoso+agari_shisu_juni+tenkai_kigo_code,pace_yoso,agari_shisu_juni,tenkai_kigo_code,55,19062,70.36,13.39,66.82,False
KEIBAJO_SURFACE_06_芝,joken_class_code+kyori_tekisei+agari_shisu_juni,joken_class_code,kyori_tekisei,agari_shisu_juni,56,12003,70.11,12.56,66.82,False
KEIBAJO_SURFACE_06_芝,joken_class_code+uma_start_shisu_decile+kyori_tekisei_2,joken_class_code,uma_start_shisu_decile,kyori_tekisei_2,9,1233,74.3,11.47,66.81,False
KEIBAJO_SURFACE_06_芝,hizume_code+kyori_kubun+ichi_shisu_juni,hizume_code,kyori_kubun,ichi_shisu_juni,24,2991,71.12,10.77,66.81,False
KEIBAJO_SURFACE_06_芝,uma_start_shisu_decile+kyuyo_riyu_bunrui_code+rotation_bin,uma_start_shisu_decile,kyuyo_riyu_bunrui_code,rotation_bin,9,3934,72.09,8.1,66.8,False
KEIBAJO_SURFACE_06_芝,kyori_kubun+joshodo_code+kyuyo_riyu_bunrui_code,kyori_kubun,joshodo_code,kyuyo_riyu_bunrui_code,6,4695,70.88,5.1,66.8,False
KEIBAJO_SURFACE_06_芝,bataiju_zogen+rotation_bin+ls_shisu_juni,bataiju_zogen,rotation_bin,ls_shisu_juni,26,3189,71.79,13.01,66.79,False
KEIBAJO_SURFACE_06_芝,hizume_code+kyori_tekisei_2+kyakushitsu,hizume_code,kyori_tekisei_2,kyakushitsu,7,1120,76.14,12.62,66.79,False
KEIBAJO_SURFACE_06_芝,manken_shirushi+kyuyo_riyu_bunrui_code+tenkai_kigo_code,manken_shirushi,kyuyo_riyu_bunrui_code,tenkai_kigo_code,12,1620,75.96,16.21,66.79,False
KEIBAJO_SURFACE_06_芝,kyori_tekisei+kyori_tekisei_2+kyakushitsu,kyori_tekisei,kyori_tekisei_2,kyakushitsu,11,4338,73.74,11.85,66.74,False
KEIBAJO_SURFACE_06_芝,kyori_tekisei+bataiju_zogen+pace_shisu_juni,kyori_tekisei,bataiju_zogen,pace_shisu_juni,4,444,75.72,9.17,66.74,False
KEIBAJO_SURFACE_06_芝,hizume_code+uma_deokure_bin+pace_shisu_juni,hizume_code,uma_deokure_bin,pace_shisu_juni,29,4032,71.5,13.11,66.73,False
KEIBAJO_SURFACE_06_芝,class_code+uma_start_shisu_decile+agari_shisu_juni,class_code,uma_start_shisu_decile,agari_shisu_juni,19,2267,73.01,13.96,66.73,False
KEIBAJO_SURFACE_06_芝,omo_tekisei_code+kyuyo_riyu_bunrui_code+ls_shisu_juni,omo_tekisei_code,kyuyo_riyu_bunrui_code,ls_shisu_juni,14,3997,71.31,8.77,66.72,False
KEIBAJO_SURFACE_06_芝,uma_deokure_bin+ls_shisu_juni+agari_shisu_juni,uma_deokure_bin,ls_shisu_juni,agari_shisu_juni,49,6341,70.64,14.01,66.72,False
KEIBAJO_SURFACE_06_芝,ichi_shisu_juni+kyakushitsu+pace_shisu_juni,ichi_shisu_juni,kyakushitsu,pace_shisu_juni,20,4151,74.02,16.66,66.72,False
KEIBAJO_SURFACE_06_芝,pace_yoso+ichi_shisu_juni+kyuyo_riyu_bunrui_code,pace_yoso,ichi_shisu_juni,kyuyo_riyu_bunrui_code,23,3489,71.01,10.5,66.72,False
KEIBAJO_SURFACE_06_芝,class_code+gekiso_juni+tenkai_kigo_code,class_code,gekiso_juni,tenkai_kigo_code,37,6060,70.74,12.52,66.71,False
KEIBAJO_SURFACE_06_芝,kyori_kubun+ichi_shisu_juni+ls_shisu_juni,kyori_kubun,ichi_shisu_juni,ls_shisu_juni,42,6890,70.99,14.2,66.69,False
KEIBAJO_SURFACE_06_芝,kyori_tekisei_2+ls_shisu_juni+tenkai_kigo_code,kyori_tekisei_2,ls_shisu_juni,tenkai_kigo_code,10,1700,72.93,10.11,66.67,False
KEIBAJO_SURFACE_06_芝,joshodo_code+kyori_tekisei_2+kyakushitsu,joshodo_code,kyori_tekisei_2,kyakushitsu,11,4276,73.6,11.79,66.64,False
KEIBAJO_SURFACE_06_芝,hizume_code+class_code+bataiju_zogen,hizume_code,class_code,bataiju_zogen,13,1706,71.8,9.53,66.62,False
KEIBAJO_SURFACE_06_芝,ichi_shisu_juni+pace_shisu_juni+agari_shisu_juni,ichi_shisu_juni,pace_shisu_juni,agari_shisu_juni,9,1390,75.27,13.3,66.58,False
KEIBAJO_SURFACE_06_芝,pace_yoso+kyori_tekisei_2+tenkai_kigo_code,pace_yoso,kyori_tekisei_2,tenkai_kigo_code,13,3675,72.15,10.3,66.55,False
KEIBAJO_SURFACE_06_芝,pace_yoso+ten_shisu_juni+agari_shisu_juni,pace_yoso,ten_shisu_juni,agari_shisu_juni,12,1706,76.54,17.67,66.55,False
KEIBAJO_SURFACE_06_芝,kyakushitsu+pace_shisu_juni+tenkai_kigo_code,kyakushitsu,pace_shisu_juni,tenkai_kigo_code,66,16227,69.55,12.48,66.54,False
KEIBAJO_SURFACE_06_芝,joshodo_code+bataiju+ls_shisu_juni,joshodo_code,bataiju,ls_shisu_juni,35,3899,71.96,16.37,66.54,False
KEIBAJO_SURFACE_06_芝,kyori_kubun+kyuyo_riyu_bunrui_code+pace_shisu_juni,kyori_kubun,kyuyo_riyu_bunrui_code,pace_shisu_juni,13,1539,72.24,10.51,66.53,False
KEIBAJO_SURFACE_06_芝,manken_shirushi+class_code+tenkai_kigo_code,manken_shirushi,class_code,tenkai_kigo_code,24,3803,71.7,12.92,66.53,False
KEIBAJO_SURFACE_06_芝,kyakushitsu+kyuyo_riyu_bunrui_code+ls_shisu_juni,kyakushitsu,kyuyo_riyu_bunrui_code,ls_shisu_juni,19,3730,71.77,11.69,66.51,False
KEIBAJO_SURFACE_06_芝,kyori_tekisei+ten_shisu_juni+kyuyo_riyu_bunrui_code,kyori_tekisei,ten_shisu_juni,kyuyo_riyu_bunrui_code,16,1873,71.76,10.74,66.5,False
KEIBAJO_SURFACE_06_芝,pace_yoso+ten_shisu_juni+ls_shisu_juni,pace_yoso,ten_shisu_juni,ls_shisu_juni,66,10115,70.04,14.7,66.5,False
KEIBAJO_SURFACE_06_芝,omo_tekisei_code+kyori_tekisei_2+kyuyo_riyu_bunrui_code,omo_tekisei_code,kyori_tekisei_2,kyuyo_riyu_bunrui_code,4,829,68.14,1.69,66.48,False
KEIBAJO_SURFACE_06_芝,omo_tekisei_code+pace_shisu_juni+ls_shisu_juni,omo_tekisei_code,pace_shisu_juni,ls_shisu_juni,56,7941,69.76,12.65,66.45,False
KEIBAJO_SURFACE_06_芝,kyakushitsu+kyuyo_riyu_bunrui_code+agari_shisu_juni,kyakushitsu,kyuyo_riyu_bunrui_code,agari_shisu_juni,18,2352,71.1,10.08,66.44,False
KEIBAJO_SURFACE_06_芝,shiba_tekisei_code+kyori_tekisei_2+ten_shisu_juni,shiba_tekisei_code,kyori_tekisei_2,ten_shisu_juni,9,974,77.38,16.76,66.43,False
KEIBAJO_SURFACE_06_芝,hizume_code+pace_shisu_juni+rotation_bin,hizume_code,pace_shisu_juni,rotation_bin,8,908,74.85,12.17,66.42,False
KEIBAJO_SURFACE_06_芝,hizume_code+kyori_tekisei_2+rotation_bin,hizume_code,kyori_tekisei_2,rotation_bin,4,573,80.46,14.33,66.42,False
KEIBAJO_SURFACE_06_芝,joken_class_code+ichi_shisu_juni+gekiso_juni,joken_class_code,ichi_shisu_juni,gekiso_juni,14,3050,72.86,12.31,66.41,False
KEIBAJO_SURFACE_06_芝,joken_class_code+uma_start_shisu_decile+kyuyo_riyu_bunrui_code,joken_class_code,uma_start_shisu_decile,kyuyo_riyu_bunrui_code,15,2965,72.07,11.21,66.4,False
KEIBAJO_SURFACE_06_芝,ichi_shisu_juni+ten_shisu_juni+agari_shisu_juni,ichi_shisu_juni,ten_shisu_juni,agari_shisu_juni,8,1115,77.07,15.4,66.4,False
KEIBAJO_SURFACE_06_芝,joken_class_code+kyori_tekisei_2+tenkai_kigo_code,joken_class_code,kyori_tekisei_2,tenkai_kigo_code,12,2606,71.98,9.91,66.37,False
KEIBAJO_SURFACE_06_芝,kyori_tekisei+kyori_tekisei_2+kyuyo_riyu_bunrui_code,kyori_tekisei,kyori_tekisei_2,kyuyo_riyu_bunrui_code,3,1035,69.73,2.97,66.36,False
KEIBAJO_SURFACE_06_芝,kyuyo_riyu_bunrui_code+agari_shisu_juni+tenkai_kigo_code,kyuyo_riyu_bunrui_code,agari_shisu_juni,tenkai_kigo_code,12,3044,70.35,7.06,66.35,False
KEIBAJO_SURFACE_06_芝,pace_yoso+kyuyo_riyu_bunrui_code+pace_shisu_juni,pace_yoso,kyuyo_riyu_bunrui_code,pace_shisu_juni,18,2842,71.24,10.61,66.34,False
KEIBAJO_SURFACE_06_芝,pace_yoso+ichi_shisu_juni+gekiso_juni,pace_yoso,ichi_shisu_juni,gekiso_juni,14,3079,71.82,10.48,66.33,False
KEIBAJO_SURFACE_06_芝,omo_tekisei_code+ichi_shisu_juni+ls_shisu_juni,omo_tekisei_code,ichi_shisu_juni,ls_shisu_juni,54,7734,69.86,13.41,66.28,False
KEIBAJO_SURFACE_06_芝,kyori_tekisei+agari_shisu_juni+tenkai_kigo_code,kyori_tekisei,agari_shisu_juni,tenkai_kigo_code,66,17845,69.69,14.19,66.27,False
KEIBAJO_SURFACE_06_芝,joken_class_code+uma_start_shisu_decile+ls_shisu_juni,joken_class_code,uma_start_shisu_decile,ls_shisu_juni,48,8504,70.27,14.17,66.26,False
KEIBAJO_SURFACE_06_芝,class_code+uma_start_shisu_decile+kyuyo_riyu_bunrui_code,class_code,uma_start_shisu_decile,kyuyo_riyu_bunrui_code,11,1890,71.37,8.65,66.26,False
KEIBAJO_SURFACE_06_芝,joken_class_code+kyori_tekisei+kyuyo_riyu_bunrui_code,joken_class_code,kyori_tekisei,kyuyo_riyu_bunrui_code,15,4231,69.36,6.17,66.23,False
KEIBAJO_SURFACE_06_芝,kyori_kubun+bataiju_zogen+kyuyo_riyu_bunrui_code,kyori_kubun,bataiju_zogen,kyuyo_riyu_bunrui_code,14,2059,72.5,11.97,66.23,False
KEIBAJO_SURFACE_06_芝,uma_deokure_bin+ten_shisu_juni+kyuyo_riyu_bunrui_code,uma_deokure_bin,ten_shisu_juni,kyuyo_riyu_bunrui_code,19,2471,70.42,9.34,66.22,False
KEIBAJO_SURFACE_06_芝,uma_deokure_bin+kyori_tekisei_2+tenkai_kigo_code,uma_deokure_bin,kyori_tekisei_2,tenkai_kigo_code,13,2595,74.09,14.53,66.19,False
KEIBAJO_SURFACE_06_芝,pace_yoso+omo_tekisei_code+kyuyo_riyu_bunrui_code,pace_yoso,omo_tekisei_code,kyuyo_riyu_bunrui_code,8,4530,69.52,4.82,66.18,False
KEIBAJO_SURFACE_06_芝,joken_class_code+kyori_tekisei_2+rotation_bin,joken_class_code,kyori_tekisei_2,rotation_bin,9,1421,75.06,13.59,66.18,False
KEIBAJO_SURFACE_06_芝,joken_class_code+omo_tekisei_code+kyuyo_riyu_bunrui_code,joken_class_code,omo_tekisei_code,kyuyo_riyu_bunrui_code,10,4179,68.99,4.6,66.14,False
KEIBAJO_SURFACE_06_芝,joken_class_code+ichi_shisu_juni+ten_shisu_juni,joken_class_code,ichi_shisu_juni,ten_shisu_juni,13,3448,73.12,12.87,66.13,False
KEIBAJO_SURFACE_06_芝,kyori_tekisei+ichi_shisu_juni+ten_shisu_juni,kyori_tekisei,ichi_shisu_juni,ten_shisu_juni,16,3749,73.05,14.16,66.11,False
KEIBAJO_SURFACE_06_芝,manken_shirushi+kyori_kubun+ls_shisu_juni,manken_shirushi,kyori_kubun,ls_shisu_juni,36,4973,69.74,11.17,66.09,False
KEIBAJO_SURFACE_06_芝,pace_yoso+kyuyo_riyu_bunrui_code+ls_shisu_juni,pace_yoso,kyuyo_riyu_bunrui_code,ls_shisu_juni,15,3957,71.14,10.06,66.05,False
KEIBAJO_SURFACE_06_芝,hizume_code+joshodo_code+kyuyo_riyu_bunrui_code,hizume_code,joshodo_code,kyuyo_riyu_bunrui_code,10,4216,70.83,7.78,66.01,False
KEIBAJO_SURFACE_06_芝,uma_deokure_bin+pace_shisu_juni+ls_shisu_juni,uma_deokure_bin,pace_shisu_juni,ls_shisu_juni,42,5280,69.93,13.17,65.95,False
KEIBAJO_SURFACE_06_芝,joken_class_code+ichi_shisu_juni+kyuyo_riyu_bunrui_code,joken_class_code,ichi_shisu_juni,kyuyo_riyu_bunrui_code,8,905,74.17,11.86,65.95,False
KEIBAJO_SURFACE_06_芝,omo_tekisei_code+ten_shisu_juni+kyuyo_riyu_bunrui_code,omo_tekisei_code,ten_shisu_juni,kyuyo_riyu_bunrui_code,26,3660,70.0,10.59,65.93,False
KEIBAJO_SURFACE_06_芝,kyori_kubun+joken_class_code+kyuyo_riyu_bunrui_code,kyori_kubun,joken_class_code,kyuyo_riyu_bunrui_code,17,4242,69.29,7.1,65.92,False
KEIBAJO_SURFACE_06_芝,joshodo_code+bataiju_zogen+kyuyo_riyu_bunrui_code,joshodo_code,bataiju_zogen,kyuyo_riyu_bunrui_code,12,3901,70.79,8.63,65.91,False
KEIBAJO_SURFACE_06_芝,kyori_kubun+class_code+kyuyo_riyu_bunrui_code,kyori_kubun,class_code,kyuyo_riyu_bunrui_code,15,3040,70.75,9.61,65.89,False
KEIBAJO_SURFACE_06_芝,kyori_kubun+ichi_shisu_juni+ten_shisu_juni,kyori_kubun,ichi_shisu_juni,ten_shisu_juni,20,3463,71.78,13.49,65.87,False
KEIBAJO_SURFACE_06_芝,hizume_code+kyori_kubun+kyori_tekisei_2,hizume_code,kyori_kubun,kyori_tekisei_2,12,2115,73.27,13.12,65.84,False
KEIBAJO_SURFACE_06_芝,shiba_tekisei_code+bataiju_zogen+kyuyo_riyu_bunrui_code,shiba_tekisei_code,bataiju_zogen,kyuyo_riyu_bunrui_code,15,2623,71.8,11.91,65.77,False
KEIBAJO_SURFACE_06_芝,uma_deokure_bin+uma_start_shisu_decile+kyori_tekisei_2,uma_deokure_bin,uma_start_shisu_decile,kyori_tekisei_2,11,1724,73.73,13.47,65.77,False
KEIBAJO_SURFACE_06_芝,kyori_tekisei+class_code+kyuyo_riyu_bunrui_code,kyori_tekisei,class_code,kyuyo_riyu_bunrui_code,10,2778,70.34,7.41,65.75,False
KEIBAJO_SURFACE_06_芝,kyakushitsu+pace_shisu_juni+ls_shisu_juni,kyakushitsu,pace_shisu_juni,ls_shisu_juni,38,4542,71.21,17.2,65.74,False
KEIBAJO_SURFACE_06_芝,bataiju_zogen+kyuyo_riyu_bunrui_code+rotation_bin,bataiju_zogen,kyuyo_riyu_bunrui_code,rotation_bin,12,3355,70.37,8.2,65.73,False
KEIBAJO_SURFACE_06_芝,pace_yoso+hizume_code+kyori_tekisei_2,pace_yoso,hizume_code,kyori_tekisei_2,12,2500,73.9,14.46,65.72,False
KEIBAJO_SURFACE_06_芝,uma_deokure_bin+kyuyo_riyu_bunrui_code+pace_shisu_juni,uma_deokure_bin,kyuyo_riyu_bunrui_code,pace_shisu_juni,23,2740,70.26,11.21,65.67,False
KEIBAJO_SURFACE_06_芝,omo_tekisei_code+kyuyo_riyu_bunrui_code+pace_shisu_juni,omo_tekisei_code,kyuyo_riyu_bunrui_code,pace_shisu_juni,28,3806,69.72,10.93,65.67,False
KEIBAJO_SURFACE_06_芝,pace_yoso+hizume_code+kyuyo_riyu_bunrui_code,pace_yoso,hizume_code,kyuyo_riyu_bunrui_code,14,3516,69.69,7.73,65.64,False
KEIBAJO_SURFACE_06_芝,shiba_tekisei_code+bataiju+class_code,shiba_tekisei_code,bataiju,class_code,14,1451,71.85,11.87,65.63,False
KEIBAJO_SURFACE_06_芝,pace_yoso+ten_shisu_juni+kyuyo_riyu_bunrui_code,pace_yoso,ten_shisu_juni,kyuyo_riyu_bunrui_code,18,2882,70.9,11.39,65.63,False
KEIBAJO_SURFACE_06_芝,hizume_code+class_code+ls_shisu_juni,hizume_code,class_code,ls_shisu_juni,27,4008,70.15,12.05,65.61,False
KEIBAJO_SURFACE_06_芝,omo_tekisei_code+class_code+kyuyo_riyu_bunrui_code,omo_tekisei_code,class_code,kyuyo_riyu_bunrui_code,12,3365,69.46,6.83,65.6,False
KEIBAJO_SURFACE_06_芝,joken_class_code+kyuyo_riyu_bunrui_code+agari_shisu_juni,joken_class_code,kyuyo_riyu_bunrui_code,agari_shisu_juni,8,938,77.38,17.0,65.6,False
KEIBAJO_SURFACE_06_芝,hizume_code+rotation_bin+ls_shisu_juni,hizume_code,rotation_bin,ls_shisu_juni,37,5645,69.82,13.15,65.59,False
KEIBAJO_SURFACE_06_芝,kyori_kubun+ten_shisu_juni+agari_shisu_juni,kyori_kubun,ten_shisu_juni,agari_shisu_juni,4,427,78.17,12.87,65.56,False
KEIBAJO_SURFACE_06_芝,joshodo_code+uma_start_shisu_decile+kyuyo_riyu_bunrui_code,joshodo_code,uma_start_shisu_decile,kyuyo_riyu_bunrui_code,9,4519,69.2,5.57,65.56,False
KEIBAJO_SURFACE_06_芝,kyori_tekisei+pace_shisu_juni+ls_shisu_juni,kyori_tekisei,pace_shisu_juni,ls_shisu_juni,43,5319,70.2,15.7,65.51,False
KEIBAJO_SURFACE_06_芝,pace_yoso+ichi_shisu_juni+ls_shisu_juni,pace_yoso,ichi_shisu_juni,ls_shisu_juni,57,10314,69.43,15.16,65.5,False
KEIBAJO_SURFACE_06_芝,joken_class_code+ten_shisu_juni+kyuyo_riyu_bunrui_code,joken_class_code,ten_shisu_juni,kyuyo_riyu_bunrui_code,6,665,74.27,10.96,65.5,False
KEIBAJO_SURFACE_06_芝,class_code+ls_shisu_juni+tenkai_kigo_code,class_code,ls_shisu_juni,tenkai_kigo_code,40,9288,68.9,11.0,65.49,False
KEIBAJO_SURFACE_06_芝,bataiju_zogen+kyakushitsu+ls_shisu_juni,bataiju_zogen,kyakushitsu,ls_shisu_juni,46,6641,69.44,13.81,65.45,False
KEIBAJO_SURFACE_06_芝,joken_class_code+ichi_shisu_juni+agari_shisu_juni,joken_class_code,ichi_shisu_juni,agari_shisu_juni,14,3029,71.99,12.63,65.37,False
KEIBAJO_SURFACE_06_芝,hizume_code+joken_class_code+ichi_shisu_juni,hizume_code,joken_class_code,ichi_shisu_juni,14,1603,73.24,15.08,65.34,False
KEIBAJO_SURFACE_06_芝,kyori_tekisei+kyuyo_riyu_bunrui_code+rotation_bin,kyori_tekisei,kyuyo_riyu_bunrui_code,rotation_bin,7,4108,70.24,6.68,65.29,False
KEIBAJO_SURFACE_06_芝,hizume_code+uma_start_shisu_decile+ls_shisu_juni,hizume_code,uma_start_shisu_decile,ls_shisu_juni,31,4725,70.0,13.38,65.29,False
KEIBAJO_SURFACE_06_芝,omo_tekisei_code+ten_shisu_juni+ls_shisu_juni,omo_tekisei_code,ten_shisu_juni,ls_shisu_juni,54,7462,68.96,13.92,65.25,False
KEIBAJO_SURFACE_06_芝,manken_shirushi+hizume_code+kyori_kubun,manken_shirushi,hizume_code,kyori_kubun,21,2834,71.17,13.86,65.24,False
KEIBAJO_SURFACE_06_芝,kyori_tekisei+ten_shisu_juni+pace_shisu_juni,kyori_tekisei,ten_shisu_juni,pace_shisu_juni,18,3571,72.16,15.02,65.22,False
KEIBAJO_SURFACE_06_芝,joken_class_code+ten_shisu_juni+pace_shisu_juni,joken_class_code,ten_shisu_juni,pace_shisu_juni,14,3365,71.99,12.97,65.2,False
KEIBAJO_SURFACE_06_芝,manken_shirushi+uma_deokure_bin+ichi_shisu_juni,manken_shirushi,uma_deokure_bin,ichi_shisu_juni,3,317,75.84,9.46,65.13,False
KEIBAJO_SURFACE_06_芝,shiba_tekisei_code+kyuyo_riyu_bunrui_code+agari_shisu_juni,shiba_tekisei_code,kyuyo_riyu_bunrui_code,agari_shisu_juni,13,2413,70.62,10.15,65.11,False
KEIBAJO_SURFACE_06_芝,omo_tekisei_code+shiba_tekisei_code+kyuyo_riyu_bunrui_code,omo_tekisei_code,shiba_tekisei_code,kyuyo_riyu_bunrui_code,9,4475,68.33,5.11,64.99,False
KEIBAJO_SURFACE_06_芝,hizume_code+class_code+tenkai_kigo_code,hizume_code,class_code,tenkai_kigo_code,40,8432,68.7,11.99,64.99,False
KEIBAJO_SURFACE_06_芝,shiba_tekisei_code+gekiso_juni+kyuyo_riyu_bunrui_code,shiba_tekisei_code,gekiso_juni,kyuyo_riyu_bunrui_code,12,2440,71.12,10.84,64.99,False
KEIBAJO_SURFACE_06_芝,hizume_code+uma_start_shisu_decile+bataiju_zogen,hizume_code,uma_start_shisu_decile,bataiju_zogen,13,1992,70.45,10.1,64.96,False
KEIBAJO_SURFACE_06_芝,ichi_shisu_juni+pace_shisu_juni+ls_shisu_juni,ichi_shisu_juni,pace_shisu_juni,ls_shisu_juni,12,1572,75.22,18.14,64.96,False
KEIBAJO_SURFACE_06_芝,pace_yoso+uma_start_shisu_decile+kyuyo_riyu_bunrui_code,pace_yoso,uma_start_shisu_decile,kyuyo_riyu_bunrui_code,16,4153,70.07,10.47,64.94,False
KEIBAJO_SURFACE_06_芝,bataiju+kyuyo_riyu_bunrui_code+rotation_bin,bataiju,kyuyo_riyu_bunrui_code,rotation_bin,7,714,71.66,9.1,64.93,False
KEIBAJO_SURFACE_06_芝,pace_yoso+bataiju_zogen+kyuyo_riyu_bunrui_code,pace_yoso,bataiju_zogen,kyuyo_riyu_bunrui_code,16,2991,69.68,9.69,64.93,False
KEIBAJO_SURFACE_06_芝,kyori_kubun+uma_start_shisu_decile+kyuyo_riyu_bunrui_code,kyori_kubun,uma_start_shisu_decile,kyuyo_riyu_bunrui_code,17,3445,70.96,12.69,64.92,False
KEIBAJO_SURFACE_06_芝,ten_shisu_juni+kyakushitsu+ls_shisu_juni,ten_shisu_juni,kyakushitsu,ls_shisu_juni,36,4511,69.81,14.96,64.92,False
KEIBAJO_SURFACE_06_芝,joken_class_code+joshodo_code+kyuyo_riyu_bunrui_code,joken_class_code,joshodo_code,kyuyo_riyu_bunrui_code,7,4635,67.8,3.91,64.91,False
KEIBAJO_SURFACE_06_芝,shiba_tekisei_code+kyori_tekisei+kyuyo_riyu_bunrui_code,shiba_tekisei_code,kyori_tekisei,kyuyo_riyu_bunrui_code,8,4161,68.49,5.19,64.9,False
KEIBAJO_SURFACE_06_芝,joken_class_code+ten_shisu_juni+ls_shisu_juni,joken_class_code,ten_shisu_juni,ls_shisu_juni,28,3959,70.12,14.17,64.87,False
KEIBAJO_SURFACE_06_芝,bataiju_zogen+kyuyo_riyu_bunrui_code+tenkai_kigo_code,bataiju_zogen,kyuyo_riyu_bunrui_code,tenkai_kigo_code,8,1519,70.26,7.82,64.84,False
KEIBAJO_SURFACE_06_芝,kyori_tekisei+gekiso_juni+ls_shisu_juni,kyori_tekisei,gekiso_juni,ls_shisu_juni,53,6316,68.18,12.51,64.82,False
KEIBAJO_SURFACE_06_芝,ten_shisu_juni+kyuyo_riyu_bunrui_code+rotation_bin,ten_shisu_juni,kyuyo_riyu_bunrui_code,rotation_bin,16,3751,68.36,7.25,64.81,False
KEIBAJO_SURFACE_06_芝,class_code+bataiju_zogen+ls_shisu_juni,class_code,bataiju_zogen,ls_shisu_juni,19,2360,72.02,16.06,64.8,False
KEIBAJO_SURFACE_06_芝,joken_class_code+uma_deokure_bin+kyuyo_riyu_bunrui_code,joken_class_code,uma_deokure_bin,kyuyo_riyu_bunrui_code,12,3756,68.95,7.36,64.79,False
KEIBAJO_SURFACE_06_芝,ten_shisu_juni+pace_shisu_juni+ls_shisu_juni,ten_shisu_juni,pace_shisu_juni,ls_shisu_juni,11,1469,76.62,20.01,64.79,False
KEIBAJO_SURFACE_06_芝,pace_yoso+gekiso_juni+kyuyo_riyu_bunrui_code,pace_yoso,gekiso_juni,kyuyo_riyu_bunrui_code,19,3309,69.9,11.39,64.78,False
KEIBAJO_SURFACE_06_芝,ichi_shisu_juni+ten_shisu_juni+ls_shisu_juni,ichi_shisu_juni,ten_shisu_juni,ls_shisu_juni,11,1386,77.23,21.12,64.75,False
KEIBAJO_SURFACE_06_芝,kyori_tekisei+ichi_shisu_juni+ls_shisu_juni,kyori_tekisei,ichi_shisu_juni,ls_shisu_juni,21,4600,70.45,13.39,64.73,False
KEIBAJO_SURFACE_06_芝,uma_start_shisu_decile+kyuyo_riyu_bunrui_code+ls_shisu_juni,uma_start_shisu_decile,kyuyo_riyu_bunrui_code,ls_shisu_juni,13,2098,70.92,11.38,64.73,False
KEIBAJO_SURFACE_06_芝,shiba_tekisei_code+joshodo_code+kyuyo_riyu_bunrui_code,shiba_tekisei_code,joshodo_code,kyuyo_riyu_bunrui_code,5,4658,69.4,5.33,64.72,False
KEIBAJO_SURFACE_06_芝,hizume_code+joken_class_code+pace_shisu_juni,hizume_code,joken_class_code,pace_shisu_juni,14,1628,74.19,18.12,64.7,False
KEIBAJO_SURFACE_06_芝,kyori_tekisei+ls_shisu_juni+agari_shisu_juni,kyori_tekisei,ls_shisu_juni,agari_shisu_juni,44,5093,69.27,15.54,64.68,False
KEIBAJO_SURFACE_06_芝,hizume_code+joken_class_code+kyuyo_riyu_bunrui_code,hizume_code,joken_class_code,kyuyo_riyu_bunrui_code,15,2618,69.2,8.93,64.68,False
KEIBAJO_SURFACE_06_芝,kyori_tekisei+kyuyo_riyu_bunrui_code+pace_shisu_juni,kyori_tekisei,kyuyo_riyu_bunrui_code,pace_shisu_juni,12,1452,70.1,9.6,64.67,False
KEIBAJO_SURFACE_06_芝,uma_deokure_bin+kyuyo_riyu_bunrui_code+agari_shisu_juni,uma_deokure_bin,kyuyo_riyu_bunrui_code,agari_shisu_juni,20,2810,70.56,13.47,64.66,False
KEIBAJO_SURFACE_06_芝,kyori_kubun+kyuyo_riyu_bunrui_code+rotation_bin,kyori_kubun,kyuyo_riyu_bunrui_code,rotation_bin,6,4176,69.92,6.58,64.65,False
KEIBAJO_SURFACE_06_芝,kyakushitsu+ls_shisu_juni+agari_shisu_juni,kyakushitsu,ls_shisu_juni,agari_shisu_juni,44,5266,69.38,16.06,64.63,False
KEIBAJO_SURFACE_06_芝,joken_class_code+gekiso_juni+ls_shisu_juni,joken_class_code,gekiso_juni,ls_shisu_juni,37,4761,69.16,14.1,64.62,False
KEIBAJO_SURFACE_06_芝,ichi_shisu_juni+gekiso_juni+tenkai_kigo_code,ichi_shisu_juni,gekiso_juni,tenkai_kigo_code,28,3393,70.29,15.34,64.61,False
KEIBAJO_SURFACE_06_芝,manken_shirushi+uma_deokure_bin+ls_shisu_juni,manken_shirushi,uma_deokure_bin,ls_shisu_juni,35,4653,68.68,12.37,64.58,False
KEIBAJO_SURFACE_06_芝,joshodo_code+agari_shisu_juni+tenkai_kigo_code,joshodo_code,agari_shisu_juni,tenkai_kigo_code,49,21001,68.67,14.65,64.57,False
KEIBAJO_SURFACE_06_芝,shiba_tekisei_code+kyori_tekisei_2+kyuyo_riyu_bunrui_code,shiba_tekisei_code,kyori_tekisei_2,kyuyo_riyu_bunrui_code,5,970,68.52,4.55,64.52,False
KEIBAJO_SURFACE_06_芝,kyori_kubun+kyuyo_riyu_bunrui_code+ls_shisu_juni,kyori_kubun,kyuyo_riyu_bunrui_code,ls_shisu_juni,19,3680,69.8,11.85,64.47,False
KEIBAJO_SURFACE_06_芝,kyuyo_riyu_bunrui_code+rotation_bin+ls_shisu_juni,kyuyo_riyu_bunrui_code,rotation_bin,ls_shisu_juni,10,3963,70.74,10.11,64.47,False
KEIBAJO_SURFACE_06_芝,joken_class_code+bataiju_zogen+ls_shisu_juni,joken_class_code,bataiju_zogen,ls_shisu_juni,33,4478,69.46,14.65,64.46,False
KEIBAJO_SURFACE_06_芝,shiba_tekisei_code+uma_start_shisu_decile+kyuyo_riyu_bunrui_code,shiba_tekisei_code,uma_start_shisu_decile,kyuyo_riyu_bunrui_code,13,3691,69.08,8.59,64.4,False
KEIBAJO_SURFACE_06_芝,shiba_tekisei_code+kyuyo_riyu_bunrui_code+rotation_bin,shiba_tekisei_code,kyuyo_riyu_bunrui_code,rotation_bin,7,4386,69.8,7.29,64.39,False
KEIBAJO_SURFACE_06_芝,omo_tekisei_code+kyuyo_riyu_bunrui_code+agari_shisu_juni,omo_tekisei_code,kyuyo_riyu_bunrui_code,agari_shisu_juni,22,3469,69.17,11.49,64.37,False
KEIBAJO_SURFACE_06_芝,hizume_code+kyori_kubun+agari_shisu_juni,hizume_code,kyori_kubun,agari_shisu_juni,23,3104,69.07,11.57,64.35,False
KEIBAJO_SURFACE_06_芝,joken_class_code+pace_shisu_juni+ls_shisu_juni,joken_class_code,pace_shisu_juni,ls_shisu_juni,32,4551,70.16,16.76,64.35,False
KEIBAJO_SURFACE_06_芝,ten_shisu_juni+kyakushitsu+pace_shisu_juni,ten_shisu_juni,kyakushitsu,pace_shisu_juni,19,3519,71.98,16.99,64.34,False
KEIBAJO_SURFACE_06_芝,manken_shirushi+joken_class_code+ls_shisu_juni,manken_shirushi,joken_class_code,ls_shisu_juni,23,3122,69.47,12.62,64.31,False
KEIBAJO_SURFACE_06_芝,kyori_tekisei+ten_shisu_juni+ls_shisu_juni,kyori_tekisei,ten_shisu_juni,ls_shisu_juni,33,4104,69.44,15.02,64.31,False
KEIBAJO_SURFACE_06_芝,joshodo_code+ten_shisu_juni+kyuyo_riyu_bunrui_code,joshodo_code,ten_shisu_juni,kyuyo_riyu_bunrui_code,16,4372,68.14,7.88,64.27,False
KEIBAJO_SURFACE_06_芝,manken_shirushi+rotation_bin+ls_shisu_juni,manken_shirushi,rotation_bin,ls_shisu_juni,8,930,73.9,13.94,64.23,False
KEIBAJO_SURFACE_06_芝,hizume_code+kyori_kubun+kyuyo_riyu_bunrui_code,hizume_code,kyori_kubun,kyuyo_riyu_bunrui_code,16,3097,70.11,12.03,64.21,False
KEIBAJO_SURFACE_06_芝,pace_yoso+kyori_kubun+kyuyo_riyu_bunrui_code,pace_yoso,kyori_kubun,kyuyo_riyu_bunrui_code,10,4416,68.73,7.33,64.18,False
KEIBAJO_SURFACE_06_芝,joshodo_code+ichi_shisu_juni+kyuyo_riyu_bunrui_code,joshodo_code,ichi_shisu_juni,kyuyo_riyu_bunrui_code,16,4372,68.82,9.52,64.16,False
KEIBAJO_SURFACE_06_芝,hizume_code+shiba_tekisei_code+kyuyo_riyu_bunrui_code,hizume_code,shiba_tekisei_code,kyuyo_riyu_bunrui_code,15,3426,70.03,11.6,64.16,False
KEIBAJO_SURFACE_06_芝,manken_shirushi+kyakushitsu+ls_shisu_juni,manken_shirushi,kyakushitsu,ls_shisu_juni,28,3295,69.22,13.7,64.14,False
KEIBAJO_SURFACE_06_芝,pace_yoso+uma_deokure_bin+kyuyo_riyu_bunrui_code,pace_yoso,uma_deokure_bin,kyuyo_riyu_bunrui_code,9,4335,69.52,8.35,64.07,False
KEIBAJO_SURFACE_06_芝,kyuyo_riyu_bunrui_code+ls_shisu_juni+tenkai_kigo_code,kyuyo_riyu_bunrui_code,ls_shisu_juni,tenkai_kigo_code,15,3054,69.74,11.2,64.07,False
KEIBAJO_SURFACE_06_芝,hizume_code+kyuyo_riyu_bunrui_code+rotation_bin,hizume_code,kyuyo_riyu_bunrui_code,rotation_bin,11,3770,67.73,6.26,64.02,False
KEIBAJO_SURFACE_06_芝,kyuyo_riyu_bunrui_code+pace_shisu_juni+rotation_bin,kyuyo_riyu_bunrui_code,pace_shisu_juni,rotation_bin,16,3751,68.12,8.37,64.01,False
KEIBAJO_SURFACE_06_芝,pace_yoso+shiba_tekisei_code+kyuyo_riyu_bunrui_code,pace_yoso,shiba_tekisei_code,kyuyo_riyu_bunrui_code,9,4532,68.31,6.61,63.99,False
KEIBAJO_SURFACE_06_芝,joshodo_code+kyuyo_riyu_bunrui_code+pace_shisu_juni,joshodo_code,kyuyo_riyu_bunrui_code,pace_shisu_juni,16,4373,68.27,8.87,63.92,False
KEIBAJO_SURFACE_06_芝,kyori_kubun+kyuyo_riyu_bunrui_code+agari_shisu_juni,kyori_kubun,kyuyo_riyu_bunrui_code,agari_shisu_juni,16,2101,70.39,13.26,63.9,False
KEIBAJO_SURFACE_06_芝,uma_deokure_bin+ten_shisu_juni+ls_shisu_juni,uma_deokure_bin,ten_shisu_juni,ls_shisu_juni,39,4871,68.22,13.79,63.89,False
KEIBAJO_SURFACE_06_芝,uma_start_shisu_decile+bataiju_zogen+ls_shisu_juni,uma_start_shisu_decile,bataiju_zogen,ls_shisu_juni,19,2733,68.59,10.46,63.88,False
KEIBAJO_SURFACE_06_芝,kyori_tekisei+kyuyo_riyu_bunrui_code+ls_shisu_juni,kyori_tekisei,kyuyo_riyu_bunrui_code,ls_shisu_juni,19,3608,69.8,13.24,63.84,False
KEIBAJO_SURFACE_06_芝,joken_class_code+ichi_shisu_juni+pace_shisu_juni,joken_class_code,ichi_shisu_juni,pace_shisu_juni,12,3350,70.49,11.79,63.81,False
KEIBAJO_SURFACE_06_芝,kyori_tekisei+ten_shisu_juni+agari_shisu_juni,kyori_tekisei,ten_shisu_juni,agari_shisu_juni,9,1284,75.43,17.79,63.81,False
KEIBAJO_SURFACE_06_芝,ten_shisu_juni+pace_shisu_juni+agari_shisu_juni,ten_shisu_juni,pace_shisu_juni,agari_shisu_juni,5,781,81.26,19.93,63.8,False
KEIBAJO_SURFACE_06_芝,hizume_code+kyori_tekisei_2+tenkai_kigo_code,hizume_code,kyori_tekisei_2,tenkai_kigo_code,10,1630,73.18,15.14,63.8,False
KEIBAJO_SURFACE_06_芝,kyori_tekisei+uma_start_shisu_decile+kyuyo_riyu_bunrui_code,kyori_tekisei,uma_start_shisu_decile,kyuyo_riyu_bunrui_code,18,3579,68.9,11.09,63.78,False
KEIBAJO_SURFACE_06_芝,omo_tekisei_code+uma_start_shisu_decile+kyuyo_riyu_bunrui_code,omo_tekisei_code,uma_start_shisu_decile,kyuyo_riyu_bunrui_code,16,4168,68.86,10.43,63.75,False
KEIBAJO_SURFACE_06_芝,ichi_shisu_juni+kyuyo_riyu_bunrui_code+rotation_bin,ichi_shisu_juni,kyuyo_riyu_bunrui_code,rotation_bin,15,3664,68.87,10.11,63.75,False
KEIBAJO_SURFACE_06_芝,kyori_tekisei+kyuyo_riyu_bunrui_code+agari_shisu_juni,kyori_tekisei,kyuyo_riyu_bunrui_code,agari_shisu_juni,14,1847,71.86,15.51,63.74,False
KEIBAJO_SURFACE_06_芝,kyori_tekisei+joshodo_code+kyuyo_riyu_bunrui_code,kyori_tekisei,joshodo_code,kyuyo_riyu_bunrui_code,6,4497,67.36,4.54,63.73,False
KEIBAJO_SURFACE_06_芝,joken_class_code+kyuyo_riyu_bunrui_code+tenkai_kigo_code,joken_class_code,kyuyo_riyu_bunrui_code,tenkai_kigo_code,16,3822,69.29,11.36,63.72,False
KEIBAJO_SURFACE_06_芝,uma_deokure_bin+class_code+kyuyo_riyu_bunrui_code,uma_deokure_bin,class_code,kyuyo_riyu_bunrui_code,11,2776,68.98,9.0,63.66,False
KEIBAJO_SURFACE_06_芝,joken_class_code+shiba_tekisei_code+kyuyo_riyu_bunrui_code,joken_class_code,shiba_tekisei_code,kyuyo_riyu_bunrui_code,10,4343,69.48,9.57,63.54,False
KEIBAJO_SURFACE_06_芝,class_code+kyuyo_riyu_bunrui_code+rotation_bin,class_code,kyuyo_riyu_bunrui_code,rotation_bin,10,3510,71.07,12.19,63.52,False
KEIBAJO_SURFACE_06_芝,kyori_tekisei_2+kyakushitsu+tenkai_kigo_code,kyori_tekisei_2,kyakushitsu,tenkai_kigo_code,13,3282,71.27,14.31,63.49,False
KEIBAJO_SURFACE_06_芝,shiba_tekisei_code+class_code+kyuyo_riyu_bunrui_code,shiba_tekisei_code,class_code,kyuyo_riyu_bunrui_code,11,3539,68.51,8.56,63.45,False
KEIBAJO_SURFACE_06_芝,uma_start_shisu_decile+ten_shisu_juni+pace_shisu_juni,uma_start_shisu_decile,ten_shisu_juni,pace_shisu_juni,4,578,75.99,12.91,63.33,False
KEIBAJO_SURFACE_06_芝,omo_tekisei_code+gekiso_juni+kyuyo_riyu_bunrui_code,omo_tekisei_code,gekiso_juni,kyuyo_riyu_bunrui_code,20,3372,68.69,12.26,63.32,False
KEIBAJO_SURFACE_06_芝,uma_start_shisu_decile+pace_shisu_juni+ls_shisu_juni,uma_start_shisu_decile,pace_shisu_juni,ls_shisu_juni,16,1831,71.18,16.08,63.3,False
KEIBAJO_SURFACE_06_芝,kyori_tekisei+ichi_shisu_juni+pace_shisu_juni,kyori_tekisei,ichi_shisu_juni,pace_shisu_juni,14,3483,70.25,13.35,63.26,False
KEIBAJO_SURFACE_06_芝,kyori_tekisei_2+kyuyo_riyu_bunrui_code+rotation_bin,kyori_tekisei_2,kyuyo_riyu_bunrui_code,rotation_bin,3,907,69.28,5.32,63.26,False
KEIBAJO_SURFACE_06_芝,bataiju_zogen+kyakushitsu+agari_shisu_juni,bataiju_zogen,kyakushitsu,agari_shisu_juni,5,551,74.18,12.48,63.25,False
KEIBAJO_SURFACE_06_芝,ten_shisu_juni+kyuyo_riyu_bunrui_code+tenkai_kigo_code,ten_shisu_juni,kyuyo_riyu_bunrui_code,tenkai_kigo_code,12,1763,68.05,8.48,63.25,False
KEIBAJO_SURFACE_06_芝,manken_shirushi+kyori_tekisei+ls_shisu_juni,manken_shirushi,kyori_tekisei,ls_shisu_juni,37,4383,67.91,14.54,63.22,False
KEIBAJO_SURFACE_06_芝,kyori_kubun+shiba_tekisei_code+kyuyo_riyu_bunrui_code,kyori_kubun,shiba_tekisei_code,kyuyo_riyu_bunrui_code,11,4298,68.48,8.92,63.21,False
KEIBAJO_SURFACE_06_芝,joshodo_code+kyuyo_riyu_bunrui_code+agari_shisu_juni,joshodo_code,kyuyo_riyu_bunrui_code,agari_shisu_juni,15,4288,67.26,7.99,63.21,False
KEIBAJO_SURFACE_06_芝,joken_class_code+kyakushitsu+kyuyo_riyu_bunrui_code,joken_class_code,kyakushitsu,kyuyo_riyu_bunrui_code,16,4170,67.87,9.55,63.19,False
KEIBAJO_SURFACE_06_芝,pace_yoso+class_code+kyuyo_riyu_bunrui_code,pace_yoso,class_code,kyuyo_riyu_bunrui_code,12,3510,67.55,7.75,63.16,False
KEIBAJO_SURFACE_06_芝,hizume_code+uma_start_shisu_decile+kyori_tekisei_2,hizume_code,uma_start_shisu_decile,kyori_tekisei_2,3,419,77.13,12.34,63.16,False
KEIBAJO_SURFACE_06_芝,uma_start_shisu_decile+kyuyo_riyu_bunrui_code+pace_shisu_juni,uma_start_shisu_decile,kyuyo_riyu_bunrui_code,pace_shisu_juni,4,449,72.71,9.78,63.12,False
KEIBAJO_SURFACE_06_芝,manken_shirushi+gekiso_juni+ls_shisu_juni,manken_shirushi,gekiso_juni,ls_shisu_juni,3,394,76.78,12.08,63.11,False
KEIBAJO_SURFACE_06_芝,uma_deokure_bin+kyakushitsu+kyuyo_riyu_bunrui_code,uma_deokure_bin,kyakushitsu,kyuyo_riyu_bunrui_code,12,4073,69.29,10.97,63.08,False
KEIBAJO_SURFACE_06_芝,hizume_code+bataiju_zogen+kyuyo_riyu_bunrui_code,hizume_code,bataiju_zogen,kyuyo_riyu_bunrui_code,4,495,66.96,3.97,63.07,False
KEIBAJO_SURFACE_06_芝,uma_deokure_bin+uma_start_shisu_decile+kyuyo_riyu_bunrui_code,uma_deokure_bin,uma_start_shisu_decile,kyuyo_riyu_bunrui_code,11,3332,69.52,11.12,62.95,False
KEIBAJO_SURFACE_06_芝,uma_start_shisu_decile+kyuyo_riyu_bunrui_code+tenkai_kigo_code,uma_start_shisu_decile,kyuyo_riyu_bunrui_code,tenkai_kigo_code,17,3396,67.74,10.17,62.9,False
KEIBAJO_SURFACE_06_芝,manken_shirushi+hizume_code+rotation_bin,manken_shirushi,hizume_code,rotation_bin,8,997,72.19,13.43,62.89,False
KEIBAJO_SURFACE_06_芝,kyakushitsu+pace_shisu_juni+agari_shisu_juni,kyakushitsu,pace_shisu_juni,agari_shisu_juni,8,1245,74.01,16.08,62.87,False
KEIBAJO_SURFACE_06_芝,class_code+kyori_tekisei_2+tenkai_kigo_code,class_code,kyori_tekisei_2,tenkai_kigo_code,11,1825,71.26,14.24,62.85,False
KEIBAJO_SURFACE_06_芝,uma_start_shisu_decile+gekiso_juni+ls_shisu_juni,uma_start_shisu_decile,gekiso_juni,ls_shisu_juni,19,2220,69.24,14.3,62.81,False
KEIBAJO_SURFACE_06_芝,joken_class_code+kyuyo_riyu_bunrui_code+ls_shisu_juni,joken_class_code,kyuyo_riyu_bunrui_code,ls_shisu_juni,18,3017,69.18,13.78,62.81,False
KEIBAJO_SURFACE_06_芝,kyuyo_riyu_bunrui_code+rotation_bin+agari_shisu_juni,kyuyo_riyu_bunrui_code,rotation_bin,agari_shisu_juni,15,3674,67.67,9.74,62.75,False
KEIBAJO_SURFACE_06_芝,joken_class_code+class_code+kyuyo_riyu_bunrui_code,joken_class_code,class_code,kyuyo_riyu_bunrui_code,10,3724,66.51,6.1,62.73,False
KEIBAJO_SURFACE_06_芝,hizume_code+uma_start_shisu_decile+kyuyo_riyu_bunrui_code,hizume_code,uma_start_shisu_decile,kyuyo_riyu_bunrui_code,11,1800,66.83,6.96,62.72,False
KEIBAJO_SURFACE_06_芝,joshodo_code+kyuyo_riyu_bunrui_code+ls_shisu_juni,joshodo_code,kyuyo_riyu_bunrui_code,ls_shisu_juni,8,4363,69.12,9.23,62.72,False
KEIBAJO_SURFACE_06_芝,kyori_kubun+omo_tekisei_code+kyuyo_riyu_bunrui_code,kyori_kubun,omo_tekisei_code,kyuyo_riyu_bunrui_code,9,4280,67.71,7.71,62.67,False
KEIBAJO_SURFACE_06_芝,ichi_shisu_juni+kyori_tekisei_2+tenkai_kigo_code,ichi_shisu_juni,kyori_tekisei_2,tenkai_kigo_code,7,816,72.02,12.64,62.65,False
KEIBAJO_SURFACE_06_芝,shiba_tekisei_code+kyakushitsu+kyuyo_riyu_bunrui_code,shiba_tekisei_code,kyakushitsu,kyuyo_riyu_bunrui_code,10,4213,67.68,8.15,62.63,False
KEIBAJO_SURFACE_06_芝,class_code+kyuyo_riyu_bunrui_code+tenkai_kigo_code,class_code,kyuyo_riyu_bunrui_code,tenkai_kigo_code,11,2451,71.38,14.89,62.58,False
KEIBAJO_SURFACE_06_芝,joken_class_code+ichi_shisu_juni+ls_shisu_juni,joken_class_code,ichi_shisu_juni,ls_shisu_juni,19,4402,68.71,13.66,62.57,False
KEIBAJO_SURFACE_06_芝,pace_yoso+kyuyo_riyu_bunrui_code+tenkai_kigo_code,pace_yoso,kyuyo_riyu_bunrui_code,tenkai_kigo_code,13,4502,69.31,12.55,62.48,False
KEIBAJO_SURFACE_06_芝,joshodo_code+class_code+kyuyo_riyu_bunrui_code,joshodo_code,class_code,kyuyo_riyu_bunrui_code,9,3915,66.57,6.31,62.45,False
KEIBAJO_SURFACE_06_芝,pace_yoso+kyuyo_riyu_bunrui_code+rotation_bin,pace_yoso,kyuyo_riyu_bunrui_code,rotation_bin,8,4608,72.04,14.05,62.31,False
KEIBAJO_SURFACE_06_芝,uma_deokure_bin+kyuyo_riyu_bunrui_code+rotation_bin,uma_deokure_bin,kyuyo_riyu_bunrui_code,rotation_bin,7,4225,70.4,10.93,62.31,False
KEIBAJO_SURFACE_06_芝,bataiju_zogen+kyuyo_riyu_bunrui_code+ls_shisu_juni,bataiju_zogen,kyuyo_riyu_bunrui_code,ls_shisu_juni,6,658,72.55,12.81,62.3,False
KEIBAJO_SURFACE_06_芝,pace_yoso+ichi_shisu_juni+agari_shisu_juni,pace_yoso,ichi_shisu_juni,agari_shisu_juni,14,3065,69.3,13.43,62.27,False
KEIBAJO_SURFACE_06_芝,hizume_code+kyakushitsu+kyuyo_riyu_bunrui_code,hizume_code,kyakushitsu,kyuyo_riyu_bunrui_code,16,3101,68.49,12.7,62.26,False
KEIBAJO_SURFACE_06_芝,omo_tekisei_code+kyuyo_riyu_bunrui_code+tenkai_kigo_code,omo_tekisei_code,kyuyo_riyu_bunrui_code,tenkai_kigo_code,11,4320,68.64,10.87,62.22,False
KEIBAJO_SURFACE_06_芝,kyori_tekisei+kyakushitsu+kyuyo_riyu_bunrui_code,kyori_tekisei,kyakushitsu,kyuyo_riyu_bunrui_code,13,4095,67.63,10.21,62.08,False
KEIBAJO_SURFACE_06_芝,kyori_kubun+kyuyo_riyu_bunrui_code+tenkai_kigo_code,kyori_kubun,kyuyo_riyu_bunrui_code,tenkai_kigo_code,16,4207,67.32,10.86,61.99,False
KEIBAJO_SURFACE_06_芝,hizume_code+kyori_tekisei+kyuyo_riyu_bunrui_code,hizume_code,kyori_tekisei,kyuyo_riyu_bunrui_code,13,2673,67.42,10.13,61.92,False
KEIBAJO_SURFACE_06_芝,kyori_tekisei+ichi_shisu_juni+agari_shisu_juni,kyori_tekisei,ichi_shisu_juni,agari_shisu_juni,13,2724,69.06,13.16,61.91,False
KEIBAJO_SURFACE_06_芝,kyori_tekisei+pace_shisu_juni+agari_shisu_juni,kyori_tekisei,pace_shisu_juni,agari_shisu_juni,9,1448,71.63,15.03,61.81,False
KEIBAJO_SURFACE_06_芝,kyori_kubun+kyori_tekisei_2+kyuyo_riyu_bunrui_code,kyori_kubun,kyori_tekisei_2,kyuyo_riyu_bunrui_code,4,872,71.19,9.67,61.72,False
KEIBAJO_SURFACE_06_芝,uma_deokure_bin+shiba_tekisei_code+kyuyo_riyu_bunrui_code,uma_deokure_bin,shiba_tekisei_code,kyuyo_riyu_bunrui_code,12,4355,67.81,10.81,61.69,False
KEIBAJO_SURFACE_06_芝,hizume_code+kyuyo_riyu_bunrui_code+tenkai_kigo_code,hizume_code,kyuyo_riyu_bunrui_code,tenkai_kigo_code,15,2861,67.83,12.29,61.61,False
KEIBAJO_SURFACE_06_芝,uma_deokure_bin+joshodo_code+kyuyo_riyu_bunrui_code,uma_deokure_bin,joshodo_code,kyuyo_riyu_bunrui_code,7,4739,68.23,8.98,61.58,False
KEIBAJO_SURFACE_06_芝,manken_shirushi+class_code+rotation_bin,manken_shirushi,class_code,rotation_bin,4,438,78.1,16.86,61.58,False
KEIBAJO_SURFACE_06_芝,pace_yoso+kyori_tekisei+kyuyo_riyu_bunrui_code,pace_yoso,kyori_tekisei,kyuyo_riyu_bunrui_code,10,4188,66.9,8.6,61.57,False
KEIBAJO_SURFACE_06_芝,kyori_tekisei+kyuyo_riyu_bunrui_code+tenkai_kigo_code,kyori_tekisei,kyuyo_riyu_bunrui_code,tenkai_kigo_code,16,4072,67.33,11.84,61.53,False
KEIBAJO_SURFACE_06_芝,ten_shisu_juni+ls_shisu_juni+tenkai_kigo_code,ten_shisu_juni,ls_shisu_juni,tenkai_kigo_code,51,7678,66.16,17.14,61.46,False
KEIBAJO_SURFACE_06_芝,kyori_kubun+kyakushitsu+kyuyo_riyu_bunrui_code,kyori_kubun,kyakushitsu,kyuyo_riyu_bunrui_code,15,4440,67.19,11.32,61.46,False
KEIBAJO_SURFACE_06_芝,kyori_tekisei_2+kyakushitsu+kyuyo_riyu_bunrui_code,kyori_tekisei_2,kyakushitsu,kyuyo_riyu_bunrui_code,4,612,68.45,7.16,61.44,False
KEIBAJO_SURFACE_06_芝,joshodo_code+kyuyo_riyu_bunrui_code+rotation_bin,joshodo_code,kyuyo_riyu_bunrui_code,rotation_bin,6,4930,72.88,14.3,61.44,False
KEIBAJO_SURFACE_06_芝,kyori_tekisei_2+rotation_bin+ls_shisu_juni,kyori_tekisei_2,rotation_bin,ls_shisu_juni,4,522,78.12,17.03,61.43,False
KEIBAJO_SURFACE_06_芝,kyori_tekisei_2+pace_shisu_juni+tenkai_kigo_code,kyori_tekisei_2,pace_shisu_juni,tenkai_kigo_code,6,792,75.02,17.01,61.41,False
KEIBAJO_SURFACE_06_芝,manken_shirushi+ichi_shisu_juni+tenkai_kigo_code,manken_shirushi,ichi_shisu_juni,tenkai_kigo_code,8,1112,66.03,6.67,61.4,False
KEIBAJO_SURFACE_06_芝,kyakushitsu+kyuyo_riyu_bunrui_code+tenkai_kigo_code,kyakushitsu,kyuyo_riyu_bunrui_code,tenkai_kigo_code,13,4429,68.46,12.99,61.4,False
KEIBAJO_SURFACE_06_芝,omo_tekisei_code+kyori_tekisei_2+agari_shisu_juni,omo_tekisei_code,kyori_tekisei_2,agari_shisu_juni,6,745,74.51,16.47,61.33,False
KEIBAJO_SURFACE_06_芝,manken_shirushi+hizume_code+ls_shisu_juni,manken_shirushi,hizume_code,ls_shisu_juni,7,755,67.92,8.92,61.31,False
KEIBAJO_SURFACE_06_芝,kyakushitsu+kyuyo_riyu_bunrui_code+rotation_bin,kyakushitsu,kyuyo_riyu_bunrui_code,rotation_bin,7,4277,69.75,11.43,61.28,False
KEIBAJO_SURFACE_06_芝,uma_deokure_bin+kyuyo_riyu_bunrui_code+tenkai_kigo_code,uma_deokure_bin,kyuyo_riyu_bunrui_code,tenkai_kigo_code,12,3883,68.88,13.53,61.23,False
KEIBAJO_SURFACE_06_芝,hizume_code+class_code+kyuyo_riyu_bunrui_code,hizume_code,class_code,kyuyo_riyu_bunrui_code,10,1525,69.62,13.55,61.22,False
KEIBAJO_SURFACE_06_芝,shiba_tekisei_code+kyuyo_riyu_bunrui_code+ls_shisu_juni,shiba_tekisei_code,kyuyo_riyu_bunrui_code,ls_shisu_juni,14,3637,67.43,11.91,61.19,False
KEIBAJO_SURFACE_06_芝,shiba_tekisei_code+ten_shisu_juni+agari_shisu_juni,shiba_tekisei_code,ten_shisu_juni,agari_shisu_juni,4,425,73.1,12.18,61.16,False
KEIBAJO_SURFACE_06_芝,omo_tekisei_code+kyori_tekisei+kyuyo_riyu_bunrui_code,omo_tekisei_code,kyori_tekisei,kyuyo_riyu_bunrui_code,9,4162,65.88,7.26,61.13,False
KEIBAJO_SURFACE_06_芝,ten_shisu_juni+kyakushitsu+agari_shisu_juni,ten_shisu_juni,kyakushitsu,agari_shisu_juni,6,889,76.33,19.08,61.06,False
KEIBAJO_SURFACE_06_芝,kyori_kubun+pace_shisu_juni+agari_shisu_juni,kyori_kubun,pace_shisu_juni,agari_shisu_juni,7,783,73.88,17.44,60.96,False
KEIBAJO_SURFACE_06_芝,kyuyo_riyu_bunrui_code+rotation_bin+tenkai_kigo_code,kyuyo_riyu_bunrui_code,rotation_bin,tenkai_kigo_code,9,4457,68.35,11.38,60.92,False
KEIBAJO_SURFACE_06_芝,pace_yoso+kyakushitsu+kyuyo_riyu_bunrui_code,pace_yoso,kyakushitsu,kyuyo_riyu_bunrui_code,11,4444,66.49,9.43,60.92,False
KEIBAJO_SURFACE_06_芝,manken_shirushi+uma_start_shisu_decile+ls_shisu_juni,manken_shirushi,uma_start_shisu_decile,ls_shisu_juni,13,1542,66.02,9.41,60.91,False
KEIBAJO_SURFACE_06_芝,kyori_kubun+uma_deokure_bin+kyuyo_riyu_bunrui_code,kyori_kubun,uma_deokure_bin,kyuyo_riyu_bunrui_code,11,3843,66.7,9.81,60.9,False
KEIBAJO_SURFACE_06_芝,joken_class_code+kyori_tekisei_2+ls_shisu_juni,joken_class_code,kyori_tekisei_2,ls_shisu_juni,6,829,76.55,19.87,60.66,False
KEIBAJO_SURFACE_06_芝,gekiso_juni+kyuyo_riyu_bunrui_code+tenkai_kigo_code,gekiso_juni,kyuyo_riyu_bunrui_code,tenkai_kigo_code,11,1764,68.47,13.64,60.41,False
KEIBAJO_SURFACE_06_芝,kyori_tekisei+bataiju+tenkai_kigo_code,kyori_tekisei,bataiju,tenkai_kigo_code,10,1102,70.95,17.08,60.36,False
KEIBAJO_SURFACE_06_芝,shiba_tekisei_code+kyuyo_riyu_bunrui_code+tenkai_kigo_code,shiba_tekisei_code,kyuyo_riyu_bunrui_code,tenkai_kigo_code,13,4260,66.56,11.6,60.25,False
KEIBAJO_SURFACE_06_芝,omo_tekisei_code+kyakushitsu+kyuyo_riyu_bunrui_code,omo_tekisei_code,kyakushitsu,kyuyo_riyu_bunrui_code,9,4306,67.18,10.77,60.15,False
KEIBAJO_SURFACE_06_芝,ichi_shisu_juni+ten_shisu_juni+pace_shisu_juni,ichi_shisu_juni,ten_shisu_juni,pace_shisu_juni,14,2993,68.1,15.37,60.06,False
KEIBAJO_SURFACE_06_芝,ichi_shisu_juni+kyuyo_riyu_bunrui_code+tenkai_kigo_code,ichi_shisu_juni,kyuyo_riyu_bunrui_code,tenkai_kigo_code,13,1980,66.79,12.62,59.93,False
KEIBAJO_SURFACE_06_芝,class_code+kyuyo_riyu_bunrui_code+ls_shisu_juni,class_code,kyuyo_riyu_bunrui_code,ls_shisu_juni,11,1676,68.76,15.23,59.76,False
KEIBAJO_SURFACE_06_芝,class_code+kyori_tekisei_2+kyakushitsu,class_code,kyori_tekisei_2,kyakushitsu,8,1127,68.23,12.41,59.62,False
KEIBAJO_SURFACE_06_芝,hizume_code+class_code+gekiso_juni,hizume_code,class_code,gekiso_juni,5,519,71.76,13.86,59.6,False
KEIBAJO_SURFACE_06_芝,kyori_tekisei_2+kyakushitsu+ls_shisu_juni,kyori_tekisei_2,kyakushitsu,ls_shisu_juni,7,1054,73.02,18.15,59.58,False
KEIBAJO_SURFACE_06_芝,gekiso_juni+kyuyo_riyu_bunrui_code+rotation_bin,gekiso_juni,kyuyo_riyu_bunrui_code,rotation_bin,14,3608,65.13,10.71,59.52,False
KEIBAJO_SURFACE_06_芝,joshodo_code+kyakushitsu+kyuyo_riyu_bunrui_code,joshodo_code,kyakushitsu,kyuyo_riyu_bunrui_code,6,4675,67.83,10.71,59.26,False
KEIBAJO_SURFACE_06_芝,joshodo_code+kyuyo_riyu_bunrui_code+tenkai_kigo_code,joshodo_code,kyuyo_riyu_bunrui_code,tenkai_kigo_code,6,4606,67.46,10.32,59.2,False
KEIBAJO_SURFACE_06_芝,class_code+uma_start_shisu_decile+kyori_tekisei_2,class_code,uma_start_shisu_decile,kyori_tekisei_2,3,394,61.44,2.09,59.08,False
KEIBAJO_SURFACE_06_芝,hizume_code+gekiso_juni+ls_shisu_juni,hizume_code,gekiso_juni,ls_shisu_juni,5,527,70.67,13.23,59.08,False
KEIBAJO_SURFACE_06_芝,joshodo_code+gekiso_juni+kyuyo_riyu_bunrui_code,joshodo_code,gekiso_juni,kyuyo_riyu_bunrui_code,14,4222,64.79,11.22,58.92,False
KEIBAJO_SURFACE_06_芝,uma_deokure_bin+class_code+kyori_tekisei_2,uma_deokure_bin,class_code,kyori_tekisei_2,5,773,69.83,12.6,58.78,False
KEIBAJO_SURFACE_06_芝,uma_deokure_bin+kyori_tekisei+kyuyo_riyu_bunrui_code,uma_deokure_bin,kyori_tekisei,kyuyo_riyu_bunrui_code,12,3907,68.89,17.99,58.71,False
KEIBAJO_SURFACE_06_芝,manken_shirushi+pace_shisu_juni+tenkai_kigo_code,manken_shirushi,pace_shisu_juni,tenkai_kigo_code,7,721,74.02,20.9,58.54,False
KEIBAJO_SURFACE_06_芝,uma_deokure_bin+kyori_tekisei_2+ls_shisu_juni,uma_deokure_bin,kyori_tekisei_2,ls_shisu_juni,7,921,66.92,11.46,58.43,False
KEIBAJO_SURFACE_06_芝,kyori_kubun+kyori_tekisei+kyuyo_riyu_bunrui_code,kyori_kubun,kyori_tekisei,kyuyo_riyu_bunrui_code,9,4004,66.09,11.91,58.31,False
KEIBAJO_SURFACE_06_芝,hizume_code+bataiju_zogen+ls_shisu_juni,hizume_code,bataiju_zogen,ls_shisu_juni,11,1527,66.85,14.93,58.02,False
KEIBAJO_SURFACE_06_芝,uma_start_shisu_decile+ichi_shisu_juni+ls_shisu_juni,uma_start_shisu_decile,ichi_shisu_juni,ls_shisu_juni,19,2365,65.63,17.54,57.75,False
KEIBAJO_SURFACE_06_芝,hizume_code+kyuyo_riyu_bunrui_code+ls_shisu_juni,hizume_code,kyuyo_riyu_bunrui_code,ls_shisu_juni,11,1711,65.31,13.79,57.16,False
KEIBAJO_SURFACE_06_芝,kyori_tekisei_2+kyuyo_riyu_bunrui_code+tenkai_kigo_code,kyori_tekisei_2,kyuyo_riyu_bunrui_code,tenkai_kigo_code,4,575,66.6,9.7,57.1,False
KEIBAJO_SURFACE_06_芝,ichi_shisu_juni+kyakushitsu+agari_shisu_juni,ichi_shisu_juni,kyakushitsu,agari_shisu_juni,11,2338,66.69,16.42,56.99,False
KEIBAJO_SURFACE_06_芝,omo_tekisei_code+uma_deokure_bin+kyuyo_riyu_bunrui_code,omo_tekisei_code,uma_deokure_bin,kyuyo_riyu_bunrui_code,9,4111,66.18,14.76,56.54,False
KEIBAJO_SURFACE_06_芝,kyuyo_riyu_bunrui_code+pace_shisu_juni+tenkai_kigo_code,kyuyo_riyu_bunrui_code,pace_shisu_juni,tenkai_kigo_code,13,1822,63.97,13.87,56.43,False
KEIBAJO_SURFACE_06_芝,class_code+kyori_tekisei_2+ls_shisu_juni,class_code,kyori_tekisei_2,ls_shisu_juni,3,378,61.79,6.09,54.9,False
KEIBAJO_SURFACE_06_芝,uma_start_shisu_decile+ls_shisu_juni+agari_shisu_juni,uma_start_shisu_decile,ls_shisu_juni,agari_shisu_juni,14,1577,61.12,14.15,53.71,False
KEIBAJO_SURFACE_06_芝,uma_deokure_bin+bataiju_zogen+kyori_tekisei_2,uma_deokure_bin,bataiju_zogen,kyori_tekisei_2,4,459,68.93,15.95,53.29,False
KEIBAJO_SURFACE_06_芝,hizume_code+ichi_shisu_juni+rotation_bin,hizume_code,ichi_shisu_juni,rotation_bin,5,563,64.49,12.86,53.22,False
KEIBAJO_SURFACE_06_芝,joken_class_code+kyori_tekisei_2+kyuyo_riyu_bunrui_code,joken_class_code,kyori_tekisei_2,kyuyo_riyu_bunrui_code,3,450,64.74,12.67,50.4,False
KEIBAJO_SURFACE_06_芝,uma_start_shisu_decile+bataiju_zogen+ichi_shisu_juni,uma_start_shisu_decile,bataiju_zogen,ichi_shisu_juni,3,309,62.75,11.98,49.19,False
KEIBAJO_SURFACE_06_芝,class_code+kyori_tekisei_2+rotation_bin,class_code,kyori_tekisei_2,rotation_bin,4,510,66.66,19.11,47.93,False
KEIBAJO_SURFACE_06_芝,hizume_code+ls_shisu_juni+agari_shisu_juni,hizume_code,ls_shisu_juni,agari_shisu_juni,4,420,60.42,13.87,46.83,False
