segment,factors,factor1,factor2,factor3,n_bins,n_bets,mean_roi,std_roi,clb,pass
KEIBAJO_SURFACE_09_芝_条件戦,gekiso_juni+joho_shisu_decile+kishu_kitai_rentai_decile,gekiso_juni,joho_shisu_decile,kishu_kitai_rentai_decile,4,719,91.69,2.06,89.67,True
KEIBAJO_SURFACE_09_芝_条件戦,gekiso_juni+kishu_shisu_decile+kijun_ninkijun_tansho,gekiso_juni,kishu_shisu_decile,kijun_ninkijun_tansho,3,572,91.41,2.51,88.56,True
KEIBAJO_SURFACE_09_芝_条件戦,gekiso_juni+kijun_ninkijun_tansho+kishu_kitai_rentai_decile,gekiso_juni,kijun_ninkijun_tansho,kishu_kitai_rentai_decile,3,592,90.93,2.12,88.53,True
KEIBAJO_SURFACE_09_芝_条件戦,gekiso_juni+kishu_kitai_tansho_decile+kijun_ninkijun_tansho,gekiso_juni,kishu_kitai_tansho_decile,kijun_ninkijun_tansho,3,600,90.31,1.95,88.1,True
KEIBAJO_SURFACE_09_芝_条件戦,ls_shisu_juni+gekiso_juni+kishu_kitai_rentai_decile,ls_shisu_juni,gekiso_juni,kishu_kitai_rentai_decile,3,383,91.21,3.04,87.78,True
KEIBAJO_SURFACE_09_芝_条件戦,manken_shirushi+joho_shisu_decile+kishu_shisu_decile,manken_shirushi,joho_shisu_decile,kishu_shisu_decile,4,507,89.87,2.49,87.43,True
KEIBAJO_SURFACE_09_芝_条件戦,manken_shirushi+kijun_ninkijun_tansho+kishu_kitai_rentai_decile,manken_shirushi,kijun_ninkijun_tansho,kishu_kitai_rentai_decile,3,382,89.18,1.6,87.37,True
KEIBAJO_SURFACE_09_芝_条件戦,manken_shirushi+joho_shisu_decile+kishu_kitai_rentai_decile,manken_shirushi,joho_shisu_decile,kishu_kitai_rentai_decile,4,512,89.4,2.77,86.68,True
KEIBAJO_SURFACE_09_芝_条件戦,manken_shirushi+joho_shisu_decile+kishu_kitai_tansho_decile,manken_shirushi,joho_shisu_decile,kishu_kitai_tansho_decile,4,514,89.26,2.77,86.55,True
KEIBAJO_SURFACE_09_芝_条件戦,pace_shisu_juni+kishu_kitai_tansho_decile+kijun_ninkijun_tansho,pace_shisu_juni,kishu_kitai_tansho_decile,kijun_ninkijun_tansho,4,625,90.14,3.71,86.5,True
KEIBAJO_SURFACE_09_芝_条件戦,ls_shisu_juni+gekiso_juni+kishu_kitai_tansho_decile,ls_shisu_juni,gekiso_juni,kishu_kitai_tansho_decile,3,389,90.82,3.91,86.4,True
KEIBAJO_SURFACE_09_芝_条件戦,pace_shisu_juni+kijun_ninkijun_tansho+kishu_kitai_rentai_decile,pace_shisu_juni,kijun_ninkijun_tansho,kishu_kitai_rentai_decile,3,529,89.67,2.97,86.31,True
KEIBAJO_SURFACE_09_芝_条件戦,manken_shirushi+kishu_kitai_tansho_decile+kijun_ninkijun_tansho,manken_shirushi,kishu_kitai_tansho_decile,kijun_ninkijun_tansho,4,485,89.2,3.38,85.89,True
KEIBAJO_SURFACE_09_芝_条件戦,kyakushitsu+agari_shisu_juni+kishu_kitai_rentai_decile,kyakushitsu,agari_shisu_juni,kishu_kitai_rentai_decile,3,453,92.73,6.28,85.63,True
KEIBAJO_SURFACE_09_芝_条件戦,omo_tekisei_code+gekiso_juni+kishu_kitai_tansho_decile,omo_tekisei_code,gekiso_juni,kishu_kitai_tansho_decile,3,428,90.03,3.89,85.63,True
KEIBAJO_SURFACE_09_芝_条件戦,manken_shirushi+kishu_kitai_tansho_decile+kishu_shisu_decile,manken_shirushi,kishu_kitai_tansho_decile,kishu_shisu_decile,9,1279,87.51,3.24,85.39,True
KEIBAJO_SURFACE_09_芝_条件戦,kyakushitsu+agari_shisu_juni+kishu_kitai_tansho_decile,kyakushitsu,agari_shisu_juni,kishu_kitai_tansho_decile,3,457,92.59,6.6,85.12,True
KEIBAJO_SURFACE_09_芝_条件戦,joho_shisu_decile+agari_shisu_juni+kijun_ninkijun_tansho,joho_shisu_decile,agari_shisu_juni,kijun_ninkijun_tansho,3,493,90.17,4.68,84.88,True
KEIBAJO_SURFACE_09_芝_条件戦,kyakushitsu+agari_shisu_juni+kishu_shisu_decile,kyakushitsu,agari_shisu_juni,kishu_shisu_decile,3,439,92.33,6.71,84.74,True
KEIBAJO_SURFACE_09_芝_条件戦,omo_tekisei_code+gekiso_juni+kishu_kitai_rentai_decile,omo_tekisei_code,gekiso_juni,kishu_kitai_rentai_decile,3,421,89.75,4.51,84.65,True
KEIBAJO_SURFACE_09_芝_条件戦,manken_shirushi+kishu_shisu_decile+kishu_kitai_rentai_decile,manken_shirushi,kishu_shisu_decile,kishu_kitai_rentai_decile,10,1403,86.97,4.23,84.34,True
KEIBAJO_SURFACE_09_芝_条件戦,omo_tekisei_code+rotation_bin+kishu_kitai_rentai_decile,omo_tekisei_code,rotation_bin,kishu_kitai_rentai_decile,3,378,86.22,1.81,84.18,True
KEIBAJO_SURFACE_09_芝_条件戦,tenkai_kigo_code+gekiso_juni+kishu_kitai_tansho_decile,tenkai_kigo_code,gekiso_juni,kishu_kitai_tansho_decile,3,396,85.87,1.55,84.13,True
KEIBAJO_SURFACE_09_芝_条件戦,hizume_code+kishu_shisu_decile+kijun_ninkijun_tansho,hizume_code,kishu_shisu_decile,kijun_ninkijun_tansho,3,420,87.32,3.21,83.68,True
KEIBAJO_SURFACE_09_芝_条件戦,kyori_kubun+agari_shisu_juni+kishu_shisu_decile,kyori_kubun,agari_shisu_juni,kishu_shisu_decile,4,585,88.55,5.36,83.3,True
KEIBAJO_SURFACE_09_芝_条件戦,kyori_kubun+agari_shisu_juni+kishu_kitai_rentai_decile,kyori_kubun,agari_shisu_juni,kishu_kitai_rentai_decile,4,605,88.82,5.66,83.28,True
KEIBAJO_SURFACE_09_芝_条件戦,kyori_kubun+agari_shisu_juni+kishu_kitai_tansho_decile,kyori_kubun,agari_shisu_juni,kishu_kitai_tansho_decile,4,616,88.32,5.3,83.13,True
KEIBAJO_SURFACE_09_芝_条件戦,manken_shisu_decile+kishu_shisu_decile+kijun_ninkijun_tansho,manken_shisu_decile,kishu_shisu_decile,kijun_ninkijun_tansho,4,431,90.08,7.11,83.11,True
KEIBAJO_SURFACE_09_芝_条件戦,manken_shirushi+pace_yoso+kishu_kitai_rentai_decile,manken_shirushi,pace_yoso,kishu_kitai_rentai_decile,5,619,87.39,5.34,82.71,True
KEIBAJO_SURFACE_09_芝_条件戦,ls_shisu_juni+agari_shisu_juni+kishu_shisu_decile,ls_shisu_juni,agari_shisu_juni,kishu_shisu_decile,3,385,91.91,8.24,82.59,True
KEIBAJO_SURFACE_09_芝_条件戦,ls_shisu_juni+agari_shisu_juni+kishu_kitai_rentai_decile,ls_shisu_juni,agari_shisu_juni,kishu_kitai_rentai_decile,3,396,91.84,8.22,82.54,True
KEIBAJO_SURFACE_09_芝_条件戦,kyori_tekisei+gekiso_juni+kishu_kitai_tansho_decile,kyori_tekisei,gekiso_juni,kishu_kitai_tansho_decile,4,518,89.57,7.33,82.38,True
KEIBAJO_SURFACE_09_芝_条件戦,manken_shisu_decile+kishu_kitai_tansho_decile+kijun_ninkijun_tansho,manken_shisu_decile,kishu_kitai_tansho_decile,kijun_ninkijun_tansho,4,437,90.03,7.84,82.34,True
KEIBAJO_SURFACE_09_芝_条件戦,kyori_tekisei+gekiso_juni+kishu_kitai_rentai_decile,kyori_tekisei,gekiso_juni,kishu_kitai_rentai_decile,4,510,89.45,7.36,82.24,True
KEIBAJO_SURFACE_09_芝_条件戦,manken_shisu_decile+kijun_ninkijun_tansho+kishu_kitai_rentai_decile,manken_shisu_decile,kijun_ninkijun_tansho,kishu_kitai_rentai_decile,4,435,89.96,7.94,82.19,True
KEIBAJO_SURFACE_09_芝_条件戦,pace_yoso+gekiso_juni+kijun_ninkijun_tansho,pace_yoso,gekiso_juni,kijun_ninkijun_tansho,3,414,85.86,3.3,82.13,True
KEIBAJO_SURFACE_09_芝_条件戦,joho_shisu_decile+agari_shisu_juni+kishu_kitai_rentai_decile,joho_shisu_decile,agari_shisu_juni,kishu_kitai_rentai_decile,4,729,87.95,5.97,82.1,True
KEIBAJO_SURFACE_09_芝_条件戦,ls_shisu_juni+agari_shisu_juni+kishu_kitai_tansho_decile,ls_shisu_juni,agari_shisu_juni,kishu_kitai_tansho_decile,3,400,91.1,8.08,81.96,True
KEIBAJO_SURFACE_09_芝_条件戦,kyori_kubun+gekiso_juni+kishu_kitai_rentai_decile,kyori_kubun,gekiso_juni,kishu_kitai_rentai_decile,4,594,87.46,5.63,81.94,True
KEIBAJO_SURFACE_09_芝_条件戦,kyori_kubun+gekiso_juni+kishu_shisu_decile,kyori_kubun,gekiso_juni,kishu_shisu_decile,4,569,87.83,6.2,81.76,True
KEIBAJO_SURFACE_09_芝_条件戦,agari_shisu_juni+kijun_ninkijun_tansho+kishu_kitai_rentai_decile,agari_shisu_juni,kijun_ninkijun_tansho,kishu_kitai_rentai_decile,5,792,86.82,6.42,81.2,True
KEIBAJO_SURFACE_09_芝_条件戦,kyori_kubun+gekiso_juni+kishu_kitai_tansho_decile,kyori_kubun,gekiso_juni,kishu_kitai_tansho_decile,4,603,87.05,6.05,81.12,True
KEIBAJO_SURFACE_09_芝_条件戦,hizume_code+kishu_kitai_tansho_decile+kijun_ninkijun_tansho,hizume_code,kishu_kitai_tansho_decile,kijun_ninkijun_tansho,5,654,84.93,4.91,80.63,True
KEIBAJO_SURFACE_09_芝_条件戦,agari_shisu_juni+kishu_shisu_decile+kijun_ninkijun_tansho,agari_shisu_juni,kishu_shisu_decile,kijun_ninkijun_tansho,4,670,87.5,7.33,80.32,True
KEIBAJO_SURFACE_09_芝_条件戦,kyori_tekisei+gekiso_juni+kishu_shisu_decile,kyori_tekisei,gekiso_juni,kishu_shisu_decile,3,390,90.83,9.36,80.24,True
KEIBAJO_SURFACE_09_芝_条件戦,agari_shisu_juni+kishu_kitai_tansho_decile+kijun_ninkijun_tansho,agari_shisu_juni,kishu_kitai_tansho_decile,kijun_ninkijun_tansho,5,798,86.16,6.88,80.13,True
KEIBAJO_SURFACE_09_芝_条件戦,ichi_shisu_juni+manken_shisu_decile+pace_shisu_juni,ichi_shisu_juni,manken_shisu_decile,pace_shisu_juni,4,459,86.35,6.45,80.03,True
KEIBAJO_SURFACE_09_芝_条件戦,omo_tekisei_code+pace_shisu_juni+kyakushitsu,omo_tekisei_code,pace_shisu_juni,kyakushitsu,4,440,95.05,15.38,79.98,False
KEIBAJO_SURFACE_09_芝_条件戦,kyori_tekisei+agari_shisu_juni+kishu_shisu_decile,kyori_tekisei,agari_shisu_juni,kishu_shisu_decile,5,672,86.2,7.5,79.63,False
KEIBAJO_SURFACE_09_芝_条件戦,omo_tekisei_code+kyakushitsu+gekiso_juni,omo_tekisei_code,kyakushitsu,gekiso_juni,7,774,83.37,5.17,79.54,False
KEIBAJO_SURFACE_09_芝_条件戦,manken_shirushi+pace_yoso+kishu_kitai_tansho_decile,manken_shirushi,pace_yoso,kishu_kitai_tansho_decile,5,603,85.91,7.33,79.49,False
KEIBAJO_SURFACE_09_芝_条件戦,manken_shirushi+pace_yoso+kishu_shisu_decile,manken_shirushi,pace_yoso,kishu_shisu_decile,5,564,82.26,3.19,79.46,False
KEIBAJO_SURFACE_09_芝_条件戦,kyori_kubun+uma_start_shisu_decile+pace_shisu_juni,kyori_kubun,uma_start_shisu_decile,pace_shisu_juni,3,317,84.06,4.31,79.18,False
KEIBAJO_SURFACE_09_芝_条件戦,manken_shirushi+kyori_tekisei+manken_shisu_decile,manken_shirushi,kyori_tekisei,manken_shisu_decile,3,365,84.4,4.84,78.93,False
KEIBAJO_SURFACE_09_芝_条件戦,pace_yoso+uma_start_shisu_decile+ten_shisu_juni,pace_yoso,uma_start_shisu_decile,ten_shisu_juni,5,575,85.36,7.39,78.87,False
KEIBAJO_SURFACE_09_芝_条件戦,ten_shisu_juni+kishu_shisu_decile+kishu_kitai_rentai_decile,ten_shisu_juni,kishu_shisu_decile,kishu_kitai_rentai_decile,8,1358,84.52,8.18,78.85,False
KEIBAJO_SURFACE_09_芝_条件戦,pace_yoso+gekiso_juni+kishu_kitai_rentai_decile,pace_yoso,gekiso_juni,kishu_kitai_rentai_decile,6,881,86.35,9.58,78.68,False
KEIBAJO_SURFACE_09_芝_条件戦,pace_yoso+gekiso_juni+kishu_shisu_decile,pace_yoso,gekiso_juni,kishu_shisu_decile,6,855,86.34,9.78,78.51,False
KEIBAJO_SURFACE_09_芝_条件戦,gekiso_juni+kishu_shisu_decile+kishu_kitai_rentai_decile,gekiso_juni,kishu_shisu_decile,kishu_kitai_rentai_decile,12,2025,82.37,6.93,78.46,False
KEIBAJO_SURFACE_09_芝_条件戦,manken_shirushi+uma_start_shisu_decile+omo_tekisei_code,manken_shirushi,uma_start_shisu_decile,omo_tekisei_code,10,1197,81.53,5.01,78.43,False
KEIBAJO_SURFACE_09_芝_条件戦,ichi_shisu_juni+manken_shisu_decile+kishu_kitai_rentai_decile,ichi_shisu_juni,manken_shisu_decile,kishu_kitai_rentai_decile,4,448,84.08,5.87,78.33,False
KEIBAJO_SURFACE_09_芝_条件戦,kyori_tekisei+agari_shisu_juni+kishu_kitai_rentai_decile,kyori_tekisei,agari_shisu_juni,kishu_kitai_rentai_decile,5,692,85.69,8.48,78.26,False
KEIBAJO_SURFACE_09_芝_条件戦,ichi_shisu_juni+agari_shisu_juni+kishu_shisu_decile,ichi_shisu_juni,agari_shisu_juni,kishu_shisu_decile,4,575,86.12,8.1,78.18,False
KEIBAJO_SURFACE_09_芝_条件戦,kyori_tekisei+agari_shisu_juni+kishu_kitai_tansho_decile,kyori_tekisei,agari_shisu_juni,kishu_kitai_tansho_decile,5,699,85.53,8.44,78.13,False
KEIBAJO_SURFACE_09_芝_条件戦,pace_yoso+ten_shisu_juni+kijun_ninkijun_tansho,pace_yoso,ten_shisu_juni,kijun_ninkijun_tansho,4,526,85.46,7.71,77.9,False
KEIBAJO_SURFACE_09_芝_条件戦,manken_shirushi+pace_yoso+gekiso_juni,manken_shirushi,pace_yoso,gekiso_juni,3,379,81.23,2.97,77.87,False
KEIBAJO_SURFACE_09_芝_条件戦,pace_yoso+agari_shisu_juni+kishu_shisu_decile,pace_yoso,agari_shisu_juni,kishu_shisu_decile,7,1014,84.72,9.37,77.78,False
KEIBAJO_SURFACE_09_芝_条件戦,manken_shirushi+kishu_kitai_tansho_decile+kishu_kitai_rentai_decile,manken_shirushi,kishu_kitai_tansho_decile,kishu_kitai_rentai_decile,13,1860,82.84,9.4,77.73,False
KEIBAJO_SURFACE_09_芝_条件戦,manken_shirushi+uma_start_shisu_decile+kyori_tekisei,manken_shirushi,uma_start_shisu_decile,kyori_tekisei,4,466,82.43,5.16,77.37,False
KEIBAJO_SURFACE_09_芝_条件戦,ichi_shisu_juni+agari_shisu_juni+kishu_kitai_tansho_decile,ichi_shisu_juni,agari_shisu_juni,kishu_kitai_tansho_decile,4,592,85.52,8.55,77.15,False
KEIBAJO_SURFACE_09_芝_条件戦,pace_shisu_juni+kishu_shisu_decile+kishu_kitai_rentai_decile,pace_shisu_juni,kishu_shisu_decile,kishu_kitai_rentai_decile,7,1350,81.65,6.21,77.04,False
KEIBAJO_SURFACE_09_芝_条件戦,manken_shirushi+tenkai_kigo_code+agari_shisu_juni,manken_shirushi,tenkai_kigo_code,agari_shisu_juni,6,795,83.17,7.73,76.98,False
KEIBAJO_SURFACE_09_芝_条件戦,pace_yoso+agari_shisu_juni+kishu_kitai_rentai_decile,pace_yoso,agari_shisu_juni,kishu_kitai_rentai_decile,7,1042,84.64,10.43,76.92,False
KEIBAJO_SURFACE_09_芝_条件戦,ichi_shisu_juni+agari_shisu_juni+kishu_kitai_rentai_decile,ichi_shisu_juni,agari_shisu_juni,kishu_kitai_rentai_decile,4,588,85.45,9.08,76.55,False
KEIBAJO_SURFACE_09_芝_条件戦,pace_yoso+pace_shisu_juni+kijun_ninkijun_tansho,pace_yoso,pace_shisu_juni,kijun_ninkijun_tansho,4,564,84.66,8.31,76.52,False
KEIBAJO_SURFACE_09_芝_条件戦,manken_shisu_decile+tenkai_kigo_code+agari_shisu_juni,manken_shisu_decile,tenkai_kigo_code,agari_shisu_juni,4,451,83.24,7.2,76.19,False
KEIBAJO_SURFACE_09_芝_条件戦,uma_start_shisu_decile+omo_tekisei_code+agari_shisu_juni,uma_start_shisu_decile,omo_tekisei_code,agari_shisu_juni,10,1134,80.55,7.2,76.09,False
KEIBAJO_SURFACE_09_芝_条件戦,manken_shisu_decile+kishu_shisu_decile+kishu_kitai_rentai_decile,manken_shisu_decile,kishu_shisu_decile,kishu_kitai_rentai_decile,18,2416,81.8,12.75,75.91,False
KEIBAJO_SURFACE_09_芝_条件戦,kyori_kubun+omo_tekisei_code+agari_shisu_juni,kyori_kubun,omo_tekisei_code,agari_shisu_juni,16,1770,81.21,10.9,75.87,False
KEIBAJO_SURFACE_09_芝_条件戦,omo_tekisei_code+kyakushitsu+agari_shisu_juni,omo_tekisei_code,kyakushitsu,agari_shisu_juni,7,754,82.33,8.78,75.82,False
KEIBAJO_SURFACE_09_芝_条件戦,tenkai_kigo_code+agari_shisu_juni+kijun_ninkijun_tansho,tenkai_kigo_code,agari_shisu_juni,kijun_ninkijun_tansho,7,1039,81.94,8.31,75.79,False
KEIBAJO_SURFACE_09_芝_条件戦,manken_shirushi+tenkai_kigo_code+class_code,manken_shirushi,tenkai_kigo_code,class_code,10,1700,80.93,8.77,75.5,False
KEIBAJO_SURFACE_09_芝_条件戦,pace_yoso+uma_start_shisu_decile+bataiju_zogen,pace_yoso,uma_start_shisu_decile,bataiju_zogen,8,1203,78.6,4.79,75.28,False
KEIBAJO_SURFACE_09_芝_条件戦,pace_yoso+agari_shisu_juni+kijun_ninkijun_tansho,pace_yoso,agari_shisu_juni,kijun_ninkijun_tansho,5,658,80.74,6.26,75.25,False
KEIBAJO_SURFACE_09_芝_条件戦,kyori_kubun+ichi_shisu_juni+kyakushitsu,kyori_kubun,ichi_shisu_juni,kyakushitsu,12,3703,81.05,10.55,75.08,False
KEIBAJO_SURFACE_09_芝_条件戦,manken_shirushi+omo_tekisei_code+kyori_tekisei,manken_shirushi,omo_tekisei_code,kyori_tekisei,14,1641,79.8,9.0,75.08,False
KEIBAJO_SURFACE_09_芝_条件戦,manken_shirushi+kyori_kubun+uma_start_shisu_decile,manken_shirushi,kyori_kubun,uma_start_shisu_decile,6,653,81.94,8.6,75.07,False
KEIBAJO_SURFACE_09_芝_条件戦,omo_tekisei_code+ichi_shisu_juni+kyakushitsu,omo_tekisei_code,ichi_shisu_juni,kyakushitsu,16,1980,82.01,14.41,74.95,False
KEIBAJO_SURFACE_09_芝_条件戦,manken_shirushi+pace_yoso+kyori_tekisei,manken_shirushi,pace_yoso,kyori_tekisei,18,2778,77.63,5.9,74.91,False
KEIBAJO_SURFACE_09_芝_条件戦,pace_yoso+omo_tekisei_code+pace_shisu_juni,pace_yoso,omo_tekisei_code,pace_shisu_juni,13,1540,79.59,8.76,74.83,False
KEIBAJO_SURFACE_09_芝_条件戦,kyori_kubun+omo_tekisei_code+pace_shisu_juni,kyori_kubun,omo_tekisei_code,pace_shisu_juni,9,946,80.05,8.15,74.72,False
KEIBAJO_SURFACE_09_芝_条件戦,kyori_kubun+kyori_tekisei+ichi_shisu_juni,kyori_kubun,kyori_tekisei,ichi_shisu_juni,15,4323,78.55,7.75,74.63,False
KEIBAJO_SURFACE_09_芝_条件戦,tenkai_kigo_code+agari_shisu_juni+kishu_kitai_tansho_decile,tenkai_kigo_code,agari_shisu_juni,kishu_kitai_tansho_decile,6,1192,81.75,9.38,74.24,False
KEIBAJO_SURFACE_09_芝_条件戦,manken_shirushi+pace_yoso+omo_tekisei_code,manken_shirushi,pace_yoso,omo_tekisei_code,14,1865,78.3,8.0,74.11,False
KEIBAJO_SURFACE_09_芝_条件戦,manken_shirushi+omo_tekisei_code+tenkai_kigo_code,manken_shirushi,omo_tekisei_code,tenkai_kigo_code,13,1675,79.49,9.9,74.11,False
KEIBAJO_SURFACE_09_芝_条件戦,hizume_code+omo_tekisei_code+bataiju_zogen,hizume_code,omo_tekisei_code,bataiju_zogen,11,1814,78.85,8.04,74.1,False
KEIBAJO_SURFACE_09_芝_条件戦,kyori_kubun+pace_yoso+class_code,kyori_kubun,pace_yoso,class_code,12,4425,77.0,5.74,73.75,False
KEIBAJO_SURFACE_09_芝_条件戦,tenkai_kigo_code+agari_shisu_juni+kishu_shisu_decile,tenkai_kigo_code,agari_shisu_juni,kishu_shisu_decile,6,1157,82.08,10.57,73.62,False
KEIBAJO_SURFACE_09_芝_条件戦,rotation_bin+class_code+agari_shisu_juni,rotation_bin,class_code,agari_shisu_juni,3,324,78.5,4.34,73.59,False
KEIBAJO_SURFACE_09_芝_条件戦,manken_shirushi+kyori_kubun+pace_yoso,manken_shirushi,kyori_kubun,pace_yoso,18,3147,77.18,7.79,73.59,False
KEIBAJO_SURFACE_09_芝_条件戦,manken_shirushi+omo_tekisei_code+class_code,manken_shirushi,omo_tekisei_code,class_code,15,2621,78.05,9.16,73.42,False
KEIBAJO_SURFACE_09_芝_条件戦,hizume_code+omo_tekisei_code+rotation_bin,hizume_code,omo_tekisei_code,rotation_bin,16,3101,77.68,8.72,73.4,False
KEIBAJO_SURFACE_09_芝_条件戦,omo_tekisei_code+kyori_tekisei+ten_shisu_juni,omo_tekisei_code,kyori_tekisei,ten_shisu_juni,7,736,78.58,7.02,73.38,False
KEIBAJO_SURFACE_09_芝_条件戦,pace_yoso+ichi_shisu_juni+kyakushitsu,pace_yoso,ichi_shisu_juni,kyakushitsu,10,3672,79.59,10.03,73.37,False
KEIBAJO_SURFACE_09_芝_条件戦,kyori_kubun+uma_start_shisu_decile+ichi_shisu_juni,kyori_kubun,uma_start_shisu_decile,ichi_shisu_juni,9,1092,77.78,6.76,73.36,False
KEIBAJO_SURFACE_09_芝_条件戦,omo_tekisei_code+kyori_tekisei+bataiju_zogen,omo_tekisei_code,kyori_tekisei,bataiju_zogen,18,2661,78.15,10.52,73.29,False
KEIBAJO_SURFACE_09_芝_条件戦,hizume_code+uma_start_shisu_decile+omo_tekisei_code,hizume_code,uma_start_shisu_decile,omo_tekisei_code,12,2796,80.29,12.39,73.28,False
KEIBAJO_SURFACE_09_芝_条件戦,uma_start_shisu_decile+omo_tekisei_code+gekiso_juni,uma_start_shisu_decile,omo_tekisei_code,gekiso_juni,12,1469,78.35,9.23,73.13,False
KEIBAJO_SURFACE_09_芝_条件戦,hizume_code+omo_tekisei_code+agari_shisu_juni,hizume_code,omo_tekisei_code,agari_shisu_juni,7,1022,78.45,7.27,73.07,False
KEIBAJO_SURFACE_09_芝_条件戦,kyori_kubun+omo_tekisei_code+tenkai_kigo_code,kyori_kubun,omo_tekisei_code,tenkai_kigo_code,17,4562,77.48,9.29,73.07,False
KEIBAJO_SURFACE_09_芝_条件戦,agari_shisu_juni+kishu_shisu_decile+kishu_kitai_rentai_decile,agari_shisu_juni,kishu_shisu_decile,kishu_kitai_rentai_decile,10,1802,79.71,10.74,73.05,False
KEIBAJO_SURFACE_09_芝_条件戦,uma_start_shisu_decile+kishu_shisu_decile+kijun_ninkijun_tansho,uma_start_shisu_decile,kishu_shisu_decile,kijun_ninkijun_tansho,5,752,79.62,7.55,73.0,False
KEIBAJO_SURFACE_09_芝_条件戦,kyori_kubun+hizume_code+kyori_tekisei,kyori_kubun,hizume_code,kyori_tekisei,12,2787,77.95,8.89,72.92,False
KEIBAJO_SURFACE_09_芝_条件戦,kyori_kubun+ichi_shisu_juni+tenkai_kigo_code,kyori_kubun,ichi_shisu_juni,tenkai_kigo_code,22,4420,77.35,10.6,72.92,False
KEIBAJO_SURFACE_09_芝_条件戦,rotation_bin+tenkai_kigo_code+agari_shisu_juni,rotation_bin,tenkai_kigo_code,agari_shisu_juni,7,897,78.47,7.5,72.91,False
KEIBAJO_SURFACE_09_芝_条件戦,ichi_shisu_juni+kyakushitsu+class_code,ichi_shisu_juni,kyakushitsu,class_code,14,2078,79.66,12.94,72.88,False
KEIBAJO_SURFACE_09_芝_条件戦,manken_shirushi+pace_yoso+hizume_code,manken_shirushi,pace_yoso,hizume_code,6,711,79.52,8.3,72.87,False
KEIBAJO_SURFACE_09_芝_条件戦,hizume_code+omo_tekisei_code+ten_shisu_juni,hizume_code,omo_tekisei_code,ten_shisu_juni,8,992,79.06,8.95,72.86,False
KEIBAJO_SURFACE_09_芝_条件戦,hizume_code+kyori_tekisei+class_code,hizume_code,kyori_tekisei,class_code,13,3156,76.14,6.08,72.84,False
KEIBAJO_SURFACE_09_芝_条件戦,kyori_kubun+omo_tekisei_code+class_code,kyori_kubun,omo_tekisei_code,class_code,13,4869,77.59,8.87,72.77,False
KEIBAJO_SURFACE_09_芝_条件戦,omo_tekisei_code+kishu_kitai_tansho_decile+kijun_ninkijun_tansho,omo_tekisei_code,kishu_kitai_tansho_decile,kijun_ninkijun_tansho,15,2227,78.61,11.62,72.73,False
KEIBAJO_SURFACE_09_芝_条件戦,hizume_code+omo_tekisei_code+tenkai_kigo_code,hizume_code,omo_tekisei_code,tenkai_kigo_code,13,3597,79.4,12.37,72.68,False
KEIBAJO_SURFACE_09_芝_条件戦,pace_yoso+omo_tekisei_code+bataiju_zogen,pace_yoso,omo_tekisei_code,bataiju_zogen,18,2765,77.42,10.39,72.62,False
KEIBAJO_SURFACE_09_芝_条件戦,manken_shirushi+kyori_tekisei+kyakushitsu,manken_shirushi,kyori_tekisei,kyakushitsu,9,1899,77.12,6.97,72.57,False
KEIBAJO_SURFACE_09_芝_条件戦,uma_start_shisu_decile+kyakushitsu+gekiso_juni,uma_start_shisu_decile,kyakushitsu,gekiso_juni,4,451,81.59,9.23,72.55,False
KEIBAJO_SURFACE_09_芝_条件戦,kyori_kubun+omo_tekisei_code+kyakushitsu,kyori_kubun,omo_tekisei_code,kyakushitsu,18,4739,75.87,7.32,72.49,False
KEIBAJO_SURFACE_09_芝_条件戦,kyori_kubun+uma_start_shisu_decile+bataiju_zogen,kyori_kubun,uma_start_shisu_decile,bataiju_zogen,9,1280,77.16,7.27,72.41,False
KEIBAJO_SURFACE_09_芝_条件戦,manken_shirushi+kyori_kubun+kyori_tekisei,manken_shirushi,kyori_kubun,kyori_tekisei,26,3610,76.35,10.3,72.39,False
KEIBAJO_SURFACE_09_芝_条件戦,pace_yoso+kyori_tekisei+bataiju_zogen,pace_yoso,kyori_tekisei,bataiju_zogen,10,1571,78.02,9.15,72.35,False
KEIBAJO_SURFACE_09_芝_条件戦,hizume_code+omo_tekisei_code+ichi_shisu_juni,hizume_code,omo_tekisei_code,ichi_shisu_juni,8,1107,76.69,6.4,72.25,False
KEIBAJO_SURFACE_09_芝_条件戦,manken_shirushi+ichi_shisu_juni+kyakushitsu,manken_shirushi,ichi_shisu_juni,kyakushitsu,8,1759,77.38,7.42,72.23,False
KEIBAJO_SURFACE_09_芝_条件戦,omo_tekisei_code+kyori_tekisei+class_code,omo_tekisei_code,kyori_tekisei,class_code,13,4875,76.15,7.24,72.22,False
KEIBAJO_SURFACE_09_芝_条件戦,kyori_kubun+pace_shisu_juni+kishu_kitai_rentai_decile,kyori_kubun,pace_shisu_juni,kishu_kitai_rentai_decile,3,482,84.22,10.64,72.18,False
KEIBAJO_SURFACE_09_芝_条件戦,kyori_kubun+kyakushitsu+class_code,kyori_kubun,kyakushitsu,class_code,15,4396,76.17,7.96,72.14,False
KEIBAJO_SURFACE_09_芝_条件戦,kyori_tekisei+pace_shisu_juni+kijun_ninkijun_tansho,kyori_tekisei,pace_shisu_juni,kijun_ninkijun_tansho,4,589,82.71,10.83,72.09,False
KEIBAJO_SURFACE_09_芝_条件戦,uma_start_shisu_decile+bataiju_zogen+kyakushitsu,uma_start_shisu_decile,bataiju_zogen,kyakushitsu,8,1033,78.36,9.09,72.06,False
KEIBAJO_SURFACE_09_芝_条件戦,manken_shirushi+kyori_kubun+omo_tekisei_code,manken_shirushi,kyori_kubun,omo_tekisei_code,17,1877,77.67,11.83,72.05,False
KEIBAJO_SURFACE_09_芝_条件戦,kyori_kubun+kyori_tekisei+bataiju_zogen,kyori_kubun,kyori_tekisei,bataiju_zogen,11,1981,79.23,12.16,72.04,False
KEIBAJO_SURFACE_09_芝_条件戦,kyori_kubun+hizume_code+kyakushitsu,kyori_kubun,hizume_code,kyakushitsu,14,2600,77.97,11.34,72.03,False
KEIBAJO_SURFACE_09_芝_条件戦,kyori_tekisei+manken_shisu_decile+kyakushitsu,kyori_tekisei,manken_shisu_decile,kyakushitsu,13,3557,78.32,11.7,71.96,False
KEIBAJO_SURFACE_09_芝_条件戦,omo_tekisei_code+rotation_bin+kyori_tekisei,omo_tekisei_code,rotation_bin,kyori_tekisei,21,4080,75.79,9.0,71.94,False
KEIBAJO_SURFACE_09_芝_条件戦,kyori_kubun+omo_tekisei_code+kyori_tekisei,kyori_kubun,omo_tekisei_code,kyori_tekisei,16,4888,75.19,6.75,71.88,False
KEIBAJO_SURFACE_09_芝_条件戦,omo_tekisei_code+kyori_tekisei+agari_shisu_juni,omo_tekisei_code,kyori_tekisei,agari_shisu_juni,12,1328,77.37,9.75,71.85,False
KEIBAJO_SURFACE_09_芝_条件戦,hizume_code+tenkai_kigo_code+agari_shisu_juni,hizume_code,tenkai_kigo_code,agari_shisu_juni,12,1709,77.04,9.19,71.84,False
KEIBAJO_SURFACE_09_芝_条件戦,manken_shirushi+hizume_code+uma_start_shisu_decile,manken_shirushi,hizume_code,uma_start_shisu_decile,3,319,77.34,4.87,71.83,False
KEIBAJO_SURFACE_09_芝_条件戦,uma_start_shisu_decile+omo_tekisei_code+kishu_kitai_tansho_decile,uma_start_shisu_decile,omo_tekisei_code,kishu_kitai_tansho_decile,13,2138,78.45,12.19,71.83,False
KEIBAJO_SURFACE_09_芝_条件戦,kyori_kubun+uma_start_shisu_decile+rotation_bin,kyori_kubun,uma_start_shisu_decile,rotation_bin,10,2007,75.7,6.29,71.81,False
KEIBAJO_SURFACE_09_芝_条件戦,uma_start_shisu_decile+rotation_bin+kyori_tekisei,uma_start_shisu_decile,rotation_bin,kyori_tekisei,10,1863,75.41,5.84,71.79,False
KEIBAJO_SURFACE_09_芝_条件戦,hizume_code+omo_tekisei_code+pace_shisu_juni,hizume_code,omo_tekisei_code,pace_shisu_juni,10,1253,77.4,9.11,71.76,False
KEIBAJO_SURFACE_09_芝_条件戦,pace_yoso+bataiju_zogen+tenkai_kigo_code,pace_yoso,bataiju_zogen,tenkai_kigo_code,12,1931,77.72,10.58,71.74,False
KEIBAJO_SURFACE_09_芝_条件戦,manken_shirushi+kyori_tekisei+class_code,manken_shirushi,kyori_tekisei,class_code,16,2235,77.53,11.84,71.73,False
KEIBAJO_SURFACE_09_芝_条件戦,uma_start_shisu_decile+kyori_tekisei+bataiju_zogen,uma_start_shisu_decile,kyori_tekisei,bataiju_zogen,9,1226,77.25,8.48,71.71,False
KEIBAJO_SURFACE_09_芝_条件戦,uma_start_shisu_decile+omo_tekisei_code+tenkai_kigo_code,uma_start_shisu_decile,omo_tekisei_code,tenkai_kigo_code,19,3957,77.2,12.26,71.69,False
KEIBAJO_SURFACE_09_芝_条件戦,pace_yoso+omo_tekisei_code+agari_shisu_juni,pace_yoso,omo_tekisei_code,agari_shisu_juni,15,1905,76.86,10.26,71.67,False
KEIBAJO_SURFACE_09_芝_条件戦,uma_start_shisu_decile+omo_tekisei_code+ichi_shisu_juni,uma_start_shisu_decile,omo_tekisei_code,ichi_shisu_juni,13,1659,77.27,10.39,71.62,False
KEIBAJO_SURFACE_09_芝_条件戦,uma_start_shisu_decile+omo_tekisei_code+bataiju_zogen,uma_start_shisu_decile,omo_tekisei_code,bataiju_zogen,10,1594,77.97,10.27,71.6,False
KEIBAJO_SURFACE_09_芝_条件戦,uma_start_shisu_decile+kyakushitsu+kishu_kitai_rentai_decile,uma_start_shisu_decile,kyakushitsu,kishu_kitai_rentai_decile,10,1296,76.36,7.7,71.59,False
KEIBAJO_SURFACE_09_芝_条件戦,pace_yoso+uma_start_shisu_decile+kyakushitsu,pace_yoso,uma_start_shisu_decile,kyakushitsu,16,3316,76.94,10.94,71.58,False
KEIBAJO_SURFACE_09_芝_条件戦,pace_yoso+omo_tekisei_code+kyori_tekisei,pace_yoso,omo_tekisei_code,kyori_tekisei,18,5096,75.16,7.79,71.56,False
KEIBAJO_SURFACE_09_芝_条件戦,manken_shirushi+kyori_tekisei+ichi_shisu_juni,manken_shirushi,kyori_tekisei,ichi_shisu_juni,8,1789,76.72,7.46,71.55,False
KEIBAJO_SURFACE_09_芝_条件戦,kyori_kubun+bataiju_zogen+kyakushitsu,kyori_kubun,bataiju_zogen,kyakushitsu,12,1387,75.46,6.95,71.53,False
KEIBAJO_SURFACE_09_芝_条件戦,omo_tekisei_code+rotation_bin+kyakushitsu,omo_tekisei_code,rotation_bin,kyakushitsu,28,4384,76.23,12.71,71.52,False
KEIBAJO_SURFACE_09_芝_条件戦,manken_shirushi+pace_yoso+class_code,manken_shirushi,pace_yoso,class_code,9,1602,76.93,8.37,71.46,False
KEIBAJO_SURFACE_09_芝_条件戦,kyori_kubun+omo_tekisei_code+rotation_bin,kyori_kubun,omo_tekisei_code,rotation_bin,21,4287,75.4,9.23,71.45,False
KEIBAJO_SURFACE_09_芝_条件戦,kyori_kubun+omo_tekisei_code+ten_shisu_juni,kyori_kubun,omo_tekisei_code,ten_shisu_juni,7,731,81.29,13.29,71.44,False
KEIBAJO_SURFACE_09_芝_条件戦,pace_yoso+hizume_code+kyakushitsu,pace_yoso,hizume_code,kyakushitsu,15,2746,75.25,7.63,71.38,False
KEIBAJO_SURFACE_09_芝_条件戦,hizume_code+omo_tekisei_code+kyori_tekisei,hizume_code,omo_tekisei_code,kyori_tekisei,14,3622,76.19,9.21,71.37,False
KEIBAJO_SURFACE_09_芝_条件戦,pace_shisu_juni+kyakushitsu+class_code,pace_shisu_juni,kyakushitsu,class_code,12,1442,79.3,14.03,71.36,False
KEIBAJO_SURFACE_09_芝_条件戦,omo_tekisei_code+rotation_bin+tenkai_kigo_code,omo_tekisei_code,rotation_bin,tenkai_kigo_code,12,3246,76.62,9.3,71.35,False
KEIBAJO_SURFACE_09_芝_条件戦,uma_start_shisu_decile+kyori_tekisei+ichi_shisu_juni,uma_start_shisu_decile,kyori_tekisei,ichi_shisu_juni,6,779,77.19,7.34,71.32,False
KEIBAJO_SURFACE_09_芝_条件戦,omo_tekisei_code+kyori_tekisei+ichi_shisu_juni,omo_tekisei_code,kyori_tekisei,ichi_shisu_juni,11,1402,78.5,12.15,71.32,False
KEIBAJO_SURFACE_09_芝_条件戦,pace_yoso+omo_tekisei_code+rotation_bin,pace_yoso,omo_tekisei_code,rotation_bin,22,4389,76.03,11.35,71.29,False
KEIBAJO_SURFACE_09_芝_条件戦,kyori_kubun+kyori_tekisei+kyakushitsu,kyori_kubun,kyori_tekisei,kyakushitsu,19,6986,74.16,6.46,71.26,False
KEIBAJO_SURFACE_09_芝_条件戦,omo_tekisei_code+rotation_bin+class_code,omo_tekisei_code,rotation_bin,class_code,13,4157,76.07,8.85,71.26,False
KEIBAJO_SURFACE_09_芝_条件戦,manken_shirushi+manken_shisu_decile+class_code,manken_shirushi,manken_shisu_decile,class_code,3,444,86.63,13.59,71.25,False
KEIBAJO_SURFACE_09_芝_条件戦,pace_yoso+rotation_bin+kyori_tekisei,pace_yoso,rotation_bin,kyori_tekisei,18,3142,75.61,9.45,71.24,False
KEIBAJO_SURFACE_09_芝_条件戦,uma_start_shisu_decile+rotation_bin+ls_shisu_juni,uma_start_shisu_decile,rotation_bin,ls_shisu_juni,5,861,76.03,5.48,71.23,False
KEIBAJO_SURFACE_09_芝_条件戦,kyori_kubun+uma_start_shisu_decile+kyori_tekisei,kyori_kubun,uma_start_shisu_decile,kyori_tekisei,17,3454,74.99,7.94,71.22,False
KEIBAJO_SURFACE_09_芝_条件戦,rotation_bin+kyori_tekisei+tenkai_kigo_code,rotation_bin,kyori_tekisei,tenkai_kigo_code,12,2565,75.49,7.55,71.21,False
KEIBAJO_SURFACE_09_芝_条件戦,pace_yoso+omo_tekisei_code+ls_shisu_juni,pace_yoso,omo_tekisei_code,ls_shisu_juni,16,3537,76.09,10.0,71.19,False
KEIBAJO_SURFACE_09_芝_条件戦,tenkai_kigo_code+gekiso_juni+agari_shisu_juni,tenkai_kigo_code,gekiso_juni,agari_shisu_juni,4,498,80.45,9.48,71.16,False
KEIBAJO_SURFACE_09_芝_条件戦,kyori_tekisei+kyakushitsu+gekiso_juni,kyori_tekisei,kyakushitsu,gekiso_juni,16,3090,77.16,12.28,71.14,False
KEIBAJO_SURFACE_09_芝_条件戦,omo_tekisei_code+bataiju_zogen+class_code,omo_tekisei_code,bataiju_zogen,class_code,15,3270,76.8,11.2,71.13,False
KEIBAJO_SURFACE_09_芝_条件戦,pace_yoso+uma_start_shisu_decile+omo_tekisei_code,pace_yoso,uma_start_shisu_decile,omo_tekisei_code,16,3879,75.26,8.44,71.12,False
KEIBAJO_SURFACE_09_芝_条件戦,pace_yoso+hizume_code+omo_tekisei_code,pace_yoso,hizume_code,omo_tekisei_code,14,3964,77.45,12.09,71.12,False
KEIBAJO_SURFACE_09_芝_条件戦,kyori_kubun+pace_yoso+omo_tekisei_code,kyori_kubun,pace_yoso,omo_tekisei_code,15,4928,75.18,8.03,71.11,False
KEIBAJO_SURFACE_09_芝_条件戦,omo_tekisei_code+kyori_tekisei+gekiso_juni,omo_tekisei_code,kyori_tekisei,gekiso_juni,16,1981,77.06,12.15,71.1,False
KEIBAJO_SURFACE_09_芝_条件戦,uma_start_shisu_decile+omo_tekisei_code+manken_shisu_decile,uma_start_shisu_decile,omo_tekisei_code,manken_shisu_decile,15,2068,76.39,10.56,71.05,False
KEIBAJO_SURFACE_09_芝_条件戦,uma_start_shisu_decile+omo_tekisei_code+ten_shisu_juni,uma_start_shisu_decile,omo_tekisei_code,ten_shisu_juni,7,781,79.96,12.02,71.05,False
KEIBAJO_SURFACE_09_芝_条件戦,kyori_kubun+kyori_tekisei+class_code,kyori_kubun,kyori_tekisei,class_code,11,4432,74.6,5.99,71.05,False
KEIBAJO_SURFACE_09_芝_条件戦,kyori_kubun+omo_tekisei_code+bataiju_zogen,kyori_kubun,omo_tekisei_code,bataiju_zogen,18,2711,77.35,13.64,71.04,False
KEIBAJO_SURFACE_09_芝_条件戦,gekiso_juni+kishu_kitai_tansho_decile+kishu_kitai_rentai_decile,gekiso_juni,kishu_kitai_tansho_decile,kishu_kitai_rentai_decile,14,2341,77.53,12.44,71.01,False
KEIBAJO_SURFACE_09_芝_条件戦,omo_tekisei_code+kyakushitsu+kijun_ninkijun_tansho,omo_tekisei_code,kyakushitsu,kijun_ninkijun_tansho,9,995,77.95,10.63,71.0,False
KEIBAJO_SURFACE_09_芝_条件戦,omo_tekisei_code+kijun_ninkijun_tansho+kishu_kitai_rentai_decile,omo_tekisei_code,kijun_ninkijun_tansho,kishu_kitai_rentai_decile,15,2170,76.63,11.15,70.99,False
KEIBAJO_SURFACE_09_芝_条件戦,agari_shisu_juni+kishu_kitai_tansho_decile+kishu_shisu_decile,agari_shisu_juni,kishu_kitai_tansho_decile,kishu_shisu_decile,9,1683,79.54,13.08,70.99,False
KEIBAJO_SURFACE_09_芝_条件戦,kyori_kubun+uma_start_shisu_decile+omo_tekisei_code,kyori_kubun,uma_start_shisu_decile,omo_tekisei_code,13,3362,77.58,12.14,70.98,False
KEIBAJO_SURFACE_09_芝_条件戦,omo_tekisei_code+ls_shisu_juni+class_code,omo_tekisei_code,ls_shisu_juni,class_code,18,4322,75.8,10.45,70.97,False
KEIBAJO_SURFACE_09_芝_条件戦,hizume_code+uma_start_shisu_decile+bataiju_zogen,hizume_code,uma_start_shisu_decile,bataiju_zogen,4,577,77.63,6.85,70.92,False
KEIBAJO_SURFACE_09_芝_条件戦,kyori_kubun+pace_yoso+kyakushitsu,kyori_kubun,pace_yoso,kyakushitsu,27,7430,74.3,8.98,70.92,False
KEIBAJO_SURFACE_09_芝_条件戦,pace_yoso+omo_tekisei_code+kyakushitsu,pace_yoso,omo_tekisei_code,kyakushitsu,21,5316,75.37,10.44,70.91,False
KEIBAJO_SURFACE_09_芝_条件戦,kyori_kubun+kyori_tekisei+tenkai_kigo_code,kyori_kubun,kyori_tekisei,tenkai_kigo_code,23,7244,74.72,9.32,70.91,False
KEIBAJO_SURFACE_09_芝_条件戦,uma_start_shisu_decile+kyakushitsu+class_code,uma_start_shisu_decile,kyakushitsu,class_code,14,3622,77.02,11.68,70.9,False
KEIBAJO_SURFACE_09_芝_条件戦,kyori_kubun+hizume_code+manken_shisu_decile,kyori_kubun,hizume_code,manken_shisu_decile,6,717,77.23,7.91,70.9,False
KEIBAJO_SURFACE_09_芝_条件戦,kyori_kubun+pace_yoso+bataiju_zogen,kyori_kubun,pace_yoso,bataiju_zogen,13,1900,77.73,12.6,70.89,False
KEIBAJO_SURFACE_09_芝_条件戦,manken_shirushi+kyori_kubun+ichi_shisu_juni,manken_shirushi,kyori_kubun,ichi_shisu_juni,12,1570,76.64,10.21,70.87,False
KEIBAJO_SURFACE_09_芝_条件戦,manken_shirushi+kyori_kubun+class_code,manken_shirushi,kyori_kubun,class_code,16,2281,76.48,11.52,70.84,False
KEIBAJO_SURFACE_09_芝_条件戦,kyori_kubun+uma_start_shisu_decile+class_code,kyori_kubun,uma_start_shisu_decile,class_code,15,3771,74.4,7.06,70.83,False
KEIBAJO_SURFACE_09_芝_条件戦,omo_tekisei_code+kyori_tekisei+manken_shisu_decile,omo_tekisei_code,kyori_tekisei,manken_shisu_decile,23,3071,74.52,9.09,70.81,False
KEIBAJO_SURFACE_09_芝_条件戦,hizume_code+omo_tekisei_code+kyakushitsu,hizume_code,omo_tekisei_code,kyakushitsu,14,3555,75.38,8.84,70.75,False
KEIBAJO_SURFACE_09_芝_条件戦,hizume_code+kyori_tekisei+tenkai_kigo_code,hizume_code,kyori_tekisei,tenkai_kigo_code,9,2222,75.99,8.04,70.74,False
KEIBAJO_SURFACE_09_芝_条件戦,omo_tekisei_code+tenkai_kigo_code+agari_shisu_juni,omo_tekisei_code,tenkai_kigo_code,agari_shisu_juni,22,4095,76.3,13.33,70.73,False
KEIBAJO_SURFACE_09_芝_条件戦,kyori_kubun+pace_shisu_juni+kishu_shisu_decile,kyori_kubun,pace_shisu_juni,kishu_shisu_decile,3,469,84.57,12.23,70.73,False
KEIBAJO_SURFACE_09_芝_条件戦,pace_yoso+uma_start_shisu_decile+ichi_shisu_juni,pace_yoso,uma_start_shisu_decile,ichi_shisu_juni,8,1066,75.51,6.89,70.73,False
KEIBAJO_SURFACE_09_芝_条件戦,pace_yoso+kyori_tekisei+manken_shisu_decile,pace_yoso,kyori_tekisei,manken_shisu_decile,24,4911,74.51,9.47,70.72,False
KEIBAJO_SURFACE_09_芝_条件戦,ichi_shisu_juni+ten_shisu_juni+kijun_ninkijun_tansho,ichi_shisu_juni,ten_shisu_juni,kijun_ninkijun_tansho,4,590,79.89,9.39,70.69,False
KEIBAJO_SURFACE_09_芝_条件戦,pace_yoso+rotation_bin+tenkai_kigo_code,pace_yoso,rotation_bin,tenkai_kigo_code,16,3152,75.78,10.4,70.68,False
KEIBAJO_SURFACE_09_芝_条件戦,hizume_code+kyakushitsu+class_code,hizume_code,kyakushitsu,class_code,13,3056,75.67,9.25,70.64,False
KEIBAJO_SURFACE_09_芝_条件戦,manken_shirushi+pace_yoso+ichi_shisu_juni,manken_shirushi,pace_yoso,ichi_shisu_juni,8,1589,73.98,4.84,70.63,False
KEIBAJO_SURFACE_09_芝_条件戦,manken_shirushi+pace_yoso+kyakushitsu,manken_shirushi,pace_yoso,kyakushitsu,11,1706,77.21,11.13,70.63,False
KEIBAJO_SURFACE_09_芝_条件戦,kyori_kubun+kyakushitsu+agari_shisu_juni,kyori_kubun,kyakushitsu,agari_shisu_juni,15,1760,77.26,13.2,70.58,False
KEIBAJO_SURFACE_09_芝_条件戦,hizume_code+uma_start_shisu_decile+kyakushitsu,hizume_code,uma_start_shisu_decile,kyakushitsu,9,1816,75.61,7.73,70.56,False
KEIBAJO_SURFACE_09_芝_条件戦,kyori_kubun+uma_start_shisu_decile+ten_shisu_juni,kyori_kubun,uma_start_shisu_decile,ten_shisu_juni,3,317,84.42,12.25,70.56,False
KEIBAJO_SURFACE_09_芝_条件戦,hizume_code+omo_tekisei_code+gekiso_juni,hizume_code,omo_tekisei_code,gekiso_juni,7,1105,76.02,7.38,70.55,False
KEIBAJO_SURFACE_09_芝_条件戦,pace_yoso+omo_tekisei_code+tenkai_kigo_code,pace_yoso,omo_tekisei_code,tenkai_kigo_code,16,4757,73.91,6.87,70.55,False
KEIBAJO_SURFACE_09_芝_条件戦,omo_tekisei_code+kyakushitsu+tenkai_kigo_code,omo_tekisei_code,kyakushitsu,tenkai_kigo_code,17,4996,75.57,10.6,70.53,False
KEIBAJO_SURFACE_09_芝_条件戦,pace_yoso+uma_start_shisu_decile+tenkai_kigo_code,pace_yoso,uma_start_shisu_decile,tenkai_kigo_code,13,3016,76.16,10.37,70.53,False
KEIBAJO_SURFACE_09_芝_条件戦,uma_start_shisu_decile+tenkai_kigo_code+agari_shisu_juni,uma_start_shisu_decile,tenkai_kigo_code,agari_shisu_juni,12,1991,75.27,8.4,70.52,False
KEIBAJO_SURFACE_09_芝_条件戦,kyori_kubun+rotation_bin+tenkai_kigo_code,kyori_kubun,rotation_bin,tenkai_kigo_code,13,2815,75.2,8.66,70.49,False
KEIBAJO_SURFACE_09_芝_条件戦,joho_shisu_decile+agari_shisu_juni+kishu_shisu_decile,joho_shisu_decile,agari_shisu_juni,kishu_shisu_decile,6,933,81.88,14.22,70.49,False
KEIBAJO_SURFACE_09_芝_条件戦,kyori_kubun+manken_shisu_decile+kyakushitsu,kyori_kubun,manken_shisu_decile,kyakushitsu,18,3179,75.85,11.61,70.49,False
KEIBAJO_SURFACE_09_芝_条件戦,omo_tekisei_code+kyori_tekisei+kijun_ninkijun_tansho,omo_tekisei_code,kyori_tekisei,kijun_ninkijun_tansho,15,1856,76.04,10.97,70.48,False
KEIBAJO_SURFACE_09_芝_条件戦,hizume_code+kyori_tekisei+kyakushitsu,hizume_code,kyori_tekisei,kyakushitsu,12,2337,75.94,9.7,70.45,False
KEIBAJO_SURFACE_09_芝_条件戦,kyori_kubun+kyakushitsu+tenkai_kigo_code,kyori_kubun,kyakushitsu,tenkai_kigo_code,24,7143,74.39,9.86,70.44,False
KEIBAJO_SURFACE_09_芝_条件戦,pace_yoso+manken_shisu_decile+tenkai_kigo_code,pace_yoso,manken_shisu_decile,tenkai_kigo_code,23,4201,75.09,11.52,70.39,False
KEIBAJO_SURFACE_09_芝_条件戦,pace_yoso+kyakushitsu+gekiso_juni,pace_yoso,kyakushitsu,gekiso_juni,16,2476,75.56,10.56,70.39,False
KEIBAJO_SURFACE_09_芝_条件戦,kyori_kubun+rotation_bin+class_code,kyori_kubun,rotation_bin,class_code,13,3542,74.94,8.45,70.35,False
KEIBAJO_SURFACE_09_芝_条件戦,pace_yoso+omo_tekisei_code+class_code,pace_yoso,omo_tekisei_code,class_code,12,4980,74.21,6.87,70.33,False
KEIBAJO_SURFACE_09_芝_条件戦,uma_start_shisu_decile+tenkai_kigo_code+class_code,uma_start_shisu_decile,tenkai_kigo_code,class_code,15,3758,76.35,11.9,70.33,False
KEIBAJO_SURFACE_09_芝_条件戦,pace_yoso+omo_tekisei_code+manken_shisu_decile,pace_yoso,omo_tekisei_code,manken_shisu_decile,17,2671,75.74,11.46,70.3,False
KEIBAJO_SURFACE_09_芝_条件戦,omo_tekisei_code+bataiju_zogen+kyakushitsu,omo_tekisei_code,bataiju_zogen,kyakushitsu,16,2083,76.71,13.06,70.3,False
KEIBAJO_SURFACE_09_芝_条件戦,omo_tekisei_code+kyori_tekisei+tenkai_kigo_code,omo_tekisei_code,kyori_tekisei,tenkai_kigo_code,18,4614,74.35,8.79,70.29,False
KEIBAJO_SURFACE_09_芝_条件戦,manken_shisu_decile+kishu_kitai_tansho_decile+kishu_kitai_rentai_decile,manken_shisu_decile,kishu_kitai_tansho_decile,kishu_kitai_rentai_decile,29,3841,75.02,13.1,70.25,False
KEIBAJO_SURFACE_09_芝_条件戦,class_code+joho_shisu_decile+kishu_kitai_tansho_decile,class_code,joho_shisu_decile,kishu_kitai_tansho_decile,22,4047,76.64,15.28,70.25,False
KEIBAJO_SURFACE_09_芝_条件戦,uma_start_shisu_decile+kyori_tekisei+class_code,uma_start_shisu_decile,kyori_tekisei,class_code,15,3672,74.79,8.97,70.25,False
KEIBAJO_SURFACE_09_芝_条件戦,kyori_kubun+uma_start_shisu_decile+tenkai_kigo_code,kyori_kubun,uma_start_shisu_decile,tenkai_kigo_code,15,3011,75.3,10.04,70.22,False
KEIBAJO_SURFACE_09_芝_条件戦,pace_yoso+hizume_code+tenkai_kigo_code,pace_yoso,hizume_code,tenkai_kigo_code,15,3019,75.77,10.99,70.2,False
KEIBAJO_SURFACE_09_芝_条件戦,pace_yoso+tenkai_kigo_code+class_code,pace_yoso,tenkai_kigo_code,class_code,12,4194,74.42,7.49,70.19,False
KEIBAJO_SURFACE_09_芝_条件戦,hizume_code+uma_start_shisu_decile+rotation_bin,hizume_code,uma_start_shisu_decile,rotation_bin,6,1104,74.3,5.16,70.17,False
KEIBAJO_SURFACE_09_芝_条件戦,kyori_kubun+pace_yoso+rotation_bin,kyori_kubun,pace_yoso,rotation_bin,20,3521,75.52,12.29,70.14,False
KEIBAJO_SURFACE_09_芝_条件戦,manken_shirushi+pace_yoso+tenkai_kigo_code,manken_shirushi,pace_yoso,tenkai_kigo_code,22,2692,75.22,12.19,70.13,False
KEIBAJO_SURFACE_09_芝_条件戦,omo_tekisei_code+kyori_tekisei+pace_shisu_juni,omo_tekisei_code,kyori_tekisei,pace_shisu_juni,8,931,78.94,12.72,70.13,False
KEIBAJO_SURFACE_09_芝_条件戦,rotation_bin+kyori_tekisei+kyakushitsu,rotation_bin,kyori_tekisei,kyakushitsu,21,2871,74.69,10.66,70.13,False
KEIBAJO_SURFACE_09_芝_条件戦,uma_start_shisu_decile+ichi_shisu_juni+kyakushitsu,uma_start_shisu_decile,ichi_shisu_juni,kyakushitsu,9,1213,76.72,10.1,70.13,False
KEIBAJO_SURFACE_09_芝_条件戦,kyori_kubun+omo_tekisei_code+gekiso_juni,kyori_kubun,omo_tekisei_code,gekiso_juni,18,2080,76.3,13.39,70.12,False
KEIBAJO_SURFACE_09_芝_条件戦,kyakushitsu+class_code+gekiso_juni,kyakushitsu,class_code,gekiso_juni,16,1913,75.12,10.21,70.12,False
KEIBAJO_SURFACE_09_芝_条件戦,kyori_tekisei+ten_shisu_juni+kijun_ninkijun_tansho,kyori_tekisei,ten_shisu_juni,kijun_ninkijun_tansho,3,458,81.55,10.1,70.12,False
KEIBAJO_SURFACE_09_芝_条件戦,uma_start_shisu_decile+manken_shisu_decile+kyakushitsu,uma_start_shisu_decile,manken_shisu_decile,kyakushitsu,7,855,82.05,16.11,70.12,False
KEIBAJO_SURFACE_09_芝_条件戦,kyori_kubun+pace_yoso+ichi_shisu_juni,kyori_kubun,pace_yoso,ichi_shisu_juni,15,4066,75.47,10.6,70.11,False
KEIBAJO_SURFACE_09_芝_条件戦,kyakushitsu+kijun_ninkijun_tansho+kishu_kitai_rentai_decile,kyakushitsu,kijun_ninkijun_tansho,kishu_kitai_rentai_decile,13,2004,77.33,13.3,70.1,False
KEIBAJO_SURFACE_09_芝_条件戦,kyori_kubun+pace_yoso+uma_start_shisu_decile,kyori_kubun,pace_yoso,uma_start_shisu_decile,13,3119,74.26,7.68,70.09,False
KEIBAJO_SURFACE_09_芝_条件戦,omo_tekisei_code+manken_shisu_decile+kyakushitsu,omo_tekisei_code,manken_shisu_decile,kyakushitsu,15,1790,76.19,12.08,70.08,False
KEIBAJO_SURFACE_09_芝_条件戦,omo_tekisei_code+ten_shisu_juni+tenkai_kigo_code,omo_tekisei_code,ten_shisu_juni,tenkai_kigo_code,15,2053,76.82,13.34,70.07,False
KEIBAJO_SURFACE_09_芝_条件戦,kyori_kubun+kyori_tekisei+ls_shisu_juni,kyori_kubun,kyori_tekisei,ls_shisu_juni,30,6186,74.46,12.29,70.06,False
KEIBAJO_SURFACE_09_芝_条件戦,rotation_bin+kyakushitsu+class_code,rotation_bin,kyakushitsu,class_code,18,3780,75.71,12.21,70.06,False
KEIBAJO_SURFACE_09_芝_条件戦,hizume_code+kijun_ninkijun_tansho+kishu_kitai_rentai_decile,hizume_code,kijun_ninkijun_tansho,kishu_kitai_rentai_decile,5,642,80.41,11.82,70.05,False
KEIBAJO_SURFACE_09_芝_条件戦,uma_start_shisu_decile+omo_tekisei_code+kyori_tekisei,uma_start_shisu_decile,omo_tekisei_code,kyori_tekisei,14,3332,74.94,9.35,70.04,False
KEIBAJO_SURFACE_09_芝_条件戦,pace_yoso+kyori_tekisei+kyakushitsu,pace_yoso,kyori_tekisei,kyakushitsu,22,7074,74.32,10.25,70.04,False
KEIBAJO_SURFACE_09_芝_条件戦,pace_yoso+omo_tekisei_code+ichi_shisu_juni,pace_yoso,omo_tekisei_code,ichi_shisu_juni,16,2006,75.83,11.83,70.03,False
KEIBAJO_SURFACE_09_芝_条件戦,kyori_kubun+kyori_tekisei+agari_shisu_juni,kyori_kubun,kyori_tekisei,agari_shisu_juni,30,4035,74.82,13.39,70.02,False
KEIBAJO_SURFACE_09_芝_条件戦,kyori_kubun+pace_yoso+manken_shisu_decile,kyori_kubun,pace_yoso,manken_shisu_decile,24,4871,74.05,10.06,70.02,False
KEIBAJO_SURFACE_09_芝_条件戦,kyori_kubun+pace_yoso+kyori_tekisei,kyori_kubun,pace_yoso,kyori_tekisei,21,7642,72.84,6.64,70.0,False
KEIBAJO_SURFACE_09_芝_条件戦,uma_start_shisu_decile+kyori_tekisei+tenkai_kigo_code,uma_start_shisu_decile,kyori_tekisei,tenkai_kigo_code,16,3021,74.6,9.42,69.99,False
KEIBAJO_SURFACE_09_芝_条件戦,omo_tekisei_code+ten_shisu_juni+class_code,omo_tekisei_code,ten_shisu_juni,class_code,21,3060,74.71,11.05,69.99,False
KEIBAJO_SURFACE_09_芝_条件戦,kyori_tekisei+kyakushitsu+class_code,kyori_tekisei,kyakushitsu,class_code,17,4468,75.49,11.61,69.97,False
KEIBAJO_SURFACE_09_芝_条件戦,kyori_kubun+hizume_code+omo_tekisei_code,kyori_kubun,hizume_code,omo_tekisei_code,17,4021,75.06,10.71,69.97,False
KEIBAJO_SURFACE_09_芝_条件戦,kyori_kubun+ichi_shisu_juni+class_code,kyori_kubun,ichi_shisu_juni,class_code,18,2466,75.49,12.0,69.95,False
KEIBAJO_SURFACE_09_芝_条件戦,hizume_code+rotation_bin+class_code,hizume_code,rotation_bin,class_code,11,2325,74.86,8.34,69.93,False
KEIBAJO_SURFACE_09_芝_条件戦,kyakushitsu+ten_shisu_juni+class_code,kyakushitsu,ten_shisu_juni,class_code,14,1642,77.01,13.53,69.92,False
KEIBAJO_SURFACE_09_芝_条件戦,kyori_kubun+omo_tekisei_code+joho_shisu_decile,kyori_kubun,omo_tekisei_code,joho_shisu_decile,25,4617,74.81,12.48,69.92,False
KEIBAJO_SURFACE_09_芝_条件戦,omo_tekisei_code+kyakushitsu+kishu_kitai_tansho_decile,omo_tekisei_code,kyakushitsu,kishu_kitai_tansho_decile,20,2700,76.99,16.11,69.92,False
KEIBAJO_SURFACE_09_芝_条件戦,pace_yoso+tenkai_kigo_code+agari_shisu_juni,pace_yoso,tenkai_kigo_code,agari_shisu_juni,27,5092,74.47,12.1,69.9,False
KEIBAJO_SURFACE_09_芝_条件戦,kyori_kubun+rotation_bin+kyakushitsu,kyori_kubun,rotation_bin,kyakushitsu,22,3170,74.91,12.01,69.89,False
KEIBAJO_SURFACE_09_芝_条件戦,kyakushitsu+tenkai_kigo_code+agari_shisu_juni,kyakushitsu,tenkai_kigo_code,agari_shisu_juni,38,5895,74.36,14.14,69.86,False
KEIBAJO_SURFACE_09_芝_条件戦,kyori_kubun+tenkai_kigo_code+class_code,kyori_kubun,tenkai_kigo_code,class_code,16,4410,75.66,11.84,69.86,False
KEIBAJO_SURFACE_09_芝_条件戦,kyori_tekisei+ichi_shisu_juni+kyakushitsu,kyori_tekisei,ichi_shisu_juni,kyakushitsu,9,3561,77.58,11.82,69.85,False
KEIBAJO_SURFACE_09_芝_条件戦,kyori_tekisei+bataiju_zogen+class_code,kyori_tekisei,bataiju_zogen,class_code,13,2444,76.51,12.31,69.82,False
KEIBAJO_SURFACE_09_芝_条件戦,kyori_kubun+kyori_tekisei+manken_shisu_decile,kyori_kubun,kyori_tekisei,manken_shisu_decile,25,5217,74.1,10.92,69.82,False
KEIBAJO_SURFACE_09_芝_条件戦,pace_yoso+manken_shisu_decile+kyakushitsu,pace_yoso,manken_shisu_decile,kyakushitsu,20,3817,75.4,12.75,69.81,False
KEIBAJO_SURFACE_09_芝_条件戦,pace_yoso+ichi_shisu_juni+tenkai_kigo_code,pace_yoso,ichi_shisu_juni,tenkai_kigo_code,14,3972,75.3,10.52,69.79,False
KEIBAJO_SURFACE_09_芝_条件戦,omo_tekisei_code+kyori_tekisei+kyakushitsu,omo_tekisei_code,kyori_tekisei,kyakushitsu,18,4672,74.11,9.38,69.78,False
KEIBAJO_SURFACE_09_芝_条件戦,kyori_kubun+uma_start_shisu_decile+kishu_kitai_tansho_decile,kyori_kubun,uma_start_shisu_decile,kishu_kitai_tansho_decile,12,1762,80.87,19.68,69.74,False
KEIBAJO_SURFACE_09_芝_条件戦,pace_yoso+rotation_bin+class_code,pace_yoso,rotation_bin,class_code,16,3973,74.83,10.42,69.73,False
KEIBAJO_SURFACE_09_芝_条件戦,tenkai_kigo_code+agari_shisu_juni+kishu_kitai_rentai_decile,tenkai_kigo_code,agari_shisu_juni,kishu_kitai_rentai_decile,7,1288,78.72,12.13,69.73,False
KEIBAJO_SURFACE_09_芝_条件戦,kyori_tekisei+class_code+gekiso_juni,kyori_tekisei,class_code,gekiso_juni,19,2661,75.08,11.92,69.72,False
KEIBAJO_SURFACE_09_芝_条件戦,bataiju_zogen+kyakushitsu+class_code,bataiju_zogen,kyakushitsu,class_code,15,2454,76.52,13.44,69.72,False
KEIBAJO_SURFACE_09_芝_条件戦,tenkai_kigo_code+class_code+kishu_kitai_tansho_decile,tenkai_kigo_code,class_code,kishu_kitai_tansho_decile,16,3313,76.2,13.32,69.68,False
KEIBAJO_SURFACE_09_芝_条件戦,pace_yoso+class_code+kishu_kitai_tansho_decile,pace_yoso,class_code,kishu_kitai_tansho_decile,19,3740,76.2,14.5,69.68,False
KEIBAJO_SURFACE_09_芝_条件戦,kyori_tekisei+tenkai_kigo_code+joho_shisu_decile,kyori_tekisei,tenkai_kigo_code,joho_shisu_decile,23,5904,75.05,13.13,69.68,False
KEIBAJO_SURFACE_09_芝_条件戦,omo_tekisei_code+bataiju_zogen+tenkai_kigo_code,omo_tekisei_code,bataiju_zogen,tenkai_kigo_code,13,2417,75.41,10.55,69.67,False
KEIBAJO_SURFACE_09_芝_条件戦,kyori_kubun+uma_start_shisu_decile+kyakushitsu,kyori_kubun,uma_start_shisu_decile,kyakushitsu,12,2818,74.68,8.91,69.63,False
KEIBAJO_SURFACE_09_芝_条件戦,kyori_kubun+omo_tekisei_code+manken_shisu_decile,kyori_kubun,omo_tekisei_code,manken_shisu_decile,23,3089,73.57,9.7,69.61,False
KEIBAJO_SURFACE_09_芝_条件戦,pace_yoso+kyakushitsu+class_code,pace_yoso,kyakushitsu,class_code,12,4245,74.9,9.35,69.61,False
KEIBAJO_SURFACE_09_芝_条件戦,kyori_kubun+hizume_code+uma_start_shisu_decile,kyori_kubun,hizume_code,uma_start_shisu_decile,7,1710,75.66,8.2,69.59,False
KEIBAJO_SURFACE_09_芝_条件戦,pace_yoso+uma_start_shisu_decile+class_code,pace_yoso,uma_start_shisu_decile,class_code,14,3832,74.7,9.78,69.58,False
KEIBAJO_SURFACE_09_芝_条件戦,pace_yoso+rotation_bin+kyakushitsu,pace_yoso,rotation_bin,kyakushitsu,19,2957,74.36,10.66,69.57,False
KEIBAJO_SURFACE_09_芝_条件戦,hizume_code+omo_tekisei_code+class_code,hizume_code,omo_tekisei_code,class_code,13,4225,75.01,10.02,69.56,False
KEIBAJO_SURFACE_09_芝_条件戦,kyori_tekisei+ls_shisu_juni+class_code,kyori_tekisei,ls_shisu_juni,class_code,18,3539,76.28,14.55,69.56,False
KEIBAJO_SURFACE_09_芝_条件戦,hizume_code+rotation_bin+kyori_tekisei,hizume_code,rotation_bin,kyori_tekisei,12,1852,72.87,5.87,69.55,False
KEIBAJO_SURFACE_09_芝_条件戦,hizume_code+uma_start_shisu_decile+kishu_kitai_tansho_decile,hizume_code,uma_start_shisu_decile,kishu_kitai_tansho_decile,6,826,74.71,6.46,69.54,False
KEIBAJO_SURFACE_09_芝_条件戦,pace_yoso+kyori_tekisei+ichi_shisu_juni,pace_yoso,kyori_tekisei,ichi_shisu_juni,9,3592,75.06,8.47,69.53,False
KEIBAJO_SURFACE_09_芝_条件戦,kyori_kubun+pace_shisu_juni+kishu_kitai_tansho_decile,kyori_kubun,pace_shisu_juni,kishu_kitai_tansho_decile,3,486,83.34,12.2,69.53,False
KEIBAJO_SURFACE_09_芝_条件戦,pace_yoso+omo_tekisei_code+gekiso_juni,pace_yoso,omo_tekisei_code,gekiso_juni,15,1976,75.52,11.84,69.53,False
KEIBAJO_SURFACE_09_芝_条件戦,tenkai_kigo_code+kijun_ninkijun_tansho+kishu_kitai_rentai_decile,tenkai_kigo_code,kijun_ninkijun_tansho,kishu_kitai_rentai_decile,22,3149,75.28,13.81,69.51,False
KEIBAJO_SURFACE_09_芝_条件戦,kyori_tekisei+bataiju_zogen+tenkai_kigo_code,kyori_tekisei,bataiju_zogen,tenkai_kigo_code,10,1680,76.4,11.11,69.51,False
KEIBAJO_SURFACE_09_芝_条件戦,kyori_kubun+hizume_code+tenkai_kigo_code,kyori_kubun,hizume_code,tenkai_kigo_code,9,2304,73.82,6.61,69.51,False
KEIBAJO_SURFACE_09_芝_条件戦,uma_start_shisu_decile+class_code+gekiso_juni,uma_start_shisu_decile,class_code,gekiso_juni,11,1663,74.12,7.83,69.5,False
KEIBAJO_SURFACE_09_芝_条件戦,pace_yoso+kyori_tekisei+class_code,pace_yoso,kyori_tekisei,class_code,14,4555,74.09,8.75,69.5,False
KEIBAJO_SURFACE_09_芝_条件戦,hizume_code+omo_tekisei_code+kijun_ninkijun_tansho,hizume_code,omo_tekisei_code,kijun_ninkijun_tansho,9,1347,74.81,8.15,69.49,False
KEIBAJO_SURFACE_09_芝_条件戦,kyori_tekisei+tenkai_kigo_code+class_code,kyori_tekisei,tenkai_kigo_code,class_code,16,4323,75.08,11.43,69.48,False
KEIBAJO_SURFACE_09_芝_条件戦,hizume_code+bataiju_zogen+class_code,hizume_code,bataiju_zogen,class_code,10,1594,77.02,12.23,69.45,False
KEIBAJO_SURFACE_09_芝_条件戦,ichi_shisu_juni+ls_shisu_juni+tenkai_kigo_code,ichi_shisu_juni,ls_shisu_juni,tenkai_kigo_code,17,2992,74.95,11.57,69.45,False
KEIBAJO_SURFACE_09_芝_条件戦,omo_tekisei_code+kyori_tekisei+kishu_kitai_tansho_decile,omo_tekisei_code,kyori_tekisei,kishu_kitai_tansho_decile,23,3403,74.48,12.54,69.36,False
KEIBAJO_SURFACE_09_芝_条件戦,omo_tekisei_code+tenkai_kigo_code+class_code,omo_tekisei_code,tenkai_kigo_code,class_code,15,4897,75.06,11.29,69.35,False
KEIBAJO_SURFACE_09_芝_条件戦,ichi_shisu_juni+kyakushitsu+tenkai_kigo_code,ichi_shisu_juni,kyakushitsu,tenkai_kigo_code,17,4719,75.29,12.48,69.35,False
KEIBAJO_SURFACE_09_芝_条件戦,kyori_kubun+hizume_code+class_code,kyori_kubun,hizume_code,class_code,13,3242,74.1,8.75,69.35,False
KEIBAJO_SURFACE_09_芝_条件戦,pace_yoso+hizume_code+bataiju_zogen,pace_yoso,hizume_code,bataiju_zogen,5,791,74.28,5.65,69.33,False
KEIBAJO_SURFACE_09_芝_条件戦,kyori_tekisei+kyakushitsu+tenkai_kigo_code,kyori_tekisei,kyakushitsu,tenkai_kigo_code,18,6935,73.77,9.66,69.3,False
KEIBAJO_SURFACE_09_芝_条件戦,class_code+joho_shisu_decile+kishu_shisu_decile,class_code,joho_shisu_decile,kishu_shisu_decile,20,3767,77.4,18.48,69.29,False
KEIBAJO_SURFACE_09_芝_条件戦,kyori_tekisei+class_code+joho_shisu_decile,kyori_tekisei,class_code,joho_shisu_decile,19,4290,74.54,11.7,69.28,False
KEIBAJO_SURFACE_09_芝_条件戦,pace_yoso+uma_start_shisu_decile+rotation_bin,pace_yoso,uma_start_shisu_decile,rotation_bin,12,2172,74.84,9.83,69.27,False
KEIBAJO_SURFACE_09_芝_条件戦,omo_tekisei_code+kyakushitsu+joho_shisu_decile,omo_tekisei_code,kyakushitsu,joho_shisu_decile,25,4103,75.04,14.76,69.26,False
KEIBAJO_SURFACE_09_芝_条件戦,manken_shirushi+kyori_kubun+hizume_code,manken_shirushi,kyori_kubun,hizume_code,3,316,80.77,10.2,69.23,False
KEIBAJO_SURFACE_09_芝_条件戦,pace_yoso+kyori_tekisei+tenkai_kigo_code,pace_yoso,kyori_tekisei,tenkai_kigo_code,21,6985,72.84,8.45,69.22,False
KEIBAJO_SURFACE_09_芝_条件戦,omo_tekisei_code+manken_shisu_decile+class_code,omo_tekisei_code,manken_shisu_decile,class_code,20,4004,75.22,13.69,69.22,False
KEIBAJO_SURFACE_09_芝_条件戦,pace_yoso+hizume_code+rotation_bin,pace_yoso,hizume_code,rotation_bin,11,1815,74.15,8.35,69.22,False
KEIBAJO_SURFACE_09_芝_条件戦,omo_tekisei_code+ichi_shisu_juni+class_code,omo_tekisei_code,ichi_shisu_juni,class_code,20,3153,74.9,12.98,69.21,False
KEIBAJO_SURFACE_09_芝_条件戦,hizume_code+uma_start_shisu_decile+kyori_tekisei,hizume_code,uma_start_shisu_decile,kyori_tekisei,7,1613,77.53,11.26,69.19,False
KEIBAJO_SURFACE_09_芝_条件戦,omo_tekisei_code+ichi_shisu_juni+tenkai_kigo_code,omo_tekisei_code,ichi_shisu_juni,tenkai_kigo_code,19,2576,74.92,12.78,69.17,False
KEIBAJO_SURFACE_09_芝_条件戦,hizume_code+kyakushitsu+tenkai_kigo_code,hizume_code,kyakushitsu,tenkai_kigo_code,11,2653,73.87,7.95,69.17,False
KEIBAJO_SURFACE_09_芝_条件戦,ten_shisu_juni+kishu_kitai_tansho_decile+kishu_kitai_rentai_decile,ten_shisu_juni,kishu_kitai_tansho_decile,kishu_kitai_rentai_decile,15,2214,76.66,14.84,69.15,False
KEIBAJO_SURFACE_09_芝_条件戦,kyori_kubun+rotation_bin+kyori_tekisei,kyori_kubun,rotation_bin,kyori_tekisei,15,3175,73.67,8.98,69.12,False
KEIBAJO_SURFACE_09_芝_条件戦,pace_yoso+omo_tekisei_code+ten_shisu_juni,pace_yoso,omo_tekisei_code,ten_shisu_juni,11,1304,77.77,14.63,69.12,False
KEIBAJO_SURFACE_09_芝_条件戦,kyori_kubun+tenkai_kigo_code+gekiso_juni,kyori_kubun,tenkai_kigo_code,gekiso_juni,17,1928,74.76,11.88,69.11,False
KEIBAJO_SURFACE_09_芝_条件戦,uma_start_shisu_decile+kyori_tekisei+kishu_kitai_tansho_decile,uma_start_shisu_decile,kyori_tekisei,kishu_kitai_tansho_decile,11,1569,74.33,8.82,69.11,False
KEIBAJO_SURFACE_09_芝_条件戦,kyori_kubun+omo_tekisei_code+kishu_kitai_tansho_decile,kyori_kubun,omo_tekisei_code,kishu_kitai_tansho_decile,25,3726,73.96,12.4,69.1,False
KEIBAJO_SURFACE_09_芝_条件戦,pace_yoso+uma_start_shisu_decile+agari_shisu_juni,pace_yoso,uma_start_shisu_decile,agari_shisu_juni,7,810,76.31,9.78,69.06,False
KEIBAJO_SURFACE_09_芝_条件戦,kyori_kubun+kyakushitsu+kijun_ninkijun_tansho,kyori_kubun,kyakushitsu,kijun_ninkijun_tansho,18,2243,74.08,10.95,69.03,False
KEIBAJO_SURFACE_09_芝_条件戦,pace_yoso+class_code+gekiso_juni,pace_yoso,class_code,gekiso_juni,17,2531,75.69,14.03,69.02,False
KEIBAJO_SURFACE_09_芝_条件戦,kyori_tekisei+ten_shisu_juni+tenkai_kigo_code,kyori_tekisei,ten_shisu_juni,tenkai_kigo_code,22,3948,75.41,15.33,69.0,False
KEIBAJO_SURFACE_09_芝_条件戦,omo_tekisei_code+class_code+kishu_shisu_decile,omo_tekisei_code,class_code,kishu_shisu_decile,20,4394,75.47,14.77,69.0,False
KEIBAJO_SURFACE_09_芝_条件戦,kyori_kubun+hizume_code+rotation_bin,kyori_kubun,hizume_code,rotation_bin,12,1861,72.43,6.08,68.99,False
KEIBAJO_SURFACE_09_芝_条件戦,hizume_code+tenkai_kigo_code+class_code,hizume_code,tenkai_kigo_code,class_code,13,3202,77.03,14.82,68.97,False
KEIBAJO_SURFACE_09_芝_条件戦,kyori_kubun+hizume_code+gekiso_juni,kyori_kubun,hizume_code,gekiso_juni,3,325,79.17,9.03,68.95,False
KEIBAJO_SURFACE_09_芝_条件戦,kyori_kubun+pace_yoso+gekiso_juni,kyori_kubun,pace_yoso,gekiso_juni,25,4111,73.97,12.79,68.95,False
KEIBAJO_SURFACE_09_芝_条件戦,kyakushitsu+ten_shisu_juni+tenkai_kigo_code,kyakushitsu,ten_shisu_juni,tenkai_kigo_code,25,4387,74.59,14.41,68.95,False
KEIBAJO_SURFACE_09_芝_条件戦,kyori_kubun+omo_tekisei_code+ichi_shisu_juni,kyori_kubun,omo_tekisei_code,ichi_shisu_juni,15,1651,75.44,12.82,68.95,False
KEIBAJO_SURFACE_09_芝_条件戦,omo_tekisei_code+tenkai_kigo_code+gekiso_juni,omo_tekisei_code,tenkai_kigo_code,gekiso_juni,15,2075,75.4,12.76,68.94,False
KEIBAJO_SURFACE_09_芝_条件戦,kyori_kubun+pace_yoso+agari_shisu_juni,kyori_kubun,pace_yoso,agari_shisu_juni,24,4041,74.08,12.89,68.93,False
KEIBAJO_SURFACE_09_芝_条件戦,kyori_kubun+class_code+gekiso_juni,kyori_kubun,class_code,gekiso_juni,20,2789,73.91,11.47,68.88,False
KEIBAJO_SURFACE_09_芝_条件戦,kyori_kubun+kyori_tekisei+gekiso_juni,kyori_kubun,kyori_tekisei,gekiso_juni,31,4367,72.86,11.35,68.87,False
KEIBAJO_SURFACE_09_芝_条件戦,uma_start_shisu_decile+kyori_tekisei+kishu_kitai_rentai_decile,uma_start_shisu_decile,kyori_tekisei,kishu_kitai_rentai_decile,9,1282,75.72,10.52,68.85,False
KEIBAJO_SURFACE_09_芝_条件戦,rotation_bin+kyori_tekisei+class_code,rotation_bin,kyori_tekisei,class_code,15,3568,73.63,9.48,68.84,False
KEIBAJO_SURFACE_09_芝_条件戦,kyori_tekisei+class_code+kijun_ninkijun_tansho,kyori_tekisei,class_code,kijun_ninkijun_tansho,19,2854,73.44,10.35,68.79,False
KEIBAJO_SURFACE_09_芝_条件戦,pace_yoso+kyakushitsu+agari_shisu_juni,pace_yoso,kyakushitsu,agari_shisu_juni,16,2543,75.18,13.11,68.76,False
KEIBAJO_SURFACE_09_芝_条件戦,omo_tekisei_code+class_code+agari_shisu_juni,omo_tekisei_code,class_code,agari_shisu_juni,22,3471,73.84,12.16,68.75,False
KEIBAJO_SURFACE_09_芝_条件戦,ichi_shisu_juni+pace_shisu_juni+kijun_ninkijun_tansho,ichi_shisu_juni,pace_shisu_juni,kijun_ninkijun_tansho,4,641,80.22,11.7,68.75,False
KEIBAJO_SURFACE_09_芝_条件戦,class_code+joho_shisu_decile+kishu_kitai_rentai_decile,class_code,joho_shisu_decile,kishu_kitai_rentai_decile,21,3908,75.41,15.6,68.74,False
KEIBAJO_SURFACE_09_芝_条件戦,kyori_tekisei+ten_shisu_juni+class_code,kyori_tekisei,ten_shisu_juni,class_code,17,2077,74.24,11.61,68.73,False
KEIBAJO_SURFACE_09_芝_条件戦,tenkai_kigo_code+class_code+kishu_shisu_decile,tenkai_kigo_code,class_code,kishu_shisu_decile,15,3115,75.78,13.95,68.72,False
KEIBAJO_SURFACE_09_芝_条件戦,omo_tekisei_code+manken_shisu_decile+tenkai_kigo_code,omo_tekisei_code,manken_shisu_decile,tenkai_kigo_code,17,2874,73.93,11.01,68.7,False
KEIBAJO_SURFACE_09_芝_条件戦,kyakushitsu+class_code+kijun_ninkijun_tansho,kyakushitsu,class_code,kijun_ninkijun_tansho,19,2546,73.76,11.25,68.7,False
KEIBAJO_SURFACE_09_芝_条件戦,pace_yoso+hizume_code+class_code,pace_yoso,hizume_code,class_code,14,3513,76.09,14.1,68.7,False
KEIBAJO_SURFACE_09_芝_条件戦,gekiso_juni+kishu_kitai_tansho_decile+kishu_shisu_decile,gekiso_juni,kishu_kitai_tansho_decile,kishu_shisu_decile,11,1893,78.3,16.27,68.69,False
KEIBAJO_SURFACE_09_芝_条件戦,omo_tekisei_code+pace_shisu_juni+class_code,omo_tekisei_code,pace_shisu_juni,class_code,20,3015,74.13,12.41,68.69,False
KEIBAJO_SURFACE_09_芝_条件戦,pace_yoso+agari_shisu_juni+kishu_kitai_tansho_decile,pace_yoso,agari_shisu_juni,kishu_kitai_tansho_decile,8,1145,79.88,16.18,68.67,False
KEIBAJO_SURFACE_09_芝_条件戦,uma_start_shisu_decile+omo_tekisei_code+rotation_bin,uma_start_shisu_decile,omo_tekisei_code,rotation_bin,11,2425,74.19,9.36,68.66,False
KEIBAJO_SURFACE_09_芝_条件戦,kyori_kubun+pace_yoso+pace_shisu_juni,kyori_kubun,pace_yoso,pace_shisu_juni,21,3976,73.45,11.33,68.6,False
KEIBAJO_SURFACE_09_芝_条件戦,omo_tekisei_code+kyori_tekisei+kishu_kitai_rentai_decile,omo_tekisei_code,kyori_tekisei,kishu_kitai_rentai_decile,25,3401,73.59,12.8,68.57,False
KEIBAJO_SURFACE_09_芝_条件戦,manken_shirushi+uma_start_shisu_decile+class_code,manken_shirushi,uma_start_shisu_decile,class_code,8,1200,76.84,12.05,68.49,False
KEIBAJO_SURFACE_09_芝_条件戦,omo_tekisei_code+class_code+kishu_kitai_tansho_decile,omo_tekisei_code,class_code,kishu_kitai_tansho_decile,19,4407,75.0,14.6,68.44,False
KEIBAJO_SURFACE_09_芝_条件戦,pace_yoso+ls_shisu_juni+tenkai_kigo_code,pace_yoso,ls_shisu_juni,tenkai_kigo_code,24,5232,74.08,14.12,68.43,False
KEIBAJO_SURFACE_09_芝_条件戦,kyakushitsu+ten_shisu_juni+kijun_ninkijun_tansho,kyakushitsu,ten_shisu_juni,kijun_ninkijun_tansho,3,451,80.26,10.46,68.42,False
KEIBAJO_SURFACE_09_芝_条件戦,tenkai_kigo_code+class_code+kishu_kitai_rentai_decile,tenkai_kigo_code,class_code,kishu_kitai_rentai_decile,15,3140,76.81,16.58,68.42,False
KEIBAJO_SURFACE_09_芝_条件戦,kyori_kubun+pace_yoso+hizume_code,kyori_kubun,pace_yoso,hizume_code,15,3031,72.35,7.82,68.39,False
KEIBAJO_SURFACE_09_芝_条件戦,kyori_kubun+kyori_tekisei+kijun_ninkijun_tansho,kyori_kubun,kyori_tekisei,kijun_ninkijun_tansho,32,4674,72.38,11.51,68.39,False
KEIBAJO_SURFACE_09_芝_条件戦,pace_yoso+ls_shisu_juni+kishu_kitai_tansho_decile,pace_yoso,ls_shisu_juni,kishu_kitai_tansho_decile,20,3951,74.86,14.79,68.38,False
KEIBAJO_SURFACE_09_芝_条件戦,kyori_kubun+pace_yoso+tenkai_kigo_code,kyori_kubun,pace_yoso,tenkai_kigo_code,25,7318,72.35,10.12,68.38,False
KEIBAJO_SURFACE_09_芝_条件戦,pace_yoso+bataiju_zogen+class_code,pace_yoso,bataiju_zogen,class_code,17,3002,76.18,16.46,68.36,False
KEIBAJO_SURFACE_09_芝_条件戦,uma_start_shisu_decile+ichi_shisu_juni+class_code,uma_start_shisu_decile,ichi_shisu_juni,class_code,9,1487,75.75,11.34,68.35,False
KEIBAJO_SURFACE_09_芝_条件戦,kyori_tekisei+pace_shisu_juni+class_code,kyori_tekisei,pace_shisu_juni,class_code,15,1930,75.39,13.97,68.32,False
KEIBAJO_SURFACE_09_芝_条件戦,hizume_code+bataiju_zogen+kyakushitsu,hizume_code,bataiju_zogen,kyakushitsu,3,367,77.58,8.18,68.32,False
KEIBAJO_SURFACE_09_芝_条件戦,hizume_code+uma_start_shisu_decile+tenkai_kigo_code,hizume_code,uma_start_shisu_decile,tenkai_kigo_code,8,1705,73.55,7.57,68.31,False
KEIBAJO_SURFACE_09_芝_条件戦,kyori_tekisei+ichi_shisu_juni+class_code,kyori_tekisei,ichi_shisu_juni,class_code,17,2212,73.9,11.77,68.3,False
KEIBAJO_SURFACE_09_芝_条件戦,hizume_code+rotation_bin+kyakushitsu,hizume_code,rotation_bin,kyakushitsu,10,1345,72.22,6.32,68.3,False
KEIBAJO_SURFACE_09_芝_条件戦,omo_tekisei_code+kyori_tekisei+joho_shisu_decile,omo_tekisei_code,kyori_tekisei,joho_shisu_decile,27,4665,73.27,13.34,68.24,False
KEIBAJO_SURFACE_09_芝_条件戦,pace_yoso+ichi_shisu_juni+manken_shisu_decile,pace_yoso,ichi_shisu_juni,manken_shisu_decile,11,2663,73.72,9.29,68.23,False
KEIBAJO_SURFACE_09_芝_条件戦,omo_tekisei_code+class_code+joho_shisu_decile,omo_tekisei_code,class_code,joho_shisu_decile,17,4900,73.99,12.11,68.23,False
KEIBAJO_SURFACE_09_芝_条件戦,pace_yoso+uma_start_shisu_decile+gekiso_juni,pace_yoso,uma_start_shisu_decile,gekiso_juni,7,882,76.47,11.12,68.23,False
KEIBAJO_SURFACE_09_芝_条件戦,kyori_tekisei+tenkai_kigo_code+agari_shisu_juni,kyori_tekisei,tenkai_kigo_code,agari_shisu_juni,32,5653,72.48,12.32,68.21,False
KEIBAJO_SURFACE_09_芝_条件戦,kyori_kubun+pace_yoso+ls_shisu_juni,kyori_kubun,pace_yoso,ls_shisu_juni,26,6228,72.87,12.13,68.21,False
KEIBAJO_SURFACE_09_芝_条件戦,kyori_kubun+omo_tekisei_code+kijun_ninkijun_tansho,kyori_kubun,omo_tekisei_code,kijun_ninkijun_tansho,24,2733,72.85,11.64,68.2,False
KEIBAJO_SURFACE_09_芝_条件戦,kyori_tekisei+kishu_kitai_tansho_decile+kijun_ninkijun_tansho,kyori_tekisei,kishu_kitai_tansho_decile,kijun_ninkijun_tansho,21,3290,73.25,11.82,68.2,False
KEIBAJO_SURFACE_09_芝_条件戦,pace_yoso+kyakushitsu+tenkai_kigo_code,pace_yoso,kyakushitsu,tenkai_kigo_code,23,7451,72.8,11.34,68.17,False
KEIBAJO_SURFACE_09_芝_条件戦,manken_shisu_decile+kyakushitsu+tenkai_kigo_code,manken_shisu_decile,kyakushitsu,tenkai_kigo_code,24,4543,73.17,12.54,68.15,False
KEIBAJO_SURFACE_09_芝_条件戦,kyori_kubun+kyori_tekisei+ten_shisu_juni,kyori_kubun,kyori_tekisei,ten_shisu_juni,32,4392,73.63,15.86,68.13,False
KEIBAJO_SURFACE_09_芝_条件戦,kyori_kubun+kyakushitsu+gekiso_juni,kyori_kubun,kyakushitsu,gekiso_juni,14,1591,74.39,11.96,68.12,False
KEIBAJO_SURFACE_09_芝_条件戦,omo_tekisei_code+class_code+kishu_kitai_rentai_decile,omo_tekisei_code,class_code,kishu_kitai_rentai_decile,20,4441,73.84,13.06,68.11,False
KEIBAJO_SURFACE_09_芝_条件戦,class_code+kijun_ninkijun_tansho+kishu_kitai_rentai_decile,class_code,kijun_ninkijun_tansho,kishu_kitai_rentai_decile,19,3008,73.5,12.01,68.1,False
KEIBAJO_SURFACE_09_芝_条件戦,kyori_kubun+class_code+kishu_shisu_decile,kyori_kubun,class_code,kishu_shisu_decile,19,3614,74.3,13.8,68.09,False
KEIBAJO_SURFACE_09_芝_条件戦,uma_start_shisu_decile+omo_tekisei_code+kyakushitsu,uma_start_shisu_decile,omo_tekisei_code,kyakushitsu,16,3670,74.93,13.95,68.09,False
KEIBAJO_SURFACE_09_芝_条件戦,kyori_kubun+omo_tekisei_code+ls_shisu_juni,kyori_kubun,omo_tekisei_code,ls_shisu_juni,24,4055,73.68,13.99,68.08,False
KEIBAJO_SURFACE_09_芝_条件戦,hizume_code+omo_tekisei_code+manken_shisu_decile,hizume_code,omo_tekisei_code,manken_shisu_decile,14,2078,73.23,9.82,68.08,False
KEIBAJO_SURFACE_09_芝_条件戦,kyakushitsu+tenkai_kigo_code+class_code,kyakushitsu,tenkai_kigo_code,class_code,14,4517,73.76,10.89,68.06,False
KEIBAJO_SURFACE_09_芝_条件戦,pace_yoso+kyori_tekisei+gekiso_juni,pace_yoso,kyori_tekisei,gekiso_juni,22,3569,73.54,13.13,68.05,False
KEIBAJO_SURFACE_09_芝_条件戦,omo_tekisei_code+class_code+gekiso_juni,omo_tekisei_code,class_code,gekiso_juni,23,3673,74.09,14.77,68.05,False
KEIBAJO_SURFACE_09_芝_条件戦,rotation_bin+tenkai_kigo_code+class_code,rotation_bin,tenkai_kigo_code,class_code,14,3466,73.34,10.13,68.04,False
KEIBAJO_SURFACE_09_芝_条件戦,bataiju_zogen+kishu_shisu_decile+kishu_kitai_rentai_decile,bataiju_zogen,kishu_shisu_decile,kishu_kitai_rentai_decile,4,504,79.3,11.49,68.04,False
KEIBAJO_SURFACE_09_芝_条件戦,bataiju_zogen+tenkai_kigo_code+class_code,bataiju_zogen,tenkai_kigo_code,class_code,12,2529,73.74,10.1,68.02,False
KEIBAJO_SURFACE_09_芝_条件戦,uma_start_shisu_decile+omo_tekisei_code+class_code,uma_start_shisu_decile,omo_tekisei_code,class_code,16,4396,73.25,10.69,68.01,False
KEIBAJO_SURFACE_09_芝_条件戦,pace_yoso+ls_shisu_juni+class_code,pace_yoso,ls_shisu_juni,class_code,14,3421,74.27,11.99,67.99,False
KEIBAJO_SURFACE_09_芝_条件戦,pace_yoso+kyori_tekisei+ls_shisu_juni,pace_yoso,kyori_tekisei,ls_shisu_juni,24,5640,73.34,13.37,67.99,False
KEIBAJO_SURFACE_09_芝_条件戦,manken_shirushi+kyakushitsu+class_code,manken_shirushi,kyakushitsu,class_code,11,1342,77.5,16.1,67.98,False
KEIBAJO_SURFACE_09_芝_条件戦,uma_start_shisu_decile+omo_tekisei_code+kishu_shisu_decile,uma_start_shisu_decile,omo_tekisei_code,kishu_shisu_decile,15,2225,76.43,16.79,67.94,False
KEIBAJO_SURFACE_09_芝_条件戦,omo_tekisei_code+pace_shisu_juni+tenkai_kigo_code,omo_tekisei_code,pace_shisu_juni,tenkai_kigo_code,16,2325,73.65,11.64,67.94,False
KEIBAJO_SURFACE_09_芝_条件戦,kyakushitsu+tenkai_kigo_code+joho_shisu_decile,kyakushitsu,tenkai_kigo_code,joho_shisu_decile,22,5882,74.12,14.8,67.93,False
KEIBAJO_SURFACE_09_芝_条件戦,pace_yoso+class_code+joho_shisu_decile,pace_yoso,class_code,joho_shisu_decile,19,4509,72.9,11.11,67.91,False
KEIBAJO_SURFACE_09_芝_条件戦,uma_start_shisu_decile+kishu_kitai_tansho_decile+kijun_ninkijun_tansho,uma_start_shisu_decile,kishu_kitai_tansho_decile,kijun_ninkijun_tansho,8,1094,82.3,20.76,67.91,False
KEIBAJO_SURFACE_09_芝_条件戦,pace_shisu_juni+joho_shisu_decile+kijun_ninkijun_tansho,pace_shisu_juni,joho_shisu_decile,kijun_ninkijun_tansho,3,485,83.6,13.88,67.89,False
KEIBAJO_SURFACE_09_芝_条件戦,bataiju_zogen+kishu_kitai_tansho_decile+kishu_shisu_decile,bataiju_zogen,kishu_kitai_tansho_decile,kishu_shisu_decile,4,494,79.26,11.61,67.88,False
KEIBAJO_SURFACE_09_芝_条件戦,rotation_bin+kishu_shisu_decile+kishu_kitai_rentai_decile,rotation_bin,kishu_shisu_decile,kishu_kitai_rentai_decile,11,1591,76.26,14.22,67.86,False
KEIBAJO_SURFACE_09_芝_条件戦,kyori_kubun+ichi_shisu_juni+kijun_ninkijun_tansho,kyori_kubun,ichi_shisu_juni,kijun_ninkijun_tansho,16,2231,73.35,11.23,67.85,False
KEIBAJO_SURFACE_09_芝_条件戦,kyori_kubun+ten_shisu_juni+class_code,kyori_kubun,ten_shisu_juni,class_code,18,2277,73.84,13.08,67.79,False
KEIBAJO_SURFACE_09_芝_条件戦,pace_yoso+uma_start_shisu_decile+kyori_tekisei,pace_yoso,uma_start_shisu_decile,kyori_tekisei,13,2916,72.59,8.82,67.79,False
KEIBAJO_SURFACE_09_芝_条件戦,manken_shirushi+hizume_code+omo_tekisei_code,manken_shirushi,hizume_code,omo_tekisei_code,7,1062,76.31,11.56,67.75,False
KEIBAJO_SURFACE_09_芝_条件戦,uma_start_shisu_decile+kyori_tekisei+kyakushitsu,uma_start_shisu_decile,kyori_tekisei,kyakushitsu,14,2791,73.45,10.95,67.71,False
KEIBAJO_SURFACE_09_芝_条件戦,pace_yoso+hizume_code+agari_shisu_juni,pace_yoso,hizume_code,agari_shisu_juni,4,446,77.26,9.76,67.7,False
KEIBAJO_SURFACE_09_芝_条件戦,uma_start_shisu_decile+omo_tekisei_code+kijun_ninkijun_tansho,uma_start_shisu_decile,omo_tekisei_code,kijun_ninkijun_tansho,15,1852,73.5,11.51,67.67,False
KEIBAJO_SURFACE_09_芝_条件戦,kyori_tekisei+manken_shisu_decile+tenkai_kigo_code,kyori_tekisei,manken_shisu_decile,tenkai_kigo_code,22,4472,71.99,10.37,67.66,False
KEIBAJO_SURFACE_09_芝_条件戦,hizume_code+omo_tekisei_code+joho_shisu_decile,hizume_code,omo_tekisei_code,joho_shisu_decile,14,3049,73.78,11.7,67.65,False
KEIBAJO_SURFACE_09_芝_条件戦,tenkai_kigo_code+kishu_kitai_tansho_decile+kijun_ninkijun_tansho,tenkai_kigo_code,kishu_kitai_tansho_decile,kijun_ninkijun_tansho,23,3350,73.78,15.0,67.64,False
KEIBAJO_SURFACE_09_芝_条件戦,kyori_kubun+manken_shisu_decile+class_code,kyori_kubun,manken_shisu_decile,class_code,18,3146,74.83,15.63,67.62,False
KEIBAJO_SURFACE_09_芝_条件戦,pace_yoso+kyori_tekisei+agari_shisu_juni,pace_yoso,kyori_tekisei,agari_shisu_juni,23,3596,73.43,14.28,67.6,False
KEIBAJO_SURFACE_09_芝_条件戦,pace_yoso+uma_start_shisu_decile+kijun_ninkijun_tansho,pace_yoso,uma_start_shisu_decile,kijun_ninkijun_tansho,7,948,74.35,9.13,67.59,False
KEIBAJO_SURFACE_09_芝_条件戦,kyori_kubun+bataiju_zogen+class_code,kyori_kubun,bataiju_zogen,class_code,12,2443,74.79,12.87,67.51,False
KEIBAJO_SURFACE_09_芝_条件戦,kyori_kubun+pace_shisu_juni+class_code,kyori_kubun,pace_shisu_juni,class_code,19,2434,73.75,13.89,67.5,False
KEIBAJO_SURFACE_09_芝_条件戦,kyori_kubun+ls_shisu_juni+class_code,kyori_kubun,ls_shisu_juni,class_code,18,3660,73.85,13.79,67.48,False
KEIBAJO_SURFACE_09_芝_条件戦,tenkai_kigo_code+class_code+agari_shisu_juni,tenkai_kigo_code,class_code,agari_shisu_juni,16,3781,73.93,13.19,67.47,False
KEIBAJO_SURFACE_09_芝_条件戦,kyori_kubun+kyori_tekisei+joho_shisu_decile,kyori_kubun,kyori_tekisei,joho_shisu_decile,29,6745,72.67,14.26,67.47,False
KEIBAJO_SURFACE_09_芝_条件戦,ls_shisu_juni+kishu_kitai_tansho_decile+kishu_kitai_rentai_decile,ls_shisu_juni,kishu_kitai_tansho_decile,kishu_kitai_rentai_decile,25,5753,72.83,13.71,67.46,False
KEIBAJO_SURFACE_09_芝_条件戦,uma_start_shisu_decile+ls_shisu_juni+joho_shisu_decile,uma_start_shisu_decile,ls_shisu_juni,joho_shisu_decile,8,1354,74.32,9.92,67.45,False
KEIBAJO_SURFACE_09_芝_条件戦,uma_start_shisu_decile+class_code+agari_shisu_juni,uma_start_shisu_decile,class_code,agari_shisu_juni,11,1570,74.12,11.29,67.44,False
KEIBAJO_SURFACE_09_芝_条件戦,kyori_kubun+class_code+joho_shisu_decile,kyori_kubun,class_code,joho_shisu_decile,20,4481,72.6,11.79,67.43,False
KEIBAJO_SURFACE_09_芝_条件戦,uma_start_shisu_decile+ls_shisu_juni+kishu_kitai_tansho_decile,uma_start_shisu_decile,ls_shisu_juni,kishu_kitai_tansho_decile,5,767,82.82,17.57,67.42,False
KEIBAJO_SURFACE_09_芝_条件戦,uma_start_shisu_decile+kijun_ninkijun_tansho+kishu_kitai_rentai_decile,uma_start_shisu_decile,kijun_ninkijun_tansho,kishu_kitai_rentai_decile,6,896,76.51,11.4,67.38,False
KEIBAJO_SURFACE_09_芝_条件戦,manken_shirushi+kyori_kubun+tenkai_kigo_code,manken_shirushi,kyori_kubun,tenkai_kigo_code,9,1024,76.8,14.46,67.36,False
KEIBAJO_SURFACE_09_芝_条件戦,pace_yoso+hizume_code+uma_start_shisu_decile,pace_yoso,hizume_code,uma_start_shisu_decile,10,2041,72.7,8.64,67.34,False
KEIBAJO_SURFACE_09_芝_条件戦,rotation_bin+bataiju_zogen+tenkai_kigo_code,rotation_bin,bataiju_zogen,tenkai_kigo_code,6,806,70.72,4.24,67.33,False
KEIBAJO_SURFACE_09_芝_条件戦,kyori_kubun+class_code+kishu_kitai_tansho_decile,kyori_kubun,class_code,kishu_kitai_tansho_decile,18,3637,74.06,14.59,67.32,False
KEIBAJO_SURFACE_09_芝_条件戦,kyori_kubun+hizume_code+bataiju_zogen,kyori_kubun,hizume_code,bataiju_zogen,8,983,74.14,9.84,67.32,False
KEIBAJO_SURFACE_09_芝_条件戦,pace_yoso+omo_tekisei_code+joho_shisu_decile,pace_yoso,omo_tekisei_code,joho_shisu_decile,18,4065,73.96,14.4,67.31,False
KEIBAJO_SURFACE_09_芝_条件戦,kyori_tekisei+ichi_shisu_juni+tenkai_kigo_code,kyori_tekisei,ichi_shisu_juni,tenkai_kigo_code,13,3937,73.35,11.1,67.31,False
KEIBAJO_SURFACE_09_芝_条件戦,pace_yoso+tenkai_kigo_code+kishu_kitai_rentai_decile,pace_yoso,tenkai_kigo_code,kishu_kitai_rentai_decile,27,5078,74.47,18.97,67.31,False
KEIBAJO_SURFACE_09_芝_条件戦,pace_yoso+omo_tekisei_code+kishu_kitai_tansho_decile,pace_yoso,omo_tekisei_code,kishu_kitai_tansho_decile,20,3335,76.72,21.5,67.3,False
KEIBAJO_SURFACE_09_芝_条件戦,pace_yoso+gekiso_juni+kishu_kitai_tansho_decile,pace_yoso,gekiso_juni,kishu_kitai_tansho_decile,7,992,80.34,17.61,67.3,False
KEIBAJO_SURFACE_09_芝_条件戦,hizume_code+uma_start_shisu_decile+class_code,hizume_code,uma_start_shisu_decile,class_code,10,2349,72.54,8.46,67.29,False
KEIBAJO_SURFACE_09_芝_条件戦,pace_yoso+kyakushitsu+kijun_ninkijun_tansho,pace_yoso,kyakushitsu,kijun_ninkijun_tansho,18,2909,73.87,14.25,67.28,False
KEIBAJO_SURFACE_09_芝_条件戦,omo_tekisei_code+kyakushitsu+class_code,omo_tekisei_code,kyakushitsu,class_code,13,4717,73.8,12.0,67.28,False
KEIBAJO_SURFACE_09_芝_条件戦,omo_tekisei_code+kyakushitsu+kishu_shisu_decile,omo_tekisei_code,kyakushitsu,kishu_shisu_decile,18,2317,74.66,15.99,67.27,False
KEIBAJO_SURFACE_09_芝_条件戦,kyori_kubun+tenkai_kigo_code+joho_shisu_decile,kyori_kubun,tenkai_kigo_code,joho_shisu_decile,28,6036,72.82,15.0,67.27,False
KEIBAJO_SURFACE_09_芝_条件戦,rotation_bin+kishu_kitai_tansho_decile+kishu_kitai_rentai_decile,rotation_bin,kishu_kitai_tansho_decile,kishu_kitai_rentai_decile,16,2289,74.36,14.59,67.21,False
KEIBAJO_SURFACE_09_芝_条件戦,pace_yoso+kyori_tekisei+kishu_kitai_tansho_decile,pace_yoso,kyori_tekisei,kishu_kitai_tansho_decile,27,5315,73.44,16.55,67.2,False
KEIBAJO_SURFACE_09_芝_条件戦,manken_shirushi+hizume_code+class_code,manken_shirushi,hizume_code,class_code,7,978,74.14,9.37,67.19,False
KEIBAJO_SURFACE_09_芝_条件戦,omo_tekisei_code+rotation_bin+bataiju_zogen,omo_tekisei_code,rotation_bin,bataiju_zogen,8,994,73.3,8.82,67.19,False
KEIBAJO_SURFACE_09_芝_条件戦,omo_tekisei_code+tenkai_kigo_code+joho_shisu_decile,omo_tekisei_code,tenkai_kigo_code,joho_shisu_decile,18,3806,73.62,13.95,67.17,False
KEIBAJO_SURFACE_09_芝_条件戦,kyori_kubun+kyakushitsu+ls_shisu_juni,kyori_kubun,kyakushitsu,ls_shisu_juni,22,4366,72.68,13.21,67.16,False
KEIBAJO_SURFACE_09_芝_条件戦,kyori_tekisei+kijun_ninkijun_tansho+kishu_kitai_rentai_decile,kyori_tekisei,kijun_ninkijun_tansho,kishu_kitai_rentai_decile,21,3214,72.72,13.13,67.1,False
KEIBAJO_SURFACE_09_芝_条件戦,pace_yoso+tenkai_kigo_code+kishu_kitai_tansho_decile,pace_yoso,tenkai_kigo_code,kishu_kitai_tansho_decile,26,5160,73.98,17.91,67.1,False
KEIBAJO_SURFACE_09_芝_条件戦,pace_yoso+uma_start_shisu_decile+manken_shisu_decile,pace_yoso,uma_start_shisu_decile,manken_shisu_decile,9,1278,75.89,13.46,67.09,False
KEIBAJO_SURFACE_09_芝_条件戦,omo_tekisei_code+ls_shisu_juni+tenkai_kigo_code,omo_tekisei_code,ls_shisu_juni,tenkai_kigo_code,15,3178,74.3,14.3,67.07,False
KEIBAJO_SURFACE_09_芝_条件戦,kyori_tekisei+tenkai_kigo_code+kishu_kitai_tansho_decile,kyori_tekisei,tenkai_kigo_code,kishu_kitai_tansho_decile,25,5051,72.99,15.1,67.07,False
KEIBAJO_SURFACE_09_芝_条件戦,uma_start_shisu_decile+rotation_bin+kishu_kitai_tansho_decile,uma_start_shisu_decile,rotation_bin,kishu_kitai_tansho_decile,3,349,78.75,10.35,67.04,False
KEIBAJO_SURFACE_09_芝_条件戦,kyori_tekisei+ls_shisu_juni+tenkai_kigo_code,kyori_tekisei,ls_shisu_juni,tenkai_kigo_code,26,5272,71.34,11.25,67.02,False
KEIBAJO_SURFACE_09_芝_条件戦,kyori_kubun+uma_start_shisu_decile+manken_shisu_decile,kyori_kubun,uma_start_shisu_decile,manken_shisu_decile,12,1496,72.88,10.36,67.02,False
KEIBAJO_SURFACE_09_芝_条件戦,kyakushitsu+kishu_shisu_decile+kijun_ninkijun_tansho,kyakushitsu,kishu_shisu_decile,kijun_ninkijun_tansho,12,1815,75.95,15.81,67.0,False
KEIBAJO_SURFACE_09_芝_条件戦,manken_shirushi+kyori_tekisei+tenkai_kigo_code,manken_shirushi,kyori_tekisei,tenkai_kigo_code,17,2200,72.72,12.05,66.99,False
KEIBAJO_SURFACE_09_芝_条件戦,uma_start_shisu_decile+ten_shisu_juni+class_code,uma_start_shisu_decile,ten_shisu_juni,class_code,10,1369,73.65,10.74,66.99,False
KEIBAJO_SURFACE_09_芝_条件戦,hizume_code+kyori_tekisei+bataiju_zogen,hizume_code,kyori_tekisei,bataiju_zogen,7,909,72.74,7.78,66.97,False
KEIBAJO_SURFACE_09_芝_条件戦,pace_yoso+uma_start_shisu_decile+kishu_shisu_decile,pace_yoso,uma_start_shisu_decile,kishu_shisu_decile,10,1510,77.0,16.22,66.95,False
KEIBAJO_SURFACE_09_芝_条件戦,class_code+kishu_kitai_tansho_decile+kijun_ninkijun_tansho,class_code,kishu_kitai_tansho_decile,kijun_ninkijun_tansho,17,2884,72.54,11.78,66.94,False
KEIBAJO_SURFACE_09_芝_条件戦,uma_start_shisu_decile+tenkai_kigo_code+kishu_shisu_decile,uma_start_shisu_decile,tenkai_kigo_code,kishu_shisu_decile,11,1648,76.36,15.95,66.94,False
KEIBAJO_SURFACE_09_芝_条件戦,uma_start_shisu_decile+kyakushitsu+kishu_kitai_tansho_decile,uma_start_shisu_decile,kyakushitsu,kishu_kitai_tansho_decile,12,1595,75.55,15.29,66.9,False
KEIBAJO_SURFACE_09_芝_条件戦,kyori_tekisei+kyakushitsu+kishu_kitai_rentai_decile,kyori_tekisei,kyakushitsu,kishu_kitai_rentai_decile,16,3892,74.51,15.58,66.87,False
KEIBAJO_SURFACE_09_芝_条件戦,omo_tekisei_code+kyori_tekisei+kishu_shisu_decile,omo_tekisei_code,kyori_tekisei,kishu_shisu_decile,25,3362,71.95,12.98,66.86,False
KEIBAJO_SURFACE_09_芝_条件戦,omo_tekisei_code+kyori_tekisei+ls_shisu_juni,omo_tekisei_code,kyori_tekisei,ls_shisu_juni,18,3356,73.01,13.33,66.86,False
KEIBAJO_SURFACE_09_芝_条件戦,manken_shirushi+kyori_kubun+kyakushitsu,manken_shirushi,kyori_kubun,kyakushitsu,9,1013,75.48,13.21,66.85,False
KEIBAJO_SURFACE_09_芝_条件戦,pace_shisu_juni+kyakushitsu+tenkai_kigo_code,pace_shisu_juni,kyakushitsu,tenkai_kigo_code,25,4539,72.4,14.2,66.84,False
KEIBAJO_SURFACE_09_芝_条件戦,kyakushitsu+kishu_kitai_tansho_decile+kijun_ninkijun_tansho,kyakushitsu,kishu_kitai_tansho_decile,kijun_ninkijun_tansho,15,2234,74.21,14.58,66.82,False
KEIBAJO_SURFACE_09_芝_条件戦,kyakushitsu+class_code+kishu_shisu_decile,kyakushitsu,class_code,kishu_shisu_decile,23,3503,74.18,18.14,66.76,False
KEIBAJO_SURFACE_09_芝_条件戦,pace_yoso+kishu_kitai_tansho_decile+kijun_ninkijun_tansho,pace_yoso,kishu_kitai_tansho_decile,kijun_ninkijun_tansho,25,4480,72.38,14.38,66.74,False
KEIBAJO_SURFACE_09_芝_条件戦,omo_tekisei_code+kishu_kitai_tansho_decile+kishu_shisu_decile,omo_tekisei_code,kishu_kitai_tansho_decile,kishu_shisu_decile,19,4387,73.47,15.01,66.73,False
KEIBAJO_SURFACE_09_芝_条件戦,omo_tekisei_code+kyakushitsu+kishu_kitai_rentai_decile,omo_tekisei_code,kyakushitsu,kishu_kitai_rentai_decile,19,2392,73.74,15.61,66.72,False
KEIBAJO_SURFACE_09_芝_条件戦,kyori_kubun+pace_yoso+kijun_ninkijun_tansho,kyori_kubun,pace_yoso,kijun_ninkijun_tansho,25,4471,71.6,12.44,66.72,False
KEIBAJO_SURFACE_09_芝_条件戦,omo_tekisei_code+tenkai_kigo_code+kishu_kitai_tansho_decile,omo_tekisei_code,tenkai_kigo_code,kishu_kitai_tansho_decile,19,3356,74.61,17.57,66.71,False
KEIBAJO_SURFACE_09_芝_条件戦,kyori_kubun+tenkai_kigo_code+kijun_ninkijun_tansho,kyori_kubun,tenkai_kigo_code,kijun_ninkijun_tansho,29,3652,71.32,12.72,66.69,False
KEIBAJO_SURFACE_09_芝_条件戦,kyori_tekisei+class_code+agari_shisu_juni,kyori_tekisei,class_code,agari_shisu_juni,18,2368,72.25,12.12,66.66,False
KEIBAJO_SURFACE_09_芝_条件戦,kyori_kubun+class_code+agari_shisu_juni,kyori_kubun,class_code,agari_shisu_juni,18,2549,72.54,12.79,66.63,False
KEIBAJO_SURFACE_09_芝_条件戦,pace_yoso+class_code+agari_shisu_juni,pace_yoso,class_code,agari_shisu_juni,15,2301,72.82,12.25,66.62,False
KEIBAJO_SURFACE_09_芝_条件戦,kyori_kubun+kishu_kitai_tansho_decile+kijun_ninkijun_tansho,kyori_kubun,kishu_kitai_tansho_decile,kijun_ninkijun_tansho,22,3730,72.0,12.89,66.61,False
KEIBAJO_SURFACE_09_芝_条件戦,uma_start_shisu_decile+kyori_tekisei+gekiso_juni,uma_start_shisu_decile,kyori_tekisei,gekiso_juni,6,730,75.82,11.51,66.61,False
KEIBAJO_SURFACE_09_芝_条件戦,kyori_kubun+pace_yoso+kishu_shisu_decile,kyori_kubun,pace_yoso,kishu_shisu_decile,22,4964,73.03,15.41,66.59,False
KEIBAJO_SURFACE_09_芝_条件戦,hizume_code+rotation_bin+tenkai_kigo_code,hizume_code,rotation_bin,tenkai_kigo_code,9,1715,72.26,8.68,66.58,False
KEIBAJO_SURFACE_09_芝_条件戦,kyori_kubun+ichi_shisu_juni+ls_shisu_juni,kyori_kubun,ichi_shisu_juni,ls_shisu_juni,12,2549,73.69,12.57,66.57,False
KEIBAJO_SURFACE_09_芝_条件戦,uma_start_shisu_decile+rotation_bin+kyakushitsu,uma_start_shisu_decile,rotation_bin,kyakushitsu,11,1890,73.77,12.2,66.56,False
KEIBAJO_SURFACE_09_芝_条件戦,manken_shirushi+pace_yoso+uma_start_shisu_decile,manken_shirushi,pace_yoso,uma_start_shisu_decile,7,859,76.71,13.71,66.56,False
KEIBAJO_SURFACE_09_芝_条件戦,kyakushitsu+class_code+kishu_kitai_tansho_decile,kyakushitsu,class_code,kishu_kitai_tansho_decile,23,3639,74.79,20.14,66.56,False
KEIBAJO_SURFACE_09_芝_条件戦,class_code+kishu_shisu_decile+kishu_kitai_rentai_decile,class_code,kishu_shisu_decile,kishu_kitai_rentai_decile,17,4649,72.2,11.89,66.55,False
KEIBAJO_SURFACE_09_芝_条件戦,pace_yoso+omo_tekisei_code+kishu_shisu_decile,pace_yoso,omo_tekisei_code,kishu_shisu_decile,20,3172,75.72,20.94,66.54,False
KEIBAJO_SURFACE_09_芝_条件戦,pace_yoso+kyori_tekisei+kijun_ninkijun_tansho,pace_yoso,kyori_tekisei,kijun_ninkijun_tansho,22,3799,71.57,12.08,66.52,False
KEIBAJO_SURFACE_09_芝_条件戦,pace_yoso+tenkai_kigo_code+gekiso_juni,pace_yoso,tenkai_kigo_code,gekiso_juni,26,3419,72.21,14.84,66.51,False
KEIBAJO_SURFACE_09_芝_条件戦,rotation_bin+kyakushitsu+tenkai_kigo_code,rotation_bin,kyakushitsu,tenkai_kigo_code,16,3192,72.38,12.0,66.5,False
KEIBAJO_SURFACE_09_芝_条件戦,kyori_tekisei+bataiju_zogen+kyakushitsu,kyori_tekisei,bataiju_zogen,kyakushitsu,8,956,75.86,13.54,66.48,False
KEIBAJO_SURFACE_09_芝_条件戦,pace_yoso+ten_shisu_juni+class_code,pace_yoso,ten_shisu_juni,class_code,12,1775,74.26,13.83,66.43,False
KEIBAJO_SURFACE_09_芝_条件戦,kyori_kubun+uma_start_shisu_decile+joho_shisu_decile,kyori_kubun,uma_start_shisu_decile,joho_shisu_decile,14,2436,73.31,13.14,66.42,False
KEIBAJO_SURFACE_09_芝_条件戦,pace_yoso+kyakushitsu+ls_shisu_juni,pace_yoso,kyakushitsu,ls_shisu_juni,22,4897,72.66,14.96,66.41,False
KEIBAJO_SURFACE_09_芝_条件戦,kyori_kubun+kyakushitsu+joho_shisu_decile,kyori_kubun,kyakushitsu,joho_shisu_decile,32,5753,71.95,16.06,66.39,False
KEIBAJO_SURFACE_09_芝_条件戦,class_code+joho_shisu_decile+kijun_ninkijun_tansho,class_code,joho_shisu_decile,kijun_ninkijun_tansho,20,3125,71.79,12.38,66.37,False
KEIBAJO_SURFACE_09_芝_条件戦,ls_shisu_juni+class_code+kishu_kitai_rentai_decile,ls_shisu_juni,class_code,kishu_kitai_rentai_decile,12,2154,75.27,15.72,66.37,False
KEIBAJO_SURFACE_09_芝_条件戦,uma_start_shisu_decile+kyori_tekisei+manken_shisu_decile,uma_start_shisu_decile,kyori_tekisei,manken_shisu_decile,10,1241,73.69,11.82,66.37,False
KEIBAJO_SURFACE_09_芝_条件戦,manken_shisu_decile+kyakushitsu+class_code,manken_shisu_decile,kyakushitsu,class_code,20,2855,73.6,16.54,66.35,False
KEIBAJO_SURFACE_09_芝_条件戦,omo_tekisei_code+tenkai_kigo_code+kishu_shisu_decile,omo_tekisei_code,tenkai_kigo_code,kishu_shisu_decile,21,3432,74.19,18.34,66.34,False
KEIBAJO_SURFACE_09_芝_条件戦,kyori_kubun+uma_start_shisu_decile+ls_shisu_juni,kyori_kubun,uma_start_shisu_decile,ls_shisu_juni,13,2086,72.48,11.36,66.3,False
KEIBAJO_SURFACE_09_芝_条件戦,class_code+kishu_kitai_tansho_decile+kishu_shisu_decile,class_code,kishu_kitai_tansho_decile,kishu_shisu_decile,17,4630,73.44,15.03,66.3,False
KEIBAJO_SURFACE_09_芝_条件戦,pace_yoso+uma_start_shisu_decile+kishu_kitai_tansho_decile,pace_yoso,uma_start_shisu_decile,kishu_kitai_tansho_decile,10,1576,76.16,15.91,66.3,False
KEIBAJO_SURFACE_09_芝_条件戦,kyori_tekisei+ichi_shisu_juni+ls_shisu_juni,kyori_tekisei,ichi_shisu_juni,ls_shisu_juni,7,2590,75.53,12.46,66.29,False
KEIBAJO_SURFACE_09_芝_条件戦,uma_start_shisu_decile+bataiju_zogen+ls_shisu_juni,uma_start_shisu_decile,bataiju_zogen,ls_shisu_juni,3,391,81.04,13.06,66.27,False
KEIBAJO_SURFACE_09_芝_条件戦,agari_shisu_juni+kishu_kitai_tansho_decile+kishu_kitai_rentai_decile,agari_shisu_juni,kishu_kitai_tansho_decile,kishu_kitai_rentai_decile,17,2664,73.87,16.01,66.26,False
KEIBAJO_SURFACE_09_芝_条件戦,kyori_kubun+tenkai_kigo_code+agari_shisu_juni,kyori_kubun,tenkai_kigo_code,agari_shisu_juni,27,4553,71.18,13.06,66.25,False
KEIBAJO_SURFACE_09_芝_条件戦,kyori_tekisei+class_code+kishu_kitai_rentai_decile,kyori_tekisei,class_code,kishu_kitai_rentai_decile,18,3382,72.07,12.63,66.24,False
KEIBAJO_SURFACE_09_芝_条件戦,kyori_kubun+pace_yoso+ten_shisu_juni,kyori_kubun,pace_yoso,ten_shisu_juni,19,3680,72.19,13.29,66.22,False
KEIBAJO_SURFACE_09_芝_条件戦,pace_yoso+hizume_code+kyori_tekisei,pace_yoso,hizume_code,kyori_tekisei,13,2716,71.63,10.04,66.17,False
KEIBAJO_SURFACE_09_芝_条件戦,kyori_tekisei+class_code+kishu_kitai_tansho_decile,kyori_tekisei,class_code,kishu_kitai_tansho_decile,19,3559,72.13,13.34,66.13,False
KEIBAJO_SURFACE_09_芝_条件戦,pace_yoso+pace_shisu_juni+kishu_kitai_tansho_decile,pace_yoso,pace_shisu_juni,kishu_kitai_tansho_decile,9,1282,77.5,17.42,66.12,False
KEIBAJO_SURFACE_09_芝_条件戦,tenkai_kigo_code+class_code+joho_shisu_decile,tenkai_kigo_code,class_code,joho_shisu_decile,17,3985,73.12,14.77,66.1,False
KEIBAJO_SURFACE_09_芝_条件戦,bataiju_zogen+kyakushitsu+tenkai_kigo_code,bataiju_zogen,kyakushitsu,tenkai_kigo_code,13,1992,73.26,13.27,66.05,False
KEIBAJO_SURFACE_09_芝_条件戦,uma_start_shisu_decile+pace_shisu_juni+class_code,uma_start_shisu_decile,pace_shisu_juni,class_code,10,1371,75.69,15.55,66.05,False
KEIBAJO_SURFACE_09_芝_条件戦,rotation_bin+kyori_tekisei+bataiju_zogen,rotation_bin,kyori_tekisei,bataiju_zogen,4,472,72.1,6.19,66.04,False
KEIBAJO_SURFACE_09_芝_条件戦,pace_shisu_juni+kyakushitsu+kijun_ninkijun_tansho,pace_shisu_juni,kyakushitsu,kijun_ninkijun_tansho,3,479,82.32,14.41,66.01,False
KEIBAJO_SURFACE_09_芝_条件戦,ls_shisu_juni+class_code+kishu_kitai_tansho_decile,ls_shisu_juni,class_code,kishu_kitai_tansho_decile,12,2214,73.14,12.69,65.96,False
KEIBAJO_SURFACE_09_芝_条件戦,pace_yoso+class_code+kishu_kitai_rentai_decile,pace_yoso,class_code,kishu_kitai_rentai_decile,23,3999,72.76,16.65,65.96,False
KEIBAJO_SURFACE_09_芝_条件戦,uma_start_shisu_decile+bataiju_zogen+tenkai_kigo_code,uma_start_shisu_decile,bataiju_zogen,tenkai_kigo_code,6,1038,76.87,13.65,65.95,False
KEIBAJO_SURFACE_09_芝_条件戦,kyori_tekisei+ichi_shisu_juni+gekiso_juni,kyori_tekisei,ichi_shisu_juni,gekiso_juni,11,2435,72.11,10.44,65.94,False
KEIBAJO_SURFACE_09_芝_条件戦,kyori_kubun+omo_tekisei_code+kishu_shisu_decile,kyori_kubun,omo_tekisei_code,kishu_shisu_decile,26,3600,71.75,15.12,65.94,False
KEIBAJO_SURFACE_09_芝_条件戦,uma_start_shisu_decile+ls_shisu_juni+tenkai_kigo_code,uma_start_shisu_decile,ls_shisu_juni,tenkai_kigo_code,12,2014,71.4,9.67,65.92,False
KEIBAJO_SURFACE_09_芝_条件戦,kyori_kubun+kyakushitsu+kishu_kitai_rentai_decile,kyori_kubun,kyakushitsu,kishu_kitai_rentai_decile,27,3896,71.53,14.87,65.92,False
KEIBAJO_SURFACE_09_芝_条件戦,pace_yoso+ichi_shisu_juni+class_code,pace_yoso,ichi_shisu_juni,class_code,11,1782,74.37,14.33,65.9,False
KEIBAJO_SURFACE_09_芝_条件戦,pace_yoso+class_code+kishu_shisu_decile,pace_yoso,class_code,kishu_shisu_decile,21,3792,72.93,16.52,65.87,False
KEIBAJO_SURFACE_09_芝_条件戦,hizume_code+omo_tekisei_code+kishu_kitai_rentai_decile,hizume_code,omo_tekisei_code,kishu_kitai_rentai_decile,15,2309,72.83,13.82,65.84,False
KEIBAJO_SURFACE_09_芝_条件戦,manken_shirushi+hizume_code+tenkai_kigo_code,manken_shirushi,hizume_code,tenkai_kigo_code,4,450,73.73,8.05,65.83,False
KEIBAJO_SURFACE_09_芝_条件戦,kyori_kubun+rotation_bin+bataiju_zogen,kyori_kubun,rotation_bin,bataiju_zogen,3,371,73.04,6.37,65.83,False
KEIBAJO_SURFACE_09_芝_条件戦,pace_shisu_juni+kishu_kitai_tansho_decile+kishu_kitai_rentai_decile,pace_shisu_juni,kishu_kitai_tansho_decile,kishu_kitai_rentai_decile,13,2121,72.87,12.96,65.82,False
KEIBAJO_SURFACE_09_芝_条件戦,pace_yoso+uma_start_shisu_decile+kishu_kitai_rentai_decile,pace_yoso,uma_start_shisu_decile,kishu_kitai_rentai_decile,10,1531,73.34,12.15,65.81,False
KEIBAJO_SURFACE_09_芝_条件戦,rotation_bin+bataiju_zogen+class_code,rotation_bin,bataiju_zogen,class_code,7,1135,73.88,10.9,65.8,False
KEIBAJO_SURFACE_09_芝_条件戦,kyakushitsu+class_code+kishu_kitai_rentai_decile,kyakushitsu,class_code,kishu_kitai_rentai_decile,23,3565,72.85,17.26,65.8,False
KEIBAJO_SURFACE_09_芝_条件戦,kyori_tekisei+manken_shisu_decile+class_code,kyori_tekisei,manken_shisu_decile,class_code,17,2892,73.57,16.35,65.8,False
KEIBAJO_SURFACE_09_芝_条件戦,pace_yoso+bataiju_zogen+kyakushitsu,pace_yoso,bataiju_zogen,kyakushitsu,10,1328,73.61,12.61,65.79,False
KEIBAJO_SURFACE_09_芝_条件戦,uma_start_shisu_decile+kyakushitsu+kishu_shisu_decile,uma_start_shisu_decile,kyakushitsu,kishu_shisu_decile,11,1362,75.06,15.8,65.73,False
KEIBAJO_SURFACE_09_芝_条件戦,kyakushitsu+tenkai_kigo_code+kishu_kitai_tansho_decile,kyakushitsu,tenkai_kigo_code,kishu_kitai_tansho_decile,26,5115,73.07,19.28,65.66,False
KEIBAJO_SURFACE_09_芝_条件戦,manken_shirushi+kyakushitsu+tenkai_kigo_code,manken_shirushi,kyakushitsu,tenkai_kigo_code,14,1764,72.44,12.93,65.66,False
KEIBAJO_SURFACE_09_芝_条件戦,pace_yoso+joho_shisu_decile+kishu_kitai_rentai_decile,pace_yoso,joho_shisu_decile,kishu_kitai_rentai_decile,29,5880,72.22,18.07,65.65,False
KEIBAJO_SURFACE_09_芝_条件戦,pace_shisu_juni+ten_shisu_juni+kijun_ninkijun_tansho,pace_shisu_juni,ten_shisu_juni,kijun_ninkijun_tansho,3,474,82.03,14.49,65.64,False
KEIBAJO_SURFACE_09_芝_条件戦,pace_yoso+joho_shisu_decile+kishu_kitai_tansho_decile,pace_yoso,joho_shisu_decile,kishu_kitai_tansho_decile,29,5969,71.94,17.31,65.64,False
KEIBAJO_SURFACE_09_芝_条件戦,pace_shisu_juni+kyakushitsu+agari_shisu_juni,pace_shisu_juni,kyakushitsu,agari_shisu_juni,9,1421,74.94,14.28,65.61,False
KEIBAJO_SURFACE_09_芝_条件戦,kyori_kubun+pace_yoso+kishu_kitai_rentai_decile,kyori_kubun,pace_yoso,kishu_kitai_rentai_decile,22,5019,71.55,14.23,65.6,False
KEIBAJO_SURFACE_09_芝_条件戦,kyakushitsu+tenkai_kigo_code+gekiso_juni,kyakushitsu,tenkai_kigo_code,gekiso_juni,23,3156,70.93,13.11,65.57,False
KEIBAJO_SURFACE_09_芝_条件戦,pace_yoso+ls_shisu_juni+kishu_kitai_rentai_decile,pace_yoso,ls_shisu_juni,kishu_kitai_rentai_decile,21,3940,72.75,16.83,65.55,False
KEIBAJO_SURFACE_09_芝_条件戦,pace_yoso+kyori_tekisei+joho_shisu_decile,pace_yoso,kyori_tekisei,joho_shisu_decile,30,6737,71.42,16.41,65.55,False
KEIBAJO_SURFACE_09_芝_条件戦,uma_start_shisu_decile+omo_tekisei_code+pace_shisu_juni,uma_start_shisu_decile,omo_tekisei_code,pace_shisu_juni,7,778,75.01,12.8,65.53,False
KEIBAJO_SURFACE_09_芝_条件戦,omo_tekisei_code+joho_shisu_decile+kishu_kitai_rentai_decile,omo_tekisei_code,joho_shisu_decile,kishu_kitai_rentai_decile,17,3047,74.32,18.47,65.53,False
KEIBAJO_SURFACE_09_芝_条件戦,pace_yoso+pace_shisu_juni+kishu_kitai_rentai_decile,pace_yoso,pace_shisu_juni,kishu_kitai_rentai_decile,9,1203,76.93,17.46,65.52,False
KEIBAJO_SURFACE_09_芝_条件戦,kyakushitsu+kishu_kitai_tansho_decile+kishu_shisu_decile,kyakushitsu,kishu_kitai_tansho_decile,kishu_shisu_decile,30,5898,71.95,17.95,65.52,False
KEIBAJO_SURFACE_09_芝_条件戦,hizume_code+ichi_shisu_juni+class_code,hizume_code,ichi_shisu_juni,class_code,9,1108,72.29,10.38,65.51,False
KEIBAJO_SURFACE_09_芝_条件戦,kyakushitsu+ls_shisu_juni+tenkai_kigo_code,kyakushitsu,ls_shisu_juni,tenkai_kigo_code,26,5350,70.71,13.55,65.5,False
KEIBAJO_SURFACE_09_芝_条件戦,pace_yoso+omo_tekisei_code+kijun_ninkijun_tansho,pace_yoso,omo_tekisei_code,kijun_ninkijun_tansho,16,2216,71.76,12.88,65.45,False
KEIBAJO_SURFACE_09_芝_条件戦,pace_yoso+ten_shisu_juni+kishu_kitai_rentai_decile,pace_yoso,ten_shisu_juni,kishu_kitai_rentai_decile,5,744,79.68,16.24,65.45,False
KEIBAJO_SURFACE_09_芝_条件戦,ichi_shisu_juni+kyakushitsu+gekiso_juni,ichi_shisu_juni,kyakushitsu,gekiso_juni,11,2388,72.02,11.14,65.44,False
KEIBAJO_SURFACE_09_芝_条件戦,kyakushitsu+ls_shisu_juni+class_code,kyakushitsu,ls_shisu_juni,class_code,16,3147,73.29,16.04,65.43,False
KEIBAJO_SURFACE_09_芝_条件戦,ichi_shisu_juni+kyakushitsu+ls_shisu_juni,ichi_shisu_juni,kyakushitsu,ls_shisu_juni,8,2661,74.09,12.54,65.4,False
KEIBAJO_SURFACE_09_芝_条件戦,uma_start_shisu_decile+rotation_bin+class_code,uma_start_shisu_decile,rotation_bin,class_code,10,2422,72.58,11.57,65.4,False
KEIBAJO_SURFACE_09_芝_条件戦,kyori_tekisei+class_code+kishu_shisu_decile,kyori_tekisei,class_code,kishu_shisu_decile,19,3444,71.61,13.85,65.39,False
KEIBAJO_SURFACE_09_芝_条件戦,uma_start_shisu_decile+omo_tekisei_code+ls_shisu_juni,uma_start_shisu_decile,omo_tekisei_code,ls_shisu_juni,18,2965,71.62,13.51,65.38,False
KEIBAJO_SURFACE_09_芝_条件戦,pace_yoso+pace_shisu_juni+tenkai_kigo_code,pace_yoso,pace_shisu_juni,tenkai_kigo_code,22,3737,71.16,13.83,65.38,False
KEIBAJO_SURFACE_09_芝_条件戦,ichi_shisu_juni+pace_shisu_juni+agari_shisu_juni,ichi_shisu_juni,pace_shisu_juni,agari_shisu_juni,10,1536,74.6,14.88,65.37,False
KEIBAJO_SURFACE_09_芝_条件戦,kyori_kubun+kyori_tekisei+pace_shisu_juni,kyori_kubun,kyori_tekisei,pace_shisu_juni,31,4466,70.44,14.5,65.34,False
KEIBAJO_SURFACE_09_芝_条件戦,uma_start_shisu_decile+kyakushitsu+tenkai_kigo_code,uma_start_shisu_decile,kyakushitsu,tenkai_kigo_code,16,3410,72.86,15.33,65.34,False
KEIBAJO_SURFACE_09_芝_条件戦,pace_yoso+ichi_shisu_juni+gekiso_juni,pace_yoso,ichi_shisu_juni,gekiso_juni,11,2111,72.2,11.61,65.34,False
KEIBAJO_SURFACE_09_芝_条件戦,omo_tekisei_code+kishu_shisu_decile+kijun_ninkijun_tansho,omo_tekisei_code,kishu_shisu_decile,kijun_ninkijun_tansho,15,2058,73.48,16.14,65.32,False
KEIBAJO_SURFACE_09_芝_条件戦,kyori_tekisei+pace_shisu_juni+tenkai_kigo_code,kyori_tekisei,pace_shisu_juni,tenkai_kigo_code,24,4408,71.44,15.29,65.32,False
KEIBAJO_SURFACE_09_芝_条件戦,hizume_code+class_code+gekiso_juni,hizume_code,class_code,gekiso_juni,8,1128,71.28,8.62,65.3,False
KEIBAJO_SURFACE_09_芝_条件戦,pace_yoso+manken_shisu_decile+class_code,pace_yoso,manken_shisu_decile,class_code,18,3112,72.64,15.94,65.27,False
KEIBAJO_SURFACE_09_芝_条件戦,omo_tekisei_code+joho_shisu_decile+kishu_kitai_tansho_decile,omo_tekisei_code,joho_shisu_decile,kishu_kitai_tansho_decile,16,3061,74.26,18.36,65.26,False
KEIBAJO_SURFACE_09_芝_条件戦,kyori_kubun+uma_start_shisu_decile+kishu_shisu_decile,kyori_kubun,uma_start_shisu_decile,kishu_shisu_decile,14,1841,77.19,22.8,65.24,False
KEIBAJO_SURFACE_09_芝_条件戦,omo_tekisei_code+tenkai_kigo_code+kishu_kitai_rentai_decile,omo_tekisei_code,tenkai_kigo_code,kishu_kitai_rentai_decile,21,3467,73.63,19.61,65.24,False
KEIBAJO_SURFACE_09_芝_条件戦,rotation_bin+ichi_shisu_juni+class_code,rotation_bin,ichi_shisu_juni,class_code,3,328,77.85,11.14,65.24,False
KEIBAJO_SURFACE_09_芝_条件戦,kyori_kubun+pace_yoso+kishu_kitai_tansho_decile,kyori_kubun,pace_yoso,kishu_kitai_tansho_decile,24,5375,71.91,16.74,65.22,False
KEIBAJO_SURFACE_09_芝_条件戦,pace_yoso+tenkai_kigo_code+kishu_shisu_decile,pace_yoso,tenkai_kigo_code,kishu_shisu_decile,28,5153,71.9,18.09,65.2,False
KEIBAJO_SURFACE_09_芝_条件戦,kyori_tekisei+kyakushitsu+joho_shisu_decile,kyori_tekisei,kyakushitsu,joho_shisu_decile,21,5398,71.96,15.81,65.2,False
KEIBAJO_SURFACE_09_芝_条件戦,kyori_kubun+class_code+kishu_kitai_rentai_decile,kyori_kubun,class_code,kishu_kitai_rentai_decile,18,3574,72.4,15.6,65.2,False
KEIBAJO_SURFACE_09_芝_条件戦,kyori_kubun+rotation_bin+ls_shisu_juni,kyori_kubun,rotation_bin,ls_shisu_juni,10,1636,69.75,7.36,65.19,False
KEIBAJO_SURFACE_09_芝_条件戦,uma_start_shisu_decile+ichi_shisu_juni+tenkai_kigo_code,uma_start_shisu_decile,ichi_shisu_juni,tenkai_kigo_code,9,1245,72.65,11.43,65.19,False
KEIBAJO_SURFACE_09_芝_条件戦,kyori_kubun+kijun_ninkijun_tansho+kishu_kitai_rentai_decile,kyori_kubun,kijun_ninkijun_tansho,kishu_kitai_rentai_decile,22,3640,71.19,14.38,65.18,False
KEIBAJO_SURFACE_09_芝_条件戦,kyori_kubun+kyakushitsu+kishu_kitai_tansho_decile,kyori_kubun,kyakushitsu,kishu_kitai_tansho_decile,27,4062,71.05,15.54,65.18,False
KEIBAJO_SURFACE_09_芝_条件戦,pace_yoso+kishu_shisu_decile+kijun_ninkijun_tansho,pace_yoso,kishu_shisu_decile,kijun_ninkijun_tansho,25,4349,71.57,16.31,65.17,False
KEIBAJO_SURFACE_09_芝_条件戦,uma_start_shisu_decile+kyakushitsu+joho_shisu_decile,uma_start_shisu_decile,kyakushitsu,joho_shisu_decile,14,2275,71.47,12.04,65.16,False
KEIBAJO_SURFACE_09_芝_条件戦,kyori_tekisei+kishu_shisu_decile+kijun_ninkijun_tansho,kyori_tekisei,kishu_shisu_decile,kijun_ninkijun_tansho,21,3086,71.73,15.38,65.16,False
KEIBAJO_SURFACE_09_芝_条件戦,omo_tekisei_code+kishu_shisu_decile+kishu_kitai_rentai_decile,omo_tekisei_code,kishu_shisu_decile,kishu_kitai_rentai_decile,23,4752,71.08,14.53,65.14,False
KEIBAJO_SURFACE_09_芝_条件戦,pace_yoso+kijun_ninkijun_tansho+kishu_kitai_rentai_decile,pace_yoso,kijun_ninkijun_tansho,kishu_kitai_rentai_decile,24,4335,71.59,16.2,65.11,False
KEIBAJO_SURFACE_09_芝_条件戦,kyori_tekisei+tenkai_kigo_code+kishu_shisu_decile,kyori_tekisei,tenkai_kigo_code,kishu_shisu_decile,27,5075,71.3,16.52,65.07,False
KEIBAJO_SURFACE_09_芝_条件戦,kyori_kubun+tenkai_kigo_code+kishu_kitai_tansho_decile,kyori_kubun,tenkai_kigo_code,kishu_kitai_tansho_decile,31,5054,71.21,17.45,65.06,False
KEIBAJO_SURFACE_09_芝_条件戦,uma_start_shisu_decile+kyori_tekisei+kishu_shisu_decile,uma_start_shisu_decile,kyori_tekisei,kishu_shisu_decile,12,1544,72.53,13.23,65.04,False
KEIBAJO_SURFACE_09_芝_条件戦,ls_shisu_juni+kishu_shisu_decile+kishu_kitai_rentai_decile,ls_shisu_juni,kishu_shisu_decile,kishu_kitai_rentai_decile,27,5745,70.82,15.36,65.03,False
KEIBAJO_SURFACE_09_芝_条件戦,omo_tekisei_code+ls_shisu_juni+joho_shisu_decile,omo_tekisei_code,ls_shisu_juni,joho_shisu_decile,13,2616,73.77,16.08,65.03,False
KEIBAJO_SURFACE_09_芝_条件戦,kyori_kubun+ten_shisu_juni+tenkai_kigo_code,kyori_kubun,ten_shisu_juni,tenkai_kigo_code,25,3184,72.11,18.08,65.03,False
KEIBAJO_SURFACE_09_芝_条件戦,pace_yoso+hizume_code+ls_shisu_juni,pace_yoso,hizume_code,ls_shisu_juni,9,1692,72.24,11.09,65.0,False
KEIBAJO_SURFACE_09_芝_条件戦,kyori_kubun+bataiju_zogen+tenkai_kigo_code,kyori_kubun,bataiju_zogen,tenkai_kigo_code,11,1821,74.21,15.59,65.0,False
KEIBAJO_SURFACE_09_芝_条件戦,pace_yoso+hizume_code+kijun_ninkijun_tansho,pace_yoso,hizume_code,kijun_ninkijun_tansho,7,798,72.4,9.98,65.0,False
KEIBAJO_SURFACE_09_芝_条件戦,pace_yoso+pace_shisu_juni+class_code,pace_yoso,pace_shisu_juni,class_code,13,1901,73.07,14.87,64.99,False
KEIBAJO_SURFACE_09_芝_条件戦,hizume_code+bataiju_zogen+tenkai_kigo_code,hizume_code,bataiju_zogen,tenkai_kigo_code,6,917,72.61,9.53,64.98,False
KEIBAJO_SURFACE_09_芝_条件戦,ichi_shisu_juni+kijun_ninkijun_tansho+kishu_kitai_rentai_decile,ichi_shisu_juni,kijun_ninkijun_tansho,kishu_kitai_rentai_decile,10,1661,72.15,11.56,64.98,False
KEIBAJO_SURFACE_09_芝_条件戦,ichi_shisu_juni+tenkai_kigo_code+class_code,ichi_shisu_juni,tenkai_kigo_code,class_code,12,2225,70.98,10.62,64.97,False
KEIBAJO_SURFACE_09_芝_条件戦,manken_shisu_decile+kishu_kitai_tansho_decile+kishu_shisu_decile,manken_shisu_decile,kishu_kitai_tansho_decile,kishu_shisu_decile,19,2752,74.17,20.46,64.97,False
KEIBAJO_SURFACE_09_芝_条件戦,hizume_code+uma_start_shisu_decile+joho_shisu_decile,hizume_code,uma_start_shisu_decile,joho_shisu_decile,8,1320,70.83,8.46,64.96,False
KEIBAJO_SURFACE_09_芝_条件戦,kyori_kubun+class_code+kijun_ninkijun_tansho,kyori_kubun,class_code,kijun_ninkijun_tansho,19,2996,71.29,14.1,64.96,False
KEIBAJO_SURFACE_09_芝_条件戦,tenkai_kigo_code+class_code+kijun_ninkijun_tansho,tenkai_kigo_code,class_code,kijun_ninkijun_tansho,15,2630,72.55,15.07,64.92,False
KEIBAJO_SURFACE_09_芝_条件戦,kyori_tekisei+pace_shisu_juni+agari_shisu_juni,kyori_tekisei,pace_shisu_juni,agari_shisu_juni,9,1442,74.29,14.36,64.92,False
KEIBAJO_SURFACE_09_芝_条件戦,kyakushitsu+tenkai_kigo_code+kishu_shisu_decile,kyakushitsu,tenkai_kigo_code,kishu_shisu_decile,30,5330,71.65,18.98,64.86,False
KEIBAJO_SURFACE_09_芝_条件戦,hizume_code+kyori_tekisei+manken_shisu_decile,hizume_code,kyori_tekisei,manken_shisu_decile,10,1145,72.69,12.73,64.8,False
KEIBAJO_SURFACE_09_芝_条件戦,kyakushitsu+class_code+agari_shisu_juni,kyakushitsu,class_code,agari_shisu_juni,12,1649,72.57,13.79,64.77,False
KEIBAJO_SURFACE_09_芝_条件戦,bataiju_zogen+kishu_kitai_tansho_decile+kishu_kitai_rentai_decile,bataiju_zogen,kishu_kitai_tansho_decile,kishu_kitai_rentai_decile,7,827,74.15,12.68,64.76,False
KEIBAJO_SURFACE_09_芝_条件戦,uma_start_shisu_decile+pace_shisu_juni+tenkai_kigo_code,uma_start_shisu_decile,pace_shisu_juni,tenkai_kigo_code,7,948,70.89,8.37,64.69,False
KEIBAJO_SURFACE_09_芝_条件戦,pace_yoso+hizume_code+gekiso_juni,pace_yoso,hizume_code,gekiso_juni,6,706,75.29,13.25,64.69,False
KEIBAJO_SURFACE_09_芝_条件戦,hizume_code+uma_start_shisu_decile+gekiso_juni,hizume_code,uma_start_shisu_decile,gekiso_juni,3,346,77.56,11.4,64.66,False
KEIBAJO_SURFACE_09_芝_条件戦,pace_yoso+kyori_tekisei+ten_shisu_juni,pace_yoso,kyori_tekisei,ten_shisu_juni,16,3140,72.49,16.02,64.64,False
KEIBAJO_SURFACE_09_芝_条件戦,pace_yoso+tenkai_kigo_code+joho_shisu_decile,pace_yoso,tenkai_kigo_code,joho_shisu_decile,23,5982,71.7,17.32,64.62,False
KEIBAJO_SURFACE_09_芝_条件戦,kyori_tekisei+kyakushitsu+ls_shisu_juni,kyori_tekisei,kyakushitsu,ls_shisu_juni,17,4757,70.76,12.93,64.61,False
KEIBAJO_SURFACE_09_芝_条件戦,kyori_kubun+joho_shisu_decile+kishu_kitai_rentai_decile,kyori_kubun,joho_shisu_decile,kishu_kitai_rentai_decile,27,5128,72.15,20.0,64.61,False
KEIBAJO_SURFACE_09_芝_条件戦,uma_start_shisu_decile+class_code+kijun_ninkijun_tansho,uma_start_shisu_decile,class_code,kijun_ninkijun_tansho,10,1751,73.03,13.59,64.61,False
KEIBAJO_SURFACE_09_芝_条件戦,uma_start_shisu_decile+kyakushitsu+kijun_ninkijun_tansho,uma_start_shisu_decile,kyakushitsu,kijun_ninkijun_tansho,7,762,73.4,11.88,64.6,False
KEIBAJO_SURFACE_09_芝_条件戦,joho_shisu_decile+kishu_kitai_tansho_decile+kishu_kitai_rentai_decile,joho_shisu_decile,kishu_kitai_tansho_decile,kishu_kitai_rentai_decile,23,6941,70.39,14.16,64.6,False
KEIBAJO_SURFACE_09_芝_条件戦,pace_yoso+uma_start_shisu_decile+ls_shisu_juni,pace_yoso,uma_start_shisu_decile,ls_shisu_juni,12,2105,71.39,12.02,64.59,False
KEIBAJO_SURFACE_09_芝_条件戦,ls_shisu_juni+joho_shisu_decile+kishu_kitai_rentai_decile,ls_shisu_juni,joho_shisu_decile,kishu_kitai_rentai_decile,19,3606,71.91,16.3,64.58,False
KEIBAJO_SURFACE_09_芝_条件戦,pace_yoso+kyori_tekisei+kishu_shisu_decile,pace_yoso,kyori_tekisei,kishu_shisu_decile,29,5290,70.76,17.11,64.53,False
KEIBAJO_SURFACE_09_芝_条件戦,pace_yoso+ten_shisu_juni+agari_shisu_juni,pace_yoso,ten_shisu_juni,agari_shisu_juni,8,1003,75.38,15.66,64.53,False
KEIBAJO_SURFACE_09_芝_条件戦,manken_shisu_decile+tenkai_kigo_code+class_code,manken_shisu_decile,tenkai_kigo_code,class_code,13,2747,72.62,14.93,64.5,False
KEIBAJO_SURFACE_09_芝_条件戦,kishu_shisu_decile+kijun_ninkijun_tansho+kishu_kitai_rentai_decile,kishu_shisu_decile,kijun_ninkijun_tansho,kishu_kitai_rentai_decile,27,5560,70.02,14.68,64.48,False
KEIBAJO_SURFACE_09_芝_条件戦,tenkai_kigo_code+kishu_shisu_decile+kishu_kitai_rentai_decile,tenkai_kigo_code,kishu_shisu_decile,kishu_kitai_rentai_decile,30,6652,69.92,15.23,64.47,False
KEIBAJO_SURFACE_09_芝_条件戦,kyakushitsu+kishu_kitai_tansho_decile+kishu_kitai_rentai_decile,kyakushitsu,kishu_kitai_tansho_decile,kishu_kitai_rentai_decile,31,6271,70.48,17.08,64.46,False
KEIBAJO_SURFACE_09_芝_条件戦,kyori_kubun+tenkai_kigo_code+kishu_shisu_decile,kyori_kubun,tenkai_kigo_code,kishu_shisu_decile,30,4758,70.99,18.22,64.46,False
KEIBAJO_SURFACE_09_芝_条件戦,hizume_code+pace_shisu_juni+tenkai_kigo_code,hizume_code,pace_shisu_juni,tenkai_kigo_code,6,728,69.59,6.42,64.45,False
KEIBAJO_SURFACE_09_芝_条件戦,pace_yoso+ls_shisu_juni+joho_shisu_decile,pace_yoso,ls_shisu_juni,joho_shisu_decile,22,4942,71.22,16.25,64.43,False
KEIBAJO_SURFACE_09_芝_条件戦,pace_yoso+kyakushitsu+kishu_shisu_decile,pace_yoso,kyakushitsu,kishu_shisu_decile,24,4114,73.35,22.38,64.39,False
KEIBAJO_SURFACE_09_芝_条件戦,hizume_code+omo_tekisei_code+kishu_kitai_tansho_decile,hizume_code,omo_tekisei_code,kishu_kitai_tansho_decile,17,2606,70.94,13.83,64.37,False
KEIBAJO_SURFACE_09_芝_条件戦,manken_shirushi+uma_start_shisu_decile+tenkai_kigo_code,manken_shirushi,uma_start_shisu_decile,tenkai_kigo_code,5,591,76.31,13.62,64.37,False
KEIBAJO_SURFACE_09_芝_条件戦,omo_tekisei_code+joho_shisu_decile+kishu_shisu_decile,omo_tekisei_code,joho_shisu_decile,kishu_shisu_decile,16,2939,78.55,28.93,64.37,False
KEIBAJO_SURFACE_09_芝_条件戦,pace_yoso+kyori_tekisei+pace_shisu_juni,pace_yoso,kyori_tekisei,pace_shisu_juni,18,3454,70.97,14.29,64.36,False
KEIBAJO_SURFACE_09_芝_条件戦,kishu_kitai_tansho_decile+kishu_shisu_decile+kijun_ninkijun_tansho,kishu_kitai_tansho_decile,kishu_shisu_decile,kijun_ninkijun_tansho,28,5819,69.44,13.71,64.36,False
KEIBAJO_SURFACE_09_芝_条件戦,kyori_kubun+uma_start_shisu_decile+gekiso_juni,kyori_kubun,uma_start_shisu_decile,gekiso_juni,6,703,75.79,14.31,64.34,False
KEIBAJO_SURFACE_09_芝_条件戦,rotation_bin+class_code+gekiso_juni,rotation_bin,class_code,gekiso_juni,3,320,70.34,5.3,64.34,False
KEIBAJO_SURFACE_09_芝_条件戦,uma_start_shisu_decile+tenkai_kigo_code+kishu_kitai_rentai_decile,uma_start_shisu_decile,tenkai_kigo_code,kishu_kitai_rentai_decile,11,1664,71.81,12.66,64.33,False
KEIBAJO_SURFACE_09_芝_条件戦,ichi_shisu_juni+pace_shisu_juni+kishu_kitai_rentai_decile,ichi_shisu_juni,pace_shisu_juni,kishu_kitai_rentai_decile,6,959,76.43,15.12,64.33,False
KEIBAJO_SURFACE_09_芝_条件戦,kyori_kubun+joho_shisu_decile+kishu_kitai_tansho_decile,kyori_kubun,joho_shisu_decile,kishu_kitai_tansho_decile,27,5256,71.04,17.8,64.33,False
KEIBAJO_SURFACE_09_芝_条件戦,ichi_shisu_juni+kishu_kitai_tansho_decile+kijun_ninkijun_tansho,ichi_shisu_juni,kishu_kitai_tansho_decile,kijun_ninkijun_tansho,10,1697,71.07,10.9,64.32,False
KEIBAJO_SURFACE_09_芝_条件戦,class_code+kishu_kitai_tansho_decile+kishu_kitai_rentai_decile,class_code,kishu_kitai_tansho_decile,kishu_kitai_rentai_decile,13,4274,72.06,14.24,64.31,False
KEIBAJO_SURFACE_09_芝_条件戦,ten_shisu_juni+kishu_kitai_tansho_decile+kishu_shisu_decile,ten_shisu_juni,kishu_kitai_tansho_decile,kishu_shisu_decile,9,1496,75.58,17.31,64.27,False
KEIBAJO_SURFACE_09_芝_条件戦,pace_yoso+ten_shisu_juni+tenkai_kigo_code,pace_yoso,ten_shisu_juni,tenkai_kigo_code,21,3481,71.82,17.7,64.25,False
KEIBAJO_SURFACE_09_芝_条件戦,pace_yoso+class_code+kijun_ninkijun_tansho,pace_yoso,class_code,kijun_ninkijun_tansho,17,2804,70.35,12.89,64.23,False
KEIBAJO_SURFACE_09_芝_条件戦,kishu_kitai_tansho_decile+kijun_ninkijun_tansho+kishu_kitai_rentai_decile,kishu_kitai_tansho_decile,kijun_ninkijun_tansho,kishu_kitai_rentai_decile,23,5636,69.14,12.09,64.2,False
KEIBAJO_SURFACE_09_芝_条件戦,kyori_tekisei+joho_shisu_decile+kishu_kitai_tansho_decile,kyori_tekisei,joho_shisu_decile,kishu_kitai_tansho_decile,24,4624,71.2,17.5,64.2,False
KEIBAJO_SURFACE_09_芝_条件戦,hizume_code+omo_tekisei_code+ls_shisu_juni,hizume_code,omo_tekisei_code,ls_shisu_juni,12,2623,72.37,14.45,64.19,False
KEIBAJO_SURFACE_09_芝_条件戦,kyori_kubun+joho_shisu_decile+kishu_shisu_decile,kyori_kubun,joho_shisu_decile,kishu_shisu_decile,24,4748,70.8,16.64,64.14,False
KEIBAJO_SURFACE_09_芝_条件戦,rotation_bin+class_code+kishu_kitai_tansho_decile,rotation_bin,class_code,kishu_kitai_tansho_decile,12,1708,71.03,12.21,64.12,False
KEIBAJO_SURFACE_09_芝_条件戦,kyori_kubun+ichi_shisu_juni+gekiso_juni,kyori_kubun,ichi_shisu_juni,gekiso_juni,15,2028,70.02,11.72,64.08,False
KEIBAJO_SURFACE_09_芝_条件戦,uma_start_shisu_decile+omo_tekisei_code+kishu_kitai_rentai_decile,uma_start_shisu_decile,omo_tekisei_code,kishu_kitai_rentai_decile,15,2267,70.75,13.25,64.04,False
KEIBAJO_SURFACE_09_芝_条件戦,kyori_kubun+kyori_tekisei+kishu_kitai_tansho_decile,kyori_kubun,kyori_tekisei,kishu_kitai_tansho_decile,30,5578,69.84,16.31,64.0,False
KEIBAJO_SURFACE_09_芝_条件戦,hizume_code+uma_start_shisu_decile+ichi_shisu_juni,hizume_code,uma_start_shisu_decile,ichi_shisu_juni,3,354,71.0,6.21,63.97,False
KEIBAJO_SURFACE_09_芝_条件戦,kyori_kubun+kyori_tekisei+kishu_shisu_decile,kyori_kubun,kyori_tekisei,kishu_shisu_decile,32,5553,69.28,15.4,63.94,False
KEIBAJO_SURFACE_09_芝_条件戦,ichi_shisu_juni+kishu_shisu_decile+kijun_ninkijun_tansho,ichi_shisu_juni,kishu_shisu_decile,kijun_ninkijun_tansho,10,1590,71.18,11.68,63.94,False
KEIBAJO_SURFACE_09_芝_条件戦,kyori_kubun+omo_tekisei_code+kishu_kitai_rentai_decile,kyori_kubun,omo_tekisei_code,kishu_kitai_rentai_decile,28,3867,70.64,18.12,63.93,False
KEIBAJO_SURFACE_09_芝_条件戦,hizume_code+ten_shisu_juni+tenkai_kigo_code,hizume_code,ten_shisu_juni,tenkai_kigo_code,6,667,73.64,12.15,63.91,False
KEIBAJO_SURFACE_09_芝_条件戦,kyori_kubun+uma_start_shisu_decile+kijun_ninkijun_tansho,kyori_kubun,uma_start_shisu_decile,kijun_ninkijun_tansho,11,1264,73.1,15.56,63.9,False
KEIBAJO_SURFACE_09_芝_条件戦,kyakushitsu+class_code+joho_shisu_decile,kyakushitsu,class_code,joho_shisu_decile,20,4143,70.78,15.74,63.89,False
KEIBAJO_SURFACE_09_芝_条件戦,kyori_kubun+uma_start_shisu_decile+kishu_kitai_rentai_decile,kyori_kubun,uma_start_shisu_decile,kishu_kitai_rentai_decile,13,1772,71.7,14.38,63.88,False
KEIBAJO_SURFACE_09_芝_条件戦,pace_yoso+ls_shisu_juni+kishu_shisu_decile,pace_yoso,ls_shisu_juni,kishu_shisu_decile,22,3981,71.01,17.08,63.87,False
KEIBAJO_SURFACE_09_芝_条件戦,kyori_kubun+manken_shisu_decile+tenkai_kigo_code,kyori_kubun,manken_shisu_decile,tenkai_kigo_code,24,3960,69.82,14.88,63.86,False
KEIBAJO_SURFACE_09_芝_条件戦,kyori_kubun+kishu_shisu_decile+kijun_ninkijun_tansho,kyori_kubun,kishu_shisu_decile,kijun_ninkijun_tansho,25,3822,69.85,15.3,63.85,False
KEIBAJO_SURFACE_09_芝_条件戦,pace_yoso+joho_shisu_decile+kijun_ninkijun_tansho,pace_yoso,joho_shisu_decile,kijun_ninkijun_tansho,26,4566,70.96,18.54,63.83,False
KEIBAJO_SURFACE_09_芝_条件戦,uma_start_shisu_decile+kyori_tekisei+joho_shisu_decile,uma_start_shisu_decile,kyori_tekisei,joho_shisu_decile,13,2142,71.68,14.58,63.76,False
KEIBAJO_SURFACE_09_芝_条件戦,kyakushitsu+tenkai_kigo_code+kijun_ninkijun_tansho,kyakushitsu,tenkai_kigo_code,kijun_ninkijun_tansho,27,4107,69.13,14.32,63.73,False
KEIBAJO_SURFACE_09_芝_条件戦,hizume_code+kyakushitsu+kishu_kitai_rentai_decile,hizume_code,kyakushitsu,kishu_kitai_rentai_decile,3,354,78.09,12.71,63.7,False
KEIBAJO_SURFACE_09_芝_条件戦,kyori_tekisei+tenkai_kigo_code+kijun_ninkijun_tansho,kyori_tekisei,tenkai_kigo_code,kijun_ninkijun_tansho,24,3912,68.76,12.78,63.65,False
KEIBAJO_SURFACE_09_芝_条件戦,hizume_code+uma_start_shisu_decile+ls_shisu_juni,hizume_code,uma_start_shisu_decile,ls_shisu_juni,6,1065,67.77,5.16,63.64,False
KEIBAJO_SURFACE_09_芝_条件戦,kyori_kubun+ls_shisu_juni+joho_shisu_decile,kyori_kubun,ls_shisu_juni,joho_shisu_decile,21,4426,69.48,13.67,63.63,False
KEIBAJO_SURFACE_09_芝_条件戦,pace_yoso+kyori_tekisei+kishu_kitai_rentai_decile,pace_yoso,kyori_tekisei,kishu_kitai_rentai_decile,28,5260,69.96,17.17,63.6,False
KEIBAJO_SURFACE_09_芝_条件戦,omo_tekisei_code+tenkai_kigo_code+kijun_ninkijun_tansho,omo_tekisei_code,tenkai_kigo_code,kijun_ninkijun_tansho,17,2420,70.43,14.39,63.59,False
KEIBAJO_SURFACE_09_芝_条件戦,class_code+kishu_shisu_decile+kijun_ninkijun_tansho,class_code,kishu_shisu_decile,kijun_ninkijun_tansho,17,2763,70.15,13.86,63.57,False
KEIBAJO_SURFACE_09_芝_条件戦,hizume_code+kishu_shisu_decile+kishu_kitai_rentai_decile,hizume_code,kishu_shisu_decile,kishu_kitai_rentai_decile,14,2181,71.33,14.83,63.56,False
KEIBAJO_SURFACE_09_芝_条件戦,rotation_bin+kishu_kitai_tansho_decile+kishu_shisu_decile,rotation_bin,kishu_kitai_tansho_decile,kishu_shisu_decile,15,2142,72.7,18.2,63.49,False
KEIBAJO_SURFACE_09_芝_条件戦,omo_tekisei_code+class_code+kijun_ninkijun_tansho,omo_tekisei_code,class_code,kijun_ninkijun_tansho,21,3790,69.78,14.73,63.48,False
KEIBAJO_SURFACE_09_芝_条件戦,pace_shisu_juni+tenkai_kigo_code+class_code,pace_shisu_juni,tenkai_kigo_code,class_code,10,2040,70.61,11.53,63.47,False
KEIBAJO_SURFACE_09_芝_条件戦,kyori_kubun+ls_shisu_juni+kishu_shisu_decile,kyori_kubun,ls_shisu_juni,kishu_shisu_decile,19,3328,69.55,13.66,63.41,False
KEIBAJO_SURFACE_09_芝_条件戦,kyori_tekisei+tenkai_kigo_code+gekiso_juni,kyori_tekisei,tenkai_kigo_code,gekiso_juni,22,3185,69.61,14.94,63.37,False
KEIBAJO_SURFACE_09_芝_条件戦,joho_shisu_decile+kishu_kitai_tansho_decile+kijun_ninkijun_tansho,joho_shisu_decile,kishu_kitai_tansho_decile,kijun_ninkijun_tansho,20,3715,69.79,14.73,63.33,False
KEIBAJO_SURFACE_09_芝_条件戦,ls_shisu_juni+class_code+gekiso_juni,ls_shisu_juni,class_code,gekiso_juni,9,1258,69.73,9.84,63.3,False
KEIBAJO_SURFACE_09_芝_条件戦,pace_yoso+omo_tekisei_code+kishu_kitai_rentai_decile,pace_yoso,omo_tekisei_code,kishu_kitai_rentai_decile,18,3000,71.09,16.99,63.25,False
KEIBAJO_SURFACE_09_芝_条件戦,joho_shisu_decile+kishu_shisu_decile+kishu_kitai_rentai_decile,joho_shisu_decile,kishu_shisu_decile,kishu_kitai_rentai_decile,27,6962,68.63,14.31,63.23,False
KEIBAJO_SURFACE_09_芝_条件戦,hizume_code+ten_shisu_juni+class_code,hizume_code,ten_shisu_juni,class_code,8,948,71.23,11.56,63.22,False
KEIBAJO_SURFACE_09_芝_条件戦,pace_shisu_juni+tenkai_kigo_code+agari_shisu_juni,pace_shisu_juni,tenkai_kigo_code,agari_shisu_juni,8,1156,74.73,16.63,63.21,False
KEIBAJO_SURFACE_09_芝_条件戦,kyori_kubun+uma_start_shisu_decile+agari_shisu_juni,kyori_kubun,uma_start_shisu_decile,agari_shisu_juni,5,544,76.8,15.51,63.21,False
KEIBAJO_SURFACE_09_芝_条件戦,uma_start_shisu_decile+ls_shisu_juni+class_code,uma_start_shisu_decile,ls_shisu_juni,class_code,14,2839,69.2,11.5,63.18,False
KEIBAJO_SURFACE_09_芝_条件戦,kyori_tekisei+kishu_kitai_tansho_decile+kishu_shisu_decile,kyori_tekisei,kishu_kitai_tansho_decile,kishu_shisu_decile,28,6573,68.84,15.32,63.17,False
KEIBAJO_SURFACE_09_芝_条件戦,uma_start_shisu_decile+manken_shisu_decile+class_code,uma_start_shisu_decile,manken_shisu_decile,class_code,10,1801,73.75,17.07,63.17,False
KEIBAJO_SURFACE_09_芝_条件戦,kyori_tekisei+tenkai_kigo_code+kishu_kitai_rentai_decile,kyori_tekisei,tenkai_kigo_code,kishu_kitai_rentai_decile,28,5236,69.63,17.43,63.17,False
KEIBAJO_SURFACE_09_芝_条件戦,kyakushitsu+tenkai_kigo_code+kishu_kitai_rentai_decile,kyakushitsu,tenkai_kigo_code,kishu_kitai_rentai_decile,28,5144,70.15,18.93,63.14,False
KEIBAJO_SURFACE_09_芝_条件戦,pace_yoso+joho_shisu_decile+kishu_shisu_decile,pace_yoso,joho_shisu_decile,kishu_shisu_decile,29,5842,70.09,19.11,63.13,False
KEIBAJO_SURFACE_09_芝_条件戦,pace_yoso+kyakushitsu+kishu_kitai_tansho_decile,pace_yoso,kyakushitsu,kishu_kitai_tansho_decile,22,4111,73.7,25.32,63.12,False
KEIBAJO_SURFACE_09_芝_条件戦,kyori_kubun+ichi_shisu_juni+manken_shisu_decile,kyori_kubun,ichi_shisu_juni,manken_shisu_decile,12,2383,71.43,14.71,63.11,False
KEIBAJO_SURFACE_09_芝_条件戦,hizume_code+kyori_tekisei+gekiso_juni,hizume_code,kyori_tekisei,gekiso_juni,5,570,74.26,12.73,63.1,False
KEIBAJO_SURFACE_09_芝_条件戦,hizume_code+manken_shisu_decile+class_code,hizume_code,manken_shisu_decile,class_code,11,1655,71.46,14.14,63.1,False
KEIBAJO_SURFACE_09_芝_条件戦,uma_start_shisu_decile+tenkai_kigo_code+gekiso_juni,uma_start_shisu_decile,tenkai_kigo_code,gekiso_juni,7,893,74.69,15.64,63.1,False
KEIBAJO_SURFACE_09_芝_条件戦,hizume_code+class_code+kishu_shisu_decile,hizume_code,class_code,kishu_shisu_decile,12,1928,69.56,11.45,63.08,False
KEIBAJO_SURFACE_09_芝_条件戦,hizume_code+kishu_kitai_tansho_decile+kishu_shisu_decile,hizume_code,kishu_kitai_tansho_decile,kishu_shisu_decile,12,2103,71.19,14.33,63.08,False
KEIBAJO_SURFACE_09_芝_条件戦,kyori_kubun+tenkai_kigo_code+kishu_kitai_rentai_decile,kyori_kubun,tenkai_kigo_code,kishu_kitai_rentai_decile,33,5148,68.87,17.01,63.07,False
KEIBAJO_SURFACE_09_芝_条件戦,rotation_bin+manken_shisu_decile+tenkai_kigo_code,rotation_bin,manken_shisu_decile,tenkai_kigo_code,3,378,64.57,1.35,63.04,False
KEIBAJO_SURFACE_09_芝_条件戦,omo_tekisei_code+rotation_bin+kishu_kitai_tansho_decile,omo_tekisei_code,rotation_bin,kishu_kitai_tansho_decile,8,950,72.88,14.21,63.03,False
KEIBAJO_SURFACE_09_芝_条件戦,kyori_kubun+ls_shisu_juni+tenkai_kigo_code,kyori_kubun,ls_shisu_juni,tenkai_kigo_code,24,4663,69.46,16.11,63.01,False
KEIBAJO_SURFACE_09_芝_条件戦,tenkai_kigo_code+joho_shisu_decile+kishu_kitai_rentai_decile,tenkai_kigo_code,joho_shisu_decile,kishu_kitai_rentai_decile,21,4291,71.89,20.79,63.0,False
KEIBAJO_SURFACE_09_芝_条件戦,kyori_kubun+kyakushitsu+kishu_shisu_decile,kyori_kubun,kyakushitsu,kishu_shisu_decile,27,3786,71.79,23.32,62.99,False
KEIBAJO_SURFACE_09_芝_条件戦,kyakushitsu+kishu_shisu_decile+kishu_kitai_rentai_decile,kyakushitsu,kishu_shisu_decile,kishu_kitai_rentai_decile,32,5859,69.55,18.96,62.98,False
KEIBAJO_SURFACE_09_芝_条件戦,tenkai_kigo_code+class_code+gekiso_juni,tenkai_kigo_code,class_code,gekiso_juni,13,2259,71.92,16.54,62.93,False
KEIBAJO_SURFACE_09_芝_条件戦,hizume_code+manken_shisu_decile+tenkai_kigo_code,hizume_code,manken_shisu_decile,tenkai_kigo_code,8,1080,70.53,11.01,62.9,False
KEIBAJO_SURFACE_09_芝_条件戦,ls_shisu_juni+joho_shisu_decile+kishu_kitai_tansho_decile,ls_shisu_juni,joho_shisu_decile,kishu_kitai_tansho_decile,16,3402,71.45,17.49,62.89,False
KEIBAJO_SURFACE_09_芝_条件戦,hizume_code+class_code+agari_shisu_juni,hizume_code,class_code,agari_shisu_juni,7,950,72.06,12.39,62.89,False
KEIBAJO_SURFACE_09_芝_条件戦,tenkai_kigo_code+kishu_shisu_decile+kijun_ninkijun_tansho,tenkai_kigo_code,kishu_shisu_decile,kijun_ninkijun_tansho,21,2963,70.1,16.84,62.89,False
KEIBAJO_SURFACE_09_芝_条件戦,pace_yoso+kyakushitsu+joho_shisu_decile,pace_yoso,kyakushitsu,joho_shisu_decile,26,5690,70.4,19.73,62.82,False
KEIBAJO_SURFACE_09_芝_条件戦,pace_yoso+ichi_shisu_juni+ls_shisu_juni,pace_yoso,ichi_shisu_juni,ls_shisu_juni,12,2946,69.49,11.78,62.82,False
KEIBAJO_SURFACE_09_芝_条件戦,pace_yoso+kishu_kitai_tansho_decile+kishu_kitai_rentai_decile,pace_yoso,kishu_kitai_tansho_decile,kishu_kitai_rentai_decile,25,7209,68.68,15.14,62.75,False
KEIBAJO_SURFACE_09_芝_条件戦,pace_yoso+kishu_shisu_decile+kishu_kitai_rentai_decile,pace_yoso,kishu_shisu_decile,kishu_kitai_rentai_decile,28,7255,68.42,15.3,62.75,False
KEIBAJO_SURFACE_09_芝_条件戦,ls_shisu_juni+kishu_kitai_tansho_decile+kishu_shisu_decile,ls_shisu_juni,kishu_kitai_tansho_decile,kishu_shisu_decile,25,5535,68.03,13.54,62.72,False
KEIBAJO_SURFACE_09_芝_条件戦,hizume_code+kyori_tekisei+ls_shisu_juni,hizume_code,kyori_tekisei,ls_shisu_juni,7,1327,71.78,12.22,62.72,False
KEIBAJO_SURFACE_09_芝_条件戦,hizume_code+ichi_shisu_juni+tenkai_kigo_code,hizume_code,ichi_shisu_juni,tenkai_kigo_code,5,567,71.8,10.39,62.7,False
KEIBAJO_SURFACE_09_芝_条件戦,pace_yoso+pace_shisu_juni+ten_shisu_juni,pace_yoso,pace_shisu_juni,ten_shisu_juni,13,2397,70.85,15.01,62.69,False
KEIBAJO_SURFACE_09_芝_条件戦,manken_shirushi+ichi_shisu_juni+tenkai_kigo_code,manken_shirushi,ichi_shisu_juni,tenkai_kigo_code,7,990,69.86,9.7,62.67,False
KEIBAJO_SURFACE_09_芝_条件戦,pace_shisu_juni+kishu_kitai_tansho_decile+kishu_shisu_decile,pace_shisu_juni,kishu_kitai_tansho_decile,kishu_shisu_decile,9,1576,73.96,17.32,62.64,False
KEIBAJO_SURFACE_09_芝_条件戦,kyori_kubun+kishu_shisu_decile+kishu_kitai_rentai_decile,kyori_kubun,kishu_shisu_decile,kishu_kitai_rentai_decile,28,6877,68.62,16.18,62.63,False
KEIBAJO_SURFACE_09_芝_条件戦,pace_yoso+hizume_code+joho_shisu_decile,pace_yoso,hizume_code,joho_shisu_decile,11,1963,69.39,11.5,62.59,False
KEIBAJO_SURFACE_09_芝_条件戦,hizume_code+class_code+joho_shisu_decile,hizume_code,class_code,joho_shisu_decile,14,2813,69.21,12.7,62.56,False
KEIBAJO_SURFACE_09_芝_条件戦,omo_tekisei_code+kyakushitsu+ls_shisu_juni,omo_tekisei_code,kyakushitsu,ls_shisu_juni,15,2874,69.46,13.65,62.55,False
KEIBAJO_SURFACE_09_芝_条件戦,uma_start_shisu_decile+kyakushitsu+ls_shisu_juni,uma_start_shisu_decile,kyakushitsu,ls_shisu_juni,9,1559,70.9,12.77,62.55,False
KEIBAJO_SURFACE_09_芝_条件戦,uma_start_shisu_decile+ls_shisu_juni+kishu_kitai_rentai_decile,uma_start_shisu_decile,ls_shisu_juni,kishu_kitai_rentai_decile,7,907,71.61,12.24,62.54,False
KEIBAJO_SURFACE_09_芝_条件戦,pace_yoso+tenkai_kigo_code+kijun_ninkijun_tansho,pace_yoso,tenkai_kigo_code,kijun_ninkijun_tansho,22,3664,68.81,15.12,62.49,False
KEIBAJO_SURFACE_09_芝_条件戦,tenkai_kigo_code+kishu_kitai_tansho_decile+kishu_kitai_rentai_decile,tenkai_kigo_code,kishu_kitai_tansho_decile,kishu_kitai_rentai_decile,24,6345,69.08,16.54,62.46,False
KEIBAJO_SURFACE_09_芝_条件戦,kyori_tekisei+joho_shisu_decile+kijun_ninkijun_tansho,kyori_tekisei,joho_shisu_decile,kijun_ninkijun_tansho,23,3344,70.85,20.58,62.44,False
KEIBAJO_SURFACE_09_芝_条件戦,kyori_kubun+kishu_kitai_tansho_decile+kishu_shisu_decile,kyori_kubun,kishu_kitai_tansho_decile,kishu_shisu_decile,26,6660,68.29,15.3,62.41,False
KEIBAJO_SURFACE_09_芝_条件戦,uma_start_shisu_decile+manken_shisu_decile+tenkai_kigo_code,uma_start_shisu_decile,manken_shisu_decile,tenkai_kigo_code,7,1161,73.54,15.02,62.41,False
KEIBAJO_SURFACE_09_芝_条件戦,kyori_tekisei+ten_shisu_juni+kishu_kitai_rentai_decile,kyori_tekisei,ten_shisu_juni,kishu_kitai_rentai_decile,5,764,77.17,16.86,62.39,False
KEIBAJO_SURFACE_09_芝_条件戦,kyori_kubun+pace_yoso+joho_shisu_decile,kyori_kubun,pace_yoso,joho_shisu_decile,22,6316,69.49,17.01,62.38,False
KEIBAJO_SURFACE_09_芝_条件戦,omo_tekisei_code+ls_shisu_juni+kishu_kitai_tansho_decile,omo_tekisei_code,ls_shisu_juni,kishu_kitai_tansho_decile,13,2040,71.83,17.38,62.38,False
KEIBAJO_SURFACE_09_芝_条件戦,pace_yoso+ichi_shisu_juni+kijun_ninkijun_tansho,pace_yoso,ichi_shisu_juni,kijun_ninkijun_tansho,10,2120,69.05,10.77,62.38,False
KEIBAJO_SURFACE_09_芝_条件戦,ls_shisu_juni+tenkai_kigo_code+agari_shisu_juni,ls_shisu_juni,tenkai_kigo_code,agari_shisu_juni,23,3142,68.64,15.45,62.33,False
KEIBAJO_SURFACE_09_芝_条件戦,uma_start_shisu_decile+kishu_shisu_decile+kishu_kitai_rentai_decile,uma_start_shisu_decile,kishu_shisu_decile,kishu_kitai_rentai_decile,11,2179,72.31,16.92,62.31,False
KEIBAJO_SURFACE_09_芝_条件戦,uma_start_shisu_decile+kyori_tekisei+kijun_ninkijun_tansho,uma_start_shisu_decile,kyori_tekisei,kijun_ninkijun_tansho,9,1033,72.77,16.06,62.28,False
KEIBAJO_SURFACE_09_芝_条件戦,tenkai_kigo_code+joho_shisu_decile+kijun_ninkijun_tansho,tenkai_kigo_code,joho_shisu_decile,kijun_ninkijun_tansho,24,3583,69.89,19.03,62.27,False
KEIBAJO_SURFACE_09_芝_条件戦,hizume_code+kyori_tekisei+kishu_kitai_tansho_decile,hizume_code,kyori_tekisei,kishu_kitai_tansho_decile,9,1139,70.5,12.76,62.17,False
KEIBAJO_SURFACE_09_芝_条件戦,ls_shisu_juni+tenkai_kigo_code+class_code,ls_shisu_juni,tenkai_kigo_code,class_code,12,3149,69.01,12.26,62.08,False
KEIBAJO_SURFACE_09_芝_条件戦,kyori_kubun+ichi_shisu_juni+agari_shisu_juni,kyori_kubun,ichi_shisu_juni,agari_shisu_juni,16,2099,70.47,17.1,62.08,False
KEIBAJO_SURFACE_09_芝_条件戦,pace_yoso+hizume_code+ichi_shisu_juni,pace_yoso,hizume_code,ichi_shisu_juni,3,343,71.8,8.59,62.07,False
KEIBAJO_SURFACE_09_芝_条件戦,joho_shisu_decile+kishu_shisu_decile+kijun_ninkijun_tansho,joho_shisu_decile,kishu_shisu_decile,kijun_ninkijun_tansho,21,3736,69.83,18.2,62.05,False
KEIBAJO_SURFACE_09_芝_条件戦,pace_yoso+ls_shisu_juni+kijun_ninkijun_tansho,pace_yoso,ls_shisu_juni,kijun_ninkijun_tansho,18,3106,69.27,15.75,62.0,False
KEIBAJO_SURFACE_09_芝_条件戦,ls_shisu_juni+tenkai_kigo_code+joho_shisu_decile,ls_shisu_juni,tenkai_kigo_code,joho_shisu_decile,18,3887,69.35,16.01,61.95,False
KEIBAJO_SURFACE_09_芝_条件戦,ichi_shisu_juni+tenkai_kigo_code+joho_shisu_decile,ichi_shisu_juni,tenkai_kigo_code,joho_shisu_decile,14,3245,71.44,18.14,61.93,False
KEIBAJO_SURFACE_09_芝_条件戦,rotation_bin+kyori_tekisei+ls_shisu_juni,rotation_bin,kyori_tekisei,ls_shisu_juni,9,1427,68.79,10.53,61.91,False
KEIBAJO_SURFACE_09_芝_条件戦,pace_yoso+hizume_code+manken_shisu_decile,pace_yoso,hizume_code,manken_shisu_decile,7,981,72.35,14.11,61.9,False
KEIBAJO_SURFACE_09_芝_条件戦,tenkai_kigo_code+kishu_kitai_tansho_decile+kishu_shisu_decile,tenkai_kigo_code,kishu_kitai_tansho_decile,kishu_shisu_decile,29,6507,67.68,15.96,61.87,False
KEIBAJO_SURFACE_09_芝_条件戦,ichi_shisu_juni+tenkai_kigo_code+kijun_ninkijun_tansho,ichi_shisu_juni,tenkai_kigo_code,kijun_ninkijun_tansho,12,2121,71.05,16.23,61.86,False
KEIBAJO_SURFACE_09_芝_条件戦,kyori_tekisei+kyakushitsu+kijun_ninkijun_tansho,kyori_tekisei,kyakushitsu,kijun_ninkijun_tansho,13,3003,70.4,15.76,61.84,False
KEIBAJO_SURFACE_09_芝_条件戦,hizume_code+class_code+kishu_kitai_rentai_decile,hizume_code,class_code,kishu_kitai_rentai_decile,12,1961,69.79,14.11,61.8,False
KEIBAJO_SURFACE_09_芝_条件戦,hizume_code+kyori_tekisei+kishu_kitai_rentai_decile,hizume_code,kyori_tekisei,kishu_kitai_rentai_decile,10,1167,70.54,14.16,61.76,False
KEIBAJO_SURFACE_09_芝_条件戦,hizume_code+omo_tekisei_code+kishu_shisu_decile,hizume_code,omo_tekisei_code,kishu_shisu_decile,15,2294,69.3,14.9,61.76,False
KEIBAJO_SURFACE_09_芝_条件戦,hizume_code+manken_shisu_decile+kyakushitsu,hizume_code,manken_shisu_decile,kyakushitsu,3,314,77.6,14.01,61.74,False
KEIBAJO_SURFACE_09_芝_条件戦,pace_yoso+pace_shisu_juni+agari_shisu_juni,pace_yoso,pace_shisu_juni,agari_shisu_juni,7,998,74.48,17.28,61.68,False
KEIBAJO_SURFACE_09_芝_条件戦,pace_yoso+pace_shisu_juni+kishu_shisu_decile,pace_yoso,pace_shisu_juni,kishu_shisu_decile,7,1015,77.01,20.72,61.66,False
KEIBAJO_SURFACE_09_芝_条件戦,uma_start_shisu_decile+class_code+kishu_shisu_decile,uma_start_shisu_decile,class_code,kishu_shisu_decile,11,2187,72.22,17.9,61.64,False
KEIBAJO_SURFACE_09_芝_条件戦,kyori_kubun+ls_shisu_juni+kishu_kitai_tansho_decile,kyori_kubun,ls_shisu_juni,kishu_kitai_tansho_decile,18,3362,68.09,13.99,61.63,False
KEIBAJO_SURFACE_09_芝_条件戦,ichi_shisu_juni+ten_shisu_juni+kishu_kitai_rentai_decile,ichi_shisu_juni,ten_shisu_juni,kishu_kitai_rentai_decile,5,802,74.01,14.19,61.57,False
KEIBAJO_SURFACE_09_芝_条件戦,hizume_code+class_code+kishu_kitai_tansho_decile,hizume_code,class_code,kishu_kitai_tansho_decile,12,2014,68.77,12.75,61.56,False
KEIBAJO_SURFACE_09_芝_条件戦,kyori_kubun+pace_shisu_juni+tenkai_kigo_code,kyori_kubun,pace_shisu_juni,tenkai_kigo_code,28,3680,67.53,16.27,61.51,False
KEIBAJO_SURFACE_09_芝_条件戦,kyori_kubun+ls_shisu_juni+kishu_kitai_rentai_decile,kyori_kubun,ls_shisu_juni,kishu_kitai_rentai_decile,21,3550,67.77,14.66,61.5,False
KEIBAJO_SURFACE_09_芝_条件戦,pace_yoso+ichi_shisu_juni+ten_shisu_juni,pace_yoso,ichi_shisu_juni,ten_shisu_juni,11,2471,69.79,14.04,61.49,False
KEIBAJO_SURFACE_09_芝_条件戦,kyori_kubun+kishu_kitai_tansho_decile+kishu_kitai_rentai_decile,kyori_kubun,kishu_kitai_tansho_decile,kishu_kitai_rentai_decile,21,6388,68.69,16.84,61.49,False
KEIBAJO_SURFACE_09_芝_条件戦,pace_yoso+kishu_kitai_tansho_decile+kishu_shisu_decile,pace_yoso,kishu_kitai_tansho_decile,kishu_shisu_decile,27,7216,67.21,15.27,61.45,False
KEIBAJO_SURFACE_09_芝_条件戦,ls_shisu_juni+kishu_kitai_tansho_decile+kijun_ninkijun_tansho,ls_shisu_juni,kishu_kitai_tansho_decile,kijun_ninkijun_tansho,18,2843,69.14,16.64,61.45,False
KEIBAJO_SURFACE_09_芝_条件戦,tenkai_kigo_code+joho_shisu_decile+kishu_kitai_tansho_decile,tenkai_kigo_code,joho_shisu_decile,kishu_kitai_tansho_decile,21,4389,69.57,19.11,61.4,False
KEIBAJO_SURFACE_09_芝_条件戦,kyori_tekisei+kyakushitsu+kishu_kitai_tansho_decile,kyori_tekisei,kyakushitsu,kishu_kitai_tansho_decile,19,4294,69.47,17.99,61.38,False
KEIBAJO_SURFACE_09_芝_条件戦,uma_start_shisu_decile+rotation_bin+joho_shisu_decile,uma_start_shisu_decile,rotation_bin,joho_shisu_decile,8,1134,71.19,14.17,61.37,False
KEIBAJO_SURFACE_09_芝_条件戦,uma_start_shisu_decile+omo_tekisei_code+joho_shisu_decile,uma_start_shisu_decile,omo_tekisei_code,joho_shisu_decile,17,3157,68.94,15.93,61.37,False
KEIBAJO_SURFACE_09_芝_条件戦,kyori_tekisei+ichi_shisu_juni+manken_shisu_decile,kyori_tekisei,ichi_shisu_juni,manken_shisu_decile,6,2491,73.03,14.59,61.36,False
KEIBAJO_SURFACE_09_芝_条件戦,ls_shisu_juni+class_code+kishu_shisu_decile,ls_shisu_juni,class_code,kishu_shisu_decile,10,1949,70.75,15.16,61.35,False
KEIBAJO_SURFACE_09_芝_条件戦,uma_start_shisu_decile+ls_shisu_juni+kijun_ninkijun_tansho,uma_start_shisu_decile,ls_shisu_juni,kijun_ninkijun_tansho,5,575,74.51,15.04,61.33,False
KEIBAJO_SURFACE_09_芝_条件戦,ichi_shisu_juni+manken_shisu_decile+kyakushitsu,ichi_shisu_juni,manken_shisu_decile,kyakushitsu,6,2438,72.8,14.45,61.24,False
KEIBAJO_SURFACE_09_芝_条件戦,kyori_tekisei+kishu_kitai_tansho_decile+kishu_kitai_rentai_decile,kyori_tekisei,kishu_kitai_tansho_decile,kishu_kitai_rentai_decile,26,6657,66.99,14.97,61.23,False
KEIBAJO_SURFACE_09_芝_条件戦,kyakushitsu+joho_shisu_decile+kijun_ninkijun_tansho,kyakushitsu,joho_shisu_decile,kijun_ninkijun_tansho,17,2240,72.25,23.31,61.17,False
KEIBAJO_SURFACE_09_芝_条件戦,kyori_tekisei+joho_shisu_decile+kishu_kitai_rentai_decile,kyori_tekisei,joho_shisu_decile,kishu_kitai_rentai_decile,27,4768,67.54,16.9,61.16,False
KEIBAJO_SURFACE_09_芝_条件戦,ichi_shisu_juni+manken_shisu_decile+tenkai_kigo_code,ichi_shisu_juni,manken_shisu_decile,tenkai_kigo_code,9,2090,70.92,15.0,61.12,False
KEIBAJO_SURFACE_09_芝_条件戦,uma_start_shisu_decile+kishu_kitai_tansho_decile+kishu_shisu_decile,uma_start_shisu_decile,kishu_kitai_tansho_decile,kishu_shisu_decile,10,2117,74.36,21.4,61.09,False
KEIBAJO_SURFACE_09_芝_条件戦,rotation_bin+class_code+kijun_ninkijun_tansho,rotation_bin,class_code,kijun_ninkijun_tansho,6,726,71.8,13.42,61.06,False
KEIBAJO_SURFACE_09_芝_条件戦,uma_start_shisu_decile+tenkai_kigo_code+kishu_kitai_tansho_decile,uma_start_shisu_decile,tenkai_kigo_code,kishu_kitai_tansho_decile,12,1828,71.59,18.66,61.03,False
KEIBAJO_SURFACE_09_芝_条件戦,pace_yoso+pace_shisu_juni+kyakushitsu,pace_yoso,pace_shisu_juni,kyakushitsu,13,2622,69.98,16.47,61.02,False
KEIBAJO_SURFACE_09_芝_条件戦,kyori_kubun+kyori_tekisei+kishu_kitai_rentai_decile,kyori_kubun,kyori_tekisei,kishu_kitai_rentai_decile,29,5370,66.86,16.09,61.01,False
KEIBAJO_SURFACE_09_芝_条件戦,rotation_bin+class_code+kishu_kitai_rentai_decile,rotation_bin,class_code,kishu_kitai_rentai_decile,12,1539,69.31,14.66,61.01,False
KEIBAJO_SURFACE_09_芝_条件戦,kyori_tekisei+ten_shisu_juni+agari_shisu_juni,kyori_tekisei,ten_shisu_juni,agari_shisu_juni,8,1200,71.51,15.18,60.99,False
KEIBAJO_SURFACE_09_芝_条件戦,joho_shisu_decile+kishu_kitai_tansho_decile+kishu_shisu_decile,joho_shisu_decile,kishu_kitai_tansho_decile,kishu_shisu_decile,26,6773,66.99,15.63,60.98,False
KEIBAJO_SURFACE_09_芝_条件戦,kyori_kubun+kyakushitsu+ten_shisu_juni,kyori_kubun,kyakushitsu,ten_shisu_juni,19,2552,69.23,18.34,60.98,False
KEIBAJO_SURFACE_09_芝_条件戦,omo_tekisei_code+kishu_kitai_tansho_decile+kishu_kitai_rentai_decile,omo_tekisei_code,kishu_kitai_tansho_decile,kishu_kitai_rentai_decile,19,4635,68.41,16.54,60.97,False
KEIBAJO_SURFACE_09_芝_条件戦,pace_yoso+rotation_bin+bataiju_zogen,pace_yoso,rotation_bin,bataiju_zogen,4,538,69.34,8.55,60.96,False
KEIBAJO_SURFACE_09_芝_条件戦,pace_yoso+ichi_shisu_juni+agari_shisu_juni,pace_yoso,ichi_shisu_juni,agari_shisu_juni,10,2020,70.68,15.8,60.89,False
KEIBAJO_SURFACE_09_芝_条件戦,kyakushitsu+joho_shisu_decile+kishu_kitai_tansho_decile,kyakushitsu,joho_shisu_decile,kishu_kitai_tansho_decile,22,3848,71.12,24.61,60.84,False
KEIBAJO_SURFACE_09_芝_条件戦,kyori_tekisei+kishu_shisu_decile+kishu_kitai_rentai_decile,kyori_tekisei,kishu_shisu_decile,kishu_kitai_rentai_decile,32,6838,66.44,16.31,60.79,False
KEIBAJO_SURFACE_09_芝_条件戦,hizume_code+ls_shisu_juni+class_code,hizume_code,ls_shisu_juni,class_code,13,2406,68.13,13.51,60.79,False
KEIBAJO_SURFACE_09_芝_条件戦,manken_shirushi+omo_tekisei_code+kyakushitsu,manken_shirushi,omo_tekisei_code,kyakushitsu,3,310,75.81,13.32,60.74,False
KEIBAJO_SURFACE_09_芝_条件戦,uma_start_shisu_decile+kyori_tekisei+ls_shisu_juni,uma_start_shisu_decile,kyori_tekisei,ls_shisu_juni,11,1735,68.31,12.89,60.69,False
KEIBAJO_SURFACE_09_芝_条件戦,kyori_kubun+joho_shisu_decile+kijun_ninkijun_tansho,kyori_kubun,joho_shisu_decile,kijun_ninkijun_tansho,26,4013,67.25,17.19,60.65,False
KEIBAJO_SURFACE_09_芝_条件戦,kyori_kubun+ichi_shisu_juni+ten_shisu_juni,kyori_kubun,ichi_shisu_juni,ten_shisu_juni,17,2565,67.75,14.94,60.65,False
KEIBAJO_SURFACE_09_芝_条件戦,hizume_code+uma_start_shisu_decile+kishu_shisu_decile,hizume_code,uma_start_shisu_decile,kishu_shisu_decile,7,865,71.91,15.25,60.62,False
KEIBAJO_SURFACE_09_芝_条件戦,hizume_code+kyori_tekisei+joho_shisu_decile,hizume_code,kyori_tekisei,joho_shisu_decile,11,1721,67.59,11.92,60.55,False
KEIBAJO_SURFACE_09_芝_条件戦,hizume_code+uma_start_shisu_decile+manken_shisu_decile,hizume_code,uma_start_shisu_decile,manken_shisu_decile,5,645,72.06,13.16,60.53,False
KEIBAJO_SURFACE_09_芝_条件戦,manken_shisu_decile+tenkai_kigo_code+kishu_kitai_rentai_decile,manken_shisu_decile,tenkai_kigo_code,kishu_kitai_rentai_decile,3,343,64.08,3.15,60.51,False
KEIBAJO_SURFACE_09_芝_条件戦,kyori_kubun+hizume_code+kishu_kitai_tansho_decile,kyori_kubun,hizume_code,kishu_kitai_tansho_decile,8,1027,70.2,14.0,60.5,False
KEIBAJO_SURFACE_09_芝_条件戦,ls_shisu_juni+tenkai_kigo_code+kishu_kitai_rentai_decile,ls_shisu_juni,tenkai_kigo_code,kishu_kitai_rentai_decile,16,2778,70.84,21.1,60.5,False
KEIBAJO_SURFACE_09_芝_条件戦,hizume_code+tenkai_kigo_code+joho_shisu_decile,hizume_code,tenkai_kigo_code,joho_shisu_decile,8,1673,68.35,11.34,60.49,False
KEIBAJO_SURFACE_09_芝_条件戦,hizume_code+uma_start_shisu_decile+kijun_ninkijun_tansho,hizume_code,uma_start_shisu_decile,kijun_ninkijun_tansho,4,426,71.54,11.31,60.45,False
KEIBAJO_SURFACE_09_芝_条件戦,omo_tekisei_code+rotation_bin+ls_shisu_juni,omo_tekisei_code,rotation_bin,ls_shisu_juni,10,1963,68.32,12.69,60.45,False
KEIBAJO_SURFACE_09_芝_条件戦,manken_shisu_decile+kyakushitsu+kishu_kitai_rentai_decile,manken_shisu_decile,kyakushitsu,kishu_kitai_rentai_decile,5,564,71.52,12.78,60.32,False
KEIBAJO_SURFACE_09_芝_条件戦,hizume_code+tenkai_kigo_code+gekiso_juni,hizume_code,tenkai_kigo_code,gekiso_juni,6,698,71.73,14.28,60.31,False
KEIBAJO_SURFACE_09_芝_条件戦,uma_start_shisu_decile+class_code+joho_shisu_decile,uma_start_shisu_decile,class_code,joho_shisu_decile,14,3157,68.18,15.02,60.31,False
KEIBAJO_SURFACE_09_芝_条件戦,kyori_kubun+hizume_code+kishu_kitai_rentai_decile,kyori_kubun,hizume_code,kishu_kitai_rentai_decile,10,1131,68.75,13.63,60.3,False
KEIBAJO_SURFACE_09_芝_条件戦,pace_yoso+uma_start_shisu_decile+joho_shisu_decile,pace_yoso,uma_start_shisu_decile,joho_shisu_decile,11,2161,72.14,20.03,60.3,False
KEIBAJO_SURFACE_09_芝_条件戦,omo_tekisei_code+ls_shisu_juni+kijun_ninkijun_tansho,omo_tekisei_code,ls_shisu_juni,kijun_ninkijun_tansho,12,1496,68.02,13.68,60.28,False
KEIBAJO_SURFACE_09_芝_条件戦,kyakushitsu+ten_shisu_juni+agari_shisu_juni,kyakushitsu,ten_shisu_juni,agari_shisu_juni,8,1179,70.8,15.22,60.26,False
KEIBAJO_SURFACE_09_芝_条件戦,ichi_shisu_juni+tenkai_kigo_code+agari_shisu_juni,ichi_shisu_juni,tenkai_kigo_code,agari_shisu_juni,11,2126,71.01,18.2,60.25,False
KEIBAJO_SURFACE_09_芝_条件戦,pace_yoso+ichi_shisu_juni+pace_shisu_juni,pace_yoso,ichi_shisu_juni,pace_shisu_juni,12,2611,68.35,14.37,60.22,False
KEIBAJO_SURFACE_09_芝_条件戦,uma_start_shisu_decile+joho_shisu_decile+kishu_kitai_rentai_decile,uma_start_shisu_decile,joho_shisu_decile,kishu_kitai_rentai_decile,9,1450,70.26,15.36,60.22,False
KEIBAJO_SURFACE_09_芝_条件戦,pace_yoso+kyakushitsu+ten_shisu_juni,pace_yoso,kyakushitsu,ten_shisu_juni,11,2394,69.42,15.59,60.21,False
KEIBAJO_SURFACE_09_芝_条件戦,pace_yoso+kyakushitsu+kishu_kitai_rentai_decile,pace_yoso,kyakushitsu,kishu_kitai_rentai_decile,21,3887,68.6,19.65,60.2,False
KEIBAJO_SURFACE_09_芝_条件戦,rotation_bin+manken_shisu_decile+class_code,rotation_bin,manken_shisu_decile,class_code,7,897,70.17,13.49,60.18,False
KEIBAJO_SURFACE_09_芝_条件戦,ichi_shisu_juni+ls_shisu_juni+class_code,ichi_shisu_juni,ls_shisu_juni,class_code,10,1289,68.59,13.61,60.16,False
KEIBAJO_SURFACE_09_芝_条件戦,hizume_code+uma_start_shisu_decile+kishu_kitai_rentai_decile,hizume_code,uma_start_shisu_decile,kishu_kitai_rentai_decile,6,779,72.19,15.05,60.15,False
KEIBAJO_SURFACE_09_芝_条件戦,pace_shisu_juni+tenkai_kigo_code+kishu_kitai_tansho_decile,pace_shisu_juni,tenkai_kigo_code,kishu_kitai_tansho_decile,7,910,76.39,21.93,60.14,False
KEIBAJO_SURFACE_09_芝_条件戦,ls_shisu_juni+joho_shisu_decile+kishu_shisu_decile,ls_shisu_juni,joho_shisu_decile,kishu_shisu_decile,18,3516,68.19,17.47,60.12,False
KEIBAJO_SURFACE_09_芝_条件戦,hizume_code+ls_shisu_juni+tenkai_kigo_code,hizume_code,ls_shisu_juni,tenkai_kigo_code,7,1421,67.73,10.28,60.11,False
KEIBAJO_SURFACE_09_芝_条件戦,pace_yoso+ichi_shisu_juni+kishu_kitai_rentai_decile,pace_yoso,ichi_shisu_juni,kishu_kitai_rentai_decile,10,2578,68.64,13.81,60.09,False
KEIBAJO_SURFACE_09_芝_条件戦,ichi_shisu_juni+kyakushitsu+joho_shisu_decile,ichi_shisu_juni,kyakushitsu,joho_shisu_decile,6,2653,72.09,15.01,60.07,False
KEIBAJO_SURFACE_09_芝_条件戦,uma_start_shisu_decile+kishu_kitai_tansho_decile+kishu_kitai_rentai_decile,uma_start_shisu_decile,kishu_kitai_tansho_decile,kishu_kitai_rentai_decile,10,2254,70.63,17.06,60.06,False
KEIBAJO_SURFACE_09_芝_条件戦,pace_yoso+manken_shisu_decile+kishu_kitai_rentai_decile,pace_yoso,manken_shisu_decile,kishu_kitai_rentai_decile,7,818,71.15,15.0,60.03,False
KEIBAJO_SURFACE_09_芝_条件戦,rotation_bin+ls_shisu_juni+tenkai_kigo_code,rotation_bin,ls_shisu_juni,tenkai_kigo_code,5,1264,67.78,8.84,60.03,False
KEIBAJO_SURFACE_09_芝_条件戦,kyori_tekisei+ichi_shisu_juni+joho_shisu_decile,kyori_tekisei,ichi_shisu_juni,joho_shisu_decile,6,2714,72.12,15.17,59.98,False
KEIBAJO_SURFACE_09_芝_条件戦,pace_yoso+ten_shisu_juni+kishu_shisu_decile,pace_yoso,ten_shisu_juni,kishu_shisu_decile,6,847,75.44,19.34,59.97,False
KEIBAJO_SURFACE_09_芝_条件戦,kyori_kubun+ls_shisu_juni+kijun_ninkijun_tansho,kyori_kubun,ls_shisu_juni,kijun_ninkijun_tansho,17,2632,66.44,13.62,59.96,False
KEIBAJO_SURFACE_09_芝_条件戦,kyori_tekisei+manken_shisu_decile+kishu_kitai_rentai_decile,kyori_tekisei,manken_shisu_decile,kishu_kitai_rentai_decile,6,732,72.78,16.06,59.93,False
KEIBAJO_SURFACE_09_芝_条件戦,pace_yoso+hizume_code+kishu_kitai_tansho_decile,pace_yoso,hizume_code,kishu_kitai_tansho_decile,6,961,72.25,15.42,59.91,False
KEIBAJO_SURFACE_09_芝_条件戦,kyori_kubun+pace_shisu_juni+ls_shisu_juni,kyori_kubun,pace_shisu_juni,ls_shisu_juni,16,2008,63.88,8.1,59.91,False
KEIBAJO_SURFACE_09_芝_条件戦,ls_shisu_juni+class_code+joho_shisu_decile,ls_shisu_juni,class_code,joho_shisu_decile,10,2545,67.98,13.02,59.91,False
KEIBAJO_SURFACE_09_芝_条件戦,tenkai_kigo_code+joho_shisu_decile+kishu_shisu_decile,tenkai_kigo_code,joho_shisu_decile,kishu_shisu_decile,21,4265,68.86,20.94,59.91,False
KEIBAJO_SURFACE_09_芝_条件戦,ichi_shisu_juni+ten_shisu_juni+agari_shisu_juni,ichi_shisu_juni,ten_shisu_juni,agari_shisu_juni,8,1199,71.34,16.64,59.81,False
KEIBAJO_SURFACE_09_芝_条件戦,pace_yoso+pace_shisu_juni+ls_shisu_juni,pace_yoso,pace_shisu_juni,ls_shisu_juni,12,2091,67.41,13.46,59.79,False
KEIBAJO_SURFACE_09_芝_条件戦,ten_shisu_juni+tenkai_kigo_code+class_code,ten_shisu_juni,tenkai_kigo_code,class_code,12,2122,68.07,14.67,59.77,False
KEIBAJO_SURFACE_09_芝_条件戦,manken_shirushi+ls_shisu_juni+class_code,manken_shirushi,ls_shisu_juni,class_code,8,1145,66.86,10.25,59.76,False
KEIBAJO_SURFACE_09_芝_条件戦,uma_start_shisu_decile+rotation_bin+tenkai_kigo_code,uma_start_shisu_decile,rotation_bin,tenkai_kigo_code,7,1599,70.86,14.98,59.76,False
KEIBAJO_SURFACE_09_芝_条件戦,kishu_kitai_tansho_decile+kishu_shisu_decile+kishu_kitai_rentai_decile,kishu_kitai_tansho_decile,kishu_shisu_decile,kishu_kitai_rentai_decile,18,7779,65.7,12.91,59.73,False
KEIBAJO_SURFACE_09_芝_条件戦,uma_start_shisu_decile+kyori_tekisei+agari_shisu_juni,uma_start_shisu_decile,kyori_tekisei,agari_shisu_juni,3,310,77.47,15.7,59.71,False
KEIBAJO_SURFACE_09_芝_条件戦,kyori_kubun+ichi_shisu_juni+kishu_kitai_rentai_decile,kyori_kubun,ichi_shisu_juni,kishu_kitai_rentai_decile,15,2649,66.81,14.23,59.61,False
KEIBAJO_SURFACE_09_芝_条件戦,uma_start_shisu_decile+class_code+kishu_kitai_tansho_decile,uma_start_shisu_decile,class_code,kishu_kitai_tansho_decile,11,2297,70.49,18.46,59.58,False
KEIBAJO_SURFACE_09_芝_条件戦,kyori_kubun+hizume_code+ls_shisu_juni,kyori_kubun,hizume_code,ls_shisu_juni,8,1453,68.31,12.63,59.55,False
KEIBAJO_SURFACE_09_芝_条件戦,kyakushitsu+ten_shisu_juni+kishu_kitai_rentai_decile,kyakushitsu,ten_shisu_juni,kishu_kitai_rentai_decile,5,741,75.79,18.54,59.54,False
KEIBAJO_SURFACE_09_芝_条件戦,kyori_kubun+ichi_shisu_juni+kishu_shisu_decile,kyori_kubun,ichi_shisu_juni,kishu_shisu_decile,15,2576,67.4,15.56,59.53,False
KEIBAJO_SURFACE_09_芝_条件戦,kyori_kubun+hizume_code+joho_shisu_decile,kyori_kubun,hizume_code,joho_shisu_decile,10,1682,66.9,11.92,59.51,False
KEIBAJO_SURFACE_09_芝_条件戦,omo_tekisei_code+gekiso_juni+joho_shisu_decile,omo_tekisei_code,gekiso_juni,joho_shisu_decile,7,790,75.2,21.25,59.46,False
KEIBAJO_SURFACE_09_芝_条件戦,joho_shisu_decile+agari_shisu_juni+kishu_kitai_tansho_decile,joho_shisu_decile,agari_shisu_juni,kishu_kitai_tansho_decile,9,1254,71.49,18.52,59.39,False
KEIBAJO_SURFACE_09_芝_条件戦,omo_tekisei_code+bataiju_zogen+ls_shisu_juni,omo_tekisei_code,bataiju_zogen,ls_shisu_juni,8,1188,69.39,14.53,59.33,False
KEIBAJO_SURFACE_09_芝_条件戦,omo_tekisei_code+joho_shisu_decile+kijun_ninkijun_tansho,omo_tekisei_code,joho_shisu_decile,kijun_ninkijun_tansho,18,2391,66.9,16.41,59.32,False
KEIBAJO_SURFACE_09_芝_条件戦,kyori_kubun+pace_shisu_juni+kyakushitsu,kyori_kubun,pace_shisu_juni,kyakushitsu,15,2236,68.8,18.79,59.29,False
KEIBAJO_SURFACE_09_芝_条件戦,kyakushitsu+joho_shisu_decile+kishu_shisu_decile,kyakushitsu,joho_shisu_decile,kishu_shisu_decile,20,3535,70.43,25.52,59.24,False
KEIBAJO_SURFACE_09_芝_条件戦,kyori_tekisei+kyakushitsu+kishu_shisu_decile,kyori_tekisei,kyakushitsu,kishu_shisu_decile,16,3829,69.73,21.52,59.19,False
KEIBAJO_SURFACE_09_芝_条件戦,rotation_bin+class_code+joho_shisu_decile,rotation_bin,class_code,joho_shisu_decile,13,2566,66.29,13.28,59.08,False
KEIBAJO_SURFACE_09_芝_条件戦,hizume_code+joho_shisu_decile+kishu_shisu_decile,hizume_code,joho_shisu_decile,kishu_shisu_decile,8,1214,70.97,17.18,59.06,False
KEIBAJO_SURFACE_09_芝_条件戦,kyori_tekisei+kyakushitsu+agari_shisu_juni,kyori_tekisei,kyakushitsu,agari_shisu_juni,13,2819,67.76,16.01,59.05,False
KEIBAJO_SURFACE_09_芝_条件戦,kyori_tekisei+ls_shisu_juni+joho_shisu_decile,kyori_tekisei,ls_shisu_juni,joho_shisu_decile,18,3805,66.23,15.65,59.0,False
KEIBAJO_SURFACE_09_芝_条件戦,ichi_shisu_juni+ten_shisu_juni+tenkai_kigo_code,ichi_shisu_juni,ten_shisu_juni,tenkai_kigo_code,11,2391,70.14,18.91,58.97,False
KEIBAJO_SURFACE_09_芝_条件戦,kyori_tekisei+ls_shisu_juni+kijun_ninkijun_tansho,kyori_tekisei,ls_shisu_juni,kijun_ninkijun_tansho,14,2002,67.64,16.63,58.93,False
KEIBAJO_SURFACE_09_芝_条件戦,manken_shirushi+ls_shisu_juni+tenkai_kigo_code,manken_shirushi,ls_shisu_juni,tenkai_kigo_code,6,641,68.46,11.92,58.93,False
KEIBAJO_SURFACE_09_芝_条件戦,kyori_tekisei+ichi_shisu_juni+kijun_ninkijun_tansho,kyori_tekisei,ichi_shisu_juni,kijun_ninkijun_tansho,10,2455,67.88,14.53,58.88,False
KEIBAJO_SURFACE_09_芝_条件戦,kyori_tekisei+joho_shisu_decile+kishu_shisu_decile,kyori_tekisei,joho_shisu_decile,kishu_shisu_decile,21,4149,67.47,20.13,58.86,False
KEIBAJO_SURFACE_09_芝_条件戦,omo_tekisei_code+rotation_bin+joho_shisu_decile,omo_tekisei_code,rotation_bin,joho_shisu_decile,14,2311,67.02,15.71,58.79,False
KEIBAJO_SURFACE_09_芝_条件戦,joho_shisu_decile+kijun_ninkijun_tansho+kishu_kitai_rentai_decile,joho_shisu_decile,kijun_ninkijun_tansho,kishu_kitai_rentai_decile,22,3787,66.07,17.45,58.78,False
KEIBAJO_SURFACE_09_芝_条件戦,omo_tekisei_code+rotation_bin+kishu_shisu_decile,omo_tekisei_code,rotation_bin,kishu_shisu_decile,6,676,72.74,17.46,58.78,False
KEIBAJO_SURFACE_09_芝_条件戦,ls_shisu_juni+joho_shisu_decile+kijun_ninkijun_tansho,ls_shisu_juni,joho_shisu_decile,kijun_ninkijun_tansho,15,2671,67.04,16.34,58.77,False
KEIBAJO_SURFACE_09_芝_条件戦,pace_yoso+ls_shisu_juni+gekiso_juni,pace_yoso,ls_shisu_juni,gekiso_juni,15,2216,66.41,15.15,58.74,False
KEIBAJO_SURFACE_09_芝_条件戦,kyori_tekisei+ls_shisu_juni+kishu_shisu_decile,kyori_tekisei,ls_shisu_juni,kishu_shisu_decile,20,3051,66.85,18.51,58.74,False
KEIBAJO_SURFACE_09_芝_条件戦,rotation_bin+tenkai_kigo_code+kishu_kitai_tansho_decile,rotation_bin,tenkai_kigo_code,kishu_kitai_tansho_decile,9,1078,73.63,22.8,58.73,False
KEIBAJO_SURFACE_09_芝_条件戦,ls_shisu_juni+tenkai_kigo_code+kishu_shisu_decile,ls_shisu_juni,tenkai_kigo_code,kishu_shisu_decile,14,2585,68.47,18.69,58.68,False
KEIBAJO_SURFACE_09_芝_条件戦,uma_start_shisu_decile+bataiju_zogen+class_code,uma_start_shisu_decile,bataiju_zogen,class_code,8,1553,70.31,16.85,58.63,False
KEIBAJO_SURFACE_09_芝_条件戦,hizume_code+tenkai_kigo_code+kishu_kitai_tansho_decile,hizume_code,tenkai_kigo_code,kishu_kitai_tansho_decile,8,1174,68.64,14.46,58.62,False
KEIBAJO_SURFACE_09_芝_条件戦,omo_tekisei_code+ls_shisu_juni+kishu_shisu_decile,omo_tekisei_code,ls_shisu_juni,kishu_shisu_decile,12,1865,70.1,20.33,58.59,False
KEIBAJO_SURFACE_09_芝_条件戦,hizume_code+ls_shisu_juni+kijun_ninkijun_tansho,hizume_code,ls_shisu_juni,kijun_ninkijun_tansho,6,655,70.0,14.28,58.58,False
KEIBAJO_SURFACE_09_芝_条件戦,hizume_code+tenkai_kigo_code+kijun_ninkijun_tansho,hizume_code,tenkai_kigo_code,kijun_ninkijun_tansho,6,697,65.48,8.62,58.58,False
KEIBAJO_SURFACE_09_芝_条件戦,kyori_kubun+ls_shisu_juni+gekiso_juni,kyori_kubun,ls_shisu_juni,gekiso_juni,15,1771,63.94,10.61,58.57,False
KEIBAJO_SURFACE_09_芝_条件戦,hizume_code+joho_shisu_decile+kishu_kitai_rentai_decile,hizume_code,joho_shisu_decile,kishu_kitai_rentai_decile,7,1060,71.31,17.29,58.51,False
KEIBAJO_SURFACE_09_芝_条件戦,ten_shisu_juni+tenkai_kigo_code+agari_shisu_juni,ten_shisu_juni,tenkai_kigo_code,agari_shisu_juni,7,981,71.38,17.38,58.5,False
KEIBAJO_SURFACE_09_芝_条件戦,ichi_shisu_juni+kishu_kitai_tansho_decile+kishu_shisu_decile,ichi_shisu_juni,kishu_kitai_tansho_decile,kishu_shisu_decile,14,3172,67.27,16.77,58.48,False
KEIBAJO_SURFACE_09_芝_条件戦,kyori_tekisei+ls_shisu_juni+kishu_kitai_tansho_decile,kyori_tekisei,ls_shisu_juni,kishu_kitai_tansho_decile,16,2784,67.86,19.19,58.46,False
KEIBAJO_SURFACE_09_芝_条件戦,ls_shisu_juni+class_code+kijun_ninkijun_tansho,ls_shisu_juni,class_code,kijun_ninkijun_tansho,10,1656,67.21,14.16,58.43,False
KEIBAJO_SURFACE_09_芝_条件戦,ls_shisu_juni+tenkai_kigo_code+kishu_kitai_tansho_decile,ls_shisu_juni,tenkai_kigo_code,kishu_kitai_tansho_decile,15,2779,67.63,18.25,58.39,False
KEIBAJO_SURFACE_09_芝_条件戦,kyori_kubun+ichi_shisu_juni+kishu_kitai_tansho_decile,kyori_kubun,ichi_shisu_juni,kishu_kitai_tansho_decile,14,2578,66.17,14.95,58.34,False
KEIBAJO_SURFACE_09_芝_条件戦,pace_yoso+ls_shisu_juni+agari_shisu_juni,pace_yoso,ls_shisu_juni,agari_shisu_juni,16,2327,65.75,15.19,58.3,False
KEIBAJO_SURFACE_09_芝_条件戦,hizume_code+pace_shisu_juni+class_code,hizume_code,pace_shisu_juni,class_code,7,862,62.01,5.01,58.29,False
KEIBAJO_SURFACE_09_芝_条件戦,ls_shisu_juni+kijun_ninkijun_tansho+kishu_kitai_rentai_decile,ls_shisu_juni,kijun_ninkijun_tansho,kishu_kitai_rentai_decile,16,2576,67.55,18.93,58.27,False
KEIBAJO_SURFACE_09_芝_条件戦,manken_shisu_decile+joho_shisu_decile+kishu_shisu_decile,manken_shisu_decile,joho_shisu_decile,kishu_shisu_decile,12,1680,72.4,24.99,58.26,False
KEIBAJO_SURFACE_09_芝_条件戦,kyori_kubun+bataiju_zogen+ls_shisu_juni,kyori_kubun,bataiju_zogen,ls_shisu_juni,7,888,70.68,16.84,58.2,False
KEIBAJO_SURFACE_09_芝_条件戦,kyori_kubun+ichi_shisu_juni+joho_shisu_decile,kyori_kubun,ichi_shisu_juni,joho_shisu_decile,13,2937,68.06,18.13,58.2,False
KEIBAJO_SURFACE_09_芝_条件戦,hizume_code+kyori_tekisei+kishu_shisu_decile,hizume_code,kyori_tekisei,kishu_shisu_decile,6,730,72.44,17.81,58.19,False
KEIBAJO_SURFACE_09_芝_条件戦,kyakushitsu+ls_shisu_juni+joho_shisu_decile,kyakushitsu,ls_shisu_juni,joho_shisu_decile,14,3001,65.86,14.86,58.08,False
KEIBAJO_SURFACE_09_芝_条件戦,kyori_kubun+pace_shisu_juni+ten_shisu_juni,kyori_kubun,pace_shisu_juni,ten_shisu_juni,10,1645,68.95,17.53,58.08,False
KEIBAJO_SURFACE_09_芝_条件戦,manken_shirushi+pace_yoso+ls_shisu_juni,manken_shirushi,pace_yoso,ls_shisu_juni,8,1352,62.8,6.81,58.08,False
KEIBAJO_SURFACE_09_芝_条件戦,kyori_tekisei+ichi_shisu_juni+agari_shisu_juni,kyori_tekisei,ichi_shisu_juni,agari_shisu_juni,10,2390,68.7,17.17,58.05,False
KEIBAJO_SURFACE_09_芝_条件戦,uma_start_shisu_decile+class_code+kishu_kitai_rentai_decile,uma_start_shisu_decile,class_code,kishu_kitai_rentai_decile,12,2315,66.99,15.86,58.02,False
KEIBAJO_SURFACE_09_芝_条件戦,ichi_shisu_juni+kishu_shisu_decile+kishu_kitai_rentai_decile,ichi_shisu_juni,kishu_shisu_decile,kishu_kitai_rentai_decile,14,3180,66.7,16.57,58.02,False
KEIBAJO_SURFACE_09_芝_条件戦,uma_start_shisu_decile+ten_shisu_juni+tenkai_kigo_code,uma_start_shisu_decile,ten_shisu_juni,tenkai_kigo_code,7,874,73.75,21.29,57.98,False
KEIBAJO_SURFACE_09_芝_条件戦,hizume_code+kishu_kitai_tansho_decile+kishu_kitai_rentai_decile,hizume_code,kishu_kitai_tansho_decile,kishu_kitai_rentai_decile,14,2378,67.21,17.64,57.97,False
KEIBAJO_SURFACE_09_芝_条件戦,ichi_shisu_juni+kyakushitsu+kijun_ninkijun_tansho,ichi_shisu_juni,kyakushitsu,kijun_ninkijun_tansho,10,2399,67.55,15.5,57.95,False
KEIBAJO_SURFACE_09_芝_条件戦,pace_yoso+ichi_shisu_juni+kishu_shisu_decile,pace_yoso,ichi_shisu_juni,kishu_shisu_decile,11,2622,67.08,15.49,57.93,False
KEIBAJO_SURFACE_09_芝_条件戦,pace_yoso+rotation_bin+ls_shisu_juni,pace_yoso,rotation_bin,ls_shisu_juni,8,1465,64.16,9.06,57.88,False
KEIBAJO_SURFACE_09_芝_条件戦,pace_yoso+hizume_code+kishu_shisu_decile,pace_yoso,hizume_code,kishu_shisu_decile,7,1009,70.03,16.57,57.75,False
KEIBAJO_SURFACE_09_芝_条件戦,kyakushitsu+joho_shisu_decile+kishu_kitai_rentai_decile,kyakushitsu,joho_shisu_decile,kishu_kitai_rentai_decile,23,3756,67.2,23.15,57.74,False
KEIBAJO_SURFACE_09_芝_条件戦,omo_tekisei_code+manken_shisu_decile+ls_shisu_juni,omo_tekisei_code,manken_shisu_decile,ls_shisu_juni,11,1352,64.67,11.92,57.62,False
KEIBAJO_SURFACE_09_芝_条件戦,ichi_shisu_juni+kyakushitsu+agari_shisu_juni,ichi_shisu_juni,kyakushitsu,agari_shisu_juni,10,2346,68.3,17.29,57.58,False
KEIBAJO_SURFACE_09_芝_条件戦,ichi_shisu_juni+pace_shisu_juni+kishu_kitai_tansho_decile,ichi_shisu_juni,pace_shisu_juni,kishu_kitai_tansho_decile,7,1109,72.05,19.61,57.52,False
KEIBAJO_SURFACE_09_芝_条件戦,manken_shirushi+rotation_bin+class_code,manken_shirushi,rotation_bin,class_code,3,324,79.02,19.0,57.52,False
KEIBAJO_SURFACE_09_芝_条件戦,ichi_shisu_juni+pace_shisu_juni+tenkai_kigo_code,ichi_shisu_juni,pace_shisu_juni,tenkai_kigo_code,11,2458,68.13,17.99,57.5,False
KEIBAJO_SURFACE_09_芝_条件戦,manken_shirushi+kyori_kubun+ls_shisu_juni,manken_shirushi,kyori_kubun,ls_shisu_juni,13,1519,65.08,13.94,57.5,False
KEIBAJO_SURFACE_09_芝_条件戦,kyori_tekisei+kyakushitsu+ten_shisu_juni,kyori_tekisei,kyakushitsu,ten_shisu_juni,10,2916,67.37,15.95,57.48,False
KEIBAJO_SURFACE_09_芝_条件戦,pace_yoso+ichi_shisu_juni+joho_shisu_decile,pace_yoso,ichi_shisu_juni,joho_shisu_decile,12,3146,67.74,18.24,57.42,False
KEIBAJO_SURFACE_09_芝_条件戦,kyori_kubun+rotation_bin+kishu_kitai_tansho_decile,kyori_kubun,rotation_bin,kishu_kitai_tansho_decile,3,335,76.68,17.02,57.42,False
KEIBAJO_SURFACE_09_芝_条件戦,pace_shisu_juni+ls_shisu_juni+class_code,pace_shisu_juni,ls_shisu_juni,class_code,9,1137,65.81,12.85,57.42,False
KEIBAJO_SURFACE_09_芝_条件戦,kyori_tekisei+ls_shisu_juni+kishu_kitai_rentai_decile,kyori_tekisei,ls_shisu_juni,kishu_kitai_rentai_decile,17,2772,65.87,18.02,57.3,False
KEIBAJO_SURFACE_09_芝_条件戦,ichi_shisu_juni+tenkai_kigo_code+kishu_kitai_rentai_decile,ichi_shisu_juni,tenkai_kigo_code,kishu_kitai_rentai_decile,10,2369,68.55,18.16,57.29,False
KEIBAJO_SURFACE_09_芝_条件戦,uma_start_shisu_decile+tenkai_kigo_code+joho_shisu_decile,uma_start_shisu_decile,tenkai_kigo_code,joho_shisu_decile,12,2249,67.54,18.21,57.23,False
KEIBAJO_SURFACE_09_芝_条件戦,kyori_tekisei+pace_shisu_juni+kishu_kitai_tansho_decile,kyori_tekisei,pace_shisu_juni,kishu_kitai_tansho_decile,6,979,74.31,21.4,57.19,False
KEIBAJO_SURFACE_09_芝_条件戦,kyori_kubun+ichi_shisu_juni+pace_shisu_juni,kyori_kubun,ichi_shisu_juni,pace_shisu_juni,15,2406,65.68,16.84,57.15,False
KEIBAJO_SURFACE_09_芝_条件戦,rotation_bin+kyakushitsu+ls_shisu_juni,rotation_bin,kyakushitsu,ls_shisu_juni,10,1344,66.57,15.27,57.1,False
KEIBAJO_SURFACE_09_芝_条件戦,manken_shisu_decile+joho_shisu_decile+kishu_kitai_tansho_decile,manken_shisu_decile,joho_shisu_decile,kishu_kitai_tansho_decile,13,1799,70.18,24.18,57.03,False
KEIBAJO_SURFACE_09_芝_条件戦,hizume_code+bataiju_zogen+ls_shisu_juni,hizume_code,bataiju_zogen,ls_shisu_juni,4,561,64.18,7.32,57.0,False
KEIBAJO_SURFACE_09_芝_条件戦,uma_start_shisu_decile+tenkai_kigo_code+kijun_ninkijun_tansho,uma_start_shisu_decile,tenkai_kigo_code,kijun_ninkijun_tansho,8,1068,68.64,17.04,56.83,False
KEIBAJO_SURFACE_09_芝_条件戦,pace_yoso+joho_shisu_decile+agari_shisu_juni,pace_yoso,joho_shisu_decile,agari_shisu_juni,17,2647,66.15,19.65,56.81,False
KEIBAJO_SURFACE_09_芝_条件戦,omo_tekisei_code+ls_shisu_juni+kishu_kitai_rentai_decile,omo_tekisei_code,ls_shisu_juni,kishu_kitai_rentai_decile,12,1846,65.47,15.42,56.75,False
KEIBAJO_SURFACE_09_芝_条件戦,hizume_code+kyakushitsu+joho_shisu_decile,hizume_code,kyakushitsu,joho_shisu_decile,9,1369,65.58,13.56,56.73,False
KEIBAJO_SURFACE_09_芝_条件戦,ls_shisu_juni+kishu_shisu_decile+kijun_ninkijun_tansho,ls_shisu_juni,kishu_shisu_decile,kijun_ninkijun_tansho,16,2541,67.04,21.07,56.71,False
KEIBAJO_SURFACE_09_芝_条件戦,pace_yoso+ten_shisu_juni+joho_shisu_decile,pace_yoso,ten_shisu_juni,joho_shisu_decile,15,2535,65.73,17.91,56.67,False
KEIBAJO_SURFACE_09_芝_条件戦,ichi_shisu_juni+pace_shisu_juni+ten_shisu_juni,ichi_shisu_juni,pace_shisu_juni,ten_shisu_juni,10,2227,66.26,15.49,56.66,False
KEIBAJO_SURFACE_09_芝_条件戦,uma_start_shisu_decile+ls_shisu_juni+kishu_shisu_decile,uma_start_shisu_decile,ls_shisu_juni,kishu_shisu_decile,6,823,76.36,24.65,56.64,False
KEIBAJO_SURFACE_09_芝_条件戦,pace_shisu_juni+ten_shisu_juni+tenkai_kigo_code,pace_shisu_juni,ten_shisu_juni,tenkai_kigo_code,11,2032,68.21,19.6,56.62,False
KEIBAJO_SURFACE_09_芝_条件戦,pace_yoso+uma_start_shisu_decile+pace_shisu_juni,pace_yoso,uma_start_shisu_decile,pace_shisu_juni,4,462,70.37,14.05,56.6,False
KEIBAJO_SURFACE_09_芝_条件戦,uma_start_shisu_decile+joho_shisu_decile+kishu_kitai_tansho_decile,uma_start_shisu_decile,joho_shisu_decile,kishu_kitai_tansho_decile,9,1539,70.17,20.84,56.56,False
KEIBAJO_SURFACE_09_芝_条件戦,pace_shisu_juni+kyakushitsu+kishu_kitai_tansho_decile,pace_shisu_juni,kyakushitsu,kishu_kitai_tansho_decile,6,938,73.69,21.55,56.45,False
KEIBAJO_SURFACE_09_芝_条件戦,tenkai_kigo_code+joho_shisu_decile+agari_shisu_juni,tenkai_kigo_code,joho_shisu_decile,agari_shisu_juni,23,3409,63.72,17.88,56.42,False
KEIBAJO_SURFACE_09_芝_条件戦,kyori_kubun+manken_shisu_decile+ls_shisu_juni,kyori_kubun,manken_shisu_decile,ls_shisu_juni,16,2491,63.77,15.07,56.39,False
KEIBAJO_SURFACE_09_芝_条件戦,pace_yoso+manken_shisu_decile+ls_shisu_juni,pace_yoso,manken_shisu_decile,ls_shisu_juni,10,2161,62.61,10.12,56.34,False
KEIBAJO_SURFACE_09_芝_条件戦,kyori_kubun+ten_shisu_juni+ls_shisu_juni,kyori_kubun,ten_shisu_juni,ls_shisu_juni,13,1707,64.59,15.22,56.32,False
KEIBAJO_SURFACE_09_芝_条件戦,bataiju_zogen+ls_shisu_juni+tenkai_kigo_code,bataiju_zogen,ls_shisu_juni,tenkai_kigo_code,6,1008,67.42,14.05,56.18,False
KEIBAJO_SURFACE_09_芝_条件戦,hizume_code+joho_shisu_decile+kishu_kitai_tansho_decile,hizume_code,joho_shisu_decile,kishu_kitai_tansho_decile,8,1259,68.61,17.96,56.17,False
KEIBAJO_SURFACE_09_芝_条件戦,ichi_shisu_juni+tenkai_kigo_code+kishu_kitai_tansho_decile,ichi_shisu_juni,tenkai_kigo_code,kishu_kitai_tansho_decile,10,2372,67.86,18.97,56.11,False
KEIBAJO_SURFACE_09_芝_条件戦,pace_shisu_juni+kyakushitsu+kishu_kitai_rentai_decile,pace_shisu_juni,kyakushitsu,kishu_kitai_rentai_decile,4,685,75.93,20.27,56.07,False
KEIBAJO_SURFACE_09_芝_条件戦,hizume_code+rotation_bin+ls_shisu_juni,hizume_code,rotation_bin,ls_shisu_juni,5,896,63.95,9.03,56.03,False
KEIBAJO_SURFACE_09_芝_条件戦,pace_yoso+gekiso_juni+joho_shisu_decile,pace_yoso,gekiso_juni,joho_shisu_decile,16,2269,66.15,20.65,56.03,False
KEIBAJO_SURFACE_09_芝_条件戦,uma_start_shisu_decile+manken_shisu_decile+ls_shisu_juni,uma_start_shisu_decile,manken_shisu_decile,ls_shisu_juni,4,456,71.88,16.19,56.02,False
KEIBAJO_SURFACE_09_芝_条件戦,bataiju_zogen+ls_shisu_juni+class_code,bataiju_zogen,ls_shisu_juni,class_code,6,1249,67.06,13.82,56.0,False
KEIBAJO_SURFACE_09_芝_条件戦,manken_shisu_decile+ls_shisu_juni+class_code,manken_shisu_decile,ls_shisu_juni,class_code,9,1593,67.61,17.83,55.96,False
KEIBAJO_SURFACE_09_芝_条件戦,uma_start_shisu_decile+joho_shisu_decile+kijun_ninkijun_tansho,uma_start_shisu_decile,joho_shisu_decile,kijun_ninkijun_tansho,8,1005,67.76,17.09,55.91,False
KEIBAJO_SURFACE_09_芝_条件戦,pace_yoso+ten_shisu_juni+ls_shisu_juni,pace_yoso,ten_shisu_juni,ls_shisu_juni,11,1957,64.18,13.99,55.91,False
KEIBAJO_SURFACE_09_芝_条件戦,ichi_shisu_juni+tenkai_kigo_code+kishu_shisu_decile,ichi_shisu_juni,tenkai_kigo_code,kishu_shisu_decile,11,2406,66.99,18.84,55.85,False
KEIBAJO_SURFACE_09_芝_条件戦,ichi_shisu_juni+kishu_kitai_tansho_decile+kishu_kitai_rentai_decile,ichi_shisu_juni,kishu_kitai_tansho_decile,kishu_kitai_rentai_decile,11,3036,66.67,18.36,55.82,False
KEIBAJO_SURFACE_09_芝_条件戦,hizume_code+kyakushitsu+ls_shisu_juni,hizume_code,kyakushitsu,ls_shisu_juni,5,1069,63.6,8.96,55.75,False
KEIBAJO_SURFACE_09_芝_条件戦,ls_shisu_juni+class_code+agari_shisu_juni,ls_shisu_juni,class_code,agari_shisu_juni,10,1324,64.07,13.61,55.64,False
KEIBAJO_SURFACE_09_芝_条件戦,hizume_code+tenkai_kigo_code+kishu_kitai_rentai_decile,hizume_code,tenkai_kigo_code,kishu_kitai_rentai_decile,9,1209,65.54,15.21,55.6,False
KEIBAJO_SURFACE_09_芝_条件戦,kyori_kubun+hizume_code+kishu_shisu_decile,kyori_kubun,hizume_code,kishu_shisu_decile,6,721,70.04,18.11,55.55,False
KEIBAJO_SURFACE_09_芝_条件戦,kyori_tekisei+manken_shisu_decile+ls_shisu_juni,kyori_tekisei,manken_shisu_decile,ls_shisu_juni,14,2223,61.81,11.96,55.54,False
KEIBAJO_SURFACE_09_芝_条件戦,ichi_shisu_juni+joho_shisu_decile+agari_shisu_juni,ichi_shisu_juni,joho_shisu_decile,agari_shisu_juni,10,1456,66.62,17.89,55.53,False
KEIBAJO_SURFACE_09_芝_条件戦,bataiju_zogen+class_code+joho_shisu_decile,bataiju_zogen,class_code,joho_shisu_decile,7,1255,62.32,9.22,55.49,False
KEIBAJO_SURFACE_09_芝_条件戦,kyori_kubun+rotation_bin+joho_shisu_decile,kyori_kubun,rotation_bin,joho_shisu_decile,9,1428,65.31,15.06,55.47,False
KEIBAJO_SURFACE_09_芝_条件戦,gekiso_juni+joho_shisu_decile+kishu_shisu_decile,gekiso_juni,joho_shisu_decile,kishu_shisu_decile,6,925,75.37,24.93,55.42,False
KEIBAJO_SURFACE_09_芝_条件戦,rotation_bin+kyori_tekisei+joho_shisu_decile,rotation_bin,kyori_tekisei,joho_shisu_decile,11,1488,64.4,15.29,55.36,False
KEIBAJO_SURFACE_09_芝_条件戦,manken_shisu_decile+ls_shisu_juni+tenkai_kigo_code,manken_shisu_decile,ls_shisu_juni,tenkai_kigo_code,13,2214,62.97,14.0,55.36,False
KEIBAJO_SURFACE_09_芝_条件戦,class_code+gekiso_juni+joho_shisu_decile,class_code,gekiso_juni,joho_shisu_decile,11,1420,65.47,17.19,55.31,False
KEIBAJO_SURFACE_09_芝_条件戦,rotation_bin+class_code+kishu_shisu_decile,rotation_bin,class_code,kishu_shisu_decile,11,1463,65.09,16.6,55.28,False
KEIBAJO_SURFACE_09_芝_条件戦,ten_shisu_juni+tenkai_kigo_code+kishu_kitai_rentai_decile,ten_shisu_juni,tenkai_kigo_code,kishu_kitai_rentai_decile,4,494,78.2,23.48,55.19,False
KEIBAJO_SURFACE_09_芝_条件戦,kyori_tekisei+pace_shisu_juni+kyakushitsu,kyori_tekisei,pace_shisu_juni,kyakushitsu,10,2942,65.22,16.34,55.09,False
KEIBAJO_SURFACE_09_芝_条件戦,ichi_shisu_juni+joho_shisu_decile+kijun_ninkijun_tansho,ichi_shisu_juni,joho_shisu_decile,kijun_ninkijun_tansho,11,1662,67.84,21.59,55.08,False
KEIBAJO_SURFACE_09_芝_条件戦,ten_shisu_juni+ls_shisu_juni+class_code,ten_shisu_juni,ls_shisu_juni,class_code,10,1246,64.55,15.48,54.96,False
KEIBAJO_SURFACE_09_芝_条件戦,manken_shisu_decile+joho_shisu_decile+kishu_kitai_rentai_decile,manken_shisu_decile,joho_shisu_decile,kishu_kitai_rentai_decile,12,1509,67.78,22.67,54.95,False
KEIBAJO_SURFACE_09_芝_条件戦,pace_yoso+ichi_shisu_juni+kishu_kitai_tansho_decile,pace_yoso,ichi_shisu_juni,kishu_kitai_tansho_decile,11,2702,64.96,17.04,54.89,False
KEIBAJO_SURFACE_09_芝_条件戦,pace_yoso+pace_shisu_juni+joho_shisu_decile,pace_yoso,pace_shisu_juni,joho_shisu_decile,14,2516,63.98,17.44,54.85,False
KEIBAJO_SURFACE_09_芝_条件戦,hizume_code+kyakushitsu+kishu_kitai_tansho_decile,hizume_code,kyakushitsu,kishu_kitai_tansho_decile,4,498,71.07,16.58,54.83,False
KEIBAJO_SURFACE_09_芝_条件戦,rotation_bin+ls_shisu_juni+class_code,rotation_bin,ls_shisu_juni,class_code,7,1827,64.54,13.14,54.81,False
KEIBAJO_SURFACE_09_芝_条件戦,ichi_shisu_juni+ls_shisu_juni+kijun_ninkijun_tansho,ichi_shisu_juni,ls_shisu_juni,kijun_ninkijun_tansho,7,1073,64.88,13.72,54.72,False
KEIBAJO_SURFACE_09_芝_条件戦,ichi_shisu_juni+manken_shisu_decile+kishu_kitai_tansho_decile,ichi_shisu_juni,manken_shisu_decile,kishu_kitai_tansho_decile,6,696,72.6,22.35,54.71,False
KEIBAJO_SURFACE_09_芝_条件戦,hizume_code+tenkai_kigo_code+kishu_shisu_decile,hizume_code,tenkai_kigo_code,kishu_shisu_decile,10,1305,65.09,16.84,54.65,False
KEIBAJO_SURFACE_09_芝_条件戦,manken_shisu_decile+class_code+kishu_kitai_tansho_decile,manken_shisu_decile,class_code,kishu_kitai_tansho_decile,4,456,77.4,23.22,54.64,False
KEIBAJO_SURFACE_09_芝_条件戦,omo_tekisei_code+ls_shisu_juni+gekiso_juni,omo_tekisei_code,ls_shisu_juni,gekiso_juni,5,509,67.42,14.71,54.52,False
KEIBAJO_SURFACE_09_芝_条件戦,gekiso_juni+joho_shisu_decile+kishu_kitai_tansho_decile,gekiso_juni,joho_shisu_decile,kishu_kitai_tansho_decile,6,925,77.36,28.55,54.51,False
KEIBAJO_SURFACE_09_芝_条件戦,kyori_tekisei+pace_shisu_juni+kishu_kitai_rentai_decile,kyori_tekisei,pace_shisu_juni,kishu_kitai_rentai_decile,6,913,73.04,23.29,54.41,False
KEIBAJO_SURFACE_09_芝_条件戦,pace_yoso+manken_shisu_decile+kishu_kitai_tansho_decile,pace_yoso,manken_shisu_decile,kishu_kitai_tansho_decile,10,1316,70.94,26.69,54.4,False
KEIBAJO_SURFACE_09_芝_条件戦,pace_yoso+manken_shisu_decile+pace_shisu_juni,pace_yoso,manken_shisu_decile,pace_shisu_juni,4,424,75.91,21.98,54.36,False
KEIBAJO_SURFACE_09_芝_条件戦,kyori_tekisei+pace_shisu_juni+ten_shisu_juni,kyori_tekisei,pace_shisu_juni,ten_shisu_juni,10,2171,64.83,16.97,54.31,False
KEIBAJO_SURFACE_09_芝_条件戦,kyori_tekisei+ichi_shisu_juni+ten_shisu_juni,kyori_tekisei,ichi_shisu_juni,ten_shisu_juni,9,2595,65.63,17.34,54.3,False
KEIBAJO_SURFACE_09_芝_条件戦,pace_yoso+hizume_code+kishu_kitai_rentai_decile,pace_yoso,hizume_code,kishu_kitai_rentai_decile,7,1022,67.35,17.61,54.3,False
KEIBAJO_SURFACE_09_芝_条件戦,ichi_shisu_juni+ten_shisu_juni+joho_shisu_decile,ichi_shisu_juni,ten_shisu_juni,joho_shisu_decile,12,2072,65.17,19.23,54.29,False
KEIBAJO_SURFACE_09_芝_条件戦,ls_shisu_juni+tenkai_kigo_code+kijun_ninkijun_tansho,ls_shisu_juni,tenkai_kigo_code,kijun_ninkijun_tansho,15,2189,62.59,16.44,54.26,False
KEIBAJO_SURFACE_09_芝_条件戦,rotation_bin+joho_shisu_decile+kishu_kitai_tansho_decile,rotation_bin,joho_shisu_decile,kishu_kitai_tansho_decile,9,1177,71.53,26.57,54.17,False
KEIBAJO_SURFACE_09_芝_条件戦,pace_shisu_juni+kyakushitsu+ten_shisu_juni,pace_shisu_juni,kyakushitsu,ten_shisu_juni,10,2103,64.85,17.23,54.17,False
KEIBAJO_SURFACE_09_芝_条件戦,ichi_shisu_juni+ten_shisu_juni+kishu_shisu_decile,ichi_shisu_juni,ten_shisu_juni,kishu_shisu_decile,6,891,68.82,18.31,54.16,False
KEIBAJO_SURFACE_09_芝_条件戦,hizume_code+ls_shisu_juni+joho_shisu_decile,hizume_code,ls_shisu_juni,joho_shisu_decile,6,1151,64.7,13.24,54.11,False
KEIBAJO_SURFACE_09_芝_条件戦,hizume_code+class_code+kijun_ninkijun_tansho,hizume_code,class_code,kijun_ninkijun_tansho,10,1409,65.89,19.11,54.05,False
KEIBAJO_SURFACE_09_芝_条件戦,kyakushitsu+ls_shisu_juni+kishu_kitai_tansho_decile,kyakushitsu,ls_shisu_juni,kishu_kitai_tansho_decile,15,2332,66.89,25.8,53.83,False
KEIBAJO_SURFACE_09_芝_条件戦,hizume_code+ls_shisu_juni+kishu_kitai_tansho_decile,hizume_code,ls_shisu_juni,kishu_kitai_tansho_decile,5,776,66.99,15.06,53.79,False
KEIBAJO_SURFACE_09_芝_条件戦,ichi_shisu_juni+kyakushitsu+ten_shisu_juni,ichi_shisu_juni,kyakushitsu,ten_shisu_juni,9,2548,65.32,17.7,53.75,False
KEIBAJO_SURFACE_09_芝_条件戦,ichi_shisu_juni+joho_shisu_decile+kishu_kitai_tansho_decile,ichi_shisu_juni,joho_shisu_decile,kishu_kitai_tansho_decile,13,2361,64.97,20.99,53.56,False
KEIBAJO_SURFACE_09_芝_条件戦,kyakushitsu+ls_shisu_juni+kishu_kitai_rentai_decile,kyakushitsu,ls_shisu_juni,kishu_kitai_rentai_decile,13,1986,64.57,20.36,53.5,False
KEIBAJO_SURFACE_09_芝_条件戦,ichi_shisu_juni+ten_shisu_juni+kishu_kitai_tansho_decile,ichi_shisu_juni,ten_shisu_juni,kishu_kitai_tansho_decile,6,943,68.15,18.47,53.37,False
KEIBAJO_SURFACE_09_芝_条件戦,kyori_kubun+gekiso_juni+joho_shisu_decile,kyori_kubun,gekiso_juni,joho_shisu_decile,16,1810,63.61,20.91,53.36,False
KEIBAJO_SURFACE_09_芝_条件戦,ichi_shisu_juni+pace_shisu_juni+ls_shisu_juni,ichi_shisu_juni,pace_shisu_juni,ls_shisu_juni,10,1379,64.1,17.33,53.36,False
KEIBAJO_SURFACE_09_芝_条件戦,kyakushitsu+ten_shisu_juni+joho_shisu_decile,kyakushitsu,ten_shisu_juni,joho_shisu_decile,12,2086,64.88,20.38,53.35,False
KEIBAJO_SURFACE_09_芝_条件戦,kyori_tekisei+manken_shisu_decile+pace_shisu_juni,kyori_tekisei,manken_shisu_decile,pace_shisu_juni,6,674,72.79,24.4,53.26,False
KEIBAJO_SURFACE_09_芝_条件戦,ichi_shisu_juni+tenkai_kigo_code+gekiso_juni,ichi_shisu_juni,tenkai_kigo_code,gekiso_juni,10,1529,62.22,14.46,53.26,False
KEIBAJO_SURFACE_09_芝_条件戦,kyakushitsu+ls_shisu_juni+kishu_shisu_decile,kyakushitsu,ls_shisu_juni,kishu_shisu_decile,15,2205,65.91,25.11,53.2,False
KEIBAJO_SURFACE_09_芝_条件戦,kyori_kubun+ls_shisu_juni+agari_shisu_juni,kyori_kubun,ls_shisu_juni,agari_shisu_juni,13,1534,62.04,16.41,53.12,False
KEIBAJO_SURFACE_09_芝_条件戦,ichi_shisu_juni+pace_shisu_juni+kishu_shisu_decile,ichi_shisu_juni,pace_shisu_juni,kishu_shisu_decile,6,958,68.57,19.4,53.04,False
KEIBAJO_SURFACE_09_芝_条件戦,rotation_bin+kyakushitsu+joho_shisu_decile,rotation_bin,kyakushitsu,joho_shisu_decile,9,1210,64.31,17.28,53.02,False
KEIBAJO_SURFACE_09_芝_条件戦,kyori_tekisei+ichi_shisu_juni+pace_shisu_juni,kyori_tekisei,ichi_shisu_juni,pace_shisu_juni,9,2602,64.04,17.05,52.9,False
KEIBAJO_SURFACE_09_芝_条件戦,kyori_kubun+pace_shisu_juni+joho_shisu_decile,kyori_kubun,pace_shisu_juni,joho_shisu_decile,13,2013,62.61,17.9,52.88,False
KEIBAJO_SURFACE_09_芝_条件戦,ichi_shisu_juni+joho_shisu_decile+kishu_kitai_rentai_decile,ichi_shisu_juni,joho_shisu_decile,kishu_kitai_rentai_decile,11,2143,64.09,19.08,52.81,False
KEIBAJO_SURFACE_09_芝_条件戦,hizume_code+manken_shisu_decile+ls_shisu_juni,hizume_code,manken_shisu_decile,ls_shisu_juni,5,578,60.42,8.69,52.8,False
KEIBAJO_SURFACE_09_芝_条件戦,kyori_tekisei+ten_shisu_juni+joho_shisu_decile,kyori_tekisei,ten_shisu_juni,joho_shisu_decile,12,2219,64.37,20.59,52.72,False
KEIBAJO_SURFACE_09_芝_条件戦,kyori_tekisei+ls_shisu_juni+agari_shisu_juni,kyori_tekisei,ls_shisu_juni,agari_shisu_juni,8,1012,63.96,16.26,52.69,False
KEIBAJO_SURFACE_09_芝_条件戦,pace_yoso+manken_shisu_decile+kishu_shisu_decile,pace_yoso,manken_shisu_decile,kishu_shisu_decile,8,1013,72.96,29.25,52.69,False
KEIBAJO_SURFACE_09_芝_条件戦,ichi_shisu_juni+pace_shisu_juni+kyakushitsu,ichi_shisu_juni,pace_shisu_juni,kyakushitsu,9,2548,63.93,17.28,52.64,False
KEIBAJO_SURFACE_09_芝_条件戦,kyakushitsu+ten_shisu_juni+kishu_shisu_decile,kyakushitsu,ten_shisu_juni,kishu_shisu_decile,6,833,70.26,22.08,52.59,False
KEIBAJO_SURFACE_09_芝_条件戦,class_code+joho_shisu_decile+agari_shisu_juni,class_code,joho_shisu_decile,agari_shisu_juni,9,1123,63.5,16.74,52.56,False
KEIBAJO_SURFACE_09_芝_条件戦,kyori_tekisei+pace_shisu_juni+ls_shisu_juni,kyori_tekisei,pace_shisu_juni,ls_shisu_juni,10,1501,62.83,16.59,52.55,False
KEIBAJO_SURFACE_09_芝_条件戦,pace_yoso+bataiju_zogen+ls_shisu_juni,pace_yoso,bataiju_zogen,ls_shisu_juni,5,805,64.59,13.85,52.44,False
KEIBAJO_SURFACE_09_芝_条件戦,ls_shisu_juni+gekiso_juni+joho_shisu_decile,ls_shisu_juni,gekiso_juni,joho_shisu_decile,10,1379,60.9,13.66,52.43,False
KEIBAJO_SURFACE_09_芝_条件戦,kyori_tekisei+ichi_shisu_juni+kishu_kitai_rentai_decile,kyori_tekisei,ichi_shisu_juni,kishu_kitai_rentai_decile,8,2629,64.1,17.01,52.32,False
KEIBAJO_SURFACE_09_芝_条件戦,kyori_tekisei+ten_shisu_juni+kishu_shisu_decile,kyori_tekisei,ten_shisu_juni,kishu_shisu_decile,6,868,70.38,22.63,52.27,False
KEIBAJO_SURFACE_09_芝_条件戦,pace_shisu_juni+ls_shisu_juni+tenkai_kigo_code,pace_shisu_juni,ls_shisu_juni,tenkai_kigo_code,13,1789,58.63,11.82,52.2,False
KEIBAJO_SURFACE_09_芝_条件戦,ten_shisu_juni+class_code+joho_shisu_decile,ten_shisu_juni,class_code,joho_shisu_decile,10,1099,62.27,16.27,52.19,False
KEIBAJO_SURFACE_09_芝_条件戦,kyori_kubun+ten_shisu_juni+joho_shisu_decile,kyori_kubun,ten_shisu_juni,joho_shisu_decile,11,1692,63.67,20.0,51.85,False
KEIBAJO_SURFACE_09_芝_条件戦,kyori_tekisei+bataiju_zogen+ls_shisu_juni,kyori_tekisei,bataiju_zogen,ls_shisu_juni,6,766,64.86,16.38,51.75,False
KEIBAJO_SURFACE_09_芝_条件戦,hizume_code+ls_shisu_juni+kishu_shisu_decile,hizume_code,ls_shisu_juni,kishu_shisu_decile,5,750,66.43,16.78,51.72,False
KEIBAJO_SURFACE_09_芝_条件戦,kyori_tekisei+ten_shisu_juni+kishu_kitai_tansho_decile,kyori_tekisei,ten_shisu_juni,kishu_kitai_tansho_decile,6,932,69.61,22.49,51.61,False
KEIBAJO_SURFACE_09_芝_条件戦,kyakushitsu+ten_shisu_juni+kishu_kitai_tansho_decile,kyakushitsu,ten_shisu_juni,kishu_kitai_tansho_decile,6,891,69.33,22.16,51.59,False
KEIBAJO_SURFACE_09_芝_条件戦,rotation_bin+tenkai_kigo_code+joho_shisu_decile,rotation_bin,tenkai_kigo_code,joho_shisu_decile,10,1856,59.71,13.12,51.58,False
KEIBAJO_SURFACE_09_芝_条件戦,hizume_code+kyori_tekisei+kijun_ninkijun_tansho,hizume_code,kyori_tekisei,kijun_ninkijun_tansho,3,327,73.86,19.71,51.55,False
KEIBAJO_SURFACE_09_芝_条件戦,kyori_tekisei+pace_shisu_juni+kishu_shisu_decile,kyori_tekisei,pace_shisu_juni,kishu_shisu_decile,5,830,70.37,21.49,51.54,False
KEIBAJO_SURFACE_09_芝_条件戦,ichi_shisu_juni+kyakushitsu+kishu_kitai_rentai_decile,ichi_shisu_juni,kyakushitsu,kishu_kitai_rentai_decile,8,2571,63.68,17.53,51.53,False
KEIBAJO_SURFACE_09_芝_条件戦,rotation_bin+joho_shisu_decile+kishu_shisu_decile,rotation_bin,joho_shisu_decile,kishu_shisu_decile,9,1158,68.87,26.55,51.53,False
KEIBAJO_SURFACE_09_芝_条件戦,rotation_bin+ls_shisu_juni+kishu_kitai_tansho_decile,rotation_bin,ls_shisu_juni,kishu_kitai_tansho_decile,3,357,57.66,5.45,51.49,False
KEIBAJO_SURFACE_09_芝_条件戦,hizume_code+rotation_bin+joho_shisu_decile,hizume_code,rotation_bin,joho_shisu_decile,4,619,61.58,10.3,51.49,False
KEIBAJO_SURFACE_09_芝_条件戦,omo_tekisei_code+bataiju_zogen+joho_shisu_decile,omo_tekisei_code,bataiju_zogen,joho_shisu_decile,6,901,61.6,12.77,51.38,False
KEIBAJO_SURFACE_09_芝_条件戦,kyori_tekisei+pace_shisu_juni+joho_shisu_decile,kyori_tekisei,pace_shisu_juni,joho_shisu_decile,10,2096,64.23,20.78,51.35,False
KEIBAJO_SURFACE_09_芝_条件戦,kyori_tekisei+ichi_shisu_juni+kishu_shisu_decile,kyori_tekisei,ichi_shisu_juni,kishu_shisu_decile,9,2681,62.77,17.47,51.35,False
KEIBAJO_SURFACE_09_芝_条件戦,pace_shisu_juni+kyakushitsu+kishu_shisu_decile,pace_shisu_juni,kyakushitsu,kishu_shisu_decile,5,798,70.11,21.46,51.3,False
KEIBAJO_SURFACE_09_芝_条件戦,manken_shirushi+ichi_shisu_juni+ls_shisu_juni,manken_shirushi,ichi_shisu_juni,ls_shisu_juni,5,573,59.11,8.91,51.3,False
KEIBAJO_SURFACE_09_芝_条件戦,kyori_tekisei+ichi_shisu_juni+kishu_kitai_tansho_decile,kyori_tekisei,ichi_shisu_juni,kishu_kitai_tansho_decile,8,2634,63.14,17.38,51.09,False
KEIBAJO_SURFACE_09_芝_条件戦,bataiju_zogen+ls_shisu_juni+joho_shisu_decile,bataiju_zogen,ls_shisu_juni,joho_shisu_decile,4,579,56.96,6.13,50.95,False
KEIBAJO_SURFACE_09_芝_条件戦,kyakushitsu+ls_shisu_juni+kijun_ninkijun_tansho,kyakushitsu,ls_shisu_juni,kijun_ninkijun_tansho,8,1113,61.49,15.26,50.92,False
KEIBAJO_SURFACE_09_芝_条件戦,pace_shisu_juni+tenkai_kigo_code+kishu_shisu_decile,pace_shisu_juni,tenkai_kigo_code,kishu_shisu_decile,5,671,73.39,25.68,50.88,False
KEIBAJO_SURFACE_09_芝_条件戦,ichi_shisu_juni+kyakushitsu+kishu_shisu_decile,ichi_shisu_juni,kyakushitsu,kishu_shisu_decile,9,2620,62.5,17.9,50.81,False
KEIBAJO_SURFACE_09_芝_条件戦,manken_shirushi+class_code+joho_shisu_decile,manken_shirushi,class_code,joho_shisu_decile,7,785,61.76,15.24,50.47,False
KEIBAJO_SURFACE_09_芝_条件戦,bataiju_zogen+tenkai_kigo_code+joho_shisu_decile,bataiju_zogen,tenkai_kigo_code,joho_shisu_decile,6,1018,57.81,9.25,50.41,False
KEIBAJO_SURFACE_09_芝_条件戦,ichi_shisu_juni+kyakushitsu+kishu_kitai_tansho_decile,ichi_shisu_juni,kyakushitsu,kishu_kitai_tansho_decile,8,2574,62.8,17.92,50.38,False
KEIBAJO_SURFACE_09_芝_条件戦,ichi_shisu_juni+ls_shisu_juni+kishu_kitai_rentai_decile,ichi_shisu_juni,ls_shisu_juni,kishu_kitai_rentai_decile,8,1435,63.92,19.66,50.29,False
KEIBAJO_SURFACE_09_芝_条件戦,ls_shisu_juni+tenkai_kigo_code+gekiso_juni,ls_shisu_juni,tenkai_kigo_code,gekiso_juni,10,1149,60.17,15.93,50.29,False
KEIBAJO_SURFACE_09_芝_条件戦,pace_yoso+rotation_bin+joho_shisu_decile,pace_yoso,rotation_bin,joho_shisu_decile,11,1712,63.24,22.11,50.17,False
KEIBAJO_SURFACE_09_芝_条件戦,ten_shisu_juni+tenkai_kigo_code+joho_shisu_decile,ten_shisu_juni,tenkai_kigo_code,joho_shisu_decile,15,2314,60.3,20.1,50.13,False
KEIBAJO_SURFACE_09_芝_条件戦,pace_yoso+ten_shisu_juni+kishu_kitai_tansho_decile,pace_yoso,ten_shisu_juni,kishu_kitai_tansho_decile,7,1018,67.6,23.6,50.11,False
KEIBAJO_SURFACE_09_芝_条件戦,ichi_shisu_juni+joho_shisu_decile+kishu_shisu_decile,ichi_shisu_juni,joho_shisu_decile,kishu_shisu_decile,11,2071,61.88,19.93,50.1,False
KEIBAJO_SURFACE_09_芝_条件戦,ichi_shisu_juni+ls_shisu_juni+kishu_shisu_decile,ichi_shisu_juni,ls_shisu_juni,kishu_shisu_decile,8,1402,63.18,18.93,50.07,False
KEIBAJO_SURFACE_09_芝_条件戦,pace_shisu_juni+ten_shisu_juni+agari_shisu_juni,pace_shisu_juni,ten_shisu_juni,agari_shisu_juni,5,806,67.66,20.38,49.8,False
KEIBAJO_SURFACE_09_芝_条件戦,ichi_shisu_juni+ls_shisu_juni+joho_shisu_decile,ichi_shisu_juni,ls_shisu_juni,joho_shisu_decile,8,1696,64.42,21.1,49.8,False
KEIBAJO_SURFACE_09_芝_条件戦,hizume_code+ls_shisu_juni+kishu_kitai_rentai_decile,hizume_code,ls_shisu_juni,kishu_kitai_rentai_decile,5,721,65.05,17.47,49.74,False
KEIBAJO_SURFACE_09_芝_条件戦,kyakushitsu+joho_shisu_decile+agari_shisu_juni,kyakushitsu,joho_shisu_decile,agari_shisu_juni,7,1099,64.11,19.45,49.7,False
KEIBAJO_SURFACE_09_芝_条件戦,ichi_shisu_juni+pace_shisu_juni+joho_shisu_decile,ichi_shisu_juni,pace_shisu_juni,joho_shisu_decile,9,1855,60.68,17.14,49.48,False
KEIBAJO_SURFACE_09_芝_条件戦,manken_shirushi+kyori_tekisei+ls_shisu_juni,manken_shirushi,kyori_tekisei,ls_shisu_juni,6,674,59.69,12.94,49.33,False
KEIBAJO_SURFACE_09_芝_条件戦,kyori_tekisei+joho_shisu_decile+agari_shisu_juni,kyori_tekisei,joho_shisu_decile,agari_shisu_juni,12,1769,60.11,19.56,49.04,False
KEIBAJO_SURFACE_09_芝_条件戦,pace_shisu_juni+ten_shisu_juni+joho_shisu_decile,pace_shisu_juni,ten_shisu_juni,joho_shisu_decile,8,1641,62.37,19.37,48.94,False
KEIBAJO_SURFACE_09_芝_条件戦,ten_shisu_juni+ls_shisu_juni+tenkai_kigo_code,ten_shisu_juni,ls_shisu_juni,tenkai_kigo_code,14,1858,56.44,14.75,48.71,False
KEIBAJO_SURFACE_09_芝_条件戦,uma_start_shisu_decile+joho_shisu_decile+kishu_shisu_decile,uma_start_shisu_decile,joho_shisu_decile,kishu_shisu_decile,6,1153,69.11,25.57,48.65,False
KEIBAJO_SURFACE_09_芝_条件戦,kyori_kubun+joho_shisu_decile+agari_shisu_juni,kyori_kubun,joho_shisu_decile,agari_shisu_juni,13,1715,58.62,18.37,48.63,False
KEIBAJO_SURFACE_09_芝_条件戦,kyori_tekisei+ten_shisu_juni+ls_shisu_juni,kyori_tekisei,ten_shisu_juni,ls_shisu_juni,9,1404,59.84,17.2,48.6,False
KEIBAJO_SURFACE_09_芝_条件戦,ichi_shisu_juni+manken_shisu_decile+ls_shisu_juni,ichi_shisu_juni,manken_shisu_decile,ls_shisu_juni,6,1092,57.77,11.51,48.56,False
KEIBAJO_SURFACE_09_芝_条件戦,pace_shisu_juni+tenkai_kigo_code+kishu_kitai_rentai_decile,pace_shisu_juni,tenkai_kigo_code,kishu_kitai_rentai_decile,5,650,72.11,26.94,48.5,False
KEIBAJO_SURFACE_09_芝_条件戦,kyori_tekisei+ls_shisu_juni+gekiso_juni,kyori_tekisei,ls_shisu_juni,gekiso_juni,6,749,57.04,11.11,48.15,False
KEIBAJO_SURFACE_09_芝_条件戦,omo_tekisei_code+manken_shisu_decile+joho_shisu_decile,omo_tekisei_code,manken_shisu_decile,joho_shisu_decile,8,1076,64.04,23.06,48.06,False
KEIBAJO_SURFACE_09_芝_条件戦,pace_shisu_juni+tenkai_kigo_code+joho_shisu_decile,pace_shisu_juni,tenkai_kigo_code,joho_shisu_decile,13,2242,59.15,20.5,48.0,False
KEIBAJO_SURFACE_09_芝_条件戦,pace_shisu_juni+ls_shisu_juni+joho_shisu_decile,pace_shisu_juni,ls_shisu_juni,joho_shisu_decile,7,1280,62.37,19.85,47.66,False
KEIBAJO_SURFACE_09_芝_条件戦,pace_shisu_juni+kyakushitsu+joho_shisu_decile,pace_shisu_juni,kyakushitsu,joho_shisu_decile,9,1866,59.73,18.56,47.6,False
KEIBAJO_SURFACE_09_芝_条件戦,pace_shisu_juni+kyakushitsu+ls_shisu_juni,pace_shisu_juni,kyakushitsu,ls_shisu_juni,8,1161,61.85,20.66,47.53,False
KEIBAJO_SURFACE_09_芝_条件戦,kyori_tekisei+manken_shisu_decile+kishu_kitai_tansho_decile,kyori_tekisei,manken_shisu_decile,kishu_kitai_tansho_decile,8,1048,63.5,23.08,47.51,False
KEIBAJO_SURFACE_09_芝_条件戦,kyori_kubun+bataiju_zogen+joho_shisu_decile,kyori_kubun,bataiju_zogen,joho_shisu_decile,4,488,60.25,13.09,47.43,False
KEIBAJO_SURFACE_09_芝_条件戦,pace_shisu_juni+ten_shisu_juni+kishu_kitai_rentai_decile,pace_shisu_juni,ten_shisu_juni,kishu_kitai_rentai_decile,3,561,73.76,23.38,47.3,False
KEIBAJO_SURFACE_09_芝_条件戦,hizume_code+kyakushitsu+kishu_shisu_decile,hizume_code,kyakushitsu,kishu_shisu_decile,3,351,72.74,22.52,47.25,False
KEIBAJO_SURFACE_09_芝_条件戦,ten_shisu_juni+tenkai_kigo_code+kishu_shisu_decile,ten_shisu_juni,tenkai_kigo_code,kishu_shisu_decile,5,603,70.97,27.09,47.23,False
KEIBAJO_SURFACE_09_芝_条件戦,bataiju_zogen+class_code+kishu_kitai_tansho_decile,bataiju_zogen,class_code,kishu_kitai_tansho_decile,3,361,73.37,23.27,47.03,False
KEIBAJO_SURFACE_09_芝_条件戦,manken_shisu_decile+kyakushitsu+ls_shisu_juni,manken_shisu_decile,kyakushitsu,ls_shisu_juni,6,1178,58.69,14.59,47.02,False
KEIBAJO_SURFACE_09_芝_条件戦,tenkai_kigo_code+gekiso_juni+joho_shisu_decile,tenkai_kigo_code,gekiso_juni,joho_shisu_decile,12,1401,58.84,21.83,46.49,False
KEIBAJO_SURFACE_09_芝_条件戦,pace_shisu_juni+joho_shisu_decile+agari_shisu_juni,pace_shisu_juni,joho_shisu_decile,agari_shisu_juni,4,642,69.26,23.47,46.26,False
KEIBAJO_SURFACE_09_芝_条件戦,ten_shisu_juni+tenkai_kigo_code+kishu_kitai_tansho_decile,ten_shisu_juni,tenkai_kigo_code,kishu_kitai_tansho_decile,5,653,70.42,27.58,46.24,False
KEIBAJO_SURFACE_09_芝_条件戦,ls_shisu_juni+joho_shisu_decile+agari_shisu_juni,ls_shisu_juni,joho_shisu_decile,agari_shisu_juni,10,1446,58.93,20.52,46.21,False
KEIBAJO_SURFACE_09_芝_条件戦,pace_shisu_juni+joho_shisu_decile+kishu_kitai_tansho_decile,pace_shisu_juni,joho_shisu_decile,kishu_kitai_tansho_decile,6,1019,63.88,22.35,46.0,False
KEIBAJO_SURFACE_09_芝_条件戦,manken_shisu_decile+ls_shisu_juni+joho_shisu_decile,manken_shisu_decile,ls_shisu_juni,joho_shisu_decile,8,1595,54.62,12.59,45.9,False
KEIBAJO_SURFACE_09_芝_条件戦,manken_shisu_decile+tenkai_kigo_code+joho_shisu_decile,manken_shisu_decile,tenkai_kigo_code,joho_shisu_decile,13,2442,54.75,16.39,45.84,False
KEIBAJO_SURFACE_09_芝_条件戦,pace_yoso+manken_shisu_decile+joho_shisu_decile,pace_yoso,manken_shisu_decile,joho_shisu_decile,9,1934,57.69,18.23,45.78,False
KEIBAJO_SURFACE_09_芝_条件戦,pace_shisu_juni+ten_shisu_juni+ls_shisu_juni,pace_shisu_juni,ten_shisu_juni,ls_shisu_juni,6,905,63.55,22.31,45.7,False
KEIBAJO_SURFACE_09_芝_条件戦,pace_yoso+rotation_bin+kishu_kitai_tansho_decile,pace_yoso,rotation_bin,kishu_kitai_tansho_decile,5,590,64.83,22.02,45.52,False
KEIBAJO_SURFACE_09_芝_条件戦,ichi_shisu_juni+ls_shisu_juni+kishu_kitai_tansho_decile,ichi_shisu_juni,ls_shisu_juni,kishu_kitai_tansho_decile,8,1460,60.02,20.97,45.49,False
KEIBAJO_SURFACE_09_芝_条件戦,pace_shisu_juni+joho_shisu_decile+kishu_shisu_decile,pace_shisu_juni,joho_shisu_decile,kishu_shisu_decile,6,991,63.97,23.12,45.47,False
KEIBAJO_SURFACE_09_芝_条件戦,kyakushitsu+ten_shisu_juni+ls_shisu_juni,kyakushitsu,ten_shisu_juni,ls_shisu_juni,8,1171,58.05,18.49,45.24,False
KEIBAJO_SURFACE_09_芝_条件戦,rotation_bin+ls_shisu_juni+joho_shisu_decile,rotation_bin,ls_shisu_juni,joho_shisu_decile,5,985,57.51,14.08,45.17,False
KEIBAJO_SURFACE_09_芝_条件戦,pace_shisu_juni+ls_shisu_juni+kishu_kitai_tansho_decile,pace_shisu_juni,ls_shisu_juni,kishu_kitai_tansho_decile,4,531,69.12,24.55,45.06,False
KEIBAJO_SURFACE_09_芝_条件戦,manken_shirushi+omo_tekisei_code+ls_shisu_juni,manken_shirushi,omo_tekisei_code,ls_shisu_juni,3,319,61.12,14.26,44.98,False
KEIBAJO_SURFACE_09_芝_条件戦,ichi_shisu_juni+class_code+joho_shisu_decile,ichi_shisu_juni,class_code,joho_shisu_decile,9,1010,61.44,25.28,44.92,False
KEIBAJO_SURFACE_09_芝_条件戦,kyori_tekisei+manken_shisu_decile+kishu_shisu_decile,kyori_tekisei,manken_shisu_decile,kishu_shisu_decile,5,693,65.0,23.07,44.78,False
KEIBAJO_SURFACE_09_芝_条件戦,ichi_shisu_juni+ten_shisu_juni+ls_shisu_juni,ichi_shisu_juni,ten_shisu_juni,ls_shisu_juni,7,1067,59.45,19.8,44.77,False
KEIBAJO_SURFACE_09_芝_条件戦,manken_shisu_decile+class_code+joho_shisu_decile,manken_shisu_decile,class_code,joho_shisu_decile,9,1503,61.38,25.44,44.76,False
KEIBAJO_SURFACE_09_芝_条件戦,rotation_bin+tenkai_kigo_code+kishu_kitai_rentai_decile,rotation_bin,tenkai_kigo_code,kishu_kitai_rentai_decile,3,354,68.45,21.05,44.63,False
KEIBAJO_SURFACE_09_芝_条件戦,ten_shisu_juni+joho_shisu_decile+kishu_kitai_rentai_decile,ten_shisu_juni,joho_shisu_decile,kishu_kitai_rentai_decile,5,765,63.43,21.56,44.52,False
KEIBAJO_SURFACE_09_芝_条件戦,rotation_bin+joho_shisu_decile+kishu_kitai_rentai_decile,rotation_bin,joho_shisu_decile,kishu_kitai_rentai_decile,7,819,63.52,25.99,44.27,False
KEIBAJO_SURFACE_09_芝_条件戦,ichi_shisu_juni+ls_shisu_juni+agari_shisu_juni,ichi_shisu_juni,ls_shisu_juni,agari_shisu_juni,6,762,62.81,23.26,44.2,False
KEIBAJO_SURFACE_09_芝_条件戦,ichi_shisu_juni+manken_shisu_decile+kishu_shisu_decile,ichi_shisu_juni,manken_shisu_decile,kishu_shisu_decile,5,580,66.2,25.27,44.05,False
KEIBAJO_SURFACE_09_芝_条件戦,manken_shisu_decile+ls_shisu_juni+kishu_shisu_decile,manken_shisu_decile,ls_shisu_juni,kishu_shisu_decile,3,392,55.43,10.43,43.62,False
KEIBAJO_SURFACE_09_芝_条件戦,pace_shisu_juni+ten_shisu_juni+kishu_kitai_tansho_decile,pace_shisu_juni,ten_shisu_juni,kishu_kitai_tansho_decile,4,710,66.74,23.64,43.57,False
KEIBAJO_SURFACE_09_芝_条件戦,kyori_kubun+manken_shisu_decile+joho_shisu_decile,kyori_kubun,manken_shisu_decile,joho_shisu_decile,11,2021,52.47,15.16,43.51,False
KEIBAJO_SURFACE_09_芝_条件戦,manken_shirushi+pace_yoso+joho_shisu_decile,manken_shirushi,pace_yoso,joho_shisu_decile,10,1176,54.34,17.66,43.39,False
KEIBAJO_SURFACE_09_芝_条件戦,bataiju_zogen+kyakushitsu+ls_shisu_juni,bataiju_zogen,kyakushitsu,ls_shisu_juni,4,463,68.98,26.58,42.93,False
KEIBAJO_SURFACE_09_芝_条件戦,rotation_bin+tenkai_kigo_code+kishu_shisu_decile,rotation_bin,tenkai_kigo_code,kishu_shisu_decile,7,796,63.92,28.35,42.92,False
KEIBAJO_SURFACE_09_芝_条件戦,ichi_shisu_juni+manken_shisu_decile+joho_shisu_decile,ichi_shisu_juni,manken_shisu_decile,joho_shisu_decile,7,1185,57.97,21.77,41.84,False
KEIBAJO_SURFACE_09_芝_条件戦,ichi_shisu_juni+ls_shisu_juni+gekiso_juni,ichi_shisu_juni,ls_shisu_juni,gekiso_juni,7,806,51.73,13.43,41.78,False
KEIBAJO_SURFACE_09_芝_条件戦,ten_shisu_juni+joho_shisu_decile+kishu_shisu_decile,ten_shisu_juni,joho_shisu_decile,kishu_shisu_decile,6,923,59.42,22.16,41.69,False
KEIBAJO_SURFACE_09_芝_条件戦,pace_shisu_juni+class_code+joho_shisu_decile,pace_shisu_juni,class_code,joho_shisu_decile,6,695,63.5,28.37,40.8,False
KEIBAJO_SURFACE_09_芝_条件戦,kyakushitsu+ls_shisu_juni+gekiso_juni,kyakushitsu,ls_shisu_juni,gekiso_juni,4,433,50.47,9.92,40.75,False
KEIBAJO_SURFACE_09_芝_条件戦,manken_shisu_decile+kyakushitsu+kishu_kitai_tansho_decile,manken_shisu_decile,kyakushitsu,kishu_kitai_tansho_decile,5,632,62.17,24.64,40.57,False
KEIBAJO_SURFACE_09_芝_条件戦,pace_shisu_juni+joho_shisu_decile+kishu_kitai_rentai_decile,pace_shisu_juni,joho_shisu_decile,kishu_kitai_rentai_decile,6,950,58.71,22.79,40.48,False
KEIBAJO_SURFACE_09_芝_条件戦,bataiju_zogen+kyakushitsu+joho_shisu_decile,bataiju_zogen,kyakushitsu,joho_shisu_decile,3,323,61.45,19.05,39.89,False
KEIBAJO_SURFACE_09_芝_条件戦,pace_shisu_juni+ls_shisu_juni+kishu_shisu_decile,pace_shisu_juni,ls_shisu_juni,kishu_shisu_decile,3,396,73.73,30.13,39.63,False
KEIBAJO_SURFACE_09_芝_条件戦,manken_shisu_decile+pace_shisu_juni+kyakushitsu,manken_shisu_decile,pace_shisu_juni,kyakushitsu,4,441,65.92,26.91,39.55,False
KEIBAJO_SURFACE_09_芝_条件戦,ten_shisu_juni+ls_shisu_juni+joho_shisu_decile,ten_shisu_juni,ls_shisu_juni,joho_shisu_decile,6,1133,55.2,20.04,39.16,False
KEIBAJO_SURFACE_09_芝_条件戦,manken_shisu_decile+ls_shisu_juni+kishu_kitai_tansho_decile,manken_shisu_decile,ls_shisu_juni,kishu_kitai_tansho_decile,5,638,52.93,15.76,39.11,False
KEIBAJO_SURFACE_09_芝_条件戦,manken_shirushi+ls_shisu_juni+joho_shisu_decile,manken_shirushi,ls_shisu_juni,joho_shisu_decile,6,690,51.28,15.26,39.07,False
KEIBAJO_SURFACE_09_芝_条件戦,manken_shisu_decile+kyakushitsu+joho_shisu_decile,manken_shisu_decile,kyakushitsu,joho_shisu_decile,7,1296,50.77,16.04,38.89,False
KEIBAJO_SURFACE_09_芝_条件戦,kyori_tekisei+gekiso_juni+joho_shisu_decile,kyori_tekisei,gekiso_juni,joho_shisu_decile,9,1078,55.55,25.7,38.76,False
KEIBAJO_SURFACE_09_芝_条件戦,pace_shisu_juni+ten_shisu_juni+kishu_shisu_decile,pace_shisu_juni,ten_shisu_juni,kishu_shisu_decile,4,662,64.23,26.35,38.4,False
KEIBAJO_SURFACE_09_芝_条件戦,kyakushitsu+ls_shisu_juni+agari_shisu_juni,kyakushitsu,ls_shisu_juni,agari_shisu_juni,4,501,54.19,17.24,37.3,False
KEIBAJO_SURFACE_09_芝_条件戦,kyori_tekisei+manken_shisu_decile+joho_shisu_decile,kyori_tekisei,manken_shisu_decile,joho_shisu_decile,6,1447,50.27,17.49,36.28,False
KEIBAJO_SURFACE_09_芝_条件戦,manken_shisu_decile+tenkai_kigo_code+kishu_kitai_tansho_decile,manken_shisu_decile,tenkai_kigo_code,kishu_kitai_tansho_decile,5,640,52.35,19.2,35.52,False
KEIBAJO_SURFACE_09_芝_条件戦,hizume_code+joho_shisu_decile+kijun_ninkijun_tansho,hizume_code,joho_shisu_decile,kijun_ninkijun_tansho,4,485,58.82,24.21,35.1,False
KEIBAJO_SURFACE_09_芝_条件戦,omo_tekisei_code+joho_shisu_decile+agari_shisu_juni,omo_tekisei_code,joho_shisu_decile,agari_shisu_juni,3,312,62.6,25.12,34.17,False
KEIBAJO_SURFACE_09_芝_条件戦,ten_shisu_juni+joho_shisu_decile+agari_shisu_juni,ten_shisu_juni,joho_shisu_decile,agari_shisu_juni,3,509,65.58,28.57,33.25,False
KEIBAJO_SURFACE_09_芝_条件戦,ten_shisu_juni+joho_shisu_decile+kishu_kitai_tansho_decile,ten_shisu_juni,joho_shisu_decile,kishu_kitai_tansho_decile,5,852,56.86,28.87,31.56,False
KEIBAJO_SURFACE_09_芝_条件戦,uma_start_shisu_decile+bataiju_zogen+joho_shisu_decile,uma_start_shisu_decile,bataiju_zogen,joho_shisu_decile,3,339,64.6,29.41,31.32,False
KEIBAJO_SURFACE_09_芝_条件戦,kyori_tekisei+bataiju_zogen+joho_shisu_decile,kyori_tekisei,bataiju_zogen,joho_shisu_decile,3,354,57.38,24.35,29.83,False
KEIBAJO_SURFACE_09_芝_条件戦,manken_shisu_decile+kyakushitsu+kishu_shisu_decile,manken_shisu_decile,kyakushitsu,kishu_shisu_decile,3,428,56.78,24.69,28.84,False
KEIBAJO_SURFACE_09_芝_条件戦,pace_yoso+bataiju_zogen+joho_shisu_decile,pace_yoso,bataiju_zogen,joho_shisu_decile,4,555,53.23,27.5,26.28,False
KEIBAJO_SURFACE_09_芝_条件戦,ten_shisu_juni+ls_shisu_juni+kishu_kitai_tansho_decile,ten_shisu_juni,ls_shisu_juni,kishu_kitai_tansho_decile,3,400,58.01,28.77,25.45,False
KEIBAJO_SURFACE_09_芝_条件戦,ichi_shisu_juni+gekiso_juni+joho_shisu_decile,ichi_shisu_juni,gekiso_juni,joho_shisu_decile,5,584,45.26,25.19,23.18,False
KEIBAJO_SURFACE_09_芝_条件戦,manken_shisu_decile+pace_shisu_juni+joho_shisu_decile,manken_shisu_decile,pace_shisu_juni,joho_shisu_decile,3,330,56.36,30.52,21.83,False
KEIBAJO_SURFACE_09_芝_条件戦,kyakushitsu+gekiso_juni+joho_shisu_decile,kyakushitsu,gekiso_juni,joho_shisu_decile,3,310,55.67,30.62,21.01,False
