segment,factors,factor1,factor2,factor3,factor4,n_bins,n_bets,mean_roi,std_roi,clb,pass
KEIBAJO_SURFACE_06_ダ,kyori_kubun+uma_start_shisu_decile+ichi_shisu_juni+ten_shisu_juni,kyori_kubun,uma_start_shisu_decile,ichi_shisu_juni,ten_shisu_juni,4,484,96.28,5.03,91.35,True
KEIBAJO_SURFACE_06_ダ,manken_shirushi+umakigo_code+ichi_shisu_juni+ten_shisu_juni,manken_shirushi,umakigo_code,ichi_shisu_juni,ten_shisu_juni,4,438,92.2,3.01,89.26,True
KEIBAJO_SURFACE_06_ダ,ichi_shisu_juni+omo_tekisei_code+ten_shisu_juni+pace_shisu_juni,ichi_shisu_juni,omo_tekisei_code,ten_shisu_juni,pace_shisu_juni,3,412,93.22,4.03,88.66,True
KEIBAJO_SURFACE_06_ダ,da_tekisei_code+joken_class_code+ten_shisu_juni+pace_shisu_juni,da_tekisei_code,joken_class_code,ten_shisu_juni,pace_shisu_juni,12,1765,92.9,8.16,88.28,True
KEIBAJO_SURFACE_06_ダ,uma_deokure_bin+joken_class_code+ten_shisu_juni+pace_shisu_juni,uma_deokure_bin,joken_class_code,ten_shisu_juni,pace_shisu_juni,7,1045,93.62,7.5,88.06,True
KEIBAJO_SURFACE_06_ダ,uma_start_shisu_decile+kyakushitsu+ten_shisu_juni+pace_shisu_juni,uma_start_shisu_decile,kyakushitsu,ten_shisu_juni,pace_shisu_juni,3,411,94.0,5.61,87.65,True
KEIBAJO_SURFACE_06_ダ,da_tekisei_code+kyakushitsu+ten_shisu_juni+pace_shisu_juni,da_tekisei_code,kyakushitsu,ten_shisu_juni,pace_shisu_juni,8,1222,90.74,6.19,86.45,True
KEIBAJO_SURFACE_06_ダ,uma_deokure_bin+uma_start_shisu_decile+ichi_shisu_juni+ten_shisu_juni,uma_deokure_bin,uma_start_shisu_decile,ichi_shisu_juni,ten_shisu_juni,4,547,91.51,6.34,85.3,True
KEIBAJO_SURFACE_06_ダ,manken_shirushi+da_tekisei_code+umakigo_code+pace_shisu_juni,manken_shirushi,da_tekisei_code,umakigo_code,pace_shisu_juni,21,2557,89.85,10.9,85.19,True
KEIBAJO_SURFACE_06_ダ,pace_yoso+uma_start_shisu_decile+ten_shisu_juni+pace_shisu_juni,pace_yoso,uma_start_shisu_decile,ten_shisu_juni,pace_shisu_juni,4,675,89.08,4.16,85.0,True
KEIBAJO_SURFACE_06_ダ,uma_start_shisu_decile+umakigo_code+ten_shisu_juni+pace_shisu_juni,uma_start_shisu_decile,umakigo_code,ten_shisu_juni,pace_shisu_juni,6,958,89.75,6.28,84.72,True
KEIBAJO_SURFACE_06_ダ,manken_shirushi+da_tekisei_code+umakigo_code+ten_shisu_juni,manken_shirushi,da_tekisei_code,umakigo_code,ten_shisu_juni,20,2332,89.74,11.52,84.69,True
KEIBAJO_SURFACE_06_ダ,kyori_kubun+uma_start_shisu_decile+ten_shisu_juni+pace_shisu_juni,kyori_kubun,uma_start_shisu_decile,ten_shisu_juni,pace_shisu_juni,3,442,92.58,7.31,84.31,True
KEIBAJO_SURFACE_06_ダ,joken_class_code+ten_shisu_juni+pace_shisu_juni+shiba_tekisei_code,joken_class_code,ten_shisu_juni,pace_shisu_juni,shiba_tekisei_code,4,542,86.44,2.2,84.29,True
KEIBAJO_SURFACE_06_ダ,kyori_kubun+da_tekisei_code+ten_shisu_juni+pace_shisu_juni,kyori_kubun,da_tekisei_code,ten_shisu_juni,pace_shisu_juni,12,1799,89.5,9.29,84.25,True
KEIBAJO_SURFACE_06_ダ,kyakushitsu+ichi_shisu_juni+pace_shisu_juni+shiba_tekisei_code,kyakushitsu,ichi_shisu_juni,pace_shisu_juni,shiba_tekisei_code,4,546,86.16,2.21,83.99,True
KEIBAJO_SURFACE_06_ダ,da_tekisei_code+ten_shisu_juni+pace_shisu_juni+shiba_tekisei_code,da_tekisei_code,ten_shisu_juni,pace_shisu_juni,shiba_tekisei_code,6,851,88.89,6.48,83.71,True
KEIBAJO_SURFACE_06_ダ,kyori_kubun+ichi_shisu_juni+omo_tekisei_code+pace_shisu_juni,kyori_kubun,ichi_shisu_juni,omo_tekisei_code,pace_shisu_juni,4,530,91.8,8.49,83.48,True
KEIBAJO_SURFACE_06_ダ,joken_class_code+omo_tekisei_code+ten_shisu_juni+pace_shisu_juni,joken_class_code,omo_tekisei_code,ten_shisu_juni,pace_shisu_juni,5,721,89.44,7.07,83.24,True
KEIBAJO_SURFACE_06_ダ,kyori_kubun+da_tekisei_code+ichi_shisu_juni+ten_shisu_juni,kyori_kubun,da_tekisei_code,ichi_shisu_juni,ten_shisu_juni,9,1257,88.21,7.95,83.01,True
KEIBAJO_SURFACE_06_ダ,da_tekisei_code+kyori_tekisei+ichi_shisu_juni+manken_shisu_decile,da_tekisei_code,kyori_tekisei,ichi_shisu_juni,manken_shisu_decile,7,743,89.38,8.72,82.92,True
KEIBAJO_SURFACE_06_ダ,uma_deokure_bin+da_tekisei_code+ten_shisu_juni+pace_shisu_juni,uma_deokure_bin,da_tekisei_code,ten_shisu_juni,pace_shisu_juni,6,933,87.88,6.48,82.69,True
KEIBAJO_SURFACE_06_ダ,da_tekisei_code+kyori_tekisei+ten_shisu_juni+pace_shisu_juni,da_tekisei_code,kyori_tekisei,ten_shisu_juni,pace_shisu_juni,10,1494,88.57,9.63,82.6,True
KEIBAJO_SURFACE_06_ダ,manken_shirushi+umakigo_code+manken_shisu_decile+ten_shisu_juni,manken_shirushi,umakigo_code,manken_shisu_decile,ten_shisu_juni,8,979,90.57,11.56,82.56,True
KEIBAJO_SURFACE_06_ダ,kyori_kubun+omo_tekisei_code+ten_shisu_juni+pace_shisu_juni,kyori_kubun,omo_tekisei_code,ten_shisu_juni,pace_shisu_juni,8,1098,89.9,10.67,82.5,True
KEIBAJO_SURFACE_06_ダ,da_tekisei_code+manken_shisu_decile+pace_shisu_juni+shiba_tekisei_code,da_tekisei_code,manken_shisu_decile,pace_shisu_juni,shiba_tekisei_code,9,996,85.89,5.45,82.33,True
KEIBAJO_SURFACE_06_ダ,manken_shirushi+ls_shisu_juni+manken_shisu_decile+shiba_tekisei_code,manken_shirushi,ls_shisu_juni,manken_shisu_decile,shiba_tekisei_code,5,744,86.1,4.34,82.29,True
KEIBAJO_SURFACE_06_ダ,da_tekisei_code+ichi_shisu_juni+manken_shisu_decile+shiba_tekisei_code,da_tekisei_code,ichi_shisu_juni,manken_shisu_decile,shiba_tekisei_code,11,1222,85.07,4.86,82.19,True
KEIBAJO_SURFACE_06_ダ,kyori_kubun+ten_shisu_juni+pace_shisu_juni+shiba_tekisei_code,kyori_kubun,ten_shisu_juni,pace_shisu_juni,shiba_tekisei_code,4,643,88.6,6.61,82.12,True
KEIBAJO_SURFACE_06_ダ,kyakushitsu+omo_tekisei_code+ten_shisu_juni+pace_shisu_juni,kyakushitsu,omo_tekisei_code,ten_shisu_juni,pace_shisu_juni,6,800,89.74,9.65,82.01,True
KEIBAJO_SURFACE_06_ダ,manken_shirushi+da_tekisei_code+umakigo_code+ichi_shisu_juni,manken_shirushi,da_tekisei_code,umakigo_code,ichi_shisu_juni,23,2792,85.71,9.1,81.99,True
KEIBAJO_SURFACE_06_ダ,da_tekisei_code+kyakushitsu+ichi_shisu_juni+pace_shisu_juni,da_tekisei_code,kyakushitsu,ichi_shisu_juni,pace_shisu_juni,12,1613,86.49,8.03,81.94,True
KEIBAJO_SURFACE_06_ダ,pace_yoso+ichi_shisu_juni+pace_shisu_juni+shiba_tekisei_code,pace_yoso,ichi_shisu_juni,pace_shisu_juni,shiba_tekisei_code,10,1391,87.76,9.56,81.84,True
KEIBAJO_SURFACE_06_ダ,pace_yoso+omo_tekisei_code+ten_shisu_juni+pace_shisu_juni,pace_yoso,omo_tekisei_code,ten_shisu_juni,pace_shisu_juni,12,1837,88.21,11.25,81.84,True
KEIBAJO_SURFACE_06_ダ,uma_start_shisu_decile+kyakushitsu+ichi_shisu_juni+ten_shisu_juni,uma_start_shisu_decile,kyakushitsu,ichi_shisu_juni,ten_shisu_juni,3,476,88.03,5.78,81.49,True
KEIBAJO_SURFACE_06_ダ,kyori_kubun+ichi_shisu_juni+ten_shisu_juni+shiba_tekisei_code,kyori_kubun,ichi_shisu_juni,ten_shisu_juni,shiba_tekisei_code,4,539,87.11,5.76,81.46,True
KEIBAJO_SURFACE_06_ダ,pace_yoso+ten_shisu_juni+pace_shisu_juni+shiba_tekisei_code,pace_yoso,ten_shisu_juni,pace_shisu_juni,shiba_tekisei_code,9,1399,87.21,8.97,81.35,True
KEIBAJO_SURFACE_06_ダ,kyori_kubun+ichi_shisu_juni+pace_shisu_juni+shiba_tekisei_code,kyori_kubun,ichi_shisu_juni,pace_shisu_juni,shiba_tekisei_code,4,564,88.98,7.78,81.35,True
KEIBAJO_SURFACE_06_ダ,manken_shirushi+da_tekisei_code+manken_shisu_decile+ten_shisu_juni,manken_shirushi,da_tekisei_code,manken_shisu_decile,ten_shisu_juni,6,667,91.95,13.54,81.12,True
KEIBAJO_SURFACE_06_ダ,kyori_tekisei+omo_tekisei_code+ten_shisu_juni+pace_shisu_juni,kyori_tekisei,omo_tekisei_code,ten_shisu_juni,pace_shisu_juni,4,459,97.92,17.16,81.1,True
KEIBAJO_SURFACE_06_ダ,da_tekisei_code+manken_shisu_decile+ten_shisu_juni+shiba_tekisei_code,da_tekisei_code,manken_shisu_decile,ten_shisu_juni,shiba_tekisei_code,8,907,87.99,10.0,81.06,True
KEIBAJO_SURFACE_06_ダ,kyori_kubun+da_tekisei_code+ichi_shisu_juni+manken_shisu_decile,kyori_kubun,da_tekisei_code,ichi_shisu_juni,manken_shisu_decile,19,2159,85.31,9.56,81.02,True
KEIBAJO_SURFACE_06_ダ,kyori_kubun+da_tekisei_code+manken_shisu_decile+ten_shisu_juni,kyori_kubun,da_tekisei_code,manken_shisu_decile,ten_shisu_juni,14,1549,85.08,7.84,80.97,True
KEIBAJO_SURFACE_06_ダ,da_tekisei_code+joken_class_code+ichi_shisu_juni+ten_shisu_juni,da_tekisei_code,joken_class_code,ichi_shisu_juni,ten_shisu_juni,9,1142,88.13,11.04,80.92,True
KEIBAJO_SURFACE_06_ダ,manken_shirushi+joken_class_code+umakigo_code+ten_shisu_juni,manken_shirushi,joken_class_code,umakigo_code,ten_shisu_juni,22,2641,85.54,11.12,80.9,True
KEIBAJO_SURFACE_06_ダ,da_tekisei_code+joken_class_code+ichi_shisu_juni+pace_shisu_juni,da_tekisei_code,joken_class_code,ichi_shisu_juni,pace_shisu_juni,10,1271,86.61,9.23,80.88,True
KEIBAJO_SURFACE_06_ダ,uma_deokure_bin+ichi_shisu_juni+omo_tekisei_code+ten_shisu_juni,uma_deokure_bin,ichi_shisu_juni,omo_tekisei_code,ten_shisu_juni,4,525,87.42,6.79,80.76,True
KEIBAJO_SURFACE_06_ダ,da_tekisei_code+omo_tekisei_code+ten_shisu_juni+pace_shisu_juni,da_tekisei_code,omo_tekisei_code,ten_shisu_juni,pace_shisu_juni,8,1166,87.2,9.49,80.63,True
KEIBAJO_SURFACE_06_ダ,uma_deokure_bin+ichi_shisu_juni+omo_tekisei_code+pace_shisu_juni,uma_deokure_bin,ichi_shisu_juni,omo_tekisei_code,pace_shisu_juni,4,513,88.16,7.73,80.58,True
KEIBAJO_SURFACE_06_ダ,da_tekisei_code+ichi_shisu_juni+ten_shisu_juni+shiba_tekisei_code,da_tekisei_code,ichi_shisu_juni,ten_shisu_juni,shiba_tekisei_code,4,570,86.52,6.08,80.56,True
KEIBAJO_SURFACE_06_ダ,kyori_kubun+ls_shisu_juni+ten_shisu_juni+pace_shisu_juni,kyori_kubun,ls_shisu_juni,ten_shisu_juni,pace_shisu_juni,8,938,85.88,7.73,80.53,True
KEIBAJO_SURFACE_06_ダ,manken_shirushi+umakigo_code+kyori_tekisei_2+manken_shisu_decile,manken_shirushi,umakigo_code,kyori_tekisei_2,manken_shisu_decile,4,543,85.68,5.28,80.51,True
KEIBAJO_SURFACE_06_ダ,da_tekisei_code+uma_start_shisu_decile+ten_shisu_juni+pace_shisu_juni,da_tekisei_code,uma_start_shisu_decile,ten_shisu_juni,pace_shisu_juni,3,410,89.81,8.26,80.46,True
KEIBAJO_SURFACE_06_ダ,hizume_code+umakigo_code+ichi_shisu_juni+ten_shisu_juni,hizume_code,umakigo_code,ichi_shisu_juni,ten_shisu_juni,4,480,85.54,5.23,80.42,True
KEIBAJO_SURFACE_06_ダ,pace_yoso+uma_start_shisu_decile+ichi_shisu_juni+ten_shisu_juni,pace_yoso,uma_start_shisu_decile,ichi_shisu_juni,ten_shisu_juni,6,862,87.42,8.77,80.41,True
KEIBAJO_SURFACE_06_ダ,da_tekisei_code+kyakushitsu+manken_shisu_decile+ten_shisu_juni,da_tekisei_code,kyakushitsu,manken_shisu_decile,ten_shisu_juni,8,890,88.74,12.02,80.41,True
KEIBAJO_SURFACE_06_ダ,da_tekisei_code+umakigo_code+ten_shisu_juni+pace_shisu_juni,da_tekisei_code,umakigo_code,ten_shisu_juni,pace_shisu_juni,35,5269,83.61,9.67,80.41,True
KEIBAJO_SURFACE_06_ダ,uma_deokure_bin+da_tekisei_code+ichi_shisu_juni+manken_shisu_decile,uma_deokure_bin,da_tekisei_code,ichi_shisu_juni,manken_shisu_decile,6,721,88.69,10.46,80.32,True
KEIBAJO_SURFACE_06_ダ,kyori_kubun+ichi_shisu_juni+ls_shisu_juni+ten_shisu_juni,kyori_kubun,ichi_shisu_juni,ls_shisu_juni,ten_shisu_juni,4,430,83.7,3.53,80.24,True
KEIBAJO_SURFACE_06_ダ,da_tekisei_code+kyakushitsu+ichi_shisu_juni+ten_shisu_juni,da_tekisei_code,kyakushitsu,ichi_shisu_juni,ten_shisu_juni,11,1526,86.29,10.33,80.19,True
KEIBAJO_SURFACE_06_ダ,da_tekisei_code+umakigo_code+ichi_shisu_juni+ten_shisu_juni,da_tekisei_code,umakigo_code,ichi_shisu_juni,ten_shisu_juni,32,4673,83.99,11.34,80.06,True
KEIBAJO_SURFACE_06_ダ,umakigo_code+ichi_shisu_juni+omo_tekisei_code+ten_shisu_juni,umakigo_code,ichi_shisu_juni,omo_tekisei_code,ten_shisu_juni,18,2555,84.32,9.23,80.05,True
KEIBAJO_SURFACE_06_ダ,pace_yoso+uma_deokure_bin+ichi_shisu_juni+pace_shisu_juni,pace_yoso,uma_deokure_bin,ichi_shisu_juni,pace_shisu_juni,13,1842,84.49,8.6,79.82,False
KEIBAJO_SURFACE_06_ダ,uma_deokure_bin+da_tekisei_code+joken_class_code+bataiju,uma_deokure_bin,da_tekisei_code,joken_class_code,bataiju,3,306,89.26,8.36,79.8,False
KEIBAJO_SURFACE_06_ダ,pace_yoso+uma_deokure_bin+ichi_shisu_juni+ten_shisu_juni,pace_yoso,uma_deokure_bin,ichi_shisu_juni,ten_shisu_juni,12,1733,84.24,8.06,79.68,False
KEIBAJO_SURFACE_06_ダ,pace_yoso+ichi_shisu_juni+omo_tekisei_code+pace_shisu_juni,pace_yoso,ichi_shisu_juni,omo_tekisei_code,pace_shisu_juni,12,1675,82.88,5.71,79.65,False
KEIBAJO_SURFACE_06_ダ,manken_shirushi+kyori_kubun+umakigo_code+pace_shisu_juni,manken_shirushi,kyori_kubun,umakigo_code,pace_shisu_juni,28,3153,84.06,12.02,79.61,False
KEIBAJO_SURFACE_06_ダ,uma_deokure_bin+joken_class_code+ichi_shisu_juni+ten_shisu_juni,uma_deokure_bin,joken_class_code,ichi_shisu_juni,ten_shisu_juni,5,709,85.74,7.12,79.5,False
KEIBAJO_SURFACE_06_ダ,uma_deokure_bin+kyori_kubun+ichi_shisu_juni+ten_shisu_juni,uma_deokure_bin,kyori_kubun,ichi_shisu_juni,ten_shisu_juni,7,1001,85.23,7.78,79.46,False
KEIBAJO_SURFACE_06_ダ,pace_yoso+uma_deokure_bin+ten_shisu_juni+pace_shisu_juni,pace_yoso,uma_deokure_bin,ten_shisu_juni,pace_shisu_juni,13,1988,83.7,8.04,79.33,False
KEIBAJO_SURFACE_06_ダ,kyakushitsu+ten_shisu_juni+pace_shisu_juni+shiba_tekisei_code,kyakushitsu,ten_shisu_juni,pace_shisu_juni,shiba_tekisei_code,4,587,85.78,6.68,79.24,False
KEIBAJO_SURFACE_06_ダ,uma_deokure_bin+da_tekisei_code+ichi_shisu_juni+ten_shisu_juni,uma_deokure_bin,da_tekisei_code,ichi_shisu_juni,ten_shisu_juni,5,740,85.84,7.63,79.15,False
KEIBAJO_SURFACE_06_ダ,da_tekisei_code+ichi_shisu_juni+ten_shisu_juni+pace_shisu_juni,da_tekisei_code,ichi_shisu_juni,ten_shisu_juni,pace_shisu_juni,3,500,90.64,10.22,79.08,False
KEIBAJO_SURFACE_06_ダ,da_tekisei_code+umakigo_code+ichi_shisu_juni+pace_shisu_juni,da_tekisei_code,umakigo_code,ichi_shisu_juni,pace_shisu_juni,34,5000,81.98,8.95,78.97,False
KEIBAJO_SURFACE_06_ダ,da_tekisei_code+joken_class_code+manken_shisu_decile+ten_shisu_juni,da_tekisei_code,joken_class_code,manken_shisu_decile,ten_shisu_juni,8,830,88.49,13.78,78.94,False
KEIBAJO_SURFACE_06_ダ,uma_deokure_bin+kyakushitsu+ten_shisu_juni+pace_shisu_juni,uma_deokure_bin,kyakushitsu,ten_shisu_juni,pace_shisu_juni,8,1112,85.49,9.59,78.84,False
KEIBAJO_SURFACE_06_ダ,kyori_kubun+da_tekisei_code+ichi_shisu_juni+pace_shisu_juni,kyori_kubun,da_tekisei_code,ichi_shisu_juni,pace_shisu_juni,11,1467,85.72,11.65,78.84,False
KEIBAJO_SURFACE_06_ダ,pace_yoso+manken_shirushi+da_tekisei_code+pace_shisu_juni,pace_yoso,manken_shirushi,da_tekisei_code,pace_shisu_juni,11,1271,86.27,12.68,78.77,False
KEIBAJO_SURFACE_06_ダ,manken_shirushi+da_tekisei_code+ichi_shisu_juni+manken_shisu_decile,manken_shirushi,da_tekisei_code,ichi_shisu_juni,manken_shisu_decile,7,803,87.07,11.23,78.75,False
KEIBAJO_SURFACE_06_ダ,manken_shirushi+joken_class_code+umakigo_code+pace_shisu_juni,manken_shirushi,joken_class_code,umakigo_code,pace_shisu_juni,25,3070,82.91,10.7,78.71,False
KEIBAJO_SURFACE_06_ダ,umakigo_code+ichi_shisu_juni+manken_shisu_decile+ten_shisu_juni,umakigo_code,ichi_shisu_juni,manken_shisu_decile,ten_shisu_juni,9,1163,85.09,10.06,78.52,False
KEIBAJO_SURFACE_06_ダ,uma_deokure_bin+joken_class_code+ichi_shisu_juni+pace_shisu_juni,uma_deokure_bin,joken_class_code,ichi_shisu_juni,pace_shisu_juni,5,741,86.54,9.41,78.29,False
KEIBAJO_SURFACE_06_ダ,pace_yoso+da_tekisei_code+ichi_shisu_juni+ten_shisu_juni,pace_yoso,da_tekisei_code,ichi_shisu_juni,ten_shisu_juni,26,3625,82.77,12.04,78.14,False
KEIBAJO_SURFACE_06_ダ,manken_shirushi+umakigo_code+ichi_shisu_juni+pace_shisu_juni,manken_shirushi,umakigo_code,ichi_shisu_juni,pace_shisu_juni,6,712,85.39,9.1,78.1,False
KEIBAJO_SURFACE_06_ダ,hizume_code+umakigo_code+ten_shisu_juni+pace_shisu_juni,hizume_code,umakigo_code,ten_shisu_juni,pace_shisu_juni,4,575,88.81,10.97,78.05,False
KEIBAJO_SURFACE_06_ダ,da_tekisei_code+kyori_tekisei+ichi_shisu_juni+ten_shisu_juni,da_tekisei_code,kyori_tekisei,ichi_shisu_juni,ten_shisu_juni,10,1236,87.36,15.11,77.99,False
KEIBAJO_SURFACE_06_ダ,pace_yoso+ichi_shisu_juni+omo_tekisei_code+ten_shisu_juni,pace_yoso,ichi_shisu_juni,omo_tekisei_code,ten_shisu_juni,11,1555,84.61,11.26,77.96,False
KEIBAJO_SURFACE_06_ダ,umakigo_code+ichi_shisu_juni+omo_tekisei_code+pace_shisu_juni,umakigo_code,ichi_shisu_juni,omo_tekisei_code,pace_shisu_juni,22,2982,81.83,9.44,77.89,False
KEIBAJO_SURFACE_06_ダ,umakigo_code+ichi_shisu_juni+pace_shisu_juni+shiba_tekisei_code,umakigo_code,ichi_shisu_juni,pace_shisu_juni,shiba_tekisei_code,19,2622,82.33,10.04,77.82,False
KEIBAJO_SURFACE_06_ダ,kyakushitsu+umakigo_code+manken_shisu_decile+pace_shisu_juni,kyakushitsu,umakigo_code,manken_shisu_decile,pace_shisu_juni,25,3053,82.76,12.78,77.75,False
KEIBAJO_SURFACE_06_ダ,pace_yoso+da_tekisei_code+ten_shisu_juni+pace_shisu_juni,pace_yoso,da_tekisei_code,ten_shisu_juni,pace_shisu_juni,20,3247,82.14,10.02,77.75,False
KEIBAJO_SURFACE_06_ダ,ichi_shisu_juni+manken_shisu_decile+ten_shisu_juni+pace_shisu_juni,ichi_shisu_juni,manken_shisu_decile,ten_shisu_juni,pace_shisu_juni,5,691,83.07,6.07,77.74,False
KEIBAJO_SURFACE_06_ダ,manken_shirushi+umakigo_code+ten_shisu_juni+pace_shisu_juni,manken_shirushi,umakigo_code,ten_shisu_juni,pace_shisu_juni,6,723,86.38,10.81,77.73,False
KEIBAJO_SURFACE_06_ダ,da_tekisei_code+ichi_shisu_juni+omo_tekisei_code+pace_shisu_juni,da_tekisei_code,ichi_shisu_juni,omo_tekisei_code,pace_shisu_juni,6,799,86.99,11.59,77.72,False
KEIBAJO_SURFACE_06_ダ,kyori_kubun+da_tekisei_code+kyori_tekisei_2+ichi_shisu_juni,kyori_kubun,da_tekisei_code,kyori_tekisei_2,ichi_shisu_juni,4,477,81.57,3.94,77.72,False
KEIBAJO_SURFACE_06_ダ,manken_shirushi+uma_deokure_bin+omo_tekisei_code+ls_shisu_juni,manken_shirushi,uma_deokure_bin,omo_tekisei_code,ls_shisu_juni,4,415,86.51,9.01,77.68,False
KEIBAJO_SURFACE_06_ダ,da_tekisei_code+omo_tekisei_code+manken_shisu_decile+pace_shisu_juni,da_tekisei_code,omo_tekisei_code,manken_shisu_decile,pace_shisu_juni,8,860,85.86,11.86,77.64,False
KEIBAJO_SURFACE_06_ダ,manken_shirushi+uma_deokure_bin+umakigo_code+ichi_shisu_juni,manken_shirushi,uma_deokure_bin,umakigo_code,ichi_shisu_juni,12,1372,81.77,7.33,77.62,False
KEIBAJO_SURFACE_06_ダ,uma_deokure_bin+kyori_kubun+ten_shisu_juni+pace_shisu_juni,uma_deokure_bin,kyori_kubun,ten_shisu_juni,pace_shisu_juni,9,1317,84.87,11.14,77.6,False
KEIBAJO_SURFACE_06_ダ,manken_shirushi+da_tekisei_code+manken_shisu_decile+pace_shisu_juni,manken_shirushi,da_tekisei_code,manken_shisu_decile,pace_shisu_juni,6,684,88.17,13.43,77.43,False
KEIBAJO_SURFACE_06_ダ,uma_deokure_bin+umakigo_code+ten_shisu_juni+pace_shisu_juni,uma_deokure_bin,umakigo_code,ten_shisu_juni,pace_shisu_juni,21,3323,82.46,11.96,77.34,False
KEIBAJO_SURFACE_06_ダ,kyori_kubun+ichi_shisu_juni+ls_shisu_juni+pace_shisu_juni,kyori_kubun,ichi_shisu_juni,ls_shisu_juni,pace_shisu_juni,6,684,81.26,4.94,77.31,False
KEIBAJO_SURFACE_06_ダ,da_tekisei_code+kyakushitsu+ls_shisu_juni+pace_shisu_juni,da_tekisei_code,kyakushitsu,ls_shisu_juni,pace_shisu_juni,5,537,86.07,10.07,77.25,False
KEIBAJO_SURFACE_06_ダ,da_tekisei_code+kyori_tekisei+manken_shisu_decile+ten_shisu_juni,da_tekisei_code,kyori_tekisei,manken_shisu_decile,ten_shisu_juni,4,431,84.21,7.12,77.24,False
KEIBAJO_SURFACE_06_ダ,pace_yoso+manken_shirushi+da_tekisei_code+ichi_shisu_juni,pace_yoso,manken_shirushi,da_tekisei_code,ichi_shisu_juni,15,1645,81.31,8.07,77.22,False
KEIBAJO_SURFACE_06_ダ,pace_yoso+manken_shirushi+da_tekisei_code+ten_shisu_juni,pace_yoso,manken_shirushi,da_tekisei_code,ten_shisu_juni,7,816,86.16,12.08,77.2,False
KEIBAJO_SURFACE_06_ダ,manken_shirushi+kyori_kubun+umakigo_code+ten_shisu_juni,manken_shirushi,kyori_kubun,umakigo_code,ten_shisu_juni,22,2416,82.84,13.53,77.18,False
KEIBAJO_SURFACE_06_ダ,kyori_tekisei+uma_start_shisu_decile+kyori_tekisei_2+shiba_tekisei_code,kyori_tekisei,uma_start_shisu_decile,kyori_tekisei_2,shiba_tekisei_code,5,776,84.36,8.19,77.18,False
KEIBAJO_SURFACE_06_ダ,joken_class_code+ichi_shisu_juni+manken_shisu_decile+ten_shisu_juni,joken_class_code,ichi_shisu_juni,manken_shisu_decile,ten_shisu_juni,5,698,80.9,4.25,77.17,False
KEIBAJO_SURFACE_06_ダ,da_tekisei_code+kyakushitsu+ichi_shisu_juni+manken_shisu_decile,da_tekisei_code,kyakushitsu,ichi_shisu_juni,manken_shisu_decile,18,2213,81.89,10.26,77.15,False
KEIBAJO_SURFACE_06_ダ,kyori_kubun+da_tekisei_code+kyori_tekisei_2+pace_shisu_juni,kyori_kubun,da_tekisei_code,kyori_tekisei_2,pace_shisu_juni,5,591,82.83,6.58,77.06,False
KEIBAJO_SURFACE_06_ダ,kyori_tekisei+ichi_shisu_juni+manken_shisu_decile+ten_shisu_juni,kyori_tekisei,ichi_shisu_juni,manken_shisu_decile,ten_shisu_juni,5,663,81.45,5.02,77.04,False
KEIBAJO_SURFACE_06_ダ,da_tekisei_code+umakigo_code+manken_shisu_decile+ten_shisu_juni,da_tekisei_code,umakigo_code,manken_shisu_decile,ten_shisu_juni,63,9033,79.74,11.15,76.98,False
KEIBAJO_SURFACE_06_ダ,kyori_kubun+da_tekisei_code+uma_start_shisu_decile+kyori_tekisei_2,kyori_kubun,da_tekisei_code,uma_start_shisu_decile,kyori_tekisei_2,13,2228,82.69,10.51,76.98,False
KEIBAJO_SURFACE_06_ダ,joken_class_code+umakigo_code+ichi_shisu_juni+ten_shisu_juni,joken_class_code,umakigo_code,ichi_shisu_juni,ten_shisu_juni,26,5743,81.0,10.52,76.96,False
KEIBAJO_SURFACE_06_ダ,da_tekisei_code+ichi_shisu_juni+omo_tekisei_code+manken_shisu_decile,da_tekisei_code,ichi_shisu_juni,omo_tekisei_code,manken_shisu_decile,6,692,82.31,6.75,76.91,False
KEIBAJO_SURFACE_06_ダ,pace_yoso+da_tekisei_code+ichi_shisu_juni+pace_shisu_juni,pace_yoso,da_tekisei_code,ichi_shisu_juni,pace_shisu_juni,23,3458,80.46,8.71,76.9,False
KEIBAJO_SURFACE_06_ダ,da_tekisei_code+kyori_tekisei+ichi_shisu_juni+pace_shisu_juni,da_tekisei_code,kyori_tekisei,ichi_shisu_juni,pace_shisu_juni,6,852,85.94,11.3,76.9,False
KEIBAJO_SURFACE_06_ダ,hizume_code+kyori_kubun+joken_class_code+ten_shisu_juni,hizume_code,kyori_kubun,joken_class_code,ten_shisu_juni,11,1318,82.57,9.69,76.84,False
KEIBAJO_SURFACE_06_ダ,pace_yoso+ichi_shisu_juni+manken_shisu_decile+ten_shisu_juni,pace_yoso,ichi_shisu_juni,manken_shisu_decile,ten_shisu_juni,6,748,84.59,9.75,76.78,False
KEIBAJO_SURFACE_06_ダ,manken_shirushi+kyori_kubun+umakigo_code+ichi_shisu_juni,manken_shirushi,kyori_kubun,umakigo_code,ichi_shisu_juni,26,4200,80.63,10.01,76.78,False
KEIBAJO_SURFACE_06_ダ,pace_yoso+kyori_kubun+kyori_tekisei_2+ichi_shisu_juni,pace_yoso,kyori_kubun,kyori_tekisei_2,ichi_shisu_juni,9,1025,82.66,9.01,76.77,False
KEIBAJO_SURFACE_06_ダ,umakigo_code+omo_tekisei_code+manken_shisu_decile+ten_shisu_juni,umakigo_code,omo_tekisei_code,manken_shisu_decile,ten_shisu_juni,17,1873,83.88,14.99,76.76,False
KEIBAJO_SURFACE_06_ダ,uma_deokure_bin+umakigo_code+ichi_shisu_juni+pace_shisu_juni,uma_deokure_bin,umakigo_code,ichi_shisu_juni,pace_shisu_juni,24,3447,81.33,11.52,76.72,False
KEIBAJO_SURFACE_06_ダ,pace_yoso+manken_shisu_decile+ten_shisu_juni+pace_shisu_juni,pace_yoso,manken_shisu_decile,ten_shisu_juni,pace_shisu_juni,6,775,84.37,9.57,76.71,False
KEIBAJO_SURFACE_06_ダ,hizume_code+kyakushitsu+pace_shisu_juni+shiba_tekisei_code,hizume_code,kyakushitsu,pace_shisu_juni,shiba_tekisei_code,4,431,84.62,8.08,76.69,False
KEIBAJO_SURFACE_06_ダ,pace_yoso+ichi_shisu_juni+ten_shisu_juni+shiba_tekisei_code,pace_yoso,ichi_shisu_juni,ten_shisu_juni,shiba_tekisei_code,8,1198,82.16,8.0,76.61,False
KEIBAJO_SURFACE_06_ダ,uma_deokure_bin+kyori_kubun+kyori_tekisei_2+shiba_tekisei_code,uma_deokure_bin,kyori_kubun,kyori_tekisei_2,shiba_tekisei_code,6,1024,81.93,6.67,76.6,False
KEIBAJO_SURFACE_06_ダ,manken_shirushi+kyori_kubun+kyori_tekisei_2+manken_shisu_decile,manken_shirushi,kyori_kubun,kyori_tekisei_2,manken_shisu_decile,4,555,82.09,5.61,76.59,False
KEIBAJO_SURFACE_06_ダ,pace_yoso+joken_class_code+ten_shisu_juni+pace_shisu_juni,pace_yoso,joken_class_code,ten_shisu_juni,pace_shisu_juni,22,4461,79.9,8.05,76.54,False
KEIBAJO_SURFACE_06_ダ,da_tekisei_code+umakigo_code+bataiju+shiba_tekisei_code,da_tekisei_code,umakigo_code,bataiju,shiba_tekisei_code,31,4508,80.28,10.62,76.54,False
KEIBAJO_SURFACE_06_ダ,umakigo_code+ichi_shisu_juni+ten_shisu_juni+shiba_tekisei_code,umakigo_code,ichi_shisu_juni,ten_shisu_juni,shiba_tekisei_code,17,2384,82.6,12.79,76.51,False
KEIBAJO_SURFACE_06_ダ,hizume_code+manken_shirushi+da_tekisei_code+kyakushitsu,hizume_code,manken_shirushi,da_tekisei_code,kyakushitsu,5,650,82.22,6.56,76.47,False
KEIBAJO_SURFACE_06_ダ,umakigo_code+manken_shisu_decile+ten_shisu_juni+pace_shisu_juni,umakigo_code,manken_shisu_decile,ten_shisu_juni,pace_shisu_juni,11,1484,83.62,12.22,76.4,False
KEIBAJO_SURFACE_06_ダ,pace_yoso+kyakushitsu+manken_shisu_decile+ten_shisu_juni,pace_yoso,kyakushitsu,manken_shisu_decile,ten_shisu_juni,18,2147,82.01,12.18,76.39,False
KEIBAJO_SURFACE_06_ダ,umakigo_code+omo_tekisei_code+ten_shisu_juni+pace_shisu_juni,umakigo_code,omo_tekisei_code,ten_shisu_juni,pace_shisu_juni,26,3628,81.94,14.58,76.34,False
KEIBAJO_SURFACE_06_ダ,manken_shirushi+kyakushitsu+umakigo_code+pace_shisu_juni,manken_shirushi,kyakushitsu,umakigo_code,pace_shisu_juni,3,320,86.28,8.79,76.33,False
KEIBAJO_SURFACE_06_ダ,kyori_kubun+kyori_tekisei+kyori_tekisei_2+ichi_shisu_juni,kyori_kubun,kyori_tekisei,kyori_tekisei_2,ichi_shisu_juni,11,1300,81.24,8.42,76.26,False
KEIBAJO_SURFACE_06_ダ,pace_yoso+kyakushitsu+manken_shisu_decile+pace_shisu_juni,pace_yoso,kyakushitsu,manken_shisu_decile,pace_shisu_juni,17,2009,82.84,13.88,76.25,False
KEIBAJO_SURFACE_06_ダ,pace_yoso+manken_shirushi+umakigo_code+ten_shisu_juni,pace_yoso,manken_shirushi,umakigo_code,ten_shisu_juni,56,6617,79.66,13.26,76.19,False
KEIBAJO_SURFACE_06_ダ,da_tekisei_code+kyori_tekisei+umakigo_code+bataiju,da_tekisei_code,kyori_tekisei,umakigo_code,bataiju,70,9249,78.72,10.85,76.18,False
KEIBAJO_SURFACE_06_ダ,kyakushitsu+ichi_shisu_juni+omo_tekisei_code+pace_shisu_juni,kyakushitsu,ichi_shisu_juni,omo_tekisei_code,pace_shisu_juni,3,432,86.02,8.71,76.17,False
KEIBAJO_SURFACE_06_ダ,manken_shirushi+da_tekisei_code+kyakushitsu+omo_tekisei_code,manken_shirushi,da_tekisei_code,kyakushitsu,omo_tekisei_code,53,7316,79.16,11.18,76.15,False
KEIBAJO_SURFACE_06_ダ,joken_class_code+umakigo_code+ichi_shisu_juni+pace_shisu_juni,joken_class_code,umakigo_code,ichi_shisu_juni,pace_shisu_juni,28,6053,79.69,9.57,76.14,False
KEIBAJO_SURFACE_06_ダ,hizume_code+da_tekisei_code+kyakushitsu+ten_shisu_juni,hizume_code,da_tekisei_code,kyakushitsu,ten_shisu_juni,11,1320,81.58,9.23,76.12,False
KEIBAJO_SURFACE_06_ダ,manken_shirushi+kyori_kubun+uma_start_shisu_decile+manken_shisu_decile,manken_shirushi,kyori_kubun,uma_start_shisu_decile,manken_shisu_decile,8,1090,83.46,10.68,76.06,False
KEIBAJO_SURFACE_06_ダ,da_tekisei_code+umakigo_code+manken_shisu_decile+pace_shisu_juni,da_tekisei_code,umakigo_code,manken_shisu_decile,pace_shisu_juni,72,10288,78.73,11.73,76.03,False
KEIBAJO_SURFACE_06_ダ,manken_shirushi+joken_class_code+omo_tekisei_code+manken_shisu_decile,manken_shirushi,joken_class_code,omo_tekisei_code,manken_shisu_decile,49,7472,79.0,10.74,75.99,False
KEIBAJO_SURFACE_06_ダ,manken_shirushi+da_tekisei_code+kyori_tekisei+umakigo_code,manken_shirushi,da_tekisei_code,kyori_tekisei,umakigo_code,32,11875,78.44,7.16,75.96,False
KEIBAJO_SURFACE_06_ダ,hizume_code+uma_deokure_bin+kyori_kubun+kyori_tekisei_2,hizume_code,uma_deokure_bin,kyori_kubun,kyori_tekisei_2,4,549,79.31,3.42,75.95,False
KEIBAJO_SURFACE_06_ダ,hizume_code+manken_shirushi+da_tekisei_code+manken_shisu_decile,hizume_code,manken_shirushi,da_tekisei_code,manken_shisu_decile,14,2107,82.13,11.79,75.95,False
KEIBAJO_SURFACE_06_ダ,pace_yoso+kyakushitsu+ten_shisu_juni+pace_shisu_juni,pace_yoso,kyakushitsu,ten_shisu_juni,pace_shisu_juni,27,4777,79.93,10.58,75.94,False
KEIBAJO_SURFACE_06_ダ,manken_shirushi+kyori_tekisei+kyori_tekisei_2+manken_shisu_decile,manken_shirushi,kyori_tekisei,kyori_tekisei_2,manken_shisu_decile,4,569,81.41,5.59,75.93,False
KEIBAJO_SURFACE_06_ダ,manken_shirushi+kyori_kubun+da_tekisei_code+kyakushitsu,manken_shirushi,kyori_kubun,da_tekisei_code,kyakushitsu,71,10434,78.3,10.34,75.9,False
KEIBAJO_SURFACE_06_ダ,pace_yoso+kyori_kubun+ichi_shisu_juni+ten_shisu_juni,pace_yoso,kyori_kubun,ichi_shisu_juni,ten_shisu_juni,40,6128,78.82,9.44,75.89,False
KEIBAJO_SURFACE_06_ダ,kyori_kubun+kyakushitsu+ten_shisu_juni+pace_shisu_juni,kyori_kubun,kyakushitsu,ten_shisu_juni,pace_shisu_juni,19,2997,81.12,11.67,75.87,False
KEIBAJO_SURFACE_06_ダ,pace_yoso+manken_shirushi+da_tekisei_code+umakigo_code,pace_yoso,manken_shirushi,da_tekisei_code,umakigo_code,30,13038,78.9,8.51,75.85,False
KEIBAJO_SURFACE_06_ダ,kyori_kubun+da_tekisei_code+manken_shisu_decile+pace_shisu_juni,kyori_kubun,da_tekisei_code,manken_shisu_decile,pace_shisu_juni,21,2319,80.7,11.43,75.81,False
KEIBAJO_SURFACE_06_ダ,manken_shirushi+uma_deokure_bin+da_tekisei_code+manken_shisu_decile,manken_shirushi,uma_deokure_bin,da_tekisei_code,manken_shisu_decile,42,6505,78.9,10.21,75.81,False
KEIBAJO_SURFACE_06_ダ,manken_shirushi+umakigo_code+manken_shisu_decile+pace_shisu_juni,manken_shirushi,umakigo_code,manken_shisu_decile,pace_shisu_juni,9,1112,84.71,13.67,75.78,False
KEIBAJO_SURFACE_06_ダ,pace_yoso+kyori_kubun+ten_shisu_juni+pace_shisu_juni,pace_yoso,kyori_kubun,ten_shisu_juni,pace_shisu_juni,35,5674,79.64,11.68,75.77,False
KEIBAJO_SURFACE_06_ダ,hizume_code+da_tekisei_code+manken_shisu_decile+shiba_tekisei_code,hizume_code,da_tekisei_code,manken_shisu_decile,shiba_tekisei_code,25,3993,79.55,9.69,75.75,False
KEIBAJO_SURFACE_06_ダ,manken_shirushi+kyakushitsu+umakigo_code+omo_tekisei_code,manken_shirushi,kyakushitsu,umakigo_code,omo_tekisei_code,82,14970,77.7,9.04,75.75,False
KEIBAJO_SURFACE_06_ダ,manken_shirushi+kyori_kubun+kyori_tekisei_2+omo_tekisei_code,manken_shirushi,kyori_kubun,kyori_tekisei_2,omo_tekisei_code,3,338,78.09,2.1,75.71,False
KEIBAJO_SURFACE_06_ダ,kyori_kubun+da_tekisei_code+kyori_tekisei+bataiju,kyori_kubun,da_tekisei_code,kyori_tekisei,bataiju,37,4910,78.63,9.18,75.67,False
KEIBAJO_SURFACE_06_ダ,kyori_kubun+kyori_tekisei+kyori_tekisei_2+manken_shisu_decile,kyori_kubun,kyori_tekisei,kyori_tekisei_2,manken_shisu_decile,10,2541,78.93,5.26,75.67,False
KEIBAJO_SURFACE_06_ダ,kyakushitsu+umakigo_code+ten_shisu_juni+pace_shisu_juni,kyakushitsu,umakigo_code,ten_shisu_juni,pace_shisu_juni,33,5774,80.03,12.93,75.62,False
KEIBAJO_SURFACE_06_ダ,manken_shirushi+kyakushitsu+umakigo_code+ichi_shisu_juni,manken_shirushi,kyakushitsu,umakigo_code,ichi_shisu_juni,26,3688,80.13,11.74,75.62,False
KEIBAJO_SURFACE_06_ダ,umakigo_code+ichi_shisu_juni+omo_tekisei_code+manken_shisu_decile,umakigo_code,ichi_shisu_juni,omo_tekisei_code,manken_shisu_decile,39,4354,78.44,9.03,75.61,False
KEIBAJO_SURFACE_06_ダ,manken_shirushi+uma_deokure_bin+da_tekisei_code+kyakushitsu,manken_shirushi,uma_deokure_bin,da_tekisei_code,kyakushitsu,53,7737,78.76,11.69,75.61,False
KEIBAJO_SURFACE_06_ダ,kyakushitsu+ichi_shisu_juni+omo_tekisei_code+ten_shisu_juni,kyakushitsu,ichi_shisu_juni,omo_tekisei_code,ten_shisu_juni,3,496,84.88,8.23,75.57,False
KEIBAJO_SURFACE_06_ダ,uma_deokure_bin+da_tekisei_code+umakigo_code+bataiju,uma_deokure_bin,da_tekisei_code,umakigo_code,bataiju,39,4820,78.89,10.71,75.53,False
KEIBAJO_SURFACE_06_ダ,manken_shirushi+umakigo_code+omo_tekisei_code+manken_shisu_decile,manken_shirushi,umakigo_code,omo_tekisei_code,manken_shisu_decile,72,13198,77.63,9.22,75.5,False
KEIBAJO_SURFACE_06_ダ,kyakushitsu+umakigo_code+manken_shisu_decile+ten_shisu_juni,kyakushitsu,umakigo_code,manken_shisu_decile,ten_shisu_juni,31,3743,80.36,13.8,75.5,False
KEIBAJO_SURFACE_06_ダ,da_tekisei_code+umakigo_code+ichi_shisu_juni+manken_shisu_decile,da_tekisei_code,umakigo_code,ichi_shisu_juni,manken_shisu_decile,61,8833,77.84,9.36,75.49,False
KEIBAJO_SURFACE_06_ダ,pace_yoso+da_tekisei_code+uma_start_shisu_decile+umakigo_code,pace_yoso,da_tekisei_code,uma_start_shisu_decile,umakigo_code,41,21630,78.18,8.77,75.49,False
KEIBAJO_SURFACE_06_ダ,uma_deokure_bin+kyori_kubun+ls_shisu_juni+ten_shisu_juni,uma_deokure_bin,kyori_kubun,ls_shisu_juni,ten_shisu_juni,14,1546,82.27,12.94,75.49,False
KEIBAJO_SURFACE_06_ダ,kyori_kubun+umakigo_code+kyori_tekisei_2+manken_shisu_decile,kyori_kubun,umakigo_code,kyori_tekisei_2,manken_shisu_decile,10,2310,78.65,5.18,75.44,False
KEIBAJO_SURFACE_06_ダ,manken_shirushi+da_tekisei_code+joken_class_code+manken_shisu_decile,manken_shirushi,da_tekisei_code,joken_class_code,manken_shisu_decile,52,9705,78.3,10.61,75.42,False
KEIBAJO_SURFACE_06_ダ,pace_yoso+kyakushitsu+ichi_shisu_juni+pace_shisu_juni,pace_yoso,kyakushitsu,ichi_shisu_juni,pace_shisu_juni,33,6014,78.2,8.2,75.4,False
KEIBAJO_SURFACE_06_ダ,manken_shirushi+kyori_tekisei+umakigo_code+omo_tekisei_code,manken_shirushi,kyori_tekisei,umakigo_code,omo_tekisei_code,67,13637,77.79,10.14,75.36,False
KEIBAJO_SURFACE_06_ダ,kyori_kubun+da_tekisei_code+kyori_tekisei+uma_start_shisu_decile,kyori_kubun,da_tekisei_code,kyori_tekisei,uma_start_shisu_decile,51,19005,78.11,10.05,75.35,False
KEIBAJO_SURFACE_06_ダ,hizume_code+joken_class_code+kyakushitsu+ichi_shisu_juni,hizume_code,joken_class_code,kyakushitsu,ichi_shisu_juni,9,1183,79.79,6.81,75.34,False
KEIBAJO_SURFACE_06_ダ,manken_shirushi+kyori_kubun+da_tekisei_code+manken_shisu_decile,manken_shirushi,kyori_kubun,da_tekisei_code,manken_shisu_decile,48,8808,77.88,8.97,75.34,False
KEIBAJO_SURFACE_06_ダ,manken_shirushi+da_tekisei_code+omo_tekisei_code+manken_shisu_decile,manken_shirushi,da_tekisei_code,omo_tekisei_code,manken_shisu_decile,47,7945,78.39,10.71,75.33,False
KEIBAJO_SURFACE_06_ダ,kyori_kubun+umakigo_code+ichi_shisu_juni+manken_shisu_decile,kyori_kubun,umakigo_code,ichi_shisu_juni,manken_shisu_decile,89,12918,77.47,10.38,75.31,False
KEIBAJO_SURFACE_06_ダ,hizume_code+manken_shirushi+uma_deokure_bin+da_tekisei_code,hizume_code,manken_shirushi,uma_deokure_bin,da_tekisei_code,11,1353,79.4,6.92,75.31,False
KEIBAJO_SURFACE_06_ダ,uma_deokure_bin+da_tekisei_code+ls_shisu_juni+pace_shisu_juni,uma_deokure_bin,da_tekisei_code,ls_shisu_juni,pace_shisu_juni,8,851,82.75,10.82,75.25,False
KEIBAJO_SURFACE_06_ダ,kyori_kubun+uma_start_shisu_decile+ichi_shisu_juni+pace_shisu_juni,kyori_kubun,uma_start_shisu_decile,ichi_shisu_juni,pace_shisu_juni,3,392,91.01,13.92,75.25,False
KEIBAJO_SURFACE_06_ダ,manken_shirushi+da_tekisei_code+kyori_tekisei+omo_tekisei_code,manken_shirushi,da_tekisei_code,kyori_tekisei,omo_tekisei_code,60,10876,77.94,10.65,75.24,False
KEIBAJO_SURFACE_06_ダ,da_tekisei_code+ichi_shisu_juni+omo_tekisei_code+ten_shisu_juni,da_tekisei_code,ichi_shisu_juni,omo_tekisei_code,ten_shisu_juni,5,704,86.04,12.32,75.24,False
KEIBAJO_SURFACE_06_ダ,pace_yoso+kyakushitsu+ichi_shisu_juni+ten_shisu_juni,pace_yoso,kyakushitsu,ichi_shisu_juni,ten_shisu_juni,39,6727,78.68,11.04,75.22,False
KEIBAJO_SURFACE_06_ダ,pace_yoso+manken_shirushi+uma_deokure_bin+manken_shisu_decile,pace_yoso,manken_shirushi,uma_deokure_bin,manken_shisu_decile,48,7669,78.28,10.85,75.21,False
KEIBAJO_SURFACE_06_ダ,manken_shirushi+uma_deokure_bin+da_tekisei_code+umakigo_code,manken_shirushi,uma_deokure_bin,da_tekisei_code,umakigo_code,49,12672,77.48,8.12,75.21,False
KEIBAJO_SURFACE_06_ダ,da_tekisei_code+kyori_tekisei+uma_start_shisu_decile+umakigo_code,da_tekisei_code,kyori_tekisei,uma_start_shisu_decile,umakigo_code,39,18825,77.74,8.08,75.2,False
KEIBAJO_SURFACE_06_ダ,pace_yoso+uma_deokure_bin+da_tekisei_code+kyakushitsu,pace_yoso,uma_deokure_bin,da_tekisei_code,kyakushitsu,48,21512,77.05,6.61,75.18,False
KEIBAJO_SURFACE_06_ダ,manken_shirushi+uma_deokure_bin+da_tekisei_code+kyori_tekisei,manken_shirushi,uma_deokure_bin,da_tekisei_code,kyori_tekisei,48,8728,77.62,8.64,75.17,False
KEIBAJO_SURFACE_06_ダ,uma_start_shisu_decile+umakigo_code+ichi_shisu_juni+pace_shisu_juni,uma_start_shisu_decile,umakigo_code,ichi_shisu_juni,pace_shisu_juni,9,1270,82.03,10.53,75.16,False
KEIBAJO_SURFACE_06_ダ,da_tekisei_code+uma_start_shisu_decile+kyakushitsu+ten_shisu_juni,da_tekisei_code,uma_start_shisu_decile,kyakushitsu,ten_shisu_juni,23,3160,79.86,11.54,75.15,False
KEIBAJO_SURFACE_06_ダ,manken_shirushi+da_tekisei_code+joken_class_code+umakigo_code,manken_shirushi,da_tekisei_code,joken_class_code,umakigo_code,30,12023,78.57,9.56,75.15,False
KEIBAJO_SURFACE_06_ダ,manken_shirushi+kyori_kubun+da_tekisei_code+omo_tekisei_code,manken_shirushi,kyori_kubun,da_tekisei_code,omo_tekisei_code,72,12803,77.69,11.04,75.14,False
KEIBAJO_SURFACE_06_ダ,manken_shirushi+uma_deokure_bin+kyori_kubun+manken_shisu_decile,manken_shirushi,uma_deokure_bin,kyori_kubun,manken_shisu_decile,32,4718,78.39,9.43,75.12,False
KEIBAJO_SURFACE_06_ダ,da_tekisei_code+kyori_tekisei+kyakushitsu+pace_shisu_juni,da_tekisei_code,kyori_tekisei,kyakushitsu,pace_shisu_juni,74,11202,77.87,12.1,75.12,False
KEIBAJO_SURFACE_06_ダ,manken_shirushi+kyori_kubun+umakigo_code+omo_tekisei_code,manken_shirushi,kyori_kubun,umakigo_code,omo_tekisei_code,48,15282,77.09,6.98,75.12,False
KEIBAJO_SURFACE_06_ダ,manken_shirushi+da_tekisei_code+kyakushitsu+umakigo_code,manken_shirushi,da_tekisei_code,kyakushitsu,umakigo_code,56,13114,77.49,9.09,75.11,False
KEIBAJO_SURFACE_06_ダ,pace_yoso+manken_shirushi+omo_tekisei_code+manken_shisu_decile,pace_yoso,manken_shirushi,omo_tekisei_code,manken_shisu_decile,51,9063,78.01,10.57,75.11,False
KEIBAJO_SURFACE_06_ダ,manken_shirushi+kyori_kubun+da_tekisei_code+umakigo_code,manken_shirushi,kyori_kubun,da_tekisei_code,umakigo_code,32,12963,77.42,6.69,75.1,False
KEIBAJO_SURFACE_06_ダ,manken_shirushi+kyori_kubun+da_tekisei_code+kyori_tekisei,manken_shirushi,kyori_kubun,da_tekisei_code,kyori_tekisei,40,11660,77.33,7.24,75.09,False
KEIBAJO_SURFACE_06_ダ,hizume_code+kyori_kubun+kyori_tekisei+pace_shisu_juni,hizume_code,kyori_kubun,kyori_tekisei,pace_shisu_juni,14,1816,78.68,6.86,75.08,False
KEIBAJO_SURFACE_06_ダ,kyori_kubun+kyori_tekisei+ichi_shisu_juni+manken_shisu_decile,kyori_kubun,kyori_tekisei,ichi_shisu_juni,manken_shisu_decile,28,4838,78.74,9.9,75.08,False
KEIBAJO_SURFACE_06_ダ,manken_shirushi+uma_deokure_bin+kyori_kubun+umakigo_code,manken_shirushi,uma_deokure_bin,kyori_kubun,umakigo_code,32,12186,76.99,5.53,75.07,False
KEIBAJO_SURFACE_06_ダ,pace_yoso+manken_shirushi+umakigo_code+omo_tekisei_code,pace_yoso,manken_shirushi,umakigo_code,omo_tekisei_code,40,14850,77.55,8.0,75.07,False
KEIBAJO_SURFACE_06_ダ,hizume_code+uma_deokure_bin+omo_tekisei_code+ten_shisu_juni,hizume_code,uma_deokure_bin,omo_tekisei_code,ten_shisu_juni,3,358,78.81,3.36,75.01,False
KEIBAJO_SURFACE_06_ダ,manken_shirushi+da_tekisei_code+kyori_tekisei_2+manken_shisu_decile,manken_shirushi,da_tekisei_code,kyori_tekisei_2,manken_shisu_decile,3,401,80.3,4.73,74.95,False
KEIBAJO_SURFACE_06_ダ,manken_shirushi+kyori_kubun+joken_class_code+manken_shisu_decile,manken_shirushi,kyori_kubun,joken_class_code,manken_shisu_decile,63,9867,77.11,8.77,74.95,False
KEIBAJO_SURFACE_06_ダ,kyakushitsu+umakigo_code+ichi_shisu_juni+manken_shisu_decile,kyakushitsu,umakigo_code,ichi_shisu_juni,manken_shisu_decile,62,9553,77.3,9.5,74.94,False
KEIBAJO_SURFACE_06_ダ,pace_yoso+manken_shirushi+joken_class_code+manken_shisu_decile,pace_yoso,manken_shirushi,joken_class_code,manken_shisu_decile,72,12188,77.6,11.51,74.94,False
KEIBAJO_SURFACE_06_ダ,manken_shirushi+da_tekisei_code+kyori_tekisei+kyakushitsu,manken_shirushi,da_tekisei_code,kyori_tekisei,kyakushitsu,63,8969,77.73,11.34,74.93,False
KEIBAJO_SURFACE_06_ダ,hizume_code+uma_deokure_bin+kyori_tekisei+kyori_tekisei_2,hizume_code,uma_deokure_bin,kyori_tekisei,kyori_tekisei_2,6,841,77.68,3.43,74.93,False
KEIBAJO_SURFACE_06_ダ,kyori_kubun+umakigo_code+ichi_shisu_juni+ten_shisu_juni,kyori_kubun,umakigo_code,ichi_shisu_juni,ten_shisu_juni,50,8583,77.91,10.8,74.92,False
KEIBAJO_SURFACE_06_ダ,umakigo_code+manken_shisu_decile+pace_shisu_juni+shiba_tekisei_code,umakigo_code,manken_shisu_decile,pace_shisu_juni,shiba_tekisei_code,38,4437,78.12,10.19,74.88,False
KEIBAJO_SURFACE_06_ダ,da_tekisei_code+uma_start_shisu_decile+kyakushitsu+pace_shisu_juni,da_tekisei_code,uma_start_shisu_decile,kyakushitsu,pace_shisu_juni,19,2676,79.89,11.15,74.87,False
KEIBAJO_SURFACE_06_ダ,manken_shirushi+da_tekisei_code+umakigo_code+omo_tekisei_code,manken_shirushi,da_tekisei_code,umakigo_code,omo_tekisei_code,40,13183,77.44,8.3,74.87,False
KEIBAJO_SURFACE_06_ダ,pace_yoso+manken_shirushi+kyori_kubun+manken_shisu_decile,pace_yoso,manken_shirushi,kyori_kubun,manken_shisu_decile,60,11171,77.05,8.64,74.86,False
KEIBAJO_SURFACE_06_ダ,manken_shirushi+uma_deokure_bin+kyori_kubun+da_tekisei_code,manken_shirushi,uma_deokure_bin,kyori_kubun,da_tekisei_code,61,10643,77.32,9.85,74.85,False
KEIBAJO_SURFACE_06_ダ,manken_shirushi+uma_deokure_bin+uma_start_shisu_decile+umakigo_code,manken_shirushi,uma_deokure_bin,uma_start_shisu_decile,umakigo_code,52,9837,77.71,10.53,74.85,False
KEIBAJO_SURFACE_06_ダ,hizume_code+kyakushitsu+kyori_tekisei_2+omo_tekisei_code,hizume_code,kyakushitsu,kyori_tekisei_2,omo_tekisei_code,5,677,80.31,6.27,74.81,False
KEIBAJO_SURFACE_06_ダ,pace_yoso+joken_class_code+ichi_shisu_juni+ten_shisu_juni,pace_yoso,joken_class_code,ichi_shisu_juni,ten_shisu_juni,20,4285,78.42,8.25,74.81,False
KEIBAJO_SURFACE_06_ダ,pace_yoso+manken_shirushi+umakigo_code+pace_shisu_juni,pace_yoso,manken_shirushi,umakigo_code,pace_shisu_juni,63,7564,77.88,12.47,74.8,False
KEIBAJO_SURFACE_06_ダ,manken_shirushi+joken_class_code+kyakushitsu+manken_shisu_decile,manken_shirushi,joken_class_code,kyakushitsu,manken_shisu_decile,33,4136,78.47,10.77,74.8,False
KEIBAJO_SURFACE_06_ダ,manken_shirushi+uma_deokure_bin+umakigo_code+manken_shisu_decile,manken_shirushi,uma_deokure_bin,umakigo_code,manken_shisu_decile,64,11431,77.04,9.17,74.79,False
KEIBAJO_SURFACE_06_ダ,manken_shirushi+kyori_kubun+uma_start_shisu_decile+umakigo_code,manken_shirushi,kyori_kubun,uma_start_shisu_decile,umakigo_code,69,10872,77.8,12.76,74.79,False
KEIBAJO_SURFACE_06_ダ,uma_deokure_bin+kyori_kubun+da_tekisei_code+kyori_tekisei,uma_deokure_bin,kyori_kubun,da_tekisei_code,kyori_tekisei,36,20080,77.07,6.98,74.79,False
KEIBAJO_SURFACE_06_ダ,pace_yoso+manken_shirushi+manken_shisu_decile+pace_shisu_juni,pace_yoso,manken_shirushi,manken_shisu_decile,pace_shisu_juni,7,781,85.52,14.5,74.78,False
KEIBAJO_SURFACE_06_ダ,pace_yoso+kyori_kubun+da_tekisei_code+omo_tekisei_code,pace_yoso,kyori_kubun,da_tekisei_code,omo_tekisei_code,31,23117,77.19,6.83,74.78,False
KEIBAJO_SURFACE_06_ダ,manken_shirushi+kyori_kubun+kyori_tekisei+kyori_tekisei_2,manken_shirushi,kyori_kubun,kyori_tekisei,kyori_tekisei_2,14,1910,78.77,7.65,74.77,False
KEIBAJO_SURFACE_06_ダ,manken_shirushi+da_tekisei_code+uma_start_shisu_decile+umakigo_code,manken_shirushi,da_tekisei_code,uma_start_shisu_decile,umakigo_code,60,9526,77.83,12.16,74.75,False
KEIBAJO_SURFACE_06_ダ,pace_yoso+kyori_kubun+kyori_tekisei+bataiju,pace_yoso,kyori_kubun,kyori_tekisei,bataiju,47,6553,77.52,9.71,74.75,False
KEIBAJO_SURFACE_06_ダ,hizume_code+da_tekisei_code+kyakushitsu+ichi_shisu_juni,hizume_code,da_tekisei_code,kyakushitsu,ichi_shisu_juni,19,2441,80.3,12.35,74.74,False
KEIBAJO_SURFACE_06_ダ,da_tekisei_code+kyori_tekisei+uma_start_shisu_decile+omo_tekisei_code,da_tekisei_code,kyori_tekisei,uma_start_shisu_decile,omo_tekisei_code,70,18084,77.3,10.93,74.74,False
KEIBAJO_SURFACE_06_ダ,pace_yoso+manken_shirushi+da_tekisei_code+kyori_tekisei,pace_yoso,manken_shirushi,da_tekisei_code,kyori_tekisei,43,11528,77.5,9.26,74.74,False
KEIBAJO_SURFACE_06_ダ,kyori_kubun+da_tekisei_code+umakigo_code+bataiju,kyori_kubun,da_tekisei_code,umakigo_code,bataiju,83,11390,76.95,10.29,74.73,False
KEIBAJO_SURFACE_06_ダ,manken_shirushi+uma_deokure_bin+da_tekisei_code+joken_class_code,manken_shirushi,uma_deokure_bin,da_tekisei_code,joken_class_code,46,9272,78.12,11.73,74.73,False
KEIBAJO_SURFACE_06_ダ,hizume_code+manken_shirushi+kyori_kubun+da_tekisei_code,hizume_code,manken_shirushi,kyori_kubun,da_tekisei_code,20,2740,78.24,8.04,74.72,False
KEIBAJO_SURFACE_06_ダ,manken_shirushi+uma_start_shisu_decile+kyakushitsu+omo_tekisei_code,manken_shirushi,uma_start_shisu_decile,kyakushitsu,omo_tekisei_code,9,1067,80.36,8.66,74.71,False
KEIBAJO_SURFACE_06_ダ,hizume_code+pace_yoso+manken_shirushi+da_tekisei_code,hizume_code,pace_yoso,manken_shirushi,da_tekisei_code,27,4666,78.6,10.33,74.7,False
KEIBAJO_SURFACE_06_ダ,uma_deokure_bin+da_tekisei_code+kyori_tekisei+omo_tekisei_code,uma_deokure_bin,da_tekisei_code,kyori_tekisei,omo_tekisei_code,46,19163,77.18,8.62,74.69,False
KEIBAJO_SURFACE_06_ダ,uma_deokure_bin+da_tekisei_code+joken_class_code+uma_start_shisu_decile,uma_deokure_bin,da_tekisei_code,joken_class_code,uma_start_shisu_decile,54,16084,78.04,12.7,74.66,False
KEIBAJO_SURFACE_06_ダ,uma_deokure_bin+da_tekisei_code+umakigo_code+kyori_tekisei_2,uma_deokure_bin,da_tekisei_code,umakigo_code,kyori_tekisei_2,11,2930,80.06,9.19,74.63,False
KEIBAJO_SURFACE_06_ダ,da_tekisei_code+uma_start_shisu_decile+manken_shisu_decile+shiba_tekisei_code,da_tekisei_code,uma_start_shisu_decile,manken_shisu_decile,shiba_tekisei_code,28,4436,78.25,9.77,74.63,False
KEIBAJO_SURFACE_06_ダ,manken_shirushi+uma_deokure_bin+da_tekisei_code+omo_tekisei_code,manken_shirushi,uma_deokure_bin,da_tekisei_code,omo_tekisei_code,63,9711,77.42,11.36,74.62,False
KEIBAJO_SURFACE_06_ダ,manken_shirushi+uma_deokure_bin+umakigo_code+omo_tekisei_code,manken_shirushi,uma_deokure_bin,umakigo_code,omo_tekisei_code,50,12766,76.91,8.25,74.62,False
KEIBAJO_SURFACE_06_ダ,pace_yoso+kyori_kubun+ichi_shisu_juni+pace_shisu_juni,pace_yoso,kyori_kubun,ichi_shisu_juni,pace_shisu_juni,42,6386,77.87,10.79,74.61,False
KEIBAJO_SURFACE_06_ダ,pace_yoso+da_tekisei_code+kyakushitsu+umakigo_code,pace_yoso,da_tekisei_code,kyakushitsu,umakigo_code,31,22955,76.62,5.7,74.61,False
KEIBAJO_SURFACE_06_ダ,hizume_code+pace_yoso+da_tekisei_code+pace_shisu_juni,hizume_code,pace_yoso,da_tekisei_code,pace_shisu_juni,34,5577,77.76,9.39,74.6,False
KEIBAJO_SURFACE_06_ダ,da_tekisei_code+ichi_shisu_juni+pace_shisu_juni+shiba_tekisei_code,da_tekisei_code,ichi_shisu_juni,pace_shisu_juni,shiba_tekisei_code,5,677,83.7,10.4,74.58,False
KEIBAJO_SURFACE_06_ダ,uma_deokure_bin+da_tekisei_code+kyakushitsu+pace_shisu_juni,uma_deokure_bin,da_tekisei_code,kyakushitsu,pace_shisu_juni,71,10281,77.27,11.56,74.58,False
KEIBAJO_SURFACE_06_ダ,manken_shirushi+uma_deokure_bin+kyori_kubun+omo_tekisei_code,manken_shirushi,uma_deokure_bin,kyori_kubun,omo_tekisei_code,72,10894,77.12,11.01,74.58,False
KEIBAJO_SURFACE_06_ダ,uma_start_shisu_decile+umakigo_code+kyori_tekisei_2+omo_tekisei_code,uma_start_shisu_decile,umakigo_code,kyori_tekisei_2,omo_tekisei_code,13,1954,78.4,7.01,74.58,False
KEIBAJO_SURFACE_06_ダ,kyori_kubun+da_tekisei_code+uma_start_shisu_decile+ten_shisu_juni,kyori_kubun,da_tekisei_code,uma_start_shisu_decile,ten_shisu_juni,33,4406,79.21,13.62,74.56,False
KEIBAJO_SURFACE_06_ダ,pace_yoso+manken_shirushi+uma_deokure_bin+umakigo_code,pace_yoso,manken_shirushi,uma_deokure_bin,umakigo_code,52,14711,77.43,10.57,74.56,False
KEIBAJO_SURFACE_06_ダ,pace_yoso+manken_shirushi+kyori_kubun+da_tekisei_code,pace_yoso,manken_shirushi,kyori_kubun,da_tekisei_code,45,12278,77.55,10.25,74.56,False
KEIBAJO_SURFACE_06_ダ,manken_shirushi+kyori_kubun+da_tekisei_code+joken_class_code,manken_shirushi,kyori_kubun,da_tekisei_code,joken_class_code,55,11776,77.35,10.61,74.54,False
KEIBAJO_SURFACE_06_ダ,kyori_kubun+da_tekisei_code+uma_start_shisu_decile+manken_shisu_decile,kyori_kubun,da_tekisei_code,uma_start_shisu_decile,manken_shisu_decile,66,10688,76.8,9.42,74.53,False
KEIBAJO_SURFACE_06_ダ,pace_yoso+kyori_kubun+da_tekisei_code+bataiju,pace_yoso,kyori_kubun,da_tekisei_code,bataiju,53,7691,77.36,10.57,74.52,False
KEIBAJO_SURFACE_06_ダ,hizume_code+da_tekisei_code+umakigo_code+kyori_tekisei_2,hizume_code,da_tekisei_code,umakigo_code,kyori_tekisei_2,11,2140,78.15,6.15,74.52,False
KEIBAJO_SURFACE_06_ダ,da_tekisei_code+uma_start_shisu_decile+umakigo_code+ten_shisu_juni,da_tekisei_code,uma_start_shisu_decile,umakigo_code,ten_shisu_juni,73,11332,77.36,12.38,74.52,False
KEIBAJO_SURFACE_06_ダ,kyori_kubun+da_tekisei_code+uma_start_shisu_decile+kyakushitsu,kyori_kubun,da_tekisei_code,uma_start_shisu_decile,kyakushitsu,70,19041,76.81,9.79,74.51,False
KEIBAJO_SURFACE_06_ダ,uma_deokure_bin+da_tekisei_code+joken_class_code+manken_shisu_decile,uma_deokure_bin,da_tekisei_code,joken_class_code,manken_shisu_decile,60,14543,77.66,12.46,74.51,False
KEIBAJO_SURFACE_06_ダ,pace_yoso+da_tekisei_code+kyori_tekisei+umakigo_code,pace_yoso,da_tekisei_code,kyori_tekisei,umakigo_code,24,22029,76.6,5.28,74.49,False
KEIBAJO_SURFACE_06_ダ,pace_yoso+da_tekisei_code+kyori_tekisei+uma_start_shisu_decile,pace_yoso,da_tekisei_code,kyori_tekisei,uma_start_shisu_decile,48,18615,77.07,9.12,74.49,False
KEIBAJO_SURFACE_06_ダ,pace_yoso+manken_shirushi+kyori_kubun+umakigo_code,pace_yoso,manken_shirushi,kyori_kubun,umakigo_code,32,16436,76.72,6.48,74.48,False
KEIBAJO_SURFACE_06_ダ,pace_yoso+da_tekisei_code+bataiju+shiba_tekisei_code,pace_yoso,da_tekisei_code,bataiju,shiba_tekisei_code,27,3947,78.74,11.29,74.48,False
KEIBAJO_SURFACE_06_ダ,uma_deokure_bin+da_tekisei_code+kyori_tekisei+uma_start_shisu_decile,uma_deokure_bin,da_tekisei_code,kyori_tekisei,uma_start_shisu_decile,51,15282,77.37,10.59,74.46,False
KEIBAJO_SURFACE_06_ダ,kyori_kubun+joken_class_code+kyakushitsu+pace_shisu_juni,kyori_kubun,joken_class_code,kyakushitsu,pace_shisu_juni,93,13351,76.7,11.09,74.45,False
KEIBAJO_SURFACE_06_ダ,kyori_kubun+ichi_shisu_juni+omo_tekisei_code+ten_shisu_juni,kyori_kubun,ichi_shisu_juni,omo_tekisei_code,ten_shisu_juni,5,614,89.46,17.12,74.45,False
KEIBAJO_SURFACE_06_ダ,hizume_code+pace_yoso+manken_shirushi+umakigo_code,hizume_code,pace_yoso,manken_shirushi,umakigo_code,54,9903,77.48,11.36,74.45,False
KEIBAJO_SURFACE_06_ダ,joken_class_code+ichi_shisu_juni+manken_shisu_decile+pace_shisu_juni,joken_class_code,ichi_shisu_juni,manken_shisu_decile,pace_shisu_juni,6,854,79.3,6.06,74.45,False
KEIBAJO_SURFACE_06_ダ,kyori_kubun+da_tekisei_code+uma_start_shisu_decile+omo_tekisei_code,kyori_kubun,da_tekisei_code,uma_start_shisu_decile,omo_tekisei_code,77,20729,76.98,11.39,74.44,False
KEIBAJO_SURFACE_06_ダ,pace_yoso+uma_deokure_bin+joken_class_code+uma_start_shisu_decile,pace_yoso,uma_deokure_bin,joken_class_code,uma_start_shisu_decile,64,20024,77.18,11.19,74.44,False
KEIBAJO_SURFACE_06_ダ,kyori_kubun+da_tekisei_code+kyori_tekisei+umakigo_code,kyori_kubun,da_tekisei_code,kyori_tekisei,umakigo_code,23,21695,76.62,5.4,74.41,False
KEIBAJO_SURFACE_06_ダ,pace_yoso+kyori_tekisei+manken_shisu_decile+ten_shisu_juni,pace_yoso,kyori_tekisei,manken_shisu_decile,ten_shisu_juni,12,1454,79.77,9.46,74.41,False
KEIBAJO_SURFACE_06_ダ,kyakushitsu+umakigo_code+ichi_shisu_juni+pace_shisu_juni,kyakushitsu,umakigo_code,ichi_shisu_juni,pace_shisu_juni,38,7016,77.64,10.19,74.4,False
KEIBAJO_SURFACE_06_ダ,da_tekisei_code+kyakushitsu+pace_shisu_juni+shiba_tekisei_code,da_tekisei_code,kyakushitsu,pace_shisu_juni,shiba_tekisei_code,43,6278,77.84,11.56,74.39,False
KEIBAJO_SURFACE_06_ダ,hizume_code+da_tekisei_code+kyakushitsu+manken_shisu_decile,hizume_code,da_tekisei_code,kyakushitsu,manken_shisu_decile,33,4448,78.02,10.63,74.39,False
KEIBAJO_SURFACE_06_ダ,uma_deokure_bin+kyori_tekisei+kyori_tekisei_2+shiba_tekisei_code,uma_deokure_bin,kyori_tekisei,kyori_tekisei_2,shiba_tekisei_code,9,1524,78.72,6.63,74.39,False
KEIBAJO_SURFACE_06_ダ,da_tekisei_code+kyori_tekisei+kyakushitsu+omo_tekisei_code,da_tekisei_code,kyori_tekisei,kyakushitsu,omo_tekisei_code,48,19910,76.7,8.25,74.36,False
KEIBAJO_SURFACE_06_ダ,pace_yoso+uma_start_shisu_decile+umakigo_code+omo_tekisei_code,pace_yoso,uma_start_shisu_decile,umakigo_code,omo_tekisei_code,46,24554,76.97,9.05,74.36,False
KEIBAJO_SURFACE_06_ダ,manken_shirushi+uma_deokure_bin+kyori_tekisei+umakigo_code,manken_shirushi,uma_deokure_bin,kyori_tekisei,umakigo_code,56,11366,76.77,9.21,74.35,False
KEIBAJO_SURFACE_06_ダ,pace_yoso+manken_shirushi+umakigo_code+manken_shisu_decile,pace_yoso,manken_shirushi,umakigo_code,manken_shisu_decile,61,14834,76.93,10.36,74.33,False
KEIBAJO_SURFACE_06_ダ,manken_shirushi+da_tekisei_code+kyori_tekisei+manken_shisu_decile,manken_shirushi,da_tekisei_code,kyori_tekisei,manken_shisu_decile,46,8311,77.22,9.99,74.33,False
KEIBAJO_SURFACE_06_ダ,manken_shirushi+uma_deokure_bin+da_tekisei_code+ls_shisu_juni,manken_shirushi,uma_deokure_bin,da_tekisei_code,ls_shisu_juni,9,1069,81.43,10.89,74.32,False
KEIBAJO_SURFACE_06_ダ,hizume_code+kyori_kubun+da_tekisei_code+manken_shisu_decile,hizume_code,kyori_kubun,da_tekisei_code,manken_shisu_decile,52,8350,77.26,10.82,74.32,False
KEIBAJO_SURFACE_06_ダ,hizume_code+da_tekisei_code+kyori_tekisei+kyakushitsu,hizume_code,da_tekisei_code,kyori_tekisei,kyakushitsu,67,13595,76.58,9.43,74.32,False
KEIBAJO_SURFACE_06_ダ,da_tekisei_code+uma_start_shisu_decile+umakigo_code+manken_shisu_decile,da_tekisei_code,uma_start_shisu_decile,umakigo_code,manken_shisu_decile,78,16296,76.58,10.22,74.31,False
KEIBAJO_SURFACE_06_ダ,hizume_code+kyori_kubun+kyakushitsu+pace_shisu_juni,hizume_code,kyori_kubun,kyakushitsu,pace_shisu_juni,9,1129,80.87,10.07,74.3,False
KEIBAJO_SURFACE_06_ダ,pace_yoso+kyori_kubun+da_tekisei_code+kyakushitsu,pace_yoso,kyori_kubun,da_tekisei_code,kyakushitsu,42,23012,76.62,7.7,74.3,False
KEIBAJO_SURFACE_06_ダ,kyori_kubun+joken_class_code+ten_shisu_juni+pace_shisu_juni,kyori_kubun,joken_class_code,ten_shisu_juni,pace_shisu_juni,28,4855,78.67,11.8,74.3,False
KEIBAJO_SURFACE_06_ダ,umakigo_code+ichi_shisu_juni+manken_shisu_decile+shiba_tekisei_code,umakigo_code,ichi_shisu_juni,manken_shisu_decile,shiba_tekisei_code,45,5220,77.3,10.27,74.3,False
KEIBAJO_SURFACE_06_ダ,pace_yoso+uma_start_shisu_decile+kyakushitsu+umakigo_code,pace_yoso,uma_start_shisu_decile,kyakushitsu,umakigo_code,51,24337,76.56,8.23,74.3,False
KEIBAJO_SURFACE_06_ダ,da_tekisei_code+umakigo_code+bataiju+omo_tekisei_code,da_tekisei_code,umakigo_code,bataiju,omo_tekisei_code,57,7486,77.69,13.12,74.29,False
KEIBAJO_SURFACE_06_ダ,manken_shirushi+kyori_kubun+umakigo_code+manken_shisu_decile,manken_shirushi,kyori_kubun,umakigo_code,manken_shisu_decile,70,14655,76.26,8.45,74.28,False
KEIBAJO_SURFACE_06_ダ,pace_yoso+manken_shirushi+uma_deokure_bin+kyori_kubun,pace_yoso,manken_shirushi,uma_deokure_bin,kyori_kubun,46,11036,76.92,9.13,74.28,False
KEIBAJO_SURFACE_06_ダ,pace_yoso+kyori_kubun+uma_start_shisu_decile+umakigo_code,pace_yoso,kyori_kubun,uma_start_shisu_decile,umakigo_code,42,24970,76.79,8.32,74.27,False
KEIBAJO_SURFACE_06_ダ,pace_yoso+uma_deokure_bin+da_tekisei_code+uma_start_shisu_decile,pace_yoso,uma_deokure_bin,da_tekisei_code,uma_start_shisu_decile,60,19644,76.98,10.72,74.26,False
KEIBAJO_SURFACE_06_ダ,kyori_tekisei+umakigo_code+kyori_tekisei_2+manken_shisu_decile,kyori_tekisei,umakigo_code,kyori_tekisei_2,manken_shisu_decile,13,2919,77.11,5.25,74.25,False
KEIBAJO_SURFACE_06_ダ,umakigo_code+manken_shisu_decile+ten_shisu_juni+shiba_tekisei_code,umakigo_code,manken_shisu_decile,ten_shisu_juni,shiba_tekisei_code,34,3907,78.44,12.52,74.23,False
KEIBAJO_SURFACE_06_ダ,uma_deokure_bin+da_tekisei_code+uma_start_shisu_decile+umakigo_code,uma_deokure_bin,da_tekisei_code,uma_start_shisu_decile,umakigo_code,48,19524,76.87,9.32,74.23,False
KEIBAJO_SURFACE_06_ダ,manken_shirushi+uma_deokure_bin+kyakushitsu+umakigo_code,manken_shirushi,uma_deokure_bin,kyakushitsu,umakigo_code,48,11694,76.8,9.07,74.23,False
KEIBAJO_SURFACE_06_ダ,pace_yoso+kyori_kubun+da_tekisei_code+kyori_tekisei,pace_yoso,kyori_kubun,da_tekisei_code,kyori_tekisei,26,22052,76.65,6.37,74.21,False
KEIBAJO_SURFACE_06_ダ,pace_yoso+manken_shisu_decile+pace_shisu_juni+shiba_tekisei_code,pace_yoso,manken_shisu_decile,pace_shisu_juni,shiba_tekisei_code,18,1975,79.57,11.62,74.2,False
KEIBAJO_SURFACE_06_ダ,manken_shirushi+uma_deokure_bin+kyakushitsu+manken_shisu_decile,manken_shirushi,uma_deokure_bin,kyakushitsu,manken_shisu_decile,15,2271,78.59,8.67,74.2,False
KEIBAJO_SURFACE_06_ダ,pace_yoso+da_tekisei_code+kyori_tekisei+bataiju,pace_yoso,da_tekisei_code,kyori_tekisei,bataiju,44,5529,77.39,10.78,74.2,False
KEIBAJO_SURFACE_06_ダ,kyori_kubun+uma_start_shisu_decile+umakigo_code+kyori_tekisei_2,kyori_kubun,uma_start_shisu_decile,umakigo_code,kyori_tekisei_2,16,2726,79.55,10.93,74.19,False
KEIBAJO_SURFACE_06_ダ,kyori_kubun+da_tekisei_code+uma_start_shisu_decile+umakigo_code,kyori_kubun,da_tekisei_code,uma_start_shisu_decile,umakigo_code,38,20695,76.85,8.37,74.19,False
KEIBAJO_SURFACE_06_ダ,uma_deokure_bin+da_tekisei_code+kyakushitsu+ten_shisu_juni,uma_deokure_bin,da_tekisei_code,kyakushitsu,ten_shisu_juni,73,10802,76.9,11.84,74.19,False
KEIBAJO_SURFACE_06_ダ,hizume_code+kyori_kubun+da_tekisei_code+pace_shisu_juni,hizume_code,kyori_kubun,da_tekisei_code,pace_shisu_juni,23,2937,78.25,9.97,74.18,False
KEIBAJO_SURFACE_06_ダ,manken_shirushi+kyori_kubun+kyori_tekisei+omo_tekisei_code,manken_shirushi,kyori_kubun,kyori_tekisei,omo_tekisei_code,75,12899,76.61,10.75,74.18,False
KEIBAJO_SURFACE_06_ダ,kyori_kubun+umakigo_code+ichi_shisu_juni+pace_shisu_juni,kyori_kubun,umakigo_code,ichi_shisu_juni,pace_shisu_juni,52,8918,77.49,12.2,74.17,False
KEIBAJO_SURFACE_06_ダ,uma_start_shisu_decile+umakigo_code+ichi_shisu_juni+ten_shisu_juni,uma_start_shisu_decile,umakigo_code,ichi_shisu_juni,ten_shisu_juni,9,1293,83.02,13.57,74.16,False
KEIBAJO_SURFACE_06_ダ,uma_deokure_bin+umakigo_code+ichi_shisu_juni+ten_shisu_juni,uma_deokure_bin,umakigo_code,ichi_shisu_juni,ten_shisu_juni,24,3400,78.62,11.16,74.16,False
KEIBAJO_SURFACE_06_ダ,pace_yoso+manken_shirushi+kyori_tekisei+umakigo_code,pace_yoso,manken_shirushi,kyori_tekisei,umakigo_code,44,15293,76.76,8.83,74.15,False
KEIBAJO_SURFACE_06_ダ,kyakushitsu+ichi_shisu_juni+manken_shisu_decile+ten_shisu_juni,kyakushitsu,ichi_shisu_juni,manken_shisu_decile,ten_shisu_juni,4,527,79.94,5.92,74.14,False
KEIBAJO_SURFACE_06_ダ,pace_yoso+ls_shisu_juni+ten_shisu_juni+pace_shisu_juni,pace_yoso,ls_shisu_juni,ten_shisu_juni,pace_shisu_juni,9,1193,84.45,15.79,74.14,False
KEIBAJO_SURFACE_06_ダ,hizume_code+kyori_kubun+da_tekisei_code+umakigo_code,hizume_code,kyori_kubun,da_tekisei_code,umakigo_code,42,18945,76.21,6.88,74.13,False
KEIBAJO_SURFACE_06_ダ,hizume_code+da_tekisei_code+umakigo_code+manken_shisu_decile,hizume_code,da_tekisei_code,umakigo_code,manken_shisu_decile,66,13363,76.71,10.71,74.12,False
KEIBAJO_SURFACE_06_ダ,hizume_code+manken_shirushi+da_tekisei_code+umakigo_code,hizume_code,manken_shirushi,da_tekisei_code,umakigo_code,42,7009,77.81,12.26,74.11,False
KEIBAJO_SURFACE_06_ダ,da_tekisei_code+kyori_tekisei+uma_start_shisu_decile+kyakushitsu,da_tekisei_code,kyori_tekisei,uma_start_shisu_decile,kyakushitsu,67,16870,76.52,10.04,74.11,False
KEIBAJO_SURFACE_06_ダ,uma_start_shisu_decile+umakigo_code+ichi_shisu_juni+manken_shisu_decile,uma_start_shisu_decile,umakigo_code,ichi_shisu_juni,manken_shisu_decile,4,431,79.67,5.67,74.11,False
KEIBAJO_SURFACE_06_ダ,hizume_code+manken_shirushi+kyori_kubun+joken_class_code,hizume_code,manken_shirushi,kyori_kubun,joken_class_code,17,2037,78.77,9.82,74.11,False
KEIBAJO_SURFACE_06_ダ,uma_deokure_bin+da_tekisei_code+uma_start_shisu_decile+kyakushitsu,uma_deokure_bin,da_tekisei_code,uma_start_shisu_decile,kyakushitsu,51,15348,76.76,9.71,74.1,False
KEIBAJO_SURFACE_06_ダ,uma_deokure_bin+kyori_kubun+da_tekisei_code+omo_tekisei_code,uma_deokure_bin,kyori_kubun,da_tekisei_code,omo_tekisei_code,43,21010,76.5,8.02,74.1,False
KEIBAJO_SURFACE_06_ダ,hizume_code+manken_shirushi+uma_deokure_bin+manken_shisu_decile,hizume_code,manken_shirushi,uma_deokure_bin,manken_shisu_decile,4,557,77.91,3.9,74.09,False
KEIBAJO_SURFACE_06_ダ,manken_shirushi+joken_class_code+umakigo_code+manken_shisu_decile,manken_shirushi,joken_class_code,umakigo_code,manken_shisu_decile,63,13940,76.45,9.58,74.09,False
KEIBAJO_SURFACE_06_ダ,uma_deokure_bin+kyori_tekisei_2+omo_tekisei_code+shiba_tekisei_code,uma_deokure_bin,kyori_tekisei_2,omo_tekisei_code,shiba_tekisei_code,4,646,80.71,6.77,74.08,False
KEIBAJO_SURFACE_06_ダ,manken_shirushi+uma_deokure_bin+joken_class_code+manken_shisu_decile,manken_shirushi,uma_deokure_bin,joken_class_code,manken_shisu_decile,43,6738,77.73,12.2,74.08,False
KEIBAJO_SURFACE_06_ダ,da_tekisei_code+kyori_tekisei+kyakushitsu+ten_shisu_juni,da_tekisei_code,kyori_tekisei,kyakushitsu,ten_shisu_juni,83,12276,76.96,13.42,74.07,False
KEIBAJO_SURFACE_06_ダ,hizume_code+uma_deokure_bin+umakigo_code+kyori_tekisei_2,hizume_code,uma_deokure_bin,umakigo_code,kyori_tekisei_2,6,813,78.1,5.05,74.07,False
KEIBAJO_SURFACE_06_ダ,kyori_kubun+umakigo_code+kyori_tekisei_2+ichi_shisu_juni,kyori_kubun,umakigo_code,kyori_tekisei_2,ichi_shisu_juni,7,838,80.85,9.15,74.07,False
KEIBAJO_SURFACE_06_ダ,da_tekisei_code+joken_class_code+kyakushitsu+ten_shisu_juni,da_tekisei_code,joken_class_code,kyakushitsu,ten_shisu_juni,85,12782,76.65,12.16,74.06,False
KEIBAJO_SURFACE_06_ダ,manken_shirushi+kyori_kubun+kyakushitsu+omo_tekisei_code,manken_shirushi,kyori_kubun,kyakushitsu,omo_tekisei_code,68,8438,76.92,12.03,74.06,False
KEIBAJO_SURFACE_06_ダ,manken_shirushi+da_tekisei_code+kyori_tekisei+shiba_tekisei_code,manken_shirushi,da_tekisei_code,kyori_tekisei,shiba_tekisei_code,25,5309,77.99,10.04,74.05,False
KEIBAJO_SURFACE_06_ダ,da_tekisei_code+joken_class_code+manken_shisu_decile+pace_shisu_juni,da_tekisei_code,joken_class_code,manken_shisu_decile,pace_shisu_juni,15,1587,81.93,15.62,74.03,False
KEIBAJO_SURFACE_06_ダ,manken_shirushi+kyori_kubun+da_tekisei_code+uma_start_shisu_decile,manken_shirushi,kyori_kubun,da_tekisei_code,uma_start_shisu_decile,27,3403,78.35,11.48,74.02,False
KEIBAJO_SURFACE_06_ダ,manken_shirushi+da_tekisei_code+umakigo_code+manken_shisu_decile,manken_shirushi,da_tekisei_code,umakigo_code,manken_shisu_decile,46,11794,76.67,9.17,74.02,False
KEIBAJO_SURFACE_06_ダ,uma_deokure_bin+kyori_kubun+da_tekisei_code+ichi_shisu_juni,uma_deokure_bin,kyori_kubun,da_tekisei_code,ichi_shisu_juni,90,14623,76.27,10.88,74.02,False
KEIBAJO_SURFACE_06_ダ,joken_class_code+uma_start_shisu_decile+umakigo_code+manken_shisu_decile,joken_class_code,uma_start_shisu_decile,umakigo_code,manken_shisu_decile,75,13542,76.69,11.8,74.02,False
KEIBAJO_SURFACE_06_ダ,manken_shirushi+kyori_kubun+umakigo_code+shiba_tekisei_code,manken_shirushi,kyori_kubun,umakigo_code,shiba_tekisei_code,21,7855,77.12,7.24,74.02,False
KEIBAJO_SURFACE_06_ダ,uma_deokure_bin+da_tekisei_code+kyori_tekisei+manken_shisu_decile,uma_deokure_bin,da_tekisei_code,kyori_tekisei,manken_shisu_decile,57,14022,76.41,9.25,74.01,False
KEIBAJO_SURFACE_06_ダ,pace_yoso+uma_deokure_bin+uma_start_shisu_decile+kyakushitsu,pace_yoso,uma_deokure_bin,uma_start_shisu_decile,kyakushitsu,67,20612,76.31,9.65,74.0,False
KEIBAJO_SURFACE_06_ダ,pace_yoso+manken_shirushi+kyori_kubun+omo_tekisei_code,pace_yoso,manken_shirushi,kyori_kubun,omo_tekisei_code,60,13816,76.48,9.78,74.0,False
KEIBAJO_SURFACE_06_ダ,kyori_kubun+kyori_tekisei+uma_start_shisu_decile+umakigo_code,kyori_kubun,kyori_tekisei,uma_start_shisu_decile,umakigo_code,50,22871,76.53,9.14,74.0,False
KEIBAJO_SURFACE_06_ダ,pace_yoso+omo_tekisei_code+manken_shisu_decile+pace_shisu_juni,pace_yoso,omo_tekisei_code,manken_shisu_decile,pace_shisu_juni,15,1659,80.81,13.47,74.0,False
KEIBAJO_SURFACE_06_ダ,hizume_code+kyakushitsu+ten_shisu_juni+shiba_tekisei_code,hizume_code,kyakushitsu,ten_shisu_juni,shiba_tekisei_code,4,472,78.71,4.82,73.98,False
KEIBAJO_SURFACE_06_ダ,hizume_code+uma_deokure_bin+da_tekisei_code+umakigo_code,hizume_code,uma_deokure_bin,da_tekisei_code,umakigo_code,49,17272,76.22,8.0,73.98,False
KEIBAJO_SURFACE_06_ダ,da_tekisei_code+kyakushitsu+umakigo_code+bataiju,da_tekisei_code,kyakushitsu,umakigo_code,bataiju,35,3995,77.94,11.97,73.98,False
KEIBAJO_SURFACE_06_ダ,kyori_kubun+da_tekisei_code+kyori_tekisei_2+manken_shisu_decile,kyori_kubun,da_tekisei_code,kyori_tekisei_2,manken_shisu_decile,10,2113,79.54,9.0,73.97,False
KEIBAJO_SURFACE_06_ダ,kyori_kubun+kyori_tekisei+kyori_tekisei_2+omo_tekisei_code,kyori_kubun,kyori_tekisei,kyori_tekisei_2,omo_tekisei_code,9,3552,78.17,6.44,73.97,False
KEIBAJO_SURFACE_06_ダ,pace_yoso+kyori_kubun+ichi_shisu_juni+manken_shisu_decile,pace_yoso,kyori_kubun,ichi_shisu_juni,manken_shisu_decile,54,7549,77.13,11.88,73.96,False
KEIBAJO_SURFACE_06_ダ,hizume_code+omo_tekisei_code+ls_shisu_juni+manken_shisu_decile,hizume_code,omo_tekisei_code,ls_shisu_juni,manken_shisu_decile,3,321,76.33,2.09,73.96,False
KEIBAJO_SURFACE_06_ダ,uma_deokure_bin+da_tekisei_code+uma_start_shisu_decile+manken_shisu_decile,uma_deokure_bin,da_tekisei_code,uma_start_shisu_decile,manken_shisu_decile,53,9348,76.55,9.64,73.95,False
KEIBAJO_SURFACE_06_ダ,pace_yoso+da_tekisei_code+kyakushitsu+omo_tekisei_code,pace_yoso,da_tekisei_code,kyakushitsu,omo_tekisei_code,43,22457,76.32,7.95,73.94,False
KEIBAJO_SURFACE_06_ダ,pace_yoso+kyori_kubun+manken_shisu_decile+pace_shisu_juni,pace_yoso,kyori_kubun,manken_shisu_decile,pace_shisu_juni,43,4829,77.56,12.14,73.93,False
KEIBAJO_SURFACE_06_ダ,uma_deokure_bin+da_tekisei_code+uma_start_shisu_decile+omo_tekisei_code,uma_deokure_bin,da_tekisei_code,uma_start_shisu_decile,omo_tekisei_code,56,16628,76.42,9.5,73.93,False
KEIBAJO_SURFACE_06_ダ,uma_deokure_bin+da_tekisei_code+kyori_tekisei+ichi_shisu_juni,uma_deokure_bin,da_tekisei_code,kyori_tekisei,ichi_shisu_juni,69,11571,76.39,10.43,73.93,False
KEIBAJO_SURFACE_06_ダ,pace_yoso+manken_shirushi+joken_class_code+kyakushitsu,pace_yoso,manken_shirushi,joken_class_code,kyakushitsu,70,10883,76.48,10.95,73.92,False
KEIBAJO_SURFACE_06_ダ,da_tekisei_code+kyori_tekisei+kyori_tekisei_2+manken_shisu_decile,da_tekisei_code,kyori_tekisei,kyori_tekisei_2,manken_shisu_decile,12,2563,78.46,8.03,73.92,False
KEIBAJO_SURFACE_06_ダ,umakigo_code+ichi_shisu_juni+manken_shisu_decile+pace_shisu_juni,umakigo_code,ichi_shisu_juni,manken_shisu_decile,pace_shisu_juni,8,1121,82.45,12.31,73.92,False
KEIBAJO_SURFACE_06_ダ,pace_yoso+kyori_tekisei+umakigo_code+omo_tekisei_code,pace_yoso,kyori_tekisei,umakigo_code,omo_tekisei_code,35,25154,76.44,7.61,73.92,False
KEIBAJO_SURFACE_06_ダ,uma_deokure_bin+da_tekisei_code+kyori_tekisei+ten_shisu_juni,uma_deokure_bin,da_tekisei_code,kyori_tekisei,ten_shisu_juni,77,11972,76.82,13.04,73.91,False
KEIBAJO_SURFACE_06_ダ,pace_yoso+manken_shirushi+umakigo_code+ichi_shisu_juni,pace_yoso,manken_shirushi,umakigo_code,ichi_shisu_juni,64,8885,76.8,11.82,73.91,False
KEIBAJO_SURFACE_06_ダ,pace_yoso+kyori_kubun+da_tekisei_code+umakigo_code,pace_yoso,kyori_kubun,da_tekisei_code,umakigo_code,19,22909,76.19,5.07,73.91,False
KEIBAJO_SURFACE_06_ダ,pace_yoso+kyori_kubun+manken_shisu_decile+ten_shisu_juni,pace_yoso,kyori_kubun,manken_shisu_decile,ten_shisu_juni,37,4074,77.79,12.08,73.9,False
KEIBAJO_SURFACE_06_ダ,kyori_kubun+da_tekisei_code+kyakushitsu+manken_shisu_decile,kyori_kubun,da_tekisei_code,kyakushitsu,manken_shisu_decile,81,17401,76.11,10.15,73.9,False
KEIBAJO_SURFACE_06_ダ,manken_shirushi+da_tekisei_code+joken_class_code+omo_tekisei_code,manken_shirushi,da_tekisei_code,joken_class_code,omo_tekisei_code,53,10952,76.6,10.05,73.89,False
KEIBAJO_SURFACE_06_ダ,hizume_code+pace_yoso+da_tekisei_code+umakigo_code,hizume_code,pace_yoso,da_tekisei_code,umakigo_code,46,20042,76.61,9.42,73.89,False
KEIBAJO_SURFACE_06_ダ,kyori_tekisei+uma_start_shisu_decile+kyori_tekisei_2+omo_tekisei_code,kyori_tekisei,uma_start_shisu_decile,kyori_tekisei_2,omo_tekisei_code,14,2164,78.28,8.4,73.88,False
KEIBAJO_SURFACE_06_ダ,manken_shirushi+kyori_kubun+kyori_tekisei+umakigo_code,manken_shirushi,kyori_kubun,kyori_tekisei,umakigo_code,40,15646,75.99,6.82,73.88,False
KEIBAJO_SURFACE_06_ダ,da_tekisei_code+uma_start_shisu_decile+kyakushitsu+omo_tekisei_code,da_tekisei_code,uma_start_shisu_decile,kyakushitsu,omo_tekisei_code,82,18729,76.09,10.18,73.88,False
KEIBAJO_SURFACE_06_ダ,hizume_code+da_tekisei_code+joken_class_code+umakigo_code,hizume_code,da_tekisei_code,joken_class_code,umakigo_code,47,18083,77.0,10.92,73.88,False
KEIBAJO_SURFACE_06_ダ,da_tekisei_code+kyori_tekisei+omo_tekisei_code+ls_shisu_juni,da_tekisei_code,kyori_tekisei,omo_tekisei_code,ls_shisu_juni,69,18248,76.28,10.15,73.88,False
KEIBAJO_SURFACE_06_ダ,pace_yoso+kyori_kubun+da_tekisei_code+uma_start_shisu_decile,pace_yoso,kyori_kubun,da_tekisei_code,uma_start_shisu_decile,55,20959,76.15,8.62,73.87,False
KEIBAJO_SURFACE_06_ダ,pace_yoso+uma_deokure_bin+kyori_kubun+da_tekisei_code,pace_yoso,uma_deokure_bin,kyori_kubun,da_tekisei_code,40,22481,76.86,9.69,73.86,False
KEIBAJO_SURFACE_06_ダ,pace_yoso+manken_shirushi+uma_start_shisu_decile+umakigo_code,pace_yoso,manken_shirushi,uma_start_shisu_decile,umakigo_code,68,12572,76.6,11.64,73.84,False
KEIBAJO_SURFACE_06_ダ,pace_yoso+kyori_kubun+kyori_tekisei_2+manken_shisu_decile,pace_yoso,kyori_kubun,kyori_tekisei_2,manken_shisu_decile,10,2355,77.93,6.61,73.84,False
KEIBAJO_SURFACE_06_ダ,kyori_kubun+da_tekisei_code+kyakushitsu+ten_shisu_juni,kyori_kubun,da_tekisei_code,kyakushitsu,ten_shisu_juni,100,15184,76.24,12.33,73.82,False
KEIBAJO_SURFACE_06_ダ,hizume_code+kyori_kubun+da_tekisei_code+kyakushitsu,hizume_code,kyori_kubun,da_tekisei_code,kyakushitsu,73,15577,75.88,8.94,73.82,False
KEIBAJO_SURFACE_06_ダ,umakigo_code+omo_tekisei_code+manken_shisu_decile+pace_shisu_juni,umakigo_code,omo_tekisei_code,manken_shisu_decile,pace_shisu_juni,25,2737,78.99,13.23,73.81,False
KEIBAJO_SURFACE_06_ダ,uma_deokure_bin+kyakushitsu+ichi_shisu_juni+ten_shisu_juni,uma_deokure_bin,kyakushitsu,ichi_shisu_juni,ten_shisu_juni,8,1156,80.91,10.25,73.81,False
KEIBAJO_SURFACE_06_ダ,kyori_kubun+kyori_tekisei+manken_shisu_decile+ten_shisu_juni,kyori_kubun,kyori_tekisei,manken_shisu_decile,ten_shisu_juni,18,1949,79.43,12.2,73.79,False
KEIBAJO_SURFACE_06_ダ,manken_shirushi+kyori_kubun+joken_class_code+omo_tekisei_code,manken_shirushi,kyori_kubun,joken_class_code,omo_tekisei_code,59,10183,76.58,10.91,73.79,False
KEIBAJO_SURFACE_06_ダ,pace_yoso+da_tekisei_code+umakigo_code+omo_tekisei_code,pace_yoso,da_tekisei_code,umakigo_code,omo_tekisei_code,22,22853,76.77,7.13,73.79,False
KEIBAJO_SURFACE_06_ダ,hizume_code+da_tekisei_code+ten_shisu_juni+shiba_tekisei_code,hizume_code,da_tekisei_code,ten_shisu_juni,shiba_tekisei_code,13,1497,79.6,10.68,73.79,False
KEIBAJO_SURFACE_06_ダ,uma_deokure_bin+joken_class_code+kyakushitsu+pace_shisu_juni,uma_deokure_bin,joken_class_code,kyakushitsu,pace_shisu_juni,66,9252,76.98,13.21,73.79,False
KEIBAJO_SURFACE_06_ダ,hizume_code+uma_deokure_bin+uma_start_shisu_decile+pace_shisu_juni,hizume_code,uma_deokure_bin,uma_start_shisu_decile,pace_shisu_juni,4,454,80.19,6.55,73.78,False
KEIBAJO_SURFACE_06_ダ,joken_class_code+manken_shisu_decile+ten_shisu_juni+pace_shisu_juni,joken_class_code,manken_shisu_decile,ten_shisu_juni,pace_shisu_juni,8,1055,81.57,11.24,73.78,False
KEIBAJO_SURFACE_06_ダ,manken_shirushi+uma_deokure_bin+kyori_kubun+kyori_tekisei,manken_shirushi,uma_deokure_bin,kyori_kubun,kyori_tekisei,61,10403,76.21,9.74,73.77,False
KEIBAJO_SURFACE_06_ダ,kyori_tekisei+uma_start_shisu_decile+kyakushitsu+pace_shisu_juni,kyori_tekisei,uma_start_shisu_decile,kyakushitsu,pace_shisu_juni,11,1231,79.34,9.42,73.77,False
KEIBAJO_SURFACE_06_ダ,da_tekisei_code+uma_start_shisu_decile+umakigo_code+omo_tekisei_code,da_tekisei_code,uma_start_shisu_decile,umakigo_code,omo_tekisei_code,45,20705,76.45,9.21,73.76,False
KEIBAJO_SURFACE_06_ダ,hizume_code+kyori_kubun+umakigo_code+kyori_tekisei_2,hizume_code,kyori_kubun,umakigo_code,kyori_tekisei_2,11,2116,78.57,8.15,73.75,False
KEIBAJO_SURFACE_06_ダ,kyori_kubun+kyori_tekisei+manken_shisu_decile+pace_shisu_juni,kyori_kubun,kyori_tekisei,manken_shisu_decile,pace_shisu_juni,21,2333,80.01,14.64,73.75,False
KEIBAJO_SURFACE_06_ダ,da_tekisei_code+kyori_tekisei+kyakushitsu+ichi_shisu_juni,da_tekisei_code,kyori_tekisei,kyakushitsu,ichi_shisu_juni,78,13490,76.04,10.32,73.75,False
KEIBAJO_SURFACE_06_ダ,uma_deokure_bin+joken_class_code+ls_shisu_juni+pace_shisu_juni,uma_deokure_bin,joken_class_code,ls_shisu_juni,pace_shisu_juni,12,1317,80.17,11.37,73.74,False
KEIBAJO_SURFACE_06_ダ,uma_deokure_bin+kyori_kubun+da_tekisei_code+kyakushitsu,uma_deokure_bin,kyori_kubun,da_tekisei_code,kyakushitsu,49,20388,75.63,6.78,73.73,False
KEIBAJO_SURFACE_06_ダ,da_tekisei_code+kyori_tekisei+joken_class_code+omo_tekisei_code,da_tekisei_code,kyori_tekisei,joken_class_code,omo_tekisei_code,46,20391,76.59,9.9,73.73,False
KEIBAJO_SURFACE_06_ダ,da_tekisei_code+kyori_tekisei_2+omo_tekisei_code+shiba_tekisei_code,da_tekisei_code,kyori_tekisei_2,omo_tekisei_code,shiba_tekisei_code,6,1528,78.19,5.58,73.73,False
KEIBAJO_SURFACE_06_ダ,kyori_kubun+da_tekisei_code+kyakushitsu+omo_tekisei_code,kyori_kubun,da_tekisei_code,kyakushitsu,omo_tekisei_code,51,22350,75.86,7.77,73.73,False
KEIBAJO_SURFACE_06_ダ,manken_shirushi+da_tekisei_code+joken_class_code+kyakushitsu,manken_shirushi,da_tekisei_code,joken_class_code,kyakushitsu,53,8503,77.0,12.19,73.72,False
KEIBAJO_SURFACE_06_ダ,da_tekisei_code+uma_start_shisu_decile+kyakushitsu+umakigo_code,da_tekisei_code,uma_start_shisu_decile,kyakushitsu,umakigo_code,50,20283,76.62,10.44,73.72,False
KEIBAJO_SURFACE_06_ダ,pace_yoso+manken_shirushi+uma_deokure_bin+da_tekisei_code,pace_yoso,manken_shirushi,uma_deokure_bin,da_tekisei_code,61,11672,76.7,11.9,73.71,False
KEIBAJO_SURFACE_06_ダ,da_tekisei_code+kyori_tekisei+omo_tekisei_code+manken_shisu_decile,da_tekisei_code,kyori_tekisei,omo_tekisei_code,manken_shisu_decile,63,16736,76.28,10.39,73.71,False
KEIBAJO_SURFACE_06_ダ,hizume_code+da_tekisei_code+kyori_tekisei+omo_tekisei_code,hizume_code,da_tekisei_code,kyori_tekisei,omo_tekisei_code,61,16119,76.23,10.1,73.7,False
KEIBAJO_SURFACE_06_ダ,manken_shirushi+kyakushitsu+umakigo_code+manken_shisu_decile,manken_shirushi,kyakushitsu,umakigo_code,manken_shisu_decile,69,10571,76.19,10.54,73.7,False
KEIBAJO_SURFACE_06_ダ,hizume_code+pace_yoso+kyori_tekisei+pace_shisu_juni,hizume_code,pace_yoso,kyori_tekisei,pace_shisu_juni,13,1552,79.49,10.68,73.69,False
KEIBAJO_SURFACE_06_ダ,joken_class_code+kyakushitsu+ten_shisu_juni+pace_shisu_juni,joken_class_code,kyakushitsu,ten_shisu_juni,pace_shisu_juni,16,3089,78.75,10.36,73.68,False
KEIBAJO_SURFACE_06_ダ,kyori_kubun+da_tekisei_code+omo_tekisei_code+ls_shisu_juni,kyori_kubun,da_tekisei_code,omo_tekisei_code,ls_shisu_juni,76,20785,75.93,10.08,73.67,False
KEIBAJO_SURFACE_06_ダ,pace_yoso+manken_shirushi+kyakushitsu+umakigo_code,pace_yoso,manken_shirushi,kyakushitsu,umakigo_code,62,16497,76.28,10.49,73.67,False
KEIBAJO_SURFACE_06_ダ,pace_yoso+uma_deokure_bin+da_tekisei_code+joken_class_code,pace_yoso,uma_deokure_bin,da_tekisei_code,joken_class_code,38,21579,76.4,8.6,73.67,False
KEIBAJO_SURFACE_06_ダ,uma_deokure_bin+kyori_tekisei+uma_start_shisu_decile+umakigo_code,uma_deokure_bin,kyori_tekisei,uma_start_shisu_decile,umakigo_code,59,19855,76.42,10.81,73.66,False
KEIBAJO_SURFACE_06_ダ,kyori_kubun+kyori_tekisei+uma_start_shisu_decile+kyori_tekisei_2,kyori_kubun,kyori_tekisei,uma_start_shisu_decile,kyori_tekisei_2,16,2975,79.19,11.34,73.64,False
KEIBAJO_SURFACE_06_ダ,pace_yoso+da_tekisei_code+manken_shisu_decile+pace_shisu_juni,pace_yoso,da_tekisei_code,manken_shisu_decile,pace_shisu_juni,55,7812,76.64,11.35,73.64,False
KEIBAJO_SURFACE_06_ダ,manken_shirushi+uma_deokure_bin+kyori_kubun+kyakushitsu,manken_shirushi,uma_deokure_bin,kyori_kubun,kyakushitsu,60,9297,76.17,10.04,73.63,False
KEIBAJO_SURFACE_06_ダ,uma_start_shisu_decile+kyakushitsu+ichi_shisu_juni+pace_shisu_juni,uma_start_shisu_decile,kyakushitsu,ichi_shisu_juni,pace_shisu_juni,3,438,86.31,11.2,73.63,False
KEIBAJO_SURFACE_06_ダ,pace_yoso+manken_shirushi+da_tekisei_code+manken_shisu_decile,pace_yoso,manken_shirushi,da_tekisei_code,manken_shisu_decile,39,9406,77.33,11.79,73.63,False
KEIBAJO_SURFACE_06_ダ,kyori_kubun+kyori_tekisei+kyori_tekisei_2+ten_shisu_juni,kyori_kubun,kyori_tekisei,kyori_tekisei_2,ten_shisu_juni,10,1257,81.18,12.18,73.63,False
KEIBAJO_SURFACE_06_ダ,uma_deokure_bin+kyori_tekisei+umakigo_code+omo_tekisei_code,uma_deokure_bin,kyori_tekisei,umakigo_code,omo_tekisei_code,43,23040,76.02,7.99,73.63,False
KEIBAJO_SURFACE_06_ダ,kyori_kubun+uma_start_shisu_decile+umakigo_code+omo_tekisei_code,kyori_kubun,uma_start_shisu_decile,umakigo_code,omo_tekisei_code,50,24245,75.8,7.86,73.62,False
KEIBAJO_SURFACE_06_ダ,kyori_kubun+kyori_tekisei_2+manken_shisu_decile+shiba_tekisei_code,kyori_kubun,kyori_tekisei_2,manken_shisu_decile,shiba_tekisei_code,6,876,78.51,6.11,73.62,False
KEIBAJO_SURFACE_06_ダ,uma_deokure_bin+da_tekisei_code+kyori_tekisei+kyori_tekisei_2,uma_deokure_bin,da_tekisei_code,kyori_tekisei,kyori_tekisei_2,12,3170,79.08,9.66,73.62,False
KEIBAJO_SURFACE_06_ダ,da_tekisei_code+joken_class_code+umakigo_code+pace_shisu_juni,da_tekisei_code,joken_class_code,umakigo_code,pace_shisu_juni,53,17293,76.31,9.99,73.62,False
KEIBAJO_SURFACE_06_ダ,manken_shirushi+joken_class_code+umakigo_code+omo_tekisei_code,manken_shirushi,joken_class_code,umakigo_code,omo_tekisei_code,49,13040,76.01,8.55,73.62,False
KEIBAJO_SURFACE_06_ダ,hizume_code+kyori_kubun+umakigo_code+manken_shisu_decile,hizume_code,kyori_kubun,umakigo_code,manken_shisu_decile,87,16106,75.9,10.88,73.62,False
KEIBAJO_SURFACE_06_ダ,kyori_tekisei+kyakushitsu+umakigo_code+omo_tekisei_code,kyori_tekisei,kyakushitsu,umakigo_code,omo_tekisei_code,47,24132,75.6,6.98,73.61,False
KEIBAJO_SURFACE_06_ダ,uma_deokure_bin+da_tekisei_code+kyori_tekisei+pace_shisu_juni,uma_deokure_bin,da_tekisei_code,kyori_tekisei,pace_shisu_juni,70,11580,76.49,12.27,73.61,False
KEIBAJO_SURFACE_06_ダ,manken_shirushi+uma_deokure_bin+kyakushitsu+omo_tekisei_code,manken_shirushi,uma_deokure_bin,kyakushitsu,omo_tekisei_code,44,5838,76.71,10.48,73.61,False
KEIBAJO_SURFACE_06_ダ,uma_deokure_bin+kyori_kubun+kyori_tekisei+umakigo_code,uma_deokure_bin,kyori_kubun,kyori_tekisei,umakigo_code,33,23522,75.59,5.79,73.61,False
KEIBAJO_SURFACE_06_ダ,manken_shirushi+joken_class_code+kyakushitsu+omo_tekisei_code,manken_shirushi,joken_class_code,kyakushitsu,omo_tekisei_code,40,5372,76.97,10.87,73.6,False
KEIBAJO_SURFACE_06_ダ,hizume_code+manken_shirushi+da_tekisei_code+kyori_tekisei,hizume_code,manken_shirushi,da_tekisei_code,kyori_tekisei,19,2352,77.54,8.75,73.6,False
KEIBAJO_SURFACE_06_ダ,da_tekisei_code+kyori_tekisei+kyakushitsu+manken_shisu_decile,da_tekisei_code,kyori_tekisei,kyakushitsu,manken_shisu_decile,73,15153,76.01,10.49,73.6,False
KEIBAJO_SURFACE_06_ダ,manken_shirushi+kyori_kubun+umakigo_code+ls_shisu_juni,manken_shirushi,kyori_kubun,umakigo_code,ls_shisu_juni,84,14184,76.26,12.48,73.59,False
KEIBAJO_SURFACE_06_ダ,uma_deokure_bin+uma_start_shisu_decile+kyakushitsu+umakigo_code,uma_deokure_bin,uma_start_shisu_decile,kyakushitsu,umakigo_code,59,21387,75.88,8.98,73.59,False
KEIBAJO_SURFACE_06_ダ,hizume_code+da_tekisei_code+kyakushitsu+umakigo_code,hizume_code,da_tekisei_code,kyakushitsu,umakigo_code,61,18267,75.8,8.84,73.58,False
KEIBAJO_SURFACE_06_ダ,da_tekisei_code+umakigo_code+kyori_tekisei_2+manken_shisu_decile,da_tekisei_code,umakigo_code,kyori_tekisei_2,manken_shisu_decile,12,2452,78.13,8.06,73.57,False
KEIBAJO_SURFACE_06_ダ,uma_deokure_bin+kyakushitsu+ichi_shisu_juni+pace_shisu_juni,uma_deokure_bin,kyakushitsu,ichi_shisu_juni,pace_shisu_juni,9,1249,79.69,9.36,73.57,False
KEIBAJO_SURFACE_06_ダ,hizume_code+pace_yoso+da_tekisei_code+uma_start_shisu_decile,hizume_code,pace_yoso,da_tekisei_code,uma_start_shisu_decile,63,12424,75.84,9.19,73.56,False
KEIBAJO_SURFACE_06_ダ,pace_yoso+da_tekisei_code+bataiju+omo_tekisei_code,pace_yoso,da_tekisei_code,bataiju,omo_tekisei_code,41,5589,76.79,10.59,73.55,False
KEIBAJO_SURFACE_06_ダ,pace_yoso+joken_class_code+uma_start_shisu_decile+umakigo_code,pace_yoso,joken_class_code,uma_start_shisu_decile,umakigo_code,50,24024,76.53,10.75,73.55,False
KEIBAJO_SURFACE_06_ダ,hizume_code+uma_deokure_bin+kyakushitsu+pace_shisu_juni,hizume_code,uma_deokure_bin,kyakushitsu,pace_shisu_juni,6,742,82.4,11.07,73.54,False
KEIBAJO_SURFACE_06_ダ,pace_yoso+ichi_shisu_juni+manken_shisu_decile+pace_shisu_juni,pace_yoso,ichi_shisu_juni,manken_shisu_decile,pace_shisu_juni,7,881,82.76,12.45,73.54,False
KEIBAJO_SURFACE_06_ダ,hizume_code+da_tekisei_code+kyori_tekisei+uma_start_shisu_decile,hizume_code,da_tekisei_code,kyori_tekisei,uma_start_shisu_decile,52,8383,76.29,10.17,73.53,False
KEIBAJO_SURFACE_06_ダ,uma_deokure_bin+umakigo_code+ichi_shisu_juni+manken_shisu_decile,uma_deokure_bin,umakigo_code,ichi_shisu_juni,manken_shisu_decile,38,4632,76.84,10.41,73.53,False
KEIBAJO_SURFACE_06_ダ,manken_shirushi+da_tekisei_code+kyori_tekisei+joken_class_code,manken_shirushi,da_tekisei_code,kyori_tekisei,joken_class_code,43,9443,76.67,10.56,73.52,False
KEIBAJO_SURFACE_06_ダ,pace_yoso+manken_shirushi+joken_class_code+omo_tekisei_code,pace_yoso,manken_shirushi,joken_class_code,omo_tekisei_code,64,12507,75.95,9.92,73.52,False
KEIBAJO_SURFACE_06_ダ,pace_yoso+manken_shirushi+da_tekisei_code+omo_tekisei_code,pace_yoso,manken_shirushi,da_tekisei_code,omo_tekisei_code,53,12255,76.22,10.02,73.52,False
KEIBAJO_SURFACE_06_ダ,pace_yoso+uma_deokure_bin+uma_start_shisu_decile+omo_tekisei_code,pace_yoso,uma_deokure_bin,uma_start_shisu_decile,omo_tekisei_code,67,21325,75.73,9.24,73.51,False
KEIBAJO_SURFACE_06_ダ,uma_deokure_bin+da_tekisei_code+kyakushitsu+ichi_shisu_juni,uma_deokure_bin,da_tekisei_code,kyakushitsu,ichi_shisu_juni,73,12199,76.12,11.36,73.51,False
KEIBAJO_SURFACE_06_ダ,pace_yoso+da_tekisei_code+uma_start_shisu_decile+ten_shisu_juni,pace_yoso,da_tekisei_code,uma_start_shisu_decile,ten_shisu_juni,62,9125,76.71,12.91,73.49,False
KEIBAJO_SURFACE_06_ダ,kyori_kubun+umakigo_code+manken_shisu_decile+ten_shisu_juni,kyori_kubun,umakigo_code,manken_shisu_decile,ten_shisu_juni,111,13155,75.86,12.83,73.48,False
KEIBAJO_SURFACE_06_ダ,kyori_kubun+da_tekisei_code+omo_tekisei_code+manken_shisu_decile,kyori_kubun,da_tekisei_code,omo_tekisei_code,manken_shisu_decile,70,18777,75.95,10.56,73.48,False
KEIBAJO_SURFACE_06_ダ,uma_start_shisu_decile+kyakushitsu+umakigo_code+omo_tekisei_code,uma_start_shisu_decile,kyakushitsu,umakigo_code,omo_tekisei_code,66,23612,75.97,10.33,73.48,False
KEIBAJO_SURFACE_06_ダ,uma_deokure_bin+kyori_kubun+kyori_tekisei+omo_tekisei_code,uma_deokure_bin,kyori_kubun,kyori_tekisei,omo_tekisei_code,50,22955,75.52,7.34,73.48,False
KEIBAJO_SURFACE_06_ダ,uma_deokure_bin+joken_class_code+uma_start_shisu_decile+umakigo_code,uma_deokure_bin,joken_class_code,uma_start_shisu_decile,umakigo_code,58,20564,76.53,11.83,73.48,False
KEIBAJO_SURFACE_06_ダ,manken_shirushi+kyori_tekisei+kyakushitsu+umakigo_code,manken_shirushi,kyori_tekisei,kyakushitsu,umakigo_code,77,13007,75.92,10.9,73.48,False
KEIBAJO_SURFACE_06_ダ,manken_shirushi+uma_deokure_bin+joken_class_code+umakigo_code,manken_shirushi,uma_deokure_bin,joken_class_code,umakigo_code,40,11186,76.36,9.33,73.47,False
KEIBAJO_SURFACE_06_ダ,pace_yoso+uma_deokure_bin+da_tekisei_code+omo_tekisei_code,pace_yoso,uma_deokure_bin,da_tekisei_code,omo_tekisei_code,41,22124,76.02,8.31,73.47,False
KEIBAJO_SURFACE_06_ダ,pace_yoso+kyori_tekisei+ten_shisu_juni+pace_shisu_juni,pace_yoso,kyori_tekisei,ten_shisu_juni,pace_shisu_juni,21,4045,77.73,9.97,73.47,False
KEIBAJO_SURFACE_06_ダ,manken_shirushi+uma_deokure_bin+kyori_kubun+joken_class_code,manken_shirushi,uma_deokure_bin,kyori_kubun,joken_class_code,50,9418,76.34,10.36,73.46,False
KEIBAJO_SURFACE_06_ダ,pace_yoso+uma_deokure_bin+da_tekisei_code+kyori_tekisei,pace_yoso,uma_deokure_bin,da_tekisei_code,kyori_tekisei,37,20396,75.94,7.68,73.46,False
KEIBAJO_SURFACE_06_ダ,kyakushitsu+ichi_shisu_juni+ten_shisu_juni+shiba_tekisei_code,kyakushitsu,ichi_shisu_juni,ten_shisu_juni,shiba_tekisei_code,4,548,86.54,13.35,73.46,False
KEIBAJO_SURFACE_06_ダ,uma_deokure_bin+da_tekisei_code+omo_tekisei_code+ten_shisu_juni,uma_deokure_bin,da_tekisei_code,omo_tekisei_code,ten_shisu_juni,88,12356,76.4,14.06,73.46,False
KEIBAJO_SURFACE_06_ダ,manken_shirushi+joken_class_code+kyakushitsu+umakigo_code,manken_shirushi,joken_class_code,kyakushitsu,umakigo_code,63,13010,76.07,10.61,73.45,False
KEIBAJO_SURFACE_06_ダ,kyori_kubun+da_tekisei_code+kyakushitsu+pace_shisu_juni,kyori_kubun,da_tekisei_code,kyakushitsu,pace_shisu_juni,95,14355,76.03,12.88,73.44,False
KEIBAJO_SURFACE_06_ダ,uma_deokure_bin+kyori_kubun+kyakushitsu+ten_shisu_juni,uma_deokure_bin,kyori_kubun,kyakushitsu,ten_shisu_juni,86,13710,75.86,11.55,73.42,False
KEIBAJO_SURFACE_06_ダ,uma_deokure_bin+da_tekisei_code+kyori_tekisei+kyakushitsu,uma_deokure_bin,da_tekisei_code,kyori_tekisei,kyakushitsu,50,18310,75.51,7.58,73.41,False
KEIBAJO_SURFACE_06_ダ,da_tekisei_code+uma_start_shisu_decile+ten_shisu_juni+shiba_tekisei_code,da_tekisei_code,uma_start_shisu_decile,ten_shisu_juni,shiba_tekisei_code,13,1679,79.46,11.13,73.41,False
KEIBAJO_SURFACE_06_ダ,pace_yoso+da_tekisei_code+kyori_tekisei+manken_shisu_decile,pace_yoso,da_tekisei_code,kyori_tekisei,manken_shisu_decile,47,17267,76.14,9.59,73.4,False
KEIBAJO_SURFACE_06_ダ,da_tekisei_code+umakigo_code+kyori_tekisei_2+ichi_shisu_juni,da_tekisei_code,umakigo_code,kyori_tekisei_2,ichi_shisu_juni,9,1114,78.64,8.02,73.4,False
KEIBAJO_SURFACE_06_ダ,uma_deokure_bin+da_tekisei_code+omo_tekisei_code+pace_shisu_juni,uma_deokure_bin,da_tekisei_code,omo_tekisei_code,pace_shisu_juni,84,12262,75.93,11.89,73.39,False
KEIBAJO_SURFACE_06_ダ,uma_deokure_bin+kyori_kubun+da_tekisei_code+pace_shisu_juni,uma_deokure_bin,kyori_kubun,da_tekisei_code,pace_shisu_juni,86,14093,75.68,10.88,73.38,False
KEIBAJO_SURFACE_06_ダ,kyori_kubun+umakigo_code+manken_shisu_decile+pace_shisu_juni,kyori_kubun,umakigo_code,manken_shisu_decile,pace_shisu_juni,116,14193,75.62,12.33,73.38,False
KEIBAJO_SURFACE_06_ダ,uma_deokure_bin+kyori_kubun+da_tekisei_code+ten_shisu_juni,uma_deokure_bin,kyori_kubun,da_tekisei_code,ten_shisu_juni,93,14572,76.14,13.64,73.37,False
KEIBAJO_SURFACE_06_ダ,pace_yoso+da_tekisei_code+kyori_tekisei+omo_tekisei_code,pace_yoso,da_tekisei_code,kyori_tekisei,omo_tekisei_code,36,21813,75.8,7.44,73.37,False
KEIBAJO_SURFACE_06_ダ,hizume_code+kyori_kubun+kyakushitsu+ten_shisu_juni,hizume_code,kyori_kubun,kyakushitsu,ten_shisu_juni,12,1443,79.66,11.13,73.36,False
KEIBAJO_SURFACE_06_ダ,pace_yoso+manken_shirushi+uma_deokure_bin+omo_tekisei_code,pace_yoso,manken_shirushi,uma_deokure_bin,omo_tekisei_code,60,10892,75.72,9.31,73.36,False
KEIBAJO_SURFACE_06_ダ,joken_class_code+ichi_shisu_juni+omo_tekisei_code+pace_shisu_juni,joken_class_code,ichi_shisu_juni,omo_tekisei_code,pace_shisu_juni,4,517,84.35,11.21,73.36,False
KEIBAJO_SURFACE_06_ダ,hizume_code+uma_deokure_bin+da_tekisei_code+kyori_tekisei,hizume_code,uma_deokure_bin,da_tekisei_code,kyori_tekisei,60,13465,75.78,9.64,73.34,False
KEIBAJO_SURFACE_06_ダ,hizume_code+uma_deokure_bin+kyori_kubun+da_tekisei_code,hizume_code,uma_deokure_bin,kyori_kubun,da_tekisei_code,77,16720,75.54,9.88,73.34,False
KEIBAJO_SURFACE_06_ダ,hizume_code+pace_yoso+kyori_kubun+da_tekisei_code,hizume_code,pace_yoso,kyori_kubun,da_tekisei_code,54,18758,75.67,8.77,73.33,False
KEIBAJO_SURFACE_06_ダ,hizume_code+da_tekisei_code+uma_start_shisu_decile+umakigo_code,hizume_code,da_tekisei_code,uma_start_shisu_decile,umakigo_code,65,14219,75.64,9.47,73.33,False
KEIBAJO_SURFACE_06_ダ,uma_deokure_bin+umakigo_code+bataiju+omo_tekisei_code,uma_deokure_bin,umakigo_code,bataiju,omo_tekisei_code,38,4334,76.97,11.47,73.32,False
KEIBAJO_SURFACE_06_ダ,pace_yoso+kyori_kubun+joken_class_code+bataiju,pace_yoso,kyori_kubun,joken_class_code,bataiju,41,4573,76.5,10.4,73.32,False
KEIBAJO_SURFACE_06_ダ,kyori_kubun+da_tekisei_code+uma_start_shisu_decile+ichi_shisu_juni,kyori_kubun,da_tekisei_code,uma_start_shisu_decile,ichi_shisu_juni,36,5212,77.54,12.96,73.31,False
KEIBAJO_SURFACE_06_ダ,hizume_code+manken_shirushi+kyori_kubun+kyori_tekisei,hizume_code,manken_shirushi,kyori_kubun,kyori_tekisei,19,2556,78.09,10.64,73.3,False
KEIBAJO_SURFACE_06_ダ,pace_yoso+manken_shirushi+kyori_kubun+joken_class_code,pace_yoso,manken_shirushi,kyori_kubun,joken_class_code,64,15085,75.44,8.74,73.3,False
KEIBAJO_SURFACE_06_ダ,kyori_tekisei+uma_start_shisu_decile+kyakushitsu+umakigo_code,kyori_tekisei,uma_start_shisu_decile,kyakushitsu,umakigo_code,74,21454,75.62,10.17,73.3,False
KEIBAJO_SURFACE_06_ダ,uma_deokure_bin+kyori_kubun+da_tekisei_code+uma_start_shisu_decile,uma_deokure_bin,kyori_kubun,da_tekisei_code,uma_start_shisu_decile,57,17705,76.17,11.04,73.3,False
KEIBAJO_SURFACE_06_ダ,kyori_kubun+da_tekisei_code+joken_class_code+omo_tekisei_code,kyori_kubun,da_tekisei_code,joken_class_code,omo_tekisei_code,42,22372,76.31,9.95,73.3,False
KEIBAJO_SURFACE_06_ダ,da_tekisei_code+joken_class_code+kyakushitsu+pace_shisu_juni,da_tekisei_code,joken_class_code,kyakushitsu,pace_shisu_juni,72,11286,75.75,10.59,73.3,False
KEIBAJO_SURFACE_06_ダ,pace_yoso+manken_shirushi+uma_deokure_bin+joken_class_code,pace_yoso,manken_shirushi,uma_deokure_bin,joken_class_code,56,10746,76.33,11.6,73.29,False
KEIBAJO_SURFACE_06_ダ,da_tekisei_code+uma_start_shisu_decile+omo_tekisei_code+ten_shisu_juni,da_tekisei_code,uma_start_shisu_decile,omo_tekisei_code,ten_shisu_juni,25,3094,77.95,11.89,73.29,False
KEIBAJO_SURFACE_06_ダ,da_tekisei_code+uma_start_shisu_decile+kyakushitsu+manken_shisu_decile,da_tekisei_code,uma_start_shisu_decile,kyakushitsu,manken_shisu_decile,59,8574,75.9,10.27,73.28,False
KEIBAJO_SURFACE_06_ダ,uma_deokure_bin+kyori_kubun+ichi_shisu_juni+pace_shisu_juni,uma_deokure_bin,kyori_kubun,ichi_shisu_juni,pace_shisu_juni,6,911,81.56,10.34,73.28,False
KEIBAJO_SURFACE_06_ダ,uma_deokure_bin+uma_start_shisu_decile+umakigo_code+manken_shisu_decile,uma_deokure_bin,uma_start_shisu_decile,umakigo_code,manken_shisu_decile,68,15808,75.88,11.0,73.27,False
KEIBAJO_SURFACE_06_ダ,kyori_kubun+da_tekisei_code+kyori_tekisei+manken_shisu_decile,kyori_kubun,da_tekisei_code,kyori_tekisei,manken_shisu_decile,51,17769,75.84,9.34,73.27,False
KEIBAJO_SURFACE_06_ダ,uma_deokure_bin+da_tekisei_code+uma_start_shisu_decile+shiba_tekisei_code,uma_deokure_bin,da_tekisei_code,uma_start_shisu_decile,shiba_tekisei_code,28,8139,76.25,8.06,73.27,False
KEIBAJO_SURFACE_06_ダ,kyakushitsu+umakigo_code+ichi_shisu_juni+ten_shisu_juni,kyakushitsu,umakigo_code,ichi_shisu_juni,ten_shisu_juni,44,7827,76.58,11.19,73.27,False
KEIBAJO_SURFACE_06_ダ,pace_yoso+da_tekisei_code+ls_shisu_juni+pace_shisu_juni,pace_yoso,da_tekisei_code,ls_shisu_juni,pace_shisu_juni,67,9627,76.27,12.57,73.26,False
KEIBAJO_SURFACE_06_ダ,kyori_tekisei+uma_start_shisu_decile+umakigo_code+kyori_tekisei_2,kyori_tekisei,uma_start_shisu_decile,umakigo_code,kyori_tekisei_2,16,3173,77.64,8.95,73.26,False
KEIBAJO_SURFACE_06_ダ,da_tekisei_code+kyakushitsu+omo_tekisei_code+manken_shisu_decile,da_tekisei_code,kyakushitsu,omo_tekisei_code,manken_shisu_decile,92,16737,75.7,11.93,73.26,False
KEIBAJO_SURFACE_06_ダ,manken_shirushi+uma_start_shisu_decile+manken_shisu_decile+shiba_tekisei_code,manken_shirushi,uma_start_shisu_decile,manken_shisu_decile,shiba_tekisei_code,5,692,86.13,14.7,73.25,False
KEIBAJO_SURFACE_06_ダ,pace_yoso+kyakushitsu+ichi_shisu_juni+manken_shisu_decile,pace_yoso,kyakushitsu,ichi_shisu_juni,manken_shisu_decile,36,6295,76.45,9.82,73.24,False
KEIBAJO_SURFACE_06_ダ,kyori_kubun+da_tekisei_code+kyori_tekisei+ls_shisu_juni,kyori_kubun,da_tekisei_code,kyori_tekisei,ls_shisu_juni,47,18764,76.11,10.03,73.24,False
KEIBAJO_SURFACE_06_ダ,joken_class_code+kyakushitsu+ichi_shisu_juni+pace_shisu_juni,joken_class_code,kyakushitsu,ichi_shisu_juni,pace_shisu_juni,15,3403,77.59,8.6,73.24,False
KEIBAJO_SURFACE_06_ダ,hizume_code+pace_yoso+uma_deokure_bin+umakigo_code,hizume_code,pace_yoso,uma_deokure_bin,umakigo_code,57,21497,75.37,8.21,73.24,False
KEIBAJO_SURFACE_06_ダ,da_tekisei_code+joken_class_code+kyakushitsu+omo_tekisei_code,da_tekisei_code,joken_class_code,kyakushitsu,omo_tekisei_code,55,21339,76.2,11.28,73.22,False
KEIBAJO_SURFACE_06_ダ,kyori_tekisei+kyori_tekisei_2+omo_tekisei_code+shiba_tekisei_code,kyori_tekisei,kyori_tekisei_2,omo_tekisei_code,shiba_tekisei_code,5,1599,77.2,4.53,73.22,False
KEIBAJO_SURFACE_06_ダ,manken_shirushi+uma_deokure_bin+omo_tekisei_code+manken_shisu_decile,manken_shirushi,uma_deokure_bin,omo_tekisei_code,manken_shisu_decile,26,3596,77.0,9.9,73.2,False
KEIBAJO_SURFACE_06_ダ,hizume_code+kyori_kubun+da_tekisei_code+kyori_tekisei,hizume_code,kyori_kubun,da_tekisei_code,kyori_tekisei,52,17126,75.97,10.17,73.2,False
KEIBAJO_SURFACE_06_ダ,da_tekisei_code+kyakushitsu+manken_shisu_decile+shiba_tekisei_code,da_tekisei_code,kyakushitsu,manken_shisu_decile,shiba_tekisei_code,42,8310,76.57,11.18,73.19,False
KEIBAJO_SURFACE_06_ダ,manken_shirushi+kyori_kubun+kyakushitsu+umakigo_code,manken_shirushi,kyori_kubun,kyakushitsu,umakigo_code,77,16850,75.4,9.88,73.19,False
KEIBAJO_SURFACE_06_ダ,kyori_kubun+da_tekisei_code+joken_class_code+ls_shisu_juni,kyori_kubun,da_tekisei_code,joken_class_code,ls_shisu_juni,67,19514,76.12,12.24,73.19,False
KEIBAJO_SURFACE_06_ダ,kyori_kubun+da_tekisei_code+uma_start_shisu_decile+pace_shisu_juni,kyori_kubun,da_tekisei_code,uma_start_shisu_decile,pace_shisu_juni,36,4747,77.46,13.06,73.19,False
KEIBAJO_SURFACE_06_ダ,manken_shirushi+kyori_kubun+joken_class_code+kyakushitsu,manken_shirushi,kyori_kubun,joken_class_code,kyakushitsu,69,9272,75.98,11.85,73.18,False
KEIBAJO_SURFACE_06_ダ,hizume_code+da_tekisei_code+kyori_tekisei+umakigo_code,hizume_code,da_tekisei_code,kyori_tekisei,umakigo_code,41,17027,75.81,8.62,73.17,False
KEIBAJO_SURFACE_06_ダ,pace_yoso+uma_deokure_bin+kyori_kubun+omo_tekisei_code,pace_yoso,uma_deokure_bin,kyori_kubun,omo_tekisei_code,47,25691,75.59,8.48,73.17,False
KEIBAJO_SURFACE_06_ダ,pace_yoso+kyori_kubun+kyori_tekisei+uma_start_shisu_decile,pace_yoso,kyori_kubun,kyori_tekisei,uma_start_shisu_decile,64,22452,75.65,10.14,73.17,False
KEIBAJO_SURFACE_06_ダ,kyori_kubun+kyori_tekisei+uma_start_shisu_decile+omo_tekisei_code,kyori_kubun,kyori_tekisei,uma_start_shisu_decile,omo_tekisei_code,81,21419,75.66,11.44,73.17,False
KEIBAJO_SURFACE_06_ダ,da_tekisei_code+kyakushitsu+omo_tekisei_code+pace_shisu_juni,da_tekisei_code,kyakushitsu,omo_tekisei_code,pace_shisu_juni,76,10662,76.11,13.11,73.17,False
KEIBAJO_SURFACE_06_ダ,pace_yoso+manken_shirushi+da_tekisei_code+kyakushitsu,pace_yoso,manken_shirushi,da_tekisei_code,kyakushitsu,47,10024,76.02,10.0,73.16,False
KEIBAJO_SURFACE_06_ダ,pace_yoso+kyori_tekisei+joken_class_code+omo_tekisei_code,pace_yoso,kyori_tekisei,joken_class_code,omo_tekisei_code,55,24318,75.52,8.96,73.15,False
KEIBAJO_SURFACE_06_ダ,manken_shirushi+uma_deokure_bin+da_tekisei_code+shiba_tekisei_code,manken_shirushi,uma_deokure_bin,da_tekisei_code,shiba_tekisei_code,27,4528,76.79,9.67,73.14,False
KEIBAJO_SURFACE_06_ダ,manken_shirushi+kyori_kubun+joken_class_code+shiba_tekisei_code,manken_shirushi,kyori_kubun,joken_class_code,shiba_tekisei_code,32,6125,75.61,7.12,73.14,False
KEIBAJO_SURFACE_06_ダ,kyori_kubun+da_tekisei_code+joken_class_code+kyakushitsu,kyori_kubun,da_tekisei_code,joken_class_code,kyakushitsu,55,22115,75.98,10.74,73.14,False
KEIBAJO_SURFACE_06_ダ,da_tekisei_code+kyori_tekisei+ten_shisu_juni+shiba_tekisei_code,da_tekisei_code,kyori_tekisei,ten_shisu_juni,shiba_tekisei_code,44,7670,77.0,13.06,73.14,False
KEIBAJO_SURFACE_06_ダ,pace_yoso+uma_deokure_bin+kyori_kubun+kyori_tekisei,pace_yoso,uma_deokure_bin,kyori_kubun,kyori_tekisei,42,24100,75.42,7.53,73.14,False
KEIBAJO_SURFACE_06_ダ,da_tekisei_code+umakigo_code+ichi_shisu_juni+ls_shisu_juni,da_tekisei_code,umakigo_code,ichi_shisu_juni,ls_shisu_juni,82,12423,75.95,13.01,73.14,False
KEIBAJO_SURFACE_06_ダ,manken_shirushi+kyori_tekisei+joken_class_code+umakigo_code,manken_shirushi,kyori_tekisei,joken_class_code,umakigo_code,48,13085,76.31,11.2,73.14,False
KEIBAJO_SURFACE_06_ダ,kyori_kubun+uma_start_shisu_decile+kyakushitsu+umakigo_code,kyori_kubun,uma_start_shisu_decile,kyakushitsu,umakigo_code,55,24006,75.34,8.34,73.14,False
KEIBAJO_SURFACE_06_ダ,joken_class_code+uma_start_shisu_decile+kyakushitsu+pace_shisu_juni,joken_class_code,uma_start_shisu_decile,kyakushitsu,pace_shisu_juni,15,1963,78.96,11.52,73.13,False
KEIBAJO_SURFACE_06_ダ,da_tekisei_code+uma_start_shisu_decile+umakigo_code+pace_shisu_juni,da_tekisei_code,uma_start_shisu_decile,umakigo_code,pace_shisu_juni,70,11007,76.13,12.85,73.12,False
KEIBAJO_SURFACE_06_ダ,manken_shirushi+kyori_tekisei+umakigo_code+kyori_tekisei_2,manken_shirushi,kyori_tekisei,umakigo_code,kyori_tekisei_2,13,1816,79.17,11.14,73.12,False
KEIBAJO_SURFACE_06_ダ,kyori_tekisei+uma_start_shisu_decile+umakigo_code+omo_tekisei_code,kyori_tekisei,uma_start_shisu_decile,umakigo_code,omo_tekisei_code,77,22856,75.28,9.69,73.12,False
KEIBAJO_SURFACE_06_ダ,pace_yoso+da_tekisei_code+kyori_tekisei+joken_class_code,pace_yoso,da_tekisei_code,kyori_tekisei,joken_class_code,40,21670,76.34,10.37,73.12,False
KEIBAJO_SURFACE_06_ダ,uma_deokure_bin+da_tekisei_code+umakigo_code+ichi_shisu_juni,uma_deokure_bin,da_tekisei_code,umakigo_code,ichi_shisu_juni,71,17383,75.76,11.38,73.11,False
KEIBAJO_SURFACE_06_ダ,uma_deokure_bin+da_tekisei_code+joken_class_code+kyakushitsu,uma_deokure_bin,da_tekisei_code,joken_class_code,kyakushitsu,52,19161,75.98,10.62,73.1,False
KEIBAJO_SURFACE_06_ダ,kyori_kubun+joken_class_code+umakigo_code+bataiju,kyori_kubun,joken_class_code,umakigo_code,bataiju,80,12231,75.2,9.59,73.1,False
KEIBAJO_SURFACE_06_ダ,da_tekisei_code+kyori_tekisei+uma_start_shisu_decile+shiba_tekisei_code,da_tekisei_code,kyori_tekisei,uma_start_shisu_decile,shiba_tekisei_code,30,8871,76.88,10.59,73.09,False
KEIBAJO_SURFACE_06_ダ,umakigo_code+kyori_tekisei_2+manken_shisu_decile+shiba_tekisei_code,umakigo_code,kyori_tekisei_2,manken_shisu_decile,shiba_tekisei_code,7,962,76.86,5.09,73.09,False
KEIBAJO_SURFACE_06_ダ,hizume_code+kyori_kubun+kyori_tekisei+kyori_tekisei_2,hizume_code,kyori_kubun,kyori_tekisei,kyori_tekisei_2,10,2210,78.34,8.49,73.08,False
KEIBAJO_SURFACE_06_ダ,manken_shirushi+kyori_kubun+joken_class_code+umakigo_code,manken_shirushi,kyori_kubun,joken_class_code,umakigo_code,48,15464,75.42,8.28,73.08,False
KEIBAJO_SURFACE_06_ダ,kyori_kubun+joken_class_code+kyakushitsu+ichi_shisu_juni,kyori_kubun,joken_class_code,kyakushitsu,ichi_shisu_juni,87,16710,75.37,10.99,73.07,False
KEIBAJO_SURFACE_06_ダ,pace_yoso+kyori_tekisei+uma_start_shisu_decile+umakigo_code,pace_yoso,kyori_tekisei,uma_start_shisu_decile,umakigo_code,51,22796,75.6,9.21,73.07,False
KEIBAJO_SURFACE_06_ダ,pace_yoso+kyori_kubun+uma_start_shisu_decile+omo_tekisei_code,pace_yoso,kyori_kubun,uma_start_shisu_decile,omo_tekisei_code,70,24184,74.87,7.68,73.07,False
KEIBAJO_SURFACE_06_ダ,da_tekisei_code+kyakushitsu+umakigo_code+omo_tekisei_code,da_tekisei_code,kyakushitsu,umakigo_code,omo_tekisei_code,30,21701,75.58,7.01,73.07,False
KEIBAJO_SURFACE_06_ダ,uma_deokure_bin+kyori_tekisei+umakigo_code+kyori_tekisei_2,uma_deokure_bin,kyori_tekisei,umakigo_code,kyori_tekisei_2,12,3434,76.37,5.83,73.07,False
KEIBAJO_SURFACE_06_ダ,hizume_code+da_tekisei_code+kyori_tekisei+shiba_tekisei_code,hizume_code,da_tekisei_code,kyori_tekisei,shiba_tekisei_code,30,8062,76.35,9.17,73.07,False
KEIBAJO_SURFACE_06_ダ,umakigo_code+ichi_shisu_juni+ten_shisu_juni+pace_shisu_juni,umakigo_code,ichi_shisu_juni,ten_shisu_juni,pace_shisu_juni,16,3546,77.69,9.46,73.06,False
KEIBAJO_SURFACE_06_ダ,kyori_kubun+da_tekisei_code+kyori_tekisei+omo_tekisei_code,kyori_kubun,da_tekisei_code,kyori_tekisei,omo_tekisei_code,30,21151,75.96,8.12,73.06,False
KEIBAJO_SURFACE_06_ダ,da_tekisei_code+kyakushitsu+omo_tekisei_code+ten_shisu_juni,da_tekisei_code,kyakushitsu,omo_tekisei_code,ten_shisu_juni,78,11142,76.26,14.48,73.05,False
KEIBAJO_SURFACE_06_ダ,da_tekisei_code+kyori_tekisei+umakigo_code+ichi_shisu_juni,da_tekisei_code,kyori_tekisei,umakigo_code,ichi_shisu_juni,62,17690,75.12,8.31,73.05,False
KEIBAJO_SURFACE_06_ダ,pace_yoso+uma_deokure_bin+da_tekisei_code+umakigo_code,pace_yoso,uma_deokure_bin,da_tekisei_code,umakigo_code,28,22400,75.5,6.65,73.04,False
KEIBAJO_SURFACE_06_ダ,da_tekisei_code+uma_start_shisu_decile+kyori_tekisei_2+shiba_tekisei_code,da_tekisei_code,uma_start_shisu_decile,kyori_tekisei_2,shiba_tekisei_code,4,594,81.28,8.41,73.03,False
KEIBAJO_SURFACE_06_ダ,pace_yoso+uma_deokure_bin+kyori_tekisei+omo_tekisei_code,pace_yoso,uma_deokure_bin,kyori_tekisei,omo_tekisei_code,57,23524,75.06,7.82,73.03,False
KEIBAJO_SURFACE_06_ダ,da_tekisei_code+kyori_tekisei+ichi_shisu_juni+shiba_tekisei_code,da_tekisei_code,kyori_tekisei,ichi_shisu_juni,shiba_tekisei_code,46,7815,76.21,11.05,73.02,False
KEIBAJO_SURFACE_06_ダ,uma_deokure_bin+da_tekisei_code+umakigo_code+ls_shisu_juni,uma_deokure_bin,da_tekisei_code,umakigo_code,ls_shisu_juni,47,19213,75.86,9.93,73.02,False
KEIBAJO_SURFACE_06_ダ,kyori_tekisei+joken_class_code+umakigo_code+manken_shisu_decile,kyori_tekisei,joken_class_code,umakigo_code,manken_shisu_decile,66,21846,75.42,9.95,73.02,False
KEIBAJO_SURFACE_06_ダ,pace_yoso+manken_shirushi+da_tekisei_code+uma_start_shisu_decile,pace_yoso,manken_shirushi,da_tekisei_code,uma_start_shisu_decile,44,6852,76.66,12.32,73.02,False
KEIBAJO_SURFACE_06_ダ,kyori_kubun+uma_start_shisu_decile+kyori_tekisei_2+omo_tekisei_code,kyori_kubun,uma_start_shisu_decile,kyori_tekisei_2,omo_tekisei_code,10,1499,77.03,6.49,73.01,False
KEIBAJO_SURFACE_06_ダ,pace_yoso+kyori_tekisei+ichi_shisu_juni+pace_shisu_juni,pace_yoso,kyori_tekisei,ichi_shisu_juni,pace_shisu_juni,17,3779,77.16,8.75,73.01,False
KEIBAJO_SURFACE_06_ダ,pace_yoso+uma_deokure_bin+kyori_tekisei+umakigo_code,pace_yoso,uma_deokure_bin,kyori_tekisei,umakigo_code,35,24060,75.3,6.91,73.01,False
KEIBAJO_SURFACE_06_ダ,pace_yoso+ichi_shisu_juni+manken_shisu_decile+shiba_tekisei_code,pace_yoso,ichi_shisu_juni,manken_shisu_decile,shiba_tekisei_code,14,1606,78.29,10.09,73.0,False
KEIBAJO_SURFACE_06_ダ,uma_deokure_bin+uma_start_shisu_decile+umakigo_code+omo_tekisei_code,uma_deokure_bin,uma_start_shisu_decile,umakigo_code,omo_tekisei_code,57,21893,75.61,10.05,73.0,False
KEIBAJO_SURFACE_06_ダ,pace_yoso+da_tekisei_code+ichi_shisu_juni+ls_shisu_juni,pace_yoso,da_tekisei_code,ichi_shisu_juni,ls_shisu_juni,64,9106,76.1,12.69,72.99,False
KEIBAJO_SURFACE_06_ダ,pace_yoso+umakigo_code+bataiju+omo_tekisei_code,pace_yoso,umakigo_code,bataiju,omo_tekisei_code,91,13947,75.08,10.18,72.99,False
KEIBAJO_SURFACE_06_ダ,da_tekisei_code+kyori_tekisei+umakigo_code+pace_shisu_juni,da_tekisei_code,kyori_tekisei,umakigo_code,pace_shisu_juni,60,17567,75.23,8.88,72.99,False
KEIBAJO_SURFACE_06_ダ,pace_yoso+kyori_kubun+umakigo_code+bataiju,pace_yoso,kyori_kubun,umakigo_code,bataiju,101,18083,74.94,10.04,72.98,False
KEIBAJO_SURFACE_06_ダ,da_tekisei_code+kyori_tekisei+joken_class_code+manken_shisu_decile,da_tekisei_code,kyori_tekisei,joken_class_code,manken_shisu_decile,60,15633,75.64,10.53,72.97,False
KEIBAJO_SURFACE_06_ダ,kyori_kubun+da_tekisei_code+umakigo_code+manken_shisu_decile,kyori_kubun,da_tekisei_code,umakigo_code,manken_shisu_decile,46,20180,76.16,11.04,72.97,False
KEIBAJO_SURFACE_06_ダ,uma_deokure_bin+da_tekisei_code+kyakushitsu+manken_shisu_decile,uma_deokure_bin,da_tekisei_code,kyakushitsu,manken_shisu_decile,67,13438,75.55,10.83,72.96,False
KEIBAJO_SURFACE_06_ダ,kyori_tekisei+kyori_tekisei_2+manken_shisu_decile+shiba_tekisei_code,kyori_tekisei,kyori_tekisei_2,manken_shisu_decile,shiba_tekisei_code,7,1029,75.95,4.04,72.96,False
KEIBAJO_SURFACE_06_ダ,umakigo_code+ichi_shisu_juni+ls_shisu_juni+pace_shisu_juni,umakigo_code,ichi_shisu_juni,ls_shisu_juni,pace_shisu_juni,13,1895,78.76,10.67,72.96,False
KEIBAJO_SURFACE_06_ダ,da_tekisei_code+kyori_tekisei+umakigo_code+omo_tekisei_code,da_tekisei_code,kyori_tekisei,umakigo_code,omo_tekisei_code,28,21156,75.7,7.4,72.95,False
KEIBAJO_SURFACE_06_ダ,hizume_code+pace_yoso+da_tekisei_code+kyori_tekisei,hizume_code,pace_yoso,da_tekisei_code,kyori_tekisei,51,16918,75.73,10.12,72.95,False
KEIBAJO_SURFACE_06_ダ,hizume_code+uma_deokure_bin+kyakushitsu+umakigo_code,hizume_code,uma_deokure_bin,kyakushitsu,umakigo_code,64,18421,75.39,10.03,72.93,False
KEIBAJO_SURFACE_06_ダ,pace_yoso+kyori_tekisei+kyakushitsu+pace_shisu_juni,pace_yoso,kyori_tekisei,kyakushitsu,pace_shisu_juni,91,14194,75.45,12.3,72.93,False
KEIBAJO_SURFACE_06_ダ,hizume_code+uma_deokure_bin+kyori_kubun+ten_shisu_juni,hizume_code,uma_deokure_bin,kyori_kubun,ten_shisu_juni,11,1278,78.59,9.58,72.93,False
KEIBAJO_SURFACE_06_ダ,hizume_code+kyori_kubun+da_tekisei_code+uma_start_shisu_decile,hizume_code,kyori_kubun,da_tekisei_code,uma_start_shisu_decile,56,9573,75.7,10.57,72.93,False
KEIBAJO_SURFACE_06_ダ,uma_deokure_bin+kyori_kubun+da_tekisei_code+manken_shisu_decile,uma_deokure_bin,kyori_kubun,da_tekisei_code,manken_shisu_decile,74,17162,75.36,10.67,72.93,False
KEIBAJO_SURFACE_06_ダ,pace_yoso+da_tekisei_code+joken_class_code+omo_tekisei_code,pace_yoso,da_tekisei_code,joken_class_code,omo_tekisei_code,33,22526,76.33,9.99,72.92,False
KEIBAJO_SURFACE_06_ダ,pace_yoso+da_tekisei_code+uma_start_shisu_decile+shiba_tekisei_code,pace_yoso,da_tekisei_code,uma_start_shisu_decile,shiba_tekisei_code,32,10671,76.15,9.32,72.92,False
KEIBAJO_SURFACE_06_ダ,hizume_code+kyori_kubun+da_tekisei_code+joken_class_code,hizume_code,kyori_kubun,da_tekisei_code,joken_class_code,64,16788,75.45,10.35,72.91,False
KEIBAJO_SURFACE_06_ダ,hizume_code+uma_deokure_bin+da_tekisei_code+ichi_shisu_juni,hizume_code,uma_deokure_bin,da_tekisei_code,ichi_shisu_juni,8,977,79.73,9.85,72.91,False
KEIBAJO_SURFACE_06_ダ,hizume_code+uma_deokure_bin+da_tekisei_code+omo_tekisei_code,hizume_code,uma_deokure_bin,da_tekisei_code,omo_tekisei_code,66,15311,75.38,10.23,72.91,False
KEIBAJO_SURFACE_06_ダ,hizume_code+pace_yoso+kyori_kubun+umakigo_code,hizume_code,pace_yoso,kyori_kubun,umakigo_code,46,22893,75.13,7.7,72.91,False
KEIBAJO_SURFACE_06_ダ,pace_yoso+da_tekisei_code+uma_start_shisu_decile+omo_tekisei_code,pace_yoso,da_tekisei_code,uma_start_shisu_decile,omo_tekisei_code,57,20230,75.47,9.91,72.9,False
KEIBAJO_SURFACE_06_ダ,hizume_code+uma_deokure_bin+da_tekisei_code+kyakushitsu,hizume_code,uma_deokure_bin,da_tekisei_code,kyakushitsu,62,12399,75.62,10.99,72.89,False
KEIBAJO_SURFACE_06_ダ,kyori_kubun+kyori_tekisei+uma_start_shisu_decile+kyakushitsu,kyori_kubun,kyori_tekisei,uma_start_shisu_decile,kyakushitsu,81,20166,75.23,10.77,72.89,False
KEIBAJO_SURFACE_06_ダ,kyori_kubun+da_tekisei_code+joken_class_code+manken_shisu_decile,kyori_kubun,da_tekisei_code,joken_class_code,manken_shisu_decile,67,17839,75.66,11.58,72.89,False
KEIBAJO_SURFACE_06_ダ,kyori_tekisei+kyakushitsu+umakigo_code+manken_shisu_decile,kyori_tekisei,kyakushitsu,umakigo_code,manken_shisu_decile,98,22969,74.88,10.09,72.88,False
KEIBAJO_SURFACE_06_ダ,pace_yoso+da_tekisei_code+kyakushitsu+bataiju,pace_yoso,da_tekisei_code,kyakushitsu,bataiju,32,3600,76.85,11.5,72.87,False
KEIBAJO_SURFACE_06_ダ,hizume_code+uma_deokure_bin+da_tekisei_code+joken_class_code,hizume_code,uma_deokure_bin,da_tekisei_code,joken_class_code,60,13970,75.65,10.99,72.87,False
KEIBAJO_SURFACE_06_ダ,pace_yoso+manken_shirushi+kyakushitsu+omo_tekisei_code,pace_yoso,manken_shirushi,kyakushitsu,omo_tekisei_code,69,10895,75.33,10.46,72.86,False
KEIBAJO_SURFACE_06_ダ,hizume_code+kyori_tekisei+umakigo_code+omo_tekisei_code,hizume_code,kyori_tekisei,umakigo_code,omo_tekisei_code,66,20191,75.03,9.03,72.85,False
KEIBAJO_SURFACE_06_ダ,manken_shirushi+da_tekisei_code+uma_start_shisu_decile+manken_shisu_decile,manken_shirushi,da_tekisei_code,uma_start_shisu_decile,manken_shisu_decile,16,2372,78.85,12.25,72.85,False
KEIBAJO_SURFACE_06_ダ,da_tekisei_code+kyori_tekisei+umakigo_code+manken_shisu_decile,da_tekisei_code,kyori_tekisei,umakigo_code,manken_shisu_decile,35,17252,75.47,7.91,72.85,False
KEIBAJO_SURFACE_06_ダ,hizume_code+da_tekisei_code+kyakushitsu+omo_tekisei_code,hizume_code,da_tekisei_code,kyakushitsu,omo_tekisei_code,75,15084,75.64,12.38,72.84,False
KEIBAJO_SURFACE_06_ダ,kyori_kubun+kyakushitsu+umakigo_code+bataiju,kyori_kubun,kyakushitsu,umakigo_code,bataiju,55,6242,75.46,9.93,72.84,False
KEIBAJO_SURFACE_06_ダ,manken_shirushi+uma_deokure_bin+kyori_tekisei+kyakushitsu,manken_shirushi,uma_deokure_bin,kyori_tekisei,kyakushitsu,36,4215,76.43,11.02,72.84,False
KEIBAJO_SURFACE_06_ダ,pace_yoso+manken_shirushi+uma_deokure_bin+kyakushitsu,pace_yoso,manken_shirushi,uma_deokure_bin,kyakushitsu,50,9185,75.66,10.18,72.83,False
KEIBAJO_SURFACE_06_ダ,pace_yoso+uma_deokure_bin+kyori_kubun+uma_start_shisu_decile,pace_yoso,uma_deokure_bin,kyori_kubun,uma_start_shisu_decile,64,22432,75.51,10.95,72.83,False
KEIBAJO_SURFACE_06_ダ,da_tekisei_code+kyakushitsu+ten_shisu_juni+shiba_tekisei_code,da_tekisei_code,kyakushitsu,ten_shisu_juni,shiba_tekisei_code,44,6609,76.06,10.94,72.83,False
KEIBAJO_SURFACE_06_ダ,kyori_tekisei+umakigo_code+omo_tekisei_code+ls_shisu_juni,kyori_tekisei,umakigo_code,omo_tekisei_code,ls_shisu_juni,72,22647,75.28,10.66,72.82,False
KEIBAJO_SURFACE_06_ダ,pace_yoso+kyori_kubun+kyakushitsu+omo_tekisei_code,pace_yoso,kyori_kubun,kyakushitsu,omo_tekisei_code,48,25834,74.65,6.46,72.82,False
KEIBAJO_SURFACE_06_ダ,manken_shirushi+kyori_tekisei+umakigo_code+shiba_tekisei_code,manken_shirushi,kyori_tekisei,umakigo_code,shiba_tekisei_code,32,7289,76.21,9.79,72.82,False
KEIBAJO_SURFACE_06_ダ,hizume_code+da_tekisei_code+umakigo_code+omo_tekisei_code,hizume_code,da_tekisei_code,umakigo_code,omo_tekisei_code,46,18888,75.72,10.03,72.82,False
KEIBAJO_SURFACE_06_ダ,pace_yoso+da_tekisei_code+uma_start_shisu_decile+kyakushitsu,pace_yoso,da_tekisei_code,uma_start_shisu_decile,kyakushitsu,58,19354,75.07,8.76,72.82,False
KEIBAJO_SURFACE_06_ダ,pace_yoso+uma_deokure_bin+kyakushitsu+umakigo_code,pace_yoso,uma_deokure_bin,kyakushitsu,umakigo_code,38,25413,75.16,7.45,72.8,False
KEIBAJO_SURFACE_06_ダ,pace_yoso+da_tekisei_code+manken_shisu_decile+ten_shisu_juni,pace_yoso,da_tekisei_code,manken_shisu_decile,ten_shisu_juni,53,7394,76.18,12.58,72.8,False
KEIBAJO_SURFACE_06_ダ,da_tekisei_code+kyori_tekisei+pace_shisu_juni+shiba_tekisei_code,da_tekisei_code,kyori_tekisei,pace_shisu_juni,shiba_tekisei_code,43,7659,76.33,11.85,72.79,False
KEIBAJO_SURFACE_06_ダ,manken_shirushi+kyori_kubun+kyori_tekisei+joken_class_code,manken_shirushi,kyori_kubun,kyori_tekisei,joken_class_code,48,12540,75.66,10.16,72.79,False
KEIBAJO_SURFACE_06_ダ,hizume_code+uma_deokure_bin+da_tekisei_code+manken_shisu_decile,hizume_code,uma_deokure_bin,da_tekisei_code,manken_shisu_decile,36,5148,76.63,11.75,72.79,False
KEIBAJO_SURFACE_06_ダ,manken_shirushi+joken_class_code+uma_start_shisu_decile+umakigo_code,manken_shirushi,joken_class_code,uma_start_shisu_decile,umakigo_code,39,6239,76.74,12.61,72.79,False
KEIBAJO_SURFACE_06_ダ,pace_yoso+kyori_kubun+da_tekisei_code+manken_shisu_decile,pace_yoso,kyori_kubun,da_tekisei_code,manken_shisu_decile,68,20746,75.71,12.28,72.79,False
KEIBAJO_SURFACE_06_ダ,uma_deokure_bin+da_tekisei_code+pace_shisu_juni+shiba_tekisei_code,uma_deokure_bin,da_tekisei_code,pace_shisu_juni,shiba_tekisei_code,41,6268,76.11,10.9,72.78,False
KEIBAJO_SURFACE_06_ダ,da_tekisei_code+umakigo_code+ls_shisu_juni+pace_shisu_juni,da_tekisei_code,umakigo_code,ls_shisu_juni,pace_shisu_juni,80,12594,75.56,12.67,72.78,False
KEIBAJO_SURFACE_06_ダ,hizume_code+kyori_kubun+da_tekisei_code+omo_tekisei_code,hizume_code,kyori_kubun,da_tekisei_code,omo_tekisei_code,71,18472,75.39,11.28,72.77,False
KEIBAJO_SURFACE_06_ダ,da_tekisei_code+kyori_tekisei+kyakushitsu+ls_shisu_juni,da_tekisei_code,kyori_tekisei,kyakushitsu,ls_shisu_juni,76,16444,75.43,11.83,72.77,False
KEIBAJO_SURFACE_06_ダ,manken_shirushi+kyori_kubun+da_tekisei_code+kyori_tekisei_2,manken_shirushi,kyori_kubun,da_tekisei_code,kyori_tekisei_2,11,1372,78.7,10.03,72.77,False
KEIBAJO_SURFACE_06_ダ,uma_deokure_bin+da_tekisei_code+umakigo_code+pace_shisu_juni,uma_deokure_bin,da_tekisei_code,umakigo_code,pace_shisu_juni,72,17388,75.16,10.35,72.77,False
KEIBAJO_SURFACE_06_ダ,da_tekisei_code+kyori_tekisei+uma_start_shisu_decile+manken_shisu_decile,da_tekisei_code,kyori_tekisei,uma_start_shisu_decile,manken_shisu_decile,54,8793,75.48,10.15,72.77,False
KEIBAJO_SURFACE_06_ダ,da_tekisei_code+omo_tekisei_code+ls_shisu_juni+manken_shisu_decile,da_tekisei_code,omo_tekisei_code,ls_shisu_juni,manken_shisu_decile,70,10046,76.19,14.64,72.76,False
KEIBAJO_SURFACE_06_ダ,pace_yoso+uma_deokure_bin+da_tekisei_code+bataiju,pace_yoso,uma_deokure_bin,da_tekisei_code,bataiju,25,3157,76.47,9.53,72.73,False
KEIBAJO_SURFACE_06_ダ,manken_shirushi+da_tekisei_code+kyakushitsu+shiba_tekisei_code,manken_shirushi,da_tekisei_code,kyakushitsu,shiba_tekisei_code,28,4287,77.07,11.74,72.72,False
KEIBAJO_SURFACE_06_ダ,pace_yoso+da_tekisei_code+ichi_shisu_juni+manken_shisu_decile,pace_yoso,da_tekisei_code,ichi_shisu_juni,manken_shisu_decile,52,7376,75.36,9.72,72.72,False
KEIBAJO_SURFACE_06_ダ,pace_yoso+manken_shirushi+kyori_kubun+kyori_tekisei,pace_yoso,manken_shirushi,kyori_kubun,kyori_tekisei,60,15146,74.92,8.68,72.72,False
KEIBAJO_SURFACE_06_ダ,hizume_code+pace_yoso+umakigo_code+omo_tekisei_code,hizume_code,pace_yoso,umakigo_code,omo_tekisei_code,52,22968,74.72,7.36,72.72,False
KEIBAJO_SURFACE_06_ダ,hizume_code+kyori_kubun+ichi_shisu_juni+omo_tekisei_code,hizume_code,kyori_kubun,ichi_shisu_juni,omo_tekisei_code,19,2121,78.14,12.05,72.72,False
KEIBAJO_SURFACE_06_ダ,pace_yoso+da_tekisei_code+kyakushitsu+ten_shisu_juni,pace_yoso,da_tekisei_code,kyakushitsu,ten_shisu_juni,75,15658,75.32,11.52,72.71,False
KEIBAJO_SURFACE_06_ダ,joken_class_code+umakigo_code+ichi_shisu_juni+manken_shisu_decile,joken_class_code,umakigo_code,ichi_shisu_juni,manken_shisu_decile,40,7373,75.92,10.35,72.71,False
KEIBAJO_SURFACE_06_ダ,uma_start_shisu_decile+kyakushitsu+umakigo_code+manken_shisu_decile,uma_start_shisu_decile,kyakushitsu,umakigo_code,manken_shisu_decile,89,16083,75.04,11.2,72.71,False
KEIBAJO_SURFACE_06_ダ,uma_deokure_bin+da_tekisei_code+ichi_shisu_juni+omo_tekisei_code,uma_deokure_bin,da_tekisei_code,ichi_shisu_juni,omo_tekisei_code,81,12000,75.32,11.97,72.71,False
KEIBAJO_SURFACE_06_ダ,uma_deokure_bin+da_tekisei_code+ichi_shisu_juni+shiba_tekisei_code,uma_deokure_bin,da_tekisei_code,ichi_shisu_juni,shiba_tekisei_code,42,6321,76.25,11.73,72.7,False
KEIBAJO_SURFACE_06_ダ,kyori_kubun+da_tekisei_code+ichi_shisu_juni+omo_tekisei_code,kyori_kubun,da_tekisei_code,ichi_shisu_juni,omo_tekisei_code,108,16994,74.95,11.98,72.69,False
KEIBAJO_SURFACE_06_ダ,da_tekisei_code+kyori_tekisei+uma_start_shisu_decile+kyori_tekisei_2,da_tekisei_code,kyori_tekisei,uma_start_shisu_decile,kyori_tekisei_2,15,2823,78.11,10.71,72.69,False
KEIBAJO_SURFACE_06_ダ,manken_shirushi+da_tekisei_code+umakigo_code+ls_shisu_juni,manken_shirushi,da_tekisei_code,umakigo_code,ls_shisu_juni,60,9953,76.38,14.57,72.69,False
KEIBAJO_SURFACE_06_ダ,hizume_code+kyakushitsu+umakigo_code+kyori_tekisei_2,hizume_code,kyakushitsu,umakigo_code,kyori_tekisei_2,5,725,78.74,6.9,72.69,False
KEIBAJO_SURFACE_06_ダ,pace_yoso+umakigo_code+ichi_shisu_juni+ten_shisu_juni,pace_yoso,umakigo_code,ichi_shisu_juni,ten_shisu_juni,84,14078,75.36,12.54,72.68,False
KEIBAJO_SURFACE_06_ダ,manken_shirushi+kyori_kubun+kyori_tekisei+kyakushitsu,manken_shirushi,kyori_kubun,kyori_tekisei,kyakushitsu,77,11031,75.23,11.4,72.68,False
KEIBAJO_SURFACE_06_ダ,kyori_tekisei+ichi_shisu_juni+manken_shisu_decile+pace_shisu_juni,kyori_tekisei,ichi_shisu_juni,manken_shisu_decile,pace_shisu_juni,6,825,77.52,6.06,72.67,False
KEIBAJO_SURFACE_06_ダ,kyori_kubun+kyori_tekisei+kyakushitsu+omo_tekisei_code,kyori_kubun,kyori_tekisei,kyakushitsu,omo_tekisei_code,59,24110,75.1,9.58,72.66,False
KEIBAJO_SURFACE_06_ダ,uma_deokure_bin+da_tekisei_code+kyakushitsu+omo_tekisei_code,uma_deokure_bin,da_tekisei_code,kyakushitsu,omo_tekisei_code,57,20194,74.97,8.89,72.66,False
KEIBAJO_SURFACE_06_ダ,manken_shirushi+da_tekisei_code+manken_shisu_decile+shiba_tekisei_code,manken_shirushi,da_tekisei_code,manken_shisu_decile,shiba_tekisei_code,19,3828,77.77,11.36,72.66,False
KEIBAJO_SURFACE_06_ダ,da_tekisei_code+uma_start_shisu_decile+pace_shisu_juni+shiba_tekisei_code,da_tekisei_code,uma_start_shisu_decile,pace_shisu_juni,shiba_tekisei_code,13,1646,79.77,13.11,72.65,False
KEIBAJO_SURFACE_06_ダ,kyori_kubun+kyori_tekisei+joken_class_code+kyori_tekisei_2,kyori_kubun,kyori_tekisei,joken_class_code,kyori_tekisei_2,11,3251,76.45,6.43,72.65,False
KEIBAJO_SURFACE_06_ダ,pace_yoso+da_tekisei_code+kyori_tekisei+ls_shisu_juni,pace_yoso,da_tekisei_code,kyori_tekisei,ls_shisu_juni,52,19000,75.34,9.88,72.65,False
KEIBAJO_SURFACE_06_ダ,pace_yoso+da_tekisei_code+kyori_tekisei+kyakushitsu,pace_yoso,da_tekisei_code,kyori_tekisei,kyakushitsu,45,21271,75.37,9.35,72.64,False
KEIBAJO_SURFACE_06_ダ,da_tekisei_code+joken_class_code+uma_start_shisu_decile+umakigo_code,da_tekisei_code,joken_class_code,uma_start_shisu_decile,umakigo_code,47,20303,76.83,14.66,72.64,False
KEIBAJO_SURFACE_06_ダ,hizume_code+joken_class_code+umakigo_code+omo_tekisei_code,hizume_code,joken_class_code,umakigo_code,omo_tekisei_code,61,20881,75.35,10.81,72.64,False
KEIBAJO_SURFACE_06_ダ,kyori_kubun+joken_class_code+ichi_shisu_juni+omo_tekisei_code,kyori_kubun,joken_class_code,ichi_shisu_juni,omo_tekisei_code,84,13300,75.09,11.44,72.64,False
KEIBAJO_SURFACE_06_ダ,pace_yoso+kyori_kubun+kyori_tekisei+umakigo_code,pace_yoso,kyori_kubun,kyori_tekisei,umakigo_code,23,27981,75.41,6.81,72.63,False
KEIBAJO_SURFACE_06_ダ,manken_shirushi+kyori_kubun+umakigo_code+kyori_tekisei_2,manken_shirushi,kyori_kubun,umakigo_code,kyori_tekisei_2,12,1560,79.51,12.16,72.63,False
KEIBAJO_SURFACE_06_ダ,pace_yoso+kyori_kubun+joken_class_code+omo_tekisei_code,pace_yoso,kyori_kubun,joken_class_code,omo_tekisei_code,46,26335,74.39,6.09,72.63,False
KEIBAJO_SURFACE_06_ダ,uma_deokure_bin+kyakushitsu+omo_tekisei_code+pace_shisu_juni,uma_deokure_bin,kyakushitsu,omo_tekisei_code,pace_shisu_juni,70,8991,75.87,13.84,72.63,False
KEIBAJO_SURFACE_06_ダ,da_tekisei_code+umakigo_code+ichi_shisu_juni+omo_tekisei_code,da_tekisei_code,umakigo_code,ichi_shisu_juni,omo_tekisei_code,74,19402,74.94,10.18,72.62,False
KEIBAJO_SURFACE_06_ダ,da_tekisei_code+kyakushitsu+umakigo_code+manken_shisu_decile,da_tekisei_code,kyakushitsu,umakigo_code,manken_shisu_decile,58,19030,75.56,11.42,72.62,False
KEIBAJO_SURFACE_06_ダ,da_tekisei_code+kyakushitsu+ichi_shisu_juni+omo_tekisei_code,da_tekisei_code,kyakushitsu,ichi_shisu_juni,omo_tekisei_code,86,13599,75.08,11.66,72.62,False
KEIBAJO_SURFACE_06_ダ,kyori_tekisei+umakigo_code+omo_tekisei_code+manken_shisu_decile,kyori_tekisei,umakigo_code,omo_tekisei_code,manken_shisu_decile,74,21209,74.79,9.58,72.61,False
KEIBAJO_SURFACE_06_ダ,pace_yoso+joken_class_code+ichi_shisu_juni+pace_shisu_juni,pace_yoso,joken_class_code,ichi_shisu_juni,pace_shisu_juni,18,4145,76.5,8.45,72.6,False
KEIBAJO_SURFACE_06_ダ,joken_class_code+kyakushitsu+umakigo_code+manken_shisu_decile,joken_class_code,kyakushitsu,umakigo_code,manken_shisu_decile,91,23021,74.72,10.31,72.6,False
KEIBAJO_SURFACE_06_ダ,uma_deokure_bin+kyori_tekisei+ichi_shisu_juni+pace_shisu_juni,uma_deokure_bin,kyori_tekisei,ichi_shisu_juni,pace_shisu_juni,3,336,87.71,13.35,72.6,False
KEIBAJO_SURFACE_06_ダ,pace_yoso+kyakushitsu+umakigo_code+omo_tekisei_code,pace_yoso,kyakushitsu,umakigo_code,omo_tekisei_code,38,26317,75.3,8.5,72.6,False
KEIBAJO_SURFACE_06_ダ,uma_deokure_bin+kyori_tekisei+kyakushitsu+omo_tekisei_code,uma_deokure_bin,kyori_tekisei,kyakushitsu,omo_tekisei_code,74,20292,74.62,8.95,72.58,False
KEIBAJO_SURFACE_06_ダ,uma_deokure_bin+kyori_tekisei+joken_class_code+kyakushitsu,uma_deokure_bin,kyori_tekisei,joken_class_code,kyakushitsu,56,17116,75.87,12.58,72.58,False
KEIBAJO_SURFACE_06_ダ,manken_shirushi+da_tekisei_code+kyori_tekisei+kyori_tekisei_2,manken_shirushi,da_tekisei_code,kyori_tekisei,kyori_tekisei_2,13,1692,77.37,8.81,72.58,False
KEIBAJO_SURFACE_06_ダ,kyori_kubun+umakigo_code+kyori_tekisei_2+omo_tekisei_code,kyori_kubun,umakigo_code,kyori_tekisei_2,omo_tekisei_code,9,3319,77.05,6.86,72.57,False
KEIBAJO_SURFACE_06_ダ,manken_shirushi+da_tekisei_code+kyakushitsu+manken_shisu_decile,manken_shirushi,da_tekisei_code,kyakushitsu,manken_shisu_decile,28,4879,76.56,10.78,72.57,False
KEIBAJO_SURFACE_06_ダ,uma_deokure_bin+da_tekisei_code+kyakushitsu+umakigo_code,uma_deokure_bin,da_tekisei_code,kyakushitsu,umakigo_code,36,20909,75.53,9.08,72.57,False
KEIBAJO_SURFACE_06_ダ,uma_deokure_bin+kyori_tekisei+kyakushitsu+umakigo_code,uma_deokure_bin,kyori_tekisei,kyakushitsu,umakigo_code,51,22383,74.45,6.89,72.56,False
KEIBAJO_SURFACE_06_ダ,uma_deokure_bin+kyakushitsu+umakigo_code+bataiju,uma_deokure_bin,kyakushitsu,umakigo_code,bataiju,37,4072,76.27,11.56,72.55,False
KEIBAJO_SURFACE_06_ダ,kyori_kubun+umakigo_code+bataiju+omo_tekisei_code,kyori_kubun,umakigo_code,bataiju,omo_tekisei_code,77,9255,75.02,11.09,72.54,False
KEIBAJO_SURFACE_06_ダ,hizume_code+kyori_tekisei_2+omo_tekisei_code+shiba_tekisei_code,hizume_code,kyori_tekisei_2,omo_tekisei_code,shiba_tekisei_code,4,628,77.04,4.59,72.54,False
KEIBAJO_SURFACE_06_ダ,da_tekisei_code+kyori_tekisei+joken_class_code+umakigo_code,da_tekisei_code,kyori_tekisei,joken_class_code,umakigo_code,33,21214,75.72,9.35,72.53,False
KEIBAJO_SURFACE_06_ダ,uma_deokure_bin+da_tekisei_code+kyori_tekisei+ls_shisu_juni,uma_deokure_bin,da_tekisei_code,kyori_tekisei,ls_shisu_juni,63,15567,75.31,11.31,72.52,False
KEIBAJO_SURFACE_06_ダ,hizume_code+da_tekisei_code+kyori_tekisei+ichi_shisu_juni,hizume_code,da_tekisei_code,kyori_tekisei,ichi_shisu_juni,19,2186,77.54,11.2,72.51,False
KEIBAJO_SURFACE_06_ダ,manken_shirushi+uma_deokure_bin+umakigo_code+shiba_tekisei_code,manken_shirushi,uma_deokure_bin,umakigo_code,shiba_tekisei_code,17,6094,75.06,5.36,72.51,False
KEIBAJO_SURFACE_06_ダ,hizume_code+manken_shirushi+da_tekisei_code+omo_tekisei_code,hizume_code,manken_shirushi,da_tekisei_code,omo_tekisei_code,18,2618,75.71,6.93,72.51,False
KEIBAJO_SURFACE_06_ダ,kyori_kubun+kyakushitsu+omo_tekisei_code+pace_shisu_juni,kyori_kubun,kyakushitsu,omo_tekisei_code,pace_shisu_juni,95,12502,75.16,13.24,72.5,False
KEIBAJO_SURFACE_06_ダ,hizume_code+pace_yoso+da_tekisei_code+joken_class_code,hizume_code,pace_yoso,da_tekisei_code,joken_class_code,55,17783,74.98,9.38,72.5,False
KEIBAJO_SURFACE_06_ダ,uma_deokure_bin+kyakushitsu+omo_tekisei_code+ten_shisu_juni,uma_deokure_bin,kyakushitsu,omo_tekisei_code,ten_shisu_juni,68,9265,75.57,12.94,72.5,False
KEIBAJO_SURFACE_06_ダ,manken_shirushi+da_tekisei_code+omo_tekisei_code+shiba_tekisei_code,manken_shirushi,da_tekisei_code,omo_tekisei_code,shiba_tekisei_code,35,6031,76.75,12.85,72.49,False
KEIBAJO_SURFACE_06_ダ,pace_yoso+uma_deokure_bin+da_tekisei_code+ichi_shisu_juni,pace_yoso,uma_deokure_bin,da_tekisei_code,ichi_shisu_juni,80,15646,75.15,12.13,72.49,False
KEIBAJO_SURFACE_06_ダ,uma_deokure_bin+kyori_kubun+uma_start_shisu_decile+kyakushitsu,uma_deokure_bin,kyori_kubun,uma_start_shisu_decile,kyakushitsu,58,18433,75.24,10.68,72.49,False
KEIBAJO_SURFACE_06_ダ,hizume_code+kyori_kubun+omo_tekisei_code+ten_shisu_juni,hizume_code,kyori_kubun,omo_tekisei_code,ten_shisu_juni,8,867,79.67,10.35,72.49,False
KEIBAJO_SURFACE_06_ダ,pace_yoso+manken_shirushi+kyori_kubun+uma_start_shisu_decile,pace_yoso,manken_shirushi,kyori_kubun,uma_start_shisu_decile,41,6063,76.68,13.69,72.49,False
KEIBAJO_SURFACE_06_ダ,kyori_kubun+joken_class_code+kyori_tekisei_2+omo_tekisei_code,kyori_kubun,joken_class_code,kyori_tekisei_2,omo_tekisei_code,14,2655,77.32,9.22,72.49,False
KEIBAJO_SURFACE_06_ダ,da_tekisei_code+kyori_tekisei+kyakushitsu+kyori_tekisei_2,da_tekisei_code,kyori_tekisei,kyakushitsu,kyori_tekisei_2,12,3420,77.72,9.27,72.48,False
KEIBAJO_SURFACE_06_ダ,kyori_kubun+kyori_tekisei+kyori_tekisei_2+pace_shisu_juni,kyori_kubun,kyori_tekisei,kyori_tekisei_2,pace_shisu_juni,12,1457,80.0,13.32,72.47,False
KEIBAJO_SURFACE_06_ダ,da_tekisei_code+kyakushitsu+manken_shisu_decile+pace_shisu_juni,da_tekisei_code,kyakushitsu,manken_shisu_decile,pace_shisu_juni,8,891,82.99,15.18,72.47,False
KEIBAJO_SURFACE_06_ダ,pace_yoso+joken_class_code+kyakushitsu+pace_shisu_juni,pace_yoso,joken_class_code,kyakushitsu,pace_shisu_juni,102,16440,74.58,10.85,72.47,False
KEIBAJO_SURFACE_06_ダ,kyori_kubun+da_tekisei_code+omo_tekisei_code+ten_shisu_juni,kyori_kubun,da_tekisei_code,omo_tekisei_code,ten_shisu_juni,110,17270,75.26,14.88,72.47,False
KEIBAJO_SURFACE_06_ダ,joken_class_code+ichi_shisu_juni+omo_tekisei_code+ls_shisu_juni,joken_class_code,ichi_shisu_juni,omo_tekisei_code,ls_shisu_juni,14,1667,79.04,12.54,72.47,False
KEIBAJO_SURFACE_06_ダ,kyori_tekisei+umakigo_code+ichi_shisu_juni+manken_shisu_decile,kyori_tekisei,umakigo_code,ichi_shisu_juni,manken_shisu_decile,24,4950,76.88,11.05,72.46,False
KEIBAJO_SURFACE_06_ダ,uma_deokure_bin+da_tekisei_code+umakigo_code+manken_shisu_decile,uma_deokure_bin,da_tekisei_code,umakigo_code,manken_shisu_decile,52,18609,75.42,10.9,72.46,False
KEIBAJO_SURFACE_06_ダ,kyori_kubun+da_tekisei_code+joken_class_code+uma_start_shisu_decile,kyori_kubun,da_tekisei_code,joken_class_code,uma_start_shisu_decile,66,18977,75.54,12.76,72.46,False
KEIBAJO_SURFACE_06_ダ,pace_yoso+kyori_tekisei+kyori_tekisei_2+manken_shisu_decile,pace_yoso,kyori_tekisei,kyori_tekisei_2,manken_shisu_decile,13,2963,75.77,6.11,72.45,False
KEIBAJO_SURFACE_06_ダ,pace_yoso+da_tekisei_code+umakigo_code+ls_shisu_juni,pace_yoso,da_tekisei_code,umakigo_code,ls_shisu_juni,41,21683,75.45,9.78,72.45,False
KEIBAJO_SURFACE_06_ダ,uma_deokure_bin+joken_class_code+umakigo_code+bataiju,uma_deokure_bin,joken_class_code,umakigo_code,bataiju,49,6397,76.34,13.89,72.45,False
KEIBAJO_SURFACE_06_ダ,joken_class_code+umakigo_code+ten_shisu_juni+pace_shisu_juni,joken_class_code,umakigo_code,ten_shisu_juni,pace_shisu_juni,33,7130,76.75,12.63,72.44,False
KEIBAJO_SURFACE_06_ダ,uma_deokure_bin+kyakushitsu+umakigo_code+ichi_shisu_juni,uma_deokure_bin,kyakushitsu,umakigo_code,ichi_shisu_juni,66,17951,74.92,10.28,72.44,False
KEIBAJO_SURFACE_06_ダ,hizume_code+kyori_kubun+uma_start_shisu_decile+umakigo_code,hizume_code,kyori_kubun,uma_start_shisu_decile,umakigo_code,86,18494,74.97,11.96,72.44,False
KEIBAJO_SURFACE_06_ダ,manken_shirushi+uma_deokure_bin+kyori_tekisei+omo_tekisei_code,manken_shirushi,uma_deokure_bin,kyori_tekisei,omo_tekisei_code,44,5826,75.57,10.63,72.43,False
KEIBAJO_SURFACE_06_ダ,pace_yoso+kyori_kubun+uma_start_shisu_decile+kyakushitsu,pace_yoso,kyori_kubun,uma_start_shisu_decile,kyakushitsu,68,23081,74.47,8.59,72.43,False
KEIBAJO_SURFACE_06_ダ,manken_shirushi+kyori_kubun+omo_tekisei_code+manken_shisu_decile,manken_shirushi,kyori_kubun,omo_tekisei_code,manken_shisu_decile,40,6113,75.52,9.97,72.43,False
KEIBAJO_SURFACE_06_ダ,da_tekisei_code+omo_tekisei_code+pace_shisu_juni+shiba_tekisei_code,da_tekisei_code,omo_tekisei_code,pace_shisu_juni,shiba_tekisei_code,51,8054,75.77,12.18,72.43,False
KEIBAJO_SURFACE_06_ダ,uma_deokure_bin+kyori_kubun+umakigo_code+bataiju,uma_deokure_bin,kyori_kubun,umakigo_code,bataiju,84,10378,74.8,11.1,72.42,False
KEIBAJO_SURFACE_06_ダ,pace_yoso+joken_class_code+kyakushitsu+manken_shisu_decile,pace_yoso,joken_class_code,kyakushitsu,manken_shisu_decile,105,21069,74.53,11.0,72.42,False
KEIBAJO_SURFACE_06_ダ,hizume_code+da_tekisei_code+joken_class_code+omo_tekisei_code,hizume_code,da_tekisei_code,joken_class_code,omo_tekisei_code,62,16726,75.11,10.86,72.41,False
KEIBAJO_SURFACE_06_ダ,manken_shirushi+kyakushitsu+omo_tekisei_code+manken_shisu_decile,manken_shirushi,kyakushitsu,omo_tekisei_code,manken_shisu_decile,17,2480,77.93,11.61,72.41,False
KEIBAJO_SURFACE_06_ダ,pace_yoso+da_tekisei_code+omo_tekisei_code+manken_shisu_decile,pace_yoso,da_tekisei_code,omo_tekisei_code,manken_shisu_decile,65,19607,75.25,11.7,72.41,False
KEIBAJO_SURFACE_06_ダ,da_tekisei_code+uma_start_shisu_decile+kyakushitsu+ichi_shisu_juni,da_tekisei_code,uma_start_shisu_decile,kyakushitsu,ichi_shisu_juni,37,5476,76.34,12.23,72.4,False
KEIBAJO_SURFACE_06_ダ,kyori_tekisei+kyakushitsu+umakigo_code+kyori_tekisei_2,kyori_tekisei,kyakushitsu,umakigo_code,kyori_tekisei_2,11,3625,76.99,7.76,72.4,False
KEIBAJO_SURFACE_06_ダ,manken_shirushi+kyori_tekisei+uma_start_shisu_decile+manken_shisu_decile,manken_shirushi,kyori_tekisei,uma_start_shisu_decile,manken_shisu_decile,3,448,81.8,8.31,72.4,False
KEIBAJO_SURFACE_06_ダ,pace_yoso+manken_shirushi+kyori_tekisei+omo_tekisei_code,pace_yoso,manken_shirushi,kyori_tekisei,omo_tekisei_code,74,11939,74.98,11.33,72.4,False
KEIBAJO_SURFACE_06_ダ,hizume_code+kyori_kubun+joken_class_code+omo_tekisei_code,hizume_code,kyori_kubun,joken_class_code,omo_tekisei_code,82,19135,74.7,10.66,72.4,False
KEIBAJO_SURFACE_06_ダ,hizume_code+uma_deokure_bin+umakigo_code+omo_tekisei_code,hizume_code,uma_deokure_bin,umakigo_code,omo_tekisei_code,59,20113,74.65,8.81,72.4,False
KEIBAJO_SURFACE_06_ダ,da_tekisei_code+uma_start_shisu_decile+ichi_shisu_juni+shiba_tekisei_code,da_tekisei_code,uma_start_shisu_decile,ichi_shisu_juni,shiba_tekisei_code,13,1823,77.67,9.72,72.39,False
KEIBAJO_SURFACE_06_ダ,pace_yoso+uma_deokure_bin+da_tekisei_code+manken_shisu_decile,pace_yoso,uma_deokure_bin,da_tekisei_code,manken_shisu_decile,71,18546,75.25,12.3,72.39,False
KEIBAJO_SURFACE_06_ダ,pace_yoso+kyori_tekisei+ichi_shisu_juni+ten_shisu_juni,pace_yoso,kyori_tekisei,ichi_shisu_juni,ten_shisu_juni,17,3765,77.06,9.8,72.39,False
KEIBAJO_SURFACE_06_ダ,hizume_code+umakigo_code+omo_tekisei_code+manken_shisu_decile,hizume_code,umakigo_code,omo_tekisei_code,manken_shisu_decile,92,15162,74.94,12.48,72.39,False
KEIBAJO_SURFACE_06_ダ,kyori_kubun+da_tekisei_code+kyakushitsu+ichi_shisu_juni,kyori_kubun,da_tekisei_code,kyakushitsu,ichi_shisu_juni,99,17116,74.59,11.23,72.38,False
KEIBAJO_SURFACE_06_ダ,uma_deokure_bin+kyori_kubun+joken_class_code+kyakushitsu,uma_deokure_bin,kyori_kubun,joken_class_code,kyakushitsu,63,21412,74.97,10.49,72.38,False
KEIBAJO_SURFACE_06_ダ,pace_yoso+umakigo_code+ichi_shisu_juni+pace_shisu_juni,pace_yoso,umakigo_code,ichi_shisu_juni,pace_shisu_juni,84,14113,74.65,10.61,72.38,False
KEIBAJO_SURFACE_06_ダ,hizume_code+pace_yoso+umakigo_code+ichi_shisu_juni,hizume_code,pace_yoso,umakigo_code,ichi_shisu_juni,77,13423,74.73,10.53,72.38,False
KEIBAJO_SURFACE_06_ダ,hizume_code+kyori_kubun+kyori_tekisei+umakigo_code,hizume_code,kyori_kubun,kyori_tekisei,umakigo_code,53,20761,74.73,8.71,72.38,False
KEIBAJO_SURFACE_06_ダ,uma_deokure_bin+kyakushitsu+ls_shisu_juni+pace_shisu_juni,uma_deokure_bin,kyakushitsu,ls_shisu_juni,pace_shisu_juni,6,654,81.85,11.85,72.37,False
KEIBAJO_SURFACE_06_ダ,da_tekisei_code+kyori_tekisei+joken_class_code+ichi_shisu_juni,da_tekisei_code,kyori_tekisei,joken_class_code,ichi_shisu_juni,62,12099,75.0,10.58,72.36,False
KEIBAJO_SURFACE_06_ダ,hizume_code+kyori_kubun+da_tekisei_code+ichi_shisu_juni,hizume_code,kyori_kubun,da_tekisei_code,ichi_shisu_juni,23,2868,76.92,11.16,72.36,False
KEIBAJO_SURFACE_06_ダ,hizume_code+joken_class_code+kyakushitsu+ten_shisu_juni,hizume_code,joken_class_code,kyakushitsu,ten_shisu_juni,5,574,79.64,8.3,72.36,False
KEIBAJO_SURFACE_06_ダ,pace_yoso+da_tekisei_code+uma_start_shisu_decile+manken_shisu_decile,pace_yoso,da_tekisei_code,uma_start_shisu_decile,manken_shisu_decile,61,12799,74.72,9.44,72.36,False
KEIBAJO_SURFACE_06_ダ,da_tekisei_code+kyori_tekisei+ls_shisu_juni+manken_shisu_decile,da_tekisei_code,kyori_tekisei,ls_shisu_juni,manken_shisu_decile,57,9098,75.65,12.67,72.36,False
KEIBAJO_SURFACE_06_ダ,pace_yoso+da_tekisei_code+joken_class_code+uma_start_shisu_decile,pace_yoso,da_tekisei_code,joken_class_code,uma_start_shisu_decile,56,19998,75.81,13.2,72.35,False
KEIBAJO_SURFACE_06_ダ,manken_shirushi+kyori_kubun+kyori_tekisei+manken_shisu_decile,manken_shirushi,kyori_kubun,kyori_tekisei,manken_shisu_decile,53,9315,75.15,10.39,72.35,False
KEIBAJO_SURFACE_06_ダ,manken_shirushi+kyori_tekisei+umakigo_code+manken_shisu_decile,manken_shirushi,kyori_tekisei,umakigo_code,manken_shisu_decile,67,12331,75.16,11.77,72.35,False
KEIBAJO_SURFACE_06_ダ,pace_yoso+uma_deokure_bin+uma_start_shisu_decile+umakigo_code,pace_yoso,uma_deokure_bin,uma_start_shisu_decile,umakigo_code,52,24164,74.53,8.03,72.35,False
KEIBAJO_SURFACE_06_ダ,manken_shirushi+joken_class_code+umakigo_code+ls_shisu_juni,manken_shirushi,joken_class_code,umakigo_code,ls_shisu_juni,59,9986,75.32,11.64,72.35,False
KEIBAJO_SURFACE_06_ダ,da_tekisei_code+joken_class_code+uma_start_shisu_decile+kyakushitsu,da_tekisei_code,joken_class_code,uma_start_shisu_decile,kyakushitsu,62,16511,75.05,10.87,72.34,False
KEIBAJO_SURFACE_06_ダ,kyori_kubun+kyakushitsu+omo_tekisei_code+manken_shisu_decile,kyori_kubun,kyakushitsu,omo_tekisei_code,manken_shisu_decile,121,19531,74.41,11.65,72.34,False
KEIBAJO_SURFACE_06_ダ,uma_deokure_bin+joken_class_code+kyakushitsu+ten_shisu_juni,uma_deokure_bin,joken_class_code,kyakushitsu,ten_shisu_juni,65,9370,75.9,14.65,72.34,False
KEIBAJO_SURFACE_06_ダ,da_tekisei_code+kyori_tekisei+umakigo_code+ls_shisu_juni,da_tekisei_code,kyori_tekisei,umakigo_code,ls_shisu_juni,38,18715,75.71,10.61,72.33,False
KEIBAJO_SURFACE_06_ダ,joken_class_code+ichi_shisu_juni+ten_shisu_juni+pace_shisu_juni,joken_class_code,ichi_shisu_juni,ten_shisu_juni,pace_shisu_juni,13,2849,76.64,7.92,72.33,False
KEIBAJO_SURFACE_06_ダ,kyori_kubun+da_tekisei_code+omo_tekisei_code+pace_shisu_juni,kyori_kubun,da_tekisei_code,omo_tekisei_code,pace_shisu_juni,105,17133,74.86,13.22,72.33,False
KEIBAJO_SURFACE_06_ダ,kyori_kubun+kyori_tekisei+kyakushitsu+ten_shisu_juni,kyori_kubun,kyori_tekisei,kyakushitsu,ten_shisu_juni,109,16113,74.72,12.76,72.33,False
KEIBAJO_SURFACE_06_ダ,pace_yoso+joken_class_code+kyakushitsu+omo_tekisei_code,pace_yoso,joken_class_code,kyakushitsu,omo_tekisei_code,62,25556,74.46,8.6,72.32,False
KEIBAJO_SURFACE_06_ダ,uma_deokure_bin+kyori_kubun+kyakushitsu+omo_tekisei_code,uma_deokure_bin,kyori_kubun,kyakushitsu,omo_tekisei_code,65,23396,74.76,10.02,72.32,False
KEIBAJO_SURFACE_06_ダ,da_tekisei_code+ls_shisu_juni+manken_shisu_decile+shiba_tekisei_code,da_tekisei_code,ls_shisu_juni,manken_shisu_decile,shiba_tekisei_code,35,5471,76.07,11.36,72.31,False
KEIBAJO_SURFACE_06_ダ,pace_yoso+manken_shirushi+da_tekisei_code+joken_class_code,pace_yoso,manken_shirushi,da_tekisei_code,joken_class_code,41,11571,76.74,14.5,72.31,False
KEIBAJO_SURFACE_06_ダ,pace_yoso+joken_class_code+uma_start_shisu_decile+omo_tekisei_code,pace_yoso,joken_class_code,uma_start_shisu_decile,omo_tekisei_code,78,22583,74.56,10.15,72.3,False
KEIBAJO_SURFACE_06_ダ,pace_yoso+umakigo_code+manken_shisu_decile+ten_shisu_juni,pace_yoso,umakigo_code,manken_shisu_decile,ten_shisu_juni,101,15585,74.38,10.67,72.3,False
KEIBAJO_SURFACE_06_ダ,kyori_tekisei+uma_start_shisu_decile+umakigo_code+manken_shisu_decile,kyori_tekisei,uma_start_shisu_decile,umakigo_code,manken_shisu_decile,71,12365,74.95,11.4,72.3,False
KEIBAJO_SURFACE_06_ダ,manken_shirushi+uma_deokure_bin+joken_class_code+omo_tekisei_code,manken_shirushi,uma_deokure_bin,joken_class_code,omo_tekisei_code,41,7675,75.97,12.01,72.29,False
KEIBAJO_SURFACE_06_ダ,pace_yoso+ichi_shisu_juni+ten_shisu_juni+pace_shisu_juni,pace_yoso,ichi_shisu_juni,ten_shisu_juni,pace_shisu_juni,13,2871,76.06,6.93,72.29,False
KEIBAJO_SURFACE_06_ダ,pace_yoso+kyori_tekisei+umakigo_code+kyori_tekisei_2,pace_yoso,kyori_tekisei,umakigo_code,kyori_tekisei_2,7,3880,78.08,7.82,72.29,False
KEIBAJO_SURFACE_06_ダ,pace_yoso+kyori_tekisei+bataiju+omo_tekisei_code,pace_yoso,kyori_tekisei,bataiju,omo_tekisei_code,5,522,76.39,4.68,72.29,False
KEIBAJO_SURFACE_06_ダ,uma_deokure_bin+umakigo_code+ichi_shisu_juni+omo_tekisei_code,uma_deokure_bin,umakigo_code,ichi_shisu_juni,omo_tekisei_code,82,18917,74.37,9.62,72.28,False
KEIBAJO_SURFACE_06_ダ,kyori_kubun+kyori_tekisei+joken_class_code+uma_start_shisu_decile,kyori_kubun,kyori_tekisei,joken_class_code,uma_start_shisu_decile,72,19306,75.04,11.92,72.28,False
KEIBAJO_SURFACE_06_ダ,da_tekisei_code+joken_class_code+umakigo_code+bataiju,da_tekisei_code,joken_class_code,umakigo_code,bataiju,70,10204,75.13,12.18,72.28,False
KEIBAJO_SURFACE_06_ダ,pace_yoso+manken_shirushi+umakigo_code+ls_shisu_juni,pace_yoso,manken_shirushi,umakigo_code,ls_shisu_juni,71,13925,75.42,13.54,72.27,False
KEIBAJO_SURFACE_06_ダ,pace_yoso+kyakushitsu+omo_tekisei_code+ls_shisu_juni,pace_yoso,kyakushitsu,omo_tekisei_code,ls_shisu_juni,93,22523,74.47,10.86,72.27,False
KEIBAJO_SURFACE_06_ダ,pace_yoso+da_tekisei_code+joken_class_code+kyakushitsu,pace_yoso,da_tekisei_code,joken_class_code,kyakushitsu,43,22119,76.01,12.53,72.26,False
KEIBAJO_SURFACE_06_ダ,hizume_code+da_tekisei_code+kyakushitsu+pace_shisu_juni,hizume_code,da_tekisei_code,kyakushitsu,pace_shisu_juni,9,1101,82.31,15.39,72.26,False
KEIBAJO_SURFACE_06_ダ,kyori_kubun+uma_start_shisu_decile+kyakushitsu+omo_tekisei_code,kyori_kubun,uma_start_shisu_decile,kyakushitsu,omo_tekisei_code,95,22088,74.28,10.05,72.26,False
KEIBAJO_SURFACE_06_ダ,kyori_kubun+da_tekisei_code+kyakushitsu+ls_shisu_juni,kyori_kubun,da_tekisei_code,kyakushitsu,ls_shisu_juni,83,19066,74.79,11.82,72.25,False
KEIBAJO_SURFACE_06_ダ,hizume_code+kyori_kubun+da_tekisei_code+ten_shisu_juni,hizume_code,kyori_kubun,da_tekisei_code,ten_shisu_juni,24,2922,76.88,11.61,72.24,False
KEIBAJO_SURFACE_06_ダ,kyori_kubun+uma_start_shisu_decile+umakigo_code+manken_shisu_decile,kyori_kubun,uma_start_shisu_decile,umakigo_code,manken_shisu_decile,106,20374,74.5,11.89,72.24,False
KEIBAJO_SURFACE_06_ダ,uma_deokure_bin+kyori_tekisei+umakigo_code+manken_shisu_decile,uma_deokure_bin,kyori_tekisei,umakigo_code,manken_shisu_decile,71,18501,74.6,10.14,72.24,False
KEIBAJO_SURFACE_06_ダ,pace_yoso+da_tekisei_code+ichi_shisu_juni+omo_tekisei_code,pace_yoso,da_tekisei_code,ichi_shisu_juni,omo_tekisei_code,80,17168,74.22,9.1,72.23,False
KEIBAJO_SURFACE_06_ダ,da_tekisei_code+ichi_shisu_juni+omo_tekisei_code+shiba_tekisei_code,da_tekisei_code,ichi_shisu_juni,omo_tekisei_code,shiba_tekisei_code,51,7755,75.7,12.63,72.23,False
KEIBAJO_SURFACE_06_ダ,uma_deokure_bin+kyori_kubun+da_tekisei_code+umakigo_code,uma_deokure_bin,kyori_kubun,da_tekisei_code,umakigo_code,31,21632,75.71,9.88,72.23,False
KEIBAJO_SURFACE_06_ダ,hizume_code+pace_yoso+uma_deokure_bin+da_tekisei_code,hizume_code,pace_yoso,uma_deokure_bin,da_tekisei_code,60,16691,74.26,8.01,72.23,False
KEIBAJO_SURFACE_06_ダ,da_tekisei_code+kyakushitsu+omo_tekisei_code+ls_shisu_juni,da_tekisei_code,kyakushitsu,omo_tekisei_code,ls_shisu_juni,85,17585,74.68,11.62,72.21,False
KEIBAJO_SURFACE_06_ダ,pace_yoso+uma_deokure_bin+ichi_shisu_juni+manken_shisu_decile,pace_yoso,uma_deokure_bin,ichi_shisu_juni,manken_shisu_decile,11,1292,81.02,14.9,72.21,False
KEIBAJO_SURFACE_06_ダ,hizume_code+pace_yoso+kyori_kubun+manken_shisu_decile,hizume_code,pace_yoso,kyori_kubun,manken_shisu_decile,69,12074,74.72,10.63,72.21,False
KEIBAJO_SURFACE_06_ダ,kyori_kubun+joken_class_code+omo_tekisei_code+manken_shisu_decile,kyori_kubun,joken_class_code,omo_tekisei_code,manken_shisu_decile,92,19164,74.22,9.89,72.2,False
KEIBAJO_SURFACE_06_ダ,pace_yoso+kyori_kubun+joken_class_code+umakigo_code,pace_yoso,kyori_kubun,joken_class_code,umakigo_code,26,29169,73.33,2.94,72.2,False
KEIBAJO_SURFACE_06_ダ,hizume_code+manken_shirushi+uma_deokure_bin+kyori_kubun,hizume_code,manken_shirushi,uma_deokure_bin,kyori_kubun,19,2135,77.55,11.9,72.2,False
KEIBAJO_SURFACE_06_ダ,hizume_code+da_tekisei_code+umakigo_code+ls_shisu_juni,hizume_code,da_tekisei_code,umakigo_code,ls_shisu_juni,69,14991,75.43,13.71,72.19,False
KEIBAJO_SURFACE_06_ダ,uma_deokure_bin+da_tekisei_code+kyori_tekisei+umakigo_code,uma_deokure_bin,da_tekisei_code,kyori_tekisei,umakigo_code,32,20217,75.22,8.74,72.19,False
KEIBAJO_SURFACE_06_ダ,uma_deokure_bin+kyori_kubun+kyori_tekisei+kyori_tekisei_2,uma_deokure_bin,kyori_kubun,kyori_tekisei,kyori_tekisei_2,13,3293,76.19,7.38,72.18,False
KEIBAJO_SURFACE_06_ダ,da_tekisei_code+joken_class_code+uma_start_shisu_decile+omo_tekisei_code,da_tekisei_code,joken_class_code,uma_start_shisu_decile,omo_tekisei_code,65,18159,74.75,10.58,72.18,False
KEIBAJO_SURFACE_06_ダ,da_tekisei_code+kyori_tekisei+joken_class_code+pace_shisu_juni,da_tekisei_code,kyori_tekisei,joken_class_code,pace_shisu_juni,62,12278,75.17,12.02,72.17,False
KEIBAJO_SURFACE_06_ダ,da_tekisei_code+joken_class_code+umakigo_code+ichi_shisu_juni,da_tekisei_code,joken_class_code,umakigo_code,ichi_shisu_juni,56,17495,75.14,11.35,72.17,False
KEIBAJO_SURFACE_06_ダ,pace_yoso+da_tekisei_code+kyori_tekisei+ichi_shisu_juni,pace_yoso,da_tekisei_code,kyori_tekisei,ichi_shisu_juni,76,17231,74.31,9.49,72.17,False
KEIBAJO_SURFACE_06_ダ,uma_deokure_bin+kyori_kubun+joken_class_code+manken_shisu_decile,uma_deokure_bin,kyori_kubun,joken_class_code,manken_shisu_decile,69,15734,74.81,11.22,72.17,False
KEIBAJO_SURFACE_06_ダ,kyori_tekisei+joken_class_code+uma_start_shisu_decile+umakigo_code,kyori_tekisei,joken_class_code,uma_start_shisu_decile,umakigo_code,69,20441,74.87,11.44,72.17,False
KEIBAJO_SURFACE_06_ダ,pace_yoso+kyori_kubun+uma_start_shisu_decile+manken_shisu_decile,pace_yoso,kyori_kubun,uma_start_shisu_decile,manken_shisu_decile,96,16294,74.57,12.0,72.17,False
KEIBAJO_SURFACE_06_ダ,kyori_tekisei+joken_class_code+kyori_tekisei_2+omo_tekisei_code,kyori_tekisei,joken_class_code,kyori_tekisei_2,omo_tekisei_code,15,3152,76.69,8.94,72.16,False
KEIBAJO_SURFACE_06_ダ,pace_yoso+manken_shirushi+kyori_kubun+kyakushitsu,pace_yoso,manken_shirushi,kyori_kubun,kyakushitsu,74,13560,74.45,10.05,72.16,False
KEIBAJO_SURFACE_06_ダ,pace_yoso+manken_shirushi+joken_class_code+umakigo_code,pace_yoso,manken_shirushi,joken_class_code,umakigo_code,40,15648,75.62,11.17,72.16,False
KEIBAJO_SURFACE_06_ダ,hizume_code+pace_yoso+da_tekisei_code+manken_shisu_decile,hizume_code,pace_yoso,da_tekisei_code,manken_shisu_decile,56,10914,75.23,11.74,72.15,False
KEIBAJO_SURFACE_06_ダ,pace_yoso+da_tekisei_code+kyakushitsu+pace_shisu_juni,pace_yoso,da_tekisei_code,kyakushitsu,pace_shisu_juni,78,15524,74.58,10.97,72.15,False
KEIBAJO_SURFACE_06_ダ,hizume_code+uma_deokure_bin+uma_start_shisu_decile+umakigo_code,hizume_code,uma_deokure_bin,uma_start_shisu_decile,umakigo_code,61,14969,74.98,11.3,72.15,False
KEIBAJO_SURFACE_06_ダ,pace_yoso+uma_deokure_bin+kyori_kubun+umakigo_code,pace_yoso,uma_deokure_bin,kyori_kubun,umakigo_code,29,25814,74.32,5.97,72.14,False
KEIBAJO_SURFACE_06_ダ,da_tekisei_code+uma_start_shisu_decile+kyakushitsu+shiba_tekisei_code,da_tekisei_code,uma_start_shisu_decile,kyakushitsu,shiba_tekisei_code,35,8916,75.73,10.85,72.14,False
KEIBAJO_SURFACE_06_ダ,kyakushitsu+ichi_shisu_juni+manken_shisu_decile+pace_shisu_juni,kyakushitsu,ichi_shisu_juni,manken_shisu_decile,pace_shisu_juni,4,556,78.77,6.76,72.14,False
KEIBAJO_SURFACE_06_ダ,pace_yoso+da_tekisei_code+omo_tekisei_code+ten_shisu_juni,pace_yoso,da_tekisei_code,omo_tekisei_code,ten_shisu_juni,81,17401,74.73,11.89,72.14,False
KEIBAJO_SURFACE_06_ダ,uma_deokure_bin+kyori_kubun+uma_start_shisu_decile+omo_tekisei_code,uma_deokure_bin,kyori_kubun,uma_start_shisu_decile,omo_tekisei_code,62,19199,74.34,8.83,72.14,False
KEIBAJO_SURFACE_06_ダ,kyori_kubun+kyakushitsu+omo_tekisei_code+ten_shisu_juni,kyori_kubun,kyakushitsu,omo_tekisei_code,ten_shisu_juni,99,13287,74.82,13.57,72.14,False
KEIBAJO_SURFACE_06_ダ,hizume_code+umakigo_code+ichi_shisu_juni+pace_shisu_juni,hizume_code,umakigo_code,ichi_shisu_juni,pace_shisu_juni,3,397,83.7,10.22,72.13,False
KEIBAJO_SURFACE_06_ダ,da_tekisei_code+joken_class_code+umakigo_code+manken_shisu_decile,da_tekisei_code,joken_class_code,umakigo_code,manken_shisu_decile,47,19239,75.44,11.59,72.13,False
KEIBAJO_SURFACE_06_ダ,pace_yoso+manken_shirushi+umakigo_code+shiba_tekisei_code,pace_yoso,manken_shirushi,umakigo_code,shiba_tekisei_code,24,8650,75.18,7.61,72.13,False
KEIBAJO_SURFACE_06_ダ,da_tekisei_code+joken_class_code+kyakushitsu+ichi_shisu_juni,da_tekisei_code,joken_class_code,kyakushitsu,ichi_shisu_juni,80,13824,74.57,11.12,72.13,False
KEIBAJO_SURFACE_06_ダ,pace_yoso+da_tekisei_code+joken_class_code+manken_shisu_decile,pace_yoso,da_tekisei_code,joken_class_code,manken_shisu_decile,63,19524,75.18,12.38,72.12,False
KEIBAJO_SURFACE_06_ダ,da_tekisei_code+uma_start_shisu_decile+omo_tekisei_code+pace_shisu_juni,da_tekisei_code,uma_start_shisu_decile,omo_tekisei_code,pace_shisu_juni,27,3292,77.29,13.75,72.11,False
KEIBAJO_SURFACE_06_ダ,uma_deokure_bin+kyori_tekisei+omo_tekisei_code+manken_shisu_decile,uma_deokure_bin,kyori_tekisei,omo_tekisei_code,manken_shisu_decile,79,13709,74.47,10.69,72.11,False
KEIBAJO_SURFACE_06_ダ,da_tekisei_code+umakigo_code+omo_tekisei_code+manken_shisu_decile,da_tekisei_code,umakigo_code,omo_tekisei_code,manken_shisu_decile,49,19836,75.17,10.94,72.11,False
KEIBAJO_SURFACE_06_ダ,kyori_kubun+joken_class_code+kyakushitsu+ten_shisu_juni,kyori_kubun,joken_class_code,kyakushitsu,ten_shisu_juni,95,13689,74.76,13.24,72.1,False
KEIBAJO_SURFACE_06_ダ,kyori_kubun+da_tekisei_code+pace_shisu_juni+shiba_tekisei_code,kyori_kubun,da_tekisei_code,pace_shisu_juni,shiba_tekisei_code,48,8652,75.02,10.38,72.09,False
KEIBAJO_SURFACE_06_ダ,da_tekisei_code+kyori_tekisei+omo_tekisei_code+pace_shisu_juni,da_tekisei_code,kyori_tekisei,omo_tekisei_code,pace_shisu_juni,76,13244,74.95,12.72,72.09,False
KEIBAJO_SURFACE_06_ダ,uma_deokure_bin+kyakushitsu+umakigo_code+manken_shisu_decile,uma_deokure_bin,kyakushitsu,umakigo_code,manken_shisu_decile,72,19402,74.34,9.73,72.09,False
KEIBAJO_SURFACE_06_ダ,da_tekisei_code+kyori_tekisei+ichi_shisu_juni+omo_tekisei_code,da_tekisei_code,kyori_tekisei,ichi_shisu_juni,omo_tekisei_code,81,13500,74.61,11.59,72.09,False
KEIBAJO_SURFACE_06_ダ,uma_deokure_bin+da_tekisei_code+manken_shisu_decile+shiba_tekisei_code,uma_deokure_bin,da_tekisei_code,manken_shisu_decile,shiba_tekisei_code,39,8118,74.92,9.0,72.09,False
KEIBAJO_SURFACE_06_ダ,kyori_kubun+umakigo_code+ten_shisu_juni+pace_shisu_juni,kyori_kubun,umakigo_code,ten_shisu_juni,pace_shisu_juni,60,10559,74.9,11.15,72.08,False
KEIBAJO_SURFACE_06_ダ,kyori_kubun+da_tekisei_code+ls_shisu_juni+manken_shisu_decile,kyori_kubun,da_tekisei_code,ls_shisu_juni,manken_shisu_decile,83,12510,74.81,12.72,72.08,False
KEIBAJO_SURFACE_06_ダ,pace_yoso+manken_shirushi+kyori_tekisei+kyakushitsu,pace_yoso,manken_shirushi,kyori_tekisei,kyakushitsu,62,9429,74.91,11.36,72.08,False
KEIBAJO_SURFACE_06_ダ,uma_deokure_bin+da_tekisei_code+kyori_tekisei+joken_class_code,uma_deokure_bin,da_tekisei_code,kyori_tekisei,joken_class_code,54,19148,74.86,10.47,72.07,False
KEIBAJO_SURFACE_06_ダ,hizume_code+pace_yoso+da_tekisei_code+kyakushitsu,hizume_code,pace_yoso,da_tekisei_code,kyakushitsu,68,17107,74.51,10.29,72.07,False
KEIBAJO_SURFACE_06_ダ,uma_deokure_bin+kyori_kubun+omo_tekisei_code+manken_shisu_decile,uma_deokure_bin,kyori_kubun,omo_tekisei_code,manken_shisu_decile,98,19128,74.17,10.67,72.06,False
KEIBAJO_SURFACE_06_ダ,uma_deokure_bin+kyori_kubun+kyori_tekisei+kyakushitsu,uma_deokure_bin,kyori_kubun,kyori_tekisei,kyakushitsu,59,22229,74.38,9.08,72.06,False
KEIBAJO_SURFACE_06_ダ,pace_yoso+kyori_tekisei+kyakushitsu+umakigo_code,pace_yoso,kyori_tekisei,kyakushitsu,umakigo_code,45,27758,74.75,9.2,72.06,False
KEIBAJO_SURFACE_06_ダ,hizume_code+manken_shirushi+umakigo_code+manken_shisu_decile,hizume_code,manken_shirushi,umakigo_code,manken_shisu_decile,22,3356,77.39,12.78,72.05,False
KEIBAJO_SURFACE_06_ダ,pace_yoso+kyori_tekisei+umakigo_code+bataiju,pace_yoso,kyori_tekisei,umakigo_code,bataiju,98,12884,74.23,11.03,72.05,False
KEIBAJO_SURFACE_06_ダ,da_tekisei_code+umakigo_code+omo_tekisei_code+pace_shisu_juni,da_tekisei_code,umakigo_code,omo_tekisei_code,pace_shisu_juni,70,19158,74.68,11.25,72.05,False
KEIBAJO_SURFACE_06_ダ,kyori_kubun+da_tekisei_code+kyori_tekisei+pace_shisu_juni,kyori_kubun,da_tekisei_code,kyori_tekisei,pace_shisu_juni,67,16448,74.34,9.57,72.05,False
KEIBAJO_SURFACE_06_ダ,da_tekisei_code+joken_class_code+ichi_shisu_juni+manken_shisu_decile,da_tekisei_code,joken_class_code,ichi_shisu_juni,manken_shisu_decile,7,743,80.33,11.18,72.05,False
KEIBAJO_SURFACE_06_ダ,kyori_kubun+kyakushitsu+ichi_shisu_juni+ten_shisu_juni,kyori_kubun,kyakushitsu,ichi_shisu_juni,ten_shisu_juni,29,4162,76.19,11.39,72.04,False
KEIBAJO_SURFACE_06_ダ,da_tekisei_code+joken_class_code+omo_tekisei_code+manken_shisu_decile,da_tekisei_code,joken_class_code,omo_tekisei_code,manken_shisu_decile,65,17037,74.52,10.18,72.04,False
KEIBAJO_SURFACE_06_ダ,pace_yoso+da_tekisei_code+joken_class_code+ls_shisu_juni,pace_yoso,da_tekisei_code,joken_class_code,ls_shisu_juni,55,20191,75.04,11.35,72.04,False
KEIBAJO_SURFACE_06_ダ,da_tekisei_code+umakigo_code+ls_shisu_juni+ten_shisu_juni,da_tekisei_code,umakigo_code,ls_shisu_juni,ten_shisu_juni,78,11985,75.15,14.03,72.03,False
KEIBAJO_SURFACE_06_ダ,hizume_code+pace_yoso+kyori_kubun+joken_class_code,hizume_code,pace_yoso,kyori_kubun,joken_class_code,76,20644,74.13,9.35,72.03,False
KEIBAJO_SURFACE_06_ダ,kyakushitsu+umakigo_code+omo_tekisei_code+manken_shisu_decile,kyakushitsu,umakigo_code,omo_tekisei_code,manken_shisu_decile,90,22868,74.34,11.24,72.02,False
KEIBAJO_SURFACE_06_ダ,pace_yoso+da_tekisei_code+joken_class_code+bataiju,pace_yoso,da_tekisei_code,joken_class_code,bataiju,47,6209,75.5,12.17,72.02,False
KEIBAJO_SURFACE_06_ダ,hizume_code+kyori_kubun+kyori_tekisei+omo_tekisei_code,hizume_code,kyori_kubun,kyori_tekisei,omo_tekisei_code,74,19346,74.41,10.5,72.02,False
KEIBAJO_SURFACE_06_ダ,uma_deokure_bin+kyakushitsu+ichi_shisu_juni+omo_tekisei_code,uma_deokure_bin,kyakushitsu,ichi_shisu_juni,omo_tekisei_code,77,12066,74.76,12.29,72.02,False
KEIBAJO_SURFACE_06_ダ,kyori_kubun+da_tekisei_code+kyori_tekisei+ichi_shisu_juni,kyori_kubun,da_tekisei_code,kyori_tekisei,ichi_shisu_juni,73,16926,74.2,9.5,72.02,False
KEIBAJO_SURFACE_06_ダ,joken_class_code+kyakushitsu+omo_tekisei_code+pace_shisu_juni,joken_class_code,kyakushitsu,omo_tekisei_code,pace_shisu_juni,56,7549,75.59,13.63,72.02,False
KEIBAJO_SURFACE_06_ダ,pace_yoso+joken_class_code+kyakushitsu+ten_shisu_juni,pace_yoso,joken_class_code,kyakushitsu,ten_shisu_juni,115,18232,74.39,13.05,72.01,False
KEIBAJO_SURFACE_06_ダ,kyori_kubun+kyori_tekisei+umakigo_code+manken_shisu_decile,kyori_kubun,kyori_tekisei,umakigo_code,manken_shisu_decile,49,24198,74.27,8.08,72.01,False
KEIBAJO_SURFACE_06_ダ,pace_yoso+kyori_kubun+da_tekisei_code+joken_class_code,pace_yoso,kyori_kubun,da_tekisei_code,joken_class_code,33,23072,75.2,9.35,72.01,False
KEIBAJO_SURFACE_06_ダ,pace_yoso+uma_deokure_bin+kyori_tekisei+joken_class_code,pace_yoso,uma_deokure_bin,kyori_tekisei,joken_class_code,64,22900,74.57,10.44,72.01,False
KEIBAJO_SURFACE_06_ダ,pace_yoso+kyori_kubun+umakigo_code+omo_tekisei_code,pace_yoso,kyori_kubun,umakigo_code,omo_tekisei_code,28,26665,74.44,6.56,72.01,False
KEIBAJO_SURFACE_06_ダ,pace_yoso+manken_shirushi+da_tekisei_code+ls_shisu_juni,pace_yoso,manken_shirushi,da_tekisei_code,ls_shisu_juni,51,7623,75.9,14.2,72.01,False
KEIBAJO_SURFACE_06_ダ,pace_yoso+kyori_kubun+kyakushitsu+ichi_shisu_juni,pace_yoso,kyori_kubun,kyakushitsu,ichi_shisu_juni,89,23350,74.07,9.94,72.0,False
KEIBAJO_SURFACE_06_ダ,pace_yoso+da_tekisei_code+kyori_tekisei+pace_shisu_juni,pace_yoso,da_tekisei_code,kyori_tekisei,pace_shisu_juni,71,16927,74.49,10.73,72.0,False
KEIBAJO_SURFACE_06_ダ,pace_yoso+umakigo_code+ichi_shisu_juni+manken_shisu_decile,pace_yoso,umakigo_code,ichi_shisu_juni,manken_shisu_decile,101,17681,73.9,9.75,72.0,False
KEIBAJO_SURFACE_06_ダ,pace_yoso+joken_class_code+uma_start_shisu_decile+kyakushitsu,pace_yoso,joken_class_code,uma_start_shisu_decile,kyakushitsu,79,20887,74.37,10.78,72.0,False
KEIBAJO_SURFACE_06_ダ,pace_yoso+joken_class_code+umakigo_code+omo_tekisei_code,pace_yoso,joken_class_code,umakigo_code,omo_tekisei_code,30,26086,74.36,6.62,71.99,False
KEIBAJO_SURFACE_06_ダ,da_tekisei_code+uma_start_shisu_decile+umakigo_code+ls_shisu_juni,da_tekisei_code,uma_start_shisu_decile,umakigo_code,ls_shisu_juni,78,17957,74.78,12.65,71.98,False
KEIBAJO_SURFACE_06_ダ,uma_deokure_bin+kyori_kubun+kyori_tekisei+uma_start_shisu_decile,uma_deokure_bin,kyori_kubun,kyori_tekisei,uma_start_shisu_decile,61,18747,74.91,11.64,71.98,False
KEIBAJO_SURFACE_06_ダ,pace_yoso+manken_shirushi+uma_deokure_bin+shiba_tekisei_code,pace_yoso,manken_shirushi,uma_deokure_bin,shiba_tekisei_code,25,5466,75.61,9.24,71.98,False
KEIBAJO_SURFACE_06_ダ,hizume_code+kyori_kubun+kyakushitsu+umakigo_code,hizume_code,kyori_kubun,kyakushitsu,umakigo_code,66,21715,74.01,8.45,71.97,False
KEIBAJO_SURFACE_06_ダ,pace_yoso+uma_deokure_bin+da_tekisei_code+ten_shisu_juni,pace_yoso,uma_deokure_bin,da_tekisei_code,ten_shisu_juni,81,15443,74.43,11.3,71.97,False
KEIBAJO_SURFACE_06_ダ,hizume_code+da_tekisei_code+kyori_tekisei+joken_class_code,hizume_code,da_tekisei_code,kyori_tekisei,joken_class_code,54,14166,74.79,10.57,71.97,False
KEIBAJO_SURFACE_06_ダ,pace_yoso+uma_start_shisu_decile+kyakushitsu+omo_tekisei_code,pace_yoso,uma_start_shisu_decile,kyakushitsu,omo_tekisei_code,78,22308,73.95,8.94,71.97,False
KEIBAJO_SURFACE_06_ダ,kyori_kubun+da_tekisei_code+umakigo_code+omo_tekisei_code,kyori_kubun,da_tekisei_code,umakigo_code,omo_tekisei_code,25,22424,75.29,8.49,71.97,False
KEIBAJO_SURFACE_06_ダ,da_tekisei_code+joken_class_code+umakigo_code+ten_shisu_juni,da_tekisei_code,joken_class_code,umakigo_code,ten_shisu_juni,55,17322,75.41,13.01,71.97,False
KEIBAJO_SURFACE_06_ダ,da_tekisei_code+kyakushitsu+umakigo_code+ten_shisu_juni,da_tekisei_code,kyakushitsu,umakigo_code,ten_shisu_juni,82,18855,74.41,11.34,71.96,False
KEIBAJO_SURFACE_06_ダ,da_tekisei_code+uma_start_shisu_decile+omo_tekisei_code+shiba_tekisei_code,da_tekisei_code,uma_start_shisu_decile,omo_tekisei_code,shiba_tekisei_code,42,10159,74.97,9.96,71.96,False
KEIBAJO_SURFACE_06_ダ,hizume_code+pace_yoso+umakigo_code+ten_shisu_juni,hizume_code,pace_yoso,umakigo_code,ten_shisu_juni,78,13330,74.62,11.96,71.96,False
KEIBAJO_SURFACE_06_ダ,uma_deokure_bin+kyakushitsu+omo_tekisei_code+manken_shisu_decile,uma_deokure_bin,kyakushitsu,omo_tekisei_code,manken_shisu_decile,95,14794,74.44,12.35,71.96,False
KEIBAJO_SURFACE_06_ダ,uma_deokure_bin+kyori_kubun+kyakushitsu+pace_shisu_juni,uma_deokure_bin,kyori_kubun,kyakushitsu,pace_shisu_juni,87,13564,74.51,12.16,71.96,False
KEIBAJO_SURFACE_06_ダ,hizume_code+kyori_kubun+kyori_tekisei+kyakushitsu,hizume_code,kyori_kubun,kyori_tekisei,kyakushitsu,80,16061,74.48,11.5,71.96,False
KEIBAJO_SURFACE_06_ダ,hizume_code+pace_yoso+joken_class_code+umakigo_code,hizume_code,pace_yoso,joken_class_code,umakigo_code,54,21819,74.04,7.85,71.95,False
KEIBAJO_SURFACE_06_ダ,pace_yoso+da_tekisei_code+kyakushitsu+manken_shisu_decile,pace_yoso,da_tekisei_code,kyakushitsu,manken_shisu_decile,66,17472,74.87,12.1,71.95,False
KEIBAJO_SURFACE_06_ダ,da_tekisei_code+uma_start_shisu_decile+ichi_shisu_juni+omo_tekisei_code,da_tekisei_code,uma_start_shisu_decile,ichi_shisu_juni,omo_tekisei_code,29,3875,76.73,13.12,71.95,False
KEIBAJO_SURFACE_06_ダ,hizume_code+uma_deokure_bin+kyori_kubun+kyakushitsu,hizume_code,uma_deokure_bin,kyori_kubun,kyakushitsu,68,15010,74.65,11.39,71.95,False
KEIBAJO_SURFACE_06_ダ,hizume_code+kyakushitsu+umakigo_code+omo_tekisei_code,hizume_code,kyakushitsu,umakigo_code,omo_tekisei_code,76,21492,74.15,9.84,71.94,False
KEIBAJO_SURFACE_06_ダ,pace_yoso+uma_deokure_bin+umakigo_code+ichi_shisu_juni,pace_yoso,uma_deokure_bin,umakigo_code,ichi_shisu_juni,78,21464,74.47,11.43,71.93,False
KEIBAJO_SURFACE_06_ダ,da_tekisei_code+uma_start_shisu_decile+umakigo_code+kyori_tekisei_2,da_tekisei_code,uma_start_shisu_decile,umakigo_code,kyori_tekisei_2,14,2614,76.78,9.27,71.93,False
KEIBAJO_SURFACE_06_ダ,uma_deokure_bin+da_tekisei_code+omo_tekisei_code+ls_shisu_juni,uma_deokure_bin,da_tekisei_code,omo_tekisei_code,ls_shisu_juni,74,17376,74.58,11.71,71.92,False
KEIBAJO_SURFACE_06_ダ,kyori_kubun+joken_class_code+kyakushitsu+manken_shisu_decile,kyori_kubun,joken_class_code,kyakushitsu,manken_shisu_decile,100,17975,74.18,11.62,71.91,False
KEIBAJO_SURFACE_06_ダ,pace_yoso+kyori_kubun+da_tekisei_code+ls_shisu_juni,pace_yoso,kyori_kubun,da_tekisei_code,ls_shisu_juni,52,20879,74.65,10.06,71.91,False
KEIBAJO_SURFACE_06_ダ,kyakushitsu+umakigo_code+omo_tekisei_code+ls_shisu_juni,kyakushitsu,umakigo_code,omo_tekisei_code,ls_shisu_juni,76,23706,74.52,11.61,71.91,False
KEIBAJO_SURFACE_06_ダ,da_tekisei_code+umakigo_code+omo_tekisei_code+ten_shisu_juni,da_tekisei_code,umakigo_code,omo_tekisei_code,ten_shisu_juni,75,19537,74.64,12.12,71.9,False
KEIBAJO_SURFACE_06_ダ,uma_deokure_bin+kyori_kubun+kyakushitsu+kyori_tekisei_2,uma_deokure_bin,kyori_kubun,kyakushitsu,kyori_tekisei_2,8,1462,77.19,7.63,71.9,False
KEIBAJO_SURFACE_06_ダ,pace_yoso+uma_deokure_bin+kyori_kubun+kyakushitsu,pace_yoso,uma_deokure_bin,kyori_kubun,kyakushitsu,53,25032,73.9,7.43,71.9,False
KEIBAJO_SURFACE_06_ダ,joken_class_code+kyakushitsu+omo_tekisei_code+manken_shisu_decile,joken_class_code,kyakushitsu,omo_tekisei_code,manken_shisu_decile,88,13641,74.32,11.57,71.9,False
KEIBAJO_SURFACE_06_ダ,da_tekisei_code+kyori_tekisei+umakigo_code+ten_shisu_juni,da_tekisei_code,kyori_tekisei,umakigo_code,ten_shisu_juni,62,17711,74.63,11.0,71.89,False
KEIBAJO_SURFACE_06_ダ,kyori_kubun+kyori_tekisei_2+omo_tekisei_code+manken_shisu_decile,kyori_kubun,kyori_tekisei_2,omo_tekisei_code,manken_shisu_decile,10,1654,75.68,6.11,71.89,False
KEIBAJO_SURFACE_06_ダ,hizume_code+pace_yoso+joken_class_code+omo_tekisei_code,hizume_code,pace_yoso,joken_class_code,omo_tekisei_code,74,20606,73.93,8.94,71.89,False
KEIBAJO_SURFACE_06_ダ,pace_yoso+manken_shirushi+uma_deokure_bin+kyori_tekisei,pace_yoso,manken_shirushi,uma_deokure_bin,kyori_tekisei,61,9387,74.52,10.49,71.89,False
KEIBAJO_SURFACE_06_ダ,pace_yoso+manken_shirushi+ichi_shisu_juni+manken_shisu_decile,pace_yoso,manken_shirushi,ichi_shisu_juni,manken_shisu_decile,11,1260,81.16,15.71,71.88,False
KEIBAJO_SURFACE_06_ダ,kyori_kubun+da_tekisei_code+ls_shisu_juni+ten_shisu_juni,kyori_kubun,da_tekisei_code,ls_shisu_juni,ten_shisu_juni,26,2777,76.2,11.25,71.88,False
KEIBAJO_SURFACE_06_ダ,hizume_code+pace_yoso+kyori_kubun+omo_tekisei_code,hizume_code,pace_yoso,kyori_kubun,omo_tekisei_code,69,22046,73.9,8.6,71.87,False
KEIBAJO_SURFACE_06_ダ,uma_deokure_bin+da_tekisei_code+omo_tekisei_code+manken_shisu_decile,uma_deokure_bin,da_tekisei_code,omo_tekisei_code,manken_shisu_decile,76,16261,74.52,11.79,71.87,False
KEIBAJO_SURFACE_06_ダ,hizume_code+kyori_kubun+joken_class_code+ichi_shisu_juni,hizume_code,kyori_kubun,joken_class_code,ichi_shisu_juni,15,1869,76.59,9.35,71.86,False
KEIBAJO_SURFACE_06_ダ,da_tekisei_code+kyori_tekisei+joken_class_code+ls_shisu_juni,da_tekisei_code,kyori_tekisei,joken_class_code,ls_shisu_juni,60,16537,75.17,13.08,71.86,False
KEIBAJO_SURFACE_06_ダ,kyori_kubun+da_tekisei_code+umakigo_code+ls_shisu_juni,kyori_kubun,da_tekisei_code,umakigo_code,ls_shisu_juni,35,20340,74.86,9.05,71.86,False
KEIBAJO_SURFACE_06_ダ,da_tekisei_code+kyakushitsu+omo_tekisei_code+shiba_tekisei_code,da_tekisei_code,kyakushitsu,omo_tekisei_code,shiba_tekisei_code,30,11316,74.4,7.09,71.86,False
KEIBAJO_SURFACE_06_ダ,manken_shirushi+uma_start_shisu_decile+kyakushitsu+umakigo_code,manken_shirushi,uma_start_shisu_decile,kyakushitsu,umakigo_code,50,7573,75.26,12.27,71.86,False
KEIBAJO_SURFACE_06_ダ,joken_class_code+kyakushitsu+ichi_shisu_juni+omo_tekisei_code,joken_class_code,kyakushitsu,ichi_shisu_juni,omo_tekisei_code,70,10822,74.69,12.11,71.86,False
KEIBAJO_SURFACE_06_ダ,da_tekisei_code+joken_class_code+uma_start_shisu_decile+manken_shisu_decile,da_tekisei_code,joken_class_code,uma_start_shisu_decile,manken_shisu_decile,52,8494,74.79,10.8,71.86,False
KEIBAJO_SURFACE_06_ダ,da_tekisei_code+kyakushitsu+umakigo_code+ls_shisu_juni,da_tekisei_code,kyakushitsu,umakigo_code,ls_shisu_juni,54,20042,74.54,10.09,71.85,False
KEIBAJO_SURFACE_06_ダ,da_tekisei_code+kyori_tekisei+omo_tekisei_code+ten_shisu_juni,da_tekisei_code,kyori_tekisei,omo_tekisei_code,ten_shisu_juni,85,13849,74.84,14.04,71.85,False
KEIBAJO_SURFACE_06_ダ,manken_shirushi+kyori_kubun+da_tekisei_code+shiba_tekisei_code,manken_shirushi,kyori_kubun,da_tekisei_code,shiba_tekisei_code,32,6310,75.57,10.73,71.85,False
KEIBAJO_SURFACE_06_ダ,manken_shirushi+uma_deokure_bin+joken_class_code+kyakushitsu,manken_shirushi,uma_deokure_bin,joken_class_code,kyakushitsu,44,6555,75.3,11.7,71.85,False
KEIBAJO_SURFACE_06_ダ,joken_class_code+uma_start_shisu_decile+kyakushitsu+umakigo_code,joken_class_code,uma_start_shisu_decile,kyakushitsu,umakigo_code,68,21782,74.86,12.7,71.84,False
KEIBAJO_SURFACE_06_ダ,pace_yoso+uma_deokure_bin+joken_class_code+manken_shisu_decile,pace_yoso,uma_deokure_bin,joken_class_code,manken_shisu_decile,73,17469,74.55,11.85,71.83,False
KEIBAJO_SURFACE_06_ダ,uma_deokure_bin+joken_class_code+kyakushitsu+manken_shisu_decile,uma_deokure_bin,joken_class_code,kyakushitsu,manken_shisu_decile,68,12259,74.49,11.2,71.83,False
KEIBAJO_SURFACE_06_ダ,manken_shirushi+uma_start_shisu_decile+umakigo_code+manken_shisu_decile,manken_shirushi,uma_start_shisu_decile,umakigo_code,manken_shisu_decile,32,4588,75.92,11.79,71.83,False
KEIBAJO_SURFACE_06_ダ,uma_deokure_bin+da_tekisei_code+joken_class_code+pace_shisu_juni,uma_deokure_bin,da_tekisei_code,joken_class_code,pace_shisu_juni,63,11698,74.93,12.58,71.83,False
KEIBAJO_SURFACE_06_ダ,manken_shirushi+kyakushitsu+umakigo_code+shiba_tekisei_code,manken_shirushi,kyakushitsu,umakigo_code,shiba_tekisei_code,30,7484,75.14,9.26,71.83,False
KEIBAJO_SURFACE_06_ダ,kyori_kubun+da_tekisei_code+joken_class_code+ichi_shisu_juni,kyori_kubun,da_tekisei_code,joken_class_code,ichi_shisu_juni,91,16188,74.45,12.72,71.83,False
KEIBAJO_SURFACE_06_ダ,uma_start_shisu_decile+umakigo_code+omo_tekisei_code+manken_shisu_decile,uma_start_shisu_decile,umakigo_code,omo_tekisei_code,manken_shisu_decile,96,16358,74.05,11.12,71.83,False
KEIBAJO_SURFACE_06_ダ,pace_yoso+joken_class_code+umakigo_code+bataiju,pace_yoso,joken_class_code,umakigo_code,bataiju,105,15626,74.06,11.66,71.83,False
KEIBAJO_SURFACE_06_ダ,pace_yoso+uma_deokure_bin+da_tekisei_code+pace_shisu_juni,pace_yoso,uma_deokure_bin,da_tekisei_code,pace_shisu_juni,83,15755,74.61,12.98,71.82,False
KEIBAJO_SURFACE_06_ダ,hizume_code+pace_yoso+kyakushitsu+umakigo_code,hizume_code,pace_yoso,kyakushitsu,umakigo_code,55,21289,74.14,8.83,71.81,False
KEIBAJO_SURFACE_06_ダ,da_tekisei_code+joken_class_code+kyakushitsu+ls_shisu_juni,da_tekisei_code,joken_class_code,kyakushitsu,ls_shisu_juni,77,16815,74.39,11.52,71.81,False
KEIBAJO_SURFACE_06_ダ,joken_class_code+umakigo_code+manken_shisu_decile+ten_shisu_juni,joken_class_code,umakigo_code,manken_shisu_decile,ten_shisu_juni,55,7734,75.09,12.44,71.8,False
KEIBAJO_SURFACE_06_ダ,uma_start_shisu_decile+umakigo_code+kyori_tekisei_2+shiba_tekisei_code,uma_start_shisu_decile,umakigo_code,kyori_tekisei_2,shiba_tekisei_code,5,732,78.09,7.18,71.8,False
KEIBAJO_SURFACE_06_ダ,pace_yoso+uma_deokure_bin+da_tekisei_code+ls_shisu_juni,pace_yoso,uma_deokure_bin,da_tekisei_code,ls_shisu_juni,63,19147,74.66,11.59,71.8,False
KEIBAJO_SURFACE_06_ダ,kyori_tekisei+uma_start_shisu_decile+kyakushitsu+omo_tekisei_code,kyori_tekisei,uma_start_shisu_decile,kyakushitsu,omo_tekisei_code,85,15996,74.42,12.36,71.8,False
KEIBAJO_SURFACE_06_ダ,kyori_tekisei+kyakushitsu+umakigo_code+pace_shisu_juni,kyori_tekisei,kyakushitsu,umakigo_code,pace_shisu_juni,111,18891,74.19,12.88,71.8,False
KEIBAJO_SURFACE_06_ダ,da_tekisei_code+kyakushitsu+umakigo_code+ichi_shisu_juni,da_tekisei_code,kyakushitsu,umakigo_code,ichi_shisu_juni,71,19007,74.08,9.8,71.8,False
KEIBAJO_SURFACE_06_ダ,pace_yoso+da_tekisei_code+umakigo_code+ichi_shisu_juni,pace_yoso,da_tekisei_code,umakigo_code,ichi_shisu_juni,53,19515,74.63,10.52,71.8,False
KEIBAJO_SURFACE_06_ダ,uma_deokure_bin+kyori_kubun+kyakushitsu+ichi_shisu_juni,uma_deokure_bin,kyori_kubun,kyakushitsu,ichi_shisu_juni,83,15716,73.95,9.97,71.8,False
KEIBAJO_SURFACE_06_ダ,hizume_code+kyori_tekisei+kyakushitsu+umakigo_code,hizume_code,kyori_tekisei,kyakushitsu,umakigo_code,83,18246,74.31,11.7,71.79,False
KEIBAJO_SURFACE_06_ダ,uma_deokure_bin+joken_class_code+omo_tekisei_code+manken_shisu_decile,uma_deokure_bin,joken_class_code,omo_tekisei_code,manken_shisu_decile,70,14565,74.53,11.73,71.79,False
KEIBAJO_SURFACE_06_ダ,kyori_tekisei+umakigo_code+kyori_tekisei_2+omo_tekisei_code,kyori_tekisei,umakigo_code,kyori_tekisei_2,omo_tekisei_code,10,3808,76.19,7.12,71.78,False
KEIBAJO_SURFACE_06_ダ,pace_yoso+joken_class_code+kyakushitsu+ichi_shisu_juni,pace_yoso,joken_class_code,kyakushitsu,ichi_shisu_juni,99,19809,73.73,9.9,71.78,False
KEIBAJO_SURFACE_06_ダ,hizume_code+kyori_kubun+kyakushitsu+omo_tekisei_code,hizume_code,kyori_kubun,kyakushitsu,omo_tekisei_code,95,18444,74.17,11.86,71.78,False
KEIBAJO_SURFACE_06_ダ,kyori_kubun+kyori_tekisei+umakigo_code+kyori_tekisei_2,kyori_kubun,kyori_tekisei,umakigo_code,kyori_tekisei_2,6,3655,75.67,4.88,71.77,False
KEIBAJO_SURFACE_06_ダ,hizume_code+kyakushitsu+ichi_shisu_juni+omo_tekisei_code,hizume_code,kyakushitsu,ichi_shisu_juni,omo_tekisei_code,12,1521,77.47,10.09,71.76,False
KEIBAJO_SURFACE_06_ダ,pace_yoso+da_tekisei_code+kyakushitsu+ls_shisu_juni,pace_yoso,da_tekisei_code,kyakushitsu,ls_shisu_juni,64,19092,74.1,9.58,71.76,False
KEIBAJO_SURFACE_06_ダ,hizume_code+pace_yoso+da_tekisei_code+omo_tekisei_code,hizume_code,pace_yoso,da_tekisei_code,omo_tekisei_code,59,18812,74.38,10.24,71.76,False
KEIBAJO_SURFACE_06_ダ,kyori_kubun+kyori_tekisei+kyakushitsu+pace_shisu_juni,kyori_kubun,kyori_tekisei,kyakushitsu,pace_shisu_juni,101,14888,74.13,12.17,71.75,False
KEIBAJO_SURFACE_06_ダ,pace_yoso+kyori_kubun+kyakushitsu+manken_shisu_decile,pace_yoso,kyori_kubun,kyakushitsu,manken_shisu_decile,89,22951,73.71,9.45,71.75,False
KEIBAJO_SURFACE_06_ダ,manken_shirushi+da_tekisei_code+umakigo_code+kyori_tekisei_2,manken_shirushi,da_tekisei_code,umakigo_code,kyori_tekisei_2,11,1443,76.55,8.13,71.75,False
KEIBAJO_SURFACE_06_ダ,kyori_kubun+joken_class_code+uma_start_shisu_decile+kyakushitsu,kyori_kubun,joken_class_code,uma_start_shisu_decile,kyakushitsu,83,19054,74.1,10.94,71.75,False
KEIBAJO_SURFACE_06_ダ,hizume_code+kyori_kubun+umakigo_code+omo_tekisei_code,hizume_code,kyori_kubun,umakigo_code,omo_tekisei_code,50,22177,73.78,7.31,71.75,False
KEIBAJO_SURFACE_06_ダ,kyori_kubun+da_tekisei_code+kyori_tekisei_2+omo_tekisei_code,kyori_kubun,da_tekisei_code,kyori_tekisei_2,omo_tekisei_code,11,3432,77.07,9.03,71.74,False
KEIBAJO_SURFACE_06_ダ,kyori_kubun+uma_start_shisu_decile+umakigo_code+bataiju,kyori_kubun,uma_start_shisu_decile,umakigo_code,bataiju,8,848,78.21,9.33,71.74,False
KEIBAJO_SURFACE_06_ダ,uma_deokure_bin+kyakushitsu+ichi_shisu_juni+manken_shisu_decile,uma_deokure_bin,kyakushitsu,ichi_shisu_juni,manken_shisu_decile,7,788,79.59,10.59,71.74,False
KEIBAJO_SURFACE_06_ダ,kyori_tekisei+joken_class_code+umakigo_code+ten_shisu_juni,kyori_tekisei,joken_class_code,umakigo_code,ten_shisu_juni,70,18346,74.87,13.37,71.74,False
KEIBAJO_SURFACE_06_ダ,kyori_tekisei+umakigo_code+omo_tekisei_code+ten_shisu_juni,kyori_tekisei,umakigo_code,omo_tekisei_code,ten_shisu_juni,108,19171,74.33,13.69,71.74,False
KEIBAJO_SURFACE_06_ダ,uma_deokure_bin+umakigo_code+omo_tekisei_code+manken_shisu_decile,uma_deokure_bin,umakigo_code,omo_tekisei_code,manken_shisu_decile,67,20767,73.98,9.35,71.74,False
KEIBAJO_SURFACE_06_ダ,pace_yoso+kyakushitsu+umakigo_code+bataiju,pace_yoso,kyakushitsu,umakigo_code,bataiju,75,10673,74.24,11.04,71.74,False
KEIBAJO_SURFACE_06_ダ,kyori_kubun+kyori_tekisei+joken_class_code+omo_tekisei_code,kyori_kubun,kyori_tekisei,joken_class_code,omo_tekisei_code,51,23614,74.36,9.6,71.73,False
KEIBAJO_SURFACE_06_ダ,uma_deokure_bin+kyori_tekisei+umakigo_code+ichi_shisu_juni,uma_deokure_bin,kyori_tekisei,umakigo_code,ichi_shisu_juni,87,16303,74.04,10.98,71.73,False
KEIBAJO_SURFACE_06_ダ,manken_shirushi+da_tekisei_code+umakigo_code+shiba_tekisei_code,manken_shirushi,da_tekisei_code,umakigo_code,shiba_tekisei_code,18,6363,75.56,8.28,71.73,False
KEIBAJO_SURFACE_06_ダ,da_tekisei_code+uma_start_shisu_decile+umakigo_code+ichi_shisu_juni,da_tekisei_code,uma_start_shisu_decile,umakigo_code,ichi_shisu_juni,72,11832,74.9,13.69,71.73,False
KEIBAJO_SURFACE_06_ダ,da_tekisei_code+kyori_tekisei+kyakushitsu+umakigo_code,da_tekisei_code,kyori_tekisei,kyakushitsu,umakigo_code,37,20959,74.11,7.41,71.72,False
KEIBAJO_SURFACE_06_ダ,uma_deokure_bin+da_tekisei_code+ichi_shisu_juni+pace_shisu_juni,uma_deokure_bin,da_tekisei_code,ichi_shisu_juni,pace_shisu_juni,6,852,81.81,12.61,71.72,False
KEIBAJO_SURFACE_06_ダ,hizume_code+kyori_kubun+joken_class_code+umakigo_code,hizume_code,kyori_kubun,joken_class_code,umakigo_code,60,20715,74.13,9.49,71.72,False
KEIBAJO_SURFACE_06_ダ,kyori_kubun+kyori_tekisei+omo_tekisei_code+manken_shisu_decile,kyori_kubun,kyori_tekisei,omo_tekisei_code,manken_shisu_decile,81,20097,73.85,9.82,71.72,False
KEIBAJO_SURFACE_06_ダ,kyori_kubun+kyori_tekisei+omo_tekisei_code+ls_shisu_juni,kyori_kubun,kyori_tekisei,omo_tekisei_code,ls_shisu_juni,87,22215,74.04,11.07,71.72,False
KEIBAJO_SURFACE_06_ダ,hizume_code+da_tekisei_code+umakigo_code+ten_shisu_juni,hizume_code,da_tekisei_code,umakigo_code,ten_shisu_juni,50,7855,74.86,11.32,71.72,False
KEIBAJO_SURFACE_06_ダ,uma_deokure_bin+da_tekisei_code+umakigo_code+ten_shisu_juni,uma_deokure_bin,da_tekisei_code,umakigo_code,ten_shisu_juni,73,17358,74.66,12.88,71.71,False
KEIBAJO_SURFACE_06_ダ,uma_deokure_bin+kyori_tekisei+umakigo_code+ten_shisu_juni,uma_deokure_bin,kyori_tekisei,umakigo_code,ten_shisu_juni,95,16630,74.41,13.45,71.71,False
KEIBAJO_SURFACE_06_ダ,hizume_code+uma_deokure_bin+joken_class_code+ten_shisu_juni,hizume_code,uma_deokure_bin,joken_class_code,ten_shisu_juni,7,909,77.22,7.45,71.7,False
KEIBAJO_SURFACE_06_ダ,hizume_code+uma_deokure_bin+kyori_tekisei+umakigo_code,hizume_code,uma_deokure_bin,kyori_tekisei,umakigo_code,73,17989,74.09,10.4,71.7,False
KEIBAJO_SURFACE_06_ダ,pace_yoso+da_tekisei_code+umakigo_code+bataiju,pace_yoso,da_tekisei_code,umakigo_code,bataiju,64,12433,74.11,9.87,71.7,False
KEIBAJO_SURFACE_06_ダ,uma_deokure_bin+kyori_kubun+kyakushitsu+manken_shisu_decile,uma_deokure_bin,kyori_kubun,kyakushitsu,manken_shisu_decile,87,16620,73.8,9.97,71.7,False
KEIBAJO_SURFACE_06_ダ,hizume_code+kyori_kubun+da_tekisei_code+shiba_tekisei_code,hizume_code,kyori_kubun,da_tekisei_code,shiba_tekisei_code,37,9392,74.5,8.7,71.7,False
KEIBAJO_SURFACE_06_ダ,kyori_kubun+da_tekisei_code+kyakushitsu+umakigo_code,kyori_kubun,da_tekisei_code,kyakushitsu,umakigo_code,30,22126,74.46,7.7,71.7,False
KEIBAJO_SURFACE_06_ダ,manken_shirushi+uma_deokure_bin+kyori_tekisei+manken_shisu_decile,manken_shirushi,uma_deokure_bin,kyori_tekisei,manken_shisu_decile,27,3710,75.82,10.93,71.7,False
KEIBAJO_SURFACE_06_ダ,kyori_kubun+kyori_tekisei+umakigo_code+omo_tekisei_code,kyori_kubun,kyori_tekisei,umakigo_code,omo_tekisei_code,28,24233,74.47,7.52,71.69,False
KEIBAJO_SURFACE_06_ダ,kyori_kubun+kyakushitsu+umakigo_code+ichi_shisu_juni,kyori_kubun,kyakushitsu,umakigo_code,ichi_shisu_juni,73,25163,73.69,8.72,71.69,False
KEIBAJO_SURFACE_06_ダ,pace_yoso+uma_deokure_bin+joken_class_code+kyakushitsu,pace_yoso,uma_deokure_bin,joken_class_code,kyakushitsu,63,23625,74.02,9.42,71.69,False
KEIBAJO_SURFACE_06_ダ,pace_yoso+kyori_kubun+omo_tekisei_code+manken_shisu_decile,pace_yoso,kyori_kubun,omo_tekisei_code,manken_shisu_decile,74,22170,73.74,9.0,71.69,False
KEIBAJO_SURFACE_06_ダ,kyori_kubun+kyakushitsu+ichi_shisu_juni+omo_tekisei_code,kyori_kubun,kyakushitsu,ichi_shisu_juni,omo_tekisei_code,115,17658,73.77,11.45,71.68,False
KEIBAJO_SURFACE_06_ダ,kyori_tekisei+joken_class_code+umakigo_code+ls_shisu_juni,kyori_tekisei,joken_class_code,umakigo_code,ls_shisu_juni,70,23726,74.82,13.46,71.67,False
KEIBAJO_SURFACE_06_ダ,manken_shirushi+kyori_tekisei+kyori_tekisei_2+omo_tekisei_code,manken_shirushi,kyori_tekisei,kyori_tekisei_2,omo_tekisei_code,5,577,77.88,7.09,71.67,False
KEIBAJO_SURFACE_06_ダ,pace_yoso+uma_deokure_bin+uma_start_shisu_decile+shiba_tekisei_code,pace_yoso,uma_deokure_bin,uma_start_shisu_decile,shiba_tekisei_code,41,12539,74.77,10.15,71.66,False
KEIBAJO_SURFACE_06_ダ,pace_yoso+uma_deokure_bin+joken_class_code+omo_tekisei_code,pace_yoso,uma_deokure_bin,joken_class_code,omo_tekisei_code,57,24915,74.11,9.43,71.66,False
KEIBAJO_SURFACE_06_ダ,hizume_code+da_tekisei_code+uma_start_shisu_decile+kyakushitsu,hizume_code,da_tekisei_code,uma_start_shisu_decile,kyakushitsu,43,7080,74.88,10.76,71.66,False
KEIBAJO_SURFACE_06_ダ,pace_yoso+da_tekisei_code+umakigo_code+manken_shisu_decile,pace_yoso,da_tekisei_code,umakigo_code,manken_shisu_decile,39,20241,75.33,11.74,71.65,False
KEIBAJO_SURFACE_06_ダ,hizume_code+uma_deokure_bin+kyori_kubun+umakigo_code,hizume_code,uma_deokure_bin,kyori_kubun,umakigo_code,53,20122,73.83,8.1,71.64,False
KEIBAJO_SURFACE_06_ダ,hizume_code+pace_yoso+umakigo_code+ls_shisu_juni,hizume_code,pace_yoso,umakigo_code,ls_shisu_juni,72,19041,73.99,10.2,71.64,False
KEIBAJO_SURFACE_06_ダ,pace_yoso+umakigo_code+kyori_tekisei_2+manken_shisu_decile,pace_yoso,umakigo_code,kyori_tekisei_2,manken_shisu_decile,13,2799,75.43,6.97,71.64,False
KEIBAJO_SURFACE_06_ダ,hizume_code+kyori_kubun+kyori_tekisei+joken_class_code,hizume_code,kyori_kubun,kyori_tekisei,joken_class_code,64,16458,74.05,9.83,71.64,False
KEIBAJO_SURFACE_06_ダ,uma_deokure_bin+kyori_tekisei+uma_start_shisu_decile+omo_tekisei_code,uma_deokure_bin,kyori_tekisei,uma_start_shisu_decile,omo_tekisei_code,68,15880,74.32,11.3,71.63,False
KEIBAJO_SURFACE_06_ダ,pace_yoso+kyori_kubun+joken_class_code+uma_start_shisu_decile,pace_yoso,kyori_kubun,joken_class_code,uma_start_shisu_decile,72,22915,74.15,10.9,71.63,False
KEIBAJO_SURFACE_06_ダ,pace_yoso+uma_deokure_bin+kyakushitsu+omo_tekisei_code,pace_yoso,uma_deokure_bin,kyakushitsu,omo_tekisei_code,67,25226,73.52,7.87,71.63,False
KEIBAJO_SURFACE_06_ダ,manken_shirushi+joken_class_code+manken_shisu_decile+shiba_tekisei_code,manken_shirushi,joken_class_code,manken_shisu_decile,shiba_tekisei_code,26,4350,74.73,8.09,71.62,False
KEIBAJO_SURFACE_06_ダ,kyori_kubun+kyori_tekisei+kyori_tekisei_2+ls_shisu_juni,kyori_kubun,kyori_tekisei,kyori_tekisei_2,ls_shisu_juni,14,2856,77.32,10.88,71.62,False
KEIBAJO_SURFACE_06_ダ,pace_yoso+kyori_kubun+omo_tekisei_code+ls_shisu_juni,pace_yoso,kyori_kubun,omo_tekisei_code,ls_shisu_juni,66,23827,73.89,9.44,71.61,False
KEIBAJO_SURFACE_06_ダ,kyori_kubun+kyori_tekisei+ten_shisu_juni+pace_shisu_juni,kyori_kubun,kyori_tekisei,ten_shisu_juni,pace_shisu_juni,27,4390,76.04,11.74,71.61,False
KEIBAJO_SURFACE_06_ダ,pace_yoso+uma_deokure_bin+ichi_shisu_juni+omo_tekisei_code,pace_yoso,uma_deokure_bin,ichi_shisu_juni,omo_tekisei_code,86,15674,73.77,10.19,71.61,False
KEIBAJO_SURFACE_06_ダ,hizume_code+kyori_kubun+joken_class_code+kyori_tekisei_2,hizume_code,kyori_kubun,joken_class_code,kyori_tekisei_2,4,500,74.45,2.9,71.61,False
KEIBAJO_SURFACE_06_ダ,kyori_tekisei+umakigo_code+ichi_shisu_juni+omo_tekisei_code,kyori_tekisei,umakigo_code,ichi_shisu_juni,omo_tekisei_code,109,19458,73.61,10.69,71.61,False
KEIBAJO_SURFACE_06_ダ,kyori_kubun+umakigo_code+bataiju+shiba_tekisei_code,kyori_kubun,umakigo_code,bataiju,shiba_tekisei_code,56,7948,74.46,10.87,71.61,False
KEIBAJO_SURFACE_06_ダ,pace_yoso+da_tekisei_code+uma_start_shisu_decile+pace_shisu_juni,pace_yoso,da_tekisei_code,uma_start_shisu_decile,pace_shisu_juni,58,8721,74.92,12.88,71.61,False
KEIBAJO_SURFACE_06_ダ,hizume_code+da_tekisei_code+umakigo_code+ichi_shisu_juni,hizume_code,da_tekisei_code,umakigo_code,ichi_shisu_juni,47,7535,75.21,12.64,71.6,False
KEIBAJO_SURFACE_06_ダ,pace_yoso+kyori_kubun+kyori_tekisei_2+omo_tekisei_code,pace_yoso,kyori_kubun,kyori_tekisei_2,omo_tekisei_code,9,3381,76.18,7.0,71.6,False
KEIBAJO_SURFACE_06_ダ,pace_yoso+manken_shirushi+kyori_kubun+shiba_tekisei_code,pace_yoso,manken_shirushi,kyori_kubun,shiba_tekisei_code,26,7102,74.86,8.48,71.6,False
KEIBAJO_SURFACE_06_ダ,pace_yoso+manken_shirushi+kyori_tekisei+joken_class_code,pace_yoso,manken_shirushi,kyori_tekisei,joken_class_code,54,12068,74.53,10.96,71.6,False
KEIBAJO_SURFACE_06_ダ,da_tekisei_code+joken_class_code+ichi_shisu_juni+omo_tekisei_code,da_tekisei_code,joken_class_code,ichi_shisu_juni,omo_tekisei_code,85,14751,74.13,11.94,71.6,False
KEIBAJO_SURFACE_06_ダ,kyori_tekisei+joken_class_code+uma_start_shisu_decile+omo_tekisei_code,kyori_tekisei,joken_class_code,uma_start_shisu_decile,omo_tekisei_code,69,15373,74.45,12.08,71.6,False
KEIBAJO_SURFACE_06_ダ,hizume_code+manken_shirushi+uma_deokure_bin+joken_class_code,hizume_code,manken_shirushi,uma_deokure_bin,joken_class_code,11,1369,77.71,10.34,71.59,False
KEIBAJO_SURFACE_06_ダ,pace_yoso+uma_deokure_bin+umakigo_code+bataiju,pace_yoso,uma_deokure_bin,umakigo_code,bataiju,66,10490,74.06,10.3,71.58,False
KEIBAJO_SURFACE_06_ダ,pace_yoso+kyakushitsu+omo_tekisei_code+manken_shisu_decile,pace_yoso,kyakushitsu,omo_tekisei_code,manken_shisu_decile,94,19668,73.65,10.2,71.58,False
KEIBAJO_SURFACE_06_ダ,hizume_code+pace_yoso+uma_deokure_bin+omo_tekisei_code,hizume_code,pace_yoso,uma_deokure_bin,omo_tekisei_code,76,19446,73.75,9.66,71.58,False
KEIBAJO_SURFACE_06_ダ,kyori_kubun+kyakushitsu+kyori_tekisei_2+shiba_tekisei_code,kyori_kubun,kyakushitsu,kyori_tekisei_2,shiba_tekisei_code,6,1182,75.21,4.55,71.57,False
KEIBAJO_SURFACE_06_ダ,uma_deokure_bin+kyori_kubun+da_tekisei_code+joken_class_code,uma_deokure_bin,kyori_kubun,da_tekisei_code,joken_class_code,46,20785,74.29,9.42,71.57,False
KEIBAJO_SURFACE_06_ダ,hizume_code+pace_yoso+uma_start_shisu_decile+pace_shisu_juni,hizume_code,pace_yoso,uma_start_shisu_decile,pace_shisu_juni,8,899,80.53,12.94,71.56,False
KEIBAJO_SURFACE_06_ダ,pace_yoso+kyori_tekisei+kyakushitsu+omo_tekisei_code,pace_yoso,kyori_tekisei,kyakushitsu,omo_tekisei_code,58,23806,73.48,7.47,71.56,False
KEIBAJO_SURFACE_06_ダ,hizume_code+kyakushitsu+omo_tekisei_code+ten_shisu_juni,hizume_code,kyakushitsu,omo_tekisei_code,ten_shisu_juni,5,537,80.92,10.68,71.56,False
KEIBAJO_SURFACE_06_ダ,manken_shirushi+uma_start_shisu_decile+umakigo_code+omo_tekisei_code,manken_shirushi,uma_start_shisu_decile,umakigo_code,omo_tekisei_code,41,6248,74.71,10.33,71.55,False
KEIBAJO_SURFACE_06_ダ,uma_deokure_bin+da_tekisei_code+joken_class_code+omo_tekisei_code,uma_deokure_bin,da_tekisei_code,joken_class_code,omo_tekisei_code,53,20850,74.85,12.23,71.55,False
KEIBAJO_SURFACE_06_ダ,pace_yoso+da_tekisei_code+kyakushitsu+ichi_shisu_juni,pace_yoso,da_tekisei_code,kyakushitsu,ichi_shisu_juni,70,16387,73.76,9.45,71.55,False
KEIBAJO_SURFACE_06_ダ,kyori_kubun+da_tekisei_code+joken_class_code+pace_shisu_juni,kyori_kubun,da_tekisei_code,joken_class_code,pace_shisu_juni,84,15748,74.32,13.0,71.54,False
KEIBAJO_SURFACE_06_ダ,pace_yoso+kyori_tekisei+kyori_tekisei_2+ls_shisu_juni,pace_yoso,kyori_tekisei,kyori_tekisei_2,ls_shisu_juni,16,3315,76.58,10.29,71.54,False
KEIBAJO_SURFACE_06_ダ,da_tekisei_code+kyori_tekisei+kyori_tekisei_2+ls_shisu_juni,da_tekisei_code,kyori_tekisei,kyori_tekisei_2,ls_shisu_juni,16,2999,77.24,11.63,71.54,False
KEIBAJO_SURFACE_06_ダ,da_tekisei_code+kyakushitsu+umakigo_code+pace_shisu_juni,da_tekisei_code,kyakushitsu,umakigo_code,pace_shisu_juni,84,18656,73.93,11.19,71.54,False
KEIBAJO_SURFACE_06_ダ,pace_yoso+kyori_kubun+kyori_tekisei_2+pace_shisu_juni,pace_yoso,kyori_kubun,kyori_tekisei_2,pace_shisu_juni,9,1062,80.33,13.48,71.53,False
KEIBAJO_SURFACE_06_ダ,kyakushitsu+umakigo_code+omo_tekisei_code+ten_shisu_juni,kyakushitsu,umakigo_code,omo_tekisei_code,ten_shisu_juni,112,21518,73.84,12.47,71.53,False
KEIBAJO_SURFACE_06_ダ,pace_yoso+uma_deokure_bin+da_tekisei_code+kyori_tekisei_2,pace_yoso,uma_deokure_bin,da_tekisei_code,kyori_tekisei_2,12,3043,76.97,9.64,71.52,False
KEIBAJO_SURFACE_06_ダ,hizume_code+joken_class_code+umakigo_code+ls_shisu_juni,hizume_code,joken_class_code,umakigo_code,ls_shisu_juni,71,13923,74.27,11.8,71.52,False
KEIBAJO_SURFACE_06_ダ,pace_yoso+uma_start_shisu_decile+umakigo_code+ten_shisu_juni,pace_yoso,uma_start_shisu_decile,umakigo_code,ten_shisu_juni,98,17672,74.16,13.32,71.52,False
KEIBAJO_SURFACE_06_ダ,hizume_code+uma_deokure_bin+da_tekisei_code+uma_start_shisu_decile,hizume_code,uma_deokure_bin,da_tekisei_code,uma_start_shisu_decile,49,8796,74.59,10.95,71.52,False
KEIBAJO_SURFACE_06_ダ,uma_deokure_bin+kyori_kubun+ichi_shisu_juni+omo_tekisei_code,uma_deokure_bin,kyori_kubun,ichi_shisu_juni,omo_tekisei_code,100,14874,73.73,11.3,71.52,False
KEIBAJO_SURFACE_06_ダ,pace_yoso+kyakushitsu+umakigo_code+manken_shisu_decile,pace_yoso,kyakushitsu,umakigo_code,manken_shisu_decile,68,25127,73.72,9.27,71.51,False
KEIBAJO_SURFACE_06_ダ,hizume_code+kyakushitsu+umakigo_code+manken_shisu_decile,hizume_code,kyakushitsu,umakigo_code,manken_shisu_decile,61,9888,73.85,9.31,71.51,False
KEIBAJO_SURFACE_06_ダ,joken_class_code+kyakushitsu+umakigo_code+ichi_shisu_juni,joken_class_code,kyakushitsu,umakigo_code,ichi_shisu_juni,90,21860,73.58,10.07,71.5,False
KEIBAJO_SURFACE_06_ダ,da_tekisei_code+kyori_tekisei+manken_shisu_decile+shiba_tekisei_code,da_tekisei_code,kyori_tekisei,manken_shisu_decile,shiba_tekisei_code,31,8520,75.17,10.42,71.5,False
KEIBAJO_SURFACE_06_ダ,hizume_code+pace_yoso+uma_start_shisu_decile+umakigo_code,hizume_code,pace_yoso,uma_start_shisu_decile,umakigo_code,73,18872,73.76,9.88,71.5,False
KEIBAJO_SURFACE_06_ダ,uma_deokure_bin+kyori_kubun+kyori_tekisei+joken_class_code,uma_deokure_bin,kyori_kubun,kyori_tekisei,joken_class_code,54,21582,74.45,11.1,71.49,False
KEIBAJO_SURFACE_06_ダ,kyakushitsu+ichi_shisu_juni+ten_shisu_juni+pace_shisu_juni,kyakushitsu,ichi_shisu_juni,ten_shisu_juni,pace_shisu_juni,13,2685,76.73,9.62,71.49,False
KEIBAJO_SURFACE_06_ダ,uma_deokure_bin+kyori_kubun+uma_start_shisu_decile+umakigo_code,uma_deokure_bin,kyori_kubun,uma_start_shisu_decile,umakigo_code,53,22622,74.28,10.37,71.49,False
KEIBAJO_SURFACE_06_ダ,hizume_code+pace_yoso+kyakushitsu+ten_shisu_juni,hizume_code,pace_yoso,kyakushitsu,ten_shisu_juni,31,4148,74.79,9.38,71.49,False
KEIBAJO_SURFACE_06_ダ,joken_class_code+uma_start_shisu_decile+umakigo_code+omo_tekisei_code,joken_class_code,uma_start_shisu_decile,umakigo_code,omo_tekisei_code,65,22879,73.91,9.96,71.49,False
KEIBAJO_SURFACE_06_ダ,uma_deokure_bin+umakigo_code+kyori_tekisei_2+shiba_tekisei_code,uma_deokure_bin,umakigo_code,kyori_tekisei_2,shiba_tekisei_code,8,1342,76.88,7.77,71.49,False
KEIBAJO_SURFACE_06_ダ,joken_class_code+bataiju+omo_tekisei_code+shiba_tekisei_code,joken_class_code,bataiju,omo_tekisei_code,shiba_tekisei_code,6,652,76.87,6.72,71.49,False
KEIBAJO_SURFACE_06_ダ,kyori_kubun+da_tekisei_code+umakigo_code+pace_shisu_juni,kyori_kubun,da_tekisei_code,umakigo_code,pace_shisu_juni,62,19635,73.78,9.23,71.48,False
KEIBAJO_SURFACE_06_ダ,umakigo_code+bataiju+omo_tekisei_code+shiba_tekisei_code,umakigo_code,bataiju,omo_tekisei_code,shiba_tekisei_code,36,4438,74.95,10.61,71.48,False
KEIBAJO_SURFACE_06_ダ,kyori_kubun+kyakushitsu+umakigo_code+omo_tekisei_code,kyori_kubun,kyakushitsu,umakigo_code,omo_tekisei_code,31,25010,73.91,6.92,71.48,False
KEIBAJO_SURFACE_06_ダ,hizume_code+uma_deokure_bin+kyori_kubun+joken_class_code,hizume_code,uma_deokure_bin,kyori_kubun,joken_class_code,62,14750,73.93,9.84,71.48,False
KEIBAJO_SURFACE_06_ダ,hizume_code+pace_yoso+uma_deokure_bin+ten_shisu_juni,hizume_code,pace_yoso,uma_deokure_bin,ten_shisu_juni,34,4280,74.82,9.96,71.47,False
KEIBAJO_SURFACE_06_ダ,pace_yoso+uma_start_shisu_decile+omo_tekisei_code+manken_shisu_decile,pace_yoso,uma_start_shisu_decile,omo_tekisei_code,manken_shisu_decile,78,12202,74.16,12.13,71.47,False
KEIBAJO_SURFACE_06_ダ,hizume_code+uma_deokure_bin+joken_class_code+omo_tekisei_code,hizume_code,uma_deokure_bin,joken_class_code,omo_tekisei_code,67,15118,73.91,10.17,71.47,False
KEIBAJO_SURFACE_06_ダ,kyori_kubun+da_tekisei_code+kyori_tekisei+ten_shisu_juni,kyori_kubun,da_tekisei_code,kyori_tekisei,ten_shisu_juni,72,16881,74.22,11.9,71.47,False
KEIBAJO_SURFACE_06_ダ,pace_yoso+manken_shirushi+kyori_tekisei+manken_shisu_decile,pace_yoso,manken_shirushi,kyori_tekisei,manken_shisu_decile,58,9463,74.39,11.38,71.46,False
KEIBAJO_SURFACE_06_ダ,uma_deokure_bin+kyori_kubun+da_tekisei_code+ls_shisu_juni,uma_deokure_bin,kyori_kubun,da_tekisei_code,ls_shisu_juni,74,18725,73.88,10.61,71.46,False
KEIBAJO_SURFACE_06_ダ,da_tekisei_code+kyori_tekisei+kyori_tekisei_2+pace_shisu_juni,da_tekisei_code,kyori_tekisei,kyori_tekisei_2,pace_shisu_juni,11,1349,78.02,11.1,71.46,False
KEIBAJO_SURFACE_06_ダ,manken_shirushi+uma_start_shisu_decile+omo_tekisei_code+manken_shisu_decile,manken_shirushi,uma_start_shisu_decile,omo_tekisei_code,manken_shisu_decile,4,550,80.83,9.56,71.46,False
KEIBAJO_SURFACE_06_ダ,pace_yoso+da_tekisei_code+uma_start_shisu_decile+ichi_shisu_juni,pace_yoso,da_tekisei_code,uma_start_shisu_decile,ichi_shisu_juni,57,9159,74.69,12.47,71.45,False
KEIBAJO_SURFACE_06_ダ,uma_deokure_bin+da_tekisei_code+joken_class_code+ichi_shisu_juni,uma_deokure_bin,da_tekisei_code,joken_class_code,ichi_shisu_juni,63,11804,74.29,11.52,71.45,False
KEIBAJO_SURFACE_06_ダ,joken_class_code+kyakushitsu+omo_tekisei_code+ten_shisu_juni,joken_class_code,kyakushitsu,omo_tekisei_code,ten_shisu_juni,57,7804,75.21,14.5,71.45,False
KEIBAJO_SURFACE_06_ダ,da_tekisei_code+kyori_tekisei+joken_class_code+uma_start_shisu_decile,da_tekisei_code,kyori_tekisei,joken_class_code,uma_start_shisu_decile,54,15787,74.33,10.8,71.45,False
KEIBAJO_SURFACE_06_ダ,uma_deokure_bin+joken_class_code+kyakushitsu+omo_tekisei_code,uma_deokure_bin,joken_class_code,kyakushitsu,omo_tekisei_code,65,20632,74.0,10.48,71.45,False
KEIBAJO_SURFACE_06_ダ,uma_deokure_bin+da_tekisei_code+ls_shisu_juni+manken_shisu_decile,uma_deokure_bin,da_tekisei_code,ls_shisu_juni,manken_shisu_decile,57,7820,74.76,12.79,71.44,False
KEIBAJO_SURFACE_06_ダ,pace_yoso+uma_deokure_bin+kyori_kubun+joken_class_code,pace_yoso,uma_deokure_bin,kyori_kubun,joken_class_code,53,25315,73.43,7.39,71.44,False
KEIBAJO_SURFACE_06_ダ,pace_yoso+kyori_tekisei+joken_class_code+umakigo_code,pace_yoso,kyori_tekisei,joken_class_code,umakigo_code,34,27629,74.5,9.08,71.44,False
KEIBAJO_SURFACE_06_ダ,hizume_code+kyori_tekisei+joken_class_code+umakigo_code,hizume_code,kyori_tekisei,joken_class_code,umakigo_code,67,18146,74.15,11.33,71.44,False
KEIBAJO_SURFACE_06_ダ,kyori_kubun+da_tekisei_code+umakigo_code+ichi_shisu_juni,kyori_kubun,da_tekisei_code,umakigo_code,ichi_shisu_juni,63,19683,74.0,10.43,71.43,False
KEIBAJO_SURFACE_06_ダ,da_tekisei_code+uma_start_shisu_decile+kyori_tekisei_2+omo_tekisei_code,da_tekisei_code,uma_start_shisu_decile,kyori_tekisei_2,omo_tekisei_code,11,1598,76.61,8.78,71.43,False
KEIBAJO_SURFACE_06_ダ,hizume_code+manken_shirushi+kyori_kubun+umakigo_code,hizume_code,manken_shirushi,kyori_kubun,umakigo_code,42,7544,74.76,11.01,71.43,False
KEIBAJO_SURFACE_06_ダ,kyori_kubun+joken_class_code+uma_start_shisu_decile+omo_tekisei_code,kyori_kubun,joken_class_code,uma_start_shisu_decile,omo_tekisei_code,85,20499,73.91,11.67,71.43,False
KEIBAJO_SURFACE_06_ダ,uma_deokure_bin+kyakushitsu+ten_shisu_juni+shiba_tekisei_code,uma_deokure_bin,kyakushitsu,ten_shisu_juni,shiba_tekisei_code,43,6619,74.39,9.89,71.43,False
KEIBAJO_SURFACE_06_ダ,kyori_kubun+da_tekisei_code+ichi_shisu_juni+shiba_tekisei_code,kyori_kubun,da_tekisei_code,ichi_shisu_juni,shiba_tekisei_code,54,9031,74.64,12.05,71.42,False
KEIBAJO_SURFACE_06_ダ,uma_deokure_bin+da_tekisei_code+uma_start_shisu_decile+ten_shisu_juni,uma_deokure_bin,da_tekisei_code,uma_start_shisu_decile,ten_shisu_juni,33,4795,75.87,13.06,71.41,False
KEIBAJO_SURFACE_06_ダ,kyori_kubun+kyori_tekisei+umakigo_code+bataiju,kyori_kubun,kyori_tekisei,umakigo_code,bataiju,102,14093,73.55,11.05,71.4,False
KEIBAJO_SURFACE_06_ダ,uma_deokure_bin+omo_tekisei_code+ten_shisu_juni+pace_shisu_juni,uma_deokure_bin,omo_tekisei_code,ten_shisu_juni,pace_shisu_juni,3,478,88.51,15.11,71.4,False
KEIBAJO_SURFACE_06_ダ,uma_deokure_bin+kyakushitsu+ls_shisu_juni+manken_shisu_decile,uma_deokure_bin,kyakushitsu,ls_shisu_juni,manken_shisu_decile,38,4629,75.26,12.12,71.4,False
KEIBAJO_SURFACE_06_ダ,hizume_code+pace_yoso+kyori_kubun+kyakushitsu,hizume_code,pace_yoso,kyori_kubun,kyakushitsu,75,20158,73.7,10.16,71.4,False
KEIBAJO_SURFACE_06_ダ,manken_shirushi+umakigo_code+manken_shisu_decile+shiba_tekisei_code,manken_shirushi,umakigo_code,manken_shisu_decile,shiba_tekisei_code,33,7015,74.17,8.16,71.39,False
KEIBAJO_SURFACE_06_ダ,kyori_kubun+da_tekisei_code+joken_class_code+ten_shisu_juni,kyori_kubun,da_tekisei_code,joken_class_code,ten_shisu_juni,87,15733,74.38,14.31,71.38,False
KEIBAJO_SURFACE_06_ダ,uma_deokure_bin+joken_class_code+umakigo_code+manken_shisu_decile,uma_deokure_bin,joken_class_code,umakigo_code,manken_shisu_decile,55,17961,74.22,10.75,71.38,False
KEIBAJO_SURFACE_06_ダ,pace_yoso+uma_start_shisu_decile+kyakushitsu+manken_shisu_decile,pace_yoso,uma_start_shisu_decile,kyakushitsu,manken_shisu_decile,78,12529,73.78,10.81,71.38,False
KEIBAJO_SURFACE_06_ダ,pace_yoso+uma_deokure_bin+kyori_tekisei+uma_start_shisu_decile,pace_yoso,uma_deokure_bin,kyori_tekisei,uma_start_shisu_decile,67,19087,74.08,11.29,71.38,False
KEIBAJO_SURFACE_06_ダ,pace_yoso+kyori_kubun+kyori_tekisei+ls_shisu_juni,pace_yoso,kyori_kubun,kyori_tekisei,ls_shisu_juni,70,25975,73.77,10.19,71.38,False
KEIBAJO_SURFACE_06_ダ,manken_shirushi+da_tekisei_code+joken_class_code+shiba_tekisei_code,manken_shirushi,da_tekisei_code,joken_class_code,shiba_tekisei_code,27,5668,75.94,12.12,71.37,False
KEIBAJO_SURFACE_06_ダ,uma_deokure_bin+kyori_kubun+kyori_tekisei+ichi_shisu_juni,uma_deokure_bin,kyori_kubun,kyori_tekisei,ichi_shisu_juni,91,14363,73.6,10.83,71.37,False
KEIBAJO_SURFACE_06_ダ,da_tekisei_code+joken_class_code+omo_tekisei_code+ten_shisu_juni,da_tekisei_code,joken_class_code,omo_tekisei_code,ten_shisu_juni,83,14534,74.3,13.64,71.37,False
KEIBAJO_SURFACE_06_ダ,pace_yoso+uma_deokure_bin+kyori_tekisei+kyakushitsu,pace_yoso,uma_deokure_bin,kyori_tekisei,kyakushitsu,67,22726,73.58,9.25,71.37,False
KEIBAJO_SURFACE_06_ダ,kyori_kubun+kyori_tekisei+joken_class_code+manken_shisu_decile,kyori_kubun,kyori_tekisei,joken_class_code,manken_shisu_decile,67,20755,73.84,10.36,71.36,False
KEIBAJO_SURFACE_06_ダ,hizume_code+da_tekisei_code+kyori_tekisei+manken_shisu_decile,hizume_code,da_tekisei_code,kyori_tekisei,manken_shisu_decile,44,6975,74.69,11.26,71.36,False
KEIBAJO_SURFACE_06_ダ,manken_shirushi+uma_deokure_bin+kyori_kubun+shiba_tekisei_code,manken_shirushi,uma_deokure_bin,kyori_kubun,shiba_tekisei_code,32,6178,74.49,9.03,71.36,False
KEIBAJO_SURFACE_06_ダ,pace_yoso+joken_class_code+kyakushitsu+umakigo_code,pace_yoso,joken_class_code,kyakushitsu,umakigo_code,39,28698,73.83,7.88,71.36,False
KEIBAJO_SURFACE_06_ダ,pace_yoso+kyori_kubun+kyakushitsu+ten_shisu_juni,pace_yoso,kyori_kubun,kyakushitsu,ten_shisu_juni,104,21114,73.58,11.58,71.35,False
KEIBAJO_SURFACE_06_ダ,da_tekisei_code+joken_class_code+omo_tekisei_code+ls_shisu_juni,da_tekisei_code,joken_class_code,omo_tekisei_code,ls_shisu_juni,68,18865,74.3,12.38,71.35,False
KEIBAJO_SURFACE_06_ダ,pace_yoso+manken_shirushi+uma_deokure_bin+uma_start_shisu_decile,pace_yoso,manken_shirushi,uma_deokure_bin,uma_start_shisu_decile,46,6955,74.62,11.32,71.35,False
KEIBAJO_SURFACE_06_ダ,uma_deokure_bin+kyori_kubun+omo_tekisei_code+pace_shisu_juni,uma_deokure_bin,kyori_kubun,omo_tekisei_code,pace_shisu_juni,110,15150,73.75,12.9,71.34,False
KEIBAJO_SURFACE_06_ダ,hizume_code+kyori_tekisei+joken_class_code+omo_tekisei_code,hizume_code,kyori_tekisei,joken_class_code,omo_tekisei_code,56,13576,73.59,8.57,71.34,False
KEIBAJO_SURFACE_06_ダ,kyori_kubun+kyori_tekisei+umakigo_code+ls_shisu_juni,kyori_kubun,kyori_tekisei,umakigo_code,ls_shisu_juni,49,25761,74.3,10.55,71.34,False
KEIBAJO_SURFACE_06_ダ,pace_yoso+da_tekisei_code+omo_tekisei_code+ls_shisu_juni,pace_yoso,da_tekisei_code,omo_tekisei_code,ls_shisu_juni,59,20615,74.24,11.35,71.34,False
KEIBAJO_SURFACE_06_ダ,pace_yoso+kyori_tekisei+kyori_tekisei_2+shiba_tekisei_code,pace_yoso,kyori_tekisei,kyori_tekisei_2,shiba_tekisei_code,5,1961,74.86,4.02,71.34,False
KEIBAJO_SURFACE_06_ダ,da_tekisei_code+joken_class_code+kyakushitsu+manken_shisu_decile,da_tekisei_code,joken_class_code,kyakushitsu,manken_shisu_decile,70,14707,73.94,11.11,71.34,False
KEIBAJO_SURFACE_06_ダ,da_tekisei_code+omo_tekisei_code+ten_shisu_juni+shiba_tekisei_code,da_tekisei_code,omo_tekisei_code,ten_shisu_juni,shiba_tekisei_code,51,7876,75.01,13.38,71.34,False
KEIBAJO_SURFACE_06_ダ,kyori_kubun+uma_start_shisu_decile+umakigo_code+ls_shisu_juni,kyori_kubun,uma_start_shisu_decile,umakigo_code,ls_shisu_juni,92,21930,73.95,12.77,71.34,False
KEIBAJO_SURFACE_06_ダ,pace_yoso+joken_class_code+kyori_tekisei_2+omo_tekisei_code,pace_yoso,joken_class_code,kyori_tekisei_2,omo_tekisei_code,14,2950,75.95,8.82,71.33,False
KEIBAJO_SURFACE_06_ダ,pace_yoso+kyori_kubun+kyakushitsu+ls_shisu_juni,pace_yoso,kyori_kubun,kyakushitsu,ls_shisu_juni,94,26004,73.42,10.34,71.33,False
KEIBAJO_SURFACE_06_ダ,da_tekisei_code+umakigo_code+kyori_tekisei_2+omo_tekisei_code,da_tekisei_code,umakigo_code,kyori_tekisei_2,omo_tekisei_code,10,3509,76.44,8.24,71.33,False
KEIBAJO_SURFACE_06_ダ,manken_shirushi+uma_start_shisu_decile+umakigo_code+shiba_tekisei_code,manken_shirushi,uma_start_shisu_decile,umakigo_code,shiba_tekisei_code,36,5475,75.26,12.04,71.33,False
KEIBAJO_SURFACE_06_ダ,hizume_code+pace_yoso+manken_shisu_decile+shiba_tekisei_code,hizume_code,pace_yoso,manken_shisu_decile,shiba_tekisei_code,35,5993,74.5,9.57,71.33,False
KEIBAJO_SURFACE_06_ダ,kyori_kubun+joken_class_code+uma_start_shisu_decile+umakigo_code,kyori_kubun,joken_class_code,uma_start_shisu_decile,umakigo_code,58,22981,74.34,11.77,71.32,False
KEIBAJO_SURFACE_06_ダ,hizume_code+manken_shirushi+uma_deokure_bin+kyakushitsu,hizume_code,manken_shirushi,uma_deokure_bin,kyakushitsu,3,343,76.92,4.95,71.32,False
KEIBAJO_SURFACE_06_ダ,hizume_code+uma_start_shisu_decile+umakigo_code+omo_tekisei_code,hizume_code,uma_start_shisu_decile,umakigo_code,omo_tekisei_code,85,16864,73.69,11.12,71.32,False
KEIBAJO_SURFACE_06_ダ,pace_yoso+uma_deokure_bin+kyori_kubun+ichi_shisu_juni,pace_yoso,uma_deokure_bin,kyori_kubun,ichi_shisu_juni,75,16870,73.47,9.51,71.32,False
KEIBAJO_SURFACE_06_ダ,kyori_tekisei+joken_class_code+umakigo_code+omo_tekisei_code,kyori_tekisei,joken_class_code,umakigo_code,omo_tekisei_code,44,23823,74.17,9.67,71.32,False
KEIBAJO_SURFACE_06_ダ,kyori_tekisei+umakigo_code+kyori_tekisei_2+ls_shisu_juni,kyori_tekisei,umakigo_code,kyori_tekisei_2,ls_shisu_juni,16,3270,77.05,11.69,71.32,False
KEIBAJO_SURFACE_06_ダ,hizume_code+uma_deokure_bin+joken_class_code+kyakushitsu,hizume_code,uma_deokure_bin,joken_class_code,kyakushitsu,59,11690,74.27,11.6,71.31,False
KEIBAJO_SURFACE_06_ダ,pace_yoso+uma_start_shisu_decile+umakigo_code+ls_shisu_juni,pace_yoso,uma_start_shisu_decile,umakigo_code,ls_shisu_juni,77,22026,74.06,12.32,71.31,False
KEIBAJO_SURFACE_06_ダ,pace_yoso+uma_deokure_bin+umakigo_code+omo_tekisei_code,pace_yoso,uma_deokure_bin,umakigo_code,omo_tekisei_code,32,25597,73.63,6.7,71.31,False
KEIBAJO_SURFACE_06_ダ,kyori_kubun+uma_start_shisu_decile+kyakushitsu+ten_shisu_juni,kyori_kubun,uma_start_shisu_decile,kyakushitsu,ten_shisu_juni,41,5479,75.3,13.07,71.3,False
KEIBAJO_SURFACE_06_ダ,kyori_kubun+kyori_tekisei+kyakushitsu+manken_shisu_decile,kyori_kubun,kyori_tekisei,kyakushitsu,manken_shisu_decile,96,20264,73.43,10.68,71.3,False
KEIBAJO_SURFACE_06_ダ,pace_yoso+uma_deokure_bin+kyori_kubun+bataiju,pace_yoso,uma_deokure_bin,kyori_kubun,bataiju,40,4447,74.87,11.54,71.3,False
KEIBAJO_SURFACE_06_ダ,hizume_code+uma_deokure_bin+kyori_kubun+kyori_tekisei,hizume_code,uma_deokure_bin,kyori_kubun,kyori_tekisei,81,17032,73.62,10.67,71.3,False
KEIBAJO_SURFACE_06_ダ,kyori_tekisei+kyori_tekisei_2+omo_tekisei_code+manken_shisu_decile,kyori_tekisei,kyori_tekisei_2,omo_tekisei_code,manken_shisu_decile,11,1929,76.68,9.1,71.3,False
KEIBAJO_SURFACE_06_ダ,pace_yoso+da_tekisei_code+joken_class_code+umakigo_code,pace_yoso,da_tekisei_code,joken_class_code,umakigo_code,22,22730,74.98,8.8,71.3,False
KEIBAJO_SURFACE_06_ダ,pace_yoso+umakigo_code+ichi_shisu_juni+omo_tekisei_code,pace_yoso,umakigo_code,ichi_shisu_juni,omo_tekisei_code,75,23285,73.63,10.33,71.29,False
KEIBAJO_SURFACE_06_ダ,pace_yoso+kyakushitsu+omo_tekisei_code+ten_shisu_juni,pace_yoso,kyakushitsu,omo_tekisei_code,ten_shisu_juni,97,16706,73.73,12.26,71.29,False
KEIBAJO_SURFACE_06_ダ,hizume_code+pace_yoso+kyakushitsu+pace_shisu_juni,hizume_code,pace_yoso,kyakushitsu,pace_shisu_juni,28,3745,75.76,12.07,71.29,False
KEIBAJO_SURFACE_06_ダ,pace_yoso+da_tekisei_code+kyori_tekisei+ten_shisu_juni,pace_yoso,da_tekisei_code,kyori_tekisei,ten_shisu_juni,73,16973,73.99,11.83,71.28,False
KEIBAJO_SURFACE_06_ダ,pace_yoso+kyori_tekisei+uma_start_shisu_decile+omo_tekisei_code,pace_yoso,kyori_tekisei,uma_start_shisu_decile,omo_tekisei_code,83,21421,73.67,11.11,71.28,False
KEIBAJO_SURFACE_06_ダ,manken_shirushi+umakigo_code+omo_tekisei_code+ls_shisu_juni,manken_shirushi,umakigo_code,omo_tekisei_code,ls_shisu_juni,60,8635,74.59,13.12,71.28,False
KEIBAJO_SURFACE_06_ダ,pace_yoso+kyori_tekisei+omo_tekisei_code+manken_shisu_decile,pace_yoso,kyori_tekisei,omo_tekisei_code,manken_shisu_decile,86,20076,73.5,10.58,71.27,False
KEIBAJO_SURFACE_06_ダ,joken_class_code+umakigo_code+bataiju+omo_tekisei_code,joken_class_code,umakigo_code,bataiju,omo_tekisei_code,48,6291,74.34,10.86,71.27,False
KEIBAJO_SURFACE_06_ダ,kyori_tekisei+kyakushitsu+ten_shisu_juni+pace_shisu_juni,kyori_tekisei,kyakushitsu,ten_shisu_juni,pace_shisu_juni,13,2629,77.54,11.52,71.27,False
KEIBAJO_SURFACE_06_ダ,pace_yoso+kyakushitsu+ichi_shisu_juni+omo_tekisei_code,pace_yoso,kyakushitsu,ichi_shisu_juni,omo_tekisei_code,99,19050,73.37,10.67,71.27,False
KEIBAJO_SURFACE_06_ダ,hizume_code+da_tekisei_code+uma_start_shisu_decile+omo_tekisei_code,hizume_code,da_tekisei_code,uma_start_shisu_decile,omo_tekisei_code,52,8904,74.35,11.37,71.26,False
KEIBAJO_SURFACE_06_ダ,kyori_kubun+joken_class_code+ichi_shisu_juni+ten_shisu_juni,kyori_kubun,joken_class_code,ichi_shisu_juni,ten_shisu_juni,20,3765,74.96,8.44,71.26,False
KEIBAJO_SURFACE_06_ダ,uma_deokure_bin+uma_start_shisu_decile+umakigo_code+ten_shisu_juni,uma_deokure_bin,uma_start_shisu_decile,umakigo_code,ten_shisu_juni,74,13369,74.31,13.37,71.26,False
KEIBAJO_SURFACE_06_ダ,hizume_code+pace_yoso+da_tekisei_code+kyori_tekisei_2,hizume_code,pace_yoso,da_tekisei_code,kyori_tekisei_2,11,2149,75.76,7.61,71.26,False
KEIBAJO_SURFACE_06_ダ,hizume_code+kyori_kubun+joken_class_code+kyakushitsu,hizume_code,kyori_kubun,joken_class_code,kyakushitsu,76,14224,73.43,9.68,71.26,False
KEIBAJO_SURFACE_06_ダ,pace_yoso+kyori_tekisei+kyakushitsu+manken_shisu_decile,pace_yoso,kyori_tekisei,kyakushitsu,manken_shisu_decile,104,20659,73.37,11.01,71.26,False
KEIBAJO_SURFACE_06_ダ,manken_shirushi+kyori_tekisei+omo_tekisei_code+manken_shisu_decile,manken_shirushi,kyori_tekisei,omo_tekisei_code,manken_shisu_decile,32,4671,75.21,11.42,71.25,False
KEIBAJO_SURFACE_06_ダ,da_tekisei_code+joken_class_code+omo_tekisei_code+pace_shisu_juni,da_tekisei_code,joken_class_code,omo_tekisei_code,pace_shisu_juni,80,14556,73.73,11.32,71.25,False
KEIBAJO_SURFACE_06_ダ,hizume_code+pace_yoso+manken_shirushi+joken_class_code,hizume_code,pace_yoso,manken_shirushi,joken_class_code,22,2833,77.23,14.34,71.24,False
KEIBAJO_SURFACE_06_ダ,uma_deokure_bin+kyori_tekisei+umakigo_code+pace_shisu_juni,uma_deokure_bin,kyori_tekisei,umakigo_code,pace_shisu_juni,88,16008,73.79,12.18,71.24,False
KEIBAJO_SURFACE_06_ダ,hizume_code+joken_class_code+umakigo_code+kyori_tekisei_2,hizume_code,joken_class_code,umakigo_code,kyori_tekisei_2,6,811,74.05,3.52,71.24,False
KEIBAJO_SURFACE_06_ダ,pace_yoso+kyori_kubun+da_tekisei_code+ichi_shisu_juni,pace_yoso,kyori_kubun,da_tekisei_code,ichi_shisu_juni,76,18410,73.69,10.86,71.24,False
KEIBAJO_SURFACE_06_ダ,pace_yoso+kyori_tekisei+uma_start_shisu_decile+kyakushitsu,pace_yoso,kyori_tekisei,uma_start_shisu_decile,kyakushitsu,82,20064,73.38,9.92,71.23,False
KEIBAJO_SURFACE_06_ダ,pace_yoso+kyori_tekisei+kyakushitsu+ten_shisu_juni,pace_yoso,kyori_tekisei,kyakushitsu,ten_shisu_juni,99,15498,73.8,13.05,71.23,False
KEIBAJO_SURFACE_06_ダ,hizume_code+uma_start_shisu_decile+kyakushitsu+umakigo_code,hizume_code,uma_start_shisu_decile,kyakushitsu,umakigo_code,72,14909,74.38,13.65,71.23,False
KEIBAJO_SURFACE_06_ダ,pace_yoso+umakigo_code+omo_tekisei_code+manken_shisu_decile,pace_yoso,umakigo_code,omo_tekisei_code,manken_shisu_decile,50,23028,74.15,10.58,71.22,False
KEIBAJO_SURFACE_06_ダ,uma_deokure_bin+joken_class_code+ichi_shisu_juni+omo_tekisei_code,uma_deokure_bin,joken_class_code,ichi_shisu_juni,omo_tekisei_code,57,10128,74.65,13.2,71.22,False
KEIBAJO_SURFACE_06_ダ,pace_yoso+uma_deokure_bin+omo_tekisei_code+manken_shisu_decile,pace_yoso,uma_deokure_bin,omo_tekisei_code,manken_shisu_decile,89,19857,73.06,8.87,71.21,False
KEIBAJO_SURFACE_06_ダ,manken_shirushi+kyori_tekisei+joken_class_code+omo_tekisei_code,manken_shirushi,kyori_tekisei,joken_class_code,omo_tekisei_code,31,6155,75.29,11.59,71.21,False
KEIBAJO_SURFACE_06_ダ,pace_yoso+uma_start_shisu_decile+umakigo_code+kyori_tekisei_2,pace_yoso,uma_start_shisu_decile,umakigo_code,kyori_tekisei_2,15,2944,75.6,8.68,71.21,False
KEIBAJO_SURFACE_06_ダ,pace_yoso+kyori_kubun+kyori_tekisei+omo_tekisei_code,pace_yoso,kyori_kubun,kyori_tekisei,omo_tekisei_code,38,24963,74.08,9.03,71.21,False
KEIBAJO_SURFACE_06_ダ,da_tekisei_code+kyori_tekisei+joken_class_code+ten_shisu_juni,da_tekisei_code,kyori_tekisei,joken_class_code,ten_shisu_juni,60,11834,74.4,12.6,71.21,False
KEIBAJO_SURFACE_06_ダ,pace_yoso+uma_deokure_bin+kyakushitsu+ichi_shisu_juni,pace_yoso,uma_deokure_bin,kyakushitsu,ichi_shisu_juni,74,15601,73.64,10.63,71.21,False
KEIBAJO_SURFACE_06_ダ,uma_deokure_bin+kyori_kubun+omo_tekisei_code+ten_shisu_juni,uma_deokure_bin,kyori_kubun,omo_tekisei_code,ten_shisu_juni,109,14889,73.97,14.73,71.2,False
KEIBAJO_SURFACE_06_ダ,hizume_code+pace_yoso+da_tekisei_code+ichi_shisu_juni,hizume_code,pace_yoso,da_tekisei_code,ichi_shisu_juni,36,5666,75.21,12.28,71.2,False
KEIBAJO_SURFACE_06_ダ,da_tekisei_code+uma_start_shisu_decile+omo_tekisei_code+manken_shisu_decile,da_tekisei_code,uma_start_shisu_decile,omo_tekisei_code,manken_shisu_decile,56,8521,74.55,12.82,71.19,False
KEIBAJO_SURFACE_06_ダ,manken_shirushi+uma_deokure_bin+omo_tekisei_code+shiba_tekisei_code,manken_shirushi,uma_deokure_bin,omo_tekisei_code,shiba_tekisei_code,33,5175,74.91,10.89,71.19,False
KEIBAJO_SURFACE_06_ダ,kyori_kubun+umakigo_code+omo_tekisei_code+ls_shisu_juni,kyori_kubun,umakigo_code,omo_tekisei_code,ls_shisu_juni,50,24232,73.96,10.01,71.19,False
KEIBAJO_SURFACE_06_ダ,pace_yoso+kyori_tekisei+uma_start_shisu_decile+kyori_tekisei_2,pace_yoso,kyori_tekisei,uma_start_shisu_decile,kyori_tekisei_2,16,3230,76.65,11.17,71.18,False
KEIBAJO_SURFACE_06_ダ,hizume_code+da_tekisei_code+kyori_tekisei+pace_shisu_juni,hizume_code,da_tekisei_code,kyori_tekisei,pace_shisu_juni,23,2709,75.47,10.48,71.18,False
KEIBAJO_SURFACE_06_ダ,kyori_kubun+da_tekisei_code+umakigo_code+ten_shisu_juni,kyori_kubun,da_tekisei_code,umakigo_code,ten_shisu_juni,62,19589,74.01,11.35,71.18,False
KEIBAJO_SURFACE_06_ダ,pace_yoso+umakigo_code+kyori_tekisei_2+omo_tekisei_code,pace_yoso,umakigo_code,kyori_tekisei_2,omo_tekisei_code,9,3548,77.51,9.71,71.17,False
KEIBAJO_SURFACE_06_ダ,uma_deokure_bin+kyori_kubun+uma_start_shisu_decile+manken_shisu_decile,uma_deokure_bin,kyori_kubun,uma_start_shisu_decile,manken_shisu_decile,66,11334,73.78,10.82,71.17,False
KEIBAJO_SURFACE_06_ダ,uma_deokure_bin+kyori_kubun+umakigo_code+ichi_shisu_juni,uma_deokure_bin,kyori_kubun,umakigo_code,ichi_shisu_juni,59,18677,73.35,8.54,71.17,False
KEIBAJO_SURFACE_06_ダ,hizume_code+kyori_kubun+kyori_tekisei+ichi_shisu_juni,hizume_code,kyori_kubun,kyori_tekisei,ichi_shisu_juni,14,1824,76.77,10.69,71.17,False
KEIBAJO_SURFACE_06_ダ,manken_shirushi+uma_deokure_bin+da_tekisei_code+uma_start_shisu_decile,manken_shirushi,uma_deokure_bin,da_tekisei_code,uma_start_shisu_decile,33,4508,75.25,12.0,71.16,False
KEIBAJO_SURFACE_06_ダ,kyori_kubun+uma_start_shisu_decile+omo_tekisei_code+pace_shisu_juni,kyori_kubun,uma_start_shisu_decile,omo_tekisei_code,pace_shisu_juni,28,3390,75.96,12.97,71.16,False
KEIBAJO_SURFACE_06_ダ,pace_yoso+manken_shirushi+manken_shisu_decile+shiba_tekisei_code,pace_yoso,manken_shirushi,manken_shisu_decile,shiba_tekisei_code,32,5735,74.9,10.8,71.16,False
KEIBAJO_SURFACE_06_ダ,pace_yoso+joken_class_code+ichi_shisu_juni+omo_tekisei_code,pace_yoso,joken_class_code,ichi_shisu_juni,omo_tekisei_code,108,18466,73.3,11.34,71.16,False
KEIBAJO_SURFACE_06_ダ,da_tekisei_code+joken_class_code+uma_start_shisu_decile+shiba_tekisei_code,da_tekisei_code,joken_class_code,uma_start_shisu_decile,shiba_tekisei_code,34,9170,74.77,10.75,71.16,False
KEIBAJO_SURFACE_06_ダ,hizume_code+da_tekisei_code+joken_class_code+kyakushitsu,hizume_code,da_tekisei_code,joken_class_code,kyakushitsu,69,13879,74.11,12.56,71.15,False
KEIBAJO_SURFACE_06_ダ,kyori_tekisei+umakigo_code+ichi_shisu_juni+ten_shisu_juni,kyori_tekisei,umakigo_code,ichi_shisu_juni,ten_shisu_juni,19,4364,76.56,12.03,71.15,False
KEIBAJO_SURFACE_06_ダ,kyori_kubun+joken_class_code+umakigo_code+manken_shisu_decile,kyori_kubun,joken_class_code,umakigo_code,manken_shisu_decile,62,24718,73.26,8.49,71.15,False
KEIBAJO_SURFACE_06_ダ,da_tekisei_code+kyakushitsu+umakigo_code+kyori_tekisei_2,da_tekisei_code,kyakushitsu,umakigo_code,kyori_tekisei_2,11,3161,77.12,10.1,71.15,False
KEIBAJO_SURFACE_06_ダ,pace_yoso+kyori_kubun+joken_class_code+manken_shisu_decile,pace_yoso,kyori_kubun,joken_class_code,manken_shisu_decile,85,24884,73.46,10.84,71.15,False
KEIBAJO_SURFACE_06_ダ,hizume_code+uma_deokure_bin+umakigo_code+ls_shisu_juni,hizume_code,uma_deokure_bin,umakigo_code,ls_shisu_juni,65,13825,73.78,10.82,71.15,False
KEIBAJO_SURFACE_06_ダ,pace_yoso+kyori_kubun+uma_start_shisu_decile+kyori_tekisei_2,pace_yoso,kyori_kubun,uma_start_shisu_decile,kyori_tekisei_2,16,2787,77.11,12.15,71.15,False
KEIBAJO_SURFACE_06_ダ,manken_shirushi+da_tekisei_code+joken_class_code+uma_start_shisu_decile,manken_shirushi,da_tekisei_code,joken_class_code,uma_start_shisu_decile,27,3551,75.22,10.82,71.14,False
KEIBAJO_SURFACE_06_ダ,pace_yoso+kyori_kubun+joken_class_code+kyakushitsu,pace_yoso,kyori_kubun,joken_class_code,kyakushitsu,63,29094,73.39,9.11,71.14,False
KEIBAJO_SURFACE_06_ダ,kyori_kubun+umakigo_code+ichi_shisu_juni+omo_tekisei_code,kyori_kubun,umakigo_code,ichi_shisu_juni,omo_tekisei_code,93,23782,72.98,9.05,71.14,False
KEIBAJO_SURFACE_06_ダ,uma_start_shisu_decile+kyakushitsu+umakigo_code+ten_shisu_juni,uma_start_shisu_decile,kyakushitsu,umakigo_code,ten_shisu_juni,70,11427,74.61,14.82,71.14,False
KEIBAJO_SURFACE_06_ダ,kyori_tekisei+joken_class_code+kyakushitsu+umakigo_code,kyori_tekisei,joken_class_code,kyakushitsu,umakigo_code,60,26484,73.97,11.18,71.14,False
KEIBAJO_SURFACE_06_ダ,pace_yoso+uma_deokure_bin+omo_tekisei_code+ls_shisu_juni,pace_yoso,uma_deokure_bin,omo_tekisei_code,ls_shisu_juni,79,21495,73.53,10.82,71.14,False
KEIBAJO_SURFACE_06_ダ,umakigo_code+ls_shisu_juni+ten_shisu_juni+pace_shisu_juni,umakigo_code,ls_shisu_juni,ten_shisu_juni,pace_shisu_juni,17,2498,77.48,13.36,71.13,False
KEIBAJO_SURFACE_06_ダ,kyakushitsu+kyori_tekisei_2+omo_tekisei_code+shiba_tekisei_code,kyakushitsu,kyori_tekisei_2,omo_tekisei_code,shiba_tekisei_code,6,955,74.93,4.74,71.13,False
KEIBAJO_SURFACE_06_ダ,manken_shirushi+da_tekisei_code+uma_start_shisu_decile+shiba_tekisei_code,manken_shirushi,da_tekisei_code,uma_start_shisu_decile,shiba_tekisei_code,9,1235,82.07,16.75,71.13,False
KEIBAJO_SURFACE_06_ダ,hizume_code+kyori_kubun+kyori_tekisei+shiba_tekisei_code,hizume_code,kyori_kubun,kyori_tekisei,shiba_tekisei_code,45,11295,73.81,9.18,71.13,False
KEIBAJO_SURFACE_06_ダ,ichi_shisu_juni+ls_shisu_juni+ten_shisu_juni+pace_shisu_juni,ichi_shisu_juni,ls_shisu_juni,ten_shisu_juni,pace_shisu_juni,6,874,81.54,13.02,71.12,False
KEIBAJO_SURFACE_06_ダ,kyori_tekisei+kyakushitsu+ichi_shisu_juni+ten_shisu_juni,kyori_tekisei,kyakushitsu,ichi_shisu_juni,ten_shisu_juni,13,3120,76.71,10.29,71.12,False
KEIBAJO_SURFACE_06_ダ,uma_deokure_bin+joken_class_code+kyakushitsu+ichi_shisu_juni,uma_deokure_bin,joken_class_code,kyakushitsu,ichi_shisu_juni,65,11129,74.11,12.3,71.12,False
KEIBAJO_SURFACE_06_ダ,uma_deokure_bin+kyakushitsu+umakigo_code+omo_tekisei_code,uma_deokure_bin,kyakushitsu,umakigo_code,omo_tekisei_code,49,24567,73.17,7.31,71.12,False
KEIBAJO_SURFACE_06_ダ,da_tekisei_code+kyori_tekisei+kyakushitsu+shiba_tekisei_code,da_tekisei_code,kyori_tekisei,kyakushitsu,shiba_tekisei_code,24,10135,74.05,7.34,71.11,False
KEIBAJO_SURFACE_06_ダ,uma_deokure_bin+kyori_kubun+joken_class_code+ichi_shisu_juni,uma_deokure_bin,kyori_kubun,joken_class_code,ichi_shisu_juni,80,13630,73.73,11.97,71.1,False
KEIBAJO_SURFACE_06_ダ,pace_yoso+uma_deokure_bin+omo_tekisei_code+pace_shisu_juni,pace_yoso,uma_deokure_bin,omo_tekisei_code,pace_shisu_juni,85,14905,73.62,11.87,71.09,False
KEIBAJO_SURFACE_06_ダ,manken_shirushi+joken_class_code+umakigo_code+ichi_shisu_juni,manken_shirushi,joken_class_code,umakigo_code,ichi_shisu_juni,12,2870,76.55,9.64,71.09,False
KEIBAJO_SURFACE_06_ダ,uma_deokure_bin+da_tekisei_code+kyakushitsu+ls_shisu_juni,uma_deokure_bin,da_tekisei_code,kyakushitsu,ls_shisu_juni,75,15663,73.59,11.06,71.09,False
KEIBAJO_SURFACE_06_ダ,manken_shirushi+kyori_kubun+omo_tekisei_code+shiba_tekisei_code,manken_shirushi,kyori_kubun,omo_tekisei_code,shiba_tekisei_code,48,7886,74.51,12.1,71.09,False
KEIBAJO_SURFACE_06_ダ,kyori_kubun+kyakushitsu+umakigo_code+manken_shisu_decile,kyori_kubun,kyakushitsu,umakigo_code,manken_shisu_decile,80,25567,73.05,8.96,71.09,False
KEIBAJO_SURFACE_06_ダ,hizume_code+joken_class_code+umakigo_code+manken_shisu_decile,hizume_code,joken_class_code,umakigo_code,manken_shisu_decile,62,10798,73.73,10.63,71.08,False
KEIBAJO_SURFACE_06_ダ,hizume_code+pace_yoso+kyakushitsu+manken_shisu_decile,hizume_code,pace_yoso,kyakushitsu,manken_shisu_decile,47,7120,73.84,9.69,71.07,False
KEIBAJO_SURFACE_06_ダ,manken_shirushi+kyori_tekisei+joken_class_code+shiba_tekisei_code,manken_shirushi,kyori_tekisei,joken_class_code,shiba_tekisei_code,23,4412,76.1,12.31,71.07,False
KEIBAJO_SURFACE_06_ダ,da_tekisei_code+kyori_tekisei+joken_class_code+kyori_tekisei_2,da_tekisei_code,kyori_tekisei,joken_class_code,kyori_tekisei_2,11,3575,75.91,8.21,71.06,False
KEIBAJO_SURFACE_06_ダ,hizume_code+joken_class_code+uma_start_shisu_decile+umakigo_code,hizume_code,joken_class_code,uma_start_shisu_decile,umakigo_code,68,13348,73.35,9.64,71.06,False
KEIBAJO_SURFACE_06_ダ,pace_yoso+umakigo_code+manken_shisu_decile+pace_shisu_juni,pace_yoso,umakigo_code,manken_shisu_decile,pace_shisu_juni,104,16263,73.37,11.99,71.06,False
KEIBAJO_SURFACE_06_ダ,kyori_kubun+joken_class_code+umakigo_code+omo_tekisei_code,kyori_kubun,joken_class_code,umakigo_code,omo_tekisei_code,35,25463,73.83,8.37,71.06,False
KEIBAJO_SURFACE_06_ダ,manken_shirushi+uma_deokure_bin+manken_shisu_decile+shiba_tekisei_code,manken_shirushi,uma_deokure_bin,manken_shisu_decile,shiba_tekisei_code,17,2458,75.9,10.2,71.06,False
KEIBAJO_SURFACE_06_ダ,da_tekisei_code+umakigo_code+ls_shisu_juni+manken_shisu_decile,da_tekisei_code,umakigo_code,ls_shisu_juni,manken_shisu_decile,71,16137,74.24,13.66,71.06,False
KEIBAJO_SURFACE_06_ダ,pace_yoso+kyori_kubun+da_tekisei_code+shiba_tekisei_code,pace_yoso,kyori_kubun,da_tekisei_code,shiba_tekisei_code,17,12159,76.2,10.84,71.05,False
KEIBAJO_SURFACE_06_ダ,joken_class_code+uma_start_shisu_decile+kyakushitsu+omo_tekisei_code,joken_class_code,uma_start_shisu_decile,kyakushitsu,omo_tekisei_code,88,18105,73.41,11.27,71.05,False
KEIBAJO_SURFACE_06_ダ,kyori_tekisei+joken_class_code+umakigo_code+pace_shisu_juni,kyori_tekisei,joken_class_code,umakigo_code,pace_shisu_juni,71,18676,74.11,13.16,71.05,False
KEIBAJO_SURFACE_06_ダ,hizume_code+pace_yoso+kyakushitsu+omo_tekisei_code,hizume_code,pace_yoso,kyakushitsu,omo_tekisei_code,82,19295,73.33,10.53,71.05,False
KEIBAJO_SURFACE_06_ダ,uma_deokure_bin+kyori_tekisei+umakigo_code+ls_shisu_juni,uma_deokure_bin,kyori_tekisei,umakigo_code,ls_shisu_juni,71,20157,73.81,11.84,71.05,False
KEIBAJO_SURFACE_06_ダ,pace_yoso+joken_class_code+kyakushitsu+ls_shisu_juni,pace_yoso,joken_class_code,kyakushitsu,ls_shisu_juni,101,23383,73.24,11.28,71.04,False
KEIBAJO_SURFACE_06_ダ,hizume_code+joken_class_code+kyakushitsu+umakigo_code,hizume_code,joken_class_code,kyakushitsu,umakigo_code,78,18866,73.77,12.31,71.04,False
KEIBAJO_SURFACE_06_ダ,pace_yoso+uma_deokure_bin+umakigo_code+ten_shisu_juni,pace_yoso,uma_deokure_bin,umakigo_code,ten_shisu_juni,86,21846,73.6,12.11,71.04,False
KEIBAJO_SURFACE_06_ダ,pace_yoso+kyakushitsu+umakigo_code+ichi_shisu_juni,pace_yoso,kyakushitsu,umakigo_code,ichi_shisu_juni,69,25110,73.11,8.76,71.04,False
KEIBAJO_SURFACE_06_ダ,hizume_code+pace_yoso+kyori_tekisei+umakigo_code,hizume_code,pace_yoso,kyori_tekisei,umakigo_code,52,20362,73.73,9.88,71.04,False
KEIBAJO_SURFACE_06_ダ,uma_deokure_bin+kyori_kubun+kyori_tekisei+manken_shisu_decile,uma_deokure_bin,kyori_kubun,kyori_tekisei,manken_shisu_decile,76,17407,73.57,11.29,71.03,False
KEIBAJO_SURFACE_06_ダ,da_tekisei_code+kyori_tekisei+joken_class_code+bataiju,da_tekisei_code,kyori_tekisei,joken_class_code,bataiju,25,3387,75.61,11.68,71.03,False
KEIBAJO_SURFACE_06_ダ,joken_class_code+kyakushitsu+ichi_shisu_juni+ls_shisu_juni,joken_class_code,kyakushitsu,ichi_shisu_juni,ls_shisu_juni,17,3856,76.22,10.91,71.03,False
KEIBAJO_SURFACE_06_ダ,pace_yoso+da_tekisei_code+umakigo_code+pace_shisu_juni,pace_yoso,da_tekisei_code,umakigo_code,pace_shisu_juni,52,19540,74.2,11.67,71.03,False
KEIBAJO_SURFACE_06_ダ,pace_yoso+uma_deokure_bin+umakigo_code+manken_shisu_decile,pace_yoso,uma_deokure_bin,umakigo_code,manken_shisu_decile,59,22524,73.77,10.74,71.03,False
KEIBAJO_SURFACE_06_ダ,pace_yoso+kyori_tekisei+manken_shisu_decile+pace_shisu_juni,pace_yoso,kyori_tekisei,manken_shisu_decile,pace_shisu_juni,16,1944,77.58,13.39,71.02,False
KEIBAJO_SURFACE_06_ダ,hizume_code+kyori_kubun+umakigo_code+ls_shisu_juni,hizume_code,kyori_kubun,umakigo_code,ls_shisu_juni,75,17840,73.41,10.58,71.02,False
KEIBAJO_SURFACE_06_ダ,hizume_code+pace_yoso+kyori_kubun+uma_start_shisu_decile,hizume_code,pace_yoso,kyori_kubun,uma_start_shisu_decile,70,14413,73.52,10.68,71.02,False
KEIBAJO_SURFACE_06_ダ,kyakushitsu+umakigo_code+omo_tekisei_code+pace_shisu_juni,kyakushitsu,umakigo_code,omo_tekisei_code,pace_shisu_juni,116,21359,73.1,11.43,71.02,False
KEIBAJO_SURFACE_06_ダ,kyori_tekisei+kyakushitsu+umakigo_code+ten_shisu_juni,kyori_tekisei,kyakushitsu,umakigo_code,ten_shisu_juni,120,20361,73.29,12.74,71.01,False
KEIBAJO_SURFACE_06_ダ,uma_deokure_bin+kyori_tekisei+joken_class_code+omo_tekisei_code,uma_deokure_bin,kyori_tekisei,joken_class_code,omo_tekisei_code,64,19478,73.53,10.28,71.01,False
KEIBAJO_SURFACE_06_ダ,kyori_tekisei+umakigo_code+omo_tekisei_code+pace_shisu_juni,kyori_tekisei,umakigo_code,omo_tekisei_code,pace_shisu_juni,106,19141,73.49,13.08,71.01,False
KEIBAJO_SURFACE_06_ダ,pace_yoso+kyori_tekisei+umakigo_code+ls_shisu_juni,pace_yoso,kyori_tekisei,umakigo_code,ls_shisu_juni,52,25657,73.99,10.97,71.01,False
KEIBAJO_SURFACE_06_ダ,hizume_code+uma_deokure_bin+umakigo_code+manken_shisu_decile,hizume_code,uma_deokure_bin,umakigo_code,manken_shisu_decile,65,11188,73.66,10.91,71.01,False
KEIBAJO_SURFACE_06_ダ,joken_class_code+umakigo_code+ichi_shisu_juni+omo_tekisei_code,joken_class_code,umakigo_code,ichi_shisu_juni,omo_tekisei_code,89,19645,73.19,10.51,71.01,False
KEIBAJO_SURFACE_06_ダ,uma_deokure_bin+uma_start_shisu_decile+kyakushitsu+omo_tekisei_code,uma_deokure_bin,uma_start_shisu_decile,kyakushitsu,omo_tekisei_code,61,17110,73.25,8.94,71.0,False
KEIBAJO_SURFACE_06_ダ,pace_yoso+uma_deokure_bin+kyakushitsu+manken_shisu_decile,pace_yoso,uma_deokure_bin,kyakushitsu,manken_shisu_decile,86,17633,73.21,10.46,71.0,False
KEIBAJO_SURFACE_06_ダ,hizume_code+pace_yoso+kyori_tekisei+kyakushitsu,hizume_code,pace_yoso,kyori_tekisei,kyakushitsu,76,15394,73.69,11.99,71.0,False
KEIBAJO_SURFACE_06_ダ,pace_yoso+uma_start_shisu_decile+umakigo_code+ichi_shisu_juni,pace_yoso,uma_start_shisu_decile,umakigo_code,ichi_shisu_juni,95,18192,73.37,11.86,70.99,False
KEIBAJO_SURFACE_06_ダ,pace_yoso+manken_shirushi+kyakushitsu+manken_shisu_decile,pace_yoso,manken_shirushi,kyakushitsu,manken_shisu_decile,42,6935,74.56,11.8,70.99,False
KEIBAJO_SURFACE_06_ダ,pace_yoso+manken_shirushi+omo_tekisei_code+shiba_tekisei_code,pace_yoso,manken_shirushi,omo_tekisei_code,shiba_tekisei_code,31,6928,74.66,10.42,70.99,False
KEIBAJO_SURFACE_06_ダ,umakigo_code+ichi_shisu_juni+omo_tekisei_code+ls_shisu_juni,umakigo_code,ichi_shisu_juni,omo_tekisei_code,ls_shisu_juni,89,12064,74.17,15.28,70.99,False
KEIBAJO_SURFACE_06_ダ,hizume_code+pace_yoso+uma_deokure_bin+kyori_kubun,hizume_code,pace_yoso,uma_deokure_bin,kyori_kubun,67,19432,73.14,9.0,70.98,False
KEIBAJO_SURFACE_06_ダ,hizume_code+uma_deokure_bin+joken_class_code+umakigo_code,hizume_code,uma_deokure_bin,joken_class_code,umakigo_code,58,17789,73.59,10.17,70.98,False
KEIBAJO_SURFACE_06_ダ,kyakushitsu+umakigo_code+ichi_shisu_juni+omo_tekisei_code,kyakushitsu,umakigo_code,ichi_shisu_juni,omo_tekisei_code,99,22356,73.31,11.83,70.98,False
KEIBAJO_SURFACE_06_ダ,kyori_kubun+kyakushitsu+ls_shisu_juni+ten_shisu_juni,kyori_kubun,kyakushitsu,ls_shisu_juni,ten_shisu_juni,13,1390,77.19,11.42,70.98,False
KEIBAJO_SURFACE_06_ダ,da_tekisei_code+joken_class_code+ichi_shisu_juni+shiba_tekisei_code,da_tekisei_code,joken_class_code,ichi_shisu_juni,shiba_tekisei_code,44,7648,74.78,12.91,70.97,False
KEIBAJO_SURFACE_06_ダ,da_tekisei_code+kyori_tekisei+joken_class_code+kyakushitsu,da_tekisei_code,kyori_tekisei,joken_class_code,kyakushitsu,51,19064,74.33,12.25,70.97,False
KEIBAJO_SURFACE_06_ダ,hizume_code+manken_shirushi+uma_deokure_bin+umakigo_code,hizume_code,manken_shirushi,uma_deokure_bin,umakigo_code,33,5412,75.21,12.4,70.97,False
KEIBAJO_SURFACE_06_ダ,manken_shirushi+da_tekisei_code+uma_start_shisu_decile+kyakushitsu,manken_shirushi,da_tekisei_code,uma_start_shisu_decile,kyakushitsu,12,1592,77.84,12.15,70.97,False
KEIBAJO_SURFACE_06_ダ,pace_yoso+kyori_kubun+bataiju+shiba_tekisei_code,pace_yoso,kyori_kubun,bataiju,shiba_tekisei_code,40,4975,74.14,10.22,70.97,False
KEIBAJO_SURFACE_06_ダ,pace_yoso+kyakushitsu+omo_tekisei_code+pace_shisu_juni,pace_yoso,kyakushitsu,omo_tekisei_code,pace_shisu_juni,102,16584,73.39,12.48,70.96,False
KEIBAJO_SURFACE_06_ダ,hizume_code+da_tekisei_code+umakigo_code+pace_shisu_juni,hizume_code,da_tekisei_code,umakigo_code,pace_shisu_juni,50,8087,74.19,11.63,70.96,False
KEIBAJO_SURFACE_06_ダ,pace_yoso+kyori_kubun+da_tekisei_code+ten_shisu_juni,pace_yoso,kyori_kubun,da_tekisei_code,ten_shisu_juni,72,18025,73.62,11.52,70.96,False
KEIBAJO_SURFACE_06_ダ,hizume_code+kyori_kubun+omo_tekisei_code+pace_shisu_juni,hizume_code,kyori_kubun,omo_tekisei_code,pace_shisu_juni,16,1759,78.17,14.7,70.96,False
KEIBAJO_SURFACE_06_ダ,kyori_tekisei+kyakushitsu+umakigo_code+ichi_shisu_juni,kyori_tekisei,kyakushitsu,umakigo_code,ichi_shisu_juni,105,21887,73.08,11.1,70.96,False
KEIBAJO_SURFACE_06_ダ,hizume_code+uma_deokure_bin+kyakushitsu+ten_shisu_juni,hizume_code,uma_deokure_bin,kyakushitsu,ten_shisu_juni,7,876,77.58,8.94,70.95,False
KEIBAJO_SURFACE_06_ダ,pace_yoso+kyori_tekisei+kyakushitsu+kyori_tekisei_2,pace_yoso,kyori_tekisei,kyakushitsu,kyori_tekisei_2,11,3675,76.24,8.95,70.95,False
KEIBAJO_SURFACE_06_ダ,joken_class_code+kyakushitsu+umakigo_code+ten_shisu_juni,joken_class_code,kyakushitsu,umakigo_code,ten_shisu_juni,110,21223,73.22,12.14,70.95,False
KEIBAJO_SURFACE_06_ダ,hizume_code+da_tekisei_code+joken_class_code+ichi_shisu_juni,hizume_code,da_tekisei_code,joken_class_code,ichi_shisu_juni,20,2504,75.06,9.42,70.94,False
KEIBAJO_SURFACE_06_ダ,pace_yoso+omo_tekisei_code+manken_shisu_decile+ten_shisu_juni,pace_yoso,omo_tekisei_code,manken_shisu_decile,ten_shisu_juni,11,1236,79.95,15.25,70.94,False
KEIBAJO_SURFACE_06_ダ,manken_shirushi+kyori_kubun+kyakushitsu+shiba_tekisei_code,manken_shirushi,kyori_kubun,kyakushitsu,shiba_tekisei_code,41,6300,74.07,10.29,70.92,False
KEIBAJO_SURFACE_06_ダ,pace_yoso+da_tekisei_code+omo_tekisei_code+pace_shisu_juni,pace_yoso,da_tekisei_code,omo_tekisei_code,pace_shisu_juni,83,17761,73.9,13.82,70.92,False
KEIBAJO_SURFACE_06_ダ,hizume_code+uma_deokure_bin+kyori_kubun+omo_tekisei_code,hizume_code,uma_deokure_bin,kyori_kubun,omo_tekisei_code,84,18495,73.06,10.0,70.92,False
KEIBAJO_SURFACE_06_ダ,joken_class_code+ichi_shisu_juni+ls_shisu_juni+pace_shisu_juni,joken_class_code,ichi_shisu_juni,ls_shisu_juni,pace_shisu_juni,7,1035,79.35,11.37,70.92,False
KEIBAJO_SURFACE_06_ダ,pace_yoso+manken_shirushi+uma_start_shisu_decile+omo_tekisei_code,pace_yoso,manken_shirushi,uma_start_shisu_decile,omo_tekisei_code,22,3279,74.75,9.18,70.92,False
KEIBAJO_SURFACE_06_ダ,da_tekisei_code+kyakushitsu+ls_shisu_juni+shiba_tekisei_code,da_tekisei_code,kyakushitsu,ls_shisu_juni,shiba_tekisei_code,39,8861,74.36,10.95,70.92,False
KEIBAJO_SURFACE_06_ダ,pace_yoso+kyori_tekisei+omo_tekisei_code+ls_shisu_juni,pace_yoso,kyori_tekisei,omo_tekisei_code,ls_shisu_juni,82,21535,73.09,10.09,70.91,False
KEIBAJO_SURFACE_06_ダ,kyori_tekisei_2+omo_tekisei_code+manken_shisu_decile+shiba_tekisei_code,kyori_tekisei_2,omo_tekisei_code,manken_shisu_decile,shiba_tekisei_code,4,489,77.97,7.2,70.91,False
KEIBAJO_SURFACE_06_ダ,kyori_kubun+da_tekisei_code+ten_shisu_juni+shiba_tekisei_code,kyori_kubun,da_tekisei_code,ten_shisu_juni,shiba_tekisei_code,52,8924,74.54,13.34,70.91,False
KEIBAJO_SURFACE_06_ダ,omo_tekisei_code+ten_shisu_juni+pace_shisu_juni+shiba_tekisei_code,omo_tekisei_code,ten_shisu_juni,pace_shisu_juni,shiba_tekisei_code,3,425,85.51,12.91,70.89,False
KEIBAJO_SURFACE_06_ダ,hizume_code+pace_yoso+joken_class_code+ten_shisu_juni,hizume_code,pace_yoso,joken_class_code,ten_shisu_juni,22,2778,75.63,11.37,70.88,False
KEIBAJO_SURFACE_06_ダ,hizume_code+pace_yoso+manken_shirushi+uma_deokure_bin,hizume_code,pace_yoso,manken_shirushi,uma_deokure_bin,24,3317,74.17,8.24,70.88,False
KEIBAJO_SURFACE_06_ダ,manken_shirushi+uma_deokure_bin+joken_class_code+ls_shisu_juni,manken_shirushi,uma_deokure_bin,joken_class_code,ls_shisu_juni,18,2052,77.73,14.86,70.87,False
KEIBAJO_SURFACE_06_ダ,manken_shirushi+uma_deokure_bin+kyori_kubun+uma_start_shisu_decile,manken_shirushi,uma_deokure_bin,kyori_kubun,uma_start_shisu_decile,39,5672,74.18,10.53,70.87,False
KEIBAJO_SURFACE_06_ダ,hizume_code+da_tekisei_code+umakigo_code+shiba_tekisei_code,hizume_code,da_tekisei_code,umakigo_code,shiba_tekisei_code,23,9397,74.07,7.87,70.86,False
KEIBAJO_SURFACE_06_ダ,pace_yoso+manken_shirushi+joken_class_code+uma_start_shisu_decile,pace_yoso,manken_shirushi,joken_class_code,uma_start_shisu_decile,23,3071,75.95,12.45,70.86,False
KEIBAJO_SURFACE_06_ダ,manken_shirushi+uma_deokure_bin+umakigo_code+ls_shisu_juni,manken_shirushi,uma_deokure_bin,umakigo_code,ls_shisu_juni,48,7645,74.64,13.36,70.86,False
KEIBAJO_SURFACE_06_ダ,uma_deokure_bin+joken_class_code+uma_start_shisu_decile+kyakushitsu,uma_deokure_bin,joken_class_code,uma_start_shisu_decile,kyakushitsu,59,15962,74.05,12.49,70.86,False
KEIBAJO_SURFACE_06_ダ,pace_yoso+uma_deokure_bin+kyakushitsu+pace_shisu_juni,pace_yoso,uma_deokure_bin,kyakushitsu,pace_shisu_juni,70,13226,73.49,11.22,70.86,False
KEIBAJO_SURFACE_06_ダ,pace_yoso+uma_deokure_bin+kyori_kubun+ls_shisu_juni,pace_yoso,uma_deokure_bin,kyori_kubun,ls_shisu_juni,72,22489,73.39,11.03,70.85,False
KEIBAJO_SURFACE_06_ダ,kyori_kubun+da_tekisei_code+kyori_tekisei+shiba_tekisei_code,kyori_kubun,da_tekisei_code,kyori_tekisei,shiba_tekisei_code,19,11333,73.7,6.35,70.84,False
KEIBAJO_SURFACE_06_ダ,kyori_tekisei+umakigo_code+ichi_shisu_juni+pace_shisu_juni,kyori_tekisei,umakigo_code,ichi_shisu_juni,pace_shisu_juni,18,4264,75.69,10.49,70.84,False
KEIBAJO_SURFACE_06_ダ,da_tekisei_code+kyakushitsu+ichi_shisu_juni+shiba_tekisei_code,da_tekisei_code,kyakushitsu,ichi_shisu_juni,shiba_tekisei_code,47,7621,74.18,11.68,70.84,False
KEIBAJO_SURFACE_06_ダ,hizume_code+manken_shirushi+umakigo_code+shiba_tekisei_code,hizume_code,manken_shirushi,umakigo_code,shiba_tekisei_code,22,3868,76.44,13.43,70.83,False
KEIBAJO_SURFACE_06_ダ,hizume_code+da_tekisei_code+omo_tekisei_code+manken_shisu_decile,hizume_code,da_tekisei_code,omo_tekisei_code,manken_shisu_decile,44,7215,74.31,11.76,70.83,False
KEIBAJO_SURFACE_06_ダ,uma_deokure_bin+kyakushitsu+umakigo_code+kyori_tekisei_2,uma_deokure_bin,kyakushitsu,umakigo_code,kyori_tekisei_2,11,1919,75.99,8.73,70.83,False
KEIBAJO_SURFACE_06_ダ,uma_deokure_bin+kyakushitsu+ichi_shisu_juni+ls_shisu_juni,uma_deokure_bin,kyakushitsu,ichi_shisu_juni,ls_shisu_juni,32,4057,75.37,13.12,70.83,False
KEIBAJO_SURFACE_06_ダ,pace_yoso+uma_deokure_bin+umakigo_code+kyori_tekisei_2,pace_yoso,uma_deokure_bin,umakigo_code,kyori_tekisei_2,12,3279,74.62,6.72,70.82,False
KEIBAJO_SURFACE_06_ダ,manken_shirushi+kyori_kubun+joken_class_code+ls_shisu_juni,manken_shirushi,kyori_kubun,joken_class_code,ls_shisu_juni,30,4039,74.9,11.38,70.82,False
KEIBAJO_SURFACE_06_ダ,kyori_kubun+kyakushitsu+ichi_shisu_juni+manken_shisu_decile,kyori_kubun,kyakushitsu,ichi_shisu_juni,manken_shisu_decile,16,3043,76.57,11.74,70.82,False
KEIBAJO_SURFACE_06_ダ,da_tekisei_code+umakigo_code+ten_shisu_juni+shiba_tekisei_code,da_tekisei_code,umakigo_code,ten_shisu_juni,shiba_tekisei_code,31,9199,74.89,11.58,70.81,False
KEIBAJO_SURFACE_06_ダ,pace_yoso+kyori_kubun+umakigo_code+ichi_shisu_juni,pace_yoso,kyori_kubun,umakigo_code,ichi_shisu_juni,58,25826,72.94,8.28,70.81,False
KEIBAJO_SURFACE_06_ダ,hizume_code+uma_deokure_bin+da_tekisei_code+pace_shisu_juni,hizume_code,uma_deokure_bin,da_tekisei_code,pace_shisu_juni,9,1032,77.41,10.11,70.81,False
KEIBAJO_SURFACE_06_ダ,hizume_code+da_tekisei_code+omo_tekisei_code+shiba_tekisei_code,hizume_code,da_tekisei_code,omo_tekisei_code,shiba_tekisei_code,37,9105,74.58,11.71,70.81,False
KEIBAJO_SURFACE_06_ダ,pace_yoso+kyakushitsu+umakigo_code+ten_shisu_juni,pace_yoso,kyakushitsu,umakigo_code,ten_shisu_juni,87,24607,73.01,10.5,70.8,False
KEIBAJO_SURFACE_06_ダ,pace_yoso+kyori_tekisei+ichi_shisu_juni+manken_shisu_decile,pace_yoso,kyori_tekisei,ichi_shisu_juni,manken_shisu_decile,15,3625,77.59,13.43,70.8,False
KEIBAJO_SURFACE_06_ダ,kyori_tekisei+kyakushitsu+umakigo_code+ls_shisu_juni,kyori_tekisei,kyakushitsu,umakigo_code,ls_shisu_juni,95,24325,73.05,11.22,70.8,False
KEIBAJO_SURFACE_06_ダ,uma_deokure_bin+kyori_kubun+da_tekisei_code+kyori_tekisei_2,uma_deokure_bin,kyori_kubun,da_tekisei_code,kyori_tekisei_2,14,2917,76.4,10.69,70.79,False
KEIBAJO_SURFACE_06_ダ,pace_yoso+kyori_kubun+joken_class_code+ls_shisu_juni,pace_yoso,kyori_kubun,joken_class_code,ls_shisu_juni,78,26625,72.97,9.83,70.79,False
KEIBAJO_SURFACE_06_ダ,hizume_code+da_tekisei_code+kyori_tekisei+kyori_tekisei_2,hizume_code,da_tekisei_code,kyori_tekisei,kyori_tekisei_2,13,2431,77.09,11.58,70.79,False
KEIBAJO_SURFACE_06_ダ,manken_shirushi+umakigo_code+ichi_shisu_juni+manken_shisu_decile,manken_shirushi,umakigo_code,ichi_shisu_juni,manken_shisu_decile,13,1611,79.15,15.36,70.79,False
KEIBAJO_SURFACE_06_ダ,pace_yoso+da_tekisei_code+kyori_tekisei_2+omo_tekisei_code,pace_yoso,da_tekisei_code,kyori_tekisei_2,omo_tekisei_code,11,3670,76.87,10.3,70.78,False
KEIBAJO_SURFACE_06_ダ,kyakushitsu+umakigo_code+kyori_tekisei_2+omo_tekisei_code,kyakushitsu,umakigo_code,kyori_tekisei_2,omo_tekisei_code,14,2933,76.02,10.01,70.78,False
KEIBAJO_SURFACE_06_ダ,pace_yoso+kyori_kubun+kyakushitsu+umakigo_code,pace_yoso,kyori_kubun,kyakushitsu,umakigo_code,35,29173,74.17,10.25,70.78,False
KEIBAJO_SURFACE_06_ダ,uma_deokure_bin+uma_start_shisu_decile+umakigo_code+pace_shisu_juni,uma_deokure_bin,uma_start_shisu_decile,umakigo_code,pace_shisu_juni,77,13603,73.59,12.62,70.77,False
KEIBAJO_SURFACE_06_ダ,kyori_kubun+joken_class_code+umakigo_code+kyori_tekisei_2,kyori_kubun,joken_class_code,umakigo_code,kyori_tekisei_2,11,3019,75.39,7.82,70.77,False
KEIBAJO_SURFACE_06_ダ,uma_start_shisu_decile+kyakushitsu+umakigo_code+ls_shisu_juni,uma_start_shisu_decile,kyakushitsu,umakigo_code,ls_shisu_juni,90,19017,73.32,12.32,70.77,False
KEIBAJO_SURFACE_06_ダ,pace_yoso+kyori_kubun+umakigo_code+kyori_tekisei_2,pace_yoso,kyori_kubun,umakigo_code,kyori_tekisei_2,9,3814,77.14,9.75,70.77,False
KEIBAJO_SURFACE_06_ダ,hizume_code+kyori_kubun+joken_class_code+pace_shisu_juni,hizume_code,kyori_kubun,joken_class_code,pace_shisu_juni,13,1545,77.21,11.86,70.77,False
KEIBAJO_SURFACE_06_ダ,pace_yoso+joken_class_code+manken_shisu_decile+ten_shisu_juni,pace_yoso,joken_class_code,manken_shisu_decile,ten_shisu_juni,10,1265,77.72,11.21,70.77,False
KEIBAJO_SURFACE_06_ダ,pace_yoso+kyori_tekisei+umakigo_code+manken_shisu_decile,pace_yoso,kyori_tekisei,umakigo_code,manken_shisu_decile,56,24474,73.31,9.69,70.77,False
KEIBAJO_SURFACE_06_ダ,uma_deokure_bin+umakigo_code+manken_shisu_decile+ten_shisu_juni,uma_deokure_bin,umakigo_code,manken_shisu_decile,ten_shisu_juni,27,2977,75.5,12.56,70.76,False
KEIBAJO_SURFACE_06_ダ,kyori_kubun+joken_class_code+kyakushitsu+ls_shisu_juni,kyori_kubun,joken_class_code,kyakushitsu,ls_shisu_juni,102,20976,72.95,11.27,70.76,False
KEIBAJO_SURFACE_06_ダ,pace_yoso+uma_start_shisu_decile+ichi_shisu_juni+pace_shisu_juni,pace_yoso,uma_start_shisu_decile,ichi_shisu_juni,pace_shisu_juni,5,748,83.16,14.14,70.76,False
KEIBAJO_SURFACE_06_ダ,hizume_code+uma_deokure_bin+omo_tekisei_code+pace_shisu_juni,hizume_code,uma_deokure_bin,omo_tekisei_code,pace_shisu_juni,3,332,81.86,9.81,70.76,False
KEIBAJO_SURFACE_06_ダ,kyori_tekisei+uma_start_shisu_decile+umakigo_code+shiba_tekisei_code,kyori_tekisei,uma_start_shisu_decile,umakigo_code,shiba_tekisei_code,44,13263,73.59,9.59,70.75,False
KEIBAJO_SURFACE_06_ダ,kyori_kubun+da_tekisei_code+uma_start_shisu_decile+shiba_tekisei_code,kyori_kubun,da_tekisei_code,uma_start_shisu_decile,shiba_tekisei_code,36,10226,73.87,9.55,70.75,False
KEIBAJO_SURFACE_06_ダ,kyori_kubun+joken_class_code+ichi_shisu_juni+shiba_tekisei_code,kyori_kubun,joken_class_code,ichi_shisu_juni,shiba_tekisei_code,51,8792,73.87,11.37,70.75,False
KEIBAJO_SURFACE_06_ダ,kyori_kubun+kyakushitsu+umakigo_code+ls_shisu_juni,kyori_kubun,kyakushitsu,umakigo_code,ls_shisu_juni,76,27017,73.01,10.06,70.75,False
KEIBAJO_SURFACE_06_ダ,da_tekisei_code+omo_tekisei_code+manken_shisu_decile+shiba_tekisei_code,da_tekisei_code,omo_tekisei_code,manken_shisu_decile,shiba_tekisei_code,37,9046,74.66,12.12,70.75,False
KEIBAJO_SURFACE_06_ダ,uma_deokure_bin+da_tekisei_code+ten_shisu_juni+shiba_tekisei_code,uma_deokure_bin,da_tekisei_code,ten_shisu_juni,shiba_tekisei_code,42,6303,75.04,14.21,70.74,False
KEIBAJO_SURFACE_06_ダ,hizume_code+kyori_tekisei+kyakushitsu+omo_tekisei_code,hizume_code,kyori_tekisei,kyakushitsu,omo_tekisei_code,74,12685,73.57,12.45,70.74,False
KEIBAJO_SURFACE_06_ダ,pace_yoso+kyori_kubun+omo_tekisei_code+pace_shisu_juni,pace_yoso,kyori_kubun,omo_tekisei_code,pace_shisu_juni,107,21547,72.9,11.39,70.74,False
KEIBAJO_SURFACE_06_ダ,pace_yoso+kyori_tekisei+kyakushitsu+ls_shisu_juni,pace_yoso,kyori_tekisei,kyakushitsu,ls_shisu_juni,96,21842,72.81,10.34,70.74,False
KEIBAJO_SURFACE_06_ダ,joken_class_code+umakigo_code+manken_shisu_decile+pace_shisu_juni,joken_class_code,umakigo_code,manken_shisu_decile,pace_shisu_juni,59,8425,74.15,13.36,70.74,False
KEIBAJO_SURFACE_06_ダ,manken_shirushi+kyori_kubun+kyori_tekisei+shiba_tekisei_code,manken_shirushi,kyori_kubun,kyori_tekisei,shiba_tekisei_code,34,6757,74.24,10.46,70.73,False
KEIBAJO_SURFACE_06_ダ,pace_yoso+uma_deokure_bin+kyakushitsu+ten_shisu_juni,pace_yoso,uma_deokure_bin,kyakushitsu,ten_shisu_juni,67,13225,73.36,10.99,70.73,False
KEIBAJO_SURFACE_06_ダ,manken_shirushi+kyori_kubun+uma_start_shisu_decile+omo_tekisei_code,manken_shirushi,kyori_kubun,uma_start_shisu_decile,omo_tekisei_code,19,2348,75.98,11.67,70.73,False
KEIBAJO_SURFACE_06_ダ,uma_deokure_bin+umakigo_code+omo_tekisei_code+ten_shisu_juni,uma_deokure_bin,umakigo_code,omo_tekisei_code,ten_shisu_juni,86,19020,73.22,11.82,70.72,False
KEIBAJO_SURFACE_06_ダ,uma_deokure_bin+umakigo_code+omo_tekisei_code+pace_shisu_juni,uma_deokure_bin,umakigo_code,omo_tekisei_code,pace_shisu_juni,85,18902,73.03,10.91,70.72,False
KEIBAJO_SURFACE_06_ダ,kyori_kubun+joken_class_code+kyakushitsu+umakigo_code,kyori_kubun,joken_class_code,kyakushitsu,umakigo_code,49,28540,72.99,8.12,70.72,False
KEIBAJO_SURFACE_06_ダ,hizume_code+kyori_tekisei+kyakushitsu+kyori_tekisei_2,hizume_code,kyori_tekisei,kyakushitsu,kyori_tekisei_2,8,1062,77.44,9.7,70.71,False
KEIBAJO_SURFACE_06_ダ,pace_yoso+da_tekisei_code+ls_shisu_juni+ten_shisu_juni,pace_yoso,da_tekisei_code,ls_shisu_juni,ten_shisu_juni,57,8357,74.22,13.54,70.71,False
KEIBAJO_SURFACE_06_ダ,kyori_kubun+da_tekisei_code+joken_class_code+kyori_tekisei_2,kyori_kubun,da_tekisei_code,joken_class_code,kyori_tekisei_2,12,3232,75.08,7.72,70.71,False
KEIBAJO_SURFACE_06_ダ,pace_yoso+kyori_kubun+ichi_shisu_juni+omo_tekisei_code,pace_yoso,kyori_kubun,ichi_shisu_juni,omo_tekisei_code,106,21501,72.67,10.35,70.7,False
KEIBAJO_SURFACE_06_ダ,pace_yoso+uma_start_shisu_decile+umakigo_code+manken_shisu_decile,pace_yoso,uma_start_shisu_decile,umakigo_code,manken_shisu_decile,79,19700,73.11,10.95,70.7,False
KEIBAJO_SURFACE_06_ダ,pace_yoso+kyakushitsu+umakigo_code+pace_shisu_juni,pace_yoso,kyakushitsu,umakigo_code,pace_shisu_juni,88,24397,72.85,10.3,70.69,False
KEIBAJO_SURFACE_06_ダ,uma_deokure_bin+kyori_kubun+kyakushitsu+umakigo_code,uma_deokure_bin,kyori_kubun,kyakushitsu,umakigo_code,42,24717,72.85,7.17,70.69,False
KEIBAJO_SURFACE_06_ダ,manken_shirushi+kyori_tekisei+kyakushitsu+manken_shisu_decile,manken_shirushi,kyori_tekisei,kyakushitsu,manken_shisu_decile,18,2497,76.18,11.91,70.68,False
KEIBAJO_SURFACE_06_ダ,hizume_code+pace_yoso+uma_deokure_bin+joken_class_code,hizume_code,pace_yoso,uma_deokure_bin,joken_class_code,76,17721,73.0,10.29,70.68,False
KEIBAJO_SURFACE_06_ダ,kyori_kubun+kyori_tekisei+kyakushitsu+kyori_tekisei_2,kyori_kubun,kyori_tekisei,kyakushitsu,kyori_tekisei_2,12,3429,76.44,10.2,70.67,False
KEIBAJO_SURFACE_06_ダ,uma_deokure_bin+kyori_kubun+umakigo_code+manken_shisu_decile,uma_deokure_bin,kyori_kubun,umakigo_code,manken_shisu_decile,61,21373,73.23,10.22,70.67,False
KEIBAJO_SURFACE_06_ダ,hizume_code+kyakushitsu+umakigo_code+ten_shisu_juni,hizume_code,kyakushitsu,umakigo_code,ten_shisu_juni,52,7194,73.76,11.39,70.67,False
KEIBAJO_SURFACE_06_ダ,pace_yoso+uma_start_shisu_decile+umakigo_code+pace_shisu_juni,pace_yoso,uma_start_shisu_decile,umakigo_code,pace_shisu_juni,104,18137,73.14,12.84,70.67,False
KEIBAJO_SURFACE_06_ダ,hizume_code+pace_yoso+uma_deokure_bin+kyakushitsu,hizume_code,pace_yoso,uma_deokure_bin,kyakushitsu,72,16652,73.16,10.81,70.67,False
KEIBAJO_SURFACE_06_ダ,da_tekisei_code+joken_class_code+kyori_tekisei_2+omo_tekisei_code,da_tekisei_code,joken_class_code,kyori_tekisei_2,omo_tekisei_code,14,2981,75.88,9.93,70.67,False
KEIBAJO_SURFACE_06_ダ,pace_yoso+kyori_kubun+kyori_tekisei+manken_shisu_decile,pace_yoso,kyori_kubun,kyori_tekisei,manken_shisu_decile,73,24450,73.0,10.21,70.66,False
KEIBAJO_SURFACE_06_ダ,kyori_kubun+da_tekisei_code+kyori_tekisei+kyakushitsu,kyori_kubun,da_tekisei_code,kyori_tekisei,kyakushitsu,37,20664,74.03,10.46,70.66,False
KEIBAJO_SURFACE_06_ダ,uma_start_shisu_decile+umakigo_code+manken_shisu_decile+shiba_tekisei_code,uma_start_shisu_decile,umakigo_code,manken_shisu_decile,shiba_tekisei_code,58,10464,73.94,12.8,70.65,False
KEIBAJO_SURFACE_06_ダ,kyori_kubun+kyori_tekisei+ichi_shisu_juni+omo_tekisei_code,kyori_kubun,kyori_tekisei,ichi_shisu_juni,omo_tekisei_code,109,16748,72.88,11.85,70.65,False
KEIBAJO_SURFACE_06_ダ,pace_yoso+uma_deokure_bin+kyori_tekisei+ichi_shisu_juni,pace_yoso,uma_deokure_bin,kyori_tekisei,ichi_shisu_juni,89,13367,72.86,10.71,70.64,False
KEIBAJO_SURFACE_06_ダ,manken_shirushi+umakigo_code+omo_tekisei_code+shiba_tekisei_code,manken_shirushi,umakigo_code,omo_tekisei_code,shiba_tekisei_code,24,7639,74.79,10.37,70.64,False
KEIBAJO_SURFACE_06_ダ,uma_deokure_bin+kyori_tekisei+kyakushitsu+kyori_tekisei_2,uma_deokure_bin,kyori_tekisei,kyakushitsu,kyori_tekisei_2,11,2026,75.38,8.03,70.64,False
KEIBAJO_SURFACE_06_ダ,kyori_kubun+joken_class_code+ichi_shisu_juni+pace_shisu_juni,kyori_kubun,joken_class_code,ichi_shisu_juni,pace_shisu_juni,20,3845,75.42,10.91,70.64,False
KEIBAJO_SURFACE_06_ダ,hizume_code+da_tekisei_code+kyakushitsu+shiba_tekisei_code,hizume_code,da_tekisei_code,kyakushitsu,shiba_tekisei_code,36,7479,74.36,11.41,70.64,False
KEIBAJO_SURFACE_06_ダ,hizume_code+kyori_tekisei+kyori_tekisei_2+omo_tekisei_code,hizume_code,kyori_tekisei,kyori_tekisei_2,omo_tekisei_code,8,1909,74.75,5.94,70.64,False
KEIBAJO_SURFACE_06_ダ,pace_yoso+joken_class_code+umakigo_code+manken_shisu_decile,pace_yoso,joken_class_code,umakigo_code,manken_shisu_decile,63,26448,73.08,9.91,70.64,False
KEIBAJO_SURFACE_06_ダ,hizume_code+pace_yoso+umakigo_code+manken_shisu_decile,hizume_code,pace_yoso,umakigo_code,manken_shisu_decile,74,16989,73.24,11.43,70.64,False
KEIBAJO_SURFACE_06_ダ,pace_yoso+uma_deokure_bin+joken_class_code+ichi_shisu_juni,pace_yoso,uma_deokure_bin,joken_class_code,ichi_shisu_juni,83,15161,73.12,11.65,70.62,False
KEIBAJO_SURFACE_06_ダ,hizume_code+da_tekisei_code+kyori_tekisei_2+omo_tekisei_code,hizume_code,da_tekisei_code,kyori_tekisei_2,omo_tekisei_code,8,1653,75.2,6.61,70.62,False
KEIBAJO_SURFACE_06_ダ,kyori_kubun+da_tekisei_code+joken_class_code+umakigo_code,kyori_kubun,da_tekisei_code,joken_class_code,umakigo_code,27,22482,74.01,8.99,70.62,False
KEIBAJO_SURFACE_06_ダ,kyakushitsu+umakigo_code+ls_shisu_juni+pace_shisu_juni,kyakushitsu,umakigo_code,ls_shisu_juni,pace_shisu_juni,74,10189,73.95,14.62,70.62,False
KEIBAJO_SURFACE_06_ダ,kyori_kubun+da_tekisei_code+kyori_tekisei+joken_class_code,kyori_kubun,da_tekisei_code,kyori_tekisei,joken_class_code,37,21344,74.19,11.08,70.62,False
KEIBAJO_SURFACE_06_ダ,hizume_code+kyori_tekisei+umakigo_code+shiba_tekisei_code,hizume_code,kyori_tekisei,umakigo_code,shiba_tekisei_code,39,11516,73.26,8.44,70.61,False
KEIBAJO_SURFACE_06_ダ,hizume_code+da_tekisei_code+joken_class_code+uma_start_shisu_decile,hizume_code,da_tekisei_code,joken_class_code,uma_start_shisu_decile,53,8707,73.38,10.3,70.61,False
KEIBAJO_SURFACE_06_ダ,pace_yoso+da_tekisei_code+umakigo_code+ten_shisu_juni,pace_yoso,da_tekisei_code,umakigo_code,ten_shisu_juni,52,19403,74.05,12.64,70.61,False
KEIBAJO_SURFACE_06_ダ,hizume_code+kyori_kubun+joken_class_code+uma_start_shisu_decile,hizume_code,kyori_kubun,joken_class_code,uma_start_shisu_decile,48,7967,73.7,10.93,70.61,False
KEIBAJO_SURFACE_06_ダ,uma_start_shisu_decile+umakigo_code+omo_tekisei_code+ls_shisu_juni,uma_start_shisu_decile,umakigo_code,omo_tekisei_code,ls_shisu_juni,96,19558,73.25,13.19,70.61,False
KEIBAJO_SURFACE_06_ダ,kyori_kubun+joken_class_code+kyakushitsu+kyori_tekisei_2,kyori_kubun,joken_class_code,kyakushitsu,kyori_tekisei_2,11,1668,76.75,10.38,70.61,False
KEIBAJO_SURFACE_06_ダ,pace_yoso+uma_deokure_bin+kyori_tekisei+kyori_tekisei_2,pace_yoso,uma_deokure_bin,kyori_tekisei,kyori_tekisei_2,12,3483,74.36,6.65,70.6,False
KEIBAJO_SURFACE_06_ダ,pace_yoso+kyori_kubun+omo_tekisei_code+ten_shisu_juni,pace_yoso,kyori_kubun,omo_tekisei_code,ten_shisu_juni,107,21424,72.92,12.26,70.6,False
KEIBAJO_SURFACE_06_ダ,kyori_kubun+kyori_tekisei+kyakushitsu+umakigo_code,kyori_kubun,kyori_tekisei,kyakushitsu,umakigo_code,35,26928,73.61,9.1,70.6,False
KEIBAJO_SURFACE_06_ダ,pace_yoso+da_tekisei_code+joken_class_code+ichi_shisu_juni,pace_yoso,da_tekisei_code,joken_class_code,ichi_shisu_juni,77,17350,73.28,12.02,70.59,False
KEIBAJO_SURFACE_06_ダ,pace_yoso+uma_deokure_bin+uma_start_shisu_decile+manken_shisu_decile,pace_yoso,uma_deokure_bin,uma_start_shisu_decile,manken_shisu_decile,68,12937,73.21,11.05,70.59,False
KEIBAJO_SURFACE_06_ダ,kyori_kubun+umakigo_code+ls_shisu_juni+manken_shisu_decile,kyori_kubun,umakigo_code,ls_shisu_juni,manken_shisu_decile,121,24617,72.88,12.84,70.59,False
KEIBAJO_SURFACE_06_ダ,hizume_code+manken_shirushi+kyori_kubun+manken_shisu_decile,hizume_code,manken_shirushi,kyori_kubun,manken_shisu_decile,6,950,75.45,6.07,70.59,False
KEIBAJO_SURFACE_06_ダ,hizume_code+pace_yoso+da_tekisei_code+ten_shisu_juni,hizume_code,pace_yoso,da_tekisei_code,ten_shisu_juni,36,5642,74.12,10.84,70.58,False
KEIBAJO_SURFACE_06_ダ,hizume_code+kyakushitsu+omo_tekisei_code+manken_shisu_decile,hizume_code,kyakushitsu,omo_tekisei_code,manken_shisu_decile,26,3073,74.01,8.93,70.58,False
KEIBAJO_SURFACE_06_ダ,kyakushitsu+umakigo_code+ls_shisu_juni+ten_shisu_juni,kyakushitsu,umakigo_code,ls_shisu_juni,ten_shisu_juni,76,10778,73.83,14.45,70.58,False
KEIBAJO_SURFACE_06_ダ,kyori_kubun+da_tekisei_code+ls_shisu_juni+shiba_tekisei_code,kyori_kubun,da_tekisei_code,ls_shisu_juni,shiba_tekisei_code,34,10128,74.27,10.99,70.57,False
KEIBAJO_SURFACE_06_ダ,pace_yoso+uma_deokure_bin+omo_tekisei_code+ten_shisu_juni,pace_yoso,uma_deokure_bin,omo_tekisei_code,ten_shisu_juni,87,15159,73.06,11.86,70.57,False
KEIBAJO_SURFACE_06_ダ,kyori_kubun+joken_class_code+omo_tekisei_code+ls_shisu_juni,kyori_kubun,joken_class_code,omo_tekisei_code,ls_shisu_juni,85,20960,72.82,10.58,70.57,False
KEIBAJO_SURFACE_06_ダ,joken_class_code+kyakushitsu+umakigo_code+pace_shisu_juni,joken_class_code,kyakushitsu,umakigo_code,pace_shisu_juni,104,20168,72.66,10.84,70.57,False
KEIBAJO_SURFACE_06_ダ,pace_yoso+da_tekisei_code+omo_tekisei_code+shiba_tekisei_code,pace_yoso,da_tekisei_code,omo_tekisei_code,shiba_tekisei_code,20,12263,74.17,8.2,70.57,False
KEIBAJO_SURFACE_06_ダ,manken_shirushi+kyakushitsu+manken_shisu_decile+shiba_tekisei_code,manken_shirushi,kyakushitsu,manken_shisu_decile,shiba_tekisei_code,8,1395,77.44,9.93,70.56,False
KEIBAJO_SURFACE_06_ダ,pace_yoso+joken_class_code+omo_tekisei_code+ls_shisu_juni,pace_yoso,joken_class_code,omo_tekisei_code,ls_shisu_juni,75,22405,72.76,9.74,70.56,False
KEIBAJO_SURFACE_06_ダ,uma_deokure_bin+kyori_kubun+kyori_tekisei+ten_shisu_juni,uma_deokure_bin,kyori_kubun,kyori_tekisei,ten_shisu_juni,100,14339,73.23,13.6,70.56,False
KEIBAJO_SURFACE_06_ダ,joken_class_code+kyakushitsu+ichi_shisu_juni+ten_shisu_juni,joken_class_code,kyakushitsu,ichi_shisu_juni,ten_shisu_juni,13,3175,74.92,8.05,70.55,False
KEIBAJO_SURFACE_06_ダ,da_tekisei_code+kyori_tekisei+kyori_tekisei_2+omo_tekisei_code,da_tekisei_code,kyori_tekisei,kyori_tekisei_2,omo_tekisei_code,11,3839,75.67,8.67,70.55,False
KEIBAJO_SURFACE_06_ダ,hizume_code+pace_yoso+joken_class_code+manken_shisu_decile,hizume_code,pace_yoso,joken_class_code,manken_shisu_decile,51,7758,73.57,11.04,70.54,False
KEIBAJO_SURFACE_06_ダ,pace_yoso+kyori_kubun+kyakushitsu+pace_shisu_juni,pace_yoso,kyori_kubun,kyakushitsu,pace_shisu_juni,108,21180,72.62,11.01,70.54,False
KEIBAJO_SURFACE_06_ダ,pace_yoso+uma_deokure_bin+joken_class_code+umakigo_code,pace_yoso,uma_deokure_bin,joken_class_code,umakigo_code,35,25290,73.32,8.39,70.54,False
KEIBAJO_SURFACE_06_ダ,hizume_code+pace_yoso+joken_class_code+kyakushitsu,hizume_code,pace_yoso,joken_class_code,kyakushitsu,82,16910,73.01,11.41,70.54,False
KEIBAJO_SURFACE_06_ダ,da_tekisei_code+joken_class_code+manken_shisu_decile+shiba_tekisei_code,da_tekisei_code,joken_class_code,manken_shisu_decile,shiba_tekisei_code,35,8677,74.73,12.67,70.54,False
KEIBAJO_SURFACE_06_ダ,kyori_kubun+da_tekisei_code+manken_shisu_decile+shiba_tekisei_code,kyori_kubun,da_tekisei_code,manken_shisu_decile,shiba_tekisei_code,33,9194,73.87,9.8,70.53,False
KEIBAJO_SURFACE_06_ダ,pace_yoso+uma_deokure_bin+kyori_kubun+pace_shisu_juni,pace_yoso,uma_deokure_bin,kyori_kubun,pace_shisu_juni,79,16762,73.19,12.05,70.53,False
KEIBAJO_SURFACE_06_ダ,hizume_code+pace_yoso+kyori_tekisei+omo_tekisei_code,hizume_code,pace_yoso,kyori_tekisei,omo_tekisei_code,77,19353,72.89,10.56,70.53,False
KEIBAJO_SURFACE_06_ダ,kyori_kubun+umakigo_code+omo_tekisei_code+ten_shisu_juni,kyori_kubun,umakigo_code,omo_tekisei_code,ten_shisu_juni,93,23770,72.83,11.28,70.53,False
KEIBAJO_SURFACE_06_ダ,uma_deokure_bin+uma_start_shisu_decile+umakigo_code+ichi_shisu_juni,uma_deokure_bin,uma_start_shisu_decile,umakigo_code,ichi_shisu_juni,67,13288,73.18,11.06,70.53,False
KEIBAJO_SURFACE_06_ダ,hizume_code+kyakushitsu+umakigo_code+ls_shisu_juni,hizume_code,kyakushitsu,umakigo_code,ls_shisu_juni,75,14086,73.5,13.19,70.52,False
KEIBAJO_SURFACE_06_ダ,uma_deokure_bin+kyakushitsu+kyori_tekisei_2+omo_tekisei_code,uma_deokure_bin,kyakushitsu,kyori_tekisei_2,omo_tekisei_code,6,889,75.72,6.5,70.51,False
KEIBAJO_SURFACE_06_ダ,pace_yoso+uma_deokure_bin+da_tekisei_code+shiba_tekisei_code,pace_yoso,uma_deokure_bin,da_tekisei_code,shiba_tekisei_code,24,11574,74.09,8.97,70.51,False
KEIBAJO_SURFACE_06_ダ,kyori_kubun+uma_start_shisu_decile+kyakushitsu+pace_shisu_juni,kyori_kubun,uma_start_shisu_decile,kyakushitsu,pace_shisu_juni,34,4561,74.78,12.69,70.51,False
KEIBAJO_SURFACE_06_ダ,kyori_kubun+joken_class_code+ls_shisu_juni+pace_shisu_juni,kyori_kubun,joken_class_code,ls_shisu_juni,pace_shisu_juni,40,5521,74.33,12.34,70.51,False
KEIBAJO_SURFACE_06_ダ,pace_yoso+ichi_shisu_juni+omo_tekisei_code+manken_shisu_decile,pace_yoso,ichi_shisu_juni,omo_tekisei_code,manken_shisu_decile,16,1783,75.91,11.01,70.51,False
KEIBAJO_SURFACE_06_ダ,hizume_code+pace_yoso+umakigo_code+pace_shisu_juni,hizume_code,pace_yoso,umakigo_code,pace_shisu_juni,78,13532,73.16,11.96,70.51,False
KEIBAJO_SURFACE_06_ダ,kyori_kubun+kyori_tekisei+ichi_shisu_juni+pace_shisu_juni,kyori_kubun,kyori_tekisei,ichi_shisu_juni,pace_shisu_juni,24,4044,74.74,10.57,70.51,False
KEIBAJO_SURFACE_06_ダ,kyori_kubun+kyori_tekisei+omo_tekisei_code+pace_shisu_juni,kyori_kubun,kyori_tekisei,omo_tekisei_code,pace_shisu_juni,110,16868,73.04,13.57,70.5,False
KEIBAJO_SURFACE_06_ダ,uma_deokure_bin+da_tekisei_code+ls_shisu_juni+shiba_tekisei_code,uma_deokure_bin,da_tekisei_code,ls_shisu_juni,shiba_tekisei_code,34,8421,74.13,10.81,70.5,False
KEIBAJO_SURFACE_06_ダ,pace_yoso+uma_deokure_bin+manken_shisu_decile+ten_shisu_juni,pace_yoso,uma_deokure_bin,manken_shisu_decile,ten_shisu_juni,3,338,88.1,15.55,70.5,False
KEIBAJO_SURFACE_06_ダ,uma_deokure_bin+kyori_kubun+joken_class_code+omo_tekisei_code,uma_deokure_bin,kyori_kubun,joken_class_code,omo_tekisei_code,62,22800,72.77,9.15,70.5,False
KEIBAJO_SURFACE_06_ダ,kyori_tekisei+joken_class_code+umakigo_code+ichi_shisu_juni,kyori_tekisei,joken_class_code,umakigo_code,ichi_shisu_juni,72,18671,73.1,11.31,70.49,False
KEIBAJO_SURFACE_06_ダ,joken_class_code+omo_tekisei_code+manken_shisu_decile+shiba_tekisei_code,joken_class_code,omo_tekisei_code,manken_shisu_decile,shiba_tekisei_code,48,10136,73.72,11.4,70.49,False
KEIBAJO_SURFACE_06_ダ,kyori_kubun+kyori_tekisei+joken_class_code+ls_shisu_juni,kyori_kubun,kyori_tekisei,joken_class_code,ls_shisu_juni,71,22507,73.54,13.12,70.49,False
KEIBAJO_SURFACE_06_ダ,pace_yoso+uma_deokure_bin+umakigo_code+pace_shisu_juni,pace_yoso,uma_deokure_bin,umakigo_code,pace_shisu_juni,81,21495,73.0,11.6,70.48,False
KEIBAJO_SURFACE_06_ダ,uma_deokure_bin+kyori_kubun+kyori_tekisei_2+manken_shisu_decile,uma_deokure_bin,kyori_kubun,kyori_tekisei_2,manken_shisu_decile,5,679,76.42,6.79,70.47,False
KEIBAJO_SURFACE_06_ダ,pace_yoso+kyori_tekisei+ichi_shisu_juni+omo_tekisei_code,pace_yoso,kyori_tekisei,ichi_shisu_juni,omo_tekisei_code,107,16158,72.62,11.31,70.47,False
KEIBAJO_SURFACE_06_ダ,pace_yoso+kyori_tekisei_2+omo_tekisei_code+shiba_tekisei_code,pace_yoso,kyori_tekisei_2,omo_tekisei_code,shiba_tekisei_code,5,1543,75.12,5.3,70.47,False
KEIBAJO_SURFACE_06_ダ,hizume_code+pace_yoso+kyori_kubun+kyori_tekisei,hizume_code,pace_yoso,kyori_kubun,kyori_tekisei,65,20090,73.12,10.89,70.47,False
KEIBAJO_SURFACE_06_ダ,kyori_kubun+kyori_tekisei+umakigo_code+shiba_tekisei_code,kyori_kubun,kyori_tekisei,umakigo_code,shiba_tekisei_code,19,14609,73.47,6.68,70.46,False
KEIBAJO_SURFACE_06_ダ,kyori_kubun+da_tekisei_code+ichi_shisu_juni+ls_shisu_juni,kyori_kubun,da_tekisei_code,ichi_shisu_juni,ls_shisu_juni,27,2898,76.29,15.47,70.46,False
KEIBAJO_SURFACE_06_ダ,da_tekisei_code+kyori_tekisei+kyori_tekisei_2+ichi_shisu_juni,da_tekisei_code,kyori_tekisei,kyori_tekisei_2,ichi_shisu_juni,12,1418,77.93,13.21,70.46,False
KEIBAJO_SURFACE_06_ダ,hizume_code+pace_yoso+uma_start_shisu_decile+omo_tekisei_code,hizume_code,pace_yoso,uma_start_shisu_decile,omo_tekisei_code,70,13079,73.01,10.9,70.46,False
KEIBAJO_SURFACE_06_ダ,pace_yoso+manken_shirushi+kyori_tekisei+kyori_tekisei_2,pace_yoso,manken_shirushi,kyori_tekisei,kyori_tekisei_2,13,1818,76.33,10.82,70.45,False
KEIBAJO_SURFACE_06_ダ,kyori_tekisei+kyakushitsu+omo_tekisei_code+shiba_tekisei_code,kyori_tekisei,kyakushitsu,omo_tekisei_code,shiba_tekisei_code,47,13354,73.07,9.16,70.45,False
KEIBAJO_SURFACE_06_ダ,uma_start_shisu_decile+kyakushitsu+umakigo_code+pace_shisu_juni,uma_start_shisu_decile,kyakushitsu,umakigo_code,pace_shisu_juni,73,11204,74.0,15.49,70.45,False
KEIBAJO_SURFACE_06_ダ,kyakushitsu+manken_shisu_decile+ten_shisu_juni+pace_shisu_juni,kyakushitsu,manken_shisu_decile,ten_shisu_juni,pace_shisu_juni,4,539,76.37,6.04,70.45,False
KEIBAJO_SURFACE_06_ダ,da_tekisei_code+joken_class_code+umakigo_code+ls_shisu_juni,da_tekisei_code,joken_class_code,umakigo_code,ls_shisu_juni,43,20041,74.14,12.36,70.45,False
KEIBAJO_SURFACE_06_ダ,hizume_code+da_tekisei_code+joken_class_code+manken_shisu_decile,hizume_code,da_tekisei_code,joken_class_code,manken_shisu_decile,42,6793,73.63,10.53,70.44,False
KEIBAJO_SURFACE_06_ダ,kyori_tekisei+kyakushitsu+ichi_shisu_juni+pace_shisu_juni,kyori_tekisei,kyakushitsu,ichi_shisu_juni,pace_shisu_juni,11,2885,74.08,6.15,70.44,False
KEIBAJO_SURFACE_06_ダ,joken_class_code+kyakushitsu+umakigo_code+omo_tekisei_code,joken_class_code,kyakushitsu,umakigo_code,omo_tekisei_code,53,25482,73.24,10.41,70.44,False
KEIBAJO_SURFACE_06_ダ,pace_yoso+kyori_kubun+joken_class_code+ichi_shisu_juni,pace_yoso,kyori_kubun,joken_class_code,ichi_shisu_juni,106,22720,72.72,12.04,70.43,False
KEIBAJO_SURFACE_06_ダ,pace_yoso+kyakushitsu+umakigo_code+kyori_tekisei_2,pace_yoso,kyakushitsu,umakigo_code,kyori_tekisei_2,11,3458,75.99,9.42,70.43,False
KEIBAJO_SURFACE_06_ダ,da_tekisei_code+umakigo_code+kyori_tekisei_2+ls_shisu_juni,da_tekisei_code,umakigo_code,kyori_tekisei_2,ls_shisu_juni,14,2675,77.06,12.66,70.43,False
KEIBAJO_SURFACE_06_ダ,kyori_tekisei+kyakushitsu+ichi_shisu_juni+ls_shisu_juni,kyori_tekisei,kyakushitsu,ichi_shisu_juni,ls_shisu_juni,8,2772,74.09,5.27,70.43,False
KEIBAJO_SURFACE_06_ダ,pace_yoso+kyori_tekisei+joken_class_code+uma_start_shisu_decile,pace_yoso,kyori_tekisei,joken_class_code,uma_start_shisu_decile,70,19227,72.85,10.34,70.43,False
KEIBAJO_SURFACE_06_ダ,kyori_kubun+umakigo_code+omo_tekisei_code+pace_shisu_juni,kyori_kubun,umakigo_code,omo_tekisei_code,pace_shisu_juni,92,23729,72.67,10.99,70.42,False
KEIBAJO_SURFACE_06_ダ,hizume_code+manken_shirushi+umakigo_code+omo_tekisei_code,hizume_code,manken_shirushi,umakigo_code,omo_tekisei_code,42,6356,73.82,11.25,70.42,False
KEIBAJO_SURFACE_06_ダ,joken_class_code+uma_start_shisu_decile+umakigo_code+ls_shisu_juni,joken_class_code,uma_start_shisu_decile,umakigo_code,ls_shisu_juni,74,16112,73.62,14.02,70.42,False
KEIBAJO_SURFACE_06_ダ,da_tekisei_code+ls_shisu_juni+ten_shisu_juni+shiba_tekisei_code,da_tekisei_code,ls_shisu_juni,ten_shisu_juni,shiba_tekisei_code,12,1365,76.68,11.05,70.42,False
KEIBAJO_SURFACE_06_ダ,joken_class_code+umakigo_code+omo_tekisei_code+ls_shisu_juni,joken_class_code,umakigo_code,omo_tekisei_code,ls_shisu_juni,60,22423,73.18,10.9,70.42,False
KEIBAJO_SURFACE_06_ダ,hizume_code+pace_yoso+uma_deokure_bin+kyori_tekisei_2,hizume_code,pace_yoso,uma_deokure_bin,kyori_tekisei_2,6,795,73.24,3.53,70.42,False
KEIBAJO_SURFACE_06_ダ,uma_deokure_bin+kyori_kubun+umakigo_code+omo_tekisei_code,uma_deokure_bin,kyori_kubun,umakigo_code,omo_tekisei_code,34,24712,73.73,9.86,70.42,False
KEIBAJO_SURFACE_06_ダ,hizume_code+kyakushitsu+umakigo_code+pace_shisu_juni,hizume_code,kyakushitsu,umakigo_code,pace_shisu_juni,47,6508,73.83,11.97,70.41,False
KEIBAJO_SURFACE_06_ダ,pace_yoso+da_tekisei_code+uma_start_shisu_decile+ls_shisu_juni,pace_yoso,da_tekisei_code,uma_start_shisu_decile,ls_shisu_juni,70,15123,73.3,12.31,70.41,False
KEIBAJO_SURFACE_06_ダ,pace_yoso+kyori_kubun+da_tekisei_code+pace_shisu_juni,pace_yoso,kyori_kubun,da_tekisei_code,pace_shisu_juni,72,18199,73.13,11.76,70.41,False
KEIBAJO_SURFACE_06_ダ,uma_deokure_bin+kyori_tekisei+kyori_tekisei_2+omo_tekisei_code,uma_deokure_bin,kyori_tekisei,kyori_tekisei_2,omo_tekisei_code,14,2865,74.22,7.28,70.41,False
KEIBAJO_SURFACE_06_ダ,da_tekisei_code+joken_class_code+ls_shisu_juni+ten_shisu_juni,da_tekisei_code,joken_class_code,ls_shisu_juni,ten_shisu_juni,35,4302,75.48,15.31,70.41,False
KEIBAJO_SURFACE_06_ダ,kyakushitsu+umakigo_code+ls_shisu_juni+manken_shisu_decile,kyakushitsu,umakigo_code,ls_shisu_juni,manken_shisu_decile,95,15194,72.93,12.6,70.4,False
KEIBAJO_SURFACE_06_ダ,uma_deokure_bin+umakigo_code+kyori_tekisei_2+omo_tekisei_code,uma_deokure_bin,umakigo_code,kyori_tekisei_2,omo_tekisei_code,13,2615,74.3,7.17,70.4,False
KEIBAJO_SURFACE_06_ダ,hizume_code+manken_shirushi+kyori_kubun+omo_tekisei_code,hizume_code,manken_shirushi,kyori_kubun,omo_tekisei_code,16,1773,76.53,12.5,70.4,False
KEIBAJO_SURFACE_06_ダ,kyori_kubun+uma_start_shisu_decile+umakigo_code+pace_shisu_juni,kyori_kubun,uma_start_shisu_decile,umakigo_code,pace_shisu_juni,89,14109,72.96,12.35,70.4,False
KEIBAJO_SURFACE_06_ダ,uma_deokure_bin+da_tekisei_code+kyori_tekisei_2+omo_tekisei_code,uma_deokure_bin,da_tekisei_code,kyori_tekisei_2,omo_tekisei_code,13,2388,75.11,8.68,70.39,False
KEIBAJO_SURFACE_06_ダ,kyori_kubun+joken_class_code+kyakushitsu+omo_tekisei_code,kyori_kubun,joken_class_code,kyakushitsu,omo_tekisei_code,68,23974,72.31,8.11,70.39,False
KEIBAJO_SURFACE_06_ダ,kyori_kubun+omo_tekisei_code+manken_shisu_decile+shiba_tekisei_code,kyori_kubun,omo_tekisei_code,manken_shisu_decile,shiba_tekisei_code,50,11746,72.87,8.97,70.38,False
KEIBAJO_SURFACE_06_ダ,pace_yoso+uma_deokure_bin+umakigo_code+ls_shisu_juni,pace_yoso,uma_deokure_bin,umakigo_code,ls_shisu_juni,55,23993,73.42,11.5,70.38,False
KEIBAJO_SURFACE_06_ダ,uma_deokure_bin+da_tekisei_code+kyori_tekisei_2+shiba_tekisei_code,uma_deokure_bin,da_tekisei_code,kyori_tekisei_2,shiba_tekisei_code,8,1309,76.19,8.38,70.38,False
KEIBAJO_SURFACE_06_ダ,hizume_code+kyori_kubun+da_tekisei_code+ls_shisu_juni,hizume_code,kyori_kubun,da_tekisei_code,ls_shisu_juni,59,10058,73.79,13.35,70.38,False
KEIBAJO_SURFACE_06_ダ,kyori_kubun+uma_start_shisu_decile+kyori_tekisei_2+shiba_tekisei_code,kyori_kubun,uma_start_shisu_decile,kyori_tekisei_2,shiba_tekisei_code,4,566,82.07,11.93,70.38,False
KEIBAJO_SURFACE_06_ダ,da_tekisei_code+uma_start_shisu_decile+umakigo_code+shiba_tekisei_code,da_tekisei_code,uma_start_shisu_decile,umakigo_code,shiba_tekisei_code,26,10720,73.48,8.08,70.37,False
KEIBAJO_SURFACE_06_ダ,uma_deokure_bin+kyori_kubun+umakigo_code+ls_shisu_juni,uma_deokure_bin,kyori_kubun,umakigo_code,ls_shisu_juni,53,22483,73.21,10.54,70.37,False
KEIBAJO_SURFACE_06_ダ,manken_shirushi+joken_class_code+omo_tekisei_code+shiba_tekisei_code,manken_shirushi,joken_class_code,omo_tekisei_code,shiba_tekisei_code,31,5446,74.94,13.01,70.36,False
KEIBAJO_SURFACE_06_ダ,kyori_tekisei+joken_class_code+uma_start_shisu_decile+kyakushitsu,kyori_tekisei,joken_class_code,uma_start_shisu_decile,kyakushitsu,62,13657,73.24,11.58,70.36,False
KEIBAJO_SURFACE_06_ダ,hizume_code+pace_yoso+omo_tekisei_code+manken_shisu_decile,hizume_code,pace_yoso,omo_tekisei_code,manken_shisu_decile,61,10165,73.45,12.32,70.36,False
KEIBAJO_SURFACE_06_ダ,da_tekisei_code+kyori_tekisei+kyori_tekisei_2+shiba_tekisei_code,da_tekisei_code,kyori_tekisei,kyori_tekisei_2,shiba_tekisei_code,6,1919,75.43,6.33,70.36,False
KEIBAJO_SURFACE_06_ダ,pace_yoso+uma_deokure_bin+kyori_kubun+manken_shisu_decile,pace_yoso,uma_deokure_bin,kyori_kubun,manken_shisu_decile,85,21023,72.85,11.71,70.35,False
KEIBAJO_SURFACE_06_ダ,kyori_tekisei+kyakushitsu+omo_tekisei_code+manken_shisu_decile,kyori_tekisei,kyakushitsu,omo_tekisei_code,manken_shisu_decile,76,11508,73.03,11.93,70.35,False
KEIBAJO_SURFACE_06_ダ,pace_yoso+kyori_tekisei+omo_tekisei_code+shiba_tekisei_code,pace_yoso,kyori_tekisei,omo_tekisei_code,shiba_tekisei_code,29,14577,73.16,7.72,70.35,False
KEIBAJO_SURFACE_06_ダ,kyori_kubun+kyori_tekisei+omo_tekisei_code+shiba_tekisei_code,kyori_kubun,kyori_tekisei,omo_tekisei_code,shiba_tekisei_code,27,14304,73.34,7.93,70.35,False
KEIBAJO_SURFACE_06_ダ,pace_yoso+umakigo_code+omo_tekisei_code+pace_shisu_juni,pace_yoso,umakigo_code,omo_tekisei_code,pace_shisu_juni,73,23067,72.7,10.27,70.35,False
KEIBAJO_SURFACE_06_ダ,hizume_code+uma_deokure_bin+da_tekisei_code+shiba_tekisei_code,hizume_code,uma_deokure_bin,da_tekisei_code,shiba_tekisei_code,34,7429,74.02,10.91,70.35,False
KEIBAJO_SURFACE_06_ダ,hizume_code+pace_yoso+kyori_kubun+ls_shisu_juni,hizume_code,pace_yoso,kyori_kubun,ls_shisu_juni,70,14870,72.84,10.65,70.34,False
KEIBAJO_SURFACE_06_ダ,hizume_code+da_tekisei_code+ichi_shisu_juni+shiba_tekisei_code,hizume_code,da_tekisei_code,ichi_shisu_juni,shiba_tekisei_code,12,1428,76.87,11.56,70.33,False
KEIBAJO_SURFACE_06_ダ,hizume_code+pace_yoso+manken_shirushi+kyori_kubun,hizume_code,pace_yoso,manken_shirushi,kyori_kubun,37,5650,73.73,10.56,70.33,False
KEIBAJO_SURFACE_06_ダ,joken_class_code+umakigo_code+ls_shisu_juni+pace_shisu_juni,joken_class_code,umakigo_code,ls_shisu_juni,pace_shisu_juni,80,13524,73.21,13.15,70.33,False
KEIBAJO_SURFACE_06_ダ,pace_yoso+kyori_tekisei+omo_tekisei_code+ten_shisu_juni,pace_yoso,kyori_tekisei,omo_tekisei_code,ten_shisu_juni,111,16225,73.07,14.73,70.33,False
KEIBAJO_SURFACE_06_ダ,manken_shirushi+kyori_kubun+joken_class_code+ichi_shisu_juni,manken_shirushi,kyori_kubun,joken_class_code,ichi_shisu_juni,16,2529,75.96,11.5,70.33,False
KEIBAJO_SURFACE_06_ダ,uma_deokure_bin+kyori_tekisei+omo_tekisei_code+shiba_tekisei_code,uma_deokure_bin,kyori_tekisei,omo_tekisei_code,shiba_tekisei_code,40,12308,72.95,8.48,70.32,False
KEIBAJO_SURFACE_06_ダ,kyakushitsu+umakigo_code+ichi_shisu_juni+ls_shisu_juni,kyakushitsu,umakigo_code,ichi_shisu_juni,ls_shisu_juni,88,15564,73.09,13.27,70.32,False
KEIBAJO_SURFACE_06_ダ,uma_deokure_bin+kyori_kubun+umakigo_code+kyori_tekisei_2,uma_deokure_bin,kyori_kubun,umakigo_code,kyori_tekisei_2,13,3034,74.84,8.32,70.32,False
KEIBAJO_SURFACE_06_ダ,uma_deokure_bin+kyori_tekisei+joken_class_code+umakigo_code,uma_deokure_bin,kyori_tekisei,joken_class_code,umakigo_code,52,22316,73.1,10.23,70.32,False
KEIBAJO_SURFACE_06_ダ,joken_class_code+umakigo_code+omo_tekisei_code+pace_shisu_juni,joken_class_code,umakigo_code,omo_tekisei_code,pace_shisu_juni,86,19392,72.77,11.63,70.32,False
KEIBAJO_SURFACE_06_ダ,hizume_code+joken_class_code+kyakushitsu+omo_tekisei_code,hizume_code,joken_class_code,kyakushitsu,omo_tekisei_code,73,13865,72.92,11.4,70.31,False
KEIBAJO_SURFACE_06_ダ,uma_deokure_bin+kyori_tekisei+uma_start_shisu_decile+kyakushitsu,uma_deokure_bin,kyori_tekisei,uma_start_shisu_decile,kyakushitsu,64,15019,73.12,11.45,70.31,False
KEIBAJO_SURFACE_06_ダ,pace_yoso+kyori_kubun+uma_start_shisu_decile+pace_shisu_juni,pace_yoso,kyori_kubun,uma_start_shisu_decile,pace_shisu_juni,52,8219,73.11,10.31,70.31,False
KEIBAJO_SURFACE_06_ダ,uma_deokure_bin+umakigo_code+ls_shisu_juni+manken_shisu_decile,uma_deokure_bin,umakigo_code,ls_shisu_juni,manken_shisu_decile,82,14822,73.15,13.09,70.31,False
KEIBAJO_SURFACE_06_ダ,pace_yoso+manken_shirushi+kyori_tekisei_2+manken_shisu_decile,pace_yoso,manken_shirushi,kyori_tekisei_2,manken_shisu_decile,4,554,78.38,8.25,70.3,False
KEIBAJO_SURFACE_06_ダ,pace_yoso+joken_class_code+omo_tekisei_code+manken_shisu_decile,pace_yoso,joken_class_code,omo_tekisei_code,manken_shisu_decile,86,21184,72.69,11.28,70.3,False
KEIBAJO_SURFACE_06_ダ,uma_deokure_bin+kyori_tekisei+joken_class_code+kyori_tekisei_2,uma_deokure_bin,kyori_tekisei,joken_class_code,kyori_tekisei_2,9,1583,76.42,9.37,70.3,False
KEIBAJO_SURFACE_06_ダ,pace_yoso+kyori_tekisei+joken_class_code+kyakushitsu,pace_yoso,kyori_tekisei,joken_class_code,kyakushitsu,69,26267,72.77,10.47,70.3,False
KEIBAJO_SURFACE_06_ダ,pace_yoso+kyori_tekisei+joken_class_code+ls_shisu_juni,pace_yoso,kyori_tekisei,joken_class_code,ls_shisu_juni,75,22572,72.89,11.45,70.3,False
KEIBAJO_SURFACE_06_ダ,uma_deokure_bin+joken_class_code+kyakushitsu+umakigo_code,uma_deokure_bin,joken_class_code,kyakushitsu,umakigo_code,54,23367,72.87,9.65,70.3,False
KEIBAJO_SURFACE_06_ダ,joken_class_code+umakigo_code+ls_shisu_juni+manken_shisu_decile,joken_class_code,umakigo_code,ls_shisu_juni,manken_shisu_decile,95,18722,72.84,12.68,70.29,False
KEIBAJO_SURFACE_06_ダ,hizume_code+pace_yoso+kyori_tekisei+manken_shisu_decile,hizume_code,pace_yoso,kyori_tekisei,manken_shisu_decile,47,7306,73.42,10.95,70.29,False
KEIBAJO_SURFACE_06_ダ,pace_yoso+manken_shirushi+uma_start_shisu_decile+manken_shisu_decile,pace_yoso,manken_shirushi,uma_start_shisu_decile,manken_shisu_decile,21,3103,75.19,11.46,70.29,False
KEIBAJO_SURFACE_06_ダ,kyori_kubun+kyakushitsu+umakigo_code+kyori_tekisei_2,kyori_kubun,kyakushitsu,umakigo_code,kyori_tekisei_2,12,3171,76.04,10.16,70.29,False
KEIBAJO_SURFACE_06_ダ,kyori_tekisei+umakigo_code+omo_tekisei_code+shiba_tekisei_code,kyori_tekisei,umakigo_code,omo_tekisei_code,shiba_tekisei_code,22,14182,73.12,6.79,70.28,False
KEIBAJO_SURFACE_06_ダ,pace_yoso+da_tekisei_code+joken_class_code+pace_shisu_juni,pace_yoso,da_tekisei_code,joken_class_code,pace_shisu_juni,72,17070,73.32,13.15,70.28,False
KEIBAJO_SURFACE_06_ダ,umakigo_code+omo_tekisei_code+ls_shisu_juni+manken_shisu_decile,umakigo_code,omo_tekisei_code,ls_shisu_juni,manken_shisu_decile,103,17931,73.04,14.32,70.27,False
KEIBAJO_SURFACE_06_ダ,uma_deokure_bin+kyori_kubun+joken_class_code+ten_shisu_juni,uma_deokure_bin,kyori_kubun,joken_class_code,ten_shisu_juni,88,13696,73.49,15.44,70.27,False
KEIBAJO_SURFACE_06_ダ,da_tekisei_code+joken_class_code+bataiju+shiba_tekisei_code,da_tekisei_code,joken_class_code,bataiju,shiba_tekisei_code,5,533,76.69,7.34,70.26,False
KEIBAJO_SURFACE_06_ダ,uma_deokure_bin+joken_class_code+ichi_shisu_juni+manken_shisu_decile,uma_deokure_bin,joken_class_code,ichi_shisu_juni,manken_shisu_decile,5,546,77.99,8.82,70.25,False
KEIBAJO_SURFACE_06_ダ,kyori_kubun+umakigo_code+kyori_tekisei_2+ls_shisu_juni,kyori_kubun,umakigo_code,kyori_tekisei_2,ls_shisu_juni,15,2721,76.39,12.16,70.24,False
KEIBAJO_SURFACE_06_ダ,hizume_code+da_tekisei_code+joken_class_code+ls_shisu_juni,hizume_code,da_tekisei_code,joken_class_code,ls_shisu_juni,53,9066,74.32,15.14,70.24,False
KEIBAJO_SURFACE_06_ダ,hizume_code+pace_yoso+kyori_tekisei+uma_start_shisu_decile,hizume_code,pace_yoso,kyori_tekisei,uma_start_shisu_decile,53,9010,73.29,11.38,70.23,False
KEIBAJO_SURFACE_06_ダ,joken_class_code+kyakushitsu+umakigo_code+ls_shisu_juni,joken_class_code,kyakushitsu,umakigo_code,ls_shisu_juni,85,24464,72.69,11.57,70.23,False
KEIBAJO_SURFACE_06_ダ,kyori_kubun+kyori_tekisei+ichi_shisu_juni+ten_shisu_juni,kyori_kubun,kyori_tekisei,ichi_shisu_juni,ten_shisu_juni,25,4095,74.85,11.81,70.22,False
KEIBAJO_SURFACE_06_ダ,kyori_tekisei+omo_tekisei_code+ls_shisu_juni+shiba_tekisei_code,kyori_tekisei,omo_tekisei_code,ls_shisu_juni,shiba_tekisei_code,48,10417,73.46,11.43,70.22,False
KEIBAJO_SURFACE_06_ダ,kyori_kubun+da_tekisei_code+omo_tekisei_code+shiba_tekisei_code,kyori_kubun,da_tekisei_code,omo_tekisei_code,shiba_tekisei_code,27,12250,73.32,8.24,70.21,False
KEIBAJO_SURFACE_06_ダ,uma_deokure_bin+joken_class_code+ichi_shisu_juni+ls_shisu_juni,uma_deokure_bin,joken_class_code,ichi_shisu_juni,ls_shisu_juni,19,2405,77.16,15.46,70.21,False
KEIBAJO_SURFACE_06_ダ,pace_yoso+uma_deokure_bin+bataiju+shiba_tekisei_code,pace_yoso,uma_deokure_bin,bataiju,shiba_tekisei_code,15,1704,75.71,10.86,70.21,False
KEIBAJO_SURFACE_06_ダ,pace_yoso+uma_deokure_bin+kyori_tekisei+ten_shisu_juni,pace_yoso,uma_deokure_bin,kyori_tekisei,ten_shisu_juni,94,12994,72.93,13.44,70.21,False
KEIBAJO_SURFACE_06_ダ,hizume_code+kyori_tekisei+uma_start_shisu_decile+umakigo_code,hizume_code,kyori_tekisei,uma_start_shisu_decile,umakigo_code,70,12342,73.05,12.15,70.2,False
KEIBAJO_SURFACE_06_ダ,uma_deokure_bin+da_tekisei_code+uma_start_shisu_decile+ls_shisu_juni,uma_deokure_bin,da_tekisei_code,uma_start_shisu_decile,ls_shisu_juni,62,11447,73.51,13.27,70.2,False
KEIBAJO_SURFACE_06_ダ,kyori_kubun+kyori_tekisei+kyakushitsu+ichi_shisu_juni,kyori_kubun,kyori_tekisei,kyakushitsu,ichi_shisu_juni,94,18506,72.63,12.07,70.19,False
KEIBAJO_SURFACE_06_ダ,kyori_kubun+kyori_tekisei+omo_tekisei_code+ten_shisu_juni,kyori_kubun,kyori_tekisei,omo_tekisei_code,ten_shisu_juni,119,17496,72.8,14.59,70.18,False
KEIBAJO_SURFACE_06_ダ,da_tekisei_code+joken_class_code+omo_tekisei_code+shiba_tekisei_code,da_tekisei_code,joken_class_code,omo_tekisei_code,shiba_tekisei_code,26,11591,74.2,10.46,70.18,False
KEIBAJO_SURFACE_06_ダ,da_tekisei_code+umakigo_code+omo_tekisei_code+ls_shisu_juni,da_tekisei_code,umakigo_code,omo_tekisei_code,ls_shisu_juni,44,20599,73.89,12.54,70.18,False
KEIBAJO_SURFACE_06_ダ,hizume_code+manken_shirushi+joken_class_code+umakigo_code,hizume_code,manken_shirushi,joken_class_code,umakigo_code,28,4671,74.52,11.76,70.17,False
KEIBAJO_SURFACE_06_ダ,pace_yoso+uma_deokure_bin+kyori_tekisei+manken_shisu_decile,pace_yoso,uma_deokure_bin,kyori_tekisei,manken_shisu_decile,83,17222,72.81,12.24,70.17,False
KEIBAJO_SURFACE_06_ダ,pace_yoso+uma_deokure_bin+kyakushitsu+ls_shisu_juni,pace_yoso,uma_deokure_bin,kyakushitsu,ls_shisu_juni,76,19452,72.68,11.18,70.17,False
KEIBAJO_SURFACE_06_ダ,pace_yoso+joken_class_code+ls_shisu_juni+pace_shisu_juni,pace_yoso,joken_class_code,ls_shisu_juni,pace_shisu_juni,59,7667,73.61,13.48,70.17,False
KEIBAJO_SURFACE_06_ダ,hizume_code+pace_yoso+kyakushitsu+kyori_tekisei_2,hizume_code,pace_yoso,kyakushitsu,kyori_tekisei_2,6,825,76.42,7.82,70.16,False
KEIBAJO_SURFACE_06_ダ,hizume_code+joken_class_code+kyakushitsu+shiba_tekisei_code,hizume_code,joken_class_code,kyakushitsu,shiba_tekisei_code,43,7973,73.8,12.18,70.16,False
KEIBAJO_SURFACE_06_ダ,hizume_code+kyori_tekisei+joken_class_code+shiba_tekisei_code,hizume_code,kyori_tekisei,joken_class_code,shiba_tekisei_code,31,7614,73.92,10.69,70.15,False
KEIBAJO_SURFACE_06_ダ,pace_yoso+uma_deokure_bin+kyori_tekisei+shiba_tekisei_code,pace_yoso,uma_deokure_bin,kyori_tekisei,shiba_tekisei_code,37,14080,72.85,8.38,70.15,False
KEIBAJO_SURFACE_06_ダ,kyori_kubun+ichi_shisu_juni+omo_tekisei_code+shiba_tekisei_code,kyori_kubun,ichi_shisu_juni,omo_tekisei_code,shiba_tekisei_code,74,11129,72.93,12.19,70.15,False
KEIBAJO_SURFACE_06_ダ,pace_yoso+umakigo_code+omo_tekisei_code+ten_shisu_juni,pace_yoso,umakigo_code,omo_tekisei_code,ten_shisu_juni,74,23060,72.84,11.81,70.15,False
KEIBAJO_SURFACE_06_ダ,uma_deokure_bin+kyakushitsu+umakigo_code+ten_shisu_juni,uma_deokure_bin,kyakushitsu,umakigo_code,ten_shisu_juni,76,17433,73.03,12.85,70.14,False
KEIBAJO_SURFACE_06_ダ,pace_yoso+kyori_kubun+kyori_tekisei+kyakushitsu,pace_yoso,kyori_kubun,kyori_tekisei,kyakushitsu,51,27514,73.32,11.63,70.13,False
KEIBAJO_SURFACE_06_ダ,hizume_code+pace_yoso+uma_deokure_bin+pace_shisu_juni,hizume_code,pace_yoso,uma_deokure_bin,pace_shisu_juni,35,4441,74.23,12.37,70.13,False
KEIBAJO_SURFACE_06_ダ,kyori_kubun+kyakushitsu+omo_tekisei_code+ls_shisu_juni,kyori_kubun,kyakushitsu,omo_tekisei_code,ls_shisu_juni,105,21261,72.45,12.13,70.13,False
KEIBAJO_SURFACE_06_ダ,uma_deokure_bin+kyori_tekisei+joken_class_code+uma_start_shisu_decile,uma_deokure_bin,kyori_tekisei,joken_class_code,uma_start_shisu_decile,49,13564,73.24,11.16,70.12,False
KEIBAJO_SURFACE_06_ダ,pace_yoso+uma_deokure_bin+kyori_tekisei_2+shiba_tekisei_code,pace_yoso,uma_deokure_bin,kyori_tekisei_2,shiba_tekisei_code,8,1379,75.96,8.43,70.12,False
KEIBAJO_SURFACE_06_ダ,manken_shirushi+kyakushitsu+omo_tekisei_code+shiba_tekisei_code,manken_shirushi,kyakushitsu,omo_tekisei_code,shiba_tekisei_code,36,4411,74.61,13.74,70.12,False
KEIBAJO_SURFACE_06_ダ,uma_start_shisu_decile+kyakushitsu+ichi_shisu_juni+omo_tekisei_code,uma_start_shisu_decile,kyakushitsu,ichi_shisu_juni,omo_tekisei_code,36,5131,73.04,8.95,70.12,False
KEIBAJO_SURFACE_06_ダ,pace_yoso+da_tekisei_code+ten_shisu_juni+shiba_tekisei_code,pace_yoso,da_tekisei_code,ten_shisu_juni,shiba_tekisei_code,34,8465,73.96,11.42,70.12,False
KEIBAJO_SURFACE_06_ダ,pace_yoso+joken_class_code+uma_start_shisu_decile+ten_shisu_juni,pace_yoso,joken_class_code,uma_start_shisu_decile,ten_shisu_juni,32,4301,74.26,12.0,70.11,False
KEIBAJO_SURFACE_06_ダ,pace_yoso+umakigo_code+kyori_tekisei_2+ls_shisu_juni,pace_yoso,umakigo_code,kyori_tekisei_2,ls_shisu_juni,16,3122,75.96,11.93,70.11,False
KEIBAJO_SURFACE_06_ダ,uma_deokure_bin+kyori_kubun+kyori_tekisei+pace_shisu_juni,uma_deokure_bin,kyori_kubun,kyori_tekisei,pace_shisu_juni,93,13808,72.69,12.73,70.1,False
KEIBAJO_SURFACE_06_ダ,hizume_code+pace_yoso+da_tekisei_code+ls_shisu_juni,hizume_code,pace_yoso,da_tekisei_code,ls_shisu_juni,60,12402,73.38,12.96,70.1,False
KEIBAJO_SURFACE_06_ダ,hizume_code+kyori_tekisei+umakigo_code+manken_shisu_decile,hizume_code,kyori_tekisei,umakigo_code,manken_shisu_decile,60,9866,73.23,12.37,70.1,False
KEIBAJO_SURFACE_06_ダ,kyori_tekisei+umakigo_code+ichi_shisu_juni+shiba_tekisei_code,kyori_tekisei,umakigo_code,ichi_shisu_juni,shiba_tekisei_code,50,10435,73.44,12.03,70.1,False
KEIBAJO_SURFACE_06_ダ,manken_shirushi+kyori_kubun+manken_shisu_decile+shiba_tekisei_code,manken_shirushi,kyori_kubun,manken_shisu_decile,shiba_tekisei_code,28,4210,74.01,10.53,70.1,False
KEIBAJO_SURFACE_06_ダ,umakigo_code+ichi_shisu_juni+ls_shisu_juni+shiba_tekisei_code,umakigo_code,ichi_shisu_juni,ls_shisu_juni,shiba_tekisei_code,44,7523,73.44,11.34,70.09,False
KEIBAJO_SURFACE_06_ダ,pace_yoso+uma_deokure_bin+joken_class_code+ten_shisu_juni,pace_yoso,uma_deokure_bin,joken_class_code,ten_shisu_juni,95,15684,73.09,14.91,70.09,False
KEIBAJO_SURFACE_06_ダ,hizume_code+pace_yoso+joken_class_code+pace_shisu_juni,hizume_code,pace_yoso,joken_class_code,pace_shisu_juni,22,2843,75.47,12.87,70.09,False
KEIBAJO_SURFACE_06_ダ,hizume_code+kyori_tekisei+omo_tekisei_code+shiba_tekisei_code,hizume_code,kyori_tekisei,omo_tekisei_code,shiba_tekisei_code,42,9459,73.16,10.13,70.09,False
KEIBAJO_SURFACE_06_ダ,hizume_code+kyori_tekisei+joken_class_code+kyori_tekisei_2,hizume_code,kyori_tekisei,joken_class_code,kyori_tekisei_2,7,917,76.27,8.35,70.09,False
KEIBAJO_SURFACE_06_ダ,uma_deokure_bin+umakigo_code+kyori_tekisei_2+manken_shisu_decile,uma_deokure_bin,umakigo_code,kyori_tekisei_2,manken_shisu_decile,6,791,75.02,6.16,70.08,False
KEIBAJO_SURFACE_06_ダ,kyori_tekisei+kyakushitsu+kyori_tekisei_2+omo_tekisei_code,kyori_tekisei,kyakushitsu,kyori_tekisei_2,omo_tekisei_code,14,3107,75.79,10.91,70.07,False
KEIBAJO_SURFACE_06_ダ,kyori_kubun+kyakushitsu+kyori_tekisei_2+omo_tekisei_code,kyori_kubun,kyakushitsu,kyori_tekisei_2,omo_tekisei_code,14,2689,75.98,11.26,70.07,False
KEIBAJO_SURFACE_06_ダ,pace_yoso+joken_class_code+uma_start_shisu_decile+shiba_tekisei_code,pace_yoso,joken_class_code,uma_start_shisu_decile,shiba_tekisei_code,43,12813,72.8,9.11,70.07,False
KEIBAJO_SURFACE_06_ダ,kyori_kubun+kyakushitsu+umakigo_code+ten_shisu_juni,kyori_kubun,kyakushitsu,umakigo_code,ten_shisu_juni,104,24828,72.15,10.83,70.07,False
KEIBAJO_SURFACE_06_ダ,pace_yoso+kyori_kubun+kyori_tekisei_2+ls_shisu_juni,pace_yoso,kyori_kubun,kyori_tekisei_2,ls_shisu_juni,15,2768,75.37,10.47,70.07,False
KEIBAJO_SURFACE_06_ダ,pace_yoso+umakigo_code+ls_shisu_juni+ten_shisu_juni,pace_yoso,umakigo_code,ls_shisu_juni,ten_shisu_juni,109,20307,72.36,12.22,70.07,False
KEIBAJO_SURFACE_06_ダ,pace_yoso+uma_deokure_bin+kyori_kubun+ten_shisu_juni,pace_yoso,uma_deokure_bin,kyori_kubun,ten_shisu_juni,78,16575,72.96,13.1,70.06,False
KEIBAJO_SURFACE_06_ダ,kyori_kubun+joken_class_code+omo_tekisei_code+ten_shisu_juni,kyori_kubun,joken_class_code,omo_tekisei_code,ten_shisu_juni,81,12817,73.21,14.48,70.06,False
KEIBAJO_SURFACE_06_ダ,uma_deokure_bin+kyori_kubun+joken_class_code+pace_shisu_juni,uma_deokure_bin,kyori_kubun,joken_class_code,pace_shisu_juni,89,13914,72.84,13.37,70.06,False
KEIBAJO_SURFACE_06_ダ,hizume_code+pace_yoso+joken_class_code+uma_start_shisu_decile,hizume_code,pace_yoso,joken_class_code,uma_start_shisu_decile,65,10945,72.26,9.06,70.06,False
KEIBAJO_SURFACE_06_ダ,pace_yoso+kyori_kubun+kyori_tekisei+joken_class_code,pace_yoso,kyori_kubun,kyori_tekisei,joken_class_code,40,27832,73.3,10.46,70.05,False
KEIBAJO_SURFACE_06_ダ,hizume_code+pace_yoso+omo_tekisei_code+ten_shisu_juni,hizume_code,pace_yoso,omo_tekisei_code,ten_shisu_juni,37,5070,73.56,10.92,70.04,False
KEIBAJO_SURFACE_06_ダ,hizume_code+uma_deokure_bin+kyakushitsu+ichi_shisu_juni,hizume_code,uma_deokure_bin,kyakushitsu,ichi_shisu_juni,17,2317,76.01,12.56,70.04,False
KEIBAJO_SURFACE_06_ダ,hizume_code+uma_deokure_bin+umakigo_code+ten_shisu_juni,hizume_code,uma_deokure_bin,umakigo_code,ten_shisu_juni,51,7361,73.1,11.14,70.04,False
KEIBAJO_SURFACE_06_ダ,hizume_code+uma_deokure_bin+kyori_kubun+pace_shisu_juni,hizume_code,uma_deokure_bin,kyori_kubun,pace_shisu_juni,11,1320,76.04,10.17,70.04,False
KEIBAJO_SURFACE_06_ダ,hizume_code+pace_yoso+manken_shirushi+omo_tekisei_code,hizume_code,pace_yoso,manken_shirushi,omo_tekisei_code,26,3908,73.61,9.28,70.04,False
KEIBAJO_SURFACE_06_ダ,kyori_tekisei+kyori_tekisei_2+ichi_shisu_juni+omo_tekisei_code,kyori_tekisei,kyori_tekisei_2,ichi_shisu_juni,omo_tekisei_code,3,330,77.42,6.53,70.03,False
KEIBAJO_SURFACE_06_ダ,hizume_code+pace_yoso+uma_deokure_bin+manken_shisu_decile,hizume_code,pace_yoso,uma_deokure_bin,manken_shisu_decile,43,7050,72.85,9.48,70.02,False
KEIBAJO_SURFACE_06_ダ,manken_shirushi+kyori_tekisei+joken_class_code+kyakushitsu,manken_shirushi,kyori_tekisei,joken_class_code,kyakushitsu,39,6592,73.28,10.37,70.02,False
KEIBAJO_SURFACE_06_ダ,uma_deokure_bin+kyakushitsu+umakigo_code+pace_shisu_juni,uma_deokure_bin,kyakushitsu,umakigo_code,pace_shisu_juni,76,17307,72.71,11.97,70.02,False
KEIBAJO_SURFACE_06_ダ,uma_start_shisu_decile+ichi_shisu_juni+omo_tekisei_code+shiba_tekisei_code,uma_start_shisu_decile,ichi_shisu_juni,omo_tekisei_code,shiba_tekisei_code,15,2097,73.85,7.56,70.02,False
KEIBAJO_SURFACE_06_ダ,hizume_code+manken_shirushi+omo_tekisei_code+manken_shisu_decile,hizume_code,manken_shirushi,omo_tekisei_code,manken_shisu_decile,6,891,75.99,7.45,70.02,False
KEIBAJO_SURFACE_06_ダ,da_tekisei_code+joken_class_code+umakigo_code+omo_tekisei_code,da_tekisei_code,joken_class_code,umakigo_code,omo_tekisei_code,30,22234,73.8,10.59,70.01,False
KEIBAJO_SURFACE_06_ダ,hizume_code+uma_deokure_bin+kyori_tekisei+kyakushitsu,hizume_code,uma_deokure_bin,kyori_tekisei,kyakushitsu,56,9611,73.09,11.76,70.01,False
KEIBAJO_SURFACE_06_ダ,pace_yoso+joken_class_code+uma_start_shisu_decile+ichi_shisu_juni,pace_yoso,joken_class_code,uma_start_shisu_decile,ichi_shisu_juni,36,5512,73.73,11.4,70.01,False
KEIBAJO_SURFACE_06_ダ,da_tekisei_code+joken_class_code+pace_shisu_juni+shiba_tekisei_code,da_tekisei_code,joken_class_code,pace_shisu_juni,shiba_tekisei_code,42,7658,74.02,13.24,70.01,False
KEIBAJO_SURFACE_06_ダ,kyori_kubun+kyori_tekisei+joken_class_code+kyakushitsu,kyori_kubun,kyori_tekisei,joken_class_code,kyakushitsu,68,26104,72.89,12.12,70.01,False
KEIBAJO_SURFACE_06_ダ,kyori_kubun+joken_class_code+omo_tekisei_code+pace_shisu_juni,kyori_kubun,joken_class_code,omo_tekisei_code,pace_shisu_juni,81,13047,72.87,13.18,70.0,False
KEIBAJO_SURFACE_06_ダ,uma_deokure_bin+umakigo_code+ls_shisu_juni+pace_shisu_juni,uma_deokure_bin,umakigo_code,ls_shisu_juni,pace_shisu_juni,75,10931,73.17,13.99,70.0,False
KEIBAJO_SURFACE_06_ダ,pace_yoso+umakigo_code+ichi_shisu_juni+ls_shisu_juni,pace_yoso,umakigo_code,ichi_shisu_juni,ls_shisu_juni,100,20758,72.28,11.65,70.0,False
KEIBAJO_SURFACE_06_ダ,uma_deokure_bin+kyori_kubun+ichi_shisu_juni+ls_shisu_juni,uma_deokure_bin,kyori_kubun,ichi_shisu_juni,ls_shisu_juni,35,4061,73.98,12.01,70.0,False
KEIBAJO_SURFACE_06_ダ,uma_deokure_bin+kyori_tekisei+joken_class_code+shiba_tekisei_code,uma_deokure_bin,kyori_tekisei,joken_class_code,shiba_tekisei_code,38,11192,73.68,11.58,70.0,False
KEIBAJO_SURFACE_06_ダ,manken_shirushi+joken_class_code+kyakushitsu+shiba_tekisei_code,manken_shirushi,joken_class_code,kyakushitsu,shiba_tekisei_code,29,3923,74.49,12.34,70.0,False
KEIBAJO_SURFACE_06_ダ,pace_yoso+joken_class_code+omo_tekisei_code+pace_shisu_juni,pace_yoso,joken_class_code,omo_tekisei_code,pace_shisu_juni,106,18321,72.32,12.22,69.99,False
KEIBAJO_SURFACE_06_ダ,uma_deokure_bin+kyori_tekisei+kyakushitsu+manken_shisu_decile,uma_deokure_bin,kyori_tekisei,kyakushitsu,manken_shisu_decile,62,10304,72.79,11.24,69.99,False
KEIBAJO_SURFACE_06_ダ,kyori_kubun+kyori_tekisei+joken_class_code+ten_shisu_juni,kyori_kubun,kyori_tekisei,joken_class_code,ten_shisu_juni,81,17953,72.97,13.7,69.99,False
KEIBAJO_SURFACE_06_ダ,uma_deokure_bin+joken_class_code+umakigo_code+ichi_shisu_juni,uma_deokure_bin,joken_class_code,umakigo_code,ichi_shisu_juni,64,16236,72.51,10.29,69.99,False
KEIBAJO_SURFACE_06_ダ,kyori_kubun+kyori_tekisei+joken_class_code+ichi_shisu_juni,kyori_kubun,kyori_tekisei,joken_class_code,ichi_shisu_juni,76,17712,72.68,12.04,69.98,False
KEIBAJO_SURFACE_06_ダ,da_tekisei_code+kyori_tekisei+ls_shisu_juni+shiba_tekisei_code,da_tekisei_code,kyori_tekisei,ls_shisu_juni,shiba_tekisei_code,31,9067,74.29,12.25,69.98,False
KEIBAJO_SURFACE_06_ダ,joken_class_code+umakigo_code+omo_tekisei_code+ten_shisu_juni,joken_class_code,umakigo_code,omo_tekisei_code,ten_shisu_juni,88,19422,72.61,12.57,69.98,False
KEIBAJO_SURFACE_06_ダ,kyori_kubun+kyori_tekisei+kyakushitsu+shiba_tekisei_code,kyori_kubun,kyori_tekisei,kyakushitsu,shiba_tekisei_code,35,14204,72.58,7.85,69.98,False
KEIBAJO_SURFACE_06_ダ,kyori_tekisei+ichi_shisu_juni+ten_shisu_juni+pace_shisu_juni,kyori_tekisei,ichi_shisu_juni,ten_shisu_juni,pace_shisu_juni,12,2587,75.76,10.25,69.97,False
KEIBAJO_SURFACE_06_ダ,hizume_code+umakigo_code+manken_shisu_decile+shiba_tekisei_code,hizume_code,umakigo_code,manken_shisu_decile,shiba_tekisei_code,45,8150,73.21,11.09,69.97,False
KEIBAJO_SURFACE_06_ダ,pace_yoso+uma_start_shisu_decile+kyori_tekisei_2+omo_tekisei_code,pace_yoso,uma_start_shisu_decile,kyori_tekisei_2,omo_tekisei_code,13,1990,75.47,10.13,69.96,False
KEIBAJO_SURFACE_06_ダ,kyori_tekisei+kyori_tekisei_2+omo_tekisei_code+ten_shisu_juni,kyori_tekisei,kyori_tekisei_2,omo_tekisei_code,ten_shisu_juni,5,533,78.89,10.19,69.96,False
KEIBAJO_SURFACE_06_ダ,uma_deokure_bin+da_tekisei_code+joken_class_code+umakigo_code,uma_deokure_bin,da_tekisei_code,joken_class_code,umakigo_code,32,20991,73.45,10.06,69.96,False
KEIBAJO_SURFACE_06_ダ,hizume_code+da_tekisei_code+uma_start_shisu_decile+shiba_tekisei_code,hizume_code,da_tekisei_code,uma_start_shisu_decile,shiba_tekisei_code,26,4280,73.91,10.27,69.96,False
KEIBAJO_SURFACE_06_ダ,uma_deokure_bin+kyori_kubun+kyori_tekisei+shiba_tekisei_code,uma_deokure_bin,kyori_kubun,kyori_tekisei,shiba_tekisei_code,32,13461,72.61,7.67,69.96,False
KEIBAJO_SURFACE_06_ダ,pace_yoso+uma_deokure_bin+joken_class_code+ls_shisu_juni,pace_yoso,uma_deokure_bin,joken_class_code,ls_shisu_juni,77,20283,72.79,12.71,69.95,False
KEIBAJO_SURFACE_06_ダ,uma_deokure_bin+joken_class_code+uma_start_shisu_decile+ls_shisu_juni,uma_deokure_bin,joken_class_code,uma_start_shisu_decile,ls_shisu_juni,51,10600,73.64,13.43,69.95,False
KEIBAJO_SURFACE_06_ダ,pace_yoso+joken_class_code+ls_shisu_juni+ten_shisu_juni,pace_yoso,joken_class_code,ls_shisu_juni,ten_shisu_juni,51,6704,72.97,11.01,69.95,False
KEIBAJO_SURFACE_06_ダ,joken_class_code+uma_start_shisu_decile+omo_tekisei_code+shiba_tekisei_code,joken_class_code,uma_start_shisu_decile,omo_tekisei_code,shiba_tekisei_code,46,10961,73.1,10.91,69.94,False
KEIBAJO_SURFACE_06_ダ,kyori_kubun+umakigo_code+kyori_tekisei_2+pace_shisu_juni,kyori_kubun,umakigo_code,kyori_tekisei_2,pace_shisu_juni,8,969,80.13,14.7,69.94,False
KEIBAJO_SURFACE_06_ダ,uma_deokure_bin+kyori_kubun+joken_class_code+uma_start_shisu_decile,uma_deokure_bin,kyori_kubun,joken_class_code,uma_start_shisu_decile,56,17328,72.91,11.31,69.94,False
KEIBAJO_SURFACE_06_ダ,pace_yoso+kyori_kubun+uma_start_shisu_decile+ls_shisu_juni,pace_yoso,kyori_kubun,uma_start_shisu_decile,ls_shisu_juni,88,18406,72.51,12.3,69.94,False
KEIBAJO_SURFACE_06_ダ,hizume_code+pace_yoso+ichi_shisu_juni+omo_tekisei_code,hizume_code,pace_yoso,ichi_shisu_juni,omo_tekisei_code,33,4780,73.36,10.04,69.93,False
KEIBAJO_SURFACE_06_ダ,uma_deokure_bin+umakigo_code+manken_shisu_decile+pace_shisu_juni,uma_deokure_bin,umakigo_code,manken_shisu_decile,pace_shisu_juni,23,2598,76.51,16.12,69.93,False
KEIBAJO_SURFACE_06_ダ,kyori_kubun+umakigo_code+ls_shisu_juni+pace_shisu_juni,kyori_kubun,umakigo_code,ls_shisu_juni,pace_shisu_juni,111,19322,72.4,13.24,69.93,False
KEIBAJO_SURFACE_06_ダ,kyori_kubun+joken_class_code+ichi_shisu_juni+ls_shisu_juni,kyori_kubun,joken_class_code,ichi_shisu_juni,ls_shisu_juni,34,6066,74.07,12.3,69.93,False
KEIBAJO_SURFACE_06_ダ,kyori_kubun+umakigo_code+omo_tekisei_code+manken_shisu_decile,kyori_kubun,umakigo_code,omo_tekisei_code,manken_shisu_decile,55,23058,72.58,10.06,69.92,False
KEIBAJO_SURFACE_06_ダ,uma_deokure_bin+kyori_tekisei+kyakushitsu+pace_shisu_juni,uma_deokure_bin,kyori_tekisei,kyakushitsu,pace_shisu_juni,38,4801,74.41,14.16,69.91,False
KEIBAJO_SURFACE_06_ダ,manken_shirushi+uma_deokure_bin+kyori_tekisei+joken_class_code,manken_shirushi,uma_deokure_bin,kyori_tekisei,joken_class_code,31,6099,74.88,14.12,69.91,False
KEIBAJO_SURFACE_06_ダ,kyakushitsu+omo_tekisei_code+manken_shisu_decile+shiba_tekisei_code,kyakushitsu,omo_tekisei_code,manken_shisu_decile,shiba_tekisei_code,63,9908,72.63,10.99,69.91,False
KEIBAJO_SURFACE_06_ダ,pace_yoso+umakigo_code+ten_shisu_juni+pace_shisu_juni,pace_yoso,umakigo_code,ten_shisu_juni,pace_shisu_juni,93,15073,72.28,11.66,69.91,False
KEIBAJO_SURFACE_06_ダ,kyori_kubun+kyori_tekisei+kyakushitsu+ls_shisu_juni,kyori_kubun,kyori_tekisei,kyakushitsu,ls_shisu_juni,103,22335,72.1,11.34,69.91,False
KEIBAJO_SURFACE_06_ダ,hizume_code+uma_deokure_bin+kyakushitsu+omo_tekisei_code,hizume_code,uma_deokure_bin,kyakushitsu,omo_tekisei_code,79,14594,72.64,12.44,69.9,False
KEIBAJO_SURFACE_06_ダ,hizume_code+da_tekisei_code+joken_class_code+shiba_tekisei_code,hizume_code,da_tekisei_code,joken_class_code,shiba_tekisei_code,33,8311,73.35,10.13,69.89,False
KEIBAJO_SURFACE_06_ダ,hizume_code+pace_yoso+kyori_tekisei+joken_class_code,hizume_code,pace_yoso,kyori_tekisei,joken_class_code,72,17109,72.42,10.97,69.89,False
KEIBAJO_SURFACE_06_ダ,uma_deokure_bin+joken_class_code+omo_tekisei_code+ten_shisu_juni,uma_deokure_bin,joken_class_code,omo_tekisei_code,ten_shisu_juni,60,10098,73.85,15.64,69.89,False
KEIBAJO_SURFACE_06_ダ,hizume_code+uma_deokure_bin+kyori_tekisei+omo_tekisei_code,hizume_code,uma_deokure_bin,kyori_tekisei,omo_tekisei_code,68,13306,72.69,11.78,69.89,False
KEIBAJO_SURFACE_06_ダ,joken_class_code+umakigo_code+ichi_shisu_juni+ls_shisu_juni,joken_class_code,umakigo_code,ichi_shisu_juni,ls_shisu_juni,69,12890,72.81,12.37,69.89,False
KEIBAJO_SURFACE_06_ダ,pace_yoso+uma_deokure_bin+kyori_tekisei_2+omo_tekisei_code,pace_yoso,uma_deokure_bin,kyori_tekisei_2,omo_tekisei_code,13,2656,73.63,6.88,69.89,False
KEIBAJO_SURFACE_06_ダ,hizume_code+uma_deokure_bin+kyakushitsu+manken_shisu_decile,hizume_code,uma_deokure_bin,kyakushitsu,manken_shisu_decile,22,2753,74.81,11.79,69.88,False
KEIBAJO_SURFACE_06_ダ,hizume_code+kyori_kubun+umakigo_code+pace_shisu_juni,hizume_code,kyori_kubun,umakigo_code,pace_shisu_juni,59,9937,72.62,10.71,69.88,False
KEIBAJO_SURFACE_06_ダ,manken_shirushi+umakigo_code+ls_shisu_juni+manken_shisu_decile,manken_shirushi,umakigo_code,ls_shisu_juni,manken_shisu_decile,26,4064,75.39,14.34,69.88,False
KEIBAJO_SURFACE_06_ダ,pace_yoso+uma_start_shisu_decile+omo_tekisei_code+shiba_tekisei_code,pace_yoso,uma_start_shisu_decile,omo_tekisei_code,shiba_tekisei_code,53,14408,72.67,10.36,69.88,False
KEIBAJO_SURFACE_06_ダ,manken_shirushi+joken_class_code+umakigo_code+shiba_tekisei_code,manken_shirushi,joken_class_code,umakigo_code,shiba_tekisei_code,24,7010,73.11,8.08,69.88,False
KEIBAJO_SURFACE_06_ダ,da_tekisei_code+joken_class_code+ls_shisu_juni+manken_shisu_decile,da_tekisei_code,joken_class_code,ls_shisu_juni,manken_shisu_decile,57,9506,73.14,12.6,69.87,False
KEIBAJO_SURFACE_06_ダ,manken_shirushi+umakigo_code+ichi_shisu_juni+shiba_tekisei_code,manken_shirushi,umakigo_code,ichi_shisu_juni,shiba_tekisei_code,6,634,79.29,11.77,69.87,False
KEIBAJO_SURFACE_06_ダ,hizume_code+kyakushitsu+umakigo_code+ichi_shisu_juni,hizume_code,kyakushitsu,umakigo_code,ichi_shisu_juni,59,9151,72.95,12.04,69.87,False
KEIBAJO_SURFACE_06_ダ,pace_yoso+joken_class_code+ichi_shisu_juni+ls_shisu_juni,pace_yoso,joken_class_code,ichi_shisu_juni,ls_shisu_juni,48,7965,72.79,10.32,69.87,False
KEIBAJO_SURFACE_06_ダ,pace_yoso+uma_start_shisu_decile+umakigo_code+shiba_tekisei_code,pace_yoso,uma_start_shisu_decile,umakigo_code,shiba_tekisei_code,28,14584,72.98,8.43,69.86,False
KEIBAJO_SURFACE_06_ダ,pace_yoso+da_tekisei_code+ls_shisu_juni+manken_shisu_decile,pace_yoso,da_tekisei_code,ls_shisu_juni,manken_shisu_decile,63,13339,73.54,14.9,69.86,False
KEIBAJO_SURFACE_06_ダ,joken_class_code+umakigo_code+omo_tekisei_code+manken_shisu_decile,joken_class_code,umakigo_code,omo_tekisei_code,manken_shisu_decile,67,21375,72.47,10.95,69.85,False
KEIBAJO_SURFACE_06_ダ,kyori_kubun+joken_class_code+umakigo_code+ls_shisu_juni,kyori_kubun,joken_class_code,umakigo_code,ls_shisu_juni,63,26612,72.45,10.54,69.85,False
KEIBAJO_SURFACE_06_ダ,da_tekisei_code+kyori_tekisei+omo_tekisei_code+shiba_tekisei_code,da_tekisei_code,kyori_tekisei,omo_tekisei_code,shiba_tekisei_code,21,10605,73.63,8.83,69.85,False
KEIBAJO_SURFACE_06_ダ,hizume_code+manken_shirushi+kyori_tekisei+manken_shisu_decile,hizume_code,manken_shirushi,kyori_tekisei,manken_shisu_decile,5,660,76.74,7.86,69.85,False
KEIBAJO_SURFACE_06_ダ,pace_yoso+uma_deokure_bin+kyori_tekisei+pace_shisu_juni,pace_yoso,uma_deokure_bin,kyori_tekisei,pace_shisu_juni,90,12716,72.62,13.38,69.85,False
KEIBAJO_SURFACE_06_ダ,hizume_code+pace_yoso+manken_shirushi+uma_start_shisu_decile,hizume_code,pace_yoso,manken_shirushi,uma_start_shisu_decile,5,597,73.56,4.24,69.84,False
KEIBAJO_SURFACE_06_ダ,kyori_kubun+kyori_tekisei+uma_start_shisu_decile+manken_shisu_decile,kyori_kubun,kyori_tekisei,uma_start_shisu_decile,manken_shisu_decile,60,10316,72.85,11.88,69.84,False
KEIBAJO_SURFACE_06_ダ,uma_deokure_bin+da_tekisei_code+joken_class_code+ten_shisu_juni,uma_deokure_bin,da_tekisei_code,joken_class_code,ten_shisu_juni,64,11615,73.4,14.57,69.84,False
KEIBAJO_SURFACE_06_ダ,pace_yoso+da_tekisei_code+joken_class_code+ten_shisu_juni,pace_yoso,da_tekisei_code,joken_class_code,ten_shisu_juni,75,17181,73.07,14.28,69.83,False
KEIBAJO_SURFACE_06_ダ,pace_yoso+umakigo_code+bataiju+shiba_tekisei_code,pace_yoso,umakigo_code,bataiju,shiba_tekisei_code,37,7045,73.53,11.46,69.83,False
KEIBAJO_SURFACE_06_ダ,kyori_tekisei+kyakushitsu+umakigo_code+shiba_tekisei_code,kyori_tekisei,kyakushitsu,umakigo_code,shiba_tekisei_code,27,13928,72.19,6.27,69.83,False
KEIBAJO_SURFACE_06_ダ,hizume_code+kyori_tekisei+umakigo_code+pace_shisu_juni,hizume_code,kyori_tekisei,umakigo_code,pace_shisu_juni,37,4525,74.09,13.21,69.83,False
KEIBAJO_SURFACE_06_ダ,manken_shirushi+kyori_tekisei+kyakushitsu+shiba_tekisei_code,manken_shirushi,kyori_tekisei,kyakushitsu,shiba_tekisei_code,17,1998,75.2,11.31,69.83,False
KEIBAJO_SURFACE_06_ダ,hizume_code+kyori_kubun+kyori_tekisei+ten_shisu_juni,hizume_code,kyori_kubun,kyori_tekisei,ten_shisu_juni,13,1614,75.42,10.31,69.82,False
KEIBAJO_SURFACE_06_ダ,uma_start_shisu_decile+kyakushitsu+omo_tekisei_code+ten_shisu_juni,uma_start_shisu_decile,kyakushitsu,omo_tekisei_code,ten_shisu_juni,22,2686,75.21,12.9,69.82,False
KEIBAJO_SURFACE_06_ダ,pace_yoso+joken_class_code+manken_shisu_decile+pace_shisu_juni,pace_yoso,joken_class_code,manken_shisu_decile,pace_shisu_juni,16,1985,74.51,9.6,69.81,False
KEIBAJO_SURFACE_06_ダ,kyori_kubun+joken_class_code+umakigo_code+ichi_shisu_juni,kyori_kubun,joken_class_code,umakigo_code,ichi_shisu_juni,88,23737,72.09,10.97,69.8,False
KEIBAJO_SURFACE_06_ダ,hizume_code+manken_shirushi+joken_class_code+omo_tekisei_code,hizume_code,manken_shirushi,joken_class_code,omo_tekisei_code,10,1343,75.44,9.1,69.8,False
KEIBAJO_SURFACE_06_ダ,uma_deokure_bin+kyori_kubun+kyori_tekisei+ls_shisu_juni,uma_deokure_bin,kyori_kubun,kyori_tekisei,ls_shisu_juni,78,19140,72.67,12.95,69.8,False
KEIBAJO_SURFACE_06_ダ,pace_yoso+kyori_kubun+joken_class_code+shiba_tekisei_code,pace_yoso,kyori_kubun,joken_class_code,shiba_tekisei_code,27,15401,72.16,6.28,69.79,False
KEIBAJO_SURFACE_06_ダ,kyori_kubun+umakigo_code+kyori_tekisei_2+ten_shisu_juni,kyori_kubun,umakigo_code,kyori_tekisei_2,ten_shisu_juni,8,993,78.57,12.67,69.79,False
KEIBAJO_SURFACE_06_ダ,umakigo_code+kyori_tekisei_2+omo_tekisei_code+manken_shisu_decile,umakigo_code,kyori_tekisei_2,omo_tekisei_code,manken_shisu_decile,9,1624,74.57,7.32,69.79,False
KEIBAJO_SURFACE_06_ダ,pace_yoso+kyori_tekisei_2+manken_shisu_decile+shiba_tekisei_code,pace_yoso,kyori_tekisei_2,manken_shisu_decile,shiba_tekisei_code,7,997,74.15,5.91,69.78,False
KEIBAJO_SURFACE_06_ダ,manken_shirushi+kyori_kubun+uma_start_shisu_decile+kyakushitsu,manken_shirushi,kyori_kubun,uma_start_shisu_decile,kyakushitsu,23,2906,75.45,13.87,69.78,False
KEIBAJO_SURFACE_06_ダ,hizume_code+pace_yoso+uma_deokure_bin+uma_start_shisu_decile,hizume_code,pace_yoso,uma_deokure_bin,uma_start_shisu_decile,63,12794,72.45,10.82,69.78,False
KEIBAJO_SURFACE_06_ダ,pace_yoso+kyori_tekisei+uma_start_shisu_decile+manken_shisu_decile,pace_yoso,kyori_tekisei,uma_start_shisu_decile,manken_shisu_decile,64,10014,72.82,12.43,69.77,False
KEIBAJO_SURFACE_06_ダ,da_tekisei_code+joken_class_code+kyakushitsu+umakigo_code,da_tekisei_code,joken_class_code,kyakushitsu,umakigo_code,35,21742,74.07,12.98,69.77,False
KEIBAJO_SURFACE_06_ダ,kyori_kubun+da_tekisei_code+joken_class_code+shiba_tekisei_code,kyori_kubun,da_tekisei_code,joken_class_code,shiba_tekisei_code,24,11692,73.37,9.0,69.77,False
KEIBAJO_SURFACE_06_ダ,pace_yoso+manken_shirushi+kyori_kubun+kyori_tekisei_2,pace_yoso,manken_shirushi,kyori_kubun,kyori_tekisei_2,12,1574,76.18,11.34,69.77,False
KEIBAJO_SURFACE_06_ダ,pace_yoso+kyori_kubun+uma_start_shisu_decile+ten_shisu_juni,pace_yoso,kyori_kubun,uma_start_shisu_decile,ten_shisu_juni,56,8678,73.19,13.07,69.76,False
KEIBAJO_SURFACE_06_ダ,uma_deokure_bin+umakigo_code+bataiju+shiba_tekisei_code,uma_deokure_bin,umakigo_code,bataiju,shiba_tekisei_code,40,4881,72.81,9.84,69.76,False
KEIBAJO_SURFACE_06_ダ,kyori_kubun+kyori_tekisei+uma_start_shisu_decile+shiba_tekisei_code,kyori_kubun,kyori_tekisei,uma_start_shisu_decile,shiba_tekisei_code,47,12684,72.78,10.56,69.76,False
KEIBAJO_SURFACE_06_ダ,pace_yoso+kyori_kubun+umakigo_code+manken_shisu_decile,pace_yoso,kyori_kubun,umakigo_code,manken_shisu_decile,47,26314,73.14,11.84,69.75,False
KEIBAJO_SURFACE_06_ダ,hizume_code+pace_yoso+uma_start_shisu_decile+kyakushitsu,hizume_code,pace_yoso,uma_start_shisu_decile,kyakushitsu,63,11865,73.05,13.35,69.75,False
KEIBAJO_SURFACE_06_ダ,pace_yoso+manken_shirushi+joken_class_code+shiba_tekisei_code,pace_yoso,manken_shirushi,joken_class_code,shiba_tekisei_code,32,6819,73.0,9.38,69.75,False
KEIBAJO_SURFACE_06_ダ,kyori_kubun+kyakushitsu+ichi_shisu_juni+pace_shisu_juni,kyori_kubun,kyakushitsu,ichi_shisu_juni,pace_shisu_juni,26,3862,74.27,11.74,69.75,False
KEIBAJO_SURFACE_06_ダ,pace_yoso+uma_deokure_bin+kyori_tekisei+ls_shisu_juni,pace_yoso,uma_deokure_bin,kyori_tekisei,ls_shisu_juni,83,19032,72.23,11.51,69.75,False
KEIBAJO_SURFACE_06_ダ,pace_yoso+uma_deokure_bin+uma_start_shisu_decile+ls_shisu_juni,pace_yoso,uma_deokure_bin,uma_start_shisu_decile,ls_shisu_juni,71,15600,72.16,10.34,69.75,False
KEIBAJO_SURFACE_06_ダ,kyori_tekisei+umakigo_code+manken_shisu_decile+shiba_tekisei_code,kyori_tekisei,umakigo_code,manken_shisu_decile,shiba_tekisei_code,41,11997,72.73,9.75,69.75,False
KEIBAJO_SURFACE_06_ダ,kyakushitsu+umakigo_code+ichi_shisu_juni+shiba_tekisei_code,kyakushitsu,umakigo_code,ichi_shisu_juni,shiba_tekisei_code,42,11786,72.33,8.58,69.74,False
KEIBAJO_SURFACE_06_ダ,uma_start_shisu_decile+kyakushitsu+umakigo_code+shiba_tekisei_code,uma_start_shisu_decile,kyakushitsu,umakigo_code,shiba_tekisei_code,38,13789,72.67,9.22,69.74,False
KEIBAJO_SURFACE_06_ダ,pace_yoso+kyori_tekisei+umakigo_code+ichi_shisu_juni,pace_yoso,kyori_tekisei,umakigo_code,ichi_shisu_juni,80,24108,71.68,8.87,69.73,False
KEIBAJO_SURFACE_06_ダ,kyori_tekisei+joken_class_code+uma_start_shisu_decile+shiba_tekisei_code,kyori_tekisei,joken_class_code,uma_start_shisu_decile,shiba_tekisei_code,38,9041,73.38,11.49,69.73,False
KEIBAJO_SURFACE_06_ダ,da_tekisei_code+joken_class_code+uma_start_shisu_decile+ls_shisu_juni,da_tekisei_code,joken_class_code,uma_start_shisu_decile,ls_shisu_juni,65,11329,73.31,14.78,69.72,False
KEIBAJO_SURFACE_06_ダ,pace_yoso+kyori_tekisei+uma_start_shisu_decile+ten_shisu_juni,pace_yoso,kyori_tekisei,uma_start_shisu_decile,ten_shisu_juni,32,4022,74.38,13.44,69.72,False
KEIBAJO_SURFACE_06_ダ,uma_deokure_bin+kyori_tekisei+kyakushitsu+ten_shisu_juni,uma_deokure_bin,kyori_tekisei,kyakushitsu,ten_shisu_juni,44,5513,73.99,14.48,69.72,False
KEIBAJO_SURFACE_06_ダ,uma_deokure_bin+kyori_kubun+joken_class_code+umakigo_code,uma_deokure_bin,kyori_kubun,joken_class_code,umakigo_code,44,24446,72.36,8.96,69.71,False
KEIBAJO_SURFACE_06_ダ,pace_yoso+kyori_kubun+kyori_tekisei+shiba_tekisei_code,pace_yoso,kyori_kubun,kyori_tekisei,shiba_tekisei_code,22,14808,71.98,5.43,69.71,False
KEIBAJO_SURFACE_06_ダ,uma_deokure_bin+umakigo_code+omo_tekisei_code+ls_shisu_juni,uma_deokure_bin,umakigo_code,omo_tekisei_code,ls_shisu_juni,62,22087,72.46,11.05,69.71,False
KEIBAJO_SURFACE_06_ダ,hizume_code+manken_shirushi+kyakushitsu+umakigo_code,hizume_code,manken_shirushi,kyakushitsu,umakigo_code,38,5006,74.33,14.52,69.71,False
KEIBAJO_SURFACE_06_ダ,kyori_kubun+kyakushitsu+umakigo_code+pace_shisu_juni,kyori_kubun,kyakushitsu,umakigo_code,pace_shisu_juni,105,24682,71.76,10.75,69.7,False
KEIBAJO_SURFACE_06_ダ,pace_yoso+manken_shirushi+kyakushitsu+shiba_tekisei_code,pace_yoso,manken_shirushi,kyakushitsu,shiba_tekisei_code,30,5925,73.53,10.7,69.7,False
KEIBAJO_SURFACE_06_ダ,pace_yoso+kyori_kubun+ls_shisu_juni+manken_shisu_decile,pace_yoso,kyori_kubun,ls_shisu_juni,manken_shisu_decile,106,18453,72.21,13.2,69.69,False
KEIBAJO_SURFACE_06_ダ,hizume_code+kyakushitsu+umakigo_code+shiba_tekisei_code,hizume_code,kyakushitsu,umakigo_code,shiba_tekisei_code,40,12056,72.79,9.99,69.69,False
KEIBAJO_SURFACE_06_ダ,da_tekisei_code+joken_class_code+kyakushitsu+shiba_tekisei_code,da_tekisei_code,joken_class_code,kyakushitsu,shiba_tekisei_code,31,11057,73.87,11.87,69.69,False
KEIBAJO_SURFACE_06_ダ,pace_yoso+uma_start_shisu_decile+omo_tekisei_code+pace_shisu_juni,pace_yoso,uma_start_shisu_decile,omo_tekisei_code,pace_shisu_juni,38,5514,73.62,12.37,69.69,False
KEIBAJO_SURFACE_06_ダ,pace_yoso+da_tekisei_code+kyori_tekisei_2+manken_shisu_decile,pace_yoso,da_tekisei_code,kyori_tekisei_2,manken_shisu_decile,11,2363,75.84,10.44,69.68,False
KEIBAJO_SURFACE_06_ダ,pace_yoso+kyori_kubun+joken_class_code+ten_shisu_juni,pace_yoso,kyori_kubun,joken_class_code,ten_shisu_juni,115,23278,72.05,13.02,69.67,False
KEIBAJO_SURFACE_06_ダ,manken_shirushi+da_tekisei_code+uma_start_shisu_decile+omo_tekisei_code,manken_shirushi,da_tekisei_code,uma_start_shisu_decile,omo_tekisei_code,16,2035,76.41,13.75,69.67,False
KEIBAJO_SURFACE_06_ダ,uma_deokure_bin+da_tekisei_code+joken_class_code+ls_shisu_juni,uma_deokure_bin,da_tekisei_code,joken_class_code,ls_shisu_juni,62,16170,72.97,13.31,69.66,False
KEIBAJO_SURFACE_06_ダ,kyori_kubun+da_tekisei_code+bataiju+shiba_tekisei_code,kyori_kubun,da_tekisei_code,bataiju,shiba_tekisei_code,4,430,77.11,7.61,69.65,False
KEIBAJO_SURFACE_06_ダ,hizume_code+pace_yoso+kyori_kubun+kyori_tekisei_2,hizume_code,pace_yoso,kyori_kubun,kyori_tekisei_2,12,2260,75.13,9.67,69.65,False
KEIBAJO_SURFACE_06_ダ,pace_yoso+manken_shisu_decile+ten_shisu_juni+shiba_tekisei_code,pace_yoso,manken_shisu_decile,ten_shisu_juni,shiba_tekisei_code,17,1848,77.09,15.65,69.65,False
KEIBAJO_SURFACE_06_ダ,pace_yoso+da_tekisei_code+joken_class_code+shiba_tekisei_code,pace_yoso,da_tekisei_code,joken_class_code,shiba_tekisei_code,19,11911,74.26,10.27,69.64,False
KEIBAJO_SURFACE_06_ダ,hizume_code+kyori_kubun+joken_class_code+manken_shisu_decile,hizume_code,kyori_kubun,joken_class_code,manken_shisu_decile,36,5179,73.32,11.3,69.63,False
KEIBAJO_SURFACE_06_ダ,pace_yoso+uma_start_shisu_decile+kyakushitsu+ten_shisu_juni,pace_yoso,uma_start_shisu_decile,kyakushitsu,ten_shisu_juni,52,7913,72.87,11.96,69.62,False
KEIBAJO_SURFACE_06_ダ,pace_yoso+joken_class_code+omo_tekisei_code+ten_shisu_juni,pace_yoso,joken_class_code,omo_tekisei_code,ten_shisu_juni,112,18692,72.17,13.77,69.62,False
KEIBAJO_SURFACE_06_ダ,da_tekisei_code+umakigo_code+pace_shisu_juni+shiba_tekisei_code,da_tekisei_code,umakigo_code,pace_shisu_juni,shiba_tekisei_code,32,9329,73.13,10.16,69.61,False
KEIBAJO_SURFACE_06_ダ,hizume_code+kyori_kubun+omo_tekisei_code+shiba_tekisei_code,hizume_code,kyori_kubun,omo_tekisei_code,shiba_tekisei_code,51,12372,72.34,10.0,69.6,False
KEIBAJO_SURFACE_06_ダ,pace_yoso+kyakushitsu+ichi_shisu_juni+shiba_tekisei_code,pace_yoso,kyakushitsu,ichi_shisu_juni,shiba_tekisei_code,48,10461,72.05,8.67,69.6,False
KEIBAJO_SURFACE_06_ダ,uma_deokure_bin+joken_class_code+umakigo_code+omo_tekisei_code,uma_deokure_bin,joken_class_code,umakigo_code,omo_tekisei_code,48,24282,72.76,11.15,69.6,False
KEIBAJO_SURFACE_06_ダ,pace_yoso+uma_start_shisu_decile+kyakushitsu+pace_shisu_juni,pace_yoso,uma_start_shisu_decile,kyakushitsu,pace_shisu_juni,49,7164,73.21,12.92,69.6,False
KEIBAJO_SURFACE_06_ダ,kyori_tekisei+joken_class_code+omo_tekisei_code+manken_shisu_decile,kyori_tekisei,joken_class_code,omo_tekisei_code,manken_shisu_decile,58,13097,72.44,11.05,69.6,False
KEIBAJO_SURFACE_06_ダ,kyori_kubun+joken_class_code+uma_start_shisu_decile+manken_shisu_decile,kyori_kubun,joken_class_code,uma_start_shisu_decile,manken_shisu_decile,46,7067,72.47,9.91,69.6,False
KEIBAJO_SURFACE_06_ダ,kyori_tekisei+joken_class_code+kyakushitsu+omo_tekisei_code,kyori_tekisei,joken_class_code,kyakushitsu,omo_tekisei_code,76,20661,72.22,11.72,69.59,False
KEIBAJO_SURFACE_06_ダ,kyori_kubun+da_tekisei_code+uma_start_shisu_decile+ls_shisu_juni,kyori_kubun,da_tekisei_code,uma_start_shisu_decile,ls_shisu_juni,81,13289,72.71,14.35,69.58,False
KEIBAJO_SURFACE_06_ダ,uma_deokure_bin+joken_class_code+kyakushitsu+ls_shisu_juni,uma_deokure_bin,joken_class_code,kyakushitsu,ls_shisu_juni,73,15149,72.31,11.97,69.57,False
KEIBAJO_SURFACE_06_ダ,uma_deokure_bin+kyori_tekisei+uma_start_shisu_decile+shiba_tekisei_code,uma_deokure_bin,kyori_tekisei,uma_start_shisu_decile,shiba_tekisei_code,38,9094,72.62,9.59,69.57,False
KEIBAJO_SURFACE_06_ダ,manken_shirushi+kyakushitsu+umakigo_code+ls_shisu_juni,manken_shirushi,kyakushitsu,umakigo_code,ls_shisu_juni,47,6381,72.5,10.27,69.56,False
KEIBAJO_SURFACE_06_ダ,hizume_code+uma_deokure_bin+joken_class_code+uma_start_shisu_decile,hizume_code,uma_deokure_bin,joken_class_code,uma_start_shisu_decile,40,8176,72.76,10.37,69.55,False
KEIBAJO_SURFACE_06_ダ,hizume_code+uma_deokure_bin+kyori_kubun+manken_shisu_decile,hizume_code,uma_deokure_bin,kyori_kubun,manken_shisu_decile,43,5906,72.91,11.25,69.55,False
KEIBAJO_SURFACE_06_ダ,uma_start_shisu_decile+kyakushitsu+omo_tekisei_code+pace_shisu_juni,uma_start_shisu_decile,kyakushitsu,omo_tekisei_code,pace_shisu_juni,18,2184,75.97,13.91,69.54,False
KEIBAJO_SURFACE_06_ダ,kyori_kubun+uma_start_shisu_decile+umakigo_code+ichi_shisu_juni,kyori_kubun,uma_start_shisu_decile,umakigo_code,ichi_shisu_juni,89,15123,72.01,11.92,69.53,False
KEIBAJO_SURFACE_06_ダ,kyori_tekisei+kyakushitsu+ichi_shisu_juni+omo_tekisei_code,kyori_tekisei,kyakushitsu,ichi_shisu_juni,omo_tekisei_code,68,9183,72.23,11.36,69.53,False
KEIBAJO_SURFACE_06_ダ,joken_class_code+ichi_shisu_juni+omo_tekisei_code+shiba_tekisei_code,joken_class_code,ichi_shisu_juni,omo_tekisei_code,shiba_tekisei_code,42,7138,73.5,13.14,69.53,False
KEIBAJO_SURFACE_06_ダ,uma_deokure_bin+uma_start_shisu_decile+umakigo_code+shiba_tekisei_code,uma_deokure_bin,uma_start_shisu_decile,umakigo_code,shiba_tekisei_code,35,12711,72.84,9.98,69.53,False
KEIBAJO_SURFACE_06_ダ,uma_start_shisu_decile+umakigo_code+omo_tekisei_code+shiba_tekisei_code,uma_start_shisu_decile,umakigo_code,omo_tekisei_code,shiba_tekisei_code,40,14323,72.23,8.7,69.53,False
KEIBAJO_SURFACE_06_ダ,manken_shirushi+kyori_kubun+kyakushitsu+manken_shisu_decile,manken_shirushi,kyori_kubun,kyakushitsu,manken_shisu_decile,21,3245,74.5,11.64,69.52,False
KEIBAJO_SURFACE_06_ダ,kyori_kubun+kyori_tekisei+umakigo_code+ichi_shisu_juni,kyori_kubun,kyori_tekisei,umakigo_code,ichi_shisu_juni,78,24183,71.82,10.38,69.52,False
KEIBAJO_SURFACE_06_ダ,kyori_kubun+uma_start_shisu_decile+umakigo_code+ten_shisu_juni,kyori_kubun,uma_start_shisu_decile,umakigo_code,ten_shisu_juni,83,13561,72.56,14.16,69.52,False
KEIBAJO_SURFACE_06_ダ,pace_yoso+manken_shirushi+uma_start_shisu_decile+shiba_tekisei_code,pace_yoso,manken_shirushi,uma_start_shisu_decile,shiba_tekisei_code,22,3092,74.79,12.65,69.51,False
KEIBAJO_SURFACE_06_ダ,manken_shirushi+kyori_tekisei+joken_class_code+manken_shisu_decile,manken_shirushi,kyori_tekisei,joken_class_code,manken_shisu_decile,45,7649,72.62,10.64,69.51,False
KEIBAJO_SURFACE_06_ダ,da_tekisei_code+kyakushitsu+ls_shisu_juni+manken_shisu_decile,da_tekisei_code,kyakushitsu,ls_shisu_juni,manken_shisu_decile,43,5700,74.57,16.96,69.5,False
KEIBAJO_SURFACE_06_ダ,umakigo_code+omo_tekisei_code+ls_shisu_juni+pace_shisu_juni,umakigo_code,omo_tekisei_code,ls_shisu_juni,pace_shisu_juni,84,11519,72.79,15.36,69.5,False
KEIBAJO_SURFACE_06_ダ,uma_deokure_bin+joken_class_code+uma_start_shisu_decile+omo_tekisei_code,uma_deokure_bin,joken_class_code,uma_start_shisu_decile,omo_tekisei_code,62,16839,72.18,10.75,69.5,False
KEIBAJO_SURFACE_06_ダ,uma_start_shisu_decile+kyakushitsu+omo_tekisei_code+manken_shisu_decile,uma_start_shisu_decile,kyakushitsu,omo_tekisei_code,manken_shisu_decile,34,4726,72.15,7.91,69.49,False
KEIBAJO_SURFACE_06_ダ,pace_yoso+da_tekisei_code+ichi_shisu_juni+shiba_tekisei_code,pace_yoso,da_tekisei_code,ichi_shisu_juni,shiba_tekisei_code,33,8252,72.89,9.97,69.49,False
KEIBAJO_SURFACE_06_ダ,pace_yoso+da_tekisei_code+kyakushitsu+kyori_tekisei_2,pace_yoso,da_tekisei_code,kyakushitsu,kyori_tekisei_2,12,3276,75.84,11.22,69.49,False
KEIBAJO_SURFACE_06_ダ,pace_yoso+kyori_tekisei+kyakushitsu+ichi_shisu_juni,pace_yoso,kyori_tekisei,kyakushitsu,ichi_shisu_juni,106,19165,71.6,11.06,69.49,False
KEIBAJO_SURFACE_06_ダ,pace_yoso+kyori_kubun+umakigo_code+pace_shisu_juni,pace_yoso,kyori_kubun,umakigo_code,pace_shisu_juni,58,25761,71.61,8.21,69.49,False
KEIBAJO_SURFACE_06_ダ,manken_shirushi+joken_class_code+uma_start_shisu_decile+omo_tekisei_code,manken_shirushi,joken_class_code,uma_start_shisu_decile,omo_tekisei_code,15,2080,74.49,9.89,69.48,False
KEIBAJO_SURFACE_06_ダ,pace_yoso+uma_start_shisu_decile+kyakushitsu+ichi_shisu_juni,pace_yoso,uma_start_shisu_decile,kyakushitsu,ichi_shisu_juni,61,10296,72.21,10.86,69.48,False
KEIBAJO_SURFACE_06_ダ,umakigo_code+omo_tekisei_code+ls_shisu_juni+ten_shisu_juni,umakigo_code,omo_tekisei_code,ls_shisu_juni,ten_shisu_juni,85,11344,72.7,15.13,69.48,False
KEIBAJO_SURFACE_06_ダ,joken_class_code+kyakushitsu+ichi_shisu_juni+shiba_tekisei_code,joken_class_code,kyakushitsu,ichi_shisu_juni,shiba_tekisei_code,47,7394,73.29,13.32,69.48,False
KEIBAJO_SURFACE_06_ダ,kyori_kubun+umakigo_code+ichi_shisu_juni+ls_shisu_juni,kyori_kubun,umakigo_code,ichi_shisu_juni,ls_shisu_juni,101,18824,71.66,11.18,69.48,False
KEIBAJO_SURFACE_06_ダ,pace_yoso+kyori_kubun+ichi_shisu_juni+ls_shisu_juni,pace_yoso,kyori_kubun,ichi_shisu_juni,ls_shisu_juni,91,14068,71.83,11.5,69.47,False
KEIBAJO_SURFACE_06_ダ,joken_class_code+kyakushitsu+ten_shisu_juni+shiba_tekisei_code,joken_class_code,kyakushitsu,ten_shisu_juni,shiba_tekisei_code,45,6056,74.01,15.54,69.47,False
KEIBAJO_SURFACE_06_ダ,hizume_code+pace_yoso+kyakushitsu+ls_shisu_juni,hizume_code,pace_yoso,kyakushitsu,ls_shisu_juni,67,11043,72.63,13.21,69.47,False
KEIBAJO_SURFACE_06_ダ,uma_start_shisu_decile+kyakushitsu+umakigo_code+ichi_shisu_juni,uma_start_shisu_decile,kyakushitsu,umakigo_code,ichi_shisu_juni,71,13305,72.39,12.55,69.47,False
KEIBAJO_SURFACE_06_ダ,kyori_tekisei+umakigo_code+ten_shisu_juni+shiba_tekisei_code,kyori_tekisei,umakigo_code,ten_shisu_juni,shiba_tekisei_code,50,10399,73.24,13.6,69.47,False
KEIBAJO_SURFACE_06_ダ,kyori_tekisei+joken_class_code+omo_tekisei_code+ls_shisu_juni,kyori_tekisei,joken_class_code,omo_tekisei_code,ls_shisu_juni,66,15260,72.16,11.21,69.46,False
KEIBAJO_SURFACE_06_ダ,kyori_tekisei+umakigo_code+kyori_tekisei_2+ichi_shisu_juni,kyori_tekisei,umakigo_code,kyori_tekisei_2,ichi_shisu_juni,13,1649,76.33,12.63,69.46,False
KEIBAJO_SURFACE_06_ダ,da_tekisei_code+uma_start_shisu_decile+kyakushitsu+ls_shisu_juni,da_tekisei_code,uma_start_shisu_decile,kyakushitsu,ls_shisu_juni,63,10033,73.07,14.64,69.45,False
KEIBAJO_SURFACE_06_ダ,pace_yoso+da_tekisei_code+kyakushitsu+shiba_tekisei_code,pace_yoso,da_tekisei_code,kyakushitsu,shiba_tekisei_code,24,11918,73.15,9.28,69.44,False
KEIBAJO_SURFACE_06_ダ,hizume_code+kyori_kubun+uma_start_shisu_decile+omo_tekisei_code,hizume_code,kyori_kubun,uma_start_shisu_decile,omo_tekisei_code,63,10343,72.8,13.59,69.44,False
KEIBAJO_SURFACE_06_ダ,joken_class_code+kyakushitsu+omo_tekisei_code+ls_shisu_juni,joken_class_code,kyakushitsu,omo_tekisei_code,ls_shisu_juni,85,16234,72.06,12.3,69.44,False
KEIBAJO_SURFACE_06_ダ,kyakushitsu+omo_tekisei_code+pace_shisu_juni+shiba_tekisei_code,kyakushitsu,omo_tekisei_code,pace_shisu_juni,shiba_tekisei_code,53,6555,73.47,14.96,69.44,False
KEIBAJO_SURFACE_06_ダ,uma_deokure_bin+kyori_tekisei+kyori_tekisei_2+manken_shisu_decile,uma_deokure_bin,kyori_tekisei,kyori_tekisei_2,manken_shisu_decile,7,924,75.27,7.87,69.44,False
KEIBAJO_SURFACE_06_ダ,joken_class_code+umakigo_code+kyori_tekisei_2+omo_tekisei_code,joken_class_code,umakigo_code,kyori_tekisei_2,omo_tekisei_code,15,2975,75.5,11.98,69.43,False
KEIBAJO_SURFACE_06_ダ,hizume_code+uma_deokure_bin+kyori_tekisei+joken_class_code,hizume_code,uma_deokure_bin,kyori_tekisei,joken_class_code,43,10448,72.75,11.11,69.43,False
KEIBAJO_SURFACE_06_ダ,manken_shirushi+uma_deokure_bin+kyakushitsu+shiba_tekisei_code,manken_shirushi,uma_deokure_bin,kyakushitsu,shiba_tekisei_code,27,4293,72.86,9.12,69.42,False
KEIBAJO_SURFACE_06_ダ,kyori_kubun+ichi_shisu_juni+ten_shisu_juni+pace_shisu_juni,kyori_kubun,ichi_shisu_juni,ten_shisu_juni,pace_shisu_juni,14,2475,75.21,11.07,69.41,False
KEIBAJO_SURFACE_06_ダ,kyori_kubun+joken_class_code+kyori_tekisei_2+shiba_tekisei_code,kyori_kubun,joken_class_code,kyori_tekisei_2,shiba_tekisei_code,8,1350,76.38,10.05,69.41,False
KEIBAJO_SURFACE_06_ダ,manken_shirushi+joken_class_code+omo_tekisei_code+ls_shisu_juni,manken_shirushi,joken_class_code,omo_tekisei_code,ls_shisu_juni,15,1768,76.06,13.14,69.41,False
KEIBAJO_SURFACE_06_ダ,pace_yoso+kyori_tekisei+umakigo_code+pace_shisu_juni,pace_yoso,kyori_tekisei,umakigo_code,pace_shisu_juni,79,23945,71.85,11.1,69.41,False
KEIBAJO_SURFACE_06_ダ,da_tekisei_code+kyori_tekisei+joken_class_code+shiba_tekisei_code,da_tekisei_code,kyori_tekisei,joken_class_code,shiba_tekisei_code,26,10634,73.23,9.97,69.4,False
KEIBAJO_SURFACE_06_ダ,kyori_tekisei+uma_start_shisu_decile+omo_tekisei_code+shiba_tekisei_code,kyori_tekisei,uma_start_shisu_decile,omo_tekisei_code,shiba_tekisei_code,47,10176,72.94,12.36,69.4,False
KEIBAJO_SURFACE_06_ダ,kyori_kubun+da_tekisei_code+ls_shisu_juni+pace_shisu_juni,kyori_kubun,da_tekisei_code,ls_shisu_juni,pace_shisu_juni,34,3737,74.31,14.62,69.4,False
KEIBAJO_SURFACE_06_ダ,pace_yoso+uma_deokure_bin+joken_class_code+pace_shisu_juni,pace_yoso,uma_deokure_bin,joken_class_code,pace_shisu_juni,89,15163,72.43,14.67,69.38,False
KEIBAJO_SURFACE_06_ダ,pace_yoso+kyori_tekisei+kyakushitsu+shiba_tekisei_code,pace_yoso,kyori_tekisei,kyakushitsu,shiba_tekisei_code,38,14496,71.75,7.47,69.37,False
KEIBAJO_SURFACE_06_ダ,kyori_kubun+kyori_tekisei+uma_start_shisu_decile+ten_shisu_juni,kyori_kubun,kyori_tekisei,uma_start_shisu_decile,ten_shisu_juni,36,4487,73.97,14.07,69.37,False
KEIBAJO_SURFACE_06_ダ,kyori_kubun+uma_start_shisu_decile+omo_tekisei_code+ten_shisu_juni,kyori_kubun,uma_start_shisu_decile,omo_tekisei_code,ten_shisu_juni,32,3774,74.43,14.65,69.36,False
KEIBAJO_SURFACE_06_ダ,hizume_code+pace_yoso+uma_deokure_bin+kyori_tekisei,hizume_code,pace_yoso,uma_deokure_bin,kyori_tekisei,79,16339,71.73,10.77,69.35,False
KEIBAJO_SURFACE_06_ダ,umakigo_code+kyori_tekisei_2+omo_tekisei_code+shiba_tekisei_code,umakigo_code,kyori_tekisei_2,omo_tekisei_code,shiba_tekisei_code,5,1482,75.19,6.66,69.35,False
KEIBAJO_SURFACE_06_ダ,kyori_tekisei+joken_class_code+kyakushitsu+kyori_tekisei_2,kyori_tekisei,joken_class_code,kyakushitsu,kyori_tekisei_2,13,2160,74.45,9.38,69.35,False
KEIBAJO_SURFACE_06_ダ,uma_deokure_bin+joken_class_code+umakigo_code+ls_shisu_juni,uma_deokure_bin,joken_class_code,umakigo_code,ls_shisu_juni,58,19983,72.19,11.06,69.34,False
KEIBAJO_SURFACE_06_ダ,hizume_code+pace_yoso+kyori_kubun+pace_shisu_juni,hizume_code,pace_yoso,kyori_kubun,pace_shisu_juni,53,7657,72.44,11.6,69.32,False
KEIBAJO_SURFACE_06_ダ,pace_yoso+omo_tekisei_code+ls_shisu_juni+manken_shisu_decile,pace_yoso,omo_tekisei_code,ls_shisu_juni,manken_shisu_decile,81,13030,72.22,13.32,69.32,False
KEIBAJO_SURFACE_06_ダ,kyori_kubun+kyori_tekisei+joken_class_code+pace_shisu_juni,kyori_kubun,kyori_tekisei,joken_class_code,pace_shisu_juni,80,18084,72.19,13.1,69.32,False
KEIBAJO_SURFACE_06_ダ,pace_yoso+uma_start_shisu_decile+ichi_shisu_juni+omo_tekisei_code,pace_yoso,uma_start_shisu_decile,ichi_shisu_juni,omo_tekisei_code,43,6688,72.35,10.18,69.31,False
KEIBAJO_SURFACE_06_ダ,pace_yoso+kyori_tekisei+joken_class_code+shiba_tekisei_code,pace_yoso,kyori_tekisei,joken_class_code,shiba_tekisei_code,32,14059,72.85,10.23,69.31,False
KEIBAJO_SURFACE_06_ダ,pace_yoso+joken_class_code+umakigo_code+ichi_shisu_juni,pace_yoso,joken_class_code,umakigo_code,ichi_shisu_juni,73,24402,71.59,9.96,69.31,False
KEIBAJO_SURFACE_06_ダ,pace_yoso+kyakushitsu+ten_shisu_juni+shiba_tekisei_code,pace_yoso,kyakushitsu,ten_shisu_juni,shiba_tekisei_code,43,9001,72.58,10.96,69.3,False
KEIBAJO_SURFACE_06_ダ,uma_deokure_bin+joken_class_code+uma_start_shisu_decile+manken_shisu_decile,uma_deokure_bin,joken_class_code,uma_start_shisu_decile,manken_shisu_decile,40,7705,72.8,11.27,69.3,False
KEIBAJO_SURFACE_06_ダ,pace_yoso+kyori_kubun+joken_class_code+pace_shisu_juni,pace_yoso,kyori_kubun,joken_class_code,pace_shisu_juni,110,22927,71.54,12.08,69.29,False
KEIBAJO_SURFACE_06_ダ,da_tekisei_code+kyakushitsu+ichi_shisu_juni+ls_shisu_juni,da_tekisei_code,kyakushitsu,ichi_shisu_juni,ls_shisu_juni,16,1941,75.87,13.41,69.29,False
KEIBAJO_SURFACE_06_ダ,da_tekisei_code+uma_start_shisu_decile+omo_tekisei_code+ls_shisu_juni,da_tekisei_code,uma_start_shisu_decile,omo_tekisei_code,ls_shisu_juni,72,11278,72.67,14.65,69.29,False
KEIBAJO_SURFACE_06_ダ,da_tekisei_code+joken_class_code+ichi_shisu_juni+ls_shisu_juni,da_tekisei_code,joken_class_code,ichi_shisu_juni,ls_shisu_juni,36,4305,73.33,12.37,69.29,False
KEIBAJO_SURFACE_06_ダ,hizume_code+joken_class_code+uma_start_shisu_decile+kyakushitsu,hizume_code,joken_class_code,uma_start_shisu_decile,kyakushitsu,36,5665,72.37,9.42,69.29,False
KEIBAJO_SURFACE_06_ダ,hizume_code+uma_deokure_bin+umakigo_code+pace_shisu_juni,hizume_code,uma_deokure_bin,umakigo_code,pace_shisu_juni,47,7054,72.77,12.22,69.28,False
KEIBAJO_SURFACE_06_ダ,uma_deokure_bin+joken_class_code+umakigo_code+kyori_tekisei_2,uma_deokure_bin,joken_class_code,umakigo_code,kyori_tekisei_2,8,1432,75.13,8.45,69.27,False
KEIBAJO_SURFACE_06_ダ,uma_deokure_bin+joken_class_code+omo_tekisei_code+pace_shisu_juni,uma_deokure_bin,joken_class_code,omo_tekisei_code,pace_shisu_juni,57,9880,72.8,13.59,69.27,False
KEIBAJO_SURFACE_06_ダ,uma_deokure_bin+kyori_kubun+kyakushitsu+ls_shisu_juni,uma_deokure_bin,kyori_kubun,kyakushitsu,ls_shisu_juni,78,18340,71.98,12.21,69.27,False
KEIBAJO_SURFACE_06_ダ,joken_class_code+umakigo_code+ls_shisu_juni+ten_shisu_juni,joken_class_code,umakigo_code,ls_shisu_juni,ten_shisu_juni,82,13398,72.3,14.06,69.26,False
KEIBAJO_SURFACE_06_ダ,manken_shirushi+kyori_kubun+kyori_tekisei+uma_start_shisu_decile,manken_shirushi,kyori_kubun,kyori_tekisei,uma_start_shisu_decile,28,3585,74.4,13.87,69.26,False
KEIBAJO_SURFACE_06_ダ,kyori_kubun+joken_class_code+ls_shisu_juni+ten_shisu_juni,kyori_kubun,joken_class_code,ls_shisu_juni,ten_shisu_juni,42,5538,73.35,13.54,69.25,False
KEIBAJO_SURFACE_06_ダ,pace_yoso+joken_class_code+omo_tekisei_code+shiba_tekisei_code,pace_yoso,joken_class_code,omo_tekisei_code,shiba_tekisei_code,32,15496,71.9,7.63,69.25,False
KEIBAJO_SURFACE_06_ダ,uma_deokure_bin+da_tekisei_code+kyori_tekisei+shiba_tekisei_code,uma_deokure_bin,da_tekisei_code,kyori_tekisei,shiba_tekisei_code,26,9959,72.66,8.87,69.25,False
KEIBAJO_SURFACE_06_ダ,uma_deokure_bin+kyakushitsu+ichi_shisu_juni+shiba_tekisei_code,uma_deokure_bin,kyakushitsu,ichi_shisu_juni,shiba_tekisei_code,43,7678,72.06,9.42,69.24,False
KEIBAJO_SURFACE_06_ダ,pace_yoso+uma_deokure_bin+omo_tekisei_code+shiba_tekisei_code,pace_yoso,uma_deokure_bin,omo_tekisei_code,shiba_tekisei_code,34,15082,72.9,10.87,69.24,False
KEIBAJO_SURFACE_06_ダ,umakigo_code+kyori_tekisei_2+omo_tekisei_code+ten_shisu_juni,umakigo_code,kyori_tekisei_2,omo_tekisei_code,ten_shisu_juni,5,527,79.88,12.14,69.24,False
KEIBAJO_SURFACE_06_ダ,uma_deokure_bin+kyori_kubun+joken_class_code+ls_shisu_juni,uma_deokure_bin,kyori_kubun,joken_class_code,ls_shisu_juni,63,17229,72.04,11.34,69.24,False
KEIBAJO_SURFACE_06_ダ,uma_deokure_bin+uma_start_shisu_decile+umakigo_code+ls_shisu_juni,uma_deokure_bin,uma_start_shisu_decile,umakigo_code,ls_shisu_juni,62,17349,72.51,13.13,69.24,False
KEIBAJO_SURFACE_06_ダ,hizume_code+pace_yoso+uma_start_shisu_decile+shiba_tekisei_code,hizume_code,pace_yoso,uma_start_shisu_decile,shiba_tekisei_code,39,7589,72.6,10.71,69.24,False
KEIBAJO_SURFACE_06_ダ,joken_class_code+kyakushitsu+umakigo_code+kyori_tekisei_2,joken_class_code,kyakushitsu,umakigo_code,kyori_tekisei_2,13,2086,74.29,9.28,69.24,False
KEIBAJO_SURFACE_06_ダ,kyori_kubun+joken_class_code+ichi_shisu_juni+manken_shisu_decile,kyori_kubun,joken_class_code,ichi_shisu_juni,manken_shisu_decile,14,3461,73.98,9.06,69.23,False
KEIBAJO_SURFACE_06_ダ,kyori_kubun+joken_class_code+omo_tekisei_code+shiba_tekisei_code,kyori_kubun,joken_class_code,omo_tekisei_code,shiba_tekisei_code,33,14304,71.94,7.99,69.22,False
KEIBAJO_SURFACE_06_ダ,pace_yoso+kyori_tekisei+omo_tekisei_code+pace_shisu_juni,pace_yoso,kyori_tekisei,omo_tekisei_code,pace_shisu_juni,108,16107,71.71,13.23,69.22,False
KEIBAJO_SURFACE_06_ダ,pace_yoso+kyori_kubun+joken_class_code+kyori_tekisei_2,pace_yoso,kyori_kubun,joken_class_code,kyori_tekisei_2,11,3134,74.02,8.12,69.22,False
KEIBAJO_SURFACE_06_ダ,hizume_code+da_tekisei_code+pace_shisu_juni+shiba_tekisei_code,hizume_code,da_tekisei_code,pace_shisu_juni,shiba_tekisei_code,12,1468,76.12,12.19,69.22,False
KEIBAJO_SURFACE_06_ダ,pace_yoso+kyori_kubun+uma_start_shisu_decile+shiba_tekisei_code,pace_yoso,kyori_kubun,uma_start_shisu_decile,shiba_tekisei_code,41,14189,72.61,11.09,69.21,False
KEIBAJO_SURFACE_06_ダ,joken_class_code+uma_start_shisu_decile+kyakushitsu+ten_shisu_juni,joken_class_code,uma_start_shisu_decile,kyakushitsu,ten_shisu_juni,20,2575,74.5,12.09,69.2,False
KEIBAJO_SURFACE_06_ダ,kyori_kubun+uma_start_shisu_decile+ichi_shisu_juni+omo_tekisei_code,kyori_kubun,uma_start_shisu_decile,ichi_shisu_juni,omo_tekisei_code,34,4798,73.05,11.44,69.2,False
KEIBAJO_SURFACE_06_ダ,uma_deokure_bin+kyori_kubun+omo_tekisei_code+ls_shisu_juni,uma_deokure_bin,kyori_kubun,omo_tekisei_code,ls_shisu_juni,87,20425,71.64,11.61,69.2,False
KEIBAJO_SURFACE_06_ダ,kyakushitsu+ls_shisu_juni+ten_shisu_juni+shiba_tekisei_code,kyakushitsu,ls_shisu_juni,ten_shisu_juni,shiba_tekisei_code,12,1250,74.77,9.84,69.2,False
KEIBAJO_SURFACE_06_ダ,kyori_kubun+kyori_tekisei+joken_class_code+umakigo_code,kyori_kubun,kyori_tekisei,joken_class_code,umakigo_code,37,27588,72.61,10.62,69.19,False
KEIBAJO_SURFACE_06_ダ,uma_deokure_bin+uma_start_shisu_decile+omo_tekisei_code+manken_shisu_decile,uma_deokure_bin,uma_start_shisu_decile,omo_tekisei_code,manken_shisu_decile,54,8477,72.04,10.68,69.19,False
KEIBAJO_SURFACE_06_ダ,manken_shirushi+kyori_kubun+joken_class_code+uma_start_shisu_decile,manken_shirushi,kyori_kubun,joken_class_code,uma_start_shisu_decile,22,2928,73.71,10.83,69.18,False
KEIBAJO_SURFACE_06_ダ,kyori_kubun+uma_start_shisu_decile+omo_tekisei_code+shiba_tekisei_code,kyori_kubun,uma_start_shisu_decile,omo_tekisei_code,shiba_tekisei_code,50,13059,72.04,10.32,69.18,False
KEIBAJO_SURFACE_06_ダ,hizume_code+umakigo_code+omo_tekisei_code+ls_shisu_juni,hizume_code,umakigo_code,omo_tekisei_code,ls_shisu_juni,81,16936,72.16,13.67,69.18,False
KEIBAJO_SURFACE_06_ダ,uma_deokure_bin+kyori_tekisei+kyakushitsu+ichi_shisu_juni,uma_deokure_bin,kyori_tekisei,kyakushitsu,ichi_shisu_juni,54,8174,72.31,11.75,69.18,False
KEIBAJO_SURFACE_06_ダ,hizume_code+joken_class_code+umakigo_code+pace_shisu_juni,hizume_code,joken_class_code,umakigo_code,pace_shisu_juni,36,5616,72.56,10.38,69.17,False
KEIBAJO_SURFACE_06_ダ,pace_yoso+kyori_kubun+kyakushitsu+bataiju,pace_yoso,kyori_kubun,kyakushitsu,bataiju,18,1915,74.68,11.94,69.17,False
KEIBAJO_SURFACE_06_ダ,pace_yoso+kyori_kubun+kyori_tekisei+ichi_shisu_juni,pace_yoso,kyori_kubun,kyori_tekisei,ichi_shisu_juni,91,22375,71.4,10.87,69.17,False
KEIBAJO_SURFACE_06_ダ,da_tekisei_code+joken_class_code+ten_shisu_juni+shiba_tekisei_code,da_tekisei_code,joken_class_code,ten_shisu_juni,shiba_tekisei_code,42,7505,73.63,14.79,69.16,False
KEIBAJO_SURFACE_06_ダ,hizume_code+da_tekisei_code+kyori_tekisei+ls_shisu_juni,hizume_code,da_tekisei_code,kyori_tekisei,ls_shisu_juni,53,8686,73.03,14.37,69.16,False
KEIBAJO_SURFACE_06_ダ,uma_deokure_bin+da_tekisei_code+kyakushitsu+kyori_tekisei_2,uma_deokure_bin,da_tekisei_code,kyakushitsu,kyori_tekisei_2,10,1710,74.77,9.06,69.16,False
KEIBAJO_SURFACE_06_ダ,uma_deokure_bin+umakigo_code+ichi_shisu_juni+shiba_tekisei_code,uma_deokure_bin,umakigo_code,ichi_shisu_juni,shiba_tekisei_code,30,9303,72.11,8.23,69.16,False
KEIBAJO_SURFACE_06_ダ,kyori_kubun+kyori_tekisei+umakigo_code+pace_shisu_juni,kyori_kubun,kyori_tekisei,umakigo_code,pace_shisu_juni,78,24191,71.61,11.03,69.16,False
KEIBAJO_SURFACE_06_ダ,pace_yoso+kyakushitsu+ls_shisu_juni+pace_shisu_juni,pace_yoso,kyakushitsu,ls_shisu_juni,pace_shisu_juni,53,6551,73.54,16.24,69.16,False
KEIBAJO_SURFACE_06_ダ,pace_yoso+kyakushitsu+ls_shisu_juni+ten_shisu_juni,pace_yoso,kyakushitsu,ls_shisu_juni,ten_shisu_juni,53,6901,72.96,14.14,69.15,False
KEIBAJO_SURFACE_06_ダ,kyori_tekisei+joken_class_code+kyakushitsu+manken_shisu_decile,kyori_tekisei,joken_class_code,kyakushitsu,manken_shisu_decile,58,13011,72.22,11.95,69.15,False
KEIBAJO_SURFACE_06_ダ,manken_shirushi+omo_tekisei_code+manken_shisu_decile+shiba_tekisei_code,manken_shirushi,omo_tekisei_code,manken_shisu_decile,shiba_tekisei_code,24,3547,73.1,9.88,69.15,False
KEIBAJO_SURFACE_06_ダ,kyori_kubun+umakigo_code+ls_shisu_juni+ten_shisu_juni,kyori_kubun,umakigo_code,ls_shisu_juni,ten_shisu_juni,112,19033,71.63,13.43,69.14,False
KEIBAJO_SURFACE_06_ダ,hizume_code+kyori_kubun+kyori_tekisei+manken_shisu_decile,hizume_code,kyori_kubun,kyori_tekisei,manken_shisu_decile,52,8204,72.26,11.47,69.14,False
KEIBAJO_SURFACE_06_ダ,pace_yoso+joken_class_code+bataiju+shiba_tekisei_code,pace_yoso,joken_class_code,bataiju,shiba_tekisei_code,11,1244,73.07,6.68,69.13,False
KEIBAJO_SURFACE_06_ダ,joken_class_code+omo_tekisei_code+ls_shisu_juni+pace_shisu_juni,joken_class_code,omo_tekisei_code,ls_shisu_juni,pace_shisu_juni,16,1758,76.45,14.92,69.13,False
KEIBAJO_SURFACE_06_ダ,kyori_kubun+kyakushitsu+manken_shisu_decile+shiba_tekisei_code,kyori_kubun,kyakushitsu,manken_shisu_decile,shiba_tekisei_code,57,11003,71.85,10.48,69.13,False
KEIBAJO_SURFACE_06_ダ,uma_deokure_bin+joken_class_code+omo_tekisei_code+shiba_tekisei_code,uma_deokure_bin,joken_class_code,omo_tekisei_code,shiba_tekisei_code,33,12210,72.4,9.62,69.12,False
KEIBAJO_SURFACE_06_ダ,pace_yoso+kyori_kubun+umakigo_code+ls_shisu_juni,pace_yoso,kyori_kubun,umakigo_code,ls_shisu_juni,42,27766,72.33,10.62,69.12,False
KEIBAJO_SURFACE_06_ダ,uma_deokure_bin+omo_tekisei_code+manken_shisu_decile+shiba_tekisei_code,uma_deokure_bin,omo_tekisei_code,manken_shisu_decile,shiba_tekisei_code,48,9357,71.79,9.44,69.12,False
KEIBAJO_SURFACE_06_ダ,hizume_code+pace_yoso+kyakushitsu+ichi_shisu_juni,hizume_code,pace_yoso,kyakushitsu,ichi_shisu_juni,41,5985,73.55,14.52,69.11,False
KEIBAJO_SURFACE_06_ダ,pace_yoso+kyori_tekisei+joken_class_code+manken_shisu_decile,pace_yoso,kyori_tekisei,joken_class_code,manken_shisu_decile,73,20640,71.44,10.16,69.11,False
KEIBAJO_SURFACE_06_ダ,uma_deokure_bin+da_tekisei_code+kyakushitsu+shiba_tekisei_code,uma_deokure_bin,da_tekisei_code,kyakushitsu,shiba_tekisei_code,31,10231,72.75,10.39,69.09,False
KEIBAJO_SURFACE_06_ダ,hizume_code+manken_shirushi+kyori_tekisei+omo_tekisei_code,hizume_code,manken_shirushi,kyori_tekisei,omo_tekisei_code,4,457,74.08,5.09,69.09,False
KEIBAJO_SURFACE_06_ダ,hizume_code+kyakushitsu+omo_tekisei_code+shiba_tekisei_code,hizume_code,kyakushitsu,omo_tekisei_code,shiba_tekisei_code,51,9796,72.36,11.94,69.09,False
KEIBAJO_SURFACE_06_ダ,hizume_code+uma_deokure_bin+kyori_tekisei+shiba_tekisei_code,hizume_code,uma_deokure_bin,kyori_tekisei,shiba_tekisei_code,37,7167,72.2,9.66,69.09,False
KEIBAJO_SURFACE_06_ダ,pace_yoso+joken_class_code+uma_start_shisu_decile+manken_shisu_decile,pace_yoso,joken_class_code,uma_start_shisu_decile,manken_shisu_decile,67,10288,72.02,12.29,69.08,False
KEIBAJO_SURFACE_06_ダ,hizume_code+uma_start_shisu_decile+umakigo_code+ten_shisu_juni,hizume_code,uma_start_shisu_decile,umakigo_code,ten_shisu_juni,16,2007,75.44,12.98,69.08,False
KEIBAJO_SURFACE_06_ダ,hizume_code+uma_deokure_bin+joken_class_code+ichi_shisu_juni,hizume_code,uma_deokure_bin,joken_class_code,ichi_shisu_juni,8,1230,74.09,7.25,69.07,False
KEIBAJO_SURFACE_06_ダ,uma_deokure_bin+kyori_tekisei+kyakushitsu+shiba_tekisei_code,uma_deokure_bin,kyori_tekisei,kyakushitsu,shiba_tekisei_code,41,11372,72.43,10.99,69.07,False
KEIBAJO_SURFACE_06_ダ,hizume_code+kyori_tekisei+joken_class_code+kyakushitsu,hizume_code,kyori_tekisei,joken_class_code,kyakushitsu,50,9748,72.24,11.44,69.07,False
KEIBAJO_SURFACE_06_ダ,pace_yoso+uma_start_shisu_decile+omo_tekisei_code+ten_shisu_juni,pace_yoso,uma_start_shisu_decile,omo_tekisei_code,ten_shisu_juni,40,5798,73.23,13.43,69.07,False
KEIBAJO_SURFACE_06_ダ,pace_yoso+uma_deokure_bin+kyori_kubun+shiba_tekisei_code,pace_yoso,uma_deokure_bin,kyori_kubun,shiba_tekisei_code,28,15038,71.54,6.69,69.06,False
KEIBAJO_SURFACE_06_ダ,pace_yoso+kyori_kubun+ls_shisu_juni+pace_shisu_juni,pace_yoso,kyori_kubun,ls_shisu_juni,pace_shisu_juni,85,11943,72.32,15.33,69.06,False
KEIBAJO_SURFACE_06_ダ,pace_yoso+uma_start_shisu_decile+omo_tekisei_code+ls_shisu_juni,pace_yoso,uma_start_shisu_decile,omo_tekisei_code,ls_shisu_juni,82,15363,71.83,12.83,69.05,False
KEIBAJO_SURFACE_06_ダ,pace_yoso+kyori_kubun+umakigo_code+ten_shisu_juni,pace_yoso,kyori_kubun,umakigo_code,ten_shisu_juni,60,25896,71.53,9.8,69.05,False
KEIBAJO_SURFACE_06_ダ,kyori_kubun+da_tekisei_code+kyakushitsu+shiba_tekisei_code,kyori_kubun,da_tekisei_code,kyakushitsu,shiba_tekisei_code,28,11522,72.83,10.22,69.05,False
KEIBAJO_SURFACE_06_ダ,hizume_code+pace_yoso+joken_class_code+ichi_shisu_juni,hizume_code,pace_yoso,joken_class_code,ichi_shisu_juni,27,3452,73.72,12.39,69.05,False
KEIBAJO_SURFACE_06_ダ,hizume_code+pace_yoso+da_tekisei_code+shiba_tekisei_code,hizume_code,pace_yoso,da_tekisei_code,shiba_tekisei_code,29,9518,72.3,8.96,69.04,False
KEIBAJO_SURFACE_06_ダ,kyori_tekisei+umakigo_code+ten_shisu_juni+pace_shisu_juni,kyori_tekisei,umakigo_code,ten_shisu_juni,pace_shisu_juni,28,5572,74.46,14.62,69.04,False
KEIBAJO_SURFACE_06_ダ,joken_class_code+kyakushitsu+pace_shisu_juni+shiba_tekisei_code,joken_class_code,kyakushitsu,pace_shisu_juni,shiba_tekisei_code,47,6049,73.21,14.61,69.03,False
KEIBAJO_SURFACE_06_ダ,kyori_kubun+kyori_tekisei+ichi_shisu_juni+shiba_tekisei_code,kyori_kubun,kyori_tekisei,ichi_shisu_juni,shiba_tekisei_code,57,9904,71.65,10.06,69.03,False
KEIBAJO_SURFACE_06_ダ,hizume_code+pace_yoso+ten_shisu_juni+shiba_tekisei_code,hizume_code,pace_yoso,ten_shisu_juni,shiba_tekisei_code,25,3540,72.52,8.95,69.02,False
KEIBAJO_SURFACE_06_ダ,kyori_tekisei+umakigo_code+ls_shisu_juni+manken_shisu_decile,kyori_tekisei,umakigo_code,ls_shisu_juni,manken_shisu_decile,103,17957,71.61,13.44,69.02,False
KEIBAJO_SURFACE_06_ダ,uma_deokure_bin+joken_class_code+omo_tekisei_code+ls_shisu_juni,uma_deokure_bin,joken_class_code,omo_tekisei_code,ls_shisu_juni,62,15896,72.09,12.38,69.01,False
KEIBAJO_SURFACE_06_ダ,uma_deokure_bin+kyori_kubun+uma_start_shisu_decile+shiba_tekisei_code,uma_deokure_bin,kyori_kubun,uma_start_shisu_decile,shiba_tekisei_code,31,10566,72.33,9.42,69.01,False
KEIBAJO_SURFACE_06_ダ,uma_deokure_bin+joken_class_code+umakigo_code+ten_shisu_juni,uma_deokure_bin,joken_class_code,umakigo_code,ten_shisu_juni,69,16479,72.01,12.78,69.0,False
KEIBAJO_SURFACE_06_ダ,kyori_kubun+da_tekisei_code+kyori_tekisei_2+ls_shisu_juni,kyori_kubun,da_tekisei_code,kyori_tekisei_2,ls_shisu_juni,15,2499,75.41,12.67,69.0,False
KEIBAJO_SURFACE_06_ダ,kyakushitsu+ichi_shisu_juni+omo_tekisei_code+shiba_tekisei_code,kyakushitsu,ichi_shisu_juni,omo_tekisei_code,shiba_tekisei_code,59,8700,71.63,10.38,68.99,False
KEIBAJO_SURFACE_06_ダ,umakigo_code+ichi_shisu_juni+ls_shisu_juni+ten_shisu_juni,umakigo_code,ichi_shisu_juni,ls_shisu_juni,ten_shisu_juni,14,1915,77.04,15.38,68.99,False
KEIBAJO_SURFACE_06_ダ,hizume_code+kyori_kubun+omo_tekisei_code+manken_shisu_decile,hizume_code,kyori_kubun,omo_tekisei_code,manken_shisu_decile,48,6988,72.11,11.03,68.99,False
KEIBAJO_SURFACE_06_ダ,uma_deokure_bin+kyori_kubun+umakigo_code+pace_shisu_juni,uma_deokure_bin,kyori_kubun,umakigo_code,pace_shisu_juni,63,18919,71.67,10.91,68.98,False
KEIBAJO_SURFACE_06_ダ,pace_yoso+da_tekisei_code+kyori_tekisei_2+ls_shisu_juni,pace_yoso,da_tekisei_code,kyori_tekisei_2,ls_shisu_juni,15,2773,74.93,11.77,68.97,False
KEIBAJO_SURFACE_06_ダ,manken_shirushi+kyori_tekisei+uma_start_shisu_decile+kyakushitsu,manken_shirushi,kyori_tekisei,uma_start_shisu_decile,kyakushitsu,4,424,77.83,9.04,68.97,False
KEIBAJO_SURFACE_06_ダ,manken_shirushi+uma_deokure_bin+uma_start_shisu_decile+shiba_tekisei_code,manken_shirushi,uma_deokure_bin,uma_start_shisu_decile,shiba_tekisei_code,16,2320,72.76,7.76,68.96,False
KEIBAJO_SURFACE_06_ダ,uma_deokure_bin+kyakushitsu+omo_tekisei_code+ls_shisu_juni,uma_deokure_bin,kyakushitsu,omo_tekisei_code,ls_shisu_juni,82,16160,71.56,12.03,68.96,False
KEIBAJO_SURFACE_06_ダ,pace_yoso+uma_start_shisu_decile+manken_shisu_decile+shiba_tekisei_code,pace_yoso,uma_start_shisu_decile,manken_shisu_decile,shiba_tekisei_code,46,7623,72.34,11.73,68.95,False
KEIBAJO_SURFACE_06_ダ,kyori_kubun+kyori_tekisei+uma_start_shisu_decile+pace_shisu_juni,kyori_kubun,kyori_tekisei,uma_start_shisu_decile,pace_shisu_juni,33,4128,73.39,13.01,68.95,False
KEIBAJO_SURFACE_06_ダ,joken_class_code+umakigo_code+bataiju+shiba_tekisei_code,joken_class_code,umakigo_code,bataiju,shiba_tekisei_code,36,4856,72.33,10.33,68.95,False
KEIBAJO_SURFACE_06_ダ,kyori_kubun+kyakushitsu+ten_shisu_juni+shiba_tekisei_code,kyori_kubun,kyakushitsu,ten_shisu_juni,shiba_tekisei_code,61,9597,71.83,11.47,68.95,False
KEIBAJO_SURFACE_06_ダ,hizume_code+pace_yoso+kyori_kubun+shiba_tekisei_code,hizume_code,pace_yoso,kyori_kubun,shiba_tekisei_code,38,12552,71.52,8.12,68.94,False
KEIBAJO_SURFACE_06_ダ,hizume_code+joken_class_code+omo_tekisei_code+shiba_tekisei_code,hizume_code,joken_class_code,omo_tekisei_code,shiba_tekisei_code,46,10637,72.53,12.43,68.94,False
KEIBAJO_SURFACE_06_ダ,uma_deokure_bin+kyori_tekisei+umakigo_code+shiba_tekisei_code,uma_deokure_bin,kyori_tekisei,umakigo_code,shiba_tekisei_code,29,13571,72.0,8.41,68.94,False
KEIBAJO_SURFACE_06_ダ,pace_yoso+da_tekisei_code+umakigo_code+kyori_tekisei_2,pace_yoso,da_tekisei_code,umakigo_code,kyori_tekisei_2,7,3633,77.13,11.07,68.93,False
KEIBAJO_SURFACE_06_ダ,uma_deokure_bin+kyakushitsu+umakigo_code+ls_shisu_juni,uma_deokure_bin,kyakushitsu,umakigo_code,ls_shisu_juni,63,20796,71.72,11.28,68.93,False
KEIBAJO_SURFACE_06_ダ,pace_yoso+uma_start_shisu_decile+kyakushitsu+ls_shisu_juni,pace_yoso,uma_start_shisu_decile,kyakushitsu,ls_shisu_juni,76,14770,71.86,13.05,68.93,False
KEIBAJO_SURFACE_06_ダ,pace_yoso+kyakushitsu+kyori_tekisei_2+omo_tekisei_code,pace_yoso,kyakushitsu,kyori_tekisei_2,omo_tekisei_code,14,2983,74.28,10.21,68.93,False
KEIBAJO_SURFACE_06_ダ,hizume_code+da_tekisei_code+joken_class_code+kyori_tekisei_2,hizume_code,da_tekisei_code,joken_class_code,kyori_tekisei_2,6,845,75.65,8.4,68.92,False
KEIBAJO_SURFACE_06_ダ,hizume_code+uma_start_shisu_decile+umakigo_code+shiba_tekisei_code,hizume_code,uma_start_shisu_decile,umakigo_code,shiba_tekisei_code,47,9696,72.58,12.86,68.91,False
KEIBAJO_SURFACE_06_ダ,da_tekisei_code+kyori_tekisei+uma_start_shisu_decile+ten_shisu_juni,da_tekisei_code,kyori_tekisei,uma_start_shisu_decile,ten_shisu_juni,29,3845,74.42,15.13,68.91,False
KEIBAJO_SURFACE_06_ダ,pace_yoso+joken_class_code+umakigo_code+ls_shisu_juni,pace_yoso,joken_class_code,umakigo_code,ls_shisu_juni,52,27207,71.22,8.54,68.89,False
KEIBAJO_SURFACE_06_ダ,kyori_kubun+omo_tekisei_code+ten_shisu_juni+shiba_tekisei_code,kyori_kubun,omo_tekisei_code,ten_shisu_juni,shiba_tekisei_code,74,11044,72.11,14.19,68.88,False
KEIBAJO_SURFACE_06_ダ,hizume_code+pace_yoso+omo_tekisei_code+pace_shisu_juni,hizume_code,pace_yoso,omo_tekisei_code,pace_shisu_juni,35,4921,73.14,12.88,68.87,False
KEIBAJO_SURFACE_06_ダ,pace_yoso+umakigo_code+ls_shisu_juni+pace_shisu_juni,pace_yoso,umakigo_code,ls_shisu_juni,pace_shisu_juni,110,20777,71.3,13.0,68.87,False
KEIBAJO_SURFACE_06_ダ,kyori_kubun+joken_class_code+manken_shisu_decile+shiba_tekisei_code,kyori_kubun,joken_class_code,manken_shisu_decile,shiba_tekisei_code,42,10133,72.38,11.61,68.87,False
KEIBAJO_SURFACE_06_ダ,pace_yoso+uma_deokure_bin+uma_start_shisu_decile+ten_shisu_juni,pace_yoso,uma_deokure_bin,uma_start_shisu_decile,ten_shisu_juni,51,8259,72.68,13.91,68.87,False
KEIBAJO_SURFACE_06_ダ,pace_yoso+kyori_tekisei+joken_class_code+ichi_shisu_juni,pace_yoso,kyori_tekisei,joken_class_code,ichi_shisu_juni,84,17603,71.14,10.66,68.86,False
KEIBAJO_SURFACE_06_ダ,hizume_code+pace_yoso+kyori_kubun+ichi_shisu_juni,hizume_code,pace_yoso,kyori_kubun,ichi_shisu_juni,48,7181,71.86,10.61,68.85,False
KEIBAJO_SURFACE_06_ダ,uma_deokure_bin+da_tekisei_code+uma_start_shisu_decile+pace_shisu_juni,uma_deokure_bin,da_tekisei_code,uma_start_shisu_decile,pace_shisu_juni,28,4273,74.18,14.39,68.85,False
KEIBAJO_SURFACE_06_ダ,uma_deokure_bin+joken_class_code+umakigo_code+pace_shisu_juni,uma_deokure_bin,joken_class_code,umakigo_code,pace_shisu_juni,66,16170,71.75,12.06,68.84,False
KEIBAJO_SURFACE_06_ダ,hizume_code+da_tekisei_code+omo_tekisei_code+ls_shisu_juni,hizume_code,da_tekisei_code,omo_tekisei_code,ls_shisu_juni,55,9379,72.52,13.92,68.84,False
KEIBAJO_SURFACE_06_ダ,uma_deokure_bin+kyori_kubun+kyori_tekisei_2+omo_tekisei_code,uma_deokure_bin,kyori_kubun,kyori_tekisei_2,omo_tekisei_code,13,2357,74.86,11.07,68.84,False
KEIBAJO_SURFACE_06_ダ,kyori_kubun+kyakushitsu+ichi_shisu_juni+shiba_tekisei_code,kyori_kubun,kyakushitsu,ichi_shisu_juni,shiba_tekisei_code,57,10747,71.33,9.64,68.83,False
KEIBAJO_SURFACE_06_ダ,pace_yoso+kyori_kubun+bataiju+omo_tekisei_code,pace_yoso,kyori_kubun,bataiju,omo_tekisei_code,36,3944,72.63,11.67,68.82,False
KEIBAJO_SURFACE_06_ダ,kyori_tekisei+omo_tekisei_code+manken_shisu_decile+shiba_tekisei_code,kyori_tekisei,omo_tekisei_code,manken_shisu_decile,shiba_tekisei_code,45,9311,72.57,12.84,68.82,False
KEIBAJO_SURFACE_06_ダ,pace_yoso+umakigo_code+omo_tekisei_code+ls_shisu_juni,pace_yoso,umakigo_code,omo_tekisei_code,ls_shisu_juni,44,24237,71.82,10.15,68.82,False
KEIBAJO_SURFACE_06_ダ,hizume_code+da_tekisei_code+joken_class_code+pace_shisu_juni,hizume_code,da_tekisei_code,joken_class_code,pace_shisu_juni,23,3005,73.35,11.09,68.82,False
KEIBAJO_SURFACE_06_ダ,kyori_kubun+joken_class_code+umakigo_code+ten_shisu_juni,kyori_kubun,joken_class_code,umakigo_code,ten_shisu_juni,91,23956,71.24,11.77,68.82,False
KEIBAJO_SURFACE_06_ダ,hizume_code+manken_shirushi+da_tekisei_code+joken_class_code,hizume_code,manken_shirushi,da_tekisei_code,joken_class_code,23,2987,74.05,12.84,68.81,False
KEIBAJO_SURFACE_06_ダ,uma_deokure_bin+umakigo_code+ls_shisu_juni+ten_shisu_juni,uma_deokure_bin,umakigo_code,ls_shisu_juni,ten_shisu_juni,70,10308,72.3,14.89,68.81,False
KEIBAJO_SURFACE_06_ダ,kyori_kubun+uma_start_shisu_decile+kyakushitsu+manken_shisu_decile,kyori_kubun,uma_start_shisu_decile,kyakushitsu,manken_shisu_decile,61,8698,71.43,10.43,68.81,False
KEIBAJO_SURFACE_06_ダ,da_tekisei_code+kyakushitsu+ls_shisu_juni+ten_shisu_juni,da_tekisei_code,kyakushitsu,ls_shisu_juni,ten_shisu_juni,10,1086,77.53,14.06,68.81,False
KEIBAJO_SURFACE_06_ダ,da_tekisei_code+kyori_tekisei+kyori_tekisei_2+ten_shisu_juni,da_tekisei_code,kyori_tekisei,kyori_tekisei_2,ten_shisu_juni,9,1161,76.19,11.33,68.79,False
KEIBAJO_SURFACE_06_ダ,hizume_code+pace_yoso+uma_start_shisu_decile+ichi_shisu_juni,hizume_code,pace_yoso,uma_start_shisu_decile,ichi_shisu_juni,13,1646,76.03,13.31,68.79,False
KEIBAJO_SURFACE_06_ダ,hizume_code+da_tekisei_code+omo_tekisei_code+ten_shisu_juni,hizume_code,da_tekisei_code,omo_tekisei_code,ten_shisu_juni,19,2617,73.34,10.11,68.79,False
KEIBAJO_SURFACE_06_ダ,uma_deokure_bin+kyori_kubun+ichi_shisu_juni+shiba_tekisei_code,uma_deokure_bin,kyori_kubun,ichi_shisu_juni,shiba_tekisei_code,49,9027,71.43,9.41,68.79,False
KEIBAJO_SURFACE_06_ダ,pace_yoso+umakigo_code+bataiju+ls_shisu_juni,pace_yoso,umakigo_code,bataiju,ls_shisu_juni,41,4729,72.9,13.46,68.79,False
KEIBAJO_SURFACE_06_ダ,pace_yoso+kyori_tekisei+uma_start_shisu_decile+ichi_shisu_juni,pace_yoso,kyori_tekisei,uma_start_shisu_decile,ichi_shisu_juni,32,4586,73.22,12.78,68.79,False
KEIBAJO_SURFACE_06_ダ,manken_shirushi+kyori_tekisei+ls_shisu_juni+manken_shisu_decile,manken_shirushi,kyori_tekisei,ls_shisu_juni,manken_shisu_decile,5,698,76.21,8.46,68.79,False
KEIBAJO_SURFACE_06_ダ,uma_deokure_bin+joken_class_code+manken_shisu_decile+shiba_tekisei_code,uma_deokure_bin,joken_class_code,manken_shisu_decile,shiba_tekisei_code,34,7942,72.59,11.32,68.78,False
KEIBAJO_SURFACE_06_ダ,uma_deokure_bin+kyori_tekisei+omo_tekisei_code+ls_shisu_juni,uma_deokure_bin,kyori_tekisei,omo_tekisei_code,ls_shisu_juni,80,15017,71.6,12.88,68.78,False
KEIBAJO_SURFACE_06_ダ,uma_deokure_bin+omo_tekisei_code+ten_shisu_juni+shiba_tekisei_code,uma_deokure_bin,omo_tekisei_code,ten_shisu_juni,shiba_tekisei_code,52,7218,72.52,13.75,68.78,False
KEIBAJO_SURFACE_06_ダ,pace_yoso+umakigo_code+ls_shisu_juni+manken_shisu_decile,pace_yoso,umakigo_code,ls_shisu_juni,manken_shisu_decile,91,22732,71.31,12.39,68.77,False
KEIBAJO_SURFACE_06_ダ,manken_shirushi+da_tekisei_code+kyori_tekisei+ls_shisu_juni,manken_shirushi,da_tekisei_code,kyori_tekisei,ls_shisu_juni,27,3305,74.34,14.77,68.77,False
KEIBAJO_SURFACE_06_ダ,kyori_kubun+kyori_tekisei+manken_shisu_decile+shiba_tekisei_code,kyori_kubun,kyori_tekisei,manken_shisu_decile,shiba_tekisei_code,45,11567,71.83,10.5,68.77,False
KEIBAJO_SURFACE_06_ダ,hizume_code+umakigo_code+ichi_shisu_juni+omo_tekisei_code,hizume_code,umakigo_code,ichi_shisu_juni,omo_tekisei_code,53,7730,71.52,10.26,68.76,False
KEIBAJO_SURFACE_06_ダ,kyori_tekisei+joken_class_code+kyakushitsu+pace_shisu_juni,kyori_tekisei,joken_class_code,kyakushitsu,pace_shisu_juni,54,9865,71.84,11.55,68.75,False
KEIBAJO_SURFACE_06_ダ,uma_deokure_bin+da_tekisei_code+omo_tekisei_code+shiba_tekisei_code,uma_deokure_bin,da_tekisei_code,omo_tekisei_code,shiba_tekisei_code,30,10962,71.84,8.64,68.75,False
KEIBAJO_SURFACE_06_ダ,hizume_code+kyori_kubun+kyakushitsu+manken_shisu_decile,hizume_code,kyori_kubun,kyakushitsu,manken_shisu_decile,36,4485,72.47,11.41,68.75,False
KEIBAJO_SURFACE_06_ダ,manken_shirushi+joken_class_code+ls_shisu_juni+manken_shisu_decile,manken_shirushi,joken_class_code,ls_shisu_juni,manken_shisu_decile,8,962,76.69,11.46,68.75,False
KEIBAJO_SURFACE_06_ダ,hizume_code+uma_deokure_bin+da_tekisei_code+ls_shisu_juni,hizume_code,uma_deokure_bin,da_tekisei_code,ls_shisu_juni,39,6230,72.86,13.1,68.75,False
KEIBAJO_SURFACE_06_ダ,manken_shirushi+uma_deokure_bin+kyori_tekisei+shiba_tekisei_code,manken_shirushi,uma_deokure_bin,kyori_tekisei,shiba_tekisei_code,27,3937,73.43,12.41,68.75,False
KEIBAJO_SURFACE_06_ダ,uma_deokure_bin+kyori_kubun+ten_shisu_juni+shiba_tekisei_code,uma_deokure_bin,kyori_kubun,ten_shisu_juni,shiba_tekisei_code,56,9213,71.74,11.45,68.74,False
KEIBAJO_SURFACE_06_ダ,manken_shirushi+uma_start_shisu_decile+kyakushitsu+shiba_tekisei_code,manken_shirushi,uma_start_shisu_decile,kyakushitsu,shiba_tekisei_code,9,1132,73.94,7.96,68.74,False
KEIBAJO_SURFACE_06_ダ,uma_deokure_bin+kyakushitsu+manken_shisu_decile+shiba_tekisei_code,uma_deokure_bin,kyakushitsu,manken_shisu_decile,shiba_tekisei_code,42,7957,72.5,12.41,68.74,False
KEIBAJO_SURFACE_06_ダ,pace_yoso+joken_class_code+umakigo_code+shiba_tekisei_code,pace_yoso,joken_class_code,umakigo_code,shiba_tekisei_code,20,15603,71.76,6.91,68.73,False
KEIBAJO_SURFACE_06_ダ,manken_shirushi+kyori_kubun+da_tekisei_code+ls_shisu_juni,manken_shirushi,kyori_kubun,da_tekisei_code,ls_shisu_juni,27,3305,73.59,12.89,68.73,False
KEIBAJO_SURFACE_06_ダ,pace_yoso+ichi_shisu_juni+ls_shisu_juni+ten_shisu_juni,pace_yoso,ichi_shisu_juni,ls_shisu_juni,ten_shisu_juni,7,859,79.11,14.01,68.73,False
KEIBAJO_SURFACE_06_ダ,kyori_tekisei+uma_start_shisu_decile+umakigo_code+ls_shisu_juni,kyori_tekisei,uma_start_shisu_decile,umakigo_code,ls_shisu_juni,83,15301,71.61,13.38,68.73,False
KEIBAJO_SURFACE_06_ダ,hizume_code+uma_deokure_bin+kyori_kubun+uma_start_shisu_decile,hizume_code,uma_deokure_bin,kyori_kubun,uma_start_shisu_decile,54,10920,71.9,11.89,68.73,False
KEIBAJO_SURFACE_06_ダ,pace_yoso+kyori_tekisei_2+omo_tekisei_code+ten_shisu_juni,pace_yoso,kyori_tekisei_2,omo_tekisei_code,ten_shisu_juni,4,424,79.79,11.29,68.73,False
KEIBAJO_SURFACE_06_ダ,pace_yoso+uma_deokure_bin+ichi_shisu_juni+ls_shisu_juni,pace_yoso,uma_deokure_bin,ichi_shisu_juni,ls_shisu_juni,46,6425,72.14,11.82,68.73,False
KEIBAJO_SURFACE_06_ダ,da_tekisei_code+joken_class_code+uma_start_shisu_decile+ten_shisu_juni,da_tekisei_code,joken_class_code,uma_start_shisu_decile,ten_shisu_juni,26,3619,73.98,13.68,68.73,False
KEIBAJO_SURFACE_06_ダ,pace_yoso+omo_tekisei_code+manken_shisu_decile+shiba_tekisei_code,pace_yoso,omo_tekisei_code,manken_shisu_decile,shiba_tekisei_code,50,12585,71.42,9.69,68.73,False
KEIBAJO_SURFACE_06_ダ,kyori_tekisei+joken_class_code+kyakushitsu+ichi_shisu_juni,kyori_tekisei,joken_class_code,kyakushitsu,ichi_shisu_juni,50,11436,72.11,12.24,68.72,False
KEIBAJO_SURFACE_06_ダ,hizume_code+pace_yoso+kyori_kubun+ten_shisu_juni,hizume_code,pace_yoso,kyori_kubun,ten_shisu_juni,53,7487,71.56,10.56,68.72,False
KEIBAJO_SURFACE_06_ダ,da_tekisei_code+joken_class_code+kyori_tekisei_2+shiba_tekisei_code,da_tekisei_code,joken_class_code,kyori_tekisei_2,shiba_tekisei_code,8,1575,75.11,9.23,68.71,False
KEIBAJO_SURFACE_06_ダ,uma_deokure_bin+umakigo_code+ichi_shisu_juni+ls_shisu_juni,uma_deokure_bin,umakigo_code,ichi_shisu_juni,ls_shisu_juni,66,10655,71.99,13.59,68.71,False
KEIBAJO_SURFACE_06_ダ,uma_deokure_bin+ichi_shisu_juni+ls_shisu_juni+shiba_tekisei_code,uma_deokure_bin,ichi_shisu_juni,ls_shisu_juni,shiba_tekisei_code,19,2226,73.86,11.46,68.71,False
KEIBAJO_SURFACE_06_ダ,hizume_code+pace_yoso+omo_tekisei_code+shiba_tekisei_code,hizume_code,pace_yoso,omo_tekisei_code,shiba_tekisei_code,44,12681,71.42,9.19,68.71,False
KEIBAJO_SURFACE_06_ダ,da_tekisei_code+kyori_tekisei+umakigo_code+shiba_tekisei_code,da_tekisei_code,kyori_tekisei,umakigo_code,shiba_tekisei_code,21,11675,72.52,8.91,68.71,False
KEIBAJO_SURFACE_06_ダ,pace_yoso+kyori_tekisei+joken_class_code+pace_shisu_juni,pace_yoso,kyori_tekisei,joken_class_code,pace_shisu_juni,87,17893,71.28,12.21,68.71,False
KEIBAJO_SURFACE_06_ダ,hizume_code+uma_deokure_bin+kyori_kubun+ichi_shisu_juni,hizume_code,uma_deokure_bin,kyori_kubun,ichi_shisu_juni,20,2477,72.73,9.18,68.71,False
KEIBAJO_SURFACE_06_ダ,uma_deokure_bin+kyori_tekisei+uma_start_shisu_decile+manken_shisu_decile,uma_deokure_bin,kyori_tekisei,uma_start_shisu_decile,manken_shisu_decile,37,6442,72.65,12.28,68.7,False
KEIBAJO_SURFACE_06_ダ,hizume_code+umakigo_code+omo_tekisei_code+pace_shisu_juni,hizume_code,umakigo_code,omo_tekisei_code,pace_shisu_juni,53,7699,71.88,11.84,68.7,False
KEIBAJO_SURFACE_06_ダ,pace_yoso+kyakushitsu+umakigo_code+ls_shisu_juni,pace_yoso,kyakushitsu,umakigo_code,ls_shisu_juni,61,26474,71.99,13.09,68.7,False
KEIBAJO_SURFACE_06_ダ,pace_yoso+uma_start_shisu_decile+kyakushitsu+shiba_tekisei_code,pace_yoso,uma_start_shisu_decile,kyakushitsu,shiba_tekisei_code,47,13407,71.89,11.18,68.7,False
KEIBAJO_SURFACE_06_ダ,uma_deokure_bin+uma_start_shisu_decile+kyakushitsu+shiba_tekisei_code,uma_deokure_bin,uma_start_shisu_decile,kyakushitsu,shiba_tekisei_code,34,9851,72.18,10.37,68.69,False
KEIBAJO_SURFACE_06_ダ,uma_deokure_bin+da_tekisei_code+uma_start_shisu_decile+ichi_shisu_juni,uma_deokure_bin,da_tekisei_code,uma_start_shisu_decile,ichi_shisu_juni,37,5721,73.13,13.79,68.69,False
KEIBAJO_SURFACE_06_ダ,manken_shirushi+umakigo_code+kyori_tekisei_2+omo_tekisei_code,manken_shirushi,umakigo_code,kyori_tekisei_2,omo_tekisei_code,4,483,80.17,11.73,68.68,False
KEIBAJO_SURFACE_06_ダ,hizume_code+da_tekisei_code+ichi_shisu_juni+omo_tekisei_code,hizume_code,da_tekisei_code,ichi_shisu_juni,omo_tekisei_code,19,2669,73.02,9.66,68.67,False
KEIBAJO_SURFACE_06_ダ,pace_yoso+kyori_kubun+kyakushitsu+shiba_tekisei_code,pace_yoso,kyori_kubun,kyakushitsu,shiba_tekisei_code,28,15297,70.99,6.28,68.67,False
KEIBAJO_SURFACE_06_ダ,pace_yoso+uma_deokure_bin+ls_shisu_juni+manken_shisu_decile,pace_yoso,uma_deokure_bin,ls_shisu_juni,manken_shisu_decile,58,9567,71.68,11.73,68.67,False
KEIBAJO_SURFACE_06_ダ,kyori_kubun+kyori_tekisei+umakigo_code+ten_shisu_juni,kyori_kubun,kyori_tekisei,umakigo_code,ten_shisu_juni,76,23973,71.19,11.21,68.67,False
KEIBAJO_SURFACE_06_ダ,pace_yoso+manken_shirushi+umakigo_code+kyori_tekisei_2,pace_yoso,manken_shirushi,umakigo_code,kyori_tekisei_2,12,1634,74.89,11.0,68.67,False
KEIBAJO_SURFACE_06_ダ,kyori_kubun+uma_start_shisu_decile+omo_tekisei_code+ls_shisu_juni,kyori_kubun,uma_start_shisu_decile,omo_tekisei_code,ls_shisu_juni,84,13177,71.8,14.65,68.67,False
KEIBAJO_SURFACE_06_ダ,pace_yoso+kyori_tekisei+kyori_tekisei_2+omo_tekisei_code,pace_yoso,kyori_tekisei,kyori_tekisei_2,omo_tekisei_code,10,3874,75.77,11.48,68.66,False
KEIBAJO_SURFACE_06_ダ,kyori_tekisei+manken_shisu_decile+ten_shisu_juni+pace_shisu_juni,kyori_tekisei,manken_shisu_decile,ten_shisu_juni,pace_shisu_juni,6,809,76.61,9.95,68.66,False
KEIBAJO_SURFACE_06_ダ,kyori_kubun+kyakushitsu+omo_tekisei_code+shiba_tekisei_code,kyori_kubun,kyakushitsu,omo_tekisei_code,shiba_tekisei_code,39,14956,70.81,6.88,68.65,False
KEIBAJO_SURFACE_06_ダ,hizume_code+uma_deokure_bin+uma_start_shisu_decile+kyakushitsu,hizume_code,uma_deokure_bin,uma_start_shisu_decile,kyakushitsu,49,9212,72.72,14.6,68.64,False
KEIBAJO_SURFACE_06_ダ,hizume_code+kyori_tekisei+umakigo_code+kyori_tekisei_2,hizume_code,kyori_tekisei,umakigo_code,kyori_tekisei_2,14,2777,73.38,9.05,68.64,False
KEIBAJO_SURFACE_06_ダ,pace_yoso+kyori_kubun+kyori_tekisei+pace_shisu_juni,pace_yoso,kyori_kubun,kyori_tekisei,pace_shisu_juni,102,23068,71.11,12.71,68.64,False
KEIBAJO_SURFACE_06_ダ,joken_class_code+uma_start_shisu_decile+kyakushitsu+shiba_tekisei_code,joken_class_code,uma_start_shisu_decile,kyakushitsu,shiba_tekisei_code,42,9825,72.07,11.4,68.63,False
KEIBAJO_SURFACE_06_ダ,pace_yoso+kyakushitsu+ls_shisu_juni+manken_shisu_decile,pace_yoso,kyakushitsu,ls_shisu_juni,manken_shisu_decile,69,10422,71.84,13.6,68.63,False
KEIBAJO_SURFACE_06_ダ,kyori_tekisei+kyakushitsu+omo_tekisei_code+pace_shisu_juni,kyori_tekisei,kyakushitsu,omo_tekisei_code,pace_shisu_juni,41,4811,72.8,13.61,68.63,False
KEIBAJO_SURFACE_06_ダ,kyori_kubun+joken_class_code+umakigo_code+pace_shisu_juni,kyori_kubun,joken_class_code,umakigo_code,pace_shisu_juni,85,23469,70.97,11.03,68.62,False
KEIBAJO_SURFACE_06_ダ,kyakushitsu+omo_tekisei_code+ten_shisu_juni+shiba_tekisei_code,kyakushitsu,omo_tekisei_code,ten_shisu_juni,shiba_tekisei_code,50,6571,72.31,13.3,68.62,False
KEIBAJO_SURFACE_06_ダ,joken_class_code+kyakushitsu+manken_shisu_decile+pace_shisu_juni,joken_class_code,kyakushitsu,manken_shisu_decile,pace_shisu_juni,5,696,72.98,4.99,68.61,False
KEIBAJO_SURFACE_06_ダ,hizume_code+da_tekisei_code+joken_class_code+ten_shisu_juni,hizume_code,da_tekisei_code,joken_class_code,ten_shisu_juni,21,2648,73.56,11.58,68.61,False
KEIBAJO_SURFACE_06_ダ,pace_yoso+da_tekisei_code+kyori_tekisei_2+ichi_shisu_juni,pace_yoso,da_tekisei_code,kyori_tekisei_2,ichi_shisu_juni,10,1198,74.91,10.16,68.61,False
KEIBAJO_SURFACE_06_ダ,uma_deokure_bin+uma_start_shisu_decile+kyakushitsu+ten_shisu_juni,uma_deokure_bin,uma_start_shisu_decile,kyakushitsu,ten_shisu_juni,41,6274,72.77,13.61,68.61,False
KEIBAJO_SURFACE_06_ダ,kyori_tekisei+kyakushitsu+manken_shisu_decile+pace_shisu_juni,kyori_tekisei,kyakushitsu,manken_shisu_decile,pace_shisu_juni,5,696,72.98,4.99,68.61,False
KEIBAJO_SURFACE_06_ダ,joken_class_code+uma_start_shisu_decile+umakigo_code+ichi_shisu_juni,joken_class_code,uma_start_shisu_decile,umakigo_code,ichi_shisu_juni,42,8050,72.05,11.4,68.6,False
KEIBAJO_SURFACE_06_ダ,pace_yoso+da_tekisei_code+manken_shisu_decile+shiba_tekisei_code,pace_yoso,da_tekisei_code,manken_shisu_decile,shiba_tekisei_code,34,10134,72.8,12.52,68.59,False
KEIBAJO_SURFACE_06_ダ,pace_yoso+ichi_shisu_juni+ls_shisu_juni+pace_shisu_juni,pace_yoso,ichi_shisu_juni,ls_shisu_juni,pace_shisu_juni,7,914,78.42,13.28,68.59,False
KEIBAJO_SURFACE_06_ダ,hizume_code+manken_shirushi+kyori_tekisei+umakigo_code,hizume_code,manken_shirushi,kyori_tekisei,umakigo_code,30,3997,73.59,13.95,68.59,False
KEIBAJO_SURFACE_06_ダ,kyori_kubun+kyori_tekisei+ichi_shisu_juni+ls_shisu_juni,kyori_kubun,kyori_tekisei,ichi_shisu_juni,ls_shisu_juni,36,5699,72.36,11.58,68.58,False
KEIBAJO_SURFACE_06_ダ,uma_deokure_bin+uma_start_shisu_decile+omo_tekisei_code+ls_shisu_juni,uma_deokure_bin,uma_start_shisu_decile,omo_tekisei_code,ls_shisu_juni,62,11442,72.09,14.06,68.58,False
KEIBAJO_SURFACE_06_ダ,hizume_code+kyori_kubun+umakigo_code+ichi_shisu_juni,hizume_code,kyori_kubun,umakigo_code,ichi_shisu_juni,56,9661,71.0,9.29,68.57,False
KEIBAJO_SURFACE_06_ダ,da_tekisei_code+joken_class_code+uma_start_shisu_decile+ichi_shisu_juni,da_tekisei_code,joken_class_code,uma_start_shisu_decile,ichi_shisu_juni,31,4496,74.32,16.34,68.57,False
KEIBAJO_SURFACE_06_ダ,pace_yoso+kyori_kubun+omo_tekisei_code+shiba_tekisei_code,pace_yoso,kyori_kubun,omo_tekisei_code,shiba_tekisei_code,24,15596,71.02,6.14,68.56,False
KEIBAJO_SURFACE_06_ダ,hizume_code+kyori_kubun+joken_class_code+ls_shisu_juni,hizume_code,kyori_kubun,joken_class_code,ls_shisu_juni,51,8274,71.99,12.5,68.56,False
KEIBAJO_SURFACE_06_ダ,manken_shirushi+kyori_kubun+kyori_tekisei+ls_shisu_juni,manken_shirushi,kyori_kubun,kyori_tekisei,ls_shisu_juni,42,5063,72.65,13.56,68.55,False
KEIBAJO_SURFACE_06_ダ,hizume_code+pace_yoso+manken_shirushi+kyakushitsu,hizume_code,pace_yoso,manken_shirushi,kyakushitsu,17,2182,73.5,10.41,68.55,False
KEIBAJO_SURFACE_06_ダ,hizume_code+umakigo_code+kyori_tekisei_2+omo_tekisei_code,hizume_code,umakigo_code,kyori_tekisei_2,omo_tekisei_code,8,1800,74.56,8.67,68.55,False
KEIBAJO_SURFACE_06_ダ,hizume_code+pace_yoso+uma_start_shisu_decile+ten_shisu_juni,hizume_code,pace_yoso,uma_start_shisu_decile,ten_shisu_juni,10,1134,76.21,12.38,68.54,False
KEIBAJO_SURFACE_06_ダ,uma_deokure_bin+kyori_tekisei+manken_shisu_decile+shiba_tekisei_code,uma_deokure_bin,kyori_tekisei,manken_shisu_decile,shiba_tekisei_code,38,7561,72.11,11.24,68.54,False
KEIBAJO_SURFACE_06_ダ,pace_yoso+da_tekisei_code+umakigo_code+shiba_tekisei_code,pace_yoso,da_tekisei_code,umakigo_code,shiba_tekisei_code,13,12264,73.78,9.64,68.54,False
KEIBAJO_SURFACE_06_ダ,kyori_kubun+kyori_tekisei+ls_shisu_juni+manken_shisu_decile,kyori_kubun,kyori_tekisei,ls_shisu_juni,manken_shisu_decile,92,14614,71.47,14.41,68.53,False
KEIBAJO_SURFACE_06_ダ,hizume_code+kyori_tekisei+kyakushitsu+shiba_tekisei_code,hizume_code,kyori_tekisei,kyakushitsu,shiba_tekisei_code,41,7021,71.71,10.39,68.53,False
KEIBAJO_SURFACE_06_ダ,pace_yoso+uma_deokure_bin+manken_shisu_decile+shiba_tekisei_code,pace_yoso,uma_deokure_bin,manken_shisu_decile,shiba_tekisei_code,51,11208,71.67,11.46,68.53,False
KEIBAJO_SURFACE_06_ダ,hizume_code+kyori_kubun+kyori_tekisei+uma_start_shisu_decile,hizume_code,kyori_kubun,kyori_tekisei,uma_start_shisu_decile,55,9446,71.71,12.09,68.52,False
KEIBAJO_SURFACE_06_ダ,kyori_kubun+da_tekisei_code+joken_class_code+bataiju,kyori_kubun,da_tekisei_code,joken_class_code,bataiju,12,1257,74.72,10.96,68.52,False
KEIBAJO_SURFACE_06_ダ,hizume_code+joken_class_code+omo_tekisei_code+ten_shisu_juni,hizume_code,joken_class_code,omo_tekisei_code,ten_shisu_juni,13,1537,74.76,11.48,68.52,False
KEIBAJO_SURFACE_06_ダ,kyori_tekisei+uma_start_shisu_decile+kyakushitsu+shiba_tekisei_code,kyori_tekisei,uma_start_shisu_decile,kyakushitsu,shiba_tekisei_code,48,9613,72.27,13.28,68.52,False
KEIBAJO_SURFACE_06_ダ,kyori_tekisei+joken_class_code+kyakushitsu+shiba_tekisei_code,kyori_tekisei,joken_class_code,kyakushitsu,shiba_tekisei_code,41,11689,71.91,11.09,68.51,False
KEIBAJO_SURFACE_06_ダ,manken_shirushi+da_tekisei_code+joken_class_code+ls_shisu_juni,manken_shirushi,da_tekisei_code,joken_class_code,ls_shisu_juni,31,4204,73.15,13.2,68.5,False
KEIBAJO_SURFACE_06_ダ,kyori_kubun+da_tekisei_code+umakigo_code+shiba_tekisei_code,kyori_kubun,da_tekisei_code,umakigo_code,shiba_tekisei_code,17,12120,74.23,12.05,68.5,False
KEIBAJO_SURFACE_06_ダ,hizume_code+umakigo_code+omo_tekisei_code+shiba_tekisei_code,hizume_code,umakigo_code,omo_tekisei_code,shiba_tekisei_code,36,12942,71.55,9.34,68.5,False
KEIBAJO_SURFACE_06_ダ,hizume_code+uma_deokure_bin+omo_tekisei_code+shiba_tekisei_code,hizume_code,uma_deokure_bin,omo_tekisei_code,shiba_tekisei_code,44,9665,71.41,9.83,68.5,False
KEIBAJO_SURFACE_06_ダ,kyori_kubun+da_tekisei_code+kyakushitsu+kyori_tekisei_2,kyori_kubun,da_tekisei_code,kyakushitsu,kyori_tekisei_2,11,2858,75.5,11.85,68.5,False
KEIBAJO_SURFACE_06_ダ,uma_deokure_bin+kyori_kubun+joken_class_code+kyori_tekisei_2,uma_deokure_bin,kyori_kubun,joken_class_code,kyori_tekisei_2,7,1186,74.09,7.56,68.49,False
KEIBAJO_SURFACE_06_ダ,pace_yoso+kyori_tekisei+kyori_tekisei_2+ichi_shisu_juni,pace_yoso,kyori_tekisei,kyori_tekisei_2,ichi_shisu_juni,16,1945,74.48,12.23,68.49,False
KEIBAJO_SURFACE_06_ダ,pace_yoso+uma_deokure_bin+kyakushitsu+shiba_tekisei_code,pace_yoso,uma_deokure_bin,kyakushitsu,shiba_tekisei_code,38,14588,71.52,9.55,68.49,False
KEIBAJO_SURFACE_06_ダ,uma_deokure_bin+kyori_tekisei+joken_class_code+manken_shisu_decile,uma_deokure_bin,kyori_tekisei,joken_class_code,manken_shisu_decile,46,11071,72.09,12.43,68.49,False
KEIBAJO_SURFACE_06_ダ,kyori_kubun+uma_start_shisu_decile+umakigo_code+shiba_tekisei_code,kyori_kubun,uma_start_shisu_decile,umakigo_code,shiba_tekisei_code,30,14111,71.58,8.65,68.48,False
KEIBAJO_SURFACE_06_ダ,uma_deokure_bin+kyori_kubun+umakigo_code+ten_shisu_juni,uma_deokure_bin,kyori_kubun,umakigo_code,ten_shisu_juni,63,18885,71.44,12.02,68.48,False
KEIBAJO_SURFACE_06_ダ,pace_yoso+ls_shisu_juni+manken_shisu_decile+shiba_tekisei_code,pace_yoso,ls_shisu_juni,manken_shisu_decile,shiba_tekisei_code,46,8060,72.09,12.51,68.47,False
KEIBAJO_SURFACE_06_ダ,uma_deokure_bin+da_tekisei_code+ichi_shisu_juni+ls_shisu_juni,uma_deokure_bin,da_tekisei_code,ichi_shisu_juni,ls_shisu_juni,14,1536,77.26,16.8,68.46,False
KEIBAJO_SURFACE_06_ダ,joken_class_code+kyakushitsu+manken_shisu_decile+shiba_tekisei_code,joken_class_code,kyakushitsu,manken_shisu_decile,shiba_tekisei_code,47,8016,72.39,13.75,68.46,False
KEIBAJO_SURFACE_06_ダ,hizume_code+uma_deokure_bin+kyori_kubun+shiba_tekisei_code,hizume_code,uma_deokure_bin,kyori_kubun,shiba_tekisei_code,41,9875,71.19,8.97,68.45,False
KEIBAJO_SURFACE_06_ダ,pace_yoso+omo_tekisei_code+ls_shisu_juni+pace_shisu_juni,pace_yoso,omo_tekisei_code,ls_shisu_juni,pace_shisu_juni,58,6923,72.09,14.14,68.45,False
KEIBAJO_SURFACE_06_ダ,kyori_kubun+omo_tekisei_code+pace_shisu_juni+shiba_tekisei_code,kyori_kubun,omo_tekisei_code,pace_shisu_juni,shiba_tekisei_code,76,11313,71.51,13.61,68.45,False
KEIBAJO_SURFACE_06_ダ,pace_yoso+uma_deokure_bin+joken_class_code+shiba_tekisei_code,pace_yoso,uma_deokure_bin,joken_class_code,shiba_tekisei_code,33,14164,71.97,10.35,68.43,False
KEIBAJO_SURFACE_06_ダ,kyori_tekisei+umakigo_code+manken_shisu_decile+pace_shisu_juni,kyori_tekisei,umakigo_code,manken_shisu_decile,pace_shisu_juni,51,6573,72.49,14.77,68.43,False
KEIBAJO_SURFACE_06_ダ,da_tekisei_code+ichi_shisu_juni+ls_shisu_juni+shiba_tekisei_code,da_tekisei_code,ichi_shisu_juni,ls_shisu_juni,shiba_tekisei_code,15,1640,73.66,10.35,68.42,False
KEIBAJO_SURFACE_06_ダ,manken_shirushi+kyori_kubun+ls_shisu_juni+manken_shisu_decile,manken_shirushi,kyori_kubun,ls_shisu_juni,manken_shisu_decile,10,1426,75.64,11.66,68.42,False
KEIBAJO_SURFACE_06_ダ,kyori_kubun+kyori_tekisei+ten_shisu_juni+shiba_tekisei_code,kyori_kubun,kyori_tekisei,ten_shisu_juni,shiba_tekisei_code,61,10083,71.69,13.04,68.42,False
KEIBAJO_SURFACE_06_ダ,pace_yoso+manken_shirushi+kyori_tekisei+shiba_tekisei_code,pace_yoso,manken_shirushi,kyori_tekisei,shiba_tekisei_code,35,6396,72.91,13.58,68.41,False
KEIBAJO_SURFACE_06_ダ,manken_shirushi+da_tekisei_code+kyori_tekisei+uma_start_shisu_decile,manken_shirushi,da_tekisei_code,kyori_tekisei,uma_start_shisu_decile,22,2919,73.9,13.14,68.41,False
KEIBAJO_SURFACE_06_ダ,pace_yoso+manken_shirushi+joken_class_code+ls_shisu_juni,pace_yoso,manken_shirushi,joken_class_code,ls_shisu_juni,45,5754,72.38,13.61,68.4,False
KEIBAJO_SURFACE_06_ダ,pace_yoso+kyakushitsu+ichi_shisu_juni+ls_shisu_juni,pace_yoso,kyakushitsu,ichi_shisu_juni,ls_shisu_juni,71,11764,71.49,13.31,68.4,False
KEIBAJO_SURFACE_06_ダ,pace_yoso+da_tekisei_code+kyori_tekisei+shiba_tekisei_code,pace_yoso,da_tekisei_code,kyori_tekisei,shiba_tekisei_code,22,11780,72.6,10.05,68.4,False
KEIBAJO_SURFACE_06_ダ,uma_deokure_bin+da_tekisei_code+umakigo_code+shiba_tekisei_code,uma_deokure_bin,da_tekisei_code,umakigo_code,shiba_tekisei_code,19,11121,72.51,9.16,68.39,False
KEIBAJO_SURFACE_06_ダ,pace_yoso+kyori_tekisei+uma_start_shisu_decile+shiba_tekisei_code,pace_yoso,kyori_tekisei,uma_start_shisu_decile,shiba_tekisei_code,51,12994,71.4,10.97,68.39,False
KEIBAJO_SURFACE_06_ダ,hizume_code+pace_yoso+kyori_tekisei+shiba_tekisei_code,hizume_code,pace_yoso,kyori_tekisei,shiba_tekisei_code,46,11247,71.21,9.76,68.39,False
KEIBAJO_SURFACE_06_ダ,umakigo_code+omo_tekisei_code+ten_shisu_juni+shiba_tekisei_code,umakigo_code,omo_tekisei_code,ten_shisu_juni,shiba_tekisei_code,46,11815,71.65,11.28,68.39,False
KEIBAJO_SURFACE_06_ダ,uma_deokure_bin+kyori_kubun+omo_tekisei_code+shiba_tekisei_code,uma_deokure_bin,kyori_kubun,omo_tekisei_code,shiba_tekisei_code,35,13944,71.08,8.13,68.38,False
KEIBAJO_SURFACE_06_ダ,da_tekisei_code+omo_tekisei_code+ls_shisu_juni+shiba_tekisei_code,da_tekisei_code,omo_tekisei_code,ls_shisu_juni,shiba_tekisei_code,34,9527,72.25,11.49,68.38,False
KEIBAJO_SURFACE_06_ダ,hizume_code+uma_start_shisu_decile+kyakushitsu+omo_tekisei_code,hizume_code,uma_start_shisu_decile,kyakushitsu,omo_tekisei_code,48,7471,71.62,11.43,68.38,False
KEIBAJO_SURFACE_06_ダ,manken_shirushi+uma_deokure_bin+joken_class_code+uma_start_shisu_decile,manken_shirushi,uma_deokure_bin,joken_class_code,uma_start_shisu_decile,17,3328,72.72,9.13,68.38,False
KEIBAJO_SURFACE_06_ダ,hizume_code+pace_yoso+uma_deokure_bin+shiba_tekisei_code,hizume_code,pace_yoso,uma_deokure_bin,shiba_tekisei_code,43,10912,71.45,10.34,68.36,False
KEIBAJO_SURFACE_06_ダ,pace_yoso+da_tekisei_code+kyori_tekisei+kyori_tekisei_2,pace_yoso,da_tekisei_code,kyori_tekisei,kyori_tekisei_2,8,4007,75.72,10.61,68.36,False
KEIBAJO_SURFACE_06_ダ,hizume_code+joken_class_code+omo_tekisei_code+ls_shisu_juni,hizume_code,joken_class_code,omo_tekisei_code,ls_shisu_juni,47,7952,71.63,11.49,68.35,False
KEIBAJO_SURFACE_06_ダ,manken_shirushi+kyori_kubun+uma_start_shisu_decile+shiba_tekisei_code,manken_shirushi,kyori_kubun,uma_start_shisu_decile,shiba_tekisei_code,16,2104,73.61,10.74,68.35,False
KEIBAJO_SURFACE_06_ダ,joken_class_code+kyakushitsu+umakigo_code+bataiju,joken_class_code,kyakushitsu,umakigo_code,bataiju,10,1063,73.54,8.39,68.35,False
KEIBAJO_SURFACE_06_ダ,uma_deokure_bin+uma_start_shisu_decile+kyakushitsu+manken_shisu_decile,uma_deokure_bin,uma_start_shisu_decile,kyakushitsu,manken_shisu_decile,53,8744,71.61,12.15,68.34,False
KEIBAJO_SURFACE_06_ダ,pace_yoso+kyakushitsu+manken_shisu_decile+shiba_tekisei_code,pace_yoso,kyakushitsu,manken_shisu_decile,shiba_tekisei_code,54,11515,71.35,11.27,68.34,False
KEIBAJO_SURFACE_06_ダ,uma_deokure_bin+uma_start_shisu_decile+ichi_shisu_juni+omo_tekisei_code,uma_deokure_bin,uma_start_shisu_decile,ichi_shisu_juni,omo_tekisei_code,34,5492,71.75,10.15,68.34,False
KEIBAJO_SURFACE_06_ダ,uma_deokure_bin+joken_class_code+ichi_shisu_juni+shiba_tekisei_code,uma_deokure_bin,joken_class_code,ichi_shisu_juni,shiba_tekisei_code,41,7142,72.26,12.85,68.33,False
KEIBAJO_SURFACE_06_ダ,uma_deokure_bin+kyakushitsu+pace_shisu_juni+shiba_tekisei_code,uma_deokure_bin,kyakushitsu,pace_shisu_juni,shiba_tekisei_code,41,6150,72.51,13.66,68.33,False
KEIBAJO_SURFACE_06_ダ,pace_yoso+kyori_tekisei+umakigo_code+shiba_tekisei_code,pace_yoso,kyori_tekisei,umakigo_code,shiba_tekisei_code,19,14728,72.0,8.2,68.32,False
KEIBAJO_SURFACE_06_ダ,kyori_kubun+uma_start_shisu_decile+omo_tekisei_code+manken_shisu_decile,kyori_kubun,uma_start_shisu_decile,omo_tekisei_code,manken_shisu_decile,50,7380,70.71,8.67,68.31,False
KEIBAJO_SURFACE_06_ダ,kyori_tekisei+umakigo_code+pace_shisu_juni+shiba_tekisei_code,kyori_tekisei,umakigo_code,pace_shisu_juni,shiba_tekisei_code,52,10627,72.33,14.79,68.31,False
KEIBAJO_SURFACE_06_ダ,da_tekisei_code+umakigo_code+kyori_tekisei_2+pace_shisu_juni,da_tekisei_code,umakigo_code,kyori_tekisei_2,pace_shisu_juni,10,1234,75.14,11.02,68.31,False
KEIBAJO_SURFACE_06_ダ,hizume_code+uma_deokure_bin+umakigo_code+shiba_tekisei_code,hizume_code,uma_deokure_bin,umakigo_code,shiba_tekisei_code,34,11164,71.77,10.33,68.3,False
KEIBAJO_SURFACE_06_ダ,hizume_code+kyori_tekisei+umakigo_code+ten_shisu_juni,hizume_code,kyori_tekisei,umakigo_code,ten_shisu_juni,29,3549,72.71,12.16,68.28,False
KEIBAJO_SURFACE_06_ダ,uma_deokure_bin+uma_start_shisu_decile+omo_tekisei_code+shiba_tekisei_code,uma_deokure_bin,uma_start_shisu_decile,omo_tekisei_code,shiba_tekisei_code,40,10545,71.72,11.11,68.28,False
KEIBAJO_SURFACE_06_ダ,pace_yoso+kyori_kubun+kyori_tekisei+ten_shisu_juni,pace_yoso,kyori_kubun,kyori_tekisei,ten_shisu_juni,100,22744,70.66,12.11,68.28,False
KEIBAJO_SURFACE_06_ダ,uma_deokure_bin+da_tekisei_code+umakigo_code+omo_tekisei_code,uma_deokure_bin,da_tekisei_code,umakigo_code,omo_tekisei_code,32,21400,72.42,11.96,68.27,False
KEIBAJO_SURFACE_06_ダ,hizume_code+joken_class_code+umakigo_code+shiba_tekisei_code,hizume_code,joken_class_code,umakigo_code,shiba_tekisei_code,36,11630,71.42,9.65,68.27,False
KEIBAJO_SURFACE_06_ダ,pace_yoso+da_tekisei_code+pace_shisu_juni+shiba_tekisei_code,pace_yoso,da_tekisei_code,pace_shisu_juni,shiba_tekisei_code,36,8737,72.04,11.55,68.26,False
KEIBAJO_SURFACE_06_ダ,uma_deokure_bin+kyori_kubun+ls_shisu_juni+manken_shisu_decile,uma_deokure_bin,kyori_kubun,ls_shisu_juni,manken_shisu_decile,62,8323,70.83,10.35,68.25,False
KEIBAJO_SURFACE_06_ダ,uma_deokure_bin+kyori_kubun+joken_class_code+shiba_tekisei_code,uma_deokure_bin,kyori_kubun,joken_class_code,shiba_tekisei_code,33,12672,71.06,8.25,68.24,False
KEIBAJO_SURFACE_06_ダ,umakigo_code+ls_shisu_juni+manken_shisu_decile+shiba_tekisei_code,umakigo_code,ls_shisu_juni,manken_shisu_decile,shiba_tekisei_code,48,9917,72.29,14.31,68.24,False
KEIBAJO_SURFACE_06_ダ,hizume_code+kyori_kubun+kyakushitsu+shiba_tekisei_code,hizume_code,kyori_kubun,kyakushitsu,shiba_tekisei_code,49,10567,71.78,12.65,68.24,False
KEIBAJO_SURFACE_06_ダ,umakigo_code+ten_shisu_juni+pace_shisu_juni+shiba_tekisei_code,umakigo_code,ten_shisu_juni,pace_shisu_juni,shiba_tekisei_code,20,2833,76.26,18.3,68.24,False
KEIBAJO_SURFACE_06_ダ,pace_yoso+manken_shirushi+kyori_tekisei+uma_start_shisu_decile,pace_yoso,manken_shirushi,kyori_tekisei,uma_start_shisu_decile,21,2663,74.24,14.03,68.24,False
KEIBAJO_SURFACE_06_ダ,uma_deokure_bin+ichi_shisu_juni+omo_tekisei_code+shiba_tekisei_code,uma_deokure_bin,ichi_shisu_juni,omo_tekisei_code,shiba_tekisei_code,45,6975,71.67,11.76,68.23,False
KEIBAJO_SURFACE_06_ダ,pace_yoso+umakigo_code+omo_tekisei_code+shiba_tekisei_code,pace_yoso,umakigo_code,omo_tekisei_code,shiba_tekisei_code,17,15686,70.59,4.96,68.23,False
KEIBAJO_SURFACE_06_ダ,hizume_code+pace_yoso+umakigo_code+shiba_tekisei_code,hizume_code,pace_yoso,umakigo_code,shiba_tekisei_code,33,13575,71.32,9.1,68.22,False
KEIBAJO_SURFACE_06_ダ,pace_yoso+kyori_tekisei+umakigo_code+ten_shisu_juni,pace_yoso,kyori_tekisei,umakigo_code,ten_shisu_juni,80,23959,70.77,11.64,68.22,False
KEIBAJO_SURFACE_06_ダ,manken_shirushi+kyori_tekisei+umakigo_code+ls_shisu_juni,manken_shirushi,kyori_tekisei,umakigo_code,ls_shisu_juni,43,6513,71.55,11.12,68.22,False
KEIBAJO_SURFACE_06_ダ,pace_yoso+uma_deokure_bin+ten_shisu_juni+shiba_tekisei_code,pace_yoso,uma_deokure_bin,ten_shisu_juni,shiba_tekisei_code,33,7277,71.33,9.12,68.22,False
KEIBAJO_SURFACE_06_ダ,da_tekisei_code+kyori_tekisei+uma_start_shisu_decile+ls_shisu_juni,da_tekisei_code,kyori_tekisei,uma_start_shisu_decile,ls_shisu_juni,59,10182,72.14,15.34,68.22,False
KEIBAJO_SURFACE_06_ダ,joken_class_code+uma_start_shisu_decile+umakigo_code+shiba_tekisei_code,joken_class_code,uma_start_shisu_decile,umakigo_code,shiba_tekisei_code,37,12968,71.34,9.69,68.22,False
KEIBAJO_SURFACE_06_ダ,pace_yoso+kyori_kubun+pace_shisu_juni+shiba_tekisei_code,pace_yoso,kyori_kubun,pace_shisu_juni,shiba_tekisei_code,47,11123,71.52,11.62,68.2,False
KEIBAJO_SURFACE_06_ダ,uma_deokure_bin+uma_start_shisu_decile+ichi_shisu_juni+pace_shisu_juni,uma_deokure_bin,uma_start_shisu_decile,ichi_shisu_juni,pace_shisu_juni,4,558,83.49,15.6,68.2,False
KEIBAJO_SURFACE_06_ダ,hizume_code+da_tekisei_code+kyori_tekisei_2+shiba_tekisei_code,hizume_code,da_tekisei_code,kyori_tekisei_2,shiba_tekisei_code,4,614,77.03,9.01,68.2,False
KEIBAJO_SURFACE_06_ダ,hizume_code+pace_yoso+kyakushitsu+shiba_tekisei_code,hizume_code,pace_yoso,kyakushitsu,shiba_tekisei_code,45,11185,71.48,11.23,68.2,False
KEIBAJO_SURFACE_06_ダ,uma_start_shisu_decile+kyakushitsu+omo_tekisei_code+shiba_tekisei_code,uma_start_shisu_decile,kyakushitsu,omo_tekisei_code,shiba_tekisei_code,52,11604,71.53,12.29,68.19,False
KEIBAJO_SURFACE_06_ダ,pace_yoso+manken_shirushi+omo_tekisei_code+ls_shisu_juni,pace_yoso,manken_shirushi,omo_tekisei_code,ls_shisu_juni,39,5018,71.97,12.09,68.18,False
KEIBAJO_SURFACE_06_ダ,hizume_code+umakigo_code+omo_tekisei_code+ten_shisu_juni,hizume_code,umakigo_code,omo_tekisei_code,ten_shisu_juni,53,7533,71.56,12.57,68.18,False
KEIBAJO_SURFACE_06_ダ,hizume_code+da_tekisei_code+ls_shisu_juni+shiba_tekisei_code,hizume_code,da_tekisei_code,ls_shisu_juni,shiba_tekisei_code,30,5001,72.67,12.54,68.18,False
KEIBAJO_SURFACE_06_ダ,kyori_kubun+joken_class_code+uma_start_shisu_decile+ten_shisu_juni,kyori_kubun,joken_class_code,uma_start_shisu_decile,ten_shisu_juni,30,3853,73.35,14.44,68.18,False
KEIBAJO_SURFACE_06_ダ,hizume_code+joken_class_code+umakigo_code+ichi_shisu_juni,hizume_code,joken_class_code,umakigo_code,ichi_shisu_juni,39,5950,71.59,10.86,68.18,False
KEIBAJO_SURFACE_06_ダ,pace_yoso+kyakushitsu+omo_tekisei_code+shiba_tekisei_code,pace_yoso,kyakushitsu,omo_tekisei_code,shiba_tekisei_code,34,15324,70.6,7.25,68.17,False
KEIBAJO_SURFACE_06_ダ,pace_yoso+manken_shirushi+kyakushitsu+ichi_shisu_juni,pace_yoso,manken_shirushi,kyakushitsu,ichi_shisu_juni,12,2118,73.03,8.65,68.14,False
KEIBAJO_SURFACE_06_ダ,hizume_code+kyori_kubun+umakigo_code+ten_shisu_juni,hizume_code,kyori_kubun,umakigo_code,ten_shisu_juni,62,10056,70.92,11.21,68.13,False
KEIBAJO_SURFACE_06_ダ,manken_shirushi+kyori_tekisei+manken_shisu_decile+shiba_tekisei_code,manken_shirushi,kyori_tekisei,manken_shisu_decile,shiba_tekisei_code,22,3211,72.9,11.41,68.13,False
KEIBAJO_SURFACE_06_ダ,pace_yoso+kyori_tekisei+ichi_shisu_juni+shiba_tekisei_code,pace_yoso,kyori_tekisei,ichi_shisu_juni,shiba_tekisei_code,58,9677,70.99,11.15,68.12,False
KEIBAJO_SURFACE_06_ダ,hizume_code+pace_yoso+joken_class_code+ls_shisu_juni,hizume_code,pace_yoso,joken_class_code,ls_shisu_juni,67,11277,70.94,11.8,68.12,False
KEIBAJO_SURFACE_06_ダ,hizume_code+kyori_kubun+joken_class_code+shiba_tekisei_code,hizume_code,kyori_kubun,joken_class_code,shiba_tekisei_code,43,10157,71.39,10.94,68.12,False
KEIBAJO_SURFACE_06_ダ,hizume_code+kyori_tekisei+umakigo_code+ls_shisu_juni,hizume_code,kyori_tekisei,umakigo_code,ls_shisu_juni,68,12307,71.43,13.95,68.12,False
KEIBAJO_SURFACE_06_ダ,manken_shirushi+umakigo_code+ls_shisu_juni+shiba_tekisei_code,manken_shirushi,umakigo_code,ls_shisu_juni,shiba_tekisei_code,31,5468,72.97,13.78,68.12,False
KEIBAJO_SURFACE_06_ダ,kyori_tekisei+kyakushitsu+kyori_tekisei_2+shiba_tekisei_code,kyori_tekisei,kyakushitsu,kyori_tekisei_2,shiba_tekisei_code,8,1604,73.41,7.64,68.11,False
KEIBAJO_SURFACE_06_ダ,uma_deokure_bin+uma_start_shisu_decile+manken_shisu_decile+shiba_tekisei_code,uma_deokure_bin,uma_start_shisu_decile,manken_shisu_decile,shiba_tekisei_code,38,5835,71.45,10.54,68.1,False
KEIBAJO_SURFACE_06_ダ,pace_yoso+joken_class_code+umakigo_code+ten_shisu_juni,pace_yoso,joken_class_code,umakigo_code,ten_shisu_juni,72,24169,71.02,12.64,68.1,False
KEIBAJO_SURFACE_06_ダ,da_tekisei_code+joken_class_code+umakigo_code+kyori_tekisei_2,da_tekisei_code,joken_class_code,umakigo_code,kyori_tekisei_2,11,3377,74.23,10.37,68.1,False
KEIBAJO_SURFACE_06_ダ,kyori_tekisei+kyakushitsu+omo_tekisei_code+ls_shisu_juni,kyori_tekisei,kyakushitsu,omo_tekisei_code,ls_shisu_juni,84,14023,70.81,12.72,68.09,False
KEIBAJO_SURFACE_06_ダ,hizume_code+uma_deokure_bin+kyori_kubun+ls_shisu_juni,hizume_code,uma_deokure_bin,kyori_kubun,ls_shisu_juni,58,9308,71.32,12.58,68.08,False
KEIBAJO_SURFACE_06_ダ,pace_yoso+joken_class_code+uma_start_shisu_decile+ls_shisu_juni,pace_yoso,joken_class_code,uma_start_shisu_decile,ls_shisu_juni,77,13804,71.16,13.76,68.08,False
KEIBAJO_SURFACE_06_ダ,joken_class_code+omo_tekisei_code+ls_shisu_juni+shiba_tekisei_code,joken_class_code,omo_tekisei_code,ls_shisu_juni,shiba_tekisei_code,44,11163,71.63,12.03,68.07,False
KEIBAJO_SURFACE_06_ダ,pace_yoso+manken_shirushi+kyori_kubun+ls_shisu_juni,pace_yoso,manken_shirushi,kyori_kubun,ls_shisu_juni,46,7055,71.4,11.52,68.07,False
KEIBAJO_SURFACE_06_ダ,hizume_code+kyori_kubun+kyori_tekisei_2+omo_tekisei_code,hizume_code,kyori_kubun,kyori_tekisei_2,omo_tekisei_code,8,1673,73.37,7.65,68.07,False
KEIBAJO_SURFACE_06_ダ,hizume_code+uma_deokure_bin+joken_class_code+pace_shisu_juni,hizume_code,uma_deokure_bin,joken_class_code,pace_shisu_juni,8,1016,74.62,9.47,68.06,False
KEIBAJO_SURFACE_06_ダ,da_tekisei_code+umakigo_code+omo_tekisei_code+shiba_tekisei_code,da_tekisei_code,umakigo_code,omo_tekisei_code,shiba_tekisei_code,19,12154,72.16,9.1,68.06,False
KEIBAJO_SURFACE_06_ダ,da_tekisei_code+joken_class_code+kyakushitsu+kyori_tekisei_2,da_tekisei_code,joken_class_code,kyakushitsu,kyori_tekisei_2,12,2091,73.14,8.97,68.06,False
KEIBAJO_SURFACE_06_ダ,uma_deokure_bin+uma_start_shisu_decile+kyakushitsu+ls_shisu_juni,uma_deokure_bin,uma_start_shisu_decile,kyakushitsu,ls_shisu_juni,60,11643,71.22,12.51,68.06,False
KEIBAJO_SURFACE_06_ダ,hizume_code+kyori_kubun+kyakushitsu+ichi_shisu_juni,hizume_code,kyori_kubun,kyakushitsu,ichi_shisu_juni,31,3966,72.48,12.61,68.05,False
KEIBAJO_SURFACE_06_ダ,joken_class_code+omo_tekisei_code+pace_shisu_juni+shiba_tekisei_code,joken_class_code,omo_tekisei_code,pace_shisu_juni,shiba_tekisei_code,43,7211,72.45,14.71,68.05,False
KEIBAJO_SURFACE_06_ダ,kyori_tekisei+umakigo_code+manken_shisu_decile+ten_shisu_juni,kyori_tekisei,umakigo_code,manken_shisu_decile,ten_shisu_juni,43,5587,71.55,11.75,68.04,False
KEIBAJO_SURFACE_06_ダ,hizume_code+da_tekisei_code+omo_tekisei_code+pace_shisu_juni,hizume_code,da_tekisei_code,omo_tekisei_code,pace_shisu_juni,21,2899,73.29,12.29,68.04,False
KEIBAJO_SURFACE_06_ダ,hizume_code+uma_deokure_bin+joken_class_code+shiba_tekisei_code,hizume_code,uma_deokure_bin,joken_class_code,shiba_tekisei_code,35,7986,71.9,11.64,68.04,False
KEIBAJO_SURFACE_06_ダ,manken_shirushi+kyori_tekisei+omo_tekisei_code+shiba_tekisei_code,manken_shirushi,kyori_tekisei,omo_tekisei_code,shiba_tekisei_code,34,4958,73.02,14.85,68.03,False
KEIBAJO_SURFACE_06_ダ,uma_deokure_bin+kyakushitsu+omo_tekisei_code+shiba_tekisei_code,uma_deokure_bin,kyakushitsu,omo_tekisei_code,shiba_tekisei_code,42,12950,71.13,10.23,68.03,False
KEIBAJO_SURFACE_06_ダ,pace_yoso+manken_shirushi+da_tekisei_code+shiba_tekisei_code,pace_yoso,manken_shirushi,da_tekisei_code,shiba_tekisei_code,20,5611,73.29,12.05,68.01,False
KEIBAJO_SURFACE_06_ダ,hizume_code+pace_yoso+uma_deokure_bin+ls_shisu_juni,hizume_code,pace_yoso,uma_deokure_bin,ls_shisu_juni,59,10708,70.86,11.16,68.01,False
KEIBAJO_SURFACE_06_ダ,kyori_tekisei+joken_class_code+ichi_shisu_juni+ten_shisu_juni,kyori_tekisei,joken_class_code,ichi_shisu_juni,ten_shisu_juni,12,3445,73.16,9.11,68.0,False
KEIBAJO_SURFACE_06_ダ,da_tekisei_code+kyori_tekisei+umakigo_code+kyori_tekisei_2,da_tekisei_code,kyori_tekisei,umakigo_code,kyori_tekisei_2,6,3668,74.15,7.69,68.0,False
KEIBAJO_SURFACE_06_ダ,pace_yoso+joken_class_code+umakigo_code+pace_shisu_juni,pace_yoso,joken_class_code,umakigo_code,pace_shisu_juni,73,24302,70.54,11.1,68.0,False
KEIBAJO_SURFACE_06_ダ,hizume_code+uma_deokure_bin+umakigo_code+ichi_shisu_juni,hizume_code,uma_deokure_bin,umakigo_code,ichi_shisu_juni,50,7780,71.26,11.77,68.0,False
KEIBAJO_SURFACE_06_ダ,hizume_code+uma_deokure_bin+kyakushitsu+shiba_tekisei_code,hizume_code,uma_deokure_bin,kyakushitsu,shiba_tekisei_code,36,7712,72.05,12.42,67.99,False
KEIBAJO_SURFACE_06_ダ,hizume_code+kyori_kubun+uma_start_shisu_decile+shiba_tekisei_code,hizume_code,kyori_kubun,uma_start_shisu_decile,shiba_tekisei_code,38,6597,71.46,10.93,67.98,False
KEIBAJO_SURFACE_06_ダ,hizume_code+pace_yoso+omo_tekisei_code+ls_shisu_juni,hizume_code,pace_yoso,omo_tekisei_code,ls_shisu_juni,73,13726,71.31,14.52,67.98,False
KEIBAJO_SURFACE_06_ダ,kyori_kubun+joken_class_code+uma_start_shisu_decile+shiba_tekisei_code,kyori_kubun,joken_class_code,uma_start_shisu_decile,shiba_tekisei_code,43,11304,71.52,11.9,67.97,False
KEIBAJO_SURFACE_06_ダ,kyori_kubun+kyakushitsu+ichi_shisu_juni+ls_shisu_juni,kyori_kubun,kyakushitsu,ichi_shisu_juni,ls_shisu_juni,62,8363,71.45,13.99,67.97,False
KEIBAJO_SURFACE_06_ダ,uma_deokure_bin+joken_class_code+uma_start_shisu_decile+ichi_shisu_juni,uma_deokure_bin,joken_class_code,uma_start_shisu_decile,ichi_shisu_juni,34,6196,71.73,11.21,67.97,False
KEIBAJO_SURFACE_06_ダ,joken_class_code+uma_start_shisu_decile+omo_tekisei_code+ls_shisu_juni,joken_class_code,uma_start_shisu_decile,omo_tekisei_code,ls_shisu_juni,53,8953,71.85,14.44,67.96,False
KEIBAJO_SURFACE_06_ダ,hizume_code+kyori_kubun+omo_tekisei_code+ls_shisu_juni,hizume_code,kyori_kubun,omo_tekisei_code,ls_shisu_juni,71,11215,70.77,12.07,67.96,False
KEIBAJO_SURFACE_06_ダ,hizume_code+uma_deokure_bin+manken_shisu_decile+shiba_tekisei_code,hizume_code,uma_deokure_bin,manken_shisu_decile,shiba_tekisei_code,21,2872,72.16,9.8,67.96,False
KEIBAJO_SURFACE_06_ダ,da_tekisei_code+kyori_tekisei+uma_start_shisu_decile+ichi_shisu_juni,da_tekisei_code,kyori_tekisei,uma_start_shisu_decile,ichi_shisu_juni,31,4536,73.36,15.36,67.96,False
KEIBAJO_SURFACE_06_ダ,pace_yoso+uma_deokure_bin+ls_shisu_juni+ten_shisu_juni,pace_yoso,uma_deokure_bin,ls_shisu_juni,ten_shisu_juni,46,5917,71.9,13.64,67.96,False
KEIBAJO_SURFACE_06_ダ,uma_deokure_bin+kyori_kubun+manken_shisu_decile+shiba_tekisei_code,uma_deokure_bin,kyori_kubun,manken_shisu_decile,shiba_tekisei_code,37,9392,70.92,9.22,67.95,False
KEIBAJO_SURFACE_06_ダ,pace_yoso+uma_deokure_bin+uma_start_shisu_decile+pace_shisu_juni,pace_yoso,uma_deokure_bin,uma_start_shisu_decile,pace_shisu_juni,61,9095,71.48,14.1,67.94,False
KEIBAJO_SURFACE_06_ダ,manken_shirushi+uma_deokure_bin+joken_class_code+shiba_tekisei_code,manken_shirushi,uma_deokure_bin,joken_class_code,shiba_tekisei_code,24,4687,71.8,9.64,67.94,False
KEIBAJO_SURFACE_06_ダ,pace_yoso+kyori_kubun+ls_shisu_juni+shiba_tekisei_code,pace_yoso,kyori_kubun,ls_shisu_juni,shiba_tekisei_code,42,14417,70.99,10.14,67.93,False
KEIBAJO_SURFACE_06_ダ,da_tekisei_code+umakigo_code+ichi_shisu_juni+shiba_tekisei_code,da_tekisei_code,umakigo_code,ichi_shisu_juni,shiba_tekisei_code,34,9463,72.32,13.06,67.93,False
KEIBAJO_SURFACE_06_ダ,pace_yoso+da_tekisei_code+uma_start_shisu_decile+kyori_tekisei_2,pace_yoso,da_tekisei_code,uma_start_shisu_decile,kyori_tekisei_2,14,2622,74.1,11.8,67.92,False
KEIBAJO_SURFACE_06_ダ,joken_class_code+kyakushitsu+ls_shisu_juni+shiba_tekisei_code,joken_class_code,kyakushitsu,ls_shisu_juni,shiba_tekisei_code,48,9771,70.94,10.73,67.91,False
KEIBAJO_SURFACE_06_ダ,da_tekisei_code+kyakushitsu+kyori_tekisei_2+omo_tekisei_code,da_tekisei_code,kyakushitsu,kyori_tekisei_2,omo_tekisei_code,13,2594,74.2,11.56,67.91,False
KEIBAJO_SURFACE_06_ダ,uma_deokure_bin+kyakushitsu+ls_shisu_juni+shiba_tekisei_code,uma_deokure_bin,kyakushitsu,ls_shisu_juni,shiba_tekisei_code,41,9277,71.0,10.09,67.91,False
KEIBAJO_SURFACE_06_ダ,kyori_tekisei+joken_class_code+omo_tekisei_code+shiba_tekisei_code,kyori_tekisei,joken_class_code,omo_tekisei_code,shiba_tekisei_code,37,12714,71.49,11.12,67.9,False
KEIBAJO_SURFACE_06_ダ,da_tekisei_code+joken_class_code+bataiju+omo_tekisei_code,da_tekisei_code,joken_class_code,bataiju,omo_tekisei_code,7,757,72.54,6.28,67.89,False
KEIBAJO_SURFACE_06_ダ,pace_yoso+kyori_tekisei+ls_shisu_juni+manken_shisu_decile,pace_yoso,kyori_tekisei,ls_shisu_juni,manken_shisu_decile,87,13330,70.53,12.59,67.89,False
KEIBAJO_SURFACE_06_ダ,hizume_code+kyori_kubun+ten_shisu_juni+shiba_tekisei_code,hizume_code,kyori_kubun,ten_shisu_juni,shiba_tekisei_code,20,2289,73.05,11.8,67.88,False
KEIBAJO_SURFACE_06_ダ,hizume_code+manken_shirushi+da_tekisei_code+shiba_tekisei_code,hizume_code,manken_shirushi,da_tekisei_code,shiba_tekisei_code,11,1479,75.31,12.57,67.88,False
KEIBAJO_SURFACE_06_ダ,pace_yoso+uma_start_shisu_decile+ten_shisu_juni+shiba_tekisei_code,pace_yoso,uma_start_shisu_decile,ten_shisu_juni,shiba_tekisei_code,28,4163,72.52,12.55,67.87,False
KEIBAJO_SURFACE_06_ダ,hizume_code+kyori_kubun+uma_start_shisu_decile+kyakushitsu,hizume_code,kyori_kubun,uma_start_shisu_decile,kyakushitsu,64,10291,71.19,13.58,67.87,False
KEIBAJO_SURFACE_06_ダ,pace_yoso+omo_tekisei_code+pace_shisu_juni+shiba_tekisei_code,pace_yoso,omo_tekisei_code,pace_shisu_juni,shiba_tekisei_code,53,10446,71.01,11.71,67.86,False
KEIBAJO_SURFACE_06_ダ,pace_yoso+umakigo_code+kyori_tekisei_2+shiba_tekisei_code,pace_yoso,umakigo_code,kyori_tekisei_2,shiba_tekisei_code,5,1822,73.01,5.88,67.86,False
KEIBAJO_SURFACE_06_ダ,kyori_kubun+kyakushitsu+ls_shisu_juni+shiba_tekisei_code,kyori_kubun,kyakushitsu,ls_shisu_juni,shiba_tekisei_code,52,12239,71.1,11.93,67.85,False
KEIBAJO_SURFACE_06_ダ,pace_yoso+kyori_tekisei+manken_shisu_decile+shiba_tekisei_code,pace_yoso,kyori_tekisei,manken_shisu_decile,shiba_tekisei_code,46,11355,71.36,12.19,67.84,False
KEIBAJO_SURFACE_06_ダ,kyori_kubun+joken_class_code+ls_shisu_juni+shiba_tekisei_code,kyori_kubun,joken_class_code,ls_shisu_juni,shiba_tekisei_code,41,11369,71.51,12.01,67.84,False
KEIBAJO_SURFACE_06_ダ,uma_deokure_bin+umakigo_code+omo_tekisei_code+shiba_tekisei_code,uma_deokure_bin,umakigo_code,omo_tekisei_code,shiba_tekisei_code,29,14846,71.73,10.68,67.84,False
KEIBAJO_SURFACE_06_ダ,joken_class_code+umakigo_code+ichi_shisu_juni+shiba_tekisei_code,joken_class_code,umakigo_code,ichi_shisu_juni,shiba_tekisei_code,43,10553,71.33,11.69,67.83,False
KEIBAJO_SURFACE_06_ダ,pace_yoso+uma_deokure_bin+kyori_kubun+kyori_tekisei_2,pace_yoso,uma_deokure_bin,kyori_kubun,kyori_tekisei_2,13,3096,72.64,8.84,67.83,False
KEIBAJO_SURFACE_06_ダ,umakigo_code+ichi_shisu_juni+omo_tekisei_code+shiba_tekisei_code,umakigo_code,ichi_shisu_juni,omo_tekisei_code,shiba_tekisei_code,51,12327,70.88,11.11,67.83,False
KEIBAJO_SURFACE_06_ダ,kyori_kubun+joken_class_code+kyakushitsu+shiba_tekisei_code,kyori_kubun,joken_class_code,kyakushitsu,shiba_tekisei_code,40,13720,70.69,9.23,67.83,False
KEIBAJO_SURFACE_06_ダ,kyori_tekisei+joken_class_code+ichi_shisu_juni+pace_shisu_juni,kyori_tekisei,joken_class_code,ichi_shisu_juni,pace_shisu_juni,11,3379,70.22,4.07,67.82,False
KEIBAJO_SURFACE_06_ダ,hizume_code+joken_class_code+uma_start_shisu_decile+omo_tekisei_code,hizume_code,joken_class_code,uma_start_shisu_decile,omo_tekisei_code,42,7404,70.87,10.1,67.81,False
KEIBAJO_SURFACE_06_ダ,pace_yoso+kyori_kubun+kyori_tekisei+kyori_tekisei_2,pace_yoso,kyori_kubun,kyori_tekisei,kyori_tekisei_2,8,3947,74.93,10.28,67.81,False
KEIBAJO_SURFACE_06_ダ,kyori_kubun+uma_start_shisu_decile+manken_shisu_decile+shiba_tekisei_code,kyori_kubun,uma_start_shisu_decile,manken_shisu_decile,shiba_tekisei_code,37,5434,71.03,9.99,67.81,False
KEIBAJO_SURFACE_06_ダ,hizume_code+pace_yoso+manken_shirushi+manken_shisu_decile,hizume_code,pace_yoso,manken_shirushi,manken_shisu_decile,17,2581,74.76,14.63,67.8,False
KEIBAJO_SURFACE_06_ダ,pace_yoso+joken_class_code+ichi_shisu_juni+shiba_tekisei_code,pace_yoso,joken_class_code,ichi_shisu_juni,shiba_tekisei_code,54,10203,71.11,12.45,67.79,False
KEIBAJO_SURFACE_06_ダ,kyori_tekisei+joken_class_code+kyakushitsu+ls_shisu_juni,kyori_tekisei,joken_class_code,kyakushitsu,ls_shisu_juni,63,14892,70.68,11.72,67.79,False
KEIBAJO_SURFACE_06_ダ,joken_class_code+omo_tekisei_code+ten_shisu_juni+shiba_tekisei_code,joken_class_code,omo_tekisei_code,ten_shisu_juni,shiba_tekisei_code,41,6958,72.03,13.87,67.79,False
KEIBAJO_SURFACE_06_ダ,pace_yoso+kyori_kubun+uma_start_shisu_decile+ichi_shisu_juni,pace_yoso,kyori_kubun,uma_start_shisu_decile,ichi_shisu_juni,61,9987,71.24,13.75,67.79,False
KEIBAJO_SURFACE_06_ダ,kyori_kubun+joken_class_code+ten_shisu_juni+shiba_tekisei_code,kyori_kubun,joken_class_code,ten_shisu_juni,shiba_tekisei_code,57,9198,71.54,14.5,67.78,False
KEIBAJO_SURFACE_06_ダ,kyori_tekisei+kyakushitsu+omo_tekisei_code+ten_shisu_juni,kyori_tekisei,kyakushitsu,omo_tekisei_code,ten_shisu_juni,44,5175,72.97,17.57,67.78,False
KEIBAJO_SURFACE_06_ダ,hizume_code+joken_class_code+omo_tekisei_code+manken_shisu_decile,hizume_code,joken_class_code,omo_tekisei_code,manken_shisu_decile,38,5283,70.99,10.14,67.77,False
KEIBAJO_SURFACE_06_ダ,uma_deokure_bin+da_tekisei_code+ls_shisu_juni+ten_shisu_juni,uma_deokure_bin,da_tekisei_code,ls_shisu_juni,ten_shisu_juni,4,468,83.84,16.41,67.76,False
KEIBAJO_SURFACE_06_ダ,hizume_code+kyori_tekisei+omo_tekisei_code+manken_shisu_decile,hizume_code,kyori_tekisei,omo_tekisei_code,manken_shisu_decile,37,4974,71.33,11.06,67.76,False
KEIBAJO_SURFACE_06_ダ,uma_start_shisu_decile+umakigo_code+ichi_shisu_juni+shiba_tekisei_code,uma_start_shisu_decile,umakigo_code,ichi_shisu_juni,shiba_tekisei_code,47,7521,71.58,13.36,67.76,False
KEIBAJO_SURFACE_06_ダ,pace_yoso+kyori_kubun+kyori_tekisei_2+ten_shisu_juni,pace_yoso,kyori_kubun,kyori_tekisei_2,ten_shisu_juni,8,970,75.24,10.79,67.76,False
KEIBAJO_SURFACE_06_ダ,pace_yoso+manken_shirushi+kyori_kubun+ichi_shisu_juni,pace_yoso,manken_shirushi,kyori_kubun,ichi_shisu_juni,15,1939,72.65,9.67,67.76,False
KEIBAJO_SURFACE_06_ダ,pace_yoso+kyori_tekisei+joken_class_code+kyori_tekisei_2,pace_yoso,kyori_tekisei,joken_class_code,kyori_tekisei_2,10,3471,73.74,9.65,67.76,False
KEIBAJO_SURFACE_06_ダ,kyori_kubun+kyakushitsu+pace_shisu_juni+shiba_tekisei_code,kyori_kubun,kyakushitsu,pace_shisu_juni,shiba_tekisei_code,65,9656,71.01,13.38,67.75,False
KEIBAJO_SURFACE_06_ダ,hizume_code+kyori_kubun+kyori_tekisei_2+shiba_tekisei_code,hizume_code,kyori_kubun,kyori_tekisei_2,shiba_tekisei_code,5,695,75.99,9.4,67.75,False
KEIBAJO_SURFACE_06_ダ,hizume_code+uma_start_shisu_decile+umakigo_code+pace_shisu_juni,hizume_code,uma_start_shisu_decile,umakigo_code,pace_shisu_juni,14,1793,75.84,15.45,67.75,False
KEIBAJO_SURFACE_06_ダ,uma_deokure_bin+kyori_kubun+umakigo_code+shiba_tekisei_code,uma_deokure_bin,kyori_kubun,umakigo_code,shiba_tekisei_code,24,14811,70.46,6.77,67.75,False
KEIBAJO_SURFACE_06_ダ,hizume_code+pace_yoso+manken_shirushi+kyori_tekisei,hizume_code,pace_yoso,manken_shirushi,kyori_tekisei,16,1986,74.21,13.22,67.74,False
KEIBAJO_SURFACE_06_ダ,kyakushitsu+omo_tekisei_code+ls_shisu_juni+shiba_tekisei_code,kyakushitsu,omo_tekisei_code,ls_shisu_juni,shiba_tekisei_code,54,10953,71.12,12.67,67.74,False
KEIBAJO_SURFACE_06_ダ,uma_deokure_bin+uma_start_shisu_decile+kyakushitsu+pace_shisu_juni,uma_deokure_bin,uma_start_shisu_decile,kyakushitsu,pace_shisu_juni,45,6276,71.93,14.33,67.74,False
KEIBAJO_SURFACE_06_ダ,uma_deokure_bin+da_tekisei_code+joken_class_code+kyori_tekisei_2,uma_deokure_bin,da_tekisei_code,joken_class_code,kyori_tekisei_2,8,1511,72.91,7.48,67.73,False
KEIBAJO_SURFACE_06_ダ,hizume_code+umakigo_code+ls_shisu_juni+shiba_tekisei_code,hizume_code,umakigo_code,ls_shisu_juni,shiba_tekisei_code,40,9444,70.88,10.17,67.73,False
KEIBAJO_SURFACE_06_ダ,kyakushitsu+umakigo_code+ten_shisu_juni+shiba_tekisei_code,kyakushitsu,umakigo_code,ten_shisu_juni,shiba_tekisei_code,48,11420,71.0,11.59,67.72,False
KEIBAJO_SURFACE_06_ダ,pace_yoso+joken_class_code+ls_shisu_juni+manken_shisu_decile,pace_yoso,joken_class_code,ls_shisu_juni,manken_shisu_decile,83,13558,70.56,13.16,67.72,False
KEIBAJO_SURFACE_06_ダ,kyori_tekisei+joken_class_code+ichi_shisu_juni+omo_tekisei_code,kyori_tekisei,joken_class_code,ichi_shisu_juni,omo_tekisei_code,39,8206,70.87,10.04,67.72,False
KEIBAJO_SURFACE_06_ダ,uma_start_shisu_decile+umakigo_code+ls_shisu_juni+shiba_tekisei_code,uma_start_shisu_decile,umakigo_code,ls_shisu_juni,shiba_tekisei_code,48,11186,71.28,12.57,67.72,False
KEIBAJO_SURFACE_06_ダ,pace_yoso+uma_deokure_bin+kyakushitsu+kyori_tekisei_2,pace_yoso,uma_deokure_bin,kyakushitsu,kyori_tekisei_2,11,1918,73.36,9.57,67.71,False
KEIBAJO_SURFACE_06_ダ,da_tekisei_code+joken_class_code+ls_shisu_juni+pace_shisu_juni,da_tekisei_code,joken_class_code,ls_shisu_juni,pace_shisu_juni,39,4905,72.05,13.81,67.71,False
KEIBAJO_SURFACE_06_ダ,kyori_tekisei+kyakushitsu+ten_shisu_juni+shiba_tekisei_code,kyori_tekisei,kyakushitsu,ten_shisu_juni,shiba_tekisei_code,33,4095,72.71,14.7,67.7,False
KEIBAJO_SURFACE_06_ダ,pace_yoso+joken_class_code+uma_start_shisu_decile+pace_shisu_juni,pace_yoso,joken_class_code,uma_start_shisu_decile,pace_shisu_juni,31,4212,72.68,14.2,67.68,False
KEIBAJO_SURFACE_06_ダ,kyori_kubun+joken_class_code+uma_start_shisu_decile+ls_shisu_juni,kyori_kubun,joken_class_code,uma_start_shisu_decile,ls_shisu_juni,62,10679,71.31,14.59,67.68,False
KEIBAJO_SURFACE_06_ダ,manken_shirushi+uma_deokure_bin+uma_start_shisu_decile+omo_tekisei_code,manken_shirushi,uma_deokure_bin,uma_start_shisu_decile,omo_tekisei_code,20,2957,72.22,10.39,67.67,False
KEIBAJO_SURFACE_06_ダ,uma_deokure_bin+da_tekisei_code+joken_class_code+shiba_tekisei_code,uma_deokure_bin,da_tekisei_code,joken_class_code,shiba_tekisei_code,28,10458,72.53,13.16,67.66,False
KEIBAJO_SURFACE_06_ダ,da_tekisei_code+kyakushitsu+umakigo_code+shiba_tekisei_code,da_tekisei_code,kyakushitsu,umakigo_code,shiba_tekisei_code,23,11863,70.56,7.1,67.66,False
KEIBAJO_SURFACE_06_ダ,manken_shirushi+uma_deokure_bin+uma_start_shisu_decile+manken_shisu_decile,manken_shirushi,uma_deokure_bin,uma_start_shisu_decile,manken_shisu_decile,12,1583,73.76,10.81,67.65,False
KEIBAJO_SURFACE_06_ダ,uma_deokure_bin+umakigo_code+manken_shisu_decile+shiba_tekisei_code,uma_deokure_bin,umakigo_code,manken_shisu_decile,shiba_tekisei_code,38,11448,70.55,9.13,67.65,False
KEIBAJO_SURFACE_06_ダ,hizume_code+manken_shirushi+kyori_kubun+shiba_tekisei_code,hizume_code,manken_shirushi,kyori_kubun,shiba_tekisei_code,18,2289,72.64,10.81,67.64,False
KEIBAJO_SURFACE_06_ダ,pace_yoso+kyori_tekisei+ichi_shisu_juni+ls_shisu_juni,pace_yoso,kyori_tekisei,ichi_shisu_juni,ls_shisu_juni,26,4869,71.46,9.96,67.63,False
KEIBAJO_SURFACE_06_ダ,uma_start_shisu_decile+umakigo_code+pace_shisu_juni+shiba_tekisei_code,uma_start_shisu_decile,umakigo_code,pace_shisu_juni,shiba_tekisei_code,46,6907,72.55,17.07,67.62,False
KEIBAJO_SURFACE_06_ダ,manken_shirushi+uma_start_shisu_decile+omo_tekisei_code+shiba_tekisei_code,manken_shirushi,uma_start_shisu_decile,omo_tekisei_code,shiba_tekisei_code,10,1197,74.79,11.57,67.62,False
KEIBAJO_SURFACE_06_ダ,pace_yoso+kyori_tekisei+uma_start_shisu_decile+ls_shisu_juni,pace_yoso,kyori_tekisei,uma_start_shisu_decile,ls_shisu_juni,78,12730,70.74,14.06,67.62,False
KEIBAJO_SURFACE_06_ダ,uma_deokure_bin+kyakushitsu+ls_shisu_juni+ten_shisu_juni,uma_deokure_bin,kyakushitsu,ls_shisu_juni,ten_shisu_juni,14,1608,78.83,21.43,67.61,False
KEIBAJO_SURFACE_06_ダ,kyori_tekisei+kyakushitsu+manken_shisu_decile+shiba_tekisei_code,kyori_tekisei,kyakushitsu,manken_shisu_decile,shiba_tekisei_code,47,7649,70.92,11.64,67.59,False
KEIBAJO_SURFACE_06_ダ,kyori_kubun+kyori_tekisei+ls_shisu_juni+shiba_tekisei_code,kyori_kubun,kyori_tekisei,ls_shisu_juni,shiba_tekisei_code,45,12465,70.77,10.91,67.58,False
KEIBAJO_SURFACE_06_ダ,kyori_kubun+kyori_tekisei+uma_start_shisu_decile+ichi_shisu_juni,kyori_kubun,kyori_tekisei,uma_start_shisu_decile,ichi_shisu_juni,36,5292,71.76,12.83,67.57,False
KEIBAJO_SURFACE_06_ダ,kyakushitsu+umakigo_code+manken_shisu_decile+shiba_tekisei_code,kyakushitsu,umakigo_code,manken_shisu_decile,shiba_tekisei_code,46,12671,70.61,10.61,67.55,False
KEIBAJO_SURFACE_06_ダ,hizume_code+pace_yoso+kyori_tekisei_2+omo_tekisei_code,hizume_code,pace_yoso,kyori_tekisei_2,omo_tekisei_code,8,1849,72.72,7.47,67.55,False
KEIBAJO_SURFACE_06_ダ,hizume_code+joken_class_code+kyori_tekisei_2+omo_tekisei_code,hizume_code,joken_class_code,kyori_tekisei_2,omo_tekisei_code,5,665,71.12,4.07,67.55,False
KEIBAJO_SURFACE_06_ダ,pace_yoso+omo_tekisei_code+ten_shisu_juni+shiba_tekisei_code,pace_yoso,omo_tekisei_code,ten_shisu_juni,shiba_tekisei_code,54,10518,70.91,12.57,67.55,False
KEIBAJO_SURFACE_06_ダ,uma_deokure_bin+kyori_tekisei+ichi_shisu_juni+omo_tekisei_code,uma_deokure_bin,kyori_tekisei,ichi_shisu_juni,omo_tekisei_code,50,7329,71.32,13.62,67.54,False
KEIBAJO_SURFACE_06_ダ,uma_deokure_bin+uma_start_shisu_decile+umakigo_code+bataiju,uma_deokure_bin,uma_start_shisu_decile,umakigo_code,bataiju,19,2258,72.26,10.48,67.54,False
KEIBAJO_SURFACE_06_ダ,pace_yoso+uma_deokure_bin+ls_shisu_juni+pace_shisu_juni,pace_yoso,uma_deokure_bin,ls_shisu_juni,pace_shisu_juni,50,6344,71.5,14.29,67.54,False
KEIBAJO_SURFACE_06_ダ,umakigo_code+ls_shisu_juni+pace_shisu_juni+shiba_tekisei_code,umakigo_code,ls_shisu_juni,pace_shisu_juni,shiba_tekisei_code,44,7429,72.3,16.12,67.53,False
KEIBAJO_SURFACE_06_ダ,pace_yoso+kyori_kubun+da_tekisei_code+kyori_tekisei_2,pace_yoso,kyori_kubun,da_tekisei_code,kyori_tekisei_2,10,3891,74.95,12.0,67.52,False
KEIBAJO_SURFACE_06_ダ,hizume_code+uma_deokure_bin+ichi_shisu_juni+omo_tekisei_code,hizume_code,uma_deokure_bin,ichi_shisu_juni,omo_tekisei_code,6,847,78.39,13.58,67.52,False
KEIBAJO_SURFACE_06_ダ,uma_deokure_bin+omo_tekisei_code+pace_shisu_juni+shiba_tekisei_code,uma_deokure_bin,omo_tekisei_code,pace_shisu_juni,shiba_tekisei_code,55,7598,71.23,14.15,67.5,False
KEIBAJO_SURFACE_06_ダ,hizume_code+da_tekisei_code+umakigo_code+bataiju,hizume_code,da_tekisei_code,umakigo_code,bataiju,4,421,83.79,16.62,67.5,False
KEIBAJO_SURFACE_06_ダ,pace_yoso+uma_deokure_bin+uma_start_shisu_decile+ichi_shisu_juni,pace_yoso,uma_deokure_bin,uma_start_shisu_decile,ichi_shisu_juni,55,9513,70.83,12.61,67.5,False
KEIBAJO_SURFACE_06_ダ,manken_shirushi+kyori_tekisei+uma_start_shisu_decile+umakigo_code,manken_shirushi,kyori_tekisei,uma_start_shisu_decile,umakigo_code,33,4803,71.59,12.09,67.47,False
KEIBAJO_SURFACE_06_ダ,uma_deokure_bin+kyori_tekisei+joken_class_code+ichi_shisu_juni,uma_deokure_bin,kyori_tekisei,joken_class_code,ichi_shisu_juni,37,7962,71.39,12.15,67.47,False
KEIBAJO_SURFACE_06_ダ,uma_deokure_bin+kyori_tekisei+ls_shisu_juni+shiba_tekisei_code,uma_deokure_bin,kyori_tekisei,ls_shisu_juni,shiba_tekisei_code,37,8133,71.0,10.95,67.47,False
KEIBAJO_SURFACE_06_ダ,kyori_kubun+joken_class_code+umakigo_code+shiba_tekisei_code,kyori_kubun,joken_class_code,umakigo_code,shiba_tekisei_code,24,15211,70.56,7.71,67.47,False
KEIBAJO_SURFACE_06_ダ,pace_yoso+kyori_tekisei+joken_class_code+bataiju,pace_yoso,kyori_tekisei,joken_class_code,bataiju,40,5059,71.17,11.97,67.46,False
KEIBAJO_SURFACE_06_ダ,kyori_kubun+joken_class_code+pace_shisu_juni+shiba_tekisei_code,kyori_kubun,joken_class_code,pace_shisu_juni,shiba_tekisei_code,53,8880,71.08,13.45,67.46,False
KEIBAJO_SURFACE_06_ダ,uma_deokure_bin+joken_class_code+kyakushitsu+shiba_tekisei_code,uma_deokure_bin,joken_class_code,kyakushitsu,shiba_tekisei_code,36,11618,71.21,11.49,67.46,False
KEIBAJO_SURFACE_06_ダ,pace_yoso+da_tekisei_code+ls_shisu_juni+shiba_tekisei_code,pace_yoso,da_tekisei_code,ls_shisu_juni,shiba_tekisei_code,35,11117,70.93,10.5,67.45,False
KEIBAJO_SURFACE_06_ダ,joken_class_code+kyakushitsu+omo_tekisei_code+shiba_tekisei_code,joken_class_code,kyakushitsu,omo_tekisei_code,shiba_tekisei_code,42,13512,70.4,9.76,67.45,False
KEIBAJO_SURFACE_06_ダ,uma_deokure_bin+kyori_kubun+pace_shisu_juni+shiba_tekisei_code,uma_deokure_bin,kyori_kubun,pace_shisu_juni,shiba_tekisei_code,57,9308,70.51,11.83,67.44,False
KEIBAJO_SURFACE_06_ダ,da_tekisei_code+umakigo_code+kyori_tekisei_2+ten_shisu_juni,da_tekisei_code,umakigo_code,kyori_tekisei_2,ten_shisu_juni,8,1055,76.81,13.53,67.43,False
KEIBAJO_SURFACE_06_ダ,pace_yoso+uma_deokure_bin+pace_shisu_juni+shiba_tekisei_code,pace_yoso,uma_deokure_bin,pace_shisu_juni,shiba_tekisei_code,38,7769,71.72,13.49,67.43,False
KEIBAJO_SURFACE_06_ダ,pace_yoso+da_tekisei_code+kyori_tekisei_2+pace_shisu_juni,pace_yoso,da_tekisei_code,kyori_tekisei_2,pace_shisu_juni,8,1013,73.83,9.25,67.42,False
KEIBAJO_SURFACE_06_ダ,pace_yoso+omo_tekisei_code+ls_shisu_juni+ten_shisu_juni,pace_yoso,omo_tekisei_code,ls_shisu_juni,ten_shisu_juni,59,6903,70.9,13.68,67.41,False
KEIBAJO_SURFACE_06_ダ,hizume_code+pace_yoso+kyori_tekisei+ichi_shisu_juni,hizume_code,pace_yoso,kyori_tekisei,ichi_shisu_juni,15,1778,73.02,11.14,67.39,False
KEIBAJO_SURFACE_06_ダ,pace_yoso+ichi_shisu_juni+omo_tekisei_code+shiba_tekisei_code,pace_yoso,ichi_shisu_juni,omo_tekisei_code,shiba_tekisei_code,55,10818,70.47,11.68,67.38,False
KEIBAJO_SURFACE_06_ダ,kyori_kubun+kyori_tekisei+ls_shisu_juni+pace_shisu_juni,kyori_kubun,kyori_tekisei,ls_shisu_juni,pace_shisu_juni,48,5643,71.44,14.37,67.38,False
KEIBAJO_SURFACE_06_ダ,kyori_tekisei+joken_class_code+kyori_tekisei_2+manken_shisu_decile,kyori_tekisei,joken_class_code,kyori_tekisei_2,manken_shisu_decile,8,908,73.28,8.51,67.38,False
KEIBAJO_SURFACE_06_ダ,hizume_code+uma_deokure_bin+uma_start_shisu_decile+omo_tekisei_code,hizume_code,uma_deokure_bin,uma_start_shisu_decile,omo_tekisei_code,56,9912,70.51,12.01,67.37,False
KEIBAJO_SURFACE_06_ダ,pace_yoso+kyori_kubun+umakigo_code+shiba_tekisei_code,pace_yoso,kyori_kubun,umakigo_code,shiba_tekisei_code,16,15754,70.05,5.46,67.37,False
KEIBAJO_SURFACE_06_ダ,kyakushitsu+umakigo_code+omo_tekisei_code+shiba_tekisei_code,kyakushitsu,umakigo_code,omo_tekisei_code,shiba_tekisei_code,26,15035,70.32,7.68,67.37,False
KEIBAJO_SURFACE_06_ダ,umakigo_code+omo_tekisei_code+pace_shisu_juni+shiba_tekisei_code,umakigo_code,omo_tekisei_code,pace_shisu_juni,shiba_tekisei_code,45,11750,70.62,11.12,67.37,False
KEIBAJO_SURFACE_06_ダ,kyori_kubun+da_tekisei_code+kyori_tekisei_2+ten_shisu_juni,kyori_kubun,da_tekisei_code,kyori_tekisei_2,ten_shisu_juni,6,715,76.01,10.81,67.36,False
KEIBAJO_SURFACE_06_ダ,pace_yoso+ichi_shisu_juni+ls_shisu_juni+shiba_tekisei_code,pace_yoso,ichi_shisu_juni,ls_shisu_juni,shiba_tekisei_code,34,5076,70.94,10.66,67.36,False
KEIBAJO_SURFACE_06_ダ,da_tekisei_code+umakigo_code+manken_shisu_decile+shiba_tekisei_code,da_tekisei_code,umakigo_code,manken_shisu_decile,shiba_tekisei_code,24,9822,71.64,10.69,67.36,False
KEIBAJO_SURFACE_06_ダ,pace_yoso+kyori_kubun+ten_shisu_juni+shiba_tekisei_code,pace_yoso,kyori_kubun,ten_shisu_juni,shiba_tekisei_code,44,10779,71.02,12.38,67.36,False
KEIBAJO_SURFACE_06_ダ,pace_yoso+kyori_tekisei+uma_start_shisu_decile+pace_shisu_juni,pace_yoso,kyori_tekisei,uma_start_shisu_decile,pace_shisu_juni,27,3448,73.66,16.72,67.35,False
KEIBAJO_SURFACE_06_ダ,da_tekisei_code+uma_start_shisu_decile+ls_shisu_juni+shiba_tekisei_code,da_tekisei_code,uma_start_shisu_decile,ls_shisu_juni,shiba_tekisei_code,40,6236,71.93,14.78,67.34,False
KEIBAJO_SURFACE_06_ダ,kyori_tekisei+umakigo_code+kyori_tekisei_2+pace_shisu_juni,kyori_tekisei,umakigo_code,kyori_tekisei_2,pace_shisu_juni,13,1679,74.04,12.32,67.34,False
KEIBAJO_SURFACE_06_ダ,pace_yoso+kyori_kubun+ls_shisu_juni+ten_shisu_juni,pace_yoso,kyori_kubun,ls_shisu_juni,ten_shisu_juni,73,10570,70.79,15.09,67.33,False
KEIBAJO_SURFACE_06_ダ,joken_class_code+umakigo_code+manken_shisu_decile+shiba_tekisei_code,joken_class_code,umakigo_code,manken_shisu_decile,shiba_tekisei_code,35,11628,71.16,11.53,67.33,False
KEIBAJO_SURFACE_06_ダ,hizume_code+manken_shirushi+kyori_kubun+kyakushitsu,hizume_code,manken_shirushi,kyori_kubun,kyakushitsu,6,666,80.55,16.53,67.32,False
KEIBAJO_SURFACE_06_ダ,umakigo_code+ls_shisu_juni+ten_shisu_juni+shiba_tekisei_code,umakigo_code,ls_shisu_juni,ten_shisu_juni,shiba_tekisei_code,47,7586,71.46,14.47,67.32,False
KEIBAJO_SURFACE_06_ダ,kyori_tekisei+joken_class_code+kyori_tekisei_2+shiba_tekisei_code,kyori_tekisei,joken_class_code,kyori_tekisei_2,shiba_tekisei_code,9,1656,74.49,10.99,67.31,False
KEIBAJO_SURFACE_06_ダ,hizume_code+uma_start_shisu_decile+umakigo_code+manken_shisu_decile,hizume_code,uma_start_shisu_decile,umakigo_code,manken_shisu_decile,29,3980,71.13,10.55,67.29,False
KEIBAJO_SURFACE_06_ダ,uma_deokure_bin+joken_class_code+umakigo_code+shiba_tekisei_code,uma_deokure_bin,joken_class_code,umakigo_code,shiba_tekisei_code,31,14149,71.31,11.44,67.29,False
KEIBAJO_SURFACE_06_ダ,pace_yoso+umakigo_code+ichi_shisu_juni+shiba_tekisei_code,pace_yoso,umakigo_code,ichi_shisu_juni,shiba_tekisei_code,43,13528,70.82,11.82,67.29,False
KEIBAJO_SURFACE_06_ダ,pace_yoso+manken_shirushi+manken_shisu_decile+ten_shisu_juni,pace_yoso,manken_shirushi,manken_shisu_decile,ten_shisu_juni,4,473,87.48,20.62,67.28,False
KEIBAJO_SURFACE_06_ダ,uma_deokure_bin+kyori_kubun+ls_shisu_juni+pace_shisu_juni,uma_deokure_bin,kyori_kubun,ls_shisu_juni,pace_shisu_juni,17,1814,74.62,15.44,67.28,False
KEIBAJO_SURFACE_06_ダ,hizume_code+pace_yoso+uma_deokure_bin+ichi_shisu_juni,hizume_code,pace_yoso,uma_deokure_bin,ichi_shisu_juni,34,4578,71.54,12.69,67.27,False
KEIBAJO_SURFACE_06_ダ,da_tekisei_code+joken_class_code+kyori_tekisei_2+manken_shisu_decile,da_tekisei_code,joken_class_code,kyori_tekisei_2,manken_shisu_decile,8,968,73.51,9.02,67.26,False
KEIBAJO_SURFACE_06_ダ,hizume_code+pace_yoso+ten_shisu_juni+pace_shisu_juni,hizume_code,pace_yoso,ten_shisu_juni,pace_shisu_juni,3,410,87.31,17.72,67.26,False
KEIBAJO_SURFACE_06_ダ,kyori_kubun+kyori_tekisei+pace_shisu_juni+shiba_tekisei_code,kyori_kubun,kyori_tekisei,pace_shisu_juni,shiba_tekisei_code,60,10021,70.97,14.68,67.26,False
KEIBAJO_SURFACE_06_ダ,kyori_kubun+uma_start_shisu_decile+kyakushitsu+shiba_tekisei_code,kyori_kubun,uma_start_shisu_decile,kyakushitsu,shiba_tekisei_code,44,12157,70.31,10.36,67.25,False
KEIBAJO_SURFACE_06_ダ,uma_deokure_bin+kyori_tekisei+kyakushitsu+ls_shisu_juni,uma_deokure_bin,kyori_tekisei,kyakushitsu,ls_shisu_juni,67,12138,70.33,12.87,67.25,False
KEIBAJO_SURFACE_06_ダ,uma_deokure_bin+kyakushitsu+umakigo_code+shiba_tekisei_code,uma_deokure_bin,kyakushitsu,umakigo_code,shiba_tekisei_code,31,14419,70.77,9.98,67.25,False
KEIBAJO_SURFACE_06_ダ,hizume_code+uma_deokure_bin+kyori_tekisei+uma_start_shisu_decile,hizume_code,uma_deokure_bin,kyori_tekisei,uma_start_shisu_decile,32,5971,71.68,12.82,67.24,False
KEIBAJO_SURFACE_06_ダ,uma_start_shisu_decile+umakigo_code+ichi_shisu_juni+omo_tekisei_code,uma_start_shisu_decile,umakigo_code,ichi_shisu_juni,omo_tekisei_code,52,9111,69.93,9.93,67.23,False
KEIBAJO_SURFACE_06_ダ,uma_deokure_bin+kyori_kubun+uma_start_shisu_decile+ls_shisu_juni,uma_deokure_bin,kyori_kubun,uma_start_shisu_decile,ls_shisu_juni,63,13592,70.4,12.89,67.21,False
KEIBAJO_SURFACE_06_ダ,pace_yoso+kyori_tekisei+kyori_tekisei_2+pace_shisu_juni,pace_yoso,kyori_tekisei,kyori_tekisei_2,pace_shisu_juni,14,1771,73.91,12.82,67.2,False
KEIBAJO_SURFACE_06_ダ,pace_yoso+bataiju+omo_tekisei_code+shiba_tekisei_code,pace_yoso,bataiju,omo_tekisei_code,shiba_tekisei_code,17,1840,71.71,9.49,67.2,False
KEIBAJO_SURFACE_06_ダ,hizume_code+pace_yoso+pace_shisu_juni+shiba_tekisei_code,hizume_code,pace_yoso,pace_shisu_juni,shiba_tekisei_code,25,3599,72.34,13.13,67.19,False
KEIBAJO_SURFACE_06_ダ,da_tekisei_code+kyori_tekisei+uma_start_shisu_decile+pace_shisu_juni,da_tekisei_code,kyori_tekisei,uma_start_shisu_decile,pace_shisu_juni,26,3625,73.3,15.91,67.19,False
KEIBAJO_SURFACE_06_ダ,da_tekisei_code+joken_class_code+uma_start_shisu_decile+pace_shisu_juni,da_tekisei_code,joken_class_code,uma_start_shisu_decile,pace_shisu_juni,23,3363,73.34,15.06,67.19,False
KEIBAJO_SURFACE_06_ダ,hizume_code+da_tekisei_code+uma_start_shisu_decile+manken_shisu_decile,hizume_code,da_tekisei_code,uma_start_shisu_decile,manken_shisu_decile,6,803,71.84,5.83,67.18,False
KEIBAJO_SURFACE_06_ダ,da_tekisei_code+kyori_tekisei+bataiju+omo_tekisei_code,da_tekisei_code,kyori_tekisei,bataiju,omo_tekisei_code,5,516,75.09,9.03,67.18,False
KEIBAJO_SURFACE_06_ダ,manken_shirushi+kyori_tekisei+kyakushitsu+omo_tekisei_code,manken_shirushi,kyori_tekisei,kyakushitsu,omo_tekisei_code,18,2064,74.26,15.37,67.17,False
KEIBAJO_SURFACE_06_ダ,pace_yoso+kyori_tekisei+ten_shisu_juni+shiba_tekisei_code,pace_yoso,kyori_tekisei,ten_shisu_juni,shiba_tekisei_code,63,9912,70.79,14.68,67.17,False
KEIBAJO_SURFACE_06_ダ,kyori_kubun+kyori_tekisei+joken_class_code+bataiju,kyori_kubun,kyori_tekisei,joken_class_code,bataiju,53,6967,70.3,11.6,67.17,False
KEIBAJO_SURFACE_06_ダ,pace_yoso+uma_start_shisu_decile+ls_shisu_juni+shiba_tekisei_code,pace_yoso,uma_start_shisu_decile,ls_shisu_juni,shiba_tekisei_code,47,9443,70.71,12.4,67.16,False
KEIBAJO_SURFACE_06_ダ,pace_yoso+uma_start_shisu_decile+pace_shisu_juni+shiba_tekisei_code,pace_yoso,uma_start_shisu_decile,pace_shisu_juni,shiba_tekisei_code,23,3602,72.81,13.84,67.16,False
KEIBAJO_SURFACE_06_ダ,pace_yoso+manken_shirushi+kyori_tekisei+ls_shisu_juni,pace_yoso,manken_shirushi,kyori_tekisei,ls_shisu_juni,28,3349,71.51,11.73,67.16,False
KEIBAJO_SURFACE_06_ダ,pace_yoso+uma_start_shisu_decile+kyori_tekisei_2+shiba_tekisei_code,pace_yoso,uma_start_shisu_decile,kyori_tekisei_2,shiba_tekisei_code,5,750,76.15,10.27,67.15,False
KEIBAJO_SURFACE_06_ダ,uma_deokure_bin+joken_class_code+uma_start_shisu_decile+shiba_tekisei_code,uma_deokure_bin,joken_class_code,uma_start_shisu_decile,shiba_tekisei_code,36,9697,70.72,10.94,67.15,False
KEIBAJO_SURFACE_06_ダ,hizume_code+da_tekisei_code+kyori_tekisei+ten_shisu_juni,hizume_code,da_tekisei_code,kyori_tekisei,ten_shisu_juni,16,1883,72.83,11.58,67.15,False
KEIBAJO_SURFACE_06_ダ,pace_yoso+kyakushitsu+pace_shisu_juni+shiba_tekisei_code,pace_yoso,kyakushitsu,pace_shisu_juni,shiba_tekisei_code,44,8833,70.79,12.31,67.15,False
KEIBAJO_SURFACE_06_ダ,hizume_code+joken_class_code+umakigo_code+ten_shisu_juni,hizume_code,joken_class_code,umakigo_code,ten_shisu_juni,36,5447,71.7,13.95,67.14,False
KEIBAJO_SURFACE_06_ダ,kyori_tekisei+joken_class_code+umakigo_code+kyori_tekisei_2,kyori_tekisei,joken_class_code,umakigo_code,kyori_tekisei_2,10,3392,73.7,10.59,67.14,False
KEIBAJO_SURFACE_06_ダ,hizume_code+pace_yoso+kyori_tekisei+kyori_tekisei_2,hizume_code,pace_yoso,kyori_tekisei,kyori_tekisei_2,14,2793,72.48,10.2,67.14,False
KEIBAJO_SURFACE_06_ダ,kyori_tekisei+joken_class_code+uma_start_shisu_decile+kyori_tekisei_2,kyori_tekisei,joken_class_code,uma_start_shisu_decile,kyori_tekisei_2,7,850,76.09,12.08,67.14,False
KEIBAJO_SURFACE_06_ダ,kyori_kubun+uma_start_shisu_decile+ten_shisu_juni+shiba_tekisei_code,kyori_kubun,uma_start_shisu_decile,ten_shisu_juni,shiba_tekisei_code,24,3076,72.12,12.46,67.13,False
KEIBAJO_SURFACE_06_ダ,hizume_code+joken_class_code+uma_start_shisu_decile+shiba_tekisei_code,hizume_code,joken_class_code,uma_start_shisu_decile,shiba_tekisei_code,27,4357,72.38,13.92,67.13,False
KEIBAJO_SURFACE_06_ダ,kyori_kubun+kyakushitsu+umakigo_code+shiba_tekisei_code,kyori_kubun,kyakushitsu,umakigo_code,shiba_tekisei_code,24,15271,70.37,8.1,67.13,False
KEIBAJO_SURFACE_06_ダ,hizume_code+da_tekisei_code+kyakushitsu+ls_shisu_juni,hizume_code,da_tekisei_code,kyakushitsu,ls_shisu_juni,36,5508,71.71,14.07,67.12,False
KEIBAJO_SURFACE_06_ダ,uma_deokure_bin+ichi_shisu_juni+omo_tekisei_code+ls_shisu_juni,uma_deokure_bin,ichi_shisu_juni,omo_tekisei_code,ls_shisu_juni,10,1184,72.58,8.84,67.11,False
KEIBAJO_SURFACE_06_ダ,manken_shirushi+joken_class_code+uma_start_shisu_decile+kyakushitsu,manken_shirushi,joken_class_code,uma_start_shisu_decile,kyakushitsu,13,1571,75.23,14.94,67.11,False
KEIBAJO_SURFACE_06_ダ,uma_deokure_bin+kyori_kubun+da_tekisei_code+shiba_tekisei_code,uma_deokure_bin,kyori_kubun,da_tekisei_code,shiba_tekisei_code,24,10692,71.22,10.32,67.09,False
KEIBAJO_SURFACE_06_ダ,joken_class_code+uma_start_shisu_decile+umakigo_code+pace_shisu_juni,joken_class_code,uma_start_shisu_decile,umakigo_code,pace_shisu_juni,47,7811,71.41,15.11,67.09,False
KEIBAJO_SURFACE_06_ダ,hizume_code+pace_yoso+umakigo_code+bataiju,hizume_code,pace_yoso,umakigo_code,bataiju,28,3392,72.4,14.34,67.09,False
KEIBAJO_SURFACE_06_ダ,kyori_kubun+joken_class_code+uma_start_shisu_decile+ichi_shisu_juni,kyori_kubun,joken_class_code,uma_start_shisu_decile,ichi_shisu_juni,33,4859,71.4,12.7,67.07,False
KEIBAJO_SURFACE_06_ダ,hizume_code+pace_yoso+ichi_shisu_juni+shiba_tekisei_code,hizume_code,pace_yoso,ichi_shisu_juni,shiba_tekisei_code,24,3547,71.84,11.92,67.07,False
KEIBAJO_SURFACE_06_ダ,umakigo_code+omo_tekisei_code+manken_shisu_decile+shiba_tekisei_code,umakigo_code,omo_tekisei_code,manken_shisu_decile,shiba_tekisei_code,41,13235,70.17,10.16,67.06,False
KEIBAJO_SURFACE_06_ダ,hizume_code+joken_class_code+kyakushitsu+pace_shisu_juni,hizume_code,joken_class_code,kyakushitsu,pace_shisu_juni,4,452,81.52,14.76,67.05,False
KEIBAJO_SURFACE_06_ダ,kyori_tekisei+joken_class_code+kyakushitsu+ten_shisu_juni,kyori_tekisei,joken_class_code,kyakushitsu,ten_shisu_juni,53,9924,70.84,14.09,67.05,False
KEIBAJO_SURFACE_06_ダ,pace_yoso+kyori_kubun+manken_shisu_decile+shiba_tekisei_code,pace_yoso,kyori_kubun,manken_shisu_decile,shiba_tekisei_code,48,13354,70.41,11.88,67.05,False
KEIBAJO_SURFACE_06_ダ,pace_yoso+joken_class_code+kyakushitsu+shiba_tekisei_code,pace_yoso,joken_class_code,kyakushitsu,shiba_tekisei_code,36,14691,70.31,10.0,67.04,False
KEIBAJO_SURFACE_06_ダ,joken_class_code+uma_start_shisu_decile+kyakushitsu+ichi_shisu_juni,joken_class_code,uma_start_shisu_decile,kyakushitsu,ichi_shisu_juni,33,4937,71.18,12.14,67.04,False
KEIBAJO_SURFACE_06_ダ,pace_yoso+joken_class_code+manken_shisu_decile+shiba_tekisei_code,pace_yoso,joken_class_code,manken_shisu_decile,shiba_tekisei_code,47,11778,70.68,12.74,67.04,False
KEIBAJO_SURFACE_06_ダ,pace_yoso+manken_shirushi+uma_start_shisu_decile+kyakushitsu,pace_yoso,manken_shirushi,uma_start_shisu_decile,kyakushitsu,26,3770,71.86,12.57,67.03,False
KEIBAJO_SURFACE_06_ダ,pace_yoso+kyori_tekisei+pace_shisu_juni+shiba_tekisei_code,pace_yoso,kyori_tekisei,pace_shisu_juni,shiba_tekisei_code,63,9986,70.46,13.93,67.02,False
KEIBAJO_SURFACE_06_ダ,kyori_tekisei+umakigo_code+ls_shisu_juni+shiba_tekisei_code,kyori_tekisei,umakigo_code,ls_shisu_juni,shiba_tekisei_code,40,12858,70.42,11.0,67.01,False
KEIBAJO_SURFACE_06_ダ,hizume_code+uma_start_shisu_decile+umakigo_code+ls_shisu_juni,hizume_code,uma_start_shisu_decile,umakigo_code,ls_shisu_juni,44,7244,70.82,12.89,67.01,False
KEIBAJO_SURFACE_06_ダ,pace_yoso+uma_deokure_bin+joken_class_code+kyori_tekisei_2,pace_yoso,uma_deokure_bin,joken_class_code,kyori_tekisei_2,9,1531,71.46,6.84,67.0,False
KEIBAJO_SURFACE_06_ダ,hizume_code+pace_yoso+manken_shirushi+shiba_tekisei_code,hizume_code,pace_yoso,manken_shirushi,shiba_tekisei_code,17,2650,71.94,10.42,66.99,False
KEIBAJO_SURFACE_06_ダ,kyori_kubun+uma_start_shisu_decile+kyakushitsu+ls_shisu_juni,kyori_kubun,uma_start_shisu_decile,kyakushitsu,ls_shisu_juni,78,13135,69.98,13.54,66.98,False
KEIBAJO_SURFACE_06_ダ,kyori_kubun+joken_class_code+ls_shisu_juni+manken_shisu_decile,kyori_kubun,joken_class_code,ls_shisu_juni,manken_shisu_decile,70,10839,69.75,11.86,66.97,False
KEIBAJO_SURFACE_06_ダ,uma_start_shisu_decile+kyakushitsu+omo_tekisei_code+ls_shisu_juni,uma_start_shisu_decile,kyakushitsu,omo_tekisei_code,ls_shisu_juni,57,8942,70.24,12.59,66.97,False
KEIBAJO_SURFACE_06_ダ,kyori_kubun+omo_tekisei_code+ls_shisu_juni+manken_shisu_decile,kyori_kubun,omo_tekisei_code,ls_shisu_juni,manken_shisu_decile,68,8901,70.29,14.18,66.92,False
KEIBAJO_SURFACE_06_ダ,uma_start_shisu_decile+omo_tekisei_code+pace_shisu_juni+shiba_tekisei_code,uma_start_shisu_decile,omo_tekisei_code,pace_shisu_juni,shiba_tekisei_code,17,1882,73.5,13.83,66.92,False
KEIBAJO_SURFACE_06_ダ,hizume_code+kyori_kubun+kyakushitsu+kyori_tekisei_2,hizume_code,kyori_kubun,kyakushitsu,kyori_tekisei_2,5,645,73.37,7.37,66.91,False
KEIBAJO_SURFACE_06_ダ,pace_yoso+joken_class_code+ichi_shisu_juni+manken_shisu_decile,pace_yoso,joken_class_code,ichi_shisu_juni,manken_shisu_decile,11,3298,74.05,12.1,66.9,False
KEIBAJO_SURFACE_06_ダ,hizume_code+uma_start_shisu_decile+omo_tekisei_code+manken_shisu_decile,hizume_code,uma_start_shisu_decile,omo_tekisei_code,manken_shisu_decile,7,783,74.3,9.99,66.9,False
KEIBAJO_SURFACE_06_ダ,pace_yoso+da_tekisei_code+joken_class_code+kyori_tekisei_2,pace_yoso,da_tekisei_code,joken_class_code,kyori_tekisei_2,10,3368,73.2,10.17,66.89,False
KEIBAJO_SURFACE_06_ダ,kyakushitsu+umakigo_code+pace_shisu_juni+shiba_tekisei_code,kyakushitsu,umakigo_code,pace_shisu_juni,shiba_tekisei_code,48,11195,70.15,11.5,66.89,False
KEIBAJO_SURFACE_06_ダ,joken_class_code+umakigo_code+ten_shisu_juni+shiba_tekisei_code,joken_class_code,umakigo_code,ten_shisu_juni,shiba_tekisei_code,43,10500,70.92,13.5,66.89,False
KEIBAJO_SURFACE_06_ダ,uma_start_shisu_decile+kyakushitsu+ls_shisu_juni+shiba_tekisei_code,uma_start_shisu_decile,kyakushitsu,ls_shisu_juni,shiba_tekisei_code,35,6219,71.87,15.04,66.89,False
KEIBAJO_SURFACE_06_ダ,hizume_code+kyori_kubun+umakigo_code+shiba_tekisei_code,hizume_code,kyori_kubun,umakigo_code,shiba_tekisei_code,29,12624,69.54,7.3,66.89,False
KEIBAJO_SURFACE_06_ダ,pace_yoso+uma_start_shisu_decile+umakigo_code+bataiju,pace_yoso,uma_start_shisu_decile,umakigo_code,bataiju,24,3067,72.06,13.0,66.86,False
KEIBAJO_SURFACE_06_ダ,hizume_code+kyori_kubun+ls_shisu_juni+shiba_tekisei_code,hizume_code,kyori_kubun,ls_shisu_juni,shiba_tekisei_code,43,7418,70.76,13.15,66.83,False
KEIBAJO_SURFACE_06_ダ,hizume_code+pace_yoso+joken_class_code+shiba_tekisei_code,hizume_code,pace_yoso,joken_class_code,shiba_tekisei_code,42,11325,69.6,9.16,66.83,False
KEIBAJO_SURFACE_06_ダ,uma_deokure_bin+kyori_kubun+kyakushitsu+shiba_tekisei_code,uma_deokure_bin,kyori_kubun,kyakushitsu,shiba_tekisei_code,38,13530,69.85,9.57,66.8,False
KEIBAJO_SURFACE_06_ダ,pace_yoso+kyori_tekisei+joken_class_code+ten_shisu_juni,pace_yoso,kyori_tekisei,joken_class_code,ten_shisu_juni,81,17146,69.63,13.04,66.79,False
KEIBAJO_SURFACE_06_ダ,hizume_code+uma_deokure_bin+da_tekisei_code+ten_shisu_juni,hizume_code,uma_deokure_bin,da_tekisei_code,ten_shisu_juni,8,894,74.77,11.52,66.79,False
KEIBAJO_SURFACE_06_ダ,pace_yoso+uma_deokure_bin+umakigo_code+shiba_tekisei_code,pace_yoso,uma_deokure_bin,umakigo_code,shiba_tekisei_code,22,15389,69.88,7.41,66.78,False
KEIBAJO_SURFACE_06_ダ,hizume_code+uma_deokure_bin+da_tekisei_code+kyori_tekisei_2,hizume_code,uma_deokure_bin,da_tekisei_code,kyori_tekisei_2,6,754,72.88,7.63,66.78,False
KEIBAJO_SURFACE_06_ダ,hizume_code+uma_deokure_bin+joken_class_code+manken_shisu_decile,hizume_code,uma_deokure_bin,joken_class_code,manken_shisu_decile,31,4182,71.1,12.27,66.78,False
KEIBAJO_SURFACE_06_ダ,manken_shirushi+uma_deokure_bin+kyori_tekisei+uma_start_shisu_decile,manken_shirushi,uma_deokure_bin,kyori_tekisei,uma_start_shisu_decile,17,2456,72.21,11.45,66.77,False
KEIBAJO_SURFACE_06_ダ,pace_yoso+joken_class_code+pace_shisu_juni+shiba_tekisei_code,pace_yoso,joken_class_code,pace_shisu_juni,shiba_tekisei_code,58,10459,70.03,12.82,66.73,False
KEIBAJO_SURFACE_06_ダ,hizume_code+kyori_tekisei+umakigo_code+ichi_shisu_juni,hizume_code,kyori_tekisei,umakigo_code,ichi_shisu_juni,34,4309,70.68,11.78,66.72,False
KEIBAJO_SURFACE_06_ダ,pace_yoso+manken_shirushi+joken_class_code+ichi_shisu_juni,pace_yoso,manken_shirushi,joken_class_code,ichi_shisu_juni,8,1959,74.06,10.61,66.71,False
KEIBAJO_SURFACE_06_ダ,kyori_kubun+uma_start_shisu_decile+ichi_shisu_juni+shiba_tekisei_code,kyori_kubun,uma_start_shisu_decile,ichi_shisu_juni,shiba_tekisei_code,22,3478,71.35,11.09,66.71,False
KEIBAJO_SURFACE_06_ダ,pace_yoso+kyakushitsu+ls_shisu_juni+shiba_tekisei_code,pace_yoso,kyakushitsu,ls_shisu_juni,shiba_tekisei_code,48,12844,70.16,12.22,66.7,False
KEIBAJO_SURFACE_06_ダ,kyakushitsu+ichi_shisu_juni+ls_shisu_juni+shiba_tekisei_code,kyakushitsu,ichi_shisu_juni,ls_shisu_juni,shiba_tekisei_code,24,2840,71.4,11.73,66.7,False
KEIBAJO_SURFACE_06_ダ,da_tekisei_code+bataiju+omo_tekisei_code+shiba_tekisei_code,da_tekisei_code,bataiju,omo_tekisei_code,shiba_tekisei_code,4,426,75.49,8.97,66.7,False
KEIBAJO_SURFACE_06_ダ,kyori_kubun+kyori_tekisei+joken_class_code+shiba_tekisei_code,kyori_kubun,kyori_tekisei,joken_class_code,shiba_tekisei_code,32,13894,70.35,10.53,66.7,False
KEIBAJO_SURFACE_06_ダ,kyori_tekisei+joken_class_code+ten_shisu_juni+pace_shisu_juni,kyori_tekisei,joken_class_code,ten_shisu_juni,pace_shisu_juni,19,4350,72.4,12.73,66.68,False
KEIBAJO_SURFACE_06_ダ,uma_start_shisu_decile+umakigo_code+ten_shisu_juni+shiba_tekisei_code,uma_start_shisu_decile,umakigo_code,ten_shisu_juni,shiba_tekisei_code,48,7261,71.12,15.71,66.68,False
KEIBAJO_SURFACE_06_ダ,pace_yoso+joken_class_code+ten_shisu_juni+shiba_tekisei_code,pace_yoso,joken_class_code,ten_shisu_juni,shiba_tekisei_code,60,10597,70.56,15.33,66.68,False
KEIBAJO_SURFACE_06_ダ,hizume_code+kyori_kubun+manken_shisu_decile+shiba_tekisei_code,hizume_code,kyori_kubun,manken_shisu_decile,shiba_tekisei_code,28,4401,71.02,11.77,66.66,False
KEIBAJO_SURFACE_06_ダ,hizume_code+uma_deokure_bin+omo_tekisei_code+manken_shisu_decile,hizume_code,uma_deokure_bin,omo_tekisei_code,manken_shisu_decile,31,3988,70.39,10.6,66.66,False
KEIBAJO_SURFACE_06_ダ,uma_deokure_bin+kyori_tekisei+uma_start_shisu_decile+ls_shisu_juni,uma_deokure_bin,kyori_tekisei,uma_start_shisu_decile,ls_shisu_juni,43,7971,70.97,14.49,66.64,False
KEIBAJO_SURFACE_06_ダ,kyori_kubun+umakigo_code+ls_shisu_juni+shiba_tekisei_code,kyori_kubun,umakigo_code,ls_shisu_juni,shiba_tekisei_code,34,14507,70.12,10.39,66.63,False
KEIBAJO_SURFACE_06_ダ,hizume_code+kyori_kubun+kyakushitsu+ls_shisu_juni,hizume_code,kyori_kubun,kyakushitsu,ls_shisu_juni,47,7442,70.46,13.43,66.63,False
KEIBAJO_SURFACE_06_ダ,manken_shirushi+joken_class_code+uma_start_shisu_decile+manken_shisu_decile,manken_shirushi,joken_class_code,uma_start_shisu_decile,manken_shisu_decile,8,963,74.65,11.57,66.63,False
KEIBAJO_SURFACE_06_ダ,pace_yoso+ichi_shisu_juni+ls_shisu_juni+manken_shisu_decile,pace_yoso,ichi_shisu_juni,ls_shisu_juni,manken_shisu_decile,9,1167,76.2,14.64,66.63,False
KEIBAJO_SURFACE_06_ダ,pace_yoso+uma_deokure_bin+ichi_shisu_juni+shiba_tekisei_code,pace_yoso,uma_deokure_bin,ichi_shisu_juni,shiba_tekisei_code,40,8322,69.92,10.65,66.62,False
KEIBAJO_SURFACE_06_ダ,uma_deokure_bin+uma_start_shisu_decile+omo_tekisei_code+ten_shisu_juni,uma_deokure_bin,uma_start_shisu_decile,omo_tekisei_code,ten_shisu_juni,34,4914,71.26,13.84,66.61,False
KEIBAJO_SURFACE_06_ダ,hizume_code+kyori_kubun+da_tekisei_code+kyori_tekisei_2,hizume_code,kyori_kubun,da_tekisei_code,kyori_tekisei_2,9,1753,73.06,9.89,66.6,False
KEIBAJO_SURFACE_06_ダ,pace_yoso+kyori_kubun+ichi_shisu_juni+shiba_tekisei_code,pace_yoso,kyori_kubun,ichi_shisu_juni,shiba_tekisei_code,45,11104,69.66,10.53,66.59,False
KEIBAJO_SURFACE_06_ダ,uma_deokure_bin+uma_start_shisu_decile+umakigo_code+kyori_tekisei_2,uma_deokure_bin,uma_start_shisu_decile,umakigo_code,kyori_tekisei_2,8,1132,71.38,6.91,66.59,False
KEIBAJO_SURFACE_06_ダ,kyori_kubun+omo_tekisei_code+ls_shisu_juni+shiba_tekisei_code,kyori_kubun,omo_tekisei_code,ls_shisu_juni,shiba_tekisei_code,47,12896,69.96,11.82,66.58,False
KEIBAJO_SURFACE_06_ダ,joken_class_code+umakigo_code+pace_shisu_juni+shiba_tekisei_code,joken_class_code,umakigo_code,pace_shisu_juni,shiba_tekisei_code,42,10469,70.4,12.61,66.58,False
KEIBAJO_SURFACE_06_ダ,uma_start_shisu_decile+umakigo_code+omo_tekisei_code+ten_shisu_juni,uma_start_shisu_decile,umakigo_code,omo_tekisei_code,ten_shisu_juni,52,8491,70.4,14.04,66.58,False
KEIBAJO_SURFACE_06_ダ,kyori_tekisei+uma_start_shisu_decile+kyakushitsu+ichi_shisu_juni,kyori_tekisei,uma_start_shisu_decile,kyakushitsu,ichi_shisu_juni,30,3956,70.88,12.05,66.57,False
KEIBAJO_SURFACE_06_ダ,pace_yoso+kyori_tekisei+ls_shisu_juni+shiba_tekisei_code,pace_yoso,kyori_tekisei,ls_shisu_juni,shiba_tekisei_code,46,12515,69.54,10.32,66.56,False
KEIBAJO_SURFACE_06_ダ,kyori_kubun+umakigo_code+ichi_shisu_juni+shiba_tekisei_code,kyori_kubun,umakigo_code,ichi_shisu_juni,shiba_tekisei_code,39,12317,69.61,9.75,66.55,False
KEIBAJO_SURFACE_06_ダ,pace_yoso+umakigo_code+ten_shisu_juni+shiba_tekisei_code,pace_yoso,umakigo_code,ten_shisu_juni,shiba_tekisei_code,47,13810,70.0,12.11,66.54,False
KEIBAJO_SURFACE_06_ダ,pace_yoso+uma_deokure_bin+ls_shisu_juni+shiba_tekisei_code,pace_yoso,uma_deokure_bin,ls_shisu_juni,shiba_tekisei_code,44,12236,69.95,11.53,66.54,False
KEIBAJO_SURFACE_06_ダ,pace_yoso+ichi_shisu_juni+omo_tekisei_code+ls_shisu_juni,pace_yoso,ichi_shisu_juni,omo_tekisei_code,ls_shisu_juni,56,6747,70.5,15.2,66.52,False
KEIBAJO_SURFACE_06_ダ,hizume_code+manken_shirushi+uma_start_shisu_decile+umakigo_code,hizume_code,manken_shirushi,uma_start_shisu_decile,umakigo_code,10,1316,72.55,9.76,66.5,False
KEIBAJO_SURFACE_06_ダ,hizume_code+pace_yoso+umakigo_code+kyori_tekisei_2,hizume_code,pace_yoso,umakigo_code,kyori_tekisei_2,14,2658,71.59,9.72,66.49,False
KEIBAJO_SURFACE_06_ダ,pace_yoso+omo_tekisei_code+ls_shisu_juni+shiba_tekisei_code,pace_yoso,omo_tekisei_code,ls_shisu_juni,shiba_tekisei_code,46,13856,69.43,10.2,66.49,False
KEIBAJO_SURFACE_06_ダ,uma_deokure_bin+omo_tekisei_code+ls_shisu_juni+manken_shisu_decile,uma_deokure_bin,omo_tekisei_code,ls_shisu_juni,manken_shisu_decile,42,5087,70.63,13.72,66.49,False
KEIBAJO_SURFACE_06_ダ,kyakushitsu+umakigo_code+kyori_tekisei_2+shiba_tekisei_code,kyakushitsu,umakigo_code,kyori_tekisei_2,shiba_tekisei_code,8,1506,73.67,10.38,66.48,False
KEIBAJO_SURFACE_06_ダ,uma_deokure_bin+uma_start_shisu_decile+kyakushitsu+ichi_shisu_juni,uma_deokure_bin,uma_start_shisu_decile,kyakushitsu,ichi_shisu_juni,40,7644,69.9,11.05,66.48,False
KEIBAJO_SURFACE_06_ダ,pace_yoso+kyakushitsu+umakigo_code+shiba_tekisei_code,pace_yoso,kyakushitsu,umakigo_code,shiba_tekisei_code,21,15472,69.33,6.71,66.46,False
KEIBAJO_SURFACE_06_ダ,kyori_kubun+kyori_tekisei+kyori_tekisei_2+shiba_tekisei_code,kyori_kubun,kyori_tekisei,kyori_tekisei_2,shiba_tekisei_code,7,2042,72.91,8.72,66.46,False
KEIBAJO_SURFACE_06_ダ,kyori_kubun+kyori_tekisei+uma_start_shisu_decile+ls_shisu_juni,kyori_kubun,kyori_tekisei,uma_start_shisu_decile,ls_shisu_juni,72,12319,69.84,14.7,66.45,False
KEIBAJO_SURFACE_06_ダ,da_tekisei_code+kyori_tekisei_2+ichi_shisu_juni+omo_tekisei_code,da_tekisei_code,kyori_tekisei_2,ichi_shisu_juni,omo_tekisei_code,3,308,76.84,9.19,66.44,False
KEIBAJO_SURFACE_06_ダ,pace_yoso+manken_shirushi+kyakushitsu+ls_shisu_juni,pace_yoso,manken_shirushi,kyakushitsu,ls_shisu_juni,32,3752,70.3,11.14,66.44,False
KEIBAJO_SURFACE_06_ダ,da_tekisei_code+joken_class_code+ls_shisu_juni+shiba_tekisei_code,da_tekisei_code,joken_class_code,ls_shisu_juni,shiba_tekisei_code,35,9527,71.2,14.35,66.44,False
KEIBAJO_SURFACE_06_ダ,joken_class_code+umakigo_code+omo_tekisei_code+shiba_tekisei_code,joken_class_code,umakigo_code,omo_tekisei_code,shiba_tekisei_code,27,15166,69.8,8.89,66.44,False
KEIBAJO_SURFACE_06_ダ,pace_yoso+ls_shisu_juni+pace_shisu_juni+shiba_tekisei_code,pace_yoso,ls_shisu_juni,pace_shisu_juni,shiba_tekisei_code,36,5236,71.79,16.4,66.43,False
KEIBAJO_SURFACE_06_ダ,kyori_kubun+uma_start_shisu_decile+pace_shisu_juni+shiba_tekisei_code,kyori_kubun,uma_start_shisu_decile,pace_shisu_juni,shiba_tekisei_code,21,2751,72.62,14.53,66.41,False
KEIBAJO_SURFACE_06_ダ,da_tekisei_code+kyori_tekisei+manken_shisu_decile+pace_shisu_juni,da_tekisei_code,kyori_tekisei,manken_shisu_decile,pace_shisu_juni,6,654,77.88,14.34,66.4,False
KEIBAJO_SURFACE_06_ダ,kyori_kubun+umakigo_code+pace_shisu_juni+shiba_tekisei_code,kyori_kubun,umakigo_code,pace_shisu_juni,shiba_tekisei_code,37,12061,69.59,9.94,66.39,False
KEIBAJO_SURFACE_06_ダ,da_tekisei_code+joken_class_code+umakigo_code+shiba_tekisei_code,da_tekisei_code,joken_class_code,umakigo_code,shiba_tekisei_code,18,11846,71.67,11.43,66.39,False
KEIBAJO_SURFACE_06_ダ,joken_class_code+kyakushitsu+ls_shisu_juni+manken_shisu_decile,joken_class_code,kyakushitsu,ls_shisu_juni,manken_shisu_decile,31,3821,71.19,13.7,66.37,False
KEIBAJO_SURFACE_06_ダ,manken_shirushi+umakigo_code+ten_shisu_juni+shiba_tekisei_code,manken_shirushi,umakigo_code,ten_shisu_juni,shiba_tekisei_code,3,321,84.52,16.07,66.34,False
KEIBAJO_SURFACE_06_ダ,pace_yoso+ls_shisu_juni+ten_shisu_juni+shiba_tekisei_code,pace_yoso,ls_shisu_juni,ten_shisu_juni,shiba_tekisei_code,32,4803,70.57,12.25,66.33,False
KEIBAJO_SURFACE_06_ダ,da_tekisei_code+omo_tekisei_code+manken_shisu_decile+ten_shisu_juni,da_tekisei_code,omo_tekisei_code,manken_shisu_decile,ten_shisu_juni,6,649,80.21,17.35,66.33,False
KEIBAJO_SURFACE_06_ダ,manken_shirushi+joken_class_code+ls_shisu_juni+shiba_tekisei_code,manken_shirushi,joken_class_code,ls_shisu_juni,shiba_tekisei_code,12,1460,71.94,9.93,66.32,False
KEIBAJO_SURFACE_06_ダ,hizume_code+joken_class_code+kyakushitsu+manken_shisu_decile,hizume_code,joken_class_code,kyakushitsu,manken_shisu_decile,13,1576,71.3,9.17,66.32,False
KEIBAJO_SURFACE_06_ダ,kyori_tekisei+joken_class_code+umakigo_code+shiba_tekisei_code,kyori_tekisei,joken_class_code,umakigo_code,shiba_tekisei_code,31,14105,70.74,12.64,66.29,False
KEIBAJO_SURFACE_06_ダ,uma_deokure_bin+omo_tekisei_code+ls_shisu_juni+shiba_tekisei_code,uma_deokure_bin,omo_tekisei_code,ls_shisu_juni,shiba_tekisei_code,42,10146,69.72,11.38,66.28,False
KEIBAJO_SURFACE_06_ダ,hizume_code+kyori_kubun+pace_shisu_juni+shiba_tekisei_code,hizume_code,kyori_kubun,pace_shisu_juni,shiba_tekisei_code,20,2338,72.03,13.15,66.27,False
KEIBAJO_SURFACE_06_ダ,hizume_code+uma_deokure_bin+uma_start_shisu_decile+shiba_tekisei_code,hizume_code,uma_deokure_bin,uma_start_shisu_decile,shiba_tekisei_code,30,5641,69.29,8.47,66.26,False
KEIBAJO_SURFACE_06_ダ,uma_deokure_bin+ls_shisu_juni+pace_shisu_juni+shiba_tekisei_code,uma_deokure_bin,ls_shisu_juni,pace_shisu_juni,shiba_tekisei_code,10,1068,74.74,13.68,66.26,False
KEIBAJO_SURFACE_06_ダ,hizume_code+da_tekisei_code+kyakushitsu+kyori_tekisei_2,hizume_code,da_tekisei_code,kyakushitsu,kyori_tekisei_2,5,646,76.3,11.5,66.22,False
KEIBAJO_SURFACE_06_ダ,pace_yoso+joken_class_code+kyakushitsu+kyori_tekisei_2,pace_yoso,joken_class_code,kyakushitsu,kyori_tekisei_2,13,2106,71.67,10.04,66.21,False
KEIBAJO_SURFACE_06_ダ,joken_class_code+uma_start_shisu_decile+ichi_shisu_juni+omo_tekisei_code,joken_class_code,uma_start_shisu_decile,ichi_shisu_juni,omo_tekisei_code,24,3619,70.28,10.26,66.18,False
KEIBAJO_SURFACE_06_ダ,uma_deokure_bin+umakigo_code+ls_shisu_juni+shiba_tekisei_code,uma_deokure_bin,umakigo_code,ls_shisu_juni,shiba_tekisei_code,34,12330,69.68,10.43,66.17,False
KEIBAJO_SURFACE_06_ダ,pace_yoso+kyori_tekisei_2+omo_tekisei_code+manken_shisu_decile,pace_yoso,kyori_tekisei_2,omo_tekisei_code,manken_shisu_decile,10,1776,72.93,10.92,66.16,False
KEIBAJO_SURFACE_06_ダ,kyori_kubun+kyori_tekisei+ls_shisu_juni+ten_shisu_juni,kyori_kubun,kyori_tekisei,ls_shisu_juni,ten_shisu_juni,43,5062,70.38,14.12,66.16,False
KEIBAJO_SURFACE_06_ダ,kyori_kubun+umakigo_code+ten_shisu_juni+shiba_tekisei_code,kyori_kubun,umakigo_code,ten_shisu_juni,shiba_tekisei_code,36,11935,70.01,11.81,66.16,False
KEIBAJO_SURFACE_06_ダ,joken_class_code+uma_start_shisu_decile+umakigo_code+kyori_tekisei_2,joken_class_code,uma_start_shisu_decile,umakigo_code,kyori_tekisei_2,7,830,74.77,11.63,66.16,False
KEIBAJO_SURFACE_06_ダ,kyori_tekisei+ls_shisu_juni+manken_shisu_decile+shiba_tekisei_code,kyori_tekisei,ls_shisu_juni,manken_shisu_decile,shiba_tekisei_code,26,3724,70.51,11.34,66.15,False
KEIBAJO_SURFACE_06_ダ,joken_class_code+uma_start_shisu_decile+omo_tekisei_code+manken_shisu_decile,joken_class_code,uma_start_shisu_decile,omo_tekisei_code,manken_shisu_decile,36,5642,70.11,12.11,66.15,False
KEIBAJO_SURFACE_06_ダ,hizume_code+kyori_tekisei+uma_start_shisu_decile+omo_tekisei_code,hizume_code,kyori_tekisei,uma_start_shisu_decile,omo_tekisei_code,45,6936,70.08,13.52,66.13,False
KEIBAJO_SURFACE_06_ダ,uma_start_shisu_decile+umakigo_code+omo_tekisei_code+pace_shisu_juni,uma_start_shisu_decile,umakigo_code,omo_tekisei_code,pace_shisu_juni,50,8123,70.05,14.21,66.12,False
KEIBAJO_SURFACE_06_ダ,pace_yoso+da_tekisei_code+kyori_tekisei_2+shiba_tekisei_code,pace_yoso,da_tekisei_code,kyori_tekisei_2,shiba_tekisei_code,6,1856,72.19,7.63,66.08,False
KEIBAJO_SURFACE_06_ダ,kyori_kubun+uma_start_shisu_decile+ls_shisu_juni+shiba_tekisei_code,kyori_kubun,uma_start_shisu_decile,ls_shisu_juni,shiba_tekisei_code,42,7954,70.05,13.16,66.07,False
KEIBAJO_SURFACE_06_ダ,kyori_kubun+umakigo_code+omo_tekisei_code+shiba_tekisei_code,kyori_kubun,umakigo_code,omo_tekisei_code,shiba_tekisei_code,20,15335,69.24,7.24,66.07,False
KEIBAJO_SURFACE_06_ダ,kyori_tekisei+kyakushitsu+ichi_shisu_juni+shiba_tekisei_code,kyori_tekisei,kyakushitsu,ichi_shisu_juni,shiba_tekisei_code,45,6318,69.66,12.3,66.07,False
KEIBAJO_SURFACE_06_ダ,kyori_tekisei+kyakushitsu+ls_shisu_juni+shiba_tekisei_code,kyori_tekisei,kyakushitsu,ls_shisu_juni,shiba_tekisei_code,45,8473,69.66,12.32,66.06,False
KEIBAJO_SURFACE_06_ダ,kyori_tekisei+umakigo_code+ichi_shisu_juni+ls_shisu_juni,kyori_tekisei,umakigo_code,ichi_shisu_juni,ls_shisu_juni,56,9410,69.58,13.43,66.06,False
KEIBAJO_SURFACE_06_ダ,pace_yoso+umakigo_code+pace_shisu_juni+shiba_tekisei_code,pace_yoso,umakigo_code,pace_shisu_juni,shiba_tekisei_code,46,13734,69.3,11.21,66.06,False
KEIBAJO_SURFACE_06_ダ,hizume_code+uma_deokure_bin+omo_tekisei_code+ls_shisu_juni,hizume_code,uma_deokure_bin,omo_tekisei_code,ls_shisu_juni,47,7097,70.03,13.89,66.06,False
KEIBAJO_SURFACE_06_ダ,hizume_code+uma_start_shisu_decile+umakigo_code+ichi_shisu_juni,hizume_code,uma_start_shisu_decile,umakigo_code,ichi_shisu_juni,18,2612,71.4,11.57,66.05,False
KEIBAJO_SURFACE_06_ダ,hizume_code+kyori_tekisei+ichi_shisu_juni+omo_tekisei_code,hizume_code,kyori_tekisei,ichi_shisu_juni,omo_tekisei_code,7,764,75.16,12.29,66.05,False
KEIBAJO_SURFACE_06_ダ,umakigo_code+kyori_tekisei_2+ichi_shisu_juni+omo_tekisei_code,umakigo_code,kyori_tekisei_2,ichi_shisu_juni,omo_tekisei_code,3,337,75.27,8.14,66.05,False
KEIBAJO_SURFACE_06_ダ,joken_class_code+uma_start_shisu_decile+kyakushitsu+ls_shisu_juni,joken_class_code,uma_start_shisu_decile,kyakushitsu,ls_shisu_juni,49,7835,69.39,11.93,66.05,False
KEIBAJO_SURFACE_06_ダ,kyori_tekisei+joken_class_code+manken_shisu_decile+ten_shisu_juni,kyori_tekisei,joken_class_code,manken_shisu_decile,ten_shisu_juni,37,4899,69.81,11.7,66.04,False
KEIBAJO_SURFACE_06_ダ,kyori_kubun+kyakushitsu+ls_shisu_juni+manken_shisu_decile,kyori_kubun,kyakushitsu,ls_shisu_juni,manken_shisu_decile,56,6709,69.74,14.23,66.01,False
KEIBAJO_SURFACE_06_ダ,kyori_kubun+ls_shisu_juni+manken_shisu_decile+shiba_tekisei_code,kyori_kubun,ls_shisu_juni,manken_shisu_decile,shiba_tekisei_code,43,6609,69.43,11.42,66.01,False
KEIBAJO_SURFACE_06_ダ,kyori_tekisei+joken_class_code+ls_shisu_juni+shiba_tekisei_code,kyori_tekisei,joken_class_code,ls_shisu_juni,shiba_tekisei_code,33,8691,70.41,12.9,66.0,False
KEIBAJO_SURFACE_06_ダ,pace_yoso+kyori_kubun+kyakushitsu+kyori_tekisei_2,pace_yoso,kyori_kubun,kyakushitsu,kyori_tekisei_2,12,3253,72.81,12.04,66.0,False
KEIBAJO_SURFACE_06_ダ,hizume_code+pace_yoso+ls_shisu_juni+shiba_tekisei_code,hizume_code,pace_yoso,ls_shisu_juni,shiba_tekisei_code,39,8054,69.44,10.97,65.99,False
KEIBAJO_SURFACE_06_ダ,uma_deokure_bin+kyori_tekisei+joken_class_code+ls_shisu_juni,uma_deokure_bin,kyori_tekisei,joken_class_code,ls_shisu_juni,45,12010,69.96,13.64,65.98,False
KEIBAJO_SURFACE_06_ダ,uma_deokure_bin+joken_class_code+pace_shisu_juni+shiba_tekisei_code,uma_deokure_bin,joken_class_code,pace_shisu_juni,shiba_tekisei_code,47,7406,69.91,13.78,65.98,False
KEIBAJO_SURFACE_06_ダ,kyori_kubun+kyori_tekisei_2+omo_tekisei_code+shiba_tekisei_code,kyori_kubun,kyori_tekisei_2,omo_tekisei_code,shiba_tekisei_code,6,1477,73.69,9.64,65.98,False
KEIBAJO_SURFACE_06_ダ,hizume_code+manken_shirushi+joken_class_code+kyakushitsu,hizume_code,manken_shirushi,joken_class_code,kyakushitsu,3,325,80.11,12.49,65.97,False
KEIBAJO_SURFACE_06_ダ,kyori_tekisei+joken_class_code+ls_shisu_juni+manken_shisu_decile,kyori_tekisei,joken_class_code,ls_shisu_juni,manken_shisu_decile,51,9914,68.95,10.9,65.96,False
KEIBAJO_SURFACE_06_ダ,manken_shirushi+uma_deokure_bin+kyori_kubun+ls_shisu_juni,manken_shirushi,uma_deokure_bin,kyori_kubun,ls_shisu_juni,20,2251,70.89,11.23,65.96,False
KEIBAJO_SURFACE_06_ダ,hizume_code+pace_yoso+kyori_tekisei+ls_shisu_juni,hizume_code,pace_yoso,kyori_tekisei,ls_shisu_juni,62,9955,68.78,11.32,65.96,False
KEIBAJO_SURFACE_06_ダ,pace_yoso+kyori_tekisei+ls_shisu_juni+pace_shisu_juni,pace_yoso,kyori_tekisei,ls_shisu_juni,pace_shisu_juni,36,4327,70.48,13.87,65.95,False
KEIBAJO_SURFACE_06_ダ,pace_yoso+manken_shirushi+da_tekisei_code+kyori_tekisei_2,pace_yoso,manken_shirushi,da_tekisei_code,kyori_tekisei_2,12,1523,72.43,11.46,65.95,False
KEIBAJO_SURFACE_06_ダ,kyori_tekisei+joken_class_code+umakigo_code+bataiju,kyori_tekisei,joken_class_code,umakigo_code,bataiju,42,8716,68.79,9.46,65.93,False
KEIBAJO_SURFACE_06_ダ,hizume_code+manken_shirushi+uma_deokure_bin+shiba_tekisei_code,hizume_code,manken_shirushi,uma_deokure_bin,shiba_tekisei_code,7,829,69.5,4.82,65.93,False
KEIBAJO_SURFACE_06_ダ,pace_yoso+uma_start_shisu_decile+ichi_shisu_juni+shiba_tekisei_code,pace_yoso,uma_start_shisu_decile,ichi_shisu_juni,shiba_tekisei_code,25,4192,70.23,11.01,65.91,False
KEIBAJO_SURFACE_06_ダ,pace_yoso+umakigo_code+ls_shisu_juni+shiba_tekisei_code,pace_yoso,umakigo_code,ls_shisu_juni,shiba_tekisei_code,26,14399,70.14,11.02,65.9,False
KEIBAJO_SURFACE_06_ダ,kyori_tekisei+joken_class_code+manken_shisu_decile+shiba_tekisei_code,kyori_tekisei,joken_class_code,manken_shisu_decile,shiba_tekisei_code,28,7430,70.22,11.75,65.87,False
KEIBAJO_SURFACE_06_ダ,kyori_kubun+da_tekisei_code+kyori_tekisei_2+shiba_tekisei_code,kyori_kubun,da_tekisei_code,kyori_tekisei_2,shiba_tekisei_code,7,1808,73.41,10.19,65.86,False
KEIBAJO_SURFACE_06_ダ,da_tekisei_code+kyori_tekisei+ls_shisu_juni+pace_shisu_juni,da_tekisei_code,kyori_tekisei,ls_shisu_juni,pace_shisu_juni,24,2954,71.6,14.38,65.84,False
KEIBAJO_SURFACE_06_ダ,kyori_tekisei+joken_class_code+manken_shisu_decile+pace_shisu_juni,kyori_tekisei,joken_class_code,manken_shisu_decile,pace_shisu_juni,38,5136,69.86,12.62,65.84,False
KEIBAJO_SURFACE_06_ダ,hizume_code+uma_deokure_bin+kyori_tekisei_2+omo_tekisei_code,hizume_code,uma_deokure_bin,kyori_tekisei_2,omo_tekisei_code,4,549,74.71,9.06,65.84,False
KEIBAJO_SURFACE_06_ダ,kyori_kubun+joken_class_code+uma_start_shisu_decile+pace_shisu_juni,kyori_kubun,joken_class_code,uma_start_shisu_decile,pace_shisu_juni,26,3413,71.05,13.57,65.83,False
KEIBAJO_SURFACE_06_ダ,hizume_code+uma_deokure_bin+joken_class_code+ls_shisu_juni,hizume_code,uma_deokure_bin,joken_class_code,ls_shisu_juni,41,6566,70.1,14.03,65.8,False
KEIBAJO_SURFACE_06_ダ,hizume_code+pace_yoso+kyori_tekisei+ten_shisu_juni,hizume_code,pace_yoso,kyori_tekisei,ten_shisu_juni,10,1194,74.64,14.29,65.79,False
KEIBAJO_SURFACE_06_ダ,hizume_code+joken_class_code+ls_shisu_juni+shiba_tekisei_code,hizume_code,joken_class_code,ls_shisu_juni,shiba_tekisei_code,28,4748,71.14,14.54,65.76,False
KEIBAJO_SURFACE_06_ダ,kyori_kubun+uma_start_shisu_decile+kyakushitsu+ichi_shisu_juni,kyori_kubun,uma_start_shisu_decile,kyakushitsu,ichi_shisu_juni,49,7898,69.12,12.04,65.75,False
KEIBAJO_SURFACE_06_ダ,hizume_code+manken_shirushi+joken_class_code+manken_shisu_decile,hizume_code,manken_shirushi,joken_class_code,manken_shisu_decile,5,620,80.62,17.0,65.72,False
KEIBAJO_SURFACE_06_ダ,uma_deokure_bin+kyori_tekisei+omo_tekisei_code+pace_shisu_juni,uma_deokure_bin,kyori_tekisei,omo_tekisei_code,pace_shisu_juni,52,7067,69.36,13.45,65.71,False
KEIBAJO_SURFACE_06_ダ,pace_yoso+umakigo_code+kyori_tekisei_2+ichi_shisu_juni,pace_yoso,umakigo_code,kyori_tekisei_2,ichi_shisu_juni,12,1513,73.23,13.28,65.71,False
KEIBAJO_SURFACE_06_ダ,umakigo_code+omo_tekisei_code+ls_shisu_juni+shiba_tekisei_code,umakigo_code,omo_tekisei_code,ls_shisu_juni,shiba_tekisei_code,37,14090,69.16,10.74,65.7,False
KEIBAJO_SURFACE_06_ダ,kyori_tekisei+uma_start_shisu_decile+umakigo_code+ten_shisu_juni,kyori_tekisei,uma_start_shisu_decile,umakigo_code,ten_shisu_juni,46,6707,70.03,15.03,65.69,False
KEIBAJO_SURFACE_06_ダ,manken_shirushi+uma_deokure_bin+uma_start_shisu_decile+kyakushitsu,manken_shirushi,uma_deokure_bin,uma_start_shisu_decile,kyakushitsu,28,4038,70.61,13.32,65.68,False
KEIBAJO_SURFACE_06_ダ,kyori_tekisei+joken_class_code+uma_start_shisu_decile+ls_shisu_juni,kyori_tekisei,joken_class_code,uma_start_shisu_decile,ls_shisu_juni,36,7213,70.0,13.25,65.68,False
KEIBAJO_SURFACE_06_ダ,hizume_code+joken_class_code+omo_tekisei_code+pace_shisu_juni,hizume_code,joken_class_code,omo_tekisei_code,pace_shisu_juni,14,1649,72.7,13.43,65.67,False
KEIBAJO_SURFACE_06_ダ,pace_yoso+kyori_tekisei+kyori_tekisei_2+ten_shisu_juni,pace_yoso,kyori_tekisei,kyori_tekisei_2,ten_shisu_juni,13,1653,73.13,13.75,65.66,False
KEIBAJO_SURFACE_06_ダ,kyori_kubun+kyori_tekisei+bataiju+omo_tekisei_code,kyori_kubun,kyori_tekisei,bataiju,omo_tekisei_code,6,650,72.53,8.59,65.66,False
KEIBAJO_SURFACE_06_ダ,kyori_tekisei+joken_class_code+uma_start_shisu_decile+manken_shisu_decile,kyori_tekisei,joken_class_code,uma_start_shisu_decile,manken_shisu_decile,27,5121,69.91,11.36,65.63,False
KEIBAJO_SURFACE_06_ダ,uma_deokure_bin+kyori_kubun+uma_start_shisu_decile+kyori_tekisei_2,uma_deokure_bin,kyori_kubun,uma_start_shisu_decile,kyori_tekisei_2,6,806,74.53,11.12,65.63,False
KEIBAJO_SURFACE_06_ダ,uma_deokure_bin+umakigo_code+ten_shisu_juni+shiba_tekisei_code,uma_deokure_bin,umakigo_code,ten_shisu_juni,shiba_tekisei_code,33,9458,69.83,12.34,65.62,False
KEIBAJO_SURFACE_06_ダ,pace_yoso+umakigo_code+manken_shisu_decile+shiba_tekisei_code,pace_yoso,umakigo_code,manken_shisu_decile,shiba_tekisei_code,29,13413,69.55,10.81,65.62,False
KEIBAJO_SURFACE_06_ダ,uma_deokure_bin+joken_class_code+kyori_tekisei_2+omo_tekisei_code,uma_deokure_bin,joken_class_code,kyori_tekisei_2,omo_tekisei_code,4,615,72.57,7.1,65.61,False
KEIBAJO_SURFACE_06_ダ,uma_deokure_bin+uma_start_shisu_decile+ls_shisu_juni+shiba_tekisei_code,uma_deokure_bin,uma_start_shisu_decile,ls_shisu_juni,shiba_tekisei_code,31,6671,69.64,11.46,65.6,False
KEIBAJO_SURFACE_06_ダ,manken_shirushi+joken_class_code+uma_start_shisu_decile+shiba_tekisei_code,manken_shirushi,joken_class_code,uma_start_shisu_decile,shiba_tekisei_code,10,1256,70.7,8.22,65.6,False
KEIBAJO_SURFACE_06_ダ,pace_yoso+umakigo_code+kyori_tekisei_2+pace_shisu_juni,pace_yoso,umakigo_code,kyori_tekisei_2,pace_shisu_juni,13,1620,72.58,12.86,65.59,False
KEIBAJO_SURFACE_06_ダ,hizume_code+uma_deokure_bin+uma_start_shisu_decile+ichi_shisu_juni,hizume_code,uma_deokure_bin,uma_start_shisu_decile,ichi_shisu_juni,9,1166,72.5,10.6,65.58,False
KEIBAJO_SURFACE_06_ダ,joken_class_code+umakigo_code+kyori_tekisei_2+shiba_tekisei_code,joken_class_code,umakigo_code,kyori_tekisei_2,shiba_tekisei_code,6,1296,75.28,12.15,65.55,False
KEIBAJO_SURFACE_06_ダ,uma_deokure_bin+kyori_tekisei+uma_start_shisu_decile+kyori_tekisei_2,uma_deokure_bin,kyori_tekisei,uma_start_shisu_decile,kyori_tekisei_2,8,1170,71.87,9.13,65.55,False
KEIBAJO_SURFACE_06_ダ,kyori_tekisei+omo_tekisei_code+ten_shisu_juni+shiba_tekisei_code,kyori_tekisei,omo_tekisei_code,ten_shisu_juni,shiba_tekisei_code,39,5847,70.05,14.41,65.53,False
KEIBAJO_SURFACE_06_ダ,uma_deokure_bin+uma_start_shisu_decile+omo_tekisei_code+pace_shisu_juni,uma_deokure_bin,uma_start_shisu_decile,omo_tekisei_code,pace_shisu_juni,33,4718,70.81,15.47,65.53,False
KEIBAJO_SURFACE_06_ダ,hizume_code+uma_start_shisu_decile+omo_tekisei_code+shiba_tekisei_code,hizume_code,uma_start_shisu_decile,omo_tekisei_code,shiba_tekisei_code,32,5289,69.84,12.48,65.51,False
KEIBAJO_SURFACE_06_ダ,kyakushitsu+umakigo_code+ls_shisu_juni+shiba_tekisei_code,kyakushitsu,umakigo_code,ls_shisu_juni,shiba_tekisei_code,41,13554,69.7,13.72,65.5,False
KEIBAJO_SURFACE_06_ダ,uma_deokure_bin+kyori_kubun+uma_start_shisu_decile+pace_shisu_juni,uma_deokure_bin,kyori_kubun,uma_start_shisu_decile,pace_shisu_juni,48,7135,69.49,14.09,65.5,False
KEIBAJO_SURFACE_06_ダ,uma_deokure_bin+joken_class_code+ls_shisu_juni+manken_shisu_decile,uma_deokure_bin,joken_class_code,ls_shisu_juni,manken_shisu_decile,40,5677,69.27,12.18,65.5,False
KEIBAJO_SURFACE_06_ダ,pace_yoso+manken_shirushi+uma_deokure_bin+ls_shisu_juni,pace_yoso,manken_shirushi,uma_deokure_bin,ls_shisu_juni,36,4753,69.51,12.32,65.49,False
KEIBAJO_SURFACE_06_ダ,hizume_code+kyori_kubun+uma_start_shisu_decile+ichi_shisu_juni,hizume_code,kyori_kubun,uma_start_shisu_decile,ichi_shisu_juni,5,537,79.87,16.43,65.47,False
KEIBAJO_SURFACE_06_ダ,da_tekisei_code+kyori_tekisei+ls_shisu_juni+ten_shisu_juni,da_tekisei_code,kyori_tekisei,ls_shisu_juni,ten_shisu_juni,23,2726,72.93,18.25,65.47,False
KEIBAJO_SURFACE_06_ダ,kyori_tekisei+uma_start_shisu_decile+kyakushitsu+kyori_tekisei_2,kyori_tekisei,uma_start_shisu_decile,kyakushitsu,kyori_tekisei_2,9,1302,71.72,9.58,65.46,False
KEIBAJO_SURFACE_06_ダ,uma_deokure_bin+kyori_tekisei+omo_tekisei_code+ten_shisu_juni,uma_deokure_bin,kyori_tekisei,omo_tekisei_code,ten_shisu_juni,57,7458,69.94,17.26,65.46,False
KEIBAJO_SURFACE_06_ダ,joken_class_code+uma_start_shisu_decile+umakigo_code+ten_shisu_juni,joken_class_code,uma_start_shisu_decile,umakigo_code,ten_shisu_juni,45,7669,69.83,14.99,65.45,False
KEIBAJO_SURFACE_06_ダ,kyakushitsu+ichi_shisu_juni+omo_tekisei_code+ls_shisu_juni,kyakushitsu,ichi_shisu_juni,omo_tekisei_code,ls_shisu_juni,10,1124,73.36,12.76,65.45,False
KEIBAJO_SURFACE_06_ダ,kyori_tekisei+ichi_shisu_juni+omo_tekisei_code+shiba_tekisei_code,kyori_tekisei,ichi_shisu_juni,omo_tekisei_code,shiba_tekisei_code,43,6369,69.38,13.15,65.45,False
KEIBAJO_SURFACE_06_ダ,joken_class_code+uma_start_shisu_decile+ls_shisu_juni+shiba_tekisei_code,joken_class_code,uma_start_shisu_decile,ls_shisu_juni,shiba_tekisei_code,33,5761,70.73,15.51,65.44,False
KEIBAJO_SURFACE_06_ダ,kyakushitsu+umakigo_code+bataiju+shiba_tekisei_code,kyakushitsu,umakigo_code,bataiju,shiba_tekisei_code,21,2306,70.54,11.96,65.43,False
KEIBAJO_SURFACE_06_ダ,kyori_tekisei+kyakushitsu+pace_shisu_juni+shiba_tekisei_code,kyori_tekisei,kyakushitsu,pace_shisu_juni,shiba_tekisei_code,34,4029,70.48,15.05,65.42,False
KEIBAJO_SURFACE_06_ダ,kyori_kubun+umakigo_code+manken_shisu_decile+shiba_tekisei_code,kyori_kubun,umakigo_code,manken_shisu_decile,shiba_tekisei_code,34,13315,68.83,10.19,65.41,False
KEIBAJO_SURFACE_06_ダ,hizume_code+kyori_kubun+ichi_shisu_juni+shiba_tekisei_code,hizume_code,kyori_kubun,ichi_shisu_juni,shiba_tekisei_code,21,2586,70.34,11.51,65.41,False
KEIBAJO_SURFACE_06_ダ,kyori_tekisei+omo_tekisei_code+pace_shisu_juni+shiba_tekisei_code,kyori_tekisei,omo_tekisei_code,pace_shisu_juni,shiba_tekisei_code,42,6200,70.06,15.38,65.41,False
KEIBAJO_SURFACE_06_ダ,da_tekisei_code+omo_tekisei_code+ls_shisu_juni+ten_shisu_juni,da_tekisei_code,omo_tekisei_code,ls_shisu_juni,ten_shisu_juni,15,1661,74.07,17.15,65.39,False
KEIBAJO_SURFACE_06_ダ,kyori_tekisei+joken_class_code+pace_shisu_juni+shiba_tekisei_code,kyori_tekisei,joken_class_code,pace_shisu_juni,shiba_tekisei_code,29,5815,70.77,14.79,65.39,False
KEIBAJO_SURFACE_06_ダ,joken_class_code+omo_tekisei_code+ls_shisu_juni+ten_shisu_juni,joken_class_code,omo_tekisei_code,ls_shisu_juni,ten_shisu_juni,10,1105,77.7,19.87,65.38,False
KEIBAJO_SURFACE_06_ダ,hizume_code+kyori_tekisei+joken_class_code+uma_start_shisu_decile,hizume_code,kyori_tekisei,joken_class_code,uma_start_shisu_decile,31,5669,69.58,11.93,65.38,False
KEIBAJO_SURFACE_06_ダ,da_tekisei_code+kyori_tekisei_2+manken_shisu_decile+shiba_tekisei_code,da_tekisei_code,kyori_tekisei_2,manken_shisu_decile,shiba_tekisei_code,6,843,71.76,7.97,65.38,False
KEIBAJO_SURFACE_06_ダ,da_tekisei_code+ls_shisu_juni+pace_shisu_juni+shiba_tekisei_code,da_tekisei_code,ls_shisu_juni,pace_shisu_juni,shiba_tekisei_code,18,2013,72.13,14.67,65.35,False
KEIBAJO_SURFACE_06_ダ,hizume_code+joken_class_code+manken_shisu_decile+shiba_tekisei_code,hizume_code,joken_class_code,manken_shisu_decile,shiba_tekisei_code,20,2885,71.28,13.62,65.31,False
KEIBAJO_SURFACE_06_ダ,kyori_tekisei+joken_class_code+ichi_shisu_juni+shiba_tekisei_code,kyori_tekisei,joken_class_code,ichi_shisu_juni,shiba_tekisei_code,27,5630,70.23,13.03,65.31,False
KEIBAJO_SURFACE_06_ダ,kyori_tekisei+umakigo_code+ls_shisu_juni+pace_shisu_juni,kyori_tekisei,umakigo_code,ls_shisu_juni,pace_shisu_juni,65,9467,68.58,13.54,65.29,False
KEIBAJO_SURFACE_06_ダ,pace_yoso+manken_shirushi+ls_shisu_juni+shiba_tekisei_code,pace_yoso,manken_shirushi,ls_shisu_juni,shiba_tekisei_code,23,3611,70.12,11.82,65.29,False
KEIBAJO_SURFACE_06_ダ,hizume_code+pace_yoso+kyori_tekisei_2+shiba_tekisei_code,hizume_code,pace_yoso,kyori_tekisei_2,shiba_tekisei_code,5,757,73.07,8.88,65.29,False
KEIBAJO_SURFACE_06_ダ,manken_shirushi+da_tekisei_code+omo_tekisei_code+ls_shisu_juni,manken_shirushi,da_tekisei_code,omo_tekisei_code,ls_shisu_juni,19,2278,72.1,15.18,65.28,False
KEIBAJO_SURFACE_06_ダ,joken_class_code+kyakushitsu+manken_shisu_decile+ten_shisu_juni,joken_class_code,kyakushitsu,manken_shisu_decile,ten_shisu_juni,5,682,70.97,6.49,65.28,False
KEIBAJO_SURFACE_06_ダ,kyori_tekisei+kyakushitsu+manken_shisu_decile+ten_shisu_juni,kyori_tekisei,kyakushitsu,manken_shisu_decile,ten_shisu_juni,5,682,70.97,6.49,65.28,False
KEIBAJO_SURFACE_06_ダ,uma_deokure_bin+joken_class_code+uma_start_shisu_decile+pace_shisu_juni,uma_deokure_bin,joken_class_code,uma_start_shisu_decile,pace_shisu_juni,33,5476,70.41,15.12,65.25,False
KEIBAJO_SURFACE_06_ダ,hizume_code+uma_start_shisu_decile+kyakushitsu+shiba_tekisei_code,hizume_code,uma_start_shisu_decile,kyakushitsu,shiba_tekisei_code,31,5024,69.78,12.88,65.24,False
KEIBAJO_SURFACE_06_ダ,uma_deokure_bin+kyori_kubun+uma_start_shisu_decile+ichi_shisu_juni,uma_deokure_bin,kyori_kubun,uma_start_shisu_decile,ichi_shisu_juni,51,8419,68.35,11.37,65.23,False
KEIBAJO_SURFACE_06_ダ,hizume_code+kyori_tekisei+kyori_tekisei_2+shiba_tekisei_code,hizume_code,kyori_tekisei,kyori_tekisei_2,shiba_tekisei_code,5,795,74.37,10.44,65.22,False
KEIBAJO_SURFACE_06_ダ,hizume_code+omo_tekisei_code+manken_shisu_decile+shiba_tekisei_code,hizume_code,omo_tekisei_code,manken_shisu_decile,shiba_tekisei_code,24,3524,69.57,10.85,65.22,False
KEIBAJO_SURFACE_06_ダ,hizume_code+umakigo_code+ten_shisu_juni+shiba_tekisei_code,hizume_code,umakigo_code,ten_shisu_juni,shiba_tekisei_code,32,5096,69.41,12.11,65.21,False
KEIBAJO_SURFACE_06_ダ,hizume_code+pace_yoso+uma_start_shisu_decile+manken_shisu_decile,hizume_code,pace_yoso,uma_start_shisu_decile,manken_shisu_decile,15,2073,70.02,9.54,65.19,False
KEIBAJO_SURFACE_06_ダ,hizume_code+pace_yoso+joken_class_code+kyori_tekisei_2,hizume_code,pace_yoso,joken_class_code,kyori_tekisei_2,6,814,71.89,8.39,65.18,False
KEIBAJO_SURFACE_06_ダ,uma_deokure_bin+ls_shisu_juni+manken_shisu_decile+shiba_tekisei_code,uma_deokure_bin,ls_shisu_juni,manken_shisu_decile,shiba_tekisei_code,34,4619,69.07,11.59,65.18,False
KEIBAJO_SURFACE_06_ダ,uma_start_shisu_decile+omo_tekisei_code+ls_shisu_juni+shiba_tekisei_code,uma_start_shisu_decile,omo_tekisei_code,ls_shisu_juni,shiba_tekisei_code,42,6808,69.57,14.56,65.16,False
KEIBAJO_SURFACE_06_ダ,manken_shirushi+kyori_kubun+kyori_tekisei+ichi_shisu_juni,manken_shirushi,kyori_kubun,kyori_tekisei,ichi_shisu_juni,16,2100,71.63,13.21,65.16,False
KEIBAJO_SURFACE_06_ダ,da_tekisei_code+omo_tekisei_code+ls_shisu_juni+pace_shisu_juni,da_tekisei_code,omo_tekisei_code,ls_shisu_juni,pace_shisu_juni,27,2926,70.42,14.13,65.09,False
KEIBAJO_SURFACE_06_ダ,kyori_tekisei+joken_class_code+omo_tekisei_code+pace_shisu_juni,kyori_tekisei,joken_class_code,omo_tekisei_code,pace_shisu_juni,37,7932,69.02,12.24,65.07,False
KEIBAJO_SURFACE_06_ダ,kyori_tekisei+umakigo_code+kyori_tekisei_2+shiba_tekisei_code,kyori_tekisei,umakigo_code,kyori_tekisei_2,shiba_tekisei_code,5,1889,71.03,6.81,65.07,False
KEIBAJO_SURFACE_06_ダ,hizume_code+pace_yoso+uma_start_shisu_decile+ls_shisu_juni,hizume_code,pace_yoso,uma_start_shisu_decile,ls_shisu_juni,37,5263,69.7,14.41,65.06,False
KEIBAJO_SURFACE_06_ダ,uma_deokure_bin+kyori_tekisei+ichi_shisu_juni+shiba_tekisei_code,uma_deokure_bin,kyori_tekisei,ichi_shisu_juni,shiba_tekisei_code,30,4805,69.42,12.23,65.05,False
KEIBAJO_SURFACE_06_ダ,uma_deokure_bin+joken_class_code+ten_shisu_juni+shiba_tekisei_code,uma_deokure_bin,joken_class_code,ten_shisu_juni,shiba_tekisei_code,47,7382,69.34,15.04,65.04,False
KEIBAJO_SURFACE_06_ダ,joken_class_code+uma_start_shisu_decile+umakigo_code+bataiju,joken_class_code,uma_start_shisu_decile,umakigo_code,bataiju,4,425,71.87,6.97,65.04,False
KEIBAJO_SURFACE_06_ダ,manken_shirushi+da_tekisei_code+ls_shisu_juni+shiba_tekisei_code,manken_shirushi,da_tekisei_code,ls_shisu_juni,shiba_tekisei_code,12,1595,74.95,17.54,65.03,False
KEIBAJO_SURFACE_06_ダ,joken_class_code+omo_tekisei_code+ls_shisu_juni+manken_shisu_decile,joken_class_code,omo_tekisei_code,ls_shisu_juni,manken_shisu_decile,45,6206,69.18,14.28,65.01,False
KEIBAJO_SURFACE_06_ダ,hizume_code+ichi_shisu_juni+omo_tekisei_code+shiba_tekisei_code,hizume_code,ichi_shisu_juni,omo_tekisei_code,shiba_tekisei_code,10,1144,73.3,13.4,65.0,False
KEIBAJO_SURFACE_06_ダ,uma_deokure_bin+kyori_tekisei+ls_shisu_juni+manken_shisu_decile,uma_deokure_bin,kyori_tekisei,ls_shisu_juni,manken_shisu_decile,31,3988,70.41,15.56,64.94,False
KEIBAJO_SURFACE_06_ダ,manken_shirushi+kyori_tekisei+kyakushitsu+ichi_shisu_juni,manken_shirushi,kyori_tekisei,kyakushitsu,ichi_shisu_juni,8,1737,71.97,10.15,64.93,False
KEIBAJO_SURFACE_06_ダ,da_tekisei_code+kyakushitsu+kyori_tekisei_2+shiba_tekisei_code,da_tekisei_code,kyakushitsu,kyori_tekisei_2,shiba_tekisei_code,8,1464,72.37,10.74,64.93,False
KEIBAJO_SURFACE_06_ダ,manken_shirushi+joken_class_code+kyakushitsu+ichi_shisu_juni,manken_shirushi,joken_class_code,kyakushitsu,ichi_shisu_juni,8,1737,71.97,10.15,64.93,False
KEIBAJO_SURFACE_06_ダ,omo_tekisei_code+ls_shisu_juni+manken_shisu_decile+shiba_tekisei_code,omo_tekisei_code,ls_shisu_juni,manken_shisu_decile,shiba_tekisei_code,36,4907,68.97,12.42,64.92,False
KEIBAJO_SURFACE_06_ダ,pace_yoso+uma_deokure_bin+kyori_tekisei_2+manken_shisu_decile,pace_yoso,uma_deokure_bin,kyori_tekisei_2,manken_shisu_decile,6,780,73.58,10.84,64.9,False
KEIBAJO_SURFACE_06_ダ,uma_start_shisu_decile+kyakushitsu+pace_shisu_juni+shiba_tekisei_code,uma_start_shisu_decile,kyakushitsu,pace_shisu_juni,shiba_tekisei_code,11,1437,73.29,14.21,64.89,False
KEIBAJO_SURFACE_06_ダ,hizume_code+umakigo_code+kyori_tekisei_2+shiba_tekisei_code,hizume_code,umakigo_code,kyori_tekisei_2,shiba_tekisei_code,4,617,76.9,12.25,64.89,False
KEIBAJO_SURFACE_06_ダ,hizume_code+umakigo_code+ichi_shisu_juni+shiba_tekisei_code,hizume_code,umakigo_code,ichi_shisu_juni,shiba_tekisei_code,28,4805,68.98,11.05,64.88,False
KEIBAJO_SURFACE_06_ダ,manken_shirushi+kyori_tekisei+joken_class_code+ls_shisu_juni,manken_shirushi,kyori_tekisei,joken_class_code,ls_shisu_juni,22,3796,68.91,9.65,64.88,False
KEIBAJO_SURFACE_06_ダ,kyori_tekisei+uma_start_shisu_decile+umakigo_code+ichi_shisu_juni,kyori_tekisei,uma_start_shisu_decile,umakigo_code,ichi_shisu_juni,47,7446,68.98,14.47,64.84,False
KEIBAJO_SURFACE_06_ダ,umakigo_code+ichi_shisu_juni+ls_shisu_juni+manken_shisu_decile,umakigo_code,ichi_shisu_juni,ls_shisu_juni,manken_shisu_decile,9,1328,74.14,14.23,64.84,False
KEIBAJO_SURFACE_06_ダ,da_tekisei_code+kyori_tekisei+ichi_shisu_juni+ls_shisu_juni,da_tekisei_code,kyori_tekisei,ichi_shisu_juni,ls_shisu_juni,25,2848,70.89,15.54,64.8,False
KEIBAJO_SURFACE_06_ダ,manken_shirushi+kyori_kubun+ls_shisu_juni+shiba_tekisei_code,manken_shirushi,kyori_kubun,ls_shisu_juni,shiba_tekisei_code,30,3566,68.87,11.38,64.8,False
KEIBAJO_SURFACE_06_ダ,joken_class_code+umakigo_code+kyori_tekisei_2+manken_shisu_decile,joken_class_code,umakigo_code,kyori_tekisei_2,manken_shisu_decile,6,713,72.36,9.47,64.79,False
KEIBAJO_SURFACE_06_ダ,uma_deokure_bin+kyori_tekisei+joken_class_code+pace_shisu_juni,uma_deokure_bin,kyori_tekisei,joken_class_code,pace_shisu_juni,34,7443,69.03,12.64,64.78,False
KEIBAJO_SURFACE_06_ダ,joken_class_code+uma_start_shisu_decile+manken_shisu_decile+shiba_tekisei_code,joken_class_code,uma_start_shisu_decile,manken_shisu_decile,shiba_tekisei_code,21,3224,70.02,12.28,64.77,False
KEIBAJO_SURFACE_06_ダ,joken_class_code+kyakushitsu+umakigo_code+shiba_tekisei_code,joken_class_code,kyakushitsu,umakigo_code,shiba_tekisei_code,30,14484,68.08,9.27,64.76,False
KEIBAJO_SURFACE_06_ダ,joken_class_code+ichi_shisu_juni+ls_shisu_juni+manken_shisu_decile,joken_class_code,ichi_shisu_juni,ls_shisu_juni,manken_shisu_decile,9,1287,74.28,14.61,64.73,False
KEIBAJO_SURFACE_06_ダ,uma_deokure_bin+da_tekisei_code+uma_start_shisu_decile+kyori_tekisei_2,uma_deokure_bin,da_tekisei_code,uma_start_shisu_decile,kyori_tekisei_2,7,957,71.92,9.78,64.68,False
KEIBAJO_SURFACE_06_ダ,hizume_code+kyori_kubun+kyori_tekisei+ls_shisu_juni,hizume_code,kyori_kubun,kyori_tekisei,ls_shisu_juni,54,9211,68.19,13.17,64.68,False
KEIBAJO_SURFACE_06_ダ,joken_class_code+kyakushitsu+kyori_tekisei_2+omo_tekisei_code,joken_class_code,kyakushitsu,kyori_tekisei_2,omo_tekisei_code,7,928,75.38,14.44,64.68,False
KEIBAJO_SURFACE_06_ダ,pace_yoso+joken_class_code+umakigo_code+kyori_tekisei_2,pace_yoso,joken_class_code,umakigo_code,kyori_tekisei_2,10,3265,71.94,11.73,64.67,False
KEIBAJO_SURFACE_06_ダ,pace_yoso+manken_shirushi+kyori_tekisei+ichi_shisu_juni,pace_yoso,manken_shirushi,kyori_tekisei,ichi_shisu_juni,8,1803,71.71,10.17,64.67,False
KEIBAJO_SURFACE_06_ダ,da_tekisei_code+umakigo_code+kyori_tekisei_2+shiba_tekisei_code,da_tekisei_code,umakigo_code,kyori_tekisei_2,shiba_tekisei_code,5,1726,73.16,9.68,64.67,False
KEIBAJO_SURFACE_06_ダ,uma_deokure_bin+kyori_kubun+ls_shisu_juni+shiba_tekisei_code,uma_deokure_bin,kyori_kubun,ls_shisu_juni,shiba_tekisei_code,40,11040,68.31,11.78,64.65,False
KEIBAJO_SURFACE_06_ダ,uma_start_shisu_decile+kyakushitsu+umakigo_code+kyori_tekisei_2,uma_start_shisu_decile,kyakushitsu,umakigo_code,kyori_tekisei_2,8,1160,71.83,10.38,64.64,False
KEIBAJO_SURFACE_06_ダ,pace_yoso+da_tekisei_code+kyori_tekisei_2+ten_shisu_juni,pace_yoso,da_tekisei_code,kyori_tekisei_2,ten_shisu_juni,8,1027,73.55,12.91,64.6,False
KEIBAJO_SURFACE_06_ダ,kyori_tekisei+uma_start_shisu_decile+ls_shisu_juni+shiba_tekisei_code,kyori_tekisei,uma_start_shisu_decile,ls_shisu_juni,shiba_tekisei_code,27,4455,70.84,16.63,64.57,False
KEIBAJO_SURFACE_06_ダ,joken_class_code+umakigo_code+ichi_shisu_juni+bataiju,joken_class_code,umakigo_code,ichi_shisu_juni,bataiju,4,418,74.24,9.89,64.55,False
KEIBAJO_SURFACE_06_ダ,uma_deokure_bin+umakigo_code+pace_shisu_juni+shiba_tekisei_code,uma_deokure_bin,umakigo_code,pace_shisu_juni,shiba_tekisei_code,36,9769,69.16,14.24,64.51,False
KEIBAJO_SURFACE_06_ダ,uma_deokure_bin+kyori_kubun+uma_start_shisu_decile+ten_shisu_juni,uma_deokure_bin,kyori_kubun,uma_start_shisu_decile,ten_shisu_juni,50,7422,68.73,15.23,64.51,False
KEIBAJO_SURFACE_06_ダ,joken_class_code+uma_start_shisu_decile+ten_shisu_juni+shiba_tekisei_code,joken_class_code,uma_start_shisu_decile,ten_shisu_juni,shiba_tekisei_code,15,1773,71.03,12.9,64.5,False
KEIBAJO_SURFACE_06_ダ,kyakushitsu+ls_shisu_juni+manken_shisu_decile+shiba_tekisei_code,kyakushitsu,ls_shisu_juni,manken_shisu_decile,shiba_tekisei_code,29,3429,68.86,12.07,64.47,False
KEIBAJO_SURFACE_06_ダ,hizume_code+manken_shirushi+omo_tekisei_code+shiba_tekisei_code,hizume_code,manken_shirushi,omo_tekisei_code,shiba_tekisei_code,9,1069,71.69,11.05,64.47,False
KEIBAJO_SURFACE_06_ダ,kyori_kubun+da_tekisei_code+kyori_tekisei+kyori_tekisei_2,kyori_kubun,da_tekisei_code,kyori_tekisei,kyori_tekisei_2,9,3928,71.69,11.08,64.45,False
KEIBAJO_SURFACE_06_ダ,manken_shirushi+kyori_tekisei+umakigo_code+ichi_shisu_juni,manken_shirushi,kyori_tekisei,umakigo_code,ichi_shisu_juni,8,2019,70.9,9.36,64.42,False
KEIBAJO_SURFACE_06_ダ,hizume_code+umakigo_code+pace_shisu_juni+shiba_tekisei_code,hizume_code,umakigo_code,pace_shisu_juni,shiba_tekisei_code,30,4940,68.46,11.33,64.4,False
KEIBAJO_SURFACE_06_ダ,kyori_tekisei+umakigo_code+kyori_tekisei_2+ten_shisu_juni,kyori_tekisei,umakigo_code,kyori_tekisei_2,ten_shisu_juni,12,1575,71.73,12.96,64.39,False
KEIBAJO_SURFACE_06_ダ,manken_shirushi+omo_tekisei_code+ls_shisu_juni+manken_shisu_decile,manken_shirushi,omo_tekisei_code,ls_shisu_juni,manken_shisu_decile,7,943,73.52,12.35,64.37,False
KEIBAJO_SURFACE_06_ダ,kyakushitsu+ichi_shisu_juni+ls_shisu_juni+manken_shisu_decile,kyakushitsu,ichi_shisu_juni,ls_shisu_juni,manken_shisu_decile,6,829,79.28,18.63,64.37,False
KEIBAJO_SURFACE_06_ダ,manken_shirushi+uma_deokure_bin+ls_shisu_juni+shiba_tekisei_code,manken_shirushi,uma_deokure_bin,ls_shisu_juni,shiba_tekisei_code,10,1204,72.39,12.99,64.33,False
KEIBAJO_SURFACE_06_ダ,manken_shirushi+kyori_tekisei+joken_class_code+ichi_shisu_juni,manken_shirushi,kyori_tekisei,joken_class_code,ichi_shisu_juni,8,2089,71.46,10.29,64.33,False
KEIBAJO_SURFACE_06_ダ,kyori_tekisei+umakigo_code+ls_shisu_juni+ten_shisu_juni,kyori_tekisei,umakigo_code,ls_shisu_juni,ten_shisu_juni,55,8283,68.05,14.18,64.31,False
KEIBAJO_SURFACE_06_ダ,hizume_code+omo_tekisei_code+ls_shisu_juni+shiba_tekisei_code,hizume_code,omo_tekisei_code,ls_shisu_juni,shiba_tekisei_code,36,5925,68.07,11.57,64.3,False
KEIBAJO_SURFACE_06_ダ,pace_yoso+kyori_tekisei+ls_shisu_juni+ten_shisu_juni,pace_yoso,kyori_tekisei,ls_shisu_juni,ten_shisu_juni,29,3578,68.95,12.81,64.29,False
KEIBAJO_SURFACE_06_ダ,kyori_kubun+ichi_shisu_juni+ls_shisu_juni+shiba_tekisei_code,kyori_kubun,ichi_shisu_juni,ls_shisu_juni,shiba_tekisei_code,37,4271,68.13,12.01,64.26,False
KEIBAJO_SURFACE_06_ダ,uma_start_shisu_decile+omo_tekisei_code+manken_shisu_decile+shiba_tekisei_code,uma_start_shisu_decile,omo_tekisei_code,manken_shisu_decile,shiba_tekisei_code,25,3631,67.68,8.79,64.24,False
KEIBAJO_SURFACE_06_ダ,uma_start_shisu_decile+kyakushitsu+manken_shisu_decile+shiba_tekisei_code,uma_start_shisu_decile,kyakushitsu,manken_shisu_decile,shiba_tekisei_code,27,3756,68.05,10.1,64.24,False
KEIBAJO_SURFACE_06_ダ,joken_class_code+ls_shisu_juni+ten_shisu_juni+pace_shisu_juni,joken_class_code,ls_shisu_juni,ten_shisu_juni,pace_shisu_juni,8,1195,74.66,15.08,64.21,False
KEIBAJO_SURFACE_06_ダ,hizume_code+manken_shirushi+uma_deokure_bin+uma_start_shisu_decile,hizume_code,manken_shirushi,uma_deokure_bin,uma_start_shisu_decile,5,540,75.66,13.07,64.21,False
KEIBAJO_SURFACE_06_ダ,uma_start_shisu_decile+kyakushitsu+ten_shisu_juni+shiba_tekisei_code,uma_start_shisu_decile,kyakushitsu,ten_shisu_juni,shiba_tekisei_code,16,2096,71.99,15.9,64.2,False
KEIBAJO_SURFACE_06_ダ,da_tekisei_code+umakigo_code+ls_shisu_juni+shiba_tekisei_code,da_tekisei_code,umakigo_code,ls_shisu_juni,shiba_tekisei_code,26,10699,69.37,13.49,64.18,False
KEIBAJO_SURFACE_06_ダ,hizume_code+uma_deokure_bin+kyakushitsu+ls_shisu_juni,hizume_code,uma_deokure_bin,kyakushitsu,ls_shisu_juni,35,5417,68.95,14.44,64.17,False
KEIBAJO_SURFACE_06_ダ,hizume_code+manken_shirushi+uma_deokure_bin+omo_tekisei_code,hizume_code,manken_shirushi,uma_deokure_bin,omo_tekisei_code,4,436,71.6,7.58,64.17,False
KEIBAJO_SURFACE_06_ダ,pace_yoso+joken_class_code+ls_shisu_juni+shiba_tekisei_code,pace_yoso,joken_class_code,ls_shisu_juni,shiba_tekisei_code,43,12882,68.12,13.27,64.16,False
KEIBAJO_SURFACE_06_ダ,kyori_tekisei+uma_start_shisu_decile+kyakushitsu+ten_shisu_juni,kyori_tekisei,uma_start_shisu_decile,kyakushitsu,ten_shisu_juni,14,1581,71.36,13.77,64.14,False
KEIBAJO_SURFACE_06_ダ,uma_start_shisu_decile+kyakushitsu+kyori_tekisei_2+omo_tekisei_code,uma_start_shisu_decile,kyakushitsu,kyori_tekisei_2,omo_tekisei_code,4,506,69.19,5.19,64.11,False
KEIBAJO_SURFACE_06_ダ,manken_shirushi+kyori_kubun+kyakushitsu+ichi_shisu_juni,manken_shirushi,kyori_kubun,kyakushitsu,ichi_shisu_juni,15,1649,69.74,11.14,64.1,False
KEIBAJO_SURFACE_06_ダ,kyori_tekisei+joken_class_code+omo_tekisei_code+ten_shisu_juni,kyori_tekisei,joken_class_code,omo_tekisei_code,ten_shisu_juni,36,7792,68.84,14.53,64.09,False
KEIBAJO_SURFACE_06_ダ,uma_start_shisu_decile+umakigo_code+ls_shisu_juni+manken_shisu_decile,uma_start_shisu_decile,umakigo_code,ls_shisu_juni,manken_shisu_decile,30,4387,69.04,13.97,64.04,False
KEIBAJO_SURFACE_06_ダ,hizume_code+kyori_tekisei+omo_tekisei_code+ls_shisu_juni,hizume_code,kyori_tekisei,omo_tekisei_code,ls_shisu_juni,43,6649,68.28,14.21,64.03,False
KEIBAJO_SURFACE_06_ダ,hizume_code+kyori_tekisei+uma_start_shisu_decile+kyakushitsu,hizume_code,kyori_tekisei,uma_start_shisu_decile,kyakushitsu,27,4067,70.22,16.44,64.02,False
KEIBAJO_SURFACE_06_ダ,kyori_tekisei+omo_tekisei_code+ls_shisu_juni+manken_shisu_decile,kyori_tekisei,omo_tekisei_code,ls_shisu_juni,manken_shisu_decile,38,4977,68.34,13.68,63.99,False
KEIBAJO_SURFACE_06_ダ,joken_class_code+ls_shisu_juni+manken_shisu_decile+shiba_tekisei_code,joken_class_code,ls_shisu_juni,manken_shisu_decile,shiba_tekisei_code,27,4110,67.82,10.16,63.99,False
KEIBAJO_SURFACE_06_ダ,kyori_tekisei+umakigo_code+bataiju+omo_tekisei_code,kyori_tekisei,umakigo_code,bataiju,omo_tekisei_code,19,2075,71.58,16.92,63.97,False
KEIBAJO_SURFACE_06_ダ,hizume_code+joken_class_code+ten_shisu_juni+shiba_tekisei_code,hizume_code,joken_class_code,ten_shisu_juni,shiba_tekisei_code,7,831,73.6,13.0,63.97,False
KEIBAJO_SURFACE_06_ダ,manken_shirushi+uma_start_shisu_decile+kyakushitsu+manken_shisu_decile,manken_shirushi,uma_start_shisu_decile,kyakushitsu,manken_shisu_decile,4,571,77.26,13.57,63.96,False
KEIBAJO_SURFACE_06_ダ,kyori_tekisei+ichi_shisu_juni+ls_shisu_juni+manken_shisu_decile,kyori_tekisei,ichi_shisu_juni,ls_shisu_juni,manken_shisu_decile,9,1268,73.32,14.34,63.96,False
KEIBAJO_SURFACE_06_ダ,kyakushitsu+omo_tekisei_code+ls_shisu_juni+manken_shisu_decile,kyakushitsu,omo_tekisei_code,ls_shisu_juni,manken_shisu_decile,17,1888,68.92,10.45,63.95,False
KEIBAJO_SURFACE_06_ダ,hizume_code+uma_start_shisu_decile+kyakushitsu+ichi_shisu_juni,hizume_code,uma_start_shisu_decile,kyakushitsu,ichi_shisu_juni,8,999,71.17,10.43,63.94,False
KEIBAJO_SURFACE_06_ダ,uma_start_shisu_decile+kyakushitsu+ichi_shisu_juni+shiba_tekisei_code,uma_start_shisu_decile,kyakushitsu,ichi_shisu_juni,shiba_tekisei_code,24,3626,68.54,11.51,63.93,False
KEIBAJO_SURFACE_06_ダ,kyori_kubun+kyakushitsu+kyori_tekisei_2+manken_shisu_decile,kyori_kubun,kyakushitsu,kyori_tekisei_2,manken_shisu_decile,9,1004,74.74,16.56,63.92,False
KEIBAJO_SURFACE_06_ダ,pace_yoso+kyakushitsu+kyori_tekisei_2+shiba_tekisei_code,pace_yoso,kyakushitsu,kyori_tekisei_2,shiba_tekisei_code,8,1555,70.48,9.47,63.92,False
KEIBAJO_SURFACE_06_ダ,joken_class_code+ichi_shisu_juni+ls_shisu_juni+ten_shisu_juni,joken_class_code,ichi_shisu_juni,ls_shisu_juni,ten_shisu_juni,8,1066,76.33,17.94,63.9,False
KEIBAJO_SURFACE_06_ダ,joken_class_code+uma_start_shisu_decile+omo_tekisei_code+pace_shisu_juni,joken_class_code,uma_start_shisu_decile,omo_tekisei_code,pace_shisu_juni,25,3255,69.73,14.88,63.9,False
KEIBAJO_SURFACE_06_ダ,uma_deokure_bin+joken_class_code+ls_shisu_juni+shiba_tekisei_code,uma_deokure_bin,joken_class_code,ls_shisu_juni,shiba_tekisei_code,33,9023,68.26,12.78,63.9,False
KEIBAJO_SURFACE_06_ダ,pace_yoso+joken_class_code+kyori_tekisei_2+shiba_tekisei_code,pace_yoso,joken_class_code,kyori_tekisei_2,shiba_tekisei_code,7,1437,70.45,8.91,63.86,False
KEIBAJO_SURFACE_06_ダ,uma_start_shisu_decile+umakigo_code+ichi_shisu_juni+ls_shisu_juni,uma_start_shisu_decile,umakigo_code,ichi_shisu_juni,ls_shisu_juni,25,3381,69.11,13.47,63.83,False
KEIBAJO_SURFACE_06_ダ,kyori_tekisei+joken_class_code+ichi_shisu_juni+ls_shisu_juni,kyori_tekisei,joken_class_code,ichi_shisu_juni,ls_shisu_juni,30,6586,68.06,11.88,63.81,False
KEIBAJO_SURFACE_06_ダ,hizume_code+umakigo_code+ls_shisu_juni+manken_shisu_decile,hizume_code,umakigo_code,ls_shisu_juni,manken_shisu_decile,35,4851,68.62,14.5,63.81,False
KEIBAJO_SURFACE_06_ダ,hizume_code+uma_deokure_bin+ten_shisu_juni+shiba_tekisei_code,hizume_code,uma_deokure_bin,ten_shisu_juni,shiba_tekisei_code,3,326,75.56,10.39,63.8,False
KEIBAJO_SURFACE_06_ダ,hizume_code+pace_yoso+ls_shisu_juni+manken_shisu_decile,hizume_code,pace_yoso,ls_shisu_juni,manken_shisu_decile,20,2715,71.06,16.77,63.72,False
KEIBAJO_SURFACE_06_ダ,joken_class_code+umakigo_code+ls_shisu_juni+shiba_tekisei_code,joken_class_code,umakigo_code,ls_shisu_juni,shiba_tekisei_code,38,13078,67.86,13.08,63.7,False
KEIBAJO_SURFACE_06_ダ,kyori_tekisei+joken_class_code+ls_shisu_juni+pace_shisu_juni,kyori_tekisei,joken_class_code,ls_shisu_juni,pace_shisu_juni,41,6747,67.84,13.57,63.69,False
KEIBAJO_SURFACE_06_ダ,joken_class_code+kyakushitsu+ichi_shisu_juni+manken_shisu_decile,joken_class_code,kyakushitsu,ichi_shisu_juni,manken_shisu_decile,6,2575,70.55,8.58,63.68,False
KEIBAJO_SURFACE_06_ダ,kyori_tekisei+kyakushitsu+ichi_shisu_juni+manken_shisu_decile,kyori_tekisei,kyakushitsu,ichi_shisu_juni,manken_shisu_decile,6,2575,70.55,8.58,63.68,False
KEIBAJO_SURFACE_06_ダ,hizume_code+uma_start_shisu_decile+kyakushitsu+ten_shisu_juni,hizume_code,uma_start_shisu_decile,kyakushitsu,ten_shisu_juni,3,326,67.57,3.44,63.67,False
KEIBAJO_SURFACE_06_ダ,uma_deokure_bin+kyori_tekisei+pace_shisu_juni+shiba_tekisei_code,uma_deokure_bin,kyori_tekisei,pace_shisu_juni,shiba_tekisei_code,35,4940,68.58,14.83,63.67,False
KEIBAJO_SURFACE_06_ダ,kyori_kubun+ls_shisu_juni+ten_shisu_juni+shiba_tekisei_code,kyori_kubun,ls_shisu_juni,ten_shisu_juni,shiba_tekisei_code,36,3940,69.09,16.59,63.67,False
KEIBAJO_SURFACE_06_ダ,joken_class_code+uma_start_shisu_decile+kyakushitsu+manken_shisu_decile,joken_class_code,uma_start_shisu_decile,kyakushitsu,manken_shisu_decile,29,4389,68.15,12.34,63.66,False
KEIBAJO_SURFACE_06_ダ,hizume_code+kyori_tekisei+joken_class_code+ls_shisu_juni,hizume_code,kyori_tekisei,joken_class_code,ls_shisu_juni,35,6154,68.4,14.47,63.6,False
KEIBAJO_SURFACE_06_ダ,joken_class_code+umakigo_code+kyori_tekisei_2+ls_shisu_juni,joken_class_code,umakigo_code,kyori_tekisei_2,ls_shisu_juni,7,911,73.33,13.13,63.6,False
KEIBAJO_SURFACE_06_ダ,kyori_tekisei+joken_class_code+ten_shisu_juni+shiba_tekisei_code,kyori_tekisei,joken_class_code,ten_shisu_juni,shiba_tekisei_code,25,5347,69.35,14.79,63.55,False
KEIBAJO_SURFACE_06_ダ,hizume_code+kyakushitsu+omo_tekisei_code+ls_shisu_juni,hizume_code,kyakushitsu,omo_tekisei_code,ls_shisu_juni,35,5012,68.49,15.07,63.5,False
KEIBAJO_SURFACE_06_ダ,kyori_kubun+joken_class_code+manken_shisu_decile+ten_shisu_juni,kyori_kubun,joken_class_code,manken_shisu_decile,ten_shisu_juni,7,798,72.76,12.56,63.45,False
KEIBAJO_SURFACE_06_ダ,kyakushitsu+umakigo_code+kyori_tekisei_2+ls_shisu_juni,kyakushitsu,umakigo_code,kyori_tekisei_2,ls_shisu_juni,7,893,68.91,7.41,63.42,False
KEIBAJO_SURFACE_06_ダ,hizume_code+joken_class_code+uma_start_shisu_decile+ichi_shisu_juni,hizume_code,joken_class_code,uma_start_shisu_decile,ichi_shisu_juni,3,345,79.55,14.26,63.41,False
KEIBAJO_SURFACE_06_ダ,hizume_code+kyori_tekisei+joken_class_code+manken_shisu_decile,hizume_code,kyori_tekisei,joken_class_code,manken_shisu_decile,26,4134,67.64,11.15,63.35,False
KEIBAJO_SURFACE_06_ダ,joken_class_code+ichi_shisu_juni+ls_shisu_juni+shiba_tekisei_code,joken_class_code,ichi_shisu_juni,ls_shisu_juni,shiba_tekisei_code,14,1678,69.09,10.99,63.33,False
KEIBAJO_SURFACE_06_ダ,kyori_kubun+da_tekisei_code+umakigo_code+kyori_tekisei_2,kyori_kubun,da_tekisei_code,umakigo_code,kyori_tekisei_2,8,3584,71.32,11.55,63.32,False
KEIBAJO_SURFACE_06_ダ,uma_deokure_bin+joken_class_code+kyori_tekisei_2+shiba_tekisei_code,uma_deokure_bin,joken_class_code,kyori_tekisei_2,shiba_tekisei_code,3,356,78.03,13.0,63.32,False
KEIBAJO_SURFACE_06_ダ,kyori_kubun+umakigo_code+kyori_tekisei_2+shiba_tekisei_code,kyori_kubun,umakigo_code,kyori_tekisei_2,shiba_tekisei_code,7,1879,69.47,8.3,63.32,False
KEIBAJO_SURFACE_06_ダ,hizume_code+kyakushitsu+manken_shisu_decile+shiba_tekisei_code,hizume_code,kyakushitsu,manken_shisu_decile,shiba_tekisei_code,16,1976,69.71,13.06,63.31,False
KEIBAJO_SURFACE_06_ダ,kyori_tekisei+uma_start_shisu_decile+umakigo_code+pace_shisu_juni,kyori_tekisei,uma_start_shisu_decile,umakigo_code,pace_shisu_juni,46,6572,67.63,15.11,63.26,False
KEIBAJO_SURFACE_06_ダ,uma_deokure_bin+uma_start_shisu_decile+ichi_shisu_juni+shiba_tekisei_code,uma_deokure_bin,uma_start_shisu_decile,ichi_shisu_juni,shiba_tekisei_code,23,3643,67.24,9.79,63.24,False
KEIBAJO_SURFACE_06_ダ,da_tekisei_code+joken_class_code+uma_start_shisu_decile+kyori_tekisei_2,da_tekisei_code,joken_class_code,uma_start_shisu_decile,kyori_tekisei_2,6,793,73.38,12.68,63.23,False
KEIBAJO_SURFACE_06_ダ,kyori_kubun+umakigo_code+bataiju+ls_shisu_juni,kyori_kubun,umakigo_code,bataiju,ls_shisu_juni,4,409,79.13,16.23,63.22,False
KEIBAJO_SURFACE_06_ダ,da_tekisei_code+kyori_tekisei_2+omo_tekisei_code+manken_shisu_decile,da_tekisei_code,kyori_tekisei_2,omo_tekisei_code,manken_shisu_decile,8,1354,71.97,12.63,63.22,False
KEIBAJO_SURFACE_06_ダ,manken_shirushi+kyakushitsu+ichi_shisu_juni+manken_shisu_decile,manken_shirushi,kyakushitsu,ichi_shisu_juni,manken_shisu_decile,6,670,74.3,13.87,63.2,False
KEIBAJO_SURFACE_06_ダ,manken_shirushi+da_tekisei_code+ls_shisu_juni+manken_shisu_decile,manken_shirushi,da_tekisei_code,ls_shisu_juni,manken_shisu_decile,15,2366,72.59,18.61,63.18,False
KEIBAJO_SURFACE_06_ダ,hizume_code+umakigo_code+ls_shisu_juni+pace_shisu_juni,hizume_code,umakigo_code,ls_shisu_juni,pace_shisu_juni,13,1503,68.74,10.43,63.08,False
KEIBAJO_SURFACE_06_ダ,ichi_shisu_juni+omo_tekisei_code+ls_shisu_juni+shiba_tekisei_code,ichi_shisu_juni,omo_tekisei_code,ls_shisu_juni,shiba_tekisei_code,11,1275,68.99,10.18,62.97,False
KEIBAJO_SURFACE_06_ダ,kyori_kubun+ls_shisu_juni+pace_shisu_juni+shiba_tekisei_code,kyori_kubun,ls_shisu_juni,pace_shisu_juni,shiba_tekisei_code,33,3693,68.77,17.0,62.96,False
KEIBAJO_SURFACE_06_ダ,uma_deokure_bin+joken_class_code+uma_start_shisu_decile+ten_shisu_juni,uma_deokure_bin,joken_class_code,uma_start_shisu_decile,ten_shisu_juni,32,5467,68.57,16.28,62.93,False
KEIBAJO_SURFACE_06_ダ,kyori_tekisei+uma_start_shisu_decile+omo_tekisei_code+manken_shisu_decile,kyori_tekisei,uma_start_shisu_decile,omo_tekisei_code,manken_shisu_decile,36,5207,67.03,12.68,62.89,False
KEIBAJO_SURFACE_06_ダ,kyori_tekisei+joken_class_code+bataiju+omo_tekisei_code,kyori_tekisei,joken_class_code,bataiju,omo_tekisei_code,13,1436,72.16,17.11,62.86,False
KEIBAJO_SURFACE_06_ダ,kyori_tekisei+uma_start_shisu_decile+kyakushitsu+manken_shisu_decile,kyori_tekisei,uma_start_shisu_decile,kyakushitsu,manken_shisu_decile,29,4111,67.43,12.67,62.82,False
KEIBAJO_SURFACE_06_ダ,kyori_tekisei+ichi_shisu_juni+ls_shisu_juni+pace_shisu_juni,kyori_tekisei,ichi_shisu_juni,ls_shisu_juni,pace_shisu_juni,6,802,74.52,14.63,62.82,False
KEIBAJO_SURFACE_06_ダ,kyori_kubun+ichi_shisu_juni+omo_tekisei_code+ls_shisu_juni,kyori_kubun,ichi_shisu_juni,omo_tekisei_code,ls_shisu_juni,11,1189,69.92,12.09,62.78,False
KEIBAJO_SURFACE_06_ダ,uma_deokure_bin+kyori_tekisei+joken_class_code+ten_shisu_juni,uma_deokure_bin,kyori_tekisei,joken_class_code,ten_shisu_juni,35,7538,67.92,15.59,62.76,False
KEIBAJO_SURFACE_06_ダ,hizume_code+manken_shirushi+umakigo_code+ls_shisu_juni,hizume_code,manken_shirushi,umakigo_code,ls_shisu_juni,13,1569,68.84,11.19,62.76,False
KEIBAJO_SURFACE_06_ダ,kyori_tekisei+kyakushitsu+ls_shisu_juni+manken_shisu_decile,kyori_tekisei,kyakushitsu,ls_shisu_juni,manken_shisu_decile,21,2669,67.18,10.46,62.71,False
KEIBAJO_SURFACE_06_ダ,pace_yoso+manken_shirushi+kyori_tekisei_2+omo_tekisei_code,pace_yoso,manken_shirushi,kyori_tekisei_2,omo_tekisei_code,5,564,71.78,10.41,62.65,False
KEIBAJO_SURFACE_06_ダ,hizume_code+joken_class_code+pace_shisu_juni+shiba_tekisei_code,hizume_code,joken_class_code,pace_shisu_juni,shiba_tekisei_code,9,1044,70.34,11.79,62.63,False
KEIBAJO_SURFACE_06_ダ,joken_class_code+kyakushitsu+ls_shisu_juni+ten_shisu_juni,joken_class_code,kyakushitsu,ls_shisu_juni,ten_shisu_juni,8,999,73.2,15.27,62.62,False
KEIBAJO_SURFACE_06_ダ,pace_yoso+umakigo_code+kyori_tekisei_2+ten_shisu_juni,pace_yoso,umakigo_code,kyori_tekisei_2,ten_shisu_juni,11,1425,70.76,13.83,62.59,False
KEIBAJO_SURFACE_06_ダ,kyori_tekisei+uma_start_shisu_decile+ichi_shisu_juni+omo_tekisei_code,kyori_tekisei,uma_start_shisu_decile,ichi_shisu_juni,omo_tekisei_code,18,2342,68.65,13.15,62.57,False
KEIBAJO_SURFACE_06_ダ,kyori_kubun+joken_class_code+manken_shisu_decile+pace_shisu_juni,kyori_kubun,joken_class_code,manken_shisu_decile,pace_shisu_juni,11,1263,71.61,15.32,62.56,False
KEIBAJO_SURFACE_06_ダ,kyori_tekisei+joken_class_code+ls_shisu_juni+ten_shisu_juni,kyori_tekisei,joken_class_code,ls_shisu_juni,ten_shisu_juni,38,6335,67.38,15.18,62.55,False
KEIBAJO_SURFACE_06_ダ,uma_deokure_bin+kyakushitsu+kyori_tekisei_2+shiba_tekisei_code,uma_deokure_bin,kyakushitsu,kyori_tekisei_2,shiba_tekisei_code,4,476,73.87,11.56,62.54,False
KEIBAJO_SURFACE_06_ダ,hizume_code+uma_deokure_bin+ls_shisu_juni+shiba_tekisei_code,hizume_code,uma_deokure_bin,ls_shisu_juni,shiba_tekisei_code,29,4753,68.21,15.64,62.52,False
KEIBAJO_SURFACE_06_ダ,hizume_code+kyakushitsu+ichi_shisu_juni+shiba_tekisei_code,hizume_code,kyakushitsu,ichi_shisu_juni,shiba_tekisei_code,13,1656,70.22,14.19,62.51,False
KEIBAJO_SURFACE_06_ダ,pace_yoso+uma_deokure_bin+manken_shisu_decile+pace_shisu_juni,pace_yoso,uma_deokure_bin,manken_shisu_decile,pace_shisu_juni,5,534,79.71,19.66,62.48,False
KEIBAJO_SURFACE_06_ダ,pace_yoso+manken_shirushi+ls_shisu_juni+manken_shisu_decile,pace_yoso,manken_shirushi,ls_shisu_juni,manken_shisu_decile,20,3108,70.11,17.44,62.46,False
KEIBAJO_SURFACE_06_ダ,kyori_tekisei+ls_shisu_juni+ten_shisu_juni+pace_shisu_juni,kyori_tekisei,ls_shisu_juni,ten_shisu_juni,pace_shisu_juni,7,944,74.04,15.72,62.39,False
KEIBAJO_SURFACE_06_ダ,kyori_tekisei+uma_start_shisu_decile+manken_shisu_decile+shiba_tekisei_code,kyori_tekisei,uma_start_shisu_decile,manken_shisu_decile,shiba_tekisei_code,20,3015,68.08,13.02,62.37,False
KEIBAJO_SURFACE_06_ダ,kyori_tekisei+uma_start_shisu_decile+omo_tekisei_code+ls_shisu_juni,kyori_tekisei,uma_start_shisu_decile,omo_tekisei_code,ls_shisu_juni,40,6513,66.7,14.26,62.28,False
KEIBAJO_SURFACE_06_ダ,hizume_code+uma_deokure_bin+ichi_shisu_juni+shiba_tekisei_code,hizume_code,uma_deokure_bin,ichi_shisu_juni,shiba_tekisei_code,8,974,71.76,13.76,62.22,False
KEIBAJO_SURFACE_06_ダ,hizume_code+kyori_tekisei+pace_shisu_juni+shiba_tekisei_code,hizume_code,kyori_tekisei,pace_shisu_juni,shiba_tekisei_code,3,317,73.21,9.71,62.21,False
KEIBAJO_SURFACE_06_ダ,manken_shirushi+kyori_tekisei+uma_start_shisu_decile+shiba_tekisei_code,manken_shirushi,kyori_tekisei,uma_start_shisu_decile,shiba_tekisei_code,6,670,71.18,11.22,62.2,False
KEIBAJO_SURFACE_06_ダ,kyori_tekisei+joken_class_code+kyori_tekisei_2+ls_shisu_juni,kyori_tekisei,joken_class_code,kyori_tekisei_2,ls_shisu_juni,7,912,72.53,13.99,62.17,False
KEIBAJO_SURFACE_06_ダ,pace_yoso+kyori_kubun+kyori_tekisei_2+shiba_tekisei_code,pace_yoso,kyori_kubun,kyori_tekisei_2,shiba_tekisei_code,7,1968,70.99,11.91,62.17,False
KEIBAJO_SURFACE_06_ダ,manken_shirushi+kyori_tekisei+joken_class_code+uma_start_shisu_decile,manken_shirushi,kyori_tekisei,joken_class_code,uma_start_shisu_decile,16,2429,66.12,8.06,62.17,False
KEIBAJO_SURFACE_06_ダ,hizume_code+uma_deokure_bin+uma_start_shisu_decile+ls_shisu_juni,hizume_code,uma_deokure_bin,uma_start_shisu_decile,ls_shisu_juni,26,3717,68.06,15.34,62.16,False
KEIBAJO_SURFACE_06_ダ,hizume_code+uma_deokure_bin+kyori_tekisei+ls_shisu_juni,hizume_code,uma_deokure_bin,kyori_tekisei,ls_shisu_juni,23,3561,69.63,18.3,62.16,False
KEIBAJO_SURFACE_06_ダ,kyori_kubun+joken_class_code+kyori_tekisei_2+ls_shisu_juni,kyori_kubun,joken_class_code,kyori_tekisei_2,ls_shisu_juni,6,668,73.14,13.79,62.1,False
KEIBAJO_SURFACE_06_ダ,da_tekisei_code+kyakushitsu+kyori_tekisei_2+manken_shisu_decile,da_tekisei_code,kyakushitsu,kyori_tekisei_2,manken_shisu_decile,5,558,72.22,11.55,62.1,False
KEIBAJO_SURFACE_06_ダ,kyori_tekisei+kyakushitsu+kyori_tekisei_2+manken_shisu_decile,kyori_tekisei,kyakushitsu,kyori_tekisei_2,manken_shisu_decile,10,1151,72.62,17.0,62.08,False
KEIBAJO_SURFACE_06_ダ,joken_class_code+uma_start_shisu_decile+ichi_shisu_juni+shiba_tekisei_code,joken_class_code,uma_start_shisu_decile,ichi_shisu_juni,shiba_tekisei_code,13,1963,68.66,12.21,62.02,False
KEIBAJO_SURFACE_06_ダ,joken_class_code+uma_start_shisu_decile+omo_tekisei_code+ten_shisu_juni,joken_class_code,uma_start_shisu_decile,omo_tekisei_code,ten_shisu_juni,26,3395,68.31,16.37,62.01,False
KEIBAJO_SURFACE_06_ダ,kyori_tekisei+joken_class_code+ichi_shisu_juni+manken_shisu_decile,kyori_tekisei,joken_class_code,ichi_shisu_juni,manken_shisu_decile,10,3458,67.83,9.39,62.01,False
KEIBAJO_SURFACE_06_ダ,pace_yoso+uma_start_shisu_decile+ichi_shisu_juni+ls_shisu_juni,pace_yoso,uma_start_shisu_decile,ichi_shisu_juni,ls_shisu_juni,16,1956,68.54,13.47,61.94,False
KEIBAJO_SURFACE_06_ダ,pace_yoso+uma_start_shisu_decile+ls_shisu_juni+manken_shisu_decile,pace_yoso,uma_start_shisu_decile,ls_shisu_juni,manken_shisu_decile,20,2762,68.4,14.78,61.92,False
KEIBAJO_SURFACE_06_ダ,kyori_tekisei+uma_start_shisu_decile+kyakushitsu+ls_shisu_juni,kyori_tekisei,uma_start_shisu_decile,kyakushitsu,ls_shisu_juni,39,5877,66.52,14.66,61.92,False
KEIBAJO_SURFACE_06_ダ,uma_deokure_bin+uma_start_shisu_decile+ichi_shisu_juni+ls_shisu_juni,uma_deokure_bin,uma_start_shisu_decile,ichi_shisu_juni,ls_shisu_juni,14,1649,67.6,10.86,61.91,False
KEIBAJO_SURFACE_06_ダ,kyori_kubun+uma_start_shisu_decile+kyakushitsu+kyori_tekisei_2,kyori_kubun,uma_start_shisu_decile,kyakushitsu,kyori_tekisei_2,6,822,69.45,9.48,61.86,False
KEIBAJO_SURFACE_06_ダ,uma_deokure_bin+uma_start_shisu_decile+ten_shisu_juni+shiba_tekisei_code,uma_deokure_bin,uma_start_shisu_decile,ten_shisu_juni,shiba_tekisei_code,27,3625,67.59,15.47,61.75,False
KEIBAJO_SURFACE_06_ダ,manken_shirushi+uma_start_shisu_decile+umakigo_code+ls_shisu_juni,manken_shirushi,uma_start_shisu_decile,umakigo_code,ls_shisu_juni,16,1997,67.43,11.64,61.72,False
KEIBAJO_SURFACE_06_ダ,da_tekisei_code+ichi_shisu_juni+omo_tekisei_code+ls_shisu_juni,da_tekisei_code,ichi_shisu_juni,omo_tekisei_code,ls_shisu_juni,16,1756,69.3,15.74,61.59,False
KEIBAJO_SURFACE_06_ダ,hizume_code+joken_class_code+ichi_shisu_juni+omo_tekisei_code,hizume_code,joken_class_code,ichi_shisu_juni,omo_tekisei_code,11,1530,69.44,13.33,61.56,False
KEIBAJO_SURFACE_06_ダ,uma_deokure_bin+kyori_tekisei+ten_shisu_juni+shiba_tekisei_code,uma_deokure_bin,kyori_tekisei,ten_shisu_juni,shiba_tekisei_code,34,4810,66.87,15.8,61.56,False
KEIBAJO_SURFACE_06_ダ,hizume_code+kyori_tekisei+ls_shisu_juni+shiba_tekisei_code,hizume_code,kyori_tekisei,ls_shisu_juni,shiba_tekisei_code,25,3842,66.32,12.19,61.55,False
KEIBAJO_SURFACE_06_ダ,hizume_code+uma_deokure_bin+kyori_tekisei+ichi_shisu_juni,hizume_code,uma_deokure_bin,kyori_tekisei,ichi_shisu_juni,4,458,73.37,12.09,61.52,False
KEIBAJO_SURFACE_06_ダ,hizume_code+joken_class_code+kyakushitsu+ls_shisu_juni,hizume_code,joken_class_code,kyakushitsu,ls_shisu_juni,28,4048,66.4,13.23,61.51,False
KEIBAJO_SURFACE_06_ダ,uma_deokure_bin+kyori_tekisei+uma_start_shisu_decile+ichi_shisu_juni,uma_deokure_bin,kyori_tekisei,uma_start_shisu_decile,ichi_shisu_juni,29,4577,67.18,15.63,61.49,False
KEIBAJO_SURFACE_06_ダ,pace_yoso+uma_start_shisu_decile+kyakushitsu+kyori_tekisei_2,pace_yoso,uma_start_shisu_decile,kyakushitsu,kyori_tekisei_2,7,1062,68.31,9.22,61.48,False
KEIBAJO_SURFACE_06_ダ,hizume_code+kyakushitsu+ls_shisu_juni+shiba_tekisei_code,hizume_code,kyakushitsu,ls_shisu_juni,shiba_tekisei_code,24,3897,66.48,12.72,61.4,False
KEIBAJO_SURFACE_06_ダ,pace_yoso+manken_shirushi+uma_start_shisu_decile+ls_shisu_juni,pace_yoso,manken_shirushi,uma_start_shisu_decile,ls_shisu_juni,7,756,73.07,15.81,61.35,False
KEIBAJO_SURFACE_06_ダ,manken_shirushi+joken_class_code+ichi_shisu_juni+manken_shisu_decile,manken_shirushi,joken_class_code,ichi_shisu_juni,manken_shisu_decile,7,791,73.63,16.58,61.35,False
KEIBAJO_SURFACE_06_ダ,manken_shirushi+kyori_kubun+omo_tekisei_code+ls_shisu_juni,manken_shirushi,kyori_kubun,omo_tekisei_code,ls_shisu_juni,8,886,70.72,13.54,61.34,False
KEIBAJO_SURFACE_06_ダ,hizume_code+kyori_tekisei+manken_shisu_decile+shiba_tekisei_code,hizume_code,kyori_tekisei,manken_shisu_decile,shiba_tekisei_code,18,2502,67.25,12.89,61.3,False
KEIBAJO_SURFACE_06_ダ,uma_deokure_bin+joken_class_code+ls_shisu_juni+ten_shisu_juni,uma_deokure_bin,joken_class_code,ls_shisu_juni,ten_shisu_juni,9,1025,71.41,15.48,61.3,False
KEIBAJO_SURFACE_06_ダ,uma_start_shisu_decile+kyakushitsu+ichi_shisu_juni+ls_shisu_juni,uma_start_shisu_decile,kyakushitsu,ichi_shisu_juni,ls_shisu_juni,8,915,71.08,14.27,61.2,False
KEIBAJO_SURFACE_06_ダ,pace_yoso+kyakushitsu+kyori_tekisei_2+manken_shisu_decile,pace_yoso,kyakushitsu,kyori_tekisei_2,manken_shisu_decile,9,1039,70.71,14.62,61.15,False
KEIBAJO_SURFACE_06_ダ,uma_deokure_bin+kyori_tekisei+kyori_tekisei_2+ls_shisu_juni,uma_deokure_bin,kyori_tekisei,kyori_tekisei_2,ls_shisu_juni,8,1037,72.76,16.84,61.09,False
KEIBAJO_SURFACE_06_ダ,kyori_tekisei+kyori_tekisei_2+omo_tekisei_code+ls_shisu_juni,kyori_tekisei,kyori_tekisei_2,omo_tekisei_code,ls_shisu_juni,12,1983,69.16,14.28,61.07,False
KEIBAJO_SURFACE_06_ダ,hizume_code+uma_deokure_bin+uma_start_shisu_decile+ten_shisu_juni,hizume_code,uma_deokure_bin,uma_start_shisu_decile,ten_shisu_juni,5,574,71.35,11.73,61.07,False
KEIBAJO_SURFACE_06_ダ,hizume_code+kyori_tekisei+ichi_shisu_juni+shiba_tekisei_code,hizume_code,kyori_tekisei,ichi_shisu_juni,shiba_tekisei_code,4,441,67.23,6.29,61.07,False
KEIBAJO_SURFACE_06_ダ,uma_start_shisu_decile+umakigo_code+ls_shisu_juni+ten_shisu_juni,uma_start_shisu_decile,umakigo_code,ls_shisu_juni,ten_shisu_juni,19,2381,69.86,19.56,61.06,False
KEIBAJO_SURFACE_06_ダ,hizume_code+kyori_tekisei+joken_class_code+ten_shisu_juni,hizume_code,kyori_tekisei,joken_class_code,ten_shisu_juni,14,1716,66.98,11.42,61.0,False
KEIBAJO_SURFACE_06_ダ,hizume_code+uma_deokure_bin+kyori_tekisei+manken_shisu_decile,hizume_code,uma_deokure_bin,kyori_tekisei,manken_shisu_decile,20,2516,68.32,16.73,60.99,False
KEIBAJO_SURFACE_06_ダ,joken_class_code+kyori_tekisei_2+omo_tekisei_code+shiba_tekisei_code,joken_class_code,kyori_tekisei_2,omo_tekisei_code,shiba_tekisei_code,5,847,71.07,11.52,60.97,False
KEIBAJO_SURFACE_06_ダ,uma_deokure_bin+da_tekisei_code+kyori_tekisei_2+manken_shisu_decile,uma_deokure_bin,da_tekisei_code,kyori_tekisei_2,manken_shisu_decile,4,547,70.39,9.61,60.97,False
KEIBAJO_SURFACE_06_ダ,manken_shirushi+omo_tekisei_code+ls_shisu_juni+shiba_tekisei_code,manken_shirushi,omo_tekisei_code,ls_shisu_juni,shiba_tekisei_code,8,916,70.83,14.23,60.96,False
KEIBAJO_SURFACE_06_ダ,kyori_tekisei+uma_start_shisu_decile+ichi_shisu_juni+shiba_tekisei_code,kyori_tekisei,uma_start_shisu_decile,ichi_shisu_juni,shiba_tekisei_code,10,1398,68.08,11.61,60.88,False
KEIBAJO_SURFACE_06_ダ,hizume_code+uma_start_shisu_decile+manken_shisu_decile+shiba_tekisei_code,hizume_code,uma_start_shisu_decile,manken_shisu_decile,shiba_tekisei_code,6,660,68.77,9.97,60.8,False
KEIBAJO_SURFACE_06_ダ,uma_start_shisu_decile+omo_tekisei_code+ten_shisu_juni+shiba_tekisei_code,uma_start_shisu_decile,omo_tekisei_code,ten_shisu_juni,shiba_tekisei_code,13,1485,70.33,17.67,60.73,False
KEIBAJO_SURFACE_06_ダ,hizume_code+kyori_tekisei+joken_class_code+pace_shisu_juni,hizume_code,kyori_tekisei,joken_class_code,pace_shisu_juni,15,1860,67.05,12.6,60.67,False
KEIBAJO_SURFACE_06_ダ,da_tekisei_code+kyori_tekisei_2+ls_shisu_juni+shiba_tekisei_code,da_tekisei_code,kyori_tekisei_2,ls_shisu_juni,shiba_tekisei_code,4,622,67.74,7.23,60.65,False
KEIBAJO_SURFACE_06_ダ,hizume_code+manken_shirushi+manken_shisu_decile+shiba_tekisei_code,hizume_code,manken_shirushi,manken_shisu_decile,shiba_tekisei_code,3,502,73.64,11.48,60.65,False
KEIBAJO_SURFACE_06_ダ,uma_deokure_bin+umakigo_code+kyori_tekisei_2+ls_shisu_juni,uma_deokure_bin,umakigo_code,kyori_tekisei_2,ls_shisu_juni,7,920,68.69,10.9,60.62,False
KEIBAJO_SURFACE_06_ダ,manken_shirushi+kyori_tekisei+uma_start_shisu_decile+omo_tekisei_code,manken_shirushi,kyori_tekisei,uma_start_shisu_decile,omo_tekisei_code,5,634,68.6,9.14,60.59,False
KEIBAJO_SURFACE_06_ダ,hizume_code+omo_tekisei_code+pace_shisu_juni+shiba_tekisei_code,hizume_code,omo_tekisei_code,pace_shisu_juni,shiba_tekisei_code,7,759,71.96,15.35,60.58,False
KEIBAJO_SURFACE_06_ダ,kyori_kubun+kyori_tekisei_2+omo_tekisei_code+ls_shisu_juni,kyori_kubun,kyori_tekisei_2,omo_tekisei_code,ls_shisu_juni,9,1390,67.84,11.25,60.49,False
KEIBAJO_SURFACE_06_ダ,hizume_code+uma_deokure_bin+pace_shisu_juni+shiba_tekisei_code,hizume_code,uma_deokure_bin,pace_shisu_juni,shiba_tekisei_code,4,426,73.82,13.63,60.46,False
KEIBAJO_SURFACE_06_ダ,hizume_code+joken_class_code+ichi_shisu_juni+shiba_tekisei_code,hizume_code,joken_class_code,ichi_shisu_juni,shiba_tekisei_code,8,1066,69.62,13.43,60.31,False
KEIBAJO_SURFACE_06_ダ,pace_yoso+joken_class_code+uma_start_shisu_decile+kyori_tekisei_2,pace_yoso,joken_class_code,uma_start_shisu_decile,kyori_tekisei_2,5,637,73.99,15.7,60.23,False
KEIBAJO_SURFACE_06_ダ,kyori_tekisei+joken_class_code+bataiju+shiba_tekisei_code,kyori_tekisei,joken_class_code,bataiju,shiba_tekisei_code,19,2217,65.33,11.53,60.14,False
KEIBAJO_SURFACE_06_ダ,hizume_code+umakigo_code+ls_shisu_juni+ten_shisu_juni,hizume_code,umakigo_code,ls_shisu_juni,ten_shisu_juni,11,1216,68.28,13.79,60.13,False
KEIBAJO_SURFACE_06_ダ,pace_yoso+joken_class_code+kyori_tekisei_2+ls_shisu_juni,pace_yoso,joken_class_code,kyori_tekisei_2,ls_shisu_juni,7,910,71.18,14.94,60.11,False
KEIBAJO_SURFACE_06_ダ,uma_deokure_bin+kyori_tekisei+uma_start_shisu_decile+ten_shisu_juni,uma_deokure_bin,kyori_tekisei,uma_start_shisu_decile,ten_shisu_juni,26,3763,66.12,15.74,60.07,False
KEIBAJO_SURFACE_06_ダ,pace_yoso+uma_deokure_bin+uma_start_shisu_decile+kyori_tekisei_2,pace_yoso,uma_deokure_bin,uma_start_shisu_decile,kyori_tekisei_2,7,1000,67.44,9.96,60.06,False
KEIBAJO_SURFACE_06_ダ,kyori_kubun+da_tekisei_code+bataiju+omo_tekisei_code,kyori_kubun,da_tekisei_code,bataiju,omo_tekisei_code,4,425,71.59,11.79,60.03,False
KEIBAJO_SURFACE_06_ダ,hizume_code+kyori_tekisei+joken_class_code+ichi_shisu_juni,hizume_code,kyori_tekisei,joken_class_code,ichi_shisu_juni,11,1537,65.79,9.8,59.99,False
KEIBAJO_SURFACE_06_ダ,pace_yoso+kyori_tekisei_2+ichi_shisu_juni+omo_tekisei_code,pace_yoso,kyori_tekisei_2,ichi_shisu_juni,omo_tekisei_code,3,328,68.46,7.52,59.94,False
KEIBAJO_SURFACE_06_ダ,kyori_tekisei+kyakushitsu+kyori_tekisei_2+ls_shisu_juni,kyori_tekisei,kyakushitsu,kyori_tekisei_2,ls_shisu_juni,6,803,69.61,12.1,59.93,False
KEIBAJO_SURFACE_06_ダ,kyori_tekisei+umakigo_code+bataiju+shiba_tekisei_code,kyori_tekisei,umakigo_code,bataiju,shiba_tekisei_code,21,2481,64.49,10.76,59.89,False
KEIBAJO_SURFACE_06_ダ,kyori_kubun+kyakushitsu+ls_shisu_juni+pace_shisu_juni,kyori_kubun,kyakushitsu,ls_shisu_juni,pace_shisu_juni,9,997,69.09,14.11,59.88,False
KEIBAJO_SURFACE_06_ダ,hizume_code+kyori_tekisei+uma_start_shisu_decile+shiba_tekisei_code,hizume_code,kyori_tekisei,uma_start_shisu_decile,shiba_tekisei_code,20,3178,65.18,12.13,59.86,False
KEIBAJO_SURFACE_06_ダ,hizume_code+da_tekisei_code+ls_shisu_juni+manken_shisu_decile,hizume_code,da_tekisei_code,ls_shisu_juni,manken_shisu_decile,10,1213,71.81,19.39,59.79,False
KEIBAJO_SURFACE_06_ダ,joken_class_code+uma_start_shisu_decile+pace_shisu_juni+shiba_tekisei_code,joken_class_code,uma_start_shisu_decile,pace_shisu_juni,shiba_tekisei_code,14,1634,66.12,12.48,59.59,False
KEIBAJO_SURFACE_06_ダ,joken_class_code+ls_shisu_juni+pace_shisu_juni+shiba_tekisei_code,joken_class_code,ls_shisu_juni,pace_shisu_juni,shiba_tekisei_code,10,1099,68.89,15.09,59.54,False
KEIBAJO_SURFACE_06_ダ,uma_deokure_bin+kyori_tekisei+joken_class_code+bataiju,uma_deokure_bin,kyori_tekisei,joken_class_code,bataiju,11,1184,70.89,19.21,59.54,False
KEIBAJO_SURFACE_06_ダ,da_tekisei_code+kyakushitsu+kyori_tekisei_2+ls_shisu_juni,da_tekisei_code,kyakushitsu,kyori_tekisei_2,ls_shisu_juni,6,735,68.93,11.75,59.53,False
KEIBAJO_SURFACE_06_ダ,kyakushitsu+ichi_shisu_juni+ls_shisu_juni+pace_shisu_juni,kyakushitsu,ichi_shisu_juni,ls_shisu_juni,pace_shisu_juni,5,632,74.9,17.58,59.49,False
KEIBAJO_SURFACE_06_ダ,uma_deokure_bin+ls_shisu_juni+ten_shisu_juni+shiba_tekisei_code,uma_deokure_bin,ls_shisu_juni,ten_shisu_juni,shiba_tekisei_code,7,748,71.68,16.64,59.35,False
KEIBAJO_SURFACE_06_ダ,hizume_code+kyori_kubun+ls_shisu_juni+manken_shisu_decile,hizume_code,kyori_kubun,ls_shisu_juni,manken_shisu_decile,4,430,76.51,17.54,59.31,False
KEIBAJO_SURFACE_06_ダ,uma_deokure_bin+kyori_kubun+kyori_tekisei_2+ls_shisu_juni,uma_deokure_bin,kyori_kubun,kyori_tekisei_2,ls_shisu_juni,5,623,68.3,10.27,59.3,False
KEIBAJO_SURFACE_06_ダ,umakigo_code+kyori_tekisei_2+omo_tekisei_code+ls_shisu_juni,umakigo_code,kyori_tekisei_2,omo_tekisei_code,ls_shisu_juni,12,1903,68.65,16.61,59.25,False
KEIBAJO_SURFACE_06_ダ,uma_start_shisu_decile+omo_tekisei_code+ls_shisu_juni+manken_shisu_decile,uma_start_shisu_decile,omo_tekisei_code,ls_shisu_juni,manken_shisu_decile,4,443,69.99,10.98,59.23,False
KEIBAJO_SURFACE_06_ダ,hizume_code+pace_yoso+manken_shirushi+ls_shisu_juni,hizume_code,pace_yoso,manken_shirushi,ls_shisu_juni,3,326,64.85,4.97,59.23,False
KEIBAJO_SURFACE_06_ダ,da_tekisei_code+joken_class_code+kyori_tekisei_2+ls_shisu_juni,da_tekisei_code,joken_class_code,kyori_tekisei_2,ls_shisu_juni,6,869,71.12,14.93,59.18,False
KEIBAJO_SURFACE_06_ダ,hizume_code+manken_shirushi+kyori_tekisei+joken_class_code,hizume_code,manken_shirushi,kyori_tekisei,joken_class_code,12,1564,66.92,13.74,59.15,False
KEIBAJO_SURFACE_06_ダ,kyori_tekisei+uma_start_shisu_decile+omo_tekisei_code+pace_shisu_juni,kyori_tekisei,uma_start_shisu_decile,omo_tekisei_code,pace_shisu_juni,15,1641,66.24,14.05,59.13,False
KEIBAJO_SURFACE_06_ダ,uma_deokure_bin+kyori_tekisei+umakigo_code+bataiju,uma_deokure_bin,kyori_tekisei,umakigo_code,bataiju,11,1211,69.47,17.71,59.01,False
KEIBAJO_SURFACE_06_ダ,da_tekisei_code+uma_start_shisu_decile+kyakushitsu+kyori_tekisei_2,da_tekisei_code,uma_start_shisu_decile,kyakushitsu,kyori_tekisei_2,7,970,67.99,12.13,59.0,False
KEIBAJO_SURFACE_06_ダ,da_tekisei_code+kyori_tekisei_2+omo_tekisei_code+ls_shisu_juni,da_tekisei_code,kyori_tekisei_2,omo_tekisei_code,ls_shisu_juni,11,1622,68.17,15.59,58.96,False
KEIBAJO_SURFACE_06_ダ,kyori_tekisei+uma_start_shisu_decile+ten_shisu_juni+shiba_tekisei_code,kyori_tekisei,uma_start_shisu_decile,ten_shisu_juni,shiba_tekisei_code,11,1184,68.97,16.98,58.94,False
KEIBAJO_SURFACE_06_ダ,uma_deokure_bin+kyori_tekisei+uma_start_shisu_decile+pace_shisu_juni,uma_deokure_bin,kyori_tekisei,uma_start_shisu_decile,pace_shisu_juni,28,3921,64.43,14.93,58.9,False
KEIBAJO_SURFACE_06_ダ,uma_start_shisu_decile+ls_shisu_juni+manken_shisu_decile+shiba_tekisei_code,uma_start_shisu_decile,ls_shisu_juni,manken_shisu_decile,shiba_tekisei_code,8,887,66.99,11.75,58.84,False
KEIBAJO_SURFACE_06_ダ,kyori_tekisei+kyori_tekisei_2+ls_shisu_juni+shiba_tekisei_code,kyori_tekisei,kyori_tekisei_2,ls_shisu_juni,shiba_tekisei_code,5,798,68.46,10.98,58.83,False
KEIBAJO_SURFACE_06_ダ,hizume_code+manken_shirushi+joken_class_code+shiba_tekisei_code,hizume_code,manken_shirushi,joken_class_code,shiba_tekisei_code,9,1144,66.98,12.52,58.8,False
KEIBAJO_SURFACE_06_ダ,kyakushitsu+umakigo_code+kyori_tekisei_2+manken_shisu_decile,kyakushitsu,umakigo_code,kyori_tekisei_2,manken_shisu_decile,7,836,70.65,16.0,58.8,False
KEIBAJO_SURFACE_06_ダ,uma_deokure_bin+uma_start_shisu_decile+pace_shisu_juni+shiba_tekisei_code,uma_deokure_bin,uma_start_shisu_decile,pace_shisu_juni,shiba_tekisei_code,21,2943,65.96,16.95,58.71,False
KEIBAJO_SURFACE_06_ダ,manken_shirushi+da_tekisei_code+kyakushitsu+ls_shisu_juni,manken_shirushi,da_tekisei_code,kyakushitsu,ls_shisu_juni,4,431,76.09,17.75,58.7,False
KEIBAJO_SURFACE_06_ダ,pace_yoso+kyori_tekisei_2+omo_tekisei_code+ls_shisu_juni,pace_yoso,kyori_tekisei_2,omo_tekisei_code,ls_shisu_juni,12,1920,66.28,13.43,58.68,False
KEIBAJO_SURFACE_06_ダ,pace_yoso+kyori_tekisei_2+ls_shisu_juni+shiba_tekisei_code,pace_yoso,kyori_tekisei_2,ls_shisu_juni,shiba_tekisei_code,5,780,66.58,9.11,58.59,False
KEIBAJO_SURFACE_06_ダ,kyori_tekisei+kyori_tekisei_2+omo_tekisei_code+pace_shisu_juni,kyori_tekisei,kyori_tekisei_2,omo_tekisei_code,pace_shisu_juni,3,342,79.28,18.35,58.52,False
KEIBAJO_SURFACE_06_ダ,pace_yoso+joken_class_code+kyori_tekisei_2+manken_shisu_decile,pace_yoso,joken_class_code,kyori_tekisei_2,manken_shisu_decile,6,700,67.8,11.62,58.5,False
KEIBAJO_SURFACE_06_ダ,hizume_code+umakigo_code+ichi_shisu_juni+ls_shisu_juni,hizume_code,umakigo_code,ichi_shisu_juni,ls_shisu_juni,14,1588,66.29,14.91,58.48,False
KEIBAJO_SURFACE_06_ダ,uma_deokure_bin+uma_start_shisu_decile+ls_shisu_juni+manken_shisu_decile,uma_deokure_bin,uma_start_shisu_decile,ls_shisu_juni,manken_shisu_decile,14,1851,64.57,11.88,58.35,False
KEIBAJO_SURFACE_06_ダ,umakigo_code+kyori_tekisei_2+ls_shisu_juni+shiba_tekisei_code,umakigo_code,kyori_tekisei_2,ls_shisu_juni,shiba_tekisei_code,5,766,69.07,12.24,58.34,False
KEIBAJO_SURFACE_06_ダ,manken_shirushi+kyori_tekisei+ichi_shisu_juni+manken_shisu_decile,manken_shirushi,kyori_tekisei,ichi_shisu_juni,manken_shisu_decile,6,678,69.47,14.01,58.25,False
KEIBAJO_SURFACE_06_ダ,manken_shirushi+kyakushitsu+ls_shisu_juni+manken_shisu_decile,manken_shirushi,kyakushitsu,ls_shisu_juni,manken_shisu_decile,5,603,70.61,14.18,58.18,False
KEIBAJO_SURFACE_06_ダ,kyori_kubun+joken_class_code+kyori_tekisei_2+manken_shisu_decile,kyori_kubun,joken_class_code,kyori_tekisei_2,manken_shisu_decile,3,367,69.18,9.73,58.17,False
KEIBAJO_SURFACE_06_ダ,kyori_kubun+kyori_tekisei_2+ls_shisu_juni+shiba_tekisei_code,kyori_kubun,kyori_tekisei_2,ls_shisu_juni,shiba_tekisei_code,4,583,68.92,11.01,58.13,False
KEIBAJO_SURFACE_06_ダ,kyori_tekisei+joken_class_code+uma_start_shisu_decile+ichi_shisu_juni,kyori_tekisei,joken_class_code,uma_start_shisu_decile,ichi_shisu_juni,24,3931,62.63,11.37,58.08,False
KEIBAJO_SURFACE_06_ダ,hizume_code+uma_deokure_bin+uma_start_shisu_decile+manken_shisu_decile,hizume_code,uma_deokure_bin,uma_start_shisu_decile,manken_shisu_decile,11,1427,66.16,13.79,58.01,False
KEIBAJO_SURFACE_06_ダ,pace_yoso+uma_deokure_bin+kyori_tekisei_2+ls_shisu_juni,pace_yoso,uma_deokure_bin,kyori_tekisei_2,ls_shisu_juni,6,794,65.79,9.79,57.96,False
KEIBAJO_SURFACE_06_ダ,uma_start_shisu_decile+kyakushitsu+ls_shisu_juni+manken_shisu_decile,uma_start_shisu_decile,kyakushitsu,ls_shisu_juni,manken_shisu_decile,3,313,71.76,12.39,57.74,False
KEIBAJO_SURFACE_06_ダ,hizume_code+kyori_tekisei+kyakushitsu+manken_shisu_decile,hizume_code,kyori_tekisei,kyakushitsu,manken_shisu_decile,7,879,67.46,13.14,57.72,False
KEIBAJO_SURFACE_06_ダ,uma_start_shisu_decile+umakigo_code+ls_shisu_juni+pace_shisu_juni,uma_start_shisu_decile,umakigo_code,ls_shisu_juni,pace_shisu_juni,21,2525,64.21,15.25,57.69,False
KEIBAJO_SURFACE_06_ダ,da_tekisei_code+uma_start_shisu_decile+ls_shisu_juni+manken_shisu_decile,da_tekisei_code,uma_start_shisu_decile,ls_shisu_juni,manken_shisu_decile,12,1407,67.41,17.52,57.5,False
KEIBAJO_SURFACE_06_ダ,joken_class_code+kyakushitsu+ls_shisu_juni+pace_shisu_juni,joken_class_code,kyakushitsu,ls_shisu_juni,pace_shisu_juni,5,673,72.45,17.22,57.36,False
KEIBAJO_SURFACE_06_ダ,kyori_tekisei+kyakushitsu+ls_shisu_juni+pace_shisu_juni,kyori_tekisei,kyakushitsu,ls_shisu_juni,pace_shisu_juni,5,673,72.45,17.22,57.36,False
KEIBAJO_SURFACE_06_ダ,uma_deokure_bin+uma_start_shisu_decile+ls_shisu_juni+ten_shisu_juni,uma_deokure_bin,uma_start_shisu_decile,ls_shisu_juni,ten_shisu_juni,3,320,81.51,21.41,57.28,False
KEIBAJO_SURFACE_06_ダ,kyori_tekisei+joken_class_code+uma_start_shisu_decile+ten_shisu_juni,kyori_tekisei,joken_class_code,uma_start_shisu_decile,ten_shisu_juni,23,3540,64.14,16.99,57.2,False
KEIBAJO_SURFACE_06_ダ,manken_shirushi+uma_deokure_bin+ls_shisu_juni+manken_shisu_decile,manken_shirushi,uma_deokure_bin,ls_shisu_juni,manken_shisu_decile,5,699,69.17,13.87,57.01,False
KEIBAJO_SURFACE_06_ダ,kyori_tekisei+kyakushitsu+ls_shisu_juni+ten_shisu_juni,kyori_tekisei,kyakushitsu,ls_shisu_juni,ten_shisu_juni,6,770,70.52,16.94,56.96,False
KEIBAJO_SURFACE_06_ダ,pace_yoso+kyakushitsu+kyori_tekisei_2+ls_shisu_juni,pace_yoso,kyakushitsu,kyori_tekisei_2,ls_shisu_juni,6,793,65.31,10.44,56.95,False
KEIBAJO_SURFACE_06_ダ,umakigo_code+kyori_tekisei_2+omo_tekisei_code+pace_shisu_juni,umakigo_code,kyori_tekisei_2,omo_tekisei_code,pace_shisu_juni,3,344,82.32,22.52,56.84,False
KEIBAJO_SURFACE_06_ダ,omo_tekisei_code+ls_shisu_juni+pace_shisu_juni+shiba_tekisei_code,omo_tekisei_code,ls_shisu_juni,pace_shisu_juni,shiba_tekisei_code,7,748,65.47,11.77,56.75,False
KEIBAJO_SURFACE_06_ダ,hizume_code+kyori_tekisei+kyakushitsu+ichi_shisu_juni,hizume_code,kyori_tekisei,kyakushitsu,ichi_shisu_juni,3,322,74.16,15.52,56.59,False
KEIBAJO_SURFACE_06_ダ,hizume_code+kyori_kubun+uma_start_shisu_decile+manken_shisu_decile,hizume_code,kyori_kubun,uma_start_shisu_decile,manken_shisu_decile,9,994,65.99,14.63,56.43,False
KEIBAJO_SURFACE_06_ダ,uma_deokure_bin+joken_class_code+kyakushitsu+kyori_tekisei_2,uma_deokure_bin,joken_class_code,kyakushitsu,kyori_tekisei_2,4,449,63.3,7.05,56.4,False
KEIBAJO_SURFACE_06_ダ,pace_yoso+uma_start_shisu_decile+ls_shisu_juni+ten_shisu_juni,pace_yoso,uma_start_shisu_decile,ls_shisu_juni,ten_shisu_juni,10,1122,68.44,19.54,56.33,False
KEIBAJO_SURFACE_06_ダ,manken_shirushi+kyori_tekisei+joken_class_code+pace_shisu_juni,manken_shirushi,kyori_tekisei,joken_class_code,pace_shisu_juni,3,314,74.53,16.52,55.83,False
KEIBAJO_SURFACE_06_ダ,hizume_code+kyori_kubun+uma_start_shisu_decile+ls_shisu_juni,hizume_code,kyori_kubun,uma_start_shisu_decile,ls_shisu_juni,18,2567,62.32,14.1,55.81,False
KEIBAJO_SURFACE_06_ダ,kyori_tekisei+joken_class_code+uma_start_shisu_decile+pace_shisu_juni,kyori_tekisei,joken_class_code,uma_start_shisu_decile,pace_shisu_juni,24,3587,61.26,13.79,55.74,False
KEIBAJO_SURFACE_06_ダ,kyori_tekisei+ichi_shisu_juni+ls_shisu_juni+ten_shisu_juni,kyori_tekisei,ichi_shisu_juni,ls_shisu_juni,ten_shisu_juni,6,769,70.63,18.79,55.59,False
KEIBAJO_SURFACE_06_ダ,uma_deokure_bin+kyori_tekisei+ichi_shisu_juni+ls_shisu_juni,uma_deokure_bin,kyori_tekisei,ichi_shisu_juni,ls_shisu_juni,6,693,70.0,18.12,55.51,False
KEIBAJO_SURFACE_06_ダ,uma_deokure_bin+da_tekisei_code+kyori_tekisei_2+ls_shisu_juni,uma_deokure_bin,da_tekisei_code,kyori_tekisei_2,ls_shisu_juni,5,647,65.77,11.99,55.27,False
KEIBAJO_SURFACE_06_ダ,kyori_kubun+omo_tekisei_code+ls_shisu_juni+pace_shisu_juni,kyori_kubun,omo_tekisei_code,ls_shisu_juni,pace_shisu_juni,5,525,71.0,18.11,55.13,False
KEIBAJO_SURFACE_06_ダ,hizume_code+joken_class_code+ls_shisu_juni+manken_shisu_decile,hizume_code,joken_class_code,ls_shisu_juni,manken_shisu_decile,3,338,74.84,17.5,55.03,False
KEIBAJO_SURFACE_06_ダ,hizume_code+da_tekisei_code+uma_start_shisu_decile+ls_shisu_juni,hizume_code,da_tekisei_code,uma_start_shisu_decile,ls_shisu_juni,12,1585,64.28,16.43,54.99,False
KEIBAJO_SURFACE_06_ダ,manken_shirushi+uma_deokure_bin+kyakushitsu+ls_shisu_juni,manken_shirushi,uma_deokure_bin,kyakushitsu,ls_shisu_juni,3,329,74.47,17.63,54.53,False
KEIBAJO_SURFACE_06_ダ,kyori_tekisei+ichi_shisu_juni+ls_shisu_juni+shiba_tekisei_code,kyori_tekisei,ichi_shisu_juni,ls_shisu_juni,shiba_tekisei_code,7,783,63.36,12.04,54.44,False
KEIBAJO_SURFACE_06_ダ,kyori_kubun+joken_class_code+uma_start_shisu_decile+kyori_tekisei_2,kyori_kubun,joken_class_code,uma_start_shisu_decile,kyori_tekisei_2,3,365,79.22,21.94,54.4,False
KEIBAJO_SURFACE_06_ダ,kyori_kubun+uma_start_shisu_decile+ls_shisu_juni+manken_shisu_decile,kyori_kubun,uma_start_shisu_decile,ls_shisu_juni,manken_shisu_decile,12,1297,63.0,15.64,54.15,False
KEIBAJO_SURFACE_06_ダ,hizume_code+kyori_tekisei+kyakushitsu+ls_shisu_juni,hizume_code,kyori_tekisei,kyakushitsu,ls_shisu_juni,18,2443,62.37,17.84,54.13,False
KEIBAJO_SURFACE_06_ダ,kyori_tekisei_2+omo_tekisei_code+ls_shisu_juni+shiba_tekisei_code,kyori_tekisei_2,omo_tekisei_code,ls_shisu_juni,shiba_tekisei_code,3,394,69.79,14.08,53.86,False
KEIBAJO_SURFACE_06_ダ,pace_yoso+kyori_tekisei_2+omo_tekisei_code+pace_shisu_juni,pace_yoso,kyori_tekisei_2,omo_tekisei_code,pace_shisu_juni,4,433,71.85,18.54,53.67,False
KEIBAJO_SURFACE_06_ダ,joken_class_code+ls_shisu_juni+ten_shisu_juni+shiba_tekisei_code,joken_class_code,ls_shisu_juni,ten_shisu_juni,shiba_tekisei_code,13,1394,65.21,22.09,53.2,False
KEIBAJO_SURFACE_06_ダ,manken_shirushi+umakigo_code+ichi_shisu_juni+ls_shisu_juni,manken_shirushi,umakigo_code,ichi_shisu_juni,ls_shisu_juni,3,318,68.37,13.5,53.1,False
KEIBAJO_SURFACE_06_ダ,kyori_tekisei+uma_start_shisu_decile+pace_shisu_juni+shiba_tekisei_code,kyori_tekisei,uma_start_shisu_decile,pace_shisu_juni,shiba_tekisei_code,10,1047,63.75,17.23,53.08,False
KEIBAJO_SURFACE_06_ダ,kyakushitsu+ichi_shisu_juni+ls_shisu_juni+ten_shisu_juni,kyakushitsu,ichi_shisu_juni,ls_shisu_juni,ten_shisu_juni,3,415,78.09,22.2,52.97,False
KEIBAJO_SURFACE_06_ダ,joken_class_code+uma_start_shisu_decile+ls_shisu_juni+manken_shisu_decile,joken_class_code,uma_start_shisu_decile,ls_shisu_juni,manken_shisu_decile,9,1059,61.82,14.1,52.61,False
KEIBAJO_SURFACE_06_ダ,kyakushitsu+ls_shisu_juni+ten_shisu_juni+pace_shisu_juni,kyakushitsu,ls_shisu_juni,ten_shisu_juni,pace_shisu_juni,3,423,77.94,22.45,52.54,False
KEIBAJO_SURFACE_06_ダ,hizume_code+uma_start_shisu_decile+kyakushitsu+manken_shisu_decile,hizume_code,uma_start_shisu_decile,kyakushitsu,manken_shisu_decile,4,468,66.66,14.6,52.35,False
KEIBAJO_SURFACE_06_ダ,omo_tekisei_code+ls_shisu_juni+ten_shisu_juni+shiba_tekisei_code,omo_tekisei_code,ls_shisu_juni,ten_shisu_juni,shiba_tekisei_code,3,306,65.69,12.06,52.05,False
KEIBAJO_SURFACE_06_ダ,hizume_code+omo_tekisei_code+ten_shisu_juni+shiba_tekisei_code,hizume_code,omo_tekisei_code,ten_shisu_juni,shiba_tekisei_code,4,425,63.95,12.53,51.67,False
KEIBAJO_SURFACE_06_ダ,joken_class_code+kyakushitsu+kyori_tekisei_2+shiba_tekisei_code,joken_class_code,kyakushitsu,kyori_tekisei_2,shiba_tekisei_code,3,323,68.17,14.69,51.54,False
KEIBAJO_SURFACE_06_ダ,hizume_code+joken_class_code+uma_start_shisu_decile+ls_shisu_juni,hizume_code,joken_class_code,uma_start_shisu_decile,ls_shisu_juni,10,1450,58.94,12.56,51.16,False
KEIBAJO_SURFACE_06_ダ,kyori_kubun+kyakushitsu+kyori_tekisei_2+ls_shisu_juni,kyori_kubun,kyakushitsu,kyori_tekisei_2,ls_shisu_juni,5,552,63.43,14.07,51.09,False
KEIBAJO_SURFACE_06_ダ,pace_yoso+uma_start_shisu_decile+ls_shisu_juni+pace_shisu_juni,pace_yoso,uma_start_shisu_decile,ls_shisu_juni,pace_shisu_juni,8,871,60.89,14.36,50.94,False
KEIBAJO_SURFACE_06_ダ,hizume_code+uma_start_shisu_decile+omo_tekisei_code+ls_shisu_juni,hizume_code,uma_start_shisu_decile,omo_tekisei_code,ls_shisu_juni,10,1450,56.61,9.89,50.48,False
KEIBAJO_SURFACE_06_ダ,hizume_code+uma_start_shisu_decile+kyakushitsu+ls_shisu_juni,hizume_code,uma_start_shisu_decile,kyakushitsu,ls_shisu_juni,14,1884,60.76,20.39,50.08,False
KEIBAJO_SURFACE_06_ダ,kyori_tekisei+uma_start_shisu_decile+omo_tekisei_code+ten_shisu_juni,kyori_tekisei,uma_start_shisu_decile,omo_tekisei_code,ten_shisu_juni,12,1347,60.15,17.81,50.07,False
KEIBAJO_SURFACE_06_ダ,joken_class_code+umakigo_code+bataiju+ls_shisu_juni,joken_class_code,umakigo_code,bataiju,ls_shisu_juni,5,539,68.82,21.48,49.99,False
KEIBAJO_SURFACE_06_ダ,hizume_code+joken_class_code+uma_start_shisu_decile+manken_shisu_decile,hizume_code,joken_class_code,uma_start_shisu_decile,manken_shisu_decile,5,600,63.96,16.59,49.42,False
KEIBAJO_SURFACE_06_ダ,hizume_code+pace_yoso+da_tekisei_code+bataiju,hizume_code,pace_yoso,da_tekisei_code,bataiju,3,316,64.74,13.6,49.35,False
KEIBAJO_SURFACE_06_ダ,joken_class_code+kyori_tekisei_2+omo_tekisei_code+ls_shisu_juni,joken_class_code,kyori_tekisei_2,omo_tekisei_code,ls_shisu_juni,3,329,72.85,20.96,49.13,False
KEIBAJO_SURFACE_06_ダ,hizume_code+uma_start_shisu_decile+ls_shisu_juni+shiba_tekisei_code,hizume_code,uma_start_shisu_decile,ls_shisu_juni,shiba_tekisei_code,10,1464,63.16,23.27,48.73,False
KEIBAJO_SURFACE_06_ダ,hizume_code+ls_shisu_juni+manken_shisu_decile+shiba_tekisei_code,hizume_code,ls_shisu_juni,manken_shisu_decile,shiba_tekisei_code,6,646,62.07,21.84,44.6,False
KEIBAJO_SURFACE_06_ダ,kyori_tekisei+uma_start_shisu_decile+ls_shisu_juni+manken_shisu_decile,kyori_tekisei,uma_start_shisu_decile,ls_shisu_juni,manken_shisu_decile,7,800,54.34,14.62,43.51,False
KEIBAJO_SURFACE_06_ダ,hizume_code+kyori_tekisei+omo_tekisei_code+pace_shisu_juni,hizume_code,kyori_tekisei,omo_tekisei_code,pace_shisu_juni,4,419,63.38,23.59,40.26,False
KEIBAJO_SURFACE_06_ダ,hizume_code+kyori_tekisei+uma_start_shisu_decile+ls_shisu_juni,hizume_code,kyori_tekisei,uma_start_shisu_decile,ls_shisu_juni,5,783,46.67,8.86,38.9,False
