segment,factors,factor1,factor2,factor3,factor4,n_bins,n_bets,mean_roi,std_roi,clb,pass
GLOBAL_条件戦,kyori_tekisei_2+pace_yoso+kyori_kubun+kyakushitsu,kyori_tekisei_2,pace_yoso,kyori_kubun,kyakushitsu,4,490,96.52,4.95,91.67,True
GLOBAL_条件戦,kyori_tekisei_2+pace_yoso+uma_start_shisu_decile+joshodo_code,kyori_tekisei_2,pace_yoso,uma_start_shisu_decile,joshodo_code,4,577,93.68,2.11,91.61,True
GLOBAL_条件戦,kyori_tekisei_2+pace_yoso+umakigo_code+uma_start_shisu_decile,kyori_tekisei_2,pace_yoso,umakigo_code,uma_start_shisu_decile,4,567,93.21,1.81,91.43,True
GLOBAL_条件戦,kyori_tekisei_2+kyori_tekisei+da_tekisei_code+kyakushitsu,kyori_tekisei_2,kyori_tekisei,da_tekisei_code,kyakushitsu,3,470,98.82,6.58,91.37,True
GLOBAL_条件戦,kyori_tekisei_2+kyori_kubun+da_tekisei_code+omo_tekisei_code,kyori_tekisei_2,kyori_kubun,da_tekisei_code,omo_tekisei_code,3,362,96.28,4.71,90.95,True
GLOBAL_条件戦,kyori_tekisei_2+kyori_kubun+da_tekisei_code+kyakushitsu,kyori_tekisei_2,kyori_kubun,da_tekisei_code,kyakushitsu,3,341,98.59,7.03,90.63,True
GLOBAL_条件戦,kyori_tekisei_2+kyori_kubun+kyori_tekisei+manken_shisu_decile,kyori_tekisei_2,kyori_kubun,kyori_tekisei,manken_shisu_decile,3,362,95.84,5.38,89.75,True
GLOBAL_条件戦,kyori_tekisei_2+manken_shirushi+kyori_tekisei+joshodo_code,kyori_tekisei_2,manken_shirushi,kyori_tekisei,joshodo_code,8,1102,93.68,5.97,89.55,True
GLOBAL_条件戦,kyori_tekisei_2+pace_yoso+uma_start_shisu_decile+kyori_tekisei,kyori_tekisei_2,pace_yoso,uma_start_shisu_decile,kyori_tekisei,3,412,91.89,2.41,89.17,True
GLOBAL_条件戦,kyori_tekisei_2+kyori_tekisei+da_tekisei_code+omo_tekisei_code,kyori_tekisei_2,kyori_tekisei,da_tekisei_code,omo_tekisei_code,5,739,95.63,7.81,88.78,True
GLOBAL_条件戦,kyori_tekisei_2+uma_start_shisu_decile+kyakushitsu+joshodo_code,kyori_tekisei_2,uma_start_shisu_decile,kyakushitsu,joshodo_code,3,440,90.28,1.34,88.76,True
GLOBAL_条件戦,kyori_tekisei_2+kyori_kubun+umakigo_code+manken_shisu_decile,kyori_tekisei_2,kyori_kubun,umakigo_code,manken_shisu_decile,3,373,95.85,6.3,88.71,True
GLOBAL_条件戦,kyori_tekisei_2+umakigo_code+uma_start_shisu_decile+kyori_tekisei,kyori_tekisei_2,umakigo_code,uma_start_shisu_decile,kyori_tekisei,5,957,91.58,3.48,88.53,True
GLOBAL_条件戦,kyori_tekisei_2+kyori_tekisei+omo_tekisei_code+idm_decile,kyori_tekisei_2,kyori_tekisei,omo_tekisei_code,idm_decile,5,668,93.42,5.8,88.33,True
GLOBAL_条件戦,kyori_tekisei_2+umakigo_code+uma_start_shisu_decile+omo_tekisei_code,kyori_tekisei_2,umakigo_code,uma_start_shisu_decile,omo_tekisei_code,3,457,91.68,3.18,88.08,True
GLOBAL_条件戦,kyori_tekisei_2+uma_deokure_bin+kyori_tekisei+kyakushitsu,kyori_tekisei_2,uma_deokure_bin,kyori_tekisei,kyakushitsu,5,798,91.21,3.67,88.0,True
GLOBAL_条件戦,kyori_tekisei_2+uma_start_shisu_decile+omo_tekisei_code+joshodo_code,kyori_tekisei_2,uma_start_shisu_decile,omo_tekisei_code,joshodo_code,3,464,91.61,3.19,87.99,True
GLOBAL_条件戦,kyori_tekisei_2+kyori_kubun+joshodo_code+idm_decile,kyori_tekisei_2,kyori_kubun,joshodo_code,idm_decile,7,991,93.14,6.98,87.97,True
GLOBAL_条件戦,kyori_tekisei_2+kyori_tekisei+omo_tekisei_code+rotation_bin,kyori_tekisei_2,kyori_tekisei,omo_tekisei_code,rotation_bin,3,382,94.33,5.7,87.87,True
GLOBAL_条件戦,kyori_tekisei_2+manken_shirushi+umakigo_code+kyori_tekisei,kyori_tekisei_2,manken_shirushi,umakigo_code,kyori_tekisei,7,989,92.13,5.81,87.83,True
GLOBAL_条件戦,kyori_tekisei_2+kyori_tekisei+kyakushitsu+omo_tekisei_code,kyori_tekisei_2,kyori_tekisei,kyakushitsu,omo_tekisei_code,5,857,91.74,4.57,87.74,True
GLOBAL_条件戦,kyori_tekisei_2+kyori_tekisei+rotation_bin+joshodo_code,kyori_tekisei_2,kyori_tekisei,rotation_bin,joshodo_code,7,1333,90.05,3.23,87.66,True
GLOBAL_条件戦,kyori_tekisei_2+umakigo_code+uma_start_shisu_decile+kyakushitsu,kyori_tekisei_2,umakigo_code,uma_start_shisu_decile,kyakushitsu,3,432,90.11,2.23,87.59,True
GLOBAL_条件戦,kyori_tekisei_2+kyori_kubun+umakigo_code+idm_decile,kyori_tekisei_2,kyori_kubun,umakigo_code,idm_decile,7,977,92.56,6.9,87.45,True
GLOBAL_条件戦,kyori_tekisei_2+uma_deokure_bin+kyori_tekisei+da_tekisei_code,kyori_tekisei_2,uma_deokure_bin,kyori_tekisei,da_tekisei_code,4,613,91.98,4.85,87.23,True
GLOBAL_条件戦,kyori_tekisei_2+umakigo_code+kyori_tekisei+rotation_bin,kyori_tekisei_2,umakigo_code,kyori_tekisei,rotation_bin,7,1312,90.16,4.04,87.17,True
GLOBAL_条件戦,kyori_tekisei_2+uma_deokure_bin+kyori_kubun+kyori_tekisei,kyori_tekisei_2,uma_deokure_bin,kyori_kubun,kyori_tekisei,7,1227,89.14,2.71,87.13,True
GLOBAL_条件戦,kyori_tekisei_2+umakigo_code+hizume_code+joshodo_code,kyori_tekisei_2,umakigo_code,hizume_code,joshodo_code,7,1302,94.05,9.53,86.99,True
GLOBAL_条件戦,kyori_tekisei_2+uma_start_shisu_decile+kyori_tekisei+joshodo_code,kyori_tekisei_2,uma_start_shisu_decile,kyori_tekisei,joshodo_code,5,972,90.91,4.49,86.98,True
GLOBAL_条件戦,kyori_tekisei_2+kyori_kubun+manken_shisu_decile+joshodo_code,kyori_tekisei_2,kyori_kubun,manken_shisu_decile,joshodo_code,3,375,95.84,7.87,86.93,True
GLOBAL_条件戦,kyori_tekisei_2+uma_start_shisu_decile+kyori_tekisei+kyakushitsu,kyori_tekisei_2,uma_start_shisu_decile,kyori_tekisei,kyakushitsu,3,386,90.75,3.74,86.52,True
GLOBAL_条件戦,kyori_tekisei_2+kyori_kubun+kyori_tekisei+kyakushitsu,kyori_tekisei_2,kyori_kubun,kyori_tekisei,kyakushitsu,6,1047,90.55,5.03,86.52,True
GLOBAL_条件戦,kyori_tekisei_2+hizume_code+da_tekisei_code+joshodo_code,kyori_tekisei_2,hizume_code,da_tekisei_code,joshodo_code,3,346,91.61,4.51,86.51,True
GLOBAL_条件戦,kyori_tekisei_2+kyori_kubun+kyori_tekisei+idm_decile,kyori_tekisei_2,kyori_kubun,kyori_tekisei,idm_decile,6,859,92.03,7.19,86.28,True
GLOBAL_条件戦,kyori_tekisei_2+kyori_kubun+uma_start_shisu_decile+joshodo_code,kyori_tekisei_2,kyori_kubun,uma_start_shisu_decile,joshodo_code,4,552,92.66,6.86,85.94,True
GLOBAL_条件戦,kyori_tekisei_2+kyori_tekisei+manken_shisu_decile+joshodo_code,kyori_tekisei_2,kyori_tekisei,manken_shisu_decile,joshodo_code,9,1324,91.31,8.27,85.91,True
GLOBAL_条件戦,kyori_tekisei_2+umakigo_code+omo_tekisei_code+joshodo_code,kyori_tekisei_2,umakigo_code,omo_tekisei_code,joshodo_code,7,2211,89.44,5.12,85.65,True
GLOBAL_条件戦,kyori_tekisei_2+pace_yoso+kyori_kubun+da_tekisei_code,kyori_tekisei_2,pace_yoso,kyori_kubun,da_tekisei_code,3,472,94.57,7.92,85.61,True
GLOBAL_条件戦,kyori_tekisei_2+kyori_kubun+kyori_tekisei+da_tekisei_code,kyori_tekisei_2,kyori_kubun,kyori_tekisei,da_tekisei_code,5,840,92.16,7.52,85.56,True
GLOBAL_条件戦,kyori_tekisei_2+umakigo_code+kyakushitsu+joshodo_code,kyori_tekisei_2,umakigo_code,kyakushitsu,joshodo_code,9,2191,89.63,6.46,85.41,True
GLOBAL_条件戦,kyori_tekisei_2+kyori_tekisei+joshodo_code+idm_decile,kyori_tekisei_2,kyori_tekisei,joshodo_code,idm_decile,7,1481,89.75,5.87,85.41,True
GLOBAL_条件戦,kyori_tekisei_2+umakigo_code+kyori_tekisei+idm_decile,kyori_tekisei_2,umakigo_code,kyori_tekisei,idm_decile,7,1459,89.55,5.62,85.39,True
GLOBAL_条件戦,kyori_tekisei_2+umakigo_code+manken_shisu_decile+joshodo_code,kyori_tekisei_2,umakigo_code,manken_shisu_decile,joshodo_code,11,1755,89.02,6.22,85.35,True
GLOBAL_条件戦,kyori_tekisei_2+pace_yoso+umakigo_code+joshodo_code,kyori_tekisei_2,pace_yoso,umakigo_code,joshodo_code,8,2322,88.97,5.31,85.29,True
GLOBAL_条件戦,kyori_tekisei_2+uma_deokure_bin+da_tekisei_code+joshodo_code,kyori_tekisei_2,uma_deokure_bin,da_tekisei_code,joshodo_code,5,845,92.18,8.0,85.17,True
GLOBAL_条件戦,kyori_tekisei_2+umakigo_code+kyori_tekisei+manken_shisu_decile,kyori_tekisei_2,umakigo_code,kyori_tekisei,manken_shisu_decile,9,1314,90.4,8.33,84.96,True
GLOBAL_条件戦,kyori_tekisei_2+umakigo_code+kyakushitsu+idm_decile,kyori_tekisei_2,umakigo_code,kyakushitsu,idm_decile,5,627,90.24,6.03,84.96,True
GLOBAL_条件戦,kyori_tekisei_2+uma_deokure_bin+umakigo_code+da_tekisei_code,kyori_tekisei_2,uma_deokure_bin,umakigo_code,da_tekisei_code,5,828,92.07,8.15,84.93,True
GLOBAL_条件戦,kyori_tekisei_2+umakigo_code+rotation_bin+joshodo_code,kyori_tekisei_2,umakigo_code,rotation_bin,joshodo_code,8,1711,88.36,4.96,84.92,True
GLOBAL_条件戦,kyori_tekisei_2+kyakushitsu+joshodo_code+idm_decile,kyori_tekisei_2,kyakushitsu,joshodo_code,idm_decile,6,742,89.1,5.31,84.85,True
GLOBAL_条件戦,kyori_tekisei_2+uma_start_shisu_decile+kyori_tekisei+omo_tekisei_code,kyori_tekisei_2,uma_start_shisu_decile,kyori_tekisei,omo_tekisei_code,3,405,91.43,5.88,84.77,True
GLOBAL_条件戦,kyori_tekisei_2+uma_deokure_bin+umakigo_code+joshodo_code,kyori_tekisei_2,uma_deokure_bin,umakigo_code,joshodo_code,6,1926,89.2,5.59,84.73,True
GLOBAL_条件戦,kyori_tekisei_2+umakigo_code+joshodo_code+idm_decile,kyori_tekisei_2,umakigo_code,joshodo_code,idm_decile,8,1841,88.52,5.59,84.65,True
GLOBAL_条件戦,kyori_tekisei_2+pace_yoso+umakigo_code+da_tekisei_code,kyori_tekisei_2,pace_yoso,umakigo_code,da_tekisei_code,5,976,91.63,8.18,84.46,True
GLOBAL_条件戦,kyori_tekisei_2+uma_deokure_bin+uma_start_shisu_decile+joshodo_code,kyori_tekisei_2,uma_deokure_bin,uma_start_shisu_decile,joshodo_code,3,536,89.37,4.35,84.44,True
GLOBAL_条件戦,kyori_tekisei_2+da_tekisei_code+omo_tekisei_code+joshodo_code,kyori_tekisei_2,da_tekisei_code,omo_tekisei_code,joshodo_code,6,986,90.48,7.59,84.4,True
GLOBAL_条件戦,kyori_tekisei_2+umakigo_code+uma_start_shisu_decile+joshodo_code,kyori_tekisei_2,umakigo_code,uma_start_shisu_decile,joshodo_code,8,1458,88.13,5.51,84.31,True
GLOBAL_条件戦,kyori_tekisei_2+shiba_tekisei_code+joshodo_code+idm_decile,kyori_tekisei_2,shiba_tekisei_code,joshodo_code,idm_decile,6,839,89.09,6.07,84.23,True
GLOBAL_条件戦,kyori_tekisei_2+pace_yoso+kyakushitsu+omo_tekisei_code,kyori_tekisei_2,pace_yoso,kyakushitsu,omo_tekisei_code,3,357,95.67,10.12,84.21,True
GLOBAL_条件戦,kyori_tekisei_2+kyori_kubun+umakigo_code+uma_start_shisu_decile,kyori_tekisei_2,kyori_kubun,umakigo_code,uma_start_shisu_decile,3,442,92.53,7.36,84.2,True
GLOBAL_条件戦,kyori_tekisei_2+pace_yoso+kyori_tekisei+kyakushitsu,kyori_tekisei_2,pace_yoso,kyori_tekisei,kyakushitsu,6,1022,91.19,8.76,84.18,True
GLOBAL_条件戦,kyori_tekisei_2+manken_shirushi+umakigo_code+joshodo_code,kyori_tekisei_2,manken_shirushi,umakigo_code,joshodo_code,9,1372,89.46,8.1,84.17,True
GLOBAL_条件戦,kyori_tekisei_2+uma_deokure_bin+umakigo_code+uma_start_shisu_decile,kyori_tekisei_2,uma_deokure_bin,umakigo_code,uma_start_shisu_decile,3,524,88.79,4.09,84.15,True
GLOBAL_条件戦,kyori_tekisei_2+kyori_tekisei+kyakushitsu+idm_decile,kyori_tekisei_2,kyori_tekisei,kyakushitsu,idm_decile,4,478,90.09,6.18,84.03,True
GLOBAL_条件戦,kyori_tekisei_2+pace_yoso+kyori_tekisei+da_tekisei_code,kyori_tekisei_2,pace_yoso,kyori_tekisei,da_tekisei_code,4,756,93.77,9.94,84.03,True
GLOBAL_条件戦,kyori_tekisei_2+kyori_kubun+umakigo_code+joshodo_code,kyori_tekisei_2,kyori_kubun,umakigo_code,joshodo_code,7,2247,88.35,5.89,83.99,True
GLOBAL_条件戦,manken_shirushi+da_tekisei_code+ichi_shisu_juni+idm_decile,manken_shirushi,da_tekisei_code,ichi_shisu_juni,idm_decile,11,1279,89.38,9.14,83.98,True
GLOBAL_条件戦,kyori_tekisei_2+umakigo_code+shiba_tekisei_code+idm_decile,kyori_tekisei_2,umakigo_code,shiba_tekisei_code,idm_decile,6,836,88.82,6.08,83.96,True
GLOBAL_条件戦,kyori_tekisei_2+kyori_kubun+kyori_tekisei+omo_tekisei_code,kyori_tekisei_2,kyori_kubun,kyori_tekisei,omo_tekisei_code,8,1417,89.31,7.8,83.9,True
GLOBAL_条件戦,kyori_tekisei_2+uma_deokure_bin+pace_yoso+kyori_kubun,kyori_tekisei_2,uma_deokure_bin,pace_yoso,kyori_kubun,5,608,89.15,6.05,83.85,True
GLOBAL_条件戦,kyori_tekisei_2+umakigo_code+da_tekisei_code+omo_tekisei_code,kyori_tekisei_2,umakigo_code,da_tekisei_code,omo_tekisei_code,6,980,89.74,7.49,83.75,True
GLOBAL_条件戦,kyori_tekisei_2+kyori_tekisei+da_tekisei_code+rotation_bin,kyori_tekisei_2,kyori_tekisei,da_tekisei_code,rotation_bin,3,353,91.6,6.93,83.75,True
GLOBAL_条件戦,kyori_tekisei_2+kyori_kubun+umakigo_code+keibajo_code,kyori_tekisei_2,kyori_kubun,umakigo_code,keibajo_code,3,322,90.82,6.3,83.69,True
GLOBAL_条件戦,kyori_tekisei_2+uma_deokure_bin+umakigo_code+hizume_code,kyori_tekisei_2,uma_deokure_bin,umakigo_code,hizume_code,3,342,93.98,9.11,83.67,True
GLOBAL_条件戦,kyori_tekisei_2+pace_yoso+umakigo_code+idm_decile,kyori_tekisei_2,pace_yoso,umakigo_code,idm_decile,9,1254,89.2,8.83,83.43,True
GLOBAL_条件戦,kyori_tekisei_2+umakigo_code+da_tekisei_code+joshodo_code,kyori_tekisei_2,umakigo_code,da_tekisei_code,joshodo_code,4,1254,89.29,6.02,83.38,True
GLOBAL_条件戦,kyori_tekisei_2+kyori_kubun+kyakushitsu+omo_tekisei_code,kyori_tekisei_2,kyori_kubun,kyakushitsu,omo_tekisei_code,3,382,93.44,9.04,83.21,True
GLOBAL_条件戦,kyori_tekisei_2+kyori_kubun+umakigo_code+kyori_tekisei,kyori_tekisei_2,kyori_kubun,umakigo_code,kyori_tekisei,7,2044,88.05,6.59,83.16,True
GLOBAL_条件戦,kyori_tekisei_2+kyori_kubun+kyori_tekisei+joshodo_code,kyori_tekisei_2,kyori_kubun,kyori_tekisei,joshodo_code,7,2061,88.0,6.77,82.98,True
GLOBAL_条件戦,kyori_tekisei_2+uma_deokure_bin+uma_start_shisu_decile+kyori_tekisei,kyori_tekisei_2,uma_deokure_bin,uma_start_shisu_decile,kyori_tekisei,3,453,89.44,5.74,82.94,True
GLOBAL_条件戦,kyori_tekisei_2+pace_yoso+kyakushitsu+shiba_tekisei_code,kyori_tekisei_2,pace_yoso,kyakushitsu,shiba_tekisei_code,3,326,89.25,5.65,82.86,True
GLOBAL_条件戦,kyori_tekisei_2+pace_yoso+joshodo_code+idm_decile,kyori_tekisei_2,pace_yoso,joshodo_code,idm_decile,9,1274,88.7,9.0,82.83,True
GLOBAL_条件戦,kyori_tekisei_2+uma_deokure_bin+pace_yoso+kyori_tekisei,kyori_tekisei_2,uma_deokure_bin,pace_yoso,kyori_tekisei,8,1304,88.37,8.28,82.63,True
GLOBAL_条件戦,kyori_tekisei_2+da_tekisei_code+rotation_bin+joshodo_code,kyori_tekisei_2,da_tekisei_code,rotation_bin,joshodo_code,4,551,89.95,7.46,82.63,True
GLOBAL_条件戦,kyori_tekisei_2+da_tekisei_code+kyakushitsu+joshodo_code,kyori_tekisei_2,da_tekisei_code,kyakushitsu,joshodo_code,5,766,91.97,10.66,82.62,True
GLOBAL_条件戦,kyori_tekisei_2+pace_yoso+umakigo_code+hizume_code,kyori_tekisei_2,pace_yoso,umakigo_code,hizume_code,6,650,92.14,11.95,82.58,True
GLOBAL_条件戦,kyori_tekisei_2+kyori_tekisei+kyakushitsu+shiba_tekisei_code,kyori_tekisei_2,kyori_tekisei,kyakushitsu,shiba_tekisei_code,4,709,85.38,2.92,82.52,True
GLOBAL_条件戦,kyori_tekisei_2+kyori_kubun+keibajo_code+joshodo_code,kyori_tekisei_2,kyori_kubun,keibajo_code,joshodo_code,3,327,89.69,6.36,82.48,True
GLOBAL_条件戦,kyori_tekisei_2+pace_yoso+kyori_tekisei+omo_tekisei_code,kyori_tekisei_2,pace_yoso,kyori_tekisei,omo_tekisei_code,6,1172,89.95,9.46,82.38,True
GLOBAL_条件戦,kyori_tekisei_2+uma_deokure_bin+kyori_tekisei+omo_tekisei_code,kyori_tekisei_2,uma_deokure_bin,kyori_tekisei,omo_tekisei_code,6,1074,87.74,6.81,82.3,True
GLOBAL_条件戦,kyori_tekisei_2+kyori_tekisei+hizume_code+joshodo_code,kyori_tekisei_2,kyori_tekisei,hizume_code,joshodo_code,7,1108,90.55,11.14,82.29,True
GLOBAL_条件戦,kyori_tekisei_2+umakigo_code+kyori_tekisei+hizume_code,kyori_tekisei_2,umakigo_code,kyori_tekisei,hizume_code,7,1090,90.42,11.03,82.25,True
GLOBAL_条件戦,kyori_tekisei_2+kyori_kubun+umakigo_code+da_tekisei_code,kyori_tekisei_2,kyori_kubun,umakigo_code,da_tekisei_code,5,901,89.99,8.84,82.24,True
GLOBAL_条件戦,kyori_tekisei_2+pace_yoso+da_tekisei_code+joshodo_code,kyori_tekisei_2,pace_yoso,da_tekisei_code,joshodo_code,4,894,92.19,10.15,82.24,True
GLOBAL_条件戦,kyori_tekisei_2+umakigo_code+keibajo_code+kyori_tekisei,kyori_tekisei_2,umakigo_code,keibajo_code,kyori_tekisei,5,616,92.58,11.89,82.15,True
GLOBAL_条件戦,kyori_tekisei_2+kyori_kubun+umakigo_code+omo_tekisei_code,kyori_tekisei_2,kyori_kubun,umakigo_code,omo_tekisei_code,9,1655,87.58,8.35,82.12,True
GLOBAL_条件戦,kyori_tekisei_2+kyori_kubun+kyori_tekisei+rotation_bin,kyori_tekisei_2,kyori_kubun,kyori_tekisei,rotation_bin,6,733,88.21,7.62,82.11,True
GLOBAL_条件戦,kyori_tekisei_2+kyori_kubun+omo_tekisei_code+joshodo_code,kyori_tekisei_2,kyori_kubun,omo_tekisei_code,joshodo_code,9,1659,87.53,8.5,81.98,True
GLOBAL_条件戦,kyori_tekisei_2+umakigo_code+da_tekisei_code+rotation_bin,kyori_tekisei_2,umakigo_code,da_tekisei_code,rotation_bin,4,542,90.09,8.31,81.95,True
GLOBAL_条件戦,kyori_tekisei_2+umakigo_code+da_tekisei_code+kyakushitsu,kyori_tekisei_2,umakigo_code,da_tekisei_code,kyakushitsu,5,747,91.73,11.25,81.87,True
GLOBAL_条件戦,kyori_tekisei_2+kyori_tekisei+omo_tekisei_code+joshodo_code,kyori_tekisei_2,kyori_tekisei,omo_tekisei_code,joshodo_code,9,2142,86.9,7.77,81.83,True
GLOBAL_条件戦,kyori_tekisei_2+uma_deokure_bin+pace_yoso+umakigo_code,kyori_tekisei_2,uma_deokure_bin,pace_yoso,umakigo_code,8,1520,86.5,6.8,81.79,True
GLOBAL_条件戦,kyori_tekisei_2+umakigo_code+joshodo_code+ichi_shisu_juni,kyori_tekisei_2,umakigo_code,joshodo_code,ichi_shisu_juni,8,1015,88.96,10.51,81.67,True
GLOBAL_条件戦,kyori_tekisei_2+kyori_kubun+da_tekisei_code+joshodo_code,kyori_tekisei_2,kyori_kubun,da_tekisei_code,joshodo_code,5,915,90.4,10.07,81.57,True
GLOBAL_条件戦,kyori_tekisei_2+uma_deokure_bin+kyori_kubun+kyakushitsu,kyori_tekisei_2,uma_deokure_bin,kyori_kubun,kyakushitsu,3,353,93.09,10.19,81.57,True
GLOBAL_条件戦,kyori_tekisei_2+pace_yoso+kyori_kubun+kyori_tekisei,kyori_tekisei_2,pace_yoso,kyori_kubun,kyori_tekisei,8,1475,89.35,11.33,81.49,True
GLOBAL_条件戦,kyori_tekisei_2+pace_yoso+omo_tekisei_code+joshodo_code,kyori_tekisei_2,pace_yoso,omo_tekisei_code,joshodo_code,9,1692,86.89,8.34,81.44,True
GLOBAL_条件戦,kyori_tekisei_2+kyakushitsu+omo_tekisei_code+joshodo_code,kyori_tekisei_2,kyakushitsu,omo_tekisei_code,joshodo_code,7,1200,87.59,8.32,81.43,True
GLOBAL_条件戦,kyori_tekisei_2+kyori_tekisei+joshodo_code+ichi_shisu_juni,kyori_tekisei_2,kyori_tekisei,joshodo_code,ichi_shisu_juni,4,535,93.27,12.09,81.42,True
GLOBAL_条件戦,kyori_tekisei_2+umakigo_code+kyori_tekisei+ichi_shisu_juni,kyori_tekisei_2,umakigo_code,kyori_tekisei,ichi_shisu_juni,4,528,93.94,12.79,81.4,True
GLOBAL_条件戦,kyori_tekisei_2+pace_yoso+umakigo_code+rotation_bin,kyori_tekisei_2,pace_yoso,umakigo_code,rotation_bin,8,996,87.63,9.0,81.39,True
GLOBAL_条件戦,kyori_tekisei_2+pace_yoso+umakigo_code+omo_tekisei_code,kyori_tekisei_2,pace_yoso,umakigo_code,omo_tekisei_code,9,1680,86.72,8.25,81.33,True
GLOBAL_条件戦,kyori_tekisei_2+umakigo_code+uma_start_shisu_decile+shiba_tekisei_code,kyori_tekisei_2,umakigo_code,uma_start_shisu_decile,shiba_tekisei_code,3,426,88.91,6.7,81.32,True
GLOBAL_条件戦,kyori_tekisei_2+uma_start_shisu_decile+shiba_tekisei_code+joshodo_code,kyori_tekisei_2,uma_start_shisu_decile,shiba_tekisei_code,joshodo_code,3,429,90.03,7.7,81.31,True
GLOBAL_条件戦,kyori_tekisei_2+pace_yoso+kyori_kubun+joshodo_code,kyori_tekisei_2,pace_yoso,kyori_kubun,joshodo_code,10,1815,87.48,10.01,81.27,True
GLOBAL_条件戦,kyori_tekisei_2+uma_deokure_bin+kyori_kubun+umakigo_code,kyori_tekisei_2,uma_deokure_bin,kyori_kubun,umakigo_code,10,1649,85.5,6.85,81.25,True
GLOBAL_条件戦,kyori_tekisei_2+pace_yoso+kyori_kubun+umakigo_code,kyori_tekisei_2,pace_yoso,kyori_kubun,umakigo_code,10,1802,87.4,9.92,81.25,True
GLOBAL_条件戦,kyori_tekisei_2+umakigo_code+keibajo_code+joshodo_code,kyori_tekisei_2,umakigo_code,keibajo_code,joshodo_code,9,1210,88.3,10.79,81.25,True
GLOBAL_条件戦,kyori_tekisei_2+kyori_tekisei+kyakushitsu+joshodo_code,kyori_tekisei_2,kyori_tekisei,kyakushitsu,joshodo_code,10,1982,86.77,9.07,81.15,True
GLOBAL_条件戦,kyori_tekisei_2+umakigo_code+kyori_tekisei+omo_tekisei_code,kyori_tekisei_2,umakigo_code,kyori_tekisei,omo_tekisei_code,9,2130,86.35,8.03,81.11,True
GLOBAL_条件戦,kyori_tekisei_2+umakigo_code+kyakushitsu+omo_tekisei_code,kyori_tekisei_2,umakigo_code,kyakushitsu,omo_tekisei_code,7,1196,87.46,8.57,81.11,True
GLOBAL_条件戦,kyori_tekisei_2+kyori_kubun+omo_tekisei_code+shiba_tekisei_code,kyori_tekisei_2,kyori_kubun,omo_tekisei_code,shiba_tekisei_code,6,789,87.24,7.66,81.11,True
GLOBAL_条件戦,kyori_tekisei_2+pace_yoso+kyakushitsu+joshodo_code,kyori_tekisei_2,pace_yoso,kyakushitsu,joshodo_code,9,1478,88.0,10.58,81.09,True
GLOBAL_条件戦,kyori_tekisei_2+kyakushitsu+omo_tekisei_code+shiba_tekisei_code,kyori_tekisei_2,kyakushitsu,omo_tekisei_code,shiba_tekisei_code,5,604,85.95,5.55,81.09,True
GLOBAL_条件戦,kyori_tekisei_2+kyori_kubun+umakigo_code+hizume_code,kyori_tekisei_2,kyori_kubun,umakigo_code,hizume_code,3,385,91.99,9.68,81.03,True
GLOBAL_条件戦,kyori_tekisei_2+pace_yoso+kyori_tekisei+shiba_tekisei_code,kyori_tekisei_2,pace_yoso,kyori_tekisei,shiba_tekisei_code,7,1123,85.85,6.53,81.02,True
GLOBAL_条件戦,kyori_tekisei_2+pace_yoso+rotation_bin+joshodo_code,kyori_tekisei_2,pace_yoso,rotation_bin,joshodo_code,8,1012,87.08,8.76,81.01,True
GLOBAL_条件戦,manken_shirushi+umakigo_code+idm_decile+bataiju,manken_shirushi,umakigo_code,idm_decile,bataiju,4,400,90.59,9.79,81.0,True
GLOBAL_条件戦,kyori_tekisei_2+uma_deokure_bin+joshodo_code+idm_decile,kyori_tekisei_2,uma_deokure_bin,joshodo_code,idm_decile,9,1123,86.49,8.42,80.99,True
GLOBAL_条件戦,kyori_tekisei_2+pace_yoso+umakigo_code+kyakushitsu,kyori_tekisei_2,pace_yoso,umakigo_code,kyakushitsu,9,1459,87.95,10.64,80.99,True
GLOBAL_条件戦,kyori_tekisei_2+uma_deokure_bin+pace_yoso+joshodo_code,kyori_tekisei_2,uma_deokure_bin,pace_yoso,joshodo_code,8,1542,86.17,7.52,80.96,True
GLOBAL_条件戦,kyori_tekisei_2+uma_deokure_bin+kyori_kubun+joshodo_code,kyori_tekisei_2,uma_deokure_bin,kyori_kubun,joshodo_code,10,1668,85.7,7.72,80.92,True
GLOBAL_条件戦,kyori_tekisei_2+kyori_tekisei+omo_tekisei_code+shiba_tekisei_code,kyori_tekisei_2,kyori_tekisei,omo_tekisei_code,shiba_tekisei_code,5,1027,86.24,6.25,80.77,True
GLOBAL_条件戦,manken_shirushi+uma_start_shisu_decile+hizume_code+ichi_shisu_juni,manken_shirushi,uma_start_shisu_decile,hizume_code,ichi_shisu_juni,26,3052,83.49,7.09,80.76,True
GLOBAL_条件戦,kyori_tekisei_2+uma_deokure_bin+pace_yoso+da_tekisei_code,kyori_tekisei_2,uma_deokure_bin,pace_yoso,da_tekisei_code,3,357,87.73,6.28,80.63,True
GLOBAL_条件戦,kyori_tekisei_2+pace_yoso+kyori_tekisei+idm_decile,kyori_tekisei_2,pace_yoso,kyori_tekisei,idm_decile,7,952,88.82,11.05,80.63,True
GLOBAL_条件戦,kyori_tekisei_2+pace_yoso+kyori_kubun+shiba_tekisei_code,kyori_tekisei_2,pace_yoso,kyori_kubun,shiba_tekisei_code,5,617,88.88,9.43,80.62,True
GLOBAL_条件戦,manken_shirushi+manken_shisu_decile+joshodo_code+bataiju,manken_shirushi,manken_shisu_decile,joshodo_code,bataiju,28,3617,84.1,9.48,80.59,True
GLOBAL_条件戦,kyori_tekisei_2+uma_deokure_bin+hizume_code+joshodo_code,kyori_tekisei_2,uma_deokure_bin,hizume_code,joshodo_code,4,447,91.29,10.97,80.54,True
GLOBAL_条件戦,kyori_tekisei_2+uma_deokure_bin+rotation_bin+joshodo_code,kyori_tekisei_2,uma_deokure_bin,rotation_bin,joshodo_code,7,826,86.54,8.14,80.51,True
GLOBAL_条件戦,kyori_tekisei_2+uma_deokure_bin+umakigo_code+rotation_bin,kyori_tekisei_2,uma_deokure_bin,umakigo_code,rotation_bin,7,815,86.94,8.76,80.45,True
GLOBAL_条件戦,manken_shirushi+kyakushitsu+joshodo_code+bataiju,manken_shirushi,kyakushitsu,joshodo_code,bataiju,28,2940,84.97,12.24,80.43,True
GLOBAL_条件戦,kyori_tekisei_2+uma_deokure_bin+kyori_tekisei+shiba_tekisei_code,kyori_tekisei_2,uma_deokure_bin,kyori_tekisei,shiba_tekisei_code,5,868,86.29,6.71,80.41,True
GLOBAL_条件戦,manken_shirushi+umakigo_code+manken_shisu_decile+bataiju,manken_shirushi,umakigo_code,manken_shisu_decile,bataiju,26,3397,83.77,8.72,80.41,True
GLOBAL_条件戦,kyori_tekisei_2+umakigo_code+kyori_tekisei+kyakushitsu,kyori_tekisei_2,umakigo_code,kyori_tekisei,kyakushitsu,10,1966,86.13,9.29,80.37,True
GLOBAL_条件戦,manken_shirushi+umakigo_code+kyakushitsu+bataiju,manken_shirushi,umakigo_code,kyakushitsu,bataiju,21,2210,85.26,11.44,80.36,True
GLOBAL_条件戦,kyori_tekisei_2+uma_deokure_bin+umakigo_code+omo_tekisei_code,kyori_tekisei_2,uma_deokure_bin,umakigo_code,omo_tekisei_code,8,1496,85.17,7.01,80.31,True
GLOBAL_条件戦,kyori_tekisei_2+uma_deokure_bin+umakigo_code+idm_decile,kyori_tekisei_2,uma_deokure_bin,umakigo_code,idm_decile,8,997,86.03,8.28,80.29,True
GLOBAL_条件戦,kyori_tekisei_2+pace_yoso+hizume_code+joshodo_code,kyori_tekisei_2,pace_yoso,hizume_code,joshodo_code,5,567,87.99,8.84,80.24,True
GLOBAL_条件戦,manken_shirushi+hizume_code+kyakushitsu+ichi_shisu_juni,manken_shirushi,hizume_code,kyakushitsu,ichi_shisu_juni,36,4233,83.74,10.84,80.2,True
GLOBAL_条件戦,kyori_tekisei_2+pace_yoso+da_tekisei_code+omo_tekisei_code,kyori_tekisei_2,pace_yoso,da_tekisei_code,omo_tekisei_code,3,366,84.85,4.2,80.1,True
GLOBAL_条件戦,manken_shirushi+manken_shisu_decile+da_tekisei_code+ichi_shisu_juni,manken_shirushi,manken_shisu_decile,da_tekisei_code,ichi_shisu_juni,32,4013,84.06,11.48,80.08,True
GLOBAL_条件戦,kyori_tekisei_2+uma_deokure_bin+pace_yoso+omo_tekisei_code,kyori_tekisei_2,uma_deokure_bin,pace_yoso,omo_tekisei_code,6,676,84.8,6.0,80.0,False
GLOBAL_条件戦,kyori_tekisei_2+uma_deokure_bin+omo_tekisei_code+joshodo_code,kyori_tekisei_2,uma_deokure_bin,omo_tekisei_code,joshodo_code,8,1507,85.17,7.47,79.99,False
GLOBAL_条件戦,kyori_tekisei_2+pace_yoso+umakigo_code+kyori_tekisei,kyori_tekisei_2,pace_yoso,umakigo_code,kyori_tekisei,8,2052,85.58,8.07,79.99,False
GLOBAL_条件戦,manken_shirushi+pace_yoso+joshodo_code+bataiju,manken_shirushi,pace_yoso,joshodo_code,bataiju,146,16570,81.7,11.0,79.91,False
GLOBAL_条件戦,kyori_tekisei_2+umakigo_code+shiba_tekisei_code+joshodo_code,kyori_tekisei_2,umakigo_code,shiba_tekisei_code,joshodo_code,5,1729,86.4,7.42,79.9,False
GLOBAL_条件戦,kyori_tekisei_2+pace_yoso+omo_tekisei_code+shiba_tekisei_code,kyori_tekisei_2,pace_yoso,omo_tekisei_code,shiba_tekisei_code,6,776,88.02,10.23,79.84,False
GLOBAL_条件戦,manken_shirushi+keibajo_code+hizume_code+rotation_bin,manken_shirushi,keibajo_code,hizume_code,rotation_bin,35,4380,82.99,9.53,79.84,False
GLOBAL_条件戦,kyori_tekisei_2+uma_deokure_bin+kyori_tekisei+rotation_bin,kyori_tekisei_2,uma_deokure_bin,kyori_tekisei,rotation_bin,3,333,91.34,10.16,79.84,False
GLOBAL_条件戦,manken_shirushi+keibajo_code+manken_shisu_decile+rotation_bin,manken_shirushi,keibajo_code,manken_shisu_decile,rotation_bin,87,11509,81.92,10.17,79.78,False
GLOBAL_条件戦,kyori_tekisei_2+omo_tekisei_code+joshodo_code+idm_decile,kyori_tekisei_2,omo_tekisei_code,joshodo_code,idm_decile,7,978,86.88,9.67,79.72,False
GLOBAL_条件戦,manken_shirushi+pace_yoso+hizume_code+ichi_shisu_juni,manken_shirushi,pace_yoso,hizume_code,ichi_shisu_juni,26,2942,83.82,10.79,79.68,False
GLOBAL_条件戦,kyori_tekisei_2+pace_yoso+kyori_tekisei+joshodo_code,kyori_tekisei_2,pace_yoso,kyori_tekisei,joshodo_code,8,2071,85.34,8.28,79.6,False
GLOBAL_条件戦,kyori_tekisei_2+uma_deokure_bin+umakigo_code+kyakushitsu,kyori_tekisei_2,uma_deokure_bin,umakigo_code,kyakushitsu,8,1221,85.17,8.12,79.55,False
GLOBAL_条件戦,kyori_tekisei_2+kyori_kubun+shiba_tekisei_code+joshodo_code,kyori_tekisei_2,kyori_kubun,shiba_tekisei_code,joshodo_code,8,1427,85.8,9.05,79.53,False
GLOBAL_条件戦,manken_shirushi+omo_tekisei_code+ichi_shisu_juni+idm_decile,manken_shirushi,omo_tekisei_code,ichi_shisu_juni,idm_decile,114,13243,81.53,11.15,79.48,False
GLOBAL_条件戦,kyori_tekisei_2+pace_yoso+shiba_tekisei_code+joshodo_code,kyori_tekisei_2,pace_yoso,shiba_tekisei_code,joshodo_code,8,1392,84.49,7.24,79.47,False
GLOBAL_条件戦,kyori_tekisei_2+kyori_tekisei+da_tekisei_code+idm_decile,kyori_tekisei_2,kyori_tekisei,da_tekisei_code,idm_decile,4,521,89.76,10.51,79.46,False
GLOBAL_条件戦,manken_shirushi+hizume_code+omo_tekisei_code+ichi_shisu_juni,manken_shirushi,hizume_code,omo_tekisei_code,ichi_shisu_juni,64,9229,81.46,8.39,79.41,False
GLOBAL_条件戦,kyori_tekisei_2+kyori_tekisei+da_tekisei_code+joshodo_code,kyori_tekisei_2,kyori_tekisei,da_tekisei_code,joshodo_code,5,1156,89.2,11.26,79.33,False
GLOBAL_条件戦,kyori_tekisei_2+kyori_kubun+umakigo_code+shiba_tekisei_code,kyori_tekisei_2,kyori_kubun,umakigo_code,shiba_tekisei_code,8,1434,85.45,8.88,79.29,False
GLOBAL_条件戦,kyori_tekisei_2+uma_deokure_bin+kyori_kubun+omo_tekisei_code,kyori_tekisei_2,uma_deokure_bin,kyori_kubun,omo_tekisei_code,4,509,88.09,9.02,79.26,False
GLOBAL_条件戦,kyori_tekisei_2+umakigo_code+omo_tekisei_code+idm_decile,kyori_tekisei_2,umakigo_code,omo_tekisei_code,idm_decile,7,965,87.21,10.8,79.21,False
GLOBAL_条件戦,kyori_tekisei_2+pace_yoso+kyori_kubun+omo_tekisei_code,kyori_tekisei_2,pace_yoso,kyori_kubun,omo_tekisei_code,4,569,87.9,8.94,79.14,False
GLOBAL_条件戦,kyori_tekisei_2+pace_yoso+kyori_tekisei+rotation_bin,kyori_tekisei_2,pace_yoso,kyori_tekisei,rotation_bin,4,479,89.88,10.99,79.11,False
GLOBAL_条件戦,kyori_tekisei_2+uma_deokure_bin+umakigo_code+kyori_tekisei,kyori_tekisei_2,uma_deokure_bin,umakigo_code,kyori_tekisei,8,1872,85.8,9.72,79.06,False
GLOBAL_条件戦,umakigo_code+uma_start_shisu_decile+da_tekisei_code+omo_tekisei_code,umakigo_code,uma_start_shisu_decile,da_tekisei_code,omo_tekisei_code,46,62191,81.31,7.86,79.04,False
GLOBAL_条件戦,kyori_tekisei_2+keibajo_code+kyori_tekisei+joshodo_code,kyori_tekisei_2,keibajo_code,kyori_tekisei,joshodo_code,4,531,91.55,12.83,78.97,False
GLOBAL_条件戦,manken_shirushi+kyori_tekisei+hizume_code+ichi_shisu_juni,manken_shirushi,kyori_tekisei,hizume_code,ichi_shisu_juni,18,2134,83.32,9.5,78.93,False
GLOBAL_条件戦,manken_shirushi+manken_shisu_decile+omo_tekisei_code+ichi_shisu_juni,manken_shirushi,manken_shisu_decile,omo_tekisei_code,ichi_shisu_juni,149,19345,80.66,10.84,78.92,False
GLOBAL_条件戦,kyori_tekisei_2+pace_yoso+umakigo_code+shiba_tekisei_code,kyori_tekisei_2,pace_yoso,umakigo_code,shiba_tekisei_code,8,1396,84.33,7.8,78.92,False
GLOBAL_条件戦,kyori_tekisei_2+uma_deokure_bin+kyakushitsu+joshodo_code,kyori_tekisei_2,uma_deokure_bin,kyakushitsu,joshodo_code,8,1239,84.66,8.3,78.9,False
GLOBAL_条件戦,kyori_tekisei_2+uma_deokure_bin+kyori_tekisei+joshodo_code,kyori_tekisei_2,uma_deokure_bin,kyori_tekisei,joshodo_code,8,1894,85.65,9.84,78.83,False
GLOBAL_条件戦,manken_shirushi+uma_start_shisu_decile+ichi_shisu_juni+idm_decile,manken_shirushi,uma_start_shisu_decile,ichi_shisu_juni,idm_decile,30,3501,82.02,8.94,78.82,False
GLOBAL_条件戦,uma_start_shisu_decile+da_tekisei_code+omo_tekisei_code+joshodo_code,uma_start_shisu_decile,da_tekisei_code,omo_tekisei_code,joshodo_code,44,62634,81.24,8.21,78.81,False
GLOBAL_条件戦,manken_shirushi+kyori_tekisei+da_tekisei_code+omo_tekisei_code,manken_shirushi,kyori_tekisei,da_tekisei_code,omo_tekisei_code,118,42075,80.61,10.21,78.77,False
GLOBAL_条件戦,kyori_tekisei_2+umakigo_code+kyori_tekisei+da_tekisei_code,kyori_tekisei_2,umakigo_code,kyori_tekisei,da_tekisei_code,5,1145,87.78,10.28,78.77,False
GLOBAL_条件戦,uma_deokure_bin+pace_yoso+da_tekisei_code+omo_tekisei_code,uma_deokure_bin,pace_yoso,da_tekisei_code,omo_tekisei_code,48,62275,81.17,8.77,78.69,False
GLOBAL_条件戦,kyori_tekisei_2+kyori_kubun+hizume_code+joshodo_code,kyori_tekisei_2,kyori_kubun,hizume_code,joshodo_code,3,392,91.11,11.06,78.59,False
GLOBAL_条件戦,manken_shirushi+hizume_code+manken_shisu_decile+rotation_bin,manken_shirushi,hizume_code,manken_shisu_decile,rotation_bin,103,14153,80.61,10.53,78.58,False
GLOBAL_条件戦,kyori_tekisei_2+umakigo_code+kyori_tekisei+joshodo_code,kyori_tekisei_2,umakigo_code,kyori_tekisei,joshodo_code,4,2230,86.28,7.86,78.58,False
GLOBAL_条件戦,manken_shirushi+manken_shisu_decile+rotation_bin+ichi_shisu_juni,manken_shirushi,manken_shisu_decile,rotation_bin,ichi_shisu_juni,12,1348,81.85,5.91,78.51,False
GLOBAL_条件戦,keibajo_code+hizume_code+ichi_shisu_juni+idm_decile,keibajo_code,hizume_code,ichi_shisu_juni,idm_decile,29,3380,81.67,8.68,78.51,False
GLOBAL_条件戦,manken_shirushi+uma_start_shisu_decile+da_tekisei_code+joshodo_code,manken_shirushi,uma_start_shisu_decile,da_tekisei_code,joshodo_code,113,42011,80.38,10.37,78.47,False
GLOBAL_条件戦,manken_shirushi+umakigo_code+rotation_bin+ichi_shisu_juni,manken_shirushi,umakigo_code,rotation_bin,ichi_shisu_juni,294,44785,79.53,9.73,78.42,False
GLOBAL_条件戦,kyori_tekisei_2+kyakushitsu+rotation_bin+joshodo_code,kyori_tekisei_2,kyakushitsu,rotation_bin,joshodo_code,4,457,87.11,8.9,78.39,False
GLOBAL_条件戦,manken_shirushi+umakigo_code+uma_start_shisu_decile+da_tekisei_code,manken_shirushi,umakigo_code,uma_start_shisu_decile,da_tekisei_code,112,41248,80.21,10.25,78.31,False
GLOBAL_条件戦,uma_start_shisu_decile+kyori_tekisei+da_tekisei_code+omo_tekisei_code,uma_start_shisu_decile,kyori_tekisei,da_tekisei_code,omo_tekisei_code,118,58809,80.13,10.09,78.31,False
GLOBAL_条件戦,manken_shirushi+kyori_kubun+joshodo_code+bataiju,manken_shirushi,kyori_kubun,joshodo_code,bataiju,116,13579,80.42,11.59,78.31,False
GLOBAL_条件戦,umakigo_code+uma_start_shisu_decile+da_tekisei_code+kyakushitsu,umakigo_code,uma_start_shisu_decile,da_tekisei_code,kyakushitsu,62,62638,80.64,9.35,78.31,False
GLOBAL_条件戦,manken_shirushi+keibajo_code+kyakushitsu+rotation_bin,manken_shirushi,keibajo_code,kyakushitsu,rotation_bin,90,10844,80.52,10.71,78.3,False
GLOBAL_条件戦,manken_shirushi+rotation_bin+joshodo_code+ichi_shisu_juni,manken_shirushi,rotation_bin,joshodo_code,ichi_shisu_juni,303,46379,79.4,9.96,78.28,False
GLOBAL_条件戦,manken_shisu_decile+rotation_bin+ichi_shisu_juni+idm_decile,manken_shisu_decile,rotation_bin,ichi_shisu_juni,idm_decile,15,1633,82.9,9.29,78.2,False
GLOBAL_条件戦,kyori_tekisei_2+omo_tekisei_code+rotation_bin+joshodo_code,kyori_tekisei_2,omo_tekisei_code,rotation_bin,joshodo_code,4,599,88.27,10.29,78.19,False
GLOBAL_条件戦,manken_shirushi+kyori_tekisei+kyakushitsu+ichi_shisu_juni,manken_shirushi,kyori_tekisei,kyakushitsu,ichi_shisu_juni,166,40163,79.85,11.75,78.06,False
GLOBAL_条件戦,manken_shirushi+keibajo_code+hizume_code+kyakushitsu,manken_shirushi,keibajo_code,hizume_code,kyakushitsu,97,12627,80.28,11.3,78.03,False
GLOBAL_条件戦,kyori_tekisei_2+da_tekisei_code+joshodo_code+idm_decile,kyori_tekisei_2,da_tekisei_code,joshodo_code,idm_decile,4,613,88.6,10.81,78.01,False
GLOBAL_条件戦,manken_shirushi+keibajo_code+hizume_code+manken_shisu_decile,manken_shirushi,keibajo_code,hizume_code,manken_shisu_decile,72,10425,80.55,11.16,77.97,False
GLOBAL_条件戦,kyori_tekisei_2+uma_deokure_bin+kyori_kubun+shiba_tekisei_code,kyori_tekisei_2,uma_deokure_bin,kyori_kubun,shiba_tekisei_code,3,383,83.36,4.76,77.97,False
GLOBAL_条件戦,kyori_tekisei_2+kyori_kubun+kyori_tekisei+shiba_tekisei_code,kyori_tekisei_2,kyori_kubun,kyori_tekisei,shiba_tekisei_code,7,1237,85.57,10.29,77.95,False
GLOBAL_条件戦,kyori_tekisei_2+uma_deokure_bin+kyori_tekisei+idm_decile,kyori_tekisei_2,uma_deokure_bin,kyori_tekisei,idm_decile,4,511,87.0,9.3,77.89,False
GLOBAL_条件戦,manken_shirushi+kyakushitsu+rotation_bin+ichi_shisu_juni,manken_shirushi,kyakushitsu,rotation_bin,ichi_shisu_juni,54,6479,80.35,9.28,77.87,False
GLOBAL_条件戦,manken_shirushi+kyori_kubun+kyori_tekisei+ichi_shisu_juni,manken_shirushi,kyori_kubun,kyori_tekisei,ichi_shisu_juni,194,48646,79.22,9.63,77.87,False
GLOBAL_条件戦,uma_deokure_bin+hizume_code+rotation_bin+bataiju,uma_deokure_bin,hizume_code,rotation_bin,bataiju,4,412,83.49,5.73,77.87,False
GLOBAL_条件戦,manken_shirushi+hizume_code+kyakushitsu+rotation_bin,manken_shirushi,hizume_code,kyakushitsu,rotation_bin,163,22522,79.55,11.02,77.86,False
GLOBAL_条件戦,manken_shirushi+omo_tekisei_code+rotation_bin+ichi_shisu_juni,manken_shirushi,omo_tekisei_code,rotation_bin,ichi_shisu_juni,74,8336,80.54,11.82,77.85,False
GLOBAL_条件戦,manken_shirushi+pace_yoso+rotation_bin+ichi_shisu_juni,manken_shirushi,pace_yoso,rotation_bin,ichi_shisu_juni,32,3644,81.15,9.52,77.85,False
GLOBAL_条件戦,manken_shirushi+pace_yoso+hizume_code+rotation_bin,manken_shirushi,pace_yoso,hizume_code,rotation_bin,188,29362,79.14,9.31,77.81,False
GLOBAL_条件戦,uma_deokure_bin+umakigo_code+uma_start_shisu_decile+da_tekisei_code,uma_deokure_bin,umakigo_code,uma_start_shisu_decile,da_tekisei_code,57,62218,80.34,9.72,77.81,False
GLOBAL_条件戦,kyori_kubun+kyakushitsu+rotation_bin+bataiju,kyori_kubun,kyakushitsu,rotation_bin,bataiju,44,5060,81.16,11.42,77.79,False
GLOBAL_条件戦,uma_start_shisu_decile+da_tekisei_code+kyakushitsu+joshodo_code,uma_start_shisu_decile,da_tekisei_code,kyakushitsu,joshodo_code,59,63124,80.14,9.21,77.79,False
GLOBAL_条件戦,uma_start_shisu_decile+da_tekisei_code+kyakushitsu+omo_tekisei_code,uma_start_shisu_decile,da_tekisei_code,kyakushitsu,omo_tekisei_code,105,60287,79.65,9.77,77.78,False
GLOBAL_条件戦,manken_shirushi+keibajo_code+joshodo_code+ichi_shisu_juni,manken_shirushi,keibajo_code,joshodo_code,ichi_shisu_juni,227,37070,79.16,10.88,77.75,False
GLOBAL_条件戦,kyori_tekisei_2+umakigo_code+da_tekisei_code+idm_decile,kyori_tekisei_2,umakigo_code,da_tekisei_code,idm_decile,4,600,89.69,12.22,77.71,False
GLOBAL_条件戦,manken_shirushi+omo_tekisei_code+joshodo_code+bataiju,manken_shirushi,omo_tekisei_code,joshodo_code,bataiju,286,34849,79.01,11.5,77.68,False
GLOBAL_条件戦,manken_shirushi+hizume_code+manken_shisu_decile+kyakushitsu,manken_shirushi,hizume_code,manken_shisu_decile,kyakushitsu,173,27152,79.2,10.25,77.67,False
GLOBAL_条件戦,manken_shirushi+kyori_kubun+kyakushitsu+ichi_shisu_juni,manken_shirushi,kyori_kubun,kyakushitsu,ichi_shisu_juni,252,53164,78.84,9.51,77.66,False
GLOBAL_条件戦,manken_shirushi+pace_yoso+kyakushitsu+ichi_shisu_juni,manken_shirushi,pace_yoso,kyakushitsu,ichi_shisu_juni,272,57285,78.79,9.51,77.66,False
GLOBAL_条件戦,manken_shirushi+kyori_kubun+hizume_code+kyakushitsu,manken_shirushi,kyori_kubun,hizume_code,kyakushitsu,204,37612,79.0,9.96,77.64,False
GLOBAL_条件戦,uma_deokure_bin+manken_shirushi+joshodo_code+bataiju,uma_deokure_bin,manken_shirushi,joshodo_code,bataiju,260,31054,79.05,11.68,77.63,False
GLOBAL_条件戦,manken_shirushi+kyori_kubun+hizume_code+rotation_bin,manken_shirushi,kyori_kubun,hizume_code,rotation_bin,160,24284,79.14,9.81,77.62,False
GLOBAL_条件戦,manken_shirushi+keibajo_code+hizume_code+idm_decile,manken_shirushi,keibajo_code,hizume_code,idm_decile,41,4976,81.01,11.17,77.59,False
GLOBAL_条件戦,uma_deokure_bin+manken_shirushi+omo_tekisei_code+joshodo_code,uma_deokure_bin,manken_shirushi,omo_tekisei_code,joshodo_code,76,75577,79.57,8.88,77.58,False
GLOBAL_条件戦,uma_deokure_bin+pace_yoso+da_tekisei_code+shiba_tekisei_code,uma_deokure_bin,pace_yoso,da_tekisei_code,shiba_tekisei_code,35,34773,80.6,9.09,77.58,False
GLOBAL_条件戦,uma_deokure_bin+manken_shirushi+pace_yoso+ichi_shisu_juni,uma_deokure_bin,manken_shirushi,pace_yoso,ichi_shisu_juni,321,48265,78.72,10.47,77.57,False
GLOBAL_条件戦,uma_deokure_bin+uma_start_shisu_decile+da_tekisei_code+joshodo_code,uma_deokure_bin,uma_start_shisu_decile,da_tekisei_code,joshodo_code,54,62411,80.19,9.82,77.57,False
GLOBAL_条件戦,uma_deokure_bin+manken_shirushi+kyori_tekisei+da_tekisei_code,uma_deokure_bin,manken_shirushi,kyori_tekisei,da_tekisei_code,114,39422,79.47,10.34,77.57,False
GLOBAL_条件戦,manken_shirushi+manken_shisu_decile+kyakushitsu+ichi_shisu_juni,manken_shirushi,manken_shisu_decile,kyakushitsu,ichi_shisu_juni,145,34176,79.08,9.25,77.57,False
GLOBAL_条件戦,kyori_tekisei_2+umakigo_code+omo_tekisei_code+rotation_bin,kyori_tekisei_2,umakigo_code,omo_tekisei_code,rotation_bin,4,590,88.4,11.08,77.54,False
GLOBAL_条件戦,manken_shirushi+pace_yoso+keibajo_code+hizume_code,manken_shirushi,pace_yoso,keibajo_code,hizume_code,119,17542,79.15,9.1,77.52,False
GLOBAL_条件戦,manken_shirushi+umakigo_code+omo_tekisei_code+bataiju,manken_shirushi,umakigo_code,omo_tekisei_code,bataiju,269,32527,78.88,11.36,77.52,False
GLOBAL_条件戦,uma_deokure_bin+da_tekisei_code+omo_tekisei_code+joshodo_code,uma_deokure_bin,da_tekisei_code,omo_tekisei_code,joshodo_code,31,69109,79.91,6.78,77.52,False
GLOBAL_条件戦,manken_shirushi+pace_yoso+hizume_code+manken_shisu_decile,manken_shirushi,pace_yoso,hizume_code,manken_shisu_decile,185,33826,78.81,9.07,77.5,False
GLOBAL_条件戦,manken_shirushi+hizume_code+manken_shisu_decile+ichi_shisu_juni,manken_shirushi,hizume_code,manken_shisu_decile,ichi_shisu_juni,8,1072,85.96,12.21,77.5,False
GLOBAL_条件戦,manken_shirushi+kyori_tekisei+manken_shisu_decile+ichi_shisu_juni,manken_shirushi,kyori_tekisei,manken_shisu_decile,ichi_shisu_juni,80,26319,79.7,10.02,77.5,False
GLOBAL_条件戦,kyori_kubun+uma_start_shisu_decile+kyori_tekisei+da_tekisei_code,kyori_kubun,uma_start_shisu_decile,kyori_tekisei,da_tekisei_code,121,57774,79.35,10.48,77.49,False
GLOBAL_条件戦,manken_shirushi+uma_start_shisu_decile+rotation_bin+ichi_shisu_juni,manken_shirushi,uma_start_shisu_decile,rotation_bin,ichi_shisu_juni,22,2465,81.23,8.96,77.49,False
GLOBAL_条件戦,manken_shirushi+da_tekisei_code+kyakushitsu+omo_tekisei_code,manken_shirushi,da_tekisei_code,kyakushitsu,omo_tekisei_code,122,43922,79.18,9.62,77.48,False
GLOBAL_条件戦,manken_shirushi+hizume_code+joshodo_code+ichi_shisu_juni,manken_shirushi,hizume_code,joshodo_code,ichi_shisu_juni,212,32919,78.87,10.37,77.47,False
GLOBAL_条件戦,uma_start_shisu_decile+kyori_tekisei+da_tekisei_code+joshodo_code,uma_start_shisu_decile,kyori_tekisei,da_tekisei_code,joshodo_code,56,60489,79.67,8.46,77.46,False
GLOBAL_条件戦,pace_yoso+kyori_tekisei+da_tekisei_code+omo_tekisei_code,pace_yoso,kyori_tekisei,da_tekisei_code,omo_tekisei_code,49,60284,79.71,8.07,77.45,False
GLOBAL_条件戦,kyori_kubun+uma_start_shisu_decile+da_tekisei_code+omo_tekisei_code,kyori_kubun,uma_start_shisu_decile,da_tekisei_code,omo_tekisei_code,110,60881,79.28,9.8,77.45,False
GLOBAL_条件戦,uma_deokure_bin+pace_yoso+umakigo_code+joshodo_code,uma_deokure_bin,pace_yoso,umakigo_code,joshodo_code,24,112082,80.05,6.53,77.44,False
GLOBAL_条件戦,manken_shirushi+pace_yoso+kyori_kubun+bataiju,manken_shirushi,pace_yoso,kyori_kubun,bataiju,4,427,81.44,4.09,77.44,False
GLOBAL_条件戦,manken_shirushi+pace_yoso+umakigo_code+bataiju,manken_shirushi,pace_yoso,umakigo_code,bataiju,284,39371,78.64,10.44,77.43,False
GLOBAL_条件戦,manken_shirushi+kyori_kubun+hizume_code+ichi_shisu_juni,manken_shirushi,kyori_kubun,hizume_code,ichi_shisu_juni,41,4841,80.26,9.28,77.42,False
GLOBAL_条件戦,manken_shirushi+pace_yoso+da_tekisei_code+omo_tekisei_code,manken_shirushi,pace_yoso,da_tekisei_code,omo_tekisei_code,91,41518,79.31,9.22,77.42,False
GLOBAL_条件戦,uma_deokure_bin+manken_shirushi+manken_shisu_decile+ichi_shisu_juni,uma_deokure_bin,manken_shirushi,manken_shisu_decile,ichi_shisu_juni,148,20780,79.08,10.38,77.41,False
GLOBAL_条件戦,keibajo_code+da_tekisei_code+omo_tekisei_code+joshodo_code,keibajo_code,da_tekisei_code,omo_tekisei_code,joshodo_code,54,68415,79.34,7.28,77.4,False
GLOBAL_条件戦,uma_deokure_bin+kyori_tekisei+omo_tekisei_code+joshodo_code,uma_deokure_bin,kyori_tekisei,omo_tekisei_code,joshodo_code,52,111866,79.37,7.27,77.4,False
GLOBAL_条件戦,kyori_tekisei_2+kyori_kubun+umakigo_code+kyakushitsu,kyori_tekisei_2,kyori_kubun,umakigo_code,kyakushitsu,8,1306,85.2,11.27,77.39,False
GLOBAL_条件戦,manken_shirushi+umakigo_code+keibajo_code+ichi_shisu_juni,manken_shirushi,umakigo_code,keibajo_code,ichi_shisu_juni,204,41669,78.76,10.18,77.36,False
GLOBAL_条件戦,manken_shirushi+pace_yoso+omo_tekisei_code+ichi_shisu_juni,manken_shirushi,pace_yoso,omo_tekisei_code,ichi_shisu_juni,328,49059,78.51,10.84,77.34,False
GLOBAL_条件戦,manken_shirushi+umakigo_code+hizume_code+ichi_shisu_juni,manken_shirushi,umakigo_code,hizume_code,ichi_shisu_juni,210,32220,78.76,10.51,77.34,False
GLOBAL_条件戦,umakigo_code+keibajo_code+da_tekisei_code+omo_tekisei_code,umakigo_code,keibajo_code,da_tekisei_code,omo_tekisei_code,58,67049,79.21,7.31,77.33,False
GLOBAL_条件戦,manken_shirushi+da_tekisei_code+omo_tekisei_code+joshodo_code,manken_shirushi,da_tekisei_code,omo_tekisei_code,joshodo_code,40,45785,79.56,7.25,77.31,False
GLOBAL_条件戦,manken_shirushi+pace_yoso+manken_shisu_decile+rotation_bin,manken_shirushi,pace_yoso,manken_shisu_decile,rotation_bin,266,47677,78.45,9.49,77.31,False
GLOBAL_条件戦,manken_shirushi+manken_shisu_decile+joshodo_code+ichi_shisu_juni,manken_shirushi,manken_shisu_decile,joshodo_code,ichi_shisu_juni,323,69256,78.3,9.13,77.31,False
GLOBAL_条件戦,manken_shirushi+keibajo_code+omo_tekisei_code+rotation_bin,manken_shirushi,keibajo_code,omo_tekisei_code,rotation_bin,246,34343,78.57,10.39,77.27,False
GLOBAL_条件戦,uma_deokure_bin+manken_shirushi+uma_start_shisu_decile+rotation_bin,uma_deokure_bin,manken_shirushi,uma_start_shisu_decile,rotation_bin,219,47408,78.59,10.16,77.25,False
GLOBAL_条件戦,uma_deokure_bin+manken_shirushi+umakigo_code+bataiju,uma_deokure_bin,manken_shirushi,umakigo_code,bataiju,241,28647,78.71,11.66,77.24,False
GLOBAL_条件戦,pace_yoso+uma_start_shisu_decile+da_tekisei_code+omo_tekisei_code,pace_yoso,uma_start_shisu_decile,da_tekisei_code,omo_tekisei_code,93,61935,79.05,8.97,77.23,False
GLOBAL_条件戦,manken_shirushi+pace_yoso+manken_shisu_decile+ichi_shisu_juni,manken_shirushi,pace_yoso,manken_shisu_decile,ichi_shisu_juni,144,32495,78.84,9.89,77.23,False
GLOBAL_条件戦,kyori_tekisei_2+kyori_kubun+kyakushitsu+shiba_tekisei_code,kyori_tekisei_2,kyori_kubun,kyakushitsu,shiba_tekisei_code,3,364,85.43,7.25,77.23,False
GLOBAL_条件戦,manken_shirushi+kyakushitsu+omo_tekisei_code+ichi_shisu_juni,manken_shirushi,kyakushitsu,omo_tekisei_code,ichi_shisu_juni,310,47943,78.34,9.99,77.23,False
GLOBAL_条件戦,uma_deokure_bin+manken_shirushi+kyori_kubun+ichi_shisu_juni,uma_deokure_bin,manken_shirushi,kyori_kubun,ichi_shisu_juni,235,37205,78.59,10.75,77.22,False
GLOBAL_条件戦,kyori_tekisei_2+uma_deokure_bin+kyakushitsu+shiba_tekisei_code,kyori_tekisei_2,uma_deokure_bin,kyakushitsu,shiba_tekisei_code,3,352,84.88,6.77,77.22,False
GLOBAL_条件戦,kyori_tekisei_2+kyori_tekisei+shiba_tekisei_code+idm_decile,kyori_tekisei_2,kyori_tekisei,shiba_tekisei_code,idm_decile,4,581,86.87,9.86,77.21,False
GLOBAL_条件戦,uma_deokure_bin+manken_shirushi+da_tekisei_code+joshodo_code,uma_deokure_bin,manken_shirushi,da_tekisei_code,joshodo_code,59,45336,79.67,9.73,77.19,False
GLOBAL_条件戦,uma_deokure_bin+manken_shirushi+hizume_code+ichi_shisu_juni,uma_deokure_bin,manken_shirushi,hizume_code,ichi_shisu_juni,71,8997,79.44,9.79,77.16,False
GLOBAL_条件戦,uma_deokure_bin+manken_shirushi+umakigo_code+omo_tekisei_code,uma_deokure_bin,manken_shirushi,umakigo_code,omo_tekisei_code,76,74073,79.11,8.64,77.16,False
GLOBAL_条件戦,manken_shirushi+kyori_kubun+umakigo_code+bataiju,manken_shirushi,kyori_kubun,umakigo_code,bataiju,192,24658,78.77,11.42,77.15,False
GLOBAL_条件戦,manken_shirushi+manken_shisu_decile+kyakushitsu+rotation_bin,manken_shirushi,manken_shisu_decile,kyakushitsu,rotation_bin,245,37728,78.44,10.53,77.13,False
GLOBAL_条件戦,manken_shirushi+umakigo_code+manken_shisu_decile+ichi_shisu_juni,manken_shirushi,umakigo_code,manken_shisu_decile,ichi_shisu_juni,314,71137,78.16,9.41,77.12,False
GLOBAL_条件戦,manken_shirushi+kyori_tekisei+da_tekisei_code+kyakushitsu,manken_shirushi,kyori_tekisei,da_tekisei_code,kyakushitsu,152,39542,78.9,11.32,77.1,False
GLOBAL_条件戦,uma_deokure_bin+manken_shirushi+da_tekisei_code+kyakushitsu,uma_deokure_bin,manken_shirushi,da_tekisei_code,kyakushitsu,111,40493,78.91,9.74,77.1,False
GLOBAL_条件戦,manken_shirushi+pace_yoso+keibajo_code+rotation_bin,manken_shirushi,pace_yoso,keibajo_code,rotation_bin,154,20640,78.89,11.35,77.1,False
GLOBAL_条件戦,manken_shirushi+keibajo_code+uma_start_shisu_decile+joshodo_code,manken_shirushi,keibajo_code,uma_start_shisu_decile,joshodo_code,238,48758,78.41,10.27,77.1,False
GLOBAL_条件戦,omo_tekisei_code+joshodo_code+ichi_shisu_juni+bataiju,omo_tekisei_code,joshodo_code,ichi_shisu_juni,bataiju,257,30284,78.51,11.63,77.09,False
GLOBAL_条件戦,uma_deokure_bin+manken_shirushi+keibajo_code+rotation_bin,uma_deokure_bin,manken_shirushi,keibajo_code,rotation_bin,232,32094,78.41,10.43,77.07,False
GLOBAL_条件戦,manken_shirushi+kyori_kubun+omo_tekisei_code+ichi_shisu_juni,manken_shirushi,kyori_kubun,omo_tekisei_code,ichi_shisu_juni,246,36094,78.39,10.55,77.07,False
GLOBAL_条件戦,kyori_tekisei_2+kyori_kubun+kyakushitsu+joshodo_code,kyori_tekisei_2,kyori_kubun,kyakushitsu,joshodo_code,8,1323,85.31,11.9,77.07,False
GLOBAL_条件戦,uma_deokure_bin+manken_shirushi+umakigo_code+da_tekisei_code,uma_deokure_bin,manken_shirushi,umakigo_code,da_tekisei_code,59,44200,79.52,9.66,77.06,False
GLOBAL_条件戦,manken_shirushi+manken_shisu_decile+rotation_bin+idm_decile,manken_shirushi,manken_shisu_decile,rotation_bin,idm_decile,161,23498,78.79,11.33,77.04,False
GLOBAL_条件戦,uma_deokure_bin+manken_shirushi+umakigo_code+uma_start_shisu_decile,uma_deokure_bin,manken_shirushi,umakigo_code,uma_start_shisu_decile,127,68336,78.71,9.69,77.03,False
GLOBAL_条件戦,uma_deokure_bin+manken_shirushi+pace_yoso+joshodo_code,uma_deokure_bin,manken_shirushi,pace_yoso,joshodo_code,76,73232,79.04,9.0,77.02,False
GLOBAL_条件戦,manken_shirushi+kyori_kubun+manken_shisu_decile+rotation_bin,manken_shirushi,kyori_kubun,manken_shisu_decile,rotation_bin,237,40707,78.27,9.84,77.02,False
GLOBAL_条件戦,pace_yoso+kyori_tekisei+da_tekisei_code+joshodo_code,pace_yoso,kyori_tekisei,da_tekisei_code,joshodo_code,23,60739,80.66,8.91,77.02,False
GLOBAL_条件戦,umakigo_code+uma_start_shisu_decile+kyori_tekisei+da_tekisei_code,umakigo_code,uma_start_shisu_decile,kyori_tekisei,da_tekisei_code,58,59918,79.23,8.61,77.01,False
GLOBAL_条件戦,kyori_tekisei_2+uma_deokure_bin+kyakushitsu+omo_tekisei_code,kyori_tekisei_2,uma_deokure_bin,kyakushitsu,omo_tekisei_code,3,369,88.67,10.31,77.0,False
GLOBAL_条件戦,umakigo_code+uma_start_shisu_decile+omo_tekisei_code+joshodo_code,umakigo_code,uma_start_shisu_decile,omo_tekisei_code,joshodo_code,35,109149,79.46,7.42,77.0,False
GLOBAL_条件戦,uma_deokure_bin+manken_shirushi+uma_start_shisu_decile+da_tekisei_code,uma_deokure_bin,manken_shirushi,uma_start_shisu_decile,da_tekisei_code,113,32582,79.0,10.83,77.0,False
GLOBAL_条件戦,manken_shirushi+umakigo_code+da_tekisei_code+omo_tekisei_code,manken_shirushi,umakigo_code,da_tekisei_code,omo_tekisei_code,40,44600,79.24,7.2,77.0,False
GLOBAL_条件戦,manken_shirushi+umakigo_code+keibajo_code+hizume_code,manken_shirushi,umakigo_code,keibajo_code,hizume_code,236,47047,78.22,9.63,76.99,False
GLOBAL_条件戦,uma_deokure_bin+manken_shirushi+pace_yoso+umakigo_code,uma_deokure_bin,manken_shirushi,pace_yoso,umakigo_code,77,72289,78.96,8.8,76.99,False
GLOBAL_条件戦,uma_deokure_bin+uma_start_shisu_decile+da_tekisei_code+omo_tekisei_code,uma_deokure_bin,uma_start_shisu_decile,da_tekisei_code,omo_tekisei_code,80,59093,79.19,10.08,76.98,False
GLOBAL_条件戦,umakigo_code+omo_tekisei_code+ichi_shisu_juni+bataiju,umakigo_code,omo_tekisei_code,ichi_shisu_juni,bataiju,247,28802,78.43,11.59,76.98,False
GLOBAL_条件戦,uma_deokure_bin+da_tekisei_code+omo_tekisei_code+shiba_tekisei_code,uma_deokure_bin,da_tekisei_code,omo_tekisei_code,shiba_tekisei_code,41,39724,78.95,6.42,76.98,False
GLOBAL_条件戦,manken_shirushi+keibajo_code+hizume_code+joshodo_code,manken_shirushi,keibajo_code,hizume_code,joshodo_code,245,48888,78.18,9.67,76.97,False
GLOBAL_条件戦,kyori_tekisei_2+kyori_kubun+rotation_bin+joshodo_code,kyori_tekisei_2,kyori_kubun,rotation_bin,joshodo_code,8,974,86.54,13.81,76.97,False
GLOBAL_条件戦,kyori_kubun+kyori_tekisei+da_tekisei_code+shiba_tekisei_code,kyori_kubun,kyori_tekisei,da_tekisei_code,shiba_tekisei_code,38,38784,79.6,8.27,76.97,False
GLOBAL_条件戦,uma_deokure_bin+umakigo_code+uma_start_shisu_decile+joshodo_code,uma_deokure_bin,umakigo_code,uma_start_shisu_decile,joshodo_code,43,110803,78.99,6.77,76.97,False
GLOBAL_条件戦,manken_shirushi+umakigo_code+keibajo_code+uma_start_shisu_decile,manken_shirushi,umakigo_code,keibajo_code,uma_start_shisu_decile,236,47852,78.29,10.42,76.96,False
GLOBAL_条件戦,kyori_tekisei_2+manken_shisu_decile+omo_tekisei_code+joshodo_code,kyori_tekisei_2,manken_shisu_decile,omo_tekisei_code,joshodo_code,3,335,88.83,10.5,76.95,False
GLOBAL_条件戦,uma_deokure_bin+umakigo_code+uma_start_shisu_decile+kyakushitsu,uma_deokure_bin,umakigo_code,uma_start_shisu_decile,kyakushitsu,89,108683,78.69,8.42,76.94,False
GLOBAL_条件戦,pace_yoso+uma_start_shisu_decile+kyori_tekisei+da_tekisei_code,pace_yoso,uma_start_shisu_decile,kyori_tekisei,da_tekisei_code,128,59626,78.68,10.06,76.94,False
GLOBAL_条件戦,manken_shirushi+uma_start_shisu_decile+kyakushitsu+joshodo_code,manken_shirushi,uma_start_shisu_decile,kyakushitsu,joshodo_code,195,71674,78.27,9.44,76.94,False
GLOBAL_条件戦,manken_shirushi+umakigo_code+uma_start_shisu_decile+kyakushitsu,manken_shirushi,umakigo_code,uma_start_shisu_decile,kyakushitsu,191,70296,78.3,9.59,76.93,False
GLOBAL_条件戦,uma_deokure_bin+pace_yoso+umakigo_code+da_tekisei_code,uma_deokure_bin,pace_yoso,umakigo_code,da_tekisei_code,29,63443,79.91,8.18,76.93,False
GLOBAL_条件戦,pace_yoso+uma_start_shisu_decile+da_tekisei_code+joshodo_code,pace_yoso,uma_start_shisu_decile,da_tekisei_code,joshodo_code,44,63049,79.33,8.15,76.92,False
GLOBAL_条件戦,manken_shirushi+umakigo_code+uma_start_shisu_decile+joshodo_code,manken_shirushi,umakigo_code,uma_start_shisu_decile,joshodo_code,67,72787,78.52,6.69,76.92,False
GLOBAL_条件戦,uma_start_shisu_decile+manken_shisu_decile+da_tekisei_code+joshodo_code,uma_start_shisu_decile,manken_shisu_decile,da_tekisei_code,joshodo_code,131,61377,78.67,10.28,76.91,False
GLOBAL_条件戦,manken_shirushi+umakigo_code+uma_start_shisu_decile+rotation_bin,manken_shirushi,umakigo_code,uma_start_shisu_decile,rotation_bin,270,63532,78.12,10.1,76.91,False
GLOBAL_条件戦,manken_shisu_decile+kyakushitsu+rotation_bin+ichi_shisu_juni,manken_shisu_decile,kyakushitsu,rotation_bin,ichi_shisu_juni,142,18121,78.4,9.06,76.91,False
GLOBAL_条件戦,manken_shirushi+uma_start_shisu_decile+rotation_bin+joshodo_code,manken_shirushi,uma_start_shisu_decile,rotation_bin,joshodo_code,272,64659,78.09,10.01,76.9,False
GLOBAL_条件戦,uma_deokure_bin+manken_shirushi+da_tekisei_code+omo_tekisei_code,uma_deokure_bin,manken_shirushi,da_tekisei_code,omo_tekisei_code,84,41468,79.01,9.96,76.88,False
GLOBAL_条件戦,manken_shirushi+keibajo_code+manken_shisu_decile+omo_tekisei_code,manken_shirushi,keibajo_code,manken_shisu_decile,omo_tekisei_code,275,45568,78.13,10.53,76.88,False
GLOBAL_条件戦,uma_deokure_bin+uma_start_shisu_decile+omo_tekisei_code+joshodo_code,uma_deokure_bin,uma_start_shisu_decile,omo_tekisei_code,joshodo_code,67,107771,78.74,7.79,76.88,False
GLOBAL_条件戦,umakigo_code+uma_start_shisu_decile+manken_shisu_decile+da_tekisei_code,umakigo_code,uma_start_shisu_decile,manken_shisu_decile,da_tekisei_code,131,60437,78.61,10.16,76.87,False
GLOBAL_条件戦,pace_yoso+uma_start_shisu_decile+omo_tekisei_code+joshodo_code,pace_yoso,uma_start_shisu_decile,omo_tekisei_code,joshodo_code,63,109154,78.55,6.82,76.87,False
GLOBAL_条件戦,manken_shirushi+kyori_kubun+manken_shisu_decile+ichi_shisu_juni,manken_shirushi,kyori_kubun,manken_shisu_decile,ichi_shisu_juni,172,32393,78.3,9.64,76.86,False
GLOBAL_条件戦,pace_yoso+umakigo_code+uma_start_shisu_decile+omo_tekisei_code,pace_yoso,umakigo_code,uma_start_shisu_decile,omo_tekisei_code,66,108585,78.43,6.5,76.86,False
GLOBAL_条件戦,uma_deokure_bin+pace_yoso+umakigo_code+kyori_tekisei,uma_deokure_bin,pace_yoso,umakigo_code,kyori_tekisei,57,106606,78.72,7.19,76.85,False
GLOBAL_条件戦,manken_shirushi+hizume_code+manken_shisu_decile+da_tekisei_code,manken_shirushi,hizume_code,manken_shisu_decile,da_tekisei_code,111,18906,78.94,11.25,76.85,False
GLOBAL_条件戦,manken_shirushi+kyori_kubun+keibajo_code+rotation_bin,manken_shirushi,kyori_kubun,keibajo_code,rotation_bin,162,22871,78.45,10.4,76.85,False
GLOBAL_条件戦,umakigo_code+uma_start_shisu_decile+kyori_tekisei+omo_tekisei_code,umakigo_code,uma_start_shisu_decile,kyori_tekisei,omo_tekisei_code,85,103460,78.42,7.5,76.83,False
GLOBAL_条件戦,manken_shirushi+uma_start_shisu_decile+kyori_tekisei+joshodo_code,manken_shirushi,uma_start_shisu_decile,kyori_tekisei,joshodo_code,226,69140,78.12,9.98,76.82,False
GLOBAL_条件戦,uma_start_shisu_decile+kyori_tekisei+da_tekisei_code+kyakushitsu,uma_start_shisu_decile,kyori_tekisei,da_tekisei_code,kyakushitsu,146,57614,78.58,10.9,76.81,False
GLOBAL_条件戦,manken_shirushi+da_tekisei_code+omo_tekisei_code+rotation_bin,manken_shirushi,da_tekisei_code,omo_tekisei_code,rotation_bin,144,39589,78.44,9.97,76.81,False
GLOBAL_条件戦,kyori_tekisei+manken_shisu_decile+da_tekisei_code+omo_tekisei_code,kyori_tekisei,manken_shisu_decile,da_tekisei_code,omo_tekisei_code,142,63210,78.49,10.21,76.81,False
GLOBAL_条件戦,manken_shirushi+pace_yoso+omo_tekisei_code+joshodo_code,manken_shirushi,pace_yoso,omo_tekisei_code,joshodo_code,69,74546,78.46,7.06,76.8,False
GLOBAL_条件戦,manken_shirushi+pace_yoso+kyori_kubun+hizume_code,manken_shirushi,pace_yoso,kyori_kubun,hizume_code,222,45780,77.98,9.0,76.8,False
GLOBAL_条件戦,uma_deokure_bin+pace_yoso+kyori_tekisei+joshodo_code,uma_deokure_bin,pace_yoso,kyori_tekisei,joshodo_code,46,106129,78.66,6.53,76.78,False
GLOBAL_条件戦,uma_deokure_bin+uma_start_shisu_decile+da_tekisei_code+kyakushitsu,uma_deokure_bin,uma_start_shisu_decile,da_tekisei_code,kyakushitsu,103,58677,78.95,11.2,76.78,False
GLOBAL_条件戦,pace_yoso+manken_shisu_decile+rotation_bin+ichi_shisu_juni,pace_yoso,manken_shisu_decile,rotation_bin,ichi_shisu_juni,120,14472,78.59,10.14,76.78,False
GLOBAL_条件戦,manken_shirushi+pace_yoso+da_tekisei_code+joshodo_code,manken_shirushi,pace_yoso,da_tekisei_code,joshodo_code,45,42905,79.43,9.04,76.78,False
GLOBAL_条件戦,manken_shirushi+manken_shisu_decile+da_tekisei_code+kyakushitsu,manken_shirushi,manken_shisu_decile,da_tekisei_code,kyakushitsu,160,34259,78.59,11.73,76.78,False
GLOBAL_条件戦,manken_shirushi+pace_yoso+kyori_kubun+da_tekisei_code,manken_shirushi,pace_yoso,kyori_kubun,da_tekisei_code,107,40191,78.78,10.62,76.77,False
GLOBAL_条件戦,manken_shirushi+uma_start_shisu_decile+manken_shisu_decile+rotation_bin,manken_shirushi,uma_start_shisu_decile,manken_shisu_decile,rotation_bin,124,19313,78.35,8.94,76.77,False
GLOBAL_条件戦,uma_deokure_bin+umakigo_code+uma_start_shisu_decile+omo_tekisei_code,uma_deokure_bin,umakigo_code,uma_start_shisu_decile,omo_tekisei_code,72,107775,78.64,8.09,76.77,False
GLOBAL_条件戦,manken_shirushi+da_tekisei_code+kyakushitsu+joshodo_code,manken_shirushi,da_tekisei_code,kyakushitsu,joshodo_code,63,46688,78.65,7.63,76.77,False
GLOBAL_条件戦,uma_deokure_bin+kyori_kubun+omo_tekisei_code+joshodo_code,uma_deokure_bin,kyori_kubun,omo_tekisei_code,joshodo_code,52,116831,78.94,8.02,76.77,False
GLOBAL_条件戦,uma_deokure_bin+manken_shirushi+da_tekisei_code+rotation_bin,uma_deokure_bin,manken_shirushi,da_tekisei_code,rotation_bin,139,36682,78.38,9.77,76.76,False
GLOBAL_条件戦,manken_shirushi+da_tekisei_code+rotation_bin+ichi_shisu_juni,manken_shirushi,da_tekisei_code,rotation_bin,ichi_shisu_juni,7,751,83.03,8.47,76.76,False
GLOBAL_条件戦,uma_start_shisu_decile+kyori_tekisei+omo_tekisei_code+joshodo_code,uma_start_shisu_decile,kyori_tekisei,omo_tekisei_code,joshodo_code,78,103787,78.37,7.29,76.75,False
GLOBAL_条件戦,kyori_tekisei+da_tekisei_code+rotation_bin+joshodo_code,kyori_tekisei,da_tekisei_code,rotation_bin,joshodo_code,56,66290,78.98,8.52,76.75,False
GLOBAL_条件戦,kyori_tekisei_2+kyori_tekisei+shiba_tekisei_code+joshodo_code,kyori_tekisei_2,kyori_tekisei,shiba_tekisei_code,joshodo_code,6,1616,83.95,9.01,76.74,False
GLOBAL_条件戦,manken_shirushi+umakigo_code+uma_start_shisu_decile+kyori_tekisei,manken_shirushi,umakigo_code,uma_start_shisu_decile,kyori_tekisei,223,67887,78.04,9.89,76.74,False
GLOBAL_条件戦,uma_deokure_bin+pace_yoso+umakigo_code+omo_tekisei_code,uma_deokure_bin,pace_yoso,umakigo_code,omo_tekisei_code,41,109897,78.83,6.84,76.73,False
GLOBAL_条件戦,kyakushitsu+omo_tekisei_code+rotation_bin+bataiju,kyakushitsu,omo_tekisei_code,rotation_bin,bataiju,119,13933,78.9,12.1,76.73,False
GLOBAL_条件戦,manken_shirushi+umakigo_code+uma_start_shisu_decile+hizume_code,manken_shirushi,umakigo_code,uma_start_shisu_decile,hizume_code,223,50344,78.06,10.25,76.71,False
GLOBAL_条件戦,pace_yoso+uma_start_shisu_decile+hizume_code+bataiju,pace_yoso,uma_start_shisu_decile,hizume_code,bataiju,33,4068,80.85,12.16,76.7,False
GLOBAL_条件戦,kyori_kubun+kyori_tekisei+da_tekisei_code+omo_tekisei_code,kyori_kubun,kyori_tekisei,da_tekisei_code,omo_tekisei_code,59,66447,78.97,8.89,76.7,False
GLOBAL_条件戦,manken_shirushi+hizume_code+omo_tekisei_code+rotation_bin,manken_shirushi,hizume_code,omo_tekisei_code,rotation_bin,217,39284,78.03,9.95,76.7,False
GLOBAL_条件戦,uma_deokure_bin+manken_shirushi+umakigo_code+joshodo_code,uma_deokure_bin,manken_shirushi,umakigo_code,joshodo_code,48,77587,78.75,7.25,76.7,False
GLOBAL_条件戦,manken_shirushi+da_tekisei_code+rotation_bin+joshodo_code,manken_shirushi,da_tekisei_code,rotation_bin,joshodo_code,97,45509,78.41,8.61,76.69,False
GLOBAL_条件戦,keibajo_code+kyori_tekisei+da_tekisei_code+omo_tekisei_code,keibajo_code,kyori_tekisei,da_tekisei_code,omo_tekisei_code,150,63399,78.2,9.56,76.67,False
GLOBAL_条件戦,manken_shisu_decile+da_tekisei_code+kyakushitsu+omo_tekisei_code,manken_shisu_decile,da_tekisei_code,kyakushitsu,omo_tekisei_code,149,64862,78.33,10.42,76.66,False
GLOBAL_条件戦,manken_shirushi+hizume_code+manken_shisu_decile+idm_decile,manken_shirushi,hizume_code,manken_shisu_decile,idm_decile,115,16409,78.74,11.42,76.66,False
GLOBAL_条件戦,uma_deokure_bin+manken_shirushi+uma_start_shisu_decile+kyori_tekisei,uma_deokure_bin,manken_shirushi,uma_start_shisu_decile,kyori_tekisei,208,54441,78.11,10.69,76.66,False
GLOBAL_条件戦,manken_shirushi+pace_yoso+kyori_kubun+rotation_bin,manken_shirushi,pace_yoso,kyori_kubun,rotation_bin,276,59613,77.84,10.07,76.66,False
GLOBAL_条件戦,uma_deokure_bin+umakigo_code+da_tekisei_code+omo_tekisei_code,uma_deokure_bin,umakigo_code,da_tekisei_code,omo_tekisei_code,36,68670,79.28,8.0,76.66,False
GLOBAL_条件戦,uma_deokure_bin+manken_shirushi+uma_start_shisu_decile+joshodo_code,uma_deokure_bin,manken_shirushi,uma_start_shisu_decile,joshodo_code,123,68971,78.32,9.4,76.66,False
GLOBAL_条件戦,manken_shirushi+umakigo_code+keibajo_code+kyori_tekisei,manken_shirushi,umakigo_code,keibajo_code,kyori_tekisei,269,90741,77.76,9.21,76.66,False
GLOBAL_条件戦,uma_deokure_bin+kyori_kubun+da_tekisei_code+joshodo_code,uma_deokure_bin,kyori_kubun,da_tekisei_code,joshodo_code,37,69273,79.19,7.9,76.65,False
GLOBAL_条件戦,manken_shirushi+pace_yoso+uma_start_shisu_decile+joshodo_code,manken_shirushi,pace_yoso,uma_start_shisu_decile,joshodo_code,163,72486,77.86,7.97,76.64,False
GLOBAL_条件戦,uma_deokure_bin+pace_yoso+uma_start_shisu_decile+joshodo_code,uma_deokure_bin,pace_yoso,uma_start_shisu_decile,joshodo_code,72,109909,78.4,7.65,76.64,False
GLOBAL_条件戦,manken_shirushi+kyori_kubun+keibajo_code+manken_shisu_decile,manken_shirushi,kyori_kubun,keibajo_code,manken_shisu_decile,266,44106,77.89,10.34,76.64,False
GLOBAL_条件戦,manken_shirushi+uma_start_shisu_decile+hizume_code+joshodo_code,manken_shirushi,uma_start_shisu_decile,hizume_code,joshodo_code,225,51267,77.95,10.09,76.63,False
GLOBAL_条件戦,uma_deokure_bin+manken_shisu_decile+omo_tekisei_code+joshodo_code,uma_deokure_bin,manken_shisu_decile,omo_tekisei_code,joshodo_code,103,113012,78.43,9.32,76.63,False
GLOBAL_条件戦,manken_shirushi+pace_yoso+uma_start_shisu_decile+ichi_shisu_juni,manken_shirushi,pace_yoso,uma_start_shisu_decile,ichi_shisu_juni,113,15611,78.49,10.11,76.63,False
GLOBAL_条件戦,uma_deokure_bin+manken_shirushi+uma_start_shisu_decile+hizume_code,uma_deokure_bin,manken_shirushi,uma_start_shisu_decile,hizume_code,195,39065,78.1,10.55,76.62,False
GLOBAL_条件戦,kyori_tekisei+da_tekisei_code+omo_tekisei_code+rotation_bin,kyori_tekisei,da_tekisei_code,omo_tekisei_code,rotation_bin,111,64239,78.4,9.58,76.62,False
GLOBAL_条件戦,pace_yoso+umakigo_code+uma_start_shisu_decile+da_tekisei_code,pace_yoso,umakigo_code,uma_start_shisu_decile,da_tekisei_code,46,62559,78.96,8.1,76.61,False
GLOBAL_条件戦,uma_deokure_bin+umakigo_code+kyori_tekisei+omo_tekisei_code,uma_deokure_bin,umakigo_code,kyori_tekisei,omo_tekisei_code,70,112575,78.41,7.68,76.61,False
GLOBAL_条件戦,pace_yoso+da_tekisei_code+kyakushitsu+omo_tekisei_code,pace_yoso,da_tekisei_code,kyakushitsu,omo_tekisei_code,55,62981,78.94,8.88,76.6,False
GLOBAL_条件戦,keibajo_code+kyori_tekisei+da_tekisei_code+joshodo_code,keibajo_code,kyori_tekisei,da_tekisei_code,joshodo_code,78,66726,78.4,8.12,76.6,False
GLOBAL_条件戦,manken_shirushi+kyori_kubun+da_tekisei_code+omo_tekisei_code,manken_shirushi,kyori_kubun,da_tekisei_code,omo_tekisei_code,115,43371,78.58,10.82,76.6,False
GLOBAL_条件戦,manken_shirushi+uma_start_shisu_decile+manken_shisu_decile+joshodo_code,manken_shirushi,uma_start_shisu_decile,manken_shisu_decile,joshodo_code,230,65233,77.93,10.28,76.6,False
GLOBAL_条件戦,uma_deokure_bin+manken_shirushi+keibajo_code+hizume_code,uma_deokure_bin,manken_shirushi,keibajo_code,hizume_code,146,23339,78.22,9.99,76.6,False
GLOBAL_条件戦,uma_deokure_bin+umakigo_code+kyori_tekisei+joshodo_code,uma_deokure_bin,umakigo_code,kyori_tekisei,joshodo_code,42,115176,79.0,7.92,76.6,False
GLOBAL_条件戦,uma_deokure_bin+manken_shirushi+kyori_kubun+uma_start_shisu_decile,uma_deokure_bin,manken_shirushi,kyori_kubun,uma_start_shisu_decile,194,57641,78.05,10.33,76.59,False
GLOBAL_条件戦,manken_shirushi+pace_yoso+umakigo_code+da_tekisei_code,manken_shirushi,pace_yoso,umakigo_code,da_tekisei_code,45,42225,79.18,8.85,76.59,False
GLOBAL_条件戦,manken_shirushi+pace_yoso+kyori_tekisei+da_tekisei_code,manken_shirushi,pace_yoso,kyori_tekisei,da_tekisei_code,120,39528,78.48,10.6,76.58,False
GLOBAL_条件戦,uma_deokure_bin+manken_shirushi+hizume_code+manken_shisu_decile,uma_deokure_bin,manken_shirushi,hizume_code,manken_shisu_decile,193,37965,77.96,9.77,76.58,False
GLOBAL_条件戦,uma_deokure_bin+manken_shirushi+kyori_kubun+hizume_code,uma_deokure_bin,manken_shirushi,kyori_kubun,hizume_code,229,49903,77.78,9.28,76.58,False
GLOBAL_条件戦,manken_shirushi+kyori_kubun+hizume_code+manken_shisu_decile,manken_shirushi,kyori_kubun,hizume_code,manken_shisu_decile,171,29589,77.98,9.33,76.58,False
GLOBAL_条件戦,manken_shirushi+pace_yoso+umakigo_code+uma_start_shisu_decile,manken_shirushi,pace_yoso,umakigo_code,uma_start_shisu_decile,163,71475,77.81,8.09,76.57,False
GLOBAL_条件戦,uma_deokure_bin+manken_shisu_decile+da_tekisei_code+omo_tekisei_code,uma_deokure_bin,manken_shisu_decile,da_tekisei_code,omo_tekisei_code,107,61734,78.4,9.68,76.57,False
GLOBAL_条件戦,uma_deokure_bin+manken_shirushi+kyakushitsu+joshodo_code,uma_deokure_bin,manken_shirushi,kyakushitsu,joshodo_code,88,75335,78.34,8.47,76.57,False
GLOBAL_条件戦,manken_shirushi+pace_yoso+kyori_kubun+ichi_shisu_juni,manken_shirushi,pace_yoso,kyori_kubun,ichi_shisu_juni,226,49448,77.79,9.48,76.56,False
GLOBAL_条件戦,uma_deokure_bin+manken_shirushi+pace_yoso+rotation_bin,uma_deokure_bin,manken_shirushi,pace_yoso,rotation_bin,223,62416,77.72,8.9,76.55,False
GLOBAL_条件戦,hizume_code+manken_shisu_decile+kyakushitsu+ichi_shisu_juni,hizume_code,manken_shisu_decile,kyakushitsu,ichi_shisu_juni,107,13188,78.63,11.04,76.54,False
GLOBAL_条件戦,manken_shirushi+hizume_code+da_tekisei_code+joshodo_code,manken_shirushi,hizume_code,da_tekisei_code,joshodo_code,112,41142,78.28,9.43,76.54,False
GLOBAL_条件戦,uma_deokure_bin+pace_yoso+umakigo_code+uma_start_shisu_decile,uma_deokure_bin,pace_yoso,umakigo_code,uma_start_shisu_decile,78,109905,78.19,7.49,76.53,False
GLOBAL_条件戦,uma_deokure_bin+manken_shirushi+hizume_code+rotation_bin,uma_deokure_bin,manken_shirushi,hizume_code,rotation_bin,226,37706,77.81,9.9,76.52,False
GLOBAL_条件戦,uma_start_shisu_decile+kyakushitsu+rotation_bin+bataiju,uma_start_shisu_decile,kyakushitsu,rotation_bin,bataiju,20,2168,81.01,10.24,76.52,False
GLOBAL_条件戦,uma_deokure_bin+pace_yoso+kyori_tekisei+omo_tekisei_code,uma_deokure_bin,pace_yoso,kyori_tekisei,omo_tekisei_code,85,103722,78.17,7.78,76.52,False
GLOBAL_条件戦,uma_deokure_bin+manken_shirushi+uma_start_shisu_decile+manken_shisu_decile,uma_deokure_bin,manken_shirushi,uma_start_shisu_decile,manken_shisu_decile,210,51135,77.88,10.09,76.51,False
GLOBAL_条件戦,uma_deokure_bin+manken_shirushi+uma_start_shisu_decile+omo_tekisei_code,uma_deokure_bin,manken_shirushi,uma_start_shisu_decile,omo_tekisei_code,152,60038,77.88,8.68,76.5,False
GLOBAL_条件戦,manken_shirushi+kyori_kubun+uma_start_shisu_decile+joshodo_code,manken_shirushi,kyori_kubun,uma_start_shisu_decile,joshodo_code,194,71113,77.78,9.14,76.49,False
GLOBAL_条件戦,manken_shirushi+pace_yoso+umakigo_code+omo_tekisei_code,manken_shirushi,pace_yoso,umakigo_code,omo_tekisei_code,69,73533,78.15,7.03,76.49,False
GLOBAL_条件戦,manken_shirushi+pace_yoso+da_tekisei_code+kyakushitsu,manken_shirushi,pace_yoso,da_tekisei_code,kyakushitsu,127,40588,78.15,9.63,76.48,False
GLOBAL_条件戦,manken_shirushi+manken_shisu_decile+omo_tekisei_code+rotation_bin,manken_shirushi,manken_shisu_decile,omo_tekisei_code,rotation_bin,272,53962,77.58,9.35,76.47,False
GLOBAL_条件戦,manken_shirushi+kyori_kubun+manken_shisu_decile+da_tekisei_code,manken_shirushi,kyori_kubun,manken_shisu_decile,da_tekisei_code,152,35644,78.31,11.61,76.47,False
GLOBAL_条件戦,manken_shirushi+pace_yoso+kyori_tekisei+rotation_bin,manken_shirushi,pace_yoso,kyori_tekisei,rotation_bin,292,54217,77.81,11.77,76.46,False
GLOBAL_条件戦,manken_shirushi+kyori_tekisei+manken_shisu_decile+da_tekisei_code,manken_shirushi,kyori_tekisei,manken_shisu_decile,da_tekisei_code,166,35416,78.26,11.84,76.46,False
GLOBAL_条件戦,manken_shirushi+kyori_kubun+umakigo_code+uma_start_shisu_decile,manken_shirushi,kyori_kubun,umakigo_code,uma_start_shisu_decile,194,70108,77.76,9.39,76.44,False
GLOBAL_条件戦,uma_deokure_bin+uma_start_shisu_decile+kyakushitsu+joshodo_code,uma_deokure_bin,uma_start_shisu_decile,kyakushitsu,joshodo_code,81,108489,78.25,8.3,76.44,False
GLOBAL_条件戦,manken_shirushi+umakigo_code+da_tekisei_code+rotation_bin,manken_shirushi,umakigo_code,da_tekisei_code,rotation_bin,97,44322,78.18,8.74,76.44,False
GLOBAL_条件戦,manken_shirushi+uma_start_shisu_decile+omo_tekisei_code+joshodo_code,manken_shirushi,uma_start_shisu_decile,omo_tekisei_code,joshodo_code,132,70927,77.76,7.83,76.43,False
GLOBAL_条件戦,manken_shirushi+kyakushitsu+rotation_bin+idm_decile,manken_shirushi,kyakushitsu,rotation_bin,idm_decile,234,33907,78.1,13.02,76.43,False
GLOBAL_条件戦,uma_deokure_bin+manken_shirushi+umakigo_code+kyakushitsu,uma_deokure_bin,manken_shirushi,umakigo_code,kyakushitsu,88,73877,78.24,8.69,76.43,False
GLOBAL_条件戦,uma_deokure_bin+manken_shirushi+keibajo_code+manken_shisu_decile,uma_deokure_bin,manken_shirushi,keibajo_code,manken_shisu_decile,264,43963,77.66,10.22,76.43,False
GLOBAL_条件戦,manken_shirushi+umakigo_code+da_tekisei_code+kyakushitsu,manken_shirushi,umakigo_code,da_tekisei_code,kyakushitsu,63,45462,78.31,7.6,76.43,False
GLOBAL_条件戦,manken_shirushi+pace_yoso+keibajo_code+kyakushitsu,manken_shirushi,pace_yoso,keibajo_code,kyakushitsu,340,58395,77.56,10.73,76.42,False
GLOBAL_条件戦,uma_deokure_bin+umakigo_code+uma_start_shisu_decile+kyori_tekisei,uma_deokure_bin,umakigo_code,uma_start_shisu_decile,kyori_tekisei,95,103741,78.04,8.04,76.42,False
GLOBAL_条件戦,manken_shirushi+pace_yoso+hizume_code+kyakushitsu,manken_shirushi,pace_yoso,hizume_code,kyakushitsu,209,40375,77.82,10.34,76.42,False
GLOBAL_条件戦,manken_shirushi+umakigo_code+joshodo_code+bataiju,manken_shirushi,umakigo_code,joshodo_code,bataiju,331,64693,77.45,9.65,76.41,False
GLOBAL_条件戦,manken_shirushi+umakigo_code+uma_start_shisu_decile+manken_shisu_decile,manken_shirushi,umakigo_code,uma_start_shisu_decile,manken_shisu_decile,226,63895,77.72,10.0,76.41,False
GLOBAL_条件戦,manken_shirushi+hizume_code+manken_shisu_decile+omo_tekisei_code,manken_shirushi,hizume_code,manken_shisu_decile,omo_tekisei_code,207,41409,77.73,9.83,76.4,False
GLOBAL_条件戦,umakigo_code+uma_start_shisu_decile+da_tekisei_code+joshodo_code,umakigo_code,uma_start_shisu_decile,da_tekisei_code,joshodo_code,23,62937,79.36,7.24,76.4,False
GLOBAL_条件戦,manken_shirushi+umakigo_code+uma_start_shisu_decile+omo_tekisei_code,manken_shirushi,umakigo_code,uma_start_shisu_decile,omo_tekisei_code,131,69853,77.78,8.05,76.4,False
GLOBAL_条件戦,manken_shirushi+kyori_kubun+umakigo_code+hizume_code,manken_shirushi,kyori_kubun,umakigo_code,hizume_code,210,66245,77.56,8.61,76.4,False
GLOBAL_条件戦,manken_shirushi+kyori_kubun+hizume_code+joshodo_code,manken_shirushi,kyori_kubun,hizume_code,joshodo_code,212,67700,77.61,8.93,76.4,False
GLOBAL_条件戦,uma_deokure_bin+pace_yoso+omo_tekisei_code+shiba_tekisei_code,uma_deokure_bin,pace_yoso,omo_tekisei_code,shiba_tekisei_code,46,81242,78.53,7.39,76.4,False
GLOBAL_条件戦,uma_start_shisu_decile+da_tekisei_code+omo_tekisei_code+shiba_tekisei_code,uma_start_shisu_decile,da_tekisei_code,omo_tekisei_code,shiba_tekisei_code,52,34147,78.68,8.46,76.38,False
GLOBAL_条件戦,umakigo_code+uma_start_shisu_decile+kyakushitsu+omo_tekisei_code,umakigo_code,uma_start_shisu_decile,kyakushitsu,omo_tekisei_code,76,107584,77.75,6.1,76.38,False
GLOBAL_条件戦,manken_shirushi+pace_yoso+omo_tekisei_code+rotation_bin,manken_shirushi,pace_yoso,omo_tekisei_code,rotation_bin,226,63835,77.46,8.31,76.38,False
GLOBAL_条件戦,uma_deokure_bin+da_tekisei_code+kyakushitsu+omo_tekisei_code,uma_deokure_bin,da_tekisei_code,kyakushitsu,omo_tekisei_code,71,67359,78.59,9.46,76.38,False
GLOBAL_条件戦,manken_shirushi+manken_shisu_decile+da_tekisei_code+omo_tekisei_code,manken_shirushi,manken_shisu_decile,da_tekisei_code,omo_tekisei_code,129,38227,78.37,11.57,76.37,False
GLOBAL_条件戦,uma_deokure_bin+manken_shirushi+pace_yoso+da_tekisei_code,uma_deokure_bin,manken_shirushi,pace_yoso,da_tekisei_code,82,38685,78.3,8.98,76.36,False
GLOBAL_条件戦,manken_shirushi+kyori_tekisei+omo_tekisei_code+rotation_bin,manken_shirushi,kyori_tekisei,omo_tekisei_code,rotation_bin,288,63523,77.6,10.78,76.36,False
GLOBAL_条件戦,da_tekisei_code+kyakushitsu+omo_tekisei_code+joshodo_code,da_tekisei_code,kyakushitsu,omo_tekisei_code,joshodo_code,27,69198,78.58,5.9,76.35,False
GLOBAL_条件戦,manken_shirushi+keibajo_code+rotation_bin+idm_decile,manken_shirushi,keibajo_code,rotation_bin,idm_decile,44,5078,79.79,11.66,76.35,False
GLOBAL_条件戦,manken_shirushi+omo_tekisei_code+rotation_bin+joshodo_code,manken_shirushi,omo_tekisei_code,rotation_bin,joshodo_code,120,74477,77.8,8.13,76.35,False
GLOBAL_条件戦,uma_deokure_bin+uma_start_shisu_decile+kyori_tekisei+da_tekisei_code,uma_deokure_bin,uma_start_shisu_decile,kyori_tekisei,da_tekisei_code,93,55056,78.4,10.23,76.32,False
GLOBAL_条件戦,manken_shirushi+kyori_kubun+kyakushitsu+rotation_bin,manken_shirushi,kyori_kubun,kyakushitsu,rotation_bin,297,53834,77.55,10.86,76.32,False
GLOBAL_条件戦,manken_shirushi+keibajo_code+hizume_code+omo_tekisei_code,manken_shirushi,keibajo_code,hizume_code,omo_tekisei_code,165,26560,77.98,10.91,76.32,False
GLOBAL_条件戦,manken_shirushi+pace_yoso+kyori_kubun+uma_start_shisu_decile,manken_shirushi,pace_yoso,kyori_kubun,uma_start_shisu_decile,265,55557,77.55,10.22,76.32,False
GLOBAL_条件戦,pace_yoso+keibajo_code+omo_tekisei_code+bataiju,pace_yoso,keibajo_code,omo_tekisei_code,bataiju,30,3270,79.77,9.62,76.32,False
GLOBAL_条件戦,pace_yoso+umakigo_code+da_tekisei_code+omo_tekisei_code,pace_yoso,umakigo_code,da_tekisei_code,omo_tekisei_code,23,63266,80.47,10.15,76.32,False
GLOBAL_条件戦,uma_deokure_bin+manken_shirushi+rotation_bin+ichi_shisu_juni,uma_deokure_bin,manken_shirushi,rotation_bin,ichi_shisu_juni,84,10749,78.29,9.23,76.31,False
GLOBAL_条件戦,pace_yoso+kyori_kubun+da_tekisei_code+omo_tekisei_code,pace_yoso,kyori_kubun,da_tekisei_code,omo_tekisei_code,48,62769,78.72,8.53,76.31,False
GLOBAL_条件戦,uma_deokure_bin+keibajo_code+omo_tekisei_code+joshodo_code,uma_deokure_bin,keibajo_code,omo_tekisei_code,joshodo_code,97,114006,77.86,7.89,76.29,False
GLOBAL_条件戦,kyakushitsu+omo_tekisei_code+idm_decile+bataiju,kyakushitsu,omo_tekisei_code,idm_decile,bataiju,122,14372,78.79,14.07,76.29,False
GLOBAL_条件戦,pace_yoso+uma_start_shisu_decile+da_tekisei_code+kyakushitsu,pace_yoso,uma_start_shisu_decile,da_tekisei_code,kyakushitsu,114,60916,78.12,9.94,76.29,False
GLOBAL_条件戦,uma_deokure_bin+pace_yoso+kyori_kubun+umakigo_code,uma_deokure_bin,pace_yoso,kyori_kubun,umakigo_code,54,111559,78.1,6.78,76.29,False
GLOBAL_条件戦,manken_shirushi+kyori_kubun+uma_start_shisu_decile+hizume_code,manken_shirushi,kyori_kubun,uma_start_shisu_decile,hizume_code,127,22235,77.92,9.42,76.28,False
GLOBAL_条件戦,manken_shirushi+pace_yoso+uma_start_shisu_decile+rotation_bin,manken_shirushi,pace_yoso,uma_start_shisu_decile,rotation_bin,177,31395,77.88,10.85,76.28,False
GLOBAL_条件戦,manken_shirushi+uma_start_shisu_decile+shiba_tekisei_code+joshodo_code,manken_shirushi,uma_start_shisu_decile,shiba_tekisei_code,joshodo_code,115,53888,77.88,8.79,76.28,False
GLOBAL_条件戦,manken_shirushi+umakigo_code+hizume_code+da_tekisei_code,manken_shirushi,umakigo_code,hizume_code,da_tekisei_code,110,39853,78.04,9.48,76.27,False
GLOBAL_条件戦,manken_shirushi+pace_yoso+umakigo_code+kyori_tekisei,manken_shirushi,pace_yoso,umakigo_code,kyori_tekisei,100,91066,77.55,6.55,76.27,False
GLOBAL_条件戦,pace_yoso+keibajo_code+da_tekisei_code+omo_tekisei_code,pace_yoso,keibajo_code,da_tekisei_code,omo_tekisei_code,106,61001,77.97,8.93,76.27,False
GLOBAL_条件戦,uma_deokure_bin+pace_yoso+da_tekisei_code+joshodo_code,uma_deokure_bin,pace_yoso,da_tekisei_code,joshodo_code,25,63252,80.51,10.83,76.27,False
GLOBAL_条件戦,keibajo_code+kyakushitsu+rotation_bin+ichi_shisu_juni,keibajo_code,kyakushitsu,rotation_bin,ichi_shisu_juni,168,22532,77.88,10.69,76.27,False
GLOBAL_条件戦,manken_shirushi+kyori_tekisei+kyakushitsu+rotation_bin,manken_shirushi,kyori_tekisei,kyakushitsu,rotation_bin,298,50352,77.6,11.87,76.26,False
GLOBAL_条件戦,uma_deokure_bin+manken_shirushi+rotation_bin+joshodo_code,uma_deokure_bin,manken_shirushi,rotation_bin,joshodo_code,115,71357,77.55,7.06,76.26,False
GLOBAL_条件戦,manken_shirushi+pace_yoso+keibajo_code+manken_shisu_decile,manken_shirushi,pace_yoso,keibajo_code,manken_shisu_decile,308,50337,77.41,10.28,76.26,False
GLOBAL_条件戦,kyori_tekisei+da_tekisei_code+kyakushitsu+omo_tekisei_code,kyori_tekisei,da_tekisei_code,kyakushitsu,omo_tekisei_code,77,66185,78.24,8.93,76.25,False
GLOBAL_条件戦,da_tekisei_code+omo_tekisei_code+joshodo_code+ichi_shisu_juni,da_tekisei_code,omo_tekisei_code,joshodo_code,ichi_shisu_juni,70,61571,78.47,9.47,76.25,False
GLOBAL_条件戦,uma_deokure_bin+uma_start_shisu_decile+kyori_tekisei+joshodo_code,uma_deokure_bin,uma_start_shisu_decile,kyori_tekisei,joshodo_code,91,104052,77.86,7.91,76.24,False
GLOBAL_条件戦,manken_shirushi+pace_yoso+omo_tekisei_code+shiba_tekisei_code,manken_shirushi,pace_yoso,omo_tekisei_code,shiba_tekisei_code,97,53654,77.92,8.44,76.24,False
GLOBAL_条件戦,uma_deokure_bin+manken_shirushi+pace_yoso+keibajo_code,uma_deokure_bin,manken_shirushi,pace_yoso,keibajo_code,306,58859,77.31,9.56,76.24,False
GLOBAL_条件戦,uma_deokure_bin+pace_yoso+uma_start_shisu_decile+da_tekisei_code,uma_deokure_bin,pace_yoso,uma_start_shisu_decile,da_tekisei_code,87,59832,78.33,9.95,76.24,False
GLOBAL_条件戦,pace_yoso+manken_shisu_decile+omo_tekisei_code+bataiju,pace_yoso,manken_shisu_decile,omo_tekisei_code,bataiju,3,310,88.03,10.42,76.24,False
GLOBAL_条件戦,keibajo_code+uma_start_shisu_decile+da_tekisei_code+joshodo_code,keibajo_code,uma_start_shisu_decile,da_tekisei_code,joshodo_code,139,61886,77.86,9.81,76.23,False
GLOBAL_条件戦,manken_shirushi+kyori_tekisei+hizume_code+kyakushitsu,manken_shirushi,kyori_tekisei,hizume_code,kyakushitsu,206,36055,77.83,11.7,76.23,False
GLOBAL_条件戦,uma_deokure_bin+manken_shirushi+pace_yoso+uma_start_shisu_decile,uma_deokure_bin,manken_shirushi,pace_yoso,uma_start_shisu_decile,171,59647,77.63,9.34,76.23,False
GLOBAL_条件戦,kyori_tekisei_2+manken_shirushi+da_tekisei_code+joshodo_code,kyori_tekisei_2,manken_shirushi,da_tekisei_code,joshodo_code,3,319,89.4,11.65,76.22,False
GLOBAL_条件戦,kyori_tekisei_2+umakigo_code+manken_shisu_decile+omo_tekisei_code,kyori_tekisei_2,umakigo_code,manken_shisu_decile,omo_tekisei_code,3,334,88.32,10.69,76.22,False
GLOBAL_条件戦,manken_shirushi+umakigo_code+uma_start_shisu_decile+shiba_tekisei_code,manken_shirushi,umakigo_code,uma_start_shisu_decile,shiba_tekisei_code,115,53301,77.86,8.94,76.22,False
GLOBAL_条件戦,uma_deokure_bin+manken_shirushi+manken_shisu_decile+rotation_bin,uma_deokure_bin,manken_shirushi,manken_shisu_decile,rotation_bin,269,52626,77.32,9.24,76.22,False
GLOBAL_条件戦,uma_start_shisu_decile+kyakushitsu+omo_tekisei_code+joshodo_code,uma_start_shisu_decile,kyakushitsu,omo_tekisei_code,joshodo_code,70,107942,77.72,6.43,76.21,False
GLOBAL_条件戦,manken_shirushi+umakigo_code+omo_tekisei_code+rotation_bin,manken_shirushi,umakigo_code,omo_tekisei_code,rotation_bin,119,72852,77.7,8.24,76.21,False
GLOBAL_条件戦,manken_shirushi+kyori_kubun+rotation_bin+ichi_shisu_juni,manken_shirushi,kyori_kubun,rotation_bin,ichi_shisu_juni,42,4957,79.43,10.68,76.21,False
GLOBAL_条件戦,uma_deokure_bin+pace_yoso+kyori_tekisei+da_tekisei_code,uma_deokure_bin,pace_yoso,kyori_tekisei,da_tekisei_code,60,59660,78.34,8.43,76.21,False
GLOBAL_条件戦,uma_deokure_bin+manken_shirushi+kyori_tekisei+rotation_bin,uma_deokure_bin,manken_shirushi,kyori_tekisei,rotation_bin,288,61270,77.43,10.65,76.2,False
GLOBAL_条件戦,manken_shirushi+hizume_code+rotation_bin+idm_decile,manken_shirushi,hizume_code,rotation_bin,idm_decile,80,10216,78.78,11.77,76.2,False
GLOBAL_条件戦,manken_shirushi+keibajo_code+da_tekisei_code+joshodo_code,manken_shirushi,keibajo_code,da_tekisei_code,joshodo_code,138,45146,77.82,9.74,76.2,False
GLOBAL_条件戦,manken_shirushi+pace_yoso+manken_shisu_decile+da_tekisei_code,manken_shirushi,pace_yoso,manken_shisu_decile,da_tekisei_code,130,36477,78.12,11.19,76.19,False
GLOBAL_条件戦,manken_shirushi+kyori_tekisei+manken_shisu_decile+kyakushitsu,manken_shirushi,kyori_tekisei,manken_shisu_decile,kyakushitsu,308,72210,77.36,10.46,76.19,False
GLOBAL_条件戦,uma_deokure_bin+keibajo_code+da_tekisei_code+omo_tekisei_code,uma_deokure_bin,keibajo_code,da_tekisei_code,omo_tekisei_code,117,63435,78.03,10.23,76.18,False
GLOBAL_条件戦,manken_shirushi+pace_yoso+uma_start_shisu_decile+manken_shisu_decile,manken_shirushi,pace_yoso,uma_start_shisu_decile,manken_shisu_decile,222,41143,77.66,11.28,76.17,False
GLOBAL_条件戦,manken_shirushi+uma_start_shisu_decile+omo_tekisei_code+rotation_bin,manken_shirushi,uma_start_shisu_decile,omo_tekisei_code,rotation_bin,211,39102,77.69,11.29,76.17,False
GLOBAL_条件戦,umakigo_code+keibajo_code+kyori_tekisei+da_tekisei_code,umakigo_code,keibajo_code,kyori_tekisei,da_tekisei_code,82,65507,77.93,8.14,76.17,False
GLOBAL_条件戦,manken_shirushi+pace_yoso+da_tekisei_code+rotation_bin,manken_shirushi,pace_yoso,da_tekisei_code,rotation_bin,140,35271,77.92,10.65,76.16,False
GLOBAL_条件戦,umakigo_code+uma_start_shisu_decile+da_tekisei_code+shiba_tekisei_code,umakigo_code,uma_start_shisu_decile,da_tekisei_code,shiba_tekisei_code,29,34655,78.46,6.33,76.16,False
GLOBAL_条件戦,manken_shirushi+umakigo_code+omo_tekisei_code+joshodo_code,manken_shirushi,umakigo_code,omo_tekisei_code,joshodo_code,46,78771,78.46,7.95,76.16,False
GLOBAL_条件戦,manken_shirushi+pace_yoso+keibajo_code+omo_tekisei_code,manken_shirushi,pace_yoso,keibajo_code,omo_tekisei_code,319,61330,77.19,9.43,76.16,False
GLOBAL_条件戦,manken_shirushi+keibajo_code+manken_shisu_decile+kyakushitsu,manken_shirushi,keibajo_code,manken_shisu_decile,kyakushitsu,241,34922,77.61,11.45,76.16,False
GLOBAL_条件戦,uma_deokure_bin+manken_shirushi+umakigo_code+rotation_bin,uma_deokure_bin,manken_shirushi,umakigo_code,rotation_bin,115,69963,77.46,7.12,76.16,False
GLOBAL_条件戦,manken_shirushi+kyori_kubun+uma_start_shisu_decile+rotation_bin,manken_shirushi,kyori_kubun,uma_start_shisu_decile,rotation_bin,176,29978,77.74,10.77,76.15,False
GLOBAL_条件戦,kyori_tekisei_2+kyori_tekisei+da_tekisei_code+shiba_tekisei_code,kyori_tekisei_2,kyori_tekisei,da_tekisei_code,shiba_tekisei_code,3,469,88.4,10.82,76.15,False
GLOBAL_条件戦,umakigo_code+keibajo_code+uma_start_shisu_decile+da_tekisei_code,umakigo_code,keibajo_code,uma_start_shisu_decile,da_tekisei_code,139,60936,77.79,9.87,76.15,False
GLOBAL_条件戦,uma_deokure_bin+manken_shirushi+ichi_shisu_juni+idm_decile,uma_deokure_bin,manken_shirushi,ichi_shisu_juni,idm_decile,116,14975,78.19,11.19,76.15,False
GLOBAL_条件戦,manken_shirushi+uma_start_shisu_decile+hizume_code+rotation_bin,manken_shirushi,uma_start_shisu_decile,hizume_code,rotation_bin,70,10691,78.3,9.19,76.14,False
GLOBAL_条件戦,kyori_kubun+uma_start_shisu_decile+da_tekisei_code+joshodo_code,kyori_kubun,uma_start_shisu_decile,da_tekisei_code,joshodo_code,56,62975,78.44,8.81,76.14,False
GLOBAL_条件戦,uma_deokure_bin+pace_yoso+umakigo_code+shiba_tekisei_code,uma_deokure_bin,pace_yoso,umakigo_code,shiba_tekisei_code,31,83185,79.01,8.15,76.14,False
GLOBAL_条件戦,uma_deokure_bin+manken_shirushi+uma_start_shisu_decile+kyakushitsu,uma_deokure_bin,manken_shirushi,uma_start_shisu_decile,kyakushitsu,163,55592,77.61,9.54,76.14,False
GLOBAL_条件戦,manken_shirushi+hizume_code+rotation_bin+joshodo_code,manken_shirushi,hizume_code,rotation_bin,joshodo_code,239,58229,77.26,8.88,76.13,False
GLOBAL_条件戦,uma_deokure_bin+kyori_kubun+umakigo_code+omo_tekisei_code,uma_deokure_bin,kyori_kubun,umakigo_code,omo_tekisei_code,66,117250,78.13,8.33,76.12,False
GLOBAL_条件戦,umakigo_code+kyakushitsu+ichi_shisu_juni+bataiju,umakigo_code,kyakushitsu,ichi_shisu_juni,bataiju,220,48138,77.6,11.23,76.12,False
GLOBAL_条件戦,manken_shirushi+pace_yoso+kyakushitsu+rotation_bin,manken_shirushi,pace_yoso,kyakushitsu,rotation_bin,295,57082,77.34,10.72,76.12,False
GLOBAL_条件戦,manken_shirushi+pace_yoso+kyori_tekisei+omo_tekisei_code,manken_shirushi,pace_yoso,kyori_tekisei,omo_tekisei_code,187,69327,77.31,8.41,76.11,False
GLOBAL_条件戦,uma_deokure_bin+da_tekisei_code+kyakushitsu+joshodo_code,uma_deokure_bin,da_tekisei_code,kyakushitsu,joshodo_code,41,69496,78.55,7.96,76.11,False
GLOBAL_条件戦,uma_deokure_bin+uma_start_shisu_decile+kyakushitsu+omo_tekisei_code,uma_deokure_bin,uma_start_shisu_decile,kyakushitsu,omo_tekisei_code,135,103928,77.54,8.47,76.11,False
GLOBAL_条件戦,manken_shirushi+pace_yoso+kyori_tekisei+kyakushitsu,manken_shirushi,pace_yoso,kyori_tekisei,kyakushitsu,286,86133,77.37,11.02,76.1,False
GLOBAL_条件戦,uma_deokure_bin+manken_shirushi+kyori_kubun+joshodo_code,uma_deokure_bin,manken_shirushi,kyori_kubun,joshodo_code,96,76066,77.81,8.54,76.1,False
GLOBAL_条件戦,umakigo_code+keibajo_code+hizume_code+bataiju,umakigo_code,keibajo_code,hizume_code,bataiju,95,11758,78.48,11.87,76.09,False
GLOBAL_条件戦,hizume_code+rotation_bin+joshodo_code+bataiju,hizume_code,rotation_bin,joshodo_code,bataiju,195,25314,77.68,11.32,76.09,False
GLOBAL_条件戦,manken_shirushi+kyori_tekisei+da_tekisei_code+joshodo_code,manken_shirushi,kyori_tekisei,da_tekisei_code,joshodo_code,64,45242,78.2,8.6,76.09,False
GLOBAL_条件戦,pace_yoso+kyori_tekisei+da_tekisei_code+shiba_tekisei_code,pace_yoso,kyori_tekisei,da_tekisei_code,shiba_tekisei_code,28,33286,78.54,6.61,76.09,False
GLOBAL_条件戦,manken_shirushi+kyori_tekisei+da_tekisei_code+rotation_bin,manken_shirushi,kyori_tekisei,da_tekisei_code,rotation_bin,168,33405,77.96,12.37,76.09,False
GLOBAL_条件戦,pace_yoso+da_tekisei_code+kyakushitsu+shiba_tekisei_code,pace_yoso,da_tekisei_code,kyakushitsu,shiba_tekisei_code,32,34756,78.8,7.85,76.08,False
GLOBAL_条件戦,manken_shirushi+uma_start_shisu_decile+manken_shisu_decile+omo_tekisei_code,manken_shirushi,uma_start_shisu_decile,manken_shisu_decile,omo_tekisei_code,230,46345,77.56,11.48,76.08,False
GLOBAL_条件戦,manken_shirushi+manken_shisu_decile+da_tekisei_code+joshodo_code,manken_shirushi,manken_shisu_decile,da_tekisei_code,joshodo_code,94,44211,77.98,9.42,76.08,False
GLOBAL_条件戦,keibajo_code+hizume_code+joshodo_code+bataiju,keibajo_code,hizume_code,joshodo_code,bataiju,97,12101,78.49,12.08,76.08,False
GLOBAL_条件戦,uma_deokure_bin+kyori_kubun+shiba_tekisei_code+joshodo_code,uma_deokure_bin,kyori_kubun,shiba_tekisei_code,joshodo_code,41,89243,78.98,9.54,76.07,False
GLOBAL_条件戦,manken_shirushi+kyakushitsu+omo_tekisei_code+joshodo_code,manken_shirushi,kyakushitsu,omo_tekisei_code,joshodo_code,91,78938,77.54,7.16,76.07,False
GLOBAL_条件戦,keibajo_code+omo_tekisei_code+rotation_bin+ichi_shisu_juni,keibajo_code,omo_tekisei_code,rotation_bin,ichi_shisu_juni,235,31238,77.55,11.56,76.07,False
GLOBAL_条件戦,manken_shirushi+pace_yoso+kyori_tekisei+hizume_code,manken_shirushi,pace_yoso,kyori_tekisei,hizume_code,217,40584,77.71,12.31,76.07,False
GLOBAL_条件戦,manken_shirushi+hizume_code+da_tekisei_code+omo_tekisei_code,manken_shirushi,hizume_code,da_tekisei_code,omo_tekisei_code,144,34754,77.85,10.93,76.07,False
GLOBAL_条件戦,pace_yoso+joshodo_code+ichi_shisu_juni+bataiju,pace_yoso,joshodo_code,ichi_shisu_juni,bataiju,199,39126,77.6,11.04,76.07,False
GLOBAL_条件戦,manken_shisu_decile+da_tekisei_code+shiba_tekisei_code+joshodo_code,manken_shisu_decile,da_tekisei_code,shiba_tekisei_code,joshodo_code,39,39276,78.36,7.32,76.07,False
GLOBAL_条件戦,manken_shirushi+kyori_kubun+omo_tekisei_code+rotation_bin,manken_shirushi,kyori_kubun,omo_tekisei_code,rotation_bin,273,65333,77.23,9.82,76.07,False
GLOBAL_条件戦,manken_shirushi+kyori_tekisei+hizume_code+da_tekisei_code,manken_shirushi,kyori_tekisei,hizume_code,da_tekisei_code,139,26698,78.07,12.07,76.07,False
GLOBAL_条件戦,manken_shirushi+uma_start_shisu_decile+kyakushitsu+ichi_shisu_juni,manken_shirushi,uma_start_shisu_decile,kyakushitsu,ichi_shisu_juni,110,17681,77.78,9.23,76.06,False
GLOBAL_条件戦,uma_deokure_bin+kyori_tekisei+da_tekisei_code+omo_tekisei_code,uma_deokure_bin,kyori_tekisei,da_tekisei_code,omo_tekisei_code,72,65035,78.3,9.71,76.06,False
GLOBAL_条件戦,kyakushitsu+joshodo_code+ichi_shisu_juni+bataiju,kyakushitsu,joshodo_code,ichi_shisu_juni,bataiju,226,47088,77.52,11.17,76.06,False
GLOBAL_条件戦,umakigo_code+kyori_tekisei+da_tekisei_code+rotation_bin,umakigo_code,kyori_tekisei,da_tekisei_code,rotation_bin,62,65436,78.24,8.76,76.06,False
GLOBAL_条件戦,uma_deokure_bin+manken_shirushi+omo_tekisei_code+ichi_shisu_juni,uma_deokure_bin,manken_shirushi,omo_tekisei_code,ichi_shisu_juni,326,55434,77.2,10.61,76.05,False
GLOBAL_条件戦,kyori_tekisei_2+umakigo_code+kyori_tekisei+shiba_tekisei_code,kyori_tekisei_2,umakigo_code,kyori_tekisei,shiba_tekisei_code,6,1621,83.71,9.57,76.05,False
GLOBAL_条件戦,uma_deokure_bin+keibajo_code+kyori_tekisei+da_tekisei_code,uma_deokure_bin,keibajo_code,kyori_tekisei,da_tekisei_code,151,60232,77.66,10.19,76.04,False
GLOBAL_条件戦,uma_deokure_bin+manken_shirushi+pace_yoso+kyori_tekisei,uma_deokure_bin,manken_shirushi,pace_yoso,kyori_tekisei,178,66326,77.28,8.43,76.04,False
GLOBAL_条件戦,uma_deokure_bin+umakigo_code+kyori_tekisei+da_tekisei_code,uma_deokure_bin,umakigo_code,kyori_tekisei,da_tekisei_code,48,66711,78.7,9.45,76.03,False
GLOBAL_条件戦,pace_yoso+omo_tekisei_code+rotation_bin+bataiju,pace_yoso,omo_tekisei_code,rotation_bin,bataiju,230,28716,77.53,11.62,76.03,False
GLOBAL_条件戦,uma_deokure_bin+manken_shirushi+kyori_kubun+umakigo_code,uma_deokure_bin,manken_shirushi,kyori_kubun,umakigo_code,93,74231,77.75,8.53,76.02,False
GLOBAL_条件戦,uma_deokure_bin+manken_shirushi+kyori_kubun+manken_shisu_decile,uma_deokure_bin,manken_shirushi,kyori_kubun,manken_shisu_decile,210,61091,77.25,9.2,76.01,False
GLOBAL_条件戦,manken_shirushi+umakigo_code+manken_shisu_decile+da_tekisei_code,manken_shirushi,umakigo_code,manken_shisu_decile,da_tekisei_code,90,42797,77.86,9.03,76.0,False
GLOBAL_条件戦,manken_shirushi+pace_yoso+kyori_kubun+keibajo_code,manken_shirushi,pace_yoso,kyori_kubun,keibajo_code,352,76390,77.0,9.58,76.0,False
GLOBAL_条件戦,kyori_kubun+umakigo_code+uma_start_shisu_decile+da_tekisei_code,kyori_kubun,umakigo_code,uma_start_shisu_decile,da_tekisei_code,59,62521,78.37,9.29,76.0,False
GLOBAL_条件戦,uma_deokure_bin+pace_yoso+omo_tekisei_code+joshodo_code,uma_deokure_bin,pace_yoso,omo_tekisei_code,joshodo_code,36,109407,79.07,9.43,75.99,False
GLOBAL_条件戦,manken_shirushi+kyori_kubun+hizume_code+omo_tekisei_code,manken_shirushi,kyori_kubun,hizume_code,omo_tekisei_code,236,52772,77.12,8.91,75.99,False
GLOBAL_条件戦,uma_deokure_bin+manken_shirushi+kyori_kubun+da_tekisei_code,uma_deokure_bin,manken_shirushi,kyori_kubun,da_tekisei_code,105,39868,77.95,10.25,75.99,False
GLOBAL_条件戦,manken_shirushi+kyori_kubun+keibajo_code+da_tekisei_code,manken_shirushi,kyori_kubun,keibajo_code,da_tekisei_code,166,29445,77.82,12.05,75.99,False
GLOBAL_条件戦,umakigo_code+uma_start_shisu_decile+da_tekisei_code+rotation_bin,umakigo_code,uma_start_shisu_decile,da_tekisei_code,rotation_bin,95,61006,77.77,8.84,75.99,False
GLOBAL_条件戦,manken_shirushi+uma_start_shisu_decile+kyakushitsu+omo_tekisei_code,manken_shirushi,uma_start_shisu_decile,kyakushitsu,omo_tekisei_code,259,60633,77.17,9.74,75.98,False
GLOBAL_条件戦,manken_shirushi+pace_yoso+rotation_bin+joshodo_code,manken_shirushi,pace_yoso,rotation_bin,joshodo_code,148,72130,77.19,7.51,75.98,False
GLOBAL_条件戦,manken_shirushi+keibajo_code+manken_shisu_decile+idm_decile,manken_shirushi,keibajo_code,manken_shisu_decile,idm_decile,118,15595,78.08,11.64,75.98,False
GLOBAL_条件戦,uma_deokure_bin+kyori_kubun+uma_start_shisu_decile+hizume_code,uma_deokure_bin,kyori_kubun,uma_start_shisu_decile,hizume_code,220,84151,77.29,9.92,75.98,False
GLOBAL_条件戦,uma_deokure_bin+pace_yoso+da_tekisei_code+rotation_bin,uma_deokure_bin,pace_yoso,da_tekisei_code,rotation_bin,90,60498,78.09,10.2,75.98,False
GLOBAL_条件戦,uma_deokure_bin+pace_yoso+uma_start_shisu_decile+omo_tekisei_code,uma_deokure_bin,pace_yoso,uma_start_shisu_decile,omo_tekisei_code,119,105629,77.41,8.0,75.97,False
GLOBAL_条件戦,manken_shirushi+keibajo_code+kyakushitsu+omo_tekisei_code,manken_shirushi,keibajo_code,kyakushitsu,omo_tekisei_code,348,57330,77.14,11.07,75.97,False
GLOBAL_条件戦,uma_deokure_bin+kyori_tekisei+da_tekisei_code+joshodo_code,uma_deokure_bin,kyori_tekisei,da_tekisei_code,joshodo_code,36,66523,78.78,8.63,75.96,False
GLOBAL_条件戦,uma_deokure_bin+manken_shirushi+kyori_kubun+keibajo_code,uma_deokure_bin,manken_shirushi,kyori_kubun,keibajo_code,283,56754,77.13,10.05,75.96,False
GLOBAL_条件戦,manken_shirushi+kyori_kubun+keibajo_code+kyakushitsu,manken_shirushi,kyori_kubun,keibajo_code,kyakushitsu,354,56398,77.11,11.14,75.95,False
GLOBAL_条件戦,pace_yoso+hizume_code+manken_shisu_decile+ichi_shisu_juni,pace_yoso,hizume_code,manken_shisu_decile,ichi_shisu_juni,81,9648,78.67,12.49,75.95,False
GLOBAL_条件戦,uma_deokure_bin+umakigo_code+keibajo_code+joshodo_code,uma_deokure_bin,umakigo_code,keibajo_code,joshodo_code,67,117424,77.95,8.4,75.94,False
GLOBAL_条件戦,uma_deokure_bin+manken_shirushi+manken_shisu_decile+da_tekisei_code,uma_deokure_bin,manken_shirushi,manken_shisu_decile,da_tekisei_code,127,36207,77.99,11.82,75.94,False
GLOBAL_条件戦,manken_shirushi+umakigo_code+keibajo_code+da_tekisei_code,manken_shirushi,umakigo_code,keibajo_code,da_tekisei_code,138,43971,77.55,9.62,75.94,False
GLOBAL_条件戦,pace_yoso+keibajo_code+kyori_tekisei+da_tekisei_code,pace_yoso,keibajo_code,kyori_tekisei,da_tekisei_code,144,58560,77.54,9.81,75.94,False
GLOBAL_条件戦,kyori_tekisei+da_tekisei_code+joshodo_code+bataiju,kyori_tekisei,da_tekisei_code,joshodo_code,bataiju,216,51316,77.34,10.57,75.93,False
GLOBAL_条件戦,umakigo_code+uma_start_shisu_decile+kyori_tekisei+joshodo_code,umakigo_code,uma_start_shisu_decile,kyori_tekisei,joshodo_code,41,105460,77.73,5.89,75.93,False
GLOBAL_条件戦,manken_shirushi+kyori_tekisei+rotation_bin+joshodo_code,manken_shirushi,kyori_tekisei,rotation_bin,joshodo_code,183,72527,77.36,9.87,75.93,False
GLOBAL_条件戦,manken_shirushi+pace_yoso+uma_start_shisu_decile+hizume_code,manken_shirushi,pace_yoso,uma_start_shisu_decile,hizume_code,117,21702,77.61,9.25,75.93,False
GLOBAL_条件戦,kyori_kubun+umakigo_code+uma_start_shisu_decile+omo_tekisei_code,kyori_kubun,umakigo_code,uma_start_shisu_decile,omo_tekisei_code,80,108023,77.47,7.06,75.93,False
GLOBAL_条件戦,uma_deokure_bin+da_tekisei_code+kyakushitsu+rotation_bin,uma_deokure_bin,da_tekisei_code,kyakushitsu,rotation_bin,114,63300,77.7,9.63,75.93,False
GLOBAL_条件戦,manken_shirushi+pace_yoso+hizume_code+omo_tekisei_code,manken_shirushi,pace_yoso,hizume_code,omo_tekisei_code,225,55655,77.23,9.95,75.92,False
GLOBAL_条件戦,pace_yoso+kyori_tekisei+manken_shisu_decile+da_tekisei_code,pace_yoso,kyori_tekisei,manken_shisu_decile,da_tekisei_code,139,57574,77.51,9.59,75.92,False
GLOBAL_条件戦,kyori_kubun+keibajo_code+da_tekisei_code+omo_tekisei_code,kyori_kubun,keibajo_code,da_tekisei_code,omo_tekisei_code,134,66587,77.37,8.59,75.92,False
GLOBAL_条件戦,manken_shirushi+pace_yoso+kyori_kubun+omo_tekisei_code,manken_shirushi,pace_yoso,kyori_kubun,omo_tekisei_code,160,70006,77.04,7.22,75.92,False
GLOBAL_条件戦,da_tekisei_code+omo_tekisei_code+rotation_bin+joshodo_code,da_tekisei_code,omo_tekisei_code,rotation_bin,joshodo_code,41,68423,78.4,8.11,75.92,False
GLOBAL_条件戦,kyori_tekisei+da_tekisei_code+omo_tekisei_code+joshodo_code,kyori_tekisei,da_tekisei_code,omo_tekisei_code,joshodo_code,26,66487,78.63,7.04,75.92,False
GLOBAL_条件戦,uma_deokure_bin+kyori_kubun+umakigo_code+kyori_tekisei,uma_deokure_bin,kyori_kubun,umakigo_code,kyori_tekisei,69,113775,78.04,9.03,75.91,False
GLOBAL_条件戦,uma_deokure_bin+hizume_code+da_tekisei_code+joshodo_code,uma_deokure_bin,hizume_code,da_tekisei_code,joshodo_code,81,65401,78.11,10.09,75.91,False
GLOBAL_条件戦,uma_deokure_bin+omo_tekisei_code+shiba_tekisei_code+joshodo_code,uma_deokure_bin,omo_tekisei_code,shiba_tekisei_code,joshodo_code,31,87954,78.18,6.47,75.9,False
GLOBAL_条件戦,uma_deokure_bin+manken_shisu_decile+da_tekisei_code+joshodo_code,uma_deokure_bin,manken_shisu_decile,da_tekisei_code,joshodo_code,75,66867,78.08,9.62,75.9,False
GLOBAL_条件戦,kyori_kubun+uma_start_shisu_decile+kyori_tekisei+omo_tekisei_code,kyori_kubun,uma_start_shisu_decile,kyori_tekisei,omo_tekisei_code,185,101418,77.33,9.95,75.89,False
GLOBAL_条件戦,uma_deokure_bin+manken_shirushi+pace_yoso+omo_tekisei_code,uma_deokure_bin,manken_shirushi,pace_yoso,omo_tekisei_code,104,67515,77.19,6.77,75.89,False
GLOBAL_条件戦,pace_yoso+kyori_tekisei+hizume_code+da_tekisei_code,pace_yoso,kyori_tekisei,hizume_code,da_tekisei_code,124,54424,77.61,9.77,75.89,False
GLOBAL_条件戦,keibajo_code+rotation_bin+joshodo_code+bataiju,keibajo_code,rotation_bin,joshodo_code,bataiju,68,7753,78.77,12.12,75.89,False
GLOBAL_条件戦,umakigo_code+da_tekisei_code+omo_tekisei_code+bataiju,umakigo_code,da_tekisei_code,omo_tekisei_code,bataiju,175,57077,77.35,9.84,75.89,False
GLOBAL_条件戦,uma_start_shisu_decile+kyakushitsu+idm_decile+bataiju,uma_start_shisu_decile,kyakushitsu,idm_decile,bataiju,19,2056,81.18,11.78,75.89,False
GLOBAL_条件戦,manken_shirushi+pace_yoso+uma_start_shisu_decile+kyakushitsu,manken_shirushi,pace_yoso,uma_start_shisu_decile,kyakushitsu,268,57329,77.12,10.44,75.87,False
GLOBAL_条件戦,manken_shirushi+pace_yoso+umakigo_code+rotation_bin,manken_shirushi,pace_yoso,umakigo_code,rotation_bin,148,71115,77.09,7.55,75.87,False
GLOBAL_条件戦,da_tekisei_code+omo_tekisei_code+joshodo_code+bataiju,da_tekisei_code,omo_tekisei_code,joshodo_code,bataiju,179,58960,77.31,9.82,75.87,False
GLOBAL_条件戦,manken_shirushi+umakigo_code+hizume_code+rotation_bin,manken_shirushi,umakigo_code,hizume_code,rotation_bin,231,56211,77.01,8.84,75.87,False
GLOBAL_条件戦,manken_shirushi+kyori_kubun+uma_start_shisu_decile+omo_tekisei_code,manken_shirushi,kyori_kubun,uma_start_shisu_decile,omo_tekisei_code,245,57315,77.22,10.76,75.87,False
GLOBAL_条件戦,manken_shirushi+kyori_kubun+joshodo_code+ichi_shisu_juni,manken_shirushi,kyori_kubun,joshodo_code,ichi_shisu_juni,319,82145,76.96,10.04,75.86,False
GLOBAL_条件戦,manken_shirushi+keibajo_code+rotation_bin+joshodo_code,manken_shirushi,keibajo_code,rotation_bin,joshodo_code,334,67199,76.89,9.6,75.86,False
GLOBAL_条件戦,umakigo_code+da_tekisei_code+omo_tekisei_code+ichi_shisu_juni,umakigo_code,da_tekisei_code,omo_tekisei_code,ichi_shisu_juni,69,60530,78.16,9.72,75.86,False
GLOBAL_条件戦,manken_shirushi+kyori_kubun+uma_start_shisu_decile+manken_shisu_decile,manken_shirushi,kyori_kubun,uma_start_shisu_decile,manken_shisu_decile,190,35983,77.43,11.07,75.86,False
GLOBAL_条件戦,manken_shirushi+kyori_kubun+uma_start_shisu_decile+kyakushitsu,manken_shirushi,kyori_kubun,uma_start_shisu_decile,kyakushitsu,236,50141,77.26,11.01,75.85,False
GLOBAL_条件戦,manken_shirushi+kyakushitsu+ichi_shisu_juni+idm_decile,manken_shirushi,kyakushitsu,ichi_shisu_juni,idm_decile,118,27975,78.0,11.91,75.85,False
GLOBAL_条件戦,kyori_kubun+uma_start_shisu_decile+rotation_bin+bataiju,kyori_kubun,uma_start_shisu_decile,rotation_bin,bataiju,27,3184,79.86,10.63,75.85,False
GLOBAL_条件戦,manken_shirushi+manken_shisu_decile+da_tekisei_code+rotation_bin,manken_shirushi,manken_shisu_decile,da_tekisei_code,rotation_bin,157,27196,77.64,11.51,75.84,False
GLOBAL_条件戦,uma_deokure_bin+umakigo_code+kyakushitsu+omo_tekisei_code,uma_deokure_bin,umakigo_code,kyakushitsu,omo_tekisei_code,64,116420,77.77,7.86,75.84,False
GLOBAL_条件戦,uma_start_shisu_decile+da_tekisei_code+shiba_tekisei_code+joshodo_code,uma_start_shisu_decile,da_tekisei_code,shiba_tekisei_code,joshodo_code,29,34847,78.23,6.56,75.84,False
GLOBAL_条件戦,kyori_kubun+uma_start_shisu_decile+da_tekisei_code+kyakushitsu,kyori_kubun,uma_start_shisu_decile,da_tekisei_code,kyakushitsu,139,60226,77.77,11.6,75.84,False
GLOBAL_条件戦,manken_shirushi+keibajo_code+manken_shisu_decile+da_tekisei_code,manken_shirushi,keibajo_code,manken_shisu_decile,da_tekisei_code,135,20351,78.08,13.33,75.83,False
GLOBAL_条件戦,keibajo_code+da_tekisei_code+kyakushitsu+omo_tekisei_code,keibajo_code,da_tekisei_code,kyakushitsu,omo_tekisei_code,153,66015,77.39,9.88,75.83,False
GLOBAL_条件戦,manken_shirushi+uma_start_shisu_decile+hizume_code+omo_tekisei_code,manken_shirushi,uma_start_shisu_decile,hizume_code,omo_tekisei_code,157,30426,77.21,8.82,75.83,False
GLOBAL_条件戦,uma_deokure_bin+kyori_kubun+uma_start_shisu_decile+da_tekisei_code,uma_deokure_bin,kyori_kubun,uma_start_shisu_decile,da_tekisei_code,96,58391,77.82,10.0,75.82,False
GLOBAL_条件戦,uma_deokure_bin+da_tekisei_code+omo_tekisei_code+rotation_bin,uma_deokure_bin,da_tekisei_code,omo_tekisei_code,rotation_bin,90,64350,77.98,10.46,75.82,False
GLOBAL_条件戦,manken_shirushi+pace_yoso+umakigo_code+shiba_tekisei_code,manken_shirushi,pace_yoso,umakigo_code,shiba_tekisei_code,48,54279,77.67,6.55,75.81,False
GLOBAL_条件戦,manken_shirushi+kyori_kubun+keibajo_code+omo_tekisei_code,manken_shirushi,kyori_kubun,keibajo_code,omo_tekisei_code,297,59013,76.96,10.11,75.81,False
GLOBAL_条件戦,manken_shirushi+kyori_kubun+umakigo_code+kyori_tekisei,manken_shirushi,kyori_kubun,umakigo_code,kyori_tekisei,99,93883,77.43,8.22,75.81,False
GLOBAL_条件戦,manken_shisu_decile+da_tekisei_code+omo_tekisei_code+joshodo_code,manken_shisu_decile,da_tekisei_code,omo_tekisei_code,joshodo_code,57,67828,77.97,8.32,75.81,False
GLOBAL_条件戦,uma_deokure_bin+da_tekisei_code+kyakushitsu+shiba_tekisei_code,uma_deokure_bin,da_tekisei_code,kyakushitsu,shiba_tekisei_code,54,39355,78.1,8.57,75.81,False
GLOBAL_条件戦,uma_deokure_bin+kyakushitsu+omo_tekisei_code+joshodo_code,uma_deokure_bin,kyakushitsu,omo_tekisei_code,joshodo_code,56,116790,77.96,8.25,75.8,False
GLOBAL_条件戦,da_tekisei_code+kyakushitsu+omo_tekisei_code+rotation_bin,da_tekisei_code,kyakushitsu,omo_tekisei_code,rotation_bin,112,66678,77.49,9.1,75.8,False
GLOBAL_条件戦,pace_yoso+manken_shisu_decile+da_tekisei_code+omo_tekisei_code,pace_yoso,manken_shisu_decile,da_tekisei_code,omo_tekisei_code,104,60613,77.67,9.75,75.8,False
GLOBAL_条件戦,uma_deokure_bin+pace_yoso+da_tekisei_code+kyakushitsu,uma_deokure_bin,pace_yoso,da_tekisei_code,kyakushitsu,64,62390,78.39,10.54,75.8,False
GLOBAL_条件戦,manken_shirushi+umakigo_code+kyakushitsu+omo_tekisei_code,manken_shirushi,umakigo_code,kyakushitsu,omo_tekisei_code,91,77283,77.29,7.26,75.79,False
GLOBAL_条件戦,pace_yoso+uma_start_shisu_decile+kyori_tekisei+joshodo_code,pace_yoso,uma_start_shisu_decile,kyori_tekisei,joshodo_code,92,106004,77.15,6.65,75.79,False
GLOBAL_条件戦,uma_start_shisu_decile+da_tekisei_code+rotation_bin+joshodo_code,uma_start_shisu_decile,da_tekisei_code,rotation_bin,joshodo_code,95,61881,77.55,8.8,75.78,False
GLOBAL_条件戦,manken_shirushi+pace_yoso+kyori_kubun+manken_shisu_decile,manken_shirushi,pace_yoso,kyori_kubun,manken_shisu_decile,301,81103,76.72,8.34,75.78,False
GLOBAL_条件戦,da_tekisei_code+kyakushitsu+omo_tekisei_code+shiba_tekisei_code,da_tekisei_code,kyakushitsu,omo_tekisei_code,shiba_tekisei_code,36,39978,77.98,6.78,75.77,False
GLOBAL_条件戦,uma_deokure_bin+kyori_kubun+da_tekisei_code+omo_tekisei_code,uma_deokure_bin,kyori_kubun,da_tekisei_code,omo_tekisei_code,75,68066,77.96,9.71,75.77,False
GLOBAL_条件戦,manken_shirushi+umakigo_code+manken_shisu_decile+omo_tekisei_code,manken_shirushi,umakigo_code,manken_shisu_decile,omo_tekisei_code,117,72422,77.23,8.06,75.77,False
GLOBAL_条件戦,manken_shirushi+pace_yoso+shiba_tekisei_code+joshodo_code,manken_shirushi,pace_yoso,shiba_tekisei_code,joshodo_code,48,54868,77.61,6.53,75.77,False
GLOBAL_条件戦,manken_shirushi+pace_yoso+uma_start_shisu_decile+da_tekisei_code,manken_shirushi,pace_yoso,uma_start_shisu_decile,da_tekisei_code,171,35242,77.6,12.21,75.77,False
GLOBAL_条件戦,uma_deokure_bin+pace_yoso+kyori_kubun+joshodo_code,uma_deokure_bin,pace_yoso,kyori_kubun,joshodo_code,45,111082,77.83,7.08,75.77,False
GLOBAL_条件戦,uma_deokure_bin+manken_shirushi+keibajo_code+kyakushitsu,uma_deokure_bin,manken_shirushi,keibajo_code,kyakushitsu,287,53041,77.01,10.67,75.77,False
GLOBAL_条件戦,manken_shirushi+manken_shisu_decile+rotation_bin+joshodo_code,manken_shirushi,manken_shisu_decile,rotation_bin,joshodo_code,212,67207,76.96,8.91,75.76,False
GLOBAL_条件戦,umakigo_code+uma_start_shisu_decile+omo_tekisei_code+shiba_tekisei_code,umakigo_code,uma_start_shisu_decile,omo_tekisei_code,shiba_tekisei_code,43,80987,77.84,6.99,75.75,False
GLOBAL_条件戦,uma_start_shisu_decile+joshodo_code+ichi_shisu_juni+bataiju,uma_start_shisu_decile,joshodo_code,ichi_shisu_juni,bataiju,83,9544,77.98,10.39,75.75,False
GLOBAL_条件戦,uma_deokure_bin+umakigo_code+da_tekisei_code+bataiju,uma_deokure_bin,umakigo_code,da_tekisei_code,bataiju,174,53365,77.25,10.05,75.75,False
GLOBAL_条件戦,manken_shirushi+pace_yoso+kyori_tekisei+manken_shisu_decile,manken_shirushi,pace_yoso,kyori_tekisei,manken_shisu_decile,289,78333,76.94,10.32,75.75,False
GLOBAL_条件戦,manken_shirushi+da_tekisei_code+shiba_tekisei_code+joshodo_code,manken_shirushi,da_tekisei_code,shiba_tekisei_code,joshodo_code,28,26425,78.45,7.31,75.74,False
GLOBAL_条件戦,uma_deokure_bin+manken_shirushi+kyori_kubun+rotation_bin,uma_deokure_bin,manken_shirushi,kyori_kubun,rotation_bin,254,62082,77.0,10.27,75.74,False
GLOBAL_条件戦,manken_shirushi+kyori_tekisei+omo_tekisei_code+joshodo_code,manken_shirushi,kyori_tekisei,omo_tekisei_code,joshodo_code,93,76270,77.74,9.87,75.74,False
GLOBAL_条件戦,manken_shirushi+kyori_tekisei+joshodo_code+ichi_shisu_juni,manken_shirushi,kyori_tekisei,joshodo_code,ichi_shisu_juni,330,78073,76.94,11.1,75.74,False
GLOBAL_条件戦,manken_shirushi+pace_yoso+hizume_code+joshodo_code,manken_shirushi,pace_yoso,hizume_code,joshodo_code,173,65640,77.08,8.93,75.74,False
GLOBAL_条件戦,pace_yoso+uma_start_shisu_decile+kyori_tekisei+kyakushitsu,pace_yoso,uma_start_shisu_decile,kyori_tekisei,kyakushitsu,230,101166,77.01,9.91,75.73,False
GLOBAL_条件戦,uma_deokure_bin+umakigo_code+keibajo_code+da_tekisei_code,uma_deokure_bin,umakigo_code,keibajo_code,da_tekisei_code,77,66070,77.89,9.68,75.73,False
GLOBAL_条件戦,kyori_kubun+hizume_code+rotation_bin+bataiju,kyori_kubun,hizume_code,rotation_bin,bataiju,4,437,87.64,12.15,75.73,False
GLOBAL_条件戦,manken_shirushi+umakigo_code+kyori_tekisei+ichi_shisu_juni,manken_shirushi,umakigo_code,kyori_tekisei,ichi_shisu_juni,324,79287,76.96,11.26,75.73,False
GLOBAL_条件戦,uma_deokure_bin+kyori_tekisei+hizume_code+da_tekisei_code,uma_deokure_bin,kyori_tekisei,hizume_code,da_tekisei_code,134,56528,77.55,10.73,75.73,False
GLOBAL_条件戦,manken_shirushi+kyori_kubun+da_tekisei_code+kyakushitsu,manken_shirushi,kyori_kubun,da_tekisei_code,kyakushitsu,159,41881,77.58,11.9,75.73,False
GLOBAL_条件戦,kyori_kubun+da_tekisei_code+kyakushitsu+omo_tekisei_code,kyori_kubun,da_tekisei_code,kyakushitsu,omo_tekisei_code,76,68798,77.66,8.63,75.72,False
GLOBAL_条件戦,hizume_code+rotation_bin+ichi_shisu_juni+idm_decile,hizume_code,rotation_bin,ichi_shisu_juni,idm_decile,73,9051,78.37,11.57,75.72,False
GLOBAL_条件戦,kyori_kubun+manken_shisu_decile+da_tekisei_code+omo_tekisei_code,kyori_kubun,manken_shisu_decile,da_tekisei_code,omo_tekisei_code,133,65069,77.54,10.72,75.72,False
GLOBAL_条件戦,manken_shisu_decile+omo_tekisei_code+rotation_bin+ichi_shisu_juni,manken_shisu_decile,omo_tekisei_code,rotation_bin,ichi_shisu_juni,210,26022,77.16,10.66,75.72,False
GLOBAL_条件戦,hizume_code+omo_tekisei_code+rotation_bin+bataiju,hizume_code,omo_tekisei_code,rotation_bin,bataiju,31,3693,78.84,8.89,75.72,False
GLOBAL_条件戦,manken_shirushi+pace_yoso+manken_shisu_decile+kyakushitsu,manken_shirushi,pace_yoso,manken_shisu_decile,kyakushitsu,312,78269,76.79,9.68,75.71,False
GLOBAL_条件戦,uma_deokure_bin+pace_yoso+uma_start_shisu_decile+kyakushitsu,uma_deokure_bin,pace_yoso,uma_start_shisu_decile,kyakushitsu,156,105926,77.02,8.33,75.71,False
GLOBAL_条件戦,manken_shirushi+umakigo_code+kyori_tekisei+da_tekisei_code,manken_shirushi,umakigo_code,kyori_tekisei,da_tekisei_code,64,44037,77.83,8.67,75.71,False
GLOBAL_条件戦,da_tekisei_code+shiba_tekisei_code+joshodo_code+idm_decile,da_tekisei_code,shiba_tekisei_code,joshodo_code,idm_decile,28,39635,78.96,8.78,75.71,False
GLOBAL_条件戦,uma_deokure_bin+kyori_kubun+keibajo_code+joshodo_code,uma_deokure_bin,kyori_kubun,keibajo_code,joshodo_code,118,116181,77.01,7.23,75.7,False
GLOBAL_条件戦,manken_shirushi+manken_shisu_decile+omo_tekisei_code+joshodo_code,manken_shirushi,manken_shisu_decile,omo_tekisei_code,joshodo_code,123,74363,77.2,8.53,75.7,False
GLOBAL_条件戦,manken_shirushi+kyori_kubun+keibajo_code+hizume_code,manken_shirushi,kyori_kubun,keibajo_code,hizume_code,122,18674,77.64,10.92,75.7,False
GLOBAL_条件戦,uma_deokure_bin+kyori_kubun+umakigo_code+uma_start_shisu_decile,uma_deokure_bin,kyori_kubun,umakigo_code,uma_start_shisu_decile,89,108632,77.61,9.23,75.69,False
GLOBAL_条件戦,pace_yoso+uma_start_shisu_decile+kyori_tekisei+omo_tekisei_code,pace_yoso,uma_start_shisu_decile,kyori_tekisei,omo_tekisei_code,176,102358,76.91,8.27,75.69,False
GLOBAL_条件戦,manken_shirushi+umakigo_code+manken_shisu_decile+rotation_bin,manken_shirushi,umakigo_code,manken_shisu_decile,rotation_bin,209,65824,76.9,8.96,75.68,False
GLOBAL_条件戦,keibajo_code+da_tekisei_code+omo_tekisei_code+shiba_tekisei_code,keibajo_code,da_tekisei_code,omo_tekisei_code,shiba_tekisei_code,69,38735,77.83,9.09,75.68,False
GLOBAL_条件戦,uma_deokure_bin+manken_shirushi+kyakushitsu+omo_tekisei_code,uma_deokure_bin,manken_shirushi,kyakushitsu,omo_tekisei_code,134,69408,77.25,9.29,75.68,False
GLOBAL_条件戦,kyori_tekisei_2+omo_tekisei_code+shiba_tekisei_code+joshodo_code,kyori_tekisei_2,omo_tekisei_code,shiba_tekisei_code,joshodo_code,8,1465,82.3,9.56,75.67,False
GLOBAL_条件戦,uma_deokure_bin+da_tekisei_code+joshodo_code+bataiju,uma_deokure_bin,da_tekisei_code,joshodo_code,bataiju,177,54986,77.18,10.28,75.67,False
GLOBAL_条件戦,uma_deokure_bin+manken_shirushi+omo_tekisei_code+rotation_bin,uma_deokure_bin,manken_shirushi,omo_tekisei_code,rotation_bin,184,65275,76.85,8.21,75.67,False
GLOBAL_条件戦,kyori_kubun+hizume_code+rotation_bin+ichi_shisu_juni,kyori_kubun,hizume_code,rotation_bin,ichi_shisu_juni,172,26176,77.18,10.14,75.66,False
GLOBAL_条件戦,manken_shirushi+kyori_tekisei+shiba_tekisei_code+joshodo_code,manken_shirushi,kyori_tekisei,shiba_tekisei_code,joshodo_code,64,56593,77.52,7.61,75.66,False
GLOBAL_条件戦,uma_deokure_bin+uma_start_shisu_decile+kyori_tekisei+omo_tekisei_code,uma_deokure_bin,uma_start_shisu_decile,kyori_tekisei,omo_tekisei_code,135,98107,77.2,9.12,75.66,False
GLOBAL_条件戦,uma_start_shisu_decile+kyori_tekisei+kyakushitsu+joshodo_code,uma_start_shisu_decile,kyori_tekisei,kyakushitsu,joshodo_code,113,105601,77.28,8.81,75.66,False
GLOBAL_条件戦,manken_shirushi+joshodo_code+ichi_shisu_juni+idm_decile,manken_shirushi,joshodo_code,ichi_shisu_juni,idm_decile,333,64276,77.02,12.59,75.66,False
GLOBAL_条件戦,uma_deokure_bin+kyori_kubun+keibajo_code+da_tekisei_code,uma_deokure_bin,kyori_kubun,keibajo_code,da_tekisei_code,135,62577,77.34,9.91,75.66,False
GLOBAL_条件戦,pace_yoso+keibajo_code+da_tekisei_code+joshodo_code,pace_yoso,keibajo_code,da_tekisei_code,joshodo_code,53,63035,77.75,7.75,75.66,False
GLOBAL_条件戦,uma_deokure_bin+umakigo_code+keibajo_code+omo_tekisei_code,uma_deokure_bin,umakigo_code,keibajo_code,omo_tekisei_code,104,112531,77.2,8.01,75.65,False
GLOBAL_条件戦,uma_deokure_bin+manken_shisu_decile+kyakushitsu+joshodo_code,uma_deokure_bin,manken_shisu_decile,kyakushitsu,joshodo_code,119,112921,77.11,8.16,75.65,False
GLOBAL_条件戦,kyori_kubun+uma_start_shisu_decile+omo_tekisei_code+joshodo_code,kyori_kubun,uma_start_shisu_decile,omo_tekisei_code,joshodo_code,75,108483,77.12,6.5,75.65,False
GLOBAL_条件戦,hizume_code+manken_shisu_decile+omo_tekisei_code+ichi_shisu_juni,hizume_code,manken_shisu_decile,omo_tekisei_code,ichi_shisu_juni,157,22171,77.41,11.28,75.65,False
GLOBAL_条件戦,pace_yoso+kyori_kubun+da_tekisei_code+joshodo_code,pace_yoso,kyori_kubun,da_tekisei_code,joshodo_code,24,63487,79.68,10.07,75.65,False
GLOBAL_条件戦,manken_shirushi+umakigo_code+keibajo_code+rotation_bin,manken_shirushi,umakigo_code,keibajo_code,rotation_bin,329,65295,76.71,9.79,75.65,False
GLOBAL_条件戦,manken_shirushi+pace_yoso+umakigo_code+hizume_code,manken_shirushi,pace_yoso,umakigo_code,hizume_code,173,64713,77.0,9.06,75.65,False
GLOBAL_条件戦,uma_deokure_bin+hizume_code+omo_tekisei_code+joshodo_code,uma_deokure_bin,hizume_code,omo_tekisei_code,joshodo_code,111,112806,77.14,8.04,75.64,False
GLOBAL_条件戦,kyori_tekisei_2+kyori_kubun+umakigo_code+rotation_bin,kyori_tekisei_2,kyori_kubun,umakigo_code,rotation_bin,7,863,84.87,12.45,75.64,False
GLOBAL_条件戦,kyori_tekisei_2+umakigo_code+kyakushitsu+shiba_tekisei_code,kyori_tekisei_2,umakigo_code,kyakushitsu,shiba_tekisei_code,7,1083,83.12,10.1,75.64,False
GLOBAL_条件戦,manken_shirushi+kyori_tekisei+omo_tekisei_code+shiba_tekisei_code,manken_shirushi,kyori_tekisei,omo_tekisei_code,shiba_tekisei_code,121,53867,77.29,9.26,75.64,False
GLOBAL_条件戦,uma_deokure_bin+manken_shirushi+shiba_tekisei_code+rotation_bin,uma_deokure_bin,manken_shirushi,shiba_tekisei_code,rotation_bin,158,49185,77.07,9.18,75.64,False
GLOBAL_条件戦,manken_shirushi+kyori_tekisei+kyakushitsu+shiba_tekisei_code,manken_shirushi,kyori_tekisei,kyakushitsu,shiba_tekisei_code,178,52876,77.23,10.88,75.64,False
GLOBAL_条件戦,uma_deokure_bin+keibajo_code+da_tekisei_code+joshodo_code,uma_deokure_bin,keibajo_code,da_tekisei_code,joshodo_code,78,67892,77.75,9.49,75.64,False
GLOBAL_条件戦,umakigo_code+uma_start_shisu_decile+kyori_tekisei+kyakushitsu,umakigo_code,uma_start_shisu_decile,kyori_tekisei,kyakushitsu,118,104884,77.23,8.85,75.63,False
GLOBAL_条件戦,keibajo_code+kyori_tekisei+shiba_tekisei_code+joshodo_code,keibajo_code,kyori_tekisei,shiba_tekisei_code,joshodo_code,80,85245,77.3,7.63,75.63,False
GLOBAL_条件戦,uma_deokure_bin+manken_shirushi+pace_yoso+shiba_tekisei_code,uma_deokure_bin,manken_shirushi,pace_yoso,shiba_tekisei_code,96,51566,77.22,7.96,75.63,False
GLOBAL_条件戦,manken_shirushi+pace_yoso+kyori_tekisei+shiba_tekisei_code,manken_shirushi,pace_yoso,kyori_tekisei,shiba_tekisei_code,148,51967,77.26,10.12,75.63,False
GLOBAL_条件戦,pace_yoso+umakigo_code+uma_start_shisu_decile+kyori_tekisei,pace_yoso,umakigo_code,uma_start_shisu_decile,kyori_tekisei,97,105327,77.04,7.06,75.63,False
GLOBAL_条件戦,manken_shirushi+pace_yoso+uma_start_shisu_decile+omo_tekisei_code,manken_shirushi,pace_yoso,uma_start_shisu_decile,omo_tekisei_code,261,64826,76.81,9.85,75.62,False
GLOBAL_条件戦,manken_shirushi+pace_yoso+keibajo_code+joshodo_code,manken_shirushi,pace_yoso,keibajo_code,joshodo_code,278,87754,76.52,7.73,75.61,False
GLOBAL_条件戦,uma_deokure_bin+kyori_kubun+kyori_tekisei+joshodo_code,uma_deokure_bin,kyori_kubun,kyori_tekisei,joshodo_code,54,113281,77.92,8.66,75.61,False
GLOBAL_条件戦,manken_shirushi+kyori_tekisei+manken_shisu_decile+omo_tekisei_code,manken_shirushi,kyori_tekisei,manken_shisu_decile,omo_tekisei_code,261,63917,76.87,10.42,75.61,False
GLOBAL_条件戦,pace_yoso+da_tekisei_code+shiba_tekisei_code+rotation_bin,pace_yoso,da_tekisei_code,shiba_tekisei_code,rotation_bin,51,34241,78.04,8.87,75.61,False
GLOBAL_条件戦,pace_yoso+kyori_tekisei+da_tekisei_code+rotation_bin,pace_yoso,kyori_tekisei,da_tekisei_code,rotation_bin,110,59185,77.36,9.36,75.61,False
GLOBAL_条件戦,manken_shirushi+kyori_kubun+manken_shisu_decile+kyakushitsu,manken_shirushi,kyori_kubun,manken_shisu_decile,kyakushitsu,332,73353,76.64,9.65,75.6,False
GLOBAL_条件戦,manken_shirushi+kyakushitsu+rotation_bin+joshodo_code,manken_shirushi,kyakushitsu,rotation_bin,joshodo_code,193,76180,76.89,9.1,75.6,False
GLOBAL_条件戦,uma_deokure_bin+pace_yoso+keibajo_code+joshodo_code,uma_deokure_bin,pace_yoso,keibajo_code,joshodo_code,94,109801,77.15,7.68,75.6,False
GLOBAL_条件戦,manken_shirushi+pace_yoso+kyori_kubun+kyori_tekisei,manken_shirushi,pace_yoso,kyori_kubun,kyori_tekisei,187,86380,76.84,8.68,75.6,False
GLOBAL_条件戦,umakigo_code+kyori_tekisei+da_tekisei_code+bataiju,umakigo_code,kyori_tekisei,da_tekisei_code,bataiju,213,49661,76.98,10.27,75.6,False
GLOBAL_条件戦,manken_shirushi+da_tekisei_code+joshodo_code+ichi_shisu_juni,manken_shirushi,da_tekisei_code,joshodo_code,ichi_shisu_juni,172,39245,77.3,11.35,75.6,False
GLOBAL_条件戦,manken_shirushi+keibajo_code+omo_tekisei_code+joshodo_code,manken_shirushi,keibajo_code,omo_tekisei_code,joshodo_code,163,74565,76.61,6.64,75.59,False
GLOBAL_条件戦,pace_yoso+keibajo_code+joshodo_code+bataiju,pace_yoso,keibajo_code,joshodo_code,bataiju,382,52234,76.63,10.34,75.59,False
GLOBAL_条件戦,uma_deokure_bin+manken_shirushi+keibajo_code+uma_start_shisu_decile,uma_deokure_bin,manken_shirushi,keibajo_code,uma_start_shisu_decile,158,33231,77.1,9.67,75.59,False
GLOBAL_条件戦,manken_shirushi+keibajo_code+kyori_tekisei+joshodo_code,manken_shirushi,keibajo_code,kyori_tekisei,joshodo_code,339,90306,76.65,9.99,75.59,False
GLOBAL_条件戦,manken_shirushi+keibajo_code+shiba_tekisei_code+joshodo_code,manken_shirushi,keibajo_code,shiba_tekisei_code,joshodo_code,149,57798,76.93,8.33,75.59,False
GLOBAL_条件戦,kyori_tekisei+da_tekisei_code+omo_tekisei_code+ichi_shisu_juni,kyori_tekisei,da_tekisei_code,omo_tekisei_code,ichi_shisu_juni,172,55166,77.16,10.55,75.58,False
GLOBAL_条件戦,manken_shirushi+uma_start_shisu_decile+kyori_tekisei+omo_tekisei_code,manken_shirushi,uma_start_shisu_decile,kyori_tekisei,omo_tekisei_code,234,50717,77.08,11.71,75.58,False
GLOBAL_条件戦,uma_deokure_bin+uma_start_shisu_decile+shiba_tekisei_code+joshodo_code,uma_deokure_bin,uma_start_shisu_decile,shiba_tekisei_code,joshodo_code,53,81683,77.83,8.39,75.58,False
GLOBAL_条件戦,manken_shirushi+hizume_code+da_tekisei_code+kyakushitsu,manken_shirushi,hizume_code,da_tekisei_code,kyakushitsu,129,24612,77.72,12.42,75.58,False
GLOBAL_条件戦,manken_shirushi+kyori_kubun+manken_shisu_decile+omo_tekisei_code,manken_shirushi,kyori_kubun,manken_shisu_decile,omo_tekisei_code,225,63650,76.69,8.49,75.58,False
GLOBAL_条件戦,uma_deokure_bin+da_tekisei_code+omo_tekisei_code+idm_decile,uma_deokure_bin,da_tekisei_code,omo_tekisei_code,idm_decile,90,65224,77.98,11.62,75.58,False
GLOBAL_条件戦,pace_yoso+hizume_code+rotation_bin+ichi_shisu_juni,pace_yoso,hizume_code,rotation_bin,ichi_shisu_juni,238,34811,77.0,11.19,75.58,False
GLOBAL_条件戦,keibajo_code+uma_start_shisu_decile+kyori_tekisei+joshodo_code,keibajo_code,uma_start_shisu_decile,kyori_tekisei,joshodo_code,275,102756,76.78,10.28,75.57,False
GLOBAL_条件戦,uma_deokure_bin+manken_shirushi+pace_yoso+hizume_code,uma_deokure_bin,manken_shirushi,pace_yoso,hizume_code,239,54078,76.85,10.16,75.57,False
GLOBAL_条件戦,pace_yoso+uma_start_shisu_decile+kyakushitsu+omo_tekisei_code,pace_yoso,uma_start_shisu_decile,kyakushitsu,omo_tekisei_code,155,106548,76.67,6.97,75.57,False
GLOBAL_条件戦,uma_deokure_bin+pace_yoso+uma_start_shisu_decile+kyori_tekisei,uma_deokure_bin,pace_yoso,uma_start_shisu_decile,kyori_tekisei,159,99914,77.0,9.21,75.57,False
GLOBAL_条件戦,pace_yoso+hizume_code+da_tekisei_code+shiba_tekisei_code,pace_yoso,hizume_code,da_tekisei_code,shiba_tekisei_code,61,32064,78.2,10.47,75.57,False
GLOBAL_条件戦,uma_deokure_bin+kyori_kubun+uma_start_shisu_decile+joshodo_code,uma_deokure_bin,kyori_kubun,uma_start_shisu_decile,joshodo_code,83,108733,77.53,9.11,75.57,False
GLOBAL_条件戦,manken_shirushi+umakigo_code+keibajo_code+omo_tekisei_code,manken_shirushi,umakigo_code,keibajo_code,omo_tekisei_code,162,72972,76.59,6.63,75.57,False
GLOBAL_条件戦,manken_shirushi+uma_start_shisu_decile+da_tekisei_code+omo_tekisei_code,manken_shirushi,uma_start_shisu_decile,da_tekisei_code,omo_tekisei_code,158,35434,77.47,12.29,75.56,False
GLOBAL_条件戦,uma_deokure_bin+pace_yoso+kyakushitsu+joshodo_code,uma_deokure_bin,pace_yoso,kyakushitsu,joshodo_code,43,110679,77.88,7.76,75.56,False
GLOBAL_条件戦,umakigo_code+da_tekisei_code+omo_tekisei_code+rotation_bin,umakigo_code,da_tekisei_code,omo_tekisei_code,rotation_bin,48,67546,77.74,7.75,75.55,False
GLOBAL_条件戦,hizume_code+kyakushitsu+omo_tekisei_code+bataiju,hizume_code,kyakushitsu,omo_tekisei_code,bataiju,129,16866,77.51,11.38,75.55,False
GLOBAL_条件戦,umakigo_code+keibajo_code+rotation_bin+bataiju,umakigo_code,keibajo_code,rotation_bin,bataiju,63,7134,78.45,11.76,75.55,False
GLOBAL_条件戦,pace_yoso+umakigo_code+uma_start_shisu_decile+kyakushitsu,pace_yoso,umakigo_code,uma_start_shisu_decile,kyakushitsu,89,109926,76.76,5.83,75.55,False
GLOBAL_条件戦,umakigo_code+hizume_code+rotation_bin+bataiju,umakigo_code,hizume_code,rotation_bin,bataiju,189,24332,77.18,11.45,75.55,False
GLOBAL_条件戦,manken_shirushi+umakigo_code+hizume_code+joshodo_code,manken_shirushi,umakigo_code,hizume_code,joshodo_code,81,71430,76.98,6.63,75.54,False
GLOBAL_条件戦,manken_shirushi+umakigo_code+da_tekisei_code+shiba_tekisei_code,manken_shirushi,umakigo_code,da_tekisei_code,shiba_tekisei_code,28,25748,78.28,7.41,75.54,False
GLOBAL_条件戦,umakigo_code+uma_start_shisu_decile+da_tekisei_code+ichi_shisu_juni,umakigo_code,uma_start_shisu_decile,da_tekisei_code,ichi_shisu_juni,159,57529,77.33,11.53,75.54,False
GLOBAL_条件戦,manken_shirushi+pace_yoso+keibajo_code+kyori_tekisei,manken_shirushi,pace_yoso,keibajo_code,kyori_tekisei,279,61046,76.87,11.35,75.54,False
GLOBAL_条件戦,kyori_tekisei+da_tekisei_code+joshodo_code+ichi_shisu_juni,kyori_tekisei,da_tekisei_code,joshodo_code,ichi_shisu_juni,102,59760,77.6,10.59,75.54,False
GLOBAL_条件戦,uma_deokure_bin+kyori_tekisei+manken_shisu_decile+da_tekisei_code,uma_deokure_bin,kyori_tekisei,manken_shisu_decile,da_tekisei_code,143,60102,77.26,10.5,75.54,False
GLOBAL_条件戦,umakigo_code+keibajo_code+kyori_tekisei+shiba_tekisei_code,umakigo_code,keibajo_code,kyori_tekisei,shiba_tekisei_code,84,84336,77.09,7.27,75.54,False
GLOBAL_条件戦,pace_yoso+uma_start_shisu_decile+kyakushitsu+joshodo_code,pace_yoso,uma_start_shisu_decile,kyakushitsu,joshodo_code,85,110650,76.8,5.98,75.53,False
GLOBAL_条件戦,uma_deokure_bin+kyakushitsu+omo_tekisei_code+shiba_tekisei_code,uma_deokure_bin,kyakushitsu,omo_tekisei_code,shiba_tekisei_code,70,86472,77.27,7.43,75.53,False
GLOBAL_条件戦,pace_yoso+kyori_kubun+uma_start_shisu_decile+da_tekisei_code,pace_yoso,kyori_kubun,uma_start_shisu_decile,da_tekisei_code,116,61354,77.37,10.13,75.53,False
GLOBAL_条件戦,uma_deokure_bin+pace_yoso+kyori_tekisei+kyakushitsu,uma_deokure_bin,pace_yoso,kyori_tekisei,kyakushitsu,118,104609,77.12,8.78,75.53,False
GLOBAL_条件戦,pace_yoso+keibajo_code+rotation_bin+ichi_shisu_juni,pace_yoso,keibajo_code,rotation_bin,ichi_shisu_juni,151,19716,77.28,10.99,75.52,False
GLOBAL_条件戦,uma_deokure_bin+umakigo_code+manken_shisu_decile+omo_tekisei_code,uma_deokure_bin,umakigo_code,manken_shisu_decile,omo_tekisei_code,107,111108,77.36,9.71,75.52,False
GLOBAL_条件戦,pace_yoso+kyori_tekisei+da_tekisei_code+kyakushitsu,pace_yoso,kyori_tekisei,da_tekisei_code,kyakushitsu,74,60848,77.78,9.94,75.52,False
GLOBAL_条件戦,kyori_kubun+umakigo_code+uma_start_shisu_decile+hizume_code,kyori_kubun,umakigo_code,uma_start_shisu_decile,hizume_code,222,98688,76.73,9.17,75.52,False
GLOBAL_条件戦,manken_shirushi+keibajo_code+manken_shisu_decile+joshodo_code,manken_shirushi,keibajo_code,manken_shisu_decile,joshodo_code,328,75664,76.52,9.27,75.52,False
GLOBAL_条件戦,pace_yoso+umakigo_code+da_tekisei_code+bataiju,pace_yoso,umakigo_code,da_tekisei_code,bataiju,192,53499,77.04,10.74,75.52,False
GLOBAL_条件戦,manken_shirushi+manken_shisu_decile+kyakushitsu+omo_tekisei_code,manken_shirushi,manken_shisu_decile,kyakushitsu,omo_tekisei_code,249,63682,76.68,9.3,75.52,False
GLOBAL_条件戦,manken_shirushi+kyori_tekisei+hizume_code+joshodo_code,manken_shirushi,kyori_tekisei,hizume_code,joshodo_code,207,65331,76.89,10.14,75.51,False
GLOBAL_条件戦,manken_shirushi+pace_yoso+da_tekisei_code+ichi_shisu_juni,manken_shirushi,pace_yoso,da_tekisei_code,ichi_shisu_juni,199,25723,77.32,13.07,75.51,False
GLOBAL_条件戦,kyori_tekisei+manken_shisu_decile+da_tekisei_code+kyakushitsu,kyori_tekisei,manken_shisu_decile,da_tekisei_code,kyakushitsu,200,61608,77.06,11.14,75.51,False
GLOBAL_条件戦,manken_shirushi+pace_yoso+shiba_tekisei_code+rotation_bin,manken_shirushi,pace_yoso,shiba_tekisei_code,rotation_bin,193,48200,76.92,10.02,75.51,False
GLOBAL_条件戦,manken_shirushi+kyori_kubun+uma_start_shisu_decile+ichi_shisu_juni,manken_shirushi,kyori_kubun,uma_start_shisu_decile,ichi_shisu_juni,68,10476,78.06,10.73,75.51,False
GLOBAL_条件戦,uma_deokure_bin+umakigo_code+da_tekisei_code+joshodo_code,uma_deokure_bin,umakigo_code,da_tekisei_code,joshodo_code,20,69458,78.93,7.8,75.51,False
GLOBAL_条件戦,manken_shirushi+kyori_tekisei+kyakushitsu+omo_tekisei_code,manken_shirushi,kyori_tekisei,kyakushitsu,omo_tekisei_code,236,72128,76.74,9.66,75.51,False
GLOBAL_条件戦,manken_shirushi+kyori_kubun+omo_tekisei_code+joshodo_code,manken_shirushi,kyori_kubun,omo_tekisei_code,joshodo_code,86,77389,77.31,8.51,75.51,False
GLOBAL_条件戦,uma_start_shisu_decile+kyori_tekisei+kyakushitsu+omo_tekisei_code,uma_start_shisu_decile,kyori_tekisei,kyakushitsu,omo_tekisei_code,198,100214,76.89,9.95,75.51,False
GLOBAL_条件戦,uma_deokure_bin+manken_shirushi+manken_shisu_decile+joshodo_code,uma_deokure_bin,manken_shirushi,manken_shisu_decile,joshodo_code,107,70636,76.94,7.6,75.5,False
GLOBAL_条件戦,manken_shirushi+umakigo_code+kyori_tekisei+rotation_bin,manken_shirushi,umakigo_code,kyori_tekisei,rotation_bin,183,70964,76.96,10.08,75.5,False
GLOBAL_条件戦,kyori_kubun+kyakushitsu+omo_tekisei_code+bataiju,kyori_kubun,kyakushitsu,omo_tekisei_code,bataiju,366,53499,76.64,11.22,75.49,False
GLOBAL_条件戦,umakigo_code+keibajo_code+uma_start_shisu_decile+kyori_tekisei,umakigo_code,keibajo_code,uma_start_shisu_decile,kyori_tekisei,273,101136,76.68,10.1,75.49,False
GLOBAL_条件戦,umakigo_code+uma_start_shisu_decile+hizume_code+da_tekisei_code,umakigo_code,uma_start_shisu_decile,hizume_code,da_tekisei_code,113,55820,77.22,9.37,75.49,False
GLOBAL_条件戦,uma_deokure_bin+manken_shirushi+keibajo_code+da_tekisei_code,uma_deokure_bin,manken_shirushi,keibajo_code,da_tekisei_code,183,34082,77.2,11.89,75.48,False
GLOBAL_条件戦,keibajo_code+da_tekisei_code+shiba_tekisei_code+joshodo_code,keibajo_code,da_tekisei_code,shiba_tekisei_code,joshodo_code,39,39767,77.64,6.9,75.48,False
GLOBAL_条件戦,manken_shirushi+da_tekisei_code+kyakushitsu+rotation_bin,manken_shirushi,da_tekisei_code,kyakushitsu,rotation_bin,177,34783,77.27,12.15,75.48,False
GLOBAL_条件戦,manken_shirushi+kyakushitsu+omo_tekisei_code+shiba_tekisei_code,manken_shirushi,kyakushitsu,omo_tekisei_code,shiba_tekisei_code,122,56108,76.96,8.39,75.47,False
GLOBAL_条件戦,uma_start_shisu_decile+omo_tekisei_code+shiba_tekisei_code+joshodo_code,uma_start_shisu_decile,omo_tekisei_code,shiba_tekisei_code,joshodo_code,41,81264,77.68,7.24,75.47,False
GLOBAL_条件戦,uma_deokure_bin+manken_shirushi+omo_tekisei_code+shiba_tekisei_code,uma_deokure_bin,manken_shirushi,omo_tekisei_code,shiba_tekisei_code,78,52869,77.56,9.42,75.47,False
GLOBAL_条件戦,keibajo_code+da_tekisei_code+kyakushitsu+joshodo_code,keibajo_code,da_tekisei_code,kyakushitsu,joshodo_code,79,69294,77.26,8.11,75.47,False
GLOBAL_条件戦,umakigo_code+manken_shisu_decile+da_tekisei_code+shiba_tekisei_code,umakigo_code,manken_shisu_decile,da_tekisei_code,shiba_tekisei_code,40,38627,77.55,6.73,75.47,False
GLOBAL_条件戦,pace_yoso+kyori_kubun+da_tekisei_code+shiba_tekisei_code,pace_yoso,kyori_kubun,da_tekisei_code,shiba_tekisei_code,30,34687,78.05,7.22,75.47,False
GLOBAL_条件戦,manken_shirushi+umakigo_code+da_tekisei_code+ichi_shisu_juni,manken_shirushi,umakigo_code,da_tekisei_code,ichi_shisu_juni,172,38599,77.16,11.32,75.47,False
GLOBAL_条件戦,uma_deokure_bin+kyori_tekisei+kyakushitsu+joshodo_code,uma_deokure_bin,kyori_tekisei,kyakushitsu,joshodo_code,62,113012,77.39,7.71,75.47,False
GLOBAL_条件戦,uma_deokure_bin+uma_start_shisu_decile+manken_shisu_decile+da_tekisei_code,uma_deokure_bin,uma_start_shisu_decile,manken_shisu_decile,da_tekisei_code,154,50712,77.25,11.26,75.47,False
GLOBAL_条件戦,manken_shirushi+pace_yoso+kyori_tekisei+joshodo_code,manken_shirushi,pace_yoso,kyori_tekisei,joshodo_code,112,90058,76.81,7.28,75.46,False
GLOBAL_条件戦,uma_deokure_bin+manken_shirushi+umakigo_code+manken_shisu_decile,uma_deokure_bin,manken_shirushi,umakigo_code,manken_shisu_decile,107,69422,76.88,7.5,75.46,False
GLOBAL_条件戦,uma_deokure_bin+pace_yoso+manken_shisu_decile+joshodo_code,uma_deokure_bin,pace_yoso,manken_shisu_decile,joshodo_code,94,108260,77.19,8.6,75.46,False
GLOBAL_条件戦,uma_deokure_bin+manken_shirushi+pace_yoso+kyori_kubun,uma_deokure_bin,manken_shirushi,pace_yoso,kyori_kubun,157,68502,76.69,7.82,75.46,False
GLOBAL_条件戦,pace_yoso+kyori_kubun+keibajo_code+da_tekisei_code,pace_yoso,kyori_kubun,keibajo_code,da_tekisei_code,120,61229,76.96,8.39,75.46,False
GLOBAL_条件戦,uma_deokure_bin+manken_shirushi+keibajo_code+idm_decile,uma_deokure_bin,manken_shirushi,keibajo_code,idm_decile,233,32916,77.09,12.69,75.46,False
GLOBAL_条件戦,manken_shirushi+umakigo_code+kyakushitsu+rotation_bin,manken_shirushi,umakigo_code,kyakushitsu,rotation_bin,193,74567,76.77,9.3,75.46,False
GLOBAL_条件戦,manken_shirushi+kyori_kubun+da_tekisei_code+rotation_bin,manken_shirushi,kyori_kubun,da_tekisei_code,rotation_bin,167,34345,77.31,12.15,75.46,False
GLOBAL_条件戦,manken_shirushi+uma_start_shisu_decile+omo_tekisei_code+ichi_shisu_juni,manken_shirushi,uma_start_shisu_decile,omo_tekisei_code,ichi_shisu_juni,128,19801,77.13,9.67,75.45,False
GLOBAL_条件戦,manken_shirushi+umakigo_code+kyori_tekisei+shiba_tekisei_code,manken_shirushi,umakigo_code,kyori_tekisei,shiba_tekisei_code,64,55541,77.32,7.64,75.45,False
GLOBAL_条件戦,pace_yoso+da_tekisei_code+joshodo_code+bataiju,pace_yoso,da_tekisei_code,joshodo_code,bataiju,191,54171,76.98,10.76,75.45,False
GLOBAL_条件戦,uma_deokure_bin+pace_yoso+hizume_code+joshodo_code,uma_deokure_bin,pace_yoso,hizume_code,joshodo_code,104,105384,77.03,8.19,75.45,False
GLOBAL_条件戦,manken_shirushi+kyori_kubun+umakigo_code+ichi_shisu_juni,manken_shirushi,kyori_kubun,umakigo_code,ichi_shisu_juni,296,83064,76.6,10.13,75.45,False
GLOBAL_条件戦,umakigo_code+kyori_tekisei+kyakushitsu+omo_tekisei_code,umakigo_code,kyori_tekisei,kyakushitsu,omo_tekisei_code,62,114787,77.57,8.53,75.44,False
GLOBAL_条件戦,manken_shirushi+kyori_tekisei+omo_tekisei_code+ichi_shisu_juni,manken_shirushi,kyori_tekisei,omo_tekisei_code,ichi_shisu_juni,209,28123,77.12,12.39,75.44,False
GLOBAL_条件戦,manken_shirushi+pace_yoso+manken_shisu_decile+joshodo_code,manken_shirushi,pace_yoso,manken_shisu_decile,joshodo_code,173,88730,76.55,7.44,75.44,False
GLOBAL_条件戦,manken_shirushi+umakigo_code+ichi_shisu_juni+idm_decile,manken_shirushi,umakigo_code,ichi_shisu_juni,idm_decile,309,66764,76.87,12.85,75.44,False
GLOBAL_条件戦,uma_deokure_bin+pace_yoso+shiba_tekisei_code+joshodo_code,uma_deokure_bin,pace_yoso,shiba_tekisei_code,joshodo_code,30,83188,78.23,7.79,75.44,False
GLOBAL_条件戦,uma_deokure_bin+joshodo_code+ichi_shisu_juni+bataiju,uma_deokure_bin,joshodo_code,ichi_shisu_juni,bataiju,213,28448,76.97,11.43,75.43,False
GLOBAL_条件戦,manken_shirushi+pace_yoso+kyakushitsu+shiba_tekisei_code,manken_shirushi,pace_yoso,kyakushitsu,shiba_tekisei_code,146,52688,76.96,9.44,75.43,False
GLOBAL_条件戦,uma_start_shisu_decile+da_tekisei_code+joshodo_code+ichi_shisu_juni,uma_start_shisu_decile,da_tekisei_code,joshodo_code,ichi_shisu_juni,160,58526,77.22,11.53,75.43,False
GLOBAL_条件戦,uma_deokure_bin+kyori_kubun+uma_start_shisu_decile+kyakushitsu,uma_deokure_bin,kyori_kubun,uma_start_shisu_decile,kyakushitsu,168,103400,76.87,9.47,75.43,False
GLOBAL_条件戦,manken_shirushi+omo_tekisei_code+shiba_tekisei_code+joshodo_code,manken_shirushi,omo_tekisei_code,shiba_tekisei_code,joshodo_code,40,57440,77.44,6.51,75.43,False
GLOBAL_条件戦,kyori_tekisei+da_tekisei_code+omo_tekisei_code+shiba_tekisei_code,kyori_tekisei,da_tekisei_code,omo_tekisei_code,shiba_tekisei_code,37,38698,77.68,7.0,75.42,False
GLOBAL_条件戦,hizume_code+manken_shisu_decile+da_tekisei_code+joshodo_code,hizume_code,manken_shisu_decile,da_tekisei_code,joshodo_code,143,60913,77.16,10.64,75.42,False
GLOBAL_条件戦,manken_shisu_decile+da_tekisei_code+omo_tekisei_code+shiba_tekisei_code,manken_shisu_decile,da_tekisei_code,omo_tekisei_code,shiba_tekisei_code,70,38384,77.45,8.67,75.42,False
GLOBAL_条件戦,uma_deokure_bin+umakigo_code+keibajo_code+kyakushitsu,uma_deokure_bin,umakigo_code,keibajo_code,kyakushitsu,121,112498,77.03,9.01,75.42,False
GLOBAL_条件戦,uma_deokure_bin+manken_shirushi+kyori_tekisei+manken_shisu_decile,uma_deokure_bin,manken_shirushi,kyori_tekisei,manken_shisu_decile,245,60580,76.66,9.85,75.42,False
GLOBAL_条件戦,manken_shirushi+umakigo_code+keibajo_code+shiba_tekisei_code,manken_shirushi,umakigo_code,keibajo_code,shiba_tekisei_code,147,56546,76.77,8.38,75.42,False
GLOBAL_条件戦,uma_start_shisu_decile+kyori_tekisei+hizume_code+bataiju,uma_start_shisu_decile,kyori_tekisei,hizume_code,bataiju,17,1849,79.35,8.27,75.42,False
GLOBAL_条件戦,da_tekisei_code+kyakushitsu+joshodo_code+ichi_shisu_juni,da_tekisei_code,kyakushitsu,joshodo_code,ichi_shisu_juni,86,61771,77.43,9.48,75.42,False
GLOBAL_条件戦,uma_deokure_bin+kyakushitsu+rotation_bin+bataiju,uma_deokure_bin,kyakushitsu,rotation_bin,bataiju,156,18796,77.4,12.6,75.42,False
GLOBAL_条件戦,manken_shirushi+manken_shisu_decile+omo_tekisei_code+shiba_tekisei_code,manken_shirushi,manken_shisu_decile,omo_tekisei_code,shiba_tekisei_code,141,50633,76.92,9.15,75.41,False
GLOBAL_条件戦,uma_deokure_bin+kyori_kubun+kyori_tekisei+omo_tekisei_code,uma_deokure_bin,kyori_kubun,kyori_tekisei,omo_tekisei_code,94,110433,76.96,7.64,75.41,False
GLOBAL_条件戦,manken_shirushi+kyori_kubun+da_tekisei_code+joshodo_code,manken_shirushi,kyori_kubun,da_tekisei_code,joshodo_code,64,46785,77.51,8.57,75.41,False
GLOBAL_条件戦,uma_deokure_bin+kyori_tekisei+da_tekisei_code+kyakushitsu,uma_deokure_bin,kyori_tekisei,da_tekisei_code,kyakushitsu,90,64821,77.43,9.76,75.41,False
GLOBAL_条件戦,uma_deokure_bin+manken_shirushi+kyakushitsu+rotation_bin,uma_deokure_bin,manken_shirushi,kyakushitsu,rotation_bin,244,61097,76.6,9.49,75.41,False
GLOBAL_条件戦,pace_yoso+umakigo_code+uma_start_shisu_decile+joshodo_code,pace_yoso,umakigo_code,uma_start_shisu_decile,joshodo_code,35,110786,77.55,6.44,75.41,False
GLOBAL_条件戦,umakigo_code+keibajo_code+uma_start_shisu_decile+kyakushitsu,umakigo_code,keibajo_code,uma_start_shisu_decile,kyakushitsu,242,106053,76.44,8.24,75.4,False
GLOBAL_条件戦,pace_yoso+da_tekisei_code+kyakushitsu+joshodo_code,pace_yoso,da_tekisei_code,kyakushitsu,joshodo_code,24,63385,78.74,8.35,75.4,False
GLOBAL_条件戦,pace_yoso+da_tekisei_code+omo_tekisei_code+shiba_tekisei_code,pace_yoso,da_tekisei_code,omo_tekisei_code,shiba_tekisei_code,25,35163,78.55,8.04,75.4,False
GLOBAL_条件戦,manken_shirushi+keibajo_code+kyori_tekisei+hizume_code,manken_shirushi,keibajo_code,kyori_tekisei,hizume_code,106,16276,77.63,11.68,75.4,False
GLOBAL_条件戦,keibajo_code+kyori_tekisei+da_tekisei_code+kyakushitsu,keibajo_code,kyori_tekisei,da_tekisei_code,kyakushitsu,191,60614,76.95,10.99,75.39,False
GLOBAL_条件戦,umakigo_code+uma_start_shisu_decile+ichi_shisu_juni+bataiju,umakigo_code,uma_start_shisu_decile,ichi_shisu_juni,bataiju,77,8740,77.74,10.53,75.39,False
GLOBAL_条件戦,uma_deokure_bin+manken_shirushi+keibajo_code+kyori_tekisei,uma_deokure_bin,manken_shirushi,keibajo_code,kyori_tekisei,238,46169,76.73,10.54,75.39,False
GLOBAL_条件戦,manken_shirushi+kyori_tekisei+shiba_tekisei_code+rotation_bin,manken_shirushi,kyori_tekisei,shiba_tekisei_code,rotation_bin,205,45920,76.88,10.86,75.39,False
GLOBAL_条件戦,uma_deokure_bin+da_tekisei_code+kyakushitsu+idm_decile,uma_deokure_bin,da_tekisei_code,kyakushitsu,idm_decile,116,64508,77.61,12.2,75.39,False
GLOBAL_条件戦,manken_shirushi+pace_yoso+kyori_kubun+kyakushitsu,manken_shirushi,pace_yoso,kyori_kubun,kyakushitsu,289,89612,76.57,10.18,75.39,False
GLOBAL_条件戦,manken_shirushi+pace_yoso+umakigo_code+manken_shisu_decile,manken_shirushi,pace_yoso,umakigo_code,manken_shisu_decile,153,91543,76.5,7.02,75.39,False
GLOBAL_条件戦,uma_deokure_bin+umakigo_code+keibajo_code+uma_start_shisu_decile,uma_deokure_bin,umakigo_code,keibajo_code,uma_start_shisu_decile,164,103787,76.66,8.39,75.38,False
GLOBAL_条件戦,kyori_tekisei_2+kyakushitsu+shiba_tekisei_code+joshodo_code,kyori_tekisei_2,kyakushitsu,shiba_tekisei_code,joshodo_code,6,978,81.26,7.35,75.38,False
GLOBAL_条件戦,uma_deokure_bin+manken_shirushi+shiba_tekisei_code+joshodo_code,uma_deokure_bin,manken_shirushi,shiba_tekisei_code,joshodo_code,56,57011,78.13,10.48,75.38,False
GLOBAL_条件戦,manken_shirushi+keibajo_code+da_tekisei_code+rotation_bin,manken_shirushi,keibajo_code,da_tekisei_code,rotation_bin,101,13254,77.74,12.1,75.38,False
GLOBAL_条件戦,uma_deokure_bin+manken_shirushi+umakigo_code+shiba_tekisei_code,uma_deokure_bin,manken_shirushi,umakigo_code,shiba_tekisei_code,56,55997,78.14,10.52,75.38,False
GLOBAL_条件戦,kyori_tekisei_2+uma_deokure_bin+omo_tekisei_code+shiba_tekisei_code,kyori_tekisei_2,uma_deokure_bin,omo_tekisei_code,shiba_tekisei_code,5,661,85.15,11.16,75.37,False
GLOBAL_条件戦,uma_deokure_bin+pace_yoso+umakigo_code+kyakushitsu,uma_deokure_bin,pace_yoso,umakigo_code,kyakushitsu,54,111321,77.36,7.46,75.37,False
GLOBAL_条件戦,kyori_kubun+keibajo_code+joshodo_code+bataiju,kyori_kubun,keibajo_code,joshodo_code,bataiju,338,48638,76.55,11.15,75.37,False
GLOBAL_条件戦,manken_shirushi+pace_yoso+manken_shisu_decile+omo_tekisei_code,manken_shirushi,pace_yoso,manken_shisu_decile,omo_tekisei_code,205,65359,76.68,9.56,75.37,False
GLOBAL_条件戦,hizume_code+kyakushitsu+rotation_bin+ichi_shisu_juni,hizume_code,kyakushitsu,rotation_bin,ichi_shisu_juni,225,34451,76.78,10.91,75.36,False
GLOBAL_条件戦,keibajo_code+kyakushitsu+joshodo_code+bataiju,keibajo_code,kyakushitsu,joshodo_code,bataiju,333,40880,76.64,11.87,75.36,False
GLOBAL_条件戦,pace_yoso+keibajo_code+omo_tekisei_code+joshodo_code,pace_yoso,keibajo_code,omo_tekisei_code,joshodo_code,84,111571,76.63,5.95,75.36,False
GLOBAL_条件戦,manken_shirushi+umakigo_code+kyori_tekisei+omo_tekisei_code,manken_shirushi,umakigo_code,kyori_tekisei,omo_tekisei_code,93,74696,77.35,9.77,75.36,False
GLOBAL_条件戦,kyakushitsu+rotation_bin+joshodo_code+bataiju,kyakushitsu,rotation_bin,joshodo_code,bataiju,412,63267,76.46,11.36,75.36,False
GLOBAL_条件戦,kyori_kubun+uma_start_shisu_decile+hizume_code+joshodo_code,kyori_kubun,uma_start_shisu_decile,hizume_code,joshodo_code,222,100011,76.55,9.03,75.36,False
GLOBAL_条件戦,uma_deokure_bin+keibajo_code+kyakushitsu+joshodo_code,uma_deokure_bin,keibajo_code,kyakushitsu,joshodo_code,119,114538,76.9,8.63,75.35,False
GLOBAL_条件戦,pace_yoso+hizume_code+da_tekisei_code+kyakushitsu,pace_yoso,hizume_code,da_tekisei_code,kyakushitsu,129,55611,77.03,9.72,75.35,False
GLOBAL_条件戦,uma_deokure_bin+pace_yoso+kyakushitsu+omo_tekisei_code,uma_deokure_bin,pace_yoso,kyakushitsu,omo_tekisei_code,80,108077,77.05,7.78,75.35,False
GLOBAL_条件戦,manken_shirushi+umakigo_code+keibajo_code+manken_shisu_decile,manken_shirushi,umakigo_code,keibajo_code,manken_shisu_decile,351,85234,76.29,8.92,75.35,False
GLOBAL_条件戦,uma_deokure_bin+umakigo_code+hizume_code+da_tekisei_code,uma_deokure_bin,umakigo_code,hizume_code,da_tekisei_code,83,64079,77.58,10.35,75.35,False
GLOBAL_条件戦,manken_shirushi+hizume_code+manken_shisu_decile+joshodo_code,manken_shirushi,hizume_code,manken_shisu_decile,joshodo_code,226,58790,76.62,9.78,75.34,False
GLOBAL_条件戦,manken_shirushi+da_tekisei_code+omo_tekisei_code+shiba_tekisei_code,manken_shirushi,da_tekisei_code,omo_tekisei_code,shiba_tekisei_code,55,25713,77.81,9.33,75.34,False
GLOBAL_条件戦,uma_deokure_bin+kyori_kubun+manken_shisu_decile+da_tekisei_code,uma_deokure_bin,kyori_kubun,manken_shisu_decile,da_tekisei_code,138,61828,77.09,10.48,75.34,False
GLOBAL_条件戦,umakigo_code+kyori_tekisei+da_tekisei_code+ichi_shisu_juni,umakigo_code,kyori_tekisei,da_tekisei_code,ichi_shisu_juni,102,58859,77.41,10.66,75.34,False
GLOBAL_条件戦,manken_shirushi+pace_yoso+da_tekisei_code+shiba_tekisei_code,manken_shirushi,pace_yoso,da_tekisei_code,shiba_tekisei_code,55,22827,77.99,10.0,75.34,False
GLOBAL_条件戦,umakigo_code+keibajo_code+da_tekisei_code+kyakushitsu,umakigo_code,keibajo_code,da_tekisei_code,kyakushitsu,79,67436,77.13,8.17,75.33,False
GLOBAL_条件戦,uma_deokure_bin+umakigo_code+rotation_bin+joshodo_code,uma_deokure_bin,umakigo_code,rotation_bin,joshodo_code,52,117731,77.22,6.93,75.33,False
GLOBAL_条件戦,keibajo_code+uma_start_shisu_decile+kyakushitsu+joshodo_code,keibajo_code,uma_start_shisu_decile,kyakushitsu,joshodo_code,242,107513,76.39,8.44,75.33,False
GLOBAL_条件戦,manken_shirushi+hizume_code+da_tekisei_code+rotation_bin,manken_shirushi,hizume_code,da_tekisei_code,rotation_bin,114,17738,77.53,11.98,75.33,False
GLOBAL_条件戦,keibajo_code+omo_tekisei_code+joshodo_code+bataiju,keibajo_code,omo_tekisei_code,joshodo_code,bataiju,466,69884,76.31,10.77,75.33,False
GLOBAL_条件戦,umakigo_code+keibajo_code+omo_tekisei_code+bataiju,umakigo_code,keibajo_code,omo_tekisei_code,bataiju,456,67561,76.33,10.98,75.32,False
GLOBAL_条件戦,keibajo_code+uma_start_shisu_decile+rotation_bin+ichi_shisu_juni,keibajo_code,uma_start_shisu_decile,rotation_bin,ichi_shisu_juni,78,10460,77.41,9.42,75.32,False
GLOBAL_条件戦,manken_shirushi+kyori_kubun+keibajo_code+joshodo_code,manken_shirushi,kyori_kubun,keibajo_code,joshodo_code,321,87622,76.31,9.03,75.32,False
GLOBAL_条件戦,kyori_kubun+keibajo_code+rotation_bin+ichi_shisu_juni,kyori_kubun,keibajo_code,rotation_bin,ichi_shisu_juni,171,23555,76.88,10.5,75.31,False
GLOBAL_条件戦,uma_deokure_bin+kyori_tekisei+omo_tekisei_code+shiba_tekisei_code,uma_deokure_bin,kyori_tekisei,omo_tekisei_code,shiba_tekisei_code,72,83407,77.08,7.65,75.31,False
GLOBAL_条件戦,manken_shirushi+keibajo_code+kyori_tekisei+omo_tekisei_code,manken_shirushi,keibajo_code,kyori_tekisei,omo_tekisei_code,252,49103,76.72,11.46,75.31,False
GLOBAL_条件戦,uma_deokure_bin+kyori_kubun+kyori_tekisei+da_tekisei_code,uma_deokure_bin,kyori_kubun,kyori_tekisei,da_tekisei_code,70,65604,77.45,9.16,75.31,False
GLOBAL_条件戦,pace_yoso+uma_start_shisu_decile+idm_decile+bataiju,pace_yoso,uma_start_shisu_decile,idm_decile,bataiju,35,3804,79.96,14.02,75.31,False
GLOBAL_条件戦,uma_deokure_bin+keibajo_code+da_tekisei_code+kyakushitsu,uma_deokure_bin,keibajo_code,da_tekisei_code,kyakushitsu,139,61099,77.0,10.15,75.31,False
GLOBAL_条件戦,kyori_kubun+da_tekisei_code+omo_tekisei_code+rotation_bin,kyori_kubun,da_tekisei_code,omo_tekisei_code,rotation_bin,110,66686,77.26,10.45,75.3,False
GLOBAL_条件戦,manken_shirushi+uma_start_shisu_decile+manken_shisu_decile+ichi_shisu_juni,manken_shirushi,uma_start_shisu_decile,manken_shisu_decile,ichi_shisu_juni,43,5599,77.81,8.38,75.3,False
GLOBAL_条件戦,uma_deokure_bin+keibajo_code+kyori_tekisei+joshodo_code,uma_deokure_bin,keibajo_code,kyori_tekisei,joshodo_code,114,110031,76.72,7.74,75.3,False
GLOBAL_条件戦,manken_shirushi+kyori_kubun+kyori_tekisei+joshodo_code,manken_shirushi,kyori_kubun,kyori_tekisei,joshodo_code,122,94063,76.73,8.05,75.3,False
GLOBAL_条件戦,manken_shirushi+kyori_kubun+uma_start_shisu_decile+da_tekisei_code,manken_shirushi,kyori_kubun,uma_start_shisu_decile,da_tekisei_code,156,29522,77.3,12.77,75.3,False
GLOBAL_条件戦,uma_deokure_bin+uma_start_shisu_decile+da_tekisei_code+rotation_bin,uma_deokure_bin,uma_start_shisu_decile,da_tekisei_code,rotation_bin,137,55051,77.14,11.01,75.3,False
GLOBAL_条件戦,pace_yoso+umakigo_code+keibajo_code+da_tekisei_code,pace_yoso,umakigo_code,keibajo_code,da_tekisei_code,54,62199,77.38,7.79,75.3,False
GLOBAL_条件戦,uma_deokure_bin+manken_shirushi+pace_yoso+kyakushitsu,uma_deokure_bin,manken_shirushi,pace_yoso,kyakushitsu,171,68767,76.7,9.36,75.3,False
GLOBAL_条件戦,uma_deokure_bin+kyori_kubun+umakigo_code+da_tekisei_code,uma_deokure_bin,kyori_kubun,umakigo_code,da_tekisei_code,48,69445,78.04,9.72,75.29,False
GLOBAL_条件戦,manken_shirushi+pace_yoso+kyakushitsu+omo_tekisei_code,manken_shirushi,pace_yoso,kyakushitsu,omo_tekisei_code,189,72266,76.47,8.28,75.29,False
GLOBAL_条件戦,uma_deokure_bin+kyori_tekisei+da_tekisei_code+rotation_bin,uma_deokure_bin,kyori_tekisei,da_tekisei_code,rotation_bin,118,61529,77.13,10.21,75.29,False
GLOBAL_条件戦,manken_shirushi+umakigo_code+kyori_tekisei+manken_shisu_decile,manken_shirushi,umakigo_code,kyori_tekisei,manken_shisu_decile,171,91396,76.52,8.18,75.29,False
GLOBAL_条件戦,pace_yoso+kyori_kubun+rotation_bin+bataiju,pace_yoso,kyori_kubun,rotation_bin,bataiju,112,13824,77.65,12.74,75.29,False
GLOBAL_条件戦,uma_deokure_bin+manken_shirushi+keibajo_code+joshodo_code,uma_deokure_bin,manken_shirushi,keibajo_code,joshodo_code,160,71819,76.32,6.66,75.29,False
GLOBAL_条件戦,manken_shirushi+kyori_kubun+kyori_tekisei+hizume_code,manken_shirushi,kyori_kubun,kyori_tekisei,hizume_code,213,44844,76.71,10.65,75.28,False
GLOBAL_条件戦,manken_shirushi+pace_yoso+umakigo_code+keibajo_code,manken_shirushi,pace_yoso,umakigo_code,keibajo_code,229,92457,76.27,7.65,75.28,False
GLOBAL_条件戦,uma_deokure_bin+kyori_tekisei+rotation_bin+joshodo_code,uma_deokure_bin,kyori_tekisei,rotation_bin,joshodo_code,99,111715,77.12,9.35,75.28,False
GLOBAL_条件戦,umakigo_code+hizume_code+manken_shisu_decile+da_tekisei_code,umakigo_code,hizume_code,manken_shisu_decile,da_tekisei_code,141,59072,77.02,10.52,75.28,False
GLOBAL_条件戦,uma_deokure_bin+manken_shirushi+keibajo_code+omo_tekisei_code,uma_deokure_bin,manken_shirushi,keibajo_code,omo_tekisei_code,284,65755,76.35,9.29,75.27,False
GLOBAL_条件戦,kyori_kubun+uma_start_shisu_decile+kyori_tekisei+kyakushitsu,kyori_kubun,uma_start_shisu_decile,kyori_tekisei,kyakushitsu,223,99113,76.67,10.65,75.27,False
GLOBAL_条件戦,uma_deokure_bin+da_tekisei_code+shiba_tekisei_code+joshodo_code,uma_deokure_bin,da_tekisei_code,shiba_tekisei_code,joshodo_code,21,40043,77.97,6.3,75.27,False
GLOBAL_条件戦,uma_deokure_bin+manken_shirushi+kyori_kubun+kyakushitsu,uma_deokure_bin,manken_shirushi,kyori_kubun,kyakushitsu,188,68656,76.7,10.04,75.27,False
GLOBAL_条件戦,uma_deokure_bin+kyori_tekisei+shiba_tekisei_code+joshodo_code,uma_deokure_bin,kyori_tekisei,shiba_tekisei_code,joshodo_code,45,85959,78.08,9.62,75.27,False
GLOBAL_条件戦,uma_start_shisu_decile+kyori_tekisei+manken_shisu_decile+joshodo_code,uma_start_shisu_decile,kyori_tekisei,manken_shisu_decile,joshodo_code,273,101702,76.44,9.93,75.27,False
GLOBAL_条件戦,manken_shirushi+umakigo_code+omo_tekisei_code+shiba_tekisei_code,manken_shirushi,umakigo_code,omo_tekisei_code,shiba_tekisei_code,40,56388,77.25,6.42,75.26,False
GLOBAL_条件戦,uma_deokure_bin+umakigo_code+ichi_shisu_juni+bataiju,uma_deokure_bin,umakigo_code,ichi_shisu_juni,bataiju,197,26243,76.83,11.25,75.26,False
GLOBAL_条件戦,uma_deokure_bin+manken_shirushi+hizume_code+kyakushitsu,uma_deokure_bin,manken_shirushi,hizume_code,kyakushitsu,231,50317,76.66,10.85,75.26,False
GLOBAL_条件戦,pace_yoso+hizume_code+kyakushitsu+bataiju,pace_yoso,hizume_code,kyakushitsu,bataiju,37,4155,79.87,14.3,75.26,False
GLOBAL_条件戦,uma_deokure_bin+kyori_kubun+umakigo_code+joshodo_code,uma_deokure_bin,kyori_kubun,umakigo_code,joshodo_code,40,119732,78.04,9.0,75.25,False
GLOBAL_条件戦,uma_deokure_bin+manken_shirushi+manken_shisu_decile+kyakushitsu,uma_deokure_bin,manken_shirushi,manken_shisu_decile,kyakushitsu,220,61047,76.49,9.37,75.25,False
GLOBAL_条件戦,manken_shirushi+keibajo_code+omo_tekisei_code+idm_decile,manken_shirushi,keibajo_code,omo_tekisei_code,idm_decile,246,34604,76.78,12.33,75.24,False
GLOBAL_条件戦,keibajo_code+kyori_tekisei+omo_tekisei_code+joshodo_code,keibajo_code,kyori_tekisei,omo_tekisei_code,joshodo_code,110,113902,76.61,7.31,75.24,False
GLOBAL_条件戦,kyori_kubun+omo_tekisei_code+shiba_tekisei_code+joshodo_code,kyori_kubun,omo_tekisei_code,shiba_tekisei_code,joshodo_code,25,87976,77.67,6.19,75.24,False
GLOBAL_条件戦,uma_deokure_bin+manken_shisu_decile+shiba_tekisei_code+joshodo_code,uma_deokure_bin,manken_shisu_decile,shiba_tekisei_code,joshodo_code,72,85567,76.97,7.51,75.24,False
GLOBAL_条件戦,manken_shirushi+kyori_kubun+umakigo_code+keibajo_code,manken_shirushi,kyori_kubun,umakigo_code,keibajo_code,255,95147,76.24,8.16,75.24,False
GLOBAL_条件戦,manken_shirushi+kyori_kubun+rotation_bin+joshodo_code,manken_shirushi,kyori_kubun,rotation_bin,joshodo_code,186,75748,76.47,8.63,75.23,False
GLOBAL_条件戦,manken_shirushi+kyori_kubun+umakigo_code+omo_tekisei_code,manken_shirushi,kyori_kubun,umakigo_code,omo_tekisei_code,86,75805,77.01,8.43,75.23,False
GLOBAL_条件戦,uma_deokure_bin+umakigo_code+omo_tekisei_code+shiba_tekisei_code,uma_deokure_bin,umakigo_code,omo_tekisei_code,shiba_tekisei_code,34,87504,77.84,7.77,75.23,False
GLOBAL_条件戦,manken_shirushi+hizume_code+kyakushitsu+idm_decile,manken_shirushi,hizume_code,kyakushitsu,idm_decile,162,22842,77.15,12.47,75.23,False
GLOBAL_条件戦,uma_deokure_bin+omo_tekisei_code+rotation_bin+bataiju,uma_deokure_bin,omo_tekisei_code,rotation_bin,bataiju,339,44208,76.41,11.24,75.22,False
GLOBAL_条件戦,uma_deokure_bin+manken_shisu_decile+da_tekisei_code+kyakushitsu,uma_deokure_bin,manken_shisu_decile,da_tekisei_code,kyakushitsu,141,60605,76.93,10.36,75.22,False
GLOBAL_条件戦,pace_yoso+umakigo_code+kyakushitsu+omo_tekisei_code,pace_yoso,umakigo_code,kyakushitsu,omo_tekisei_code,45,112646,76.92,5.85,75.21,False
GLOBAL_条件戦,uma_deokure_bin+hizume_code+da_tekisei_code+omo_tekisei_code,uma_deokure_bin,hizume_code,da_tekisei_code,omo_tekisei_code,116,61825,77.45,12.3,75.21,False
GLOBAL_条件戦,uma_deokure_bin+umakigo_code+uma_start_shisu_decile+rotation_bin,uma_deokure_bin,umakigo_code,uma_start_shisu_decile,rotation_bin,129,105752,76.74,8.85,75.21,False
GLOBAL_条件戦,pace_yoso+kyori_kubun+umakigo_code+uma_start_shisu_decile,pace_yoso,kyori_kubun,umakigo_code,uma_start_shisu_decile,93,110218,76.54,6.57,75.21,False
GLOBAL_条件戦,manken_shirushi+kyori_tekisei+manken_shisu_decile+rotation_bin,manken_shirushi,kyori_tekisei,manken_shisu_decile,rotation_bin,220,35119,76.81,12.17,75.2,False
GLOBAL_条件戦,kyori_tekisei+da_tekisei_code+kyakushitsu+shiba_tekisei_code,kyori_tekisei,da_tekisei_code,kyakushitsu,shiba_tekisei_code,52,38657,77.78,9.49,75.2,False
GLOBAL_条件戦,keibajo_code+omo_tekisei_code+shiba_tekisei_code+joshodo_code,keibajo_code,omo_tekisei_code,shiba_tekisei_code,joshodo_code,52,87071,76.69,5.47,75.2,False
GLOBAL_条件戦,uma_deokure_bin+uma_start_shisu_decile+kyori_tekisei+kyakushitsu,uma_deokure_bin,uma_start_shisu_decile,kyori_tekisei,kyakushitsu,180,98006,76.73,10.5,75.2,False
GLOBAL_条件戦,uma_deokure_bin+manken_shirushi+kyori_tekisei+omo_tekisei_code,uma_deokure_bin,manken_shirushi,kyori_tekisei,omo_tekisei_code,132,66556,76.68,8.68,75.2,False
GLOBAL_条件戦,pace_yoso+keibajo_code+da_tekisei_code+kyakushitsu,pace_yoso,keibajo_code,da_tekisei_code,kyakushitsu,156,60668,76.72,9.73,75.2,False
GLOBAL_条件戦,umakigo_code+uma_start_shisu_decile+kyori_tekisei+manken_shisu_decile,umakigo_code,uma_start_shisu_decile,kyori_tekisei,manken_shisu_decile,271,100053,76.38,9.96,75.19,False
GLOBAL_条件戦,pace_yoso+da_tekisei_code+kyakushitsu+rotation_bin,pace_yoso,da_tekisei_code,kyakushitsu,rotation_bin,114,61293,77.04,10.04,75.19,False
GLOBAL_条件戦,manken_shirushi+da_tekisei_code+omo_tekisei_code+idm_decile,manken_shirushi,da_tekisei_code,omo_tekisei_code,idm_decile,140,40061,77.38,13.24,75.19,False
GLOBAL_条件戦,uma_start_shisu_decile+da_tekisei_code+kyakushitsu+shiba_tekisei_code,uma_start_shisu_decile,da_tekisei_code,kyakushitsu,shiba_tekisei_code,65,33437,77.52,9.57,75.19,False
GLOBAL_条件戦,uma_deokure_bin+pace_yoso+umakigo_code+keibajo_code,uma_deokure_bin,pace_yoso,umakigo_code,keibajo_code,99,108837,76.79,8.07,75.19,False
GLOBAL_条件戦,uma_deokure_bin+manken_shirushi+umakigo_code+keibajo_code,uma_deokure_bin,manken_shirushi,umakigo_code,keibajo_code,160,70415,76.22,6.64,75.19,False
GLOBAL_条件戦,uma_deokure_bin+manken_shirushi+kyakushitsu+ichi_shisu_juni,uma_deokure_bin,manken_shirushi,kyakushitsu,ichi_shisu_juni,284,47170,76.5,11.23,75.19,False
GLOBAL_条件戦,uma_deokure_bin+umakigo_code+uma_start_shisu_decile+shiba_tekisei_code,uma_deokure_bin,umakigo_code,uma_start_shisu_decile,shiba_tekisei_code,57,81842,77.44,8.73,75.18,False
GLOBAL_条件戦,manken_shirushi+pace_yoso+joshodo_code+ichi_shisu_juni,manken_shirushi,pace_yoso,joshodo_code,ichi_shisu_juni,305,86882,76.25,9.56,75.18,False
GLOBAL_条件戦,manken_shirushi+umakigo_code+kyori_tekisei+hizume_code,manken_shirushi,umakigo_code,kyori_tekisei,hizume_code,207,63941,76.57,10.26,75.18,False
GLOBAL_条件戦,uma_deokure_bin+manken_shirushi+pace_yoso+manken_shisu_decile,uma_deokure_bin,manken_shirushi,pace_yoso,manken_shisu_decile,206,64305,76.39,8.83,75.18,False
GLOBAL_条件戦,uma_deokure_bin+da_tekisei_code+joshodo_code+ichi_shisu_juni,uma_deokure_bin,da_tekisei_code,joshodo_code,ichi_shisu_juni,83,60551,77.56,11.04,75.18,False
GLOBAL_条件戦,uma_deokure_bin+pace_yoso+kyori_kubun+da_tekisei_code,uma_deokure_bin,pace_yoso,kyori_kubun,da_tekisei_code,56,62052,77.39,8.43,75.18,False
GLOBAL_条件戦,kyori_tekisei+hizume_code+omo_tekisei_code+joshodo_code,kyori_tekisei,hizume_code,omo_tekisei_code,joshodo_code,111,108489,76.68,8.06,75.18,False
GLOBAL_条件戦,uma_deokure_bin+pace_yoso+kyori_kubun+uma_start_shisu_decile,uma_deokure_bin,pace_yoso,kyori_kubun,uma_start_shisu_decile,154,105780,76.47,8.2,75.18,False
GLOBAL_条件戦,kyori_tekisei+da_tekisei_code+kyakushitsu+joshodo_code,kyori_tekisei,da_tekisei_code,kyakushitsu,joshodo_code,33,66846,77.67,7.32,75.18,False
GLOBAL_条件戦,uma_deokure_bin+uma_start_shisu_decile+hizume_code+joshodo_code,uma_deokure_bin,uma_start_shisu_decile,hizume_code,joshodo_code,147,98800,76.64,9.06,75.17,False
GLOBAL_条件戦,umakigo_code+keibajo_code+da_tekisei_code+shiba_tekisei_code,umakigo_code,keibajo_code,da_tekisei_code,shiba_tekisei_code,40,38944,77.39,7.16,75.17,False
GLOBAL_条件戦,umakigo_code+kyakushitsu+rotation_bin+bataiju,umakigo_code,kyakushitsu,rotation_bin,bataiju,402,61133,76.32,11.73,75.17,False
GLOBAL_条件戦,uma_deokure_bin+pace_yoso+umakigo_code+manken_shisu_decile,uma_deokure_bin,pace_yoso,umakigo_code,manken_shisu_decile,98,107148,76.83,8.43,75.16,False
GLOBAL_条件戦,uma_deokure_bin+manken_shirushi+kyori_kubun+omo_tekisei_code,uma_deokure_bin,manken_shirushi,kyori_kubun,omo_tekisei_code,128,68779,76.53,7.93,75.16,False
GLOBAL_条件戦,manken_shirushi+hizume_code+omo_tekisei_code+joshodo_code,manken_shirushi,hizume_code,omo_tekisei_code,joshodo_code,151,70744,76.33,7.34,75.16,False
GLOBAL_条件戦,manken_shirushi+omo_tekisei_code+shiba_tekisei_code+rotation_bin,manken_shirushi,omo_tekisei_code,shiba_tekisei_code,rotation_bin,168,52732,76.66,9.92,75.16,False
GLOBAL_条件戦,kyori_kubun+da_tekisei_code+kyakushitsu+ichi_shisu_juni,kyori_kubun,da_tekisei_code,kyakushitsu,ichi_shisu_juni,171,55858,76.87,11.44,75.16,False
GLOBAL_条件戦,manken_shirushi+kyori_kubun+omo_tekisei_code+shiba_tekisei_code,manken_shirushi,kyori_kubun,omo_tekisei_code,shiba_tekisei_code,127,56422,76.75,9.15,75.16,False
GLOBAL_条件戦,uma_deokure_bin+kyori_kubun+uma_start_shisu_decile+kyori_tekisei,uma_deokure_bin,kyori_kubun,uma_start_shisu_decile,kyori_tekisei,159,98916,76.65,9.63,75.15,False
GLOBAL_条件戦,manken_shisu_decile+da_tekisei_code+kyakushitsu+shiba_tekisei_code,manken_shisu_decile,da_tekisei_code,kyakushitsu,shiba_tekisei_code,94,37108,76.94,8.88,75.15,False
GLOBAL_条件戦,uma_deokure_bin+keibajo_code+omo_tekisei_code+bataiju,uma_deokure_bin,keibajo_code,omo_tekisei_code,bataiju,95,10522,77.46,11.51,75.15,False
GLOBAL_条件戦,uma_deokure_bin+umakigo_code+kyori_tekisei+shiba_tekisei_code,uma_deokure_bin,umakigo_code,kyori_tekisei,shiba_tekisei_code,51,85915,77.62,9.03,75.15,False
GLOBAL_条件戦,uma_deokure_bin+kyori_tekisei+kyakushitsu+omo_tekisei_code,uma_deokure_bin,kyori_tekisei,kyakushitsu,omo_tekisei_code,122,109778,76.78,9.19,75.15,False
GLOBAL_条件戦,uma_deokure_bin+manken_shirushi+manken_shisu_decile+shiba_tekisei_code,uma_deokure_bin,manken_shirushi,manken_shisu_decile,shiba_tekisei_code,135,48240,76.74,9.41,75.15,False
GLOBAL_条件戦,kyori_tekisei_2+shiba_tekisei_code+rotation_bin+joshodo_code,kyori_tekisei_2,shiba_tekisei_code,rotation_bin,joshodo_code,4,500,86.34,11.42,75.15,False
GLOBAL_条件戦,kyori_tekisei+manken_shisu_decile+da_tekisei_code+joshodo_code,kyori_tekisei,manken_shisu_decile,da_tekisei_code,joshodo_code,72,65568,77.13,8.57,75.15,False
GLOBAL_条件戦,kyori_tekisei+da_tekisei_code+shiba_tekisei_code+joshodo_code,kyori_tekisei,da_tekisei_code,shiba_tekisei_code,joshodo_code,19,38873,78.87,8.27,75.15,False
GLOBAL_条件戦,manken_shirushi+kyori_tekisei+kyakushitsu+joshodo_code,manken_shirushi,kyori_tekisei,kyakushitsu,joshodo_code,135,94824,76.5,8.02,75.14,False
GLOBAL_条件戦,uma_deokure_bin+shiba_tekisei_code+joshodo_code+idm_decile,uma_deokure_bin,shiba_tekisei_code,joshodo_code,idm_decile,56,87534,78.16,11.53,75.14,False
GLOBAL_条件戦,uma_deokure_bin+umakigo_code+manken_shisu_decile+kyakushitsu,uma_deokure_bin,umakigo_code,manken_shisu_decile,kyakushitsu,120,110784,76.58,8.06,75.14,False
GLOBAL_条件戦,uma_deokure_bin+kyori_kubun+umakigo_code+keibajo_code,uma_deokure_bin,kyori_kubun,umakigo_code,keibajo_code,123,114285,76.62,8.39,75.14,False
GLOBAL_条件戦,da_tekisei_code+kyakushitsu+omo_tekisei_code+idm_decile,da_tekisei_code,kyakushitsu,omo_tekisei_code,idm_decile,103,66569,77.23,10.8,75.14,False
GLOBAL_条件戦,pace_yoso+kyori_kubun+uma_start_shisu_decile+omo_tekisei_code,pace_yoso,kyori_kubun,uma_start_shisu_decile,omo_tekisei_code,159,106620,76.18,6.74,75.13,False
GLOBAL_条件戦,uma_deokure_bin+kyori_kubun+keibajo_code+bataiju,uma_deokure_bin,kyori_kubun,keibajo_code,bataiju,81,9316,77.44,10.59,75.13,False
GLOBAL_条件戦,manken_shirushi+keibajo_code+kyakushitsu+joshodo_code,manken_shirushi,keibajo_code,kyakushitsu,joshodo_code,360,94868,76.11,9.51,75.13,False
GLOBAL_条件戦,kyori_kubun+da_tekisei_code+shiba_tekisei_code+joshodo_code,kyori_kubun,da_tekisei_code,shiba_tekisei_code,joshodo_code,20,40324,78.52,7.74,75.13,False
GLOBAL_条件戦,keibajo_code+kyori_tekisei+omo_tekisei_code+shiba_tekisei_code,keibajo_code,kyori_tekisei,omo_tekisei_code,shiba_tekisei_code,155,82419,76.45,8.35,75.13,False
GLOBAL_条件戦,uma_start_shisu_decile+da_tekisei_code+omo_tekisei_code+rotation_bin,uma_start_shisu_decile,da_tekisei_code,omo_tekisei_code,rotation_bin,141,56004,76.82,10.22,75.13,False
GLOBAL_条件戦,manken_shirushi+manken_shisu_decile+da_tekisei_code+idm_decile,manken_shirushi,manken_shisu_decile,da_tekisei_code,idm_decile,153,28922,77.31,13.86,75.12,False
GLOBAL_条件戦,pace_yoso+kyori_kubun+uma_start_shisu_decile+kyori_tekisei,pace_yoso,kyori_kubun,uma_start_shisu_decile,kyori_tekisei,202,101259,76.44,9.6,75.12,False
GLOBAL_条件戦,kyori_kubun+hizume_code+da_tekisei_code+joshodo_code,kyori_kubun,hizume_code,da_tekisei_code,joshodo_code,84,65949,77.14,9.44,75.12,False
GLOBAL_条件戦,uma_deokure_bin+manken_shirushi+kyakushitsu+shiba_tekisei_code,uma_deokure_bin,manken_shirushi,kyakushitsu,shiba_tekisei_code,116,52952,76.79,9.21,75.12,False
GLOBAL_条件戦,umakigo_code+kyori_tekisei+rotation_bin+joshodo_code,umakigo_code,kyori_tekisei,rotation_bin,joshodo_code,58,113768,77.47,9.19,75.11,False
GLOBAL_条件戦,manken_shirushi+hizume_code+kyakushitsu+omo_tekisei_code,manken_shirushi,hizume_code,kyakushitsu,omo_tekisei_code,244,52610,76.31,9.57,75.11,False
GLOBAL_条件戦,manken_shirushi+kyakushitsu+omo_tekisei_code+rotation_bin,manken_shirushi,kyakushitsu,omo_tekisei_code,rotation_bin,276,64705,76.28,9.9,75.11,False
GLOBAL_条件戦,kyori_tekisei+kyakushitsu+omo_tekisei_code+joshodo_code,kyori_tekisei,kyakushitsu,omo_tekisei_code,joshodo_code,48,115113,77.25,7.56,75.11,False
GLOBAL_条件戦,umakigo_code+da_tekisei_code+kyakushitsu+ichi_shisu_juni,umakigo_code,da_tekisei_code,kyakushitsu,ichi_shisu_juni,86,60837,77.22,9.96,75.11,False
GLOBAL_条件戦,uma_deokure_bin+manken_shirushi+kyori_tekisei+kyakushitsu,uma_deokure_bin,manken_shirushi,kyori_tekisei,kyakushitsu,208,66906,76.51,10.25,75.11,False
GLOBAL_条件戦,manken_shirushi+kyori_tekisei+hizume_code+manken_shisu_decile,manken_shirushi,kyori_tekisei,hizume_code,manken_shisu_decile,168,26969,76.86,11.56,75.11,False
GLOBAL_条件戦,uma_deokure_bin+kyori_kubun+da_tekisei_code+rotation_bin,uma_deokure_bin,kyori_kubun,da_tekisei_code,rotation_bin,126,64598,77.0,10.86,75.11,False
GLOBAL_条件戦,pace_yoso+hizume_code+da_tekisei_code+omo_tekisei_code,pace_yoso,hizume_code,da_tekisei_code,omo_tekisei_code,102,58780,77.24,10.98,75.11,False
GLOBAL_条件戦,pace_yoso+manken_shisu_decile+da_tekisei_code+kyakushitsu,pace_yoso,manken_shisu_decile,da_tekisei_code,kyakushitsu,154,60386,76.67,9.92,75.11,False
GLOBAL_条件戦,manken_shirushi+kyori_kubun+umakigo_code+rotation_bin,manken_shirushi,kyori_kubun,umakigo_code,rotation_bin,185,74105,76.36,8.78,75.1,False
GLOBAL_条件戦,uma_deokure_bin+da_tekisei_code+rotation_bin+joshodo_code,uma_deokure_bin,da_tekisei_code,rotation_bin,joshodo_code,61,68427,77.53,9.69,75.1,False
GLOBAL_条件戦,kyori_kubun+kyori_tekisei+da_tekisei_code+kyakushitsu,kyori_kubun,kyori_tekisei,da_tekisei_code,kyakushitsu,81,66517,77.17,9.47,75.1,False
GLOBAL_条件戦,uma_deokure_bin+umakigo_code+manken_shisu_decile+joshodo_code,uma_deokure_bin,umakigo_code,manken_shisu_decile,joshodo_code,69,115918,77.12,8.63,75.09,False
GLOBAL_条件戦,manken_shirushi+kyori_kubun+keibajo_code+ichi_shisu_juni,manken_shirushi,kyori_kubun,keibajo_code,ichi_shisu_juni,128,22455,76.81,9.94,75.09,False
GLOBAL_条件戦,manken_shirushi+pace_yoso+kyori_kubun+shiba_tekisei_code,manken_shirushi,pace_yoso,kyori_kubun,shiba_tekisei_code,138,52934,76.71,9.72,75.09,False
GLOBAL_条件戦,uma_deokure_bin+pace_yoso+umakigo_code+hizume_code,uma_deokure_bin,pace_yoso,umakigo_code,hizume_code,113,105143,76.58,8.09,75.09,False
GLOBAL_条件戦,uma_deokure_bin+umakigo_code+omo_tekisei_code+rotation_bin,uma_deokure_bin,umakigo_code,omo_tekisei_code,rotation_bin,90,114392,76.96,9.07,75.09,False
GLOBAL_条件戦,uma_deokure_bin+kyori_kubun+uma_start_shisu_decile+omo_tekisei_code,uma_deokure_bin,kyori_kubun,uma_start_shisu_decile,omo_tekisei_code,130,103409,76.42,7.81,75.08,False
GLOBAL_条件戦,manken_shirushi+kyori_kubun+umakigo_code+da_tekisei_code,manken_shirushi,kyori_kubun,umakigo_code,da_tekisei_code,64,45559,77.15,8.44,75.08,False
GLOBAL_条件戦,uma_deokure_bin+pace_yoso+uma_start_shisu_decile+shiba_tekisei_code,uma_deokure_bin,pace_yoso,uma_start_shisu_decile,shiba_tekisei_code,93,79600,76.79,8.42,75.08,False
GLOBAL_条件戦,uma_start_shisu_decile+kyori_tekisei+da_tekisei_code+shiba_tekisei_code,uma_start_shisu_decile,kyori_tekisei,da_tekisei_code,shiba_tekisei_code,71,32650,77.54,10.58,75.08,False
GLOBAL_条件戦,manken_shirushi+pace_yoso+kyakushitsu+joshodo_code,manken_shirushi,pace_yoso,kyakushitsu,joshodo_code,111,92720,76.36,6.89,75.08,False
GLOBAL_条件戦,keibajo_code+hizume_code+kyakushitsu+ichi_shisu_juni,keibajo_code,hizume_code,kyakushitsu,ichi_shisu_juni,140,20468,77.23,12.93,75.08,False
GLOBAL_条件戦,uma_deokure_bin+umakigo_code+da_tekisei_code+ichi_shisu_juni,uma_deokure_bin,umakigo_code,da_tekisei_code,ichi_shisu_juni,84,59701,77.42,10.99,75.07,False
GLOBAL_条件戦,kyori_tekisei+manken_shisu_decile+da_tekisei_code+rotation_bin,kyori_tekisei,manken_shisu_decile,da_tekisei_code,rotation_bin,223,53521,76.55,11.32,75.07,False
GLOBAL_条件戦,manken_shirushi+kyori_kubun+kyori_tekisei+da_tekisei_code,manken_shirushi,kyori_kubun,kyori_tekisei,da_tekisei_code,103,40961,77.05,10.27,75.07,False
GLOBAL_条件戦,umakigo_code+da_tekisei_code+joshodo_code+bataiju,umakigo_code,da_tekisei_code,joshodo_code,bataiju,113,63941,76.74,9.05,75.07,False
GLOBAL_条件戦,uma_deokure_bin+pace_yoso+keibajo_code+da_tekisei_code,uma_deokure_bin,pace_yoso,keibajo_code,da_tekisei_code,108,58738,76.82,9.28,75.07,False
GLOBAL_条件戦,kyori_tekisei+da_tekisei_code+kyakushitsu+rotation_bin,kyori_tekisei,da_tekisei_code,kyakushitsu,rotation_bin,157,63759,76.82,11.22,75.07,False
GLOBAL_条件戦,uma_deokure_bin+keibajo_code+uma_start_shisu_decile+joshodo_code,uma_deokure_bin,keibajo_code,uma_start_shisu_decile,joshodo_code,159,104542,76.36,8.28,75.07,False
GLOBAL_条件戦,pace_yoso+kyori_kubun+hizume_code+da_tekisei_code,pace_yoso,kyori_kubun,hizume_code,da_tekisei_code,119,56177,76.87,10.02,75.07,False
GLOBAL_条件戦,manken_shirushi+pace_yoso+keibajo_code+da_tekisei_code,manken_shirushi,pace_yoso,keibajo_code,da_tekisei_code,190,32711,76.73,11.71,75.06,False
GLOBAL_条件戦,da_tekisei_code+kyakushitsu+shiba_tekisei_code+rotation_bin,da_tekisei_code,kyakushitsu,shiba_tekisei_code,rotation_bin,69,38090,77.13,8.76,75.06,False
GLOBAL_条件戦,uma_deokure_bin+umakigo_code+uma_start_shisu_decile+hizume_code,uma_deokure_bin,umakigo_code,uma_start_shisu_decile,hizume_code,147,97738,76.54,9.12,75.06,False
GLOBAL_条件戦,umakigo_code+uma_start_shisu_decile+kyori_tekisei+hizume_code,umakigo_code,uma_start_shisu_decile,kyori_tekisei,hizume_code,216,92720,76.37,9.82,75.06,False
GLOBAL_条件戦,uma_deokure_bin+keibajo_code+shiba_tekisei_code+joshodo_code,uma_deokure_bin,keibajo_code,shiba_tekisei_code,joshodo_code,79,87485,76.99,8.75,75.06,False
GLOBAL_条件戦,kyori_kubun+kyori_tekisei+da_tekisei_code+rotation_bin,kyori_kubun,kyori_tekisei,da_tekisei_code,rotation_bin,114,63952,76.94,10.3,75.05,False
GLOBAL_条件戦,manken_shirushi+pace_yoso+umakigo_code+kyakushitsu,manken_shirushi,pace_yoso,umakigo_code,kyakushitsu,112,93130,76.28,6.67,75.05,False
GLOBAL_条件戦,kyori_kubun+keibajo_code+omo_tekisei_code+bataiju,kyori_kubun,keibajo_code,omo_tekisei_code,bataiju,72,8469,77.96,12.59,75.05,False
GLOBAL_条件戦,manken_shirushi+umakigo_code+kyakushitsu+joshodo_code,manken_shirushi,umakigo_code,kyakushitsu,joshodo_code,46,94975,77.05,6.94,75.05,False
GLOBAL_条件戦,uma_deokure_bin+pace_yoso+uma_start_shisu_decile+rotation_bin,uma_deokure_bin,pace_yoso,uma_start_shisu_decile,rotation_bin,220,100330,76.29,9.38,75.05,False
GLOBAL_条件戦,manken_shirushi+pace_yoso+kyori_kubun+umakigo_code,manken_shirushi,pace_yoso,kyori_kubun,umakigo_code,88,92888,76.42,6.59,75.05,False
GLOBAL_条件戦,pace_yoso+rotation_bin+joshodo_code+bataiju,pace_yoso,rotation_bin,joshodo_code,bataiju,398,70991,76.01,9.86,75.04,False
GLOBAL_条件戦,uma_start_shisu_decile+kyori_tekisei+omo_tekisei_code+shiba_tekisei_code,uma_start_shisu_decile,kyori_tekisei,omo_tekisei_code,shiba_tekisei_code,116,77232,76.59,8.53,75.04,False
GLOBAL_条件戦,uma_deokure_bin+manken_shirushi+kyori_tekisei+joshodo_code,uma_deokure_bin,manken_shirushi,kyori_tekisei,joshodo_code,95,73321,77.09,10.22,75.04,False
GLOBAL_条件戦,umakigo_code+keibajo_code+kyakushitsu+bataiju,umakigo_code,keibajo_code,kyakushitsu,bataiju,325,40357,76.29,11.51,75.04,False
GLOBAL_条件戦,umakigo_code+kyori_tekisei+da_tekisei_code+omo_tekisei_code,umakigo_code,kyori_tekisei,da_tekisei_code,omo_tekisei_code,33,66361,77.93,8.46,75.04,False
GLOBAL_条件戦,manken_shirushi+umakigo_code+kyori_tekisei+kyakushitsu,manken_shirushi,umakigo_code,kyori_tekisei,kyakushitsu,140,95119,76.38,8.07,75.04,False
GLOBAL_条件戦,kyori_kubun+uma_start_shisu_decile+manken_shisu_decile+da_tekisei_code,kyori_kubun,uma_start_shisu_decile,manken_shisu_decile,da_tekisei_code,214,48391,76.72,12.53,75.04,False
GLOBAL_条件戦,manken_shirushi+pace_yoso+hizume_code+da_tekisei_code,manken_shirushi,pace_yoso,hizume_code,da_tekisei_code,140,29243,77.13,12.59,75.04,False
GLOBAL_条件戦,manken_shirushi+uma_start_shisu_decile+hizume_code+manken_shisu_decile,manken_shirushi,uma_start_shisu_decile,hizume_code,manken_shisu_decile,83,13985,77.1,9.59,75.04,False
GLOBAL_条件戦,uma_deokure_bin+umakigo_code+da_tekisei_code+kyakushitsu,uma_deokure_bin,umakigo_code,da_tekisei_code,kyakushitsu,48,68981,77.75,9.64,75.03,False
GLOBAL_条件戦,uma_deokure_bin+kyori_kubun+keibajo_code+shiba_tekisei_code,uma_deokure_bin,kyori_kubun,keibajo_code,shiba_tekisei_code,155,83239,76.34,8.34,75.03,False
GLOBAL_条件戦,kyori_tekisei_2+uma_deokure_bin+shiba_tekisei_code+joshodo_code,kyori_tekisei_2,uma_deokure_bin,shiba_tekisei_code,joshodo_code,7,1225,81.94,9.33,75.03,False
GLOBAL_条件戦,uma_start_shisu_decile+kyori_tekisei+da_tekisei_code+rotation_bin,uma_start_shisu_decile,kyori_tekisei,da_tekisei_code,rotation_bin,188,50806,76.71,11.8,75.03,False
GLOBAL_条件戦,manken_shirushi+pace_yoso+rotation_bin+idm_decile,manken_shirushi,pace_yoso,rotation_bin,idm_decile,261,44135,76.6,13.04,75.02,False
GLOBAL_条件戦,kyori_tekisei+hizume_code+da_tekisei_code+omo_tekisei_code,kyori_tekisei,hizume_code,da_tekisei_code,omo_tekisei_code,124,60201,77.14,12.03,75.02,False
GLOBAL_条件戦,pace_yoso+kyori_kubun+uma_start_shisu_decile+joshodo_code,pace_yoso,kyori_kubun,uma_start_shisu_decile,joshodo_code,88,110828,76.21,5.68,75.02,False
GLOBAL_条件戦,pace_yoso+da_tekisei_code+omo_tekisei_code+rotation_bin,pace_yoso,da_tekisei_code,omo_tekisei_code,rotation_bin,80,61545,77.02,9.12,75.02,False
GLOBAL_条件戦,manken_shirushi+keibajo_code+kyori_tekisei+da_tekisei_code,manken_shirushi,keibajo_code,kyori_tekisei,da_tekisei_code,111,22433,77.39,12.78,75.01,False
GLOBAL_条件戦,manken_shirushi+pace_yoso+umakigo_code+ichi_shisu_juni,manken_shirushi,pace_yoso,umakigo_code,ichi_shisu_juni,293,88140,76.1,9.56,75.01,False
GLOBAL_条件戦,uma_deokure_bin+kyori_tekisei+da_tekisei_code+shiba_tekisei_code,uma_deokure_bin,kyori_tekisei,da_tekisei_code,shiba_tekisei_code,50,37831,77.6,9.34,75.01,False
GLOBAL_条件戦,uma_deokure_bin+umakigo_code+omo_tekisei_code+joshodo_code,uma_deokure_bin,umakigo_code,omo_tekisei_code,joshodo_code,30,117480,77.51,7.01,75.01,False
GLOBAL_条件戦,uma_deokure_bin+umakigo_code+kyori_tekisei+rotation_bin,uma_deokure_bin,umakigo_code,kyori_tekisei,rotation_bin,103,109844,76.77,9.15,75.0,False
GLOBAL_条件戦,uma_deokure_bin+manken_shirushi+kyori_tekisei+ichi_shisu_juni,uma_deokure_bin,manken_shirushi,kyori_tekisei,ichi_shisu_juni,220,29401,76.47,11.14,75.0,False
GLOBAL_条件戦,umakigo_code+kyori_tekisei+manken_shisu_decile+da_tekisei_code,umakigo_code,kyori_tekisei,manken_shisu_decile,da_tekisei_code,73,64258,76.88,8.21,75.0,False
GLOBAL_条件戦,manken_shirushi+kyori_kubun+rotation_bin+idm_decile,manken_shirushi,kyori_kubun,rotation_bin,idm_decile,248,39942,76.64,13.2,75.0,False
GLOBAL_条件戦,manken_shirushi+uma_start_shisu_decile+da_tekisei_code+kyakushitsu,manken_shirushi,uma_start_shisu_decile,da_tekisei_code,kyakushitsu,157,30197,76.88,12.06,75.0,False
GLOBAL_条件戦,umakigo_code+keibajo_code+manken_shisu_decile+da_tekisei_code,umakigo_code,keibajo_code,manken_shisu_decile,da_tekisei_code,166,64575,76.48,9.78,75.0,False
GLOBAL_条件戦,uma_deokure_bin+kyori_tekisei+hizume_code+joshodo_code,uma_deokure_bin,kyori_tekisei,hizume_code,joshodo_code,125,105471,76.45,8.25,75.0,False
GLOBAL_条件戦,keibajo_code+manken_shisu_decile+omo_tekisei_code+ichi_shisu_juni,keibajo_code,manken_shisu_decile,omo_tekisei_code,ichi_shisu_juni,39,4304,78.68,11.75,74.99,False
GLOBAL_条件戦,umakigo_code+uma_start_shisu_decile+kyori_tekisei+shiba_tekisei_code,umakigo_code,uma_start_shisu_decile,kyori_tekisei,shiba_tekisei_code,61,78578,76.76,7.03,74.99,False
GLOBAL_条件戦,uma_deokure_bin+pace_yoso+kyakushitsu+shiba_tekisei_code,uma_deokure_bin,pace_yoso,kyakushitsu,shiba_tekisei_code,66,82105,76.85,7.75,74.99,False
GLOBAL_条件戦,da_tekisei_code+shiba_tekisei_code+joshodo_code+bataiju,da_tekisei_code,shiba_tekisei_code,joshodo_code,bataiju,111,33711,76.73,9.35,74.99,False
GLOBAL_条件戦,manken_shirushi+pace_yoso+manken_shisu_decile+shiba_tekisei_code,manken_shirushi,pace_yoso,manken_shisu_decile,shiba_tekisei_code,165,49193,76.57,10.33,74.99,False
GLOBAL_条件戦,kyori_tekisei+manken_shisu_decile+da_tekisei_code+shiba_tekisei_code,kyori_tekisei,manken_shisu_decile,da_tekisei_code,shiba_tekisei_code,88,36191,76.87,9.0,74.99,False
GLOBAL_条件戦,pace_yoso+keibajo_code+da_tekisei_code+shiba_tekisei_code,pace_yoso,keibajo_code,da_tekisei_code,shiba_tekisei_code,68,33994,77.13,9.03,74.99,False
GLOBAL_条件戦,keibajo_code+manken_shisu_decile+da_tekisei_code+joshodo_code,keibajo_code,manken_shisu_decile,da_tekisei_code,joshodo_code,168,66579,76.49,9.91,74.99,False
GLOBAL_条件戦,umakigo_code+omo_tekisei_code+shiba_tekisei_code+joshodo_code,umakigo_code,omo_tekisei_code,shiba_tekisei_code,joshodo_code,19,88742,78.28,7.33,74.99,False
GLOBAL_条件戦,pace_yoso+umakigo_code+uma_start_shisu_decile+shiba_tekisei_code,pace_yoso,umakigo_code,uma_start_shisu_decile,shiba_tekisei_code,50,82307,76.62,5.85,74.99,False
GLOBAL_条件戦,uma_deokure_bin+pace_yoso+kyori_kubun+omo_tekisei_code,uma_deokure_bin,pace_yoso,kyori_kubun,omo_tekisei_code,78,108222,76.54,6.99,74.99,False
GLOBAL_条件戦,pace_yoso+uma_start_shisu_decile+da_tekisei_code+shiba_tekisei_code,pace_yoso,uma_start_shisu_decile,da_tekisei_code,shiba_tekisei_code,56,34259,77.26,8.65,74.99,False
GLOBAL_条件戦,kyori_kubun+uma_start_shisu_decile+kyakushitsu+omo_tekisei_code,kyori_kubun,uma_start_shisu_decile,kyakushitsu,omo_tekisei_code,178,104765,76.25,8.62,74.98,False
GLOBAL_条件戦,pace_yoso+kyakushitsu+omo_tekisei_code+bataiju,pace_yoso,kyakushitsu,omo_tekisei_code,bataiju,375,58368,76.15,11.56,74.98,False
GLOBAL_条件戦,kyori_tekisei+omo_tekisei_code+joshodo_code+bataiju,kyori_tekisei,omo_tekisei_code,joshodo_code,bataiju,361,96264,76.03,10.17,74.98,False
GLOBAL_条件戦,umakigo_code+da_tekisei_code+shiba_tekisei_code+bataiju,umakigo_code,da_tekisei_code,shiba_tekisei_code,bataiju,111,32898,76.75,9.52,74.98,False
GLOBAL_条件戦,kyori_tekisei+hizume_code+da_tekisei_code+joshodo_code,kyori_tekisei,hizume_code,da_tekisei_code,joshodo_code,78,63395,77.38,10.83,74.98,False
GLOBAL_条件戦,uma_start_shisu_decile+kyori_tekisei+hizume_code+joshodo_code,uma_start_shisu_decile,kyori_tekisei,hizume_code,joshodo_code,215,93912,76.27,9.61,74.98,False
GLOBAL_条件戦,keibajo_code+uma_start_shisu_decile+omo_tekisei_code+joshodo_code,keibajo_code,uma_start_shisu_decile,omo_tekisei_code,joshodo_code,165,106684,76.03,6.9,74.98,False
GLOBAL_条件戦,manken_shirushi+pace_yoso+kyori_kubun+joshodo_code,manken_shirushi,pace_yoso,kyori_kubun,joshodo_code,121,91219,76.3,7.46,74.97,False
GLOBAL_条件戦,manken_shirushi+kyakushitsu+joshodo_code+ichi_shisu_juni,manken_shirushi,kyakushitsu,joshodo_code,ichi_shisu_juni,286,85325,76.05,9.4,74.97,False
GLOBAL_条件戦,manken_shirushi+umakigo_code+keibajo_code+kyakushitsu,manken_shirushi,umakigo_code,keibajo_code,kyakushitsu,357,94308,75.99,9.77,74.97,False
GLOBAL_条件戦,uma_deokure_bin+hizume_code+da_tekisei_code+kyakushitsu,uma_deokure_bin,hizume_code,da_tekisei_code,kyakushitsu,126,57369,76.91,11.1,74.97,False
GLOBAL_条件戦,manken_shirushi+umakigo_code+hizume_code+manken_shisu_decile,manken_shirushi,umakigo_code,hizume_code,manken_shisu_decile,223,57545,76.26,9.94,74.96,False
GLOBAL_条件戦,manken_shirushi+kyori_kubun+shiba_tekisei_code+joshodo_code,manken_shirushi,kyori_kubun,shiba_tekisei_code,joshodo_code,64,58654,76.78,7.44,74.96,False
GLOBAL_条件戦,umakigo_code+manken_shisu_decile+omo_tekisei_code+bataiju,umakigo_code,manken_shisu_decile,omo_tekisei_code,bataiju,458,63339,76.01,11.5,74.96,False
GLOBAL_条件戦,manken_shirushi+umakigo_code+kyakushitsu+ichi_shisu_juni,manken_shirushi,umakigo_code,kyakushitsu,ichi_shisu_juni,289,86034,76.05,9.42,74.96,False
GLOBAL_条件戦,kyori_tekisei_2+uma_deokure_bin+umakigo_code+shiba_tekisei_code,kyori_tekisei_2,uma_deokure_bin,umakigo_code,shiba_tekisei_code,7,1219,81.99,9.49,74.96,False
GLOBAL_条件戦,uma_deokure_bin+keibajo_code+joshodo_code+bataiju,uma_deokure_bin,keibajo_code,joshodo_code,bataiju,443,65337,75.97,10.85,74.96,False
GLOBAL_条件戦,uma_deokure_bin+umakigo_code+manken_shisu_decile+da_tekisei_code,uma_deokure_bin,umakigo_code,manken_shisu_decile,da_tekisei_code,77,65336,77.28,10.37,74.96,False
GLOBAL_条件戦,manken_shirushi+uma_start_shisu_decile+manken_shisu_decile+kyakushitsu,manken_shirushi,uma_start_shisu_decile,manken_shisu_decile,kyakushitsu,196,36955,76.52,11.18,74.95,False
GLOBAL_条件戦,uma_deokure_bin+omo_tekisei_code+rotation_bin+joshodo_code,uma_deokure_bin,omo_tekisei_code,rotation_bin,joshodo_code,79,115018,76.92,8.94,74.95,False
GLOBAL_条件戦,keibajo_code+kyori_tekisei+da_tekisei_code+shiba_tekisei_code,keibajo_code,kyori_tekisei,da_tekisei_code,shiba_tekisei_code,94,36341,76.76,8.98,74.95,False
GLOBAL_条件戦,umakigo_code+da_tekisei_code+shiba_tekisei_code+rotation_bin,umakigo_code,da_tekisei_code,shiba_tekisei_code,rotation_bin,32,39131,77.5,7.35,74.95,False
GLOBAL_条件戦,kyori_tekisei+da_tekisei_code+shiba_tekisei_code+idm_decile,kyori_tekisei,da_tekisei_code,shiba_tekisei_code,idm_decile,62,37846,78.07,12.51,74.95,False
GLOBAL_条件戦,pace_yoso+umakigo_code+rotation_bin+bataiju,pace_yoso,umakigo_code,rotation_bin,bataiju,395,69775,75.94,10.13,74.94,False
GLOBAL_条件戦,uma_start_shisu_decile+kyori_tekisei+shiba_tekisei_code+joshodo_code,uma_start_shisu_decile,kyori_tekisei,shiba_tekisei_code,joshodo_code,58,78821,76.7,6.82,74.94,False
GLOBAL_条件戦,pace_yoso+da_tekisei_code+rotation_bin+joshodo_code,pace_yoso,da_tekisei_code,rotation_bin,joshodo_code,41,63144,77.8,9.34,74.94,False
GLOBAL_条件戦,manken_shirushi+pace_yoso+uma_start_shisu_decile+kyori_tekisei,manken_shirushi,pace_yoso,uma_start_shisu_decile,kyori_tekisei,246,47572,76.54,12.82,74.94,False
GLOBAL_条件戦,manken_shirushi+uma_start_shisu_decile+joshodo_code+idm_decile,manken_shirushi,uma_start_shisu_decile,joshodo_code,idm_decile,247,64355,76.64,13.68,74.94,False
GLOBAL_条件戦,uma_start_shisu_decile+hizume_code+da_tekisei_code+joshodo_code,uma_start_shisu_decile,hizume_code,da_tekisei_code,joshodo_code,112,56535,76.82,10.16,74.94,False
GLOBAL_条件戦,manken_shirushi+umakigo_code+hizume_code+omo_tekisei_code,manken_shirushi,umakigo_code,hizume_code,omo_tekisei_code,150,69187,76.12,7.42,74.93,False
GLOBAL_条件戦,uma_deokure_bin+manken_shirushi+manken_shisu_decile+omo_tekisei_code,uma_deokure_bin,manken_shirushi,manken_shisu_decile,omo_tekisei_code,168,64621,76.26,8.82,74.93,False
GLOBAL_条件戦,pace_yoso+kyori_tekisei+da_tekisei_code+ichi_shisu_juni,pace_yoso,kyori_tekisei,da_tekisei_code,ichi_shisu_juni,188,55230,76.55,11.35,74.93,False
GLOBAL_条件戦,kyori_kubun+rotation_bin+joshodo_code+bataiju,kyori_kubun,rotation_bin,joshodo_code,bataiju,392,64041,76.04,11.29,74.92,False
GLOBAL_条件戦,manken_shirushi+pace_yoso+keibajo_code+uma_start_shisu_decile,manken_shirushi,pace_yoso,keibajo_code,uma_start_shisu_decile,145,22035,76.74,11.17,74.92,False
GLOBAL_条件戦,da_tekisei_code+omo_tekisei_code+shiba_tekisei_code+joshodo_code,da_tekisei_code,omo_tekisei_code,shiba_tekisei_code,joshodo_code,14,40178,77.32,4.58,74.92,False
GLOBAL_条件戦,uma_deokure_bin+umakigo_code+hizume_code+joshodo_code,uma_deokure_bin,umakigo_code,hizume_code,joshodo_code,75,114581,76.43,6.66,74.92,False
GLOBAL_条件戦,manken_shirushi+keibajo_code+da_tekisei_code+omo_tekisei_code,manken_shirushi,keibajo_code,da_tekisei_code,omo_tekisei_code,183,36461,76.62,11.67,74.92,False
GLOBAL_条件戦,uma_deokure_bin+umakigo_code+kyori_tekisei+kyakushitsu,uma_deokure_bin,umakigo_code,kyori_tekisei,kyakushitsu,74,112546,76.78,8.18,74.92,False
GLOBAL_条件戦,uma_deokure_bin+uma_start_shisu_decile+kyori_tekisei+shiba_tekisei_code,uma_deokure_bin,uma_start_shisu_decile,kyori_tekisei,shiba_tekisei_code,105,74536,76.44,7.93,74.92,False
GLOBAL_条件戦,manken_shisu_decile+da_tekisei_code+omo_tekisei_code+idm_decile,manken_shisu_decile,da_tekisei_code,omo_tekisei_code,idm_decile,163,60916,76.82,12.43,74.91,False
GLOBAL_条件戦,kyori_kubun+umakigo_code+uma_start_shisu_decile+kyakushitsu,kyori_kubun,umakigo_code,uma_start_shisu_decile,kyakushitsu,107,109337,76.55,8.65,74.91,False
GLOBAL_条件戦,manken_shirushi+umakigo_code+uma_start_shisu_decile+idm_decile,manken_shirushi,umakigo_code,uma_start_shisu_decile,idm_decile,248,63534,76.61,13.7,74.91,False
GLOBAL_条件戦,manken_shirushi+pace_yoso+kyori_tekisei+idm_decile,manken_shirushi,pace_yoso,kyori_tekisei,idm_decile,297,76223,76.38,12.98,74.91,False
GLOBAL_条件戦,pace_yoso+keibajo_code+uma_start_shisu_decile+joshodo_code,pace_yoso,keibajo_code,uma_start_shisu_decile,joshodo_code,206,109331,75.95,7.68,74.91,False
GLOBAL_条件戦,kyori_kubun+da_tekisei_code+omo_tekisei_code+joshodo_code,kyori_kubun,da_tekisei_code,omo_tekisei_code,joshodo_code,28,69285,77.74,7.64,74.91,False
GLOBAL_条件戦,umakigo_code+keibajo_code+uma_start_shisu_decile+omo_tekisei_code,umakigo_code,keibajo_code,uma_start_shisu_decile,omo_tekisei_code,167,105448,75.93,6.73,74.91,False
GLOBAL_条件戦,uma_deokure_bin+da_tekisei_code+omo_tekisei_code+ichi_shisu_juni,uma_deokure_bin,da_tekisei_code,omo_tekisei_code,ichi_shisu_juni,119,55873,76.88,10.97,74.91,False
GLOBAL_条件戦,manken_shirushi+keibajo_code+da_tekisei_code+idm_decile,manken_shirushi,keibajo_code,da_tekisei_code,idm_decile,115,15375,77.5,14.23,74.9,False
GLOBAL_条件戦,kyori_kubun+hizume_code+manken_shisu_decile+ichi_shisu_juni,kyori_kubun,hizume_code,manken_shisu_decile,ichi_shisu_juni,82,10562,77.29,11.06,74.9,False
GLOBAL_条件戦,manken_shirushi+kyori_kubun+uma_start_shisu_decile+kyori_tekisei,manken_shirushi,kyori_kubun,uma_start_shisu_decile,kyori_tekisei,213,48918,76.42,11.32,74.9,False
GLOBAL_条件戦,pace_yoso+umakigo_code+keibajo_code+omo_tekisei_code,pace_yoso,umakigo_code,keibajo_code,omo_tekisei_code,87,110417,76.15,5.94,74.9,False
GLOBAL_条件戦,pace_yoso+umakigo_code+ichi_shisu_juni+bataiju,pace_yoso,umakigo_code,ichi_shisu_juni,bataiju,210,46887,76.32,10.56,74.9,False
GLOBAL_条件戦,umakigo_code+kyori_tekisei+omo_tekisei_code+bataiju,umakigo_code,kyori_tekisei,omo_tekisei_code,bataiju,359,94107,75.93,10.06,74.89,False
GLOBAL_条件戦,manken_shirushi+uma_start_shisu_decile+kyori_tekisei+da_tekisei_code,manken_shirushi,uma_start_shisu_decile,kyori_tekisei,da_tekisei_code,121,24369,76.93,11.4,74.89,False
GLOBAL_条件戦,kyori_kubun+keibajo_code+uma_start_shisu_decile+joshodo_code,kyori_kubun,keibajo_code,uma_start_shisu_decile,joshodo_code,217,107524,75.91,7.63,74.89,False
GLOBAL_条件戦,uma_deokure_bin+uma_start_shisu_decile+rotation_bin+joshodo_code,uma_deokure_bin,uma_start_shisu_decile,rotation_bin,joshodo_code,124,106259,76.43,8.78,74.88,False
GLOBAL_条件戦,pace_yoso+da_tekisei_code+omo_tekisei_code+ichi_shisu_juni,pace_yoso,da_tekisei_code,omo_tekisei_code,ichi_shisu_juni,138,59156,76.61,10.41,74.88,False
GLOBAL_条件戦,pace_yoso+kyori_tekisei+omo_tekisei_code+shiba_tekisei_code,pace_yoso,kyori_tekisei,omo_tekisei_code,shiba_tekisei_code,50,78400,76.74,6.71,74.88,False
GLOBAL_条件戦,pace_yoso+uma_start_shisu_decile+da_tekisei_code+rotation_bin,pace_yoso,uma_start_shisu_decile,da_tekisei_code,rotation_bin,166,57163,76.44,10.31,74.88,False
GLOBAL_条件戦,pace_yoso+uma_start_shisu_decile+shiba_tekisei_code+joshodo_code,pace_yoso,uma_start_shisu_decile,shiba_tekisei_code,joshodo_code,49,82775,76.44,5.57,74.88,False
GLOBAL_条件戦,pace_yoso+umakigo_code+da_tekisei_code+rotation_bin,pace_yoso,umakigo_code,da_tekisei_code,rotation_bin,44,62607,77.53,9.0,74.88,False
GLOBAL_条件戦,umakigo_code+keibajo_code+uma_start_shisu_decile+joshodo_code,umakigo_code,keibajo_code,uma_start_shisu_decile,joshodo_code,87,109412,76.1,5.85,74.87,False
GLOBAL_条件戦,manken_shirushi+kyori_tekisei+hizume_code+rotation_bin,manken_shirushi,kyori_tekisei,hizume_code,rotation_bin,154,22338,76.74,11.8,74.87,False
GLOBAL_条件戦,kyori_kubun+manken_shisu_decile+rotation_bin+ichi_shisu_juni,kyori_kubun,manken_shisu_decile,rotation_bin,ichi_shisu_juni,97,12486,76.99,10.62,74.87,False
GLOBAL_条件戦,pace_yoso+keibajo_code+kyori_tekisei+omo_tekisei_code,pace_yoso,keibajo_code,kyori_tekisei,omo_tekisei_code,230,104759,75.87,7.71,74.87,False
GLOBAL_条件戦,manken_shisu_decile+omo_tekisei_code+joshodo_code+bataiju,manken_shisu_decile,omo_tekisei_code,joshodo_code,bataiju,476,66392,75.91,11.59,74.87,False
GLOBAL_条件戦,hizume_code+da_tekisei_code+omo_tekisei_code+joshodo_code,hizume_code,da_tekisei_code,omo_tekisei_code,joshodo_code,60,66859,77.37,9.87,74.87,False
GLOBAL_条件戦,pace_yoso+uma_start_shisu_decile+hizume_code+joshodo_code,pace_yoso,uma_start_shisu_decile,hizume_code,joshodo_code,184,101327,76.0,7.85,74.87,False
GLOBAL_条件戦,uma_deokure_bin+uma_start_shisu_decile+kyori_tekisei+hizume_code,uma_deokure_bin,uma_start_shisu_decile,kyori_tekisei,hizume_code,225,79686,76.19,10.2,74.86,False
GLOBAL_条件戦,pace_yoso+da_tekisei_code+omo_tekisei_code+joshodo_code,pace_yoso,da_tekisei_code,omo_tekisei_code,joshodo_code,19,63136,80.58,12.72,74.86,False
GLOBAL_条件戦,kyori_tekisei_2+umakigo_code+omo_tekisei_code+shiba_tekisei_code,kyori_tekisei_2,umakigo_code,omo_tekisei_code,shiba_tekisei_code,8,1478,81.69,9.87,74.86,False
GLOBAL_条件戦,da_tekisei_code+omo_tekisei_code+joshodo_code+idm_decile,da_tekisei_code,omo_tekisei_code,joshodo_code,idm_decile,41,68421,78.23,11.01,74.86,False
GLOBAL_条件戦,uma_deokure_bin+manken_shisu_decile+da_tekisei_code+shiba_tekisei_code,uma_deokure_bin,manken_shisu_decile,da_tekisei_code,shiba_tekisei_code,79,35570,76.63,8.1,74.85,False
GLOBAL_条件戦,uma_deokure_bin+umakigo_code+keibajo_code+bataiju,uma_deokure_bin,umakigo_code,keibajo_code,bataiju,429,62710,75.87,10.85,74.85,False
GLOBAL_条件戦,kyori_kubun+umakigo_code+da_tekisei_code+omo_tekisei_code,kyori_kubun,umakigo_code,da_tekisei_code,omo_tekisei_code,35,69247,78.07,9.7,74.85,False
GLOBAL_条件戦,manken_shirushi+kyori_tekisei+manken_shisu_decile+joshodo_code,manken_shirushi,kyori_tekisei,manken_shisu_decile,joshodo_code,204,90864,76.0,8.37,74.85,False
GLOBAL_条件戦,umakigo_code+da_tekisei_code+kyakushitsu+omo_tekisei_code,umakigo_code,da_tekisei_code,kyakushitsu,omo_tekisei_code,34,68693,77.69,8.47,74.85,False
GLOBAL_条件戦,kyori_kubun+kyakushitsu+omo_tekisei_code+joshodo_code,kyori_kubun,kyakushitsu,omo_tekisei_code,joshodo_code,51,120142,76.89,7.41,74.85,False
GLOBAL_条件戦,kyori_kubun+da_tekisei_code+omo_tekisei_code+shiba_tekisei_code,kyori_kubun,da_tekisei_code,omo_tekisei_code,shiba_tekisei_code,37,40116,77.39,7.88,74.85,False
GLOBAL_条件戦,uma_deokure_bin+manken_shirushi+kyori_kubun+shiba_tekisei_code,uma_deokure_bin,manken_shirushi,kyori_kubun,shiba_tekisei_code,121,53032,76.49,9.2,74.85,False
GLOBAL_条件戦,pace_yoso+kyori_kubun+hizume_code+ichi_shisu_juni,pace_yoso,kyori_kubun,hizume_code,ichi_shisu_juni,304,58994,76.01,10.42,74.84,False
GLOBAL_条件戦,da_tekisei_code+omo_tekisei_code+shiba_tekisei_code+idm_decile,da_tekisei_code,omo_tekisei_code,shiba_tekisei_code,idm_decile,50,38928,77.53,9.68,74.84,False
GLOBAL_条件戦,kyori_kubun+uma_start_shisu_decile+kyori_tekisei+joshodo_code,kyori_kubun,uma_start_shisu_decile,kyori_tekisei,joshodo_code,102,105487,76.42,8.13,74.84,False
GLOBAL_条件戦,pace_yoso+uma_start_shisu_decile+kyori_tekisei+rotation_bin,pace_yoso,uma_start_shisu_decile,kyori_tekisei,rotation_bin,327,91872,75.98,10.56,74.84,False
GLOBAL_条件戦,manken_shirushi+kyori_tekisei+da_tekisei_code+idm_decile,manken_shirushi,kyori_tekisei,da_tekisei_code,idm_decile,174,36799,76.82,13.28,74.84,False
GLOBAL_条件戦,uma_deokure_bin+umakigo_code+hizume_code+omo_tekisei_code,uma_deokure_bin,umakigo_code,hizume_code,omo_tekisei_code,116,111528,76.36,8.33,74.84,False
GLOBAL_条件戦,da_tekisei_code+kyakushitsu+shiba_tekisei_code+idm_decile,da_tekisei_code,kyakushitsu,shiba_tekisei_code,idm_decile,69,38458,77.73,12.29,74.83,False
GLOBAL_条件戦,manken_shisu_decile+omo_tekisei_code+shiba_tekisei_code+joshodo_code,manken_shisu_decile,omo_tekisei_code,shiba_tekisei_code,joshodo_code,52,85828,77.25,8.9,74.83,False
GLOBAL_条件戦,hizume_code+manken_shisu_decile+shiba_tekisei_code+joshodo_code,hizume_code,manken_shisu_decile,shiba_tekisei_code,joshodo_code,150,79030,76.15,8.22,74.83,False
GLOBAL_条件戦,uma_start_shisu_decile+manken_shisu_decile+da_tekisei_code+omo_tekisei_code,uma_start_shisu_decile,manken_shisu_decile,da_tekisei_code,omo_tekisei_code,188,53571,76.46,11.36,74.83,False
GLOBAL_条件戦,hizume_code+da_tekisei_code+kyakushitsu+shiba_tekisei_code,hizume_code,da_tekisei_code,kyakushitsu,shiba_tekisei_code,78,35095,76.72,8.5,74.83,False
GLOBAL_条件戦,manken_shirushi+kyakushitsu+shiba_tekisei_code+rotation_bin,manken_shirushi,kyakushitsu,shiba_tekisei_code,rotation_bin,208,47243,76.3,10.93,74.82,False
GLOBAL_条件戦,uma_deokure_bin+uma_start_shisu_decile+hizume_code+da_tekisei_code,uma_deokure_bin,uma_start_shisu_decile,hizume_code,da_tekisei_code,135,48215,76.78,11.61,74.82,False
GLOBAL_条件戦,kyori_kubun+umakigo_code+uma_start_shisu_decile+kyori_tekisei,kyori_kubun,umakigo_code,uma_start_shisu_decile,kyori_tekisei,107,104823,76.41,8.41,74.82,False
GLOBAL_条件戦,pace_yoso+uma_start_shisu_decile+kyori_tekisei+shiba_tekisei_code,pace_yoso,uma_start_shisu_decile,kyori_tekisei,shiba_tekisei_code,138,77880,76.28,8.76,74.82,False
GLOBAL_条件戦,pace_yoso+umakigo_code+uma_start_shisu_decile+rotation_bin,pace_yoso,umakigo_code,uma_start_shisu_decile,rotation_bin,156,108527,76.07,7.92,74.82,False
GLOBAL_条件戦,uma_deokure_bin+manken_shirushi+uma_start_shisu_decile+shiba_tekisei_code,uma_deokure_bin,manken_shirushi,uma_start_shisu_decile,shiba_tekisei_code,131,45328,76.49,9.77,74.81,False
GLOBAL_条件戦,umakigo_code+keibajo_code+hizume_code+ichi_shisu_juni,umakigo_code,keibajo_code,hizume_code,ichi_shisu_juni,302,55182,76.0,10.55,74.81,False
GLOBAL_条件戦,umakigo_code+keibajo_code+kyori_tekisei+omo_tekisei_code,umakigo_code,keibajo_code,kyori_tekisei,omo_tekisei_code,116,112228,76.16,7.4,74.81,False
GLOBAL_条件戦,manken_shirushi+kyakushitsu+shiba_tekisei_code+joshodo_code,manken_shirushi,kyakushitsu,shiba_tekisei_code,joshodo_code,64,58653,76.61,7.34,74.81,False
GLOBAL_条件戦,keibajo_code+da_tekisei_code+kyakushitsu+shiba_tekisei_code,keibajo_code,da_tekisei_code,kyakushitsu,shiba_tekisei_code,99,38139,76.82,10.25,74.8,False
GLOBAL_条件戦,uma_deokure_bin+kyori_tekisei+da_tekisei_code+ichi_shisu_juni,uma_deokure_bin,kyori_tekisei,da_tekisei_code,ichi_shisu_juni,164,52284,76.61,11.81,74.8,False
GLOBAL_条件戦,kyori_tekisei+manken_shisu_decile+omo_tekisei_code+joshodo_code,kyori_tekisei,manken_shisu_decile,omo_tekisei_code,joshodo_code,108,112652,76.6,9.52,74.8,False
GLOBAL_条件戦,kyori_kubun+da_tekisei_code+kyakushitsu+rotation_bin,kyori_kubun,da_tekisei_code,kyakushitsu,rotation_bin,153,66214,76.42,10.22,74.8,False
GLOBAL_条件戦,kyori_tekisei+hizume_code+da_tekisei_code+shiba_tekisei_code,kyori_tekisei,hizume_code,da_tekisei_code,shiba_tekisei_code,77,34160,77.45,11.88,74.8,False
GLOBAL_条件戦,kyori_kubun+uma_start_shisu_decile+kyakushitsu+joshodo_code,kyori_kubun,uma_start_shisu_decile,kyakushitsu,joshodo_code,102,110000,76.51,8.85,74.79,False
GLOBAL_条件戦,kyori_kubun+umakigo_code+rotation_bin+bataiju,kyori_kubun,umakigo_code,rotation_bin,bataiju,381,62179,75.92,11.29,74.79,False
GLOBAL_条件戦,kyori_kubun+keibajo_code+da_tekisei_code+joshodo_code,kyori_kubun,keibajo_code,da_tekisei_code,joshodo_code,68,69273,76.59,7.56,74.79,False
GLOBAL_条件戦,pace_yoso+uma_start_shisu_decile+rotation_bin+joshodo_code,pace_yoso,uma_start_shisu_decile,rotation_bin,joshodo_code,152,109536,76.02,7.69,74.79,False
GLOBAL_条件戦,uma_deokure_bin+manken_shirushi+hizume_code+joshodo_code,uma_deokure_bin,manken_shirushi,hizume_code,joshodo_code,145,66305,76.19,8.57,74.79,False
GLOBAL_条件戦,manken_shirushi+hizume_code+shiba_tekisei_code+joshodo_code,manken_shirushi,hizume_code,shiba_tekisei_code,joshodo_code,120,52732,76.39,8.99,74.79,False
GLOBAL_条件戦,uma_deokure_bin+kyori_tekisei+kyakushitsu+shiba_tekisei_code,uma_deokure_bin,kyori_tekisei,kyakushitsu,shiba_tekisei_code,94,83990,76.44,8.17,74.78,False
GLOBAL_条件戦,uma_deokure_bin+kyori_kubun+da_tekisei_code+shiba_tekisei_code,uma_deokure_bin,kyori_kubun,da_tekisei_code,shiba_tekisei_code,52,39404,77.36,9.51,74.78,False
GLOBAL_条件戦,keibajo_code+hizume_code+joshodo_code+ichi_shisu_juni,keibajo_code,hizume_code,joshodo_code,ichi_shisu_juni,307,56431,75.97,10.71,74.77,False
GLOBAL_条件戦,pace_yoso+umakigo_code+keibajo_code+kyori_tekisei,pace_yoso,umakigo_code,keibajo_code,kyori_tekisei,121,139876,75.92,6.49,74.77,False
GLOBAL_条件戦,uma_deokure_bin+kyori_kubun+keibajo_code+omo_tekisei_code,uma_deokure_bin,kyori_kubun,keibajo_code,omo_tekisei_code,167,107165,75.97,7.93,74.77,False
GLOBAL_条件戦,kyori_tekisei+hizume_code+shiba_tekisei_code+joshodo_code,kyori_tekisei,hizume_code,shiba_tekisei_code,joshodo_code,84,81708,76.49,8.04,74.77,False
GLOBAL_条件戦,manken_shirushi+pace_yoso+umakigo_code+joshodo_code,manken_shirushi,pace_yoso,umakigo_code,joshodo_code,50,91319,77.07,8.3,74.77,False
GLOBAL_条件戦,pace_yoso+umakigo_code+uma_start_shisu_decile+hizume_code,pace_yoso,umakigo_code,uma_start_shisu_decile,hizume_code,186,100199,75.91,7.99,74.76,False
GLOBAL_条件戦,uma_start_shisu_decile+kyori_tekisei+rotation_bin+joshodo_code,uma_start_shisu_decile,kyori_tekisei,rotation_bin,joshodo_code,193,103285,76.14,9.76,74.76,False
GLOBAL_条件戦,uma_deokure_bin+umakigo_code+hizume_code+shiba_tekisei_code,uma_deokure_bin,umakigo_code,hizume_code,shiba_tekisei_code,87,83748,76.35,7.61,74.75,False
GLOBAL_条件戦,uma_start_shisu_decile+manken_shisu_decile+kyakushitsu+joshodo_code,uma_start_shisu_decile,manken_shisu_decile,kyakushitsu,joshodo_code,243,106102,76.08,10.6,74.75,False
GLOBAL_条件戦,uma_deokure_bin+manken_shirushi+kyori_kubun+kyori_tekisei,uma_deokure_bin,manken_shirushi,kyori_kubun,kyori_tekisei,180,68712,76.24,10.28,74.74,False
GLOBAL_条件戦,pace_yoso+umakigo_code+keibajo_code+uma_start_shisu_decile,pace_yoso,umakigo_code,keibajo_code,uma_start_shisu_decile,207,107920,75.79,7.7,74.74,False
GLOBAL_条件戦,uma_deokure_bin+umakigo_code+keibajo_code+kyori_tekisei,uma_deokure_bin,umakigo_code,keibajo_code,kyori_tekisei,117,107967,76.13,7.68,74.74,False
GLOBAL_条件戦,manken_shirushi+kyori_tekisei+hizume_code+omo_tekisei_code,manken_shirushi,kyori_tekisei,hizume_code,omo_tekisei_code,240,51872,76.12,10.97,74.74,False
GLOBAL_条件戦,pace_yoso+uma_start_shisu_decile+omo_tekisei_code+shiba_tekisei_code,pace_yoso,uma_start_shisu_decile,omo_tekisei_code,shiba_tekisei_code,96,81168,76.18,7.18,74.74,False
GLOBAL_条件戦,umakigo_code+uma_start_shisu_decile+manken_shisu_decile+kyakushitsu,umakigo_code,uma_start_shisu_decile,manken_shisu_decile,kyakushitsu,241,104461,76.07,10.55,74.74,False
GLOBAL_条件戦,uma_start_shisu_decile+da_tekisei_code+kyakushitsu+rotation_bin,uma_start_shisu_decile,da_tekisei_code,kyakushitsu,rotation_bin,177,53879,76.45,11.61,74.73,False
GLOBAL_条件戦,uma_deokure_bin+uma_start_shisu_decile+hizume_code+omo_tekisei_code,uma_deokure_bin,uma_start_shisu_decile,hizume_code,omo_tekisei_code,195,90966,76.17,10.25,74.73,False
GLOBAL_条件戦,umakigo_code+hizume_code+kyakushitsu+bataiju,umakigo_code,hizume_code,kyakushitsu,bataiju,289,45499,75.92,10.34,74.73,False
GLOBAL_条件戦,manken_shisu_decile+da_tekisei_code+omo_tekisei_code+rotation_bin,manken_shisu_decile,da_tekisei_code,omo_tekisei_code,rotation_bin,175,59134,76.35,10.97,74.73,False
GLOBAL_条件戦,kyori_tekisei_2+uma_deokure_bin+pace_yoso+shiba_tekisei_code,kyori_tekisei_2,uma_deokure_bin,pace_yoso,shiba_tekisei_code,3,355,82.05,6.46,74.73,False
GLOBAL_条件戦,kyori_tekisei+hizume_code+omo_tekisei_code+shiba_tekisei_code,kyori_tekisei,hizume_code,omo_tekisei_code,shiba_tekisei_code,135,79042,76.15,8.44,74.73,False
GLOBAL_条件戦,manken_shirushi+umakigo_code+shiba_tekisei_code+joshodo_code,manken_shirushi,umakigo_code,shiba_tekisei_code,joshodo_code,24,57718,77.35,6.54,74.73,False
GLOBAL_条件戦,hizume_code+kyakushitsu+joshodo_code+bataiju,hizume_code,kyakushitsu,joshodo_code,bataiju,296,46972,75.9,10.41,74.72,False
GLOBAL_条件戦,manken_shisu_decile+da_tekisei_code+kyakushitsu+joshodo_code,manken_shisu_decile,da_tekisei_code,kyakushitsu,joshodo_code,80,68487,76.58,8.49,74.72,False
GLOBAL_条件戦,hizume_code+da_tekisei_code+omo_tekisei_code+rotation_bin,hizume_code,da_tekisei_code,omo_tekisei_code,rotation_bin,148,56668,76.45,10.69,74.72,False
GLOBAL_条件戦,manken_shisu_decile+da_tekisei_code+rotation_bin+joshodo_code,manken_shisu_decile,da_tekisei_code,rotation_bin,joshodo_code,120,66640,76.46,9.71,74.72,False
GLOBAL_条件戦,manken_shirushi+kyori_kubun+hizume_code+da_tekisei_code,manken_shirushi,kyori_kubun,hizume_code,da_tekisei_code,141,26313,76.56,11.22,74.71,False
GLOBAL_条件戦,da_tekisei_code+kyakushitsu+omo_tekisei_code+ichi_shisu_juni,da_tekisei_code,kyakushitsu,omo_tekisei_code,ichi_shisu_juni,132,56842,76.45,10.27,74.7,False
GLOBAL_条件戦,uma_deokure_bin+kyori_kubun+umakigo_code+shiba_tekisei_code,uma_deokure_bin,kyori_kubun,umakigo_code,shiba_tekisei_code,50,89478,77.29,9.34,74.7,False
GLOBAL_条件戦,uma_deokure_bin+da_tekisei_code+joshodo_code+idm_decile,uma_deokure_bin,da_tekisei_code,joshodo_code,idm_decile,53,68091,77.63,10.86,74.7,False
GLOBAL_条件戦,umakigo_code+kyori_tekisei+omo_tekisei_code+joshodo_code,umakigo_code,kyori_tekisei,omo_tekisei_code,joshodo_code,34,116747,76.97,6.78,74.69,False
GLOBAL_条件戦,umakigo_code+keibajo_code+uma_start_shisu_decile+shiba_tekisei_code,umakigo_code,keibajo_code,uma_start_shisu_decile,shiba_tekisei_code,146,80690,76.01,8.16,74.69,False
GLOBAL_条件戦,pace_yoso+umakigo_code+omo_tekisei_code+joshodo_code,pace_yoso,umakigo_code,omo_tekisei_code,joshodo_code,21,113284,78.42,8.73,74.69,False
GLOBAL_条件戦,kyori_kubun+umakigo_code+keibajo_code+uma_start_shisu_decile,kyori_kubun,umakigo_code,keibajo_code,uma_start_shisu_decile,218,106129,75.69,7.57,74.69,False
GLOBAL_条件戦,uma_deokure_bin+pace_yoso+kyori_tekisei+hizume_code,uma_deokure_bin,pace_yoso,kyori_tekisei,hizume_code,190,92255,76.06,9.65,74.69,False
GLOBAL_条件戦,manken_shirushi+umakigo_code+kyakushitsu+shiba_tekisei_code,manken_shirushi,umakigo_code,kyakushitsu,shiba_tekisei_code,64,57574,76.5,7.39,74.69,False
GLOBAL_条件戦,uma_deokure_bin+hizume_code+omo_tekisei_code+bataiju,uma_deokure_bin,hizume_code,omo_tekisei_code,bataiju,235,35240,75.94,9.75,74.69,False
GLOBAL_条件戦,manken_shirushi+kyori_kubun+keibajo_code+uma_start_shisu_decile,manken_shirushi,kyori_kubun,keibajo_code,uma_start_shisu_decile,136,22543,76.52,10.94,74.68,False
GLOBAL_条件戦,umakigo_code+joshodo_code+ichi_shisu_juni+bataiju,umakigo_code,joshodo_code,ichi_shisu_juni,bataiju,507,102920,75.63,10.99,74.68,False
GLOBAL_条件戦,kyori_kubun+keibajo_code+da_tekisei_code+kyakushitsu,kyori_kubun,keibajo_code,da_tekisei_code,kyakushitsu,189,65751,76.17,10.46,74.68,False
GLOBAL_条件戦,pace_yoso+uma_start_shisu_decile+manken_shisu_decile+da_tekisei_code,pace_yoso,uma_start_shisu_decile,manken_shisu_decile,da_tekisei_code,210,53634,76.28,11.8,74.68,False
GLOBAL_条件戦,keibajo_code+uma_start_shisu_decile+shiba_tekisei_code+joshodo_code,keibajo_code,uma_start_shisu_decile,shiba_tekisei_code,joshodo_code,146,81467,76.01,8.21,74.68,False
GLOBAL_条件戦,uma_deokure_bin+da_tekisei_code+kyakushitsu+ichi_shisu_juni,uma_deokure_bin,da_tekisei_code,kyakushitsu,ichi_shisu_juni,140,55226,76.52,11.11,74.68,False
GLOBAL_条件戦,hizume_code+da_tekisei_code+omo_tekisei_code+shiba_tekisei_code,hizume_code,da_tekisei_code,omo_tekisei_code,shiba_tekisei_code,64,37363,77.73,12.46,74.68,False
GLOBAL_条件戦,umakigo_code+uma_start_shisu_decile+omo_tekisei_code+rotation_bin,umakigo_code,uma_start_shisu_decile,omo_tekisei_code,rotation_bin,129,106158,75.96,7.39,74.68,False
GLOBAL_条件戦,pace_yoso+keibajo_code+hizume_code+rotation_bin,pace_yoso,keibajo_code,hizume_code,rotation_bin,290,54870,75.84,10.03,74.68,False
GLOBAL_条件戦,kyori_kubun+manken_shisu_decile+da_tekisei_code+kyakushitsu,kyori_kubun,manken_shisu_decile,da_tekisei_code,kyakushitsu,199,64726,76.31,11.77,74.67,False
GLOBAL_条件戦,kyori_kubun+manken_shisu_decile+joshodo_code+bataiju,kyori_kubun,manken_shisu_decile,joshodo_code,bataiju,236,30869,76.12,11.37,74.67,False
GLOBAL_条件戦,manken_shirushi+hizume_code+kyakushitsu+joshodo_code,manken_shirushi,hizume_code,kyakushitsu,joshodo_code,223,68552,76.01,10.26,74.67,False
GLOBAL_条件戦,kyori_kubun+uma_start_shisu_decile+hizume_code+omo_tekisei_code,kyori_kubun,uma_start_shisu_decile,hizume_code,omo_tekisei_code,267,86996,75.83,9.68,74.67,False
GLOBAL_条件戦,kyori_tekisei+kyakushitsu+omo_tekisei_code+shiba_tekisei_code,kyori_tekisei,kyakushitsu,omo_tekisei_code,shiba_tekisei_code,78,84779,76.24,7.07,74.67,False
GLOBAL_条件戦,umakigo_code+da_tekisei_code+rotation_bin+joshodo_code,umakigo_code,da_tekisei_code,rotation_bin,joshodo_code,32,69230,77.88,9.27,74.67,False
GLOBAL_条件戦,uma_deokure_bin+uma_start_shisu_decile+omo_tekisei_code+ichi_shisu_juni,uma_deokure_bin,uma_start_shisu_decile,omo_tekisei_code,ichi_shisu_juni,249,88225,75.88,9.71,74.67,False
GLOBAL_条件戦,kyori_kubun+joshodo_code+ichi_shisu_juni+bataiju,kyori_kubun,joshodo_code,ichi_shisu_juni,bataiju,228,36282,76.04,10.61,74.66,False
GLOBAL_条件戦,hizume_code+omo_tekisei_code+rotation_bin+ichi_shisu_juni,hizume_code,omo_tekisei_code,rotation_bin,ichi_shisu_juni,261,44623,75.99,11.02,74.66,False
GLOBAL_条件戦,manken_shirushi+keibajo_code+kyori_tekisei+kyakushitsu,manken_shirushi,keibajo_code,kyori_tekisei,kyakushitsu,268,52863,76.03,11.48,74.66,False
GLOBAL_条件戦,kyori_tekisei+omo_tekisei_code+rotation_bin+joshodo_code,kyori_tekisei,omo_tekisei_code,rotation_bin,joshodo_code,81,111436,76.65,9.13,74.66,False
GLOBAL_条件戦,uma_deokure_bin+manken_shirushi+umakigo_code+hizume_code,uma_deokure_bin,manken_shirushi,umakigo_code,hizume_code,145,65008,76.08,8.72,74.66,False
GLOBAL_条件戦,uma_deokure_bin+hizume_code+shiba_tekisei_code+joshodo_code,uma_deokure_bin,hizume_code,shiba_tekisei_code,joshodo_code,85,84830,76.3,7.72,74.66,False
GLOBAL_条件戦,manken_shirushi+manken_shisu_decile+shiba_tekisei_code+joshodo_code,manken_shirushi,manken_shisu_decile,shiba_tekisei_code,joshodo_code,98,56268,76.32,8.39,74.66,False
GLOBAL_条件戦,manken_shirushi+uma_start_shisu_decile+da_tekisei_code+shiba_tekisei_code,manken_shirushi,uma_start_shisu_decile,da_tekisei_code,shiba_tekisei_code,88,18743,77.19,12.1,74.66,False
GLOBAL_条件戦,manken_shirushi+keibajo_code+uma_start_shisu_decile+hizume_code,manken_shirushi,keibajo_code,uma_start_shisu_decile,hizume_code,47,7149,77.12,8.61,74.66,False
GLOBAL_条件戦,uma_deokure_bin+hizume_code+manken_shisu_decile+ichi_shisu_juni,uma_deokure_bin,hizume_code,manken_shisu_decile,ichi_shisu_juni,150,20281,76.58,11.95,74.66,False
GLOBAL_条件戦,keibajo_code+manken_shisu_decile+shiba_tekisei_code+joshodo_code,keibajo_code,manken_shisu_decile,shiba_tekisei_code,joshodo_code,175,85906,75.94,8.66,74.65,False
GLOBAL_条件戦,manken_shirushi+kyori_kubun+da_tekisei_code+ichi_shisu_juni,manken_shirushi,kyori_kubun,da_tekisei_code,ichi_shisu_juni,112,14411,77.12,13.31,74.65,False
GLOBAL_条件戦,umakigo_code+da_tekisei_code+omo_tekisei_code+joshodo_code,umakigo_code,da_tekisei_code,omo_tekisei_code,joshodo_code,16,69372,78.76,8.39,74.65,False
GLOBAL_条件戦,manken_shirushi+kyori_kubun+umakigo_code+shiba_tekisei_code,manken_shirushi,kyori_kubun,umakigo_code,shiba_tekisei_code,64,57575,76.52,7.62,74.65,False
GLOBAL_条件戦,uma_deokure_bin+kyori_kubun+keibajo_code+uma_start_shisu_decile,uma_deokure_bin,kyori_kubun,keibajo_code,uma_start_shisu_decile,251,93158,75.73,8.71,74.65,False
GLOBAL_条件戦,umakigo_code+uma_start_shisu_decile+kyori_tekisei+rotation_bin,umakigo_code,uma_start_shisu_decile,kyori_tekisei,rotation_bin,193,101872,76.04,9.91,74.65,False
GLOBAL_条件戦,uma_deokure_bin+manken_shirushi+kyori_tekisei+hizume_code,uma_deokure_bin,manken_shirushi,kyori_tekisei,hizume_code,230,47509,76.08,11.11,74.65,False
GLOBAL_条件戦,manken_shirushi+pace_yoso+kyori_tekisei+ichi_shisu_juni,manken_shirushi,pace_yoso,kyori_tekisei,ichi_shisu_juni,145,37467,76.58,11.9,74.64,False
GLOBAL_条件戦,uma_deokure_bin+kyakushitsu+shiba_tekisei_code+joshodo_code,uma_deokure_bin,kyakushitsu,shiba_tekisei_code,joshodo_code,43,89272,76.99,7.83,74.64,False
GLOBAL_条件戦,uma_deokure_bin+pace_yoso+umakigo_code+rotation_bin,uma_deokure_bin,pace_yoso,umakigo_code,rotation_bin,78,109708,76.67,9.15,74.64,False
GLOBAL_条件戦,keibajo_code+hizume_code+manken_shisu_decile+rotation_bin,keibajo_code,hizume_code,manken_shisu_decile,rotation_bin,95,12588,77.01,11.76,74.64,False
GLOBAL_条件戦,umakigo_code+manken_shisu_decile+omo_tekisei_code+joshodo_code,umakigo_code,manken_shisu_decile,omo_tekisei_code,joshodo_code,60,117790,76.91,9.0,74.64,False
GLOBAL_条件戦,umakigo_code+hizume_code+manken_shisu_decile+shiba_tekisei_code,umakigo_code,hizume_code,manken_shisu_decile,shiba_tekisei_code,149,77401,75.94,8.11,74.64,False
GLOBAL_条件戦,manken_shirushi+da_tekisei_code+kyakushitsu+ichi_shisu_juni,manken_shirushi,da_tekisei_code,kyakushitsu,ichi_shisu_juni,159,20905,76.65,12.94,74.64,False
GLOBAL_条件戦,manken_shirushi+kyori_kubun+hizume_code+idm_decile,manken_shirushi,kyori_kubun,hizume_code,idm_decile,183,28302,76.44,12.42,74.64,False
GLOBAL_条件戦,uma_deokure_bin+kyori_kubun+hizume_code+joshodo_code,uma_deokure_bin,kyori_kubun,hizume_code,joshodo_code,128,110026,76.12,8.6,74.63,False
GLOBAL_条件戦,uma_start_shisu_decile+omo_tekisei_code+rotation_bin+joshodo_code,uma_start_shisu_decile,omo_tekisei_code,rotation_bin,joshodo_code,122,106743,75.92,7.29,74.63,False
GLOBAL_条件戦,uma_start_shisu_decile+manken_shisu_decile+omo_tekisei_code+joshodo_code,uma_start_shisu_decile,manken_shisu_decile,omo_tekisei_code,joshodo_code,165,105236,75.88,8.19,74.63,False
GLOBAL_条件戦,uma_deokure_bin+pace_yoso+uma_start_shisu_decile+hizume_code,uma_deokure_bin,pace_yoso,uma_start_shisu_decile,hizume_code,226,89660,75.97,10.25,74.63,False
GLOBAL_条件戦,umakigo_code+manken_shisu_decile+da_tekisei_code+omo_tekisei_code,umakigo_code,manken_shisu_decile,da_tekisei_code,omo_tekisei_code,59,66434,76.83,8.62,74.63,False
GLOBAL_条件戦,uma_deokure_bin+umakigo_code+kyori_tekisei+hizume_code,uma_deokure_bin,umakigo_code,kyori_tekisei,hizume_code,129,103725,76.14,8.78,74.63,False
GLOBAL_条件戦,umakigo_code+kyori_tekisei+da_tekisei_code+joshodo_code,umakigo_code,kyori_tekisei,da_tekisei_code,joshodo_code,25,67830,78.11,8.89,74.62,False
GLOBAL_条件戦,manken_shirushi+keibajo_code+uma_start_shisu_decile+omo_tekisei_code,manken_shirushi,keibajo_code,uma_start_shisu_decile,omo_tekisei_code,153,26611,76.05,9.04,74.62,False
GLOBAL_条件戦,uma_start_shisu_decile+kyakushitsu+omo_tekisei_code+shiba_tekisei_code,uma_start_shisu_decile,kyakushitsu,omo_tekisei_code,shiba_tekisei_code,112,80419,76.02,7.57,74.62,False
GLOBAL_条件戦,da_tekisei_code+omo_tekisei_code+shiba_tekisei_code+ichi_shisu_juni,da_tekisei_code,omo_tekisei_code,shiba_tekisei_code,ichi_shisu_juni,73,32240,76.58,8.52,74.62,False
GLOBAL_条件戦,keibajo_code+da_tekisei_code+rotation_bin+joshodo_code,keibajo_code,da_tekisei_code,rotation_bin,joshodo_code,119,67383,76.36,9.66,74.62,False
GLOBAL_条件戦,pace_yoso+hizume_code+da_tekisei_code+rotation_bin,pace_yoso,hizume_code,da_tekisei_code,rotation_bin,152,50610,76.11,9.39,74.62,False
GLOBAL_条件戦,pace_yoso+hizume_code+omo_tekisei_code+bataiju,pace_yoso,hizume_code,omo_tekisei_code,bataiju,183,25457,76.35,11.93,74.62,False
GLOBAL_条件戦,uma_deokure_bin+manken_shirushi+umakigo_code+kyori_tekisei,uma_deokure_bin,manken_shirushi,umakigo_code,kyori_tekisei,91,71352,76.58,9.53,74.62,False
GLOBAL_条件戦,uma_deokure_bin+hizume_code+kyakushitsu+bataiju,uma_deokure_bin,hizume_code,kyakushitsu,bataiju,141,16924,76.66,12.37,74.61,False
GLOBAL_条件戦,kyori_kubun+uma_start_shisu_decile+da_tekisei_code+rotation_bin,kyori_kubun,uma_start_shisu_decile,da_tekisei_code,rotation_bin,181,54003,76.29,11.55,74.61,False
GLOBAL_条件戦,umakigo_code+kyori_tekisei+manken_shisu_decile+omo_tekisei_code,umakigo_code,kyori_tekisei,manken_shisu_decile,omo_tekisei_code,111,110955,76.35,9.31,74.61,False
GLOBAL_条件戦,uma_deokure_bin+uma_start_shisu_decile+joshodo_code+bataiju,uma_deokure_bin,uma_start_shisu_decile,joshodo_code,bataiju,307,75868,75.86,11.31,74.6,False
GLOBAL_条件戦,manken_shirushi+kyori_kubun+kyori_tekisei+omo_tekisei_code,manken_shirushi,kyori_kubun,kyori_tekisei,omo_tekisei_code,186,71944,76.08,10.28,74.6,False
GLOBAL_条件戦,umakigo_code+uma_start_shisu_decile+hizume_code+shiba_tekisei_code,umakigo_code,uma_start_shisu_decile,hizume_code,shiba_tekisei_code,127,75569,75.98,7.96,74.6,False
GLOBAL_条件戦,manken_shirushi+kyori_kubun+manken_shisu_decile+joshodo_code,manken_shirushi,kyori_kubun,manken_shisu_decile,joshodo_code,241,91054,75.64,8.23,74.6,False
GLOBAL_条件戦,uma_start_shisu_decile+hizume_code+kyakushitsu+bataiju,uma_start_shisu_decile,hizume_code,kyakushitsu,bataiju,28,3193,79.09,12.12,74.6,False
GLOBAL_条件戦,kyori_kubun+uma_start_shisu_decile+manken_shisu_decile+joshodo_code,kyori_kubun,uma_start_shisu_decile,manken_shisu_decile,joshodo_code,251,105966,75.84,9.96,74.6,False
GLOBAL_条件戦,uma_deokure_bin+kyori_tekisei+omo_tekisei_code+rotation_bin,uma_deokure_bin,kyori_tekisei,omo_tekisei_code,rotation_bin,156,104766,76.01,8.98,74.6,False
GLOBAL_条件戦,umakigo_code+kyori_tekisei+da_tekisei_code+shiba_tekisei_code,umakigo_code,kyori_tekisei,da_tekisei_code,shiba_tekisei_code,22,38791,78.1,8.4,74.59,False
GLOBAL_条件戦,umakigo_code+manken_shisu_decile+da_tekisei_code+kyakushitsu,umakigo_code,manken_shisu_decile,da_tekisei_code,kyakushitsu,81,66835,76.45,8.52,74.59,False
GLOBAL_条件戦,uma_deokure_bin+umakigo_code+uma_start_shisu_decile+bataiju,uma_deokure_bin,umakigo_code,uma_start_shisu_decile,bataiju,307,74697,75.86,11.35,74.59,False
GLOBAL_条件戦,kyori_kubun+keibajo_code+shiba_tekisei_code+joshodo_code,kyori_kubun,keibajo_code,shiba_tekisei_code,joshodo_code,73,88758,76.19,6.96,74.59,False
GLOBAL_条件戦,uma_deokure_bin+umakigo_code+keibajo_code+shiba_tekisei_code,uma_deokure_bin,umakigo_code,keibajo_code,shiba_tekisei_code,81,86253,76.61,9.33,74.58,False
GLOBAL_条件戦,manken_shirushi+pace_yoso+hizume_code+idm_decile,manken_shirushi,pace_yoso,hizume_code,idm_decile,191,31159,76.41,12.91,74.58,False
GLOBAL_条件戦,pace_yoso+umakigo_code+keibajo_code+shiba_tekisei_code,pace_yoso,umakigo_code,keibajo_code,shiba_tekisei_code,61,81909,76.09,6.02,74.58,False
GLOBAL_条件戦,uma_deokure_bin+umakigo_code+da_tekisei_code+rotation_bin,uma_deokure_bin,umakigo_code,da_tekisei_code,rotation_bin,67,67452,77.1,10.53,74.58,False
GLOBAL_条件戦,umakigo_code+uma_start_shisu_decile+manken_shisu_decile+shiba_tekisei_code,umakigo_code,uma_start_shisu_decile,manken_shisu_decile,shiba_tekisei_code,134,79293,76.02,8.52,74.58,False
GLOBAL_条件戦,manken_shirushi+uma_start_shisu_decile+kyori_tekisei+kyakushitsu,manken_shirushi,uma_start_shisu_decile,kyori_tekisei,kyakushitsu,208,41300,76.06,10.93,74.57,False
GLOBAL_条件戦,uma_deokure_bin+keibajo_code+rotation_bin+ichi_shisu_juni,uma_deokure_bin,keibajo_code,rotation_bin,ichi_shisu_juni,237,33707,76.0,11.22,74.57,False
GLOBAL_条件戦,manken_shirushi+shiba_tekisei_code+rotation_bin+joshodo_code,manken_shirushi,shiba_tekisei_code,rotation_bin,joshodo_code,100,57155,76.25,8.58,74.57,False
GLOBAL_条件戦,uma_start_shisu_decile+manken_shisu_decile+rotation_bin+ichi_shisu_juni,uma_start_shisu_decile,manken_shisu_decile,rotation_bin,ichi_shisu_juni,58,7174,76.82,8.74,74.57,False
GLOBAL_条件戦,pace_yoso+manken_shisu_decile+omo_tekisei_code+joshodo_code,pace_yoso,manken_shisu_decile,omo_tekisei_code,joshodo_code,80,110069,76.37,8.2,74.57,False
GLOBAL_条件戦,uma_start_shisu_decile+manken_shisu_decile+shiba_tekisei_code+joshodo_code,uma_start_shisu_decile,manken_shisu_decile,shiba_tekisei_code,joshodo_code,134,80091,76.02,8.52,74.57,False
GLOBAL_条件戦,umakigo_code+keibajo_code+kyori_tekisei+manken_shisu_decile,umakigo_code,keibajo_code,kyori_tekisei,manken_shisu_decile,319,138677,75.66,9.87,74.57,False
GLOBAL_条件戦,umakigo_code+uma_start_shisu_decile+hizume_code+ichi_shisu_juni,umakigo_code,uma_start_shisu_decile,hizume_code,ichi_shisu_juni,305,68675,75.8,10.95,74.57,False
GLOBAL_条件戦,manken_shirushi+umakigo_code+hizume_code+shiba_tekisei_code,manken_shirushi,umakigo_code,hizume_code,shiba_tekisei_code,120,51711,76.19,9.07,74.57,False
GLOBAL_条件戦,manken_shirushi+keibajo_code+uma_start_shisu_decile+manken_shisu_decile,manken_shirushi,keibajo_code,uma_start_shisu_decile,manken_shisu_decile,96,13860,76.83,11.29,74.57,False
GLOBAL_条件戦,kyori_kubun+umakigo_code+hizume_code+da_tekisei_code,kyori_kubun,umakigo_code,hizume_code,da_tekisei_code,89,64897,76.51,9.32,74.57,False
GLOBAL_条件戦,uma_deokure_bin+kyori_tekisei+kyakushitsu+rotation_bin,uma_deokure_bin,kyori_tekisei,kyakushitsu,rotation_bin,203,103906,75.96,10.16,74.57,False
GLOBAL_条件戦,uma_deokure_bin+umakigo_code+kyakushitsu+shiba_tekisei_code,uma_deokure_bin,umakigo_code,kyakushitsu,shiba_tekisei_code,46,88662,76.58,6.95,74.57,False
GLOBAL_条件戦,umakigo_code+uma_start_shisu_decile+manken_shisu_decile+omo_tekisei_code,umakigo_code,uma_start_shisu_decile,manken_shisu_decile,omo_tekisei_code,164,103706,75.8,8.06,74.57,False
GLOBAL_条件戦,kyori_kubun+umakigo_code+omo_tekisei_code+bataiju,kyori_kubun,umakigo_code,omo_tekisei_code,bataiju,347,98126,75.53,9.25,74.56,False
GLOBAL_条件戦,manken_shirushi+kyori_kubun+kyori_tekisei+manken_shisu_decile,manken_shirushi,kyori_kubun,kyori_tekisei,manken_shisu_decile,276,80767,75.74,9.99,74.56,False
GLOBAL_条件戦,manken_shirushi+da_tekisei_code+omo_tekisei_code+ichi_shisu_juni,manken_shirushi,da_tekisei_code,omo_tekisei_code,ichi_shisu_juni,188,26703,76.28,11.99,74.56,False
GLOBAL_条件戦,pace_yoso+kyori_tekisei+omo_tekisei_code+joshodo_code,pace_yoso,kyori_tekisei,omo_tekisei_code,joshodo_code,36,107903,77.31,8.42,74.56,False
GLOBAL_条件戦,manken_shirushi+pace_yoso+da_tekisei_code+idm_decile,manken_shirushi,pace_yoso,da_tekisei_code,idm_decile,135,36708,76.88,13.77,74.56,False
GLOBAL_条件戦,uma_deokure_bin+pace_yoso+da_tekisei_code+ichi_shisu_juni,uma_deokure_bin,pace_yoso,da_tekisei_code,ichi_shisu_juni,131,55873,76.51,11.38,74.56,False
GLOBAL_条件戦,manken_shisu_decile+kyakushitsu+omo_tekisei_code+joshodo_code,manken_shisu_decile,kyakushitsu,omo_tekisei_code,joshodo_code,110,117134,76.18,8.63,74.56,False
GLOBAL_条件戦,pace_yoso+uma_start_shisu_decile+hizume_code+da_tekisei_code,pace_yoso,uma_start_shisu_decile,hizume_code,da_tekisei_code,171,49809,76.18,10.83,74.56,False
GLOBAL_条件戦,uma_start_shisu_decile+hizume_code+rotation_bin+ichi_shisu_juni,uma_start_shisu_decile,hizume_code,rotation_bin,ichi_shisu_juni,105,16311,76.81,11.77,74.56,False
GLOBAL_条件戦,uma_deokure_bin+kyori_tekisei+hizume_code+omo_tekisei_code,uma_deokure_bin,kyori_tekisei,hizume_code,omo_tekisei_code,187,99941,75.9,9.45,74.55,False
GLOBAL_条件戦,da_tekisei_code+kyakushitsu+shiba_tekisei_code+joshodo_code,da_tekisei_code,kyakushitsu,shiba_tekisei_code,joshodo_code,19,40175,77.27,6.05,74.55,False
GLOBAL_条件戦,uma_deokure_bin+kyori_kubun+manken_shisu_decile+shiba_tekisei_code,uma_deokure_bin,kyori_kubun,manken_shisu_decile,shiba_tekisei_code,156,81715,76.05,9.56,74.55,False
GLOBAL_条件戦,uma_deokure_bin+hizume_code+kyakushitsu+shiba_tekisei_code,uma_deokure_bin,hizume_code,kyakushitsu,shiba_tekisei_code,145,77656,75.94,8.59,74.55,False
GLOBAL_条件戦,manken_shirushi+keibajo_code+uma_start_shisu_decile+kyakushitsu,manken_shirushi,keibajo_code,uma_start_shisu_decile,kyakushitsu,131,20142,76.31,10.28,74.55,False
GLOBAL_条件戦,uma_deokure_bin+uma_start_shisu_decile+da_tekisei_code+ichi_shisu_juni,uma_deokure_bin,uma_start_shisu_decile,da_tekisei_code,ichi_shisu_juni,151,44961,76.47,12.06,74.55,False
GLOBAL_条件戦,uma_start_shisu_decile+kyori_tekisei+joshodo_code+ichi_shisu_juni,uma_start_shisu_decile,kyori_tekisei,joshodo_code,ichi_shisu_juni,325,96042,75.74,10.9,74.55,False
GLOBAL_条件戦,uma_deokure_bin+uma_start_shisu_decile+hizume_code+kyakushitsu,uma_deokure_bin,uma_start_shisu_decile,hizume_code,kyakushitsu,217,84914,75.89,10.07,74.55,False
GLOBAL_条件戦,uma_deokure_bin+kyori_tekisei+hizume_code+shiba_tekisei_code,uma_deokure_bin,kyori_tekisei,hizume_code,shiba_tekisei_code,135,74203,76.12,9.35,74.54,False
GLOBAL_条件戦,umakigo_code+omo_tekisei_code+rotation_bin+joshodo_code,umakigo_code,omo_tekisei_code,rotation_bin,joshodo_code,45,116884,76.96,8.31,74.54,False
GLOBAL_条件戦,pace_yoso+kyakushitsu+omo_tekisei_code+shiba_tekisei_code,pace_yoso,kyakushitsu,omo_tekisei_code,shiba_tekisei_code,54,82094,76.17,6.12,74.54,False
GLOBAL_条件戦,pace_yoso+keibajo_code+omo_tekisei_code+shiba_tekisei_code,pace_yoso,keibajo_code,omo_tekisei_code,shiba_tekisei_code,116,80641,75.79,6.88,74.54,False
GLOBAL_条件戦,kyori_tekisei+hizume_code+da_tekisei_code+kyakushitsu,kyori_tekisei,hizume_code,da_tekisei_code,kyakushitsu,160,56639,76.02,9.54,74.54,False
GLOBAL_条件戦,hizume_code+da_tekisei_code+kyakushitsu+omo_tekisei_code,hizume_code,da_tekisei_code,kyakushitsu,omo_tekisei_code,130,62261,76.21,9.75,74.54,False
GLOBAL_条件戦,uma_deokure_bin+keibajo_code+kyori_tekisei+omo_tekisei_code,uma_deokure_bin,keibajo_code,kyori_tekisei,omo_tekisei_code,179,102385,75.78,8.41,74.54,False
GLOBAL_条件戦,umakigo_code+uma_start_shisu_decile+joshodo_code+bataiju,umakigo_code,uma_start_shisu_decile,joshodo_code,bataiju,343,96113,75.62,10.23,74.54,False
GLOBAL_条件戦,manken_shirushi+kyori_kubun+keibajo_code+kyori_tekisei,manken_shirushi,kyori_kubun,keibajo_code,kyori_tekisei,336,75094,75.65,10.41,74.54,False
GLOBAL_条件戦,manken_shirushi+kyori_kubun+kyori_tekisei+shiba_tekisei_code,manken_shirushi,kyori_kubun,kyori_tekisei,shiba_tekisei_code,121,53063,76.33,10.05,74.54,False
GLOBAL_条件戦,kyori_kubun+keibajo_code+omo_tekisei_code+shiba_tekisei_code,kyori_kubun,keibajo_code,omo_tekisei_code,shiba_tekisei_code,148,86739,75.79,7.7,74.54,False
GLOBAL_条件戦,da_tekisei_code+kyakushitsu+joshodo_code+idm_decile,da_tekisei_code,kyakushitsu,joshodo_code,idm_decile,54,68746,77.37,10.58,74.54,False
GLOBAL_条件戦,manken_shirushi+keibajo_code+da_tekisei_code+kyakushitsu,manken_shirushi,keibajo_code,da_tekisei_code,kyakushitsu,186,26939,76.38,12.92,74.53,False
GLOBAL_条件戦,manken_shirushi+da_tekisei_code+kyakushitsu+shiba_tekisei_code,manken_shirushi,da_tekisei_code,kyakushitsu,shiba_tekisei_code,75,24769,76.76,9.82,74.53,False
GLOBAL_条件戦,manken_shirushi+kyori_kubun+umakigo_code+manken_shisu_decile,manken_shirushi,kyori_kubun,umakigo_code,manken_shisu_decile,196,93425,75.63,7.82,74.53,False
GLOBAL_条件戦,uma_deokure_bin+pace_yoso+keibajo_code+omo_tekisei_code,uma_deokure_bin,pace_yoso,keibajo_code,omo_tekisei_code,143,103745,75.77,7.59,74.53,False
GLOBAL_条件戦,uma_deokure_bin+pace_yoso+keibajo_code+kyori_tekisei,uma_deokure_bin,pace_yoso,keibajo_code,kyori_tekisei,215,99408,75.6,7.94,74.53,False
GLOBAL_条件戦,uma_deokure_bin+manken_shirushi+hizume_code+omo_tekisei_code,uma_deokure_bin,manken_shirushi,hizume_code,omo_tekisei_code,209,58510,75.98,10.74,74.52,False
GLOBAL_条件戦,hizume_code+manken_shisu_decile+da_tekisei_code+omo_tekisei_code,hizume_code,manken_shisu_decile,da_tekisei_code,omo_tekisei_code,183,53040,76.09,10.8,74.52,False
GLOBAL_条件戦,manken_shirushi+kyori_tekisei+kyakushitsu+idm_decile,manken_shirushi,kyori_tekisei,kyakushitsu,idm_decile,347,73111,75.85,12.61,74.52,False
GLOBAL_条件戦,kyori_kubun+hizume_code+omo_tekisei_code+joshodo_code,kyori_kubun,hizume_code,omo_tekisei_code,joshodo_code,111,112983,75.94,7.66,74.52,False
GLOBAL_条件戦,uma_deokure_bin+kyori_kubun+kyakushitsu+joshodo_code,uma_deokure_bin,kyori_kubun,kyakushitsu,joshodo_code,66,118333,76.89,9.81,74.52,False
GLOBAL_条件戦,uma_start_shisu_decile+hizume_code+shiba_tekisei_code+joshodo_code,uma_start_shisu_decile,hizume_code,shiba_tekisei_code,joshodo_code,125,76026,75.96,8.22,74.52,False
GLOBAL_条件戦,umakigo_code+omo_tekisei_code+rotation_bin+bataiju,umakigo_code,omo_tekisei_code,rotation_bin,bataiju,410,83599,75.48,9.97,74.52,False
GLOBAL_条件戦,pace_yoso+kyori_kubun+kyori_tekisei+da_tekisei_code,pace_yoso,kyori_kubun,kyori_tekisei,da_tekisei_code,59,60663,77.01,9.72,74.52,False
GLOBAL_条件戦,uma_deokure_bin+manken_shirushi+uma_start_shisu_decile+idm_decile,uma_deokure_bin,manken_shirushi,uma_start_shisu_decile,idm_decile,214,48976,76.29,13.16,74.52,False
GLOBAL_条件戦,umakigo_code+keibajo_code+manken_shisu_decile+shiba_tekisei_code,umakigo_code,keibajo_code,manken_shisu_decile,shiba_tekisei_code,176,84432,75.79,8.67,74.51,False
GLOBAL_条件戦,umakigo_code+kyori_tekisei+hizume_code+shiba_tekisei_code,umakigo_code,kyori_tekisei,hizume_code,shiba_tekisei_code,90,81082,76.26,8.45,74.51,False
GLOBAL_条件戦,kyori_kubun+manken_shisu_decile+omo_tekisei_code+ichi_shisu_juni,kyori_kubun,manken_shisu_decile,omo_tekisei_code,ichi_shisu_juni,431,68882,75.62,11.78,74.51,False
GLOBAL_条件戦,da_tekisei_code+kyakushitsu+rotation_bin+joshodo_code,da_tekisei_code,kyakushitsu,rotation_bin,joshodo_code,56,68796,76.68,8.26,74.51,False
GLOBAL_条件戦,uma_start_shisu_decile+hizume_code+kyakushitsu+rotation_bin,uma_start_shisu_decile,hizume_code,kyakushitsu,rotation_bin,287,60388,75.82,11.35,74.51,False
GLOBAL_条件戦,uma_deokure_bin+da_tekisei_code+shiba_tekisei_code+idm_decile,uma_deokure_bin,da_tekisei_code,shiba_tekisei_code,idm_decile,64,37631,77.1,10.58,74.51,False
GLOBAL_条件戦,uma_deokure_bin+manken_shisu_decile+da_tekisei_code+rotation_bin,uma_deokure_bin,manken_shisu_decile,da_tekisei_code,rotation_bin,168,54575,76.36,12.21,74.51,False
GLOBAL_条件戦,uma_deokure_bin+kyori_kubun+kyakushitsu+omo_tekisei_code,uma_deokure_bin,kyori_kubun,kyakushitsu,omo_tekisei_code,120,114391,76.11,8.92,74.51,False
GLOBAL_条件戦,manken_shirushi+pace_yoso+uma_start_shisu_decile+shiba_tekisei_code,manken_shirushi,pace_yoso,uma_start_shisu_decile,shiba_tekisei_code,177,45600,76.03,10.35,74.51,False
GLOBAL_条件戦,omo_tekisei_code+rotation_bin+joshodo_code+bataiju,omo_tekisei_code,rotation_bin,joshodo_code,bataiju,414,85717,75.46,9.84,74.51,False
GLOBAL_条件戦,manken_shirushi+kyori_tekisei+da_tekisei_code+shiba_tekisei_code,manken_shirushi,kyori_tekisei,da_tekisei_code,shiba_tekisei_code,77,23927,76.97,11.01,74.51,False
GLOBAL_条件戦,keibajo_code+rotation_bin+ichi_shisu_juni+idm_decile,keibajo_code,rotation_bin,ichi_shisu_juni,idm_decile,29,3395,78.96,12.21,74.51,False
GLOBAL_条件戦,kyori_tekisei+hizume_code+kyakushitsu+joshodo_code,kyori_tekisei,hizume_code,kyakushitsu,joshodo_code,150,106749,75.85,8.39,74.51,False
GLOBAL_条件戦,pace_yoso+kyori_kubun+omo_tekisei_code+shiba_tekisei_code,pace_yoso,kyori_kubun,omo_tekisei_code,shiba_tekisei_code,52,82055,76.37,6.84,74.51,False
GLOBAL_条件戦,uma_deokure_bin+uma_start_shisu_decile+omo_tekisei_code+rotation_bin,uma_deokure_bin,uma_start_shisu_decile,omo_tekisei_code,rotation_bin,184,98843,75.9,9.66,74.51,False
GLOBAL_条件戦,da_tekisei_code+rotation_bin+joshodo_code+idm_decile,da_tekisei_code,rotation_bin,joshodo_code,idm_decile,83,67654,76.94,11.34,74.5,False
GLOBAL_条件戦,pace_yoso+kyori_kubun+uma_start_shisu_decile+kyakushitsu,pace_yoso,kyori_kubun,uma_start_shisu_decile,kyakushitsu,211,106453,75.69,8.82,74.5,False
GLOBAL_条件戦,umakigo_code+uma_start_shisu_decile+kyori_tekisei+ichi_shisu_juni,umakigo_code,uma_start_shisu_decile,kyori_tekisei,ichi_shisu_juni,323,94527,75.69,10.96,74.5,False
GLOBAL_条件戦,kyori_kubun+hizume_code+joshodo_code+bataiju,kyori_kubun,hizume_code,joshodo_code,bataiju,288,48256,75.69,10.36,74.5,False
GLOBAL_条件戦,kyori_kubun+hizume_code+ichi_shisu_juni+idm_decile,kyori_kubun,hizume_code,ichi_shisu_juni,idm_decile,192,28972,76.27,12.5,74.5,False
GLOBAL_条件戦,uma_deokure_bin+pace_yoso+kyori_kubun+shiba_tekisei_code,uma_deokure_bin,pace_yoso,kyori_kubun,shiba_tekisei_code,64,82094,76.49,8.14,74.5,False
GLOBAL_条件戦,manken_shirushi+kyori_kubun+kyori_tekisei+rotation_bin,manken_shirushi,kyori_kubun,kyori_tekisei,rotation_bin,276,59127,75.87,11.68,74.5,False
GLOBAL_条件戦,manken_shirushi+kyori_kubun+shiba_tekisei_code+ichi_shisu_juni,manken_shirushi,kyori_kubun,shiba_tekisei_code,ichi_shisu_juni,187,27571,76.11,11.25,74.5,False
GLOBAL_条件戦,uma_start_shisu_decile+kyakushitsu+joshodo_code+ichi_shisu_juni,uma_start_shisu_decile,kyakushitsu,joshodo_code,ichi_shisu_juni,261,103646,75.58,8.9,74.5,False
GLOBAL_条件戦,kyori_kubun+umakigo_code+kyakushitsu+omo_tekisei_code,kyori_kubun,umakigo_code,kyakushitsu,omo_tekisei_code,68,120251,76.61,8.91,74.49,False
GLOBAL_条件戦,pace_yoso+hizume_code+omo_tekisei_code+joshodo_code,pace_yoso,hizume_code,omo_tekisei_code,joshodo_code,92,107218,75.8,6.43,74.49,False
GLOBAL_条件戦,pace_yoso+kyori_tekisei+omo_tekisei_code+rotation_bin,pace_yoso,kyori_tekisei,omo_tekisei_code,rotation_bin,169,102738,75.87,9.12,74.49,False
GLOBAL_条件戦,kyori_kubun+umakigo_code+da_tekisei_code+bataiju,kyori_kubun,umakigo_code,da_tekisei_code,bataiju,222,53146,75.89,10.66,74.49,False
GLOBAL_条件戦,umakigo_code+omo_tekisei_code+joshodo_code+ichi_shisu_juni,umakigo_code,omo_tekisei_code,joshodo_code,ichi_shisu_juni,58,110581,76.52,7.9,74.49,False
GLOBAL_条件戦,keibajo_code+manken_shisu_decile+joshodo_code+ichi_shisu_juni,keibajo_code,manken_shisu_decile,joshodo_code,ichi_shisu_juni,416,75151,75.55,11.01,74.49,False
GLOBAL_条件戦,pace_yoso+keibajo_code+kyori_tekisei+shiba_tekisei_code,pace_yoso,keibajo_code,kyori_tekisei,shiba_tekisei_code,171,77432,75.71,8.15,74.48,False
GLOBAL_条件戦,hizume_code+omo_tekisei_code+joshodo_code+bataiju,hizume_code,omo_tekisei_code,joshodo_code,bataiju,343,70076,75.51,9.74,74.48,False
GLOBAL_条件戦,uma_deokure_bin+kyakushitsu+omo_tekisei_code+rotation_bin,uma_deokure_bin,kyakushitsu,omo_tekisei_code,rotation_bin,149,108814,75.83,8.4,74.48,False
GLOBAL_条件戦,uma_deokure_bin+manken_shirushi+joshodo_code+ichi_shisu_juni,uma_deokure_bin,manken_shirushi,joshodo_code,ichi_shisu_juni,224,66937,75.71,9.36,74.48,False
GLOBAL_条件戦,uma_deokure_bin+umakigo_code+rotation_bin+bataiju,uma_deokure_bin,umakigo_code,rotation_bin,bataiju,403,79785,75.45,10.0,74.48,False
GLOBAL_条件戦,manken_shirushi+manken_shisu_decile+kyakushitsu+joshodo_code,manken_shirushi,manken_shisu_decile,kyakushitsu,joshodo_code,212,92096,75.5,7.61,74.48,False
GLOBAL_条件戦,pace_yoso+keibajo_code+hizume_code+ichi_shisu_juni,pace_yoso,keibajo_code,hizume_code,ichi_shisu_juni,129,18611,76.56,12.07,74.48,False
GLOBAL_条件戦,uma_deokure_bin+manken_shirushi+kyori_tekisei+shiba_tekisei_code,uma_deokure_bin,manken_shirushi,kyori_tekisei,shiba_tekisei_code,114,50804,76.26,9.76,74.47,False
GLOBAL_条件戦,uma_deokure_bin+kyori_kubun+rotation_bin+joshodo_code,uma_deokure_bin,kyori_kubun,rotation_bin,joshodo_code,98,116424,76.33,9.38,74.47,False
GLOBAL_条件戦,uma_deokure_bin+kyori_kubun+umakigo_code+rotation_bin,uma_deokure_bin,kyori_kubun,umakigo_code,rotation_bin,107,115081,76.39,10.13,74.47,False
GLOBAL_条件戦,umakigo_code+uma_start_shisu_decile+kyakushitsu+ichi_shisu_juni,umakigo_code,uma_start_shisu_decile,kyakushitsu,ichi_shisu_juni,262,102348,75.56,8.96,74.47,False
GLOBAL_条件戦,kyori_kubun+keibajo_code+da_tekisei_code+rotation_bin,kyori_kubun,keibajo_code,da_tekisei_code,rotation_bin,207,57563,75.94,10.88,74.46,False
GLOBAL_条件戦,uma_deokure_bin+manken_shisu_decile+joshodo_code+bataiju,uma_deokure_bin,manken_shisu_decile,joshodo_code,bataiju,449,61261,75.58,12.13,74.46,False
GLOBAL_条件戦,manken_shirushi+umakigo_code+hizume_code+kyakushitsu,manken_shirushi,umakigo_code,hizume_code,kyakushitsu,221,66973,75.83,10.45,74.46,False
GLOBAL_条件戦,uma_deokure_bin+pace_yoso+rotation_bin+bataiju,uma_deokure_bin,pace_yoso,rotation_bin,bataiju,189,23648,76.25,12.5,74.46,False
GLOBAL_条件戦,uma_deokure_bin+uma_start_shisu_decile+kyori_tekisei+manken_shisu_decile,uma_deokure_bin,uma_start_shisu_decile,kyori_tekisei,manken_shisu_decile,268,82994,75.82,11.4,74.46,False
GLOBAL_条件戦,uma_deokure_bin+pace_yoso+manken_shisu_decile+shiba_tekisei_code,uma_deokure_bin,pace_yoso,manken_shisu_decile,shiba_tekisei_code,122,77990,75.82,7.66,74.46,False
GLOBAL_条件戦,kyori_kubun+keibajo_code+hizume_code+rotation_bin,kyori_kubun,keibajo_code,hizume_code,rotation_bin,278,54697,75.71,10.65,74.46,False
GLOBAL_条件戦,uma_deokure_bin+umakigo_code+omo_tekisei_code+ichi_shisu_juni,uma_deokure_bin,umakigo_code,omo_tekisei_code,ichi_shisu_juni,112,104522,76.24,9.65,74.45,False
GLOBAL_条件戦,uma_start_shisu_decile+hizume_code+kyakushitsu+omo_tekisei_code,uma_start_shisu_decile,hizume_code,kyakushitsu,omo_tekisei_code,260,87941,75.6,9.44,74.45,False
GLOBAL_条件戦,pace_yoso+umakigo_code+kyori_tekisei+omo_tekisei_code,pace_yoso,umakigo_code,kyori_tekisei,omo_tekisei_code,48,108443,77.06,9.22,74.45,False
GLOBAL_条件戦,keibajo_code+kyakushitsu+omo_tekisei_code+joshodo_code,keibajo_code,kyakushitsu,omo_tekisei_code,joshodo_code,112,118839,75.68,6.63,74.45,False
GLOBAL_条件戦,uma_deokure_bin+omo_tekisei_code+joshodo_code+ichi_shisu_juni,uma_deokure_bin,omo_tekisei_code,joshodo_code,ichi_shisu_juni,106,105300,76.4,10.24,74.45,False
GLOBAL_条件戦,umakigo_code+kyori_tekisei+kyakushitsu+joshodo_code,umakigo_code,kyori_tekisei,kyakushitsu,joshodo_code,46,146889,76.7,7.81,74.45,False
GLOBAL_条件戦,kyori_kubun+umakigo_code+uma_start_shisu_decile+manken_shisu_decile,kyori_kubun,umakigo_code,uma_start_shisu_decile,manken_shisu_decile,251,104497,75.67,9.89,74.45,False
GLOBAL_条件戦,manken_shirushi+kyori_kubun+kyakushitsu+omo_tekisei_code,manken_shirushi,kyori_kubun,kyakushitsu,omo_tekisei_code,226,73416,75.7,9.63,74.44,False
GLOBAL_条件戦,pace_yoso+umakigo_code+uma_start_shisu_decile+manken_shisu_decile,pace_yoso,umakigo_code,uma_start_shisu_decile,manken_shisu_decile,204,105844,75.57,8.16,74.44,False
GLOBAL_条件戦,uma_start_shisu_decile+kyori_tekisei+omo_tekisei_code+rotation_bin,uma_start_shisu_decile,kyori_tekisei,omo_tekisei_code,rotation_bin,295,93472,75.62,10.33,74.44,False
GLOBAL_条件戦,manken_shirushi+kyori_tekisei+omo_tekisei_code+idm_decile,manken_shirushi,kyori_tekisei,omo_tekisei_code,idm_decile,271,63900,75.91,12.32,74.44,False
GLOBAL_条件戦,manken_shirushi+kyori_tekisei+rotation_bin+idm_decile,manken_shirushi,kyori_tekisei,rotation_bin,idm_decile,230,34568,76.19,13.57,74.44,False
GLOBAL_条件戦,uma_deokure_bin+manken_shirushi+umakigo_code+ichi_shisu_juni,uma_deokure_bin,manken_shirushi,umakigo_code,ichi_shisu_juni,224,65897,75.66,9.33,74.44,False
GLOBAL_条件戦,pace_yoso+kyori_kubun+manken_shisu_decile+da_tekisei_code,pace_yoso,kyori_kubun,manken_shisu_decile,da_tekisei_code,140,60458,76.14,10.25,74.44,False
GLOBAL_条件戦,manken_shirushi+manken_shisu_decile+kyakushitsu+shiba_tekisei_code,manken_shirushi,manken_shisu_decile,kyakushitsu,shiba_tekisei_code,184,47006,75.92,10.25,74.44,False
GLOBAL_条件戦,umakigo_code+uma_start_shisu_decile+manken_shisu_decile+joshodo_code,umakigo_code,uma_start_shisu_decile,manken_shisu_decile,joshodo_code,88,107845,75.82,6.65,74.44,False
GLOBAL_条件戦,umakigo_code+manken_shisu_decile+da_tekisei_code+rotation_bin,umakigo_code,manken_shisu_decile,da_tekisei_code,rotation_bin,119,64757,76.2,9.76,74.44,False
GLOBAL_条件戦,pace_yoso+manken_shisu_decile+omo_tekisei_code+shiba_tekisei_code,pace_yoso,manken_shisu_decile,omo_tekisei_code,shiba_tekisei_code,115,79890,75.93,8.18,74.44,False
GLOBAL_条件戦,kyori_kubun+omo_tekisei_code+joshodo_code+bataiju,kyori_kubun,omo_tekisei_code,joshodo_code,bataiju,356,100827,75.43,9.56,74.43,False
GLOBAL_条件戦,manken_shirushi+umakigo_code+manken_shisu_decile+shiba_tekisei_code,manken_shirushi,umakigo_code,manken_shisu_decile,shiba_tekisei_code,96,55123,76.13,8.48,74.43,False
GLOBAL_条件戦,uma_deokure_bin+umakigo_code+shiba_tekisei_code+idm_decile,uma_deokure_bin,umakigo_code,shiba_tekisei_code,idm_decile,69,87978,77.06,11.12,74.43,False
GLOBAL_条件戦,uma_deokure_bin+kyori_kubun+da_tekisei_code+kyakushitsu,uma_deokure_bin,kyori_kubun,da_tekisei_code,kyakushitsu,93,67614,76.46,9.99,74.43,False
GLOBAL_条件戦,pace_yoso+kyori_kubun+keibajo_code+uma_start_shisu_decile,pace_yoso,kyori_kubun,keibajo_code,uma_start_shisu_decile,330,92902,75.35,8.51,74.43,False
GLOBAL_条件戦,manken_shirushi+umakigo_code+shiba_tekisei_code+rotation_bin,manken_shirushi,umakigo_code,shiba_tekisei_code,rotation_bin,100,56086,76.14,8.76,74.43,False
GLOBAL_条件戦,uma_deokure_bin+uma_start_shisu_decile+kyakushitsu+ichi_shisu_juni,uma_deokure_bin,uma_start_shisu_decile,kyakushitsu,ichi_shisu_juni,245,83627,75.7,10.25,74.42,False
GLOBAL_条件戦,kyori_kubun+umakigo_code+keibajo_code+da_tekisei_code,kyori_kubun,umakigo_code,keibajo_code,da_tekisei_code,70,67792,76.28,7.93,74.42,False
GLOBAL_条件戦,uma_start_shisu_decile+hizume_code+joshodo_code+ichi_shisu_juni,uma_start_shisu_decile,hizume_code,joshodo_code,ichi_shisu_juni,309,70109,75.66,11.09,74.42,False
GLOBAL_条件戦,uma_deokure_bin+kyori_kubun+kyakushitsu+bataiju,uma_deokure_bin,kyori_kubun,kyakushitsu,bataiju,313,50985,75.75,12.08,74.42,False
GLOBAL_条件戦,uma_deokure_bin+kyori_kubun+omo_tekisei_code+shiba_tekisei_code,uma_deokure_bin,kyori_kubun,omo_tekisei_code,shiba_tekisei_code,72,87057,76.13,7.39,74.42,False
GLOBAL_条件戦,pace_yoso+kyori_kubun+uma_start_shisu_decile+shiba_tekisei_code,pace_yoso,kyori_kubun,uma_start_shisu_decile,shiba_tekisei_code,138,81220,75.72,7.81,74.42,False
GLOBAL_条件戦,uma_start_shisu_decile+kyakushitsu+rotation_bin+joshodo_code,uma_start_shisu_decile,kyakushitsu,rotation_bin,joshodo_code,173,108027,75.73,8.77,74.42,False
GLOBAL_条件戦,uma_deokure_bin+umakigo_code+shiba_tekisei_code+joshodo_code,uma_deokure_bin,umakigo_code,shiba_tekisei_code,joshodo_code,24,89617,77.98,8.9,74.42,False
GLOBAL_条件戦,kyori_tekisei+manken_shisu_decile+rotation_bin+ichi_shisu_juni,kyori_tekisei,manken_shisu_decile,rotation_bin,ichi_shisu_juni,64,7564,77.37,12.02,74.42,False
GLOBAL_条件戦,keibajo_code+uma_start_shisu_decile+hizume_code+joshodo_code,keibajo_code,uma_start_shisu_decile,hizume_code,joshodo_code,297,81443,75.65,10.83,74.42,False
GLOBAL_条件戦,manken_shirushi+da_tekisei_code+joshodo_code+idm_decile,manken_shirushi,da_tekisei_code,joshodo_code,idm_decile,92,45315,76.9,12.12,74.42,False
GLOBAL_条件戦,pace_yoso+kyori_tekisei+hizume_code+joshodo_code,pace_yoso,kyori_tekisei,hizume_code,joshodo_code,119,100538,75.69,7.05,74.42,False
GLOBAL_条件戦,keibajo_code+hizume_code+kyakushitsu+rotation_bin,keibajo_code,hizume_code,kyakushitsu,rotation_bin,270,47162,75.72,11.0,74.41,False
GLOBAL_条件戦,pace_yoso+kyori_kubun+hizume_code+omo_tekisei_code,pace_yoso,kyori_kubun,hizume_code,omo_tekisei_code,183,100935,75.48,7.36,74.41,False
GLOBAL_条件戦,uma_deokure_bin+rotation_bin+joshodo_code+bataiju,uma_deokure_bin,rotation_bin,joshodo_code,bataiju,416,82658,75.36,9.93,74.41,False
GLOBAL_条件戦,pace_yoso+manken_shisu_decile+joshodo_code+bataiju,pace_yoso,manken_shisu_decile,joshodo_code,bataiju,407,51992,75.57,11.84,74.41,False
GLOBAL_条件戦,pace_yoso+manken_shisu_decile+da_tekisei_code+joshodo_code,pace_yoso,manken_shisu_decile,da_tekisei_code,joshodo_code,52,62251,77.08,9.83,74.41,False
GLOBAL_条件戦,pace_yoso+kyori_kubun+omo_tekisei_code+bataiju,pace_yoso,kyori_kubun,omo_tekisei_code,bataiju,413,67660,75.43,10.62,74.41,False
GLOBAL_条件戦,uma_start_shisu_decile+kyori_tekisei+manken_shisu_decile+da_tekisei_code,uma_start_shisu_decile,kyori_tekisei,manken_shisu_decile,da_tekisei_code,166,40221,76.1,11.17,74.4,False
GLOBAL_条件戦,kyori_kubun+hizume_code+omo_tekisei_code+shiba_tekisei_code,kyori_kubun,hizume_code,omo_tekisei_code,shiba_tekisei_code,143,82484,76.02,9.87,74.4,False
GLOBAL_条件戦,kyori_kubun+umakigo_code+da_tekisei_code+ichi_shisu_juni,kyori_kubun,umakigo_code,da_tekisei_code,ichi_shisu_juni,97,60900,76.48,10.49,74.39,False
GLOBAL_条件戦,umakigo_code+uma_start_shisu_decile+hizume_code+joshodo_code,umakigo_code,uma_start_shisu_decile,hizume_code,joshodo_code,100,104696,75.9,7.71,74.39,False
GLOBAL_条件戦,pace_yoso+keibajo_code+omo_tekisei_code+rotation_bin,pace_yoso,keibajo_code,omo_tekisei_code,rotation_bin,296,99550,75.4,8.84,74.39,False
GLOBAL_条件戦,kyori_kubun+uma_start_shisu_decile+kyori_tekisei+shiba_tekisei_code,kyori_kubun,uma_start_shisu_decile,kyori_tekisei,shiba_tekisei_code,132,76694,75.97,9.26,74.39,False
GLOBAL_条件戦,pace_yoso+umakigo_code+uma_start_shisu_decile+bataiju,pace_yoso,umakigo_code,uma_start_shisu_decile,bataiju,345,61357,75.65,11.95,74.39,False
GLOBAL_条件戦,pace_yoso+uma_start_shisu_decile+manken_shisu_decile+joshodo_code,pace_yoso,uma_start_shisu_decile,manken_shisu_decile,joshodo_code,206,107543,75.54,8.44,74.39,False
GLOBAL_条件戦,kyori_kubun+umakigo_code+keibajo_code+omo_tekisei_code,kyori_kubun,umakigo_code,keibajo_code,omo_tekisei_code,112,116831,75.6,6.49,74.39,False
GLOBAL_条件戦,pace_yoso+kyori_kubun+uma_start_shisu_decile+rotation_bin,pace_yoso,kyori_kubun,uma_start_shisu_decile,rotation_bin,306,98221,75.44,9.39,74.39,False
GLOBAL_条件戦,umakigo_code+keibajo_code+uma_start_shisu_decile+hizume_code,umakigo_code,keibajo_code,uma_start_shisu_decile,hizume_code,294,80015,75.62,10.85,74.38,False
GLOBAL_条件戦,pace_yoso+manken_shisu_decile+da_tekisei_code+shiba_tekisei_code,pace_yoso,manken_shisu_decile,da_tekisei_code,shiba_tekisei_code,60,33163,76.33,7.72,74.38,False
GLOBAL_条件戦,keibajo_code+kyakushitsu+omo_tekisei_code+shiba_tekisei_code,keibajo_code,kyakushitsu,omo_tekisei_code,shiba_tekisei_code,158,85984,75.62,7.96,74.38,False
GLOBAL_条件戦,keibajo_code+hizume_code+da_tekisei_code+joshodo_code,keibajo_code,hizume_code,da_tekisei_code,joshodo_code,142,61899,76.09,10.43,74.38,False
GLOBAL_条件戦,kyori_kubun+uma_start_shisu_decile+joshodo_code+ichi_shisu_juni,kyori_kubun,uma_start_shisu_decile,joshodo_code,ichi_shisu_juni,295,100989,75.51,9.95,74.38,False
GLOBAL_条件戦,pace_yoso+kyori_kubun+umakigo_code+da_tekisei_code,pace_yoso,kyori_kubun,umakigo_code,da_tekisei_code,31,63725,78.25,10.99,74.38,False
GLOBAL_条件戦,umakigo_code+da_tekisei_code+kyakushitsu+rotation_bin,umakigo_code,da_tekisei_code,kyakushitsu,rotation_bin,58,67194,76.57,8.49,74.38,False
GLOBAL_条件戦,kyori_kubun+da_tekisei_code+kyakushitsu+joshodo_code,kyori_kubun,da_tekisei_code,kyakushitsu,joshodo_code,32,69356,76.86,7.18,74.37,False
GLOBAL_条件戦,uma_deokure_bin+kyori_kubun+umakigo_code+hizume_code,uma_deokure_bin,kyori_kubun,umakigo_code,hizume_code,131,108255,75.99,9.44,74.37,False
GLOBAL_条件戦,umakigo_code+keibajo_code+da_tekisei_code+rotation_bin,umakigo_code,keibajo_code,da_tekisei_code,rotation_bin,117,65390,76.14,9.79,74.37,False
GLOBAL_条件戦,pace_yoso+kyori_kubun+manken_shisu_decile+shiba_tekisei_code,pace_yoso,kyori_kubun,manken_shisu_decile,shiba_tekisei_code,169,79746,75.6,8.18,74.37,False
GLOBAL_条件戦,pace_yoso+kyori_kubun+umakigo_code+omo_tekisei_code,pace_yoso,kyori_kubun,umakigo_code,omo_tekisei_code,48,113104,76.52,7.61,74.37,False
GLOBAL_条件戦,kyori_kubun+keibajo_code+hizume_code+ichi_shisu_juni,kyori_kubun,keibajo_code,hizume_code,ichi_shisu_juni,136,20413,76.36,11.87,74.37,False
GLOBAL_条件戦,uma_deokure_bin+keibajo_code+uma_start_shisu_decile+da_tekisei_code,uma_deokure_bin,keibajo_code,uma_start_shisu_decile,da_tekisei_code,153,50866,76.16,11.37,74.36,False
GLOBAL_条件戦,hizume_code+kyakushitsu+omo_tekisei_code+joshodo_code,hizume_code,kyakushitsu,omo_tekisei_code,joshodo_code,117,113107,75.6,6.87,74.36,False
GLOBAL_条件戦,pace_yoso+umakigo_code+hizume_code+omo_tekisei_code,pace_yoso,umakigo_code,hizume_code,omo_tekisei_code,98,106697,75.66,6.56,74.36,False
GLOBAL_条件戦,uma_deokure_bin+kyakushitsu+rotation_bin+joshodo_code,uma_deokure_bin,kyakushitsu,rotation_bin,joshodo_code,102,116091,76.22,9.59,74.36,False
GLOBAL_条件戦,uma_deokure_bin+manken_shirushi+da_tekisei_code+ichi_shisu_juni,uma_deokure_bin,manken_shirushi,da_tekisei_code,ichi_shisu_juni,182,25559,76.19,12.54,74.36,False
GLOBAL_条件戦,keibajo_code+kyori_tekisei+rotation_bin+joshodo_code,keibajo_code,kyori_tekisei,rotation_bin,joshodo_code,238,110183,75.64,10.11,74.36,False
GLOBAL_条件戦,uma_deokure_bin+pace_yoso+keibajo_code+shiba_tekisei_code,uma_deokure_bin,pace_yoso,keibajo_code,shiba_tekisei_code,128,79319,75.73,7.92,74.36,False
GLOBAL_条件戦,pace_yoso+keibajo_code+uma_start_shisu_decile+omo_tekisei_code,pace_yoso,keibajo_code,uma_start_shisu_decile,omo_tekisei_code,335,99931,75.32,8.99,74.36,False
GLOBAL_条件戦,manken_shirushi+uma_start_shisu_decile+kyori_tekisei+manken_shisu_decile,manken_shirushi,uma_start_shisu_decile,kyori_tekisei,manken_shisu_decile,161,30056,76.2,11.93,74.36,False
GLOBAL_条件戦,manken_shirushi+kyori_kubun+shiba_tekisei_code+rotation_bin,manken_shirushi,kyori_kubun,shiba_tekisei_code,rotation_bin,199,46680,75.86,10.8,74.36,False
GLOBAL_条件戦,pace_yoso+kyori_kubun+keibajo_code+rotation_bin,pace_yoso,kyori_kubun,keibajo_code,rotation_bin,327,95488,75.34,9.14,74.35,False
GLOBAL_条件戦,uma_deokure_bin+kyori_kubun+manken_shisu_decile+omo_tekisei_code,uma_deokure_bin,kyori_kubun,manken_shisu_decile,omo_tekisei_code,181,106164,75.65,8.92,74.35,False
GLOBAL_条件戦,umakigo_code+uma_start_shisu_decile+kyakushitsu+rotation_bin,umakigo_code,uma_start_shisu_decile,kyakushitsu,rotation_bin,173,106631,75.65,8.75,74.35,False
GLOBAL_条件戦,kyori_kubun+uma_start_shisu_decile+kyakushitsu+bataiju,kyori_kubun,uma_start_shisu_decile,kyakushitsu,bataiju,148,20213,76.26,11.86,74.35,False
GLOBAL_条件戦,pace_yoso+uma_start_shisu_decile+kyori_tekisei+hizume_code,pace_yoso,uma_start_shisu_decile,kyori_tekisei,hizume_code,290,77420,75.58,10.65,74.35,False
GLOBAL_条件戦,keibajo_code+kyori_tekisei+hizume_code+joshodo_code,keibajo_code,kyori_tekisei,hizume_code,joshodo_code,259,99715,75.47,9.16,74.35,False
GLOBAL_条件戦,pace_yoso+uma_start_shisu_decile+joshodo_code+bataiju,pace_yoso,uma_start_shisu_decile,joshodo_code,bataiju,353,62976,75.58,11.84,74.34,False
GLOBAL_条件戦,keibajo_code+uma_start_shisu_decile+omo_tekisei_code+rotation_bin,keibajo_code,uma_start_shisu_decile,omo_tekisei_code,rotation_bin,319,70086,75.55,11.02,74.34,False
GLOBAL_条件戦,pace_yoso+umakigo_code+kyori_tekisei+bataiju,pace_yoso,umakigo_code,kyori_tekisei,bataiju,413,118419,75.32,10.07,74.34,False
GLOBAL_条件戦,uma_start_shisu_decile+hizume_code+kyakushitsu+joshodo_code,uma_start_shisu_decile,hizume_code,kyakushitsu,joshodo_code,201,99072,75.52,8.51,74.34,False
GLOBAL_条件戦,keibajo_code+da_tekisei_code+omo_tekisei_code+rotation_bin,keibajo_code,da_tekisei_code,omo_tekisei_code,rotation_bin,172,59498,75.97,10.86,74.34,False
GLOBAL_条件戦,kyori_kubun+hizume_code+da_tekisei_code+omo_tekisei_code,kyori_kubun,hizume_code,da_tekisei_code,omo_tekisei_code,129,62396,76.18,10.65,74.34,False
GLOBAL_条件戦,umakigo_code+kyori_tekisei+hizume_code+joshodo_code,umakigo_code,kyori_tekisei,hizume_code,joshodo_code,77,109804,76.12,7.96,74.34,False
GLOBAL_条件戦,pace_yoso+kyori_tekisei+hizume_code+omo_tekisei_code,pace_yoso,kyori_tekisei,hizume_code,omo_tekisei_code,192,96776,75.64,9.25,74.34,False
GLOBAL_条件戦,pace_yoso+umakigo_code+omo_tekisei_code+shiba_tekisei_code,pace_yoso,umakigo_code,omo_tekisei_code,shiba_tekisei_code,23,82055,77.47,7.7,74.33,False
GLOBAL_条件戦,uma_deokure_bin+umakigo_code+kyori_tekisei+bataiju,uma_deokure_bin,umakigo_code,kyori_tekisei,bataiju,356,90249,75.43,10.58,74.33,False
GLOBAL_条件戦,pace_yoso+kyori_tekisei+kyakushitsu+omo_tekisei_code,pace_yoso,kyori_tekisei,kyakushitsu,omo_tekisei_code,112,108291,75.78,7.84,74.33,False
GLOBAL_条件戦,uma_start_shisu_decile+hizume_code+da_tekisei_code+kyakushitsu,uma_start_shisu_decile,hizume_code,da_tekisei_code,kyakushitsu,174,46066,75.96,11.01,74.33,False
GLOBAL_条件戦,umakigo_code+kyori_tekisei+hizume_code+da_tekisei_code,umakigo_code,kyori_tekisei,hizume_code,da_tekisei_code,82,62233,76.68,10.86,74.33,False
GLOBAL_条件戦,uma_deokure_bin+kyori_kubun+uma_start_shisu_decile+manken_shisu_decile,uma_deokure_bin,kyori_kubun,uma_start_shisu_decile,manken_shisu_decile,267,88920,75.54,10.11,74.33,False
GLOBAL_条件戦,uma_deokure_bin+pace_yoso+omo_tekisei_code+rotation_bin,uma_deokure_bin,pace_yoso,omo_tekisei_code,rotation_bin,127,106602,75.94,9.23,74.33,False
GLOBAL_条件戦,kyori_kubun+da_tekisei_code+joshodo_code+bataiju,kyori_kubun,da_tekisei_code,joshodo_code,bataiju,229,55051,75.72,10.73,74.33,False
GLOBAL_条件戦,uma_start_shisu_decile+da_tekisei_code+omo_tekisei_code+idm_decile,uma_start_shisu_decile,da_tekisei_code,omo_tekisei_code,idm_decile,143,58060,76.72,14.58,74.33,False
GLOBAL_条件戦,pace_yoso+manken_shisu_decile+da_tekisei_code+rotation_bin,pace_yoso,manken_shisu_decile,da_tekisei_code,rotation_bin,184,54629,75.97,11.42,74.32,False
GLOBAL_条件戦,pace_yoso+umakigo_code+manken_shisu_decile+da_tekisei_code,pace_yoso,umakigo_code,manken_shisu_decile,da_tekisei_code,52,61313,76.91,9.54,74.32,False
GLOBAL_条件戦,kyori_kubun+keibajo_code+omo_tekisei_code+joshodo_code,kyori_kubun,keibajo_code,omo_tekisei_code,joshodo_code,107,118579,75.52,6.3,74.32,False
GLOBAL_条件戦,uma_deokure_bin+keibajo_code+kyori_tekisei+shiba_tekisei_code,uma_deokure_bin,keibajo_code,kyori_tekisei,shiba_tekisei_code,156,79011,75.69,8.76,74.32,False
GLOBAL_条件戦,kyori_kubun+uma_start_shisu_decile+kyakushitsu+rotation_bin,kyori_kubun,uma_start_shisu_decile,kyakushitsu,rotation_bin,304,92732,75.55,10.95,74.32,False
GLOBAL_条件戦,uma_deokure_bin+kyori_kubun+omo_tekisei_code+bataiju,uma_deokure_bin,kyori_kubun,omo_tekisei_code,bataiju,420,75339,75.33,10.54,74.32,False
GLOBAL_条件戦,umakigo_code+keibajo_code+kyori_tekisei+rotation_bin,umakigo_code,keibajo_code,kyori_tekisei,rotation_bin,236,107578,75.61,10.2,74.31,False
GLOBAL_条件戦,kyori_tekisei+hizume_code+da_tekisei_code+rotation_bin,kyori_tekisei,hizume_code,da_tekisei_code,rotation_bin,173,49556,76.06,11.76,74.31,False
GLOBAL_条件戦,da_tekisei_code+kyakushitsu+joshodo_code+bataiju,da_tekisei_code,kyakushitsu,joshodo_code,bataiju,234,54772,75.77,11.39,74.31,False
GLOBAL_条件戦,uma_start_shisu_decile+hizume_code+omo_tekisei_code+rotation_bin,uma_start_shisu_decile,hizume_code,omo_tekisei_code,rotation_bin,286,71223,75.5,10.25,74.31,False
GLOBAL_条件戦,kyori_kubun+umakigo_code+kyori_tekisei+omo_tekisei_code,kyori_kubun,umakigo_code,kyori_tekisei,omo_tekisei_code,56,115781,76.62,8.83,74.31,False
GLOBAL_条件戦,umakigo_code+keibajo_code+kyakushitsu+omo_tekisei_code,umakigo_code,keibajo_code,kyakushitsu,omo_tekisei_code,113,116373,75.52,6.58,74.31,False
GLOBAL_条件戦,uma_deokure_bin+kyori_kubun+hizume_code+da_tekisei_code,uma_deokure_bin,kyori_kubun,hizume_code,da_tekisei_code,138,58620,76.21,11.46,74.3,False
GLOBAL_条件戦,manken_shirushi+kyori_tekisei+hizume_code+idm_decile,manken_shirushi,kyori_tekisei,hizume_code,idm_decile,171,25323,76.18,12.52,74.3,False
GLOBAL_条件戦,uma_deokure_bin+pace_yoso+hizume_code+da_tekisei_code,uma_deokure_bin,pace_yoso,hizume_code,da_tekisei_code,106,55787,76.39,10.99,74.3,False
GLOBAL_条件戦,kyori_kubun+umakigo_code+keibajo_code+shiba_tekisei_code,kyori_kubun,umakigo_code,keibajo_code,shiba_tekisei_code,75,87524,75.82,6.71,74.3,False
GLOBAL_条件戦,uma_deokure_bin+umakigo_code+manken_shisu_decile+shiba_tekisei_code,uma_deokure_bin,umakigo_code,manken_shisu_decile,shiba_tekisei_code,78,84744,76.15,8.39,74.29,False
GLOBAL_条件戦,uma_deokure_bin+umakigo_code+hizume_code+bataiju,uma_deokure_bin,umakigo_code,hizume_code,bataiju,297,59253,75.4,9.8,74.29,False
GLOBAL_条件戦,manken_shirushi+kyori_kubun+kyakushitsu+joshodo_code,manken_shirushi,kyori_kubun,kyakushitsu,joshodo_code,148,97330,75.44,7.15,74.29,False
GLOBAL_条件戦,uma_deokure_bin+pace_yoso+manken_shisu_decile+da_tekisei_code,uma_deokure_bin,pace_yoso,manken_shisu_decile,da_tekisei_code,102,57598,76.25,10.07,74.29,False
GLOBAL_条件戦,manken_shisu_decile+da_tekisei_code+joshodo_code+idm_decile,manken_shisu_decile,da_tekisei_code,joshodo_code,idm_decile,104,66435,76.55,11.83,74.28,False
GLOBAL_条件戦,kyori_kubun+da_tekisei_code+joshodo_code+ichi_shisu_juni,kyori_kubun,da_tekisei_code,joshodo_code,ichi_shisu_juni,97,61846,76.34,10.32,74.28,False
GLOBAL_条件戦,uma_deokure_bin+hizume_code+omo_tekisei_code+shiba_tekisei_code,uma_deokure_bin,hizume_code,omo_tekisei_code,shiba_tekisei_code,110,79949,75.94,8.89,74.28,False
GLOBAL_条件戦,pace_yoso+kyori_kubun+uma_start_shisu_decile+hizume_code,pace_yoso,kyori_kubun,uma_start_shisu_decile,hizume_code,291,83344,75.43,10.01,74.28,False
GLOBAL_条件戦,umakigo_code+kyori_tekisei+hizume_code+omo_tekisei_code,umakigo_code,kyori_tekisei,hizume_code,omo_tekisei_code,119,107218,75.83,8.65,74.28,False
GLOBAL_条件戦,kyori_kubun+umakigo_code+uma_start_shisu_decile+ichi_shisu_juni,kyori_kubun,umakigo_code,uma_start_shisu_decile,ichi_shisu_juni,289,98984,75.45,10.13,74.28,False
GLOBAL_条件戦,manken_shirushi+umakigo_code+manken_shisu_decile+kyakushitsu,manken_shirushi,umakigo_code,manken_shisu_decile,kyakushitsu,211,91982,75.39,8.34,74.27,False
GLOBAL_条件戦,manken_shirushi+uma_start_shisu_decile+omo_tekisei_code+shiba_tekisei_code,manken_shirushi,uma_start_shisu_decile,omo_tekisei_code,shiba_tekisei_code,167,47600,75.81,10.15,74.27,False
GLOBAL_条件戦,manken_shirushi+kyori_tekisei+manken_shisu_decile+shiba_tekisei_code,manken_shirushi,kyori_tekisei,manken_shisu_decile,shiba_tekisei_code,184,47146,75.88,11.15,74.27,False
GLOBAL_条件戦,uma_deokure_bin+pace_yoso+kyori_kubun+manken_shisu_decile,uma_deokure_bin,pace_yoso,kyori_kubun,manken_shisu_decile,206,102860,75.43,8.56,74.27,False
GLOBAL_条件戦,uma_deokure_bin+kyori_kubun+da_tekisei_code+ichi_shisu_juni,uma_deokure_bin,kyori_kubun,da_tekisei_code,ichi_shisu_juni,156,54654,76.26,12.69,74.27,False
GLOBAL_条件戦,kyori_tekisei+da_tekisei_code+joshodo_code+idm_decile,kyori_tekisei,da_tekisei_code,joshodo_code,idm_decile,50,66401,78.21,14.22,74.27,False
GLOBAL_条件戦,uma_deokure_bin+uma_start_shisu_decile+omo_tekisei_code+shiba_tekisei_code,uma_deokure_bin,uma_start_shisu_decile,omo_tekisei_code,shiba_tekisei_code,79,78216,76.36,9.49,74.27,False
GLOBAL_条件戦,manken_shisu_decile+kyakushitsu+shiba_tekisei_code+joshodo_code,manken_shisu_decile,kyakushitsu,shiba_tekisei_code,joshodo_code,81,87555,75.89,7.42,74.27,False
GLOBAL_条件戦,umakigo_code+keibajo_code+hizume_code+omo_tekisei_code,umakigo_code,keibajo_code,hizume_code,omo_tekisei_code,186,104789,75.44,8.09,74.27,False
GLOBAL_条件戦,uma_deokure_bin+kyori_tekisei+joshodo_code+bataiju,uma_deokure_bin,kyori_tekisei,joshodo_code,bataiju,359,92314,75.37,10.55,74.27,False
GLOBAL_条件戦,manken_shirushi+keibajo_code+kyori_tekisei+manken_shisu_decile,manken_shirushi,keibajo_code,kyori_tekisei,manken_shisu_decile,251,45207,75.67,11.31,74.27,False
GLOBAL_条件戦,uma_deokure_bin+pace_yoso+kyori_tekisei+rotation_bin,uma_deokure_bin,pace_yoso,kyori_tekisei,rotation_bin,173,100922,75.68,9.46,74.27,False
GLOBAL_条件戦,uma_deokure_bin+keibajo_code+hizume_code+rotation_bin,uma_deokure_bin,keibajo_code,hizume_code,rotation_bin,308,63462,75.34,9.59,74.27,False
GLOBAL_条件戦,uma_deokure_bin+keibajo_code+da_tekisei_code+rotation_bin,uma_deokure_bin,keibajo_code,da_tekisei_code,rotation_bin,175,55785,75.94,11.34,74.26,False
GLOBAL_条件戦,pace_yoso+keibajo_code+uma_start_shisu_decile+kyori_tekisei,pace_yoso,keibajo_code,uma_start_shisu_decile,kyori_tekisei,305,77971,75.51,11.14,74.26,False
GLOBAL_条件戦,manken_shirushi+keibajo_code+uma_start_shisu_decile+idm_decile,manken_shirushi,keibajo_code,uma_start_shisu_decile,idm_decile,61,7522,77.45,12.75,74.25,False
GLOBAL_条件戦,kyori_kubun+manken_shisu_decile+da_tekisei_code+joshodo_code,kyori_kubun,manken_shisu_decile,da_tekisei_code,joshodo_code,71,68015,76.45,9.47,74.25,False
GLOBAL_条件戦,kyori_tekisei+da_tekisei_code+kyakushitsu+ichi_shisu_juni,kyori_tekisei,da_tekisei_code,kyakushitsu,ichi_shisu_juni,189,53788,75.98,12.14,74.25,False
GLOBAL_条件戦,kyori_kubun+uma_start_shisu_decile+da_tekisei_code+shiba_tekisei_code,kyori_kubun,uma_start_shisu_decile,da_tekisei_code,shiba_tekisei_code,66,33350,76.63,9.87,74.25,False
GLOBAL_条件戦,kyori_tekisei+manken_shisu_decile+shiba_tekisei_code+rotation_bin,kyori_tekisei,manken_shisu_decile,shiba_tekisei_code,rotation_bin,261,72451,75.59,11.01,74.25,False
GLOBAL_条件戦,uma_deokure_bin+hizume_code+rotation_bin+joshodo_code,uma_deokure_bin,hizume_code,rotation_bin,joshodo_code,161,103804,75.61,8.82,74.25,False
GLOBAL_条件戦,kyori_kubun+hizume_code+da_tekisei_code+kyakushitsu,kyori_kubun,hizume_code,da_tekisei_code,kyakushitsu,170,59109,75.75,10.01,74.24,False
GLOBAL_条件戦,uma_deokure_bin+pace_yoso+kyori_kubun+keibajo_code,uma_deokure_bin,pace_yoso,kyori_kubun,keibajo_code,181,104548,75.24,6.91,74.24,False
GLOBAL_条件戦,uma_deokure_bin+pace_yoso+keibajo_code+uma_start_shisu_decile,uma_deokure_bin,pace_yoso,keibajo_code,uma_start_shisu_decile,249,94828,75.35,8.95,74.24,False
GLOBAL_条件戦,uma_deokure_bin+umakigo_code+joshodo_code+idm_decile,uma_deokure_bin,umakigo_code,joshodo_code,idm_decile,56,118454,77.24,11.46,74.24,False
GLOBAL_条件戦,pace_yoso+keibajo_code+shiba_tekisei_code+joshodo_code,pace_yoso,keibajo_code,shiba_tekisei_code,joshodo_code,61,82707,75.9,6.6,74.24,False
GLOBAL_条件戦,manken_shirushi+omo_tekisei_code+joshodo_code+ichi_shisu_juni,manken_shirushi,omo_tekisei_code,joshodo_code,ichi_shisu_juni,240,70123,75.39,9.06,74.24,False
GLOBAL_条件戦,uma_deokure_bin+manken_shirushi+hizume_code+da_tekisei_code,uma_deokure_bin,manken_shirushi,hizume_code,da_tekisei_code,142,30852,76.18,11.79,74.24,False
GLOBAL_条件戦,uma_deokure_bin+kyori_tekisei+manken_shisu_decile+rotation_bin,uma_deokure_bin,kyori_tekisei,manken_shisu_decile,rotation_bin,355,92470,75.32,10.48,74.23,False
GLOBAL_条件戦,hizume_code+manken_shisu_decile+da_tekisei_code+ichi_shisu_juni,hizume_code,manken_shisu_decile,da_tekisei_code,ichi_shisu_juni,40,4401,78.75,14.59,74.23,False
GLOBAL_条件戦,kyori_kubun+kyori_tekisei+shiba_tekisei_code+rotation_bin,kyori_kubun,kyori_tekisei,shiba_tekisei_code,rotation_bin,136,83779,75.9,9.99,74.23,False
GLOBAL_条件戦,uma_start_shisu_decile+kyori_tekisei+kyakushitsu+shiba_tekisei_code,uma_start_shisu_decile,kyori_tekisei,kyakushitsu,shiba_tekisei_code,144,75663,75.73,9.2,74.23,False
GLOBAL_条件戦,pace_yoso+kyori_kubun+kyakushitsu+bataiju,pace_yoso,kyori_kubun,kyakushitsu,bataiju,401,63981,75.34,11.34,74.23,False
GLOBAL_条件戦,uma_deokure_bin+pace_yoso+rotation_bin+joshodo_code,uma_deokure_bin,pace_yoso,rotation_bin,joshodo_code,68,109786,76.35,8.95,74.23,False
GLOBAL_条件戦,uma_deokure_bin+hizume_code+kyakushitsu+joshodo_code,uma_deokure_bin,hizume_code,kyakushitsu,joshodo_code,132,110171,75.62,8.18,74.23,False
GLOBAL_条件戦,hizume_code+da_tekisei_code+rotation_bin+joshodo_code,hizume_code,da_tekisei_code,rotation_bin,joshodo_code,115,63384,76.13,10.37,74.23,False
GLOBAL_条件戦,kyori_kubun+uma_start_shisu_decile+omo_tekisei_code+shiba_tekisei_code,kyori_kubun,uma_start_shisu_decile,omo_tekisei_code,shiba_tekisei_code,115,80320,75.72,8.17,74.23,False
GLOBAL_条件戦,kyori_kubun+uma_start_shisu_decile+manken_shisu_decile+ichi_shisu_juni,kyori_kubun,uma_start_shisu_decile,manken_shisu_decile,ichi_shisu_juni,152,23280,76.08,11.62,74.23,False
GLOBAL_条件戦,umakigo_code+manken_shisu_decile+kyakushitsu+omo_tekisei_code,umakigo_code,manken_shisu_decile,kyakushitsu,omo_tekisei_code,110,114652,75.77,8.23,74.23,False
GLOBAL_条件戦,umakigo_code+hizume_code+omo_tekisei_code+bataiju,umakigo_code,hizume_code,omo_tekisei_code,bataiju,335,67886,75.26,9.62,74.23,False
GLOBAL_条件戦,pace_yoso+umakigo_code+manken_shisu_decile+omo_tekisei_code,pace_yoso,umakigo_code,manken_shisu_decile,omo_tekisei_code,80,108600,76.07,8.38,74.23,False
GLOBAL_条件戦,manken_shirushi+umakigo_code+kyori_tekisei+joshodo_code,manken_shirushi,umakigo_code,kyori_tekisei,joshodo_code,43,91927,76.32,7.03,74.22,False
GLOBAL_条件戦,pace_yoso+keibajo_code+kyakushitsu+rotation_bin,pace_yoso,keibajo_code,kyakushitsu,rotation_bin,378,89523,75.24,10.1,74.22,False
GLOBAL_条件戦,keibajo_code+uma_start_shisu_decile+joshodo_code+bataiju,keibajo_code,uma_start_shisu_decile,joshodo_code,bataiju,129,16783,76.06,10.65,74.22,False
GLOBAL_条件戦,kyori_kubun+keibajo_code+hizume_code+manken_shisu_decile,kyori_kubun,keibajo_code,hizume_code,manken_shisu_decile,227,37438,75.73,11.6,74.22,False
GLOBAL_条件戦,pace_yoso+da_tekisei_code+joshodo_code+ichi_shisu_juni,pace_yoso,da_tekisei_code,joshodo_code,ichi_shisu_juni,79,62410,76.37,9.75,74.22,False
GLOBAL_条件戦,pace_yoso+keibajo_code+da_tekisei_code+rotation_bin,pace_yoso,keibajo_code,da_tekisei_code,rotation_bin,181,54602,75.85,11.18,74.22,False
GLOBAL_条件戦,uma_deokure_bin+pace_yoso+uma_start_shisu_decile+ichi_shisu_juni,uma_deokure_bin,pace_yoso,uma_start_shisu_decile,ichi_shisu_juni,270,86402,75.43,10.22,74.21,False
GLOBAL_条件戦,umakigo_code+keibajo_code+rotation_bin+ichi_shisu_juni,umakigo_code,keibajo_code,rotation_bin,ichi_shisu_juni,442,77557,75.3,11.62,74.21,False
GLOBAL_条件戦,keibajo_code+manken_shisu_decile+kyakushitsu+rotation_bin,keibajo_code,manken_shisu_decile,kyakushitsu,rotation_bin,252,33687,75.7,12.1,74.21,False
GLOBAL_条件戦,kyori_kubun+umakigo_code+hizume_code+bataiju,kyori_kubun,umakigo_code,hizume_code,bataiju,283,47231,75.38,10.08,74.21,False
GLOBAL_条件戦,keibajo_code+manken_shisu_decile+rotation_bin+idm_decile,keibajo_code,manken_shisu_decile,rotation_bin,idm_decile,122,16099,76.35,12.07,74.21,False
GLOBAL_条件戦,kyori_kubun+umakigo_code+uma_start_shisu_decile+shiba_tekisei_code,kyori_kubun,umakigo_code,uma_start_shisu_decile,shiba_tekisei_code,64,82159,75.94,7.05,74.21,False
GLOBAL_条件戦,keibajo_code+kyori_tekisei+kyakushitsu+joshodo_code,keibajo_code,kyori_tekisei,kyakushitsu,joshodo_code,168,145397,75.43,8.12,74.21,False
GLOBAL_条件戦,kyori_tekisei+da_tekisei_code+shiba_tekisei_code+rotation_bin,kyori_tekisei,da_tekisei_code,shiba_tekisei_code,rotation_bin,71,37037,76.29,8.92,74.21,False
GLOBAL_条件戦,da_tekisei_code+shiba_tekisei_code+rotation_bin+joshodo_code,da_tekisei_code,shiba_tekisei_code,rotation_bin,joshodo_code,28,39580,76.88,7.2,74.21,False
GLOBAL_条件戦,uma_start_shisu_decile+manken_shisu_decile+rotation_bin+joshodo_code,uma_start_shisu_decile,manken_shisu_decile,rotation_bin,joshodo_code,354,97642,75.34,10.93,74.2,False
GLOBAL_条件戦,kyori_kubun+umakigo_code+ichi_shisu_juni+bataiju,kyori_kubun,umakigo_code,ichi_shisu_juni,bataiju,235,46986,75.44,9.68,74.2,False
GLOBAL_条件戦,umakigo_code+manken_shisu_decile+da_tekisei_code+idm_decile,umakigo_code,manken_shisu_decile,da_tekisei_code,idm_decile,106,65172,76.47,11.93,74.2,False
GLOBAL_条件戦,kyori_kubun+da_tekisei_code+shiba_tekisei_code+rotation_bin,kyori_kubun,da_tekisei_code,shiba_tekisei_code,rotation_bin,72,38504,76.39,9.52,74.2,False
GLOBAL_条件戦,kyori_tekisei_2+umakigo_code+shiba_tekisei_code+rotation_bin,kyori_tekisei_2,umakigo_code,shiba_tekisei_code,rotation_bin,4,496,86.61,12.67,74.2,False
GLOBAL_条件戦,umakigo_code+uma_start_shisu_decile+hizume_code+kyakushitsu,umakigo_code,uma_start_shisu_decile,hizume_code,kyakushitsu,204,98108,75.39,8.68,74.2,False
GLOBAL_条件戦,kyori_kubun+omo_tekisei_code+rotation_bin+bataiju,kyori_kubun,omo_tekisei_code,rotation_bin,bataiju,153,19630,76.08,11.93,74.19,False
GLOBAL_条件戦,umakigo_code+da_tekisei_code+kyakushitsu+idm_decile,umakigo_code,da_tekisei_code,kyakushitsu,idm_decile,61,67957,76.95,11.0,74.19,False
GLOBAL_条件戦,uma_deokure_bin+pace_yoso+keibajo_code+hizume_code,uma_deokure_bin,pace_yoso,keibajo_code,hizume_code,298,84594,75.17,8.63,74.19,False
GLOBAL_条件戦,manken_shirushi+uma_start_shisu_decile+manken_shisu_decile+da_tekisei_code,manken_shirushi,uma_start_shisu_decile,manken_shisu_decile,da_tekisei_code,115,20279,76.77,14.14,74.19,False
GLOBAL_条件戦,uma_deokure_bin+pace_yoso+kyori_tekisei+shiba_tekisei_code,uma_deokure_bin,pace_yoso,kyori_tekisei,shiba_tekisei_code,64,78479,76.18,8.13,74.19,False
GLOBAL_条件戦,manken_shisu_decile+da_tekisei_code+rotation_bin+ichi_shisu_juni,manken_shisu_decile,da_tekisei_code,rotation_bin,ichi_shisu_juni,80,9373,76.78,11.81,74.19,False
GLOBAL_条件戦,uma_deokure_bin+kyori_kubun+keibajo_code+kyori_tekisei,uma_deokure_bin,kyori_kubun,keibajo_code,kyori_tekisei,214,105827,75.43,9.27,74.19,False
GLOBAL_条件戦,manken_shisu_decile+kyakushitsu+omo_tekisei_code+shiba_tekisei_code,manken_shisu_decile,kyakushitsu,omo_tekisei_code,shiba_tekisei_code,147,83808,75.4,7.48,74.19,False
GLOBAL_条件戦,uma_deokure_bin+da_tekisei_code+shiba_tekisei_code+ichi_shisu_juni,uma_deokure_bin,da_tekisei_code,shiba_tekisei_code,ichi_shisu_juni,72,29423,76.6,10.45,74.18,False
GLOBAL_条件戦,manken_shirushi+kyori_kubun+kyakushitsu+shiba_tekisei_code,manken_shirushi,kyori_kubun,kyakushitsu,shiba_tekisei_code,179,55036,75.68,10.25,74.18,False
GLOBAL_条件戦,uma_deokure_bin+umakigo_code+uma_start_shisu_decile+manken_shisu_decile,uma_deokure_bin,umakigo_code,uma_start_shisu_decile,manken_shisu_decile,166,102302,75.64,9.59,74.18,False
GLOBAL_条件戦,pace_yoso+uma_start_shisu_decile+hizume_code+omo_tekisei_code,pace_yoso,uma_start_shisu_decile,hizume_code,omo_tekisei_code,258,92376,75.37,9.71,74.18,False
GLOBAL_条件戦,manken_shirushi+uma_start_shisu_decile+kyakushitsu+shiba_tekisei_code,manken_shirushi,uma_start_shisu_decile,kyakushitsu,shiba_tekisei_code,176,42830,75.72,10.45,74.18,False
GLOBAL_条件戦,pace_yoso+umakigo_code+omo_tekisei_code+rotation_bin,pace_yoso,umakigo_code,omo_tekisei_code,rotation_bin,69,109029,76.07,7.99,74.18,False
GLOBAL_条件戦,manken_shirushi+kyori_kubun+da_tekisei_code+idm_decile,manken_shirushi,kyori_kubun,da_tekisei_code,idm_decile,167,38526,76.28,13.9,74.17,False
GLOBAL_条件戦,keibajo_code+kyori_tekisei+kyakushitsu+shiba_tekisei_code,keibajo_code,kyori_tekisei,kyakushitsu,shiba_tekisei_code,212,80367,75.52,9.97,74.17,False
GLOBAL_条件戦,pace_yoso+kyori_kubun+da_tekisei_code+ichi_shisu_juni,pace_yoso,kyori_kubun,da_tekisei_code,ichi_shisu_juni,166,56673,75.88,11.24,74.17,False
GLOBAL_条件戦,uma_start_shisu_decile+kyori_tekisei+manken_shisu_decile+omo_tekisei_code,uma_start_shisu_decile,kyori_tekisei,manken_shisu_decile,omo_tekisei_code,324,82032,75.37,11.0,74.17,False
GLOBAL_条件戦,umakigo_code+hizume_code+kyakushitsu+omo_tekisei_code,umakigo_code,hizume_code,kyakushitsu,omo_tekisei_code,122,111432,75.37,6.75,74.17,False
GLOBAL_条件戦,pace_yoso+kyori_kubun+keibajo_code+hizume_code,pace_yoso,kyori_kubun,keibajo_code,hizume_code,300,80777,75.16,8.7,74.17,False
GLOBAL_条件戦,kyori_kubun+manken_shisu_decile+omo_tekisei_code+shiba_tekisei_code,kyori_kubun,manken_shisu_decile,omo_tekisei_code,shiba_tekisei_code,147,84513,75.65,9.16,74.17,False
GLOBAL_条件戦,keibajo_code+kyori_tekisei+da_tekisei_code+rotation_bin,keibajo_code,kyori_tekisei,da_tekisei_code,rotation_bin,192,51307,75.88,12.09,74.17,False
GLOBAL_条件戦,uma_deokure_bin+uma_start_shisu_decile+manken_shisu_decile+joshodo_code,uma_deokure_bin,uma_start_shisu_decile,manken_shisu_decile,joshodo_code,161,103162,75.74,10.13,74.17,False
GLOBAL_条件戦,umakigo_code+kyori_tekisei+omo_tekisei_code+rotation_bin,umakigo_code,kyori_tekisei,omo_tekisei_code,rotation_bin,89,110060,76.04,9.0,74.17,False
GLOBAL_条件戦,uma_deokure_bin+keibajo_code+uma_start_shisu_decile+kyakushitsu,uma_deokure_bin,keibajo_code,uma_start_shisu_decile,kyakushitsu,238,89157,75.37,9.54,74.16,False
GLOBAL_条件戦,pace_yoso+kyori_kubun+rotation_bin+ichi_shisu_juni,pace_yoso,kyori_kubun,rotation_bin,ichi_shisu_juni,406,79159,75.18,10.49,74.16,False
GLOBAL_条件戦,manken_shirushi+manken_shisu_decile+shiba_tekisei_code+rotation_bin,manken_shirushi,manken_shisu_decile,shiba_tekisei_code,rotation_bin,192,38627,75.62,10.37,74.16,False
GLOBAL_条件戦,kyori_kubun+omo_tekisei_code+rotation_bin+joshodo_code,kyori_kubun,omo_tekisei_code,rotation_bin,joshodo_code,81,116298,76.01,8.46,74.16,False
GLOBAL_条件戦,uma_deokure_bin+uma_start_shisu_decile+kyakushitsu+shiba_tekisei_code,uma_deokure_bin,uma_start_shisu_decile,kyakushitsu,shiba_tekisei_code,105,78395,75.83,8.79,74.15,False
GLOBAL_条件戦,pace_yoso+umakigo_code+keibajo_code+bataiju,pace_yoso,umakigo_code,keibajo_code,bataiju,460,78848,75.04,9.8,74.15,False
GLOBAL_条件戦,uma_deokure_bin+kyakushitsu+omo_tekisei_code+bataiju,uma_deokure_bin,kyakushitsu,omo_tekisei_code,bataiju,382,71796,75.22,10.69,74.15,False
GLOBAL_条件戦,keibajo_code+hizume_code+omo_tekisei_code+joshodo_code,keibajo_code,hizume_code,omo_tekisei_code,joshodo_code,190,107411,75.3,8.11,74.15,False
GLOBAL_条件戦,uma_deokure_bin+kyori_tekisei+hizume_code+kyakushitsu,uma_deokure_bin,kyori_tekisei,hizume_code,kyakushitsu,224,94794,75.36,9.18,74.15,False
GLOBAL_条件戦,keibajo_code+da_tekisei_code+joshodo_code+idm_decile,keibajo_code,da_tekisei_code,joshodo_code,idm_decile,110,67321,76.57,12.98,74.15,False
GLOBAL_条件戦,manken_shirushi+umakigo_code+omo_tekisei_code+ichi_shisu_juni,manken_shirushi,umakigo_code,omo_tekisei_code,ichi_shisu_juni,240,69135,75.3,9.11,74.15,False
GLOBAL_条件戦,kyori_kubun+keibajo_code+omo_tekisei_code+rotation_bin,kyori_kubun,keibajo_code,omo_tekisei_code,rotation_bin,322,102829,75.26,10.14,74.15,False
GLOBAL_条件戦,kyori_kubun+hizume_code+kyakushitsu+ichi_shisu_juni,kyori_kubun,hizume_code,kyakushitsu,ichi_shisu_juni,298,60488,75.37,10.74,74.15,False
GLOBAL_条件戦,uma_deokure_bin+umakigo_code+manken_shisu_decile+bataiju,uma_deokure_bin,umakigo_code,manken_shisu_decile,bataiju,427,57953,75.28,12.0,74.15,False
GLOBAL_条件戦,umakigo_code+uma_start_shisu_decile+rotation_bin+ichi_shisu_juni,umakigo_code,uma_start_shisu_decile,rotation_bin,ichi_shisu_juni,372,86171,75.28,11.16,74.15,False
GLOBAL_条件戦,uma_start_shisu_decile+rotation_bin+joshodo_code+ichi_shisu_juni,uma_start_shisu_decile,rotation_bin,joshodo_code,ichi_shisu_juni,376,87839,75.28,11.2,74.15,False
GLOBAL_条件戦,manken_shirushi+umakigo_code+manken_shisu_decile+joshodo_code,manken_shirushi,umakigo_code,manken_shisu_decile,joshodo_code,97,93198,75.4,6.32,74.14,False
GLOBAL_条件戦,kyori_kubun+uma_start_shisu_decile+kyakushitsu+shiba_tekisei_code,kyori_kubun,uma_start_shisu_decile,kyakushitsu,shiba_tekisei_code,146,79595,75.76,10.03,74.14,False
GLOBAL_条件戦,kyori_kubun+kyori_tekisei+omo_tekisei_code+joshodo_code,kyori_kubun,kyori_tekisei,omo_tekisei_code,joshodo_code,46,115806,76.47,8.05,74.14,False
GLOBAL_条件戦,kyori_tekisei+hizume_code+kyakushitsu+omo_tekisei_code,kyori_tekisei,hizume_code,kyakushitsu,omo_tekisei_code,236,100318,75.33,9.34,74.14,False
GLOBAL_条件戦,manken_shirushi+umakigo_code+keibajo_code+joshodo_code,manken_shirushi,umakigo_code,keibajo_code,joshodo_code,150,93717,75.37,7.66,74.14,False
GLOBAL_条件戦,uma_start_shisu_decile+hizume_code+manken_shisu_decile+ichi_shisu_juni,uma_start_shisu_decile,hizume_code,manken_shisu_decile,ichi_shisu_juni,50,6490,76.68,9.16,74.14,False
GLOBAL_条件戦,umakigo_code+keibajo_code+kyori_tekisei+hizume_code,umakigo_code,keibajo_code,kyori_tekisei,hizume_code,256,97273,75.3,9.48,74.14,False
GLOBAL_条件戦,uma_deokure_bin+kyori_tekisei+manken_shisu_decile+joshodo_code,uma_deokure_bin,kyori_tekisei,manken_shisu_decile,joshodo_code,112,108520,75.9,9.52,74.14,False
GLOBAL_条件戦,kyori_tekisei+manken_shisu_decile+kyakushitsu+rotation_bin,kyori_tekisei,manken_shisu_decile,kyakushitsu,rotation_bin,390,81129,75.25,11.33,74.13,False
GLOBAL_条件戦,kyori_tekisei+kyakushitsu+joshodo_code+bataiju,kyori_tekisei,kyakushitsu,joshodo_code,bataiju,484,113225,75.1,10.93,74.13,False
GLOBAL_条件戦,pace_yoso+keibajo_code+hizume_code+omo_tekisei_code,pace_yoso,keibajo_code,hizume_code,omo_tekisei_code,304,89427,75.16,9.2,74.13,False
GLOBAL_条件戦,pace_yoso+kyori_kubun+da_tekisei_code+kyakushitsu,pace_yoso,kyori_kubun,da_tekisei_code,kyakushitsu,68,62971,76.24,8.9,74.13,False
GLOBAL_条件戦,umakigo_code+keibajo_code+uma_start_shisu_decile+rotation_bin,umakigo_code,keibajo_code,uma_start_shisu_decile,rotation_bin,340,96918,75.23,10.34,74.13,False
GLOBAL_条件戦,umakigo_code+keibajo_code+hizume_code+da_tekisei_code,umakigo_code,keibajo_code,hizume_code,da_tekisei_code,142,60240,75.89,10.67,74.13,False
GLOBAL_条件戦,kyori_kubun+keibajo_code+hizume_code+omo_tekisei_code,kyori_kubun,keibajo_code,hizume_code,omo_tekisei_code,311,90722,75.16,9.34,74.13,False
GLOBAL_条件戦,uma_deokure_bin+kyori_kubun+umakigo_code+manken_shisu_decile,uma_deokure_bin,kyori_kubun,umakigo_code,manken_shisu_decile,120,111619,75.62,8.32,74.13,False
GLOBAL_条件戦,kyori_tekisei+da_tekisei_code+omo_tekisei_code+idm_decile,kyori_tekisei,da_tekisei_code,omo_tekisei_code,idm_decile,93,64642,77.01,14.19,74.12,False
GLOBAL_条件戦,manken_shirushi+omo_tekisei_code+rotation_bin+idm_decile,manken_shirushi,omo_tekisei_code,rotation_bin,idm_decile,290,52645,75.58,12.68,74.12,False
GLOBAL_条件戦,pace_yoso+kyori_tekisei+manken_shisu_decile+omo_tekisei_code,pace_yoso,kyori_tekisei,manken_shisu_decile,omo_tekisei_code,228,102926,75.22,8.53,74.12,False
GLOBAL_条件戦,kyori_kubun+kyori_tekisei+manken_shisu_decile+da_tekisei_code,kyori_kubun,kyori_tekisei,manken_shisu_decile,da_tekisei_code,140,62022,75.85,10.47,74.12,False
GLOBAL_条件戦,pace_yoso+umakigo_code+hizume_code+bataiju,pace_yoso,umakigo_code,hizume_code,bataiju,277,50602,75.28,9.82,74.12,False
GLOBAL_条件戦,kyori_kubun+kyori_tekisei+omo_tekisei_code+shiba_tekisei_code,kyori_kubun,kyori_tekisei,omo_tekisei_code,shiba_tekisei_code,57,84661,76.59,9.5,74.12,False
GLOBAL_条件戦,uma_deokure_bin+pace_yoso+manken_shisu_decile+omo_tekisei_code,uma_deokure_bin,pace_yoso,manken_shisu_decile,omo_tekisei_code,138,101527,75.63,9.08,74.12,False
GLOBAL_条件戦,pace_yoso+kyori_kubun+da_tekisei_code+rotation_bin,pace_yoso,kyori_kubun,da_tekisei_code,rotation_bin,106,61761,75.97,9.76,74.11,False
GLOBAL_条件戦,pace_yoso+kyori_tekisei+manken_shisu_decile+shiba_tekisei_code,pace_yoso,kyori_tekisei,manken_shisu_decile,shiba_tekisei_code,170,76495,75.47,9.06,74.11,False
GLOBAL_条件戦,manken_shirushi+uma_start_shisu_decile+kyakushitsu+rotation_bin,manken_shirushi,uma_start_shisu_decile,kyakushitsu,rotation_bin,164,29274,75.78,10.94,74.11,False
GLOBAL_条件戦,pace_yoso+hizume_code+da_tekisei_code+joshodo_code,pace_yoso,hizume_code,da_tekisei_code,joshodo_code,64,60909,76.63,10.35,74.1,False
GLOBAL_条件戦,kyori_tekisei+hizume_code+rotation_bin+ichi_shisu_juni,kyori_tekisei,hizume_code,rotation_bin,ichi_shisu_juni,153,21395,75.97,11.75,74.1,False
GLOBAL_条件戦,umakigo_code+uma_start_shisu_decile+manken_shisu_decile+rotation_bin,umakigo_code,uma_start_shisu_decile,manken_shisu_decile,rotation_bin,354,96220,75.23,10.89,74.1,False
GLOBAL_条件戦,uma_deokure_bin+pace_yoso+kyori_kubun+bataiju,uma_deokure_bin,pace_yoso,kyori_kubun,bataiju,398,64674,75.1,10.26,74.09,False
GLOBAL_条件戦,uma_deokure_bin+pace_yoso+kyori_kubun+hizume_code,uma_deokure_bin,pace_yoso,kyori_kubun,hizume_code,190,97880,75.21,7.89,74.09,False
GLOBAL_条件戦,pace_yoso+hizume_code+joshodo_code+bataiju,pace_yoso,hizume_code,joshodo_code,bataiju,285,51954,75.25,10.0,74.09,False
GLOBAL_条件戦,uma_deokure_bin+keibajo_code+kyori_tekisei+kyakushitsu,uma_deokure_bin,keibajo_code,kyori_tekisei,kyakushitsu,266,102604,75.31,10.15,74.09,False
GLOBAL_条件戦,kyori_tekisei+manken_shisu_decile+da_tekisei_code+idm_decile,kyori_tekisei,manken_shisu_decile,da_tekisei_code,idm_decile,215,56677,76.03,14.52,74.09,False
GLOBAL_条件戦,manken_shirushi+uma_start_shisu_decile+kyori_tekisei+shiba_tekisei_code,manken_shirushi,uma_start_shisu_decile,kyori_tekisei,shiba_tekisei_code,160,37387,75.73,10.61,74.09,False
GLOBAL_条件戦,uma_deokure_bin+umakigo_code+hizume_code+rotation_bin,uma_deokure_bin,umakigo_code,hizume_code,rotation_bin,162,101896,75.42,8.67,74.08,False
GLOBAL_条件戦,umakigo_code+keibajo_code+uma_start_shisu_decile+bataiju,umakigo_code,keibajo_code,uma_start_shisu_decile,bataiju,126,16212,75.97,10.82,74.08,False
GLOBAL_条件戦,uma_deokure_bin+kyori_tekisei+omo_tekisei_code+bataiju,uma_deokure_bin,kyori_tekisei,omo_tekisei_code,bataiju,384,64848,75.22,11.44,74.08,False
GLOBAL_条件戦,keibajo_code+uma_start_shisu_decile+kyakushitsu+omo_tekisei_code,keibajo_code,uma_start_shisu_decile,kyakushitsu,omo_tekisei_code,328,93528,75.13,9.72,74.08,False
GLOBAL_条件戦,uma_start_shisu_decile+omo_tekisei_code+joshodo_code+ichi_shisu_juni,uma_start_shisu_decile,omo_tekisei_code,joshodo_code,ichi_shisu_juni,225,104587,75.21,8.7,74.08,False
GLOBAL_条件戦,umakigo_code+uma_start_shisu_decile+omo_tekisei_code+ichi_shisu_juni,umakigo_code,uma_start_shisu_decile,omo_tekisei_code,ichi_shisu_juni,225,103130,75.23,8.79,74.08,False
GLOBAL_条件戦,keibajo_code+uma_start_shisu_decile+manken_shisu_decile+joshodo_code,keibajo_code,uma_start_shisu_decile,manken_shisu_decile,joshodo_code,390,85627,75.23,11.59,74.08,False
GLOBAL_条件戦,uma_deokure_bin+manken_shisu_decile+omo_tekisei_code+shiba_tekisei_code,uma_deokure_bin,manken_shisu_decile,omo_tekisei_code,shiba_tekisei_code,103,80247,75.7,8.35,74.08,False
GLOBAL_条件戦,umakigo_code+manken_shisu_decile+rotation_bin+ichi_shisu_juni,umakigo_code,manken_shisu_decile,rotation_bin,ichi_shisu_juni,444,74300,75.1,11.03,74.08,False
GLOBAL_条件戦,uma_deokure_bin+kyori_kubun+kyakushitsu+shiba_tekisei_code,uma_deokure_bin,kyori_kubun,kyakushitsu,shiba_tekisei_code,96,87714,75.88,9.01,74.08,False
GLOBAL_条件戦,kyori_kubun+keibajo_code+kyori_tekisei+shiba_tekisei_code,kyori_kubun,keibajo_code,kyori_tekisei,shiba_tekisei_code,155,82987,75.42,8.53,74.08,False
GLOBAL_条件戦,kyori_kubun+keibajo_code+kyori_tekisei+kyakushitsu,kyori_kubun,keibajo_code,kyori_tekisei,kyakushitsu,315,141312,75.14,9.58,74.08,False
GLOBAL_条件戦,umakigo_code+uma_start_shisu_decile+hizume_code+omo_tekisei_code,umakigo_code,uma_start_shisu_decile,hizume_code,omo_tekisei_code,158,100662,75.41,8.51,74.08,False
GLOBAL_条件戦,manken_shirushi+hizume_code+omo_tekisei_code+shiba_tekisei_code,manken_shirushi,hizume_code,omo_tekisei_code,shiba_tekisei_code,168,46533,75.61,10.07,74.08,False
GLOBAL_条件戦,uma_deokure_bin+keibajo_code+uma_start_shisu_decile+rotation_bin,uma_deokure_bin,keibajo_code,uma_start_shisu_decile,rotation_bin,295,76603,75.37,11.33,74.08,False
GLOBAL_条件戦,manken_shirushi+kyori_kubun+kyori_tekisei+kyakushitsu,manken_shirushi,kyori_kubun,kyori_tekisei,kyakushitsu,252,88056,75.36,10.44,74.07,False
GLOBAL_条件戦,manken_shirushi+umakigo_code+da_tekisei_code+idm_decile,manken_shirushi,umakigo_code,da_tekisei_code,idm_decile,91,44023,76.61,12.36,74.07,False
GLOBAL_条件戦,kyori_kubun+keibajo_code+uma_start_shisu_decile+omo_tekisei_code,kyori_kubun,keibajo_code,uma_start_shisu_decile,omo_tekisei_code,308,94883,75.03,8.63,74.07,False
GLOBAL_条件戦,uma_start_shisu_decile+kyori_tekisei+hizume_code+shiba_tekisei_code,uma_start_shisu_decile,kyori_tekisei,hizume_code,shiba_tekisei_code,198,61468,75.58,10.8,74.07,False
GLOBAL_条件戦,uma_deokure_bin+pace_yoso+omo_tekisei_code+bataiju,uma_deokure_bin,pace_yoso,omo_tekisei_code,bataiju,395,78428,75.04,9.81,74.07,False
GLOBAL_条件戦,pace_yoso+kyori_tekisei+hizume_code+shiba_tekisei_code,pace_yoso,kyori_tekisei,hizume_code,shiba_tekisei_code,146,72292,75.6,9.43,74.07,False
GLOBAL_条件戦,kyori_kubun+keibajo_code+uma_start_shisu_decile+rotation_bin,kyori_kubun,keibajo_code,uma_start_shisu_decile,rotation_bin,298,62568,75.37,11.39,74.07,False
GLOBAL_条件戦,kyori_tekisei+hizume_code+manken_shisu_decile+da_tekisei_code,kyori_tekisei,hizume_code,manken_shisu_decile,da_tekisei_code,186,43895,75.75,11.7,74.07,False
GLOBAL_条件戦,manken_shirushi+keibajo_code+omo_tekisei_code+shiba_tekisei_code,manken_shirushi,keibajo_code,omo_tekisei_code,shiba_tekisei_code,222,50002,75.35,9.85,74.06,False
GLOBAL_条件戦,uma_deokure_bin+umakigo_code+kyakushitsu+joshodo_code,uma_deokure_bin,umakigo_code,kyakushitsu,joshodo_code,34,118654,76.49,7.22,74.06,False
GLOBAL_条件戦,kyori_kubun+da_tekisei_code+rotation_bin+joshodo_code,kyori_kubun,da_tekisei_code,rotation_bin,joshodo_code,57,69017,76.43,9.16,74.06,False
GLOBAL_条件戦,kyori_kubun+keibajo_code+uma_start_shisu_decile+kyori_tekisei,kyori_kubun,keibajo_code,uma_start_shisu_decile,kyori_tekisei,283,81998,75.3,10.6,74.06,False
GLOBAL_条件戦,pace_yoso+uma_start_shisu_decile+kyakushitsu+rotation_bin,pace_yoso,uma_start_shisu_decile,kyakushitsu,rotation_bin,294,97587,75.19,9.92,74.06,False
GLOBAL_条件戦,manken_shirushi+pace_yoso+shiba_tekisei_code+ichi_shisu_juni,manken_shirushi,pace_yoso,shiba_tekisei_code,ichi_shisu_juni,208,31865,75.63,11.56,74.06,False
GLOBAL_条件戦,keibajo_code+rotation_bin+joshodo_code+ichi_shisu_juni,keibajo_code,rotation_bin,joshodo_code,ichi_shisu_juni,450,79550,75.15,11.85,74.06,False
GLOBAL_条件戦,umakigo_code+keibajo_code+omo_tekisei_code+joshodo_code,umakigo_code,keibajo_code,omo_tekisei_code,joshodo_code,65,119523,75.78,7.07,74.06,False
GLOBAL_条件戦,kyori_kubun+umakigo_code+uma_start_shisu_decile+joshodo_code,kyori_kubun,umakigo_code,uma_start_shisu_decile,joshodo_code,44,110663,75.98,6.51,74.05,False
GLOBAL_条件戦,pace_yoso+uma_start_shisu_decile+omo_tekisei_code+rotation_bin,pace_yoso,uma_start_shisu_decile,omo_tekisei_code,rotation_bin,236,101111,75.16,8.72,74.05,False
GLOBAL_条件戦,pace_yoso+uma_start_shisu_decile+rotation_bin+bataiju,pace_yoso,uma_start_shisu_decile,rotation_bin,bataiju,29,3243,78.89,13.3,74.05,False
GLOBAL_条件戦,umakigo_code+uma_start_shisu_decile+hizume_code+rotation_bin,umakigo_code,uma_start_shisu_decile,hizume_code,rotation_bin,268,87859,75.27,10.18,74.05,False
GLOBAL_条件戦,hizume_code+manken_shisu_decile+omo_tekisei_code+joshodo_code,hizume_code,manken_shisu_decile,omo_tekisei_code,joshodo_code,198,105752,75.26,8.72,74.05,False
GLOBAL_条件戦,kyori_kubun+keibajo_code+hizume_code+joshodo_code,kyori_kubun,keibajo_code,hizume_code,joshodo_code,249,105141,75.08,8.27,74.05,False
GLOBAL_条件戦,umakigo_code+kyori_tekisei+kyakushitsu+bataiju,umakigo_code,kyori_tekisei,kyakushitsu,bataiju,483,113640,75.04,11.13,74.05,False
GLOBAL_条件戦,kyori_kubun+umakigo_code+keibajo_code+kyori_tekisei,kyori_kubun,umakigo_code,keibajo_code,kyori_tekisei,128,146720,75.44,8.06,74.05,False
GLOBAL_条件戦,uma_start_shisu_decile+hizume_code+omo_tekisei_code+joshodo_code,uma_start_shisu_decile,hizume_code,omo_tekisei_code,joshodo_code,157,101735,75.38,8.5,74.05,False
GLOBAL_条件戦,keibajo_code+uma_start_shisu_decile+rotation_bin+joshodo_code,keibajo_code,uma_start_shisu_decile,rotation_bin,joshodo_code,341,98431,75.14,10.43,74.04,False
GLOBAL_条件戦,uma_deokure_bin+kyori_tekisei+shiba_tekisei_code+rotation_bin,uma_deokure_bin,kyori_tekisei,shiba_tekisei_code,rotation_bin,129,80984,75.62,9.14,74.04,False
GLOBAL_条件戦,uma_start_shisu_decile+kyakushitsu+shiba_tekisei_code+joshodo_code,uma_start_shisu_decile,kyakushitsu,shiba_tekisei_code,joshodo_code,60,82558,75.77,6.83,74.04,False
GLOBAL_条件戦,kyori_kubun+keibajo_code+da_tekisei_code+shiba_tekisei_code,kyori_kubun,keibajo_code,da_tekisei_code,shiba_tekisei_code,87,38196,75.88,8.71,74.04,False
GLOBAL_条件戦,pace_yoso+uma_start_shisu_decile+kyakushitsu+shiba_tekisei_code,pace_yoso,uma_start_shisu_decile,kyakushitsu,shiba_tekisei_code,131,81121,75.38,7.79,74.04,False
GLOBAL_条件戦,kyori_kubun+kyori_tekisei+rotation_bin+bataiju,kyori_kubun,kyori_tekisei,rotation_bin,bataiju,78,10112,76.58,11.48,74.03,False
GLOBAL_条件戦,keibajo_code+hizume_code+omo_tekisei_code+ichi_shisu_juni,keibajo_code,hizume_code,omo_tekisei_code,ichi_shisu_juni,173,27556,75.58,10.36,74.03,False
GLOBAL_条件戦,pace_yoso+keibajo_code+ichi_shisu_juni+bataiju,pace_yoso,keibajo_code,ichi_shisu_juni,bataiju,89,11437,76.21,10.48,74.03,False
GLOBAL_条件戦,uma_start_shisu_decile+kyakushitsu+omo_tekisei_code+rotation_bin,uma_start_shisu_decile,kyakushitsu,omo_tekisei_code,rotation_bin,263,98853,75.29,10.44,74.03,False
GLOBAL_条件戦,pace_yoso+kyori_kubun+joshodo_code+bataiju,pace_yoso,kyori_kubun,joshodo_code,bataiju,460,111795,74.9,9.5,74.03,False
GLOBAL_条件戦,manken_shirushi+uma_start_shisu_decile+da_tekisei_code+rotation_bin,manken_shirushi,uma_start_shisu_decile,da_tekisei_code,rotation_bin,100,15973,76.63,13.25,74.03,False
GLOBAL_条件戦,pace_yoso+kyori_kubun+hizume_code+joshodo_code,pace_yoso,kyori_kubun,hizume_code,joshodo_code,120,105494,75.48,8.1,74.03,False
GLOBAL_条件戦,uma_deokure_bin+keibajo_code+kyakushitsu+shiba_tekisei_code,uma_deokure_bin,keibajo_code,kyakushitsu,shiba_tekisei_code,151,81614,75.41,8.6,74.03,False
GLOBAL_条件戦,umakigo_code+kyori_tekisei+hizume_code+kyakushitsu,umakigo_code,kyori_tekisei,hizume_code,kyakushitsu,153,104754,75.38,8.5,74.03,False
GLOBAL_条件戦,manken_shirushi+shiba_tekisei_code+joshodo_code+ichi_shisu_juni,manken_shirushi,shiba_tekisei_code,joshodo_code,ichi_shisu_juni,178,50486,75.61,10.74,74.03,False
GLOBAL_条件戦,uma_deokure_bin+pace_yoso+hizume_code+kyakushitsu,uma_deokure_bin,pace_yoso,hizume_code,kyakushitsu,190,96659,75.25,8.54,74.03,False
GLOBAL_条件戦,pace_yoso+uma_start_shisu_decile+joshodo_code+ichi_shisu_juni,pace_yoso,uma_start_shisu_decile,joshodo_code,ichi_shisu_juni,263,105038,75.07,8.62,74.03,False
GLOBAL_条件戦,manken_shirushi+kyori_kubun+umakigo_code+kyakushitsu,manken_shirushi,kyori_kubun,umakigo_code,kyakushitsu,147,96971,75.22,7.38,74.03,False
GLOBAL_条件戦,uma_deokure_bin+kyori_kubun+kyori_tekisei+shiba_tekisei_code,uma_deokure_bin,kyori_kubun,kyori_tekisei,shiba_tekisei_code,71,84264,75.93,8.17,74.03,False
GLOBAL_条件戦,kyori_kubun+keibajo_code+kyori_tekisei+omo_tekisei_code,kyori_kubun,keibajo_code,kyori_tekisei,omo_tekisei_code,222,111027,75.16,8.6,74.03,False
GLOBAL_条件戦,kyori_kubun+keibajo_code+kyakushitsu+rotation_bin,kyori_kubun,keibajo_code,kyakushitsu,rotation_bin,399,93442,75.1,10.89,74.03,False
GLOBAL_条件戦,uma_deokure_bin+kyori_kubun+hizume_code+omo_tekisei_code,uma_deokure_bin,kyori_kubun,hizume_code,omo_tekisei_code,186,103758,75.27,8.62,74.03,False
GLOBAL_条件戦,umakigo_code+uma_start_shisu_decile+omo_tekisei_code+bataiju,umakigo_code,uma_start_shisu_decile,omo_tekisei_code,bataiju,367,70513,75.21,11.63,74.02,False
GLOBAL_条件戦,manken_shirushi+uma_start_shisu_decile+kyori_tekisei+ichi_shisu_juni,manken_shirushi,uma_start_shisu_decile,kyori_tekisei,ichi_shisu_juni,60,7836,77.14,12.3,74.02,False
GLOBAL_条件戦,manken_shirushi+shiba_tekisei_code+joshodo_code+idm_decile,manken_shirushi,shiba_tekisei_code,joshodo_code,idm_decile,97,57139,76.33,11.61,74.02,False
GLOBAL_条件戦,pace_yoso+kyori_kubun+hizume_code+bataiju,pace_yoso,kyori_kubun,hizume_code,bataiju,81,10684,76.19,9.98,74.02,False
GLOBAL_条件戦,uma_deokure_bin+pace_yoso+da_tekisei_code+idm_decile,uma_deokure_bin,pace_yoso,da_tekisei_code,idm_decile,82,60997,76.97,13.63,74.02,False
GLOBAL_条件戦,pace_yoso+uma_start_shisu_decile+hizume_code+rotation_bin,pace_yoso,uma_start_shisu_decile,hizume_code,rotation_bin,302,65471,75.14,9.97,74.02,False
GLOBAL_条件戦,kyori_kubun+hizume_code+manken_shisu_decile+rotation_bin,kyori_kubun,hizume_code,manken_shisu_decile,rotation_bin,274,44894,75.36,11.38,74.02,False
GLOBAL_条件戦,hizume_code+rotation_bin+joshodo_code+ichi_shisu_juni,hizume_code,rotation_bin,joshodo_code,ichi_shisu_juni,315,70071,75.1,9.81,74.02,False
GLOBAL_条件戦,kyori_kubun+hizume_code+omo_tekisei_code+bataiju,kyori_kubun,hizume_code,omo_tekisei_code,bataiju,151,21125,75.78,11.07,74.02,False
GLOBAL_条件戦,uma_start_shisu_decile+hizume_code+rotation_bin+joshodo_code,uma_start_shisu_decile,hizume_code,rotation_bin,joshodo_code,271,89410,75.24,10.19,74.02,False
GLOBAL_条件戦,pace_yoso+da_tekisei_code+shiba_tekisei_code+ichi_shisu_juni,pace_yoso,da_tekisei_code,shiba_tekisei_code,ichi_shisu_juni,82,32341,76.27,10.47,74.01,False
GLOBAL_条件戦,pace_yoso+da_tekisei_code+omo_tekisei_code+idm_decile,pace_yoso,da_tekisei_code,omo_tekisei_code,idm_decile,71,61761,77.37,14.43,74.01,False
GLOBAL_条件戦,manken_shisu_decile+rotation_bin+joshodo_code+ichi_shisu_juni,manken_shisu_decile,rotation_bin,joshodo_code,ichi_shisu_juni,453,76421,75.03,11.02,74.01,False
GLOBAL_条件戦,uma_deokure_bin+manken_shirushi+keibajo_code+ichi_shisu_juni,uma_deokure_bin,manken_shirushi,keibajo_code,ichi_shisu_juni,20,2318,78.26,9.68,74.01,False
GLOBAL_条件戦,uma_deokure_bin+hizume_code+da_tekisei_code+rotation_bin,uma_deokure_bin,hizume_code,da_tekisei_code,rotation_bin,151,52135,75.59,9.95,74.01,False
GLOBAL_条件戦,pace_yoso+kyori_kubun+manken_shisu_decile+rotation_bin,pace_yoso,kyori_kubun,manken_shisu_decile,rotation_bin,371,91600,75.07,10.5,74.01,False
GLOBAL_条件戦,uma_deokure_bin+kyori_kubun+uma_start_shisu_decile+rotation_bin,uma_deokure_bin,kyori_kubun,uma_start_shisu_decile,rotation_bin,219,95610,75.36,10.22,74.01,False
GLOBAL_条件戦,umakigo_code+hizume_code+manken_shisu_decile+joshodo_code,umakigo_code,hizume_code,manken_shisu_decile,joshodo_code,119,107403,75.34,7.44,74.01,False
GLOBAL_条件戦,kyori_kubun+da_tekisei_code+omo_tekisei_code+ichi_shisu_juni,kyori_kubun,da_tekisei_code,omo_tekisei_code,ichi_shisu_juni,156,57091,75.65,10.43,74.01,False
GLOBAL_条件戦,pace_yoso+uma_start_shisu_decile+kyakushitsu+ichi_shisu_juni,pace_yoso,uma_start_shisu_decile,kyakushitsu,ichi_shisu_juni,343,83559,75.16,10.92,74.0,False
GLOBAL_条件戦,pace_yoso+keibajo_code+kyori_tekisei+rotation_bin,pace_yoso,keibajo_code,kyori_tekisei,rotation_bin,348,84991,75.19,11.3,74.0,False
GLOBAL_条件戦,pace_yoso+kyori_kubun+hizume_code+kyakushitsu,pace_yoso,kyori_kubun,hizume_code,kyakushitsu,254,96519,75.08,8.75,74.0,False
GLOBAL_条件戦,keibajo_code+uma_start_shisu_decile+kyori_tekisei+omo_tekisei_code,keibajo_code,uma_start_shisu_decile,kyori_tekisei,omo_tekisei_code,287,81486,75.2,10.36,74.0,False
GLOBAL_条件戦,kyori_kubun+da_tekisei_code+omo_tekisei_code+idm_decile,kyori_kubun,da_tekisei_code,omo_tekisei_code,idm_decile,93,67214,76.86,14.09,74.0,False
GLOBAL_条件戦,kyori_kubun+uma_start_shisu_decile+manken_shisu_decile+omo_tekisei_code,kyori_kubun,uma_start_shisu_decile,manken_shisu_decile,omo_tekisei_code,349,91247,75.16,11.24,73.99,False
GLOBAL_条件戦,umakigo_code+keibajo_code+hizume_code+joshodo_code,umakigo_code,keibajo_code,hizume_code,joshodo_code,118,109677,75.37,7.7,73.99,False
GLOBAL_条件戦,umakigo_code+uma_start_shisu_decile+shiba_tekisei_code+rotation_bin,umakigo_code,uma_start_shisu_decile,shiba_tekisei_code,rotation_bin,104,80900,75.49,7.84,73.99,False
GLOBAL_条件戦,umakigo_code+da_tekisei_code+omo_tekisei_code+idm_decile,umakigo_code,da_tekisei_code,omo_tekisei_code,idm_decile,51,68314,77.0,10.97,73.99,False
GLOBAL_条件戦,uma_deokure_bin+umakigo_code+kyakushitsu+rotation_bin,uma_deokure_bin,umakigo_code,kyakushitsu,rotation_bin,108,114658,75.69,9.02,73.99,False
GLOBAL_条件戦,pace_yoso+keibajo_code+hizume_code+joshodo_code,pace_yoso,keibajo_code,hizume_code,joshodo_code,223,100183,75.08,8.28,73.99,False
GLOBAL_条件戦,uma_start_shisu_decile+kyori_tekisei+hizume_code+da_tekisei_code,uma_start_shisu_decile,kyori_tekisei,hizume_code,da_tekisei_code,160,42400,75.67,10.86,73.99,False
GLOBAL_条件戦,kyori_kubun+umakigo_code+manken_shisu_decile+da_tekisei_code,kyori_kubun,umakigo_code,manken_shisu_decile,da_tekisei_code,72,66676,76.11,9.17,73.99,False
GLOBAL_条件戦,kyori_tekisei+manken_shisu_decile+omo_tekisei_code+shiba_tekisei_code,kyori_tekisei,manken_shisu_decile,omo_tekisei_code,shiba_tekisei_code,139,80541,75.39,8.5,73.98,False
GLOBAL_条件戦,pace_yoso+kyori_kubun+keibajo_code+kyori_tekisei,pace_yoso,kyori_kubun,keibajo_code,kyori_tekisei,231,136866,75.0,7.9,73.98,False
GLOBAL_条件戦,kyori_kubun+uma_start_shisu_decile+rotation_bin+joshodo_code,kyori_kubun,uma_start_shisu_decile,rotation_bin,joshodo_code,183,108485,75.32,9.21,73.98,False
GLOBAL_条件戦,kyori_kubun+kyori_tekisei+hizume_code+joshodo_code,kyori_kubun,kyori_tekisei,hizume_code,joshodo_code,137,107899,75.5,9.15,73.97,False
GLOBAL_条件戦,umakigo_code+da_tekisei_code+shiba_tekisei_code+ichi_shisu_juni,umakigo_code,da_tekisei_code,shiba_tekisei_code,ichi_shisu_juni,45,33794,76.64,9.12,73.97,False
GLOBAL_条件戦,uma_deokure_bin+keibajo_code+kyori_tekisei+rotation_bin,uma_deokure_bin,keibajo_code,kyori_tekisei,rotation_bin,325,91169,75.2,11.29,73.97,False
GLOBAL_条件戦,uma_deokure_bin+kyori_kubun+umakigo_code+kyakushitsu,uma_deokure_bin,kyori_kubun,umakigo_code,kyakushitsu,77,117899,76.11,9.55,73.97,False
GLOBAL_条件戦,pace_yoso+uma_start_shisu_decile+hizume_code+kyakushitsu,pace_yoso,uma_start_shisu_decile,hizume_code,kyakushitsu,301,85115,75.05,9.58,73.97,False
GLOBAL_条件戦,umakigo_code+hizume_code+joshodo_code+bataiju,umakigo_code,hizume_code,joshodo_code,bataiju,323,90343,74.98,9.21,73.97,False
GLOBAL_条件戦,kyori_tekisei+omo_tekisei_code+shiba_tekisei_code+joshodo_code,kyori_tekisei,omo_tekisei_code,shiba_tekisei_code,joshodo_code,29,84798,76.63,7.32,73.97,False
GLOBAL_条件戦,kyori_tekisei+omo_tekisei_code+rotation_bin+ichi_shisu_juni,kyori_tekisei,omo_tekisei_code,rotation_bin,ichi_shisu_juni,389,77376,75.11,11.46,73.97,False
GLOBAL_条件戦,uma_deokure_bin+pace_yoso+hizume_code+bataiju,uma_deokure_bin,pace_yoso,hizume_code,bataiju,172,21137,75.66,11.35,73.97,False
GLOBAL_条件戦,manken_shirushi+uma_start_shisu_decile+joshodo_code+ichi_shisu_juni,manken_shirushi,uma_start_shisu_decile,joshodo_code,ichi_shisu_juni,173,34618,75.37,9.42,73.97,False
GLOBAL_条件戦,uma_deokure_bin+kyori_kubun+manken_shisu_decile+joshodo_code,uma_deokure_bin,kyori_kubun,manken_shisu_decile,joshodo_code,116,113613,75.56,8.76,73.97,False
GLOBAL_条件戦,manken_shisu_decile+da_tekisei_code+kyakushitsu+rotation_bin,manken_shisu_decile,da_tekisei_code,kyakushitsu,rotation_bin,237,54983,75.5,12.03,73.97,False
GLOBAL_条件戦,uma_deokure_bin+kyori_kubun+uma_start_shisu_decile+shiba_tekisei_code,uma_deokure_bin,kyori_kubun,uma_start_shisu_decile,shiba_tekisei_code,108,78392,75.79,9.66,73.97,False
GLOBAL_条件戦,uma_deokure_bin+hizume_code+joshodo_code+bataiju,uma_deokure_bin,hizume_code,joshodo_code,bataiju,311,61752,75.04,9.6,73.97,False
GLOBAL_条件戦,kyori_kubun+kyori_tekisei+da_tekisei_code+joshodo_code,kyori_kubun,kyori_tekisei,da_tekisei_code,joshodo_code,29,66954,76.9,8.09,73.96,False
GLOBAL_条件戦,kyori_kubun+kyori_tekisei+omo_tekisei_code+rotation_bin,kyori_kubun,kyori_tekisei,omo_tekisei_code,rotation_bin,180,109327,75.38,9.69,73.96,False
GLOBAL_条件戦,hizume_code+kyakushitsu+omo_tekisei_code+shiba_tekisei_code,hizume_code,kyakushitsu,omo_tekisei_code,shiba_tekisei_code,138,81717,75.47,9.05,73.96,False
GLOBAL_条件戦,keibajo_code+hizume_code+rotation_bin+joshodo_code,keibajo_code,hizume_code,rotation_bin,joshodo_code,327,93676,74.99,9.51,73.96,False
GLOBAL_条件戦,manken_shirushi+uma_start_shisu_decile+manken_shisu_decile+idm_decile,manken_shirushi,uma_start_shisu_decile,manken_shisu_decile,idm_decile,139,22156,76.23,13.69,73.96,False
GLOBAL_条件戦,pace_yoso+umakigo_code+kyori_tekisei+hizume_code,pace_yoso,umakigo_code,kyori_tekisei,hizume_code,122,99473,75.28,7.43,73.96,False
GLOBAL_条件戦,pace_yoso+umakigo_code+da_tekisei_code+ichi_shisu_juni,pace_yoso,umakigo_code,da_tekisei_code,ichi_shisu_juni,79,61466,76.16,10.0,73.96,False
GLOBAL_条件戦,kyori_tekisei_2+umakigo_code+da_tekisei_code+shiba_tekisei_code,kyori_tekisei_2,umakigo_code,da_tekisei_code,shiba_tekisei_code,4,655,85.61,11.89,73.96,False
GLOBAL_条件戦,kyori_kubun+uma_start_shisu_decile+omo_tekisei_code+rotation_bin,kyori_kubun,uma_start_shisu_decile,omo_tekisei_code,rotation_bin,267,98075,75.17,10.22,73.95,False
GLOBAL_条件戦,umakigo_code+da_tekisei_code+kyakushitsu+bataiju,umakigo_code,da_tekisei_code,kyakushitsu,bataiju,227,52672,75.42,11.31,73.95,False
GLOBAL_条件戦,kyori_kubun+uma_start_shisu_decile+hizume_code+kyakushitsu,kyori_kubun,uma_start_shisu_decile,hizume_code,kyakushitsu,276,77799,75.13,9.99,73.95,False
GLOBAL_条件戦,pace_yoso+uma_start_shisu_decile+hizume_code+shiba_tekisei_code,pace_yoso,uma_start_shisu_decile,hizume_code,shiba_tekisei_code,203,68293,75.36,10.22,73.95,False
GLOBAL_条件戦,manken_shirushi+hizume_code+omo_tekisei_code+idm_decile,manken_shirushi,hizume_code,omo_tekisei_code,idm_decile,203,37907,75.74,12.97,73.95,False
GLOBAL_条件戦,kyori_tekisei+hizume_code+kyakushitsu+ichi_shisu_juni,kyori_tekisei,hizume_code,kyakushitsu,ichi_shisu_juni,286,52660,75.26,11.33,73.95,False
GLOBAL_条件戦,kyori_kubun+keibajo_code+kyori_tekisei+da_tekisei_code,kyori_kubun,keibajo_code,kyori_tekisei,da_tekisei_code,133,64015,75.79,10.84,73.95,False
GLOBAL_条件戦,pace_yoso+da_tekisei_code+kyakushitsu+ichi_shisu_juni,pace_yoso,da_tekisei_code,kyakushitsu,ichi_shisu_juni,152,57361,75.62,10.53,73.95,False
GLOBAL_条件戦,uma_deokure_bin+kyakushitsu+omo_tekisei_code+idm_decile,uma_deokure_bin,kyakushitsu,omo_tekisei_code,idm_decile,151,110123,75.81,11.64,73.95,False
GLOBAL_条件戦,uma_deokure_bin+kyori_kubun+keibajo_code+kyakushitsu,uma_deokure_bin,kyori_kubun,keibajo_code,kyakushitsu,233,106901,75.13,9.3,73.94,False
GLOBAL_条件戦,umakigo_code+keibajo_code+omo_tekisei_code+shiba_tekisei_code,umakigo_code,keibajo_code,omo_tekisei_code,shiba_tekisei_code,56,85930,75.65,6.55,73.94,False
GLOBAL_条件戦,kyori_kubun+kyori_tekisei+kyakushitsu+rotation_bin,kyori_kubun,kyori_tekisei,kyakushitsu,rotation_bin,253,107983,75.26,10.65,73.94,False
GLOBAL_条件戦,kyori_kubun+rotation_bin+idm_decile+bataiju,kyori_kubun,rotation_bin,idm_decile,bataiju,8,821,84.36,15.04,73.94,False
GLOBAL_条件戦,keibajo_code+omo_tekisei_code+shiba_tekisei_code+rotation_bin,keibajo_code,omo_tekisei_code,shiba_tekisei_code,rotation_bin,210,80974,75.28,9.94,73.94,False
GLOBAL_条件戦,manken_shirushi+keibajo_code+hizume_code+da_tekisei_code,manken_shirushi,keibajo_code,hizume_code,da_tekisei_code,82,10873,76.71,12.79,73.94,False
GLOBAL_条件戦,kyori_kubun+uma_start_shisu_decile+shiba_tekisei_code+joshodo_code,kyori_kubun,uma_start_shisu_decile,shiba_tekisei_code,joshodo_code,62,82537,75.66,6.94,73.94,False
GLOBAL_条件戦,kyori_kubun+umakigo_code+uma_start_shisu_decile+rotation_bin,kyori_kubun,umakigo_code,uma_start_shisu_decile,rotation_bin,183,107006,75.31,9.47,73.94,False
GLOBAL_条件戦,uma_deokure_bin+umakigo_code+uma_start_shisu_decile+ichi_shisu_juni,uma_deokure_bin,umakigo_code,uma_start_shisu_decile,ichi_shisu_juni,198,99819,75.34,10.1,73.94,False
GLOBAL_条件戦,uma_deokure_bin+omo_tekisei_code+joshodo_code+idm_decile,uma_deokure_bin,omo_tekisei_code,joshodo_code,idm_decile,73,114954,76.7,12.05,73.94,False
GLOBAL_条件戦,kyori_kubun+umakigo_code+keibajo_code+bataiju,kyori_kubun,umakigo_code,keibajo_code,bataiju,487,79875,74.88,10.62,73.94,False
GLOBAL_条件戦,kyori_kubun+keibajo_code+hizume_code+da_tekisei_code,kyori_kubun,keibajo_code,hizume_code,da_tekisei_code,185,47730,75.51,10.96,73.93,False
GLOBAL_条件戦,pace_yoso+keibajo_code+uma_start_shisu_decile+kyakushitsu,pace_yoso,keibajo_code,uma_start_shisu_decile,kyakushitsu,356,90668,74.93,9.65,73.93,False
GLOBAL_条件戦,uma_deokure_bin+uma_start_shisu_decile+manken_shisu_decile+rotation_bin,uma_deokure_bin,uma_start_shisu_decile,manken_shisu_decile,rotation_bin,299,74351,75.22,11.42,73.93,False
GLOBAL_条件戦,kyori_kubun+keibajo_code+uma_start_shisu_decile+kyakushitsu,kyori_kubun,keibajo_code,uma_start_shisu_decile,kyakushitsu,315,85999,75.06,10.23,73.93,False
GLOBAL_条件戦,kyori_kubun+manken_shisu_decile+shiba_tekisei_code+joshodo_code,kyori_kubun,manken_shisu_decile,shiba_tekisei_code,joshodo_code,77,87260,75.5,7.03,73.93,False
GLOBAL_条件戦,kyori_kubun+manken_shisu_decile+omo_tekisei_code+joshodo_code,kyori_kubun,manken_shisu_decile,omo_tekisei_code,joshodo_code,114,117077,75.56,8.87,73.93,False
GLOBAL_条件戦,uma_deokure_bin+keibajo_code+uma_start_shisu_decile+kyori_tekisei,uma_deokure_bin,keibajo_code,uma_start_shisu_decile,kyori_tekisei,253,83747,75.3,11.11,73.93,False
GLOBAL_条件戦,pace_yoso+kyori_kubun+keibajo_code+shiba_tekisei_code,pace_yoso,kyori_kubun,keibajo_code,shiba_tekisei_code,156,80916,75.02,7.03,73.92,False
GLOBAL_条件戦,kyori_kubun+umakigo_code+manken_shisu_decile+omo_tekisei_code,kyori_kubun,umakigo_code,manken_shisu_decile,omo_tekisei_code,118,115432,75.55,9.0,73.92,False
GLOBAL_条件戦,uma_deokure_bin+umakigo_code+da_tekisei_code+idm_decile,uma_deokure_bin,umakigo_code,da_tekisei_code,idm_decile,65,67968,76.63,11.11,73.92,False
GLOBAL_条件戦,umakigo_code+hizume_code+manken_shisu_decile+omo_tekisei_code,umakigo_code,hizume_code,manken_shisu_decile,omo_tekisei_code,198,103528,75.13,8.68,73.92,False
GLOBAL_条件戦,umakigo_code+kyori_tekisei+kyakushitsu+shiba_tekisei_code,umakigo_code,kyori_tekisei,kyakushitsu,shiba_tekisei_code,44,85602,76.15,7.55,73.92,False
GLOBAL_条件戦,pace_yoso+umakigo_code+rotation_bin+joshodo_code,pace_yoso,umakigo_code,rotation_bin,joshodo_code,40,111342,76.76,9.14,73.92,False
GLOBAL_条件戦,umakigo_code+da_tekisei_code+rotation_bin+idm_decile,umakigo_code,da_tekisei_code,rotation_bin,idm_decile,87,66442,76.37,11.64,73.92,False
GLOBAL_条件戦,kyori_kubun+uma_start_shisu_decile+kyori_tekisei+hizume_code,kyori_kubun,uma_start_shisu_decile,kyori_tekisei,hizume_code,263,74573,75.26,11.1,73.92,False
GLOBAL_条件戦,kyori_kubun+umakigo_code+hizume_code+omo_tekisei_code,kyori_kubun,umakigo_code,hizume_code,omo_tekisei_code,118,111561,75.48,8.65,73.92,False
GLOBAL_条件戦,umakigo_code+keibajo_code+joshodo_code+bataiju,umakigo_code,keibajo_code,joshodo_code,bataiju,500,108328,74.79,9.99,73.92,False
GLOBAL_条件戦,kyori_kubun+umakigo_code+keibajo_code+hizume_code,kyori_kubun,umakigo_code,keibajo_code,hizume_code,245,102632,74.95,8.22,73.92,False
GLOBAL_条件戦,umakigo_code+keibajo_code+hizume_code+shiba_tekisei_code,umakigo_code,keibajo_code,hizume_code,shiba_tekisei_code,158,79791,75.28,8.77,73.91,False
GLOBAL_条件戦,kyori_tekisei+manken_shisu_decile+shiba_tekisei_code+joshodo_code,kyori_tekisei,manken_shisu_decile,shiba_tekisei_code,joshodo_code,75,83610,75.5,7.01,73.91,False
GLOBAL_条件戦,kyori_tekisei+omo_tekisei_code+shiba_tekisei_code+rotation_bin,kyori_tekisei,omo_tekisei_code,shiba_tekisei_code,rotation_bin,113,82465,75.49,8.6,73.91,False
GLOBAL_条件戦,keibajo_code+hizume_code+shiba_tekisei_code+joshodo_code,keibajo_code,hizume_code,shiba_tekisei_code,joshodo_code,158,81318,75.27,8.76,73.91,False
GLOBAL_条件戦,manken_shirushi+kyakushitsu+shiba_tekisei_code+ichi_shisu_juni,manken_shirushi,kyakushitsu,shiba_tekisei_code,ichi_shisu_juni,219,33898,75.45,11.64,73.91,False
GLOBAL_条件戦,pace_yoso+umakigo_code+da_tekisei_code+kyakushitsu,pace_yoso,umakigo_code,da_tekisei_code,kyakushitsu,31,63530,77.68,10.69,73.91,False
GLOBAL_条件戦,umakigo_code+da_tekisei_code+kyakushitsu+shiba_tekisei_code,umakigo_code,da_tekisei_code,kyakushitsu,shiba_tekisei_code,21,39696,76.48,6.05,73.9,False
GLOBAL_条件戦,manken_shirushi+kyori_kubun+hizume_code+shiba_tekisei_code,manken_shirushi,kyori_kubun,hizume_code,shiba_tekisei_code,176,37853,75.45,10.5,73.9,False
GLOBAL_条件戦,manken_shirushi+umakigo_code+uma_start_shisu_decile+ichi_shisu_juni,manken_shirushi,umakigo_code,uma_start_shisu_decile,ichi_shisu_juni,170,33751,75.37,9.79,73.9,False
GLOBAL_条件戦,da_tekisei_code+shiba_tekisei_code+joshodo_code+ichi_shisu_juni,da_tekisei_code,shiba_tekisei_code,joshodo_code,ichi_shisu_juni,46,34116,76.46,8.87,73.9,False
GLOBAL_条件戦,uma_deokure_bin+umakigo_code+keibajo_code+hizume_code,uma_deokure_bin,umakigo_code,keibajo_code,hizume_code,191,99709,75.24,9.44,73.9,False
GLOBAL_条件戦,pace_yoso+umakigo_code+hizume_code+da_tekisei_code,pace_yoso,umakigo_code,hizume_code,da_tekisei_code,67,60422,76.28,9.94,73.9,False
GLOBAL_条件戦,kyori_kubun+umakigo_code+rotation_bin+joshodo_code,kyori_kubun,umakigo_code,rotation_bin,joshodo_code,55,118496,76.2,8.7,73.9,False
GLOBAL_条件戦,kyori_tekisei+kyakushitsu+rotation_bin+ichi_shisu_juni,kyori_tekisei,kyakushitsu,rotation_bin,ichi_shisu_juni,364,68034,75.01,10.89,73.89,False
GLOBAL_条件戦,kyori_tekisei+hizume_code+rotation_bin+joshodo_code,kyori_tekisei,hizume_code,rotation_bin,joshodo_code,199,101176,75.24,9.67,73.89,False
GLOBAL_条件戦,pace_yoso+hizume_code+kyakushitsu+rotation_bin,pace_yoso,hizume_code,kyakushitsu,rotation_bin,318,83849,74.94,9.53,73.89,False
GLOBAL_条件戦,uma_deokure_bin+keibajo_code+rotation_bin+joshodo_code,uma_deokure_bin,keibajo_code,rotation_bin,joshodo_code,169,110485,75.33,9.52,73.89,False
GLOBAL_条件戦,uma_deokure_bin+pace_yoso+hizume_code+omo_tekisei_code,uma_deokure_bin,pace_yoso,hizume_code,omo_tekisei_code,151,100998,75.35,9.16,73.89,False
GLOBAL_条件戦,uma_deokure_bin+pace_yoso+kyori_tekisei+manken_shisu_decile,uma_deokure_bin,pace_yoso,kyori_tekisei,manken_shisu_decile,216,97665,75.07,8.81,73.89,False
GLOBAL_条件戦,manken_shirushi+umakigo_code+shiba_tekisei_code+ichi_shisu_juni,manken_shirushi,umakigo_code,shiba_tekisei_code,ichi_shisu_juni,178,49910,75.47,10.75,73.89,False
GLOBAL_条件戦,kyori_kubun+kyori_tekisei+da_tekisei_code+ichi_shisu_juni,kyori_kubun,kyori_tekisei,da_tekisei_code,ichi_shisu_juni,169,52402,75.64,11.59,73.89,False
GLOBAL_条件戦,uma_deokure_bin+keibajo_code+hizume_code+joshodo_code,uma_deokure_bin,keibajo_code,hizume_code,joshodo_code,194,101988,75.23,9.5,73.89,False
GLOBAL_条件戦,umakigo_code+uma_start_shisu_decile+kyakushitsu+shiba_tekisei_code,umakigo_code,uma_start_shisu_decile,kyakushitsu,shiba_tekisei_code,62,82214,75.7,7.28,73.89,False
GLOBAL_条件戦,uma_deokure_bin+kyori_kubun+uma_start_shisu_decile+ichi_shisu_juni,uma_deokure_bin,kyori_kubun,uma_start_shisu_decile,ichi_shisu_juni,272,80482,75.14,10.62,73.88,False
GLOBAL_条件戦,umakigo_code+keibajo_code+hizume_code+rotation_bin,umakigo_code,keibajo_code,hizume_code,rotation_bin,323,91312,74.94,9.75,73.88,False
GLOBAL_条件戦,uma_deokure_bin+keibajo_code+uma_start_shisu_decile+omo_tekisei_code,uma_deokure_bin,keibajo_code,uma_start_shisu_decile,omo_tekisei_code,219,94882,75.1,9.24,73.88,False
GLOBAL_条件戦,pace_yoso+kyori_kubun+hizume_code+rotation_bin,pace_yoso,kyori_kubun,hizume_code,rotation_bin,301,86011,74.89,8.93,73.88,False
GLOBAL_条件戦,kyori_kubun+uma_start_shisu_decile+joshodo_code+bataiju,kyori_kubun,uma_start_shisu_decile,joshodo_code,bataiju,282,53502,75.17,11.02,73.88,False
GLOBAL_条件戦,manken_shirushi+da_tekisei_code+shiba_tekisei_code+rotation_bin,manken_shirushi,da_tekisei_code,shiba_tekisei_code,rotation_bin,86,21702,76.24,11.14,73.88,False
GLOBAL_条件戦,uma_start_shisu_decile+shiba_tekisei_code+rotation_bin+joshodo_code,uma_start_shisu_decile,shiba_tekisei_code,rotation_bin,joshodo_code,101,81278,75.38,7.72,73.88,False
GLOBAL_条件戦,uma_start_shisu_decile+da_tekisei_code+joshodo_code+idm_decile,uma_start_shisu_decile,da_tekisei_code,joshodo_code,idm_decile,83,61577,77.03,14.63,73.88,False
GLOBAL_条件戦,uma_deokure_bin+hizume_code+da_tekisei_code+shiba_tekisei_code,uma_deokure_bin,hizume_code,da_tekisei_code,shiba_tekisei_code,71,34235,76.42,10.94,73.88,False
GLOBAL_条件戦,uma_deokure_bin+manken_shirushi+hizume_code+idm_decile,uma_deokure_bin,manken_shirushi,hizume_code,idm_decile,194,35029,75.7,12.9,73.88,False
GLOBAL_条件戦,pace_yoso+kyori_tekisei+kyakushitsu+rotation_bin,pace_yoso,kyori_tekisei,kyakushitsu,rotation_bin,255,102102,75.18,10.62,73.88,False
GLOBAL_条件戦,kyori_kubun+keibajo_code+hizume_code+kyakushitsu,kyori_kubun,keibajo_code,hizume_code,kyakushitsu,328,74613,74.97,10.19,73.87,False
GLOBAL_条件戦,pace_yoso+umakigo_code+uma_start_shisu_decile+ichi_shisu_juni,pace_yoso,umakigo_code,uma_start_shisu_decile,ichi_shisu_juni,263,103570,74.92,8.68,73.87,False
GLOBAL_条件戦,keibajo_code+hizume_code+manken_shisu_decile+joshodo_code,keibajo_code,hizume_code,manken_shisu_decile,joshodo_code,371,81448,74.89,10.0,73.87,False
GLOBAL_条件戦,uma_start_shisu_decile+omo_tekisei_code+shiba_tekisei_code+rotation_bin,uma_start_shisu_decile,omo_tekisei_code,shiba_tekisei_code,rotation_bin,175,77428,75.35,10.03,73.86,False
GLOBAL_条件戦,umakigo_code+keibajo_code+kyori_tekisei+kyakushitsu,umakigo_code,keibajo_code,kyori_tekisei,kyakushitsu,176,146650,75.08,8.3,73.86,False
GLOBAL_条件戦,pace_yoso+kyori_kubun+uma_start_shisu_decile+manken_shisu_decile,pace_yoso,kyori_kubun,uma_start_shisu_decile,manken_shisu_decile,362,87220,75.0,11.02,73.86,False
GLOBAL_条件戦,keibajo_code+uma_start_shisu_decile+da_tekisei_code+omo_tekisei_code,keibajo_code,uma_start_shisu_decile,da_tekisei_code,omo_tekisei_code,177,52712,75.47,10.87,73.86,False
GLOBAL_条件戦,umakigo_code+kyakushitsu+omo_tekisei_code+shiba_tekisei_code,umakigo_code,kyakushitsu,omo_tekisei_code,shiba_tekisei_code,33,87629,76.11,6.59,73.86,False
GLOBAL_条件戦,kyori_kubun+keibajo_code+omo_tekisei_code+ichi_shisu_juni,kyori_kubun,keibajo_code,omo_tekisei_code,ichi_shisu_juni,430,79323,74.85,10.61,73.85,False
GLOBAL_条件戦,umakigo_code+da_tekisei_code+kyakushitsu+joshodo_code,umakigo_code,da_tekisei_code,kyakushitsu,joshodo_code,22,69745,77.53,8.82,73.85,False
GLOBAL_条件戦,uma_deokure_bin+kyakushitsu+joshodo_code+ichi_shisu_juni,uma_deokure_bin,kyakushitsu,joshodo_code,ichi_shisu_juni,123,106162,75.53,9.5,73.85,False
GLOBAL_条件戦,keibajo_code+kyori_tekisei+kyakushitsu+omo_tekisei_code,keibajo_code,kyori_tekisei,kyakushitsu,omo_tekisei_code,283,108813,74.97,9.61,73.85,False
GLOBAL_条件戦,uma_deokure_bin+keibajo_code+shiba_tekisei_code+rotation_bin,uma_deokure_bin,keibajo_code,shiba_tekisei_code,rotation_bin,209,76712,75.37,11.17,73.85,False
GLOBAL_条件戦,pace_yoso+keibajo_code+omo_tekisei_code+ichi_shisu_juni,pace_yoso,keibajo_code,omo_tekisei_code,ichi_shisu_juni,484,84721,74.8,10.69,73.85,False
GLOBAL_条件戦,uma_deokure_bin+umakigo_code+kyori_tekisei+manken_shisu_decile,uma_deokure_bin,umakigo_code,kyori_tekisei,manken_shisu_decile,120,106995,75.56,9.56,73.85,False
GLOBAL_条件戦,kyori_kubun+da_tekisei_code+kyakushitsu+shiba_tekisei_code,kyori_kubun,da_tekisei_code,kyakushitsu,shiba_tekisei_code,49,39801,76.41,9.14,73.85,False
GLOBAL_条件戦,umakigo_code+hizume_code+da_tekisei_code+rotation_bin,umakigo_code,hizume_code,da_tekisei_code,rotation_bin,112,61374,75.69,9.94,73.85,False
GLOBAL_条件戦,pace_yoso+umakigo_code+da_tekisei_code+joshodo_code,pace_yoso,umakigo_code,da_tekisei_code,joshodo_code,13,63795,79.56,10.53,73.84,False
GLOBAL_条件戦,pace_yoso+umakigo_code+kyakushitsu+bataiju,pace_yoso,umakigo_code,kyakushitsu,bataiju,470,116601,74.73,9.78,73.84,False
GLOBAL_条件戦,uma_deokure_bin+umakigo_code+joshodo_code+ichi_shisu_juni,uma_deokure_bin,umakigo_code,joshodo_code,ichi_shisu_juni,69,108773,76.16,9.84,73.84,False
GLOBAL_条件戦,uma_deokure_bin+kyori_kubun+hizume_code+ichi_shisu_juni,uma_deokure_bin,kyori_kubun,hizume_code,ichi_shisu_juni,303,65061,75.02,10.49,73.84,False
GLOBAL_条件戦,kyori_kubun+umakigo_code+omo_tekisei_code+rotation_bin,kyori_kubun,umakigo_code,omo_tekisei_code,rotation_bin,92,115102,75.53,8.24,73.84,False
GLOBAL_条件戦,kyori_tekisei+manken_shisu_decile+omo_tekisei_code+rotation_bin,kyori_tekisei,manken_shisu_decile,omo_tekisei_code,rotation_bin,356,96130,74.98,11.05,73.84,False
GLOBAL_条件戦,hizume_code+da_tekisei_code+kyakushitsu+joshodo_code,hizume_code,da_tekisei_code,kyakushitsu,joshodo_code,85,65971,76.25,11.34,73.84,False
GLOBAL_条件戦,pace_yoso+hizume_code+omo_tekisei_code+shiba_tekisei_code,pace_yoso,hizume_code,omo_tekisei_code,shiba_tekisei_code,112,77830,75.43,8.6,73.84,False
GLOBAL_条件戦,kyori_tekisei+manken_shisu_decile+rotation_bin+joshodo_code,kyori_tekisei,manken_shisu_decile,rotation_bin,joshodo_code,232,107714,75.16,10.23,73.84,False
GLOBAL_条件戦,umakigo_code+keibajo_code+uma_start_shisu_decile+manken_shisu_decile,umakigo_code,keibajo_code,uma_start_shisu_decile,manken_shisu_decile,382,83498,75.0,11.53,73.84,False
GLOBAL_条件戦,pace_yoso+keibajo_code+uma_start_shisu_decile+da_tekisei_code,pace_yoso,keibajo_code,uma_start_shisu_decile,da_tekisei_code,205,53410,75.38,11.25,73.84,False
GLOBAL_条件戦,pace_yoso+umakigo_code+keibajo_code+hizume_code,pace_yoso,umakigo_code,keibajo_code,hizume_code,221,98604,74.95,8.4,73.84,False
GLOBAL_条件戦,pace_yoso+kyori_kubun+keibajo_code+omo_tekisei_code,pace_yoso,kyori_kubun,keibajo_code,omo_tekisei_code,195,108888,74.69,6.08,73.84,False
GLOBAL_条件戦,uma_start_shisu_decile+kyori_tekisei+kyakushitsu+rotation_bin,uma_start_shisu_decile,kyori_tekisei,kyakushitsu,rotation_bin,318,86006,75.13,11.67,73.84,False
GLOBAL_条件戦,uma_start_shisu_decile+hizume_code+manken_shisu_decile+joshodo_code,uma_start_shisu_decile,hizume_code,manken_shisu_decile,joshodo_code,312,79763,75.06,11.02,73.84,False
GLOBAL_条件戦,uma_start_shisu_decile+omo_tekisei_code+joshodo_code+bataiju,uma_start_shisu_decile,omo_tekisei_code,joshodo_code,bataiju,370,71764,75.04,11.76,73.84,False
GLOBAL_条件戦,uma_deokure_bin+pace_yoso+keibajo_code+ichi_shisu_juni,uma_deokure_bin,pace_yoso,keibajo_code,ichi_shisu_juni,439,79003,74.92,11.52,73.84,False
GLOBAL_条件戦,keibajo_code+kyori_tekisei+manken_shisu_decile+joshodo_code,keibajo_code,kyori_tekisei,manken_shisu_decile,joshodo_code,374,137070,74.89,10.35,73.84,False
GLOBAL_条件戦,umakigo_code+keibajo_code+kyori_tekisei+joshodo_code,umakigo_code,keibajo_code,kyori_tekisei,joshodo_code,75,144138,75.52,7.47,73.83,False
GLOBAL_条件戦,kyori_kubun+manken_shisu_decile+omo_tekisei_code+rotation_bin,kyori_kubun,manken_shisu_decile,omo_tekisei_code,rotation_bin,363,101147,74.91,10.49,73.83,False
GLOBAL_条件戦,uma_deokure_bin+pace_yoso+uma_start_shisu_decile+manken_shisu_decile,uma_deokure_bin,pace_yoso,uma_start_shisu_decile,manken_shisu_decile,239,91862,75.02,9.39,73.83,False
GLOBAL_条件戦,umakigo_code+hizume_code+rotation_bin+ichi_shisu_juni,umakigo_code,hizume_code,rotation_bin,ichi_shisu_juni,308,68344,74.95,10.03,73.83,False
GLOBAL_条件戦,uma_deokure_bin+kyori_kubun+joshodo_code+bataiju,uma_deokure_bin,kyori_kubun,joshodo_code,bataiju,336,95729,74.92,10.18,73.83,False
GLOBAL_条件戦,umakigo_code+keibajo_code+ichi_shisu_juni+bataiju,umakigo_code,keibajo_code,ichi_shisu_juni,bataiju,127,17763,75.71,10.78,73.83,False
GLOBAL_条件戦,uma_deokure_bin+kyori_kubun+hizume_code+kyakushitsu,uma_deokure_bin,kyori_kubun,hizume_code,kyakushitsu,229,99345,75.09,9.7,73.83,False
GLOBAL_条件戦,pace_yoso+hizume_code+kyakushitsu+ichi_shisu_juni,pace_yoso,hizume_code,kyakushitsu,ichi_shisu_juni,327,66852,74.91,10.01,73.83,False
GLOBAL_条件戦,uma_start_shisu_decile+kyori_tekisei+hizume_code+kyakushitsu,uma_start_shisu_decile,kyori_tekisei,hizume_code,kyakushitsu,276,71987,75.14,11.15,73.83,False
GLOBAL_条件戦,manken_shirushi+uma_start_shisu_decile+manken_shisu_decile+shiba_tekisei_code,manken_shirushi,uma_start_shisu_decile,manken_shisu_decile,shiba_tekisei_code,174,34973,75.37,10.33,73.83,False
GLOBAL_条件戦,keibajo_code+kyakushitsu+rotation_bin+joshodo_code,keibajo_code,kyakushitsu,rotation_bin,joshodo_code,238,114197,74.96,8.91,73.83,False
GLOBAL_条件戦,keibajo_code+kyori_tekisei+omo_tekisei_code+rotation_bin,keibajo_code,kyori_tekisei,omo_tekisei_code,rotation_bin,327,94903,74.99,10.68,73.83,False
GLOBAL_条件戦,manken_shirushi+uma_start_shisu_decile+shiba_tekisei_code+ichi_shisu_juni,manken_shirushi,uma_start_shisu_decile,shiba_tekisei_code,ichi_shisu_juni,88,13659,75.9,9.94,73.83,False
GLOBAL_条件戦,umakigo_code+hizume_code+da_tekisei_code+omo_tekisei_code,umakigo_code,hizume_code,da_tekisei_code,omo_tekisei_code,64,65730,76.3,10.14,73.82,False
GLOBAL_条件戦,uma_start_shisu_decile+kyori_tekisei+hizume_code+omo_tekisei_code,uma_start_shisu_decile,kyori_tekisei,hizume_code,omo_tekisei_code,268,82091,75.08,10.5,73.82,False
GLOBAL_条件戦,uma_deokure_bin+kyori_tekisei+da_tekisei_code+idm_decile,uma_deokure_bin,kyori_tekisei,da_tekisei_code,idm_decile,104,62819,76.71,15.03,73.82,False
GLOBAL_条件戦,pace_yoso+kyori_tekisei+rotation_bin+ichi_shisu_juni,pace_yoso,kyori_tekisei,rotation_bin,ichi_shisu_juni,385,68404,75.02,12.04,73.82,False
GLOBAL_条件戦,umakigo_code+da_tekisei_code+joshodo_code+idm_decile,umakigo_code,da_tekisei_code,joshodo_code,idm_decile,31,69516,78.29,12.73,73.81,False
GLOBAL_条件戦,uma_deokure_bin+pace_yoso+keibajo_code+rotation_bin,uma_deokure_bin,pace_yoso,keibajo_code,rotation_bin,298,97484,74.79,8.6,73.81,False
GLOBAL_条件戦,kyori_kubun+uma_start_shisu_decile+kyori_tekisei+rotation_bin,kyori_kubun,uma_start_shisu_decile,kyori_tekisei,rotation_bin,288,87706,75.14,11.56,73.81,False
GLOBAL_条件戦,umakigo_code+hizume_code+kyakushitsu+joshodo_code,umakigo_code,hizume_code,kyakushitsu,joshodo_code,79,114217,75.21,6.37,73.81,False
GLOBAL_条件戦,uma_deokure_bin+umakigo_code+keibajo_code+rotation_bin,uma_deokure_bin,umakigo_code,keibajo_code,rotation_bin,169,108284,75.25,9.51,73.81,False
GLOBAL_条件戦,pace_yoso+keibajo_code+kyakushitsu+ichi_shisu_juni,pace_yoso,keibajo_code,kyakushitsu,ichi_shisu_juni,431,99895,74.9,11.47,73.81,False
GLOBAL_条件戦,pace_yoso+kyori_tekisei+kyakushitsu+shiba_tekisei_code,pace_yoso,kyori_tekisei,kyakushitsu,shiba_tekisei_code,81,79563,75.5,7.75,73.81,False
GLOBAL_条件戦,pace_yoso+hizume_code+manken_shisu_decile+rotation_bin,pace_yoso,hizume_code,manken_shisu_decile,rotation_bin,291,50620,75.16,11.85,73.8,False
GLOBAL_条件戦,pace_yoso+kyori_tekisei+manken_shisu_decile+rotation_bin,pace_yoso,kyori_tekisei,manken_shisu_decile,rotation_bin,379,84722,74.95,11.48,73.8,False
GLOBAL_条件戦,uma_deokure_bin+keibajo_code+omo_tekisei_code+rotation_bin,uma_deokure_bin,keibajo_code,omo_tekisei_code,rotation_bin,230,99334,74.97,9.03,73.8,False
GLOBAL_条件戦,umakigo_code+kyori_tekisei+manken_shisu_decile+rotation_bin,umakigo_code,kyori_tekisei,manken_shisu_decile,rotation_bin,237,105854,75.09,10.13,73.8,False
GLOBAL_条件戦,umakigo_code+rotation_bin+idm_decile+bataiju,umakigo_code,rotation_bin,idm_decile,bataiju,243,32042,75.44,12.99,73.8,False
GLOBAL_条件戦,kyori_tekisei+manken_shisu_decile+kyakushitsu+shiba_tekisei_code,kyori_tekisei,manken_shisu_decile,kyakushitsu,shiba_tekisei_code,218,80595,75.18,10.4,73.8,False
GLOBAL_条件戦,manken_shirushi+pace_yoso+keibajo_code+ichi_shisu_juni,manken_shirushi,pace_yoso,keibajo_code,ichi_shisu_juni,71,20556,75.85,8.83,73.8,False
GLOBAL_条件戦,pace_yoso+uma_start_shisu_decile+manken_shisu_decile+omo_tekisei_code,pace_yoso,uma_start_shisu_decile,manken_shisu_decile,omo_tekisei_code,333,98165,74.9,10.32,73.79,False
GLOBAL_条件戦,pace_yoso+kyakushitsu+rotation_bin+bataiju,pace_yoso,kyakushitsu,rotation_bin,bataiju,41,4607,77.42,11.89,73.79,False
GLOBAL_条件戦,kyori_tekisei+hizume_code+manken_shisu_decile+joshodo_code,kyori_tekisei,hizume_code,manken_shisu_decile,joshodo_code,255,97478,74.99,9.78,73.79,False
GLOBAL_条件戦,keibajo_code+kyori_tekisei+kyakushitsu+rotation_bin,keibajo_code,kyori_tekisei,kyakushitsu,rotation_bin,365,82077,74.97,11.52,73.79,False
GLOBAL_条件戦,pace_yoso+keibajo_code+kyakushitsu+omo_tekisei_code,pace_yoso,keibajo_code,kyakushitsu,omo_tekisei_code,233,109253,74.75,7.54,73.79,False
GLOBAL_条件戦,uma_deokure_bin+keibajo_code+uma_start_shisu_decile+hizume_code,uma_deokure_bin,keibajo_code,uma_start_shisu_decile,hizume_code,236,62110,75.12,10.45,73.79,False
GLOBAL_条件戦,uma_deokure_bin+keibajo_code+kyakushitsu+omo_tekisei_code,uma_deokure_bin,keibajo_code,kyakushitsu,omo_tekisei_code,174,106180,75.09,8.73,73.79,False
GLOBAL_条件戦,uma_deokure_bin+pace_yoso+shiba_tekisei_code+rotation_bin,uma_deokure_bin,pace_yoso,shiba_tekisei_code,rotation_bin,102,80647,75.55,9.06,73.79,False
GLOBAL_条件戦,hizume_code+da_tekisei_code+shiba_tekisei_code+joshodo_code,hizume_code,da_tekisei_code,shiba_tekisei_code,joshodo_code,40,38557,77.43,11.74,73.79,False
GLOBAL_条件戦,uma_deokure_bin+kyori_kubun+keibajo_code+hizume_code,uma_deokure_bin,kyori_kubun,keibajo_code,hizume_code,301,84792,74.82,9.11,73.79,False
GLOBAL_条件戦,umakigo_code+manken_shisu_decile+kyakushitsu+shiba_tekisei_code,umakigo_code,manken_shisu_decile,kyakushitsu,shiba_tekisei_code,82,86133,75.32,7.1,73.78,False
GLOBAL_条件戦,pace_yoso+kyori_tekisei+joshodo_code+bataiju,pace_yoso,kyori_tekisei,joshodo_code,bataiju,456,111267,74.79,10.99,73.78,False
GLOBAL_条件戦,kyori_tekisei+kyakushitsu+omo_tekisei_code+rotation_bin,kyori_tekisei,kyakushitsu,omo_tekisei_code,rotation_bin,214,107857,75.11,10.04,73.77,False
GLOBAL_条件戦,kyori_kubun+keibajo_code+kyakushitsu+ichi_shisu_juni,kyori_kubun,keibajo_code,kyakushitsu,ichi_shisu_juni,416,100780,74.84,11.12,73.77,False
GLOBAL_条件戦,pace_yoso+kyori_tekisei+hizume_code+kyakushitsu,pace_yoso,kyori_tekisei,hizume_code,kyakushitsu,259,90744,75.02,10.25,73.77,False
GLOBAL_条件戦,kyori_tekisei+rotation_bin+joshodo_code+bataiju,kyori_tekisei,rotation_bin,joshodo_code,bataiju,349,56766,75.01,11.82,73.77,False
GLOBAL_条件戦,manken_shirushi+pace_yoso+hizume_code+shiba_tekisei_code,manken_shirushi,pace_yoso,hizume_code,shiba_tekisei_code,175,39871,75.34,10.61,73.77,False
GLOBAL_条件戦,pace_yoso+omo_tekisei_code+shiba_tekisei_code+joshodo_code,pace_yoso,omo_tekisei_code,shiba_tekisei_code,joshodo_code,19,81836,77.13,7.48,73.77,False
GLOBAL_条件戦,pace_yoso+kyori_kubun+keibajo_code+bataiju,pace_yoso,kyori_kubun,keibajo_code,bataiju,181,24678,75.27,10.39,73.76,False
GLOBAL_条件戦,kyori_kubun+keibajo_code+uma_start_shisu_decile+da_tekisei_code,kyori_kubun,keibajo_code,uma_start_shisu_decile,da_tekisei_code,197,51092,75.47,12.26,73.76,False
GLOBAL_条件戦,kyori_tekisei+kyakushitsu+shiba_tekisei_code+rotation_bin,kyori_tekisei,kyakushitsu,shiba_tekisei_code,rotation_bin,165,82412,75.14,9.03,73.76,False
GLOBAL_条件戦,hizume_code+omo_tekisei_code+shiba_tekisei_code+joshodo_code,hizume_code,omo_tekisei_code,shiba_tekisei_code,joshodo_code,66,86306,75.57,7.54,73.76,False
GLOBAL_条件戦,pace_yoso+uma_start_shisu_decile+omo_tekisei_code+ichi_shisu_juni,pace_yoso,uma_start_shisu_decile,omo_tekisei_code,ichi_shisu_juni,380,91183,74.85,10.82,73.76,False
GLOBAL_条件戦,pace_yoso+uma_start_shisu_decile+manken_shisu_decile+ichi_shisu_juni,pace_yoso,uma_start_shisu_decile,manken_shisu_decile,ichi_shisu_juni,179,27743,75.24,10.18,73.75,False
GLOBAL_条件戦,uma_deokure_bin+pace_yoso+hizume_code+shiba_tekisei_code,uma_deokure_bin,pace_yoso,hizume_code,shiba_tekisei_code,117,74554,75.54,9.84,73.75,False
GLOBAL_条件戦,keibajo_code+hizume_code+omo_tekisei_code+rotation_bin,keibajo_code,hizume_code,omo_tekisei_code,rotation_bin,328,70238,74.88,10.43,73.75,False
GLOBAL_条件戦,manken_shirushi+keibajo_code+uma_start_shisu_decile+rotation_bin,manken_shirushi,keibajo_code,uma_start_shisu_decile,rotation_bin,49,6109,76.56,10.04,73.75,False
GLOBAL_条件戦,kyori_kubun+umakigo_code+manken_shisu_decile+shiba_tekisei_code,kyori_kubun,umakigo_code,manken_shisu_decile,shiba_tekisei_code,80,86343,75.42,7.61,73.75,False
GLOBAL_条件戦,kyori_kubun+keibajo_code+rotation_bin+joshodo_code,kyori_kubun,keibajo_code,rotation_bin,joshodo_code,214,114868,74.96,9.01,73.75,False
GLOBAL_条件戦,kyori_kubun+manken_shisu_decile+da_tekisei_code+shiba_tekisei_code,kyori_kubun,manken_shisu_decile,da_tekisei_code,shiba_tekisei_code,86,37217,75.97,10.55,73.74,False
GLOBAL_条件戦,manken_shirushi+uma_start_shisu_decile+rotation_bin+idm_decile,manken_shirushi,uma_start_shisu_decile,rotation_bin,idm_decile,110,16300,76.22,13.27,73.74,False
GLOBAL_条件戦,umakigo_code+keibajo_code+kyakushitsu+shiba_tekisei_code,umakigo_code,keibajo_code,kyakushitsu,shiba_tekisei_code,80,87086,75.24,6.85,73.74,False
GLOBAL_条件戦,uma_deokure_bin+kyori_kubun+hizume_code+bataiju,uma_deokure_bin,kyori_kubun,hizume_code,bataiju,114,15154,75.66,10.47,73.74,False
GLOBAL_条件戦,kyori_kubun+kyakushitsu+rotation_bin+ichi_shisu_juni,kyori_kubun,kyakushitsu,rotation_bin,ichi_shisu_juni,371,78509,74.82,10.74,73.73,False
GLOBAL_条件戦,umakigo_code+keibajo_code+da_tekisei_code+idm_decile,umakigo_code,keibajo_code,da_tekisei_code,idm_decile,110,65673,76.17,13.07,73.73,False
GLOBAL_条件戦,hizume_code+shiba_tekisei_code+rotation_bin+joshodo_code,hizume_code,shiba_tekisei_code,rotation_bin,joshodo_code,124,82221,75.24,8.6,73.73,False
GLOBAL_条件戦,kyori_kubun+kyori_tekisei+hizume_code+shiba_tekisei_code,kyori_kubun,kyori_tekisei,hizume_code,shiba_tekisei_code,149,77443,75.22,9.33,73.73,False
GLOBAL_条件戦,keibajo_code+hizume_code+kyakushitsu+joshodo_code,keibajo_code,hizume_code,kyakushitsu,joshodo_code,276,104284,74.8,9.05,73.73,False
GLOBAL_条件戦,uma_deokure_bin+uma_start_shisu_decile+kyakushitsu+rotation_bin,uma_deokure_bin,uma_start_shisu_decile,kyakushitsu,rotation_bin,215,95512,75.19,10.89,73.73,False
GLOBAL_条件戦,rotation_bin+joshodo_code+idm_decile+bataiju,rotation_bin,joshodo_code,idm_decile,bataiju,255,33644,75.35,13.2,73.73,False
GLOBAL_条件戦,pace_yoso+kyakushitsu+omo_tekisei_code+joshodo_code,pace_yoso,kyakushitsu,omo_tekisei_code,joshodo_code,37,112581,76.6,8.9,73.73,False
GLOBAL_条件戦,uma_deokure_bin+uma_start_shisu_decile+da_tekisei_code+shiba_tekisei_code,uma_deokure_bin,uma_start_shisu_decile,da_tekisei_code,shiba_tekisei_code,53,32478,76.56,10.57,73.72,False
GLOBAL_条件戦,kyori_kubun+hizume_code+shiba_tekisei_code+joshodo_code,kyori_kubun,hizume_code,shiba_tekisei_code,joshodo_code,89,85324,75.71,9.59,73.72,False
GLOBAL_条件戦,umakigo_code+kyori_tekisei+hizume_code+manken_shisu_decile,umakigo_code,kyori_tekisei,hizume_code,manken_shisu_decile,253,95128,74.91,9.67,73.72,False
GLOBAL_条件戦,umakigo_code+hizume_code+omo_tekisei_code+rotation_bin,umakigo_code,hizume_code,omo_tekisei_code,rotation_bin,156,106770,74.98,7.99,73.72,False
GLOBAL_条件戦,uma_deokure_bin+uma_start_shisu_decile+hizume_code+shiba_tekisei_code,uma_deokure_bin,uma_start_shisu_decile,hizume_code,shiba_tekisei_code,145,66678,75.26,9.49,73.72,False
GLOBAL_条件戦,pace_yoso+kyori_tekisei+manken_shisu_decile+kyakushitsu,pace_yoso,kyori_tekisei,manken_shisu_decile,kyakushitsu,355,132418,74.86,10.94,73.72,False
GLOBAL_条件戦,pace_yoso+kyori_kubun+umakigo_code+hizume_code,pace_yoso,kyori_kubun,umakigo_code,hizume_code,123,104406,75.15,8.09,73.72,False
GLOBAL_条件戦,manken_shirushi+uma_start_shisu_decile+omo_tekisei_code+idm_decile,manken_shirushi,uma_start_shisu_decile,omo_tekisei_code,idm_decile,242,44282,75.38,13.31,73.71,False
GLOBAL_条件戦,manken_shisu_decile+da_tekisei_code+shiba_tekisei_code+rotation_bin,manken_shisu_decile,da_tekisei_code,shiba_tekisei_code,rotation_bin,111,33416,75.71,10.76,73.71,False
GLOBAL_条件戦,uma_deokure_bin+umakigo_code+hizume_code+kyakushitsu,uma_deokure_bin,umakigo_code,hizume_code,kyakushitsu,135,108501,75.15,8.51,73.71,False
GLOBAL_条件戦,manken_shirushi+manken_shisu_decile+da_tekisei_code+shiba_tekisei_code,manken_shirushi,manken_shisu_decile,da_tekisei_code,shiba_tekisei_code,74,20644,76.1,10.53,73.7,False
GLOBAL_条件戦,uma_deokure_bin+kyori_kubun+manken_shisu_decile+rotation_bin,uma_deokure_bin,kyori_kubun,manken_shisu_decile,rotation_bin,348,96329,74.78,10.34,73.7,False
GLOBAL_条件戦,umakigo_code+uma_start_shisu_decile+hizume_code+manken_shisu_decile,umakigo_code,uma_start_shisu_decile,hizume_code,manken_shisu_decile,311,78527,74.95,11.2,73.7,False
GLOBAL_条件戦,manken_shirushi+umakigo_code+kyori_tekisei+idm_decile,manken_shirushi,umakigo_code,kyori_tekisei,idm_decile,184,91598,75.62,13.36,73.69,False
GLOBAL_条件戦,uma_start_shisu_decile+da_tekisei_code+kyakushitsu+idm_decile,uma_start_shisu_decile,da_tekisei_code,kyakushitsu,idm_decile,163,54882,75.99,15.02,73.69,False
GLOBAL_条件戦,manken_shirushi+kyori_kubun+manken_shisu_decile+shiba_tekisei_code,manken_shirushi,kyori_kubun,manken_shisu_decile,shiba_tekisei_code,168,46701,75.19,9.92,73.69,False
GLOBAL_条件戦,uma_deokure_bin+uma_start_shisu_decile+joshodo_code+ichi_shisu_juni,uma_deokure_bin,uma_start_shisu_decile,joshodo_code,ichi_shisu_juni,194,100783,75.1,10.05,73.69,False
GLOBAL_条件戦,umakigo_code+uma_start_shisu_decile+kyakushitsu+joshodo_code,umakigo_code,uma_start_shisu_decile,kyakushitsu,joshodo_code,42,110554,75.79,6.93,73.69,False
GLOBAL_条件戦,manken_shirushi+umakigo_code+da_tekisei_code+joshodo_code,manken_shirushi,umakigo_code,da_tekisei_code,joshodo_code,18,45172,78.26,9.92,73.68,False
GLOBAL_条件戦,uma_deokure_bin+hizume_code+manken_shisu_decile+rotation_bin,uma_deokure_bin,hizume_code,manken_shisu_decile,rotation_bin,312,59587,74.92,11.19,73.68,False
GLOBAL_条件戦,uma_deokure_bin+umakigo_code+da_tekisei_code+shiba_tekisei_code,uma_deokure_bin,umakigo_code,da_tekisei_code,shiba_tekisei_code,25,39809,76.64,7.55,73.68,False
GLOBAL_条件戦,hizume_code+omo_tekisei_code+rotation_bin+joshodo_code,hizume_code,omo_tekisei_code,rotation_bin,joshodo_code,154,108843,74.94,7.99,73.68,False
GLOBAL_条件戦,pace_yoso+hizume_code+kyakushitsu+omo_tekisei_code,pace_yoso,hizume_code,kyakushitsu,omo_tekisei_code,192,99977,74.85,8.27,73.68,False
GLOBAL_条件戦,uma_deokure_bin+manken_shisu_decile+kyakushitsu+omo_tekisei_code,uma_deokure_bin,manken_shisu_decile,kyakushitsu,omo_tekisei_code,174,104425,74.89,8.16,73.68,False
GLOBAL_条件戦,uma_deokure_bin+kyori_kubun+shiba_tekisei_code+rotation_bin,uma_deokure_bin,kyori_kubun,shiba_tekisei_code,rotation_bin,131,84395,75.39,10.0,73.68,False
GLOBAL_条件戦,pace_yoso+kyakushitsu+joshodo_code+bataiju,pace_yoso,kyakushitsu,joshodo_code,bataiju,469,115606,74.58,9.88,73.68,False
GLOBAL_条件戦,uma_deokure_bin+manken_shisu_decile+rotation_bin+joshodo_code,uma_deokure_bin,manken_shisu_decile,rotation_bin,joshodo_code,170,108743,75.14,9.71,73.68,False
GLOBAL_条件戦,kyori_kubun+umakigo_code+kyori_tekisei+hizume_code,kyori_kubun,umakigo_code,kyori_tekisei,hizume_code,139,106173,75.24,9.47,73.67,False
GLOBAL_条件戦,kyori_kubun+umakigo_code+uma_start_shisu_decile+bataiju,kyori_kubun,umakigo_code,uma_start_shisu_decile,bataiju,275,52115,74.96,10.92,73.67,False
GLOBAL_条件戦,uma_start_shisu_decile+manken_shisu_decile+kyakushitsu+omo_tekisei_code,uma_start_shisu_decile,manken_shisu_decile,kyakushitsu,omo_tekisei_code,332,92159,74.84,10.92,73.67,False
GLOBAL_条件戦,kyori_kubun+keibajo_code+kyori_tekisei+hizume_code,kyori_kubun,keibajo_code,kyori_tekisei,hizume_code,305,79778,74.87,10.69,73.67,False
GLOBAL_条件戦,manken_shirushi+umakigo_code+shiba_tekisei_code+idm_decile,manken_shirushi,umakigo_code,shiba_tekisei_code,idm_decile,97,56086,76.1,12.19,73.67,False
GLOBAL_条件戦,hizume_code+da_tekisei_code+kyakushitsu+rotation_bin,hizume_code,da_tekisei_code,kyakushitsu,rotation_bin,192,51674,75.25,11.13,73.67,False
GLOBAL_条件戦,uma_deokure_bin+kyori_tekisei+hizume_code+rotation_bin,uma_deokure_bin,kyori_tekisei,hizume_code,rotation_bin,271,84589,74.87,10.11,73.67,False
GLOBAL_条件戦,uma_deokure_bin+kyori_kubun+hizume_code+rotation_bin,uma_deokure_bin,kyori_kubun,hizume_code,rotation_bin,291,89776,74.78,9.69,73.67,False
GLOBAL_条件戦,uma_deokure_bin+umakigo_code+kyakushitsu+ichi_shisu_juni,uma_deokure_bin,umakigo_code,kyakushitsu,ichi_shisu_juni,126,105148,75.27,9.18,73.67,False
GLOBAL_条件戦,pace_yoso+kyori_tekisei+hizume_code+rotation_bin,pace_yoso,kyori_tekisei,hizume_code,rotation_bin,290,78917,74.9,10.66,73.67,False
GLOBAL_条件戦,kyori_kubun+manken_shisu_decile+kyakushitsu+ichi_shisu_juni,kyori_kubun,manken_shisu_decile,kyakushitsu,ichi_shisu_juni,398,89495,74.85,12.03,73.67,False
GLOBAL_条件戦,uma_deokure_bin+kyori_kubun+manken_shisu_decile+kyakushitsu,uma_deokure_bin,kyori_kubun,manken_shisu_decile,kyakushitsu,256,105446,74.84,9.58,73.66,False
GLOBAL_条件戦,uma_deokure_bin+kyori_kubun+shiba_tekisei_code+idm_decile,uma_deokure_bin,kyori_kubun,shiba_tekisei_code,idm_decile,116,85848,75.94,12.49,73.66,False
GLOBAL_条件戦,da_tekisei_code+omo_tekisei_code+rotation_bin+idm_decile,da_tekisei_code,omo_tekisei_code,rotation_bin,idm_decile,129,62913,75.8,12.4,73.66,False
GLOBAL_条件戦,umakigo_code+kyori_tekisei+hizume_code+rotation_bin,umakigo_code,kyori_tekisei,hizume_code,rotation_bin,197,98720,75.05,9.94,73.66,False
GLOBAL_条件戦,uma_deokure_bin+kyakushitsu+joshodo_code+idm_decile,uma_deokure_bin,kyakushitsu,joshodo_code,idm_decile,93,116021,75.82,10.64,73.66,False
GLOBAL_条件戦,kyori_tekisei+hizume_code+kyakushitsu+bataiju,kyori_tekisei,hizume_code,kyakushitsu,bataiju,29,3200,76.97,9.09,73.66,False
GLOBAL_条件戦,uma_start_shisu_decile+kyakushitsu+omo_tekisei_code+ichi_shisu_juni,uma_start_shisu_decile,kyakushitsu,omo_tekisei_code,ichi_shisu_juni,328,86911,74.85,11.0,73.66,False
GLOBAL_条件戦,uma_deokure_bin+pace_yoso+manken_shisu_decile+rotation_bin,uma_deokure_bin,pace_yoso,manken_shisu_decile,rotation_bin,305,95953,74.81,10.21,73.66,False
GLOBAL_条件戦,umakigo_code+keibajo_code+kyakushitsu+rotation_bin,umakigo_code,keibajo_code,kyakushitsu,rotation_bin,235,111450,74.8,9.0,73.65,False
GLOBAL_条件戦,pace_yoso+umakigo_code+kyori_tekisei+da_tekisei_code,pace_yoso,umakigo_code,kyori_tekisei,da_tekisei_code,29,60768,77.39,10.27,73.65,False
GLOBAL_条件戦,umakigo_code+rotation_bin+joshodo_code+bataiju,umakigo_code,rotation_bin,joshodo_code,bataiju,299,100423,74.71,9.31,73.65,False
GLOBAL_条件戦,uma_deokure_bin+umakigo_code+joshodo_code+bataiju,uma_deokure_bin,umakigo_code,joshodo_code,bataiju,160,105439,75.11,9.41,73.65,False
GLOBAL_条件戦,manken_shisu_decile+kyakushitsu+rotation_bin+joshodo_code,manken_shisu_decile,kyakushitsu,rotation_bin,joshodo_code,248,113384,74.78,9.07,73.65,False
GLOBAL_条件戦,manken_shisu_decile+kyakushitsu+ichi_shisu_juni+idm_decile,manken_shisu_decile,kyakushitsu,ichi_shisu_juni,idm_decile,228,53137,75.59,14.96,73.65,False
GLOBAL_条件戦,keibajo_code+kyakushitsu+shiba_tekisei_code+joshodo_code,keibajo_code,kyakushitsu,shiba_tekisei_code,joshodo_code,81,88821,75.17,7.0,73.65,False
GLOBAL_条件戦,kyori_tekisei_2+da_tekisei_code+shiba_tekisei_code+joshodo_code,kyori_tekisei_2,da_tekisei_code,shiba_tekisei_code,joshodo_code,4,646,87.05,13.69,73.64,False
GLOBAL_条件戦,umakigo_code+hizume_code+shiba_tekisei_code+rotation_bin,umakigo_code,hizume_code,shiba_tekisei_code,rotation_bin,124,80675,75.16,8.63,73.64,False
GLOBAL_条件戦,uma_deokure_bin+kyori_kubun+rotation_bin+ichi_shisu_juni,uma_deokure_bin,kyori_kubun,rotation_bin,ichi_shisu_juni,361,82389,74.74,10.72,73.64,False
GLOBAL_条件戦,keibajo_code+da_tekisei_code+shiba_tekisei_code+rotation_bin,keibajo_code,da_tekisei_code,shiba_tekisei_code,rotation_bin,110,33917,75.75,11.31,73.64,False
GLOBAL_条件戦,manken_shirushi+kyori_kubun+uma_start_shisu_decile+shiba_tekisei_code,manken_shirushi,kyori_kubun,uma_start_shisu_decile,shiba_tekisei_code,180,41625,75.37,11.83,73.64,False
GLOBAL_条件戦,manken_shisu_decile+omo_tekisei_code+ichi_shisu_juni+idm_decile,manken_shisu_decile,omo_tekisei_code,ichi_shisu_juni,idm_decile,288,36264,75.34,14.86,73.63,False
GLOBAL_条件戦,uma_deokure_bin+pace_yoso+kyakushitsu+bataiju,uma_deokure_bin,pace_yoso,kyakushitsu,bataiju,332,56307,74.81,10.92,73.63,False
GLOBAL_条件戦,pace_yoso+umakigo_code+hizume_code+shiba_tekisei_code,pace_yoso,umakigo_code,hizume_code,shiba_tekisei_code,76,79721,75.34,7.61,73.63,False
GLOBAL_条件戦,pace_yoso+uma_start_shisu_decile+kyori_tekisei+manken_shisu_decile,pace_yoso,uma_start_shisu_decile,kyori_tekisei,manken_shisu_decile,343,78323,74.83,11.47,73.62,False
GLOBAL_条件戦,uma_deokure_bin+manken_shirushi+kyori_tekisei+idm_decile,uma_deokure_bin,manken_shirushi,kyori_tekisei,idm_decile,273,61898,75.09,12.44,73.62,False
GLOBAL_条件戦,uma_deokure_bin+kyori_kubun+manken_shisu_decile+ichi_shisu_juni,uma_deokure_bin,kyori_kubun,manken_shisu_decile,ichi_shisu_juni,380,64695,74.79,11.63,73.62,False
GLOBAL_条件戦,uma_deokure_bin+kyori_tekisei+manken_shisu_decile+shiba_tekisei_code,uma_deokure_bin,kyori_tekisei,manken_shisu_decile,shiba_tekisei_code,145,77964,75.1,9.07,73.62,False
GLOBAL_条件戦,pace_yoso+keibajo_code+hizume_code+kyakushitsu,pace_yoso,keibajo_code,hizume_code,kyakushitsu,329,73012,74.75,10.44,73.62,False
GLOBAL_条件戦,keibajo_code+manken_shisu_decile+omo_tekisei_code+shiba_tekisei_code,keibajo_code,manken_shisu_decile,omo_tekisei_code,shiba_tekisei_code,271,77356,74.8,10.0,73.61,False
GLOBAL_条件戦,manken_shirushi+kyori_kubun+umakigo_code+joshodo_code,manken_shirushi,kyori_kubun,umakigo_code,joshodo_code,60,94763,75.12,5.95,73.61,False
GLOBAL_条件戦,pace_yoso+kyakushitsu+rotation_bin+ichi_shisu_juni,pace_yoso,kyakushitsu,rotation_bin,ichi_shisu_juni,384,84208,74.7,10.91,73.61,False
GLOBAL_条件戦,kyori_kubun+hizume_code+kyakushitsu+rotation_bin,kyori_kubun,hizume_code,kyakushitsu,rotation_bin,337,82604,74.72,10.41,73.61,False
GLOBAL_条件戦,pace_yoso+keibajo_code+uma_start_shisu_decile+rotation_bin,pace_yoso,keibajo_code,uma_start_shisu_decile,rotation_bin,313,63005,74.87,11.36,73.61,False
GLOBAL_条件戦,uma_start_shisu_decile+kyori_tekisei+da_tekisei_code+idm_decile,uma_start_shisu_decile,kyori_tekisei,da_tekisei_code,idm_decile,184,53029,75.76,14.9,73.6,False
GLOBAL_条件戦,manken_shirushi+uma_start_shisu_decile+kyori_tekisei+hizume_code,manken_shirushi,uma_start_shisu_decile,kyori_tekisei,hizume_code,106,18268,75.65,10.72,73.6,False
GLOBAL_条件戦,kyori_tekisei+hizume_code+manken_shisu_decile+kyakushitsu,kyori_tekisei,hizume_code,manken_shisu_decile,kyakushitsu,326,65204,74.88,11.73,73.6,False
GLOBAL_条件戦,uma_deokure_bin+omo_tekisei_code+shiba_tekisei_code+idm_decile,uma_deokure_bin,omo_tekisei_code,shiba_tekisei_code,idm_decile,94,84637,75.66,10.19,73.6,False
GLOBAL_条件戦,pace_yoso+keibajo_code+kyakushitsu+shiba_tekisei_code,pace_yoso,keibajo_code,kyakushitsu,shiba_tekisei_code,187,80681,74.91,9.1,73.6,False
GLOBAL_条件戦,kyori_tekisei+manken_shisu_decile+kyakushitsu+omo_tekisei_code,kyori_tekisei,manken_shisu_decile,kyakushitsu,omo_tekisei_code,291,108346,74.66,9.25,73.6,False
GLOBAL_条件戦,da_tekisei_code+rotation_bin+joshodo_code+ichi_shisu_juni,da_tekisei_code,rotation_bin,joshodo_code,ichi_shisu_juni,150,59366,75.28,10.51,73.6,False
GLOBAL_条件戦,umakigo_code+uma_start_shisu_decile+joshodo_code+ichi_shisu_juni,umakigo_code,uma_start_shisu_decile,joshodo_code,ichi_shisu_juni,126,108168,74.94,7.67,73.6,False
GLOBAL_条件戦,uma_deokure_bin+shiba_tekisei_code+rotation_bin+joshodo_code,uma_deokure_bin,shiba_tekisei_code,rotation_bin,joshodo_code,65,88133,76.04,10.1,73.59,False
GLOBAL_条件戦,kyori_kubun+kyori_tekisei+hizume_code+rotation_bin,kyori_kubun,kyori_tekisei,hizume_code,rotation_bin,315,85721,74.88,11.7,73.59,False
GLOBAL_条件戦,uma_deokure_bin+manken_shirushi+rotation_bin+idm_decile,uma_deokure_bin,manken_shirushi,rotation_bin,idm_decile,283,50916,75.17,13.58,73.59,False
GLOBAL_条件戦,pace_yoso+da_tekisei_code+shiba_tekisei_code+idm_decile,pace_yoso,da_tekisei_code,shiba_tekisei_code,idm_decile,45,34264,77.24,12.49,73.59,False
GLOBAL_条件戦,pace_yoso+keibajo_code+manken_shisu_decile+da_tekisei_code,pace_yoso,keibajo_code,manken_shisu_decile,da_tekisei_code,223,50238,75.05,11.11,73.59,False
GLOBAL_条件戦,uma_deokure_bin+kyori_kubun+umakigo_code+bataiju,uma_deokure_bin,kyori_kubun,umakigo_code,bataiju,325,93050,74.68,10.09,73.58,False
GLOBAL_条件戦,pace_yoso+umakigo_code+manken_shisu_decile+bataiju,pace_yoso,umakigo_code,manken_shisu_decile,bataiju,467,74739,74.61,11.33,73.58,False
GLOBAL_条件戦,kyori_kubun+umakigo_code+da_tekisei_code+rotation_bin,kyori_kubun,umakigo_code,da_tekisei_code,rotation_bin,64,68143,75.88,9.38,73.58,False
GLOBAL_条件戦,pace_yoso+uma_start_shisu_decile+shiba_tekisei_code+rotation_bin,pace_yoso,uma_start_shisu_decile,shiba_tekisei_code,rotation_bin,195,76489,74.96,9.87,73.58,False
GLOBAL_条件戦,uma_deokure_bin+kyori_tekisei+manken_shisu_decile+kyakushitsu,uma_deokure_bin,kyori_tekisei,manken_shisu_decile,kyakushitsu,272,101859,74.8,10.22,73.58,False
GLOBAL_条件戦,umakigo_code+uma_start_shisu_decile+kyakushitsu+bataiju,umakigo_code,uma_start_shisu_decile,kyakushitsu,bataiju,304,55238,74.94,12.08,73.58,False
GLOBAL_条件戦,uma_start_shisu_decile+kyakushitsu+shiba_tekisei_code+rotation_bin,uma_start_shisu_decile,kyakushitsu,shiba_tekisei_code,rotation_bin,201,73890,75.04,10.62,73.57,False
GLOBAL_条件戦,umakigo_code+uma_start_shisu_decile+shiba_tekisei_code+ichi_shisu_juni,umakigo_code,uma_start_shisu_decile,shiba_tekisei_code,ichi_shisu_juni,169,76555,75.0,9.46,73.57,False
GLOBAL_条件戦,pace_yoso+manken_shisu_decile+shiba_tekisei_code+rotation_bin,pace_yoso,manken_shisu_decile,shiba_tekisei_code,rotation_bin,232,73471,74.86,10.04,73.57,False
GLOBAL_条件戦,uma_deokure_bin+manken_shirushi+da_tekisei_code+idm_decile,uma_deokure_bin,manken_shirushi,da_tekisei_code,idm_decile,133,37129,75.9,13.67,73.57,False
GLOBAL_条件戦,uma_deokure_bin+uma_start_shisu_decile+kyori_tekisei+ichi_shisu_juni,uma_deokure_bin,uma_start_shisu_decile,kyori_tekisei,ichi_shisu_juni,277,73968,74.93,11.48,73.57,False
GLOBAL_条件戦,pace_yoso+omo_tekisei_code+joshodo_code+bataiju,pace_yoso,omo_tekisei_code,joshodo_code,bataiju,300,98045,74.58,8.99,73.57,False
GLOBAL_条件戦,hizume_code+manken_shisu_decile+kyakushitsu+rotation_bin,hizume_code,manken_shisu_decile,kyakushitsu,rotation_bin,286,43545,75.01,12.44,73.57,False
GLOBAL_条件戦,pace_yoso+kyori_tekisei+omo_tekisei_code+ichi_shisu_juni,pace_yoso,kyori_tekisei,omo_tekisei_code,ichi_shisu_juni,310,101012,74.63,9.48,73.57,False
GLOBAL_条件戦,uma_deokure_bin+hizume_code+kyakushitsu+omo_tekisei_code,uma_deokure_bin,hizume_code,kyakushitsu,omo_tekisei_code,172,102528,74.9,9.0,73.56,False
GLOBAL_条件戦,pace_yoso+keibajo_code+hizume_code+da_tekisei_code,pace_yoso,keibajo_code,hizume_code,da_tekisei_code,176,46854,75.14,10.71,73.56,False
GLOBAL_条件戦,kyori_kubun+manken_shisu_decile+kyakushitsu+rotation_bin,kyori_kubun,manken_shisu_decile,kyakushitsu,rotation_bin,424,87621,74.64,11.32,73.56,False
GLOBAL_条件戦,pace_yoso+hizume_code+shiba_tekisei_code+joshodo_code,pace_yoso,hizume_code,shiba_tekisei_code,joshodo_code,74,80133,75.46,8.33,73.56,False
GLOBAL_条件戦,pace_yoso+kyori_kubun+manken_shisu_decile+omo_tekisei_code,pace_yoso,kyori_kubun,manken_shisu_decile,omo_tekisei_code,220,107298,74.68,8.45,73.56,False
GLOBAL_条件戦,uma_deokure_bin+kyori_kubun+keibajo_code+rotation_bin,uma_deokure_bin,kyori_kubun,keibajo_code,rotation_bin,307,97938,74.66,9.85,73.56,False
GLOBAL_条件戦,kyori_tekisei+hizume_code+manken_shisu_decile+omo_tekisei_code,kyori_tekisei,hizume_code,manken_shisu_decile,omo_tekisei_code,315,82232,74.76,10.83,73.56,False
GLOBAL_条件戦,kyori_tekisei+hizume_code+shiba_tekisei_code+rotation_bin,kyori_tekisei,hizume_code,shiba_tekisei_code,rotation_bin,201,67378,75.03,10.62,73.56,False
GLOBAL_条件戦,pace_yoso+kyori_tekisei+shiba_tekisei_code+rotation_bin,pace_yoso,kyori_tekisei,shiba_tekisei_code,rotation_bin,126,77679,75.16,9.2,73.55,False
GLOBAL_条件戦,uma_start_shisu_decile+manken_shisu_decile+ichi_shisu_juni+idm_decile,uma_start_shisu_decile,manken_shisu_decile,ichi_shisu_juni,idm_decile,84,10218,76.27,12.71,73.55,False
GLOBAL_条件戦,pace_yoso+umakigo_code+omo_tekisei_code+bataiju,pace_yoso,umakigo_code,omo_tekisei_code,bataiju,300,96810,74.56,8.95,73.55,False
GLOBAL_条件戦,kyori_kubun+kyakushitsu+joshodo_code+bataiju,kyori_kubun,kyakushitsu,joshodo_code,bataiju,549,114963,74.45,10.79,73.55,False
GLOBAL_条件戦,keibajo_code+da_tekisei_code+omo_tekisei_code+idm_decile,keibajo_code,da_tekisei_code,omo_tekisei_code,idm_decile,167,60964,75.58,13.36,73.55,False
GLOBAL_条件戦,kyori_kubun+umakigo_code+omo_tekisei_code+shiba_tekisei_code,kyori_kubun,umakigo_code,omo_tekisei_code,shiba_tekisei_code,30,87997,76.14,7.26,73.55,False
GLOBAL_条件戦,uma_deokure_bin+keibajo_code+omo_tekisei_code+shiba_tekisei_code,uma_deokure_bin,keibajo_code,omo_tekisei_code,shiba_tekisei_code,110,82079,75.13,8.45,73.55,False
GLOBAL_条件戦,pace_yoso+omo_tekisei_code+rotation_bin+joshodo_code,pace_yoso,omo_tekisei_code,rotation_bin,joshodo_code,55,108827,75.34,6.75,73.55,False
GLOBAL_条件戦,pace_yoso+kyori_tekisei+omo_tekisei_code+bataiju,pace_yoso,kyori_tekisei,omo_tekisei_code,bataiju,333,51186,74.87,12.26,73.55,False
GLOBAL_条件戦,umakigo_code+omo_tekisei_code+shiba_tekisei_code+ichi_shisu_juni,umakigo_code,omo_tekisei_code,shiba_tekisei_code,ichi_shisu_juni,71,79512,75.26,7.38,73.54,False
GLOBAL_条件戦,uma_deokure_bin+uma_start_shisu_decile+hizume_code+rotation_bin,uma_deokure_bin,uma_start_shisu_decile,hizume_code,rotation_bin,240,70996,74.81,10.09,73.54,False
GLOBAL_条件戦,pace_yoso+kyori_kubun+kyori_tekisei+omo_tekisei_code,pace_yoso,kyori_kubun,kyori_tekisei,omo_tekisei_code,95,108048,75.45,9.51,73.54,False
GLOBAL_条件戦,pace_yoso+hizume_code+manken_shisu_decile+da_tekisei_code,pace_yoso,hizume_code,manken_shisu_decile,da_tekisei_code,178,45886,75.21,11.35,73.54,False
GLOBAL_条件戦,umakigo_code+hizume_code+da_tekisei_code+joshodo_code,umakigo_code,hizume_code,da_tekisei_code,joshodo_code,46,67595,76.32,9.6,73.54,False
GLOBAL_条件戦,uma_deokure_bin+pace_yoso+keibajo_code+kyakushitsu,uma_deokure_bin,pace_yoso,keibajo_code,kyakushitsu,214,104169,74.68,8.56,73.54,False
GLOBAL_条件戦,kyori_kubun+kyori_tekisei+kyakushitsu+omo_tekisei_code,kyori_kubun,kyori_tekisei,kyakushitsu,omo_tekisei_code,120,115189,75.03,8.38,73.53,False
GLOBAL_条件戦,umakigo_code+kyori_tekisei+manken_shisu_decile+shiba_tekisei_code,umakigo_code,kyori_tekisei,manken_shisu_decile,shiba_tekisei_code,82,83240,75.18,7.63,73.53,False
GLOBAL_条件戦,pace_yoso+kyori_tekisei+shiba_tekisei_code+ichi_shisu_juni,pace_yoso,kyori_tekisei,shiba_tekisei_code,ichi_shisu_juni,225,73633,74.97,10.96,73.53,False
GLOBAL_条件戦,uma_deokure_bin+pace_yoso+kyori_kubun+kyakushitsu,uma_deokure_bin,pace_yoso,kyori_kubun,kyakushitsu,108,109448,75.12,8.43,73.53,False
GLOBAL_条件戦,manken_shirushi+manken_shisu_decile+kyakushitsu+idm_decile,manken_shirushi,manken_shisu_decile,kyakushitsu,idm_decile,314,51829,75.01,13.35,73.53,False
GLOBAL_条件戦,pace_yoso+hizume_code+rotation_bin+joshodo_code,pace_yoso,hizume_code,rotation_bin,joshodo_code,179,101498,74.81,8.7,73.53,False
GLOBAL_条件戦,kyakushitsu+omo_tekisei_code+shiba_tekisei_code+joshodo_code,kyakushitsu,omo_tekisei_code,shiba_tekisei_code,joshodo_code,29,88182,76.9,9.28,73.52,False
GLOBAL_条件戦,manken_shirushi+shiba_tekisei_code+ichi_shisu_juni+idm_decile,manken_shirushi,shiba_tekisei_code,ichi_shisu_juni,idm_decile,108,12392,75.81,12.16,73.52,False
GLOBAL_条件戦,umakigo_code+manken_shisu_decile+kyakushitsu+rotation_bin,umakigo_code,manken_shisu_decile,kyakushitsu,rotation_bin,250,111140,74.67,9.27,73.52,False
GLOBAL_条件戦,kyori_kubun+keibajo_code+uma_start_shisu_decile+hizume_code,kyori_kubun,keibajo_code,uma_start_shisu_decile,hizume_code,239,49946,74.79,10.06,73.52,False
GLOBAL_条件戦,kyori_kubun+da_tekisei_code+shiba_tekisei_code+idm_decile,kyori_kubun,da_tekisei_code,shiba_tekisei_code,idm_decile,59,38626,76.84,13.07,73.51,False
GLOBAL_条件戦,keibajo_code+kyakushitsu+omo_tekisei_code+rotation_bin,keibajo_code,kyakushitsu,omo_tekisei_code,rotation_bin,360,101358,74.54,9.96,73.51,False
GLOBAL_条件戦,pace_yoso+uma_start_shisu_decile+da_tekisei_code+idm_decile,pace_yoso,uma_start_shisu_decile,da_tekisei_code,idm_decile,154,58320,75.82,14.64,73.51,False
GLOBAL_条件戦,pace_yoso+manken_shisu_decile+kyakushitsu+shiba_tekisei_code,pace_yoso,manken_shisu_decile,kyakushitsu,shiba_tekisei_code,181,79911,74.83,9.08,73.51,False
GLOBAL_条件戦,kyori_kubun+keibajo_code+manken_shisu_decile+rotation_bin,kyori_kubun,keibajo_code,manken_shisu_decile,rotation_bin,323,49906,74.81,11.9,73.51,False
GLOBAL_条件戦,manken_shirushi+kyori_kubun+keibajo_code+shiba_tekisei_code,manken_shirushi,kyori_kubun,keibajo_code,shiba_tekisei_code,212,41415,75.07,11.56,73.51,False
GLOBAL_条件戦,kyori_kubun+manken_shisu_decile+da_tekisei_code+rotation_bin,kyori_kubun,manken_shisu_decile,da_tekisei_code,rotation_bin,235,57257,75.13,12.65,73.51,False
GLOBAL_条件戦,umakigo_code+kyori_tekisei+rotation_bin+bataiju,umakigo_code,kyori_tekisei,rotation_bin,bataiju,344,54857,74.77,11.93,73.51,False
GLOBAL_条件戦,umakigo_code+manken_shisu_decile+joshodo_code+bataiju,umakigo_code,manken_shisu_decile,joshodo_code,bataiju,547,111947,74.43,10.98,73.51,False
GLOBAL_条件戦,kyori_kubun+umakigo_code+kyori_tekisei+da_tekisei_code,kyori_kubun,umakigo_code,kyori_tekisei,da_tekisei_code,38,67132,76.41,9.13,73.5,False
GLOBAL_条件戦,uma_start_shisu_decile+hizume_code+da_tekisei_code+omo_tekisei_code,uma_start_shisu_decile,hizume_code,da_tekisei_code,omo_tekisei_code,141,49729,75.2,10.29,73.5,False
GLOBAL_条件戦,pace_yoso+hizume_code+kyakushitsu+joshodo_code,pace_yoso,hizume_code,kyakushitsu,joshodo_code,130,105534,74.77,7.35,73.5,False
GLOBAL_条件戦,umakigo_code+kyori_tekisei+da_tekisei_code+kyakushitsu,umakigo_code,kyori_tekisei,da_tekisei_code,kyakushitsu,40,66313,76.03,8.17,73.5,False
GLOBAL_条件戦,uma_deokure_bin+keibajo_code+uma_start_shisu_decile+bataiju,uma_deokure_bin,keibajo_code,uma_start_shisu_decile,bataiju,88,10752,75.82,11.09,73.5,False
GLOBAL_条件戦,manken_shirushi+manken_shisu_decile+omo_tekisei_code+idm_decile,manken_shirushi,manken_shisu_decile,omo_tekisei_code,idm_decile,264,54714,75.11,13.37,73.5,False
GLOBAL_条件戦,pace_yoso+omo_tekisei_code+idm_decile+bataiju,pace_yoso,omo_tekisei_code,idm_decile,bataiju,264,33848,75.17,13.85,73.5,False
GLOBAL_条件戦,manken_shirushi+uma_start_shisu_decile+hizume_code+kyakushitsu,manken_shirushi,uma_start_shisu_decile,hizume_code,kyakushitsu,108,20273,75.27,9.4,73.5,False
GLOBAL_条件戦,pace_yoso+kyori_tekisei+shiba_tekisei_code+joshodo_code,pace_yoso,kyori_tekisei,shiba_tekisei_code,joshodo_code,28,79563,75.76,6.1,73.5,False
GLOBAL_条件戦,umakigo_code+keibajo_code+hizume_code+manken_shisu_decile,umakigo_code,keibajo_code,hizume_code,manken_shisu_decile,362,78887,74.55,10.22,73.49,False
GLOBAL_条件戦,uma_deokure_bin+kyori_kubun+keibajo_code+ichi_shisu_juni,uma_deokure_bin,kyori_kubun,keibajo_code,ichi_shisu_juni,386,74741,74.6,11.19,73.49,False
GLOBAL_条件戦,uma_deokure_bin+hizume_code+kyakushitsu+rotation_bin,uma_deokure_bin,hizume_code,kyakushitsu,rotation_bin,276,89037,74.56,9.13,73.49,False
GLOBAL_条件戦,umakigo_code+hizume_code+da_tekisei_code+kyakushitsu,umakigo_code,hizume_code,da_tekisei_code,kyakushitsu,87,64404,75.85,11.23,73.49,False
GLOBAL_条件戦,manken_shirushi+hizume_code+shiba_tekisei_code+rotation_bin,manken_shirushi,hizume_code,shiba_tekisei_code,rotation_bin,157,27540,75.29,11.48,73.49,False
GLOBAL_条件戦,uma_start_shisu_decile+kyakushitsu+joshodo_code+bataiju,uma_start_shisu_decile,kyakushitsu,joshodo_code,bataiju,309,56482,74.82,11.98,73.48,False
GLOBAL_条件戦,uma_deokure_bin+manken_shisu_decile+kyakushitsu+shiba_tekisei_code,uma_deokure_bin,manken_shisu_decile,kyakushitsu,shiba_tekisei_code,145,80098,74.84,8.35,73.48,False
GLOBAL_条件戦,kyori_kubun+hizume_code+manken_shisu_decile+joshodo_code,kyori_kubun,hizume_code,manken_shisu_decile,joshodo_code,285,103217,74.63,9.89,73.48,False
GLOBAL_条件戦,da_tekisei_code+kyakushitsu+shiba_tekisei_code+ichi_shisu_juni,da_tekisei_code,kyakushitsu,shiba_tekisei_code,ichi_shisu_juni,82,31183,75.6,9.78,73.48,False
GLOBAL_条件戦,pace_yoso+kyori_kubun+kyakushitsu+ichi_shisu_juni,pace_yoso,kyori_kubun,kyakushitsu,ichi_shisu_juni,309,131872,74.58,9.93,73.48,False
GLOBAL_条件戦,pace_yoso+hizume_code+kyakushitsu+shiba_tekisei_code,pace_yoso,hizume_code,kyakushitsu,shiba_tekisei_code,158,74739,74.95,9.39,73.48,False
GLOBAL_条件戦,keibajo_code+uma_start_shisu_decile+kyakushitsu+rotation_bin,keibajo_code,uma_start_shisu_decile,kyakushitsu,rotation_bin,277,56387,74.73,10.61,73.48,False
GLOBAL_条件戦,manken_shirushi+kyori_tekisei+manken_shisu_decile+idm_decile,manken_shirushi,kyori_tekisei,manken_shisu_decile,idm_decile,315,61628,74.88,12.65,73.48,False
GLOBAL_条件戦,uma_deokure_bin+keibajo_code+manken_shisu_decile+joshodo_code,uma_deokure_bin,keibajo_code,manken_shisu_decile,joshodo_code,203,107302,74.59,8.09,73.48,False
GLOBAL_条件戦,uma_deokure_bin+kyori_kubun+kyori_tekisei+kyakushitsu,uma_deokure_bin,kyori_kubun,kyori_tekisei,kyakushitsu,130,111257,75.02,8.97,73.48,False
GLOBAL_条件戦,uma_deokure_bin+manken_shirushi+keibajo_code+shiba_tekisei_code,uma_deokure_bin,manken_shirushi,keibajo_code,shiba_tekisei_code,216,47437,74.83,10.12,73.48,False
GLOBAL_条件戦,uma_deokure_bin+hizume_code+rotation_bin+ichi_shisu_juni,uma_deokure_bin,hizume_code,rotation_bin,ichi_shisu_juni,266,43570,74.82,11.27,73.47,False
GLOBAL_条件戦,uma_deokure_bin+kyori_tekisei+rotation_bin+ichi_shisu_juni,uma_deokure_bin,kyori_tekisei,rotation_bin,ichi_shisu_juni,362,74503,74.64,11.32,73.47,False
GLOBAL_条件戦,manken_shirushi+umakigo_code+joshodo_code+ichi_shisu_juni,manken_shirushi,umakigo_code,joshodo_code,ichi_shisu_juni,137,89656,74.81,8.03,73.47,False
GLOBAL_条件戦,uma_deokure_bin+pace_yoso+hizume_code+ichi_shisu_juni,uma_deokure_bin,pace_yoso,hizume_code,ichi_shisu_juni,318,71684,74.56,9.88,73.47,False
GLOBAL_条件戦,uma_deokure_bin+pace_yoso+kyori_kubun+kyori_tekisei,uma_deokure_bin,pace_yoso,kyori_kubun,kyori_tekisei,103,104991,75.31,9.53,73.47,False
GLOBAL_条件戦,manken_shisu_decile+da_tekisei_code+kyakushitsu+idm_decile,manken_shisu_decile,da_tekisei_code,kyakushitsu,idm_decile,229,57830,75.21,13.45,73.47,False
GLOBAL_条件戦,uma_deokure_bin+keibajo_code+da_tekisei_code+shiba_tekisei_code,uma_deokure_bin,keibajo_code,da_tekisei_code,shiba_tekisei_code,82,36083,75.69,10.27,73.47,False
GLOBAL_条件戦,uma_deokure_bin+manken_shirushi+manken_shisu_decile+idm_decile,uma_deokure_bin,manken_shirushi,manken_shisu_decile,idm_decile,247,52075,75.15,13.57,73.46,False
GLOBAL_条件戦,kyori_kubun+umakigo_code+hizume_code+shiba_tekisei_code,kyori_kubun,umakigo_code,hizume_code,shiba_tekisei_code,97,84700,75.32,9.37,73.46,False
GLOBAL_条件戦,kyori_kubun+uma_start_shisu_decile+da_tekisei_code+idm_decile,kyori_kubun,uma_start_shisu_decile,da_tekisei_code,idm_decile,165,54943,75.62,14.17,73.46,False
GLOBAL_条件戦,uma_deokure_bin+pace_yoso+kyakushitsu+rotation_bin,uma_deokure_bin,pace_yoso,kyakushitsu,rotation_bin,176,106774,74.86,9.47,73.46,False
GLOBAL_条件戦,uma_deokure_bin+keibajo_code+hizume_code+omo_tekisei_code,uma_deokure_bin,keibajo_code,hizume_code,omo_tekisei_code,277,92860,74.61,9.8,73.46,False
GLOBAL_条件戦,kyori_kubun+kyakushitsu+omo_tekisei_code+shiba_tekisei_code,kyori_kubun,kyakushitsu,omo_tekisei_code,shiba_tekisei_code,75,88158,75.12,7.35,73.46,False
GLOBAL_条件戦,uma_deokure_bin+keibajo_code+manken_shisu_decile+da_tekisei_code,uma_deokure_bin,keibajo_code,manken_shisu_decile,da_tekisei_code,218,52172,75.11,12.44,73.46,False
GLOBAL_条件戦,da_tekisei_code+omo_tekisei_code+shiba_tekisei_code+rotation_bin,da_tekisei_code,omo_tekisei_code,shiba_tekisei_code,rotation_bin,51,38753,75.89,8.83,73.46,False
GLOBAL_条件戦,kyori_kubun+uma_start_shisu_decile+hizume_code+ichi_shisu_juni,kyori_kubun,uma_start_shisu_decile,hizume_code,ichi_shisu_juni,170,30905,75.12,11.08,73.45,False
GLOBAL_条件戦,kyori_tekisei+hizume_code+kyakushitsu+shiba_tekisei_code,kyori_tekisei,hizume_code,kyakushitsu,shiba_tekisei_code,177,75349,74.87,9.61,73.45,False
GLOBAL_条件戦,keibajo_code+omo_tekisei_code+rotation_bin+joshodo_code,keibajo_code,omo_tekisei_code,rotation_bin,joshodo_code,163,113514,74.9,9.46,73.45,False
GLOBAL_条件戦,uma_deokure_bin+manken_shisu_decile+da_tekisei_code+idm_decile,uma_deokure_bin,manken_shisu_decile,da_tekisei_code,idm_decile,160,57014,75.43,12.76,73.45,False
GLOBAL_条件戦,uma_deokure_bin+omo_tekisei_code+shiba_tekisei_code+rotation_bin,uma_deokure_bin,omo_tekisei_code,shiba_tekisei_code,rotation_bin,94,83802,75.31,9.18,73.45,False
GLOBAL_条件戦,keibajo_code+hizume_code+da_tekisei_code+kyakushitsu,keibajo_code,hizume_code,da_tekisei_code,kyakushitsu,209,45820,75.04,11.79,73.45,False
GLOBAL_条件戦,uma_deokure_bin+keibajo_code+hizume_code+kyakushitsu,uma_deokure_bin,keibajo_code,hizume_code,kyakushitsu,321,82865,74.57,10.2,73.45,False
GLOBAL_条件戦,pace_yoso+kyori_kubun+omo_tekisei_code+rotation_bin,pace_yoso,kyori_kubun,omo_tekisei_code,rotation_bin,152,106868,74.73,8.07,73.45,False
GLOBAL_条件戦,pace_yoso+hizume_code+omo_tekisei_code+ichi_shisu_juni,pace_yoso,hizume_code,omo_tekisei_code,ichi_shisu_juni,328,75746,74.54,10.03,73.45,False
GLOBAL_条件戦,pace_yoso+hizume_code+omo_tekisei_code+rotation_bin,pace_yoso,hizume_code,omo_tekisei_code,rotation_bin,250,93492,74.52,8.61,73.45,False
GLOBAL_条件戦,kyori_kubun+hizume_code+omo_tekisei_code+ichi_shisu_juni,kyori_kubun,hizume_code,omo_tekisei_code,ichi_shisu_juni,312,67781,74.59,10.26,73.45,False
GLOBAL_条件戦,uma_deokure_bin+uma_start_shisu_decile+kyori_tekisei+rotation_bin,uma_deokure_bin,uma_start_shisu_decile,kyori_tekisei,rotation_bin,220,89224,74.93,11.22,73.45,False
GLOBAL_条件戦,hizume_code+manken_shisu_decile+da_tekisei_code+kyakushitsu,hizume_code,manken_shisu_decile,da_tekisei_code,kyakushitsu,210,44029,75.04,11.7,73.45,False
GLOBAL_条件戦,kyori_kubun+keibajo_code+kyori_tekisei+joshodo_code,kyori_kubun,keibajo_code,kyori_tekisei,joshodo_code,141,144400,74.63,7.14,73.45,False
GLOBAL_条件戦,manken_shirushi+pace_yoso+kyori_tekisei+bataiju,manken_shirushi,pace_yoso,kyori_tekisei,bataiju,19,1971,78.48,11.21,73.44,False
GLOBAL_条件戦,hizume_code+kyakushitsu+omo_tekisei_code+rotation_bin,hizume_code,kyakushitsu,omo_tekisei_code,rotation_bin,306,95337,74.55,9.86,73.44,False
GLOBAL_条件戦,manken_shirushi+kyori_tekisei+rotation_bin+ichi_shisu_juni,manken_shirushi,kyori_tekisei,rotation_bin,ichi_shisu_juni,8,895,77.43,5.76,73.44,False
GLOBAL_条件戦,umakigo_code+kyakushitsu+omo_tekisei_code+joshodo_code,umakigo_code,kyakushitsu,omo_tekisei_code,joshodo_code,32,120719,75.53,6.02,73.44,False
GLOBAL_条件戦,pace_yoso+hizume_code+da_tekisei_code+ichi_shisu_juni,pace_yoso,hizume_code,da_tekisei_code,ichi_shisu_juni,194,39088,75.05,11.43,73.44,False
GLOBAL_条件戦,omo_tekisei_code+rotation_bin+idm_decile+bataiju,omo_tekisei_code,rotation_bin,idm_decile,bataiju,26,2709,77.2,9.79,73.44,False
GLOBAL_条件戦,umakigo_code+keibajo_code+hizume_code+kyakushitsu,umakigo_code,keibajo_code,hizume_code,kyakushitsu,272,101731,74.52,9.1,73.44,False
GLOBAL_条件戦,uma_deokure_bin+kyori_kubun+kyori_tekisei+rotation_bin,uma_deokure_bin,kyori_kubun,kyori_tekisei,rotation_bin,187,107189,74.8,9.51,73.44,False
GLOBAL_条件戦,uma_deokure_bin+umakigo_code+shiba_tekisei_code+rotation_bin,uma_deokure_bin,umakigo_code,shiba_tekisei_code,rotation_bin,72,87726,75.71,9.85,73.44,False
GLOBAL_条件戦,kyori_kubun+umakigo_code+kyori_tekisei+shiba_tekisei_code,kyori_kubun,umakigo_code,kyori_tekisei,shiba_tekisei_code,41,86393,76.38,9.59,73.44,False
GLOBAL_条件戦,uma_start_shisu_decile+manken_shisu_decile+omo_tekisei_code+shiba_tekisei_code,uma_start_shisu_decile,manken_shisu_decile,omo_tekisei_code,shiba_tekisei_code,216,74235,74.83,10.5,73.43,False
GLOBAL_条件戦,hizume_code+manken_shisu_decile+rotation_bin+joshodo_code,hizume_code,manken_shisu_decile,rotation_bin,joshodo_code,351,91902,74.55,10.71,73.43,False
GLOBAL_条件戦,kyori_kubun+uma_start_shisu_decile+hizume_code+rotation_bin,kyori_kubun,uma_start_shisu_decile,hizume_code,rotation_bin,255,56036,74.66,10.0,73.43,False
GLOBAL_条件戦,uma_deokure_bin+kyori_kubun+da_tekisei_code+idm_decile,uma_deokure_bin,kyori_kubun,da_tekisei_code,idm_decile,105,65820,76.13,14.14,73.43,False
GLOBAL_条件戦,umakigo_code+manken_shisu_decile+da_tekisei_code+joshodo_code,umakigo_code,manken_shisu_decile,da_tekisei_code,joshodo_code,31,67545,76.05,7.45,73.43,False
GLOBAL_条件戦,pace_yoso+kyori_kubun+omo_tekisei_code+joshodo_code,pace_yoso,kyori_kubun,omo_tekisei_code,joshodo_code,38,112547,75.71,7.18,73.43,False
GLOBAL_条件戦,manken_shirushi+da_tekisei_code+kyakushitsu+idm_decile,manken_shirushi,da_tekisei_code,kyakushitsu,idm_decile,173,35374,75.49,13.8,73.43,False
GLOBAL_条件戦,manken_shisu_decile+omo_tekisei_code+shiba_tekisei_code+rotation_bin,manken_shisu_decile,omo_tekisei_code,shiba_tekisei_code,rotation_bin,206,79426,74.75,9.63,73.43,False
GLOBAL_条件戦,uma_deokure_bin+umakigo_code+kyori_tekisei+idm_decile,uma_deokure_bin,umakigo_code,kyori_tekisei,idm_decile,100,110959,76.06,13.4,73.43,False
GLOBAL_条件戦,uma_deokure_bin+manken_shisu_decile+rotation_bin+ichi_shisu_juni,uma_deokure_bin,manken_shisu_decile,rotation_bin,ichi_shisu_juni,209,27912,74.89,10.75,73.43,False
GLOBAL_条件戦,kyori_kubun+hizume_code+da_tekisei_code+rotation_bin,kyori_kubun,hizume_code,da_tekisei_code,rotation_bin,184,51232,75.1,11.57,73.43,False
GLOBAL_条件戦,uma_deokure_bin+pace_yoso+kyori_tekisei+ichi_shisu_juni,uma_deokure_bin,pace_yoso,kyori_tekisei,ichi_shisu_juni,298,95757,74.63,10.6,73.43,False
GLOBAL_条件戦,kyori_kubun+uma_start_shisu_decile+omo_tekisei_code+ichi_shisu_juni,kyori_kubun,uma_start_shisu_decile,omo_tekisei_code,ichi_shisu_juni,330,79013,74.71,12.01,73.42,False
GLOBAL_条件戦,uma_deokure_bin+pace_yoso+kyori_kubun+rotation_bin,uma_deokure_bin,pace_yoso,kyori_kubun,rotation_bin,166,106706,74.78,8.9,73.42,False
GLOBAL_条件戦,uma_start_shisu_decile+hizume_code+omo_tekisei_code+shiba_tekisei_code,uma_start_shisu_decile,hizume_code,omo_tekisei_code,shiba_tekisei_code,166,69794,74.85,9.44,73.42,False
GLOBAL_条件戦,uma_deokure_bin+kyori_tekisei+joshodo_code+idm_decile,uma_deokure_bin,kyori_tekisei,joshodo_code,idm_decile,88,111460,76.29,13.71,73.42,False
GLOBAL_条件戦,manken_shirushi+pace_yoso+uma_start_shisu_decile+idm_decile,manken_shirushi,pace_yoso,uma_start_shisu_decile,idm_decile,220,37321,75.29,14.15,73.42,False
GLOBAL_条件戦,uma_deokure_bin+shiba_tekisei_code+joshodo_code+ichi_shisu_juni,uma_deokure_bin,shiba_tekisei_code,joshodo_code,ichi_shisu_juni,86,79827,75.32,9.0,73.42,False
GLOBAL_条件戦,uma_deokure_bin+kyori_kubun+hizume_code+shiba_tekisei_code,uma_deokure_bin,kyori_kubun,hizume_code,shiba_tekisei_code,146,77660,75.02,9.88,73.42,False
GLOBAL_条件戦,manken_shirushi+shiba_tekisei_code+rotation_bin+ichi_shisu_juni,manken_shirushi,shiba_tekisei_code,rotation_bin,ichi_shisu_juni,57,6346,75.73,8.9,73.42,False
GLOBAL_条件戦,kyori_tekisei+shiba_tekisei_code+rotation_bin+joshodo_code,kyori_tekisei,shiba_tekisei_code,rotation_bin,joshodo_code,61,85013,75.96,10.13,73.42,False
GLOBAL_条件戦,keibajo_code+uma_start_shisu_decile+hizume_code+omo_tekisei_code,keibajo_code,uma_start_shisu_decile,hizume_code,omo_tekisei_code,266,59030,74.56,9.58,73.41,False
GLOBAL_条件戦,uma_deokure_bin+umakigo_code+keibajo_code+manken_shisu_decile,uma_deokure_bin,umakigo_code,keibajo_code,manken_shisu_decile,201,104928,74.53,8.11,73.41,False
GLOBAL_条件戦,kyori_kubun+hizume_code+kyakushitsu+omo_tekisei_code,kyori_kubun,hizume_code,kyakushitsu,omo_tekisei_code,238,104152,74.46,8.28,73.41,False
GLOBAL_条件戦,pace_yoso+keibajo_code+rotation_bin+joshodo_code,pace_yoso,keibajo_code,rotation_bin,joshodo_code,188,108471,74.63,8.5,73.41,False
GLOBAL_条件戦,kyori_kubun+uma_start_shisu_decile+manken_shisu_decile+kyakushitsu,kyori_kubun,uma_start_shisu_decile,manken_shisu_decile,kyakushitsu,342,80977,74.64,11.64,73.41,False
GLOBAL_条件戦,uma_deokure_bin+pace_yoso+manken_shisu_decile+kyakushitsu,uma_deokure_bin,pace_yoso,manken_shisu_decile,kyakushitsu,220,103024,74.66,9.44,73.41,False
GLOBAL_条件戦,keibajo_code+manken_shisu_decile+omo_tekisei_code+joshodo_code,keibajo_code,manken_shisu_decile,omo_tekisei_code,joshodo_code,205,111479,74.5,8.01,73.41,False
GLOBAL_条件戦,kyori_kubun+hizume_code+omo_tekisei_code+rotation_bin,kyori_kubun,hizume_code,omo_tekisei_code,rotation_bin,290,94548,74.56,9.94,73.41,False
GLOBAL_条件戦,kyori_kubun+umakigo_code+hizume_code+manken_shisu_decile,kyori_kubun,umakigo_code,hizume_code,manken_shisu_decile,286,101154,74.56,9.88,73.41,False
GLOBAL_条件戦,kyori_kubun+kyori_tekisei+rotation_bin+ichi_shisu_juni,kyori_kubun,kyori_tekisei,rotation_bin,ichi_shisu_juni,350,67264,74.71,12.44,73.41,False
GLOBAL_条件戦,pace_yoso+kyori_kubun+kyakushitsu+rotation_bin,pace_yoso,kyori_kubun,kyakushitsu,rotation_bin,223,106395,74.54,8.65,73.41,False
GLOBAL_条件戦,pace_yoso+umakigo_code+hizume_code+kyakushitsu,pace_yoso,umakigo_code,hizume_code,kyakushitsu,133,104442,74.63,7.2,73.41,False
GLOBAL_条件戦,keibajo_code+uma_start_shisu_decile+kyori_tekisei+da_tekisei_code,keibajo_code,uma_start_shisu_decile,kyori_tekisei,da_tekisei_code,162,41722,75.2,11.72,73.4,False
GLOBAL_条件戦,uma_deokure_bin+kyori_tekisei+manken_shisu_decile+omo_tekisei_code,uma_deokure_bin,kyori_tekisei,manken_shisu_decile,omo_tekisei_code,180,101562,74.68,8.78,73.4,False
GLOBAL_条件戦,pace_yoso+uma_start_shisu_decile+hizume_code+ichi_shisu_juni,pace_yoso,uma_start_shisu_decile,hizume_code,ichi_shisu_juni,177,32927,75.04,11.09,73.4,False
GLOBAL_条件戦,pace_yoso+kyori_kubun+kyakushitsu+omo_tekisei_code,pace_yoso,kyori_kubun,kyakushitsu,omo_tekisei_code,102,112233,74.71,6.76,73.4,False
GLOBAL_条件戦,pace_yoso+kyori_kubun+uma_start_shisu_decile+ichi_shisu_juni,pace_yoso,kyori_kubun,uma_start_shisu_decile,ichi_shisu_juni,334,74422,74.61,11.28,73.4,False
GLOBAL_条件戦,kyori_kubun+kyori_tekisei+manken_shisu_decile+omo_tekisei_code,kyori_kubun,kyori_tekisei,manken_shisu_decile,omo_tekisei_code,239,108949,74.65,9.86,73.4,False
GLOBAL_条件戦,kyori_kubun+uma_start_shisu_decile+hizume_code+da_tekisei_code,kyori_kubun,uma_start_shisu_decile,hizume_code,da_tekisei_code,164,44677,75.14,11.4,73.4,False
GLOBAL_条件戦,manken_shirushi+pace_yoso+keibajo_code+idm_decile,manken_shirushi,pace_yoso,keibajo_code,idm_decile,275,43770,75.0,13.6,73.39,False
GLOBAL_条件戦,kyori_tekisei+omo_tekisei_code+joshodo_code+ichi_shisu_juni,kyori_tekisei,omo_tekisei_code,joshodo_code,ichi_shisu_juni,142,105494,74.86,8.93,73.39,False
GLOBAL_条件戦,pace_yoso+umakigo_code+hizume_code+rotation_bin,pace_yoso,umakigo_code,hizume_code,rotation_bin,178,99992,74.69,8.8,73.39,False
GLOBAL_条件戦,umakigo_code+keibajo_code+manken_shisu_decile+rotation_bin,umakigo_code,keibajo_code,manken_shisu_decile,rotation_bin,415,99021,74.47,11.24,73.39,False
GLOBAL_条件戦,uma_deokure_bin+pace_yoso+hizume_code+rotation_bin,uma_deokure_bin,pace_yoso,hizume_code,rotation_bin,247,89088,74.44,8.45,73.39,False
GLOBAL_条件戦,omo_tekisei_code+shiba_tekisei_code+joshodo_code+ichi_shisu_juni,omo_tekisei_code,shiba_tekisei_code,joshodo_code,ichi_shisu_juni,71,80299,75.08,7.31,73.38,False
GLOBAL_条件戦,pace_yoso+omo_tekisei_code+shiba_tekisei_code+rotation_bin,pace_yoso,omo_tekisei_code,shiba_tekisei_code,rotation_bin,90,81359,75.05,8.09,73.38,False
GLOBAL_条件戦,uma_deokure_bin+kyori_kubun+kyori_tekisei+manken_shisu_decile,uma_deokure_bin,kyori_kubun,kyori_tekisei,manken_shisu_decile,225,103249,74.68,9.94,73.38,False
GLOBAL_条件戦,pace_yoso+kyori_kubun+keibajo_code+kyakushitsu,pace_yoso,kyori_kubun,keibajo_code,kyakushitsu,317,139288,74.27,8.14,73.38,False
GLOBAL_条件戦,umakigo_code+manken_shisu_decile+kyakushitsu+bataiju,umakigo_code,manken_shisu_decile,kyakushitsu,bataiju,313,39204,74.69,11.83,73.38,False
GLOBAL_条件戦,uma_deokure_bin+da_tekisei_code+shiba_tekisei_code+rotation_bin,uma_deokure_bin,da_tekisei_code,shiba_tekisei_code,rotation_bin,62,36643,76.18,11.24,73.38,False
GLOBAL_条件戦,keibajo_code+kyakushitsu+omo_tekisei_code+ichi_shisu_juni,keibajo_code,kyakushitsu,omo_tekisei_code,ichi_shisu_juni,454,82584,74.42,11.26,73.38,False
GLOBAL_条件戦,uma_deokure_bin+hizume_code+manken_shisu_decile+joshodo_code,uma_deokure_bin,hizume_code,manken_shisu_decile,joshodo_code,188,99042,74.54,8.12,73.38,False
GLOBAL_条件戦,pace_yoso+uma_start_shisu_decile+kyakushitsu+bataiju,pace_yoso,uma_start_shisu_decile,kyakushitsu,bataiju,140,20111,75.25,11.29,73.38,False
GLOBAL_条件戦,manken_shirushi+omo_tekisei_code+shiba_tekisei_code+ichi_shisu_juni,manken_shirushi,omo_tekisei_code,shiba_tekisei_code,ichi_shisu_juni,240,40640,74.92,12.25,73.37,False
GLOBAL_条件戦,manken_shirushi+da_tekisei_code+shiba_tekisei_code+ichi_shisu_juni,manken_shirushi,da_tekisei_code,shiba_tekisei_code,ichi_shisu_juni,104,14225,76.01,13.71,73.37,False
GLOBAL_条件戦,uma_deokure_bin+manken_shirushi+uma_start_shisu_decile+ichi_shisu_juni,uma_deokure_bin,manken_shirushi,uma_start_shisu_decile,ichi_shisu_juni,118,24200,74.87,8.31,73.37,False
GLOBAL_条件戦,uma_deokure_bin+kyori_kubun+omo_tekisei_code+rotation_bin,uma_deokure_bin,kyori_kubun,omo_tekisei_code,rotation_bin,155,109465,74.76,8.85,73.37,False
GLOBAL_条件戦,kyori_kubun+hizume_code+rotation_bin+joshodo_code,kyori_kubun,hizume_code,rotation_bin,joshodo_code,215,106484,74.61,9.29,73.37,False
GLOBAL_条件戦,uma_start_shisu_decile+kyori_tekisei+shiba_tekisei_code+rotation_bin,uma_start_shisu_decile,kyori_tekisei,shiba_tekisei_code,rotation_bin,215,70284,74.84,11.0,73.37,False
GLOBAL_条件戦,kyori_kubun+da_tekisei_code+joshodo_code+idm_decile,kyori_kubun,da_tekisei_code,joshodo_code,idm_decile,52,69137,77.06,13.62,73.36,False
GLOBAL_条件戦,kyori_tekisei+hizume_code+kyakushitsu+rotation_bin,kyori_tekisei,hizume_code,kyakushitsu,rotation_bin,324,79213,74.59,11.36,73.36,False
GLOBAL_条件戦,kyori_tekisei+shiba_tekisei_code+joshodo_code+bataiju,kyori_tekisei,shiba_tekisei_code,joshodo_code,bataiju,247,70359,74.7,10.73,73.36,False
GLOBAL_条件戦,pace_yoso+kyori_kubun+umakigo_code+keibajo_code,pace_yoso,kyori_kubun,umakigo_code,keibajo_code,108,144667,74.08,3.79,73.36,False
GLOBAL_条件戦,umakigo_code+kyori_tekisei+shiba_tekisei_code+bataiju,umakigo_code,kyori_tekisei,shiba_tekisei_code,bataiju,248,69134,74.73,11.01,73.36,False
GLOBAL_条件戦,uma_start_shisu_decile+manken_shisu_decile+da_tekisei_code+shiba_tekisei_code,uma_start_shisu_decile,manken_shisu_decile,da_tekisei_code,shiba_tekisei_code,108,28958,75.59,11.84,73.36,False
GLOBAL_条件戦,manken_shirushi+pace_yoso+keibajo_code+shiba_tekisei_code,manken_shirushi,pace_yoso,keibajo_code,shiba_tekisei_code,222,42194,74.79,10.86,73.36,False
GLOBAL_条件戦,pace_yoso+umakigo_code+keibajo_code+rotation_bin,pace_yoso,umakigo_code,keibajo_code,rotation_bin,186,106760,74.6,8.62,73.36,False
GLOBAL_条件戦,uma_deokure_bin+kyori_tekisei+hizume_code+manken_shisu_decile,uma_deokure_bin,kyori_tekisei,hizume_code,manken_shisu_decile,315,76862,74.52,10.56,73.36,False
GLOBAL_条件戦,manken_shirushi+hizume_code+da_tekisei_code+idm_decile,manken_shirushi,hizume_code,da_tekisei_code,idm_decile,113,18182,75.93,13.99,73.35,False
GLOBAL_条件戦,manken_shirushi+keibajo_code+manken_shisu_decile+ichi_shisu_juni,manken_shirushi,keibajo_code,manken_shisu_decile,ichi_shisu_juni,76,11781,75.92,11.46,73.35,False
GLOBAL_条件戦,keibajo_code+da_tekisei_code+rotation_bin+ichi_shisu_juni,keibajo_code,da_tekisei_code,rotation_bin,ichi_shisu_juni,82,10149,76.36,13.91,73.35,False
GLOBAL_条件戦,kyori_kubun+omo_tekisei_code+rotation_bin+ichi_shisu_juni,kyori_kubun,omo_tekisei_code,rotation_bin,ichi_shisu_juni,379,84461,74.43,10.73,73.35,False
GLOBAL_条件戦,kyori_kubun+umakigo_code+keibajo_code+joshodo_code,kyori_kubun,umakigo_code,keibajo_code,joshodo_code,91,148917,74.9,7.55,73.35,False
GLOBAL_条件戦,pace_yoso+keibajo_code+manken_shisu_decile+omo_tekisei_code,pace_yoso,keibajo_code,manken_shisu_decile,omo_tekisei_code,419,96349,74.33,10.18,73.35,False
GLOBAL_条件戦,keibajo_code+manken_shisu_decile+da_tekisei_code+omo_tekisei_code,keibajo_code,manken_shisu_decile,da_tekisei_code,omo_tekisei_code,212,55475,74.9,11.53,73.35,False
GLOBAL_条件戦,kyori_tekisei+hizume_code+joshodo_code+ichi_shisu_juni,kyori_tekisei,hizume_code,joshodo_code,ichi_shisu_juni,307,83858,74.52,10.47,73.35,False
GLOBAL_条件戦,kyori_kubun+keibajo_code+manken_shisu_decile+da_tekisei_code,kyori_kubun,keibajo_code,manken_shisu_decile,da_tekisei_code,257,54401,74.87,12.43,73.35,False
GLOBAL_条件戦,umakigo_code+kyori_tekisei+omo_tekisei_code+shiba_tekisei_code,umakigo_code,kyori_tekisei,omo_tekisei_code,shiba_tekisei_code,34,84783,76.25,8.62,73.35,False
GLOBAL_条件戦,pace_yoso+kyakushitsu+omo_tekisei_code+rotation_bin,pace_yoso,kyakushitsu,omo_tekisei_code,rotation_bin,170,107365,74.65,8.63,73.35,False
GLOBAL_条件戦,uma_start_shisu_decile+hizume_code+omo_tekisei_code+bataiju,uma_start_shisu_decile,hizume_code,omo_tekisei_code,bataiju,66,9804,76.07,11.28,73.35,False
GLOBAL_条件戦,pace_yoso+kyori_kubun+manken_shisu_decile+ichi_shisu_juni,pace_yoso,kyori_kubun,manken_shisu_decile,ichi_shisu_juni,397,88399,74.5,11.77,73.34,False
GLOBAL_条件戦,umakigo_code+uma_start_shisu_decile+da_tekisei_code+idm_decile,umakigo_code,uma_start_shisu_decile,da_tekisei_code,idm_decile,84,60780,76.28,13.79,73.34,False
GLOBAL_条件戦,kyori_tekisei+da_tekisei_code+kyakushitsu+idm_decile,kyori_tekisei,da_tekisei_code,kyakushitsu,idm_decile,131,63848,75.69,13.74,73.34,False
GLOBAL_条件戦,keibajo_code+uma_start_shisu_decile+kyori_tekisei+kyakushitsu,keibajo_code,uma_start_shisu_decile,kyori_tekisei,kyakushitsu,288,72302,74.62,11.12,73.34,False
GLOBAL_条件戦,kyori_kubun+kyori_tekisei+kyakushitsu+shiba_tekisei_code,kyori_kubun,kyori_tekisei,kyakushitsu,shiba_tekisei_code,83,85214,75.08,8.07,73.34,False
GLOBAL_条件戦,keibajo_code+hizume_code+manken_shisu_decile+kyakushitsu,keibajo_code,hizume_code,manken_shisu_decile,kyakushitsu,186,27155,75.1,12.24,73.34,False
GLOBAL_条件戦,umakigo_code+hizume_code+omo_tekisei_code+joshodo_code,umakigo_code,hizume_code,omo_tekisei_code,joshodo_code,59,115147,75.12,6.99,73.34,False
GLOBAL_条件戦,umakigo_code+manken_shisu_decile+omo_tekisei_code+rotation_bin,umakigo_code,manken_shisu_decile,omo_tekisei_code,rotation_bin,156,108764,74.82,9.49,73.34,False
GLOBAL_条件戦,keibajo_code+kyori_tekisei+hizume_code+da_tekisei_code,keibajo_code,kyori_tekisei,hizume_code,da_tekisei_code,152,42211,75.19,11.62,73.34,False
GLOBAL_条件戦,pace_yoso+keibajo_code+uma_start_shisu_decile+hizume_code,pace_yoso,keibajo_code,uma_start_shisu_decile,hizume_code,250,50084,74.53,9.57,73.34,False
GLOBAL_条件戦,hizume_code+da_tekisei_code+joshodo_code+ichi_shisu_juni,hizume_code,da_tekisei_code,joshodo_code,ichi_shisu_juni,166,52683,75.17,12.01,73.34,False
GLOBAL_条件戦,keibajo_code+manken_shisu_decile+rotation_bin+joshodo_code,keibajo_code,manken_shisu_decile,rotation_bin,joshodo_code,421,101873,74.42,11.38,73.33,False
GLOBAL_条件戦,keibajo_code+uma_start_shisu_decile+da_tekisei_code+shiba_tekisei_code,keibajo_code,uma_start_shisu_decile,da_tekisei_code,shiba_tekisei_code,104,28354,75.5,11.32,73.33,False
GLOBAL_条件戦,uma_deokure_bin+keibajo_code+kyori_tekisei+hizume_code,uma_deokure_bin,keibajo_code,kyori_tekisei,hizume_code,279,76436,74.53,10.21,73.33,False
GLOBAL_条件戦,pace_yoso+keibajo_code+manken_shisu_decile+rotation_bin,pace_yoso,keibajo_code,manken_shisu_decile,rotation_bin,327,47838,74.74,12.97,73.33,False
GLOBAL_条件戦,pace_yoso+hizume_code+manken_shisu_decile+kyakushitsu,pace_yoso,hizume_code,manken_shisu_decile,kyakushitsu,340,69648,74.49,10.89,73.33,False
GLOBAL_条件戦,manken_shisu_decile+omo_tekisei_code+rotation_bin+joshodo_code,manken_shisu_decile,omo_tekisei_code,rotation_bin,joshodo_code,161,111613,74.86,9.92,73.33,False
GLOBAL_条件戦,kyori_tekisei+kyakushitsu+shiba_tekisei_code+joshodo_code,kyori_tekisei,kyakushitsu,shiba_tekisei_code,joshodo_code,37,85719,75.67,7.26,73.33,False
GLOBAL_条件戦,pace_yoso+manken_shisu_decile+omo_tekisei_code+rotation_bin,pace_yoso,manken_shisu_decile,omo_tekisei_code,rotation_bin,308,98387,74.47,10.19,73.33,False
GLOBAL_条件戦,keibajo_code+hizume_code+da_tekisei_code+omo_tekisei_code,keibajo_code,hizume_code,da_tekisei_code,omo_tekisei_code,175,53482,75.01,11.38,73.32,False
GLOBAL_条件戦,kyakushitsu+omo_tekisei_code+joshodo_code+bataiju,kyakushitsu,omo_tekisei_code,joshodo_code,bataiju,373,100763,74.28,9.48,73.32,False
GLOBAL_条件戦,uma_start_shisu_decile+hizume_code+da_tekisei_code+shiba_tekisei_code,uma_start_shisu_decile,hizume_code,da_tekisei_code,shiba_tekisei_code,89,27067,75.36,9.85,73.32,False
GLOBAL_条件戦,kyori_tekisei+hizume_code+omo_tekisei_code+rotation_bin,kyori_tekisei,hizume_code,omo_tekisei_code,rotation_bin,277,90715,74.53,10.32,73.32,False
GLOBAL_条件戦,uma_deokure_bin+umakigo_code+kyakushitsu+idm_decile,uma_deokure_bin,umakigo_code,kyakushitsu,idm_decile,101,114725,75.48,11.08,73.32,False
GLOBAL_条件戦,uma_deokure_bin+pace_yoso+joshodo_code+bataiju,uma_deokure_bin,pace_yoso,joshodo_code,bataiju,301,96087,74.38,9.45,73.31,False
GLOBAL_条件戦,uma_deokure_bin+umakigo_code+manken_shisu_decile+rotation_bin,uma_deokure_bin,umakigo_code,manken_shisu_decile,rotation_bin,168,106318,74.77,9.65,73.31,False
GLOBAL_条件戦,pace_yoso+kyori_kubun+hizume_code+shiba_tekisei_code,pace_yoso,kyori_kubun,hizume_code,shiba_tekisei_code,148,74867,74.87,9.68,73.31,False
GLOBAL_条件戦,uma_deokure_bin+kyakushitsu+shiba_tekisei_code+rotation_bin,uma_deokure_bin,kyakushitsu,shiba_tekisei_code,rotation_bin,124,83500,75.08,10.06,73.31,False
GLOBAL_条件戦,kyori_kubun+kyori_tekisei+omo_tekisei_code+bataiju,kyori_kubun,kyori_tekisei,omo_tekisei_code,bataiju,388,61269,74.5,11.91,73.31,False
GLOBAL_条件戦,pace_yoso+manken_shisu_decile+kyakushitsu+omo_tekisei_code,pace_yoso,manken_shisu_decile,kyakushitsu,omo_tekisei_code,236,108139,74.47,9.07,73.31,False
GLOBAL_条件戦,manken_shirushi+uma_start_shisu_decile+kyakushitsu+idm_decile,manken_shirushi,uma_start_shisu_decile,kyakushitsu,idm_decile,184,32660,75.23,13.3,73.31,False
GLOBAL_条件戦,kyori_kubun+umakigo_code+keibajo_code+rotation_bin,kyori_kubun,umakigo_code,keibajo_code,rotation_bin,210,112042,74.53,9.04,73.31,False
GLOBAL_条件戦,keibajo_code+kyori_tekisei+joshodo_code+ichi_shisu_juni,keibajo_code,kyori_tekisei,joshodo_code,ichi_shisu_juni,400,119561,74.47,11.87,73.3,False
GLOBAL_条件戦,keibajo_code+kyori_tekisei+shiba_tekisei_code+rotation_bin,keibajo_code,kyori_tekisei,shiba_tekisei_code,rotation_bin,238,71108,74.74,11.34,73.3,False
GLOBAL_条件戦,manken_shirushi+pace_yoso+manken_shisu_decile+idm_decile,manken_shirushi,pace_yoso,manken_shisu_decile,idm_decile,325,64353,74.78,13.56,73.3,False
GLOBAL_条件戦,pace_yoso+kyori_kubun+keibajo_code+ichi_shisu_juni,pace_yoso,kyori_kubun,keibajo_code,ichi_shisu_juni,447,105241,74.28,10.59,73.3,False
GLOBAL_条件戦,umakigo_code+kyori_tekisei+manken_shisu_decile+ichi_shisu_juni,umakigo_code,kyori_tekisei,manken_shisu_decile,ichi_shisu_juni,405,123114,74.49,12.21,73.3,False
GLOBAL_条件戦,uma_deokure_bin+pace_yoso+keibajo_code+manken_shisu_decile,uma_deokure_bin,pace_yoso,keibajo_code,manken_shisu_decile,402,92421,74.3,10.21,73.3,False
GLOBAL_条件戦,manken_shisu_decile+kyakushitsu+shiba_tekisei_code+rotation_bin,manken_shisu_decile,kyakushitsu,shiba_tekisei_code,rotation_bin,275,74688,74.54,10.58,73.29,False
GLOBAL_条件戦,pace_yoso+manken_shisu_decile+omo_tekisei_code+ichi_shisu_juni,pace_yoso,manken_shisu_decile,omo_tekisei_code,ichi_shisu_juni,473,80888,74.37,11.95,73.29,False
GLOBAL_条件戦,kyori_kubun+keibajo_code+da_tekisei_code+ichi_shisu_juni,kyori_kubun,keibajo_code,da_tekisei_code,ichi_shisu_juni,225,38117,74.97,12.9,73.29,False
GLOBAL_条件戦,umakigo_code+kyakushitsu+omo_tekisei_code+bataiju,umakigo_code,kyakushitsu,omo_tekisei_code,bataiju,369,98359,74.26,9.54,73.29,False
GLOBAL_条件戦,kyori_tekisei+kyakushitsu+rotation_bin+joshodo_code,kyori_tekisei,kyakushitsu,rotation_bin,joshodo_code,115,113006,74.91,8.86,73.29,False
GLOBAL_条件戦,uma_deokure_bin+kyori_kubun+joshodo_code+idm_decile,uma_deokure_bin,kyori_kubun,joshodo_code,idm_decile,84,116241,76.13,13.28,73.29,False
GLOBAL_条件戦,uma_deokure_bin+manken_shisu_decile+omo_tekisei_code+rotation_bin,uma_deokure_bin,manken_shisu_decile,omo_tekisei_code,rotation_bin,239,98523,74.51,9.6,73.29,False
GLOBAL_条件戦,kyori_kubun+umakigo_code+kyori_tekisei+bataiju,kyori_kubun,umakigo_code,kyori_tekisei,bataiju,390,121069,74.23,9.47,73.29,False
GLOBAL_条件戦,umakigo_code+manken_shisu_decile+shiba_tekisei_code+rotation_bin,umakigo_code,manken_shisu_decile,shiba_tekisei_code,rotation_bin,129,84348,74.84,8.97,73.29,False
GLOBAL_条件戦,manken_shisu_decile+shiba_tekisei_code+rotation_bin+joshodo_code,manken_shisu_decile,shiba_tekisei_code,rotation_bin,joshodo_code,129,85956,74.85,9.1,73.28,False
GLOBAL_条件戦,kyori_kubun+kyori_tekisei+omo_tekisei_code+ichi_shisu_juni,kyori_kubun,kyori_tekisei,omo_tekisei_code,ichi_shisu_juni,288,97323,74.48,10.35,73.28,False
GLOBAL_条件戦,hizume_code+omo_tekisei_code+shiba_tekisei_code+rotation_bin,hizume_code,omo_tekisei_code,shiba_tekisei_code,rotation_bin,173,76335,74.8,10.19,73.28,False
GLOBAL_条件戦,uma_start_shisu_decile+manken_shisu_decile+da_tekisei_code+kyakushitsu,uma_start_shisu_decile,manken_shisu_decile,da_tekisei_code,kyakushitsu,208,48373,75.01,12.75,73.28,False
GLOBAL_条件戦,kyori_kubun+omo_tekisei_code+shiba_tekisei_code+rotation_bin,kyori_kubun,omo_tekisei_code,shiba_tekisei_code,rotation_bin,118,86541,74.93,9.13,73.28,False
GLOBAL_条件戦,pace_yoso+hizume_code+manken_shisu_decile+joshodo_code,pace_yoso,hizume_code,manken_shisu_decile,joshodo_code,226,98040,74.46,9.0,73.28,False
GLOBAL_条件戦,pace_yoso+kyori_tekisei+hizume_code+manken_shisu_decile,pace_yoso,kyori_tekisei,hizume_code,manken_shisu_decile,322,68718,74.53,11.42,73.28,False
GLOBAL_条件戦,umakigo_code+omo_tekisei_code+shiba_tekisei_code+bataiju,umakigo_code,omo_tekisei_code,shiba_tekisei_code,bataiju,202,77903,74.65,9.94,73.28,False
GLOBAL_条件戦,uma_deokure_bin+hizume_code+omo_tekisei_code+rotation_bin,uma_deokure_bin,hizume_code,omo_tekisei_code,rotation_bin,228,96207,74.5,9.38,73.28,False
GLOBAL_条件戦,uma_deokure_bin+keibajo_code+kyakushitsu+rotation_bin,uma_deokure_bin,keibajo_code,kyakushitsu,rotation_bin,331,96885,74.36,10.02,73.28,False
GLOBAL_条件戦,uma_deokure_bin+manken_shirushi+hizume_code+shiba_tekisei_code,uma_deokure_bin,manken_shirushi,hizume_code,shiba_tekisei_code,168,43132,75.03,11.6,73.28,False
GLOBAL_条件戦,manken_shirushi+manken_shisu_decile+shiba_tekisei_code+ichi_shisu_juni,manken_shirushi,manken_shisu_decile,shiba_tekisei_code,ichi_shisu_juni,128,16420,75.2,11.12,73.27,False
GLOBAL_条件戦,uma_deokure_bin+manken_shisu_decile+kyakushitsu+rotation_bin,uma_deokure_bin,manken_shisu_decile,kyakushitsu,rotation_bin,347,95720,74.43,11.03,73.27,False
GLOBAL_条件戦,kyori_kubun+hizume_code+da_tekisei_code+shiba_tekisei_code,kyori_kubun,hizume_code,da_tekisei_code,shiba_tekisei_code,77,35047,75.74,11.05,73.27,False
GLOBAL_条件戦,umakigo_code+hizume_code+da_tekisei_code+shiba_tekisei_code,umakigo_code,hizume_code,da_tekisei_code,shiba_tekisei_code,42,37851,77.18,12.91,73.27,False
GLOBAL_条件戦,pace_yoso+keibajo_code+hizume_code+manken_shisu_decile,pace_yoso,keibajo_code,hizume_code,manken_shisu_decile,212,34370,74.89,12.08,73.27,False
GLOBAL_条件戦,uma_start_shisu_decile+shiba_tekisei_code+joshodo_code+ichi_shisu_juni,uma_start_shisu_decile,shiba_tekisei_code,joshodo_code,ichi_shisu_juni,169,77323,74.7,9.43,73.27,False
GLOBAL_条件戦,manken_shisu_decile+kyakushitsu+omo_tekisei_code+rotation_bin,manken_shisu_decile,kyakushitsu,omo_tekisei_code,rotation_bin,383,100726,74.32,10.62,73.26,False
GLOBAL_条件戦,kyori_kubun+uma_start_shisu_decile+kyakushitsu+ichi_shisu_juni,kyori_kubun,uma_start_shisu_decile,kyakushitsu,ichi_shisu_juni,298,74375,74.58,11.57,73.26,False
GLOBAL_条件戦,hizume_code+manken_shisu_decile+joshodo_code+ichi_shisu_juni,hizume_code,manken_shisu_decile,joshodo_code,ichi_shisu_juni,307,53015,74.67,12.6,73.26,False
GLOBAL_条件戦,umakigo_code+kyakushitsu+omo_tekisei_code+idm_decile,umakigo_code,kyakushitsu,omo_tekisei_code,idm_decile,89,117469,75.62,11.38,73.26,False
GLOBAL_条件戦,kyori_kubun+umakigo_code+kyakushitsu+bataiju,kyori_kubun,umakigo_code,kyakushitsu,bataiju,539,114737,74.16,10.74,73.26,False
GLOBAL_条件戦,umakigo_code+kyori_tekisei+omo_tekisei_code+ichi_shisu_juni,umakigo_code,kyori_tekisei,omo_tekisei_code,ichi_shisu_juni,142,104017,74.74,8.96,73.26,False
GLOBAL_条件戦,hizume_code+joshodo_code+idm_decile+bataiju,hizume_code,joshodo_code,idm_decile,bataiju,201,25484,75.15,13.7,73.26,False
GLOBAL_条件戦,kyori_kubun+umakigo_code+omo_tekisei_code+joshodo_code,kyori_kubun,umakigo_code,omo_tekisei_code,joshodo_code,33,121101,75.86,7.64,73.25,False
GLOBAL_条件戦,umakigo_code+da_tekisei_code+rotation_bin+ichi_shisu_juni,umakigo_code,da_tekisei_code,rotation_bin,ichi_shisu_juni,149,58369,74.96,10.65,73.25,False
GLOBAL_条件戦,pace_yoso+kyori_kubun+kyori_tekisei+hizume_code,pace_yoso,kyori_kubun,kyori_tekisei,hizume_code,213,92561,74.55,9.66,73.25,False
GLOBAL_条件戦,uma_deokure_bin+uma_start_shisu_decile+hizume_code+ichi_shisu_juni,uma_deokure_bin,uma_start_shisu_decile,hizume_code,ichi_shisu_juni,240,51623,74.62,10.8,73.25,False
GLOBAL_条件戦,hizume_code+da_tekisei_code+rotation_bin+ichi_shisu_juni,hizume_code,da_tekisei_code,rotation_bin,ichi_shisu_juni,139,19811,75.59,14.04,73.25,False
GLOBAL_条件戦,pace_yoso+keibajo_code+kyori_tekisei+hizume_code,pace_yoso,keibajo_code,kyori_tekisei,hizume_code,279,69367,74.51,10.7,73.25,False
GLOBAL_条件戦,kyori_kubun+hizume_code+manken_shisu_decile+omo_tekisei_code,kyori_kubun,hizume_code,manken_shisu_decile,omo_tekisei_code,339,85321,74.39,10.68,73.25,False
GLOBAL_条件戦,uma_deokure_bin+pace_yoso+umakigo_code+bataiju,uma_deokure_bin,pace_yoso,umakigo_code,bataiju,299,94474,74.32,9.37,73.25,False
GLOBAL_条件戦,manken_shirushi+da_tekisei_code+rotation_bin+idm_decile,manken_shirushi,da_tekisei_code,rotation_bin,idm_decile,168,28038,75.4,14.25,73.24,False
GLOBAL_条件戦,umakigo_code+uma_start_shisu_decile+rotation_bin+bataiju,umakigo_code,uma_start_shisu_decile,rotation_bin,bataiju,173,27498,74.76,10.24,73.24,False
GLOBAL_条件戦,pace_yoso+uma_start_shisu_decile+omo_tekisei_code+bataiju,pace_yoso,uma_start_shisu_decile,omo_tekisei_code,bataiju,163,26710,74.81,10.22,73.24,False
GLOBAL_条件戦,kyori_kubun+keibajo_code+kyori_tekisei+rotation_bin,kyori_kubun,keibajo_code,kyori_tekisei,rotation_bin,326,93008,74.5,11.52,73.24,False
GLOBAL_条件戦,uma_deokure_bin+keibajo_code+omo_tekisei_code+ichi_shisu_juni,uma_deokure_bin,keibajo_code,omo_tekisei_code,ichi_shisu_juni,430,87839,74.27,10.88,73.24,False
GLOBAL_条件戦,pace_yoso+keibajo_code+da_tekisei_code+ichi_shisu_juni,pace_yoso,keibajo_code,da_tekisei_code,ichi_shisu_juni,270,43360,74.77,12.86,73.24,False
GLOBAL_条件戦,da_tekisei_code+kyakushitsu+rotation_bin+bataiju,da_tekisei_code,kyakushitsu,rotation_bin,bataiju,50,5736,77.27,14.54,73.24,False
GLOBAL_条件戦,manken_shirushi+hizume_code+manken_shisu_decile+shiba_tekisei_code,manken_shirushi,hizume_code,manken_shisu_decile,shiba_tekisei_code,150,29476,74.8,9.74,73.24,False
GLOBAL_条件戦,hizume_code+manken_shisu_decile+rotation_bin+idm_decile,hizume_code,manken_shisu_decile,rotation_bin,idm_decile,203,27459,75.15,13.92,73.23,False
GLOBAL_条件戦,pace_yoso+kyori_tekisei+hizume_code+ichi_shisu_juni,pace_yoso,kyori_tekisei,hizume_code,ichi_shisu_juni,302,52857,74.63,12.46,73.23,False
GLOBAL_条件戦,umakigo_code+hizume_code+manken_shisu_decile+ichi_shisu_juni,umakigo_code,hizume_code,manken_shisu_decile,ichi_shisu_juni,308,52337,74.65,12.68,73.23,False
GLOBAL_条件戦,uma_deokure_bin+pace_yoso+manken_shisu_decile+ichi_shisu_juni,uma_deokure_bin,pace_yoso,manken_shisu_decile,ichi_shisu_juni,450,77472,74.33,11.96,73.23,False
GLOBAL_条件戦,uma_deokure_bin+umakigo_code+hizume_code+manken_shisu_decile,uma_deokure_bin,umakigo_code,hizume_code,manken_shisu_decile,188,97031,74.39,8.12,73.23,False
GLOBAL_条件戦,kyori_tekisei+da_tekisei_code+shiba_tekisei_code+ichi_shisu_juni,kyori_tekisei,da_tekisei_code,shiba_tekisei_code,ichi_shisu_juni,96,29675,75.47,11.27,73.22,False
GLOBAL_条件戦,kyori_kubun+keibajo_code+kyakushitsu+omo_tekisei_code,kyori_kubun,keibajo_code,kyakushitsu,omo_tekisei_code,264,113893,74.21,8.19,73.22,False
GLOBAL_条件戦,kyori_tekisei+kyakushitsu+omo_tekisei_code+ichi_shisu_juni,kyori_tekisei,kyakushitsu,omo_tekisei_code,ichi_shisu_juni,290,98614,74.36,9.91,73.22,False
GLOBAL_条件戦,uma_start_shisu_decile+da_tekisei_code+joshodo_code+bataiju,uma_start_shisu_decile,da_tekisei_code,joshodo_code,bataiju,220,35940,75.0,13.54,73.21,False
GLOBAL_条件戦,kyori_kubun+keibajo_code+manken_shisu_decile+omo_tekisei_code,kyori_kubun,keibajo_code,manken_shisu_decile,omo_tekisei_code,422,97869,74.28,11.3,73.21,False
GLOBAL_条件戦,umakigo_code+hizume_code+rotation_bin+joshodo_code,umakigo_code,hizume_code,rotation_bin,joshodo_code,112,111972,74.62,7.65,73.21,False
GLOBAL_条件戦,umakigo_code+kyori_tekisei+joshodo_code+bataiju,umakigo_code,kyori_tekisei,joshodo_code,bataiju,289,134138,74.29,9.31,73.21,False
GLOBAL_条件戦,umakigo_code+kyori_tekisei+shiba_tekisei_code+joshodo_code,umakigo_code,kyori_tekisei,shiba_tekisei_code,joshodo_code,25,86895,76.95,9.53,73.21,False
GLOBAL_条件戦,kyori_kubun+kyori_tekisei+hizume_code+ichi_shisu_juni,kyori_kubun,kyori_tekisei,hizume_code,ichi_shisu_juni,263,51006,74.75,12.73,73.21,False
GLOBAL_条件戦,uma_start_shisu_decile+rotation_bin+joshodo_code+bataiju,uma_start_shisu_decile,rotation_bin,joshodo_code,bataiju,173,27919,74.67,9.84,73.21,False
GLOBAL_条件戦,manken_shisu_decile+kyakushitsu+joshodo_code+bataiju,manken_shisu_decile,kyakushitsu,joshodo_code,bataiju,320,39006,74.55,12.2,73.21,False
GLOBAL_条件戦,pace_yoso+keibajo_code+kyori_tekisei+kyakushitsu,pace_yoso,keibajo_code,kyori_tekisei,kyakushitsu,337,133248,74.39,11.03,73.21,False
GLOBAL_条件戦,pace_yoso+manken_shisu_decile+shiba_tekisei_code+joshodo_code,pace_yoso,manken_shisu_decile,shiba_tekisei_code,joshodo_code,56,81183,75.05,7.0,73.21,False
GLOBAL_条件戦,umakigo_code+kyori_tekisei+hizume_code+ichi_shisu_juni,umakigo_code,kyori_tekisei,hizume_code,ichi_shisu_juni,306,82599,74.36,10.29,73.21,False
GLOBAL_条件戦,uma_deokure_bin+keibajo_code+manken_shisu_decile+rotation_bin,uma_deokure_bin,keibajo_code,manken_shisu_decile,rotation_bin,423,65322,74.39,12.38,73.21,False
GLOBAL_条件戦,manken_shirushi+omo_tekisei_code+joshodo_code+idm_decile,manken_shirushi,omo_tekisei_code,joshodo_code,idm_decile,128,75778,75.42,12.74,73.21,False
GLOBAL_条件戦,umakigo_code+uma_start_shisu_decile+rotation_bin+joshodo_code,umakigo_code,uma_start_shisu_decile,rotation_bin,joshodo_code,67,109412,75.07,7.82,73.2,False
GLOBAL_条件戦,manken_shirushi+hizume_code+kyakushitsu+shiba_tekisei_code,manken_shirushi,hizume_code,kyakushitsu,shiba_tekisei_code,186,38231,74.96,12.25,73.2,False
GLOBAL_条件戦,uma_deokure_bin+kyori_tekisei+kyakushitsu+ichi_shisu_juni,uma_deokure_bin,kyori_tekisei,kyakushitsu,ichi_shisu_juni,268,92733,74.46,10.47,73.2,False
GLOBAL_条件戦,uma_deokure_bin+kyori_kubun+kyakushitsu+rotation_bin,uma_deokure_bin,kyori_kubun,kyakushitsu,rotation_bin,200,108558,74.46,9.11,73.2,False
GLOBAL_条件戦,omo_tekisei_code+shiba_tekisei_code+joshodo_code+bataiju,omo_tekisei_code,shiba_tekisei_code,joshodo_code,bataiju,203,79401,74.59,10.1,73.2,False
GLOBAL_条件戦,manken_shirushi+pace_yoso+kyakushitsu+idm_decile,manken_shirushi,pace_yoso,kyakushitsu,idm_decile,334,75138,74.7,14.04,73.2,False
GLOBAL_条件戦,pace_yoso+umakigo_code+kyori_tekisei+manken_shisu_decile,pace_yoso,umakigo_code,kyori_tekisei,manken_shisu_decile,123,137848,74.61,8.01,73.19,False
GLOBAL_条件戦,pace_yoso+uma_start_shisu_decile+manken_shisu_decile+kyakushitsu,pace_yoso,uma_start_shisu_decile,manken_shisu_decile,kyakushitsu,359,89033,74.39,11.61,73.19,False
GLOBAL_条件戦,manken_shirushi+keibajo_code+kyori_tekisei+shiba_tekisei_code,manken_shirushi,keibajo_code,kyori_tekisei,shiba_tekisei_code,191,37371,74.85,11.69,73.19,False
GLOBAL_条件戦,kyori_tekisei+hizume_code+manken_shisu_decile+rotation_bin,kyori_tekisei,hizume_code,manken_shisu_decile,rotation_bin,260,44329,74.5,10.96,73.17,False
GLOBAL_条件戦,pace_yoso+kyori_kubun+umakigo_code+bataiju,pace_yoso,kyori_kubun,umakigo_code,bataiju,409,125243,74.01,8.63,73.17,False
GLOBAL_条件戦,kyori_kubun+uma_start_shisu_decile+hizume_code+bataiju,kyori_kubun,uma_start_shisu_decile,hizume_code,bataiju,31,3991,76.27,8.8,73.17,False
GLOBAL_条件戦,pace_yoso+kyori_kubun+uma_start_shisu_decile+bataiju,pace_yoso,kyori_kubun,uma_start_shisu_decile,bataiju,144,19929,75.07,11.64,73.17,False
GLOBAL_条件戦,uma_deokure_bin+uma_start_shisu_decile+manken_shisu_decile+kyakushitsu,uma_deokure_bin,uma_start_shisu_decile,manken_shisu_decile,kyakushitsu,240,87463,74.57,11.12,73.17,False
GLOBAL_条件戦,umakigo_code+hizume_code+manken_shisu_decile+rotation_bin,umakigo_code,hizume_code,manken_shisu_decile,rotation_bin,342,88999,74.29,10.53,73.17,False
GLOBAL_条件戦,kyori_kubun+hizume_code+manken_shisu_decile+kyakushitsu,kyori_kubun,hizume_code,manken_shisu_decile,kyakushitsu,335,66196,74.41,11.61,73.17,False
GLOBAL_条件戦,uma_deokure_bin+kyori_kubun+umakigo_code+idm_decile,uma_deokure_bin,kyori_kubun,umakigo_code,idm_decile,99,116069,75.81,13.42,73.16,False
GLOBAL_条件戦,uma_deokure_bin+keibajo_code+manken_shisu_decile+omo_tekisei_code,uma_deokure_bin,keibajo_code,manken_shisu_decile,omo_tekisei_code,357,99966,74.18,9.85,73.16,False
GLOBAL_条件戦,keibajo_code+kyori_tekisei+da_tekisei_code+idm_decile,keibajo_code,kyori_tekisei,da_tekisei_code,idm_decile,192,55814,75.19,14.37,73.16,False
GLOBAL_条件戦,kyori_kubun+kyori_tekisei+manken_shisu_decile+shiba_tekisei_code,kyori_kubun,kyori_tekisei,manken_shisu_decile,shiba_tekisei_code,159,80726,74.73,10.05,73.16,False
GLOBAL_条件戦,kyori_kubun+kyori_tekisei+hizume_code+kyakushitsu,kyori_kubun,kyori_tekisei,hizume_code,kyakushitsu,265,96646,74.31,9.58,73.16,False
GLOBAL_条件戦,keibajo_code+manken_shisu_decile+omo_tekisei_code+rotation_bin,keibajo_code,manken_shisu_decile,omo_tekisei_code,rotation_bin,440,69093,74.3,12.14,73.16,False
GLOBAL_条件戦,kyori_kubun+umakigo_code+hizume_code+rotation_bin,kyori_kubun,umakigo_code,hizume_code,rotation_bin,215,104243,74.47,9.78,73.16,False
GLOBAL_条件戦,pace_yoso+kyakushitsu+omo_tekisei_code+ichi_shisu_juni,pace_yoso,kyakushitsu,omo_tekisei_code,ichi_shisu_juni,248,106424,74.19,8.23,73.16,False
GLOBAL_条件戦,uma_start_shisu_decile+manken_shisu_decile+joshodo_code+bataiju,uma_start_shisu_decile,manken_shisu_decile,joshodo_code,bataiju,126,14677,75.31,12.28,73.16,False
GLOBAL_条件戦,uma_start_shisu_decile+hizume_code+omo_tekisei_code+ichi_shisu_juni,uma_start_shisu_decile,hizume_code,omo_tekisei_code,ichi_shisu_juni,212,42287,74.49,9.9,73.15,False
GLOBAL_条件戦,uma_deokure_bin+kyori_kubun+kyori_tekisei+bataiju,uma_deokure_bin,kyori_kubun,kyori_tekisei,bataiju,352,55536,74.44,12.3,73.15,False
GLOBAL_条件戦,umakigo_code+uma_start_shisu_decile+shiba_tekisei_code+joshodo_code,umakigo_code,uma_start_shisu_decile,shiba_tekisei_code,joshodo_code,25,82558,75.87,6.94,73.15,False
GLOBAL_条件戦,uma_deokure_bin+pace_yoso+hizume_code+manken_shisu_decile,uma_deokure_bin,pace_yoso,hizume_code,manken_shisu_decile,319,83128,74.31,10.64,73.15,False
GLOBAL_条件戦,hizume_code+da_tekisei_code+omo_tekisei_code+idm_decile,hizume_code,da_tekisei_code,omo_tekisei_code,idm_decile,145,57559,75.05,11.68,73.15,False
GLOBAL_条件戦,uma_start_shisu_decile+manken_shisu_decile+omo_tekisei_code+rotation_bin,uma_start_shisu_decile,manken_shisu_decile,omo_tekisei_code,rotation_bin,347,69493,74.4,11.85,73.15,False
GLOBAL_条件戦,kyori_kubun+kyakushitsu+omo_tekisei_code+ichi_shisu_juni,kyori_kubun,kyakushitsu,omo_tekisei_code,ichi_shisu_juni,257,102409,74.23,8.84,73.15,False
GLOBAL_条件戦,keibajo_code+manken_shisu_decile+kyakushitsu+omo_tekisei_code,keibajo_code,manken_shisu_decile,kyakushitsu,omo_tekisei_code,476,93236,74.25,12.24,73.15,False
GLOBAL_条件戦,kyori_kubun+umakigo_code+manken_shisu_decile+bataiju,kyori_kubun,umakigo_code,manken_shisu_decile,bataiju,480,65990,74.21,11.93,73.14,False
GLOBAL_条件戦,umakigo_code+keibajo_code+manken_shisu_decile+omo_tekisei_code,umakigo_code,keibajo_code,manken_shisu_decile,omo_tekisei_code,206,109290,74.24,8.07,73.14,False
GLOBAL_条件戦,pace_yoso+manken_shisu_decile+kyakushitsu+rotation_bin,pace_yoso,manken_shisu_decile,kyakushitsu,rotation_bin,393,87997,74.27,11.46,73.14,False
GLOBAL_条件戦,uma_deokure_bin+keibajo_code+hizume_code+da_tekisei_code,uma_deokure_bin,keibajo_code,hizume_code,da_tekisei_code,167,47847,74.77,10.73,73.14,False
GLOBAL_条件戦,pace_yoso+uma_start_shisu_decile+manken_shisu_decile+shiba_tekisei_code,pace_yoso,uma_start_shisu_decile,manken_shisu_decile,shiba_tekisei_code,236,72231,74.44,10.18,73.14,False
GLOBAL_条件戦,uma_start_shisu_decile+omo_tekisei_code+rotation_bin+bataiju,uma_start_shisu_decile,omo_tekisei_code,rotation_bin,bataiju,62,7168,76.21,12.35,73.14,False
GLOBAL_条件戦,uma_deokure_bin+pace_yoso+rotation_bin+ichi_shisu_juni,uma_deokure_bin,pace_yoso,rotation_bin,ichi_shisu_juni,347,87891,74.22,10.22,73.14,False
GLOBAL_条件戦,pace_yoso+manken_shisu_decile+rotation_bin+joshodo_code,pace_yoso,manken_shisu_decile,rotation_bin,joshodo_code,187,106624,74.48,9.33,73.14,False
GLOBAL_条件戦,pace_yoso+umakigo_code+hizume_code+ichi_shisu_juni,pace_yoso,umakigo_code,hizume_code,ichi_shisu_juni,287,92396,74.25,9.63,73.14,False
GLOBAL_条件戦,umakigo_code+kyakushitsu+omo_tekisei_code+rotation_bin,umakigo_code,kyakushitsu,omo_tekisei_code,rotation_bin,86,114324,74.83,7.99,73.14,False
GLOBAL_条件戦,pace_yoso+omo_tekisei_code+rotation_bin+ichi_shisu_juni,pace_yoso,omo_tekisei_code,rotation_bin,ichi_shisu_juni,366,90409,74.16,10.05,73.13,False
GLOBAL_条件戦,manken_shirushi+kyori_kubun+ichi_shisu_juni+idm_decile,manken_shirushi,kyori_kubun,ichi_shisu_juni,idm_decile,154,28346,75.26,13.48,73.13,False
GLOBAL_条件戦,uma_deokure_bin+manken_shisu_decile+shiba_tekisei_code+rotation_bin,uma_deokure_bin,manken_shisu_decile,shiba_tekisei_code,rotation_bin,195,74584,74.53,9.93,73.13,False
GLOBAL_条件戦,uma_start_shisu_decile+manken_shisu_decile+omo_tekisei_code+ichi_shisu_juni,uma_start_shisu_decile,manken_shisu_decile,omo_tekisei_code,ichi_shisu_juni,192,33269,74.72,11.23,73.13,False
GLOBAL_条件戦,uma_deokure_bin+hizume_code+shiba_tekisei_code+rotation_bin,uma_deokure_bin,hizume_code,shiba_tekisei_code,rotation_bin,173,71058,74.51,9.24,73.13,False
GLOBAL_条件戦,umakigo_code+hizume_code+da_tekisei_code+ichi_shisu_juni,umakigo_code,hizume_code,da_tekisei_code,ichi_shisu_juni,163,51541,74.96,11.95,73.13,False
GLOBAL_条件戦,manken_shirushi+keibajo_code+hizume_code+shiba_tekisei_code,manken_shirushi,keibajo_code,hizume_code,shiba_tekisei_code,116,18151,75.07,10.74,73.12,False
GLOBAL_条件戦,uma_deokure_bin+umakigo_code+omo_tekisei_code+idm_decile,uma_deokure_bin,umakigo_code,omo_tekisei_code,idm_decile,91,115096,75.62,12.16,73.12,False
GLOBAL_条件戦,pace_yoso+hizume_code+joshodo_code+ichi_shisu_juni,pace_yoso,hizume_code,joshodo_code,ichi_shisu_juni,289,93948,74.24,9.75,73.12,False
GLOBAL_条件戦,uma_deokure_bin+pace_yoso+joshodo_code+ichi_shisu_juni,uma_deokure_bin,pace_yoso,joshodo_code,ichi_shisu_juni,128,108107,74.8,9.68,73.12,False
GLOBAL_条件戦,kyori_kubun+kyori_tekisei+manken_shisu_decile+rotation_bin,kyori_kubun,kyori_tekisei,manken_shisu_decile,rotation_bin,342,89235,74.33,11.42,73.12,False
GLOBAL_条件戦,umakigo_code+keibajo_code+da_tekisei_code+joshodo_code,umakigo_code,keibajo_code,da_tekisei_code,joshodo_code,32,68268,76.12,8.66,73.12,False
GLOBAL_条件戦,umakigo_code+manken_shisu_decile+omo_tekisei_code+shiba_tekisei_code,umakigo_code,manken_shisu_decile,omo_tekisei_code,shiba_tekisei_code,59,85182,75.17,8.05,73.11,False
GLOBAL_条件戦,keibajo_code+da_tekisei_code+kyakushitsu+rotation_bin,keibajo_code,da_tekisei_code,kyakushitsu,rotation_bin,230,55086,74.68,12.17,73.11,False
GLOBAL_条件戦,kyori_kubun+kyori_tekisei+manken_shisu_decile+kyakushitsu,kyori_kubun,kyori_tekisei,manken_shisu_decile,kyakushitsu,330,137436,74.25,10.57,73.11,False
GLOBAL_条件戦,pace_yoso+kyori_kubun+kyori_tekisei+manken_shisu_decile,pace_yoso,kyori_kubun,kyori_tekisei,manken_shisu_decile,249,133001,74.28,9.44,73.11,False
GLOBAL_条件戦,uma_deokure_bin+pace_yoso+umakigo_code+ichi_shisu_juni,uma_deokure_bin,pace_yoso,umakigo_code,ichi_shisu_juni,131,106918,74.69,9.29,73.1,False
GLOBAL_条件戦,manken_shisu_decile+da_tekisei_code+ichi_shisu_juni+idm_decile,manken_shisu_decile,da_tekisei_code,ichi_shisu_juni,idm_decile,114,13547,75.9,15.28,73.1,False
GLOBAL_条件戦,keibajo_code+hizume_code+omo_tekisei_code+bataiju,keibajo_code,hizume_code,omo_tekisei_code,bataiju,18,2141,79.31,13.44,73.1,False
GLOBAL_条件戦,uma_deokure_bin+hizume_code+omo_tekisei_code+ichi_shisu_juni,uma_deokure_bin,hizume_code,omo_tekisei_code,ichi_shisu_juni,307,79292,74.2,9.81,73.1,False
GLOBAL_条件戦,keibajo_code+uma_start_shisu_decile+da_tekisei_code+kyakushitsu,keibajo_code,uma_start_shisu_decile,da_tekisei_code,kyakushitsu,198,47667,74.78,12.09,73.09,False
GLOBAL_条件戦,kyori_kubun+umakigo_code+shiba_tekisei_code+joshodo_code,kyori_kubun,umakigo_code,shiba_tekisei_code,joshodo_code,23,90153,76.91,9.36,73.09,False
GLOBAL_条件戦,umakigo_code+uma_start_shisu_decile+da_tekisei_code+bataiju,umakigo_code,uma_start_shisu_decile,da_tekisei_code,bataiju,207,34097,74.96,13.78,73.09,False
GLOBAL_条件戦,kyori_kubun+manken_shisu_decile+kyakushitsu+shiba_tekisei_code,kyori_kubun,manken_shisu_decile,kyakushitsu,shiba_tekisei_code,214,83553,74.52,10.67,73.09,False
GLOBAL_条件戦,keibajo_code+uma_start_shisu_decile+da_tekisei_code+rotation_bin,keibajo_code,uma_start_shisu_decile,da_tekisei_code,rotation_bin,180,33601,75.1,13.77,73.09,False
GLOBAL_条件戦,uma_deokure_bin+kyakushitsu+rotation_bin+ichi_shisu_juni,uma_deokure_bin,kyakushitsu,rotation_bin,ichi_shisu_juni,324,85880,74.22,10.35,73.09,False
GLOBAL_条件戦,pace_yoso+umakigo_code+hizume_code+joshodo_code,pace_yoso,umakigo_code,hizume_code,joshodo_code,61,108351,74.65,6.22,73.09,False
GLOBAL_条件戦,pace_yoso+umakigo_code+kyori_tekisei+shiba_tekisei_code,pace_yoso,umakigo_code,kyori_tekisei,shiba_tekisei_code,33,79723,75.59,7.31,73.09,False
GLOBAL_条件戦,uma_deokure_bin+keibajo_code+hizume_code+ichi_shisu_juni,uma_deokure_bin,keibajo_code,hizume_code,ichi_shisu_juni,172,27147,74.83,11.74,73.08,False
GLOBAL_条件戦,umakigo_code+keibajo_code+omo_tekisei_code+rotation_bin,umakigo_code,keibajo_code,omo_tekisei_code,rotation_bin,159,110731,74.57,9.59,73.08,False
GLOBAL_条件戦,hizume_code+manken_shisu_decile+kyakushitsu+joshodo_code,hizume_code,manken_shisu_decile,kyakushitsu,joshodo_code,290,102754,74.22,9.9,73.08,False
GLOBAL_条件戦,kyakushitsu+omo_tekisei_code+joshodo_code+idm_decile,kyakushitsu,omo_tekisei_code,joshodo_code,idm_decile,81,118806,75.63,11.71,73.08,False
GLOBAL_条件戦,kyori_kubun+umakigo_code+da_tekisei_code+joshodo_code,kyori_kubun,umakigo_code,da_tekisei_code,joshodo_code,23,70206,77.33,10.4,73.08,False
GLOBAL_条件戦,kyori_tekisei+omo_tekisei_code+shiba_tekisei_code+ichi_shisu_juni,kyori_tekisei,omo_tekisei_code,shiba_tekisei_code,ichi_shisu_juni,185,73866,74.51,10.01,73.07,False
GLOBAL_条件戦,kyakushitsu+omo_tekisei_code+joshodo_code+ichi_shisu_juni,kyakushitsu,omo_tekisei_code,joshodo_code,ichi_shisu_juni,114,109602,74.62,8.46,73.07,False
GLOBAL_条件戦,manken_shirushi+hizume_code+joshodo_code+idm_decile,manken_shirushi,hizume_code,joshodo_code,idm_decile,244,58645,74.75,13.38,73.07,False
GLOBAL_条件戦,keibajo_code+omo_tekisei_code+ichi_shisu_juni+idm_decile,keibajo_code,omo_tekisei_code,ichi_shisu_juni,idm_decile,281,37080,74.74,14.31,73.07,False
GLOBAL_条件戦,kyori_kubun+kyori_tekisei+hizume_code+omo_tekisei_code,kyori_kubun,kyori_tekisei,hizume_code,omo_tekisei_code,199,102242,74.48,10.13,73.07,False
GLOBAL_条件戦,hizume_code+kyakushitsu+omo_tekisei_code+ichi_shisu_juni,hizume_code,kyakushitsu,omo_tekisei_code,ichi_shisu_juni,322,74512,74.12,9.62,73.07,False
GLOBAL_条件戦,hizume_code+kyakushitsu+shiba_tekisei_code+joshodo_code,hizume_code,kyakushitsu,shiba_tekisei_code,joshodo_code,91,85345,74.81,8.45,73.07,False
GLOBAL_条件戦,uma_deokure_bin+da_tekisei_code+rotation_bin+ichi_shisu_juni,uma_deokure_bin,da_tekisei_code,rotation_bin,ichi_shisu_juni,194,47705,74.81,12.37,73.07,False
GLOBAL_条件戦,manken_shirushi+keibajo_code+kyakushitsu+idm_decile,manken_shirushi,keibajo_code,kyakushitsu,idm_decile,140,16728,75.5,14.76,73.06,False
GLOBAL_条件戦,uma_deokure_bin+pace_yoso+shiba_tekisei_code+ichi_shisu_juni,uma_deokure_bin,pace_yoso,shiba_tekisei_code,ichi_shisu_juni,161,76289,74.56,9.7,73.06,False
GLOBAL_条件戦,uma_deokure_bin+omo_tekisei_code+shiba_tekisei_code+ichi_shisu_juni,uma_deokure_bin,omo_tekisei_code,shiba_tekisei_code,ichi_shisu_juni,125,75072,74.61,8.86,73.06,False
GLOBAL_条件戦,uma_deokure_bin+umakigo_code+shiba_tekisei_code+ichi_shisu_juni,uma_deokure_bin,umakigo_code,shiba_tekisei_code,ichi_shisu_juni,89,79359,75.11,9.86,73.06,False
GLOBAL_条件戦,pace_yoso+uma_start_shisu_decile+kyori_tekisei+idm_decile,pace_yoso,uma_start_shisu_decile,kyori_tekisei,idm_decile,314,93379,74.6,13.97,73.06,False
GLOBAL_条件戦,keibajo_code+hizume_code+rotation_bin+ichi_shisu_juni,keibajo_code,hizume_code,rotation_bin,ichi_shisu_juni,31,3838,77.6,12.89,73.06,False
GLOBAL_条件戦,pace_yoso+umakigo_code+hizume_code+manken_shisu_decile,pace_yoso,umakigo_code,hizume_code,manken_shisu_decile,224,96479,74.22,8.88,73.06,False
GLOBAL_条件戦,hizume_code+kyakushitsu+joshodo_code+ichi_shisu_juni,hizume_code,kyakushitsu,joshodo_code,ichi_shisu_juni,283,92286,74.13,9.16,73.06,False
GLOBAL_条件戦,keibajo_code+hizume_code+manken_shisu_decile+omo_tekisei_code,keibajo_code,hizume_code,manken_shisu_decile,omo_tekisei_code,298,51775,74.35,11.51,73.05,False
GLOBAL_条件戦,pace_yoso+manken_shisu_decile+kyakushitsu+ichi_shisu_juni,pace_yoso,manken_shisu_decile,kyakushitsu,ichi_shisu_juni,424,96044,74.22,12.3,73.05,False
GLOBAL_条件戦,manken_shirushi+keibajo_code+kyakushitsu+shiba_tekisei_code,manken_shirushi,keibajo_code,kyakushitsu,shiba_tekisei_code,231,39202,74.54,11.6,73.05,False
GLOBAL_条件戦,uma_deokure_bin+kyori_kubun+kyori_tekisei+hizume_code,uma_deokure_bin,kyori_kubun,kyori_tekisei,hizume_code,204,97484,74.41,9.86,73.05,False
GLOBAL_条件戦,hizume_code+da_tekisei_code+kyakushitsu+bataiju,hizume_code,da_tekisei_code,kyakushitsu,bataiju,37,4196,77.32,13.27,73.05,False
GLOBAL_条件戦,hizume_code+manken_shisu_decile+omo_tekisei_code+rotation_bin,hizume_code,manken_shisu_decile,omo_tekisei_code,rotation_bin,331,65653,74.21,10.92,73.04,False
GLOBAL_条件戦,kyori_tekisei+hizume_code+manken_shisu_decile+shiba_tekisei_code,kyori_tekisei,hizume_code,manken_shisu_decile,shiba_tekisei_code,221,61092,74.47,10.87,73.04,False
GLOBAL_条件戦,keibajo_code+kyori_tekisei+manken_shisu_decile+omo_tekisei_code,keibajo_code,kyori_tekisei,manken_shisu_decile,omo_tekisei_code,376,85511,74.2,11.44,73.04,False
GLOBAL_条件戦,pace_yoso+omo_tekisei_code+shiba_tekisei_code+ichi_shisu_juni,pace_yoso,omo_tekisei_code,shiba_tekisei_code,ichi_shisu_juni,158,78635,74.54,9.63,73.04,False
GLOBAL_条件戦,umakigo_code+kyakushitsu+omo_tekisei_code+ichi_shisu_juni,umakigo_code,kyakushitsu,omo_tekisei_code,ichi_shisu_juni,115,108150,74.54,8.24,73.04,False
GLOBAL_条件戦,kyori_kubun+hizume_code+kyakushitsu+shiba_tekisei_code,kyori_kubun,hizume_code,kyakushitsu,shiba_tekisei_code,183,78005,74.43,9.61,73.04,False
GLOBAL_条件戦,uma_start_shisu_decile+hizume_code+kyakushitsu+shiba_tekisei_code,uma_start_shisu_decile,hizume_code,kyakushitsu,shiba_tekisei_code,206,65668,74.44,10.2,73.04,False
GLOBAL_条件戦,kyori_kubun+kyori_tekisei+hizume_code+da_tekisei_code,kyori_kubun,kyori_tekisei,hizume_code,da_tekisei_code,131,58808,75.16,12.37,73.04,False
GLOBAL_条件戦,pace_yoso+umakigo_code+manken_shisu_decile+shiba_tekisei_code,pace_yoso,umakigo_code,manken_shisu_decile,shiba_tekisei_code,57,80483,74.87,7.03,73.04,False
GLOBAL_条件戦,uma_deokure_bin+hizume_code+manken_shisu_decile+shiba_tekisei_code,uma_deokure_bin,hizume_code,manken_shisu_decile,shiba_tekisei_code,213,67044,74.39,10.02,73.04,False
GLOBAL_条件戦,pace_yoso+rotation_bin+ichi_shisu_juni+idm_decile,pace_yoso,rotation_bin,ichi_shisu_juni,idm_decile,341,52849,74.54,14.08,73.04,False
GLOBAL_条件戦,pace_yoso+umakigo_code+manken_shisu_decile+rotation_bin,pace_yoso,umakigo_code,manken_shisu_decile,rotation_bin,187,105137,74.36,9.22,73.04,False
GLOBAL_条件戦,keibajo_code+kyori_tekisei+manken_shisu_decile+da_tekisei_code,keibajo_code,kyori_tekisei,manken_shisu_decile,da_tekisei_code,194,44086,74.86,12.96,73.03,False
GLOBAL_条件戦,umakigo_code+manken_shisu_decile+kyakushitsu+joshodo_code,umakigo_code,manken_shisu_decile,kyakushitsu,joshodo_code,71,145890,74.78,7.52,73.03,False
GLOBAL_条件戦,uma_deokure_bin+kyori_tekisei+shiba_tekisei_code+idm_decile,uma_deokure_bin,kyori_tekisei,shiba_tekisei_code,idm_decile,109,81610,75.51,13.3,73.02,False
GLOBAL_条件戦,kyori_kubun+manken_shisu_decile+rotation_bin+joshodo_code,kyori_kubun,manken_shisu_decile,rotation_bin,joshodo_code,235,112870,74.29,9.87,73.02,False
GLOBAL_条件戦,keibajo_code+manken_shisu_decile+kyakushitsu+joshodo_code,keibajo_code,manken_shisu_decile,kyakushitsu,joshodo_code,410,143549,74.0,10.06,73.02,False
GLOBAL_条件戦,uma_deokure_bin+keibajo_code+uma_start_shisu_decile+manken_shisu_decile,uma_deokure_bin,keibajo_code,uma_start_shisu_decile,manken_shisu_decile,289,61781,74.34,11.47,73.02,False
GLOBAL_条件戦,omo_tekisei_code+shiba_tekisei_code+joshodo_code+idm_decile,omo_tekisei_code,shiba_tekisei_code,joshodo_code,idm_decile,42,87358,76.67,12.07,73.02,False
GLOBAL_条件戦,manken_shirushi+umakigo_code+omo_tekisei_code+idm_decile,manken_shirushi,umakigo_code,omo_tekisei_code,idm_decile,125,73926,75.27,12.86,73.01,False
GLOBAL_条件戦,umakigo_code+hizume_code+omo_tekisei_code+shiba_tekisei_code,umakigo_code,hizume_code,omo_tekisei_code,shiba_tekisei_code,67,85093,74.99,8.25,73.01,False
GLOBAL_条件戦,kyakushitsu+omo_tekisei_code+shiba_tekisei_code+ichi_shisu_juni,kyakushitsu,omo_tekisei_code,shiba_tekisei_code,ichi_shisu_juni,152,76775,74.43,8.93,73.01,False
GLOBAL_条件戦,kyori_kubun+rotation_bin+ichi_shisu_juni+idm_decile,kyori_kubun,rotation_bin,ichi_shisu_juni,idm_decile,273,41659,74.65,13.77,73.01,False
GLOBAL_条件戦,umakigo_code+hizume_code+kyakushitsu+ichi_shisu_juni,umakigo_code,hizume_code,kyakushitsu,ichi_shisu_juni,281,90757,74.07,9.14,73.0,False
GLOBAL_条件戦,umakigo_code+kyakushitsu+shiba_tekisei_code+joshodo_code,umakigo_code,kyakushitsu,shiba_tekisei_code,joshodo_code,24,89754,76.59,8.98,73.0,False
GLOBAL_条件戦,pace_yoso+kyori_kubun+umakigo_code+shiba_tekisei_code,pace_yoso,kyori_kubun,umakigo_code,shiba_tekisei_code,30,83084,75.31,6.48,73.0,False
GLOBAL_条件戦,kyori_kubun+umakigo_code+shiba_tekisei_code+bataiju,kyori_kubun,umakigo_code,shiba_tekisei_code,bataiju,266,73345,74.29,10.74,73.0,False
GLOBAL_条件戦,uma_deokure_bin+uma_start_shisu_decile+manken_shisu_decile+shiba_tekisei_code,uma_deokure_bin,uma_start_shisu_decile,manken_shisu_decile,shiba_tekisei_code,170,70196,74.48,9.85,73.0,False
GLOBAL_条件戦,pace_yoso+kyori_kubun+umakigo_code+kyori_tekisei,pace_yoso,kyori_kubun,umakigo_code,kyori_tekisei,59,142374,75.35,9.25,72.99,False
GLOBAL_条件戦,pace_yoso+hizume_code+shiba_tekisei_code+rotation_bin,pace_yoso,hizume_code,shiba_tekisei_code,rotation_bin,186,67901,74.35,9.42,72.99,False
GLOBAL_条件戦,manken_shisu_decile+da_tekisei_code+joshodo_code+ichi_shisu_juni,manken_shisu_decile,da_tekisei_code,joshodo_code,ichi_shisu_juni,208,58445,74.67,12.37,72.99,False
GLOBAL_条件戦,uma_deokure_bin+pace_yoso+kyakushitsu+ichi_shisu_juni,uma_deokure_bin,pace_yoso,kyakushitsu,ichi_shisu_juni,235,100816,74.26,9.92,72.99,False
GLOBAL_条件戦,keibajo_code+kyori_tekisei+hizume_code+kyakushitsu,keibajo_code,kyori_tekisei,hizume_code,kyakushitsu,297,67227,74.26,11.18,72.99,False
GLOBAL_条件戦,umakigo_code+kyori_tekisei+kyakushitsu+rotation_bin,umakigo_code,kyori_tekisei,kyakushitsu,rotation_bin,120,111122,74.58,8.94,72.98,False
GLOBAL_条件戦,manken_shisu_decile+kyakushitsu+omo_tekisei_code+ichi_shisu_juni,manken_shisu_decile,kyakushitsu,omo_tekisei_code,ichi_shisu_juni,457,80221,74.15,12.71,72.98,False
GLOBAL_条件戦,keibajo_code+kyori_tekisei+hizume_code+omo_tekisei_code,keibajo_code,kyori_tekisei,hizume_code,omo_tekisei_code,284,82245,74.23,10.72,72.98,False
GLOBAL_条件戦,uma_deokure_bin+uma_start_shisu_decile+manken_shisu_decile+omo_tekisei_code,uma_deokure_bin,uma_start_shisu_decile,manken_shisu_decile,omo_tekisei_code,217,92916,74.31,9.99,72.98,False
GLOBAL_条件戦,kyori_kubun+kyori_tekisei+hizume_code+manken_shisu_decile,kyori_kubun,kyori_tekisei,hizume_code,manken_shisu_decile,318,74577,74.21,11.22,72.98,False
GLOBAL_条件戦,uma_deokure_bin+uma_start_shisu_decile+rotation_bin+bataiju,uma_deokure_bin,uma_start_shisu_decile,rotation_bin,bataiju,143,20799,74.74,10.73,72.98,False
GLOBAL_条件戦,manken_shirushi+keibajo_code+da_tekisei_code+shiba_tekisei_code,manken_shirushi,keibajo_code,da_tekisei_code,shiba_tekisei_code,105,19561,75.38,12.55,72.98,False
GLOBAL_条件戦,kyakushitsu+omo_tekisei_code+shiba_tekisei_code+rotation_bin,kyakushitsu,omo_tekisei_code,shiba_tekisei_code,rotation_bin,117,86239,74.59,8.89,72.98,False
GLOBAL_条件戦,kyakushitsu+omo_tekisei_code+shiba_tekisei_code+idm_decile,kyakushitsu,omo_tekisei_code,shiba_tekisei_code,idm_decile,113,86466,74.9,10.44,72.98,False
GLOBAL_条件戦,kyori_tekisei+da_tekisei_code+rotation_bin+ichi_shisu_juni,kyori_tekisei,da_tekisei_code,rotation_bin,ichi_shisu_juni,206,38788,74.73,12.89,72.97,False
GLOBAL_条件戦,pace_yoso+kyori_kubun+hizume_code+manken_shisu_decile,pace_yoso,kyori_kubun,hizume_code,manken_shisu_decile,333,74340,74.13,10.88,72.97,False
GLOBAL_条件戦,pace_yoso+kyori_kubun+omo_tekisei_code+ichi_shisu_juni,pace_yoso,kyori_kubun,omo_tekisei_code,ichi_shisu_juni,280,105119,74.05,9.22,72.97,False
GLOBAL_条件戦,uma_deokure_bin+kyori_kubun+kyakushitsu+ichi_shisu_juni,uma_deokure_bin,kyori_kubun,kyakushitsu,ichi_shisu_juni,242,97282,74.28,10.42,72.97,False
GLOBAL_条件戦,kyori_kubun+hizume_code+kyakushitsu+joshodo_code,kyori_kubun,hizume_code,kyakushitsu,joshodo_code,157,111530,74.23,8.05,72.97,False
GLOBAL_条件戦,keibajo_code+kyakushitsu+shiba_tekisei_code+rotation_bin,keibajo_code,kyakushitsu,shiba_tekisei_code,rotation_bin,281,76345,74.23,10.83,72.96,False
GLOBAL_条件戦,uma_start_shisu_decile+da_tekisei_code+shiba_tekisei_code+rotation_bin,uma_start_shisu_decile,da_tekisei_code,shiba_tekisei_code,rotation_bin,84,30497,75.15,10.22,72.96,False
GLOBAL_条件戦,pace_yoso+umakigo_code+kyori_tekisei+joshodo_code,pace_yoso,umakigo_code,kyori_tekisei,joshodo_code,32,138968,76.15,9.19,72.96,False
GLOBAL_条件戦,hizume_code+da_tekisei_code+shiba_tekisei_code+rotation_bin,hizume_code,da_tekisei_code,shiba_tekisei_code,rotation_bin,91,31850,75.0,9.91,72.96,False
GLOBAL_条件戦,uma_deokure_bin+pace_yoso+kyori_kubun+ichi_shisu_juni,uma_deokure_bin,pace_yoso,kyori_kubun,ichi_shisu_juni,264,99673,74.2,10.26,72.96,False
GLOBAL_条件戦,kyori_tekisei+hizume_code+joshodo_code+bataiju,kyori_tekisei,hizume_code,joshodo_code,bataiju,270,45198,74.34,11.65,72.95,False
GLOBAL_条件戦,kyori_kubun+umakigo_code+da_tekisei_code+kyakushitsu,kyori_kubun,umakigo_code,da_tekisei_code,kyakushitsu,43,69245,75.68,9.15,72.95,False
GLOBAL_条件戦,kyori_tekisei_2+manken_shirushi+umakigo_code+da_tekisei_code,kyori_tekisei_2,manken_shirushi,umakigo_code,da_tekisei_code,3,318,88.07,13.37,72.95,False
GLOBAL_条件戦,kyori_kubun+kyori_tekisei+da_tekisei_code+bataiju,kyori_kubun,kyori_tekisei,da_tekisei_code,bataiju,211,33084,74.5,11.49,72.95,False
GLOBAL_条件戦,uma_start_shisu_decile+hizume_code+da_tekisei_code+rotation_bin,uma_start_shisu_decile,hizume_code,da_tekisei_code,rotation_bin,165,34276,74.58,10.67,72.95,False
GLOBAL_条件戦,pace_yoso+uma_start_shisu_decile+da_tekisei_code+ichi_shisu_juni,pace_yoso,uma_start_shisu_decile,da_tekisei_code,ichi_shisu_juni,221,48176,74.53,12.04,72.94,False
GLOBAL_条件戦,keibajo_code+da_tekisei_code+joshodo_code+ichi_shisu_juni,keibajo_code,da_tekisei_code,joshodo_code,ichi_shisu_juni,209,58377,74.52,11.64,72.94,False
GLOBAL_条件戦,keibajo_code+uma_start_shisu_decile+hizume_code+kyakushitsu,keibajo_code,uma_start_shisu_decile,hizume_code,kyakushitsu,224,45417,74.28,10.23,72.94,False
GLOBAL_条件戦,umakigo_code+keibajo_code+kyori_tekisei+idm_decile,umakigo_code,keibajo_code,kyori_tekisei,idm_decile,226,142184,74.72,13.65,72.94,False
GLOBAL_条件戦,kyori_kubun+shiba_tekisei_code+joshodo_code+bataiju,kyori_kubun,shiba_tekisei_code,joshodo_code,bataiju,269,74856,74.25,10.96,72.94,False
GLOBAL_条件戦,da_tekisei_code+kyakushitsu+rotation_bin+idm_decile,da_tekisei_code,kyakushitsu,rotation_bin,idm_decile,186,61442,74.87,13.54,72.93,False
GLOBAL_条件戦,keibajo_code+hizume_code+kyakushitsu+omo_tekisei_code,keibajo_code,hizume_code,kyakushitsu,omo_tekisei_code,343,87413,74.04,10.56,72.93,False
GLOBAL_条件戦,uma_start_shisu_decile+kyori_tekisei+manken_shisu_decile+kyakushitsu,uma_start_shisu_decile,kyori_tekisei,manken_shisu_decile,kyakushitsu,323,71876,74.15,11.11,72.93,False
GLOBAL_条件戦,kyori_kubun+keibajo_code+hizume_code+shiba_tekisei_code,kyori_kubun,keibajo_code,hizume_code,shiba_tekisei_code,235,66222,74.17,9.72,72.93,False
GLOBAL_条件戦,umakigo_code+hizume_code+idm_decile+bataiju,umakigo_code,hizume_code,idm_decile,bataiju,193,24412,74.87,13.8,72.93,False
GLOBAL_条件戦,keibajo_code+hizume_code+da_tekisei_code+rotation_bin,keibajo_code,hizume_code,da_tekisei_code,rotation_bin,171,33203,74.78,12.31,72.93,False
GLOBAL_条件戦,umakigo_code+keibajo_code+kyakushitsu+joshodo_code,umakigo_code,keibajo_code,kyakushitsu,joshodo_code,71,148009,74.42,6.45,72.92,False
GLOBAL_条件戦,kyori_kubun+keibajo_code+kyakushitsu+shiba_tekisei_code,kyori_kubun,keibajo_code,kyakushitsu,shiba_tekisei_code,209,85434,74.2,9.41,72.92,False
GLOBAL_条件戦,kyori_kubun+uma_start_shisu_decile+kyori_tekisei+manken_shisu_decile,kyori_kubun,uma_start_shisu_decile,kyori_tekisei,manken_shisu_decile,320,78967,74.23,12.02,72.92,False
GLOBAL_条件戦,kyori_kubun+hizume_code+shiba_tekisei_code+rotation_bin,kyori_kubun,hizume_code,shiba_tekisei_code,rotation_bin,233,71242,74.31,10.79,72.92,False
GLOBAL_条件戦,keibajo_code+da_tekisei_code+shiba_tekisei_code+bataiju,keibajo_code,da_tekisei_code,shiba_tekisei_code,bataiju,13,1402,79.57,12.24,72.92,False
GLOBAL_条件戦,kyori_kubun+umakigo_code+hizume_code+ichi_shisu_juni,kyori_kubun,umakigo_code,hizume_code,ichi_shisu_juni,296,86663,74.05,9.94,72.92,False
GLOBAL_条件戦,uma_deokure_bin+keibajo_code+uma_start_shisu_decile+shiba_tekisei_code,uma_deokure_bin,keibajo_code,uma_start_shisu_decile,shiba_tekisei_code,176,71100,74.38,9.83,72.92,False
GLOBAL_条件戦,hizume_code+omo_tekisei_code+joshodo_code+ichi_shisu_juni,hizume_code,omo_tekisei_code,joshodo_code,ichi_shisu_juni,245,96133,74.01,8.69,72.92,False
GLOBAL_条件戦,manken_shirushi+kyori_tekisei+joshodo_code+idm_decile,manken_shirushi,kyori_tekisei,joshodo_code,idm_decile,226,91138,74.61,12.97,72.92,False
GLOBAL_条件戦,uma_start_shisu_decile+da_tekisei_code+omo_tekisei_code+ichi_shisu_juni,uma_start_shisu_decile,da_tekisei_code,omo_tekisei_code,ichi_shisu_juni,204,48999,74.48,11.37,72.92,False
GLOBAL_条件戦,keibajo_code+hizume_code+omo_tekisei_code+shiba_tekisei_code,keibajo_code,hizume_code,omo_tekisei_code,shiba_tekisei_code,216,73891,74.25,10.0,72.92,False
GLOBAL_条件戦,pace_yoso+omo_tekisei_code+joshodo_code+ichi_shisu_juni,pace_yoso,omo_tekisei_code,joshodo_code,ichi_shisu_juni,109,110585,74.44,8.12,72.92,False
GLOBAL_条件戦,uma_deokure_bin+uma_start_shisu_decile+rotation_bin+ichi_shisu_juni,uma_deokure_bin,uma_start_shisu_decile,rotation_bin,ichi_shisu_juni,264,61648,74.33,11.8,72.91,False
GLOBAL_条件戦,kyakushitsu+shiba_tekisei_code+joshodo_code+idm_decile,kyakushitsu,shiba_tekisei_code,joshodo_code,idm_decile,59,88398,75.61,10.6,72.91,False
GLOBAL_条件戦,keibajo_code+kyori_tekisei+hizume_code+shiba_tekisei_code,keibajo_code,kyori_tekisei,hizume_code,shiba_tekisei_code,207,61336,74.34,10.45,72.91,False
GLOBAL_条件戦,umakigo_code+manken_shisu_decile+da_tekisei_code+ichi_shisu_juni,umakigo_code,manken_shisu_decile,da_tekisei_code,ichi_shisu_juni,207,57421,74.57,12.19,72.91,False
GLOBAL_条件戦,keibajo_code+manken_shisu_decile+kyakushitsu+ichi_shisu_juni,keibajo_code,manken_shisu_decile,kyakushitsu,ichi_shisu_juni,91,32829,75.21,11.22,72.91,False
GLOBAL_条件戦,uma_deokure_bin+pace_yoso+shiba_tekisei_code+idm_decile,uma_deokure_bin,pace_yoso,shiba_tekisei_code,idm_decile,87,80456,75.46,12.12,72.91,False
GLOBAL_条件戦,uma_deokure_bin+manken_shirushi+da_tekisei_code+shiba_tekisei_code,uma_deokure_bin,manken_shirushi,da_tekisei_code,shiba_tekisei_code,58,23133,75.81,11.25,72.91,False
GLOBAL_条件戦,uma_deokure_bin+kyori_kubun+hizume_code+manken_shisu_decile,uma_deokure_bin,kyori_kubun,hizume_code,manken_shisu_decile,324,79089,74.09,10.87,72.91,False
GLOBAL_条件戦,umakigo_code+kyakushitsu+rotation_bin+joshodo_code,umakigo_code,kyakushitsu,rotation_bin,joshodo_code,50,117412,74.92,7.27,72.91,False
GLOBAL_条件戦,hizume_code+manken_shisu_decile+omo_tekisei_code+shiba_tekisei_code,hizume_code,manken_shisu_decile,omo_tekisei_code,shiba_tekisei_code,214,71968,74.26,10.11,72.9,False
GLOBAL_条件戦,keibajo_code+kyori_tekisei+hizume_code+manken_shisu_decile,keibajo_code,kyori_tekisei,hizume_code,manken_shisu_decile,204,36000,74.48,11.53,72.9,False
GLOBAL_条件戦,pace_yoso+uma_start_shisu_decile+manken_shisu_decile+rotation_bin,pace_yoso,uma_start_shisu_decile,manken_shisu_decile,rotation_bin,336,61239,74.22,12.34,72.9,False
GLOBAL_条件戦,kyori_kubun+kyori_tekisei+da_tekisei_code+idm_decile,kyori_kubun,kyori_tekisei,da_tekisei_code,idm_decile,107,64852,75.82,15.43,72.9,False
GLOBAL_条件戦,kyori_kubun+keibajo_code+manken_shisu_decile+kyakushitsu,kyori_kubun,keibajo_code,manken_shisu_decile,kyakushitsu,531,107427,73.95,12.37,72.9,False
GLOBAL_条件戦,umakigo_code+hizume_code+omo_tekisei_code+ichi_shisu_juni,umakigo_code,hizume_code,omo_tekisei_code,ichi_shisu_juni,244,94669,74.0,8.84,72.9,False
GLOBAL_条件戦,kyori_tekisei+kyakushitsu+shiba_tekisei_code+ichi_shisu_juni,kyori_tekisei,kyakushitsu,shiba_tekisei_code,ichi_shisu_juni,209,72141,74.29,10.3,72.89,False
GLOBAL_条件戦,uma_deokure_bin+keibajo_code+manken_shisu_decile+kyakushitsu,uma_deokure_bin,keibajo_code,manken_shisu_decile,kyakushitsu,415,87885,74.0,11.55,72.89,False
GLOBAL_条件戦,manken_shirushi+pace_yoso+ichi_shisu_juni+idm_decile,manken_shirushi,pace_yoso,ichi_shisu_juni,idm_decile,114,27670,75.34,13.35,72.89,False
GLOBAL_条件戦,kyori_kubun+uma_start_shisu_decile+hizume_code+manken_shisu_decile,kyori_kubun,uma_start_shisu_decile,hizume_code,manken_shisu_decile,208,39419,74.34,10.72,72.89,False
GLOBAL_条件戦,pace_yoso+umakigo_code+da_tekisei_code+shiba_tekisei_code,pace_yoso,umakigo_code,da_tekisei_code,shiba_tekisei_code,14,35264,77.24,8.31,72.89,False
GLOBAL_条件戦,keibajo_code+kyori_tekisei+manken_shisu_decile+kyakushitsu,keibajo_code,kyori_tekisei,manken_shisu_decile,kyakushitsu,392,97444,74.05,11.81,72.89,False
GLOBAL_条件戦,pace_yoso+kyori_kubun+kyakushitsu+shiba_tekisei_code,pace_yoso,kyori_kubun,kyakushitsu,shiba_tekisei_code,83,83244,74.64,8.13,72.89,False
GLOBAL_条件戦,kyori_kubun+umakigo_code+manken_shisu_decile+rotation_bin,kyori_kubun,umakigo_code,manken_shisu_decile,rotation_bin,239,110895,74.15,10.03,72.88,False
GLOBAL_条件戦,kyori_kubun+uma_start_shisu_decile+omo_tekisei_code+bataiju,kyori_kubun,uma_start_shisu_decile,omo_tekisei_code,bataiju,174,26262,74.41,10.26,72.88,False
GLOBAL_条件戦,pace_yoso+keibajo_code+joshodo_code+ichi_shisu_juni,pace_yoso,keibajo_code,joshodo_code,ichi_shisu_juni,392,133160,73.89,10.13,72.88,False
GLOBAL_条件戦,pace_yoso+kyakushitsu+shiba_tekisei_code+ichi_shisu_juni,pace_yoso,kyakushitsu,shiba_tekisei_code,ichi_shisu_juni,188,77307,74.26,9.69,72.88,False
GLOBAL_条件戦,pace_yoso+kyori_tekisei+rotation_bin+joshodo_code,pace_yoso,kyori_tekisei,rotation_bin,joshodo_code,89,106044,74.71,8.78,72.88,False
GLOBAL_条件戦,kyori_kubun+umakigo_code+hizume_code+joshodo_code,kyori_kubun,umakigo_code,hizume_code,joshodo_code,78,114706,74.76,8.55,72.87,False
GLOBAL_条件戦,kyori_kubun+umakigo_code+kyori_tekisei+kyakushitsu,kyori_kubun,umakigo_code,kyori_tekisei,kyakushitsu,76,148914,74.64,7.88,72.87,False
GLOBAL_条件戦,uma_deokure_bin+keibajo_code+kyori_tekisei+manken_shisu_decile,uma_deokure_bin,keibajo_code,kyori_tekisei,manken_shisu_decile,356,80181,74.06,11.43,72.87,False
GLOBAL_条件戦,kyori_tekisei+da_tekisei_code+rotation_bin+idm_decile,kyori_tekisei,da_tekisei_code,rotation_bin,idm_decile,162,59107,75.19,15.08,72.87,False
GLOBAL_条件戦,keibajo_code+hizume_code+da_tekisei_code+shiba_tekisei_code,keibajo_code,hizume_code,da_tekisei_code,shiba_tekisei_code,110,29886,74.84,10.52,72.87,False
GLOBAL_条件戦,kyakushitsu+omo_tekisei_code+rotation_bin+ichi_shisu_juni,kyakushitsu,omo_tekisei_code,rotation_bin,ichi_shisu_juni,362,89484,73.98,10.93,72.86,False
GLOBAL_条件戦,keibajo_code+shiba_tekisei_code+joshodo_code+idm_decile,keibajo_code,shiba_tekisei_code,joshodo_code,idm_decile,118,86644,74.87,11.18,72.86,False
GLOBAL_条件戦,kyori_kubun+uma_start_shisu_decile+hizume_code+shiba_tekisei_code,kyori_kubun,uma_start_shisu_decile,hizume_code,shiba_tekisei_code,198,63440,74.22,9.8,72.86,False
GLOBAL_条件戦,hizume_code+da_tekisei_code+shiba_tekisei_code+idm_decile,hizume_code,da_tekisei_code,shiba_tekisei_code,idm_decile,93,32423,75.36,12.29,72.86,False
GLOBAL_条件戦,manken_shirushi+kyori_kubun+keibajo_code+idm_decile,manken_shirushi,kyori_kubun,keibajo_code,idm_decile,306,44993,74.44,14.08,72.86,False
GLOBAL_条件戦,uma_deokure_bin+umakigo_code+kyori_tekisei+ichi_shisu_juni,uma_deokure_bin,umakigo_code,kyori_tekisei,ichi_shisu_juni,134,98267,74.51,9.76,72.86,False
GLOBAL_条件戦,kyakushitsu+rotation_bin+joshodo_code+ichi_shisu_juni,kyakushitsu,rotation_bin,joshodo_code,ichi_shisu_juni,256,103055,73.93,8.71,72.86,False
GLOBAL_条件戦,uma_deokure_bin+rotation_bin+joshodo_code+idm_decile,uma_deokure_bin,rotation_bin,joshodo_code,idm_decile,139,113797,75.11,13.64,72.85,False
GLOBAL_条件戦,umakigo_code+hizume_code+manken_shisu_decile+kyakushitsu,umakigo_code,hizume_code,manken_shisu_decile,kyakushitsu,288,100413,74.0,9.95,72.85,False
GLOBAL_条件戦,kyori_kubun+umakigo_code+hizume_code+kyakushitsu,kyori_kubun,umakigo_code,hizume_code,kyakushitsu,157,109237,74.13,8.15,72.85,False
GLOBAL_条件戦,umakigo_code+keibajo_code+manken_shisu_decile+ichi_shisu_juni,umakigo_code,keibajo_code,manken_shisu_decile,ichi_shisu_juni,412,82912,74.02,12.06,72.85,False
GLOBAL_条件戦,manken_shirushi+umakigo_code+rotation_bin+joshodo_code,manken_shirushi,umakigo_code,rotation_bin,joshodo_code,64,76407,75.1,9.19,72.85,False
GLOBAL_条件戦,kyori_kubun+kyori_tekisei+joshodo_code+bataiju,kyori_kubun,kyori_tekisei,joshodo_code,bataiju,487,115543,73.76,10.4,72.84,False
GLOBAL_条件戦,pace_yoso+kyori_kubun+kyori_tekisei+rotation_bin,pace_yoso,kyori_kubun,kyori_tekisei,rotation_bin,198,102053,74.24,10.05,72.84,False
GLOBAL_条件戦,umakigo_code+omo_tekisei_code+shiba_tekisei_code+idm_decile,umakigo_code,omo_tekisei_code,shiba_tekisei_code,idm_decile,49,87394,75.77,10.48,72.84,False
GLOBAL_条件戦,pace_yoso+kyakushitsu+shiba_tekisei_code+rotation_bin,pace_yoso,kyakushitsu,shiba_tekisei_code,rotation_bin,142,81683,74.44,9.7,72.84,False
GLOBAL_条件戦,pace_yoso+umakigo_code+keibajo_code+manken_shisu_decile,pace_yoso,umakigo_code,keibajo_code,manken_shisu_decile,278,140233,73.87,8.73,72.84,False
GLOBAL_条件戦,uma_start_shisu_decile+da_tekisei_code+shiba_tekisei_code+idm_decile,uma_start_shisu_decile,da_tekisei_code,shiba_tekisei_code,idm_decile,81,31272,75.66,12.97,72.84,False
GLOBAL_条件戦,umakigo_code+hizume_code+kyakushitsu+shiba_tekisei_code,umakigo_code,hizume_code,kyakushitsu,shiba_tekisei_code,95,84272,74.52,8.37,72.84,False
GLOBAL_条件戦,kyori_kubun+umakigo_code+da_tekisei_code+shiba_tekisei_code,kyori_kubun,umakigo_code,da_tekisei_code,shiba_tekisei_code,22,40173,76.89,9.71,72.84,False
GLOBAL_条件戦,kyori_kubun+umakigo_code+kyori_tekisei+manken_shisu_decile,kyori_kubun,umakigo_code,kyori_tekisei,manken_shisu_decile,138,144239,74.37,9.23,72.83,False
GLOBAL_条件戦,umakigo_code+kyori_tekisei+manken_shisu_decile+kyakushitsu,umakigo_code,kyori_tekisei,manken_shisu_decile,kyakushitsu,175,144637,74.18,9.09,72.83,False
GLOBAL_条件戦,kyori_kubun+keibajo_code+joshodo_code+ichi_shisu_juni,kyori_kubun,keibajo_code,joshodo_code,ichi_shisu_juni,379,128850,73.83,9.96,72.83,False
GLOBAL_条件戦,kyori_tekisei+manken_shisu_decile+rotation_bin+idm_decile,kyori_tekisei,manken_shisu_decile,rotation_bin,idm_decile,340,63580,74.23,13.24,72.83,False
GLOBAL_条件戦,umakigo_code+kyori_tekisei+hizume_code+bataiju,umakigo_code,kyori_tekisei,hizume_code,bataiju,264,43606,74.25,11.72,72.83,False
GLOBAL_条件戦,uma_deokure_bin+hizume_code+kyakushitsu+ichi_shisu_juni,uma_deokure_bin,hizume_code,kyakushitsu,ichi_shisu_juni,289,70089,73.96,9.85,72.82,False
GLOBAL_条件戦,kyori_tekisei+hizume_code+shiba_tekisei_code+idm_decile,kyori_tekisei,hizume_code,shiba_tekisei_code,idm_decile,199,70608,74.54,12.38,72.82,False
GLOBAL_条件戦,uma_deokure_bin+umakigo_code+shiba_tekisei_code+bataiju,uma_deokure_bin,umakigo_code,shiba_tekisei_code,bataiju,194,73157,74.35,10.88,72.82,False
GLOBAL_条件戦,umakigo_code+keibajo_code+manken_shisu_decile+kyakushitsu,umakigo_code,keibajo_code,manken_shisu_decile,kyakushitsu,408,143309,73.8,10.08,72.82,False
GLOBAL_条件戦,pace_yoso+umakigo_code+kyori_tekisei+kyakushitsu,pace_yoso,umakigo_code,kyori_tekisei,kyakushitsu,63,141471,74.98,8.73,72.82,False
GLOBAL_条件戦,kyori_kubun+hizume_code+joshodo_code+ichi_shisu_juni,kyori_kubun,hizume_code,joshodo_code,ichi_shisu_juni,302,88534,73.96,10.09,72.82,False
GLOBAL_条件戦,uma_deokure_bin+kyori_kubun+keibajo_code+manken_shisu_decile,uma_deokure_bin,kyori_kubun,keibajo_code,manken_shisu_decile,394,92113,73.88,10.87,72.81,False
GLOBAL_条件戦,pace_yoso+hizume_code+manken_shisu_decile+omo_tekisei_code,pace_yoso,hizume_code,manken_shisu_decile,omo_tekisei_code,307,86501,73.94,10.17,72.81,False
GLOBAL_条件戦,hizume_code+shiba_tekisei_code+rotation_bin+bataiju,hizume_code,shiba_tekisei_code,rotation_bin,bataiju,15,1600,77.54,9.36,72.81,False
GLOBAL_条件戦,uma_deokure_bin+pace_yoso+idm_decile+bataiju,uma_deokure_bin,pace_yoso,idm_decile,bataiju,265,32546,74.38,13.1,72.81,False
GLOBAL_条件戦,pace_yoso+kyori_tekisei+kyakushitsu+ichi_shisu_juni,pace_yoso,kyori_tekisei,kyakushitsu,ichi_shisu_juni,351,129173,74.07,12.07,72.81,False
GLOBAL_条件戦,kyori_kubun+shiba_tekisei_code+rotation_bin+joshodo_code,kyori_kubun,shiba_tekisei_code,rotation_bin,joshodo_code,62,88717,75.14,9.37,72.81,False
GLOBAL_条件戦,kyori_kubun+uma_start_shisu_decile+rotation_bin+ichi_shisu_juni,kyori_kubun,uma_start_shisu_decile,rotation_bin,ichi_shisu_juni,225,40974,74.25,11.07,72.81,False
GLOBAL_条件戦,uma_deokure_bin+umakigo_code+uma_start_shisu_decile+idm_decile,uma_deokure_bin,umakigo_code,uma_start_shisu_decile,idm_decile,118,105286,75.29,13.72,72.81,False
GLOBAL_条件戦,pace_yoso+kyori_kubun+keibajo_code+manken_shisu_decile,pace_yoso,kyori_kubun,keibajo_code,manken_shisu_decile,473,123591,73.73,10.26,72.81,False
GLOBAL_条件戦,pace_yoso+keibajo_code+hizume_code+shiba_tekisei_code,pace_yoso,keibajo_code,hizume_code,shiba_tekisei_code,229,64708,74.05,9.65,72.8,False
GLOBAL_条件戦,umakigo_code+da_tekisei_code+rotation_bin+bataiju,umakigo_code,da_tekisei_code,rotation_bin,bataiju,219,41299,74.31,11.37,72.8,False
GLOBAL_条件戦,uma_deokure_bin+da_tekisei_code+rotation_bin+idm_decile,uma_deokure_bin,da_tekisei_code,rotation_bin,idm_decile,142,59998,75.06,13.71,72.8,False
GLOBAL_条件戦,pace_yoso+umakigo_code+omo_tekisei_code+ichi_shisu_juni,pace_yoso,umakigo_code,omo_tekisei_code,ichi_shisu_juni,109,109032,74.36,8.29,72.8,False
GLOBAL_条件戦,manken_shirushi+omo_tekisei_code+shiba_tekisei_code+idm_decile,manken_shirushi,omo_tekisei_code,shiba_tekisei_code,idm_decile,154,52263,74.66,11.82,72.8,False
GLOBAL_条件戦,kyori_tekisei+manken_shisu_decile+kyakushitsu+idm_decile,kyori_tekisei,manken_shisu_decile,kyakushitsu,idm_decile,424,117591,74.08,13.49,72.8,False
GLOBAL_条件戦,pace_yoso+keibajo_code+shiba_tekisei_code+rotation_bin,pace_yoso,keibajo_code,shiba_tekisei_code,rotation_bin,233,73804,74.12,10.27,72.8,False
GLOBAL_条件戦,kyori_kubun+kyori_tekisei+hizume_code+bataiju,kyori_kubun,kyori_tekisei,hizume_code,bataiju,77,10836,75.37,11.51,72.8,False
GLOBAL_条件戦,kyori_tekisei+manken_shisu_decile+joshodo_code+ichi_shisu_juni,kyori_tekisei,manken_shisu_decile,joshodo_code,ichi_shisu_juni,422,119696,73.99,12.58,72.79,False
GLOBAL_条件戦,manken_shirushi+kyori_tekisei+hizume_code+shiba_tekisei_code,manken_shirushi,kyori_tekisei,hizume_code,shiba_tekisei_code,172,37798,74.5,11.45,72.79,False
GLOBAL_条件戦,pace_yoso+manken_shisu_decile+da_tekisei_code+ichi_shisu_juni,pace_yoso,manken_shisu_decile,da_tekisei_code,ichi_shisu_juni,267,42985,74.37,13.21,72.79,False
GLOBAL_条件戦,manken_shirushi+umakigo_code+hizume_code+idm_decile,manken_shirushi,umakigo_code,hizume_code,idm_decile,243,57398,74.47,13.3,72.79,False
GLOBAL_条件戦,kyori_kubun+da_tekisei_code+shiba_tekisei_code+ichi_shisu_juni,kyori_kubun,da_tekisei_code,shiba_tekisei_code,ichi_shisu_juni,90,30447,75.16,11.5,72.79,False
GLOBAL_条件戦,kyori_tekisei+hizume_code+omo_tekisei_code+bataiju,kyori_tekisei,hizume_code,omo_tekisei_code,bataiju,141,19308,74.71,11.64,72.79,False
GLOBAL_条件戦,uma_deokure_bin+kyori_kubun+umakigo_code+ichi_shisu_juni,uma_deokure_bin,kyori_kubun,umakigo_code,ichi_shisu_juni,142,104421,74.33,9.42,72.78,False
GLOBAL_条件戦,umakigo_code+omo_tekisei_code+joshodo_code+bataiju,umakigo_code,omo_tekisei_code,joshodo_code,bataiju,150,107901,74.18,8.75,72.78,False
GLOBAL_条件戦,uma_deokure_bin+umakigo_code+kyakushitsu+bataiju,uma_deokure_bin,umakigo_code,kyakushitsu,bataiju,328,92783,73.88,10.17,72.78,False
GLOBAL_条件戦,umakigo_code+keibajo_code+da_tekisei_code+ichi_shisu_juni,umakigo_code,keibajo_code,da_tekisei_code,ichi_shisu_juni,208,57368,74.39,11.84,72.78,False
GLOBAL_条件戦,umakigo_code+keibajo_code+kyori_tekisei+ichi_shisu_juni,umakigo_code,keibajo_code,kyori_tekisei,ichi_shisu_juni,391,124357,73.97,12.07,72.78,False
GLOBAL_条件戦,manken_shirushi+kyori_tekisei+shiba_tekisei_code+idm_decile,manken_shirushi,kyori_tekisei,shiba_tekisei_code,idm_decile,198,48966,74.49,12.32,72.78,False
GLOBAL_条件戦,da_tekisei_code+rotation_bin+joshodo_code+bataiju,da_tekisei_code,rotation_bin,joshodo_code,bataiju,224,42899,74.24,11.13,72.78,False
GLOBAL_条件戦,umakigo_code+da_tekisei_code+omo_tekisei_code+shiba_tekisei_code,umakigo_code,da_tekisei_code,omo_tekisei_code,shiba_tekisei_code,16,39883,75.97,6.5,72.78,False
GLOBAL_条件戦,keibajo_code+uma_start_shisu_decile+omo_tekisei_code+shiba_tekisei_code,keibajo_code,uma_start_shisu_decile,omo_tekisei_code,shiba_tekisei_code,201,72726,74.19,10.23,72.77,False
GLOBAL_条件戦,uma_deokure_bin+keibajo_code+kyori_tekisei+idm_decile,uma_deokure_bin,keibajo_code,kyori_tekisei,idm_decile,336,96686,74.18,13.16,72.77,False
GLOBAL_条件戦,keibajo_code+kyakushitsu+ichi_shisu_juni+idm_decile,keibajo_code,kyakushitsu,ichi_shisu_juni,idm_decile,245,55020,74.44,13.32,72.77,False
GLOBAL_条件戦,kyori_tekisei_2+umakigo_code+kyakushitsu+rotation_bin,kyori_tekisei_2,umakigo_code,kyakushitsu,rotation_bin,3,349,87.14,12.69,72.77,False
GLOBAL_条件戦,manken_shirushi+uma_start_shisu_decile+shiba_tekisei_code+rotation_bin,manken_shirushi,uma_start_shisu_decile,shiba_tekisei_code,rotation_bin,162,29190,74.6,11.97,72.76,False
GLOBAL_条件戦,pace_yoso+kyori_kubun+kyori_tekisei+shiba_tekisei_code,pace_yoso,kyori_kubun,kyori_tekisei,shiba_tekisei_code,66,79433,75.01,9.31,72.76,False
GLOBAL_条件戦,uma_deokure_bin+manken_shisu_decile+omo_tekisei_code+ichi_shisu_juni,uma_deokure_bin,manken_shisu_decile,omo_tekisei_code,ichi_shisu_juni,448,87027,73.9,12.29,72.76,False
GLOBAL_条件戦,kyori_kubun+manken_shisu_decile+shiba_tekisei_code+rotation_bin,kyori_kubun,manken_shisu_decile,shiba_tekisei_code,rotation_bin,266,75394,74.1,11.13,72.76,False
GLOBAL_条件戦,pace_yoso+kyori_tekisei+manken_shisu_decile+idm_decile,pace_yoso,kyori_tekisei,manken_shisu_decile,idm_decile,378,120955,74.15,13.78,72.76,False
GLOBAL_条件戦,kyori_kubun+hizume_code+manken_shisu_decile+da_tekisei_code,kyori_kubun,hizume_code,manken_shisu_decile,da_tekisei_code,205,45340,74.37,11.76,72.76,False
GLOBAL_条件戦,kyakushitsu+omo_tekisei_code+rotation_bin+joshodo_code,kyakushitsu,omo_tekisei_code,rotation_bin,joshodo_code,81,116180,74.42,7.65,72.76,False
GLOBAL_条件戦,kyori_kubun+kyakushitsu+shiba_tekisei_code+rotation_bin,kyori_kubun,kyakushitsu,shiba_tekisei_code,rotation_bin,171,86367,74.11,9.01,72.76,False
GLOBAL_条件戦,kyori_tekisei+omo_tekisei_code+shiba_tekisei_code+idm_decile,kyori_tekisei,omo_tekisei_code,shiba_tekisei_code,idm_decile,96,83061,75.21,12.22,72.76,False
GLOBAL_条件戦,uma_deokure_bin+kyakushitsu+shiba_tekisei_code+idm_decile,uma_deokure_bin,kyakushitsu,shiba_tekisei_code,idm_decile,120,84150,74.74,11.1,72.75,False
GLOBAL_条件戦,manken_shirushi+rotation_bin+joshodo_code+idm_decile,manken_shirushi,rotation_bin,joshodo_code,idm_decile,242,69468,74.35,12.72,72.75,False
GLOBAL_条件戦,keibajo_code+kyori_tekisei+omo_tekisei_code+ichi_shisu_juni,keibajo_code,kyori_tekisei,omo_tekisei_code,ichi_shisu_juni,300,58567,74.09,11.84,72.75,False
GLOBAL_条件戦,keibajo_code+omo_tekisei_code+shiba_tekisei_code+idm_decile,keibajo_code,omo_tekisei_code,shiba_tekisei_code,idm_decile,196,81385,74.47,12.31,72.75,False
GLOBAL_条件戦,kyori_kubun+uma_start_shisu_decile+manken_shisu_decile+rotation_bin,kyori_kubun,uma_start_shisu_decile,manken_shisu_decile,rotation_bin,284,53331,74.1,11.59,72.75,False
GLOBAL_条件戦,uma_deokure_bin+manken_shirushi+joshodo_code+idm_decile,uma_deokure_bin,manken_shirushi,joshodo_code,idm_decile,123,72640,74.91,12.25,72.74,False
GLOBAL_条件戦,uma_deokure_bin+kyori_kubun+rotation_bin+bataiju,uma_deokure_bin,kyori_kubun,rotation_bin,bataiju,137,17350,74.81,12.34,72.74,False
GLOBAL_条件戦,uma_deokure_bin+kyakushitsu+shiba_tekisei_code+ichi_shisu_juni,uma_deokure_bin,kyakushitsu,shiba_tekisei_code,ichi_shisu_juni,154,74788,74.22,9.39,72.74,False
GLOBAL_条件戦,kyakushitsu+shiba_tekisei_code+joshodo_code+bataiju,kyakushitsu,shiba_tekisei_code,joshodo_code,bataiju,268,74614,74.05,10.99,72.74,False
GLOBAL_条件戦,uma_deokure_bin+keibajo_code+hizume_code+shiba_tekisei_code,uma_deokure_bin,keibajo_code,hizume_code,shiba_tekisei_code,197,66776,74.04,9.27,72.74,False
GLOBAL_条件戦,uma_deokure_bin+manken_shirushi+umakigo_code+idm_decile,uma_deokure_bin,manken_shirushi,umakigo_code,idm_decile,119,70795,75.03,12.76,72.74,False
GLOBAL_条件戦,kyakushitsu+rotation_bin+ichi_shisu_juni+idm_decile,kyakushitsu,rotation_bin,ichi_shisu_juni,idm_decile,313,50915,74.24,13.46,72.74,False
GLOBAL_条件戦,manken_shirushi+uma_start_shisu_decile+kyori_tekisei+rotation_bin,manken_shirushi,uma_start_shisu_decile,kyori_tekisei,rotation_bin,145,23758,74.76,12.4,72.74,False
GLOBAL_条件戦,uma_start_shisu_decile+da_tekisei_code+kyakushitsu+ichi_shisu_juni,uma_start_shisu_decile,da_tekisei_code,kyakushitsu,ichi_shisu_juni,189,44345,74.47,12.2,72.74,False
GLOBAL_条件戦,kyori_kubun+kyori_tekisei+kyakushitsu+bataiju,kyori_kubun,kyori_tekisei,kyakushitsu,bataiju,388,65027,73.92,11.89,72.74,False
GLOBAL_条件戦,pace_yoso+kyori_kubun+shiba_tekisei_code+joshodo_code,pace_yoso,kyori_kubun,shiba_tekisei_code,joshodo_code,27,83124,75.11,6.28,72.74,False
GLOBAL_条件戦,pace_yoso+kyori_kubun+shiba_tekisei_code+rotation_bin,pace_yoso,kyori_kubun,shiba_tekisei_code,rotation_bin,127,81155,74.3,8.96,72.74,False
GLOBAL_条件戦,uma_start_shisu_decile+kyori_tekisei+manken_shisu_decile+shiba_tekisei_code,uma_start_shisu_decile,kyori_tekisei,manken_shisu_decile,shiba_tekisei_code,219,61235,74.15,10.71,72.73,False
GLOBAL_条件戦,umakigo_code+keibajo_code+shiba_tekisei_code+idm_decile,umakigo_code,keibajo_code,shiba_tekisei_code,idm_decile,121,85498,74.84,11.86,72.73,False
GLOBAL_条件戦,uma_deokure_bin+manken_shisu_decile+ichi_shisu_juni+idm_decile,uma_deokure_bin,manken_shisu_decile,ichi_shisu_juni,idm_decile,258,34690,74.35,13.26,72.73,False
GLOBAL_条件戦,uma_deokure_bin+kyori_kubun+joshodo_code+ichi_shisu_juni,uma_deokure_bin,kyori_kubun,joshodo_code,ichi_shisu_juni,140,105776,74.3,9.47,72.73,False
GLOBAL_条件戦,umakigo_code+uma_start_shisu_decile+manken_shisu_decile+bataiju,umakigo_code,uma_start_shisu_decile,manken_shisu_decile,bataiju,109,12731,75.08,12.51,72.73,False
GLOBAL_条件戦,uma_deokure_bin+kyakushitsu+joshodo_code+bataiju,uma_deokure_bin,kyakushitsu,joshodo_code,bataiju,330,94767,73.81,10.13,72.72,False
GLOBAL_条件戦,keibajo_code+kyakushitsu+joshodo_code+ichi_shisu_juni,keibajo_code,kyakushitsu,joshodo_code,ichi_shisu_juni,364,130271,73.7,9.61,72.72,False
GLOBAL_条件戦,uma_deokure_bin+kyori_kubun+kyori_tekisei+ichi_shisu_juni,uma_deokure_bin,kyori_kubun,kyori_tekisei,ichi_shisu_juni,264,90851,74.09,11.37,72.72,False
GLOBAL_条件戦,kyori_kubun+hizume_code+manken_shisu_decile+shiba_tekisei_code,kyori_kubun,hizume_code,manken_shisu_decile,shiba_tekisei_code,247,63201,73.97,10.14,72.71,False
GLOBAL_条件戦,umakigo_code+kyakushitsu+rotation_bin+ichi_shisu_juni,umakigo_code,kyakushitsu,rotation_bin,ichi_shisu_juni,254,101419,73.81,8.9,72.71,False
GLOBAL_条件戦,pace_yoso+hizume_code+da_tekisei_code+idm_decile,pace_yoso,hizume_code,da_tekisei_code,idm_decile,149,51962,74.92,13.76,72.71,False
GLOBAL_条件戦,kyori_kubun+omo_tekisei_code+shiba_tekisei_code+idm_decile,kyori_kubun,omo_tekisei_code,shiba_tekisei_code,idm_decile,104,87015,75.07,12.25,72.71,False
GLOBAL_条件戦,uma_deokure_bin+uma_start_shisu_decile+hizume_code+manken_shisu_decile,uma_deokure_bin,uma_start_shisu_decile,hizume_code,manken_shisu_decile,267,61727,73.94,10.24,72.71,False
GLOBAL_条件戦,manken_shirushi+kyori_kubun+uma_start_shisu_decile+idm_decile,manken_shirushi,kyori_kubun,uma_start_shisu_decile,idm_decile,174,31274,74.78,13.99,72.71,False
GLOBAL_条件戦,uma_deokure_bin+shiba_tekisei_code+joshodo_code+bataiju,uma_deokure_bin,shiba_tekisei_code,joshodo_code,bataiju,197,74639,74.22,10.79,72.71,False
GLOBAL_条件戦,umakigo_code+kyori_tekisei+da_tekisei_code+idm_decile,umakigo_code,kyori_tekisei,da_tekisei_code,idm_decile,55,65816,76.53,14.48,72.71,False
GLOBAL_条件戦,umakigo_code+kyakushitsu+shiba_tekisei_code+bataiju,umakigo_code,kyakushitsu,shiba_tekisei_code,bataiju,264,72892,74.02,11.02,72.7,False
GLOBAL_条件戦,uma_deokure_bin+pace_yoso+omo_tekisei_code+idm_decile,uma_deokure_bin,pace_yoso,omo_tekisei_code,idm_decile,118,106700,75.22,13.98,72.7,False
GLOBAL_条件戦,kyori_tekisei+manken_shisu_decile+omo_tekisei_code+ichi_shisu_juni,kyori_tekisei,manken_shisu_decile,omo_tekisei_code,ichi_shisu_juni,358,58462,73.99,12.55,72.69,False
GLOBAL_条件戦,kyori_kubun+manken_shisu_decile+da_tekisei_code+ichi_shisu_juni,kyori_kubun,manken_shisu_decile,da_tekisei_code,ichi_shisu_juni,207,31121,74.47,13.13,72.69,False
GLOBAL_条件戦,kyori_tekisei+rotation_bin+joshodo_code+ichi_shisu_juni,kyori_tekisei,rotation_bin,joshodo_code,ichi_shisu_juni,301,95576,73.9,10.71,72.69,False
GLOBAL_条件戦,uma_deokure_bin+umakigo_code+rotation_bin+idm_decile,uma_deokure_bin,umakigo_code,rotation_bin,idm_decile,139,111345,74.97,13.7,72.69,False
GLOBAL_条件戦,uma_deokure_bin+kyori_tekisei+kyakushitsu+bataiju,uma_deokure_bin,kyori_tekisei,kyakushitsu,bataiju,278,42668,74.13,12.29,72.68,False
GLOBAL_条件戦,kyori_tekisei+hizume_code+omo_tekisei_code+ichi_shisu_juni,kyori_tekisei,hizume_code,omo_tekisei_code,ichi_shisu_juni,310,62697,73.98,11.73,72.68,False
GLOBAL_条件戦,uma_deokure_bin+manken_shirushi+shiba_tekisei_code+ichi_shisu_juni,uma_deokure_bin,manken_shirushi,shiba_tekisei_code,ichi_shisu_juni,212,37947,74.2,11.33,72.68,False
GLOBAL_条件戦,pace_yoso+keibajo_code+manken_shisu_decile+kyakushitsu,pace_yoso,keibajo_code,manken_shisu_decile,kyakushitsu,494,103213,73.8,12.63,72.68,False
GLOBAL_条件戦,uma_deokure_bin+pace_yoso+joshodo_code+idm_decile,uma_deokure_bin,pace_yoso,joshodo_code,idm_decile,63,109599,76.04,13.69,72.66,False
GLOBAL_条件戦,uma_deokure_bin+kyakushitsu+idm_decile+bataiju,uma_deokure_bin,kyakushitsu,idm_decile,bataiju,193,23168,74.65,14.13,72.66,False
GLOBAL_条件戦,uma_deokure_bin+hizume_code+da_tekisei_code+idm_decile,uma_deokure_bin,hizume_code,da_tekisei_code,idm_decile,147,52668,74.71,12.71,72.66,False
GLOBAL_条件戦,hizume_code+da_tekisei_code+omo_tekisei_code+ichi_shisu_juni,hizume_code,da_tekisei_code,omo_tekisei_code,ichi_shisu_juni,197,43596,74.31,11.82,72.66,False
GLOBAL_条件戦,uma_start_shisu_decile+kyori_tekisei+omo_tekisei_code+idm_decile,uma_start_shisu_decile,kyori_tekisei,omo_tekisei_code,idm_decile,278,94068,74.28,13.79,72.66,False
GLOBAL_条件戦,pace_yoso+umakigo_code+kyori_tekisei+rotation_bin,pace_yoso,umakigo_code,kyori_tekisei,rotation_bin,91,104824,74.52,9.09,72.65,False
GLOBAL_条件戦,kyori_kubun+manken_shisu_decile+joshodo_code+ichi_shisu_juni,kyori_kubun,manken_shisu_decile,joshodo_code,ichi_shisu_juni,426,124906,73.74,11.57,72.65,False
GLOBAL_条件戦,uma_deokure_bin+umakigo_code+omo_tekisei_code+bataiju,uma_deokure_bin,umakigo_code,omo_tekisei_code,bataiju,230,95823,73.8,8.95,72.65,False
GLOBAL_条件戦,uma_deokure_bin+keibajo_code+kyakushitsu+ichi_shisu_juni,uma_deokure_bin,keibajo_code,kyakushitsu,ichi_shisu_juni,387,76825,73.75,10.98,72.65,False
GLOBAL_条件戦,uma_deokure_bin+omo_tekisei_code+joshodo_code+bataiju,uma_deokure_bin,omo_tekisei_code,joshodo_code,bataiju,229,97546,73.79,8.78,72.65,False
GLOBAL_条件戦,uma_deokure_bin+omo_tekisei_code+idm_decile+bataiju,uma_deokure_bin,omo_tekisei_code,idm_decile,bataiju,339,45741,74.11,13.78,72.65,False
GLOBAL_条件戦,umakigo_code+kyori_tekisei+shiba_tekisei_code+rotation_bin,umakigo_code,kyori_tekisei,shiba_tekisei_code,rotation_bin,69,84726,75.1,10.45,72.64,False
GLOBAL_条件戦,pace_yoso+umakigo_code+kyori_tekisei+ichi_shisu_juni,pace_yoso,umakigo_code,kyori_tekisei,ichi_shisu_juni,177,138427,73.97,9.08,72.64,False
GLOBAL_条件戦,uma_deokure_bin+keibajo_code+kyori_tekisei+ichi_shisu_juni,uma_deokure_bin,keibajo_code,kyori_tekisei,ichi_shisu_juni,292,56682,74.03,12.11,72.64,False
GLOBAL_条件戦,umakigo_code+shiba_tekisei_code+joshodo_code+bataiju,umakigo_code,shiba_tekisei_code,joshodo_code,bataiju,120,83145,74.3,9.29,72.64,False
GLOBAL_条件戦,da_tekisei_code+kyakushitsu+rotation_bin+ichi_shisu_juni,da_tekisei_code,kyakushitsu,rotation_bin,ichi_shisu_juni,211,46822,74.26,11.99,72.64,False
GLOBAL_条件戦,manken_shisu_decile+omo_tekisei_code+shiba_tekisei_code+idm_decile,manken_shisu_decile,omo_tekisei_code,shiba_tekisei_code,idm_decile,177,79557,74.47,12.42,72.64,False
GLOBAL_条件戦,kyori_tekisei+manken_shisu_decile+kyakushitsu+joshodo_code,kyori_tekisei,manken_shisu_decile,kyakushitsu,joshodo_code,165,142871,74.01,8.98,72.64,False
GLOBAL_条件戦,uma_deokure_bin+pace_yoso+umakigo_code+idm_decile,uma_deokure_bin,pace_yoso,umakigo_code,idm_decile,72,109398,75.74,13.45,72.64,False
GLOBAL_条件戦,pace_yoso+da_tekisei_code+rotation_bin+ichi_shisu_juni,pace_yoso,da_tekisei_code,rotation_bin,ichi_shisu_juni,212,48831,74.22,11.8,72.64,False
GLOBAL_条件戦,kyori_tekisei+hizume_code+da_tekisei_code+ichi_shisu_juni,kyori_tekisei,hizume_code,da_tekisei_code,ichi_shisu_juni,171,31000,74.45,12.11,72.64,False
GLOBAL_条件戦,keibajo_code+da_tekisei_code+ichi_shisu_juni+idm_decile,keibajo_code,da_tekisei_code,ichi_shisu_juni,idm_decile,123,15374,75.19,14.45,72.64,False
GLOBAL_条件戦,keibajo_code+omo_tekisei_code+shiba_tekisei_code+bataiju,keibajo_code,omo_tekisei_code,shiba_tekisei_code,bataiju,139,16546,74.85,13.38,72.63,False
GLOBAL_条件戦,da_tekisei_code+omo_tekisei_code+rotation_bin+bataiju,da_tekisei_code,omo_tekisei_code,rotation_bin,bataiju,169,23311,74.42,11.85,72.63,False
GLOBAL_条件戦,manken_shirushi+uma_start_shisu_decile+hizume_code+idm_decile,manken_shirushi,uma_start_shisu_decile,hizume_code,idm_decile,79,12025,75.48,12.92,72.63,False
GLOBAL_条件戦,manken_shirushi+keibajo_code+joshodo_code+idm_decile,manken_shirushi,keibajo_code,joshodo_code,idm_decile,370,69785,74.08,14.14,72.63,False
GLOBAL_条件戦,kyori_tekisei+shiba_tekisei_code+rotation_bin+ichi_shisu_juni,kyori_tekisei,shiba_tekisei_code,rotation_bin,ichi_shisu_juni,259,57158,73.96,10.97,72.63,False
GLOBAL_条件戦,uma_deokure_bin+uma_start_shisu_decile+joshodo_code+idm_decile,uma_deokure_bin,uma_start_shisu_decile,joshodo_code,idm_decile,111,105623,75.11,13.37,72.63,False
GLOBAL_条件戦,uma_start_shisu_decile+kyori_tekisei+da_tekisei_code+ichi_shisu_juni,uma_start_shisu_decile,kyori_tekisei,da_tekisei_code,ichi_shisu_juni,166,35024,74.63,13.21,72.63,False
GLOBAL_条件戦,pace_yoso+rotation_bin+joshodo_code+ichi_shisu_juni,pace_yoso,rotation_bin,joshodo_code,ichi_shisu_juni,262,104941,73.75,9.38,72.62,False
GLOBAL_条件戦,kyori_kubun+uma_start_shisu_decile+shiba_tekisei_code+rotation_bin,kyori_kubun,uma_start_shisu_decile,shiba_tekisei_code,rotation_bin,203,72962,74.02,10.18,72.62,False
GLOBAL_条件戦,da_tekisei_code+shiba_tekisei_code+rotation_bin+idm_decile,da_tekisei_code,shiba_tekisei_code,rotation_bin,idm_decile,84,36054,75.15,11.81,72.62,False
GLOBAL_条件戦,kyakushitsu+shiba_tekisei_code+joshodo_code+ichi_shisu_juni,kyakushitsu,shiba_tekisei_code,joshodo_code,ichi_shisu_juni,95,81211,74.22,8.04,72.61,False
GLOBAL_条件戦,kyori_kubun+da_tekisei_code+rotation_bin+ichi_shisu_juni,kyori_kubun,da_tekisei_code,rotation_bin,ichi_shisu_juni,226,44196,74.31,13.07,72.61,False
GLOBAL_条件戦,pace_yoso+hizume_code+ichi_shisu_juni+idm_decile,pace_yoso,hizume_code,ichi_shisu_juni,idm_decile,233,35416,74.33,13.46,72.61,False
GLOBAL_条件戦,pace_yoso+uma_start_shisu_decile+hizume_code+manken_shisu_decile,pace_yoso,uma_start_shisu_decile,hizume_code,manken_shisu_decile,248,44775,73.93,10.65,72.6,False
GLOBAL_条件戦,uma_deokure_bin+hizume_code+manken_shisu_decile+kyakushitsu,uma_deokure_bin,hizume_code,manken_shisu_decile,kyakushitsu,334,80179,73.78,10.93,72.6,False
GLOBAL_条件戦,hizume_code+manken_shisu_decile+da_tekisei_code+rotation_bin,hizume_code,manken_shisu_decile,da_tekisei_code,rotation_bin,174,31709,74.22,10.95,72.59,False
GLOBAL_条件戦,pace_yoso+da_tekisei_code+kyakushitsu+bataiju,pace_yoso,da_tekisei_code,kyakushitsu,bataiju,194,29879,74.36,12.56,72.59,False
GLOBAL_条件戦,keibajo_code+da_tekisei_code+kyakushitsu+ichi_shisu_juni,keibajo_code,da_tekisei_code,kyakushitsu,ichi_shisu_juni,241,38881,74.28,13.44,72.59,False
GLOBAL_条件戦,pace_yoso+kyori_kubun+rotation_bin+joshodo_code,pace_yoso,kyori_kubun,rotation_bin,joshodo_code,82,110572,73.95,6.33,72.58,False
GLOBAL_条件戦,pace_yoso+keibajo_code+kyori_tekisei+manken_shisu_decile,pace_yoso,keibajo_code,kyori_tekisei,manken_shisu_decile,400,106520,73.67,11.08,72.58,False
GLOBAL_条件戦,umakigo_code+keibajo_code+shiba_tekisei_code+rotation_bin,umakigo_code,keibajo_code,shiba_tekisei_code,rotation_bin,130,85667,74.25,9.69,72.58,False
GLOBAL_条件戦,pace_yoso+umakigo_code+rotation_bin+ichi_shisu_juni,pace_yoso,umakigo_code,rotation_bin,ichi_shisu_juni,263,103562,73.73,9.55,72.58,False
GLOBAL_条件戦,uma_deokure_bin+kyakushitsu+omo_tekisei_code+ichi_shisu_juni,uma_deokure_bin,kyakushitsu,omo_tekisei_code,ichi_shisu_juni,186,98966,73.78,8.42,72.57,False
GLOBAL_条件戦,pace_yoso+keibajo_code+manken_shisu_decile+joshodo_code,pace_yoso,keibajo_code,manken_shisu_decile,joshodo_code,332,133487,73.59,9.46,72.57,False
GLOBAL_条件戦,pace_yoso+da_tekisei_code+joshodo_code+idm_decile,pace_yoso,da_tekisei_code,joshodo_code,idm_decile,37,62987,77.42,15.11,72.56,False
GLOBAL_条件戦,kyori_kubun+hizume_code+kyakushitsu+bataiju,kyori_kubun,hizume_code,kyakushitsu,bataiju,37,4350,77.42,15.1,72.56,False
GLOBAL_条件戦,pace_yoso+umakigo_code+shiba_tekisei_code+joshodo_code,pace_yoso,umakigo_code,shiba_tekisei_code,joshodo_code,15,83537,77.0,8.78,72.55,False
GLOBAL_条件戦,uma_start_shisu_decile+kyori_tekisei+omo_tekisei_code+ichi_shisu_juni,uma_start_shisu_decile,kyori_tekisei,omo_tekisei_code,ichi_shisu_juni,304,69155,73.93,12.27,72.55,False
GLOBAL_条件戦,kyori_kubun+umakigo_code+keibajo_code+manken_shisu_decile,kyori_kubun,umakigo_code,keibajo_code,manken_shisu_decile,296,144122,73.64,9.61,72.55,False
GLOBAL_条件戦,manken_shirushi+keibajo_code+kyakushitsu+ichi_shisu_juni,manken_shirushi,keibajo_code,kyakushitsu,ichi_shisu_juni,73,19775,74.96,10.52,72.55,False
GLOBAL_条件戦,hizume_code+manken_shisu_decile+kyakushitsu+omo_tekisei_code,hizume_code,manken_shisu_decile,kyakushitsu,omo_tekisei_code,347,83810,73.72,11.16,72.55,False
GLOBAL_条件戦,pace_yoso+keibajo_code+uma_start_shisu_decile+shiba_tekisei_code,pace_yoso,keibajo_code,uma_start_shisu_decile,shiba_tekisei_code,233,72188,73.74,9.26,72.55,False
GLOBAL_条件戦,keibajo_code+uma_start_shisu_decile+kyori_tekisei+shiba_tekisei_code,keibajo_code,uma_start_shisu_decile,kyori_tekisei,shiba_tekisei_code,199,60899,74.03,10.62,72.55,False
GLOBAL_条件戦,hizume_code+kyakushitsu+rotation_bin+joshodo_code,hizume_code,kyakushitsu,rotation_bin,joshodo_code,213,105744,73.64,8.19,72.54,False
GLOBAL_条件戦,kyori_kubun+keibajo_code+kyakushitsu+joshodo_code,kyori_kubun,keibajo_code,kyakushitsu,joshodo_code,169,150080,73.56,6.77,72.54,False
GLOBAL_条件戦,pace_yoso+da_tekisei_code+shiba_tekisei_code+joshodo_code,pace_yoso,da_tekisei_code,shiba_tekisei_code,joshodo_code,13,35231,77.99,10.03,72.54,False
GLOBAL_条件戦,keibajo_code+shiba_tekisei_code+rotation_bin+joshodo_code,keibajo_code,shiba_tekisei_code,rotation_bin,joshodo_code,130,87261,74.2,9.72,72.53,False
GLOBAL_条件戦,kyori_kubun+rotation_bin+joshodo_code+ichi_shisu_juni,kyori_kubun,rotation_bin,joshodo_code,ichi_shisu_juni,282,100826,73.69,9.95,72.53,False
GLOBAL_条件戦,kyori_tekisei+kyakushitsu+omo_tekisei_code+bataiju,kyori_tekisei,kyakushitsu,omo_tekisei_code,bataiju,275,40625,74.05,12.87,72.53,False
GLOBAL_条件戦,pace_yoso+kyori_kubun+umakigo_code+rotation_bin,pace_yoso,kyori_kubun,umakigo_code,rotation_bin,86,109509,73.93,6.63,72.53,False
GLOBAL_条件戦,umakigo_code+kyori_tekisei+rotation_bin+ichi_shisu_juni,umakigo_code,kyori_tekisei,rotation_bin,ichi_shisu_juni,301,94166,73.73,10.67,72.52,False
GLOBAL_条件戦,uma_deokure_bin+uma_start_shisu_decile+shiba_tekisei_code+rotation_bin,uma_deokure_bin,uma_start_shisu_decile,shiba_tekisei_code,rotation_bin,145,74427,74.15,10.01,72.52,False
GLOBAL_条件戦,uma_start_shisu_decile+omo_tekisei_code+shiba_tekisei_code+idm_decile,uma_start_shisu_decile,omo_tekisei_code,shiba_tekisei_code,idm_decile,149,77048,74.56,12.74,72.52,False
GLOBAL_条件戦,umakigo_code+keibajo_code+rotation_bin+joshodo_code,umakigo_code,keibajo_code,rotation_bin,joshodo_code,81,114668,74.19,7.64,72.52,False
GLOBAL_条件戦,kyori_kubun+umakigo_code+omo_tekisei_code+ichi_shisu_juni,kyori_kubun,umakigo_code,omo_tekisei_code,ichi_shisu_juni,137,108282,73.96,8.58,72.52,False
GLOBAL_条件戦,uma_deokure_bin+keibajo_code+joshodo_code+idm_decile,uma_deokure_bin,keibajo_code,joshodo_code,idm_decile,161,111254,74.53,12.98,72.52,False
GLOBAL_条件戦,kyori_kubun+kyori_tekisei+manken_shisu_decile+joshodo_code,kyori_kubun,kyori_tekisei,manken_shisu_decile,joshodo_code,152,142128,73.91,8.75,72.52,False
GLOBAL_条件戦,uma_deokure_bin+kyori_tekisei+joshodo_code+ichi_shisu_juni,uma_deokure_bin,kyori_tekisei,joshodo_code,ichi_shisu_juni,134,99778,74.23,10.17,72.51,False
GLOBAL_条件戦,uma_deokure_bin+hizume_code+manken_shisu_decile+omo_tekisei_code,uma_deokure_bin,hizume_code,manken_shisu_decile,omo_tekisei_code,278,89722,73.69,10.04,72.51,False
GLOBAL_条件戦,pace_yoso+keibajo_code+uma_start_shisu_decile+ichi_shisu_juni,pace_yoso,keibajo_code,uma_start_shisu_decile,ichi_shisu_juni,192,31066,74.01,10.64,72.51,False
GLOBAL_条件戦,uma_deokure_bin+keibajo_code+manken_shisu_decile+shiba_tekisei_code,uma_deokure_bin,keibajo_code,manken_shisu_decile,shiba_tekisei_code,252,72267,73.78,10.24,72.51,False
GLOBAL_条件戦,hizume_code+kyakushitsu+shiba_tekisei_code+rotation_bin,hizume_code,kyakushitsu,shiba_tekisei_code,rotation_bin,223,70156,73.82,9.97,72.51,False
GLOBAL_条件戦,pace_yoso+keibajo_code+da_tekisei_code+bataiju,pace_yoso,keibajo_code,da_tekisei_code,bataiju,16,1738,77.27,9.74,72.5,False
GLOBAL_条件戦,uma_start_shisu_decile+kyakushitsu+omo_tekisei_code+bataiju,uma_start_shisu_decile,kyakushitsu,omo_tekisei_code,bataiju,183,27908,74.12,11.15,72.5,False
GLOBAL_条件戦,kyori_kubun+omo_tekisei_code+joshodo_code+ichi_shisu_juni,kyori_kubun,omo_tekisei_code,joshodo_code,ichi_shisu_juni,137,109824,73.94,8.58,72.5,False
GLOBAL_条件戦,uma_deokure_bin+hizume_code+manken_shisu_decile+da_tekisei_code,uma_deokure_bin,hizume_code,manken_shisu_decile,da_tekisei_code,180,47864,74.14,11.27,72.5,False
GLOBAL_条件戦,kyori_kubun+keibajo_code+shiba_tekisei_code+rotation_bin,kyori_kubun,keibajo_code,shiba_tekisei_code,rotation_bin,256,77445,73.82,10.84,72.49,False
GLOBAL_条件戦,umakigo_code+hizume_code+kyakushitsu+rotation_bin,umakigo_code,hizume_code,kyakushitsu,rotation_bin,212,103370,73.63,8.44,72.49,False
GLOBAL_条件戦,kyori_kubun+manken_shisu_decile+kyakushitsu+omo_tekisei_code,kyori_kubun,manken_shisu_decile,kyakushitsu,omo_tekisei_code,298,113507,73.6,9.82,72.49,False
GLOBAL_条件戦,kyori_kubun+keibajo_code+manken_shisu_decile+ichi_shisu_juni,kyori_kubun,keibajo_code,manken_shisu_decile,ichi_shisu_juni,164,38182,74.1,10.61,72.48,False
GLOBAL_条件戦,kyori_kubun+kyakushitsu+omo_tekisei_code+rotation_bin,kyori_kubun,kyakushitsu,omo_tekisei_code,rotation_bin,204,111968,73.7,8.93,72.48,False
GLOBAL_条件戦,pace_yoso+kyori_kubun+manken_shisu_decile+kyakushitsu,pace_yoso,kyori_kubun,manken_shisu_decile,kyakushitsu,360,137285,73.61,10.96,72.48,False
GLOBAL_条件戦,hizume_code+da_tekisei_code+kyakushitsu+ichi_shisu_juni,hizume_code,da_tekisei_code,kyakushitsu,ichi_shisu_juni,178,36197,74.31,12.42,72.48,False
GLOBAL_条件戦,kyori_kubun+manken_shisu_decile+ichi_shisu_juni+idm_decile,kyori_kubun,manken_shisu_decile,ichi_shisu_juni,idm_decile,230,50291,74.18,13.2,72.47,False
GLOBAL_条件戦,uma_deokure_bin+manken_shisu_decile+kyakushitsu+ichi_shisu_juni,uma_deokure_bin,manken_shisu_decile,kyakushitsu,ichi_shisu_juni,399,75549,73.66,12.13,72.47,False
GLOBAL_条件戦,uma_deokure_bin+kyori_kubun+omo_tekisei_code+idm_decile,uma_deokure_bin,kyori_kubun,omo_tekisei_code,idm_decile,149,112227,74.6,13.29,72.47,False
GLOBAL_条件戦,manken_shirushi+keibajo_code+uma_start_shisu_decile+kyori_tekisei,manken_shirushi,keibajo_code,uma_start_shisu_decile,kyori_tekisei,108,18110,74.61,11.36,72.47,False
GLOBAL_条件戦,keibajo_code+kyori_tekisei+omo_tekisei_code+idm_decile,keibajo_code,kyori_tekisei,omo_tekisei_code,idm_decile,339,100646,73.85,12.95,72.47,False
GLOBAL_条件戦,kyori_kubun+umakigo_code+keibajo_code+kyakushitsu,kyori_kubun,umakigo_code,keibajo_code,kyakushitsu,173,150476,73.57,7.37,72.47,False
GLOBAL_条件戦,uma_deokure_bin+kyori_tekisei+omo_tekisei_code+ichi_shisu_juni,uma_deokure_bin,kyori_tekisei,omo_tekisei_code,ichi_shisu_juni,239,94790,73.71,9.83,72.46,False
GLOBAL_条件戦,kyori_kubun+umakigo_code+da_tekisei_code+idm_decile,kyori_kubun,umakigo_code,da_tekisei_code,idm_decile,56,68398,76.02,13.61,72.46,False
GLOBAL_条件戦,uma_deokure_bin+kyori_tekisei+shiba_tekisei_code+ichi_shisu_juni,uma_deokure_bin,kyori_tekisei,shiba_tekisei_code,ichi_shisu_juni,173,70522,73.96,10.09,72.46,False
GLOBAL_条件戦,kyori_kubun+keibajo_code+kyori_tekisei+manken_shisu_decile,kyori_kubun,keibajo_code,kyori_tekisei,manken_shisu_decile,409,121272,73.58,11.68,72.45,False
GLOBAL_条件戦,kyori_kubun+umakigo_code+shiba_tekisei_code+rotation_bin,kyori_kubun,umakigo_code,shiba_tekisei_code,rotation_bin,70,88230,74.78,9.92,72.45,False
GLOBAL_条件戦,keibajo_code+shiba_tekisei_code+rotation_bin+ichi_shisu_juni,keibajo_code,shiba_tekisei_code,rotation_bin,ichi_shisu_juni,197,26637,74.15,12.18,72.45,False
GLOBAL_条件戦,manken_shirushi+kyakushitsu+joshodo_code+idm_decile,manken_shirushi,kyakushitsu,joshodo_code,idm_decile,246,94501,73.97,12.2,72.45,False
GLOBAL_条件戦,uma_start_shisu_decile+manken_shisu_decile+joshodo_code+idm_decile,uma_start_shisu_decile,manken_shisu_decile,joshodo_code,idm_decile,327,98369,73.92,13.67,72.44,False
GLOBAL_条件戦,manken_shirushi+umakigo_code+rotation_bin+idm_decile,manken_shirushi,umakigo_code,rotation_bin,idm_decile,238,67663,74.07,12.82,72.44,False
GLOBAL_条件戦,kyori_kubun+umakigo_code+kyori_tekisei+joshodo_code,kyori_kubun,umakigo_code,kyori_tekisei,joshodo_code,41,147044,75.16,8.9,72.44,False
GLOBAL_条件戦,uma_deokure_bin+keibajo_code+hizume_code+manken_shisu_decile,uma_deokure_bin,keibajo_code,hizume_code,manken_shisu_decile,254,44126,73.83,11.29,72.44,False
GLOBAL_条件戦,umakigo_code+da_tekisei_code+shiba_tekisei_code+idm_decile,umakigo_code,da_tekisei_code,shiba_tekisei_code,idm_decile,32,39599,75.96,10.16,72.44,False
GLOBAL_条件戦,uma_deokure_bin+manken_shirushi+pace_yoso+idm_decile,uma_deokure_bin,manken_shirushi,pace_yoso,idm_decile,223,63856,74.27,13.9,72.44,False
GLOBAL_条件戦,keibajo_code+uma_start_shisu_decile+hizume_code+rotation_bin,keibajo_code,uma_start_shisu_decile,hizume_code,rotation_bin,142,25513,74.18,10.54,72.44,False
GLOBAL_条件戦,manken_shirushi+kyori_tekisei+ichi_shisu_juni+idm_decile,manken_shirushi,kyori_tekisei,ichi_shisu_juni,idm_decile,65,23191,75.47,12.45,72.44,False
GLOBAL_条件戦,kyori_kubun+omo_tekisei_code+idm_decile+bataiju,kyori_kubun,omo_tekisei_code,idm_decile,bataiju,180,23365,74.44,13.64,72.44,False
GLOBAL_条件戦,manken_shirushi+uma_start_shisu_decile+hizume_code+shiba_tekisei_code,manken_shirushi,uma_start_shisu_decile,hizume_code,shiba_tekisei_code,113,20905,74.44,10.88,72.43,False
GLOBAL_条件戦,da_tekisei_code+omo_tekisei_code+rotation_bin+ichi_shisu_juni,da_tekisei_code,omo_tekisei_code,rotation_bin,ichi_shisu_juni,204,50690,74.04,11.74,72.43,False
GLOBAL_条件戦,uma_start_shisu_decile+hizume_code+joshodo_code+bataiju,uma_start_shisu_decile,hizume_code,joshodo_code,bataiju,115,20294,74.3,10.2,72.43,False
GLOBAL_条件戦,umakigo_code+keibajo_code+kyakushitsu+ichi_shisu_juni,umakigo_code,keibajo_code,kyakushitsu,ichi_shisu_juni,363,131312,73.46,10.08,72.43,False
GLOBAL_条件戦,manken_shirushi+pace_yoso+shiba_tekisei_code+idm_decile,manken_shirushi,pace_yoso,shiba_tekisei_code,idm_decile,167,48712,74.53,13.87,72.43,False
GLOBAL_条件戦,pace_yoso+hizume_code+manken_shisu_decile+shiba_tekisei_code,pace_yoso,hizume_code,manken_shisu_decile,shiba_tekisei_code,238,64398,73.72,10.19,72.42,False
GLOBAL_条件戦,manken_shisu_decile+da_tekisei_code+shiba_tekisei_code+idm_decile,manken_shisu_decile,da_tekisei_code,shiba_tekisei_code,idm_decile,97,34257,74.7,11.46,72.42,False
GLOBAL_条件戦,uma_deokure_bin+umakigo_code+hizume_code+ichi_shisu_juni,uma_deokure_bin,umakigo_code,hizume_code,ichi_shisu_juni,237,90467,73.57,9.11,72.41,False
GLOBAL_条件戦,uma_deokure_bin+kyori_tekisei+omo_tekisei_code+idm_decile,uma_deokure_bin,kyori_tekisei,omo_tekisei_code,idm_decile,146,106642,74.68,14.04,72.41,False
GLOBAL_条件戦,manken_shirushi+keibajo_code+manken_shisu_decile+shiba_tekisei_code,manken_shirushi,keibajo_code,manken_shisu_decile,shiba_tekisei_code,195,32678,74.05,11.68,72.41,False
GLOBAL_条件戦,pace_yoso+umakigo_code+shiba_tekisei_code+ichi_shisu_juni,pace_yoso,umakigo_code,shiba_tekisei_code,ichi_shisu_juni,89,80934,74.13,8.28,72.41,False
GLOBAL_条件戦,umakigo_code+uma_start_shisu_decile+manken_shisu_decile+idm_decile,umakigo_code,uma_start_shisu_decile,manken_shisu_decile,idm_decile,326,96870,73.88,13.57,72.41,False
GLOBAL_条件戦,kyori_tekisei+shiba_tekisei_code+rotation_bin+idm_decile,kyori_tekisei,shiba_tekisei_code,rotation_bin,idm_decile,189,78123,74.32,13.49,72.4,False
GLOBAL_条件戦,keibajo_code+manken_shisu_decile+kyakushitsu+shiba_tekisei_code,keibajo_code,manken_shisu_decile,kyakushitsu,shiba_tekisei_code,333,68659,73.63,11.49,72.4,False
GLOBAL_条件戦,hizume_code+shiba_tekisei_code+joshodo_code+idm_decile,hizume_code,shiba_tekisei_code,joshodo_code,idm_decile,118,82068,74.54,11.85,72.4,False
GLOBAL_条件戦,manken_shisu_decile+da_tekisei_code+rotation_bin+idm_decile,manken_shisu_decile,da_tekisei_code,rotation_bin,idm_decile,248,49761,74.2,14.45,72.4,False
GLOBAL_条件戦,uma_deokure_bin+kyori_tekisei+manken_shisu_decile+ichi_shisu_juni,uma_deokure_bin,kyori_tekisei,manken_shisu_decile,ichi_shisu_juni,348,56284,73.66,11.95,72.4,False
GLOBAL_条件戦,uma_start_shisu_decile+kyakushitsu+rotation_bin+ichi_shisu_juni,uma_start_shisu_decile,kyakushitsu,rotation_bin,ichi_shisu_juni,233,48065,73.92,11.88,72.39,False
GLOBAL_条件戦,uma_deokure_bin+uma_start_shisu_decile+kyakushitsu+bataiju,uma_deokure_bin,uma_start_shisu_decile,kyakushitsu,bataiju,208,38968,73.8,10.37,72.39,False
GLOBAL_条件戦,uma_deokure_bin+uma_start_shisu_decile+da_tekisei_code+idm_decile,uma_deokure_bin,uma_start_shisu_decile,da_tekisei_code,idm_decile,122,55320,74.99,14.66,72.39,False
GLOBAL_条件戦,keibajo_code+uma_start_shisu_decile+kyakushitsu+shiba_tekisei_code,keibajo_code,uma_start_shisu_decile,kyakushitsu,shiba_tekisei_code,224,67459,73.78,10.67,72.38,False
GLOBAL_条件戦,kyori_kubun+keibajo_code+kyori_tekisei+ichi_shisu_juni,kyori_kubun,keibajo_code,kyori_tekisei,ichi_shisu_juni,319,91699,73.73,12.36,72.38,False
GLOBAL_条件戦,pace_yoso+kyori_kubun+shiba_tekisei_code+ichi_shisu_juni,pace_yoso,kyori_kubun,shiba_tekisei_code,ichi_shisu_juni,212,76097,73.83,10.79,72.38,False
GLOBAL_条件戦,da_tekisei_code+shiba_tekisei_code+rotation_bin+bataiju,da_tekisei_code,shiba_tekisei_code,rotation_bin,bataiju,85,11832,74.94,12.03,72.38,False
GLOBAL_条件戦,kyori_kubun+hizume_code+idm_decile+bataiju,kyori_kubun,hizume_code,idm_decile,bataiju,3,306,81.03,7.66,72.37,False
GLOBAL_条件戦,kyakushitsu+shiba_tekisei_code+rotation_bin+bataiju,kyakushitsu,shiba_tekisei_code,rotation_bin,bataiju,127,15643,74.64,13.04,72.37,False
GLOBAL_条件戦,umakigo_code+kyori_tekisei+shiba_tekisei_code+ichi_shisu_juni,umakigo_code,kyori_tekisei,shiba_tekisei_code,ichi_shisu_juni,107,76987,74.02,8.71,72.37,False
GLOBAL_条件戦,keibajo_code+kyori_tekisei+hizume_code+rotation_bin,keibajo_code,kyori_tekisei,hizume_code,rotation_bin,248,49554,73.86,12.01,72.37,False
GLOBAL_条件戦,umakigo_code+kyakushitsu+shiba_tekisei_code+ichi_shisu_juni,umakigo_code,kyakushitsu,shiba_tekisei_code,ichi_shisu_juni,93,80225,74.06,8.33,72.37,False
GLOBAL_条件戦,pace_yoso+da_tekisei_code+rotation_bin+bataiju,pace_yoso,da_tekisei_code,rotation_bin,bataiju,118,14837,74.67,12.72,72.37,False
GLOBAL_条件戦,keibajo_code+kyori_tekisei+joshodo_code+bataiju,keibajo_code,kyori_tekisei,joshodo_code,bataiju,308,47377,73.69,11.84,72.37,False
GLOBAL_条件戦,uma_deokure_bin+manken_shirushi+kyakushitsu+idm_decile,uma_deokure_bin,manken_shirushi,kyakushitsu,idm_decile,248,61705,74.09,13.86,72.37,False
GLOBAL_条件戦,pace_yoso+manken_shisu_decile+da_tekisei_code+idm_decile,pace_yoso,manken_shisu_decile,da_tekisei_code,idm_decile,167,55423,74.63,14.97,72.36,False
GLOBAL_条件戦,pace_yoso+shiba_tekisei_code+joshodo_code+bataiju,pace_yoso,shiba_tekisei_code,joshodo_code,bataiju,232,72992,73.76,10.87,72.36,False
GLOBAL_条件戦,umakigo_code+keibajo_code+da_tekisei_code+bataiju,umakigo_code,keibajo_code,da_tekisei_code,bataiju,210,29748,74.15,13.19,72.36,False
GLOBAL_条件戦,manken_shirushi+pace_yoso+kyori_kubun+idm_decile,manken_shirushi,pace_yoso,kyori_kubun,idm_decile,311,81809,73.96,14.4,72.36,False
GLOBAL_条件戦,umakigo_code+keibajo_code+shiba_tekisei_code+ichi_shisu_juni,umakigo_code,keibajo_code,shiba_tekisei_code,ichi_shisu_juni,225,76259,73.77,10.88,72.35,False
GLOBAL_条件戦,pace_yoso+shiba_tekisei_code+joshodo_code+ichi_shisu_juni,pace_yoso,shiba_tekisei_code,joshodo_code,ichi_shisu_juni,89,81737,74.02,8.04,72.35,False
GLOBAL_条件戦,uma_start_shisu_decile+kyakushitsu+omo_tekisei_code+idm_decile,uma_start_shisu_decile,kyakushitsu,omo_tekisei_code,idm_decile,245,98758,74.02,13.36,72.35,False
GLOBAL_条件戦,pace_yoso+umakigo_code+shiba_tekisei_code+bataiju,pace_yoso,umakigo_code,shiba_tekisei_code,bataiju,230,72114,73.78,11.05,72.35,False
GLOBAL_条件戦,pace_yoso+kyori_kubun+kyori_tekisei+ichi_shisu_juni,pace_yoso,kyori_kubun,kyori_tekisei,ichi_shisu_juni,328,128686,73.53,10.85,72.35,False
GLOBAL_条件戦,manken_shirushi+shiba_tekisei_code+joshodo_code+bataiju,manken_shirushi,shiba_tekisei_code,joshodo_code,bataiju,198,25934,73.91,11.32,72.34,False
GLOBAL_条件戦,kyori_kubun+keibajo_code+uma_start_shisu_decile+manken_shisu_decile,kyori_kubun,keibajo_code,uma_start_shisu_decile,manken_shisu_decile,228,42193,73.69,10.41,72.34,False
GLOBAL_条件戦,kyori_kubun+umakigo_code+kyori_tekisei+rotation_bin,kyori_kubun,umakigo_code,kyori_tekisei,rotation_bin,100,111186,74.17,9.38,72.34,False
GLOBAL_条件戦,uma_start_shisu_decile+hizume_code+manken_shisu_decile+omo_tekisei_code,uma_start_shisu_decile,hizume_code,manken_shisu_decile,omo_tekisei_code,280,56093,73.73,11.85,72.34,False
GLOBAL_条件戦,pace_yoso+kyori_kubun+keibajo_code+joshodo_code,pace_yoso,kyori_kubun,keibajo_code,joshodo_code,142,140524,73.27,5.72,72.33,False
GLOBAL_条件戦,uma_deokure_bin+pace_yoso+omo_tekisei_code+ichi_shisu_juni,uma_deokure_bin,pace_yoso,omo_tekisei_code,ichi_shisu_juni,191,100870,73.51,8.31,72.33,False
GLOBAL_条件戦,uma_start_shisu_decile+manken_shisu_decile+kyakushitsu+rotation_bin,uma_start_shisu_decile,manken_shisu_decile,kyakushitsu,rotation_bin,284,53707,73.67,11.58,72.33,False
GLOBAL_条件戦,kyori_tekisei+hizume_code+joshodo_code+idm_decile,kyori_tekisei,hizume_code,joshodo_code,idm_decile,195,102185,74.16,13.01,72.33,False
GLOBAL_条件戦,keibajo_code+da_tekisei_code+joshodo_code+bataiju,keibajo_code,da_tekisei_code,joshodo_code,bataiju,218,31419,74.05,13.0,72.33,False
GLOBAL_条件戦,kyori_tekisei+hizume_code+omo_tekisei_code+idm_decile,kyori_tekisei,hizume_code,omo_tekisei_code,idm_decile,268,92765,73.82,12.44,72.33,False
GLOBAL_条件戦,keibajo_code+hizume_code+manken_shisu_decile+da_tekisei_code,keibajo_code,hizume_code,manken_shisu_decile,da_tekisei_code,145,23388,74.5,13.36,72.32,False
GLOBAL_条件戦,shiba_tekisei_code+rotation_bin+joshodo_code+bataiju,shiba_tekisei_code,rotation_bin,joshodo_code,bataiju,266,59735,73.66,11.18,72.32,False
GLOBAL_条件戦,manken_shirushi+umakigo_code+kyori_tekisei+bataiju,manken_shirushi,umakigo_code,kyori_tekisei,bataiju,244,32928,73.75,11.46,72.31,False
GLOBAL_条件戦,keibajo_code+kyakushitsu+shiba_tekisei_code+idm_decile,keibajo_code,kyakushitsu,shiba_tekisei_code,idm_decile,268,77496,73.89,13.3,72.3,False
GLOBAL_条件戦,pace_yoso+umakigo_code+kyakushitsu+shiba_tekisei_code,pace_yoso,umakigo_code,kyakushitsu,shiba_tekisei_code,30,82967,74.79,6.96,72.3,False
GLOBAL_条件戦,keibajo_code+shiba_tekisei_code+joshodo_code+ichi_shisu_juni,keibajo_code,shiba_tekisei_code,joshodo_code,ichi_shisu_juni,224,76937,73.7,10.75,72.3,False
GLOBAL_条件戦,uma_deokure_bin+keibajo_code+da_tekisei_code+idm_decile,uma_deokure_bin,keibajo_code,da_tekisei_code,idm_decile,164,56732,74.44,13.93,72.3,False
GLOBAL_条件戦,umakigo_code+omo_tekisei_code+shiba_tekisei_code+rotation_bin,umakigo_code,omo_tekisei_code,shiba_tekisei_code,rotation_bin,51,86920,74.7,8.74,72.3,False
GLOBAL_条件戦,kyori_tekisei+hizume_code+ichi_shisu_juni+idm_decile,kyori_tekisei,hizume_code,ichi_shisu_juni,idm_decile,164,23747,74.55,14.7,72.3,False
GLOBAL_条件戦,umakigo_code+manken_shisu_decile+ichi_shisu_juni+bataiju,umakigo_code,manken_shisu_decile,ichi_shisu_juni,bataiju,144,20195,74.09,10.96,72.3,False
GLOBAL_条件戦,keibajo_code+kyori_tekisei+shiba_tekisei_code+idm_decile,keibajo_code,kyori_tekisei,shiba_tekisei_code,idm_decile,225,74811,73.9,12.24,72.3,False
GLOBAL_条件戦,keibajo_code+uma_start_shisu_decile+manken_shisu_decile+rotation_bin,keibajo_code,uma_start_shisu_decile,manken_shisu_decile,rotation_bin,133,18211,74.39,12.28,72.3,False
GLOBAL_条件戦,manken_shirushi+kyakushitsu+omo_tekisei_code+idm_decile,manken_shirushi,kyakushitsu,omo_tekisei_code,idm_decile,290,65433,73.85,13.56,72.29,False
GLOBAL_条件戦,manken_shirushi+keibajo_code+shiba_tekisei_code+rotation_bin,manken_shirushi,keibajo_code,shiba_tekisei_code,rotation_bin,175,24482,74.08,12.11,72.29,False
GLOBAL_条件戦,keibajo_code+da_tekisei_code+kyakushitsu+idm_decile,keibajo_code,da_tekisei_code,kyakushitsu,idm_decile,235,57964,74.13,14.36,72.29,False
GLOBAL_条件戦,uma_deokure_bin+hizume_code+joshodo_code+ichi_shisu_juni,uma_deokure_bin,hizume_code,joshodo_code,ichi_shisu_juni,239,92105,73.46,9.25,72.29,False
GLOBAL_条件戦,manken_shirushi+kyakushitsu+shiba_tekisei_code+idm_decile,manken_shirushi,kyakushitsu,shiba_tekisei_code,idm_decile,210,48969,74.12,13.55,72.29,False
GLOBAL_条件戦,manken_shirushi+kyori_kubun+omo_tekisei_code+idm_decile,manken_shirushi,kyori_kubun,omo_tekisei_code,idm_decile,260,66700,74.03,14.35,72.28,False
GLOBAL_条件戦,kyori_kubun+uma_start_shisu_decile+kyori_tekisei+ichi_shisu_juni,kyori_kubun,uma_start_shisu_decile,kyori_tekisei,ichi_shisu_juni,291,64485,73.68,12.18,72.28,False
GLOBAL_条件戦,uma_deokure_bin+kyori_kubun+omo_tekisei_code+ichi_shisu_juni,uma_deokure_bin,kyori_kubun,omo_tekisei_code,ichi_shisu_juni,209,97684,73.54,9.31,72.28,False
GLOBAL_条件戦,manken_shirushi+keibajo_code+kyori_tekisei+ichi_shisu_juni,manken_shirushi,keibajo_code,kyori_tekisei,ichi_shisu_juni,73,21495,74.63,10.25,72.28,False
GLOBAL_条件戦,kyori_tekisei+shiba_tekisei_code+joshodo_code+ichi_shisu_juni,kyori_tekisei,shiba_tekisei_code,joshodo_code,ichi_shisu_juni,107,77738,73.95,8.83,72.28,False
GLOBAL_条件戦,uma_start_shisu_decile+kyakushitsu+shiba_tekisei_code+idm_decile,uma_start_shisu_decile,kyakushitsu,shiba_tekisei_code,idm_decile,178,74267,74.16,12.82,72.28,False
GLOBAL_条件戦,manken_shirushi+manken_shisu_decile+shiba_tekisei_code+idm_decile,manken_shirushi,manken_shisu_decile,shiba_tekisei_code,idm_decile,184,40596,74.25,13.58,72.28,False
GLOBAL_条件戦,keibajo_code+uma_start_shisu_decile+joshodo_code+ichi_shisu_juni,keibajo_code,uma_start_shisu_decile,joshodo_code,ichi_shisu_juni,309,65726,73.58,11.76,72.27,False
GLOBAL_条件戦,da_tekisei_code+shiba_tekisei_code+ichi_shisu_juni+idm_decile,da_tekisei_code,shiba_tekisei_code,ichi_shisu_juni,idm_decile,101,27375,74.85,13.23,72.27,False
GLOBAL_条件戦,kyori_kubun+manken_shisu_decile+kyakushitsu+joshodo_code,kyori_kubun,manken_shisu_decile,kyakushitsu,joshodo_code,175,147224,73.52,8.47,72.27,False
GLOBAL_条件戦,umakigo_code+hizume_code+shiba_tekisei_code+ichi_shisu_juni,umakigo_code,hizume_code,shiba_tekisei_code,ichi_shisu_juni,182,69942,73.58,9.02,72.27,False
GLOBAL_条件戦,uma_deokure_bin+omo_tekisei_code+rotation_bin+ichi_shisu_juni,uma_deokure_bin,omo_tekisei_code,rotation_bin,ichi_shisu_juni,305,91007,73.45,10.65,72.26,False
GLOBAL_条件戦,keibajo_code+manken_shisu_decile+da_tekisei_code+ichi_shisu_juni,keibajo_code,manken_shisu_decile,da_tekisei_code,ichi_shisu_juni,5,524,79.55,8.32,72.26,False
GLOBAL_条件戦,kyori_kubun+keibajo_code+uma_start_shisu_decile+ichi_shisu_juni,kyori_kubun,keibajo_code,uma_start_shisu_decile,ichi_shisu_juni,182,31680,73.84,10.83,72.26,False
GLOBAL_条件戦,pace_yoso+kyori_kubun+da_tekisei_code+bataiju,pace_yoso,kyori_kubun,da_tekisei_code,bataiju,184,31839,74.02,12.16,72.26,False
GLOBAL_条件戦,kyori_kubun+umakigo_code+rotation_bin+ichi_shisu_juni,kyori_kubun,umakigo_code,rotation_bin,ichi_shisu_juni,281,99256,73.44,10.08,72.26,False
GLOBAL_条件戦,hizume_code+omo_tekisei_code+shiba_tekisei_code+idm_decile,hizume_code,omo_tekisei_code,shiba_tekisei_code,idm_decile,170,77293,74.06,11.97,72.26,False
GLOBAL_条件戦,kyori_tekisei+hizume_code+shiba_tekisei_code+ichi_shisu_juni,kyori_tekisei,hizume_code,shiba_tekisei_code,ichi_shisu_juni,229,48305,73.74,11.49,72.26,False
GLOBAL_条件戦,pace_yoso+kyori_kubun+ichi_shisu_juni+bataiju,pace_yoso,kyori_kubun,ichi_shisu_juni,bataiju,127,27408,73.79,8.81,72.26,False
GLOBAL_条件戦,umakigo_code+keibajo_code+uma_start_shisu_decile+ichi_shisu_juni,umakigo_code,keibajo_code,uma_start_shisu_decile,ichi_shisu_juni,304,64149,73.59,11.88,72.25,False
GLOBAL_条件戦,kyori_kubun+manken_shisu_decile+rotation_bin+idm_decile,kyori_kubun,manken_shisu_decile,rotation_bin,idm_decile,398,71916,73.58,13.59,72.25,False
GLOBAL_条件戦,pace_yoso+manken_shisu_decile+ichi_shisu_juni+idm_decile,pace_yoso,manken_shisu_decile,ichi_shisu_juni,idm_decile,222,51846,74.19,14.76,72.25,False
GLOBAL_条件戦,uma_start_shisu_decile+hizume_code+manken_shisu_decile+da_tekisei_code,uma_start_shisu_decile,hizume_code,manken_shisu_decile,da_tekisei_code,151,25185,74.26,12.6,72.25,False
GLOBAL_条件戦,keibajo_code+kyori_tekisei+manken_shisu_decile+shiba_tekisei_code,keibajo_code,kyori_tekisei,manken_shisu_decile,shiba_tekisei_code,245,62647,73.62,10.99,72.25,False
GLOBAL_条件戦,umakigo_code+kyakushitsu+shiba_tekisei_code+idm_decile,umakigo_code,kyakushitsu,shiba_tekisei_code,idm_decile,66,87984,74.77,10.52,72.24,False
GLOBAL_条件戦,kyori_kubun+umakigo_code+joshodo_code+bataiju,kyori_kubun,umakigo_code,joshodo_code,bataiju,351,135593,73.2,9.12,72.24,False
GLOBAL_条件戦,uma_deokure_bin+hizume_code+da_tekisei_code+bataiju,uma_deokure_bin,hizume_code,da_tekisei_code,bataiju,112,14234,74.56,12.54,72.24,False
GLOBAL_条件戦,pace_yoso+da_tekisei_code+kyakushitsu+idm_decile,pace_yoso,da_tekisei_code,kyakushitsu,idm_decile,107,61914,75.15,15.41,72.23,False
GLOBAL_条件戦,umakigo_code+kyori_tekisei+hizume_code+idm_decile,umakigo_code,kyori_tekisei,hizume_code,idm_decile,195,100219,74.05,12.97,72.23,False
GLOBAL_条件戦,uma_deokure_bin+keibajo_code+ichi_shisu_juni+idm_decile,uma_deokure_bin,keibajo_code,ichi_shisu_juni,idm_decile,260,36944,73.87,13.48,72.23,False
GLOBAL_条件戦,keibajo_code+manken_shisu_decile+da_tekisei_code+kyakushitsu,keibajo_code,manken_shisu_decile,da_tekisei_code,kyakushitsu,249,46283,73.9,13.49,72.23,False
GLOBAL_条件戦,manken_shirushi+keibajo_code+kyori_tekisei+rotation_bin,manken_shirushi,keibajo_code,kyori_tekisei,rotation_bin,140,20349,74.15,11.56,72.23,False
GLOBAL_条件戦,uma_start_shisu_decile+omo_tekisei_code+rotation_bin+ichi_shisu_juni,uma_start_shisu_decile,omo_tekisei_code,rotation_bin,ichi_shisu_juni,269,52495,73.7,12.3,72.23,False
GLOBAL_条件戦,pace_yoso+kyori_kubun+umakigo_code+manken_shisu_decile,pace_yoso,kyori_kubun,umakigo_code,manken_shisu_decile,119,142124,73.6,7.7,72.22,False
GLOBAL_条件戦,kyori_kubun+kyakushitsu+shiba_tekisei_code+joshodo_code,kyori_kubun,kyakushitsu,shiba_tekisei_code,joshodo_code,36,89292,74.97,8.41,72.22,False
GLOBAL_条件戦,kyori_kubun+keibajo_code+uma_start_shisu_decile+shiba_tekisei_code,kyori_kubun,keibajo_code,uma_start_shisu_decile,shiba_tekisei_code,221,68989,73.56,10.12,72.22,False
GLOBAL_条件戦,manken_shirushi+hizume_code+da_tekisei_code+shiba_tekisei_code,manken_shirushi,hizume_code,da_tekisei_code,shiba_tekisei_code,85,18520,74.62,11.33,72.21,False
GLOBAL_条件戦,pace_yoso+kyori_tekisei+kyakushitsu+joshodo_code,pace_yoso,kyori_tekisei,kyakushitsu,joshodo_code,51,138120,74.32,7.7,72.21,False
GLOBAL_条件戦,hizume_code+manken_shisu_decile+da_tekisei_code+shiba_tekisei_code,hizume_code,manken_shisu_decile,da_tekisei_code,shiba_tekisei_code,109,29070,74.32,11.23,72.21,False
GLOBAL_条件戦,uma_deokure_bin+pace_yoso+uma_start_shisu_decile+bataiju,uma_deokure_bin,pace_yoso,uma_start_shisu_decile,bataiju,212,39648,73.72,11.27,72.21,False
GLOBAL_条件戦,umakigo_code+manken_shisu_decile+da_tekisei_code+bataiju,umakigo_code,manken_shisu_decile,da_tekisei_code,bataiju,208,29002,73.83,11.93,72.2,False
GLOBAL_条件戦,uma_start_shisu_decile+kyori_tekisei+hizume_code+rotation_bin,uma_start_shisu_decile,kyori_tekisei,hizume_code,rotation_bin,236,49904,73.77,12.28,72.2,False
GLOBAL_条件戦,uma_deokure_bin+manken_shirushi+kyori_kubun+idm_decile,uma_deokure_bin,manken_shirushi,kyori_kubun,idm_decile,258,64431,73.92,14.08,72.2,False
GLOBAL_条件戦,hizume_code+shiba_tekisei_code+joshodo_code+ichi_shisu_juni,hizume_code,shiba_tekisei_code,joshodo_code,ichi_shisu_juni,182,70712,73.52,9.1,72.2,False
GLOBAL_条件戦,omo_tekisei_code+shiba_tekisei_code+rotation_bin+joshodo_code,omo_tekisei_code,shiba_tekisei_code,rotation_bin,joshodo_code,45,87503,75.08,9.86,72.2,False
GLOBAL_条件戦,keibajo_code+uma_start_shisu_decile+kyakushitsu+ichi_shisu_juni,keibajo_code,uma_start_shisu_decile,kyakushitsu,ichi_shisu_juni,205,36740,73.67,10.82,72.19,False
GLOBAL_条件戦,uma_deokure_bin+hizume_code+da_tekisei_code+ichi_shisu_juni,uma_deokure_bin,hizume_code,da_tekisei_code,ichi_shisu_juni,182,38905,73.92,11.88,72.19,False
GLOBAL_条件戦,pace_yoso+uma_start_shisu_decile+kyakushitsu+idm_decile,pace_yoso,uma_start_shisu_decile,kyakushitsu,idm_decile,289,99420,73.82,14.17,72.19,False
GLOBAL_条件戦,pace_yoso+umakigo_code+joshodo_code+bataiju,pace_yoso,umakigo_code,joshodo_code,bataiju,250,129874,73.22,8.33,72.19,False
GLOBAL_条件戦,kyori_kubun+kyori_tekisei+shiba_tekisei_code+joshodo_code,kyori_kubun,kyori_tekisei,shiba_tekisei_code,joshodo_code,33,86064,75.29,9.09,72.19,False
GLOBAL_条件戦,manken_shisu_decile+shiba_tekisei_code+joshodo_code+idm_decile,manken_shisu_decile,shiba_tekisei_code,joshodo_code,idm_decile,112,85152,74.36,11.74,72.18,False
GLOBAL_条件戦,umakigo_code+manken_shisu_decile+shiba_tekisei_code+ichi_shisu_juni,umakigo_code,manken_shisu_decile,shiba_tekisei_code,ichi_shisu_juni,219,75742,73.61,10.79,72.18,False
GLOBAL_条件戦,keibajo_code+uma_start_shisu_decile+kyori_tekisei+rotation_bin,keibajo_code,uma_start_shisu_decile,kyori_tekisei,rotation_bin,235,50276,73.84,13.04,72.18,False
GLOBAL_条件戦,uma_deokure_bin+umakigo_code+keibajo_code+idm_decile,uma_deokure_bin,umakigo_code,keibajo_code,idm_decile,159,108610,74.24,13.25,72.18,False
GLOBAL_条件戦,manken_shirushi+kyori_tekisei+da_tekisei_code+ichi_shisu_juni,manken_shirushi,kyori_tekisei,da_tekisei_code,ichi_shisu_juni,87,11152,75.02,13.53,72.18,False
GLOBAL_条件戦,manken_shirushi+keibajo_code+shiba_tekisei_code+idm_decile,manken_shirushi,keibajo_code,shiba_tekisei_code,idm_decile,189,27137,74.17,13.98,72.18,False
GLOBAL_条件戦,shiba_tekisei_code+rotation_bin+joshodo_code+idm_decile,shiba_tekisei_code,rotation_bin,joshodo_code,idm_decile,93,87201,74.69,12.34,72.18,False
GLOBAL_条件戦,uma_deokure_bin+uma_start_shisu_decile+ichi_shisu_juni+bataiju,uma_deokure_bin,uma_start_shisu_decile,ichi_shisu_juni,bataiju,39,4255,76.09,12.45,72.18,False
GLOBAL_条件戦,uma_start_shisu_decile+shiba_tekisei_code+joshodo_code+bataiju,uma_start_shisu_decile,shiba_tekisei_code,joshodo_code,bataiju,285,56536,73.61,12.42,72.17,False
GLOBAL_条件戦,uma_deokure_bin+uma_start_shisu_decile+manken_shisu_decile+idm_decile,uma_deokure_bin,uma_start_shisu_decile,manken_shisu_decile,idm_decile,293,77052,73.71,13.57,72.16,False
GLOBAL_条件戦,manken_shisu_decile+shiba_tekisei_code+joshodo_code+ichi_shisu_juni,manken_shisu_decile,shiba_tekisei_code,joshodo_code,ichi_shisu_juni,218,76441,73.59,10.77,72.16,False
GLOBAL_条件戦,uma_start_shisu_decile+kyori_tekisei+joshodo_code+idm_decile,uma_start_shisu_decile,kyori_tekisei,joshodo_code,idm_decile,178,103073,74.32,14.79,72.15,False
GLOBAL_条件戦,kyori_kubun+manken_shisu_decile+da_tekisei_code+idm_decile,kyori_kubun,manken_shisu_decile,da_tekisei_code,idm_decile,205,58883,74.28,15.56,72.15,False
GLOBAL_条件戦,uma_deokure_bin+pace_yoso+kyori_tekisei+bataiju,uma_deokure_bin,pace_yoso,kyori_tekisei,bataiju,319,48058,73.54,12.65,72.15,False
GLOBAL_条件戦,manken_shirushi+shiba_tekisei_code+rotation_bin+idm_decile,manken_shirushi,shiba_tekisei_code,rotation_bin,idm_decile,206,39104,73.98,13.39,72.15,False
GLOBAL_条件戦,pace_yoso+keibajo_code+kyori_tekisei+joshodo_code,pace_yoso,keibajo_code,kyori_tekisei,joshodo_code,142,137651,73.76,9.8,72.15,False
GLOBAL_条件戦,umakigo_code+da_tekisei_code+joshodo_code+ichi_shisu_juni,umakigo_code,da_tekisei_code,joshodo_code,ichi_shisu_juni,38,62160,75.6,10.86,72.15,False
GLOBAL_条件戦,umakigo_code+uma_start_shisu_decile+hizume_code+bataiju,umakigo_code,uma_start_shisu_decile,hizume_code,bataiju,111,19645,74.02,10.1,72.14,False
GLOBAL_条件戦,umakigo_code+uma_start_shisu_decile+kyori_tekisei+idm_decile,umakigo_code,uma_start_shisu_decile,kyori_tekisei,idm_decile,179,101754,74.3,14.78,72.14,False
GLOBAL_条件戦,umakigo_code+rotation_bin+joshodo_code+idm_decile,umakigo_code,rotation_bin,joshodo_code,idm_decile,76,116741,74.97,12.56,72.14,False
GLOBAL_条件戦,manken_shirushi+pace_yoso+omo_tekisei_code+idm_decile,manken_shirushi,pace_yoso,omo_tekisei_code,idm_decile,227,65260,73.92,13.74,72.14,False
GLOBAL_条件戦,kyori_kubun+omo_tekisei_code+shiba_tekisei_code+ichi_shisu_juni,kyori_kubun,omo_tekisei_code,shiba_tekisei_code,ichi_shisu_juni,172,75634,73.68,10.25,72.14,False
GLOBAL_条件戦,omo_tekisei_code+shiba_tekisei_code+rotation_bin+ichi_shisu_juni,omo_tekisei_code,shiba_tekisei_code,rotation_bin,ichi_shisu_juni,237,69534,73.53,11.06,72.12,False
GLOBAL_条件戦,omo_tekisei_code+rotation_bin+joshodo_code+idm_decile,omo_tekisei_code,rotation_bin,joshodo_code,idm_decile,119,114386,74.44,12.9,72.12,False
GLOBAL_条件戦,kyori_kubun+kyori_tekisei+shiba_tekisei_code+ichi_shisu_juni,kyori_kubun,kyori_tekisei,shiba_tekisei_code,ichi_shisu_juni,199,71044,73.59,10.59,72.12,False
GLOBAL_条件戦,manken_shirushi+uma_start_shisu_decile+joshodo_code+bataiju,manken_shirushi,uma_start_shisu_decile,joshodo_code,bataiju,16,1663,78.82,13.67,72.12,False
GLOBAL_条件戦,umakigo_code+uma_start_shisu_decile+shiba_tekisei_code+bataiju,umakigo_code,uma_start_shisu_decile,shiba_tekisei_code,bataiju,281,55588,73.58,12.52,72.12,False
GLOBAL_条件戦,hizume_code+kyakushitsu+ichi_shisu_juni+idm_decile,hizume_code,kyakushitsu,ichi_shisu_juni,idm_decile,227,35498,73.9,13.77,72.11,False
GLOBAL_条件戦,kyori_tekisei+omo_tekisei_code+rotation_bin+idm_decile,kyori_tekisei,omo_tekisei_code,rotation_bin,idm_decile,256,101523,73.76,13.43,72.11,False
GLOBAL_条件戦,kyakushitsu+shiba_tekisei_code+rotation_bin+ichi_shisu_juni,kyakushitsu,shiba_tekisei_code,rotation_bin,ichi_shisu_juni,254,65234,73.46,10.96,72.11,False
GLOBAL_条件戦,manken_shirushi+uma_start_shisu_decile+shiba_tekisei_code+idm_decile,manken_shirushi,uma_start_shisu_decile,shiba_tekisei_code,idm_decile,182,34074,74.01,13.06,72.11,False
GLOBAL_条件戦,kyori_kubun+uma_start_shisu_decile+omo_tekisei_code+idm_decile,kyori_kubun,uma_start_shisu_decile,omo_tekisei_code,idm_decile,251,98651,73.8,13.61,72.11,False
GLOBAL_条件戦,keibajo_code+kyori_tekisei+kyakushitsu+idm_decile,keibajo_code,kyori_tekisei,kyakushitsu,idm_decile,435,121002,73.39,13.75,72.1,False
GLOBAL_条件戦,manken_shirushi+uma_start_shisu_decile+hizume_code+da_tekisei_code,manken_shirushi,uma_start_shisu_decile,hizume_code,da_tekisei_code,50,9067,75.5,12.27,72.1,False
GLOBAL_条件戦,kyori_kubun+keibajo_code+manken_shisu_decile+shiba_tekisei_code,kyori_kubun,keibajo_code,manken_shisu_decile,shiba_tekisei_code,295,71869,73.41,11.41,72.1,False
GLOBAL_条件戦,uma_deokure_bin+keibajo_code+manken_shisu_decile+ichi_shisu_juni,uma_deokure_bin,keibajo_code,manken_shisu_decile,ichi_shisu_juni,79,9664,74.86,12.57,72.09,False
GLOBAL_条件戦,kyori_kubun+umakigo_code+joshodo_code+idm_decile,kyori_kubun,umakigo_code,joshodo_code,idm_decile,73,149004,75.16,13.38,72.09,False
GLOBAL_条件戦,umakigo_code+shiba_tekisei_code+rotation_bin+bataiju,umakigo_code,shiba_tekisei_code,rotation_bin,bataiju,259,57900,73.45,11.21,72.09,False
GLOBAL_条件戦,umakigo_code+manken_shisu_decile+rotation_bin+joshodo_code,umakigo_code,manken_shisu_decile,rotation_bin,joshodo_code,83,113208,73.77,7.79,72.09,False
GLOBAL_条件戦,manken_shirushi+umakigo_code+kyakushitsu+idm_decile,manken_shirushi,umakigo_code,kyakushitsu,idm_decile,243,93910,73.68,12.59,72.09,False
GLOBAL_条件戦,uma_deokure_bin+uma_start_shisu_decile+kyakushitsu+idm_decile,uma_deokure_bin,uma_start_shisu_decile,kyakushitsu,idm_decile,205,96097,74.09,14.63,72.09,False
GLOBAL_条件戦,kyori_kubun+joshodo_code+idm_decile+bataiju,kyori_kubun,joshodo_code,idm_decile,bataiju,435,72396,73.39,13.85,72.09,False
GLOBAL_条件戦,uma_deokure_bin+kyori_tekisei+hizume_code+ichi_shisu_juni,uma_deokure_bin,kyori_tekisei,hizume_code,ichi_shisu_juni,305,60139,73.32,11.06,72.08,False
GLOBAL_条件戦,keibajo_code+kyori_tekisei+kyakushitsu+ichi_shisu_juni,keibajo_code,kyori_tekisei,kyakushitsu,ichi_shisu_juni,291,81198,73.59,13.09,72.08,False
GLOBAL_条件戦,pace_yoso+uma_start_shisu_decile+rotation_bin+ichi_shisu_juni,pace_yoso,uma_start_shisu_decile,rotation_bin,ichi_shisu_juni,234,44031,73.56,11.53,72.08,False
GLOBAL_条件戦,umakigo_code+keibajo_code+shiba_tekisei_code+bataiju,umakigo_code,keibajo_code,shiba_tekisei_code,bataiju,300,49131,73.37,11.45,72.08,False
GLOBAL_条件戦,uma_deokure_bin+hizume_code+joshodo_code+idm_decile,uma_deokure_bin,hizume_code,joshodo_code,idm_decile,160,104634,74.17,13.45,72.08,False
GLOBAL_条件戦,kyori_kubun+umakigo_code+manken_shisu_decile+kyakushitsu,kyori_kubun,umakigo_code,manken_shisu_decile,kyakushitsu,181,147974,73.35,8.75,72.08,False
GLOBAL_条件戦,uma_deokure_bin+manken_shisu_decile+joshodo_code+idm_decile,uma_deokure_bin,manken_shisu_decile,joshodo_code,idm_decile,155,109780,74.09,12.78,72.07,False
GLOBAL_条件戦,uma_deokure_bin+kyori_tekisei+hizume_code+bataiju,uma_deokure_bin,kyori_tekisei,hizume_code,bataiju,120,14383,74.15,11.65,72.07,False
GLOBAL_条件戦,umakigo_code+hizume_code+shiba_tekisei_code+idm_decile,umakigo_code,hizume_code,shiba_tekisei_code,idm_decile,121,80938,74.24,12.18,72.07,False
GLOBAL_条件戦,uma_deokure_bin+uma_start_shisu_decile+shiba_tekisei_code+ichi_shisu_juni,uma_deokure_bin,uma_start_shisu_decile,shiba_tekisei_code,ichi_shisu_juni,177,64152,73.66,10.85,72.07,False
GLOBAL_条件戦,keibajo_code+kyori_tekisei+joshodo_code+idm_decile,keibajo_code,kyori_tekisei,joshodo_code,idm_decile,269,140139,73.7,13.62,72.07,False
GLOBAL_条件戦,keibajo_code+da_tekisei_code+shiba_tekisei_code+idm_decile,keibajo_code,da_tekisei_code,shiba_tekisei_code,idm_decile,98,33914,74.53,12.5,72.06,False
GLOBAL_条件戦,omo_tekisei_code+rotation_bin+joshodo_code+ichi_shisu_juni,omo_tekisei_code,rotation_bin,joshodo_code,ichi_shisu_juni,211,103643,73.3,9.2,72.06,False
GLOBAL_条件戦,manken_shisu_decile+kyakushitsu+ichi_shisu_juni+bataiju,manken_shisu_decile,kyakushitsu,ichi_shisu_juni,bataiju,111,14447,74.24,11.72,72.06,False
GLOBAL_条件戦,kyori_kubun+umakigo_code+kyakushitsu+shiba_tekisei_code,kyori_kubun,umakigo_code,kyakushitsu,shiba_tekisei_code,43,89124,74.23,7.31,72.05,False
GLOBAL_条件戦,pace_yoso+keibajo_code+manken_shisu_decile+shiba_tekisei_code,pace_yoso,keibajo_code,manken_shisu_decile,shiba_tekisei_code,281,68405,73.26,10.42,72.05,False
GLOBAL_条件戦,da_tekisei_code+rotation_bin+ichi_shisu_juni+idm_decile,da_tekisei_code,rotation_bin,ichi_shisu_juni,idm_decile,212,33192,74.13,15.43,72.05,False
GLOBAL_条件戦,pace_yoso+kyori_kubun+kyori_tekisei+bataiju,pace_yoso,kyori_kubun,kyori_tekisei,bataiju,412,81468,73.1,10.92,72.04,False
GLOBAL_条件戦,umakigo_code+shiba_tekisei_code+rotation_bin+ichi_shisu_juni,umakigo_code,shiba_tekisei_code,rotation_bin,ichi_shisu_juni,163,77019,73.56,9.93,72.04,False
GLOBAL_条件戦,kyori_tekisei+kyakushitsu+rotation_bin+idm_decile,kyori_tekisei,kyakushitsu,rotation_bin,idm_decile,336,95311,73.46,13.3,72.04,False
GLOBAL_条件戦,keibajo_code+hizume_code+manken_shisu_decile+idm_decile,keibajo_code,hizume_code,manken_shisu_decile,idm_decile,121,15878,74.59,14.33,72.04,False
GLOBAL_条件戦,manken_shisu_decile+da_tekisei_code+joshodo_code+bataiju,manken_shisu_decile,da_tekisei_code,joshodo_code,bataiju,218,30849,73.62,11.86,72.04,False
GLOBAL_条件戦,keibajo_code+omo_tekisei_code+joshodo_code+ichi_shisu_juni,keibajo_code,omo_tekisei_code,joshodo_code,ichi_shisu_juni,307,106955,73.1,9.46,72.04,False
GLOBAL_条件戦,uma_deokure_bin+manken_shisu_decile+shiba_tekisei_code+idm_decile,uma_deokure_bin,manken_shisu_decile,shiba_tekisei_code,idm_decile,176,76016,73.85,12.21,72.04,False
GLOBAL_条件戦,hizume_code+da_tekisei_code+joshodo_code+idm_decile,hizume_code,da_tekisei_code,joshodo_code,idm_decile,104,62848,74.73,14.02,72.04,False
GLOBAL_条件戦,hizume_code+da_tekisei_code+joshodo_code+bataiju,hizume_code,da_tekisei_code,joshodo_code,bataiju,170,31918,73.84,12.09,72.03,False
GLOBAL_条件戦,uma_deokure_bin+rotation_bin+joshodo_code+ichi_shisu_juni,uma_deokure_bin,rotation_bin,joshodo_code,ichi_shisu_juni,206,101233,73.31,9.37,72.03,False
GLOBAL_条件戦,umakigo_code+hizume_code+joshodo_code+idm_decile,umakigo_code,hizume_code,joshodo_code,idm_decile,111,112266,74.39,12.71,72.03,False
GLOBAL_条件戦,manken_shirushi+keibajo_code+uma_start_shisu_decile+shiba_tekisei_code,manken_shirushi,keibajo_code,uma_start_shisu_decile,shiba_tekisei_code,99,17548,74.04,10.24,72.02,False
GLOBAL_条件戦,manken_shirushi+kyori_kubun+da_tekisei_code+shiba_tekisei_code,manken_shirushi,kyori_kubun,da_tekisei_code,shiba_tekisei_code,77,24780,74.61,11.57,72.02,False
GLOBAL_条件戦,kyori_tekisei+manken_shisu_decile+ichi_shisu_juni+bataiju,kyori_tekisei,manken_shisu_decile,ichi_shisu_juni,bataiju,133,17957,73.96,11.41,72.02,False
GLOBAL_条件戦,umakigo_code+keibajo_code+omo_tekisei_code+ichi_shisu_juni,umakigo_code,keibajo_code,omo_tekisei_code,ichi_shisu_juni,307,105474,73.09,9.52,72.02,False
GLOBAL_条件戦,kyori_kubun+uma_start_shisu_decile+da_tekisei_code+ichi_shisu_juni,kyori_kubun,uma_start_shisu_decile,da_tekisei_code,ichi_shisu_juni,199,40512,73.82,12.96,72.02,False
GLOBAL_条件戦,uma_start_shisu_decile+manken_shisu_decile+kyakushitsu+shiba_tekisei_code,uma_start_shisu_decile,manken_shisu_decile,kyakushitsu,shiba_tekisei_code,230,67729,73.39,10.62,72.01,False
GLOBAL_条件戦,keibajo_code+shiba_tekisei_code+joshodo_code+bataiju,keibajo_code,shiba_tekisei_code,joshodo_code,bataiju,301,50206,73.27,11.19,72.01,False
GLOBAL_条件戦,uma_start_shisu_decile+kyakushitsu+shiba_tekisei_code+ichi_shisu_juni,uma_start_shisu_decile,kyakushitsu,shiba_tekisei_code,ichi_shisu_juni,223,63677,73.31,9.86,72.01,False
GLOBAL_条件戦,hizume_code+kyakushitsu+shiba_tekisei_code+ichi_shisu_juni,hizume_code,kyakushitsu,shiba_tekisei_code,ichi_shisu_juni,234,54258,73.25,9.67,72.01,False
GLOBAL_条件戦,uma_start_shisu_decile+kyori_tekisei+rotation_bin+ichi_shisu_juni,uma_start_shisu_decile,kyori_tekisei,rotation_bin,ichi_shisu_juni,201,34587,73.62,11.7,72.01,False
GLOBAL_条件戦,umakigo_code+omo_tekisei_code+rotation_bin+ichi_shisu_juni,umakigo_code,omo_tekisei_code,rotation_bin,ichi_shisu_juni,211,102183,73.29,9.46,72.01,False
GLOBAL_条件戦,pace_yoso+umakigo_code+keibajo_code+ichi_shisu_juni,pace_yoso,umakigo_code,keibajo_code,ichi_shisu_juni,380,138689,73.07,10.58,72.0,False
GLOBAL_条件戦,uma_start_shisu_decile+kyori_tekisei+shiba_tekisei_code+ichi_shisu_juni,uma_start_shisu_decile,kyori_tekisei,shiba_tekisei_code,ichi_shisu_juni,220,54135,73.5,11.38,72.0,False
GLOBAL_条件戦,kyori_kubun+shiba_tekisei_code+joshodo_code+ichi_shisu_juni,kyori_kubun,shiba_tekisei_code,joshodo_code,ichi_shisu_juni,111,81107,73.71,9.19,72.0,False
GLOBAL_条件戦,pace_yoso+shiba_tekisei_code+rotation_bin+bataiju,pace_yoso,shiba_tekisei_code,rotation_bin,bataiju,197,26295,73.68,12.08,71.99,False
GLOBAL_条件戦,kyori_kubun+shiba_tekisei_code+rotation_bin+bataiju,kyori_kubun,shiba_tekisei_code,rotation_bin,bataiju,145,19639,74.09,12.88,71.99,False
GLOBAL_条件戦,uma_deokure_bin+umakigo_code+rotation_bin+ichi_shisu_juni,uma_deokure_bin,umakigo_code,rotation_bin,ichi_shisu_juni,206,99663,73.27,9.46,71.98,False
GLOBAL_条件戦,umakigo_code+shiba_tekisei_code+joshodo_code+idm_decile,umakigo_code,shiba_tekisei_code,joshodo_code,idm_decile,33,89621,76.01,11.82,71.98,False
GLOBAL_条件戦,uma_deokure_bin+keibajo_code+shiba_tekisei_code+idm_decile,uma_deokure_bin,keibajo_code,shiba_tekisei_code,idm_decile,190,77035,73.81,12.91,71.98,False
GLOBAL_条件戦,keibajo_code+rotation_bin+joshodo_code+idm_decile,keibajo_code,rotation_bin,joshodo_code,idm_decile,314,107960,73.46,13.38,71.98,False
GLOBAL_条件戦,manken_shisu_decile+omo_tekisei_code+shiba_tekisei_code+ichi_shisu_juni,manken_shisu_decile,omo_tekisei_code,shiba_tekisei_code,ichi_shisu_juni,315,65568,73.36,12.49,71.98,False
GLOBAL_条件戦,kyori_kubun+uma_start_shisu_decile+kyori_tekisei+bataiju,kyori_kubun,uma_start_shisu_decile,kyori_tekisei,bataiju,124,17330,74.13,12.27,71.97,False
GLOBAL_条件戦,manken_shisu_decile+da_tekisei_code+shiba_tekisei_code+ichi_shisu_juni,manken_shisu_decile,da_tekisei_code,shiba_tekisei_code,ichi_shisu_juni,134,23451,74.15,12.86,71.97,False
GLOBAL_条件戦,uma_deokure_bin+kyori_kubun+shiba_tekisei_code+ichi_shisu_juni,uma_deokure_bin,kyori_kubun,shiba_tekisei_code,ichi_shisu_juni,168,72919,73.49,10.06,71.97,False
GLOBAL_条件戦,omo_tekisei_code+joshodo_code+idm_decile+bataiju,omo_tekisei_code,joshodo_code,idm_decile,bataiju,442,87563,73.19,13.04,71.97,False
GLOBAL_条件戦,uma_deokure_bin+manken_shirushi+shiba_tekisei_code+idm_decile,uma_deokure_bin,manken_shirushi,shiba_tekisei_code,idm_decile,144,49219,74.02,12.55,71.97,False
GLOBAL_条件戦,keibajo_code+uma_start_shisu_decile+hizume_code+da_tekisei_code,keibajo_code,uma_start_shisu_decile,hizume_code,da_tekisei_code,137,25646,74.14,12.96,71.97,False
GLOBAL_条件戦,uma_deokure_bin+umakigo_code+hizume_code+idm_decile,uma_deokure_bin,umakigo_code,hizume_code,idm_decile,159,102369,74.07,13.5,71.97,False
GLOBAL_条件戦,uma_deokure_bin+uma_start_shisu_decile+omo_tekisei_code+bataiju,uma_deokure_bin,uma_start_shisu_decile,omo_tekisei_code,bataiju,224,46055,73.43,11.26,71.96,False
GLOBAL_条件戦,keibajo_code+kyori_tekisei+rotation_bin+idm_decile,keibajo_code,kyori_tekisei,rotation_bin,idm_decile,336,67439,73.36,13.21,71.95,False
GLOBAL_条件戦,umakigo_code+hizume_code+shiba_tekisei_code+joshodo_code,umakigo_code,hizume_code,shiba_tekisei_code,joshodo_code,46,86712,74.17,7.68,71.95,False
GLOBAL_条件戦,kyori_tekisei+omo_tekisei_code+shiba_tekisei_code+bataiju,kyori_tekisei,omo_tekisei_code,shiba_tekisei_code,bataiju,233,48707,73.51,12.15,71.95,False
GLOBAL_条件戦,kyori_tekisei+joshodo_code+ichi_shisu_juni+bataiju,kyori_tekisei,joshodo_code,ichi_shisu_juni,bataiju,76,28385,73.86,8.54,71.94,False
GLOBAL_条件戦,manken_shirushi+kyori_kubun+manken_shisu_decile+idm_decile,manken_shirushi,kyori_kubun,manken_shisu_decile,idm_decile,354,60888,73.32,13.19,71.94,False
GLOBAL_条件戦,hizume_code+da_tekisei_code+rotation_bin+idm_decile,hizume_code,da_tekisei_code,rotation_bin,idm_decile,193,44210,73.81,13.27,71.94,False
GLOBAL_条件戦,uma_deokure_bin+shiba_tekisei_code+rotation_bin+ichi_shisu_juni,uma_deokure_bin,shiba_tekisei_code,rotation_bin,ichi_shisu_juni,221,66160,73.36,10.85,71.93,False
GLOBAL_条件戦,kyori_tekisei+hizume_code+da_tekisei_code+idm_decile,kyori_tekisei,hizume_code,da_tekisei_code,idm_decile,163,51561,74.09,14.08,71.93,False
GLOBAL_条件戦,uma_deokure_bin+keibajo_code+da_tekisei_code+ichi_shisu_juni,uma_deokure_bin,keibajo_code,da_tekisei_code,ichi_shisu_juni,245,42794,73.65,13.79,71.93,False
GLOBAL_条件戦,kyori_tekisei+manken_shisu_decile+kyakushitsu+ichi_shisu_juni,kyori_tekisei,manken_shisu_decile,kyakushitsu,ichi_shisu_juni,336,79543,73.47,14.37,71.93,False
GLOBAL_条件戦,manken_shirushi+umakigo_code+shiba_tekisei_code+bataiju,manken_shirushi,umakigo_code,shiba_tekisei_code,bataiju,193,24982,73.6,11.81,71.93,False
GLOBAL_条件戦,manken_shirushi+umakigo_code+uma_start_shisu_decile+bataiju,manken_shirushi,umakigo_code,uma_start_shisu_decile,bataiju,11,1135,79.78,13.29,71.92,False
GLOBAL_条件戦,kyori_kubun+da_tekisei_code+ichi_shisu_juni+idm_decile,kyori_kubun,da_tekisei_code,ichi_shisu_juni,idm_decile,220,46408,73.85,14.55,71.92,False
GLOBAL_条件戦,umakigo_code+kyori_tekisei+manken_shisu_decile+joshodo_code,umakigo_code,kyori_tekisei,manken_shisu_decile,joshodo_code,64,141041,73.77,7.52,71.92,False
GLOBAL_条件戦,kyori_kubun+keibajo_code+manken_shisu_decile+joshodo_code,kyori_kubun,keibajo_code,manken_shisu_decile,joshodo_code,387,138887,72.96,10.43,71.92,False
GLOBAL_条件戦,hizume_code+omo_tekisei_code+shiba_tekisei_code+ichi_shisu_juni,hizume_code,omo_tekisei_code,shiba_tekisei_code,ichi_shisu_juni,228,61079,73.27,10.39,71.92,False
GLOBAL_条件戦,kyori_kubun+umakigo_code+kyakushitsu+joshodo_code,kyori_kubun,umakigo_code,kyakushitsu,joshodo_code,47,151388,74.17,7.91,71.91,False
GLOBAL_条件戦,keibajo_code+hizume_code+da_tekisei_code+ichi_shisu_juni,keibajo_code,hizume_code,da_tekisei_code,ichi_shisu_juni,67,8894,75.28,14.08,71.91,False
GLOBAL_条件戦,kyori_kubun+kyori_tekisei+rotation_bin+joshodo_code,kyori_kubun,kyori_tekisei,rotation_bin,joshodo_code,96,112657,73.82,9.56,71.91,False
GLOBAL_条件戦,shiba_tekisei_code+rotation_bin+joshodo_code+ichi_shisu_juni,shiba_tekisei_code,rotation_bin,joshodo_code,ichi_shisu_juni,163,77826,73.41,9.79,71.91,False
GLOBAL_条件戦,pace_yoso+hizume_code+da_tekisei_code+bataiju,pace_yoso,hizume_code,da_tekisei_code,bataiju,101,12292,74.36,12.56,71.91,False
GLOBAL_条件戦,uma_deokure_bin+keibajo_code+joshodo_code+ichi_shisu_juni,uma_deokure_bin,keibajo_code,joshodo_code,ichi_shisu_juni,285,101401,73.03,9.74,71.9,False
GLOBAL_条件戦,uma_deokure_bin+kyakushitsu+ichi_shisu_juni+bataiju,uma_deokure_bin,kyakushitsu,ichi_shisu_juni,bataiju,35,4000,75.46,10.73,71.9,False
GLOBAL_条件戦,uma_start_shisu_decile+hizume_code+kyakushitsu+ichi_shisu_juni,uma_start_shisu_decile,hizume_code,kyakushitsu,ichi_shisu_juni,172,35669,73.41,10.06,71.9,False
GLOBAL_条件戦,manken_shirushi+kyori_tekisei+shiba_tekisei_code+ichi_shisu_juni,manken_shirushi,kyori_tekisei,shiba_tekisei_code,ichi_shisu_juni,159,23159,73.82,12.33,71.9,False
GLOBAL_条件戦,keibajo_code+uma_start_shisu_decile+hizume_code+ichi_shisu_juni,keibajo_code,uma_start_shisu_decile,hizume_code,ichi_shisu_juni,65,10504,74.6,11.11,71.9,False
GLOBAL_条件戦,uma_deokure_bin+umakigo_code+manken_shisu_decile+idm_decile,uma_deokure_bin,umakigo_code,manken_shisu_decile,idm_decile,155,107430,73.9,12.73,71.9,False
GLOBAL_条件戦,kyori_kubun+kyakushitsu+shiba_tekisei_code+idm_decile,kyori_kubun,kyakushitsu,shiba_tekisei_code,idm_decile,147,86578,73.95,12.74,71.89,False
GLOBAL_条件戦,kyori_tekisei+hizume_code+kyakushitsu+idm_decile,kyori_tekisei,hizume_code,kyakushitsu,idm_decile,324,81579,73.29,12.78,71.89,False
GLOBAL_条件戦,keibajo_code+joshodo_code+idm_decile+bataiju,keibajo_code,joshodo_code,idm_decile,bataiju,56,6094,75.46,13.64,71.89,False
GLOBAL_条件戦,kyori_kubun+hizume_code+da_tekisei_code+ichi_shisu_juni,kyori_kubun,hizume_code,da_tekisei_code,ichi_shisu_juni,172,32477,73.71,12.13,71.89,False
GLOBAL_条件戦,uma_deokure_bin+kyori_tekisei+manken_shisu_decile+idm_decile,uma_deokure_bin,kyori_tekisei,manken_shisu_decile,idm_decile,339,94805,73.32,13.42,71.89,False
GLOBAL_条件戦,kyori_kubun+kyori_tekisei+kyakushitsu+joshodo_code,kyori_kubun,kyori_tekisei,kyakushitsu,joshodo_code,65,145943,73.68,7.39,71.89,False
GLOBAL_条件戦,umakigo_code+keibajo_code+manken_shisu_decile+joshodo_code,umakigo_code,keibajo_code,manken_shisu_decile,joshodo_code,161,141788,73.08,7.78,71.88,False
GLOBAL_条件戦,uma_deokure_bin+umakigo_code+keibajo_code+ichi_shisu_juni,uma_deokure_bin,umakigo_code,keibajo_code,ichi_shisu_juni,284,99733,73.03,9.91,71.88,False
GLOBAL_条件戦,kyori_kubun+kyori_tekisei+shiba_tekisei_code+bataiju,kyori_kubun,kyori_tekisei,shiba_tekisei_code,bataiju,284,49803,73.21,11.52,71.87,False
GLOBAL_条件戦,pace_yoso+da_tekisei_code+omo_tekisei_code+bataiju,pace_yoso,da_tekisei_code,omo_tekisei_code,bataiju,177,38764,73.48,10.93,71.87,False
GLOBAL_条件戦,pace_yoso+kyakushitsu+rotation_bin+joshodo_code,pace_yoso,kyakushitsu,rotation_bin,joshodo_code,90,111046,73.42,7.5,71.87,False
GLOBAL_条件戦,kyori_kubun+kyakushitsu+rotation_bin+joshodo_code,kyori_kubun,kyakushitsu,rotation_bin,joshodo_code,114,117878,73.19,7.23,71.87,False
GLOBAL_条件戦,kyori_kubun+umakigo_code+kyori_tekisei+ichi_shisu_juni,kyori_kubun,umakigo_code,kyori_tekisei,ichi_shisu_juni,187,136878,73.32,10.11,71.87,False
GLOBAL_条件戦,kyori_kubun+uma_start_shisu_decile+manken_shisu_decile+shiba_tekisei_code,kyori_kubun,uma_start_shisu_decile,manken_shisu_decile,shiba_tekisei_code,240,66933,73.27,11.12,71.86,False
GLOBAL_条件戦,kyori_tekisei+hizume_code+manken_shisu_decile+idm_decile,kyori_tekisei,hizume_code,manken_shisu_decile,idm_decile,274,49131,73.39,12.89,71.86,False
GLOBAL_条件戦,manken_shisu_decile+joshodo_code+idm_decile+bataiju,manken_shisu_decile,joshodo_code,idm_decile,bataiju,30,3183,77.29,15.16,71.86,False
GLOBAL_条件戦,uma_start_shisu_decile+kyori_tekisei+rotation_bin+idm_decile,uma_start_shisu_decile,kyori_tekisei,rotation_bin,idm_decile,296,66372,73.52,14.55,71.86,False
GLOBAL_条件戦,manken_shirushi+kyori_kubun+kyori_tekisei+idm_decile,manken_shirushi,kyori_kubun,kyori_tekisei,idm_decile,271,80376,73.46,13.52,71.85,False
GLOBAL_条件戦,umakigo_code+omo_tekisei_code+joshodo_code+idm_decile,umakigo_code,omo_tekisei_code,joshodo_code,idm_decile,50,120183,75.15,11.9,71.85,False
GLOBAL_条件戦,umakigo_code+manken_shisu_decile+shiba_tekisei_code+idm_decile,umakigo_code,manken_shisu_decile,shiba_tekisei_code,idm_decile,114,84114,74.05,11.99,71.85,False
GLOBAL_条件戦,keibajo_code+kyakushitsu+ichi_shisu_juni+bataiju,keibajo_code,kyakushitsu,ichi_shisu_juni,bataiju,84,10361,74.22,11.1,71.84,False
GLOBAL_条件戦,uma_start_shisu_decile+omo_tekisei_code+idm_decile+bataiju,uma_start_shisu_decile,omo_tekisei_code,idm_decile,bataiju,86,9756,74.82,14.11,71.84,False
GLOBAL_条件戦,uma_deokure_bin+kyori_kubun+idm_decile+bataiju,uma_deokure_bin,kyori_kubun,idm_decile,bataiju,166,21111,73.89,13.45,71.84,False
GLOBAL_条件戦,pace_yoso+shiba_tekisei_code+rotation_bin+ichi_shisu_juni,pace_yoso,shiba_tekisei_code,rotation_bin,ichi_shisu_juni,265,66190,73.07,10.2,71.84,False
GLOBAL_条件戦,umakigo_code+shiba_tekisei_code+rotation_bin+idm_decile,umakigo_code,shiba_tekisei_code,rotation_bin,idm_decile,97,86188,74.38,12.74,71.84,False
GLOBAL_条件戦,manken_shirushi+kyori_kubun+kyakushitsu+idm_decile,manken_shirushi,kyori_kubun,kyakushitsu,idm_decile,369,71908,73.27,14.0,71.84,False
GLOBAL_条件戦,uma_deokure_bin+rotation_bin+idm_decile+bataiju,uma_deokure_bin,rotation_bin,idm_decile,bataiju,9,931,80.33,13.02,71.83,False
GLOBAL_条件戦,kyori_kubun+umakigo_code+shiba_tekisei_code+ichi_shisu_juni,kyori_kubun,umakigo_code,shiba_tekisei_code,ichi_shisu_juni,111,80300,73.58,9.45,71.83,False
GLOBAL_条件戦,pace_yoso+kyakushitsu+ichi_shisu_juni+bataiju,pace_yoso,kyakushitsu,ichi_shisu_juni,bataiju,71,27188,73.67,7.93,71.83,False
GLOBAL_条件戦,manken_shisu_decile+omo_tekisei_code+rotation_bin+idm_decile,manken_shisu_decile,omo_tekisei_code,rotation_bin,idm_decile,418,88960,73.15,13.79,71.83,False
GLOBAL_条件戦,uma_deokure_bin+manken_shisu_decile+kyakushitsu+idm_decile,uma_deokure_bin,manken_shisu_decile,kyakushitsu,idm_decile,330,97358,73.23,12.99,71.83,False
GLOBAL_条件戦,keibajo_code+da_tekisei_code+omo_tekisei_code+ichi_shisu_juni,keibajo_code,da_tekisei_code,omo_tekisei_code,ichi_shisu_juni,250,45186,73.41,12.76,71.83,False
GLOBAL_条件戦,pace_yoso+uma_start_shisu_decile+shiba_tekisei_code+ichi_shisu_juni,pace_yoso,uma_start_shisu_decile,shiba_tekisei_code,ichi_shisu_juni,250,65744,73.11,10.48,71.82,False
GLOBAL_条件戦,kyori_kubun+da_tekisei_code+rotation_bin+idm_decile,kyori_kubun,da_tekisei_code,rotation_bin,idm_decile,165,62081,74.16,15.3,71.82,False
GLOBAL_条件戦,keibajo_code+joshodo_code+ichi_shisu_juni+bataiju,keibajo_code,joshodo_code,ichi_shisu_juni,bataiju,59,6990,74.87,11.95,71.82,False
GLOBAL_条件戦,kyori_kubun+kyori_tekisei+kyakushitsu+ichi_shisu_juni,kyori_kubun,kyori_tekisei,kyakushitsu,ichi_shisu_juni,311,124899,73.24,12.79,71.82,False
GLOBAL_条件戦,kyori_kubun+umakigo_code+kyakushitsu+rotation_bin,kyori_kubun,umakigo_code,kyakushitsu,rotation_bin,117,115710,73.12,7.23,71.81,False
GLOBAL_条件戦,manken_shirushi+kyori_kubun+shiba_tekisei_code+idm_decile,manken_shirushi,kyori_kubun,shiba_tekisei_code,idm_decile,179,48720,73.7,12.89,71.81,False
GLOBAL_条件戦,manken_shirushi+keibajo_code+uma_start_shisu_decile+da_tekisei_code,manken_shirushi,keibajo_code,uma_start_shisu_decile,da_tekisei_code,78,10641,74.48,12.02,71.81,False
GLOBAL_条件戦,umakigo_code+hizume_code+shiba_tekisei_code+bataiju,umakigo_code,hizume_code,shiba_tekisei_code,bataiju,238,48529,73.37,12.31,71.81,False
GLOBAL_条件戦,kyori_kubun+umakigo_code+keibajo_code+ichi_shisu_juni,kyori_kubun,umakigo_code,keibajo_code,ichi_shisu_juni,364,134340,72.91,10.67,71.81,False
GLOBAL_条件戦,kyori_kubun+uma_start_shisu_decile+shiba_tekisei_code+ichi_shisu_juni,kyori_kubun,uma_start_shisu_decile,shiba_tekisei_code,ichi_shisu_juni,242,59617,73.25,11.55,71.8,False
GLOBAL_条件戦,pace_yoso+da_tekisei_code+ichi_shisu_juni+idm_decile,pace_yoso,da_tekisei_code,ichi_shisu_juni,idm_decile,200,49965,73.82,14.59,71.8,False
GLOBAL_条件戦,pace_yoso+kyori_kubun+kyori_tekisei+kyakushitsu,pace_yoso,kyori_kubun,kyori_tekisei,kyakushitsu,146,141257,73.47,10.3,71.8,False
GLOBAL_条件戦,uma_deokure_bin+manken_shisu_decile+omo_tekisei_code+idm_decile,uma_deokure_bin,manken_shisu_decile,omo_tekisei_code,idm_decile,243,101425,73.39,12.71,71.8,False
GLOBAL_条件戦,pace_yoso+keibajo_code+kyakushitsu+bataiju,pace_yoso,keibajo_code,kyakushitsu,bataiju,74,9095,74.22,10.6,71.8,False
GLOBAL_条件戦,keibajo_code+manken_shisu_decile+da_tekisei_code+shiba_tekisei_code,keibajo_code,manken_shisu_decile,da_tekisei_code,shiba_tekisei_code,119,29800,73.99,12.21,71.79,False
GLOBAL_条件戦,uma_start_shisu_decile+kyori_tekisei+hizume_code+ichi_shisu_juni,uma_start_shisu_decile,kyori_tekisei,hizume_code,ichi_shisu_juni,142,25631,73.78,12.12,71.79,False
GLOBAL_条件戦,uma_start_shisu_decile+omo_tekisei_code+rotation_bin+idm_decile,uma_start_shisu_decile,omo_tekisei_code,rotation_bin,idm_decile,318,87838,73.39,14.59,71.79,False
GLOBAL_条件戦,uma_deokure_bin+kyori_tekisei+rotation_bin+idm_decile,uma_deokure_bin,kyori_tekisei,rotation_bin,idm_decile,258,98468,73.42,13.39,71.79,False
GLOBAL_条件戦,umakigo_code+kyori_tekisei+omo_tekisei_code+idm_decile,umakigo_code,kyori_tekisei,omo_tekisei_code,idm_decile,84,113472,74.85,14.34,71.79,False
GLOBAL_条件戦,hizume_code+shiba_tekisei_code+joshodo_code+bataiju,hizume_code,shiba_tekisei_code,joshodo_code,bataiju,248,50470,73.33,12.42,71.79,False
GLOBAL_条件戦,pace_yoso+umakigo_code+shiba_tekisei_code+rotation_bin,pace_yoso,umakigo_code,shiba_tekisei_code,rotation_bin,51,82501,74.28,9.1,71.78,False
GLOBAL_条件戦,pace_yoso+uma_start_shisu_decile+omo_tekisei_code+idm_decile,pace_yoso,uma_start_shisu_decile,omo_tekisei_code,idm_decile,231,102479,73.56,13.78,71.78,False
GLOBAL_条件戦,keibajo_code+hizume_code+kyakushitsu+shiba_tekisei_code,keibajo_code,hizume_code,kyakushitsu,shiba_tekisei_code,252,64254,73.06,10.47,71.77,False
GLOBAL_条件戦,pace_yoso+umakigo_code+da_tekisei_code+idm_decile,pace_yoso,umakigo_code,da_tekisei_code,idm_decile,43,62771,76.25,15.02,71.76,False
GLOBAL_条件戦,uma_start_shisu_decile+hizume_code+shiba_tekisei_code+rotation_bin,uma_start_shisu_decile,hizume_code,shiba_tekisei_code,rotation_bin,196,50604,73.22,10.44,71.76,False
GLOBAL_条件戦,kyori_kubun+umakigo_code+uma_start_shisu_decile+idm_decile,kyori_kubun,umakigo_code,uma_start_shisu_decile,idm_decile,170,106709,73.91,14.34,71.75,False
GLOBAL_条件戦,uma_deokure_bin+da_tekisei_code+rotation_bin+bataiju,uma_deokure_bin,da_tekisei_code,rotation_bin,bataiju,141,17914,73.84,12.68,71.75,False
GLOBAL_条件戦,kyori_tekisei+kyakushitsu+omo_tekisei_code+idm_decile,kyori_tekisei,kyakushitsu,omo_tekisei_code,idm_decile,207,111812,73.54,13.17,71.75,False
GLOBAL_条件戦,uma_start_shisu_decile+kyori_tekisei+kyakushitsu+idm_decile,uma_start_shisu_decile,kyori_tekisei,kyakushitsu,idm_decile,301,87160,73.42,14.83,71.75,False
GLOBAL_条件戦,pace_yoso+uma_start_shisu_decile+kyori_tekisei+ichi_shisu_juni,pace_yoso,uma_start_shisu_decile,kyori_tekisei,ichi_shisu_juni,319,65125,73.05,11.86,71.75,False
GLOBAL_条件戦,uma_deokure_bin+kyakushitsu+shiba_tekisei_code+bataiju,uma_deokure_bin,kyakushitsu,shiba_tekisei_code,bataiju,250,51357,73.08,10.68,71.75,False
GLOBAL_条件戦,umakigo_code+omo_tekisei_code+rotation_bin+idm_decile,umakigo_code,omo_tekisei_code,rotation_bin,idm_decile,122,112309,73.98,12.61,71.74,False
GLOBAL_条件戦,umakigo_code+hizume_code+da_tekisei_code+idm_decile,umakigo_code,hizume_code,da_tekisei_code,idm_decile,107,61551,74.38,13.94,71.74,False
GLOBAL_条件戦,kyori_kubun+kyakushitsu+shiba_tekisei_code+ichi_shisu_juni,kyori_kubun,kyakushitsu,shiba_tekisei_code,ichi_shisu_juni,198,74599,73.21,10.6,71.74,False
GLOBAL_条件戦,uma_start_shisu_decile+kyori_tekisei+manken_shisu_decile+rotation_bin,uma_start_shisu_decile,kyori_tekisei,manken_shisu_decile,rotation_bin,241,45234,73.29,12.29,71.74,False
GLOBAL_条件戦,pace_yoso+manken_shisu_decile+joshodo_code+ichi_shisu_juni,pace_yoso,manken_shisu_decile,joshodo_code,ichi_shisu_juni,399,131356,72.86,11.46,71.73,False
GLOBAL_条件戦,uma_deokure_bin+kyori_kubun+da_tekisei_code+bataiju,uma_deokure_bin,kyori_kubun,da_tekisei_code,bataiju,192,32819,73.43,12.09,71.72,False
GLOBAL_条件戦,umakigo_code+da_tekisei_code+shiba_tekisei_code+joshodo_code,umakigo_code,da_tekisei_code,shiba_tekisei_code,joshodo_code,13,40537,76.3,8.43,71.72,False
GLOBAL_条件戦,uma_deokure_bin+manken_shisu_decile+da_tekisei_code+ichi_shisu_juni,uma_deokure_bin,manken_shisu_decile,da_tekisei_code,ichi_shisu_juni,240,41884,73.4,13.21,71.72,False
GLOBAL_条件戦,pace_yoso+hizume_code+shiba_tekisei_code+ichi_shisu_juni,pace_yoso,hizume_code,shiba_tekisei_code,ichi_shisu_juni,246,55127,73.0,10.32,71.71,False
GLOBAL_条件戦,keibajo_code+hizume_code+shiba_tekisei_code+rotation_bin,keibajo_code,hizume_code,shiba_tekisei_code,rotation_bin,235,50423,73.07,10.63,71.71,False
GLOBAL_条件戦,kyori_tekisei+manken_shisu_decile+omo_tekisei_code+idm_decile,kyori_tekisei,manken_shisu_decile,omo_tekisei_code,idm_decile,339,98406,73.14,13.4,71.71,False
GLOBAL_条件戦,umakigo_code+omo_tekisei_code+idm_decile+bataiju,umakigo_code,omo_tekisei_code,idm_decile,bataiju,433,85013,72.95,13.19,71.7,False
GLOBAL_条件戦,pace_yoso+kyori_tekisei+ichi_shisu_juni+bataiju,pace_yoso,kyori_tekisei,ichi_shisu_juni,bataiju,82,29876,73.64,8.97,71.7,False
GLOBAL_条件戦,kyori_kubun+umakigo_code+manken_shisu_decile+joshodo_code,kyori_kubun,umakigo_code,manken_shisu_decile,joshodo_code,82,145321,73.5,8.29,71.7,False
GLOBAL_条件戦,uma_start_shisu_decile+manken_shisu_decile+da_tekisei_code+rotation_bin,uma_start_shisu_decile,manken_shisu_decile,da_tekisei_code,rotation_bin,187,33169,73.66,13.68,71.7,False
GLOBAL_条件戦,uma_start_shisu_decile+omo_tekisei_code+shiba_tekisei_code+ichi_shisu_juni,uma_start_shisu_decile,omo_tekisei_code,shiba_tekisei_code,ichi_shisu_juni,229,68040,73.04,10.3,71.7,False
GLOBAL_条件戦,manken_shisu_decile+da_tekisei_code+kyakushitsu+ichi_shisu_juni,manken_shisu_decile,da_tekisei_code,kyakushitsu,ichi_shisu_juni,246,39235,73.37,13.44,71.69,False
GLOBAL_条件戦,uma_deokure_bin+kyori_kubun+uma_start_shisu_decile+bataiju,uma_deokure_bin,kyori_kubun,uma_start_shisu_decile,bataiju,185,35919,73.14,10.02,71.69,False
GLOBAL_条件戦,uma_deokure_bin+hizume_code+shiba_tekisei_code+idm_decile,uma_deokure_bin,hizume_code,shiba_tekisei_code,idm_decile,169,71921,73.57,12.44,71.69,False
GLOBAL_条件戦,umakigo_code+keibajo_code+uma_start_shisu_decile+idm_decile,umakigo_code,keibajo_code,uma_start_shisu_decile,idm_decile,327,97919,73.25,14.39,71.69,False
GLOBAL_条件戦,pace_yoso+kyakushitsu+shiba_tekisei_code+joshodo_code,pace_yoso,kyakushitsu,shiba_tekisei_code,joshodo_code,29,83246,74.71,8.31,71.69,False
GLOBAL_条件戦,uma_start_shisu_decile+da_tekisei_code+rotation_bin+idm_decile,uma_start_shisu_decile,da_tekisei_code,rotation_bin,idm_decile,194,47053,73.87,15.55,71.68,False
GLOBAL_条件戦,pace_yoso+kyori_tekisei+manken_shisu_decile+joshodo_code,pace_yoso,kyori_tekisei,manken_shisu_decile,joshodo_code,135,135257,73.38,10.12,71.68,False
GLOBAL_条件戦,pace_yoso+kyori_kubun+joshodo_code+ichi_shisu_juni,pace_yoso,kyori_kubun,joshodo_code,ichi_shisu_juni,174,138040,72.94,8.56,71.67,False
GLOBAL_条件戦,uma_deokure_bin+omo_tekisei_code+shiba_tekisei_code+bataiju,uma_deokure_bin,omo_tekisei_code,shiba_tekisei_code,bataiju,249,62058,73.0,10.69,71.67,False
GLOBAL_条件戦,manken_shirushi+kyori_kubun+umakigo_code+idm_decile,manken_shirushi,kyori_kubun,umakigo_code,idm_decile,185,94268,73.81,14.92,71.66,False
GLOBAL_条件戦,hizume_code+manken_shisu_decile+kyakushitsu+idm_decile,hizume_code,manken_shisu_decile,kyakushitsu,idm_decile,285,45594,73.35,14.59,71.66,False
GLOBAL_条件戦,manken_shisu_decile+kyakushitsu+shiba_tekisei_code+idm_decile,manken_shisu_decile,kyakushitsu,shiba_tekisei_code,idm_decile,257,76960,73.21,12.78,71.65,False
GLOBAL_条件戦,pace_yoso+umakigo_code+kyakushitsu+rotation_bin,pace_yoso,umakigo_code,kyakushitsu,rotation_bin,93,109878,73.25,7.85,71.65,False
GLOBAL_条件戦,kyori_kubun+keibajo_code+ichi_shisu_juni+bataiju,kyori_kubun,keibajo_code,ichi_shisu_juni,bataiju,27,3359,75.74,10.83,71.65,False
GLOBAL_条件戦,keibajo_code+uma_start_shisu_decile+joshodo_code+idm_decile,keibajo_code,uma_start_shisu_decile,joshodo_code,idm_decile,325,99102,73.22,14.48,71.65,False
GLOBAL_条件戦,pace_yoso+manken_shisu_decile+rotation_bin+idm_decile,pace_yoso,manken_shisu_decile,rotation_bin,idm_decile,389,73533,73.09,14.58,71.64,False
GLOBAL_条件戦,omo_tekisei_code+shiba_tekisei_code+rotation_bin+idm_decile,omo_tekisei_code,shiba_tekisei_code,rotation_bin,idm_decile,152,82926,73.51,11.77,71.64,False
GLOBAL_条件戦,pace_yoso+hizume_code+rotation_bin+idm_decile,pace_yoso,hizume_code,rotation_bin,idm_decile,314,70101,73.21,14.19,71.64,False
GLOBAL_条件戦,keibajo_code+manken_shisu_decile+da_tekisei_code+rotation_bin,keibajo_code,manken_shisu_decile,da_tekisei_code,rotation_bin,200,31868,73.47,13.23,71.64,False
GLOBAL_条件戦,kyori_kubun+shiba_tekisei_code+rotation_bin+ichi_shisu_juni,kyori_kubun,shiba_tekisei_code,rotation_bin,ichi_shisu_juni,253,60262,73.07,11.69,71.63,False
GLOBAL_条件戦,kyori_kubun+umakigo_code+shiba_tekisei_code+idm_decile,kyori_kubun,umakigo_code,shiba_tekisei_code,idm_decile,63,88550,74.64,12.2,71.63,False
GLOBAL_条件戦,kyori_tekisei+rotation_bin+ichi_shisu_juni+idm_decile,kyori_tekisei,rotation_bin,ichi_shisu_juni,idm_decile,229,33273,73.46,14.15,71.63,False
GLOBAL_条件戦,kyori_tekisei+omo_tekisei_code+joshodo_code+idm_decile,kyori_tekisei,omo_tekisei_code,joshodo_code,idm_decile,78,114496,74.86,14.57,71.63,False
GLOBAL_条件戦,pace_yoso+keibajo_code+hizume_code+idm_decile,pace_yoso,keibajo_code,hizume_code,idm_decile,298,56421,73.27,14.43,71.63,False
GLOBAL_条件戦,kyakushitsu+shiba_tekisei_code+rotation_bin+idm_decile,kyakushitsu,shiba_tekisei_code,rotation_bin,idm_decile,206,80315,73.38,12.91,71.62,False
GLOBAL_条件戦,uma_deokure_bin+kyakushitsu+rotation_bin+idm_decile,uma_deokure_bin,kyakushitsu,rotation_bin,idm_decile,264,102129,73.25,13.51,71.62,False
GLOBAL_条件戦,pace_yoso+uma_start_shisu_decile+rotation_bin+idm_decile,pace_yoso,uma_start_shisu_decile,rotation_bin,idm_decile,339,83988,73.06,13.48,71.62,False
GLOBAL_条件戦,shiba_tekisei_code+joshodo_code+ichi_shisu_juni+bataiju,shiba_tekisei_code,joshodo_code,ichi_shisu_juni,bataiju,230,29527,73.28,12.91,71.61,False
GLOBAL_条件戦,umakigo_code+hizume_code+da_tekisei_code+bataiju,umakigo_code,hizume_code,da_tekisei_code,bataiju,165,30641,73.46,12.11,71.61,False
GLOBAL_条件戦,umakigo_code+kyakushitsu+shiba_tekisei_code+rotation_bin,umakigo_code,kyakushitsu,shiba_tekisei_code,rotation_bin,66,87588,73.59,8.23,71.61,False
GLOBAL_条件戦,umakigo_code+uma_start_shisu_decile+omo_tekisei_code+idm_decile,umakigo_code,uma_start_shisu_decile,omo_tekisei_code,idm_decile,122,105959,74.06,13.83,71.61,False
GLOBAL_条件戦,keibajo_code+kyori_tekisei+ichi_shisu_juni+bataiju,keibajo_code,kyori_tekisei,ichi_shisu_juni,bataiju,95,12683,73.89,11.32,71.61,False
GLOBAL_条件戦,pace_yoso+uma_start_shisu_decile+shiba_tekisei_code+idm_decile,pace_yoso,uma_start_shisu_decile,shiba_tekisei_code,idm_decile,177,77658,73.58,13.47,71.6,False
GLOBAL_条件戦,kyori_kubun+keibajo_code+ichi_shisu_juni+idm_decile,kyori_kubun,keibajo_code,ichi_shisu_juni,idm_decile,281,59404,73.26,14.16,71.6,False
GLOBAL_条件戦,keibajo_code+joshodo_code+ichi_shisu_juni+idm_decile,keibajo_code,joshodo_code,ichi_shisu_juni,idm_decile,488,105544,72.86,14.18,71.6,False
GLOBAL_条件戦,manken_shisu_decile+rotation_bin+joshodo_code+idm_decile,manken_shisu_decile,rotation_bin,joshodo_code,idm_decile,305,106191,73.13,13.6,71.6,False
GLOBAL_条件戦,pace_yoso+manken_shisu_decile+ichi_shisu_juni+bataiju,pace_yoso,manken_shisu_decile,ichi_shisu_juni,bataiju,108,13548,73.71,11.16,71.6,False
GLOBAL_条件戦,keibajo_code+manken_shisu_decile+shiba_tekisei_code+ichi_shisu_juni,keibajo_code,manken_shisu_decile,shiba_tekisei_code,ichi_shisu_juni,55,6136,74.97,12.77,71.6,False
GLOBAL_条件戦,omo_tekisei_code+rotation_bin+ichi_shisu_juni+idm_decile,omo_tekisei_code,rotation_bin,ichi_shisu_juni,idm_decile,377,63903,73.06,14.44,71.6,False
GLOBAL_条件戦,kyori_kubun+kyakushitsu+shiba_tekisei_code+bataiju,kyori_kubun,kyakushitsu,shiba_tekisei_code,bataiju,224,38107,73.04,11.1,71.59,False
GLOBAL_条件戦,kyori_kubun+hizume_code+rotation_bin+idm_decile,kyori_kubun,hizume_code,rotation_bin,idm_decile,310,67297,73.2,14.49,71.59,False
GLOBAL_条件戦,uma_start_shisu_decile+hizume_code+omo_tekisei_code+idm_decile,uma_start_shisu_decile,hizume_code,omo_tekisei_code,idm_decile,294,74293,73.19,14.0,71.59,False
GLOBAL_条件戦,umakigo_code+kyakushitsu+joshodo_code+bataiju,umakigo_code,kyakushitsu,joshodo_code,bataiju,298,139092,72.66,9.42,71.59,False
GLOBAL_条件戦,hizume_code+da_tekisei_code+omo_tekisei_code+bataiju,hizume_code,da_tekisei_code,omo_tekisei_code,bataiju,133,18584,73.84,13.23,71.59,False
GLOBAL_条件戦,uma_start_shisu_decile+joshodo_code+ichi_shisu_juni+idm_decile,uma_start_shisu_decile,joshodo_code,ichi_shisu_juni,idm_decile,357,89052,73.06,14.18,71.59,False
GLOBAL_条件戦,keibajo_code+uma_start_shisu_decile+omo_tekisei_code+idm_decile,keibajo_code,uma_start_shisu_decile,omo_tekisei_code,idm_decile,357,75797,73.06,14.22,71.58,False
GLOBAL_条件戦,umakigo_code+keibajo_code+rotation_bin+idm_decile,umakigo_code,keibajo_code,rotation_bin,idm_decile,310,105228,73.08,13.52,71.58,False
GLOBAL_条件戦,uma_deokure_bin+umakigo_code+manken_shisu_decile+ichi_shisu_juni,uma_deokure_bin,umakigo_code,manken_shisu_decile,ichi_shisu_juni,290,98336,72.88,11.29,71.58,False
GLOBAL_条件戦,uma_deokure_bin+manken_shisu_decile+omo_tekisei_code+bataiju,uma_deokure_bin,manken_shisu_decile,omo_tekisei_code,bataiju,15,1566,76.3,9.34,71.58,False
GLOBAL_条件戦,kyori_tekisei+manken_shisu_decile+shiba_tekisei_code+idm_decile,kyori_tekisei,manken_shisu_decile,shiba_tekisei_code,idm_decile,235,74361,73.26,13.15,71.58,False
GLOBAL_条件戦,kyori_tekisei+kyakushitsu+shiba_tekisei_code+idm_decile,kyori_tekisei,kyakushitsu,shiba_tekisei_code,idm_decile,145,83170,73.68,12.98,71.57,False
GLOBAL_条件戦,pace_yoso+kyori_kubun+shiba_tekisei_code+idm_decile,pace_yoso,kyori_kubun,shiba_tekisei_code,idm_decile,111,81373,74.09,13.52,71.57,False
GLOBAL_条件戦,manken_shisu_decile+da_tekisei_code+omo_tekisei_code+ichi_shisu_juni,manken_shisu_decile,da_tekisei_code,omo_tekisei_code,ichi_shisu_juni,248,44317,73.25,13.53,71.57,False
GLOBAL_条件戦,umakigo_code+kyori_tekisei+ichi_shisu_juni+bataiju,umakigo_code,kyori_tekisei,ichi_shisu_juni,bataiju,78,33781,73.42,8.31,71.57,False
GLOBAL_条件戦,umakigo_code+uma_start_shisu_decile+ichi_shisu_juni+idm_decile,umakigo_code,uma_start_shisu_decile,ichi_shisu_juni,idm_decile,356,87651,73.08,14.45,71.57,False
GLOBAL_条件戦,manken_shirushi+kyori_tekisei+joshodo_code+bataiju,manken_shirushi,kyori_tekisei,joshodo_code,bataiju,40,4263,75.0,11.07,71.57,False
GLOBAL_条件戦,uma_deokure_bin+keibajo_code+omo_tekisei_code+idm_decile,uma_deokure_bin,keibajo_code,omo_tekisei_code,idm_decile,241,101693,73.24,13.19,71.57,False
GLOBAL_条件戦,umakigo_code+kyori_tekisei+joshodo_code+idm_decile,umakigo_code,kyori_tekisei,joshodo_code,idm_decile,62,145116,75.32,15.07,71.57,False
GLOBAL_条件戦,umakigo_code+uma_start_shisu_decile+shiba_tekisei_code+idm_decile,umakigo_code,uma_start_shisu_decile,shiba_tekisei_code,idm_decile,95,80799,74.31,13.65,71.56,False
GLOBAL_条件戦,manken_shirushi+pace_yoso+joshodo_code+idm_decile,manken_shirushi,pace_yoso,joshodo_code,idm_decile,192,87857,73.55,14.03,71.56,False
GLOBAL_条件戦,uma_deokure_bin+manken_shisu_decile+joshodo_code+ichi_shisu_juni,uma_deokure_bin,manken_shisu_decile,joshodo_code,ichi_shisu_juni,290,99866,72.85,11.21,71.56,False
GLOBAL_条件戦,pace_yoso+manken_shisu_decile+shiba_tekisei_code+idm_decile,pace_yoso,manken_shisu_decile,shiba_tekisei_code,idm_decile,218,75786,73.27,12.86,71.56,False
GLOBAL_条件戦,hizume_code+kyakushitsu+rotation_bin+idm_decile,hizume_code,kyakushitsu,rotation_bin,idm_decile,315,63101,73.08,13.76,71.56,False
GLOBAL_条件戦,uma_start_shisu_decile+kyori_tekisei+omo_tekisei_code+bataiju,uma_start_shisu_decile,kyori_tekisei,omo_tekisei_code,bataiju,160,21806,73.46,12.35,71.55,False
GLOBAL_条件戦,pace_yoso+kyakushitsu+shiba_tekisei_code+idm_decile,pace_yoso,kyakushitsu,shiba_tekisei_code,idm_decile,121,81567,73.73,12.22,71.55,False
GLOBAL_条件戦,kyori_kubun+uma_start_shisu_decile+kyori_tekisei+idm_decile,kyori_kubun,uma_start_shisu_decile,kyori_tekisei,idm_decile,273,89335,73.29,14.64,71.55,False
GLOBAL_条件戦,uma_start_shisu_decile+rotation_bin+ichi_shisu_juni+idm_decile,uma_start_shisu_decile,rotation_bin,ichi_shisu_juni,idm_decile,151,23482,73.66,13.23,71.55,False
GLOBAL_条件戦,hizume_code+manken_shisu_decile+kyakushitsu+shiba_tekisei_code,hizume_code,manken_shisu_decile,kyakushitsu,shiba_tekisei_code,259,63146,72.98,11.8,71.55,False
GLOBAL_条件戦,uma_start_shisu_decile+hizume_code+manken_shisu_decile+kyakushitsu,uma_start_shisu_decile,hizume_code,manken_shisu_decile,kyakushitsu,218,40139,73.09,11.6,71.55,False
GLOBAL_条件戦,pace_yoso+shiba_tekisei_code+rotation_bin+joshodo_code,pace_yoso,shiba_tekisei_code,rotation_bin,joshodo_code,45,82448,74.11,8.79,71.54,False
GLOBAL_条件戦,hizume_code+manken_shisu_decile+shiba_tekisei_code+rotation_bin,hizume_code,manken_shisu_decile,shiba_tekisei_code,rotation_bin,225,46856,73.1,11.87,71.54,False
GLOBAL_条件戦,kyori_kubun+kyori_tekisei+manken_shisu_decile+idm_decile,kyori_kubun,kyori_tekisei,manken_shisu_decile,idm_decile,330,124335,72.99,13.46,71.54,False
GLOBAL_条件戦,kyori_kubun+da_tekisei_code+omo_tekisei_code+bataiju,kyori_kubun,da_tekisei_code,omo_tekisei_code,bataiju,211,37485,73.11,11.72,71.53,False
GLOBAL_条件戦,kyori_tekisei+manken_shisu_decile+joshodo_code+bataiju,kyori_tekisei,manken_shisu_decile,joshodo_code,bataiju,346,47398,72.84,12.43,71.53,False
GLOBAL_条件戦,uma_deokure_bin+kyori_tekisei+hizume_code+idm_decile,uma_deokure_bin,kyori_tekisei,hizume_code,idm_decile,268,87373,73.09,13.05,71.53,False
GLOBAL_条件戦,uma_deokure_bin+pace_yoso+kyakushitsu+idm_decile,uma_deokure_bin,pace_yoso,kyakushitsu,idm_decile,162,106700,73.72,14.2,71.53,False
GLOBAL_条件戦,uma_start_shisu_decile+shiba_tekisei_code+rotation_bin+ichi_shisu_juni,uma_start_shisu_decile,shiba_tekisei_code,rotation_bin,ichi_shisu_juni,222,42157,73.2,12.78,71.52,False
GLOBAL_条件戦,manken_shirushi+uma_start_shisu_decile+da_tekisei_code+idm_decile,manken_shirushi,uma_start_shisu_decile,da_tekisei_code,idm_decile,122,19828,74.03,14.2,71.51,False
GLOBAL_条件戦,hizume_code+da_tekisei_code+kyakushitsu+idm_decile,hizume_code,da_tekisei_code,kyakushitsu,idm_decile,185,52095,73.42,13.25,71.51,False
GLOBAL_条件戦,manken_shirushi+kyori_kubun+joshodo_code+idm_decile,manken_shirushi,kyori_kubun,joshodo_code,idm_decile,247,88414,73.24,13.86,71.51,False
GLOBAL_条件戦,kyori_kubun+kyori_tekisei+manken_shisu_decile+ichi_shisu_juni,kyori_kubun,kyori_tekisei,manken_shisu_decile,ichi_shisu_juni,360,87556,72.89,13.53,71.5,False
GLOBAL_条件戦,manken_shirushi+umakigo_code+keibajo_code+idm_decile,manken_shirushi,umakigo_code,keibajo_code,idm_decile,395,87436,72.89,14.07,71.5,False
GLOBAL_条件戦,keibajo_code+uma_start_shisu_decile+omo_tekisei_code+ichi_shisu_juni,keibajo_code,uma_start_shisu_decile,omo_tekisei_code,ichi_shisu_juni,210,37365,73.01,11.19,71.5,False
GLOBAL_条件戦,kyori_kubun+uma_start_shisu_decile+joshodo_code+idm_decile,kyori_kubun,uma_start_shisu_decile,joshodo_code,idm_decile,168,107991,73.67,14.33,71.5,False
GLOBAL_条件戦,kyori_kubun+da_tekisei_code+kyakushitsu+idm_decile,kyori_kubun,da_tekisei_code,kyakushitsu,idm_decile,128,66423,74.05,14.7,71.5,False
GLOBAL_条件戦,uma_deokure_bin+keibajo_code+hizume_code+idm_decile,uma_deokure_bin,keibajo_code,hizume_code,idm_decile,324,65086,73.07,14.43,71.5,False
GLOBAL_条件戦,kyori_tekisei+omo_tekisei_code+ichi_shisu_juni+idm_decile,kyori_tekisei,omo_tekisei_code,ichi_shisu_juni,idm_decile,388,81385,72.92,14.4,71.49,False
GLOBAL_条件戦,uma_start_shisu_decile+omo_tekisei_code+joshodo_code+idm_decile,uma_start_shisu_decile,omo_tekisei_code,joshodo_code,idm_decile,116,106693,73.97,13.62,71.49,False
GLOBAL_条件戦,umakigo_code+kyori_tekisei+manken_shisu_decile+idm_decile,umakigo_code,kyori_tekisei,manken_shisu_decile,idm_decile,230,140429,73.32,14.13,71.49,False
GLOBAL_条件戦,keibajo_code+uma_start_shisu_decile+kyori_tekisei+hizume_code,keibajo_code,uma_start_shisu_decile,kyori_tekisei,hizume_code,198,42170,73.2,12.32,71.48,False
GLOBAL_条件戦,manken_shirushi+umakigo_code+ichi_shisu_juni+bataiju,manken_shirushi,umakigo_code,ichi_shisu_juni,bataiju,19,1996,76.83,11.9,71.48,False
GLOBAL_条件戦,kyakushitsu+omo_tekisei_code+rotation_bin+idm_decile,kyakushitsu,omo_tekisei_code,rotation_bin,idm_decile,283,106511,72.96,12.67,71.48,False
GLOBAL_条件戦,uma_deokure_bin+da_tekisei_code+omo_tekisei_code+bataiju,uma_deokure_bin,da_tekisei_code,omo_tekisei_code,bataiju,185,41735,73.05,10.87,71.48,False
GLOBAL_条件戦,manken_shisu_decile+shiba_tekisei_code+rotation_bin+idm_decile,manken_shisu_decile,shiba_tekisei_code,rotation_bin,idm_decile,286,66549,73.04,13.46,71.48,False
GLOBAL_条件戦,da_tekisei_code+kyakushitsu+ichi_shisu_juni+idm_decile,da_tekisei_code,kyakushitsu,ichi_shisu_juni,idm_decile,207,48731,73.49,14.72,71.48,False
GLOBAL_条件戦,da_tekisei_code+joshodo_code+ichi_shisu_juni+idm_decile,da_tekisei_code,joshodo_code,ichi_shisu_juni,idm_decile,141,60061,74.08,15.8,71.47,False
GLOBAL_条件戦,umakigo_code+manken_shisu_decile+rotation_bin+idm_decile,umakigo_code,manken_shisu_decile,rotation_bin,idm_decile,306,103953,72.99,13.62,71.47,False
GLOBAL_条件戦,manken_shisu_decile+omo_tekisei_code+joshodo_code+idm_decile,manken_shisu_decile,omo_tekisei_code,joshodo_code,idm_decile,153,113491,73.49,12.81,71.46,False
GLOBAL_条件戦,umakigo_code+shiba_tekisei_code+ichi_shisu_juni+bataiju,umakigo_code,shiba_tekisei_code,ichi_shisu_juni,bataiju,230,29190,73.18,13.29,71.46,False
GLOBAL_条件戦,keibajo_code+hizume_code+kyakushitsu+idm_decile,keibajo_code,hizume_code,kyakushitsu,idm_decile,272,46609,73.24,14.94,71.46,False
GLOBAL_条件戦,uma_start_shisu_decile+shiba_tekisei_code+joshodo_code+idm_decile,uma_start_shisu_decile,shiba_tekisei_code,joshodo_code,idm_decile,91,81091,74.2,13.34,71.46,False
GLOBAL_条件戦,omo_tekisei_code+shiba_tekisei_code+rotation_bin+bataiju,omo_tekisei_code,shiba_tekisei_code,rotation_bin,bataiju,274,40250,72.95,12.52,71.46,False
GLOBAL_条件戦,kyori_tekisei+hizume_code+manken_shisu_decile+ichi_shisu_juni,kyori_tekisei,hizume_code,manken_shisu_decile,ichi_shisu_juni,59,7090,74.77,13.0,71.45,False
GLOBAL_条件戦,pace_yoso+kyori_kubun+uma_start_shisu_decile+idm_decile,pace_yoso,kyori_kubun,uma_start_shisu_decile,idm_decile,290,99187,73.04,13.78,71.45,False
GLOBAL_条件戦,uma_start_shisu_decile+kyori_tekisei+manken_shisu_decile+ichi_shisu_juni,uma_start_shisu_decile,kyori_tekisei,manken_shisu_decile,ichi_shisu_juni,130,19410,73.47,11.79,71.44,False
GLOBAL_条件戦,keibajo_code+uma_start_shisu_decile+shiba_tekisei_code+rotation_bin,keibajo_code,uma_start_shisu_decile,shiba_tekisei_code,rotation_bin,248,53414,72.97,12.29,71.44,False
GLOBAL_条件戦,hizume_code+omo_tekisei_code+rotation_bin+idm_decile,hizume_code,omo_tekisei_code,rotation_bin,idm_decile,326,83343,72.86,13.2,71.43,False
GLOBAL_条件戦,hizume_code+omo_tekisei_code+ichi_shisu_juni+idm_decile,hizume_code,omo_tekisei_code,ichi_shisu_juni,idm_decile,278,47631,73.13,14.49,71.42,False
GLOBAL_条件戦,pace_yoso+umakigo_code+kyakushitsu+joshodo_code,pace_yoso,umakigo_code,kyakushitsu,joshodo_code,32,143657,74.62,9.25,71.41,False
GLOBAL_条件戦,umakigo_code+hizume_code+omo_tekisei_code+idm_decile,umakigo_code,hizume_code,omo_tekisei_code,idm_decile,148,106457,73.47,12.74,71.41,False
GLOBAL_条件戦,keibajo_code+kyori_tekisei+manken_shisu_decile+rotation_bin,keibajo_code,kyori_tekisei,manken_shisu_decile,rotation_bin,231,42291,73.03,12.54,71.41,False
GLOBAL_条件戦,umakigo_code+shiba_tekisei_code+joshodo_code+ichi_shisu_juni,umakigo_code,shiba_tekisei_code,joshodo_code,ichi_shisu_juni,42,81567,73.83,8.01,71.41,False
GLOBAL_条件戦,uma_deokure_bin+manken_shirushi+omo_tekisei_code+idm_decile,uma_deokure_bin,manken_shirushi,omo_tekisei_code,idm_decile,196,66404,73.29,13.53,71.4,False
GLOBAL_条件戦,kyori_tekisei+omo_tekisei_code+rotation_bin+bataiju,kyori_tekisei,omo_tekisei_code,rotation_bin,bataiju,141,17806,73.34,11.77,71.4,False
GLOBAL_条件戦,pace_yoso+kyori_kubun+umakigo_code+ichi_shisu_juni,pace_yoso,kyori_kubun,umakigo_code,ichi_shisu_juni,165,142678,72.74,8.8,71.4,False
GLOBAL_条件戦,hizume_code+omo_tekisei_code+joshodo_code+idm_decile,hizume_code,omo_tekisei_code,joshodo_code,idm_decile,147,108556,73.44,12.7,71.39,False
GLOBAL_条件戦,umakigo_code+da_tekisei_code+ichi_shisu_juni+idm_decile,umakigo_code,da_tekisei_code,ichi_shisu_juni,idm_decile,140,59037,74.03,15.92,71.39,False
GLOBAL_条件戦,kyori_kubun+uma_start_shisu_decile+shiba_tekisei_code+idm_decile,kyori_kubun,uma_start_shisu_decile,shiba_tekisei_code,idm_decile,182,73886,73.32,13.28,71.39,False
GLOBAL_条件戦,uma_deokure_bin+shiba_tekisei_code+rotation_bin+idm_decile,uma_deokure_bin,shiba_tekisei_code,rotation_bin,idm_decile,158,79830,73.36,12.72,71.38,False
GLOBAL_条件戦,umakigo_code+manken_shisu_decile+shiba_tekisei_code+joshodo_code,umakigo_code,manken_shisu_decile,shiba_tekisei_code,joshodo_code,37,87332,73.87,7.74,71.38,False
GLOBAL_条件戦,kyori_kubun+uma_start_shisu_decile+kyakushitsu+idm_decile,kyori_kubun,uma_start_shisu_decile,kyakushitsu,idm_decile,293,94247,73.0,14.16,71.38,False
GLOBAL_条件戦,umakigo_code+keibajo_code+joshodo_code+ichi_shisu_juni,umakigo_code,keibajo_code,joshodo_code,ichi_shisu_juni,177,136137,72.67,8.78,71.38,False
GLOBAL_条件戦,kyori_tekisei+da_tekisei_code+omo_tekisei_code+bataiju,kyori_tekisei,da_tekisei_code,omo_tekisei_code,bataiju,156,31421,73.0,10.3,71.38,False
GLOBAL_条件戦,umakigo_code+keibajo_code+kyori_tekisei+bataiju,umakigo_code,keibajo_code,kyori_tekisei,bataiju,378,70886,72.48,10.91,71.38,False
GLOBAL_条件戦,hizume_code+da_tekisei_code+ichi_shisu_juni+idm_decile,hizume_code,da_tekisei_code,ichi_shisu_juni,idm_decile,144,22000,73.87,15.22,71.38,False
GLOBAL_条件戦,pace_yoso+keibajo_code+shiba_tekisei_code+idm_decile,pace_yoso,keibajo_code,shiba_tekisei_code,idm_decile,224,76415,73.1,13.21,71.37,False
GLOBAL_条件戦,keibajo_code+uma_start_shisu_decile+hizume_code+shiba_tekisei_code,keibajo_code,uma_start_shisu_decile,hizume_code,shiba_tekisei_code,191,42291,73.0,11.48,71.37,False
GLOBAL_条件戦,uma_start_shisu_decile+kyori_tekisei+kyakushitsu+ichi_shisu_juni,uma_start_shisu_decile,kyori_tekisei,kyakushitsu,ichi_shisu_juni,274,63801,72.78,11.95,71.36,False
GLOBAL_条件戦,uma_deokure_bin+kyori_tekisei+kyakushitsu+idm_decile,uma_deokure_bin,kyori_tekisei,kyakushitsu,idm_decile,201,106476,73.33,14.26,71.36,False
GLOBAL_条件戦,keibajo_code+omo_tekisei_code+joshodo_code+idm_decile,keibajo_code,omo_tekisei_code,joshodo_code,idm_decile,163,115179,73.32,12.76,71.36,False
GLOBAL_条件戦,kyori_kubun+shiba_tekisei_code+rotation_bin+idm_decile,kyori_kubun,shiba_tekisei_code,rotation_bin,idm_decile,203,82107,73.3,14.13,71.35,False
GLOBAL_条件戦,kyori_kubun+hizume_code+shiba_tekisei_code+ichi_shisu_juni,kyori_kubun,hizume_code,shiba_tekisei_code,ichi_shisu_juni,219,48728,72.77,10.75,71.35,False
GLOBAL_条件戦,uma_start_shisu_decile+kyakushitsu+rotation_bin+idm_decile,uma_start_shisu_decile,kyakushitsu,rotation_bin,idm_decile,322,77397,72.99,15.04,71.35,False
GLOBAL_条件戦,uma_start_shisu_decile+kyori_tekisei+shiba_tekisei_code+idm_decile,uma_start_shisu_decile,kyori_tekisei,shiba_tekisei_code,idm_decile,194,71145,73.28,13.82,71.34,False
GLOBAL_条件戦,kyori_kubun+umakigo_code+manken_shisu_decile+ichi_shisu_juni,kyori_kubun,umakigo_code,manken_shisu_decile,ichi_shisu_juni,408,129816,72.52,12.21,71.34,False
GLOBAL_条件戦,kyori_kubun+da_tekisei_code+kyakushitsu+bataiju,kyori_kubun,da_tekisei_code,kyakushitsu,bataiju,157,23063,73.53,14.0,71.34,False
GLOBAL_条件戦,keibajo_code+uma_start_shisu_decile+ichi_shisu_juni+idm_decile,keibajo_code,uma_start_shisu_decile,ichi_shisu_juni,idm_decile,93,12164,74.12,13.64,71.34,False
GLOBAL_条件戦,uma_start_shisu_decile+hizume_code+manken_shisu_decile+rotation_bin,uma_start_shisu_decile,hizume_code,manken_shisu_decile,rotation_bin,122,20247,73.45,11.86,71.34,False
GLOBAL_条件戦,manken_shirushi+umakigo_code+joshodo_code+idm_decile,manken_shirushi,umakigo_code,joshodo_code,idm_decile,105,93127,73.59,11.84,71.33,False
GLOBAL_条件戦,uma_deokure_bin+kyori_kubun+uma_start_shisu_decile+idm_decile,uma_deokure_bin,kyori_kubun,uma_start_shisu_decile,idm_decile,216,96993,73.28,14.65,71.33,False
GLOBAL_条件戦,kyori_kubun+uma_start_shisu_decile+rotation_bin+idm_decile,kyori_kubun,uma_start_shisu_decile,rotation_bin,idm_decile,324,76183,72.91,14.61,71.32,False
GLOBAL_条件戦,uma_deokure_bin+uma_start_shisu_decile+shiba_tekisei_code+idm_decile,uma_deokure_bin,uma_start_shisu_decile,shiba_tekisei_code,idm_decile,132,74862,73.59,13.3,71.32,False
GLOBAL_条件戦,uma_deokure_bin+omo_tekisei_code+rotation_bin+idm_decile,uma_deokure_bin,omo_tekisei_code,rotation_bin,idm_decile,201,104600,73.1,12.87,71.32,False
GLOBAL_条件戦,hizume_code+manken_shisu_decile+joshodo_code+idm_decile,hizume_code,manken_shisu_decile,joshodo_code,idm_decile,344,93725,72.75,13.58,71.32,False
GLOBAL_条件戦,uma_start_shisu_decile+manken_shisu_decile+da_tekisei_code+idm_decile,uma_start_shisu_decile,manken_shisu_decile,da_tekisei_code,idm_decile,206,38100,73.38,15.06,71.32,False
GLOBAL_条件戦,kyori_tekisei+hizume_code+rotation_bin+idm_decile,kyori_tekisei,hizume_code,rotation_bin,idm_decile,306,64938,72.78,13.08,71.32,False
GLOBAL_条件戦,uma_start_shisu_decile+da_tekisei_code+shiba_tekisei_code+ichi_shisu_juni,uma_start_shisu_decile,da_tekisei_code,shiba_tekisei_code,ichi_shisu_juni,118,26405,73.66,12.99,71.32,False
GLOBAL_条件戦,kyakushitsu+omo_tekisei_code+shiba_tekisei_code+bataiju,kyakushitsu,omo_tekisei_code,shiba_tekisei_code,bataiju,277,53830,72.62,11.13,71.31,False
GLOBAL_条件戦,umakigo_code+keibajo_code+omo_tekisei_code+idm_decile,umakigo_code,keibajo_code,omo_tekisei_code,idm_decile,165,113077,73.27,12.81,71.31,False
GLOBAL_条件戦,pace_yoso+kyori_tekisei+omo_tekisei_code+idm_decile,pace_yoso,kyori_tekisei,omo_tekisei_code,idm_decile,168,106090,73.52,14.6,71.31,False
GLOBAL_条件戦,umakigo_code+manken_shisu_decile+omo_tekisei_code+idm_decile,umakigo_code,manken_shisu_decile,omo_tekisei_code,idm_decile,156,111748,73.32,12.78,71.31,False
GLOBAL_条件戦,keibajo_code+uma_start_shisu_decile+manken_shisu_decile+shiba_tekisei_code,keibajo_code,uma_start_shisu_decile,manken_shisu_decile,shiba_tekisei_code,197,37860,73.1,12.92,71.3,False
GLOBAL_条件戦,pace_yoso+kyori_kubun+da_tekisei_code+idm_decile,pace_yoso,kyori_kubun,da_tekisei_code,idm_decile,94,61710,74.38,15.23,71.3,False
GLOBAL_条件戦,pace_yoso+keibajo_code+manken_shisu_decile+ichi_shisu_juni,pace_yoso,keibajo_code,manken_shisu_decile,ichi_shisu_juni,90,32759,73.38,10.07,71.3,False
GLOBAL_条件戦,uma_start_shisu_decile+hizume_code+kyakushitsu+idm_decile,uma_start_shisu_decile,hizume_code,kyakushitsu,idm_decile,270,60519,72.98,14.19,71.29,False
GLOBAL_条件戦,pace_yoso+kyori_tekisei+hizume_code+idm_decile,pace_yoso,kyori_tekisei,hizume_code,idm_decile,292,81598,72.83,13.41,71.29,False
GLOBAL_条件戦,hizume_code+kyakushitsu+joshodo_code+idm_decile,hizume_code,kyakushitsu,joshodo_code,idm_decile,217,106493,72.86,11.82,71.29,False
GLOBAL_条件戦,kyori_kubun+manken_shisu_decile+shiba_tekisei_code+ichi_shisu_juni,kyori_kubun,manken_shisu_decile,shiba_tekisei_code,ichi_shisu_juni,299,51723,72.61,11.63,71.29,False
GLOBAL_条件戦,hizume_code+kyakushitsu+shiba_tekisei_code+bataiju,hizume_code,kyakushitsu,shiba_tekisei_code,bataiju,120,14888,73.6,12.9,71.29,False
GLOBAL_条件戦,manken_shirushi+uma_start_shisu_decile+kyori_tekisei+idm_decile,manken_shirushi,uma_start_shisu_decile,kyori_tekisei,idm_decile,154,26372,73.41,13.44,71.29,False
GLOBAL_条件戦,kyori_kubun+hizume_code+da_tekisei_code+idm_decile,kyori_kubun,hizume_code,da_tekisei_code,idm_decile,175,53865,73.37,14.14,71.28,False
GLOBAL_条件戦,pace_yoso+keibajo_code+da_tekisei_code+idm_decile,pace_yoso,keibajo_code,da_tekisei_code,idm_decile,172,56044,73.6,15.5,71.28,False
GLOBAL_条件戦,manken_shirushi+umakigo_code+manken_shisu_decile+idm_decile,manken_shirushi,umakigo_code,manken_shisu_decile,idm_decile,274,88389,72.82,13.14,71.27,False
GLOBAL_条件戦,manken_shirushi+manken_shisu_decile+joshodo_code+idm_decile,manken_shirushi,manken_shisu_decile,joshodo_code,idm_decile,287,80373,72.83,13.47,71.27,False
GLOBAL_条件戦,umakigo_code+kyori_tekisei+manken_shisu_decile+bataiju,umakigo_code,kyori_tekisei,manken_shisu_decile,bataiju,326,65908,72.41,10.56,71.27,False
GLOBAL_条件戦,kyori_kubun+kyori_tekisei+omo_tekisei_code+idm_decile,kyori_kubun,kyori_tekisei,omo_tekisei_code,idm_decile,176,112314,73.4,14.5,71.26,False
GLOBAL_条件戦,hizume_code+joshodo_code+ichi_shisu_juni+idm_decile,hizume_code,joshodo_code,ichi_shisu_juni,idm_decile,322,71886,72.82,14.3,71.26,False
GLOBAL_条件戦,uma_deokure_bin+rotation_bin+ichi_shisu_juni+idm_decile,uma_deokure_bin,rotation_bin,ichi_shisu_juni,idm_decile,356,62590,72.7,14.02,71.25,False
GLOBAL_条件戦,umakigo_code+kyori_tekisei+rotation_bin+idm_decile,umakigo_code,kyori_tekisei,rotation_bin,idm_decile,172,108793,73.41,14.43,71.25,False
GLOBAL_条件戦,kyori_tekisei+rotation_bin+joshodo_code+idm_decile,kyori_tekisei,rotation_bin,joshodo_code,idm_decile,167,110227,73.43,14.37,71.25,False
GLOBAL_条件戦,keibajo_code+hizume_code+joshodo_code+idm_decile,keibajo_code,hizume_code,joshodo_code,idm_decile,334,94344,72.7,13.65,71.23,False
GLOBAL_条件戦,umakigo_code+hizume_code+joshodo_code+ichi_shisu_juni,umakigo_code,hizume_code,joshodo_code,ichi_shisu_juni,143,98994,72.54,7.97,71.23,False
GLOBAL_条件戦,pace_yoso+kyori_tekisei+da_tekisei_code+idm_decile,pace_yoso,kyori_tekisei,da_tekisei_code,idm_decile,98,59176,74.36,15.82,71.23,False
GLOBAL_条件戦,manken_shisu_decile+kyakushitsu+rotation_bin+idm_decile,manken_shisu_decile,kyakushitsu,rotation_bin,idm_decile,403,66180,72.6,14.21,71.22,False
GLOBAL_条件戦,kyori_kubun+da_tekisei_code+rotation_bin+bataiju,kyori_kubun,da_tekisei_code,rotation_bin,bataiju,80,9689,73.7,11.28,71.22,False
GLOBAL_条件戦,umakigo_code+kyori_tekisei+shiba_tekisei_code+idm_decile,umakigo_code,kyori_tekisei,shiba_tekisei_code,idm_decile,60,84925,74.64,13.59,71.21,False
GLOBAL_条件戦,hizume_code+rotation_bin+joshodo_code+idm_decile,hizume_code,rotation_bin,joshodo_code,idm_decile,266,98592,72.76,12.89,71.21,False
GLOBAL_条件戦,pace_yoso+keibajo_code+kyori_tekisei+idm_decile,pace_yoso,keibajo_code,kyori_tekisei,idm_decile,384,124203,72.72,15.03,71.21,False
GLOBAL_条件戦,pace_yoso+kyori_tekisei+joshodo_code+ichi_shisu_juni,pace_yoso,kyori_tekisei,joshodo_code,ichi_shisu_juni,190,135592,72.77,11.0,71.2,False
GLOBAL_条件戦,hizume_code+shiba_tekisei_code+rotation_bin+idm_decile,hizume_code,shiba_tekisei_code,rotation_bin,idm_decile,243,62172,72.91,13.55,71.2,False
GLOBAL_条件戦,uma_start_shisu_decile+manken_shisu_decile+joshodo_code+ichi_shisu_juni,uma_start_shisu_decile,manken_shisu_decile,joshodo_code,ichi_shisu_juni,308,62785,72.58,12.42,71.2,False
GLOBAL_条件戦,pace_yoso+umakigo_code+manken_shisu_decile+kyakushitsu,pace_yoso,umakigo_code,manken_shisu_decile,kyakushitsu,143,142084,72.68,9.06,71.2,False
GLOBAL_条件戦,kyori_kubun+kyori_tekisei+ichi_shisu_juni+bataiju,kyori_kubun,kyori_tekisei,ichi_shisu_juni,bataiju,131,29920,72.76,9.12,71.2,False
GLOBAL_条件戦,umakigo_code+uma_start_shisu_decile+kyakushitsu+idm_decile,umakigo_code,uma_start_shisu_decile,kyakushitsu,idm_decile,161,106121,73.34,13.9,71.19,False
GLOBAL_条件戦,kyori_kubun+keibajo_code+shiba_tekisei_code+ichi_shisu_juni,kyori_kubun,keibajo_code,shiba_tekisei_code,ichi_shisu_juni,280,54811,72.54,11.52,71.19,False
GLOBAL_条件戦,shiba_tekisei_code+rotation_bin+idm_decile+bataiju,shiba_tekisei_code,rotation_bin,idm_decile,bataiju,47,5213,75.88,16.41,71.19,False
GLOBAL_条件戦,kyori_kubun+kyori_tekisei+shiba_tekisei_code+idm_decile,kyori_kubun,kyori_tekisei,shiba_tekisei_code,idm_decile,112,83480,73.87,14.48,71.19,False
GLOBAL_条件戦,uma_deokure_bin+uma_start_shisu_decile+shiba_tekisei_code+bataiju,uma_deokure_bin,uma_start_shisu_decile,shiba_tekisei_code,bataiju,191,37594,72.92,12.21,71.19,False
GLOBAL_条件戦,kyakushitsu+shiba_tekisei_code+rotation_bin+joshodo_code,kyakushitsu,shiba_tekisei_code,rotation_bin,joshodo_code,61,88557,73.28,8.38,71.18,False
GLOBAL_条件戦,pace_yoso+keibajo_code+uma_start_shisu_decile+idm_decile,pace_yoso,keibajo_code,uma_start_shisu_decile,idm_decile,345,67628,72.71,14.58,71.17,False
GLOBAL_条件戦,umakigo_code+keibajo_code+hizume_code+idm_decile,umakigo_code,keibajo_code,hizume_code,idm_decile,326,91591,72.66,13.66,71.17,False
GLOBAL_条件戦,kyori_kubun+hizume_code+manken_shisu_decile+idm_decile,kyori_kubun,hizume_code,manken_shisu_decile,idm_decile,295,51557,72.77,14.09,71.17,False
GLOBAL_条件戦,umakigo_code+hizume_code+manken_shisu_decile+idm_decile,umakigo_code,hizume_code,manken_shisu_decile,idm_decile,339,91150,72.61,13.47,71.17,False
GLOBAL_条件戦,pace_yoso+omo_tekisei_code+shiba_tekisei_code+bataiju,pace_yoso,omo_tekisei_code,shiba_tekisei_code,bataiju,261,56871,72.5,11.09,71.16,False
GLOBAL_条件戦,uma_start_shisu_decile+shiba_tekisei_code+rotation_bin+bataiju,uma_start_shisu_decile,shiba_tekisei_code,rotation_bin,bataiju,70,8573,73.88,11.62,71.16,False
GLOBAL_条件戦,pace_yoso+manken_shisu_decile+shiba_tekisei_code+ichi_shisu_juni,pace_yoso,manken_shisu_decile,shiba_tekisei_code,ichi_shisu_juni,339,60074,72.42,11.84,71.16,False
GLOBAL_条件戦,kyori_kubun+manken_shisu_decile+shiba_tekisei_code+idm_decile,kyori_kubun,manken_shisu_decile,shiba_tekisei_code,idm_decile,234,77242,72.83,13.04,71.16,False
GLOBAL_条件戦,umakigo_code+kyori_tekisei+kyakushitsu+ichi_shisu_juni,umakigo_code,kyori_tekisei,kyakushitsu,ichi_shisu_juni,185,136924,72.68,10.62,71.15,False
GLOBAL_条件戦,pace_yoso+hizume_code+shiba_tekisei_code+idm_decile,pace_yoso,hizume_code,shiba_tekisei_code,idm_decile,183,70279,73.11,13.49,71.15,False
GLOBAL_条件戦,uma_deokure_bin+shiba_tekisei_code+rotation_bin+bataiju,uma_deokure_bin,shiba_tekisei_code,rotation_bin,bataiju,261,37187,72.62,12.12,71.15,False
GLOBAL_条件戦,hizume_code+manken_shisu_decile+omo_tekisei_code+idm_decile,hizume_code,manken_shisu_decile,omo_tekisei_code,idm_decile,344,70090,72.61,13.88,71.15,False
GLOBAL_条件戦,kyori_kubun+keibajo_code+rotation_bin+idm_decile,kyori_kubun,keibajo_code,rotation_bin,idm_decile,390,78962,72.52,13.79,71.15,False
GLOBAL_条件戦,uma_start_shisu_decile+manken_shisu_decile+omo_tekisei_code+idm_decile,uma_start_shisu_decile,manken_shisu_decile,omo_tekisei_code,idm_decile,353,74137,72.62,14.07,71.15,False
GLOBAL_条件戦,kyori_tekisei+kyakushitsu+joshodo_code+ichi_shisu_juni,kyori_tekisei,kyakushitsu,joshodo_code,ichi_shisu_juni,184,134902,72.72,10.89,71.14,False
GLOBAL_条件戦,pace_yoso+umakigo_code+manken_shisu_decile+ichi_shisu_juni,pace_yoso,umakigo_code,manken_shisu_decile,ichi_shisu_juni,387,136323,72.28,11.4,71.14,False
GLOBAL_条件戦,uma_deokure_bin+uma_start_shisu_decile+hizume_code+idm_decile,uma_deokure_bin,uma_start_shisu_decile,hizume_code,idm_decile,243,73090,73.02,14.9,71.14,False
GLOBAL_条件戦,pace_yoso+hizume_code+manken_shisu_decile+idm_decile,pace_yoso,hizume_code,manken_shisu_decile,idm_decile,297,52923,72.78,14.52,71.13,False
GLOBAL_条件戦,uma_deokure_bin+da_tekisei_code+kyakushitsu+bataiju,uma_deokure_bin,da_tekisei_code,kyakushitsu,bataiju,184,32664,72.82,11.8,71.12,False
GLOBAL_条件戦,hizume_code+kyakushitsu+shiba_tekisei_code+idm_decile,hizume_code,kyakushitsu,shiba_tekisei_code,idm_decile,226,71800,72.8,12.88,71.12,False
GLOBAL_条件戦,keibajo_code+kyori_tekisei+shiba_tekisei_code+ichi_shisu_juni,keibajo_code,kyori_tekisei,shiba_tekisei_code,ichi_shisu_juni,230,45969,72.78,12.86,71.12,False
GLOBAL_条件戦,manken_shisu_decile+omo_tekisei_code+joshodo_code+ichi_shisu_juni,manken_shisu_decile,omo_tekisei_code,joshodo_code,ichi_shisu_juni,310,105458,72.35,10.98,71.12,False
GLOBAL_条件戦,uma_deokure_bin+pace_yoso+da_tekisei_code+bataiju,uma_deokure_bin,pace_yoso,da_tekisei_code,bataiju,176,36085,72.7,10.72,71.12,False
GLOBAL_条件戦,pace_yoso+omo_tekisei_code+shiba_tekisei_code+idm_decile,pace_yoso,omo_tekisei_code,shiba_tekisei_code,idm_decile,77,81046,73.94,12.68,71.11,False
GLOBAL_条件戦,uma_deokure_bin+uma_start_shisu_decile+omo_tekisei_code+idm_decile,uma_deokure_bin,uma_start_shisu_decile,omo_tekisei_code,idm_decile,174,99133,73.14,13.71,71.11,False
GLOBAL_条件戦,uma_deokure_bin+keibajo_code+uma_start_shisu_decile+idm_decile,uma_deokure_bin,keibajo_code,uma_start_shisu_decile,idm_decile,289,78025,72.78,14.55,71.11,False
GLOBAL_条件戦,kyori_kubun+kyakushitsu+ichi_shisu_juni+bataiju,kyori_kubun,kyakushitsu,ichi_shisu_juni,bataiju,123,26392,72.77,9.43,71.11,False
GLOBAL_条件戦,kyori_tekisei+manken_shisu_decile+joshodo_code+idm_decile,kyori_tekisei,manken_shisu_decile,joshodo_code,idm_decile,265,138498,72.76,13.73,71.1,False
GLOBAL_条件戦,keibajo_code+kyori_tekisei+hizume_code+ichi_shisu_juni,keibajo_code,kyori_tekisei,hizume_code,ichi_shisu_juni,117,17397,73.23,11.7,71.1,False
GLOBAL_条件戦,pace_yoso+omo_tekisei_code+joshodo_code+idm_decile,pace_yoso,omo_tekisei_code,joshodo_code,idm_decile,58,111382,74.71,14.01,71.1,False
GLOBAL_条件戦,uma_start_shisu_decile+da_tekisei_code+rotation_bin+ichi_shisu_juni,uma_start_shisu_decile,da_tekisei_code,rotation_bin,ichi_shisu_juni,140,23268,73.45,14.2,71.1,False
GLOBAL_条件戦,uma_deokure_bin+keibajo_code+uma_start_shisu_decile+ichi_shisu_juni,uma_deokure_bin,keibajo_code,uma_start_shisu_decile,ichi_shisu_juni,210,46523,72.57,10.86,71.1,False
GLOBAL_条件戦,kyori_kubun+umakigo_code+omo_tekisei_code+idm_decile,kyori_kubun,umakigo_code,omo_tekisei_code,idm_decile,92,118147,73.78,13.16,71.09,False
GLOBAL_条件戦,uma_deokure_bin+pace_yoso+kyori_kubun+idm_decile,uma_deokure_bin,pace_yoso,kyori_kubun,idm_decile,157,107107,73.37,14.55,71.09,False
GLOBAL_条件戦,umakigo_code+da_tekisei_code+idm_decile+bataiju,umakigo_code,da_tekisei_code,idm_decile,bataiju,226,43129,72.82,13.33,71.08,False
GLOBAL_条件戦,manken_shisu_decile+kyakushitsu+joshodo_code+ichi_shisu_juni,manken_shisu_decile,kyakushitsu,joshodo_code,ichi_shisu_juni,377,129533,72.34,12.44,71.08,False
GLOBAL_条件戦,keibajo_code+manken_shisu_decile+da_tekisei_code+idm_decile,keibajo_code,manken_shisu_decile,da_tekisei_code,idm_decile,230,37973,72.97,14.71,71.07,False
GLOBAL_条件戦,umakigo_code+keibajo_code+shiba_tekisei_code+joshodo_code,umakigo_code,keibajo_code,shiba_tekisei_code,joshodo_code,35,88282,73.7,7.93,71.07,False
GLOBAL_条件戦,hizume_code+da_tekisei_code+shiba_tekisei_code+ichi_shisu_juni,hizume_code,da_tekisei_code,shiba_tekisei_code,ichi_shisu_juni,102,21863,73.21,11.03,71.07,False
GLOBAL_条件戦,pace_yoso+da_tekisei_code+rotation_bin+idm_decile,pace_yoso,da_tekisei_code,rotation_bin,idm_decile,139,58694,73.66,15.62,71.07,False
GLOBAL_条件戦,pace_yoso+keibajo_code+shiba_tekisei_code+ichi_shisu_juni,pace_yoso,keibajo_code,shiba_tekisei_code,ichi_shisu_juni,326,59088,72.35,11.95,71.06,False
GLOBAL_条件戦,umakigo_code+manken_shisu_decile+kyakushitsu+ichi_shisu_juni,umakigo_code,manken_shisu_decile,kyakushitsu,ichi_shisu_juni,380,131118,72.32,12.57,71.06,False
GLOBAL_条件戦,keibajo_code+hizume_code+rotation_bin+idm_decile,keibajo_code,hizume_code,rotation_bin,idm_decile,190,30159,73.14,14.71,71.05,False
GLOBAL_条件戦,keibajo_code+kyakushitsu+rotation_bin+idm_decile,keibajo_code,kyakushitsu,rotation_bin,idm_decile,398,67107,72.44,14.08,71.05,False
GLOBAL_条件戦,keibajo_code+uma_start_shisu_decile+manken_shisu_decile+omo_tekisei_code,keibajo_code,uma_start_shisu_decile,manken_shisu_decile,omo_tekisei_code,242,47579,72.36,10.34,71.05,False
GLOBAL_条件戦,kyori_kubun+shiba_tekisei_code+joshodo_code+idm_decile,kyori_kubun,shiba_tekisei_code,joshodo_code,idm_decile,57,88808,74.35,12.69,71.05,False
GLOBAL_条件戦,manken_shirushi+da_tekisei_code+joshodo_code+bataiju,manken_shirushi,da_tekisei_code,joshodo_code,bataiju,105,11706,73.36,12.13,71.04,False
GLOBAL_条件戦,pace_yoso+keibajo_code+kyori_tekisei+ichi_shisu_juni,pace_yoso,keibajo_code,kyori_tekisei,ichi_shisu_juni,301,82981,72.49,12.79,71.04,False
GLOBAL_条件戦,uma_deokure_bin+pace_yoso+uma_start_shisu_decile+idm_decile,uma_deokure_bin,pace_yoso,uma_start_shisu_decile,idm_decile,207,100830,72.92,13.85,71.04,False
GLOBAL_条件戦,uma_deokure_bin+kyori_kubun+kyori_tekisei+idm_decile,uma_deokure_bin,kyori_kubun,kyori_tekisei,idm_decile,170,107917,73.22,14.46,71.04,False
GLOBAL_条件戦,umakigo_code+uma_start_shisu_decile+manken_shisu_decile+ichi_shisu_juni,umakigo_code,uma_start_shisu_decile,manken_shisu_decile,ichi_shisu_juni,299,60864,72.47,12.62,71.04,False
GLOBAL_条件戦,pace_yoso+manken_shisu_decile+kyakushitsu+joshodo_code,pace_yoso,manken_shisu_decile,kyakushitsu,joshodo_code,138,140319,72.67,9.74,71.04,False
GLOBAL_条件戦,umakigo_code+manken_shisu_decile+omo_tekisei_code+ichi_shisu_juni,umakigo_code,manken_shisu_decile,omo_tekisei_code,ichi_shisu_juni,309,103898,72.27,11.12,71.03,False
GLOBAL_条件戦,da_tekisei_code+kyakushitsu+omo_tekisei_code+bataiju,da_tekisei_code,kyakushitsu,omo_tekisei_code,bataiju,201,35700,72.73,12.3,71.03,False
GLOBAL_条件戦,manken_shisu_decile+joshodo_code+ichi_shisu_juni+idm_decile,manken_shisu_decile,joshodo_code,ichi_shisu_juni,idm_decile,488,105420,72.33,14.66,71.03,False
GLOBAL_条件戦,manken_shisu_decile+kyakushitsu+joshodo_code+idm_decile,manken_shisu_decile,kyakushitsu,joshodo_code,idm_decile,276,143726,72.51,12.55,71.03,False
GLOBAL_条件戦,kyori_kubun+keibajo_code+hizume_code+idm_decile,kyori_kubun,keibajo_code,hizume_code,idm_decile,307,59985,72.6,14.01,71.03,False
GLOBAL_条件戦,uma_start_shisu_decile+manken_shisu_decile+shiba_tekisei_code+rotation_bin,uma_start_shisu_decile,manken_shisu_decile,shiba_tekisei_code,rotation_bin,256,53374,72.44,11.54,71.02,False
GLOBAL_条件戦,umakigo_code+hizume_code+kyakushitsu+idm_decile,umakigo_code,hizume_code,kyakushitsu,idm_decile,212,103757,72.63,12.03,71.01,False
GLOBAL_条件戦,keibajo_code+da_tekisei_code+rotation_bin+idm_decile,keibajo_code,da_tekisei_code,rotation_bin,idm_decile,226,47536,73.0,15.25,71.01,False
GLOBAL_条件戦,uma_deokure_bin+hizume_code+omo_tekisei_code+idm_decile,uma_deokure_bin,hizume_code,omo_tekisei_code,idm_decile,218,96094,72.73,12.92,71.01,False
GLOBAL_条件戦,pace_yoso+uma_start_shisu_decile+kyori_tekisei+bataiju,pace_yoso,uma_start_shisu_decile,kyori_tekisei,bataiju,99,12912,73.41,12.14,71.01,False
GLOBAL_条件戦,kyakushitsu+rotation_bin+joshodo_code+idm_decile,kyakushitsu,rotation_bin,joshodo_code,idm_decile,178,115542,72.86,12.54,71.01,False
GLOBAL_条件戦,keibajo_code+omo_tekisei_code+shiba_tekisei_code+ichi_shisu_juni,keibajo_code,omo_tekisei_code,shiba_tekisei_code,ichi_shisu_juni,307,64995,72.34,11.97,71.0,False
GLOBAL_条件戦,pace_yoso+kyori_tekisei+rotation_bin+idm_decile,pace_yoso,kyori_tekisei,rotation_bin,idm_decile,294,93400,72.71,15.0,71.0,False
GLOBAL_条件戦,uma_deokure_bin+keibajo_code+kyakushitsu+idm_decile,uma_deokure_bin,keibajo_code,kyakushitsu,idm_decile,338,98489,72.45,13.61,71.0,False
GLOBAL_条件戦,kyori_kubun+umakigo_code+manken_shisu_decile+idm_decile,kyori_kubun,umakigo_code,manken_shisu_decile,idm_decile,224,144505,72.79,13.7,71.0,False
GLOBAL_条件戦,uma_deokure_bin+kyori_tekisei+ichi_shisu_juni+idm_decile,uma_deokure_bin,kyori_tekisei,ichi_shisu_juni,idm_decile,352,75935,72.42,13.71,70.99,False
GLOBAL_条件戦,uma_start_shisu_decile+hizume_code+da_tekisei_code+ichi_shisu_juni,uma_start_shisu_decile,hizume_code,da_tekisei_code,ichi_shisu_juni,87,15011,73.84,13.55,70.99,False
GLOBAL_条件戦,kyori_kubun+da_tekisei_code+shiba_tekisei_code+bataiju,kyori_kubun,da_tekisei_code,shiba_tekisei_code,bataiju,110,19553,73.07,11.22,70.98,False
GLOBAL_条件戦,uma_deokure_bin+joshodo_code+idm_decile+bataiju,uma_deokure_bin,joshodo_code,idm_decile,bataiju,425,83154,72.3,14.08,70.97,False
GLOBAL_条件戦,pace_yoso+kyori_tekisei+kyakushitsu+bataiju,pace_yoso,kyori_tekisei,kyakushitsu,bataiju,265,53830,72.48,12.49,70.97,False
GLOBAL_条件戦,kyori_tekisei+kyakushitsu+joshodo_code+idm_decile,kyori_tekisei,kyakushitsu,joshodo_code,idm_decile,120,144982,73.47,14.03,70.96,False
GLOBAL_条件戦,umakigo_code+kyakushitsu+joshodo_code+idm_decile,umakigo_code,kyakushitsu,joshodo_code,idm_decile,66,149659,74.2,13.45,70.96,False
GLOBAL_条件戦,pace_yoso+uma_start_shisu_decile+hizume_code+idm_decile,pace_yoso,uma_start_shisu_decile,hizume_code,idm_decile,297,66598,72.6,14.36,70.96,False
GLOBAL_条件戦,kyori_kubun+keibajo_code+shiba_tekisei_code+idm_decile,kyori_kubun,keibajo_code,shiba_tekisei_code,idm_decile,225,79328,72.71,13.39,70.96,False
GLOBAL_条件戦,uma_start_shisu_decile+hizume_code+da_tekisei_code+idm_decile,uma_start_shisu_decile,hizume_code,da_tekisei_code,idm_decile,167,36482,73.19,14.7,70.96,False
GLOBAL_条件戦,hizume_code+kyakushitsu+omo_tekisei_code+idm_decile,hizume_code,kyakushitsu,omo_tekisei_code,idm_decile,309,96509,72.39,12.98,70.94,False
GLOBAL_条件戦,uma_deokure_bin+pace_yoso+kyori_tekisei+idm_decile,uma_deokure_bin,pace_yoso,kyori_tekisei,idm_decile,165,101520,73.25,15.17,70.94,False
GLOBAL_条件戦,hizume_code+omo_tekisei_code+idm_decile+bataiju,hizume_code,omo_tekisei_code,idm_decile,bataiju,26,2944,76.23,13.75,70.94,False
GLOBAL_条件戦,pace_yoso+kyori_kubun+manken_shisu_decile+joshodo_code,pace_yoso,kyori_kubun,manken_shisu_decile,joshodo_code,155,139027,72.42,9.42,70.94,False
GLOBAL_条件戦,manken_shirushi+uma_start_shisu_decile+da_tekisei_code+ichi_shisu_juni,manken_shirushi,uma_start_shisu_decile,da_tekisei_code,ichi_shisu_juni,48,5703,74.52,12.7,70.93,False
GLOBAL_条件戦,uma_start_shisu_decile+hizume_code+shiba_tekisei_code+ichi_shisu_juni,uma_start_shisu_decile,hizume_code,shiba_tekisei_code,ichi_shisu_juni,177,32932,72.54,10.9,70.93,False
GLOBAL_条件戦,uma_deokure_bin+hizume_code+ichi_shisu_juni+idm_decile,uma_deokure_bin,hizume_code,ichi_shisu_juni,idm_decile,274,45878,72.51,13.34,70.93,False
GLOBAL_条件戦,da_tekisei_code+joshodo_code+idm_decile+bataiju,da_tekisei_code,joshodo_code,idm_decile,bataiju,236,45222,72.63,13.34,70.93,False
GLOBAL_条件戦,kyori_kubun+kyori_tekisei+kyakushitsu+idm_decile,kyori_kubun,kyori_tekisei,kyakushitsu,idm_decile,256,143162,72.68,14.34,70.92,False
GLOBAL_条件戦,umakigo_code+hizume_code+rotation_bin+idm_decile,umakigo_code,hizume_code,rotation_bin,idm_decile,265,96379,72.48,12.98,70.92,False
GLOBAL_条件戦,uma_deokure_bin+hizume_code+shiba_tekisei_code+ichi_shisu_juni,uma_deokure_bin,hizume_code,shiba_tekisei_code,ichi_shisu_juni,226,57559,72.25,10.22,70.92,False
GLOBAL_条件戦,pace_yoso+da_tekisei_code+idm_decile+bataiju,pace_yoso,da_tekisei_code,idm_decile,bataiju,147,19195,73.05,13.23,70.91,False
GLOBAL_条件戦,uma_deokure_bin+manken_shisu_decile+shiba_tekisei_code+ichi_shisu_juni,uma_deokure_bin,manken_shisu_decile,shiba_tekisei_code,ichi_shisu_juni,290,62336,72.27,11.84,70.91,False
GLOBAL_条件戦,umakigo_code+kyori_tekisei+idm_decile+bataiju,umakigo_code,kyori_tekisei,idm_decile,bataiju,426,92165,72.2,13.55,70.91,False
GLOBAL_条件戦,keibajo_code+manken_shisu_decile+omo_tekisei_code+idm_decile,keibajo_code,manken_shisu_decile,omo_tekisei_code,idm_decile,447,73702,72.14,13.3,70.9,False
GLOBAL_条件戦,pace_yoso+kyori_kubun+umakigo_code+kyakushitsu,pace_yoso,kyori_kubun,umakigo_code,kyakushitsu,71,146485,73.19,9.83,70.9,False
GLOBAL_条件戦,uma_deokure_bin+hizume_code+rotation_bin+idm_decile,uma_deokure_bin,hizume_code,rotation_bin,idm_decile,306,75669,72.45,13.82,70.9,False
GLOBAL_条件戦,pace_yoso+umakigo_code+keibajo_code+kyakushitsu,pace_yoso,umakigo_code,keibajo_code,kyakushitsu,151,144499,72.38,9.31,70.89,False
GLOBAL_条件戦,keibajo_code+hizume_code+manken_shisu_decile+shiba_tekisei_code,keibajo_code,hizume_code,manken_shisu_decile,shiba_tekisei_code,206,37451,72.4,11.04,70.89,False
GLOBAL_条件戦,pace_yoso+keibajo_code+rotation_bin+idm_decile,pace_yoso,keibajo_code,rotation_bin,idm_decile,376,74603,72.4,14.88,70.89,False
GLOBAL_条件戦,uma_deokure_bin+manken_shisu_decile+rotation_bin+idm_decile,uma_deokure_bin,manken_shisu_decile,rotation_bin,idm_decile,403,84315,72.21,13.56,70.88,False
GLOBAL_条件戦,pace_yoso+keibajo_code+shiba_tekisei_code+bataiju,pace_yoso,keibajo_code,shiba_tekisei_code,bataiju,54,6157,73.75,10.78,70.88,False
GLOBAL_条件戦,keibajo_code+shiba_tekisei_code+ichi_shisu_juni+idm_decile,keibajo_code,shiba_tekisei_code,ichi_shisu_juni,idm_decile,225,31425,72.73,14.12,70.88,False
GLOBAL_条件戦,keibajo_code+uma_start_shisu_decile+hizume_code+manken_shisu_decile,keibajo_code,uma_start_shisu_decile,hizume_code,manken_shisu_decile,91,14813,72.94,10.02,70.88,False
GLOBAL_条件戦,pace_yoso+keibajo_code+ichi_shisu_juni+idm_decile,pace_yoso,keibajo_code,ichi_shisu_juni,idm_decile,250,56017,72.73,14.99,70.88,False
GLOBAL_条件戦,uma_start_shisu_decile+kyakushitsu+joshodo_code+idm_decile,uma_start_shisu_decile,kyakushitsu,joshodo_code,idm_decile,159,107335,73.07,14.16,70.87,False
GLOBAL_条件戦,keibajo_code+uma_start_shisu_decile+kyori_tekisei+manken_shisu_decile,keibajo_code,uma_start_shisu_decile,kyori_tekisei,manken_shisu_decile,203,37652,72.51,11.95,70.87,False
GLOBAL_条件戦,umakigo_code+keibajo_code+manken_shisu_decile+idm_decile,umakigo_code,keibajo_code,manken_shisu_decile,idm_decile,454,136065,72.12,13.61,70.87,False
GLOBAL_条件戦,pace_yoso+keibajo_code+kyakushitsu+joshodo_code,pace_yoso,keibajo_code,kyakushitsu,joshodo_code,147,142909,72.36,9.27,70.86,False
GLOBAL_条件戦,manken_shisu_decile+kyakushitsu+omo_tekisei_code+idm_decile,manken_shisu_decile,kyakushitsu,omo_tekisei_code,idm_decile,371,103414,72.2,13.29,70.85,False
GLOBAL_条件戦,kyori_kubun+keibajo_code+da_tekisei_code+idm_decile,kyori_kubun,keibajo_code,da_tekisei_code,idm_decile,188,60953,73.06,15.46,70.85,False
GLOBAL_条件戦,kyori_kubun+kyori_tekisei+rotation_bin+idm_decile,kyori_kubun,kyori_tekisei,rotation_bin,idm_decile,285,98667,72.66,15.62,70.85,False
GLOBAL_条件戦,umakigo_code+hizume_code+ichi_shisu_juni+idm_decile,umakigo_code,hizume_code,ichi_shisu_juni,idm_decile,324,71059,72.42,14.37,70.85,False
GLOBAL_条件戦,uma_deokure_bin+hizume_code+kyakushitsu+idm_decile,uma_deokure_bin,hizume_code,kyakushitsu,idm_decile,283,90294,72.36,13.0,70.85,False
GLOBAL_条件戦,uma_deokure_bin+keibajo_code+kyakushitsu+bataiju,uma_deokure_bin,keibajo_code,kyakushitsu,bataiju,8,837,76.19,7.7,70.85,False
GLOBAL_条件戦,umakigo_code+manken_shisu_decile+kyakushitsu+idm_decile,umakigo_code,manken_shisu_decile,kyakushitsu,idm_decile,281,144315,72.33,12.7,70.84,False
GLOBAL_条件戦,uma_start_shisu_decile+shiba_tekisei_code+rotation_bin+idm_decile,uma_start_shisu_decile,shiba_tekisei_code,rotation_bin,idm_decile,220,64964,72.65,13.65,70.84,False
GLOBAL_条件戦,keibajo_code+kyori_tekisei+kyakushitsu+bataiju,keibajo_code,kyori_tekisei,kyakushitsu,bataiju,130,16428,72.89,11.88,70.84,False
GLOBAL_条件戦,manken_shisu_decile+kyakushitsu+shiba_tekisei_code+ichi_shisu_juni,manken_shisu_decile,kyakushitsu,shiba_tekisei_code,ichi_shisu_juni,306,57840,72.22,12.5,70.82,False
GLOBAL_条件戦,pace_yoso+uma_start_shisu_decile+manken_shisu_decile+idm_decile,pace_yoso,uma_start_shisu_decile,manken_shisu_decile,idm_decile,372,68470,72.3,14.66,70.81,False
GLOBAL_条件戦,manken_shirushi+hizume_code+shiba_tekisei_code+ichi_shisu_juni,manken_shirushi,hizume_code,shiba_tekisei_code,ichi_shisu_juni,46,5169,74.43,12.53,70.81,False
GLOBAL_条件戦,uma_deokure_bin+kyori_kubun+kyakushitsu+idm_decile,uma_deokure_bin,kyori_kubun,kyakushitsu,idm_decile,200,112135,72.74,13.94,70.81,False
GLOBAL_条件戦,manken_shisu_decile+shiba_tekisei_code+joshodo_code+bataiju,manken_shisu_decile,shiba_tekisei_code,joshodo_code,bataiju,307,49722,72.12,11.83,70.8,False
GLOBAL_条件戦,pace_yoso+da_tekisei_code+shiba_tekisei_code+bataiju,pace_yoso,da_tekisei_code,shiba_tekisei_code,bataiju,88,20053,72.84,9.78,70.8,False
GLOBAL_条件戦,pace_yoso+umakigo_code+uma_start_shisu_decile+idm_decile,pace_yoso,umakigo_code,uma_start_shisu_decile,idm_decile,142,107943,73.18,14.46,70.8,False
GLOBAL_条件戦,keibajo_code+kyori_tekisei+da_tekisei_code+ichi_shisu_juni,keibajo_code,kyori_tekisei,da_tekisei_code,ichi_shisu_juni,129,25796,73.15,13.63,70.8,False
GLOBAL_条件戦,pace_yoso+keibajo_code+uma_start_shisu_decile+manken_shisu_decile,pace_yoso,keibajo_code,uma_start_shisu_decile,manken_shisu_decile,226,40244,72.28,11.45,70.79,False
GLOBAL_条件戦,kyori_kubun+kyori_tekisei+hizume_code+idm_decile,kyori_kubun,kyori_tekisei,hizume_code,idm_decile,284,86645,72.43,14.11,70.79,False
GLOBAL_条件戦,kyori_tekisei+manken_shisu_decile+shiba_tekisei_code+ichi_shisu_juni,kyori_tekisei,manken_shisu_decile,shiba_tekisei_code,ichi_shisu_juni,236,43410,72.3,11.83,70.79,False
GLOBAL_条件戦,pace_yoso+joshodo_code+idm_decile+bataiju,pace_yoso,joshodo_code,idm_decile,bataiju,468,81799,72.02,13.57,70.79,False
GLOBAL_条件戦,umakigo_code+da_tekisei_code+ichi_shisu_juni+bataiju,umakigo_code,da_tekisei_code,ichi_shisu_juni,bataiju,61,6552,74.18,13.53,70.79,False
GLOBAL_条件戦,pace_yoso+kyori_kubun+shiba_tekisei_code+bataiju,pace_yoso,kyori_kubun,shiba_tekisei_code,bataiju,252,46683,72.27,12.07,70.78,False
GLOBAL_条件戦,uma_deokure_bin+uma_start_shisu_decile+rotation_bin+idm_decile,uma_deokure_bin,uma_start_shisu_decile,rotation_bin,idm_decile,256,86148,72.55,14.56,70.77,False
GLOBAL_条件戦,keibajo_code+omo_tekisei_code+rotation_bin+idm_decile,keibajo_code,omo_tekisei_code,rotation_bin,idm_decile,397,87942,72.13,13.76,70.77,False
GLOBAL_条件戦,uma_deokure_bin+keibajo_code+manken_shisu_decile+idm_decile,uma_deokure_bin,keibajo_code,manken_shisu_decile,idm_decile,422,68791,72.05,13.4,70.77,False
GLOBAL_条件戦,kyori_tekisei+da_tekisei_code+shiba_tekisei_code+bataiju,kyori_tekisei,da_tekisei_code,shiba_tekisei_code,bataiju,73,16198,72.95,9.51,70.77,False
GLOBAL_条件戦,manken_shirushi+da_tekisei_code+shiba_tekisei_code+idm_decile,manken_shirushi,da_tekisei_code,shiba_tekisei_code,idm_decile,85,22167,73.65,13.54,70.77,False
GLOBAL_条件戦,umakigo_code+manken_shisu_decile+joshodo_code+idm_decile,umakigo_code,manken_shisu_decile,joshodo_code,idm_decile,121,142644,73.01,12.56,70.77,False
GLOBAL_条件戦,kyori_kubun+manken_shisu_decile+omo_tekisei_code+idm_decile,kyori_kubun,manken_shisu_decile,omo_tekisei_code,idm_decile,341,103532,72.31,14.57,70.77,False
GLOBAL_条件戦,kyori_kubun+omo_tekisei_code+rotation_bin+idm_decile,kyori_kubun,omo_tekisei_code,rotation_bin,idm_decile,260,106761,72.53,14.48,70.77,False
GLOBAL_条件戦,uma_deokure_bin+umakigo_code+idm_decile+bataiju,uma_deokure_bin,umakigo_code,idm_decile,bataiju,418,80947,72.11,13.93,70.77,False
GLOBAL_条件戦,keibajo_code+uma_start_shisu_decile+manken_shisu_decile+kyakushitsu,keibajo_code,uma_start_shisu_decile,manken_shisu_decile,kyakushitsu,215,37798,72.28,11.32,70.77,False
GLOBAL_条件戦,kyori_tekisei+kyakushitsu+ichi_shisu_juni+bataiju,kyori_tekisei,kyakushitsu,ichi_shisu_juni,bataiju,63,30031,72.55,7.23,70.76,False
GLOBAL_条件戦,kyori_kubun+keibajo_code+uma_start_shisu_decile+idm_decile,kyori_kubun,keibajo_code,uma_start_shisu_decile,idm_decile,315,65900,72.31,14.01,70.76,False
GLOBAL_条件戦,manken_shisu_decile+joshodo_code+ichi_shisu_juni+bataiju,manken_shisu_decile,joshodo_code,ichi_shisu_juni,bataiju,85,10492,73.59,13.32,70.76,False
GLOBAL_条件戦,umakigo_code+kyakushitsu+rotation_bin+idm_decile,umakigo_code,kyakushitsu,rotation_bin,idm_decile,180,113278,72.61,12.8,70.74,False
GLOBAL_条件戦,kyori_kubun+omo_tekisei_code+shiba_tekisei_code+bataiju,kyori_kubun,omo_tekisei_code,shiba_tekisei_code,bataiju,266,54296,72.08,11.09,70.74,False
GLOBAL_条件戦,keibajo_code+kyakushitsu+joshodo_code+idm_decile,keibajo_code,kyakushitsu,joshodo_code,idm_decile,300,146301,72.25,13.44,70.73,False
GLOBAL_条件戦,keibajo_code+kyakushitsu+omo_tekisei_code+idm_decile,keibajo_code,kyakushitsu,omo_tekisei_code,idm_decile,391,105210,72.11,13.85,70.73,False
GLOBAL_条件戦,kyori_kubun+keibajo_code+kyori_tekisei+idm_decile,kyori_kubun,keibajo_code,kyori_tekisei,idm_decile,347,132154,72.27,14.56,70.73,False
GLOBAL_条件戦,uma_deokure_bin+kyori_tekisei+shiba_tekisei_code+bataiju,uma_deokure_bin,kyori_tekisei,shiba_tekisei_code,bataiju,227,46005,72.29,12.02,70.73,False
GLOBAL_条件戦,umakigo_code+manken_shisu_decile+shiba_tekisei_code+bataiju,umakigo_code,manken_shisu_decile,shiba_tekisei_code,bataiju,297,47744,72.07,11.9,70.72,False
GLOBAL_条件戦,kyori_kubun+hizume_code+shiba_tekisei_code+idm_decile,kyori_kubun,hizume_code,shiba_tekisei_code,idm_decile,208,72534,72.54,13.46,70.71,False
GLOBAL_条件戦,uma_deokure_bin+kyori_kubun+keibajo_code+idm_decile,uma_deokure_bin,kyori_kubun,keibajo_code,idm_decile,305,102058,72.28,14.01,70.71,False
GLOBAL_条件戦,keibajo_code+kyakushitsu+shiba_tekisei_code+ichi_shisu_juni,keibajo_code,kyakushitsu,shiba_tekisei_code,ichi_shisu_juni,307,58294,72.02,11.68,70.71,False
GLOBAL_条件戦,kyori_tekisei+kyakushitsu+ichi_shisu_juni+idm_decile,kyori_tekisei,kyakushitsu,ichi_shisu_juni,idm_decile,383,103786,72.26,15.49,70.71,False
GLOBAL_条件戦,kyori_kubun+keibajo_code+omo_tekisei_code+idm_decile,kyori_kubun,keibajo_code,omo_tekisei_code,idm_decile,305,105093,72.32,14.45,70.7,False
GLOBAL_条件戦,keibajo_code+shiba_tekisei_code+rotation_bin+idm_decile,keibajo_code,shiba_tekisei_code,rotation_bin,idm_decile,276,65394,72.32,13.81,70.69,False
GLOBAL_条件戦,uma_start_shisu_decile+hizume_code+shiba_tekisei_code+idm_decile,uma_start_shisu_decile,hizume_code,shiba_tekisei_code,idm_decile,204,53890,72.61,13.98,70.69,False
GLOBAL_条件戦,uma_deokure_bin+uma_start_shisu_decile+hizume_code+bataiju,uma_deokure_bin,uma_start_shisu_decile,hizume_code,bataiju,94,15150,72.78,10.34,70.69,False
GLOBAL_条件戦,uma_deokure_bin+uma_start_shisu_decile+kyori_tekisei+idm_decile,uma_deokure_bin,uma_start_shisu_decile,kyori_tekisei,idm_decile,210,90073,72.74,15.18,70.69,False
GLOBAL_条件戦,da_tekisei_code+omo_tekisei_code+shiba_tekisei_code+bataiju,da_tekisei_code,omo_tekisei_code,shiba_tekisei_code,bataiju,96,24267,73.08,11.97,70.68,False
GLOBAL_条件戦,kyori_kubun+kyakushitsu+rotation_bin+idm_decile,kyori_kubun,kyakushitsu,rotation_bin,idm_decile,341,101114,72.19,14.27,70.67,False
GLOBAL_条件戦,kyori_tekisei_2+kyori_tekisei+shiba_tekisei_code+rotation_bin,kyori_tekisei_2,kyori_tekisei,shiba_tekisei_code,rotation_bin,3,379,82.89,10.8,70.67,False
GLOBAL_条件戦,uma_deokure_bin+hizume_code+manken_shisu_decile+idm_decile,uma_deokure_bin,hizume_code,manken_shisu_decile,idm_decile,316,62182,72.19,13.83,70.66,False
GLOBAL_条件戦,keibajo_code+da_tekisei_code+shiba_tekisei_code+ichi_shisu_juni,keibajo_code,da_tekisei_code,shiba_tekisei_code,ichi_shisu_juni,139,23833,72.98,13.94,70.66,False
GLOBAL_条件戦,uma_start_shisu_decile+manken_shisu_decile+da_tekisei_code+ichi_shisu_juni,uma_start_shisu_decile,manken_shisu_decile,da_tekisei_code,ichi_shisu_juni,83,12227,73.31,12.32,70.66,False
GLOBAL_条件戦,pace_yoso+kyori_tekisei+hizume_code+bataiju,pace_yoso,kyori_tekisei,hizume_code,bataiju,57,6658,73.98,12.81,70.65,False
GLOBAL_条件戦,pace_yoso+kyori_tekisei+shiba_tekisei_code+idm_decile,pace_yoso,kyori_tekisei,shiba_tekisei_code,idm_decile,113,78054,73.41,15.0,70.65,False
GLOBAL_条件戦,uma_start_shisu_decile+hizume_code+ichi_shisu_juni+idm_decile,uma_start_shisu_decile,hizume_code,ichi_shisu_juni,idm_decile,98,15907,73.24,13.14,70.64,False
GLOBAL_条件戦,umakigo_code+keibajo_code+kyakushitsu+idm_decile,umakigo_code,keibajo_code,kyakushitsu,idm_decile,302,146367,72.16,13.52,70.64,False
GLOBAL_条件戦,keibajo_code+uma_start_shisu_decile+shiba_tekisei_code+ichi_shisu_juni,keibajo_code,uma_start_shisu_decile,shiba_tekisei_code,ichi_shisu_juni,149,27311,72.49,11.59,70.63,False
GLOBAL_条件戦,pace_yoso+kyakushitsu+shiba_tekisei_code+bataiju,pace_yoso,kyakushitsu,shiba_tekisei_code,bataiju,242,41644,72.06,11.32,70.63,False
GLOBAL_条件戦,kyori_kubun+omo_tekisei_code+joshodo_code+idm_decile,kyori_kubun,omo_tekisei_code,joshodo_code,idm_decile,86,119104,73.53,13.79,70.62,False
GLOBAL_条件戦,kyori_tekisei+kyakushitsu+shiba_tekisei_code+bataiju,kyori_tekisei,kyakushitsu,shiba_tekisei_code,bataiju,185,33463,72.28,11.48,70.62,False
GLOBAL_条件戦,pace_yoso+kyori_kubun+manken_shisu_decile+bataiju,pace_yoso,kyori_kubun,manken_shisu_decile,bataiju,89,10447,72.99,11.37,70.62,False
GLOBAL_条件戦,pace_yoso+umakigo_code+omo_tekisei_code+idm_decile,pace_yoso,umakigo_code,omo_tekisei_code,idm_decile,70,111438,74.02,14.49,70.62,False
GLOBAL_条件戦,uma_start_shisu_decile+rotation_bin+joshodo_code+idm_decile,uma_start_shisu_decile,rotation_bin,joshodo_code,idm_decile,244,102493,72.54,15.43,70.6,False
GLOBAL_条件戦,manken_shirushi+pace_yoso+umakigo_code+idm_decile,manken_shirushi,pace_yoso,umakigo_code,idm_decile,150,91376,72.92,14.52,70.59,False
GLOBAL_条件戦,hizume_code+shiba_tekisei_code+rotation_bin+ichi_shisu_juni,hizume_code,shiba_tekisei_code,rotation_bin,ichi_shisu_juni,196,33291,72.2,11.56,70.58,False
GLOBAL_条件戦,pace_yoso+keibajo_code+kyori_tekisei+bataiju,pace_yoso,keibajo_code,kyori_tekisei,bataiju,195,29791,72.08,10.79,70.57,False
GLOBAL_条件戦,kyori_kubun+uma_start_shisu_decile+hizume_code+idm_decile,kyori_kubun,uma_start_shisu_decile,hizume_code,idm_decile,277,59924,72.22,14.12,70.56,False
GLOBAL_条件戦,uma_deokure_bin+keibajo_code+shiba_tekisei_code+ichi_shisu_juni,uma_deokure_bin,keibajo_code,shiba_tekisei_code,ichi_shisu_juni,289,62712,71.94,12.0,70.56,False
GLOBAL_条件戦,pace_yoso+uma_start_shisu_decile+joshodo_code+idm_decile,pace_yoso,uma_start_shisu_decile,joshodo_code,idm_decile,138,109004,72.91,14.14,70.55,False
GLOBAL_条件戦,keibajo_code+kyori_tekisei+rotation_bin+ichi_shisu_juni,keibajo_code,kyori_tekisei,rotation_bin,ichi_shisu_juni,155,21303,72.33,11.32,70.55,False
GLOBAL_条件戦,shiba_tekisei_code+joshodo_code+ichi_shisu_juni+idm_decile,shiba_tekisei_code,joshodo_code,ichi_shisu_juni,idm_decile,155,78827,72.63,13.28,70.54,False
GLOBAL_条件戦,keibajo_code+uma_start_shisu_decile+kyakushitsu+idm_decile,keibajo_code,uma_start_shisu_decile,kyakushitsu,idm_decile,320,61987,72.09,14.13,70.54,False
GLOBAL_条件戦,manken_shisu_decile+shiba_tekisei_code+rotation_bin+ichi_shisu_juni,manken_shisu_decile,shiba_tekisei_code,rotation_bin,ichi_shisu_juni,197,25671,72.24,12.12,70.54,False
GLOBAL_条件戦,keibajo_code+uma_start_shisu_decile+shiba_tekisei_code+idm_decile,keibajo_code,uma_start_shisu_decile,shiba_tekisei_code,idm_decile,259,57878,72.15,13.28,70.53,False
GLOBAL_条件戦,uma_start_shisu_decile+hizume_code+joshodo_code+idm_decile,uma_start_shisu_decile,hizume_code,joshodo_code,idm_decile,272,91353,72.28,14.76,70.52,False
GLOBAL_条件戦,keibajo_code+hizume_code+omo_tekisei_code+idm_decile,keibajo_code,hizume_code,omo_tekisei_code,idm_decile,333,70990,71.99,13.64,70.52,False
GLOBAL_条件戦,keibajo_code+uma_start_shisu_decile+kyori_tekisei+ichi_shisu_juni,keibajo_code,uma_start_shisu_decile,kyori_tekisei,ichi_shisu_juni,147,25941,72.44,11.86,70.52,False
GLOBAL_条件戦,umakigo_code+shiba_tekisei_code+ichi_shisu_juni+idm_decile,umakigo_code,shiba_tekisei_code,ichi_shisu_juni,idm_decile,155,78014,72.64,13.44,70.52,False
GLOBAL_条件戦,keibajo_code+kyori_tekisei+da_tekisei_code+bataiju,keibajo_code,kyori_tekisei,da_tekisei_code,bataiju,73,10045,73.36,12.45,70.51,False
GLOBAL_条件戦,uma_deokure_bin+kyori_kubun+manken_shisu_decile+idm_decile,uma_deokure_bin,kyori_kubun,manken_shisu_decile,idm_decile,331,99811,72.05,14.35,70.51,False
GLOBAL_条件戦,uma_start_shisu_decile+manken_shisu_decile+kyakushitsu+idm_decile,uma_start_shisu_decile,manken_shisu_decile,kyakushitsu,idm_decile,323,61002,72.07,14.43,70.5,False
GLOBAL_条件戦,umakigo_code+uma_start_shisu_decile+rotation_bin+idm_decile,umakigo_code,uma_start_shisu_decile,rotation_bin,idm_decile,243,100935,72.42,15.42,70.49,False
GLOBAL_条件戦,kyori_kubun+kyakushitsu+ichi_shisu_juni+idm_decile,kyori_kubun,kyakushitsu,ichi_shisu_juni,idm_decile,384,110097,71.97,14.78,70.49,False
GLOBAL_条件戦,uma_start_shisu_decile+hizume_code+manken_shisu_decile+shiba_tekisei_code,uma_start_shisu_decile,hizume_code,manken_shisu_decile,shiba_tekisei_code,220,43382,72.03,11.7,70.48,False
GLOBAL_条件戦,manken_shirushi+hizume_code+shiba_tekisei_code+idm_decile,manken_shirushi,hizume_code,shiba_tekisei_code,idm_decile,150,28012,72.68,13.7,70.48,False
GLOBAL_条件戦,kyori_tekisei+manken_shisu_decile+omo_tekisei_code+bataiju,kyori_tekisei,manken_shisu_decile,omo_tekisei_code,bataiju,25,2663,75.05,11.66,70.48,False
GLOBAL_条件戦,da_tekisei_code+shiba_tekisei_code+idm_decile+bataiju,da_tekisei_code,shiba_tekisei_code,idm_decile,bataiju,93,13423,73.3,13.95,70.47,False
GLOBAL_条件戦,pace_yoso+kyori_tekisei+ichi_shisu_juni+idm_decile,pace_yoso,kyori_tekisei,ichi_shisu_juni,idm_decile,404,107015,71.98,15.51,70.47,False
GLOBAL_条件戦,uma_deokure_bin+keibajo_code+rotation_bin+idm_decile,uma_deokure_bin,keibajo_code,rotation_bin,idm_decile,389,84251,71.87,14.08,70.47,False
GLOBAL_条件戦,hizume_code+omo_tekisei_code+shiba_tekisei_code+bataiju,hizume_code,omo_tekisei_code,shiba_tekisei_code,bataiju,186,30675,71.98,10.58,70.46,False
GLOBAL_条件戦,uma_deokure_bin+pace_yoso+shiba_tekisei_code+bataiju,uma_deokure_bin,pace_yoso,shiba_tekisei_code,bataiju,255,54566,71.83,11.13,70.46,False
GLOBAL_条件戦,kyori_kubun+umakigo_code+kyakushitsu+idm_decile,kyori_kubun,umakigo_code,kyakushitsu,idm_decile,135,150385,72.73,13.49,70.46,False
GLOBAL_条件戦,manken_shirushi+manken_shisu_decile+ichi_shisu_juni+idm_decile,manken_shirushi,manken_shisu_decile,ichi_shisu_juni,idm_decile,101,16447,73.1,13.56,70.46,False
GLOBAL_条件戦,pace_yoso+omo_tekisei_code+rotation_bin+idm_decile,pace_yoso,omo_tekisei_code,rotation_bin,idm_decile,218,102299,72.3,13.94,70.45,False
GLOBAL_条件戦,da_tekisei_code+joshodo_code+ichi_shisu_juni+bataiju,da_tekisei_code,joshodo_code,ichi_shisu_juni,bataiju,74,7981,73.79,14.7,70.44,False
GLOBAL_条件戦,kyori_tekisei+shiba_tekisei_code+joshodo_code+idm_decile,kyori_tekisei,shiba_tekisei_code,joshodo_code,idm_decile,54,85030,74.23,14.21,70.44,False
GLOBAL_条件戦,kyori_kubun+umakigo_code+keibajo_code+idm_decile,kyori_kubun,umakigo_code,keibajo_code,idm_decile,210,147380,72.4,14.54,70.43,False
GLOBAL_条件戦,keibajo_code+hizume_code+shiba_tekisei_code+ichi_shisu_juni,keibajo_code,hizume_code,shiba_tekisei_code,ichi_shisu_juni,130,20303,72.53,12.27,70.42,False
GLOBAL_条件戦,shiba_tekisei_code+rotation_bin+ichi_shisu_juni+idm_decile,shiba_tekisei_code,rotation_bin,ichi_shisu_juni,idm_decile,260,48671,72.16,14.32,70.42,False
GLOBAL_条件戦,shiba_tekisei_code+joshodo_code+idm_decile+bataiju,shiba_tekisei_code,joshodo_code,idm_decile,bataiju,291,64279,72.06,14.32,70.41,False
GLOBAL_条件戦,kyori_kubun+kyakushitsu+joshodo_code+idm_decile,kyori_kubun,kyakushitsu,joshodo_code,idm_decile,130,149326,72.72,13.45,70.4,False
GLOBAL_条件戦,umakigo_code+uma_start_shisu_decile+kyori_tekisei+bataiju,umakigo_code,uma_start_shisu_decile,kyori_tekisei,bataiju,216,41253,72.01,12.06,70.4,False
GLOBAL_条件戦,kyori_tekisei+da_tekisei_code+rotation_bin+bataiju,kyori_tekisei,da_tekisei_code,rotation_bin,bataiju,87,11840,72.93,12.07,70.4,False
GLOBAL_条件戦,kyori_tekisei+joshodo_code+idm_decile+bataiju,kyori_tekisei,joshodo_code,idm_decile,bataiju,483,78785,71.61,13.69,70.39,False
GLOBAL_条件戦,pace_yoso+kyori_tekisei+da_tekisei_code+bataiju,pace_yoso,kyori_tekisei,da_tekisei_code,bataiju,135,23938,72.22,10.91,70.38,False
GLOBAL_条件戦,pace_yoso+kyori_tekisei+shiba_tekisei_code+bataiju,pace_yoso,kyori_tekisei,shiba_tekisei_code,bataiju,223,39889,71.95,11.93,70.38,False
GLOBAL_条件戦,umakigo_code+kyori_tekisei+kyakushitsu+idm_decile,umakigo_code,kyori_tekisei,kyakushitsu,idm_decile,130,147175,72.86,14.44,70.37,False
GLOBAL_条件戦,uma_deokure_bin+uma_start_shisu_decile+ichi_shisu_juni+idm_decile,uma_deokure_bin,uma_start_shisu_decile,ichi_shisu_juni,idm_decile,279,65704,72.02,14.1,70.36,False
GLOBAL_条件戦,kyori_tekisei+manken_shisu_decile+da_tekisei_code+ichi_shisu_juni,kyori_tekisei,manken_shisu_decile,da_tekisei_code,ichi_shisu_juni,162,25988,72.48,13.78,70.36,False
GLOBAL_条件戦,kyori_kubun+keibajo_code+shiba_tekisei_code+bataiju,kyori_kubun,keibajo_code,shiba_tekisei_code,bataiju,68,8713,73.15,11.76,70.36,False
GLOBAL_条件戦,kyori_tekisei+manken_shisu_decile+kyakushitsu+bataiju,kyori_tekisei,manken_shisu_decile,kyakushitsu,bataiju,131,18591,72.28,11.27,70.35,False
GLOBAL_条件戦,uma_start_shisu_decile+kyori_tekisei+manken_shisu_decile+idm_decile,uma_start_shisu_decile,kyori_tekisei,manken_shisu_decile,idm_decile,257,49585,72.1,14.36,70.34,False
GLOBAL_条件戦,kyori_tekisei+shiba_tekisei_code+ichi_shisu_juni+idm_decile,kyori_tekisei,shiba_tekisei_code,ichi_shisu_juni,idm_decile,265,60860,72.01,13.9,70.33,False
GLOBAL_条件戦,uma_start_shisu_decile+kyori_tekisei+hizume_code+idm_decile,uma_start_shisu_decile,kyori_tekisei,hizume_code,idm_decile,249,53579,72.06,13.91,70.33,False
GLOBAL_条件戦,uma_start_shisu_decile+kyori_tekisei+joshodo_code+bataiju,uma_start_shisu_decile,kyori_tekisei,joshodo_code,bataiju,221,42408,71.93,12.26,70.32,False
GLOBAL_条件戦,keibajo_code+uma_start_shisu_decile+kyori_tekisei+idm_decile,keibajo_code,uma_start_shisu_decile,kyori_tekisei,idm_decile,247,53444,72.13,14.51,70.32,False
GLOBAL_条件戦,hizume_code+da_tekisei_code+shiba_tekisei_code+bataiju,hizume_code,da_tekisei_code,shiba_tekisei_code,bataiju,79,10872,72.89,11.67,70.32,False
GLOBAL_条件戦,keibajo_code+manken_shisu_decile+shiba_tekisei_code+rotation_bin,keibajo_code,manken_shisu_decile,shiba_tekisei_code,rotation_bin,302,51736,71.71,12.55,70.3,False
GLOBAL_条件戦,umakigo_code+shiba_tekisei_code+rotation_bin+joshodo_code,umakigo_code,shiba_tekisei_code,rotation_bin,joshodo_code,34,89101,73.75,10.25,70.3,False
GLOBAL_条件戦,umakigo_code+rotation_bin+joshodo_code+ichi_shisu_juni,umakigo_code,rotation_bin,joshodo_code,ichi_shisu_juni,118,107021,71.79,8.35,70.29,False
GLOBAL_条件戦,umakigo_code+kyori_tekisei+ichi_shisu_juni+idm_decile,umakigo_code,kyori_tekisei,ichi_shisu_juni,idm_decile,304,130476,71.96,14.91,70.29,False
GLOBAL_条件戦,uma_deokure_bin+uma_start_shisu_decile+kyori_tekisei+bataiju,uma_deokure_bin,uma_start_shisu_decile,kyori_tekisei,bataiju,178,31872,71.95,11.35,70.29,False
GLOBAL_条件戦,uma_deokure_bin+kyori_kubun+hizume_code+idm_decile,uma_deokure_bin,kyori_kubun,hizume_code,idm_decile,291,92775,71.86,13.82,70.28,False
GLOBAL_条件戦,pace_yoso+kyori_tekisei+kyakushitsu+idm_decile,pace_yoso,kyori_tekisei,kyakushitsu,idm_decile,260,137653,72.19,15.76,70.27,False
GLOBAL_条件戦,uma_start_shisu_decile+manken_shisu_decile+shiba_tekisei_code+ichi_shisu_juni,uma_start_shisu_decile,manken_shisu_decile,shiba_tekisei_code,ichi_shisu_juni,155,26984,72.22,12.49,70.26,False
GLOBAL_条件戦,kyori_kubun+hizume_code+kyakushitsu+idm_decile,kyori_kubun,hizume_code,kyakushitsu,idm_decile,338,85728,71.83,14.78,70.26,False
GLOBAL_条件戦,uma_deokure_bin+da_tekisei_code+ichi_shisu_juni+idm_decile,uma_deokure_bin,da_tekisei_code,ichi_shisu_juni,idm_decile,192,49964,72.57,16.45,70.25,False
GLOBAL_条件戦,da_tekisei_code+omo_tekisei_code+ichi_shisu_juni+idm_decile,da_tekisei_code,omo_tekisei_code,ichi_shisu_juni,idm_decile,202,52451,72.4,15.63,70.25,False
GLOBAL_条件戦,da_tekisei_code+kyakushitsu+shiba_tekisei_code+bataiju,da_tekisei_code,kyakushitsu,shiba_tekisei_code,bataiju,106,19119,72.55,12.1,70.24,False
GLOBAL_条件戦,pace_yoso+kyori_kubun+idm_decile+bataiju,pace_yoso,kyori_kubun,idm_decile,bataiju,262,35821,71.99,14.52,70.24,False
GLOBAL_条件戦,kyori_tekisei+da_tekisei_code+ichi_shisu_juni+idm_decile,kyori_tekisei,da_tekisei_code,ichi_shisu_juni,idm_decile,223,42635,72.32,15.9,70.24,False
GLOBAL_条件戦,pace_yoso+hizume_code+joshodo_code+idm_decile,pace_yoso,hizume_code,joshodo_code,idm_decile,167,101165,72.47,14.72,70.24,False
GLOBAL_条件戦,kyori_kubun+kyori_tekisei+joshodo_code+ichi_shisu_juni,kyori_kubun,kyori_tekisei,joshodo_code,ichi_shisu_juni,203,133962,71.83,11.59,70.23,False
GLOBAL_条件戦,umakigo_code+uma_start_shisu_decile+hizume_code+idm_decile,umakigo_code,uma_start_shisu_decile,hizume_code,idm_decile,263,89193,72.03,14.86,70.23,False
GLOBAL_条件戦,uma_start_shisu_decile+manken_shisu_decile+kyakushitsu+ichi_shisu_juni,uma_start_shisu_decile,manken_shisu_decile,kyakushitsu,ichi_shisu_juni,201,33941,71.96,12.58,70.22,False
GLOBAL_条件戦,uma_deokure_bin+pace_yoso+hizume_code+idm_decile,uma_deokure_bin,pace_yoso,hizume_code,idm_decile,248,90416,72.05,14.7,70.22,False
GLOBAL_条件戦,kyori_kubun+kyakushitsu+omo_tekisei_code+idm_decile,kyori_kubun,kyakushitsu,omo_tekisei_code,idm_decile,211,116422,72.1,14.01,70.21,False
GLOBAL_条件戦,uma_deokure_bin+pace_yoso+rotation_bin+idm_decile,uma_deokure_bin,pace_yoso,rotation_bin,idm_decile,226,100961,72.09,14.64,70.19,False
GLOBAL_条件戦,manken_shirushi+umakigo_code+da_tekisei_code+bataiju,manken_shirushi,umakigo_code,da_tekisei_code,bataiju,88,9752,72.67,11.85,70.19,False
GLOBAL_条件戦,keibajo_code+kyori_tekisei+hizume_code+idm_decile,keibajo_code,kyori_tekisei,hizume_code,idm_decile,261,52902,71.81,13.42,70.19,False
GLOBAL_条件戦,kyori_kubun+uma_start_shisu_decile+manken_shisu_decile+idm_decile,kyori_kubun,uma_start_shisu_decile,manken_shisu_decile,idm_decile,292,56976,71.73,13.41,70.19,False
GLOBAL_条件戦,da_tekisei_code+shiba_tekisei_code+rotation_bin+ichi_shisu_juni,da_tekisei_code,shiba_tekisei_code,rotation_bin,ichi_shisu_juni,108,26369,72.55,12.58,70.18,False
GLOBAL_条件戦,umakigo_code+shiba_tekisei_code+idm_decile+bataiju,umakigo_code,shiba_tekisei_code,idm_decile,bataiju,289,62890,71.85,14.54,70.18,False
GLOBAL_条件戦,pace_yoso+manken_shisu_decile+omo_tekisei_code+idm_decile,pace_yoso,manken_shisu_decile,omo_tekisei_code,idm_decile,305,101253,71.79,14.31,70.18,False
GLOBAL_条件戦,kyori_kubun+manken_shisu_decile+kyakushitsu+idm_decile,kyori_kubun,manken_shisu_decile,kyakushitsu,idm_decile,498,122357,71.42,14.25,70.17,False
GLOBAL_条件戦,hizume_code+manken_shisu_decile+da_tekisei_code+idm_decile,hizume_code,manken_shisu_decile,da_tekisei_code,idm_decile,179,34360,72.17,13.64,70.17,False
GLOBAL_条件戦,uma_deokure_bin+kyori_kubun+rotation_bin+idm_decile,uma_deokure_bin,kyori_kubun,rotation_bin,idm_decile,260,103760,71.89,14.3,70.15,False
GLOBAL_条件戦,umakigo_code+keibajo_code+ichi_shisu_juni+idm_decile,umakigo_code,keibajo_code,ichi_shisu_juni,idm_decile,468,111840,71.52,15.22,70.14,False
GLOBAL_条件戦,keibajo_code+uma_start_shisu_decile+rotation_bin+idm_decile,keibajo_code,uma_start_shisu_decile,rotation_bin,idm_decile,206,35471,72.09,14.44,70.12,False
GLOBAL_条件戦,uma_deokure_bin+pace_yoso+keibajo_code+idm_decile,uma_deokure_bin,pace_yoso,keibajo_code,idm_decile,292,98545,71.71,14.03,70.1,False
GLOBAL_条件戦,keibajo_code+uma_start_shisu_decile+da_tekisei_code+idm_decile,keibajo_code,uma_start_shisu_decile,da_tekisei_code,idm_decile,187,36874,72.38,15.92,70.1,False
GLOBAL_条件戦,keibajo_code+manken_shisu_decile+kyakushitsu+idm_decile,keibajo_code,manken_shisu_decile,kyakushitsu,idm_decile,398,61672,71.53,14.7,70.09,False
GLOBAL_条件戦,kyori_kubun+umakigo_code+kyori_tekisei+idm_decile,kyori_kubun,umakigo_code,kyori_tekisei,idm_decile,106,147360,72.92,14.85,70.09,False
GLOBAL_条件戦,pace_yoso+kyori_kubun+kyori_tekisei+idm_decile,pace_yoso,kyori_kubun,kyori_tekisei,idm_decile,194,137637,72.32,15.83,70.09,False
GLOBAL_条件戦,pace_yoso+shiba_tekisei_code+rotation_bin+idm_decile,pace_yoso,shiba_tekisei_code,rotation_bin,idm_decile,172,78372,72.22,14.26,70.09,False
GLOBAL_条件戦,kyori_kubun+hizume_code+da_tekisei_code+bataiju,kyori_kubun,hizume_code,da_tekisei_code,bataiju,55,6984,73.27,12.0,70.09,False
GLOBAL_条件戦,pace_yoso+kyakushitsu+joshodo_code+ichi_shisu_juni,pace_yoso,kyakushitsu,joshodo_code,ichi_shisu_juni,155,140028,71.73,10.5,70.08,False
GLOBAL_条件戦,pace_yoso+kyakushitsu+rotation_bin+idm_decile,pace_yoso,kyakushitsu,rotation_bin,idm_decile,308,98331,71.72,14.66,70.08,False
GLOBAL_条件戦,kyori_kubun+uma_start_shisu_decile+idm_decile+bataiju,kyori_kubun,uma_start_shisu_decile,idm_decile,bataiju,35,3870,75.67,16.87,70.08,False
GLOBAL_条件戦,pace_yoso+manken_shisu_decile+kyakushitsu+bataiju,pace_yoso,manken_shisu_decile,kyakushitsu,bataiju,101,12728,72.3,11.46,70.07,False
GLOBAL_条件戦,kyori_kubun+hizume_code+omo_tekisei_code+idm_decile,kyori_kubun,hizume_code,omo_tekisei_code,idm_decile,280,97025,71.73,14.22,70.06,False
GLOBAL_条件戦,keibajo_code+hizume_code+da_tekisei_code+idm_decile,keibajo_code,hizume_code,da_tekisei_code,idm_decile,183,35827,72.09,13.97,70.06,False
GLOBAL_条件戦,pace_yoso+hizume_code+omo_tekisei_code+idm_decile,pace_yoso,hizume_code,omo_tekisei_code,idm_decile,247,94799,71.87,14.55,70.05,False
GLOBAL_条件戦,keibajo_code+uma_start_shisu_decile+da_tekisei_code+ichi_shisu_juni,keibajo_code,uma_start_shisu_decile,da_tekisei_code,ichi_shisu_juni,100,14603,72.65,13.25,70.05,False
GLOBAL_条件戦,kyori_kubun+hizume_code+joshodo_code+idm_decile,kyori_kubun,hizume_code,joshodo_code,idm_decile,199,105969,72.09,14.76,70.04,False
GLOBAL_条件戦,uma_deokure_bin+kyakushitsu+ichi_shisu_juni+idm_decile,uma_deokure_bin,kyakushitsu,ichi_shisu_juni,idm_decile,324,87404,71.7,15.22,70.04,False
GLOBAL_条件戦,pace_yoso+shiba_tekisei_code+joshodo_code+idm_decile,pace_yoso,shiba_tekisei_code,joshodo_code,idm_decile,41,82348,74.23,13.71,70.04,False
GLOBAL_条件戦,keibajo_code+uma_start_shisu_decile+manken_shisu_decile+da_tekisei_code,keibajo_code,uma_start_shisu_decile,manken_shisu_decile,da_tekisei_code,120,20724,72.35,13.0,70.02,False
GLOBAL_条件戦,pace_yoso+kyori_tekisei+manken_shisu_decile+bataiju,pace_yoso,kyori_tekisei,manken_shisu_decile,bataiju,186,28687,71.51,10.45,70.01,False
GLOBAL_条件戦,pace_yoso+umakigo_code+idm_decile+bataiju,pace_yoso,umakigo_code,idm_decile,bataiju,502,103472,71.22,13.79,70.01,False
GLOBAL_条件戦,uma_deokure_bin+da_tekisei_code+shiba_tekisei_code+bataiju,uma_deokure_bin,da_tekisei_code,shiba_tekisei_code,bataiju,88,20649,72.1,10.02,70.01,False
GLOBAL_条件戦,kyori_kubun+keibajo_code+kyakushitsu+idm_decile,kyori_kubun,keibajo_code,kyakushitsu,idm_decile,487,127489,71.29,14.53,70.0,False
GLOBAL_条件戦,pace_yoso+omo_tekisei_code+ichi_shisu_juni+idm_decile,pace_yoso,omo_tekisei_code,ichi_shisu_juni,idm_decile,379,94942,71.42,14.07,70.0,False
GLOBAL_条件戦,keibajo_code+hizume_code+shiba_tekisei_code+idm_decile,keibajo_code,hizume_code,shiba_tekisei_code,idm_decile,239,52515,71.71,13.5,70.0,False
GLOBAL_条件戦,pace_yoso+umakigo_code+hizume_code+idm_decile,pace_yoso,umakigo_code,hizume_code,idm_decile,167,99760,72.25,14.85,69.99,False
GLOBAL_条件戦,kyori_kubun+umakigo_code+hizume_code+idm_decile,kyori_kubun,umakigo_code,hizume_code,idm_decile,202,104266,72.04,14.87,69.99,False
GLOBAL_条件戦,pace_yoso+keibajo_code+omo_tekisei_code+idm_decile,pace_yoso,keibajo_code,omo_tekisei_code,idm_decile,304,101946,71.64,14.72,69.99,False
GLOBAL_条件戦,pace_yoso+kyori_kubun+manken_shisu_decile+idm_decile,pace_yoso,kyori_kubun,manken_shisu_decile,idm_decile,419,130546,71.42,15.11,69.97,False
GLOBAL_条件戦,pace_yoso+umakigo_code+shiba_tekisei_code+idm_decile,pace_yoso,umakigo_code,shiba_tekisei_code,idm_decile,46,82333,73.74,13.09,69.96,False
GLOBAL_条件戦,da_tekisei_code+omo_tekisei_code+idm_decile+bataiju,da_tekisei_code,omo_tekisei_code,idm_decile,bataiju,175,24499,72.03,13.96,69.96,False
GLOBAL_条件戦,kyori_kubun+kyori_tekisei+joshodo_code+idm_decile,kyori_kubun,kyori_tekisei,joshodo_code,idm_decile,113,144411,72.68,14.78,69.96,False
GLOBAL_条件戦,pace_yoso+umakigo_code+kyakushitsu+ichi_shisu_juni,pace_yoso,umakigo_code,kyakushitsu,ichi_shisu_juni,159,142093,71.64,10.9,69.95,False
GLOBAL_条件戦,pace_yoso+umakigo_code+joshodo_code+idm_decile,pace_yoso,umakigo_code,joshodo_code,idm_decile,60,142172,73.87,15.47,69.95,False
GLOBAL_条件戦,pace_yoso+umakigo_code+keibajo_code+joshodo_code,pace_yoso,umakigo_code,keibajo_code,joshodo_code,78,142035,72.43,11.15,69.95,False
GLOBAL_条件戦,keibajo_code+kyori_tekisei+omo_tekisei_code+bataiju,keibajo_code,kyori_tekisei,omo_tekisei_code,bataiju,110,14355,72.22,12.15,69.95,False
GLOBAL_条件戦,uma_start_shisu_decile+manken_shisu_decile+shiba_tekisei_code+idm_decile,uma_start_shisu_decile,manken_shisu_decile,shiba_tekisei_code,idm_decile,256,57457,71.62,13.69,69.94,False
GLOBAL_条件戦,pace_yoso+kyori_kubun+umakigo_code+idm_decile,pace_yoso,kyori_kubun,umakigo_code,idm_decile,89,144505,73.13,15.32,69.94,False
GLOBAL_条件戦,uma_start_shisu_decile+hizume_code+rotation_bin+idm_decile,uma_start_shisu_decile,hizume_code,rotation_bin,idm_decile,213,38556,71.9,14.59,69.94,False
GLOBAL_条件戦,omo_tekisei_code+shiba_tekisei_code+ichi_shisu_juni+idm_decile,omo_tekisei_code,shiba_tekisei_code,ichi_shisu_juni,idm_decile,216,70529,71.75,13.6,69.93,False
GLOBAL_条件戦,keibajo_code+kyori_tekisei+manken_shisu_decile+idm_decile,keibajo_code,kyori_tekisei,manken_shisu_decile,idm_decile,348,82467,71.33,13.46,69.92,False
GLOBAL_条件戦,pace_yoso+kyori_kubun+umakigo_code+joshodo_code,pace_yoso,kyori_kubun,umakigo_code,joshodo_code,38,143489,73.7,11.88,69.92,False
GLOBAL_条件戦,kyori_kubun+keibajo_code+kyori_tekisei+bataiju,kyori_kubun,keibajo_code,kyori_tekisei,bataiju,145,24187,71.69,10.86,69.92,False
GLOBAL_条件戦,uma_start_shisu_decile+kyori_tekisei+hizume_code+manken_shisu_decile,uma_start_shisu_decile,kyori_tekisei,hizume_code,manken_shisu_decile,195,36003,71.68,12.49,69.92,False
GLOBAL_条件戦,hizume_code+manken_shisu_decile+shiba_tekisei_code+idm_decile,hizume_code,manken_shisu_decile,shiba_tekisei_code,idm_decile,247,52513,71.67,14.06,69.91,False
GLOBAL_条件戦,keibajo_code+manken_shisu_decile+joshodo_code+idm_decile,keibajo_code,manken_shisu_decile,joshodo_code,idm_decile,508,122560,71.12,13.98,69.91,False
GLOBAL_条件戦,kyori_kubun+manken_shisu_decile+joshodo_code+idm_decile,kyori_kubun,manken_shisu_decile,joshodo_code,idm_decile,305,140320,71.47,13.93,69.91,False
GLOBAL_条件戦,manken_shisu_decile+shiba_tekisei_code+ichi_shisu_juni+idm_decile,manken_shisu_decile,shiba_tekisei_code,ichi_shisu_juni,idm_decile,238,32310,71.73,14.28,69.91,False
GLOBAL_条件戦,uma_deokure_bin+kyori_tekisei+rotation_bin+bataiju,uma_deokure_bin,kyori_tekisei,rotation_bin,bataiju,107,12915,72.43,13.31,69.91,False
GLOBAL_条件戦,uma_deokure_bin+hizume_code+shiba_tekisei_code+bataiju,uma_deokure_bin,hizume_code,shiba_tekisei_code,bataiju,188,28433,71.42,10.57,69.91,False
GLOBAL_条件戦,pace_yoso+hizume_code+kyakushitsu+idm_decile,pace_yoso,hizume_code,kyakushitsu,idm_decile,320,85298,71.58,15.17,69.91,False
GLOBAL_条件戦,kyori_kubun+kyori_tekisei+manken_shisu_decile+bataiju,kyori_kubun,kyori_tekisei,manken_shisu_decile,bataiju,143,16355,72.02,12.86,69.91,False
GLOBAL_条件戦,pace_yoso+kyori_kubun+omo_tekisei_code+idm_decile,pace_yoso,kyori_kubun,omo_tekisei_code,idm_decile,158,109916,72.18,14.64,69.89,False
GLOBAL_条件戦,uma_deokure_bin+pace_yoso+manken_shisu_decile+idm_decile,uma_deokure_bin,pace_yoso,manken_shisu_decile,idm_decile,292,97531,71.55,14.52,69.89,False
GLOBAL_条件戦,pace_yoso+umakigo_code+manken_shisu_decile+idm_decile,pace_yoso,umakigo_code,manken_shisu_decile,idm_decile,184,139326,71.97,14.46,69.88,False
GLOBAL_条件戦,pace_yoso+shiba_tekisei_code+ichi_shisu_juni+idm_decile,pace_yoso,shiba_tekisei_code,ichi_shisu_juni,idm_decile,255,68544,71.66,14.47,69.88,False
GLOBAL_条件戦,pace_yoso+kyakushitsu+omo_tekisei_code+idm_decile,pace_yoso,kyakushitsu,omo_tekisei_code,idm_decile,169,110470,72.03,14.31,69.87,False
GLOBAL_条件戦,uma_deokure_bin+pace_yoso+ichi_shisu_juni+idm_decile,uma_deokure_bin,pace_yoso,ichi_shisu_juni,idm_decile,352,89828,71.41,14.78,69.87,False
GLOBAL_条件戦,pace_yoso+kyori_kubun+hizume_code+idm_decile,pace_yoso,kyori_kubun,hizume_code,idm_decile,293,86790,71.57,14.88,69.87,False
GLOBAL_条件戦,uma_deokure_bin+keibajo_code+shiba_tekisei_code+bataiju,uma_deokure_bin,keibajo_code,shiba_tekisei_code,bataiju,116,13476,72.09,12.35,69.84,False
GLOBAL_条件戦,rotation_bin+joshodo_code+ichi_shisu_juni+idm_decile,rotation_bin,joshodo_code,ichi_shisu_juni,idm_decile,350,88968,71.36,14.45,69.84,False
GLOBAL_条件戦,hizume_code+manken_shisu_decile+shiba_tekisei_code+ichi_shisu_juni,hizume_code,manken_shisu_decile,shiba_tekisei_code,ichi_shisu_juni,152,19788,71.81,12.51,69.83,False
GLOBAL_条件戦,umakigo_code+keibajo_code+joshodo_code+idm_decile,umakigo_code,keibajo_code,joshodo_code,idm_decile,137,144673,72.07,13.46,69.81,False
GLOBAL_条件戦,pace_yoso+manken_shisu_decile+kyakushitsu+idm_decile,pace_yoso,manken_shisu_decile,kyakushitsu,idm_decile,469,123558,71.24,15.95,69.8,False
GLOBAL_条件戦,kyakushitsu+shiba_tekisei_code+ichi_shisu_juni+idm_decile,kyakushitsu,shiba_tekisei_code,ichi_shisu_juni,idm_decile,250,67804,71.58,14.5,69.78,False
GLOBAL_条件戦,kyakushitsu+joshodo_code+idm_decile+bataiju,kyakushitsu,joshodo_code,idm_decile,bataiju,519,79107,71.02,14.44,69.78,False
GLOBAL_条件戦,keibajo_code+uma_start_shisu_decile+manken_shisu_decile+idm_decile,keibajo_code,uma_start_shisu_decile,manken_shisu_decile,idm_decile,157,21797,71.77,12.8,69.77,False
GLOBAL_条件戦,umakigo_code+rotation_bin+ichi_shisu_juni+idm_decile,umakigo_code,rotation_bin,ichi_shisu_juni,idm_decile,350,87675,71.29,14.51,69.77,False
GLOBAL_条件戦,pace_yoso+kyori_tekisei+manken_shisu_decile+ichi_shisu_juni,pace_yoso,kyori_tekisei,manken_shisu_decile,ichi_shisu_juni,310,78109,71.34,14.2,69.76,False
GLOBAL_条件戦,pace_yoso+kyori_kubun+kyori_tekisei+joshodo_code,pace_yoso,kyori_kubun,kyori_tekisei,joshodo_code,56,138555,72.63,10.97,69.76,False
GLOBAL_条件戦,kyakushitsu+omo_tekisei_code+ichi_shisu_juni+idm_decile,kyakushitsu,omo_tekisei_code,ichi_shisu_juni,idm_decile,356,92144,71.25,14.31,69.76,False
GLOBAL_条件戦,kyori_kubun+rotation_bin+joshodo_code+idm_decile,kyori_kubun,rotation_bin,joshodo_code,idm_decile,167,115236,71.9,14.07,69.76,False
GLOBAL_条件戦,kyori_kubun+umakigo_code+rotation_bin+idm_decile,kyori_kubun,umakigo_code,rotation_bin,idm_decile,171,113628,71.84,14.05,69.74,False
GLOBAL_条件戦,kyori_kubun+omo_tekisei_code+ichi_shisu_juni+idm_decile,kyori_kubun,omo_tekisei_code,ichi_shisu_juni,idm_decile,387,87919,71.14,14.07,69.74,False
GLOBAL_条件戦,pace_yoso+kyakushitsu+ichi_shisu_juni+idm_decile,pace_yoso,kyakushitsu,ichi_shisu_juni,idm_decile,402,117170,71.3,16.09,69.72,False
GLOBAL_条件戦,kyori_kubun+kyakushitsu+joshodo_code+ichi_shisu_juni,kyori_kubun,kyakushitsu,joshodo_code,ichi_shisu_juni,180,138612,71.26,10.63,69.71,False
GLOBAL_条件戦,kyori_kubun+uma_start_shisu_decile+ichi_shisu_juni+idm_decile,kyori_kubun,uma_start_shisu_decile,ichi_shisu_juni,idm_decile,239,43240,71.51,14.22,69.71,False
GLOBAL_条件戦,kyori_tekisei+manken_shisu_decile+shiba_tekisei_code+bataiju,kyori_tekisei,manken_shisu_decile,shiba_tekisei_code,bataiju,105,12350,72.06,12.3,69.7,False
GLOBAL_条件戦,kyakushitsu+shiba_tekisei_code+idm_decile+bataiju,kyakushitsu,shiba_tekisei_code,idm_decile,bataiju,149,18925,72.02,14.66,69.67,False
GLOBAL_条件戦,manken_shisu_decile+omo_tekisei_code+shiba_tekisei_code+bataiju,manken_shisu_decile,omo_tekisei_code,shiba_tekisei_code,bataiju,122,13832,72.34,15.11,69.65,False
GLOBAL_条件戦,umakigo_code+manken_shisu_decile+ichi_shisu_juni+idm_decile,umakigo_code,manken_shisu_decile,ichi_shisu_juni,idm_decile,481,112288,71.07,15.83,69.65,False
GLOBAL_条件戦,pace_yoso+umakigo_code+manken_shisu_decile+joshodo_code,pace_yoso,umakigo_code,manken_shisu_decile,joshodo_code,69,139330,72.19,10.8,69.64,False
GLOBAL_条件戦,uma_deokure_bin+kyori_kubun+ichi_shisu_juni+idm_decile,uma_deokure_bin,kyori_kubun,ichi_shisu_juni,idm_decile,359,84178,71.15,14.58,69.64,False
GLOBAL_条件戦,uma_deokure_bin+omo_tekisei_code+ichi_shisu_juni+bataiju,uma_deokure_bin,omo_tekisei_code,ichi_shisu_juni,bataiju,14,1520,74.69,9.66,69.63,False
GLOBAL_条件戦,pace_yoso+keibajo_code+kyakushitsu+idm_decile,pace_yoso,keibajo_code,kyakushitsu,idm_decile,462,122513,71.09,16.11,69.62,False
GLOBAL_条件戦,manken_shirushi+keibajo_code+kyori_tekisei+idm_decile,manken_shirushi,keibajo_code,kyori_tekisei,idm_decile,256,41495,71.32,13.95,69.61,False
GLOBAL_条件戦,umakigo_code+uma_start_shisu_decile+joshodo_code+idm_decile,umakigo_code,uma_start_shisu_decile,joshodo_code,idm_decile,65,109140,73.24,15.0,69.59,False
GLOBAL_条件戦,pace_yoso+keibajo_code+manken_shisu_decile+idm_decile,pace_yoso,keibajo_code,manken_shisu_decile,idm_decile,457,86491,70.96,14.92,69.59,False
GLOBAL_条件戦,pace_yoso+kyori_kubun+rotation_bin+idm_decile,pace_yoso,kyori_kubun,rotation_bin,idm_decile,279,99467,71.31,14.63,69.59,False
GLOBAL_条件戦,kyori_kubun+hizume_code+shiba_tekisei_code+bataiju,kyori_kubun,hizume_code,shiba_tekisei_code,bataiju,107,15458,71.71,11.31,69.57,False
GLOBAL_条件戦,uma_deokure_bin+pace_yoso+keibajo_code+bataiju,uma_deokure_bin,pace_yoso,keibajo_code,bataiju,23,2444,74.93,13.13,69.56,False
GLOBAL_条件戦,kyori_tekisei+omo_tekisei_code+idm_decile+bataiju,kyori_tekisei,omo_tekisei_code,idm_decile,bataiju,167,21570,71.52,13.2,69.52,False
GLOBAL_条件戦,kyori_tekisei+da_tekisei_code+kyakushitsu+bataiju,kyori_tekisei,da_tekisei_code,kyakushitsu,bataiju,110,19368,71.6,11.18,69.52,False
GLOBAL_条件戦,umakigo_code+manken_shisu_decile+joshodo_code+ichi_shisu_juni,umakigo_code,manken_shisu_decile,joshodo_code,ichi_shisu_juni,181,134812,71.06,10.61,69.51,False
GLOBAL_条件戦,uma_start_shisu_decile+shiba_tekisei_code+ichi_shisu_juni+idm_decile,uma_start_shisu_decile,shiba_tekisei_code,ichi_shisu_juni,idm_decile,247,47854,71.38,14.98,69.51,False
GLOBAL_条件戦,pace_yoso+uma_start_shisu_decile+ichi_shisu_juni+idm_decile,pace_yoso,uma_start_shisu_decile,ichi_shisu_juni,idm_decile,258,47213,71.36,15.26,69.5,False
GLOBAL_条件戦,uma_start_shisu_decile+joshodo_code+idm_decile+bataiju,uma_start_shisu_decile,joshodo_code,idm_decile,bataiju,159,26892,71.53,13.11,69.49,False
GLOBAL_条件戦,uma_deokure_bin+da_tekisei_code+idm_decile+bataiju,uma_deokure_bin,da_tekisei_code,idm_decile,bataiju,150,19843,71.73,14.14,69.47,False
GLOBAL_条件戦,pace_yoso+uma_start_shisu_decile+da_tekisei_code+bataiju,pace_yoso,uma_start_shisu_decile,da_tekisei_code,bataiju,65,10321,71.92,10.15,69.45,False
GLOBAL_条件戦,umakigo_code+keibajo_code+idm_decile+bataiju,umakigo_code,keibajo_code,idm_decile,bataiju,158,18190,71.7,14.42,69.45,False
GLOBAL_条件戦,uma_start_shisu_decile+omo_tekisei_code+ichi_shisu_juni+idm_decile,uma_start_shisu_decile,omo_tekisei_code,ichi_shisu_juni,idm_decile,302,57369,71.18,15.39,69.44,False
GLOBAL_条件戦,uma_deokure_bin+keibajo_code+kyori_tekisei+bataiju,uma_deokure_bin,keibajo_code,kyori_tekisei,bataiju,99,12460,71.95,12.8,69.43,False
GLOBAL_条件戦,uma_deokure_bin+kyori_kubun+shiba_tekisei_code+bataiju,uma_deokure_bin,kyori_kubun,shiba_tekisei_code,bataiju,245,50609,70.88,11.62,69.43,False
GLOBAL_条件戦,pace_yoso+hizume_code+shiba_tekisei_code+bataiju,pace_yoso,hizume_code,shiba_tekisei_code,bataiju,157,21536,71.41,12.81,69.41,False
GLOBAL_条件戦,kyori_kubun+keibajo_code+da_tekisei_code+bataiju,kyori_kubun,keibajo_code,da_tekisei_code,bataiju,41,4783,73.63,13.76,69.41,False
GLOBAL_条件戦,uma_deokure_bin+shiba_tekisei_code+ichi_shisu_juni+idm_decile,uma_deokure_bin,shiba_tekisei_code,ichi_shisu_juni,idm_decile,216,68711,71.28,14.06,69.4,False
GLOBAL_条件戦,kyori_kubun+umakigo_code+kyakushitsu+ichi_shisu_juni,kyori_kubun,umakigo_code,kyakushitsu,ichi_shisu_juni,181,140302,71.02,11.18,69.39,False
GLOBAL_条件戦,uma_deokure_bin+uma_start_shisu_decile+idm_decile+bataiju,uma_deokure_bin,uma_start_shisu_decile,idm_decile,bataiju,129,20078,71.53,12.51,69.37,False
GLOBAL_条件戦,pace_yoso+umakigo_code+kyori_tekisei+idm_decile,pace_yoso,umakigo_code,kyori_tekisei,idm_decile,92,139992,72.63,16.11,69.33,False
GLOBAL_条件戦,kyori_tekisei+joshodo_code+ichi_shisu_juni+idm_decile,kyori_tekisei,joshodo_code,ichi_shisu_juni,idm_decile,318,127081,71.05,15.79,69.32,False
GLOBAL_条件戦,pace_yoso+kyori_kubun+kyakushitsu+joshodo_code,pace_yoso,kyori_kubun,kyakushitsu,joshodo_code,56,142876,71.82,9.54,69.32,False
GLOBAL_条件戦,umakigo_code+kyakushitsu+idm_decile+bataiju,umakigo_code,kyakushitsu,idm_decile,bataiju,511,78809,70.58,14.67,69.31,False
GLOBAL_条件戦,kyori_kubun+shiba_tekisei_code+ichi_shisu_juni+idm_decile,kyori_kubun,shiba_tekisei_code,ichi_shisu_juni,idm_decile,258,63860,71.06,14.48,69.3,False
GLOBAL_条件戦,uma_start_shisu_decile+kyakushitsu+ichi_shisu_juni+idm_decile,uma_start_shisu_decile,kyakushitsu,ichi_shisu_juni,idm_decile,263,52312,71.14,15.32,69.29,False
GLOBAL_条件戦,kyori_tekisei+shiba_tekisei_code+rotation_bin+bataiju,kyori_tekisei,shiba_tekisei_code,rotation_bin,bataiju,149,21862,71.1,11.26,69.29,False
GLOBAL_条件戦,uma_deokure_bin+omo_tekisei_code+ichi_shisu_juni+idm_decile,uma_deokure_bin,omo_tekisei_code,ichi_shisu_juni,idm_decile,302,91941,70.9,14.43,69.27,False
GLOBAL_条件戦,uma_start_shisu_decile+da_tekisei_code+ichi_shisu_juni+idm_decile,uma_start_shisu_decile,da_tekisei_code,ichi_shisu_juni,idm_decile,170,28122,71.53,15.37,69.22,False
GLOBAL_条件戦,uma_deokure_bin+joshodo_code+ichi_shisu_juni+idm_decile,uma_deokure_bin,joshodo_code,ichi_shisu_juni,idm_decile,204,102275,71.31,15.21,69.22,False
GLOBAL_条件戦,uma_deokure_bin+umakigo_code+ichi_shisu_juni+idm_decile,uma_deokure_bin,umakigo_code,ichi_shisu_juni,idm_decile,203,100600,71.32,15.35,69.21,False
GLOBAL_条件戦,kyori_kubun+shiba_tekisei_code+idm_decile+bataiju,kyori_kubun,shiba_tekisei_code,idm_decile,bataiju,181,25289,71.29,14.62,69.15,False
GLOBAL_条件戦,umakigo_code+uma_start_shisu_decile+idm_decile+bataiju,umakigo_code,uma_start_shisu_decile,idm_decile,bataiju,155,26108,71.11,12.7,69.11,False
GLOBAL_条件戦,keibajo_code+uma_start_shisu_decile+omo_tekisei_code+bataiju,keibajo_code,uma_start_shisu_decile,omo_tekisei_code,bataiju,6,621,81.15,15.05,69.11,False
GLOBAL_条件戦,pace_yoso+umakigo_code+kyakushitsu+idm_decile,pace_yoso,umakigo_code,kyakushitsu,idm_decile,108,144214,71.97,15.28,69.09,False
GLOBAL_条件戦,uma_deokure_bin+kyori_tekisei+da_tekisei_code+bataiju,uma_deokure_bin,kyori_tekisei,da_tekisei_code,bataiju,134,25989,70.97,11.15,69.09,False
GLOBAL_条件戦,kyori_kubun+keibajo_code+kyakushitsu+bataiju,kyori_kubun,keibajo_code,kyakushitsu,bataiju,25,2820,74.49,13.82,69.07,False
GLOBAL_条件戦,umakigo_code+kyakushitsu+joshodo_code+ichi_shisu_juni,umakigo_code,kyakushitsu,joshodo_code,ichi_shisu_juni,76,140433,71.6,11.22,69.07,False
GLOBAL_条件戦,uma_deokure_bin+keibajo_code+hizume_code+bataiju,uma_deokure_bin,keibajo_code,hizume_code,bataiju,3,305,84.37,13.53,69.06,False
GLOBAL_条件戦,keibajo_code+manken_shisu_decile+shiba_tekisei_code+idm_decile,keibajo_code,manken_shisu_decile,shiba_tekisei_code,idm_decile,310,56533,70.59,14.05,69.03,False
GLOBAL_条件戦,uma_start_shisu_decile+da_tekisei_code+shiba_tekisei_code+bataiju,uma_start_shisu_decile,da_tekisei_code,shiba_tekisei_code,bataiju,39,5747,73.96,15.76,69.01,False
GLOBAL_条件戦,pace_yoso+kyori_kubun+ichi_shisu_juni+idm_decile,pace_yoso,kyori_kubun,ichi_shisu_juni,idm_decile,437,116294,70.43,15.25,69.0,False
GLOBAL_条件戦,pace_yoso+rotation_bin+joshodo_code+idm_decile,pace_yoso,rotation_bin,joshodo_code,idm_decile,137,109245,71.59,15.49,69.0,False
GLOBAL_条件戦,uma_start_shisu_decile+hizume_code+shiba_tekisei_code+bataiju,uma_start_shisu_decile,hizume_code,shiba_tekisei_code,bataiju,60,7861,72.12,12.75,68.89,False
GLOBAL_条件戦,pace_yoso+kyori_kubun+keibajo_code+idm_decile,pace_yoso,kyori_kubun,keibajo_code,idm_decile,372,133638,70.41,15.28,68.86,False
GLOBAL_条件戦,uma_start_shisu_decile+manken_shisu_decile+rotation_bin+idm_decile,uma_start_shisu_decile,manken_shisu_decile,rotation_bin,idm_decile,197,32195,70.86,14.53,68.84,False
GLOBAL_条件戦,kyori_kubun+keibajo_code+manken_shisu_decile+idm_decile,kyori_kubun,keibajo_code,manken_shisu_decile,idm_decile,530,95700,70.09,14.72,68.84,False
GLOBAL_条件戦,uma_start_shisu_decile+kyori_tekisei+ichi_shisu_juni+idm_decile,uma_start_shisu_decile,kyori_tekisei,ichi_shisu_juni,idm_decile,211,37093,70.82,14.66,68.84,False
GLOBAL_条件戦,uma_deokure_bin+uma_start_shisu_decile+manken_shisu_decile+ichi_shisu_juni,uma_deokure_bin,uma_start_shisu_decile,manken_shisu_decile,ichi_shisu_juni,212,44310,70.38,11.45,68.84,False
GLOBAL_条件戦,pace_yoso+shiba_tekisei_code+idm_decile+bataiju,pace_yoso,shiba_tekisei_code,idm_decile,bataiju,204,29324,70.82,14.44,68.84,False
GLOBAL_条件戦,umakigo_code+joshodo_code+idm_decile+bataiju,umakigo_code,joshodo_code,idm_decile,bataiju,420,118721,70.13,13.98,68.79,False
GLOBAL_条件戦,pace_yoso+umakigo_code+rotation_bin+idm_decile,pace_yoso,umakigo_code,rotation_bin,idm_decile,137,107718,71.4,15.6,68.79,False
GLOBAL_条件戦,uma_deokure_bin+uma_start_shisu_decile+manken_shisu_decile+bataiju,uma_deokure_bin,uma_start_shisu_decile,manken_shisu_decile,bataiju,47,5210,72.05,11.39,68.79,False
GLOBAL_条件戦,keibajo_code+uma_start_shisu_decile+manken_shisu_decile+ichi_shisu_juni,keibajo_code,uma_start_shisu_decile,manken_shisu_decile,ichi_shisu_juni,9,985,74.97,9.49,68.77,False
GLOBAL_条件戦,pace_yoso+kyori_tekisei+joshodo_code+idm_decile,pace_yoso,kyori_tekisei,joshodo_code,idm_decile,101,137447,71.9,16.12,68.76,False
GLOBAL_条件戦,uma_start_shisu_decile+hizume_code+manken_shisu_decile+idm_decile,uma_start_shisu_decile,hizume_code,manken_shisu_decile,idm_decile,125,21381,71.35,15.0,68.72,False
GLOBAL_条件戦,hizume_code+shiba_tekisei_code+ichi_shisu_juni+idm_decile,hizume_code,shiba_tekisei_code,ichi_shisu_juni,idm_decile,194,35074,70.7,14.1,68.71,False
GLOBAL_条件戦,manken_shisu_decile+kyakushitsu+shiba_tekisei_code+bataiju,manken_shisu_decile,kyakushitsu,shiba_tekisei_code,bataiju,5,527,73.49,5.47,68.7,False
GLOBAL_条件戦,kyori_kubun+joshodo_code+ichi_shisu_juni+idm_decile,kyori_kubun,joshodo_code,ichi_shisu_juni,idm_decile,312,130877,70.43,15.7,68.69,False
GLOBAL_条件戦,keibajo_code+da_tekisei_code+omo_tekisei_code+bataiju,keibajo_code,da_tekisei_code,omo_tekisei_code,bataiju,60,6868,72.02,13.18,68.68,False
GLOBAL_条件戦,omo_tekisei_code+joshodo_code+ichi_shisu_juni+idm_decile,omo_tekisei_code,joshodo_code,ichi_shisu_juni,idm_decile,219,107550,70.66,14.95,68.68,False
GLOBAL_条件戦,kyori_kubun+umakigo_code+idm_decile+bataiju,kyori_kubun,umakigo_code,idm_decile,bataiju,573,103858,69.88,15.22,68.64,False
GLOBAL_条件戦,kyori_kubun+kyori_tekisei+ichi_shisu_juni+idm_decile,kyori_kubun,kyori_tekisei,ichi_shisu_juni,idm_decile,368,105635,70.26,15.86,68.64,False
GLOBAL_条件戦,pace_yoso+kyakushitsu+joshodo_code+idm_decile,pace_yoso,kyakushitsu,joshodo_code,idm_decile,100,142096,71.62,15.29,68.63,False
GLOBAL_条件戦,keibajo_code+kyori_tekisei+shiba_tekisei_code+bataiju,keibajo_code,kyori_tekisei,shiba_tekisei_code,bataiju,106,15919,70.76,11.3,68.61,False
GLOBAL_条件戦,uma_start_shisu_decile+kyakushitsu+shiba_tekisei_code+bataiju,uma_start_shisu_decile,kyakushitsu,shiba_tekisei_code,bataiju,116,20026,70.64,11.14,68.61,False
GLOBAL_条件戦,umakigo_code+omo_tekisei_code+ichi_shisu_juni+idm_decile,umakigo_code,omo_tekisei_code,ichi_shisu_juni,idm_decile,219,106014,70.58,15.19,68.57,False
GLOBAL_条件戦,omo_tekisei_code+shiba_tekisei_code+idm_decile+bataiju,omo_tekisei_code,shiba_tekisei_code,idm_decile,bataiju,259,40734,70.21,14.04,68.5,False
GLOBAL_条件戦,kyori_kubun+keibajo_code+joshodo_code+idm_decile,kyori_kubun,keibajo_code,joshodo_code,idm_decile,291,141954,70.2,14.94,68.49,False
GLOBAL_条件戦,keibajo_code+kyori_tekisei+manken_shisu_decile+ichi_shisu_juni,keibajo_code,kyori_tekisei,manken_shisu_decile,ichi_shisu_juni,145,42108,70.32,11.6,68.44,False
GLOBAL_条件戦,pace_yoso+uma_start_shisu_decile+shiba_tekisei_code+bataiju,pace_yoso,uma_start_shisu_decile,shiba_tekisei_code,bataiju,121,20631,70.37,10.91,68.43,False
GLOBAL_条件戦,uma_start_shisu_decile+omo_tekisei_code+shiba_tekisei_code+bataiju,uma_start_shisu_decile,omo_tekisei_code,shiba_tekisei_code,bataiju,153,27258,70.38,12.35,68.42,False
GLOBAL_条件戦,kyori_kubun+uma_start_shisu_decile+shiba_tekisei_code+bataiju,kyori_kubun,uma_start_shisu_decile,shiba_tekisei_code,bataiju,130,21120,70.28,10.9,68.41,False
GLOBAL_条件戦,pace_yoso+umakigo_code+keibajo_code+idm_decile,pace_yoso,umakigo_code,keibajo_code,idm_decile,191,141899,70.66,15.92,68.4,False
GLOBAL_条件戦,umakigo_code+kyori_tekisei+joshodo_code+ichi_shisu_juni,umakigo_code,kyori_tekisei,joshodo_code,ichi_shisu_juni,79,134786,70.84,11.1,68.39,False
GLOBAL_条件戦,kyori_kubun+da_tekisei_code+idm_decile+bataiju,kyori_kubun,da_tekisei_code,idm_decile,bataiju,103,12766,71.3,15.25,68.36,False
GLOBAL_条件戦,pace_yoso+kyori_kubun+kyakushitsu+idm_decile,pace_yoso,kyori_kubun,kyakushitsu,idm_decile,267,142160,70.27,15.97,68.35,False
GLOBAL_条件戦,pace_yoso+manken_shisu_decile+joshodo_code+idm_decile,pace_yoso,manken_shisu_decile,joshodo_code,idm_decile,236,135159,70.25,15.05,68.33,False
GLOBAL_条件戦,kyori_tekisei+hizume_code+da_tekisei_code+bataiju,kyori_tekisei,hizume_code,da_tekisei_code,bataiju,65,8717,71.45,12.92,68.31,False
GLOBAL_条件戦,pace_yoso+kyori_tekisei+rotation_bin+bataiju,pace_yoso,kyori_tekisei,rotation_bin,bataiju,52,5757,72.33,15.1,68.23,False
GLOBAL_条件戦,kyori_tekisei+da_tekisei_code+idm_decile+bataiju,kyori_tekisei,da_tekisei_code,idm_decile,bataiju,107,14448,70.61,12.64,68.22,False
GLOBAL_条件戦,uma_deokure_bin+uma_start_shisu_decile+da_tekisei_code+bataiju,uma_deokure_bin,uma_start_shisu_decile,da_tekisei_code,bataiju,103,18219,70.64,12.67,68.19,False
GLOBAL_条件戦,uma_start_shisu_decile+kyori_tekisei+kyakushitsu+bataiju,uma_start_shisu_decile,kyori_tekisei,kyakushitsu,bataiju,110,13735,70.78,13.84,68.19,False
GLOBAL_条件戦,keibajo_code+kyori_tekisei+ichi_shisu_juni+idm_decile,keibajo_code,kyori_tekisei,ichi_shisu_juni,idm_decile,197,54429,70.31,15.41,68.16,False
GLOBAL_条件戦,kyori_tekisei+manken_shisu_decile+da_tekisei_code+bataiju,kyori_tekisei,manken_shisu_decile,da_tekisei_code,bataiju,35,3804,72.73,13.81,68.16,False
GLOBAL_条件戦,pace_yoso+keibajo_code+joshodo_code+idm_decile,pace_yoso,keibajo_code,joshodo_code,idm_decile,243,135722,70.06,15.95,68.05,False
GLOBAL_条件戦,kyori_kubun+kyakushitsu+idm_decile+bataiju,kyori_kubun,kyakushitsu,idm_decile,bataiju,80,8940,71.37,15.48,67.98,False
GLOBAL_条件戦,kyori_kubun+umakigo_code+joshodo_code+ichi_shisu_juni,kyori_kubun,umakigo_code,joshodo_code,ichi_shisu_juni,95,139527,70.32,12.13,67.88,False
GLOBAL_条件戦,kyori_kubun+uma_start_shisu_decile+da_tekisei_code+bataiju,kyori_kubun,uma_start_shisu_decile,da_tekisei_code,bataiju,55,7960,70.86,11.45,67.83,False
GLOBAL_条件戦,kyakushitsu+joshodo_code+ichi_shisu_juni+idm_decile,kyakushitsu,joshodo_code,ichi_shisu_juni,idm_decile,276,134057,69.73,16.19,67.82,False
GLOBAL_条件戦,manken_shirushi+rotation_bin+ichi_shisu_juni+idm_decile,manken_shirushi,rotation_bin,ichi_shisu_juni,idm_decile,3,333,80.02,10.78,67.82,False
GLOBAL_条件戦,uma_start_shisu_decile+da_tekisei_code+omo_tekisei_code+bataiju,uma_start_shisu_decile,da_tekisei_code,omo_tekisei_code,bataiju,93,14215,70.6,13.74,67.81,False
GLOBAL_条件戦,kyori_kubun+kyori_tekisei+idm_decile+bataiju,kyori_kubun,kyori_tekisei,idm_decile,bataiju,344,47323,69.26,14.4,67.74,False
GLOBAL_条件戦,umakigo_code+kyakushitsu+ichi_shisu_juni+idm_decile,umakigo_code,kyakushitsu,ichi_shisu_juni,idm_decile,277,135428,69.63,16.06,67.73,False
GLOBAL_条件戦,uma_deokure_bin+shiba_tekisei_code+ichi_shisu_juni+bataiju,uma_deokure_bin,shiba_tekisei_code,ichi_shisu_juni,bataiju,19,2117,73.47,12.87,67.69,False
GLOBAL_条件戦,uma_deokure_bin+shiba_tekisei_code+idm_decile+bataiju,uma_deokure_bin,shiba_tekisei_code,idm_decile,bataiju,251,38267,69.48,14.65,67.67,False
GLOBAL_条件戦,pace_yoso+umakigo_code+ichi_shisu_juni+idm_decile,pace_yoso,umakigo_code,ichi_shisu_juni,idm_decile,269,139710,69.51,15.94,67.6,False
GLOBAL_条件戦,kyori_kubun+umakigo_code+ichi_shisu_juni+idm_decile,kyori_kubun,umakigo_code,ichi_shisu_juni,idm_decile,303,136349,69.42,16.26,67.59,False
GLOBAL_条件戦,umakigo_code+manken_shisu_decile+idm_decile+bataiju,umakigo_code,manken_shisu_decile,idm_decile,bataiju,135,15804,69.96,14.13,67.58,False
GLOBAL_条件戦,uma_deokure_bin+manken_shisu_decile+shiba_tekisei_code+bataiju,uma_deokure_bin,manken_shisu_decile,shiba_tekisei_code,bataiju,93,10381,70.32,13.56,67.57,False
GLOBAL_条件戦,uma_start_shisu_decile+kyori_tekisei+shiba_tekisei_code+bataiju,uma_start_shisu_decile,kyori_tekisei,shiba_tekisei_code,bataiju,119,18792,69.81,12.56,67.55,False
GLOBAL_条件戦,pace_yoso+joshodo_code+ichi_shisu_juni+idm_decile,pace_yoso,joshodo_code,ichi_shisu_juni,idm_decile,284,135182,69.39,16.29,67.49,False
GLOBAL_条件戦,uma_deokure_bin+kyori_tekisei+idm_decile+bataiju,uma_deokure_bin,kyori_tekisei,idm_decile,bataiju,145,17307,69.63,13.49,67.43,False
GLOBAL_条件戦,da_tekisei_code+kyakushitsu+idm_decile+bataiju,da_tekisei_code,kyakushitsu,idm_decile,bataiju,57,6611,71.64,16.54,67.35,False
GLOBAL_条件戦,kyori_tekisei+hizume_code+shiba_tekisei_code+bataiju,kyori_tekisei,hizume_code,shiba_tekisei_code,bataiju,115,16986,69.57,12.49,67.29,False
GLOBAL_条件戦,keibajo_code+uma_start_shisu_decile+hizume_code+idm_decile,keibajo_code,uma_start_shisu_decile,hizume_code,idm_decile,141,25289,69.54,13.82,67.26,False
GLOBAL_条件戦,umakigo_code+ichi_shisu_juni+idm_decile+bataiju,umakigo_code,ichi_shisu_juni,idm_decile,bataiju,169,26883,69.35,14.1,67.23,False
GLOBAL_条件戦,pace_yoso+rotation_bin+idm_decile+bataiju,pace_yoso,rotation_bin,idm_decile,bataiju,5,516,81.33,16.25,67.08,False
GLOBAL_条件戦,pace_yoso+umakigo_code+joshodo_code+ichi_shisu_juni,pace_yoso,umakigo_code,joshodo_code,ichi_shisu_juni,79,140397,69.71,12.06,67.05,False
GLOBAL_条件戦,pace_yoso+kyori_kubun+joshodo_code+idm_decile,pace_yoso,kyori_kubun,joshodo_code,idm_decile,115,140761,70.03,16.32,67.05,False
GLOBAL_条件戦,kyori_kubun+manken_shisu_decile+omo_tekisei_code+bataiju,kyori_kubun,manken_shisu_decile,omo_tekisei_code,bataiju,5,512,75.55,9.73,67.02,False
GLOBAL_条件戦,kyori_tekisei+shiba_tekisei_code+idm_decile+bataiju,kyori_tekisei,shiba_tekisei_code,idm_decile,bataiju,167,24865,68.97,13.14,66.97,False
GLOBAL_条件戦,manken_shisu_decile+da_tekisei_code+omo_tekisei_code+bataiju,manken_shisu_decile,da_tekisei_code,omo_tekisei_code,bataiju,43,4772,70.85,13.15,66.92,False
GLOBAL_条件戦,kyori_tekisei+manken_shisu_decile+idm_decile+bataiju,kyori_tekisei,manken_shisu_decile,idm_decile,bataiju,45,6004,70.52,12.6,66.84,False
GLOBAL_条件戦,pace_yoso+kyakushitsu+idm_decile+bataiju,pace_yoso,kyakushitsu,idm_decile,bataiju,161,21290,69.16,15.43,66.78,False
GLOBAL_条件戦,pace_yoso+kyori_tekisei+idm_decile+bataiju,pace_yoso,kyori_tekisei,idm_decile,bataiju,237,39973,68.27,13.36,66.57,False
GLOBAL_条件戦,kyori_tekisei+manken_shisu_decile+ichi_shisu_juni+idm_decile,kyori_tekisei,manken_shisu_decile,ichi_shisu_juni,idm_decile,174,48463,69.08,17.24,66.52,False
GLOBAL_条件戦,manken_shisu_decile+rotation_bin+joshodo_code+bataiju,manken_shisu_decile,rotation_bin,joshodo_code,bataiju,14,1515,74.35,15.13,66.43,False
GLOBAL_条件戦,uma_start_shisu_decile+shiba_tekisei_code+idm_decile+bataiju,uma_start_shisu_decile,shiba_tekisei_code,idm_decile,bataiju,81,10544,69.45,13.97,66.4,False
GLOBAL_条件戦,kyori_tekisei+kyakushitsu+rotation_bin+bataiju,kyori_tekisei,kyakushitsu,rotation_bin,bataiju,23,2606,71.65,12.96,66.35,False
GLOBAL_条件戦,uma_deokure_bin+keibajo_code+da_tekisei_code+bataiju,uma_deokure_bin,keibajo_code,da_tekisei_code,bataiju,23,2531,72.59,15.33,66.32,False
GLOBAL_条件戦,keibajo_code+kyakushitsu+shiba_tekisei_code+bataiju,keibajo_code,kyakushitsu,shiba_tekisei_code,bataiju,11,1194,76.03,16.44,66.31,False
GLOBAL_条件戦,uma_start_shisu_decile+da_tekisei_code+kyakushitsu+bataiju,uma_start_shisu_decile,da_tekisei_code,kyakushitsu,bataiju,67,9241,69.45,13.56,66.2,False
GLOBAL_条件戦,pace_yoso+ichi_shisu_juni+idm_decile+bataiju,pace_yoso,ichi_shisu_juni,idm_decile,bataiju,128,18000,68.61,14.25,66.15,False
GLOBAL_条件戦,kyori_tekisei_2+hizume_code+omo_tekisei_code+joshodo_code,kyori_tekisei_2,hizume_code,omo_tekisei_code,joshodo_code,3,502,85.37,17.18,65.93,False
GLOBAL_条件戦,uma_start_shisu_decile+hizume_code+da_tekisei_code+bataiju,uma_start_shisu_decile,hizume_code,da_tekisei_code,bataiju,13,1429,73.98,14.89,65.89,False
GLOBAL_条件戦,umakigo_code+manken_shisu_decile+rotation_bin+bataiju,umakigo_code,manken_shisu_decile,rotation_bin,bataiju,13,1408,73.47,13.99,65.87,False
GLOBAL_条件戦,umakigo_code+keibajo_code+manken_shisu_decile+bataiju,umakigo_code,keibajo_code,manken_shisu_decile,bataiju,7,742,78.15,16.7,65.78,False
GLOBAL_条件戦,umakigo_code+joshodo_code+ichi_shisu_juni+idm_decile,umakigo_code,joshodo_code,ichi_shisu_juni,idm_decile,135,136758,68.52,16.72,65.7,False
GLOBAL_条件戦,kyori_kubun+manken_shisu_decile+shiba_tekisei_code+bataiju,kyori_kubun,manken_shisu_decile,shiba_tekisei_code,bataiju,38,4234,69.66,12.54,65.67,False
GLOBAL_条件戦,hizume_code+shiba_tekisei_code+idm_decile+bataiju,hizume_code,shiba_tekisei_code,idm_decile,bataiju,23,2501,70.26,11.61,65.51,False
GLOBAL_条件戦,uma_deokure_bin+kyori_kubun+ichi_shisu_juni+bataiju,uma_deokure_bin,kyori_kubun,ichi_shisu_juni,bataiju,3,310,74.41,7.98,65.38,False
GLOBAL_条件戦,keibajo_code+manken_shisu_decile+ichi_shisu_juni+idm_decile,keibajo_code,manken_shisu_decile,ichi_shisu_juni,idm_decile,127,23904,67.97,15.16,65.33,False
GLOBAL_条件戦,pace_yoso+manken_shisu_decile+da_tekisei_code+bataiju,pace_yoso,manken_shisu_decile,da_tekisei_code,bataiju,4,419,69.65,4.7,65.04,False
GLOBAL_条件戦,hizume_code+manken_shisu_decile+joshodo_code+bataiju,hizume_code,manken_shisu_decile,joshodo_code,bataiju,8,862,72.98,11.52,65.0,False
GLOBAL_条件戦,manken_shirushi+keibajo_code+ichi_shisu_juni+idm_decile,manken_shirushi,keibajo_code,ichi_shisu_juni,idm_decile,71,8810,68.21,14.23,64.9,False
GLOBAL_条件戦,kyori_tekisei+ichi_shisu_juni+idm_decile+bataiju,kyori_tekisei,ichi_shisu_juni,idm_decile,bataiju,134,20563,67.15,13.97,64.79,False
GLOBAL_条件戦,pace_yoso+manken_shisu_decile+shiba_tekisei_code+bataiju,pace_yoso,manken_shisu_decile,shiba_tekisei_code,bataiju,34,3730,68.75,13.68,64.15,False
GLOBAL_条件戦,kyakushitsu+ichi_shisu_juni+idm_decile+bataiju,kyakushitsu,ichi_shisu_juni,idm_decile,bataiju,112,16672,66.31,13.65,63.78,False
GLOBAL_条件戦,keibajo_code+hizume_code+shiba_tekisei_code+bataiju,keibajo_code,hizume_code,shiba_tekisei_code,bataiju,6,660,74.44,13.37,63.75,False
GLOBAL_条件戦,kyori_tekisei+kyakushitsu+idm_decile+bataiju,kyori_tekisei,kyakushitsu,idm_decile,bataiju,169,25226,65.83,14.21,63.69,False
GLOBAL_条件戦,uma_start_shisu_decile+kyori_tekisei+da_tekisei_code+bataiju,uma_start_shisu_decile,kyori_tekisei,da_tekisei_code,bataiju,52,6995,66.44,10.28,63.64,False
GLOBAL_条件戦,uma_deokure_bin+manken_shisu_decile+da_tekisei_code+bataiju,uma_deokure_bin,manken_shisu_decile,da_tekisei_code,bataiju,5,517,74.22,12.44,63.31,False
GLOBAL_条件戦,joshodo_code+ichi_shisu_juni+idm_decile+bataiju,joshodo_code,ichi_shisu_juni,idm_decile,bataiju,92,13137,65.98,13.05,63.31,False
GLOBAL_条件戦,umakigo_code+hizume_code+manken_shisu_decile+bataiju,umakigo_code,hizume_code,manken_shisu_decile,bataiju,8,855,71.77,12.38,63.19,False
GLOBAL_条件戦,uma_start_shisu_decile+da_tekisei_code+idm_decile+bataiju,uma_start_shisu_decile,da_tekisei_code,idm_decile,bataiju,16,1796,70.11,14.32,63.09,False
GLOBAL_条件戦,manken_shisu_decile+da_tekisei_code+shiba_tekisei_code+bataiju,manken_shisu_decile,da_tekisei_code,shiba_tekisei_code,bataiju,12,1283,72.25,16.58,62.87,False
GLOBAL_条件戦,keibajo_code+kyori_tekisei+idm_decile+bataiju,keibajo_code,kyori_tekisei,idm_decile,bataiju,25,2749,67.94,14.08,62.41,False
GLOBAL_条件戦,keibajo_code+uma_start_shisu_decile+shiba_tekisei_code+bataiju,keibajo_code,uma_start_shisu_decile,shiba_tekisei_code,bataiju,6,639,71.2,11.12,62.3,False
GLOBAL_条件戦,uma_deokure_bin+pace_yoso+ichi_shisu_juni+bataiju,uma_deokure_bin,pace_yoso,ichi_shisu_juni,bataiju,3,306,74.14,10.83,61.89,False
GLOBAL_条件戦,uma_start_shisu_decile+da_tekisei_code+rotation_bin+bataiju,uma_start_shisu_decile,da_tekisei_code,rotation_bin,bataiju,7,749,67.64,13.03,57.98,False
GLOBAL_条件戦,uma_start_shisu_decile+kyori_tekisei+idm_decile+bataiju,uma_start_shisu_decile,kyori_tekisei,idm_decile,bataiju,10,1094,66.31,13.6,57.88,False
GLOBAL_条件戦,uma_deokure_bin+kyori_tekisei+manken_shisu_decile+bataiju,uma_deokure_bin,kyori_tekisei,manken_shisu_decile,bataiju,3,328,73.63,14.79,56.9,False
GLOBAL_条件戦,keibajo_code+uma_start_shisu_decile+kyori_tekisei+bataiju,keibajo_code,uma_start_shisu_decile,kyori_tekisei,bataiju,8,856,65.08,14.75,54.85,False
GLOBAL_条件戦,kyori_kubun+ichi_shisu_juni+idm_decile+bataiju,kyori_kubun,ichi_shisu_juni,idm_decile,bataiju,22,2410,61.09,16.09,54.36,False
GLOBAL_条件戦,da_tekisei_code+rotation_bin+idm_decile+bataiju,da_tekisei_code,rotation_bin,idm_decile,bataiju,3,316,68.77,18.34,48.02,False
GLOBAL_条件戦,uma_start_shisu_decile+kyori_tekisei+rotation_bin+bataiju,uma_start_shisu_decile,kyori_tekisei,rotation_bin,bataiju,3,317,57.58,16.64,38.75,False
