segment,factors,factor1,factor2,factor3,factor4,n_bins,n_bets,mean_roi,std_roi,clb,pass
KEIBAJO_SURFACE_06_ダ_条件戦,manken_shirushi+pace_yoso+tenkai_kigo_code+agari_shisu_juni,manken_shirushi,pace_yoso,tenkai_kigo_code,agari_shisu_juni,4,475,97.61,4.65,93.06,True
KEIBAJO_SURFACE_06_ダ_条件戦,hizume_code+pace_yoso+tenkai_kigo_code+agari_shisu_juni,hizume_code,pace_yoso,tenkai_kigo_code,agari_shisu_juni,5,617,91.51,4.9,87.22,True
KEIBAJO_SURFACE_06_ダ_条件戦,pace_yoso+rotation+tenkai_kigo_code+agari_shisu_juni,pace_yoso,rotation,tenkai_kigo_code,agari_shisu_juni,9,1153,88.89,10.34,82.14,True
KEIBAJO_SURFACE_06_ダ_条件戦,kyakushitsu+rotation+tenkai_kigo_code+agari_shisu_juni,kyakushitsu,rotation,tenkai_kigo_code,agari_shisu_juni,4,430,90.14,8.44,81.87,True
KEIBAJO_SURFACE_06_ダ_条件戦,kyori_tekisei+rotation+tenkai_kigo_code+agari_shisu_juni,kyori_tekisei,rotation,tenkai_kigo_code,agari_shisu_juni,7,922,86.62,8.19,80.55,True
KEIBAJO_SURFACE_06_ダ_条件戦,uma_deokure_ritsu+kyakushitsu+ichi_shisu_juni+ls_shisu_juni,uma_deokure_ritsu,kyakushitsu,ichi_shisu_juni,ls_shisu_juni,3,319,85.17,4.32,80.28,True
KEIBAJO_SURFACE_06_ダ_条件戦,hizume_code+kyakushitsu+tenkai_kigo_code+ichi_shisu_juni,hizume_code,kyakushitsu,tenkai_kigo_code,ichi_shisu_juni,4,467,87.21,7.47,79.89,False
KEIBAJO_SURFACE_06_ダ_条件戦,pace_yoso+tenkai_kigo_code+ls_shisu_juni+agari_shisu_juni,pace_yoso,tenkai_kigo_code,ls_shisu_juni,agari_shisu_juni,7,805,89.5,13.73,79.34,False
KEIBAJO_SURFACE_06_ダ_条件戦,omo_tekisei_code+tenkai_kigo_code+ls_shisu_juni+agari_shisu_juni,omo_tekisei_code,tenkai_kigo_code,ls_shisu_juni,agari_shisu_juni,6,689,86.29,10.58,77.83,False
KEIBAJO_SURFACE_06_ダ_条件戦,kyakushitsu+omo_tekisei_code+tenkai_kigo_code+agari_shisu_juni,kyakushitsu,omo_tekisei_code,tenkai_kigo_code,agari_shisu_juni,33,4524,81.25,10.98,77.5,False
KEIBAJO_SURFACE_06_ダ_条件戦,kyori_tekisei+pace_yoso+tenkai_kigo_code+nyukyu_nannichimae,kyori_tekisei,pace_yoso,tenkai_kigo_code,nyukyu_nannichimae,4,444,93.62,17.19,76.78,False
KEIBAJO_SURFACE_06_ダ_条件戦,rotation+omo_tekisei_code+tenkai_kigo_code+agari_shisu_juni,rotation,omo_tekisei_code,tenkai_kigo_code,agari_shisu_juni,8,1019,86.34,13.92,76.69,False
KEIBAJO_SURFACE_06_ダ_条件戦,uma_start_shisu+kyakushitsu+tenkai_kigo_code+agari_shisu_juni,uma_start_shisu,kyakushitsu,tenkai_kigo_code,agari_shisu_juni,8,915,82.1,7.88,76.64,False
KEIBAJO_SURFACE_06_ダ_条件戦,uma_start_shisu+pace_yoso+tenkai_kigo_code+agari_shisu_juni,uma_start_shisu,pace_yoso,tenkai_kigo_code,agari_shisu_juni,11,1248,80.82,7.57,76.34,False
KEIBAJO_SURFACE_06_ダ_条件戦,pace_yoso+kyakushitsu+rotation+omo_tekisei_code,pace_yoso,kyakushitsu,rotation,omo_tekisei_code,24,3683,79.77,9.24,76.07,False
KEIBAJO_SURFACE_06_ダ_条件戦,manken_shirushi+pace_yoso+kyakushitsu+omo_tekisei_code,manken_shirushi,pace_yoso,kyakushitsu,omo_tekisei_code,4,415,79.78,4.25,75.62,False
KEIBAJO_SURFACE_06_ダ_条件戦,kyakushitsu+rotation+tenkai_kigo_code+ichi_shisu_juni,kyakushitsu,rotation,tenkai_kigo_code,ichi_shisu_juni,3,355,84.19,7.65,75.53,False
KEIBAJO_SURFACE_06_ダ_条件戦,pace_yoso+omo_tekisei_code+tenkai_kigo_code+agari_shisu_juni,pace_yoso,omo_tekisei_code,tenkai_kigo_code,agari_shisu_juni,36,5827,79.18,11.49,75.43,False
KEIBAJO_SURFACE_06_ダ_条件戦,hizume_code+pace_yoso+rotation+omo_tekisei_code,hizume_code,pace_yoso,rotation,omo_tekisei_code,9,1178,79.4,6.37,75.24,False
KEIBAJO_SURFACE_06_ダ_条件戦,uma_deokure_ritsu+pace_yoso+kyakushitsu+ichi_shisu_juni,uma_deokure_ritsu,pace_yoso,kyakushitsu,ichi_shisu_juni,13,2314,77.3,3.96,75.15,False
KEIBAJO_SURFACE_06_ダ_条件戦,kyori_tekisei+hizume_code+kyakushitsu+rotation,kyori_tekisei,hizume_code,kyakushitsu,rotation,4,497,78.66,4.14,74.61,False
KEIBAJO_SURFACE_06_ダ_条件戦,pace_yoso+kyakushitsu+tenkai_kigo_code+agari_shisu_juni,pace_yoso,kyakushitsu,tenkai_kigo_code,agari_shisu_juni,47,6765,77.88,12.96,74.18,False
KEIBAJO_SURFACE_06_ダ_条件戦,pace_yoso+kyakushitsu+tenkai_kigo_code+ichi_shisu_juni,pace_yoso,kyakushitsu,tenkai_kigo_code,ichi_shisu_juni,23,5874,76.81,6.82,74.03,False
KEIBAJO_SURFACE_06_ダ_条件戦,kyori_tekisei+kyakushitsu+omo_tekisei_code+agari_shisu_juni,kyori_tekisei,kyakushitsu,omo_tekisei_code,agari_shisu_juni,16,1807,80.76,13.74,74.03,False
KEIBAJO_SURFACE_06_ダ_条件戦,pace_yoso+omo_tekisei_code+tenkai_kigo_code+ichi_shisu_juni,pace_yoso,omo_tekisei_code,tenkai_kigo_code,ichi_shisu_juni,24,3145,77.6,11.67,72.93,False
KEIBAJO_SURFACE_06_ダ_条件戦,uma_start_shisu+omo_tekisei_code+tenkai_kigo_code+agari_shisu_juni,uma_start_shisu,omo_tekisei_code,tenkai_kigo_code,agari_shisu_juni,11,1379,77.97,10.0,72.06,False
KEIBAJO_SURFACE_06_ダ_条件戦,kyori_tekisei+hizume_code+tenkai_kigo_code+agari_shisu_juni,kyori_tekisei,hizume_code,tenkai_kigo_code,agari_shisu_juni,6,763,77.31,6.66,71.98,False
KEIBAJO_SURFACE_06_ダ_条件戦,uma_start_shisu+pace_yoso+kyakushitsu+ichi_shisu_juni,uma_start_shisu,pace_yoso,kyakushitsu,ichi_shisu_juni,6,803,76.02,5.23,71.84,False
KEIBAJO_SURFACE_06_ダ_条件戦,kyakushitsu+kishu_shisu+ichi_shisu_juni+ls_shisu_juni,kyakushitsu,kishu_shisu,ichi_shisu_juni,ls_shisu_juni,3,385,92.66,18.75,71.44,False
KEIBAJO_SURFACE_06_ダ_条件戦,pace_yoso+kakutoku_shokin_ruikei+tenkai_kigo_code+nyukyu_nannichimae,pace_yoso,kakutoku_shokin_ruikei,tenkai_kigo_code,nyukyu_nannichimae,3,340,88.22,14.84,71.43,False
KEIBAJO_SURFACE_06_ダ_条件戦,kyakushitsu+tenkai_kigo_code+ichi_shisu_juni+ls_shisu_juni,kyakushitsu,tenkai_kigo_code,ichi_shisu_juni,ls_shisu_juni,9,2236,78.8,11.32,71.41,False
KEIBAJO_SURFACE_06_ダ_条件戦,pace_yoso+kyakushitsu+omo_tekisei_code+ichi_shisu_juni,pace_yoso,kyakushitsu,omo_tekisei_code,ichi_shisu_juni,19,2565,75.84,10.0,71.34,False
KEIBAJO_SURFACE_06_ダ_条件戦,uma_deokure_ritsu+manken_shirushi+kyakushitsu+omo_tekisei_code,uma_deokure_ritsu,manken_shirushi,kyakushitsu,omo_tekisei_code,7,844,75.79,6.06,71.3,False
KEIBAJO_SURFACE_06_ダ_条件戦,hizume_code+omo_tekisei_code+tenkai_kigo_code+agari_shisu_juni,hizume_code,omo_tekisei_code,tenkai_kigo_code,agari_shisu_juni,5,664,78.36,8.09,71.27,False
KEIBAJO_SURFACE_06_ダ_条件戦,kishu_shisu+tenkai_kigo_code+ichi_shisu_juni+ls_shisu_juni,kishu_shisu,tenkai_kigo_code,ichi_shisu_juni,ls_shisu_juni,3,387,91.75,18.28,71.07,False
KEIBAJO_SURFACE_06_ダ_条件戦,pace_yoso+rotation+omo_tekisei_code+ls_shisu_juni,pace_yoso,rotation,omo_tekisei_code,ls_shisu_juni,13,1681,80.12,16.73,71.02,False
KEIBAJO_SURFACE_06_ダ_条件戦,uma_start_shisu+kyakushitsu+omo_tekisei_code+ichi_shisu_juni,uma_start_shisu,kyakushitsu,omo_tekisei_code,ichi_shisu_juni,6,879,75.09,5.13,70.99,False
KEIBAJO_SURFACE_06_ダ_条件戦,uma_deokure_ritsu+uma_start_shisu+manken_shirushi+kyakushitsu,uma_deokure_ritsu,uma_start_shisu,manken_shirushi,kyakushitsu,7,838,77.06,8.66,70.64,False
KEIBAJO_SURFACE_06_ダ_条件戦,kyori_tekisei+kyakushitsu+ichi_shisu_juni+ls_shisu_juni,kyori_tekisei,kyakushitsu,ichi_shisu_juni,ls_shisu_juni,8,2766,73.7,4.42,70.63,False
KEIBAJO_SURFACE_06_ダ_条件戦,pace_yoso+kyakushitsu+ichi_shisu_juni+ls_shisu_juni,pace_yoso,kyakushitsu,ichi_shisu_juni,ls_shisu_juni,7,2574,72.56,2.63,70.61,False
KEIBAJO_SURFACE_06_ダ_条件戦,pace_yoso+kyakushitsu+omo_tekisei_code+tenkai_kigo_code,pace_yoso,kyakushitsu,omo_tekisei_code,tenkai_kigo_code,32,8528,73.79,9.37,70.54,False
KEIBAJO_SURFACE_06_ダ_条件戦,uma_deokure_ritsu+hizume_code+kyakushitsu+ichi_shisu_juni,uma_deokure_ritsu,hizume_code,kyakushitsu,ichi_shisu_juni,4,477,80.61,10.33,70.48,False
KEIBAJO_SURFACE_06_ダ_条件戦,hizume_code+kyakushitsu+rotation+tenkai_kigo_code,hizume_code,kyakushitsu,rotation,tenkai_kigo_code,4,528,76.1,5.76,70.46,False
KEIBAJO_SURFACE_06_ダ_条件戦,kyakushitsu+kakutoku_shokin_ruikei+ichi_shisu_juni+ls_shisu_juni,kyakushitsu,kakutoku_shokin_ruikei,ichi_shisu_juni,ls_shisu_juni,7,2661,72.56,3.29,70.13,False
KEIBAJO_SURFACE_06_ダ_条件戦,manken_shirushi+kyori_tekisei+tenkai_kigo_code+agari_shisu_juni,manken_shirushi,kyori_tekisei,tenkai_kigo_code,agari_shisu_juni,4,446,80.18,10.32,70.07,False
KEIBAJO_SURFACE_06_ダ_条件戦,pace_yoso+kakutoku_shokin_ruikei+ichi_shisu_juni+ls_shisu_juni,pace_yoso,kakutoku_shokin_ruikei,ichi_shisu_juni,ls_shisu_juni,7,2678,72.02,2.89,69.88,False
KEIBAJO_SURFACE_06_ダ_条件戦,hizume_code+pace_yoso+kyakushitsu+omo_tekisei_code,hizume_code,pace_yoso,kyakushitsu,omo_tekisei_code,28,4225,73.51,10.0,69.81,False
KEIBAJO_SURFACE_06_ダ_条件戦,pace_yoso+rotation+tenkai_kigo_code+ls_shisu_juni,pace_yoso,rotation,tenkai_kigo_code,ls_shisu_juni,11,1537,79.37,16.39,69.69,False
KEIBAJO_SURFACE_06_ダ_条件戦,uma_start_shisu+pace_yoso+omo_tekisei_code+ichi_shisu_juni,uma_start_shisu,pace_yoso,omo_tekisei_code,ichi_shisu_juni,6,750,72.95,4.28,69.53,False
KEIBAJO_SURFACE_06_ダ_条件戦,pace_yoso+kakutoku_shokin_ruikei+tenkai_kigo_code+ichi_shisu_juni,pace_yoso,kakutoku_shokin_ruikei,tenkai_kigo_code,ichi_shisu_juni,3,2702,72.57,2.71,69.51,False
KEIBAJO_SURFACE_06_ダ_条件戦,kyori_tekisei+pace_yoso+ichi_shisu_juni+ls_shisu_juni,kyori_tekisei,pace_yoso,ichi_shisu_juni,ls_shisu_juni,7,2794,72.21,3.76,69.43,False
KEIBAJO_SURFACE_06_ダ_条件戦,pace_yoso+kyakushitsu+rotation+tenkai_kigo_code,pace_yoso,kyakushitsu,rotation,tenkai_kigo_code,19,3366,74.75,12.27,69.24,False
KEIBAJO_SURFACE_06_ダ_条件戦,manken_shirushi+kyakushitsu+omo_tekisei_code+tenkai_kigo_code,manken_shirushi,kyakushitsu,omo_tekisei_code,tenkai_kigo_code,4,419,81.09,12.09,69.24,False
KEIBAJO_SURFACE_06_ダ_条件戦,uma_deokure_ritsu+kyori_tekisei+pace_yoso+omo_tekisei_code,uma_deokure_ritsu,kyori_tekisei,pace_yoso,omo_tekisei_code,21,6407,73.91,10.95,69.23,False
KEIBAJO_SURFACE_06_ダ_条件戦,uma_deokure_ritsu+pace_yoso+omo_tekisei_code+tenkai_kigo_code,uma_deokure_ritsu,pace_yoso,omo_tekisei_code,tenkai_kigo_code,25,6029,73.15,10.05,69.21,False
KEIBAJO_SURFACE_06_ダ_条件戦,kyori_tekisei+pace_yoso+kyakushitsu+omo_tekisei_code,kyori_tekisei,pace_yoso,kyakushitsu,omo_tekisei_code,23,7630,72.76,8.72,69.2,False
KEIBAJO_SURFACE_06_ダ_条件戦,pace_yoso+kyakushitsu+omo_tekisei_code+ls_shisu_juni,pace_yoso,kyakushitsu,omo_tekisei_code,ls_shisu_juni,31,5243,72.93,10.92,69.08,False
KEIBAJO_SURFACE_06_ダ_条件戦,uma_deokure_ritsu+manken_shirushi+pace_yoso+omo_tekisei_code,uma_deokure_ritsu,manken_shirushi,pace_yoso,omo_tekisei_code,13,1625,74.43,9.89,69.05,False
KEIBAJO_SURFACE_06_ダ_条件戦,kyakushitsu+omo_tekisei_code+tenkai_kigo_code+ichi_shisu_juni,kyakushitsu,omo_tekisei_code,tenkai_kigo_code,ichi_shisu_juni,25,3636,74.11,12.97,69.03,False
KEIBAJO_SURFACE_06_ダ_条件戦,kyori_tekisei+kyakushitsu+ichi_shisu_juni+nyukyu_nannichimae,kyori_tekisei,kyakushitsu,ichi_shisu_juni,nyukyu_nannichimae,7,895,80.35,15.38,68.95,False
KEIBAJO_SURFACE_06_ダ_条件戦,kyakushitsu+kakutoku_shokin_ruikei+ichi_shisu_juni+nyukyu_nannichimae,kyakushitsu,kakutoku_shokin_ruikei,ichi_shisu_juni,nyukyu_nannichimae,7,895,80.35,15.38,68.95,False
KEIBAJO_SURFACE_06_ダ_条件戦,manken_shirushi+kyori_tekisei+pace_yoso+omo_tekisei_code,manken_shirushi,kyori_tekisei,pace_yoso,omo_tekisei_code,26,3464,73.47,11.78,68.94,False
KEIBAJO_SURFACE_06_ダ_条件戦,kyori_tekisei+kishu_shisu+ichi_shisu_juni+ls_shisu_juni,kyori_tekisei,kishu_shisu,ichi_shisu_juni,ls_shisu_juni,5,658,80.37,13.12,68.87,False
KEIBAJO_SURFACE_06_ダ_条件戦,uma_deokure_ritsu+manken_shirushi+pace_yoso+kyakushitsu,uma_deokure_ritsu,manken_shirushi,pace_yoso,kyakushitsu,7,834,74.47,7.66,68.8,False
KEIBAJO_SURFACE_06_ダ_条件戦,uma_deokure_ritsu+pace_yoso+kyakushitsu+omo_tekisei_code,uma_deokure_ritsu,pace_yoso,kyakushitsu,omo_tekisei_code,25,6221,72.11,8.67,68.71,False
KEIBAJO_SURFACE_06_ダ_条件戦,uma_deokure_ritsu+pace_yoso+rotation+omo_tekisei_code,uma_deokure_ritsu,pace_yoso,rotation,omo_tekisei_code,14,2646,73.96,10.04,68.7,False
KEIBAJO_SURFACE_06_ダ_条件戦,manken_shirushi+kyori_tekisei+pace_yoso+kyakushitsu,manken_shirushi,kyori_tekisei,pace_yoso,kyakushitsu,15,2481,72.82,8.17,68.68,False
KEIBAJO_SURFACE_06_ダ_条件戦,pace_yoso+kyakushitsu+ichi_shisu_juni+nyukyu_nannichimae,pace_yoso,kyakushitsu,ichi_shisu_juni,nyukyu_nannichimae,7,866,80.69,16.31,68.6,False
KEIBAJO_SURFACE_06_ダ_条件戦,pace_yoso+kishu_shisu+ichi_shisu_juni+ls_shisu_juni,pace_yoso,kishu_shisu,ichi_shisu_juni,ls_shisu_juni,4,506,84.97,16.75,68.56,False
KEIBAJO_SURFACE_06_ダ_条件戦,pace_yoso+kyakushitsu+kakutoku_shokin_ruikei+nyukyu_nannichimae,pace_yoso,kyakushitsu,kakutoku_shokin_ruikei,nyukyu_nannichimae,8,1000,78.81,14.79,68.56,False
KEIBAJO_SURFACE_06_ダ_条件戦,kyori_tekisei+pace_yoso+kyakushitsu+nyukyu_nannichimae,kyori_tekisei,pace_yoso,kyakushitsu,nyukyu_nannichimae,8,1000,78.81,14.79,68.56,False
KEIBAJO_SURFACE_06_ダ_条件戦,kyori_tekisei+pace_yoso+omo_tekisei_code+tenkai_kigo_code,kyori_tekisei,pace_yoso,omo_tekisei_code,tenkai_kigo_code,23,7385,72.72,10.38,68.48,False
KEIBAJO_SURFACE_06_ダ_条件戦,pace_yoso+kakutoku_shokin_ruikei+ichi_shisu_juni+nyukyu_nannichimae,pace_yoso,kakutoku_shokin_ruikei,ichi_shisu_juni,nyukyu_nannichimae,7,874,80.06,15.72,68.42,False
KEIBAJO_SURFACE_06_ダ_条件戦,uma_start_shisu+kyakushitsu+rotation+omo_tekisei_code,uma_start_shisu,kyakushitsu,rotation,omo_tekisei_code,7,989,74.94,8.89,68.36,False
KEIBAJO_SURFACE_06_ダ_条件戦,uma_deokure_ritsu+kyakushitsu+tenkai_kigo_code+agari_shisu_juni,uma_deokure_ritsu,kyakushitsu,tenkai_kigo_code,agari_shisu_juni,21,2822,74.0,13.21,68.35,False
KEIBAJO_SURFACE_06_ダ_条件戦,uma_deokure_ritsu+pace_yoso+kyakushitsu+rotation,uma_deokure_ritsu,pace_yoso,kyakushitsu,rotation,10,1773,73.31,8.03,68.33,False
KEIBAJO_SURFACE_06_ダ_条件戦,manken_shirushi+pace_yoso+omo_tekisei_code+tenkai_kigo_code,manken_shirushi,pace_yoso,omo_tekisei_code,tenkai_kigo_code,11,1327,76.08,13.12,68.32,False
KEIBAJO_SURFACE_06_ダ_条件戦,kyakushitsu+rotation+tenkai_kigo_code+ls_shisu_juni,kyakushitsu,rotation,tenkai_kigo_code,ls_shisu_juni,6,803,79.94,14.59,68.27,False
KEIBAJO_SURFACE_06_ダ_条件戦,kyori_tekisei+pace_yoso+rotation+ls_shisu_juni,kyori_tekisei,pace_yoso,rotation,ls_shisu_juni,11,1703,76.69,14.33,68.22,False
KEIBAJO_SURFACE_06_ダ_条件戦,kyori_tekisei+pace_yoso+ichi_shisu_juni+nyukyu_nannichimae,kyori_tekisei,pace_yoso,ichi_shisu_juni,nyukyu_nannichimae,7,884,79.65,15.43,68.21,False
KEIBAJO_SURFACE_06_ダ_条件戦,pace_yoso+tenkai_kigo_code+ichi_shisu_juni+ls_shisu_juni,pace_yoso,tenkai_kigo_code,ichi_shisu_juni,ls_shisu_juni,6,1863,71.87,4.63,68.16,False
KEIBAJO_SURFACE_06_ダ_条件戦,hizume_code+pace_yoso+omo_tekisei_code+tenkai_kigo_code,hizume_code,pace_yoso,omo_tekisei_code,tenkai_kigo_code,25,4603,72.95,12.47,68.06,False
KEIBAJO_SURFACE_06_ダ_条件戦,kyori_tekisei+kakutoku_shokin_ruikei+ichi_shisu_juni+nyukyu_nannichimae,kyori_tekisei,kakutoku_shokin_ruikei,ichi_shisu_juni,nyukyu_nannichimae,7,914,79.46,15.4,68.06,False
KEIBAJO_SURFACE_06_ダ_条件戦,kyori_tekisei+rotation+omo_tekisei_code+ls_shisu_juni,kyori_tekisei,rotation,omo_tekisei_code,ls_shisu_juni,13,2055,74.77,12.36,68.05,False
KEIBAJO_SURFACE_06_ダ_条件戦,uma_deokure_ritsu+uma_start_shisu+manken_shirushi+kakutoku_shokin_ruikei,uma_deokure_ritsu,uma_start_shisu,manken_shirushi,kakutoku_shokin_ruikei,3,331,76.68,7.72,67.95,False
KEIBAJO_SURFACE_06_ダ_条件戦,hizume_code+pace_yoso+kyakushitsu+rotation,hizume_code,pace_yoso,kyakushitsu,rotation,3,353,78.25,9.2,67.84,False
KEIBAJO_SURFACE_06_ダ_条件戦,pace_yoso+rotation+omo_tekisei_code+tenkai_kigo_code,pace_yoso,rotation,omo_tekisei_code,tenkai_kigo_code,20,3873,72.95,11.71,67.82,False
KEIBAJO_SURFACE_06_ダ_条件戦,kyori_tekisei+kakutoku_shokin_ruikei+ichi_shisu_juni+agari_shisu_juni,kyori_tekisei,kakutoku_shokin_ruikei,ichi_shisu_juni,agari_shisu_juni,16,2997,73.21,11.0,67.82,False
KEIBAJO_SURFACE_06_ダ_条件戦,kyori_tekisei+pace_yoso+ichi_shisu_juni+agari_shisu_juni,kyori_tekisei,pace_yoso,ichi_shisu_juni,agari_shisu_juni,15,2825,74.31,12.94,67.76,False
KEIBAJO_SURFACE_06_ダ_条件戦,kyori_tekisei+kyakushitsu+rotation+ls_shisu_juni,kyori_tekisei,kyakushitsu,rotation,ls_shisu_juni,8,1034,72.16,6.45,67.69,False
KEIBAJO_SURFACE_06_ダ_条件戦,uma_deokure_ritsu+omo_tekisei_code+tenkai_kigo_code+agari_shisu_juni,uma_deokure_ritsu,omo_tekisei_code,tenkai_kigo_code,agari_shisu_juni,25,3463,72.39,12.19,67.61,False
KEIBAJO_SURFACE_06_ダ_条件戦,uma_start_shisu+pace_yoso+kyakushitsu+rotation,uma_start_shisu,pace_yoso,kyakushitsu,rotation,6,845,74.63,8.79,67.59,False
KEIBAJO_SURFACE_06_ダ_条件戦,kyori_tekisei+tenkai_kigo_code+ls_shisu_juni+agari_shisu_juni,kyori_tekisei,tenkai_kigo_code,ls_shisu_juni,agari_shisu_juni,25,2976,73.31,14.89,67.47,False
KEIBAJO_SURFACE_06_ダ_条件戦,kishu_shisu+kakutoku_shokin_ruikei+ichi_shisu_juni+ls_shisu_juni,kishu_shisu,kakutoku_shokin_ruikei,ichi_shisu_juni,ls_shisu_juni,5,639,81.85,16.41,67.47,False
KEIBAJO_SURFACE_06_ダ_条件戦,uma_start_shisu+pace_yoso+omo_tekisei_code+tenkai_kigo_code,uma_start_shisu,pace_yoso,omo_tekisei_code,tenkai_kigo_code,19,3900,72.1,10.42,67.41,False
KEIBAJO_SURFACE_06_ダ_条件戦,uma_deokure_ritsu+hizume_code+tenkai_kigo_code+agari_shisu_juni,uma_deokure_ritsu,hizume_code,tenkai_kigo_code,agari_shisu_juni,3,332,79.47,10.66,67.41,False
KEIBAJO_SURFACE_06_ダ_条件戦,rotation+omo_tekisei_code+tenkai_kigo_code+ls_shisu_juni,rotation,omo_tekisei_code,tenkai_kigo_code,ls_shisu_juni,11,1581,78.71,19.11,67.41,False
KEIBAJO_SURFACE_06_ダ_条件戦,kyori_tekisei+kyakushitsu+omo_tekisei_code+tenkai_kigo_code,kyori_tekisei,kyakushitsu,omo_tekisei_code,tenkai_kigo_code,24,7536,72.39,12.52,67.38,False
KEIBAJO_SURFACE_06_ダ_条件戦,kyakushitsu+tenkai_kigo_code+ichi_shisu_juni+agari_shisu_juni,kyakushitsu,tenkai_kigo_code,ichi_shisu_juni,agari_shisu_juni,12,2025,71.82,7.95,67.33,False
KEIBAJO_SURFACE_06_ダ_条件戦,pace_yoso+kyakushitsu+tenkai_kigo_code+ls_shisu_juni,pace_yoso,kyakushitsu,tenkai_kigo_code,ls_shisu_juni,31,6654,71.26,11.47,67.23,False
KEIBAJO_SURFACE_06_ダ_条件戦,uma_deokure_ritsu+kyakushitsu+omo_tekisei_code+ichi_shisu_juni,uma_deokure_ritsu,kyakushitsu,omo_tekisei_code,ichi_shisu_juni,16,2633,71.64,9.17,67.14,False
KEIBAJO_SURFACE_06_ダ_条件戦,uma_deokure_ritsu+manken_shirushi+kyakushitsu+tenkai_kigo_code,uma_deokure_ritsu,manken_shirushi,kyakushitsu,tenkai_kigo_code,8,1043,74.45,10.74,67.0,False
KEIBAJO_SURFACE_06_ダ_条件戦,kyori_tekisei+tenkai_kigo_code+ichi_shisu_juni+agari_shisu_juni,kyori_tekisei,tenkai_kigo_code,ichi_shisu_juni,agari_shisu_juni,12,2089,70.99,7.14,66.95,False
KEIBAJO_SURFACE_06_ダ_条件戦,uma_deokure_ritsu+uma_start_shisu+pace_yoso+omo_tekisei_code,uma_deokure_ritsu,uma_start_shisu,pace_yoso,omo_tekisei_code,11,4220,71.04,7.03,66.89,False
KEIBAJO_SURFACE_06_ダ_条件戦,kyori_tekisei+pace_yoso+kyakushitsu+rotation,kyori_tekisei,pace_yoso,kyakushitsu,rotation,18,3100,72.31,11.84,66.84,False
KEIBAJO_SURFACE_06_ダ_条件戦,manken_shirushi+kyori_tekisei+omo_tekisei_code+tenkai_kigo_code,manken_shirushi,kyori_tekisei,omo_tekisei_code,tenkai_kigo_code,14,2126,72.09,10.13,66.79,False
KEIBAJO_SURFACE_06_ダ_条件戦,kyori_tekisei+joho_shisu+ichi_shisu_juni+ls_shisu_juni,kyori_tekisei,joho_shisu,ichi_shisu_juni,ls_shisu_juni,4,911,72.37,5.71,66.77,False
KEIBAJO_SURFACE_06_ダ_条件戦,uma_deokure_ritsu+rotation+tenkai_kigo_code+agari_shisu_juni,uma_deokure_ritsu,rotation,tenkai_kigo_code,agari_shisu_juni,3,343,81.42,12.98,66.73,False
KEIBAJO_SURFACE_06_ダ_条件戦,kakutoku_shokin_ruikei+tenkai_kigo_code+ichi_shisu_juni+agari_shisu_juni,kakutoku_shokin_ruikei,tenkai_kigo_code,ichi_shisu_juni,agari_shisu_juni,12,2047,70.98,7.53,66.72,False
KEIBAJO_SURFACE_06_ダ_条件戦,uma_deokure_ritsu+pace_yoso+omo_tekisei_code+agari_shisu_juni,uma_deokure_ritsu,pace_yoso,omo_tekisei_code,agari_shisu_juni,13,1541,72.5,10.72,66.68,False
KEIBAJO_SURFACE_06_ダ_条件戦,kyori_tekisei+kyakushitsu+omo_tekisei_code+ichi_shisu_juni,kyori_tekisei,kyakushitsu,omo_tekisei_code,ichi_shisu_juni,32,4251,70.98,12.46,66.66,False
KEIBAJO_SURFACE_06_ダ_条件戦,kyori_tekisei+kyakushitsu+tenkai_kigo_code+nyukyu_nannichimae,kyori_tekisei,kyakushitsu,tenkai_kigo_code,nyukyu_nannichimae,5,599,82.82,18.45,66.65,False
KEIBAJO_SURFACE_06_ダ_条件戦,kyakushitsu+kakutoku_shokin_ruikei+tenkai_kigo_code+nyukyu_nannichimae,kyakushitsu,kakutoku_shokin_ruikei,tenkai_kigo_code,nyukyu_nannichimae,5,599,82.82,18.45,66.65,False
KEIBAJO_SURFACE_06_ダ_条件戦,kyori_tekisei+pace_yoso+omo_tekisei_code+agari_shisu_juni,kyori_tekisei,pace_yoso,omo_tekisei_code,agari_shisu_juni,35,4452,71.63,15.06,66.64,False
KEIBAJO_SURFACE_06_ダ_条件戦,uma_start_shisu+manken_shirushi+kyori_tekisei+pace_yoso,uma_start_shisu,manken_shirushi,kyori_tekisei,pace_yoso,3,328,68.38,1.56,66.61,False
KEIBAJO_SURFACE_06_ダ_条件戦,kyakushitsu+rotation+omo_tekisei_code+tenkai_kigo_code,kyakushitsu,rotation,omo_tekisei_code,tenkai_kigo_code,20,3493,71.48,11.21,66.57,False
KEIBAJO_SURFACE_06_ダ_条件戦,kyori_tekisei+pace_yoso+kakutoku_shokin_ruikei+nyukyu_nannichimae,kyori_tekisei,pace_yoso,kakutoku_shokin_ruikei,nyukyu_nannichimae,12,1549,74.11,13.38,66.54,False
KEIBAJO_SURFACE_06_ダ_条件戦,kyori_tekisei+pace_yoso+kyakushitsu+tenkai_kigo_code,kyori_tekisei,pace_yoso,kyakushitsu,tenkai_kigo_code,27,9934,71.61,13.51,66.52,False
KEIBAJO_SURFACE_06_ダ_条件戦,uma_deokure_ritsu+hizume_code+rotation+omo_tekisei_code,uma_deokure_ritsu,hizume_code,rotation,omo_tekisei_code,4,625,69.87,3.43,66.51,False
KEIBAJO_SURFACE_06_ダ_条件戦,uma_deokure_ritsu+pace_yoso+omo_tekisei_code+ichi_shisu_juni,uma_deokure_ritsu,pace_yoso,omo_tekisei_code,ichi_shisu_juni,16,2534,72.48,12.34,66.44,False
KEIBAJO_SURFACE_06_ダ_条件戦,uma_deokure_ritsu+pace_yoso+tenkai_kigo_code+ichi_shisu_juni,uma_deokure_ritsu,pace_yoso,tenkai_kigo_code,ichi_shisu_juni,15,2283,69.9,6.91,66.41,False
KEIBAJO_SURFACE_06_ダ_条件戦,uma_deokure_ritsu+kyakushitsu+rotation+omo_tekisei_code,uma_deokure_ritsu,kyakushitsu,rotation,omo_tekisei_code,10,1800,71.53,8.34,66.36,False
KEIBAJO_SURFACE_06_ダ_条件戦,kyori_tekisei+hizume_code+pace_yoso+omo_tekisei_code,kyori_tekisei,hizume_code,pace_yoso,omo_tekisei_code,25,5726,70.42,10.44,66.33,False
KEIBAJO_SURFACE_06_ダ_条件戦,uma_deokure_ritsu+uma_start_shisu+pace_yoso+tenkai_kigo_code,uma_deokure_ritsu,uma_start_shisu,pace_yoso,tenkai_kigo_code,15,3864,70.29,7.84,66.32,False
KEIBAJO_SURFACE_06_ダ_条件戦,uma_deokure_ritsu+uma_start_shisu+manken_shirushi+omo_tekisei_code,uma_deokure_ritsu,uma_start_shisu,manken_shirushi,omo_tekisei_code,9,1311,71.06,7.36,66.25,False
KEIBAJO_SURFACE_06_ダ_条件戦,manken_shirushi+kyori_tekisei+pace_yoso+tenkai_kigo_code,manken_shirushi,kyori_tekisei,pace_yoso,tenkai_kigo_code,24,3403,71.27,12.64,66.22,False
KEIBAJO_SURFACE_06_ダ_条件戦,uma_start_shisu+kyori_tekisei+pace_yoso+omo_tekisei_code,uma_start_shisu,kyori_tekisei,pace_yoso,omo_tekisei_code,17,4558,71.79,11.75,66.21,False
KEIBAJO_SURFACE_06_ダ_条件戦,joho_shisu+kakutoku_shokin_ruikei+ichi_shisu_juni+ls_shisu_juni,joho_shisu,kakutoku_shokin_ruikei,ichi_shisu_juni,ls_shisu_juni,4,877,72.66,6.66,66.14,False
KEIBAJO_SURFACE_06_ダ_条件戦,uma_deokure_ritsu+uma_start_shisu+omo_tekisei_code+tenkai_kigo_code,uma_deokure_ritsu,uma_start_shisu,omo_tekisei_code,tenkai_kigo_code,15,4127,72.79,13.2,66.11,False
KEIBAJO_SURFACE_06_ダ_条件戦,manken_shirushi+pace_yoso+kyakushitsu+tenkai_kigo_code,manken_shirushi,pace_yoso,kyakushitsu,tenkai_kigo_code,17,2172,73.0,14.52,66.09,False
KEIBAJO_SURFACE_06_ダ_条件戦,uma_deokure_ritsu+uma_start_shisu+kyakushitsu+ichi_shisu_juni,uma_deokure_ritsu,uma_start_shisu,kyakushitsu,ichi_shisu_juni,14,2225,70.99,9.39,66.07,False
KEIBAJO_SURFACE_06_ダ_条件戦,hizume_code+pace_yoso+kyakushitsu+tenkai_kigo_code,hizume_code,pace_yoso,kyakushitsu,tenkai_kigo_code,20,3355,70.71,10.61,66.06,False
KEIBAJO_SURFACE_06_ダ_条件戦,kakutoku_shokin_ruikei+tenkai_kigo_code+ichi_shisu_juni+ls_shisu_juni,kakutoku_shokin_ruikei,tenkai_kigo_code,ichi_shisu_juni,ls_shisu_juni,5,1825,71.17,5.86,66.04,False
KEIBAJO_SURFACE_06_ダ_条件戦,pace_yoso+tenkai_kigo_code+ichi_shisu_juni+agari_shisu_juni,pace_yoso,tenkai_kigo_code,ichi_shisu_juni,agari_shisu_juni,12,2058,70.94,8.72,66.0,False
KEIBAJO_SURFACE_06_ダ_条件戦,kyori_tekisei+kyakushitsu+rotation+omo_tekisei_code,kyori_tekisei,kyakushitsu,rotation,omo_tekisei_code,19,3447,71.65,12.58,66.0,False
KEIBAJO_SURFACE_06_ダ_条件戦,kyakushitsu+kakutoku_shokin_ruikei+ichi_shisu_juni+agari_shisu_juni,kyakushitsu,kakutoku_shokin_ruikei,ichi_shisu_juni,agari_shisu_juni,11,2339,70.53,7.75,65.95,False
KEIBAJO_SURFACE_06_ダ_条件戦,kyori_tekisei+kyakushitsu+ichi_shisu_juni+agari_shisu_juni,kyori_tekisei,kyakushitsu,ichi_shisu_juni,agari_shisu_juni,11,2339,70.53,7.75,65.95,False
KEIBAJO_SURFACE_06_ダ_条件戦,kyori_tekisei+pace_yoso+omo_tekisei_code+ichi_shisu_juni,kyori_tekisei,pace_yoso,omo_tekisei_code,ichi_shisu_juni,33,4516,69.48,10.42,65.92,False
KEIBAJO_SURFACE_06_ダ_条件戦,pace_yoso+kyakushitsu+manken_shisu+ichi_shisu_juni,pace_yoso,kyakushitsu,manken_shisu,ichi_shisu_juni,12,1407,74.43,15.06,65.91,False
KEIBAJO_SURFACE_06_ダ_条件戦,uma_deokure_ritsu+kyori_tekisei+pace_yoso+kyakushitsu,uma_deokure_ritsu,kyori_tekisei,pace_yoso,kyakushitsu,22,5768,70.05,9.94,65.9,False
KEIBAJO_SURFACE_06_ダ_条件戦,uma_deokure_ritsu+kyakushitsu+rotation+ls_shisu_juni,uma_deokure_ritsu,kyakushitsu,rotation,ls_shisu_juni,3,372,73.37,6.62,65.88,False
KEIBAJO_SURFACE_06_ダ_条件戦,uma_deokure_ritsu+uma_start_shisu+kyori_tekisei+pace_yoso,uma_deokure_ritsu,uma_start_shisu,kyori_tekisei,pace_yoso,12,4077,72.13,11.09,65.86,False
KEIBAJO_SURFACE_06_ダ_条件戦,uma_deokure_ritsu+uma_start_shisu+pace_yoso+kyakushitsu,uma_deokure_ritsu,uma_start_shisu,pace_yoso,kyakushitsu,13,4008,70.05,7.85,65.79,False
KEIBAJO_SURFACE_06_ダ_条件戦,kyakushitsu+manken_shisu+kakutoku_shokin_ruikei+ichi_shisu_juni,kyakushitsu,manken_shisu,kakutoku_shokin_ruikei,ichi_shisu_juni,12,1457,74.37,15.3,65.72,False
KEIBAJO_SURFACE_06_ダ_条件戦,kyori_tekisei+kyakushitsu+manken_shisu+ichi_shisu_juni,kyori_tekisei,kyakushitsu,manken_shisu,ichi_shisu_juni,12,1457,74.37,15.3,65.72,False
KEIBAJO_SURFACE_06_ダ_条件戦,kyakushitsu+rotation+omo_tekisei_code+ls_shisu_juni,kyakushitsu,rotation,omo_tekisei_code,ls_shisu_juni,3,358,78.75,11.55,65.67,False
KEIBAJO_SURFACE_06_ダ_条件戦,kyori_tekisei+pace_yoso+manken_shisu+ichi_shisu_juni,kyori_tekisei,pace_yoso,manken_shisu,ichi_shisu_juni,12,1506,73.78,14.46,65.59,False
KEIBAJO_SURFACE_06_ダ_条件戦,kyori_tekisei+pace_yoso+rotation+omo_tekisei_code,kyori_tekisei,pace_yoso,rotation,omo_tekisei_code,23,4706,70.23,11.37,65.59,False
KEIBAJO_SURFACE_06_ダ_条件戦,kyori_tekisei+rotation+omo_tekisei_code+tenkai_kigo_code,kyori_tekisei,rotation,omo_tekisei_code,tenkai_kigo_code,17,3758,70.39,10.14,65.57,False
KEIBAJO_SURFACE_06_ダ_条件戦,pace_yoso+kyakushitsu+kishu_shisu+ls_shisu_juni,pace_yoso,kyakushitsu,kishu_shisu,ls_shisu_juni,4,527,81.31,16.12,65.51,False
KEIBAJO_SURFACE_06_ダ_条件戦,hizume_code+rotation+omo_tekisei_code+tenkai_kigo_code,hizume_code,rotation,omo_tekisei_code,tenkai_kigo_code,7,938,72.77,9.84,65.48,False
KEIBAJO_SURFACE_06_ダ_条件戦,uma_start_shisu+omo_tekisei_code+tenkai_kigo_code+ichi_shisu_juni,uma_start_shisu,omo_tekisei_code,tenkai_kigo_code,ichi_shisu_juni,6,762,72.17,8.36,65.48,False
KEIBAJO_SURFACE_06_ダ_条件戦,hizume_code+kyakushitsu+omo_tekisei_code+tenkai_kigo_code,hizume_code,kyakushitsu,omo_tekisei_code,tenkai_kigo_code,24,3977,69.85,11.24,65.35,False
KEIBAJO_SURFACE_06_ダ_条件戦,uma_deokure_ritsu+kyakushitsu+tenkai_kigo_code+ichi_shisu_juni,uma_deokure_ritsu,kyakushitsu,tenkai_kigo_code,ichi_shisu_juni,12,2456,69.84,7.96,65.34,False
KEIBAJO_SURFACE_06_ダ_条件戦,pace_yoso+manken_shisu+kakutoku_shokin_ruikei+ichi_shisu_juni,pace_yoso,manken_shisu,kakutoku_shokin_ruikei,ichi_shisu_juni,12,1455,73.72,14.8,65.34,False
KEIBAJO_SURFACE_06_ダ_条件戦,pace_yoso+kyakushitsu+ichi_shisu_juni+agari_shisu_juni,pace_yoso,kyakushitsu,ichi_shisu_juni,agari_shisu_juni,11,2255,69.93,7.77,65.34,False
KEIBAJO_SURFACE_06_ダ_条件戦,kyori_tekisei+manken_shisu+kakutoku_shokin_ruikei+ichi_shisu_juni,kyori_tekisei,manken_shisu,kakutoku_shokin_ruikei,ichi_shisu_juni,13,1655,73.06,14.29,65.29,False
KEIBAJO_SURFACE_06_ダ_条件戦,uma_deokure_ritsu+uma_start_shisu+omo_tekisei_code+ichi_shisu_juni,uma_deokure_ritsu,uma_start_shisu,omo_tekisei_code,ichi_shisu_juni,12,2071,70.44,9.13,65.28,False
KEIBAJO_SURFACE_06_ダ_条件戦,kyori_tekisei+kyakushitsu+tenkai_kigo_code+agari_shisu_juni,kyori_tekisei,kyakushitsu,tenkai_kigo_code,agari_shisu_juni,49,7725,69.48,15.2,65.22,False
KEIBAJO_SURFACE_06_ダ_条件戦,kyakushitsu+manken_shisu+kakutoku_shokin_ruikei+tenkai_kigo_code,kyakushitsu,manken_shisu,kakutoku_shokin_ruikei,tenkai_kigo_code,6,664,76.95,14.67,65.22,False
KEIBAJO_SURFACE_06_ダ_条件戦,kyori_tekisei+kyakushitsu+manken_shisu+tenkai_kigo_code,kyori_tekisei,kyakushitsu,manken_shisu,tenkai_kigo_code,6,664,76.95,14.67,65.22,False
KEIBAJO_SURFACE_06_ダ_条件戦,kyori_tekisei+tenkai_kigo_code+ichi_shisu_juni+ls_shisu_juni,kyori_tekisei,tenkai_kigo_code,ichi_shisu_juni,ls_shisu_juni,12,2610,70.0,8.47,65.21,False
KEIBAJO_SURFACE_06_ダ_条件戦,kyori_tekisei+pace_yoso+kyakushitsu+ls_shisu_juni,kyori_tekisei,pace_yoso,kyakushitsu,ls_shisu_juni,29,7309,67.85,7.26,65.2,False
KEIBAJO_SURFACE_06_ダ_条件戦,uma_deokure_ritsu+manken_shirushi+omo_tekisei_code+tenkai_kigo_code,uma_deokure_ritsu,manken_shirushi,omo_tekisei_code,tenkai_kigo_code,8,941,72.69,10.92,65.12,False
KEIBAJO_SURFACE_06_ダ_条件戦,uma_deokure_ritsu+kyori_tekisei+kyakushitsu+omo_tekisei_code,uma_deokure_ritsu,kyori_tekisei,kyakushitsu,omo_tekisei_code,21,5977,70.92,13.6,65.1,False
KEIBAJO_SURFACE_06_ダ_条件戦,kyori_tekisei+hizume_code+rotation+omo_tekisei_code,kyori_tekisei,hizume_code,rotation,omo_tekisei_code,12,1683,70.8,10.09,65.09,False
KEIBAJO_SURFACE_06_ダ_条件戦,uma_start_shisu+pace_yoso+tenkai_kigo_code+ichi_shisu_juni,uma_start_shisu,pace_yoso,tenkai_kigo_code,ichi_shisu_juni,6,742,72.0,8.64,65.09,False
KEIBAJO_SURFACE_06_ダ_条件戦,manken_shirushi+kyori_tekisei+kyakushitsu+tenkai_kigo_code,manken_shirushi,kyori_tekisei,kyakushitsu,tenkai_kigo_code,21,2784,70.96,13.81,65.06,False
KEIBAJO_SURFACE_06_ダ_条件戦,pace_yoso+kakutoku_shokin_ruikei+ichi_shisu_juni+agari_shisu_juni,pace_yoso,kakutoku_shokin_ruikei,ichi_shisu_juni,agari_shisu_juni,13,2509,71.77,12.41,65.02,False
KEIBAJO_SURFACE_06_ダ_条件戦,kyori_tekisei+pace_yoso+kyakushitsu+agari_shisu_juni,kyori_tekisei,pace_yoso,kyakushitsu,agari_shisu_juni,25,3902,70.45,13.91,65.0,False
KEIBAJO_SURFACE_06_ダ_条件戦,kyori_tekisei+omo_tekisei_code+tenkai_kigo_code+agari_shisu_juni,kyori_tekisei,omo_tekisei_code,tenkai_kigo_code,agari_shisu_juni,30,5783,70.05,14.24,64.96,False
KEIBAJO_SURFACE_06_ダ_条件戦,kyori_tekisei+hizume_code+kyakushitsu+omo_tekisei_code,kyori_tekisei,hizume_code,kyakushitsu,omo_tekisei_code,28,4937,69.4,11.97,64.96,False
KEIBAJO_SURFACE_06_ダ_条件戦,kyori_tekisei+hizume_code+omo_tekisei_code+tenkai_kigo_code,kyori_tekisei,hizume_code,omo_tekisei_code,tenkai_kigo_code,18,4421,70.89,12.86,64.95,False
KEIBAJO_SURFACE_06_ダ_条件戦,manken_shirushi+kyakushitsu+kakutoku_shokin_ruikei+ichi_shisu_juni,manken_shirushi,kyakushitsu,kakutoku_shokin_ruikei,ichi_shisu_juni,8,1737,71.97,10.15,64.93,False
KEIBAJO_SURFACE_06_ダ_条件戦,manken_shirushi+kyori_tekisei+kyakushitsu+ichi_shisu_juni,manken_shirushi,kyori_tekisei,kyakushitsu,ichi_shisu_juni,8,1737,71.97,10.15,64.93,False
KEIBAJO_SURFACE_06_ダ_条件戦,uma_start_shisu+pace_yoso+rotation+omo_tekisei_code,uma_start_shisu,pace_yoso,rotation,omo_tekisei_code,8,1224,72.67,11.23,64.89,False
KEIBAJO_SURFACE_06_ダ_条件戦,kyori_tekisei+hizume_code+pace_yoso+tenkai_kigo_code,kyori_tekisei,hizume_code,pace_yoso,tenkai_kigo_code,20,3986,69.7,11.22,64.78,False
KEIBAJO_SURFACE_06_ダ_条件戦,uma_deokure_ritsu+uma_start_shisu+kyakushitsu+agari_shisu_juni,uma_deokure_ritsu,uma_start_shisu,kyakushitsu,agari_shisu_juni,5,546,75.32,12.04,64.76,False
KEIBAJO_SURFACE_06_ダ_条件戦,pace_yoso+kakutoku_shokin_ruikei+tenkai_kigo_code+agari_shisu_juni,pace_yoso,kakutoku_shokin_ruikei,tenkai_kigo_code,agari_shisu_juni,20,3395,69.62,11.09,64.76,False
KEIBAJO_SURFACE_06_ダ_条件戦,kyori_tekisei+pace_yoso+tenkai_kigo_code+agari_shisu_juni,kyori_tekisei,pace_yoso,tenkai_kigo_code,agari_shisu_juni,44,8235,68.72,13.42,64.75,False
KEIBAJO_SURFACE_06_ダ_条件戦,manken_shirushi+kyori_tekisei+kakutoku_shokin_ruikei+ichi_shisu_juni,manken_shirushi,kyori_tekisei,kakutoku_shokin_ruikei,ichi_shisu_juni,8,1866,71.77,10.15,64.73,False
KEIBAJO_SURFACE_06_ダ_条件戦,uma_deokure_ritsu+hizume_code+pace_yoso+rotation,uma_deokure_ritsu,hizume_code,pace_yoso,rotation,4,564,72.01,7.43,64.73,False
KEIBAJO_SURFACE_06_ダ_条件戦,manken_shirushi+pace_yoso+kyakushitsu+ichi_shisu_juni,manken_shirushi,pace_yoso,kyakushitsu,ichi_shisu_juni,8,1676,71.76,10.18,64.71,False
KEIBAJO_SURFACE_06_ダ_条件戦,kyori_tekisei+pace_yoso+kyakushitsu+manken_shisu,kyori_tekisei,pace_yoso,kyakushitsu,manken_shisu,12,1452,73.17,14.96,64.7,False
KEIBAJO_SURFACE_06_ダ_条件戦,pace_yoso+kyakushitsu+manken_shisu+kakutoku_shokin_ruikei,pace_yoso,kyakushitsu,manken_shisu,kakutoku_shokin_ruikei,12,1452,73.17,14.96,64.7,False
KEIBAJO_SURFACE_06_ダ_条件戦,kyori_tekisei+hizume_code+pace_yoso+kyakushitsu,kyori_tekisei,hizume_code,pace_yoso,kyakushitsu,20,3508,70.52,13.3,64.69,False
KEIBAJO_SURFACE_06_ダ_条件戦,kyakushitsu+joho_shisu+ichi_shisu_juni+ls_shisu_juni,kyakushitsu,joho_shisu,ichi_shisu_juni,ls_shisu_juni,3,704,73.77,8.03,64.68,False
KEIBAJO_SURFACE_06_ダ_条件戦,uma_deokure_ritsu+uma_start_shisu+rotation+omo_tekisei_code,uma_deokure_ritsu,uma_start_shisu,rotation,omo_tekisei_code,13,2377,69.59,9.04,64.67,False
KEIBAJO_SURFACE_06_ダ_条件戦,manken_shirushi+kyori_tekisei+pace_yoso+kakutoku_shokin_ruikei,manken_shirushi,kyori_tekisei,pace_yoso,kakutoku_shokin_ruikei,15,3314,68.24,7.05,64.67,False
KEIBAJO_SURFACE_06_ダ_条件戦,manken_shirushi+kyori_tekisei+pace_yoso+ichi_shisu_juni,manken_shirushi,kyori_tekisei,pace_yoso,ichi_shisu_juni,8,1803,71.71,10.17,64.67,False
KEIBAJO_SURFACE_06_ダ_条件戦,uma_deokure_ritsu+pace_yoso+kyakushitsu+agari_shisu_juni,uma_deokure_ritsu,pace_yoso,kyakushitsu,agari_shisu_juni,4,415,75.09,10.65,64.65,False
KEIBAJO_SURFACE_06_ダ_条件戦,manken_shirushi+pace_yoso+kakutoku_shokin_ruikei+ichi_shisu_juni,manken_shirushi,pace_yoso,kakutoku_shokin_ruikei,ichi_shisu_juni,8,1732,71.97,10.71,64.55,False
KEIBAJO_SURFACE_06_ダ_条件戦,joho_shisu+tenkai_kigo_code+ichi_shisu_juni+ls_shisu_juni,joho_shisu,tenkai_kigo_code,ichi_shisu_juni,ls_shisu_juni,3,710,73.24,7.71,64.52,False
KEIBAJO_SURFACE_06_ダ_条件戦,kyakushitsu+kakutoku_shokin_ruikei+tenkai_kigo_code+ichi_shisu_juni,kyakushitsu,kakutoku_shokin_ruikei,tenkai_kigo_code,ichi_shisu_juni,6,3160,70.9,8.02,64.48,False
KEIBAJO_SURFACE_06_ダ_条件戦,kyori_tekisei+kyakushitsu+tenkai_kigo_code+ichi_shisu_juni,kyori_tekisei,kyakushitsu,tenkai_kigo_code,ichi_shisu_juni,23,6203,68.93,10.92,64.47,False
KEIBAJO_SURFACE_06_ダ_条件戦,kyori_tekisei+pace_yoso+manken_shisu+tenkai_kigo_code,kyori_tekisei,pace_yoso,manken_shisu,tenkai_kigo_code,10,1064,74.67,16.48,64.46,False
KEIBAJO_SURFACE_06_ダ_条件戦,kyori_tekisei+pace_yoso+omo_tekisei_code+ls_shisu_juni,kyori_tekisei,pace_yoso,omo_tekisei_code,ls_shisu_juni,26,6445,68.48,10.51,64.44,False
KEIBAJO_SURFACE_06_ダ_条件戦,uma_deokure_ritsu+kyakushitsu+omo_tekisei_code+tenkai_kigo_code,uma_deokure_ritsu,kyakushitsu,omo_tekisei_code,tenkai_kigo_code,22,5771,67.38,7.08,64.43,False
KEIBAJO_SURFACE_06_ダ_条件戦,kyori_tekisei+pace_yoso+kyakushitsu+ichi_shisu_juni,kyori_tekisei,pace_yoso,kyakushitsu,ichi_shisu_juni,24,5791,68.71,10.69,64.43,False
KEIBAJO_SURFACE_06_ダ_条件戦,uma_deokure_ritsu+manken_shirushi+kyori_tekisei+omo_tekisei_code,uma_deokure_ritsu,manken_shirushi,kyori_tekisei,omo_tekisei_code,13,1808,70.23,10.91,64.3,False
KEIBAJO_SURFACE_06_ダ_条件戦,uma_deokure_ritsu+kyori_tekisei+rotation+omo_tekisei_code,uma_deokure_ritsu,kyori_tekisei,rotation,omo_tekisei_code,16,2942,68.13,7.88,64.26,False
KEIBAJO_SURFACE_06_ダ_条件戦,kyori_tekisei+kakutoku_shokin_ruikei+ichi_shisu_juni+ls_shisu_juni,kyori_tekisei,kakutoku_shokin_ruikei,ichi_shisu_juni,ls_shisu_juni,8,2990,69.34,7.39,64.22,False
KEIBAJO_SURFACE_06_ダ_条件戦,manken_shirushi+kyori_tekisei+kyakushitsu+kakutoku_shokin_ruikei,manken_shirushi,kyori_tekisei,kyakushitsu,kakutoku_shokin_ruikei,8,1824,70.61,9.34,64.14,False
KEIBAJO_SURFACE_06_ダ_条件戦,kyakushitsu+kakutoku_shokin_ruikei+tenkai_kigo_code+agari_shisu_juni,kyakushitsu,kakutoku_shokin_ruikei,tenkai_kigo_code,agari_shisu_juni,18,3054,71.24,15.39,64.13,False
KEIBAJO_SURFACE_06_ダ_条件戦,uma_start_shisu+pace_yoso+kyakushitsu+omo_tekisei_code,uma_start_shisu,pace_yoso,kyakushitsu,omo_tekisei_code,19,4071,69.17,11.35,64.07,False
KEIBAJO_SURFACE_06_ダ_条件戦,uma_deokure_ritsu+hizume_code+rotation+tenkai_kigo_code,uma_deokure_ritsu,hizume_code,rotation,tenkai_kigo_code,3,426,66.57,2.21,64.07,False
KEIBAJO_SURFACE_06_ダ_条件戦,uma_deokure_ritsu+uma_start_shisu+kyakushitsu+omo_tekisei_code,uma_deokure_ritsu,uma_start_shisu,kyakushitsu,omo_tekisei_code,13,4221,67.26,5.94,64.03,False
KEIBAJO_SURFACE_06_ダ_条件戦,uma_deokure_ritsu+hizume_code+omo_tekisei_code+ichi_shisu_juni,uma_deokure_ritsu,hizume_code,omo_tekisei_code,ichi_shisu_juni,5,607,75.72,13.35,64.02,False
KEIBAJO_SURFACE_06_ダ_条件戦,pace_yoso+joho_shisu+ichi_shisu_juni+ls_shisu_juni,pace_yoso,joho_shisu,ichi_shisu_juni,ls_shisu_juni,3,735,72.99,7.92,64.02,False
KEIBAJO_SURFACE_06_ダ_条件戦,uma_start_shisu+kyakushitsu+omo_tekisei_code+tenkai_kigo_code,uma_start_shisu,kyakushitsu,omo_tekisei_code,tenkai_kigo_code,18,3866,68.8,10.37,64.01,False
KEIBAJO_SURFACE_06_ダ_条件戦,uma_deokure_ritsu+kyori_tekisei+kyakushitsu+tenkai_kigo_code,uma_deokure_ritsu,kyori_tekisei,kyakushitsu,tenkai_kigo_code,19,5287,69.72,12.74,63.99,False
KEIBAJO_SURFACE_06_ダ_条件戦,manken_shirushi+pace_yoso+kyakushitsu+kakutoku_shokin_ruikei,manken_shirushi,pace_yoso,kyakushitsu,kakutoku_shokin_ruikei,8,1708,71.2,10.41,63.98,False
KEIBAJO_SURFACE_06_ダ_条件戦,uma_start_shisu+kyori_tekisei+kyakushitsu+ichi_shisu_juni,uma_start_shisu,kyori_tekisei,kyakushitsu,ichi_shisu_juni,7,1035,69.59,7.72,63.87,False
KEIBAJO_SURFACE_06_ダ_条件戦,kyori_tekisei+kyakushitsu+omo_tekisei_code+ls_shisu_juni,kyori_tekisei,kyakushitsu,omo_tekisei_code,ls_shisu_juni,25,5204,67.79,10.2,63.79,False
KEIBAJO_SURFACE_06_ダ_条件戦,pace_yoso+omo_tekisei_code+tenkai_kigo_code+ls_shisu_juni,pace_yoso,omo_tekisei_code,tenkai_kigo_code,ls_shisu_juni,22,4908,68.53,11.36,63.79,False
KEIBAJO_SURFACE_06_ダ_条件戦,uma_deokure_ritsu+kyori_tekisei+omo_tekisei_code+tenkai_kigo_code,uma_deokure_ritsu,kyori_tekisei,omo_tekisei_code,tenkai_kigo_code,20,5600,68.92,11.97,63.68,False
KEIBAJO_SURFACE_06_ダ_条件戦,uma_deokure_ritsu+kyori_tekisei+pace_yoso+rotation,uma_deokure_ritsu,kyori_tekisei,pace_yoso,rotation,15,2617,68.02,8.67,63.63,False
KEIBAJO_SURFACE_06_ダ_条件戦,kyori_tekisei+kyakushitsu+rotation+tenkai_kigo_code,kyori_tekisei,kyakushitsu,rotation,tenkai_kigo_code,16,3176,69.32,12.06,63.42,False
KEIBAJO_SURFACE_06_ダ_条件戦,uma_deokure_ritsu+rotation+omo_tekisei_code+ls_shisu_juni,uma_deokure_ritsu,rotation,omo_tekisei_code,ls_shisu_juni,7,894,75.79,16.73,63.39,False
KEIBAJO_SURFACE_06_ダ_条件戦,uma_deokure_ritsu+hizume_code+pace_yoso+omo_tekisei_code,uma_deokure_ritsu,hizume_code,pace_yoso,omo_tekisei_code,19,3671,67.62,9.46,63.36,False
KEIBAJO_SURFACE_06_ダ_条件戦,manken_shirushi+kyori_tekisei+pace_yoso+ls_shisu_juni,manken_shirushi,kyori_tekisei,pace_yoso,ls_shisu_juni,9,1018,71.39,12.32,63.33,False
KEIBAJO_SURFACE_06_ダ_条件戦,uma_start_shisu+hizume_code+pace_yoso+omo_tekisei_code,uma_start_shisu,hizume_code,pace_yoso,omo_tekisei_code,12,1886,68.58,9.39,63.27,False
KEIBAJO_SURFACE_06_ダ_条件戦,uma_start_shisu+kyakushitsu+tenkai_kigo_code+ichi_shisu_juni,uma_start_shisu,kyakushitsu,tenkai_kigo_code,ichi_shisu_juni,6,1041,73.19,12.41,63.27,False
KEIBAJO_SURFACE_06_ダ_条件戦,uma_start_shisu+pace_yoso+kyakushitsu+tenkai_kigo_code,uma_start_shisu,pace_yoso,kyakushitsu,tenkai_kigo_code,16,3443,69.21,12.19,63.24,False
KEIBAJO_SURFACE_06_ダ_条件戦,kyori_tekisei+kyakushitsu+kakutoku_shokin_ruikei+agari_shisu_juni,kyori_tekisei,kyakushitsu,kakutoku_shokin_ruikei,agari_shisu_juni,17,3301,70.64,15.8,63.13,False
KEIBAJO_SURFACE_06_ダ_条件戦,uma_deokure_ritsu+kyori_tekisei+pace_yoso+tenkai_kigo_code,uma_deokure_ritsu,kyori_tekisei,pace_yoso,tenkai_kigo_code,19,5156,66.31,7.1,63.12,False
KEIBAJO_SURFACE_06_ダ_条件戦,uma_deokure_ritsu+manken_shirushi+kyori_tekisei+tenkai_kigo_code,uma_deokure_ritsu,manken_shirushi,kyori_tekisei,tenkai_kigo_code,6,962,69.73,8.26,63.12,False
KEIBAJO_SURFACE_06_ダ_条件戦,kyakushitsu+omo_tekisei_code+tenkai_kigo_code+ls_shisu_juni,kyakushitsu,omo_tekisei_code,tenkai_kigo_code,ls_shisu_juni,29,5170,68.65,15.21,63.11,False
KEIBAJO_SURFACE_06_ダ_条件戦,uma_deokure_ritsu+uma_start_shisu+hizume_code+pace_yoso,uma_deokure_ritsu,uma_start_shisu,hizume_code,pace_yoso,13,2395,67.29,7.85,63.02,False
KEIBAJO_SURFACE_06_ダ_条件戦,uma_deokure_ritsu+kyakushitsu+omo_tekisei_code+agari_shisu_juni,uma_deokure_ritsu,kyakushitsu,omo_tekisei_code,agari_shisu_juni,5,562,70.83,8.95,62.99,False
KEIBAJO_SURFACE_06_ダ_条件戦,kyori_tekisei+omo_tekisei_code+tenkai_kigo_code+ichi_shisu_juni,kyori_tekisei,omo_tekisei_code,tenkai_kigo_code,ichi_shisu_juni,25,4011,67.74,12.41,62.88,False
KEIBAJO_SURFACE_06_ダ_条件戦,uma_deokure_ritsu+omo_tekisei_code+tenkai_kigo_code+ichi_shisu_juni,uma_deokure_ritsu,omo_tekisei_code,tenkai_kigo_code,ichi_shisu_juni,17,2521,69.03,12.93,62.88,False
KEIBAJO_SURFACE_06_ダ_条件戦,uma_deokure_ritsu+uma_start_shisu+kyakushitsu+tenkai_kigo_code,uma_deokure_ritsu,uma_start_shisu,kyakushitsu,tenkai_kigo_code,13,3831,68.59,10.53,62.87,False
KEIBAJO_SURFACE_06_ダ_条件戦,uma_deokure_ritsu+uma_start_shisu+pace_yoso+ichi_shisu_juni,uma_deokure_ritsu,uma_start_shisu,pace_yoso,ichi_shisu_juni,14,2122,68.35,10.5,62.85,False
KEIBAJO_SURFACE_06_ダ_条件戦,uma_deokure_ritsu+uma_start_shisu+hizume_code+rotation,uma_deokure_ritsu,uma_start_shisu,hizume_code,rotation,4,548,68.06,5.34,62.83,False
KEIBAJO_SURFACE_06_ダ_条件戦,manken_shirushi+kyori_tekisei+joho_shisu+tenkai_kigo_code,manken_shirushi,kyori_tekisei,joho_shisu,tenkai_kigo_code,3,360,63.95,1.01,62.82,False
KEIBAJO_SURFACE_06_ダ_条件戦,kyori_tekisei+hizume_code+pace_yoso+rotation,kyori_tekisei,hizume_code,pace_yoso,rotation,8,1127,71.29,12.29,62.77,False
KEIBAJO_SURFACE_06_ダ_条件戦,uma_deokure_ritsu+hizume_code+pace_yoso+tenkai_kigo_code,uma_deokure_ritsu,hizume_code,pace_yoso,tenkai_kigo_code,12,2185,69.43,11.95,62.67,False
KEIBAJO_SURFACE_06_ダ_条件戦,kyori_tekisei+hizume_code+omo_tekisei_code+ichi_shisu_juni,kyori_tekisei,hizume_code,omo_tekisei_code,ichi_shisu_juni,5,531,74.05,13.01,62.65,False
KEIBAJO_SURFACE_06_ダ_条件戦,uma_deokure_ritsu+pace_yoso+kyakushitsu+tenkai_kigo_code,uma_deokure_ritsu,pace_yoso,kyakushitsu,tenkai_kigo_code,21,5294,66.99,10.28,62.59,False
KEIBAJO_SURFACE_06_ダ_条件戦,uma_deokure_ritsu+pace_yoso+tenkai_kigo_code+agari_shisu_juni,uma_deokure_ritsu,pace_yoso,tenkai_kigo_code,agari_shisu_juni,24,3251,69.39,17.25,62.48,False
KEIBAJO_SURFACE_06_ダ_条件戦,uma_start_shisu+kyori_tekisei+pace_yoso+tenkai_kigo_code,uma_start_shisu,kyori_tekisei,pace_yoso,tenkai_kigo_code,19,3987,67.1,10.51,62.37,False
KEIBAJO_SURFACE_06_ダ_条件戦,kyori_tekisei+pace_yoso+tenkai_kigo_code+ichi_shisu_juni,kyori_tekisei,pace_yoso,tenkai_kigo_code,ichi_shisu_juni,25,6186,67.13,12.19,62.35,False
KEIBAJO_SURFACE_06_ダ_条件戦,kyori_tekisei+pace_yoso+manken_shisu+kakutoku_shokin_ruikei,kyori_tekisei,pace_yoso,manken_shisu,kakutoku_shokin_ruikei,19,2807,68.76,14.4,62.29,False
KEIBAJO_SURFACE_06_ダ_条件戦,uma_deokure_ritsu+manken_shirushi+kyori_tekisei+pace_yoso,uma_deokure_ritsu,manken_shirushi,kyori_tekisei,pace_yoso,11,1476,66.17,6.57,62.28,False
KEIBAJO_SURFACE_06_ダ_条件戦,uma_deokure_ritsu+uma_start_shisu+manken_shirushi+pace_yoso,uma_deokure_ritsu,uma_start_shisu,manken_shirushi,pace_yoso,11,1369,67.83,9.4,62.28,False
KEIBAJO_SURFACE_06_ダ_条件戦,pace_yoso+kyakushitsu+kakutoku_shokin_ruikei+agari_shisu_juni,pace_yoso,kyakushitsu,kakutoku_shokin_ruikei,agari_shisu_juni,14,2634,69.48,13.88,62.21,False
KEIBAJO_SURFACE_06_ダ_条件戦,uma_start_shisu+kyori_tekisei+omo_tekisei_code+tenkai_kigo_code,uma_start_shisu,kyori_tekisei,omo_tekisei_code,tenkai_kigo_code,18,4254,69.36,15.78,62.07,False
KEIBAJO_SURFACE_06_ダ_条件戦,uma_deokure_ritsu+rotation+omo_tekisei_code+tenkai_kigo_code,uma_deokure_ritsu,rotation,omo_tekisei_code,tenkai_kigo_code,11,2049,67.99,10.09,62.02,False
KEIBAJO_SURFACE_06_ダ_条件戦,kyori_tekisei+kyakushitsu+kakutoku_shokin_ruikei+nyukyu_nannichimae,kyori_tekisei,kyakushitsu,kakutoku_shokin_ruikei,nyukyu_nannichimae,10,1340,71.46,15.25,62.01,False
KEIBAJO_SURFACE_06_ダ_条件戦,uma_deokure_ritsu+kyori_tekisei+rotation+tenkai_kigo_code,uma_deokure_ritsu,kyori_tekisei,rotation,tenkai_kigo_code,13,2327,66.35,8.09,61.95,False
KEIBAJO_SURFACE_06_ダ_条件戦,uma_deokure_ritsu+uma_start_shisu+pace_yoso+rotation,uma_deokure_ritsu,uma_start_shisu,pace_yoso,rotation,12,2100,67.53,9.86,61.95,False
KEIBAJO_SURFACE_06_ダ_条件戦,kyori_tekisei+pace_yoso+rotation+tenkai_kigo_code,kyori_tekisei,pace_yoso,rotation,tenkai_kigo_code,16,3480,67.47,11.31,61.93,False
KEIBAJO_SURFACE_06_ダ_条件戦,uma_start_shisu+rotation+omo_tekisei_code+tenkai_kigo_code,uma_start_shisu,rotation,omo_tekisei_code,tenkai_kigo_code,6,1003,67.94,7.52,61.92,False
KEIBAJO_SURFACE_06_ダ_条件戦,kyori_tekisei+rotation+tenkai_kigo_code+ls_shisu_juni,kyori_tekisei,rotation,tenkai_kigo_code,ls_shisu_juni,9,1622,70.74,13.61,61.84,False
KEIBAJO_SURFACE_06_ダ_条件戦,kyori_tekisei+hizume_code+kyakushitsu+tenkai_kigo_code,kyori_tekisei,hizume_code,kyakushitsu,tenkai_kigo_code,21,3737,68.53,15.82,61.77,False
KEIBAJO_SURFACE_06_ダ_条件戦,uma_start_shisu+kyori_tekisei+pace_yoso+rotation,uma_start_shisu,kyori_tekisei,pace_yoso,rotation,9,1429,68.64,10.53,61.76,False
KEIBAJO_SURFACE_06_ダ_条件戦,kyakushitsu+joho_shisu+kishu_shisu+ichi_shisu_juni,kyakushitsu,joho_shisu,kishu_shisu,ichi_shisu_juni,3,587,85.43,20.97,61.7,False
KEIBAJO_SURFACE_06_ダ_条件戦,kyori_tekisei+omo_tekisei_code+tenkai_kigo_code+ls_shisu_juni,kyori_tekisei,omo_tekisei_code,tenkai_kigo_code,ls_shisu_juni,20,5038,69.38,17.6,61.67,False
KEIBAJO_SURFACE_06_ダ_条件戦,uma_deokure_ritsu+uma_start_shisu+hizume_code+kyakushitsu,uma_deokure_ritsu,uma_start_shisu,hizume_code,kyakushitsu,11,1964,68.13,11.0,61.63,False
KEIBAJO_SURFACE_06_ダ_条件戦,uma_deokure_ritsu+kyori_tekisei+pace_yoso+ichi_shisu_juni,uma_deokure_ritsu,kyori_tekisei,pace_yoso,ichi_shisu_juni,15,2450,65.05,6.84,61.58,False
KEIBAJO_SURFACE_06_ダ_条件戦,uma_deokure_ritsu+uma_start_shisu+kyakushitsu+rotation,uma_deokure_ritsu,uma_start_shisu,kyakushitsu,rotation,9,1612,67.4,8.92,61.57,False
KEIBAJO_SURFACE_06_ダ_条件戦,uma_deokure_ritsu+uma_start_shisu+kyori_tekisei+omo_tekisei_code,uma_deokure_ritsu,uma_start_shisu,kyori_tekisei,omo_tekisei_code,12,4257,69.43,14.02,61.5,False
KEIBAJO_SURFACE_06_ダ_条件戦,kyori_tekisei+joho_shisu+kishu_shisu+ichi_shisu_juni,kyori_tekisei,joho_shisu,kishu_shisu,ichi_shisu_juni,4,763,76.98,15.85,61.44,False
KEIBAJO_SURFACE_06_ダ_条件戦,uma_deokure_ritsu+uma_start_shisu+tenkai_kigo_code+agari_shisu_juni,uma_deokure_ritsu,uma_start_shisu,tenkai_kigo_code,agari_shisu_juni,18,2844,67.4,12.96,61.42,False
KEIBAJO_SURFACE_06_ダ_条件戦,uma_start_shisu+kyori_tekisei+pace_yoso+ichi_shisu_juni,uma_start_shisu,kyori_tekisei,pace_yoso,ichi_shisu_juni,7,929,68.92,10.2,61.36,False
KEIBAJO_SURFACE_06_ダ_条件戦,uma_start_shisu+pace_yoso+rotation+tenkai_kigo_code,uma_start_shisu,pace_yoso,rotation,tenkai_kigo_code,7,1064,66.47,6.94,61.32,False
KEIBAJO_SURFACE_06_ダ_条件戦,uma_start_shisu+kyori_tekisei+pace_yoso+kyakushitsu,uma_start_shisu,kyori_tekisei,pace_yoso,kyakushitsu,13,3483,66.46,9.49,61.3,False
KEIBAJO_SURFACE_06_ダ_条件戦,kyori_tekisei+pace_yoso+kakutoku_shokin_ruikei+omo_tekisei_code,kyori_tekisei,pace_yoso,kakutoku_shokin_ruikei,omo_tekisei_code,8,3665,67.91,9.56,61.29,False
KEIBAJO_SURFACE_06_ダ_条件戦,uma_start_shisu+kyori_tekisei+kyakushitsu+tenkai_kigo_code,uma_start_shisu,kyori_tekisei,kyakushitsu,tenkai_kigo_code,16,3744,69.25,16.37,61.23,False
KEIBAJO_SURFACE_06_ダ_条件戦,joho_shisu+kishu_shisu+tenkai_kigo_code+ichi_shisu_juni,joho_shisu,kishu_shisu,tenkai_kigo_code,ichi_shisu_juni,3,590,85.26,21.26,61.2,False
KEIBAJO_SURFACE_06_ダ_条件戦,uma_start_shisu+kyori_tekisei+kyakushitsu+omo_tekisei_code,uma_start_shisu,kyori_tekisei,kyakushitsu,omo_tekisei_code,14,3872,68.87,14.93,61.05,False
KEIBAJO_SURFACE_06_ダ_条件戦,uma_start_shisu+hizume_code+kyakushitsu+omo_tekisei_code,uma_start_shisu,hizume_code,kyakushitsu,omo_tekisei_code,9,1415,68.18,10.99,61.01,False
KEIBAJO_SURFACE_06_ダ_条件戦,kyori_tekisei+pace_yoso+tenkai_kigo_code+ls_shisu_juni,kyori_tekisei,pace_yoso,tenkai_kigo_code,ls_shisu_juni,30,7571,65.97,14.19,60.9,False
KEIBAJO_SURFACE_06_ダ_条件戦,kyori_tekisei+kakutoku_shokin_ruikei+tenkai_kigo_code+ls_shisu_juni,kyori_tekisei,kakutoku_shokin_ruikei,tenkai_kigo_code,ls_shisu_juni,17,5375,66.12,11.03,60.88,False
KEIBAJO_SURFACE_06_ダ_条件戦,kyori_tekisei+kyakushitsu+manken_shisu+kakutoku_shokin_ruikei,kyori_tekisei,kyakushitsu,manken_shisu,kakutoku_shokin_ruikei,16,2029,68.15,14.92,60.84,False
KEIBAJO_SURFACE_06_ダ_条件戦,uma_deokure_ritsu+hizume_code+kyakushitsu+omo_tekisei_code,uma_deokure_ritsu,hizume_code,kyakushitsu,omo_tekisei_code,16,2780,67.14,12.89,60.83,False
KEIBAJO_SURFACE_06_ダ_条件戦,uma_deokure_ritsu+kyori_tekisei+hizume_code+ichi_shisu_juni,uma_deokure_ritsu,kyori_tekisei,hizume_code,ichi_shisu_juni,4,444,73.65,13.24,60.67,False
KEIBAJO_SURFACE_06_ダ_条件戦,uma_start_shisu+kyori_tekisei+kakutoku_shokin_ruikei+agari_shisu_juni,uma_start_shisu,kyori_tekisei,kakutoku_shokin_ruikei,agari_shisu_juni,3,335,65.88,4.66,60.6,False
KEIBAJO_SURFACE_06_ダ_条件戦,uma_deokure_ritsu+uma_start_shisu+manken_shirushi+kyori_tekisei,uma_deokure_ritsu,uma_start_shisu,manken_shirushi,kyori_tekisei,7,1222,65.38,6.48,60.58,False
KEIBAJO_SURFACE_06_ダ_条件戦,uma_deokure_ritsu+manken_shirushi+kyori_tekisei+kyakushitsu,uma_deokure_ritsu,manken_shirushi,kyori_tekisei,kyakushitsu,7,847,69.66,12.35,60.5,False
KEIBAJO_SURFACE_06_ダ_条件戦,uma_deokure_ritsu+uma_start_shisu+hizume_code+omo_tekisei_code,uma_deokure_ritsu,uma_start_shisu,hizume_code,omo_tekisei_code,13,2874,65.37,8.96,60.5,False
KEIBAJO_SURFACE_06_ダ_条件戦,uma_deokure_ritsu+uma_start_shisu+omo_tekisei_code+ls_shisu_juni,uma_deokure_ritsu,uma_start_shisu,omo_tekisei_code,ls_shisu_juni,15,3375,66.0,10.99,60.44,False
KEIBAJO_SURFACE_06_ダ_条件戦,kyori_tekisei+pace_yoso+kishu_shisu+ichi_shisu_juni,kyori_tekisei,pace_yoso,kishu_shisu,ichi_shisu_juni,11,2058,72.09,19.72,60.44,False
KEIBAJO_SURFACE_06_ダ_条件戦,kyori_tekisei+pace_yoso+kishu_minarai_code+omo_tekisei_code,kyori_tekisei,pace_yoso,kishu_minarai_code,omo_tekisei_code,5,682,71.05,12.1,60.44,False
KEIBAJO_SURFACE_06_ダ_条件戦,uma_deokure_ritsu+hizume_code+kyakushitsu+tenkai_kigo_code,uma_deokure_ritsu,hizume_code,kyakushitsu,tenkai_kigo_code,12,2247,67.35,12.29,60.39,False
KEIBAJO_SURFACE_06_ダ_条件戦,manken_shirushi+kyori_tekisei+kyakushitsu+omo_tekisei_code,manken_shirushi,kyori_tekisei,kyakushitsu,omo_tekisei_code,8,858,71.82,16.59,60.33,False
KEIBAJO_SURFACE_06_ダ_条件戦,pace_yoso+kyakushitsu+rotation+ls_shisu_juni,pace_yoso,kyakushitsu,rotation,ls_shisu_juni,5,549,70.21,11.33,60.28,False
KEIBAJO_SURFACE_06_ダ_条件戦,uma_deokure_ritsu+uma_start_shisu+pace_yoso+ls_shisu_juni,uma_deokure_ritsu,uma_start_shisu,pace_yoso,ls_shisu_juni,17,3312,66.41,12.91,60.27,False
KEIBAJO_SURFACE_06_ダ_条件戦,uma_start_shisu+kyori_tekisei+rotation+omo_tekisei_code,uma_start_shisu,kyori_tekisei,rotation,omo_tekisei_code,11,1785,69.01,14.8,60.26,False
KEIBAJO_SURFACE_06_ダ_条件戦,kyori_tekisei+kyakushitsu+joho_shisu+ls_shisu_juni,kyori_tekisei,kyakushitsu,joho_shisu,ls_shisu_juni,11,2407,66.42,10.44,60.25,False
KEIBAJO_SURFACE_06_ダ_条件戦,uma_deokure_ritsu+kyakushitsu+rotation+tenkai_kigo_code,uma_deokure_ritsu,kyakushitsu,rotation,tenkai_kigo_code,9,1858,67.23,10.71,60.23,False
KEIBAJO_SURFACE_06_ダ_条件戦,kyori_tekisei+kyakushitsu+tenkai_kigo_code+ls_shisu_juni,kyori_tekisei,kyakushitsu,tenkai_kigo_code,ls_shisu_juni,25,6596,65.05,12.36,60.21,False
KEIBAJO_SURFACE_06_ダ_条件戦,uma_start_shisu+kyori_tekisei+omo_tekisei_code+agari_shisu_juni,uma_start_shisu,kyori_tekisei,omo_tekisei_code,agari_shisu_juni,7,759,72.9,17.22,60.14,False
KEIBAJO_SURFACE_06_ダ_条件戦,uma_deokure_ritsu+uma_start_shisu+rotation+tenkai_kigo_code,uma_deokure_ritsu,uma_start_shisu,rotation,tenkai_kigo_code,9,1691,67.18,10.85,60.09,False
KEIBAJO_SURFACE_06_ダ_条件戦,uma_deokure_ritsu+uma_start_shisu+kyori_tekisei+kyakushitsu,uma_deokure_ritsu,uma_start_shisu,kyori_tekisei,kyakushitsu,9,3594,65.67,8.58,60.07,False
KEIBAJO_SURFACE_06_ダ_条件戦,uma_deokure_ritsu+kyori_tekisei+kyakushitsu+ichi_shisu_juni,uma_deokure_ritsu,kyori_tekisei,kyakushitsu,ichi_shisu_juni,15,2516,65.25,10.34,60.02,False
KEIBAJO_SURFACE_06_ダ_条件戦,pace_yoso+kyakushitsu+kakutoku_shokin_ruikei+ls_shisu_juni,pace_yoso,kyakushitsu,kakutoku_shokin_ruikei,ls_shisu_juni,18,4612,64.58,10.13,59.9,False
KEIBAJO_SURFACE_06_ダ_条件戦,kyori_tekisei+kishu_shisu+kakutoku_shokin_ruikei+ichi_shisu_juni,kyori_tekisei,kishu_shisu,kakutoku_shokin_ruikei,ichi_shisu_juni,11,2144,70.72,18.31,59.9,False
KEIBAJO_SURFACE_06_ダ_条件戦,uma_deokure_ritsu+uma_start_shisu+omo_tekisei_code+agari_shisu_juni,uma_deokure_ritsu,uma_start_shisu,omo_tekisei_code,agari_shisu_juni,15,1937,67.51,15.12,59.86,False
KEIBAJO_SURFACE_06_ダ_条件戦,uma_start_shisu+manken_shirushi+kyori_tekisei+omo_tekisei_code,uma_start_shisu,manken_shirushi,kyori_tekisei,omo_tekisei_code,5,608,68.18,9.53,59.83,False
KEIBAJO_SURFACE_06_ダ_条件戦,uma_deokure_ritsu+hizume_code+omo_tekisei_code+tenkai_kigo_code,uma_deokure_ritsu,hizume_code,omo_tekisei_code,tenkai_kigo_code,15,2831,66.18,12.65,59.78,False
KEIBAJO_SURFACE_06_ダ_条件戦,uma_deokure_ritsu+kyori_tekisei+omo_tekisei_code+ls_shisu_juni,uma_deokure_ritsu,kyori_tekisei,omo_tekisei_code,ls_shisu_juni,18,4232,66.12,13.76,59.76,False
KEIBAJO_SURFACE_06_ダ_条件戦,manken_shirushi+kyori_tekisei+kakutoku_shokin_ruikei+tenkai_kigo_code,manken_shirushi,kyori_tekisei,kakutoku_shokin_ruikei,tenkai_kigo_code,18,2659,66.5,14.6,59.75,False
KEIBAJO_SURFACE_06_ダ_条件戦,uma_deokure_ritsu+kyori_tekisei+pace_yoso+ls_shisu_juni,uma_deokure_ritsu,kyori_tekisei,pace_yoso,ls_shisu_juni,19,3982,64.89,11.47,59.74,False
KEIBAJO_SURFACE_06_ダ_条件戦,uma_start_shisu+hizume_code+pace_yoso+tenkai_kigo_code,uma_start_shisu,hizume_code,pace_yoso,tenkai_kigo_code,5,901,65.06,6.11,59.71,False
KEIBAJO_SURFACE_06_ダ_条件戦,uma_start_shisu+kyori_tekisei+rotation+tenkai_kigo_code,uma_start_shisu,kyori_tekisei,rotation,tenkai_kigo_code,8,1407,69.79,14.56,59.7,False
KEIBAJO_SURFACE_06_ダ_条件戦,kyori_tekisei+pace_yoso+kakutoku_shokin_ruikei+ls_shisu_juni,kyori_tekisei,pace_yoso,kakutoku_shokin_ruikei,ls_shisu_juni,15,6136,64.47,9.47,59.68,False
KEIBAJO_SURFACE_06_ダ_条件戦,uma_start_shisu+kyakushitsu+rotation+tenkai_kigo_code,uma_start_shisu,kyakushitsu,rotation,tenkai_kigo_code,5,881,67.93,9.43,59.66,False
KEIBAJO_SURFACE_06_ダ_条件戦,kyori_tekisei+kyakushitsu+kakutoku_shokin_ruikei+omo_tekisei_code,kyori_tekisei,kyakushitsu,kakutoku_shokin_ruikei,omo_tekisei_code,10,3650,63.43,6.16,59.62,False
KEIBAJO_SURFACE_06_ダ_条件戦,kyori_tekisei+hizume_code+omo_tekisei_code+ls_shisu_juni,kyori_tekisei,hizume_code,omo_tekisei_code,ls_shisu_juni,21,3217,66.07,15.26,59.55,False
KEIBAJO_SURFACE_06_ダ_条件戦,uma_start_shisu+kyakushitsu+omo_tekisei_code+ls_shisu_juni,uma_start_shisu,kyakushitsu,omo_tekisei_code,ls_shisu_juni,13,1933,66.43,12.66,59.55,False
KEIBAJO_SURFACE_06_ダ_条件戦,uma_deokure_ritsu+hizume_code+pace_yoso+kyakushitsu,uma_deokure_ritsu,hizume_code,pace_yoso,kyakushitsu,12,2137,67.51,14.16,59.5,False
KEIBAJO_SURFACE_06_ダ_条件戦,uma_deokure_ritsu+pace_yoso+kakutoku_shokin_ruikei+omo_tekisei_code,uma_deokure_ritsu,pace_yoso,kakutoku_shokin_ruikei,omo_tekisei_code,12,3163,64.64,9.36,59.35,False
KEIBAJO_SURFACE_06_ダ_条件戦,pace_yoso+kishu_shisu+omo_tekisei_code+ls_shisu_juni,pace_yoso,kishu_shisu,omo_tekisei_code,ls_shisu_juni,10,1217,68.3,14.46,59.34,False
KEIBAJO_SURFACE_06_ダ_条件戦,uma_deokure_ritsu+kyori_tekisei+kyakushitsu+agari_shisu_juni,uma_deokure_ritsu,kyori_tekisei,kyakushitsu,agari_shisu_juni,13,1432,66.67,13.5,59.33,False
KEIBAJO_SURFACE_06_ダ_条件戦,pace_yoso+kishu_shisu+kakutoku_shokin_ruikei+ls_shisu_juni,pace_yoso,kishu_shisu,kakutoku_shokin_ruikei,ls_shisu_juni,11,1967,74.07,25.09,59.24,False
KEIBAJO_SURFACE_06_ダ_条件戦,pace_yoso+joho_shisu+kishu_shisu+ichi_shisu_juni,pace_yoso,joho_shisu,kishu_shisu,ichi_shisu_juni,3,610,83.92,21.9,59.13,False
KEIBAJO_SURFACE_06_ダ_条件戦,pace_yoso+kishu_shisu+kakutoku_shokin_ruikei+ichi_shisu_juni,pace_yoso,kishu_shisu,kakutoku_shokin_ruikei,ichi_shisu_juni,11,1993,71.12,20.3,59.13,False
KEIBAJO_SURFACE_06_ダ_条件戦,uma_start_shisu+kyori_tekisei+omo_tekisei_code+ichi_shisu_juni,uma_start_shisu,kyori_tekisei,omo_tekisei_code,ichi_shisu_juni,9,1264,65.75,10.2,59.09,False
KEIBAJO_SURFACE_06_ダ_条件戦,uma_deokure_ritsu+kyori_tekisei+omo_tekisei_code+agari_shisu_juni,uma_deokure_ritsu,kyori_tekisei,omo_tekisei_code,agari_shisu_juni,21,2735,64.16,11.99,59.04,False
KEIBAJO_SURFACE_06_ダ_条件戦,uma_deokure_ritsu+uma_start_shisu+manken_shirushi+tenkai_kigo_code,uma_deokure_ritsu,uma_start_shisu,manken_shirushi,tenkai_kigo_code,6,823,67.8,10.96,59.03,False
KEIBAJO_SURFACE_06_ダ_条件戦,uma_deokure_ritsu+kyori_tekisei+tenkai_kigo_code+agari_shisu_juni,uma_deokure_ritsu,kyori_tekisei,tenkai_kigo_code,agari_shisu_juni,19,3224,64.56,12.3,59.03,False
KEIBAJO_SURFACE_06_ダ_条件戦,uma_start_shisu+pace_yoso+omo_tekisei_code+ls_shisu_juni,uma_start_shisu,pace_yoso,omo_tekisei_code,ls_shisu_juni,15,2368,64.22,10.26,59.03,False
KEIBAJO_SURFACE_06_ダ_条件戦,uma_deokure_ritsu+uma_start_shisu+kyori_tekisei+rotation,uma_deokure_ritsu,uma_start_shisu,kyori_tekisei,rotation,10,2166,62.93,6.59,58.84,False
KEIBAJO_SURFACE_06_ダ_条件戦,uma_start_shisu+kyori_tekisei+omo_tekisei_code+ls_shisu_juni,uma_start_shisu,kyori_tekisei,omo_tekisei_code,ls_shisu_juni,16,2991,64.49,11.65,58.78,False
KEIBAJO_SURFACE_06_ダ_条件戦,uma_deokure_ritsu+uma_start_shisu+hizume_code+tenkai_kigo_code,uma_deokure_ritsu,uma_start_shisu,hizume_code,tenkai_kigo_code,11,1969,66.07,12.34,58.77,False
KEIBAJO_SURFACE_06_ダ_条件戦,kyakushitsu+kishu_shisu+kakutoku_shokin_ruikei+ichi_shisu_juni,kyakushitsu,kishu_shisu,kakutoku_shokin_ruikei,ichi_shisu_juni,11,1972,71.74,21.99,58.74,False
KEIBAJO_SURFACE_06_ダ_条件戦,kyori_tekisei+kyakushitsu+kishu_shisu+ichi_shisu_juni,kyori_tekisei,kyakushitsu,kishu_shisu,ichi_shisu_juni,11,1972,71.74,21.99,58.74,False
KEIBAJO_SURFACE_06_ダ_条件戦,kyori_tekisei+kakutoku_shokin_ruikei+tenkai_kigo_code+nyukyu_nannichimae,kyori_tekisei,kakutoku_shokin_ruikei,tenkai_kigo_code,nyukyu_nannichimae,7,877,72.21,18.26,58.68,False
KEIBAJO_SURFACE_06_ダ_条件戦,uma_start_shisu+hizume_code+pace_yoso+kyakushitsu,uma_start_shisu,hizume_code,pace_yoso,kyakushitsu,5,849,64.45,6.6,58.67,False
KEIBAJO_SURFACE_06_ダ_条件戦,hizume_code+pace_yoso+rotation+tenkai_kigo_code,hizume_code,pace_yoso,rotation,tenkai_kigo_code,5,749,67.97,10.64,58.64,False
KEIBAJO_SURFACE_06_ダ_条件戦,uma_deokure_ritsu+kyakushitsu+kakutoku_shokin_ruikei+omo_tekisei_code,uma_deokure_ritsu,kyakushitsu,kakutoku_shokin_ruikei,omo_tekisei_code,14,3199,65.13,12.46,58.6,False
KEIBAJO_SURFACE_06_ダ_条件戦,uma_deokure_ritsu+kyori_tekisei+hizume_code+pace_yoso,uma_deokure_ritsu,kyori_tekisei,hizume_code,pace_yoso,16,3049,64.46,11.98,58.59,False
KEIBAJO_SURFACE_06_ダ_条件戦,kyori_tekisei+kyakushitsu+kakutoku_shokin_ruikei+tenkai_kigo_code,kyori_tekisei,kyakushitsu,kakutoku_shokin_ruikei,tenkai_kigo_code,13,6448,66.48,14.64,58.52,False
KEIBAJO_SURFACE_06_ダ_条件戦,kyori_tekisei+pace_yoso+kishu_minarai_code+ichi_shisu_juni,kyori_tekisei,pace_yoso,kishu_minarai_code,ichi_shisu_juni,3,415,77.24,16.56,58.5,False
KEIBAJO_SURFACE_06_ダ_条件戦,kyori_tekisei+kakutoku_shokin_ruikei+tenkai_kigo_code+agari_shisu_juni,kyori_tekisei,kakutoku_shokin_ruikei,tenkai_kigo_code,agari_shisu_juni,30,5948,63.28,13.62,58.41,False
KEIBAJO_SURFACE_06_ダ_条件戦,uma_deokure_ritsu+uma_start_shisu+kyakushitsu+ls_shisu_juni,uma_deokure_ritsu,uma_start_shisu,kyakushitsu,ls_shisu_juni,14,2690,66.28,15.11,58.37,False
KEIBAJO_SURFACE_06_ダ_条件戦,kakutoku_shokin_ruikei+omo_tekisei_code+tenkai_kigo_code+agari_shisu_juni,kakutoku_shokin_ruikei,omo_tekisei_code,tenkai_kigo_code,agari_shisu_juni,8,983,70.43,17.39,58.37,False
KEIBAJO_SURFACE_06_ダ_条件戦,uma_deokure_ritsu+kyori_tekisei+omo_tekisei_code+ichi_shisu_juni,uma_deokure_ritsu,kyori_tekisei,omo_tekisei_code,ichi_shisu_juni,15,2648,64.15,11.54,58.31,False
KEIBAJO_SURFACE_06_ダ_条件戦,pace_yoso+kyakushitsu+kishu_shisu+ichi_shisu_juni,pace_yoso,kyakushitsu,kishu_shisu,ichi_shisu_juni,10,1822,72.37,22.7,58.29,False
KEIBAJO_SURFACE_06_ダ_条件戦,uma_deokure_ritsu+manken_shirushi+kyori_tekisei+kakutoku_shokin_ruikei,uma_deokure_ritsu,manken_shirushi,kyori_tekisei,kakutoku_shokin_ruikei,6,766,64.92,8.37,58.23,False
KEIBAJO_SURFACE_06_ダ_条件戦,kyori_tekisei+kakutoku_shokin_ruikei+omo_tekisei_code+tenkai_kigo_code,kyori_tekisei,kakutoku_shokin_ruikei,omo_tekisei_code,tenkai_kigo_code,12,3691,65.96,13.7,58.21,False
KEIBAJO_SURFACE_06_ダ_条件戦,uma_deokure_ritsu+kyori_tekisei+hizume_code+omo_tekisei_code,uma_deokure_ritsu,kyori_tekisei,hizume_code,omo_tekisei_code,15,3554,62.71,8.92,58.19,False
KEIBAJO_SURFACE_06_ダ_条件戦,uma_deokure_ritsu+pace_yoso+omo_tekisei_code+ls_shisu_juni,uma_deokure_ritsu,pace_yoso,omo_tekisei_code,ls_shisu_juni,21,4366,65.14,16.26,58.18,False
KEIBAJO_SURFACE_06_ダ_条件戦,uma_deokure_ritsu+uma_start_shisu+kyori_tekisei+agari_shisu_juni,uma_deokure_ritsu,uma_start_shisu,kyori_tekisei,agari_shisu_juni,17,2516,64.48,13.31,58.15,False
KEIBAJO_SURFACE_06_ダ_条件戦,kyori_tekisei+rotation+kakutoku_shokin_ruikei+omo_tekisei_code,kyori_tekisei,rotation,kakutoku_shokin_ruikei,omo_tekisei_code,13,2199,64.85,12.48,58.07,False
KEIBAJO_SURFACE_06_ダ_条件戦,manken_shirushi+kyakushitsu+tenkai_kigo_code+ichi_shisu_juni,manken_shirushi,kyakushitsu,tenkai_kigo_code,ichi_shisu_juni,8,1113,71.61,19.55,58.06,False
KEIBAJO_SURFACE_06_ダ_条件戦,uma_deokure_ritsu+pace_yoso+kyakushitsu+ls_shisu_juni,uma_deokure_ritsu,pace_yoso,kyakushitsu,ls_shisu_juni,19,3247,65.04,15.65,58.0,False
KEIBAJO_SURFACE_06_ダ_条件戦,manken_shirushi+kyori_tekisei+kakutoku_shokin_ruikei+ls_shisu_juni,manken_shirushi,kyori_tekisei,kakutoku_shokin_ruikei,ls_shisu_juni,13,1623,65.92,14.67,57.95,False
KEIBAJO_SURFACE_06_ダ_条件戦,kyori_tekisei+kyakushitsu+kakutoku_shokin_ruikei+ls_shisu_juni,kyori_tekisei,kyakushitsu,kakutoku_shokin_ruikei,ls_shisu_juni,18,5514,62.91,10.82,57.91,False
KEIBAJO_SURFACE_06_ダ_条件戦,kyori_tekisei+kyakushitsu+kakutoku_shokin_ruikei+ichi_shisu_juni,kyori_tekisei,kyakushitsu,kakutoku_shokin_ruikei,ichi_shisu_juni,18,4826,64.95,15.27,57.9,False
KEIBAJO_SURFACE_06_ダ_条件戦,kyakushitsu+kakutoku_shokin_ruikei+omo_tekisei_code+tenkai_kigo_code,kyakushitsu,kakutoku_shokin_ruikei,omo_tekisei_code,tenkai_kigo_code,15,3677,63.29,10.65,57.9,False
KEIBAJO_SURFACE_06_ダ_条件戦,uma_deokure_ritsu+pace_yoso+rotation+tenkai_kigo_code,uma_deokure_ritsu,pace_yoso,rotation,tenkai_kigo_code,10,1889,64.68,10.95,57.9,False
KEIBAJO_SURFACE_06_ダ_条件戦,uma_deokure_ritsu+omo_tekisei_code+tenkai_kigo_code+ls_shisu_juni,uma_deokure_ritsu,omo_tekisei_code,tenkai_kigo_code,ls_shisu_juni,16,3212,64.55,13.64,57.87,False
KEIBAJO_SURFACE_06_ダ_条件戦,uma_deokure_ritsu+uma_start_shisu+kakutoku_shokin_ruikei+omo_tekisei_code,uma_deokure_ritsu,uma_start_shisu,kakutoku_shokin_ruikei,omo_tekisei_code,7,2421,62.96,6.88,57.86,False
KEIBAJO_SURFACE_06_ダ_条件戦,manken_shirushi+kyori_tekisei+pace_yoso+joho_shisu,manken_shirushi,kyori_tekisei,pace_yoso,joho_shisu,6,676,70.68,16.12,57.78,False
KEIBAJO_SURFACE_06_ダ_条件戦,pace_yoso+kyakushitsu+kakutoku_shokin_ruikei+omo_tekisei_code,pace_yoso,kyakushitsu,kakutoku_shokin_ruikei,omo_tekisei_code,15,3637,61.9,8.19,57.75,False
KEIBAJO_SURFACE_06_ダ_条件戦,uma_deokure_ritsu+kyori_tekisei+hizume_code+kyakushitsu,uma_deokure_ritsu,kyori_tekisei,hizume_code,kyakushitsu,13,2349,64.9,13.18,57.73,False
KEIBAJO_SURFACE_06_ダ_条件戦,uma_deokure_ritsu+manken_shirushi+pace_yoso+tenkai_kigo_code,uma_deokure_ritsu,manken_shirushi,pace_yoso,tenkai_kigo_code,7,855,65.2,10.09,57.73,False
KEIBAJO_SURFACE_06_ダ_条件戦,uma_deokure_ritsu+pace_yoso+rotation+ls_shisu_juni,uma_deokure_ritsu,pace_yoso,rotation,ls_shisu_juni,4,545,69.19,11.72,57.71,False
KEIBAJO_SURFACE_06_ダ_条件戦,uma_deokure_ritsu+kyori_tekisei+tenkai_kigo_code+ls_shisu_juni,uma_deokure_ritsu,kyori_tekisei,tenkai_kigo_code,ls_shisu_juni,15,3218,64.55,13.53,57.7,False
KEIBAJO_SURFACE_06_ダ_条件戦,pace_yoso+kakutoku_shokin_ruikei+omo_tekisei_code+tenkai_kigo_code,pace_yoso,kakutoku_shokin_ruikei,omo_tekisei_code,tenkai_kigo_code,12,3268,63.57,10.39,57.69,False
KEIBAJO_SURFACE_06_ダ_条件戦,uma_deokure_ritsu+uma_start_shisu+kyakushitsu+kakutoku_shokin_ruikei,uma_deokure_ritsu,uma_start_shisu,kyakushitsu,kakutoku_shokin_ruikei,6,2104,60.55,3.6,57.67,False
KEIBAJO_SURFACE_06_ダ_条件戦,uma_start_shisu+manken_shirushi+kyori_tekisei+tenkai_kigo_code,uma_start_shisu,manken_shirushi,kyori_tekisei,tenkai_kigo_code,5,589,64.75,8.11,57.65,False
KEIBAJO_SURFACE_06_ダ_条件戦,kyori_tekisei+rotation+kakutoku_shokin_ruikei+ls_shisu_juni,kyori_tekisei,rotation,kakutoku_shokin_ruikei,ls_shisu_juni,5,708,63.01,6.18,57.6,False
KEIBAJO_SURFACE_06_ダ_条件戦,kyori_tekisei+pace_yoso+kishu_shisu+ls_shisu_juni,kyori_tekisei,pace_yoso,kishu_shisu,ls_shisu_juni,18,3094,67.04,20.52,57.56,False
KEIBAJO_SURFACE_06_ダ_条件戦,joho_shisu+kishu_shisu+kakutoku_shokin_ruikei+ichi_shisu_juni,joho_shisu,kishu_shisu,kakutoku_shokin_ruikei,ichi_shisu_juni,3,643,79.63,19.5,57.56,False
KEIBAJO_SURFACE_06_ダ_条件戦,kyori_tekisei+hizume_code+rotation+tenkai_kigo_code,kyori_tekisei,hizume_code,rotation,tenkai_kigo_code,6,945,66.34,10.98,57.55,False
KEIBAJO_SURFACE_06_ダ_条件戦,uma_deokure_ritsu+uma_start_shisu+kyori_tekisei+ls_shisu_juni,uma_deokure_ritsu,uma_start_shisu,kyori_tekisei,ls_shisu_juni,10,2913,64.43,11.12,57.54,False
KEIBAJO_SURFACE_06_ダ_条件戦,uma_deokure_ritsu+kyori_tekisei+kyakushitsu+rotation,uma_deokure_ritsu,kyori_tekisei,kyakushitsu,rotation,11,1882,63.56,10.21,57.52,False
KEIBAJO_SURFACE_06_ダ_条件戦,manken_shirushi+pace_yoso+kakutoku_shokin_ruikei+tenkai_kigo_code,manken_shirushi,pace_yoso,kakutoku_shokin_ruikei,tenkai_kigo_code,8,1202,67.5,14.51,57.44,False
KEIBAJO_SURFACE_06_ダ_条件戦,uma_start_shisu+kyori_tekisei+tenkai_kigo_code+agari_shisu_juni,uma_start_shisu,kyori_tekisei,tenkai_kigo_code,agari_shisu_juni,18,2311,65.02,16.45,57.42,False
KEIBAJO_SURFACE_06_ダ_条件戦,uma_start_shisu+kyori_tekisei+tenkai_kigo_code+ichi_shisu_juni,uma_start_shisu,kyori_tekisei,tenkai_kigo_code,ichi_shisu_juni,8,1198,65.13,11.12,57.42,False
KEIBAJO_SURFACE_06_ダ_条件戦,uma_deokure_ritsu+uma_start_shisu+tenkai_kigo_code+ls_shisu_juni,uma_deokure_ritsu,uma_start_shisu,tenkai_kigo_code,ls_shisu_juni,11,2342,64.65,12.38,57.33,False
KEIBAJO_SURFACE_06_ダ_条件戦,kyori_tekisei+joho_shisu+rotation+ls_shisu_juni,kyori_tekisei,joho_shisu,rotation,ls_shisu_juni,3,393,65.84,7.53,57.32,False
KEIBAJO_SURFACE_06_ダ_条件戦,uma_deokure_ritsu+kyori_tekisei+kakutoku_shokin_ruikei+omo_tekisei_code,uma_deokure_ritsu,kyori_tekisei,kakutoku_shokin_ruikei,omo_tekisei_code,9,3319,65.3,12.25,57.3,False
KEIBAJO_SURFACE_06_ダ_条件戦,pace_yoso+kishu_shisu+tenkai_kigo_code+ls_shisu_juni,pace_yoso,kishu_shisu,tenkai_kigo_code,ls_shisu_juni,13,1865,64.87,13.96,57.28,False
KEIBAJO_SURFACE_06_ダ_条件戦,kyori_tekisei+hizume_code+pace_yoso+ls_shisu_juni,kyori_tekisei,hizume_code,pace_yoso,ls_shisu_juni,11,1882,63.54,10.67,57.24,False
KEIBAJO_SURFACE_06_ダ_条件戦,kyori_tekisei+pace_yoso+kakutoku_shokin_ruikei+tenkai_kigo_code,kyori_tekisei,pace_yoso,kakutoku_shokin_ruikei,tenkai_kigo_code,10,6242,64.38,11.6,57.19,False
KEIBAJO_SURFACE_06_ダ_条件戦,joho_shisu+rotation+kakutoku_shokin_ruikei+omo_tekisei_code,joho_shisu,rotation,kakutoku_shokin_ruikei,omo_tekisei_code,4,482,62.45,5.42,57.14,False
KEIBAJO_SURFACE_06_ダ_条件戦,pace_yoso+kyakushitsu+kakutoku_shokin_ruikei+tenkai_kigo_code,pace_yoso,kyakushitsu,kakutoku_shokin_ruikei,tenkai_kigo_code,16,5896,63.71,13.49,57.1,False
KEIBAJO_SURFACE_06_ダ_条件戦,pace_yoso+kakutoku_shokin_ruikei+ls_shisu_juni+agari_shisu_juni,pace_yoso,kakutoku_shokin_ruikei,ls_shisu_juni,agari_shisu_juni,4,414,61.94,4.97,57.07,False
KEIBAJO_SURFACE_06_ダ_条件戦,uma_deokure_ritsu+kyakushitsu+rotation+kakutoku_shokin_ruikei,uma_deokure_ritsu,kyakushitsu,rotation,kakutoku_shokin_ruikei,3,321,58.58,1.36,57.03,False
KEIBAJO_SURFACE_06_ダ_条件戦,kyakushitsu+kishu_shisu+tenkai_kigo_code+ichi_shisu_juni,kyakushitsu,kishu_shisu,tenkai_kigo_code,ichi_shisu_juni,7,1484,76.0,25.64,57.0,False
KEIBAJO_SURFACE_06_ダ_条件戦,uma_start_shisu+kyori_tekisei+pace_yoso+ls_shisu_juni,uma_start_shisu,kyori_tekisei,pace_yoso,ls_shisu_juni,15,2645,62.48,10.85,56.99,False
KEIBAJO_SURFACE_06_ダ_条件戦,uma_deokure_ritsu+kyori_tekisei+kyakushitsu+kakutoku_shokin_ruikei,uma_deokure_ritsu,kyori_tekisei,kyakushitsu,kakutoku_shokin_ruikei,9,3000,61.4,6.94,56.87,False
KEIBAJO_SURFACE_06_ダ_条件戦,kyori_tekisei+pace_yoso+kyakushitsu+kakutoku_shokin_ruikei,kyori_tekisei,pace_yoso,kyakushitsu,kakutoku_shokin_ruikei,12,6353,61.55,8.29,56.86,False
KEIBAJO_SURFACE_06_ダ_条件戦,kyakushitsu+joho_shisu+kakutoku_shokin_ruikei+ls_shisu_juni,kyakushitsu,joho_shisu,kakutoku_shokin_ruikei,ls_shisu_juni,11,2119,64.2,12.44,56.85,False
KEIBAJO_SURFACE_06_ダ_条件戦,uma_deokure_ritsu+uma_start_shisu+pace_yoso+agari_shisu_juni,uma_deokure_ritsu,uma_start_shisu,pace_yoso,agari_shisu_juni,13,1452,64.63,14.39,56.81,False
KEIBAJO_SURFACE_06_ダ_条件戦,uma_deokure_ritsu+kyori_tekisei+kyakushitsu+ls_shisu_juni,uma_deokure_ritsu,kyori_tekisei,kyakushitsu,ls_shisu_juni,20,3648,63.23,14.7,56.79,False
KEIBAJO_SURFACE_06_ダ_条件戦,uma_start_shisu+kyori_tekisei+hizume_code+omo_tekisei_code,uma_start_shisu,kyori_tekisei,hizume_code,omo_tekisei_code,12,2326,63.2,11.41,56.75,False
KEIBAJO_SURFACE_06_ダ_条件戦,kyakushitsu+kakutoku_shokin_ruikei+omo_tekisei_code+ls_shisu_juni,kyakushitsu,kakutoku_shokin_ruikei,omo_tekisei_code,ls_shisu_juni,13,2309,63.74,12.89,56.73,False
KEIBAJO_SURFACE_06_ダ_条件戦,manken_shirushi+kakutoku_shokin_ruikei+tenkai_kigo_code+ichi_shisu_juni,manken_shirushi,kakutoku_shokin_ruikei,tenkai_kigo_code,ichi_shisu_juni,8,1129,70.73,20.23,56.71,False
KEIBAJO_SURFACE_06_ダ_条件戦,pace_yoso+kyakushitsu+kishu_shisu+kakutoku_shokin_ruikei,pace_yoso,kyakushitsu,kishu_shisu,kakutoku_shokin_ruikei,18,2982,65.18,18.35,56.7,False
KEIBAJO_SURFACE_06_ダ_条件戦,manken_shirushi+kyori_tekisei+tenkai_kigo_code+ichi_shisu_juni,manken_shirushi,kyori_tekisei,tenkai_kigo_code,ichi_shisu_juni,8,1129,70.37,19.74,56.7,False
KEIBAJO_SURFACE_06_ダ_条件戦,uma_deokure_ritsu+kyori_tekisei+hizume_code+tenkai_kigo_code,uma_deokure_ritsu,kyori_tekisei,hizume_code,tenkai_kigo_code,14,2632,63.82,13.6,56.69,False
KEIBAJO_SURFACE_06_ダ_条件戦,uma_deokure_ritsu+kyori_tekisei+pace_yoso+kakutoku_shokin_ruikei,uma_deokure_ritsu,kyori_tekisei,pace_yoso,kakutoku_shokin_ruikei,9,3094,62.01,8.13,56.69,False
KEIBAJO_SURFACE_06_ダ_条件戦,manken_shirushi+kyakushitsu+kakutoku_shokin_ruikei+tenkai_kigo_code,manken_shirushi,kyakushitsu,kakutoku_shokin_ruikei,tenkai_kigo_code,8,1195,68.8,17.57,56.62,False
KEIBAJO_SURFACE_06_ダ_条件戦,uma_deokure_ritsu+pace_yoso+kyakushitsu+kakutoku_shokin_ruikei,uma_deokure_ritsu,pace_yoso,kyakushitsu,kakutoku_shokin_ruikei,12,2684,61.16,8.24,56.5,False
KEIBAJO_SURFACE_06_ダ_条件戦,uma_deokure_ritsu+kyakushitsu+omo_tekisei_code+ls_shisu_juni,uma_deokure_ritsu,kyakushitsu,omo_tekisei_code,ls_shisu_juni,20,3568,64.48,18.28,56.47,False
KEIBAJO_SURFACE_06_ダ_条件戦,kyori_tekisei+kyakushitsu+kishu_shisu+ls_shisu_juni,kyori_tekisei,kyakushitsu,kishu_shisu,ls_shisu_juni,14,1828,66.31,18.79,56.46,False
KEIBAJO_SURFACE_06_ダ_条件戦,uma_start_shisu+kyori_tekisei+kakutoku_shokin_ruikei+ichi_shisu_juni,uma_start_shisu,kyori_tekisei,kakutoku_shokin_ruikei,ichi_shisu_juni,6,695,64.39,9.91,56.46,False
KEIBAJO_SURFACE_06_ダ_条件戦,kyakushitsu+kishu_shisu+kakutoku_shokin_ruikei+ls_shisu_juni,kyakushitsu,kishu_shisu,kakutoku_shokin_ruikei,ls_shisu_juni,10,1229,69.44,21.03,56.41,False
KEIBAJO_SURFACE_06_ダ_条件戦,uma_start_shisu+kyori_tekisei+pace_yoso+kakutoku_shokin_ruikei,uma_start_shisu,kyori_tekisei,pace_yoso,kakutoku_shokin_ruikei,8,2350,66.57,14.67,56.41,False
KEIBAJO_SURFACE_06_ダ_条件戦,kishu_shisu+kakutoku_shokin_ruikei+tenkai_kigo_code+ichi_shisu_juni,kishu_shisu,kakutoku_shokin_ruikei,tenkai_kigo_code,ichi_shisu_juni,7,1495,75.15,25.39,56.34,False
KEIBAJO_SURFACE_06_ダ_条件戦,kyori_tekisei+kishu_shisu+tenkai_kigo_code+ichi_shisu_juni,kyori_tekisei,kishu_shisu,tenkai_kigo_code,ichi_shisu_juni,7,1496,75.11,25.34,56.34,False
KEIBAJO_SURFACE_06_ダ_条件戦,uma_start_shisu+pace_yoso+kakutoku_shokin_ruikei+omo_tekisei_code,uma_start_shisu,pace_yoso,kakutoku_shokin_ruikei,omo_tekisei_code,9,2224,62.35,9.28,56.29,False
KEIBAJO_SURFACE_06_ダ_条件戦,kyori_tekisei+pace_yoso+kakutoku_shokin_ruikei+agari_shisu_juni,kyori_tekisei,pace_yoso,kakutoku_shokin_ruikei,agari_shisu_juni,31,5982,62.1,16.55,56.27,False
KEIBAJO_SURFACE_06_ダ_条件戦,kyori_tekisei+pace_yoso+kyakushitsu+kishu_shisu,kyori_tekisei,pace_yoso,kyakushitsu,kishu_shisu,22,3893,63.44,17.31,56.21,False
KEIBAJO_SURFACE_06_ダ_条件戦,uma_deokure_ritsu+uma_start_shisu+tenkai_kigo_code+ichi_shisu_juni,uma_deokure_ritsu,uma_start_shisu,tenkai_kigo_code,ichi_shisu_juni,10,1713,65.26,14.66,56.18,False
KEIBAJO_SURFACE_06_ダ_条件戦,kyakushitsu+joho_shisu+tenkai_kigo_code+ls_shisu_juni,kyakushitsu,joho_shisu,tenkai_kigo_code,ls_shisu_juni,11,2222,64.39,13.9,56.18,False
KEIBAJO_SURFACE_06_ダ_条件戦,manken_shirushi+pace_yoso+tenkai_kigo_code+ichi_shisu_juni,manken_shirushi,pace_yoso,tenkai_kigo_code,ichi_shisu_juni,8,1086,70.34,20.45,56.17,False
KEIBAJO_SURFACE_06_ダ_条件戦,kyori_tekisei+hizume_code+kyakushitsu+ls_shisu_juni,kyori_tekisei,hizume_code,kyakushitsu,ls_shisu_juni,7,1068,62.7,8.88,56.12,False
KEIBAJO_SURFACE_06_ダ_条件戦,hizume_code+kyakushitsu+omo_tekisei_code+ls_shisu_juni,hizume_code,kyakushitsu,omo_tekisei_code,ls_shisu_juni,7,900,63.33,9.72,56.12,False
KEIBAJO_SURFACE_06_ダ_条件戦,uma_deokure_ritsu+kyakushitsu+tenkai_kigo_code+ls_shisu_juni,uma_deokure_ritsu,kyakushitsu,tenkai_kigo_code,ls_shisu_juni,17,3274,63.46,15.47,56.11,False
KEIBAJO_SURFACE_06_ダ_条件戦,kyori_tekisei+manken_shisu+kakutoku_shokin_ruikei+tenkai_kigo_code,kyori_tekisei,manken_shisu,kakutoku_shokin_ruikei,tenkai_kigo_code,14,1676,63.88,14.91,56.07,False
KEIBAJO_SURFACE_06_ダ_条件戦,uma_deokure_ritsu+kyori_tekisei+rotation+ls_shisu_juni,uma_deokure_ritsu,kyori_tekisei,rotation,ls_shisu_juni,7,1032,65.08,12.19,56.05,False
KEIBAJO_SURFACE_06_ダ_条件戦,kyakushitsu+kishu_shisu+tenkai_kigo_code+ls_shisu_juni,kyakushitsu,kishu_shisu,tenkai_kigo_code,ls_shisu_juni,10,1319,66.23,16.41,56.05,False
KEIBAJO_SURFACE_06_ダ_条件戦,pace_yoso+kyakushitsu+kishu_minarai_code+kakutoku_shokin_ruikei,pace_yoso,kyakushitsu,kishu_minarai_code,kakutoku_shokin_ruikei,3,398,72.71,14.82,55.94,False
KEIBAJO_SURFACE_06_ダ_条件戦,uma_deokure_ritsu+pace_yoso+tenkai_kigo_code+ls_shisu_juni,uma_deokure_ritsu,pace_yoso,tenkai_kigo_code,ls_shisu_juni,13,2689,63.47,13.96,55.88,False
KEIBAJO_SURFACE_06_ダ_条件戦,uma_deokure_ritsu+kyori_tekisei+tenkai_kigo_code+ichi_shisu_juni,uma_deokure_ritsu,kyori_tekisei,tenkai_kigo_code,ichi_shisu_juni,12,2245,62.8,12.4,55.78,False
KEIBAJO_SURFACE_06_ダ_条件戦,uma_deokure_ritsu+uma_start_shisu+kyori_tekisei+hizume_code,uma_deokure_ritsu,uma_start_shisu,kyori_tekisei,hizume_code,10,2390,62.98,11.64,55.76,False
KEIBAJO_SURFACE_06_ダ_条件戦,hizume_code+omo_tekisei_code+tenkai_kigo_code+ls_shisu_juni,hizume_code,omo_tekisei_code,tenkai_kigo_code,ls_shisu_juni,11,1605,63.55,13.4,55.63,False
KEIBAJO_SURFACE_06_ダ_条件戦,kyori_tekisei+kishu_shisu+tenkai_kigo_code+ls_shisu_juni,kyori_tekisei,kishu_shisu,tenkai_kigo_code,ls_shisu_juni,13,2319,65.28,17.83,55.59,False
KEIBAJO_SURFACE_06_ダ_条件戦,kyori_tekisei+kyakushitsu+joho_shisu+omo_tekisei_code,kyori_tekisei,kyakushitsu,joho_shisu,omo_tekisei_code,8,2288,60.14,6.65,55.53,False
KEIBAJO_SURFACE_06_ダ_条件戦,kyori_tekisei+kakutoku_shokin_ruikei+omo_tekisei_code+ls_shisu_juni,kyori_tekisei,kakutoku_shokin_ruikei,omo_tekisei_code,ls_shisu_juni,9,2932,60.47,7.8,55.37,False
KEIBAJO_SURFACE_06_ダ_条件戦,manken_shirushi+kyori_tekisei+kakutoku_shokin_ruikei+omo_tekisei_code,manken_shirushi,kyori_tekisei,kakutoku_shokin_ruikei,omo_tekisei_code,11,1390,62.45,12.0,55.36,False
KEIBAJO_SURFACE_06_ダ_条件戦,kyori_tekisei+pace_yoso+kyakushitsu+kishu_minarai_code,kyori_tekisei,pace_yoso,kyakushitsu,kishu_minarai_code,5,629,66.93,13.22,55.34,False
KEIBAJO_SURFACE_06_ダ_条件戦,pace_yoso+rotation+kakutoku_shokin_ruikei+omo_tekisei_code,pace_yoso,rotation,kakutoku_shokin_ruikei,omo_tekisei_code,8,1030,65.61,14.85,55.32,False
KEIBAJO_SURFACE_06_ダ_条件戦,uma_deokure_ritsu+rotation+tenkai_kigo_code+ls_shisu_juni,uma_deokure_ritsu,rotation,tenkai_kigo_code,ls_shisu_juni,5,720,67.46,13.89,55.28,False
KEIBAJO_SURFACE_06_ダ_条件戦,kyakushitsu+rotation+kakutoku_shokin_ruikei+omo_tekisei_code,kyakushitsu,rotation,kakutoku_shokin_ruikei,omo_tekisei_code,5,571,57.91,3.04,55.25,False
KEIBAJO_SURFACE_06_ダ_条件戦,uma_deokure_ritsu+kyakushitsu+kakutoku_shokin_ruikei+ichi_shisu_juni,uma_deokure_ritsu,kyakushitsu,kakutoku_shokin_ruikei,ichi_shisu_juni,5,614,60.01,5.43,55.25,False
KEIBAJO_SURFACE_06_ダ_条件戦,uma_start_shisu+pace_yoso+kyakushitsu+ls_shisu_juni,uma_start_shisu,pace_yoso,kyakushitsu,ls_shisu_juni,11,1588,62.27,11.92,55.23,False
KEIBAJO_SURFACE_06_ダ_条件戦,uma_start_shisu+hizume_code+omo_tekisei_code+tenkai_kigo_code,uma_start_shisu,hizume_code,omo_tekisei_code,tenkai_kigo_code,10,1538,61.49,10.18,55.18,False
KEIBAJO_SURFACE_06_ダ_条件戦,kyori_tekisei+hizume_code+kakutoku_shokin_ruikei+omo_tekisei_code,kyori_tekisei,hizume_code,kakutoku_shokin_ruikei,omo_tekisei_code,11,2734,63.47,14.07,55.16,False
KEIBAJO_SURFACE_06_ダ_条件戦,uma_start_shisu+kyori_tekisei+hizume_code+pace_yoso,uma_start_shisu,kyori_tekisei,hizume_code,pace_yoso,10,1710,62.9,12.57,55.11,False
KEIBAJO_SURFACE_06_ダ_条件戦,pace_yoso+kishu_shisu+tenkai_kigo_code+ichi_shisu_juni,pace_yoso,kishu_shisu,tenkai_kigo_code,ichi_shisu_juni,7,1457,74.46,26.27,55.0,False
KEIBAJO_SURFACE_06_ダ_条件戦,hizume_code+pace_yoso+omo_tekisei_code+ls_shisu_juni,hizume_code,pace_yoso,omo_tekisei_code,ls_shisu_juni,12,1733,61.13,10.89,54.97,False
KEIBAJO_SURFACE_06_ダ_条件戦,uma_start_shisu+pace_yoso+kyakushitsu+kakutoku_shokin_ruikei,uma_start_shisu,pace_yoso,kyakushitsu,kakutoku_shokin_ruikei,9,1876,58.91,6.21,54.86,False
KEIBAJO_SURFACE_06_ダ_条件戦,uma_deokure_ritsu+pace_yoso+kakutoku_shokin_ruikei+tenkai_kigo_code,uma_deokure_ritsu,pace_yoso,kakutoku_shokin_ruikei,tenkai_kigo_code,10,2382,60.93,9.8,54.86,False
KEIBAJO_SURFACE_06_ダ_条件戦,kyakushitsu+kakutoku_shokin_ruikei+tenkai_kigo_code+ls_shisu_juni,kyakushitsu,kakutoku_shokin_ruikei,tenkai_kigo_code,ls_shisu_juni,15,3985,60.82,11.91,54.79,False
KEIBAJO_SURFACE_06_ダ_条件戦,uma_deokure_ritsu+kyori_tekisei+kakutoku_shokin_ruikei+tenkai_kigo_code,uma_deokure_ritsu,kyori_tekisei,kakutoku_shokin_ruikei,tenkai_kigo_code,12,3135,60.54,10.16,54.79,False
KEIBAJO_SURFACE_06_ダ_条件戦,uma_deokure_ritsu+kyakushitsu+kakutoku_shokin_ruikei+tenkai_kigo_code,uma_deokure_ritsu,kyakushitsu,kakutoku_shokin_ruikei,tenkai_kigo_code,10,2546,59.77,8.06,54.77,False
KEIBAJO_SURFACE_06_ダ_条件戦,kyori_tekisei+hizume_code+tenkai_kigo_code+ls_shisu_juni,kyori_tekisei,hizume_code,tenkai_kigo_code,ls_shisu_juni,12,1927,64.27,16.79,54.77,False
KEIBAJO_SURFACE_06_ダ_条件戦,kishu_shisu+kakutoku_shokin_ruikei+tenkai_kigo_code+ls_shisu_juni,kishu_shisu,kakutoku_shokin_ruikei,tenkai_kigo_code,ls_shisu_juni,10,1669,66.65,19.21,54.75,False
KEIBAJO_SURFACE_06_ダ_条件戦,pace_yoso+manken_shisu+kakutoku_shokin_ruikei+tenkai_kigo_code,pace_yoso,manken_shisu,kakutoku_shokin_ruikei,tenkai_kigo_code,5,536,73.92,21.9,54.72,False
KEIBAJO_SURFACE_06_ダ_条件戦,kyori_tekisei+hizume_code+pace_yoso+kakutoku_shokin_ruikei,kyori_tekisei,hizume_code,pace_yoso,kakutoku_shokin_ruikei,12,2369,61.35,11.84,54.65,False
KEIBAJO_SURFACE_06_ダ_条件戦,hizume_code+pace_yoso+kakutoku_shokin_ruikei+omo_tekisei_code,hizume_code,pace_yoso,kakutoku_shokin_ruikei,omo_tekisei_code,14,2270,61.55,13.3,54.59,False
KEIBAJO_SURFACE_06_ダ_条件戦,uma_start_shisu+kyori_tekisei+kyakushitsu+ls_shisu_juni,uma_start_shisu,kyori_tekisei,kyakushitsu,ls_shisu_juni,12,2124,60.61,10.66,54.58,False
KEIBAJO_SURFACE_06_ダ_条件戦,rotation+kakutoku_shokin_ruikei+omo_tekisei_code+tenkai_kigo_code,rotation,kakutoku_shokin_ruikei,omo_tekisei_code,tenkai_kigo_code,9,1289,62.07,11.59,54.5,False
KEIBAJO_SURFACE_06_ダ_条件戦,uma_deokure_ritsu+kyori_tekisei+pace_yoso+agari_shisu_juni,uma_deokure_ritsu,kyori_tekisei,pace_yoso,agari_shisu_juni,17,2145,62.11,16.01,54.49,False
KEIBAJO_SURFACE_06_ダ_条件戦,uma_deokure_ritsu+uma_start_shisu+kyori_tekisei+tenkai_kigo_code,uma_deokure_ritsu,uma_start_shisu,kyori_tekisei,tenkai_kigo_code,13,3785,62.96,15.7,54.43,False
KEIBAJO_SURFACE_06_ダ_条件戦,uma_deokure_ritsu+rotation+kakutoku_shokin_ruikei+tenkai_kigo_code,uma_deokure_ritsu,rotation,kakutoku_shokin_ruikei,tenkai_kigo_code,4,611,58.39,4.12,54.35,False
KEIBAJO_SURFACE_06_ダ_条件戦,kyori_tekisei+kyakushitsu+kishu_shisu+kakutoku_shokin_ruikei,kyori_tekisei,kyakushitsu,kishu_shisu,kakutoku_shokin_ruikei,20,3892,61.05,15.4,54.29,False
KEIBAJO_SURFACE_06_ダ_条件戦,kyori_tekisei+joho_shisu+kishu_shisu+tenkai_kigo_code,kyori_tekisei,joho_shisu,kishu_shisu,tenkai_kigo_code,13,2839,64.51,18.8,54.29,False
KEIBAJO_SURFACE_06_ダ_条件戦,kyakushitsu+rotation+kakutoku_shokin_ruikei+tenkai_kigo_code,kyakushitsu,rotation,kakutoku_shokin_ruikei,tenkai_kigo_code,6,759,61.68,9.27,54.26,False
KEIBAJO_SURFACE_06_ダ_条件戦,kyori_tekisei+rotation+kakutoku_shokin_ruikei+tenkai_kigo_code,kyori_tekisei,rotation,kakutoku_shokin_ruikei,tenkai_kigo_code,9,1679,60.41,9.43,54.25,False
KEIBAJO_SURFACE_06_ダ_条件戦,kyori_tekisei+pace_yoso+kishu_minarai_code+ls_shisu_juni,kyori_tekisei,pace_yoso,kishu_minarai_code,ls_shisu_juni,3,346,58.64,3.89,54.24,False
KEIBAJO_SURFACE_06_ダ_条件戦,pace_yoso+joho_shisu+kakutoku_shokin_ruikei+agari_shisu_juni,pace_yoso,joho_shisu,kakutoku_shokin_ruikei,agari_shisu_juni,10,1319,65.83,18.8,54.17,False
KEIBAJO_SURFACE_06_ダ_条件戦,uma_deokure_ritsu+kakutoku_shokin_ruikei+omo_tekisei_code+tenkai_kigo_code,uma_deokure_ritsu,kakutoku_shokin_ruikei,omo_tekisei_code,tenkai_kigo_code,11,2785,58.93,8.06,54.17,False
KEIBAJO_SURFACE_06_ダ_条件戦,kyori_tekisei+pace_yoso+rotation+kakutoku_shokin_ruikei,kyori_tekisei,pace_yoso,rotation,kakutoku_shokin_ruikei,12,1879,61.26,12.74,54.06,False
KEIBAJO_SURFACE_06_ダ_条件戦,kyori_tekisei+pace_yoso+kishu_shisu+kakutoku_shokin_ruikei,kyori_tekisei,pace_yoso,kishu_shisu,kakutoku_shokin_ruikei,18,4696,60.34,13.64,54.04,False
KEIBAJO_SURFACE_06_ダ_条件戦,uma_start_shisu+kyori_tekisei+kyakushitsu+rotation,uma_start_shisu,kyori_tekisei,kyakushitsu,rotation,8,1213,62.72,12.56,54.02,False
KEIBAJO_SURFACE_06_ダ_条件戦,uma_deokure_ritsu+uma_start_shisu+pace_yoso+kakutoku_shokin_ruikei,uma_deokure_ritsu,uma_start_shisu,pace_yoso,kakutoku_shokin_ruikei,5,2065,63.68,11.06,53.99,False
KEIBAJO_SURFACE_06_ダ_条件戦,uma_deokure_ritsu+uma_start_shisu+kyori_tekisei+kakutoku_shokin_ruikei,uma_deokure_ritsu,uma_start_shisu,kyori_tekisei,kakutoku_shokin_ruikei,9,2740,61.34,11.28,53.97,False
KEIBAJO_SURFACE_06_ダ_条件戦,kyori_tekisei+kakutoku_shokin_ruikei+omo_tekisei_code+ichi_shisu_juni,kyori_tekisei,kakutoku_shokin_ruikei,omo_tekisei_code,ichi_shisu_juni,17,2249,60.43,14.07,53.74,False
KEIBAJO_SURFACE_06_ダ_条件戦,kyori_tekisei+kyakushitsu+kishu_shisu+tenkai_kigo_code,kyori_tekisei,kyakushitsu,kishu_shisu,tenkai_kigo_code,18,3891,60.74,15.25,53.7,False
KEIBAJO_SURFACE_06_ダ_条件戦,pace_yoso+kyakushitsu+kishu_shisu+tenkai_kigo_code,pace_yoso,kyakushitsu,kishu_shisu,tenkai_kigo_code,19,3274,62.56,19.82,53.64,False
KEIBAJO_SURFACE_06_ダ_条件戦,pace_yoso+kakutoku_shokin_ruikei+tenkai_kigo_code+ls_shisu_juni,pace_yoso,kakutoku_shokin_ruikei,tenkai_kigo_code,ls_shisu_juni,18,4540,60.35,14.55,53.62,False
KEIBAJO_SURFACE_06_ダ_条件戦,uma_start_shisu+pace_yoso+kakutoku_shokin_ruikei+tenkai_kigo_code,uma_start_shisu,pace_yoso,kakutoku_shokin_ruikei,tenkai_kigo_code,8,1666,63.92,14.94,53.57,False
KEIBAJO_SURFACE_06_ダ_条件戦,kakutoku_shokin_ruikei+tenkai_kigo_code+ls_shisu_juni+agari_shisu_juni,kakutoku_shokin_ruikei,tenkai_kigo_code,ls_shisu_juni,agari_shisu_juni,3,315,72.92,17.12,53.54,False
KEIBAJO_SURFACE_06_ダ_条件戦,kyori_tekisei+pace_yoso+kishu_minarai_code+kakutoku_shokin_ruikei,kyori_tekisei,pace_yoso,kishu_minarai_code,kakutoku_shokin_ruikei,5,926,65.9,14.14,53.51,False
KEIBAJO_SURFACE_06_ダ_条件戦,uma_start_shisu+omo_tekisei_code+tenkai_kigo_code+ls_shisu_juni,uma_start_shisu,omo_tekisei_code,tenkai_kigo_code,ls_shisu_juni,11,1847,58.69,8.87,53.45,False
KEIBAJO_SURFACE_06_ダ_条件戦,kyori_tekisei+joho_shisu+kishu_shisu+ls_shisu_juni,kyori_tekisei,joho_shisu,kishu_shisu,ls_shisu_juni,11,2089,63.66,17.29,53.44,False
KEIBAJO_SURFACE_06_ダ_条件戦,uma_deokure_ritsu+kyori_tekisei+kakutoku_shokin_ruikei+ls_shisu_juni,uma_deokure_ritsu,kyori_tekisei,kakutoku_shokin_ruikei,ls_shisu_juni,10,2431,60.06,10.79,53.38,False
KEIBAJO_SURFACE_06_ダ_条件戦,uma_start_shisu+kyakushitsu+kakutoku_shokin_ruikei+ls_shisu_juni,uma_start_shisu,kyakushitsu,kakutoku_shokin_ruikei,ls_shisu_juni,6,992,62.67,11.64,53.36,False
KEIBAJO_SURFACE_06_ダ_条件戦,uma_start_shisu+hizume_code+pace_yoso+ls_shisu_juni,uma_start_shisu,hizume_code,pace_yoso,ls_shisu_juni,3,348,62.93,8.53,53.28,False
KEIBAJO_SURFACE_06_ダ_条件戦,pace_yoso+kyakushitsu+joho_shisu+ls_shisu_juni,pace_yoso,kyakushitsu,joho_shisu,ls_shisu_juni,13,2158,61.22,14.64,53.26,False
KEIBAJO_SURFACE_06_ダ_条件戦,uma_deokure_ritsu+uma_start_shisu+rotation+kakutoku_shokin_ruikei,uma_deokure_ritsu,uma_start_shisu,rotation,kakutoku_shokin_ruikei,8,1050,58.09,7.14,53.15,False
KEIBAJO_SURFACE_06_ダ_条件戦,kyori_tekisei+joho_shisu+ichi_shisu_juni+agari_shisu_juni,kyori_tekisei,joho_shisu,ichi_shisu_juni,agari_shisu_juni,4,486,61.38,8.4,53.15,False
KEIBAJO_SURFACE_06_ダ_条件戦,kyori_tekisei+pace_yoso+kakutoku_shokin_ruikei+ichi_shisu_juni,kyori_tekisei,pace_yoso,kakutoku_shokin_ruikei,ichi_shisu_juni,21,5242,59.41,14.7,53.12,False
KEIBAJO_SURFACE_06_ダ_条件戦,uma_start_shisu+kyakushitsu+kakutoku_shokin_ruikei+omo_tekisei_code,uma_start_shisu,kyakushitsu,kakutoku_shokin_ruikei,omo_tekisei_code,10,2187,59.7,10.73,53.05,False
KEIBAJO_SURFACE_06_ダ_条件戦,kyori_tekisei+pace_yoso+joho_shisu+kishu_shisu,kyori_tekisei,pace_yoso,joho_shisu,kishu_shisu,13,3127,64.02,20.2,53.04,False
KEIBAJO_SURFACE_06_ダ_条件戦,kyori_tekisei+kishu_shisu+kakutoku_shokin_ruikei+ls_shisu_juni,kyori_tekisei,kishu_shisu,kakutoku_shokin_ruikei,ls_shisu_juni,15,3129,60.84,15.61,52.94,False
KEIBAJO_SURFACE_06_ダ_条件戦,kyori_tekisei+kakutoku_shokin_ruikei+tenkai_kigo_code+ichi_shisu_juni,kyori_tekisei,kakutoku_shokin_ruikei,tenkai_kigo_code,ichi_shisu_juni,19,5002,58.98,13.5,52.91,False
KEIBAJO_SURFACE_06_ダ_条件戦,kyori_tekisei+kakutoku_shokin_ruikei+ls_shisu_juni+agari_shisu_juni,kyori_tekisei,kakutoku_shokin_ruikei,ls_shisu_juni,agari_shisu_juni,21,2622,60.21,17.18,52.86,False
KEIBAJO_SURFACE_06_ダ_条件戦,kyakushitsu+joho_shisu+omo_tekisei_code+ls_shisu_juni,kyakushitsu,joho_shisu,omo_tekisei_code,ls_shisu_juni,11,1602,62.8,17.04,52.73,False
KEIBAJO_SURFACE_06_ダ_条件戦,manken_shirushi+kyori_tekisei+joho_shisu+kakutoku_shokin_ruikei,manken_shirushi,kyori_tekisei,joho_shisu,kakutoku_shokin_ruikei,7,1015,63.12,14.04,52.72,False
KEIBAJO_SURFACE_06_ダ_条件戦,kyori_tekisei+kishu_minarai_code+kakutoku_shokin_ruikei+omo_tekisei_code,kyori_tekisei,kishu_minarai_code,kakutoku_shokin_ruikei,omo_tekisei_code,3,434,53.18,0.41,52.72,False
KEIBAJO_SURFACE_06_ダ_条件戦,uma_deokure_ritsu+rotation+kakutoku_shokin_ruikei+omo_tekisei_code,uma_deokure_ritsu,rotation,kakutoku_shokin_ruikei,omo_tekisei_code,7,872,60.44,10.56,52.62,False
KEIBAJO_SURFACE_06_ダ_条件戦,uma_start_shisu+kyori_tekisei+tenkai_kigo_code+ls_shisu_juni,uma_start_shisu,kyori_tekisei,tenkai_kigo_code,ls_shisu_juni,9,1942,63.11,16.1,52.6,False
KEIBAJO_SURFACE_06_ダ_条件戦,kyori_tekisei+joho_shisu+kishu_shisu+kakutoku_shokin_ruikei,kyori_tekisei,joho_shisu,kishu_shisu,kakutoku_shokin_ruikei,7,2666,61.58,12.15,52.58,False
KEIBAJO_SURFACE_06_ダ_条件戦,kyori_tekisei+pace_yoso+kishu_shisu+tenkai_kigo_code,kyori_tekisei,pace_yoso,kishu_shisu,tenkai_kigo_code,24,4696,59.49,17.3,52.57,False
KEIBAJO_SURFACE_06_ダ_条件戦,pace_yoso+kakutoku_shokin_ruikei+omo_tekisei_code+ls_shisu_juni,pace_yoso,kakutoku_shokin_ruikei,omo_tekisei_code,ls_shisu_juni,14,2853,59.79,13.92,52.5,False
KEIBAJO_SURFACE_06_ダ_条件戦,kyori_tekisei+hizume_code+kyakushitsu+kakutoku_shokin_ruikei,kyori_tekisei,hizume_code,kyakushitsu,kakutoku_shokin_ruikei,11,1914,60.45,13.49,52.48,False
KEIBAJO_SURFACE_06_ダ_条件戦,joho_shisu+kakutoku_shokin_ruikei+tenkai_kigo_code+ls_shisu_juni,joho_shisu,kakutoku_shokin_ruikei,tenkai_kigo_code,ls_shisu_juni,11,2499,63.21,18.17,52.47,False
KEIBAJO_SURFACE_06_ダ_条件戦,uma_deokure_ritsu+kyori_tekisei+pace_yoso+kishu_minarai_code,uma_deokure_ritsu,kyori_tekisei,pace_yoso,kishu_minarai_code,3,368,61.2,7.74,52.43,False
KEIBAJO_SURFACE_06_ダ_条件戦,kyori_tekisei+kishu_shisu+omo_tekisei_code+ls_shisu_juni,kyori_tekisei,kishu_shisu,omo_tekisei_code,ls_shisu_juni,9,1588,60.81,12.86,52.41,False
KEIBAJO_SURFACE_06_ダ_条件戦,pace_yoso+joho_shisu+kishu_shisu+tenkai_kigo_code,pace_yoso,joho_shisu,kishu_shisu,tenkai_kigo_code,11,2112,63.31,18.46,52.4,False
KEIBAJO_SURFACE_06_ダ_条件戦,uma_deokure_ritsu+hizume_code+pace_yoso+ls_shisu_juni,uma_deokure_ritsu,hizume_code,pace_yoso,ls_shisu_juni,7,1002,58.88,8.81,52.35,False
KEIBAJO_SURFACE_06_ダ_条件戦,uma_start_shisu+kyakushitsu+kakutoku_shokin_ruikei+tenkai_kigo_code,uma_start_shisu,kyakushitsu,kakutoku_shokin_ruikei,tenkai_kigo_code,9,1880,60.54,12.58,52.33,False
KEIBAJO_SURFACE_06_ダ_条件戦,hizume_code+kyakushitsu+tenkai_kigo_code+ls_shisu_juni,hizume_code,kyakushitsu,tenkai_kigo_code,ls_shisu_juni,7,948,64.46,16.39,52.32,False
KEIBAJO_SURFACE_06_ダ_条件戦,kyakushitsu+kishu_minarai_code+kakutoku_shokin_ruikei+tenkai_kigo_code,kyakushitsu,kishu_minarai_code,kakutoku_shokin_ruikei,tenkai_kigo_code,3,398,66.9,12.89,52.3,False
KEIBAJO_SURFACE_06_ダ_条件戦,uma_deokure_ritsu+uma_start_shisu+kakutoku_shokin_ruikei+tenkai_kigo_code,uma_deokure_ritsu,uma_start_shisu,kakutoku_shokin_ruikei,tenkai_kigo_code,7,2020,57.95,7.64,52.29,False
KEIBAJO_SURFACE_06_ダ_条件戦,uma_deokure_ritsu+uma_start_shisu+rotation+ls_shisu_juni,uma_deokure_ritsu,uma_start_shisu,rotation,ls_shisu_juni,4,587,66.92,14.94,52.27,False
KEIBAJO_SURFACE_06_ダ_条件戦,uma_start_shisu+pace_yoso+tenkai_kigo_code+ls_shisu_juni,uma_start_shisu,pace_yoso,tenkai_kigo_code,ls_shisu_juni,8,1472,56.88,6.75,52.21,False
KEIBAJO_SURFACE_06_ダ_条件戦,kyori_tekisei+joho_shisu+tenkai_kigo_code+ls_shisu_juni,kyori_tekisei,joho_shisu,tenkai_kigo_code,ls_shisu_juni,12,2967,60.68,15.11,52.12,False
KEIBAJO_SURFACE_06_ダ_条件戦,hizume_code+kakutoku_shokin_ruikei+omo_tekisei_code+tenkai_kigo_code,hizume_code,kakutoku_shokin_ruikei,omo_tekisei_code,tenkai_kigo_code,10,1853,60.98,14.33,52.1,False
KEIBAJO_SURFACE_06_ダ_条件戦,kyori_tekisei+hizume_code+kakutoku_shokin_ruikei+tenkai_kigo_code,kyori_tekisei,hizume_code,kakutoku_shokin_ruikei,tenkai_kigo_code,8,1828,58.31,8.98,52.08,False
KEIBAJO_SURFACE_06_ダ_条件戦,kyori_tekisei+pace_yoso+kishu_shisu+omo_tekisei_code,kyori_tekisei,pace_yoso,kishu_shisu,omo_tekisei_code,17,3160,57.53,11.52,52.05,False
KEIBAJO_SURFACE_06_ダ_条件戦,uma_deokure_ritsu+kyori_tekisei+ichi_shisu_juni+ls_shisu_juni,uma_deokure_ritsu,kyori_tekisei,ichi_shisu_juni,ls_shisu_juni,5,561,67.33,17.44,52.05,False
KEIBAJO_SURFACE_06_ダ_条件戦,hizume_code+pace_yoso+tenkai_kigo_code+ls_shisu_juni,hizume_code,pace_yoso,tenkai_kigo_code,ls_shisu_juni,9,1338,59.88,12.3,51.84,False
KEIBAJO_SURFACE_06_ダ_条件戦,uma_deokure_ritsu+uma_start_shisu+kyori_tekisei+ichi_shisu_juni,uma_deokure_ritsu,uma_start_shisu,kyori_tekisei,ichi_shisu_juni,10,2026,61.25,15.33,51.75,False
KEIBAJO_SURFACE_06_ダ_条件戦,pace_yoso+joho_shisu+omo_tekisei_code+tenkai_kigo_code,pace_yoso,joho_shisu,omo_tekisei_code,tenkai_kigo_code,10,2381,59.67,12.95,51.64,False
KEIBAJO_SURFACE_06_ダ_条件戦,uma_deokure_ritsu+kyori_tekisei+rotation+kakutoku_shokin_ruikei,uma_deokure_ritsu,kyori_tekisei,rotation,kakutoku_shokin_ruikei,10,1510,59.01,12.02,51.57,False
KEIBAJO_SURFACE_06_ダ_条件戦,kyori_tekisei+joho_shisu+rotation+omo_tekisei_code,kyori_tekisei,joho_shisu,rotation,omo_tekisei_code,7,1042,57.47,7.97,51.57,False
KEIBAJO_SURFACE_06_ダ_条件戦,pace_yoso+joho_shisu+rotation+tenkai_kigo_code,pace_yoso,joho_shisu,rotation,tenkai_kigo_code,4,620,58.93,7.61,51.47,False
KEIBAJO_SURFACE_06_ダ_条件戦,uma_start_shisu+kyori_tekisei+rotation+kakutoku_shokin_ruikei,uma_start_shisu,kyori_tekisei,rotation,kakutoku_shokin_ruikei,6,814,61.17,12.14,51.46,False
KEIBAJO_SURFACE_06_ダ_条件戦,pace_yoso+kishu_shisu+omo_tekisei_code+tenkai_kigo_code,pace_yoso,kishu_shisu,omo_tekisei_code,tenkai_kigo_code,11,2017,59.32,13.34,51.44,False
KEIBAJO_SURFACE_06_ダ_条件戦,uma_start_shisu+hizume_code+kyakushitsu+tenkai_kigo_code,uma_start_shisu,hizume_code,kyakushitsu,tenkai_kigo_code,5,915,67.35,18.17,51.42,False
KEIBAJO_SURFACE_06_ダ_条件戦,kyori_tekisei+joho_shisu+kakutoku_shokin_ruikei+ls_shisu_juni,kyori_tekisei,joho_shisu,kakutoku_shokin_ruikei,ls_shisu_juni,8,2953,59.53,11.72,51.41,False
KEIBAJO_SURFACE_06_ダ_条件戦,kyori_tekisei+kakutoku_shokin_ruikei+omo_tekisei_code+agari_shisu_juni,kyori_tekisei,kakutoku_shokin_ruikei,omo_tekisei_code,agari_shisu_juni,17,2129,60.09,18.58,51.25,False
KEIBAJO_SURFACE_06_ダ_条件戦,joho_shisu+rotation+omo_tekisei_code+tenkai_kigo_code,joho_shisu,rotation,omo_tekisei_code,tenkai_kigo_code,5,764,58.7,8.52,51.24,False
KEIBAJO_SURFACE_06_ダ_条件戦,uma_start_shisu+kyori_tekisei+kakutoku_shokin_ruikei+tenkai_kigo_code,uma_start_shisu,kyori_tekisei,kakutoku_shokin_ruikei,tenkai_kigo_code,9,2278,58.92,11.86,51.17,False
KEIBAJO_SURFACE_06_ダ_条件戦,uma_start_shisu+kyori_tekisei+kyakushitsu+kakutoku_shokin_ruikei,uma_start_shisu,kyori_tekisei,kyakushitsu,kakutoku_shokin_ruikei,7,2142,62.4,15.2,51.14,False
KEIBAJO_SURFACE_06_ダ_条件戦,kyori_tekisei+kishu_shisu+kakutoku_shokin_ruikei+tenkai_kigo_code,kyori_tekisei,kishu_shisu,kakutoku_shokin_ruikei,tenkai_kigo_code,15,3906,58.3,14.19,51.12,False
KEIBAJO_SURFACE_06_ダ_条件戦,uma_deokure_ritsu+uma_start_shisu+kakutoku_shokin_ruikei+ichi_shisu_juni,uma_deokure_ritsu,uma_start_shisu,kakutoku_shokin_ruikei,ichi_shisu_juni,8,994,60.95,14.22,51.1,False
KEIBAJO_SURFACE_06_ダ_条件戦,joho_shisu+kakutoku_shokin_ruikei+ichi_shisu_juni+agari_shisu_juni,joho_shisu,kakutoku_shokin_ruikei,ichi_shisu_juni,agari_shisu_juni,3,375,58.44,6.49,51.09,False
KEIBAJO_SURFACE_06_ダ_条件戦,uma_deokure_ritsu+uma_start_shisu+kakutoku_shokin_ruikei+ls_shisu_juni,uma_deokure_ritsu,uma_start_shisu,kakutoku_shokin_ruikei,ls_shisu_juni,7,1699,60.06,12.15,51.06,False
KEIBAJO_SURFACE_06_ダ_条件戦,uma_deokure_ritsu+joho_shisu+kakutoku_shokin_ruikei+ls_shisu_juni,uma_deokure_ritsu,joho_shisu,kakutoku_shokin_ruikei,ls_shisu_juni,5,990,55.86,5.49,51.05,False
KEIBAJO_SURFACE_06_ダ_条件戦,kyori_tekisei+joho_shisu+tenkai_kigo_code+agari_shisu_juni,kyori_tekisei,joho_shisu,tenkai_kigo_code,agari_shisu_juni,20,2555,61.05,22.83,51.04,False
KEIBAJO_SURFACE_06_ダ_条件戦,kyori_tekisei+joho_shisu+omo_tekisei_code+tenkai_kigo_code,kyori_tekisei,joho_shisu,omo_tekisei_code,tenkai_kigo_code,7,2345,66.19,20.57,50.95,False
KEIBAJO_SURFACE_06_ダ_条件戦,uma_deokure_ritsu+kyori_tekisei+kishu_minarai_code+omo_tekisei_code,uma_deokure_ritsu,kyori_tekisei,kishu_minarai_code,omo_tekisei_code,3,394,58.61,6.79,50.92,False
KEIBAJO_SURFACE_06_ダ_条件戦,kyori_tekisei+kishu_shisu+omo_tekisei_code+tenkai_kigo_code,kyori_tekisei,kishu_shisu,omo_tekisei_code,tenkai_kigo_code,15,2965,58.44,14.89,50.91,False
KEIBAJO_SURFACE_06_ダ_条件戦,uma_deokure_ritsu+uma_start_shisu+kyori_tekisei+manken_shisu,uma_deokure_ritsu,uma_start_shisu,kyori_tekisei,manken_shisu,5,523,64.88,15.93,50.91,False
KEIBAJO_SURFACE_06_ダ_条件戦,kyori_tekisei+pace_yoso+ls_shisu_juni+agari_shisu_juni,kyori_tekisei,pace_yoso,ls_shisu_juni,agari_shisu_juni,11,1276,59.66,14.83,50.9,False
KEIBAJO_SURFACE_06_ダ_条件戦,uma_deokure_ritsu+kyori_tekisei+kishu_shisu+omo_tekisei_code,uma_deokure_ritsu,kyori_tekisei,kishu_shisu,omo_tekisei_code,13,2131,56.28,10.12,50.78,False
KEIBAJO_SURFACE_06_ダ_条件戦,pace_yoso+joho_shisu+kakutoku_shokin_ruikei+tenkai_kigo_code,pace_yoso,joho_shisu,kakutoku_shokin_ruikei,tenkai_kigo_code,8,2958,63.47,18.31,50.78,False
KEIBAJO_SURFACE_06_ダ_条件戦,kyori_tekisei+kyakushitsu+kishu_shisu+omo_tekisei_code,kyori_tekisei,kyakushitsu,kishu_shisu,omo_tekisei_code,14,2266,57.97,13.83,50.73,False
KEIBAJO_SURFACE_06_ダ_条件戦,kishu_shisu+omo_tekisei_code+tenkai_kigo_code+ls_shisu_juni,kishu_shisu,omo_tekisei_code,tenkai_kigo_code,ls_shisu_juni,8,1218,59.37,12.71,50.56,False
KEIBAJO_SURFACE_06_ダ_条件戦,uma_start_shisu+kyakushitsu+tenkai_kigo_code+ls_shisu_juni,uma_start_shisu,kyakushitsu,tenkai_kigo_code,ls_shisu_juni,9,1558,59.73,14.05,50.55,False
KEIBAJO_SURFACE_06_ダ_条件戦,kyori_tekisei+kishu_minarai_code+kakutoku_shokin_ruikei+tenkai_kigo_code,kyori_tekisei,kishu_minarai_code,kakutoku_shokin_ruikei,tenkai_kigo_code,5,808,59.97,10.77,50.53,False
KEIBAJO_SURFACE_06_ダ_条件戦,uma_deokure_ritsu+uma_start_shisu+hizume_code+kakutoku_shokin_ruikei,uma_deokure_ritsu,uma_start_shisu,hizume_code,kakutoku_shokin_ruikei,7,1282,60.17,13.11,50.45,False
KEIBAJO_SURFACE_06_ダ_条件戦,uma_start_shisu+kyori_tekisei+hizume_code+kyakushitsu,uma_start_shisu,kyori_tekisei,hizume_code,kyakushitsu,8,1365,61.27,15.73,50.37,False
KEIBAJO_SURFACE_06_ダ_条件戦,uma_start_shisu+kyori_tekisei+hizume_code+tenkai_kigo_code,uma_start_shisu,kyori_tekisei,hizume_code,tenkai_kigo_code,9,1546,59.07,13.32,50.36,False
KEIBAJO_SURFACE_06_ダ_条件戦,uma_deokure_ritsu+kyori_tekisei+kakutoku_shokin_ruikei+ichi_shisu_juni,uma_deokure_ritsu,kyori_tekisei,kakutoku_shokin_ruikei,ichi_shisu_juni,10,1448,57.19,11.06,50.34,False
KEIBAJO_SURFACE_06_ダ_条件戦,kyori_tekisei+pace_yoso+joho_shisu+rotation,kyori_tekisei,pace_yoso,joho_shisu,rotation,6,888,58.22,9.89,50.31,False
KEIBAJO_SURFACE_06_ダ_条件戦,kyori_tekisei+pace_yoso+kishu_minarai_code+tenkai_kigo_code,kyori_tekisei,pace_yoso,kishu_minarai_code,tenkai_kigo_code,6,873,61.24,13.73,50.25,False
KEIBAJO_SURFACE_06_ダ_条件戦,pace_yoso+joho_shisu+kakutoku_shokin_ruikei+omo_tekisei_code,pace_yoso,joho_shisu,kakutoku_shokin_ruikei,omo_tekisei_code,8,2022,59.94,14.02,50.22,False
KEIBAJO_SURFACE_06_ダ_条件戦,kyori_tekisei+kyakushitsu+rotation+kakutoku_shokin_ruikei,kyori_tekisei,kyakushitsu,rotation,kakutoku_shokin_ruikei,8,1152,59.24,13.1,50.16,False
KEIBAJO_SURFACE_06_ダ_条件戦,kyori_tekisei+pace_yoso+joho_shisu+ls_shisu_juni,kyori_tekisei,pace_yoso,joho_shisu,ls_shisu_juni,11,3175,59.8,16.63,49.97,False
KEIBAJO_SURFACE_06_ダ_条件戦,uma_deokure_ritsu+uma_start_shisu+kishu_shisu+kakutoku_shokin_ruikei,uma_deokure_ritsu,uma_start_shisu,kishu_shisu,kakutoku_shokin_ruikei,6,1080,63.04,16.37,49.94,False
KEIBAJO_SURFACE_06_ダ_条件戦,uma_start_shisu+kakutoku_shokin_ruikei+omo_tekisei_code+tenkai_kigo_code,uma_start_shisu,kakutoku_shokin_ruikei,omo_tekisei_code,tenkai_kigo_code,9,2040,60.93,16.85,49.92,False
KEIBAJO_SURFACE_06_ダ_条件戦,kyakushitsu+joho_shisu+kishu_shisu+kakutoku_shokin_ruikei,kyakushitsu,joho_shisu,kishu_shisu,kakutoku_shokin_ruikei,10,1737,62.71,20.76,49.84,False
KEIBAJO_SURFACE_06_ダ_条件戦,uma_start_shisu+kyori_tekisei+hizume_code+kakutoku_shokin_ruikei,uma_start_shisu,kyori_tekisei,hizume_code,kakutoku_shokin_ruikei,7,1224,58.56,11.88,49.76,False
KEIBAJO_SURFACE_06_ダ_条件戦,pace_yoso+kishu_shisu+kakutoku_shokin_ruikei+tenkai_kigo_code,pace_yoso,kishu_shisu,kakutoku_shokin_ruikei,tenkai_kigo_code,16,3179,59.24,19.41,49.73,False
KEIBAJO_SURFACE_06_ダ_条件戦,joho_shisu+kakutoku_shokin_ruikei+tenkai_kigo_code+agari_shisu_juni,joho_shisu,kakutoku_shokin_ruikei,tenkai_kigo_code,agari_shisu_juni,9,1180,58.93,14.23,49.63,False
KEIBAJO_SURFACE_06_ダ_条件戦,uma_start_shisu+kakutoku_shokin_ruikei+omo_tekisei_code+ls_shisu_juni,uma_start_shisu,kakutoku_shokin_ruikei,omo_tekisei_code,ls_shisu_juni,8,1435,56.64,10.26,49.53,False
KEIBAJO_SURFACE_06_ダ_条件戦,pace_yoso+joho_shisu+tenkai_kigo_code+agari_shisu_juni,pace_yoso,joho_shisu,tenkai_kigo_code,agari_shisu_juni,4,498,55.58,6.27,49.43,False
KEIBAJO_SURFACE_06_ダ_条件戦,pace_yoso+kyakushitsu+joho_shisu+omo_tekisei_code,pace_yoso,kyakushitsu,joho_shisu,omo_tekisei_code,11,2276,56.96,12.79,49.41,False
KEIBAJO_SURFACE_06_ダ_条件戦,pace_yoso+joho_shisu+kishu_shisu+kakutoku_shokin_ruikei,pace_yoso,joho_shisu,kishu_shisu,kakutoku_shokin_ruikei,12,2595,62.6,23.5,49.3,False
KEIBAJO_SURFACE_06_ダ_条件戦,kyakushitsu+kishu_shisu+kakutoku_shokin_ruikei+tenkai_kigo_code,kyakushitsu,kishu_shisu,kakutoku_shokin_ruikei,tenkai_kigo_code,14,2891,57.53,15.92,49.19,False
KEIBAJO_SURFACE_06_ダ_条件戦,uma_deokure_ritsu+uma_start_shisu+hizume_code+ls_shisu_juni,uma_deokure_ritsu,uma_start_shisu,hizume_code,ls_shisu_juni,5,789,56.18,8.01,49.16,False
KEIBAJO_SURFACE_06_ダ_条件戦,kyori_tekisei+kyakushitsu+joho_shisu+agari_shisu_juni,kyori_tekisei,kyakushitsu,joho_shisu,agari_shisu_juni,4,519,55.63,6.6,49.16,False
KEIBAJO_SURFACE_06_ダ_条件戦,kyakushitsu+joho_shisu+tenkai_kigo_code+agari_shisu_juni,kyakushitsu,joho_shisu,tenkai_kigo_code,agari_shisu_juni,4,519,55.63,6.6,49.16,False
KEIBAJO_SURFACE_06_ダ_条件戦,kyakushitsu+joho_shisu+kakutoku_shokin_ruikei+agari_shisu_juni,kyakushitsu,joho_shisu,kakutoku_shokin_ruikei,agari_shisu_juni,4,519,55.63,6.6,49.16,False
KEIBAJO_SURFACE_06_ダ_条件戦,kyori_tekisei+pace_yoso+joho_shisu+omo_tekisei_code,kyori_tekisei,pace_yoso,joho_shisu,omo_tekisei_code,8,2581,52.85,5.37,49.12,False
KEIBAJO_SURFACE_06_ダ_条件戦,pace_yoso+kishu_minarai_code+omo_tekisei_code+tenkai_kigo_code,pace_yoso,kishu_minarai_code,omo_tekisei_code,tenkai_kigo_code,4,483,53.57,4.58,49.08,False
KEIBAJO_SURFACE_06_ダ_条件戦,kyori_tekisei+joho_shisu+kishu_minarai_code+kakutoku_shokin_ruikei,kyori_tekisei,joho_shisu,kishu_minarai_code,kakutoku_shokin_ruikei,4,604,56.3,7.37,49.08,False
KEIBAJO_SURFACE_06_ダ_条件戦,uma_deokure_ritsu+pace_yoso+kakutoku_shokin_ruikei+ls_shisu_juni,uma_deokure_ritsu,pace_yoso,kakutoku_shokin_ruikei,ls_shisu_juni,9,1805,56.45,11.34,49.05,False
KEIBAJO_SURFACE_06_ダ_条件戦,kyori_tekisei+kyakushitsu+joho_shisu+tenkai_kigo_code,kyori_tekisei,kyakushitsu,joho_shisu,tenkai_kigo_code,11,3689,62.75,23.3,48.98,False
KEIBAJO_SURFACE_06_ダ_条件戦,pace_yoso+joho_shisu+rotation+kakutoku_shokin_ruikei,pace_yoso,joho_shisu,rotation,kakutoku_shokin_ruikei,3,351,59.09,8.94,48.98,False
KEIBAJO_SURFACE_06_ダ_条件戦,hizume_code+kyakushitsu+kakutoku_shokin_ruikei+omo_tekisei_code,hizume_code,kyakushitsu,kakutoku_shokin_ruikei,omo_tekisei_code,10,1492,58.47,15.52,48.85,False
KEIBAJO_SURFACE_06_ダ_条件戦,uma_deokure_ritsu+uma_start_shisu+kishu_shisu+omo_tekisei_code,uma_deokure_ritsu,uma_start_shisu,kishu_shisu,omo_tekisei_code,9,1342,55.23,9.81,48.82,False
KEIBAJO_SURFACE_06_ダ_条件戦,kakutoku_shokin_ruikei+omo_tekisei_code+tenkai_kigo_code+ls_shisu_juni,kakutoku_shokin_ruikei,omo_tekisei_code,tenkai_kigo_code,ls_shisu_juni,10,2270,54.98,9.99,48.79,False
KEIBAJO_SURFACE_06_ダ_条件戦,uma_deokure_ritsu+hizume_code+kakutoku_shokin_ruikei+ls_shisu_juni,uma_deokure_ritsu,hizume_code,kakutoku_shokin_ruikei,ls_shisu_juni,3,457,56.59,6.94,48.74,False
KEIBAJO_SURFACE_06_ダ_条件戦,pace_yoso+joho_shisu+kishu_shisu+ls_shisu_juni,pace_yoso,joho_shisu,kishu_shisu,ls_shisu_juni,9,1416,57.5,13.43,48.73,False
KEIBAJO_SURFACE_06_ダ_条件戦,hizume_code+pace_yoso+kyakushitsu+ls_shisu_juni,hizume_code,pace_yoso,kyakushitsu,ls_shisu_juni,4,511,62.51,14.1,48.69,False
KEIBAJO_SURFACE_06_ダ_条件戦,kyakushitsu+kishu_minarai_code+omo_tekisei_code+tenkai_kigo_code,kyakushitsu,kishu_minarai_code,omo_tekisei_code,tenkai_kigo_code,3,322,52.57,3.44,48.68,False
KEIBAJO_SURFACE_06_ダ_条件戦,kyori_tekisei+hizume_code+pace_yoso+joho_shisu,kyori_tekisei,hizume_code,pace_yoso,joho_shisu,6,1129,55.29,8.3,48.65,False
KEIBAJO_SURFACE_06_ダ_条件戦,pace_yoso+kishu_shisu+kakutoku_shokin_ruikei+omo_tekisei_code,pace_yoso,kishu_shisu,kakutoku_shokin_ruikei,omo_tekisei_code,9,1606,58.35,14.88,48.63,False
KEIBAJO_SURFACE_06_ダ_条件戦,kyori_tekisei+hizume_code+kakutoku_shokin_ruikei+ls_shisu_juni,kyori_tekisei,hizume_code,kakutoku_shokin_ruikei,ls_shisu_juni,7,1175,58.74,13.65,48.62,False
KEIBAJO_SURFACE_06_ダ_条件戦,kyori_tekisei+joho_shisu+kakutoku_shokin_ruikei+agari_shisu_juni,kyori_tekisei,joho_shisu,kakutoku_shokin_ruikei,agari_shisu_juni,11,2117,57.16,14.51,48.59,False
KEIBAJO_SURFACE_06_ダ_条件戦,pace_yoso+joho_shisu+omo_tekisei_code+ls_shisu_juni,pace_yoso,joho_shisu,omo_tekisei_code,ls_shisu_juni,11,1983,57.73,15.48,48.58,False
KEIBAJO_SURFACE_06_ダ_条件戦,kyakushitsu+joho_shisu+kakutoku_shokin_ruikei+tenkai_kigo_code,kyakushitsu,joho_shisu,kakutoku_shokin_ruikei,tenkai_kigo_code,10,3056,64.21,25.27,48.55,False
KEIBAJO_SURFACE_06_ダ_条件戦,kyakushitsu+joho_shisu+kishu_shisu+tenkai_kigo_code,kyakushitsu,joho_shisu,kishu_shisu,tenkai_kigo_code,11,1927,60.26,19.82,48.54,False
KEIBAJO_SURFACE_06_ダ_条件戦,kyori_tekisei+kyakushitsu+kishu_minarai_code+kakutoku_shokin_ruikei,kyori_tekisei,kyakushitsu,kishu_minarai_code,kakutoku_shokin_ruikei,5,664,64.17,17.93,48.46,False
KEIBAJO_SURFACE_06_ダ_条件戦,uma_deokure_ritsu+kyori_tekisei+kakutoku_shokin_ruikei+agari_shisu_juni,uma_deokure_ritsu,kyori_tekisei,kakutoku_shokin_ruikei,agari_shisu_juni,11,1440,57.75,15.86,48.37,False
KEIBAJO_SURFACE_06_ダ_条件戦,uma_start_shisu+rotation+kakutoku_shokin_ruikei+tenkai_kigo_code,uma_start_shisu,rotation,kakutoku_shokin_ruikei,tenkai_kigo_code,3,357,60.61,10.83,48.35,False
KEIBAJO_SURFACE_06_ダ_条件戦,kyakushitsu+joho_shisu+kakutoku_shokin_ruikei+omo_tekisei_code,kyakushitsu,joho_shisu,kakutoku_shokin_ruikei,omo_tekisei_code,8,1800,56.36,11.65,48.29,False
KEIBAJO_SURFACE_06_ダ_条件戦,uma_deokure_ritsu+joho_shisu+kakutoku_shokin_ruikei+omo_tekisei_code,uma_deokure_ritsu,joho_shisu,kakutoku_shokin_ruikei,omo_tekisei_code,6,1532,60.19,14.9,48.26,False
KEIBAJO_SURFACE_06_ダ_条件戦,joho_shisu+kakutoku_shokin_ruikei+omo_tekisei_code+tenkai_kigo_code,joho_shisu,kakutoku_shokin_ruikei,omo_tekisei_code,tenkai_kigo_code,6,1730,63.85,19.54,48.22,False
KEIBAJO_SURFACE_06_ダ_条件戦,hizume_code+pace_yoso+kakutoku_shokin_ruikei+tenkai_kigo_code,hizume_code,pace_yoso,kakutoku_shokin_ruikei,tenkai_kigo_code,7,1233,57.42,12.52,48.14,False
KEIBAJO_SURFACE_06_ダ_条件戦,uma_deokure_ritsu+pace_yoso+kakutoku_shokin_ruikei+ichi_shisu_juni,uma_deokure_ritsu,pace_yoso,kakutoku_shokin_ruikei,ichi_shisu_juni,4,406,58.27,10.37,48.11,False
KEIBAJO_SURFACE_06_ダ_条件戦,pace_yoso+joho_shisu+ichi_shisu_juni+agari_shisu_juni,pace_yoso,joho_shisu,ichi_shisu_juni,agari_shisu_juni,3,365,57.45,8.36,47.99,False
KEIBAJO_SURFACE_06_ダ_条件戦,uma_deokure_ritsu+kyakushitsu+kakutoku_shokin_ruikei+ls_shisu_juni,uma_deokure_ritsu,kyakushitsu,kakutoku_shokin_ruikei,ls_shisu_juni,8,1489,55.86,11.58,47.84,False
KEIBAJO_SURFACE_06_ダ_条件戦,uma_deokure_ritsu+kakutoku_shokin_ruikei+tenkai_kigo_code+ls_shisu_juni,uma_deokure_ritsu,kakutoku_shokin_ruikei,tenkai_kigo_code,ls_shisu_juni,7,1477,53.82,8.08,47.83,False
KEIBAJO_SURFACE_06_ダ_条件戦,joho_shisu+kishu_shisu+kakutoku_shokin_ruikei+ls_shisu_juni,joho_shisu,kishu_shisu,kakutoku_shokin_ruikei,ls_shisu_juni,10,1737,62.1,23.04,47.81,False
KEIBAJO_SURFACE_06_ダ_条件戦,kyori_tekisei+pace_yoso+joho_shisu+kakutoku_shokin_ruikei,kyori_tekisei,pace_yoso,joho_shisu,kakutoku_shokin_ruikei,5,3202,57.34,10.92,47.77,False
KEIBAJO_SURFACE_06_ダ_条件戦,kyori_tekisei+kyakushitsu+joho_shisu+kishu_shisu,kyori_tekisei,kyakushitsu,joho_shisu,kishu_shisu,12,2189,60.19,22.0,47.74,False
KEIBAJO_SURFACE_06_ダ_条件戦,uma_deokure_ritsu+uma_start_shisu+kakutoku_shokin_ruikei+agari_shisu_juni,uma_deokure_ritsu,uma_start_shisu,kakutoku_shokin_ruikei,agari_shisu_juni,7,788,61.86,19.09,47.71,False
KEIBAJO_SURFACE_06_ダ_条件戦,uma_deokure_ritsu+kyori_tekisei+hizume_code+kakutoku_shokin_ruikei,uma_deokure_ritsu,kyori_tekisei,hizume_code,kakutoku_shokin_ruikei,8,1721,54.54,9.88,47.69,False
KEIBAJO_SURFACE_06_ダ_条件戦,joho_shisu+kishu_shisu+tenkai_kigo_code+ls_shisu_juni,joho_shisu,kishu_shisu,tenkai_kigo_code,ls_shisu_juni,7,1087,57.06,12.69,47.66,False
KEIBAJO_SURFACE_06_ダ_条件戦,pace_yoso+joho_shisu+tenkai_kigo_code+ls_shisu_juni,pace_yoso,joho_shisu,tenkai_kigo_code,ls_shisu_juni,11,2393,57.22,16.27,47.61,False
KEIBAJO_SURFACE_06_ダ_条件戦,pace_yoso+joho_shisu+kakutoku_shokin_ruikei+ls_shisu_juni,pace_yoso,joho_shisu,kakutoku_shokin_ruikei,ls_shisu_juni,11,2709,58.65,18.79,47.54,False
KEIBAJO_SURFACE_06_ダ_条件戦,kyori_tekisei+hizume_code+rotation+kakutoku_shokin_ruikei,kyori_tekisei,hizume_code,rotation,kakutoku_shokin_ruikei,3,325,69.78,19.68,47.51,False
KEIBAJO_SURFACE_06_ダ_条件戦,joho_shisu+kishu_shisu+kakutoku_shokin_ruikei+tenkai_kigo_code,joho_shisu,kishu_shisu,kakutoku_shokin_ruikei,tenkai_kigo_code,12,2404,62.33,26.18,47.51,False
KEIBAJO_SURFACE_06_ダ_条件戦,kyori_tekisei+joho_shisu+omo_tekisei_code+ls_shisu_juni,kyori_tekisei,joho_shisu,omo_tekisei_code,ls_shisu_juni,8,1977,53.55,8.73,47.5,False
KEIBAJO_SURFACE_06_ダ_条件戦,uma_deokure_ritsu+uma_start_shisu+kyori_tekisei+kishu_shisu,uma_deokure_ritsu,uma_start_shisu,kyori_tekisei,kishu_shisu,9,1692,56.23,13.4,47.48,False
KEIBAJO_SURFACE_06_ダ_条件戦,kyori_tekisei+kyakushitsu+joho_shisu+rotation,kyori_tekisei,kyakushitsu,joho_shisu,rotation,4,508,56.8,9.62,47.37,False
KEIBAJO_SURFACE_06_ダ_条件戦,hizume_code+pace_yoso+joho_shisu+tenkai_kigo_code,hizume_code,pace_yoso,joho_shisu,tenkai_kigo_code,6,892,54.49,8.99,47.3,False
KEIBAJO_SURFACE_06_ダ_条件戦,uma_deokure_ritsu+kakutoku_shokin_ruikei+tenkai_kigo_code+agari_shisu_juni,uma_deokure_ritsu,kakutoku_shokin_ruikei,tenkai_kigo_code,agari_shisu_juni,8,850,59.07,17.17,47.17,False
KEIBAJO_SURFACE_06_ダ_条件戦,hizume_code+joho_shisu+omo_tekisei_code+tenkai_kigo_code,hizume_code,joho_shisu,omo_tekisei_code,tenkai_kigo_code,7,1056,57.44,13.93,47.12,False
KEIBAJO_SURFACE_06_ダ_条件戦,pace_yoso+kyakushitsu+joho_shisu+agari_shisu_juni,pace_yoso,kyakushitsu,joho_shisu,agari_shisu_juni,3,365,58.91,10.42,47.12,False
KEIBAJO_SURFACE_06_ダ_条件戦,kishu_shisu+kakutoku_shokin_ruikei+omo_tekisei_code+ls_shisu_juni,kishu_shisu,kakutoku_shokin_ruikei,omo_tekisei_code,ls_shisu_juni,7,1039,63.29,21.85,47.1,False
KEIBAJO_SURFACE_06_ダ_条件戦,uma_deokure_ritsu+kishu_shisu+omo_tekisei_code+ls_shisu_juni,uma_deokure_ritsu,kishu_shisu,omo_tekisei_code,ls_shisu_juni,5,626,63.94,19.31,47.01,False
KEIBAJO_SURFACE_06_ダ_条件戦,kyori_tekisei+pace_yoso+joho_shisu+tenkai_kigo_code,kyori_tekisei,pace_yoso,joho_shisu,tenkai_kigo_code,10,3679,58.66,18.84,46.98,False
KEIBAJO_SURFACE_06_ダ_条件戦,kyori_tekisei+joho_shisu+kakutoku_shokin_ruikei+omo_tekisei_code,kyori_tekisei,joho_shisu,kakutoku_shokin_ruikei,omo_tekisei_code,4,1860,57.75,11.65,46.34,False
KEIBAJO_SURFACE_06_ダ_条件戦,joho_shisu+rotation+tenkai_kigo_code+ls_shisu_juni,joho_shisu,rotation,tenkai_kigo_code,ls_shisu_juni,3,358,72.19,22.98,46.19,False
KEIBAJO_SURFACE_06_ダ_条件戦,hizume_code+pace_yoso+kyakushitsu+kakutoku_shokin_ruikei,hizume_code,pace_yoso,kyakushitsu,kakutoku_shokin_ruikei,7,941,55.52,12.83,46.01,False
KEIBAJO_SURFACE_06_ダ_条件戦,pace_yoso+joho_shisu+rotation+omo_tekisei_code,pace_yoso,joho_shisu,rotation,omo_tekisei_code,4,501,62.62,17.02,45.94,False
KEIBAJO_SURFACE_06_ダ_条件戦,uma_start_shisu+kyori_tekisei+kakutoku_shokin_ruikei+ls_shisu_juni,uma_start_shisu,kyori_tekisei,kakutoku_shokin_ruikei,ls_shisu_juni,7,1623,55.32,12.73,45.89,False
KEIBAJO_SURFACE_06_ダ_条件戦,uma_deokure_ritsu+kakutoku_shokin_ruikei+omo_tekisei_code+ls_shisu_juni,uma_deokure_ritsu,kakutoku_shokin_ruikei,omo_tekisei_code,ls_shisu_juni,9,2019,54.46,13.23,45.82,False
KEIBAJO_SURFACE_06_ダ_条件戦,uma_deokure_ritsu+hizume_code+kakutoku_shokin_ruikei+tenkai_kigo_code,uma_deokure_ritsu,hizume_code,kakutoku_shokin_ruikei,tenkai_kigo_code,6,1010,56.68,13.62,45.78,False
KEIBAJO_SURFACE_06_ダ_条件戦,kyakushitsu+kishu_shisu+omo_tekisei_code+tenkai_kigo_code,kyakushitsu,kishu_shisu,omo_tekisei_code,tenkai_kigo_code,12,1790,54.61,15.64,45.76,False
KEIBAJO_SURFACE_06_ダ_条件戦,pace_yoso+kyakushitsu+kishu_shisu+omo_tekisei_code,pace_yoso,kyakushitsu,kishu_shisu,omo_tekisei_code,11,1331,56.04,17.49,45.7,False
KEIBAJO_SURFACE_06_ダ_条件戦,uma_deokure_ritsu+kyakushitsu+joho_shisu+ls_shisu_juni,uma_deokure_ritsu,kyakushitsu,joho_shisu,ls_shisu_juni,4,688,58.64,13.32,45.58,False
KEIBAJO_SURFACE_06_ダ_条件戦,uma_deokure_ritsu+pace_yoso+joho_shisu+kakutoku_shokin_ruikei,uma_deokure_ritsu,pace_yoso,joho_shisu,kakutoku_shokin_ruikei,5,1298,61.79,18.64,45.45,False
KEIBAJO_SURFACE_06_ダ_条件戦,kyori_tekisei+joho_shisu+kishu_shisu+omo_tekisei_code,kyori_tekisei,joho_shisu,kishu_shisu,omo_tekisei_code,9,1891,54.8,14.31,45.44,False
KEIBAJO_SURFACE_06_ダ_条件戦,uma_deokure_ritsu+uma_start_shisu+kishu_shisu+tenkai_kigo_code,uma_deokure_ritsu,uma_start_shisu,kishu_shisu,tenkai_kigo_code,6,1048,55.16,12.22,45.38,False
KEIBAJO_SURFACE_06_ダ_条件戦,kyori_tekisei+pace_yoso+joho_shisu+agari_shisu_juni,kyori_tekisei,pace_yoso,joho_shisu,agari_shisu_juni,14,1852,55.18,18.77,45.35,False
KEIBAJO_SURFACE_06_ダ_条件戦,hizume_code+kishu_shisu+omo_tekisei_code+tenkai_kigo_code,hizume_code,kishu_shisu,omo_tekisei_code,tenkai_kigo_code,3,380,47.94,2.3,45.34,False
KEIBAJO_SURFACE_06_ダ_条件戦,uma_deokure_ritsu+kyakushitsu+joho_shisu+omo_tekisei_code,uma_deokure_ritsu,kyakushitsu,joho_shisu,omo_tekisei_code,7,1405,53.97,11.68,45.32,False
KEIBAJO_SURFACE_06_ダ_条件戦,uma_deokure_ritsu+hizume_code+omo_tekisei_code+ls_shisu_juni,uma_deokure_ritsu,hizume_code,omo_tekisei_code,ls_shisu_juni,8,1214,58.56,19.15,45.29,False
KEIBAJO_SURFACE_06_ダ_条件戦,uma_deokure_ritsu+kyori_tekisei+kishu_shisu+tenkai_kigo_code,uma_deokure_ritsu,kyori_tekisei,kishu_shisu,tenkai_kigo_code,9,1646,55.65,15.89,45.27,False
KEIBAJO_SURFACE_06_ダ_条件戦,uma_start_shisu+pace_yoso+kakutoku_shokin_ruikei+ls_shisu_juni,uma_start_shisu,pace_yoso,kakutoku_shokin_ruikei,ls_shisu_juni,8,1277,55.41,14.68,45.24,False
KEIBAJO_SURFACE_06_ダ_条件戦,uma_deokure_ritsu+pace_yoso+kishu_shisu+omo_tekisei_code,uma_deokure_ritsu,pace_yoso,kishu_shisu,omo_tekisei_code,9,1314,50.24,7.7,45.21,False
KEIBAJO_SURFACE_06_ダ_条件戦,kyori_tekisei+hizume_code+joho_shisu+omo_tekisei_code,kyori_tekisei,hizume_code,joho_shisu,omo_tekisei_code,9,1617,54.0,13.5,45.18,False
KEIBAJO_SURFACE_06_ダ_条件戦,pace_yoso+rotation+kakutoku_shokin_ruikei+tenkai_kigo_code,pace_yoso,rotation,kakutoku_shokin_ruikei,tenkai_kigo_code,7,1012,58.54,18.12,45.12,False
KEIBAJO_SURFACE_06_ダ_条件戦,joho_shisu+omo_tekisei_code+tenkai_kigo_code+ls_shisu_juni,joho_shisu,omo_tekisei_code,tenkai_kigo_code,ls_shisu_juni,7,1528,54.9,13.24,45.1,False
KEIBAJO_SURFACE_06_ダ_条件戦,pace_yoso+kyakushitsu+joho_shisu+kishu_shisu,pace_yoso,kyakushitsu,joho_shisu,kishu_shisu,12,1746,59.19,24.96,45.07,False
KEIBAJO_SURFACE_06_ダ_条件戦,kyori_tekisei+joho_shisu+rotation+tenkai_kigo_code,kyori_tekisei,joho_shisu,rotation,tenkai_kigo_code,5,942,58.86,15.92,44.91,False
KEIBAJO_SURFACE_06_ダ_条件戦,uma_deokure_ritsu+hizume_code+kakutoku_shokin_ruikei+omo_tekisei_code,uma_deokure_ritsu,hizume_code,kakutoku_shokin_ruikei,omo_tekisei_code,11,1862,55.16,17.37,44.9,False
KEIBAJO_SURFACE_06_ダ_条件戦,kishu_shisu+kakutoku_shokin_ruikei+omo_tekisei_code+tenkai_kigo_code,kishu_shisu,kakutoku_shokin_ruikei,omo_tekisei_code,tenkai_kigo_code,10,1666,52.69,12.58,44.9,False
KEIBAJO_SURFACE_06_ダ_条件戦,uma_deokure_ritsu+kakutoku_shokin_ruikei+tenkai_kigo_code+ichi_shisu_juni,uma_deokure_ritsu,kakutoku_shokin_ruikei,tenkai_kigo_code,ichi_shisu_juni,6,719,55.91,13.75,44.9,False
KEIBAJO_SURFACE_06_ダ_条件戦,uma_deokure_ritsu+uma_start_shisu+joho_shisu+ls_shisu_juni,uma_deokure_ritsu,uma_start_shisu,joho_shisu,ls_shisu_juni,5,911,55.25,11.94,44.79,False
KEIBAJO_SURFACE_06_ダ_条件戦,uma_deokure_ritsu+kishu_shisu+kakutoku_shokin_ruikei+tenkai_kigo_code,uma_deokure_ritsu,kishu_shisu,kakutoku_shokin_ruikei,tenkai_kigo_code,6,980,53.05,10.61,44.56,False
KEIBAJO_SURFACE_06_ダ_条件戦,uma_deokure_ritsu+kishu_shisu+kakutoku_shokin_ruikei+omo_tekisei_code,uma_deokure_ritsu,kishu_shisu,kakutoku_shokin_ruikei,omo_tekisei_code,7,1207,54.5,13.46,44.53,False
KEIBAJO_SURFACE_06_ダ_条件戦,uma_deokure_ritsu+kyori_tekisei+hizume_code+ls_shisu_juni,uma_deokure_ritsu,kyori_tekisei,hizume_code,ls_shisu_juni,5,1001,53.4,10.15,44.5,False
KEIBAJO_SURFACE_06_ダ_条件戦,uma_start_shisu+kyori_tekisei+kakutoku_shokin_ruikei+omo_tekisei_code,uma_start_shisu,kyori_tekisei,kakutoku_shokin_ruikei,omo_tekisei_code,8,2520,63.92,28.12,44.44,False
KEIBAJO_SURFACE_06_ダ_条件戦,uma_deokure_ritsu+kyori_tekisei+joho_shisu+omo_tekisei_code,uma_deokure_ritsu,kyori_tekisei,joho_shisu,omo_tekisei_code,8,1957,57.89,19.47,44.4,False
KEIBAJO_SURFACE_06_ダ_条件戦,uma_deokure_ritsu+kyakushitsu+joho_shisu+kakutoku_shokin_ruikei,uma_deokure_ritsu,kyakushitsu,joho_shisu,kakutoku_shokin_ruikei,7,1400,51.69,9.9,44.36,False
KEIBAJO_SURFACE_06_ダ_条件戦,pace_yoso+kyakushitsu+kishu_minarai_code+tenkai_kigo_code,pace_yoso,kyakushitsu,kishu_minarai_code,tenkai_kigo_code,3,411,50.8,5.75,44.3,False
KEIBAJO_SURFACE_06_ダ_条件戦,uma_deokure_ritsu+kyori_tekisei+joho_shisu+ls_shisu_juni,uma_deokure_ritsu,kyori_tekisei,joho_shisu,ls_shisu_juni,5,1145,51.3,8.05,44.25,False
KEIBAJO_SURFACE_06_ダ_条件戦,hizume_code+pace_yoso+joho_shisu+kakutoku_shokin_ruikei,hizume_code,pace_yoso,joho_shisu,kakutoku_shokin_ruikei,4,648,52.81,8.78,44.2,False
KEIBAJO_SURFACE_06_ダ_条件戦,kakutoku_shokin_ruikei+omo_tekisei_code+tenkai_kigo_code+ichi_shisu_juni,kakutoku_shokin_ruikei,omo_tekisei_code,tenkai_kigo_code,ichi_shisu_juni,4,464,54.89,10.97,44.14,False
KEIBAJO_SURFACE_06_ダ_条件戦,uma_start_shisu+hizume_code+kakutoku_shokin_ruikei+omo_tekisei_code,uma_start_shisu,hizume_code,kakutoku_shokin_ruikei,omo_tekisei_code,6,1006,55.07,13.82,44.01,False
KEIBAJO_SURFACE_06_ダ_条件戦,uma_start_shisu+joho_shisu+kakutoku_shokin_ruikei+omo_tekisei_code,uma_start_shisu,joho_shisu,kakutoku_shokin_ruikei,omo_tekisei_code,5,1114,60.07,18.47,43.88,False
KEIBAJO_SURFACE_06_ダ_条件戦,kyori_tekisei+kyakushitsu+joho_shisu+kakutoku_shokin_ruikei,kyori_tekisei,kyakushitsu,joho_shisu,kakutoku_shokin_ruikei,8,3149,55.35,16.57,43.87,False
KEIBAJO_SURFACE_06_ダ_条件戦,uma_deokure_ritsu+kyori_tekisei+joho_shisu+kakutoku_shokin_ruikei,uma_deokure_ritsu,kyori_tekisei,joho_shisu,kakutoku_shokin_ruikei,4,1470,58.48,14.93,43.84,False
KEIBAJO_SURFACE_06_ダ_条件戦,kyori_tekisei+joho_shisu+manken_shisu+kakutoku_shokin_ruikei,kyori_tekisei,joho_shisu,manken_shisu,kakutoku_shokin_ruikei,7,745,56.64,17.46,43.71,False
KEIBAJO_SURFACE_06_ダ_条件戦,kyori_tekisei+kyakushitsu+kishu_minarai_code+tenkai_kigo_code,kyori_tekisei,kyakushitsu,kishu_minarai_code,tenkai_kigo_code,5,692,57.49,16.05,43.42,False
KEIBAJO_SURFACE_06_ダ_条件戦,uma_start_shisu+kyori_tekisei+kishu_shisu+omo_tekisei_code,uma_start_shisu,kyori_tekisei,kishu_shisu,omo_tekisei_code,7,1068,47.56,5.68,43.36,False
KEIBAJO_SURFACE_06_ダ_条件戦,joho_shisu+kakutoku_shokin_ruikei+omo_tekisei_code+ls_shisu_juni,joho_shisu,kakutoku_shokin_ruikei,omo_tekisei_code,ls_shisu_juni,8,1566,56.82,19.48,43.32,False
KEIBAJO_SURFACE_06_ダ_条件戦,uma_start_shisu+pace_yoso+joho_shisu+kakutoku_shokin_ruikei,uma_start_shisu,pace_yoso,joho_shisu,kakutoku_shokin_ruikei,4,911,50.63,7.49,43.29,False
KEIBAJO_SURFACE_06_ダ_条件戦,kyori_tekisei+kishu_shisu+kakutoku_shokin_ruikei+omo_tekisei_code,kyori_tekisei,kishu_shisu,kakutoku_shokin_ruikei,omo_tekisei_code,11,2341,54.04,18.52,43.09,False
KEIBAJO_SURFACE_06_ダ_条件戦,kyori_tekisei+joho_shisu+tenkai_kigo_code+ichi_shisu_juni,kyori_tekisei,joho_shisu,tenkai_kigo_code,ichi_shisu_juni,9,2002,55.38,18.83,43.08,False
KEIBAJO_SURFACE_06_ダ_条件戦,uma_deokure_ritsu+pace_yoso+joho_shisu+omo_tekisei_code,uma_deokure_ritsu,pace_yoso,joho_shisu,omo_tekisei_code,6,1494,50.42,9.19,43.07,False
KEIBAJO_SURFACE_06_ダ_条件戦,uma_start_shisu+kakutoku_shokin_ruikei+tenkai_kigo_code+ls_shisu_juni,uma_start_shisu,kakutoku_shokin_ruikei,tenkai_kigo_code,ls_shisu_juni,7,1156,50.98,10.72,43.03,False
KEIBAJO_SURFACE_06_ダ_条件戦,uma_start_shisu+kyori_tekisei+kishu_shisu+tenkai_kigo_code,uma_start_shisu,kyori_tekisei,kishu_shisu,tenkai_kigo_code,7,1102,55.94,17.53,42.96,False
KEIBAJO_SURFACE_06_ダ_条件戦,uma_start_shisu+kyori_tekisei+kishu_shisu+kakutoku_shokin_ruikei,uma_start_shisu,kyori_tekisei,kishu_shisu,kakutoku_shokin_ruikei,6,1054,57.86,18.66,42.93,False
KEIBAJO_SURFACE_06_ダ_条件戦,uma_deokure_ritsu+kyori_tekisei+hizume_code+rotation,uma_deokure_ritsu,kyori_tekisei,hizume_code,rotation,4,589,58.0,15.57,42.74,False
KEIBAJO_SURFACE_06_ダ_条件戦,uma_deokure_ritsu+kyori_tekisei+joho_shisu+kishu_shisu,uma_deokure_ritsu,kyori_tekisei,joho_shisu,kishu_shisu,6,1113,56.7,17.44,42.74,False
KEIBAJO_SURFACE_06_ダ_条件戦,uma_start_shisu+joho_shisu+kakutoku_shokin_ruikei+ls_shisu_juni,uma_start_shisu,joho_shisu,kakutoku_shokin_ruikei,ls_shisu_juni,4,684,54.37,11.9,42.71,False
KEIBAJO_SURFACE_06_ダ_条件戦,rotation+kakutoku_shokin_ruikei+tenkai_kigo_code+ls_shisu_juni,rotation,kakutoku_shokin_ruikei,tenkai_kigo_code,ls_shisu_juni,3,367,71.29,25.29,42.68,False
KEIBAJO_SURFACE_06_ダ_条件戦,hizume_code+kyakushitsu+kakutoku_shokin_ruikei+tenkai_kigo_code,hizume_code,kyakushitsu,kakutoku_shokin_ruikei,tenkai_kigo_code,7,1088,56.85,19.18,42.64,False
KEIBAJO_SURFACE_06_ダ_条件戦,uma_start_shisu+kishu_shisu+omo_tekisei_code+tenkai_kigo_code,uma_start_shisu,kishu_shisu,omo_tekisei_code,tenkai_kigo_code,4,575,48.27,5.75,42.64,False
KEIBAJO_SURFACE_06_ダ_条件戦,uma_deokure_ritsu+pace_yoso+kishu_shisu+tenkai_kigo_code,uma_deokure_ritsu,pace_yoso,kishu_shisu,tenkai_kigo_code,6,1033,48.01,6.75,42.6,False
KEIBAJO_SURFACE_06_ダ_条件戦,uma_deokure_ritsu+pace_yoso+rotation+kakutoku_shokin_ruikei,uma_deokure_ritsu,pace_yoso,rotation,kakutoku_shokin_ruikei,5,595,57.04,16.56,42.53,False
KEIBAJO_SURFACE_06_ダ_条件戦,uma_deokure_ritsu+uma_start_shisu+joho_shisu+omo_tekisei_code,uma_deokure_ritsu,uma_start_shisu,joho_shisu,omo_tekisei_code,5,1292,57.45,17.25,42.33,False
KEIBAJO_SURFACE_06_ダ_条件戦,uma_deokure_ritsu+kyori_tekisei+kyakushitsu+kishu_shisu,uma_deokure_ritsu,kyori_tekisei,kyakushitsu,kishu_shisu,7,1189,54.71,16.75,42.29,False
KEIBAJO_SURFACE_06_ダ_条件戦,hizume_code+kyakushitsu+joho_shisu+kakutoku_shokin_ruikei,hizume_code,kyakushitsu,joho_shisu,kakutoku_shokin_ruikei,3,409,56.14,12.26,42.26,False
KEIBAJO_SURFACE_06_ダ_条件戦,kyakushitsu+joho_shisu+omo_tekisei_code+tenkai_kigo_code,kyakushitsu,joho_shisu,omo_tekisei_code,tenkai_kigo_code,8,2017,52.43,14.68,42.26,False
KEIBAJO_SURFACE_06_ダ_条件戦,uma_start_shisu+kyakushitsu+kishu_shisu+kakutoku_shokin_ruikei,uma_start_shisu,kyakushitsu,kishu_shisu,kakutoku_shokin_ruikei,6,670,55.6,16.77,42.17,False
KEIBAJO_SURFACE_06_ダ_条件戦,joho_shisu+kishu_shisu+omo_tekisei_code+tenkai_kigo_code,joho_shisu,kishu_shisu,omo_tekisei_code,tenkai_kigo_code,7,1338,51.95,13.23,42.14,False
KEIBAJO_SURFACE_06_ダ_条件戦,uma_deokure_ritsu+uma_start_shisu+kyakushitsu+kishu_shisu,uma_deokure_ritsu,uma_start_shisu,kyakushitsu,kishu_shisu,6,863,55.15,16.34,42.07,False
KEIBAJO_SURFACE_06_ダ_条件戦,pace_yoso+kishu_minarai_code+kakutoku_shokin_ruikei+tenkai_kigo_code,pace_yoso,kishu_minarai_code,kakutoku_shokin_ruikei,tenkai_kigo_code,5,599,57.98,18.6,41.68,False
KEIBAJO_SURFACE_06_ダ_条件戦,uma_deokure_ritsu+hizume_code+kyakushitsu+ls_shisu_juni,uma_deokure_ritsu,hizume_code,kyakushitsu,ls_shisu_juni,3,451,62.45,18.38,41.66,False
KEIBAJO_SURFACE_06_ダ_条件戦,uma_deokure_ritsu+uma_start_shisu+pace_yoso+kishu_shisu,uma_deokure_ritsu,uma_start_shisu,pace_yoso,kishu_shisu,5,851,53.13,13.22,41.54,False
KEIBAJO_SURFACE_06_ダ_条件戦,uma_deokure_ritsu+kyori_tekisei+pace_yoso+joho_shisu,uma_deokure_ritsu,kyori_tekisei,pace_yoso,joho_shisu,6,1647,52.83,14.14,41.52,False
KEIBAJO_SURFACE_06_ダ_条件戦,hizume_code+joho_shisu+kakutoku_shokin_ruikei+omo_tekisei_code,hizume_code,joho_shisu,kakutoku_shokin_ruikei,omo_tekisei_code,8,1174,49.88,12.12,41.48,False
KEIBAJO_SURFACE_06_ダ_条件戦,pace_yoso+kyakushitsu+joho_shisu+kakutoku_shokin_ruikei,pace_yoso,kyakushitsu,joho_shisu,kakutoku_shokin_ruikei,9,2761,54.56,20.15,41.39,False
KEIBAJO_SURFACE_06_ダ_条件戦,uma_start_shisu+kishu_shisu+kakutoku_shokin_ruikei+omo_tekisei_code,uma_start_shisu,kishu_shisu,kakutoku_shokin_ruikei,omo_tekisei_code,5,730,52.4,12.59,41.36,False
KEIBAJO_SURFACE_06_ダ_条件戦,kyori_tekisei+hizume_code+kyakushitsu+joho_shisu,kyori_tekisei,hizume_code,kyakushitsu,joho_shisu,5,782,53.74,14.18,41.31,False
KEIBAJO_SURFACE_06_ダ_条件戦,uma_start_shisu+kyori_tekisei+kyakushitsu+kishu_shisu,uma_start_shisu,kyori_tekisei,kyakushitsu,kishu_shisu,6,826,52.87,14.49,41.28,False
KEIBAJO_SURFACE_06_ダ_条件戦,uma_deokure_ritsu+kishu_shisu+kakutoku_shokin_ruikei+ls_shisu_juni,uma_deokure_ritsu,kishu_shisu,kakutoku_shokin_ruikei,ls_shisu_juni,4,593,63.05,22.24,41.26,False
KEIBAJO_SURFACE_06_ダ_条件戦,uma_start_shisu+pace_yoso+joho_shisu+ls_shisu_juni,uma_start_shisu,pace_yoso,joho_shisu,ls_shisu_juni,4,555,50.48,9.42,41.25,False
KEIBAJO_SURFACE_06_ダ_条件戦,uma_deokure_ritsu+kishu_shisu+omo_tekisei_code+tenkai_kigo_code,uma_deokure_ritsu,kishu_shisu,omo_tekisei_code,tenkai_kigo_code,5,970,48.21,8.06,41.14,False
KEIBAJO_SURFACE_06_ダ_条件戦,kyori_tekisei+kishu_minarai_code+omo_tekisei_code+tenkai_kigo_code,kyori_tekisei,kishu_minarai_code,omo_tekisei_code,tenkai_kigo_code,4,616,60.22,19.5,41.11,False
KEIBAJO_SURFACE_06_ダ_条件戦,uma_start_shisu+kyori_tekisei+joho_shisu+ls_shisu_juni,uma_start_shisu,kyori_tekisei,joho_shisu,ls_shisu_juni,5,890,49.16,9.23,41.07,False
KEIBAJO_SURFACE_06_ダ_条件戦,kyori_tekisei+joho_shisu+rotation+kakutoku_shokin_ruikei,kyori_tekisei,joho_shisu,rotation,kakutoku_shokin_ruikei,5,766,54.17,14.96,41.06,False
KEIBAJO_SURFACE_06_ダ_条件戦,uma_deokure_ritsu+uma_start_shisu+kishu_shisu+ls_shisu_juni,uma_deokure_ritsu,uma_start_shisu,kishu_shisu,ls_shisu_juni,4,561,60.44,19.92,40.92,False
KEIBAJO_SURFACE_06_ダ_条件戦,uma_deokure_ritsu+kakutoku_shokin_ruikei+omo_tekisei_code+ichi_shisu_juni,uma_deokure_ritsu,kakutoku_shokin_ruikei,omo_tekisei_code,ichi_shisu_juni,7,833,51.56,14.42,40.88,False
KEIBAJO_SURFACE_06_ダ_条件戦,uma_start_shisu+pace_yoso+joho_shisu+omo_tekisei_code,uma_start_shisu,pace_yoso,joho_shisu,omo_tekisei_code,6,1079,47.28,8.15,40.76,False
KEIBAJO_SURFACE_06_ダ_条件戦,kyori_tekisei+pace_yoso+kyakushitsu+joho_shisu,kyori_tekisei,pace_yoso,kyakushitsu,joho_shisu,12,3550,51.92,20.33,40.41,False
KEIBAJO_SURFACE_06_ダ_条件戦,kyori_tekisei+joho_shisu+kakutoku_shokin_ruikei+ichi_shisu_juni,kyori_tekisei,joho_shisu,kakutoku_shokin_ruikei,ichi_shisu_juni,10,2199,50.96,17.12,40.35,False
KEIBAJO_SURFACE_06_ダ_条件戦,uma_deokure_ritsu+pace_yoso+kyakushitsu+kishu_shisu,uma_deokure_ritsu,pace_yoso,kyakushitsu,kishu_shisu,4,567,43.76,3.5,40.33,False
KEIBAJO_SURFACE_06_ダ_条件戦,uma_start_shisu+kyori_tekisei+kyakushitsu+joho_shisu,uma_start_shisu,kyori_tekisei,kyakushitsu,joho_shisu,4,979,46.87,6.73,40.27,False
KEIBAJO_SURFACE_06_ダ_条件戦,uma_deokure_ritsu+kyori_tekisei+pace_yoso+kishu_shisu,uma_deokure_ritsu,kyori_tekisei,pace_yoso,kishu_shisu,7,1380,50.44,13.88,40.16,False
KEIBAJO_SURFACE_06_ダ_条件戦,uma_deokure_ritsu+kakutoku_shokin_ruikei+omo_tekisei_code+agari_shisu_juni,uma_deokure_ritsu,kakutoku_shokin_ruikei,omo_tekisei_code,agari_shisu_juni,3,334,53.15,11.49,40.15,False
KEIBAJO_SURFACE_06_ダ_条件戦,uma_start_shisu+hizume_code+kyakushitsu+kakutoku_shokin_ruikei,uma_start_shisu,hizume_code,kyakushitsu,kakutoku_shokin_ruikei,3,414,52.7,11.1,40.14,False
KEIBAJO_SURFACE_06_ダ_条件戦,kyori_tekisei+hizume_code+kishu_shisu+omo_tekisei_code,kyori_tekisei,hizume_code,kishu_shisu,omo_tekisei_code,5,705,52.38,14.16,39.97,False
KEIBAJO_SURFACE_06_ダ_条件戦,uma_deokure_ritsu+uma_start_shisu+pace_yoso+joho_shisu,uma_deokure_ritsu,uma_start_shisu,pace_yoso,joho_shisu,5,1198,58.42,21.07,39.95,False
KEIBAJO_SURFACE_06_ダ_条件戦,kyakushitsu+kishu_shisu+kakutoku_shokin_ruikei+omo_tekisei_code,kyakushitsu,kishu_shisu,kakutoku_shokin_ruikei,omo_tekisei_code,8,1178,55.84,23.13,39.81,False
KEIBAJO_SURFACE_06_ダ_条件戦,kyori_tekisei+hizume_code+pace_yoso+kishu_shisu,kyori_tekisei,hizume_code,pace_yoso,kishu_shisu,4,550,60.05,20.87,39.6,False
KEIBAJO_SURFACE_06_ダ_条件戦,uma_deokure_ritsu+kyori_tekisei+kishu_shisu+kakutoku_shokin_ruikei,uma_deokure_ritsu,kyori_tekisei,kishu_shisu,kakutoku_shokin_ruikei,8,1588,52.88,19.35,39.47,False
KEIBAJO_SURFACE_06_ダ_条件戦,uma_deokure_ritsu+pace_yoso+kishu_shisu+ls_shisu_juni,uma_deokure_ritsu,pace_yoso,kishu_shisu,ls_shisu_juni,4,493,58.9,19.83,39.47,False
KEIBAJO_SURFACE_06_ダ_条件戦,pace_yoso+joho_shisu+kishu_shisu+omo_tekisei_code,pace_yoso,joho_shisu,kishu_shisu,omo_tekisei_code,8,1432,52.91,19.49,39.4,False
KEIBAJO_SURFACE_06_ダ_条件戦,uma_deokure_ritsu+joho_shisu+kakutoku_shokin_ruikei+tenkai_kigo_code,uma_deokure_ritsu,joho_shisu,kakutoku_shokin_ruikei,tenkai_kigo_code,6,1325,52.97,17.07,39.31,False
KEIBAJO_SURFACE_06_ダ_条件戦,uma_start_shisu+kyori_tekisei+joho_shisu+kakutoku_shokin_ruikei,uma_start_shisu,kyori_tekisei,joho_shisu,kakutoku_shokin_ruikei,5,1235,60.75,24.5,39.28,False
KEIBAJO_SURFACE_06_ダ_条件戦,uma_start_shisu+kyori_tekisei+joho_shisu+omo_tekisei_code,uma_start_shisu,kyori_tekisei,joho_shisu,omo_tekisei_code,5,1244,49.61,11.8,39.27,False
KEIBAJO_SURFACE_06_ダ_条件戦,hizume_code+pace_yoso+joho_shisu+omo_tekisei_code,hizume_code,pace_yoso,joho_shisu,omo_tekisei_code,6,883,49.5,12.81,39.25,False
KEIBAJO_SURFACE_06_ダ_条件戦,kyakushitsu+joho_shisu+kishu_shisu+omo_tekisei_code,kyakushitsu,joho_shisu,kishu_shisu,omo_tekisei_code,9,1193,53.56,21.95,39.22,False
KEIBAJO_SURFACE_06_ダ_条件戦,pace_yoso+kyakushitsu+joho_shisu+tenkai_kigo_code,pace_yoso,kyakushitsu,joho_shisu,tenkai_kigo_code,10,3126,52.93,22.27,39.13,False
KEIBAJO_SURFACE_06_ダ_条件戦,uma_deokure_ritsu+pace_yoso+kyakushitsu+joho_shisu,uma_deokure_ritsu,pace_yoso,kyakushitsu,joho_shisu,7,1340,52.12,17.56,39.11,False
KEIBAJO_SURFACE_06_ダ_条件戦,uma_deokure_ritsu+joho_shisu+omo_tekisei_code+ls_shisu_juni,uma_deokure_ritsu,joho_shisu,omo_tekisei_code,ls_shisu_juni,6,1095,50.22,14.12,38.92,False
KEIBAJO_SURFACE_06_ダ_条件戦,uma_deokure_ritsu+kyori_tekisei+kyakushitsu+joho_shisu,uma_deokure_ritsu,kyori_tekisei,kyakushitsu,joho_shisu,8,1712,51.29,17.99,38.82,False
KEIBAJO_SURFACE_06_ダ_条件戦,uma_deokure_ritsu+hizume_code+pace_yoso+kakutoku_shokin_ruikei,uma_deokure_ritsu,hizume_code,pace_yoso,kakutoku_shokin_ruikei,6,1026,50.88,15.27,38.66,False
KEIBAJO_SURFACE_06_ダ_条件戦,kyori_tekisei+kishu_shisu+rotation+tenkai_kigo_code,kyori_tekisei,kishu_shisu,rotation,tenkai_kigo_code,5,649,62.3,26.99,38.64,False
KEIBAJO_SURFACE_06_ダ_条件戦,uma_deokure_ritsu+kyakushitsu+kishu_shisu+kakutoku_shokin_ruikei,uma_deokure_ritsu,kyakushitsu,kishu_shisu,kakutoku_shokin_ruikei,6,862,51.65,16.33,38.58,False
KEIBAJO_SURFACE_06_ダ_条件戦,uma_start_shisu+kyakushitsu+joho_shisu+kakutoku_shokin_ruikei,uma_start_shisu,kyakushitsu,joho_shisu,kakutoku_shokin_ruikei,4,860,51.58,13.31,38.54,False
KEIBAJO_SURFACE_06_ダ_条件戦,hizume_code+kakutoku_shokin_ruikei+omo_tekisei_code+ls_shisu_juni,hizume_code,kakutoku_shokin_ruikei,omo_tekisei_code,ls_shisu_juni,6,899,49.72,14.06,38.47,False
KEIBAJO_SURFACE_06_ダ_条件戦,uma_deokure_ritsu+uma_start_shisu+kyakushitsu+joho_shisu,uma_deokure_ritsu,uma_start_shisu,kyakushitsu,joho_shisu,4,1009,47.86,9.79,38.26,False
KEIBAJO_SURFACE_06_ダ_条件戦,kyori_tekisei+hizume_code+joho_shisu+kakutoku_shokin_ruikei,kyori_tekisei,hizume_code,joho_shisu,kakutoku_shokin_ruikei,7,1230,46.3,10.96,38.18,False
KEIBAJO_SURFACE_06_ダ_条件戦,uma_start_shisu+kyori_tekisei+hizume_code+ls_shisu_juni,uma_start_shisu,kyori_tekisei,hizume_code,ls_shisu_juni,4,582,48.61,10.65,38.17,False
KEIBAJO_SURFACE_06_ダ_条件戦,uma_start_shisu+kyori_tekisei+pace_yoso+joho_shisu,uma_start_shisu,kyori_tekisei,pace_yoso,joho_shisu,5,1158,55.42,19.82,38.05,False
KEIBAJO_SURFACE_06_ダ_条件戦,kyori_tekisei+hizume_code+joho_shisu+tenkai_kigo_code,kyori_tekisei,hizume_code,joho_shisu,tenkai_kigo_code,7,1256,47.05,12.15,38.04,False
KEIBAJO_SURFACE_06_ダ_条件戦,kyakushitsu+kishu_shisu+omo_tekisei_code+ls_shisu_juni,kyakushitsu,kishu_shisu,omo_tekisei_code,ls_shisu_juni,3,324,49.41,10.05,38.04,False
KEIBAJO_SURFACE_06_ダ_条件戦,kyakushitsu+joho_shisu+rotation+tenkai_kigo_code,kyakushitsu,joho_shisu,rotation,tenkai_kigo_code,4,500,53.54,15.93,37.93,False
KEIBAJO_SURFACE_06_ダ_条件戦,joho_shisu+kishu_shisu+omo_tekisei_code+ls_shisu_juni,joho_shisu,kishu_shisu,omo_tekisei_code,ls_shisu_juni,7,944,52.11,19.32,37.8,False
KEIBAJO_SURFACE_06_ダ_条件戦,kyori_tekisei+joho_shisu+kakutoku_shokin_ruikei+tenkai_kigo_code,kyori_tekisei,joho_shisu,kakutoku_shokin_ruikei,tenkai_kigo_code,6,3124,57.39,24.55,37.75,False
KEIBAJO_SURFACE_06_ダ_条件戦,hizume_code+kyakushitsu+joho_shisu+omo_tekisei_code,hizume_code,kyakushitsu,joho_shisu,omo_tekisei_code,4,501,41.93,4.32,37.7,False
KEIBAJO_SURFACE_06_ダ_条件戦,uma_deokure_ritsu+pace_yoso+kishu_shisu+kakutoku_shokin_ruikei,uma_deokure_ritsu,pace_yoso,kishu_shisu,kakutoku_shokin_ruikei,5,876,50.52,14.75,37.58,False
KEIBAJO_SURFACE_06_ダ_条件戦,uma_start_shisu+kyori_tekisei+pace_yoso+kishu_shisu,uma_start_shisu,kyori_tekisei,pace_yoso,kishu_shisu,7,978,45.81,11.31,37.43,False
KEIBAJO_SURFACE_06_ダ_条件戦,uma_deokure_ritsu+joho_shisu+omo_tekisei_code+tenkai_kigo_code,uma_deokure_ritsu,joho_shisu,omo_tekisei_code,tenkai_kigo_code,5,1301,52.11,16.88,37.31,False
KEIBAJO_SURFACE_06_ダ_条件戦,uma_deokure_ritsu+kyakushitsu+kishu_shisu+omo_tekisei_code,uma_deokure_ritsu,kyakushitsu,kishu_shisu,omo_tekisei_code,7,895,46.17,12.11,37.2,False
KEIBAJO_SURFACE_06_ダ_条件戦,uma_deokure_ritsu+joho_shisu+tenkai_kigo_code+ls_shisu_juni,uma_deokure_ritsu,joho_shisu,tenkai_kigo_code,ls_shisu_juni,3,707,47.67,9.3,37.14,False
KEIBAJO_SURFACE_06_ダ_条件戦,uma_start_shisu+pace_yoso+kyakushitsu+joho_shisu,uma_start_shisu,pace_yoso,kyakushitsu,joho_shisu,6,923,56.0,23.7,37.04,False
KEIBAJO_SURFACE_06_ダ_条件戦,uma_deokure_ritsu+uma_start_shisu+joho_shisu+tenkai_kigo_code,uma_deokure_ritsu,uma_start_shisu,joho_shisu,tenkai_kigo_code,4,1025,62.62,26.13,37.01,False
KEIBAJO_SURFACE_06_ダ_条件戦,uma_deokure_ritsu+pace_yoso+joho_shisu+tenkai_kigo_code,uma_deokure_ritsu,pace_yoso,joho_shisu,tenkai_kigo_code,6,1283,47.77,13.48,36.98,False
KEIBAJO_SURFACE_06_ダ_条件戦,uma_deokure_ritsu+kyori_tekisei+joho_shisu+rotation,uma_deokure_ritsu,kyori_tekisei,joho_shisu,rotation,3,429,50.26,11.95,36.75,False
KEIBAJO_SURFACE_06_ダ_条件戦,kyori_tekisei+hizume_code+joho_shisu+ls_shisu_juni,kyori_tekisei,hizume_code,joho_shisu,ls_shisu_juni,4,602,50.3,14.17,36.42,False
KEIBAJO_SURFACE_06_ダ_条件戦,kyakushitsu+joho_shisu+kishu_shisu+ls_shisu_juni,kyakushitsu,joho_shisu,kishu_shisu,ls_shisu_juni,3,368,50.81,12.72,36.42,False
KEIBAJO_SURFACE_06_ダ_条件戦,uma_deokure_ritsu+uma_start_shisu+joho_shisu+kakutoku_shokin_ruikei,uma_deokure_ritsu,uma_start_shisu,joho_shisu,kakutoku_shokin_ruikei,3,1071,68.34,28.41,36.19,False
KEIBAJO_SURFACE_06_ダ_条件戦,uma_start_shisu+kyori_tekisei+joho_shisu+tenkai_kigo_code,uma_start_shisu,kyori_tekisei,joho_shisu,tenkai_kigo_code,4,1021,67.18,31.89,35.93,False
KEIBAJO_SURFACE_06_ダ_条件戦,joho_shisu+kishu_shisu+kakutoku_shokin_ruikei+omo_tekisei_code,joho_shisu,kishu_shisu,kakutoku_shokin_ruikei,omo_tekisei_code,7,1326,47.01,15.18,35.77,False
KEIBAJO_SURFACE_06_ダ_条件戦,kyori_tekisei+hizume_code+kishu_shisu+kakutoku_shokin_ruikei,kyori_tekisei,hizume_code,kishu_shisu,kakutoku_shokin_ruikei,4,611,46.71,11.46,35.48,False
KEIBAJO_SURFACE_06_ダ_条件戦,uma_deokure_ritsu+pace_yoso+joho_shisu+ls_shisu_juni,uma_deokure_ritsu,pace_yoso,joho_shisu,ls_shisu_juni,5,956,52.15,19.49,35.07,False
KEIBAJO_SURFACE_06_ダ_条件戦,uma_deokure_ritsu+kyori_tekisei+joho_shisu+tenkai_kigo_code,uma_deokure_ritsu,kyori_tekisei,joho_shisu,tenkai_kigo_code,6,1583,50.89,19.9,34.97,False
KEIBAJO_SURFACE_06_ダ_条件戦,uma_start_shisu+kyakushitsu+joho_shisu+omo_tekisei_code,uma_start_shisu,kyakushitsu,joho_shisu,omo_tekisei_code,7,1102,49.17,19.23,34.93,False
KEIBAJO_SURFACE_06_ダ_条件戦,kyori_tekisei+hizume_code+joho_shisu+kishu_shisu,kyori_tekisei,hizume_code,joho_shisu,kishu_shisu,4,536,54.03,19.62,34.8,False
KEIBAJO_SURFACE_06_ダ_条件戦,kyori_tekisei+hizume_code+kishu_shisu+ls_shisu_juni,kyori_tekisei,hizume_code,kishu_shisu,ls_shisu_juni,3,314,53.87,17.08,34.55,False
KEIBAJO_SURFACE_06_ダ_条件戦,hizume_code+kakutoku_shokin_ruikei+tenkai_kigo_code+ls_shisu_juni,hizume_code,kakutoku_shokin_ruikei,tenkai_kigo_code,ls_shisu_juni,4,596,51.29,17.09,34.55,False
KEIBAJO_SURFACE_06_ダ_条件戦,uma_deokure_ritsu+hizume_code+kyakushitsu+kakutoku_shokin_ruikei,uma_deokure_ritsu,hizume_code,kyakushitsu,kakutoku_shokin_ruikei,5,794,47.34,14.71,34.44,False
KEIBAJO_SURFACE_06_ダ_条件戦,uma_deokure_ritsu+uma_start_shisu+kyori_tekisei+joho_shisu,uma_deokure_ritsu,uma_start_shisu,kyori_tekisei,joho_shisu,3,1188,56.08,19.28,34.27,False
KEIBAJO_SURFACE_06_ダ_条件戦,hizume_code+pace_yoso+kakutoku_shokin_ruikei+ls_shisu_juni,hizume_code,pace_yoso,kakutoku_shokin_ruikei,ls_shisu_juni,5,632,51.38,19.53,34.26,False
KEIBAJO_SURFACE_06_ダ_条件戦,kyori_tekisei+pace_yoso+joho_shisu+ichi_shisu_juni,kyori_tekisei,pace_yoso,joho_shisu,ichi_shisu_juni,7,1729,51.71,23.67,34.17,False
KEIBAJO_SURFACE_06_ダ_条件戦,uma_deokure_ritsu+joho_shisu+kishu_shisu+kakutoku_shokin_ruikei,uma_deokure_ritsu,joho_shisu,kishu_shisu,kakutoku_shokin_ruikei,5,860,54.96,23.92,33.99,False
KEIBAJO_SURFACE_06_ダ_条件戦,uma_start_shisu+kyakushitsu+joho_shisu+tenkai_kigo_code,uma_start_shisu,kyakushitsu,joho_shisu,tenkai_kigo_code,4,794,40.84,7.38,33.61,False
KEIBAJO_SURFACE_06_ダ_条件戦,uma_deokure_ritsu+joho_shisu+kishu_shisu+tenkai_kigo_code,uma_deokure_ritsu,joho_shisu,kishu_shisu,tenkai_kigo_code,3,612,41.16,6.74,33.53,False
KEIBAJO_SURFACE_06_ダ_条件戦,uma_deokure_ritsu+joho_shisu+kishu_shisu+omo_tekisei_code,uma_deokure_ritsu,joho_shisu,kishu_shisu,omo_tekisei_code,4,754,44.78,11.59,33.42,False
KEIBAJO_SURFACE_06_ダ_条件戦,uma_start_shisu+pace_yoso+kishu_shisu+kakutoku_shokin_ruikei,uma_start_shisu,pace_yoso,kishu_shisu,kakutoku_shokin_ruikei,4,532,50.62,17.62,33.36,False
KEIBAJO_SURFACE_06_ダ_条件戦,uma_deokure_ritsu+kyakushitsu+kishu_shisu+tenkai_kigo_code,uma_deokure_ritsu,kyakushitsu,kishu_shisu,tenkai_kigo_code,5,895,49.89,18.92,33.3,False
KEIBAJO_SURFACE_06_ダ_条件戦,kyori_tekisei+kishu_shisu+rotation+omo_tekisei_code,kyori_tekisei,kishu_shisu,rotation,omo_tekisei_code,3,351,58.89,23.05,32.8,False
KEIBAJO_SURFACE_06_ダ_条件戦,uma_start_shisu+joho_shisu+omo_tekisei_code+ls_shisu_juni,uma_start_shisu,joho_shisu,omo_tekisei_code,ls_shisu_juni,4,600,46.78,14.34,32.73,False
KEIBAJO_SURFACE_06_ダ_条件戦,uma_start_shisu+kyakushitsu+kishu_shisu+tenkai_kigo_code,uma_start_shisu,kyakushitsu,kishu_shisu,tenkai_kigo_code,4,534,50.06,18.26,32.17,False
KEIBAJO_SURFACE_06_ダ_条件戦,uma_deokure_ritsu+pace_yoso+joho_shisu+kishu_shisu,uma_deokure_ritsu,pace_yoso,joho_shisu,kishu_shisu,4,722,44.61,12.84,32.02,False
KEIBAJO_SURFACE_06_ダ_条件戦,uma_start_shisu+kyakushitsu+joho_shisu+ls_shisu_juni,uma_start_shisu,kyakushitsu,joho_shisu,ls_shisu_juni,4,486,49.9,18.33,31.94,False
KEIBAJO_SURFACE_06_ダ_条件戦,uma_start_shisu+pace_yoso+joho_shisu+tenkai_kigo_code,uma_start_shisu,pace_yoso,joho_shisu,tenkai_kigo_code,4,805,43.34,11.72,31.86,False
KEIBAJO_SURFACE_06_ダ_条件戦,joho_shisu+rotation+kakutoku_shokin_ruikei+tenkai_kigo_code,joho_shisu,rotation,kakutoku_shokin_ruikei,tenkai_kigo_code,3,453,51.91,18.05,31.48,False
KEIBAJO_SURFACE_06_ダ_条件戦,uma_deokure_ritsu+kyakushitsu+joho_shisu+kishu_shisu,uma_deokure_ritsu,kyakushitsu,joho_shisu,kishu_shisu,4,589,41.67,10.67,31.21,False
KEIBAJO_SURFACE_06_ダ_条件戦,uma_deokure_ritsu+uma_start_shisu+joho_shisu+kishu_shisu,uma_deokure_ritsu,uma_start_shisu,joho_shisu,kishu_shisu,4,699,48.75,17.95,31.16,False
KEIBAJO_SURFACE_06_ダ_条件戦,uma_deokure_ritsu+kyakushitsu+joho_shisu+tenkai_kigo_code,uma_deokure_ritsu,kyakushitsu,joho_shisu,tenkai_kigo_code,5,1195,40.36,11.11,30.62,False
KEIBAJO_SURFACE_06_ダ_条件戦,uma_deokure_ritsu+hizume_code+tenkai_kigo_code+ls_shisu_juni,uma_deokure_ritsu,hizume_code,tenkai_kigo_code,ls_shisu_juni,4,680,47.44,17.27,30.51,False
KEIBAJO_SURFACE_06_ダ_条件戦,uma_start_shisu+joho_shisu+kishu_shisu+omo_tekisei_code,uma_start_shisu,joho_shisu,kishu_shisu,omo_tekisei_code,3,410,44.51,12.48,30.39,False
KEIBAJO_SURFACE_06_ダ_条件戦,uma_start_shisu+joho_shisu+omo_tekisei_code+tenkai_kigo_code,uma_start_shisu,joho_shisu,omo_tekisei_code,tenkai_kigo_code,4,864,43.19,13.22,30.24,False
KEIBAJO_SURFACE_06_ダ_条件戦,uma_start_shisu+kyori_tekisei+joho_shisu+kishu_shisu,uma_start_shisu,kyori_tekisei,joho_shisu,kishu_shisu,5,767,44.01,15.92,30.06,False
KEIBAJO_SURFACE_06_ダ_条件戦,hizume_code+joho_shisu+kakutoku_shokin_ruikei+ls_shisu_juni,hizume_code,joho_shisu,kakutoku_shokin_ruikei,ls_shisu_juni,3,382,40.81,9.52,30.04,False
KEIBAJO_SURFACE_06_ダ_条件戦,hizume_code+joho_shisu+tenkai_kigo_code+ls_shisu_juni,hizume_code,joho_shisu,tenkai_kigo_code,ls_shisu_juni,3,381,50.84,18.4,30.02,False
KEIBAJO_SURFACE_06_ダ_条件戦,uma_start_shisu+kyakushitsu+joho_shisu+kishu_shisu,uma_start_shisu,kyakushitsu,joho_shisu,kishu_shisu,3,314,47.2,15.61,29.54,False
KEIBAJO_SURFACE_06_ダ_条件戦,kyori_tekisei+kishu_shisu+kakutoku_shokin_ruikei+agari_shisu_juni,kyori_tekisei,kishu_shisu,kakutoku_shokin_ruikei,agari_shisu_juni,7,778,49.47,27.14,29.37,False
KEIBAJO_SURFACE_06_ダ_条件戦,uma_deokure_ritsu+kyori_tekisei+kishu_shisu+ls_shisu_juni,uma_deokure_ritsu,kyori_tekisei,kishu_shisu,ls_shisu_juni,4,728,53.16,24.43,29.21,False
KEIBAJO_SURFACE_06_ダ_条件戦,uma_deokure_ritsu+kishu_shisu+tenkai_kigo_code+ls_shisu_juni,uma_deokure_ritsu,kishu_shisu,tenkai_kigo_code,ls_shisu_juni,4,597,52.49,24.25,28.72,False
KEIBAJO_SURFACE_06_ダ_条件戦,uma_deokure_ritsu+hizume_code+pace_yoso+joho_shisu,uma_deokure_ritsu,hizume_code,pace_yoso,joho_shisu,3,439,44.93,14.8,28.18,False
KEIBAJO_SURFACE_06_ダ_条件戦,hizume_code+kyakushitsu+joho_shisu+tenkai_kigo_code,hizume_code,kyakushitsu,joho_shisu,tenkai_kigo_code,4,550,47.22,19.92,27.7,False
KEIBAJO_SURFACE_06_ダ_条件戦,uma_start_shisu+hizume_code+kakutoku_shokin_ruikei+tenkai_kigo_code,uma_start_shisu,hizume_code,kakutoku_shokin_ruikei,tenkai_kigo_code,3,480,49.5,19.6,27.33,False
KEIBAJO_SURFACE_06_ダ_条件戦,uma_deokure_ritsu+kyori_tekisei+hizume_code+joho_shisu,uma_deokure_ritsu,kyori_tekisei,hizume_code,joho_shisu,3,558,42.54,14.16,26.52,False
KEIBAJO_SURFACE_06_ダ_条件戦,hizume_code+joho_shisu+kakutoku_shokin_ruikei+tenkai_kigo_code,hizume_code,joho_shisu,kakutoku_shokin_ruikei,tenkai_kigo_code,4,647,47.65,22.27,25.82,False
KEIBAJO_SURFACE_06_ダ_条件戦,uma_start_shisu+hizume_code+pace_yoso+kakutoku_shokin_ruikei,uma_start_shisu,hizume_code,pace_yoso,kakutoku_shokin_ruikei,3,463,46.01,17.93,25.72,False
KEIBAJO_SURFACE_06_ダ_条件戦,kyori_tekisei+hizume_code+kishu_shisu+tenkai_kigo_code,kyori_tekisei,hizume_code,kishu_shisu,tenkai_kigo_code,4,651,44.87,20.54,24.74,False
KEIBAJO_SURFACE_06_ダ_条件戦,uma_deokure_ritsu+joho_shisu+kishu_shisu+ls_shisu_juni,uma_deokure_ritsu,joho_shisu,kishu_shisu,ls_shisu_juni,4,530,49.7,25.69,24.53,False
KEIBAJO_SURFACE_06_ダ_条件戦,uma_start_shisu+kyori_tekisei+kishu_shisu+ls_shisu_juni,uma_start_shisu,kyori_tekisei,kishu_shisu,ls_shisu_juni,4,494,48.19,24.46,24.22,False
KEIBAJO_SURFACE_06_ダ_条件戦,uma_start_shisu+joho_shisu+kishu_shisu+kakutoku_shokin_ruikei,uma_start_shisu,joho_shisu,kishu_shisu,kakutoku_shokin_ruikei,4,592,42.92,21.13,22.22,False
KEIBAJO_SURFACE_06_ダ_条件戦,uma_start_shisu+pace_yoso+kishu_shisu+tenkai_kigo_code,uma_start_shisu,pace_yoso,kishu_shisu,tenkai_kigo_code,4,544,47.57,26.67,21.43,False
KEIBAJO_SURFACE_06_ダ_条件戦,uma_start_shisu+joho_shisu+kakutoku_shokin_ruikei+tenkai_kigo_code,uma_start_shisu,joho_shisu,kakutoku_shokin_ruikei,tenkai_kigo_code,3,740,65.23,38.99,21.11,False
KEIBAJO_SURFACE_06_ダ_条件戦,uma_start_shisu+kishu_shisu+kakutoku_shokin_ruikei+tenkai_kigo_code,uma_start_shisu,kishu_shisu,kakutoku_shokin_ruikei,tenkai_kigo_code,3,490,43.88,22.32,18.62,False
KEIBAJO_SURFACE_06_ダ_条件戦,uma_start_shisu+pace_yoso+joho_shisu+kishu_shisu,uma_start_shisu,pace_yoso,joho_shisu,kishu_shisu,3,392,44.57,23.28,18.23,False
