segment,factors,factor1,factor2,factor3,factor4,n_bins,n_bets,mean_roi,std_roi,clb,pass
COURSE_27_06_ダ_短距離,da_tekisei_code+kyakushitsu+ichi_shisu_juni+uma_start_shisu,da_tekisei_code,kyakushitsu,ichi_shisu_juni,uma_start_shisu,5,529,96.73,8.05,89.67,True
COURSE_27_06_ダ_短距離,manken_shirushi+da_tekisei_code+umakigo_code+gekiso_juni,manken_shirushi,da_tekisei_code,umakigo_code,gekiso_juni,6,960,91.5,4.01,88.29,True
COURSE_27_06_ダ_短距離,hizume_code+umakigo_code+omo_tekisei_code+gekiso_juni,hizume_code,umakigo_code,omo_tekisei_code,gekiso_juni,5,559,86.12,2.29,84.11,True
COURSE_27_06_ダ_短距離,da_tekisei_code+joken_class_code+ichi_shisu_juni+uma_start_shisu,da_tekisei_code,joken_class_code,ichi_shisu_juni,uma_start_shisu,3,316,94.78,9.47,84.06,True
COURSE_27_06_ダ_短距離,pace_yoso+manken_shirushi+da_tekisei_code+gekiso_juni,pace_yoso,manken_shirushi,da_tekisei_code,gekiso_juni,6,879,87.39,5.72,82.81,True
COURSE_27_06_ダ_短距離,umakigo_code+omo_tekisei_code+kishu_minarai_code+ls_shisu_juni,umakigo_code,omo_tekisei_code,kishu_minarai_code,ls_shisu_juni,3,311,91.14,7.93,82.17,True
COURSE_27_06_ダ_短距離,pace_yoso+da_tekisei_code+uma_start_shisu+gekiso_juni,pace_yoso,da_tekisei_code,uma_start_shisu,gekiso_juni,5,702,84.71,4.27,80.97,True
COURSE_27_06_ダ_短距離,pace_yoso+da_tekisei_code+kishu_minarai_code+shiba_tekisei_code,pace_yoso,da_tekisei_code,kishu_minarai_code,shiba_tekisei_code,4,565,88.47,7.91,80.71,True
COURSE_27_06_ダ_短距離,da_tekisei_code+umakigo_code+uma_start_shisu+gekiso_juni,da_tekisei_code,umakigo_code,uma_start_shisu,gekiso_juni,5,700,83.87,3.81,80.53,True
COURSE_27_06_ダ_短距離,hizume_code+joken_class_code+umakigo_code+agari_shisu_juni,hizume_code,joken_class_code,umakigo_code,agari_shisu_juni,6,710,81.65,2.64,79.54,False
COURSE_27_06_ダ_短距離,pace_yoso+da_tekisei_code+ichi_shisu_juni+uma_start_shisu,pace_yoso,da_tekisei_code,ichi_shisu_juni,uma_start_shisu,7,868,86.2,9.98,78.81,False
COURSE_27_06_ダ_短距離,hizume_code+da_tekisei_code+umakigo_code+ichi_shisu_juni,hizume_code,da_tekisei_code,umakigo_code,ichi_shisu_juni,6,707,84.73,7.48,78.75,False
COURSE_27_06_ダ_短距離,hizume_code+da_tekisei_code+umakigo_code+gekiso_juni,hizume_code,da_tekisei_code,umakigo_code,gekiso_juni,5,776,82.47,4.41,78.6,False
COURSE_27_06_ダ_短距離,pace_yoso+omo_tekisei_code+ichi_shisu_juni+uma_start_shisu,pace_yoso,omo_tekisei_code,ichi_shisu_juni,uma_start_shisu,6,698,83.16,6.34,78.08,False
COURSE_27_06_ダ_短距離,hizume_code+joken_class_code+umakigo_code+ichi_shisu_juni,hizume_code,joken_class_code,umakigo_code,ichi_shisu_juni,6,725,83.37,6.87,77.87,False
COURSE_27_06_ダ_短距離,pace_yoso+omo_tekisei_code+uma_start_shisu+gekiso_juni,pace_yoso,omo_tekisei_code,uma_start_shisu,gekiso_juni,3,318,87.17,8.41,77.66,False
COURSE_27_06_ダ_短距離,pace_yoso+kyakushitsu+ichi_shisu_juni+uma_start_shisu,pace_yoso,kyakushitsu,ichi_shisu_juni,uma_start_shisu,8,1332,81.1,5.66,77.18,False
COURSE_27_06_ダ_短距離,hizume_code+da_tekisei_code+umakigo_code+agari_shisu_juni,hizume_code,da_tekisei_code,umakigo_code,agari_shisu_juni,8,899,83.77,9.78,76.99,False
COURSE_27_06_ダ_短距離,manken_shirushi+da_tekisei_code+umakigo_code+kyakushitsu,manken_shirushi,da_tekisei_code,umakigo_code,kyakushitsu,31,4280,80.68,11.62,76.59,False
COURSE_27_06_ダ_短距離,da_tekisei_code+umakigo_code+kyakushitsu+agari_shisu_juni,da_tekisei_code,umakigo_code,kyakushitsu,agari_shisu_juni,38,5314,79.37,9.13,76.47,False
COURSE_27_06_ダ_短距離,da_tekisei_code+joken_class_code+kyakushitsu+gekiso_juni,da_tekisei_code,joken_class_code,kyakushitsu,gekiso_juni,12,1529,84.73,15.01,76.23,False
COURSE_27_06_ダ_短距離,da_tekisei_code+umakigo_code+ichi_shisu_juni+uma_start_shisu,da_tekisei_code,umakigo_code,ichi_shisu_juni,uma_start_shisu,11,1304,84.46,13.93,76.23,False
COURSE_27_06_ダ_短距離,pace_yoso+joken_class_code+ichi_shisu_juni+uma_start_shisu,pace_yoso,joken_class_code,ichi_shisu_juni,uma_start_shisu,5,584,79.11,3.36,76.16,False
COURSE_27_06_ダ_短距離,da_tekisei_code+joken_class_code+umakigo_code+manken_shisu,da_tekisei_code,joken_class_code,umakigo_code,manken_shisu,15,1723,82.08,11.69,76.16,False
COURSE_27_06_ダ_短距離,da_tekisei_code+kyakushitsu+omo_tekisei_code+ichi_shisu_juni,da_tekisei_code,kyakushitsu,omo_tekisei_code,ichi_shisu_juni,21,2612,80.56,10.35,76.13,False
COURSE_27_06_ダ_短距離,pace_yoso+da_tekisei_code+umakigo_code+manken_shisu,pace_yoso,da_tekisei_code,umakigo_code,manken_shisu,28,4136,78.88,7.98,75.92,False
COURSE_27_06_ダ_短距離,kyakushitsu+omo_tekisei_code+ichi_shisu_juni+uma_start_shisu,kyakushitsu,omo_tekisei_code,ichi_shisu_juni,uma_start_shisu,4,496,83.97,8.39,75.75,False
COURSE_27_06_ダ_短距離,hizume_code+pace_yoso+da_tekisei_code+gekiso_juni,hizume_code,pace_yoso,da_tekisei_code,gekiso_juni,7,962,80.78,7.27,75.4,False
COURSE_27_06_ダ_短距離,hizume_code+manken_shirushi+umakigo_code+omo_tekisei_code,hizume_code,manken_shirushi,umakigo_code,omo_tekisei_code,4,437,84.72,9.84,75.07,False
COURSE_27_06_ダ_短距離,hizume_code+umakigo_code+kyakushitsu+ichi_shisu_juni,hizume_code,umakigo_code,kyakushitsu,ichi_shisu_juni,10,1304,79.95,8.07,74.95,False
COURSE_27_06_ダ_短距離,pace_yoso+umakigo_code+kishu_minarai_code+shiba_tekisei_code,pace_yoso,umakigo_code,kishu_minarai_code,shiba_tekisei_code,4,821,79.25,4.54,74.79,False
COURSE_27_06_ダ_短距離,da_tekisei_code+umakigo_code+kyakushitsu+gekiso_juni,da_tekisei_code,umakigo_code,kyakushitsu,gekiso_juni,32,4739,79.53,14.13,74.64,False
COURSE_27_06_ダ_短距離,pace_yoso+da_tekisei_code+omo_tekisei_code+manken_shisu,pace_yoso,da_tekisei_code,omo_tekisei_code,manken_shisu,6,665,81.23,8.27,74.61,False
COURSE_27_06_ダ_短距離,kyakushitsu+ichi_shisu_juni+uma_start_shisu+shiba_tekisei_code,kyakushitsu,ichi_shisu_juni,uma_start_shisu,shiba_tekisei_code,4,472,81.26,6.81,74.59,False
COURSE_27_06_ダ_短距離,da_tekisei_code+joken_class_code+umakigo_code+uma_start_shisu,da_tekisei_code,joken_class_code,umakigo_code,uma_start_shisu,26,5657,79.8,13.61,74.56,False
COURSE_27_06_ダ_短距離,pace_yoso+ichi_shisu_juni+uma_start_shisu+shiba_tekisei_code,pace_yoso,ichi_shisu_juni,uma_start_shisu,shiba_tekisei_code,6,703,82.43,9.86,74.55,False
COURSE_27_06_ダ_短距離,pace_yoso+kyakushitsu+omo_tekisei_code+gekiso_juni,pace_yoso,kyakushitsu,omo_tekisei_code,gekiso_juni,14,1883,78.61,7.77,74.54,False
COURSE_27_06_ダ_短距離,pace_yoso+manken_shirushi+kyakushitsu+uma_start_shisu,pace_yoso,manken_shirushi,kyakushitsu,uma_start_shisu,5,566,87.46,14.75,74.53,False
COURSE_27_06_ダ_短距離,manken_shirushi+da_tekisei_code+umakigo_code+omo_tekisei_code,manken_shirushi,da_tekisei_code,umakigo_code,omo_tekisei_code,33,5511,78.35,11.23,74.52,False
COURSE_27_06_ダ_短距離,da_tekisei_code+kyakushitsu+ichi_shisu_juni+shiba_tekisei_code,da_tekisei_code,kyakushitsu,ichi_shisu_juni,shiba_tekisei_code,11,1363,80.14,9.94,74.26,False
COURSE_27_06_ダ_短距離,pace_yoso+joken_class_code+kyakushitsu+gekiso_juni,pace_yoso,joken_class_code,kyakushitsu,gekiso_juni,18,2196,78.92,10.09,74.26,False
COURSE_27_06_ダ_短距離,pace_yoso+da_tekisei_code+gekiso_juni+ls_shisu_juni,pace_yoso,da_tekisei_code,gekiso_juni,ls_shisu_juni,12,1411,80.39,11.03,74.15,False
COURSE_27_06_ダ_短距離,da_tekisei_code+umakigo_code+ichi_shisu_juni+gekiso_juni,da_tekisei_code,umakigo_code,ichi_shisu_juni,gekiso_juni,3,349,84.72,9.36,74.13,False
COURSE_27_06_ダ_短距離,pace_yoso+manken_shirushi+umakigo_code+gekiso_juni,pace_yoso,manken_shirushi,umakigo_code,gekiso_juni,11,1560,80.34,10.59,74.08,False
COURSE_27_06_ダ_短距離,da_tekisei_code+umakigo_code+kishu_minarai_code+shiba_tekisei_code,da_tekisei_code,umakigo_code,kishu_minarai_code,shiba_tekisei_code,4,584,87.82,14.05,74.05,False
COURSE_27_06_ダ_短距離,pace_yoso+da_tekisei_code+joken_class_code+omo_tekisei_code,pace_yoso,da_tekisei_code,joken_class_code,omo_tekisei_code,21,9915,78.01,9.32,74.02,False
COURSE_27_06_ダ_短距離,da_tekisei_code+joken_class_code+uma_start_shisu+shiba_tekisei_code,da_tekisei_code,joken_class_code,uma_start_shisu,shiba_tekisei_code,10,1715,81.3,11.79,73.99,False
COURSE_27_06_ダ_短距離,manken_shirushi+da_tekisei_code+kyakushitsu+shiba_tekisei_code,manken_shirushi,da_tekisei_code,kyakushitsu,shiba_tekisei_code,4,451,88.09,14.42,73.95,False
COURSE_27_06_ダ_短距離,pace_yoso+kyakushitsu+uma_start_shisu+gekiso_juni,pace_yoso,kyakushitsu,uma_start_shisu,gekiso_juni,7,865,79.17,7.08,73.92,False
COURSE_27_06_ダ_短距離,hizume_code+umakigo_code+kyakushitsu+gekiso_juni,hizume_code,umakigo_code,kyakushitsu,gekiso_juni,4,469,82.1,8.37,73.9,False
COURSE_27_06_ダ_短距離,pace_yoso+joken_class_code+omo_tekisei_code+kishu_minarai_code,pace_yoso,joken_class_code,omo_tekisei_code,kishu_minarai_code,6,784,84.51,13.34,73.84,False
COURSE_27_06_ダ_短距離,pace_yoso+manken_shirushi+kyakushitsu+omo_tekisei_code,pace_yoso,manken_shirushi,kyakushitsu,omo_tekisei_code,13,1533,79.06,9.66,73.81,False
COURSE_27_06_ダ_短距離,hizume_code+manken_shirushi+da_tekisei_code+umakigo_code,hizume_code,manken_shirushi,da_tekisei_code,umakigo_code,5,732,79.18,6.19,73.76,False
COURSE_27_06_ダ_短距離,hizume_code+pace_yoso+omo_tekisei_code+gekiso_juni,hizume_code,pace_yoso,omo_tekisei_code,gekiso_juni,4,437,78.19,4.55,73.73,False
COURSE_27_06_ダ_短距離,pace_yoso+da_tekisei_code+kyakushitsu+ichi_shisu_juni,pace_yoso,da_tekisei_code,kyakushitsu,ichi_shisu_juni,34,5958,76.8,9.51,73.6,False
COURSE_27_06_ダ_短距離,pace_yoso+da_tekisei_code+umakigo_code+uma_start_shisu,pace_yoso,da_tekisei_code,umakigo_code,uma_start_shisu,30,7501,77.77,11.84,73.54,False
COURSE_27_06_ダ_短距離,pace_yoso+da_tekisei_code+kyakushitsu+gekiso_juni,pace_yoso,da_tekisei_code,kyakushitsu,gekiso_juni,25,3883,78.27,12.1,73.52,False
COURSE_27_06_ダ_短距離,pace_yoso+joken_class_code+kyakushitsu+ichi_shisu_juni,pace_yoso,joken_class_code,kyakushitsu,ichi_shisu_juni,30,5473,77.43,11.0,73.49,False
COURSE_27_06_ダ_短距離,hizume_code+da_tekisei_code+umakigo_code+omo_tekisei_code,hizume_code,da_tekisei_code,umakigo_code,omo_tekisei_code,30,7666,77.09,10.36,73.38,False
COURSE_27_06_ダ_短距離,manken_shirushi+umakigo_code+omo_tekisei_code+uma_start_shisu,manken_shirushi,umakigo_code,omo_tekisei_code,uma_start_shisu,6,667,81.44,10.09,73.37,False
COURSE_27_06_ダ_短距離,manken_shirushi+da_tekisei_code+joken_class_code+kyakushitsu,manken_shirushi,da_tekisei_code,joken_class_code,kyakushitsu,10,1078,81.97,13.9,73.36,False
COURSE_27_06_ダ_短距離,joken_class_code+kyakushitsu+omo_tekisei_code+ichi_shisu_juni,joken_class_code,kyakushitsu,omo_tekisei_code,ichi_shisu_juni,11,1568,77.64,7.41,73.26,False
COURSE_27_06_ダ_短距離,hizume_code+pace_yoso+da_tekisei_code+umakigo_code,hizume_code,pace_yoso,da_tekisei_code,umakigo_code,20,7769,75.96,6.44,73.14,False
COURSE_27_06_ダ_短距離,kyakushitsu+omo_tekisei_code+ichi_shisu_juni+shiba_tekisei_code,kyakushitsu,omo_tekisei_code,ichi_shisu_juni,shiba_tekisei_code,6,771,78.3,6.46,73.13,False
COURSE_27_06_ダ_短距離,da_tekisei_code+kyakushitsu+shiba_tekisei_code+gekiso_juni,da_tekisei_code,kyakushitsu,shiba_tekisei_code,gekiso_juni,4,558,84.19,11.36,73.05,False
COURSE_27_06_ダ_短距離,pace_yoso+da_tekisei_code+omo_tekisei_code+ls_shisu_juni,pace_yoso,da_tekisei_code,omo_tekisei_code,ls_shisu_juni,35,8406,76.84,11.5,73.03,False
COURSE_27_06_ダ_短距離,joken_class_code+kyakushitsu+omo_tekisei_code+gekiso_juni,joken_class_code,kyakushitsu,omo_tekisei_code,gekiso_juni,4,483,80.44,7.62,72.97,False
COURSE_27_06_ダ_短距離,pace_yoso+manken_shirushi+da_tekisei_code+kyakushitsu,pace_yoso,manken_shirushi,da_tekisei_code,kyakushitsu,23,3317,78.13,12.92,72.85,False
COURSE_27_06_ダ_短距離,pace_yoso+manken_shirushi+joken_class_code+omo_tekisei_code,pace_yoso,manken_shirushi,joken_class_code,omo_tekisei_code,24,3039,76.89,10.12,72.84,False
COURSE_27_06_ダ_短距離,pace_yoso+joken_class_code+omo_tekisei_code+agari_shisu_juni,pace_yoso,joken_class_code,omo_tekisei_code,agari_shisu_juni,27,3230,76.84,10.59,72.84,False
COURSE_27_06_ダ_短距離,joken_class_code+umakigo_code+kyakushitsu+ichi_shisu_juni,joken_class_code,umakigo_code,kyakushitsu,ichi_shisu_juni,37,6978,77.0,12.95,72.82,False
COURSE_27_06_ダ_短距離,hizume_code+pace_yoso+da_tekisei_code+omo_tekisei_code,hizume_code,pace_yoso,da_tekisei_code,omo_tekisei_code,32,7379,77.41,13.32,72.8,False
COURSE_27_06_ダ_短距離,da_tekisei_code+umakigo_code+omo_tekisei_code+ls_shisu_juni,da_tekisei_code,umakigo_code,omo_tekisei_code,ls_shisu_juni,34,8811,76.72,11.7,72.79,False
COURSE_27_06_ダ_短距離,umakigo_code+kyakushitsu+kishu_minarai_code+shiba_tekisei_code,umakigo_code,kyakushitsu,kishu_minarai_code,shiba_tekisei_code,3,446,81.51,7.75,72.74,False
COURSE_27_06_ダ_短距離,da_tekisei_code+joken_class_code+kyakushitsu+ichi_shisu_juni,da_tekisei_code,joken_class_code,kyakushitsu,ichi_shisu_juni,22,2923,77.65,11.76,72.74,False
COURSE_27_06_ダ_短距離,da_tekisei_code+umakigo_code+gekiso_juni+ls_shisu_juni,da_tekisei_code,umakigo_code,gekiso_juni,ls_shisu_juni,12,1495,79.22,11.56,72.68,False
COURSE_27_06_ダ_短距離,pace_yoso+da_tekisei_code+joken_class_code+uma_start_shisu,pace_yoso,da_tekisei_code,joken_class_code,uma_start_shisu,27,5399,77.66,13.24,72.67,False
COURSE_27_06_ダ_短距離,pace_yoso+manken_shirushi+da_tekisei_code+omo_tekisei_code,pace_yoso,manken_shirushi,da_tekisei_code,omo_tekisei_code,25,4144,77.79,13.34,72.57,False
COURSE_27_06_ダ_短距離,da_tekisei_code+umakigo_code+omo_tekisei_code+agari_shisu_juni,da_tekisei_code,umakigo_code,omo_tekisei_code,agari_shisu_juni,47,6895,76.18,12.67,72.56,False
COURSE_27_06_ダ_短距離,hizume_code+da_tekisei_code+umakigo_code+kyakushitsu,hizume_code,da_tekisei_code,umakigo_code,kyakushitsu,34,6664,75.75,9.48,72.56,False
COURSE_27_06_ダ_短距離,pace_yoso+da_tekisei_code+umakigo_code+omo_tekisei_code,pace_yoso,da_tekisei_code,umakigo_code,omo_tekisei_code,16,10231,75.93,6.94,72.53,False
COURSE_27_06_ダ_短距離,pace_yoso+da_tekisei_code+kyakushitsu+agari_shisu_juni,pace_yoso,da_tekisei_code,kyakushitsu,agari_shisu_juni,29,4213,76.23,10.19,72.52,False
COURSE_27_06_ダ_短距離,pace_yoso+manken_shirushi+umakigo_code+agari_shisu_juni,pace_yoso,manken_shirushi,umakigo_code,agari_shisu_juni,4,525,80.28,7.96,72.48,False
COURSE_27_06_ダ_短距離,manken_shirushi+joken_class_code+umakigo_code+omo_tekisei_code,manken_shirushi,joken_class_code,umakigo_code,omo_tekisei_code,24,4108,76.29,9.57,72.46,False
COURSE_27_06_ダ_短距離,manken_shirushi+umakigo_code+kyakushitsu+omo_tekisei_code,manken_shirushi,umakigo_code,kyakushitsu,omo_tekisei_code,17,2133,77.44,10.6,72.4,False
COURSE_27_06_ダ_短距離,hizume_code+pace_yoso+da_tekisei_code+kyakushitsu,hizume_code,pace_yoso,da_tekisei_code,kyakushitsu,30,5908,75.58,9.52,72.17,False
COURSE_27_06_ダ_短距離,umakigo_code+kyakushitsu+ichi_shisu+gekiso_juni,umakigo_code,kyakushitsu,ichi_shisu,gekiso_juni,4,421,76.74,4.7,72.13,False
COURSE_27_06_ダ_短距離,manken_shirushi+da_tekisei_code+joken_class_code+umakigo_code,manken_shirushi,da_tekisei_code,joken_class_code,umakigo_code,27,5397,76.39,11.39,72.1,False
COURSE_27_06_ダ_短距離,pace_yoso+manken_shirushi+joken_class_code+umakigo_code,pace_yoso,manken_shirushi,joken_class_code,umakigo_code,32,6930,75.48,9.81,72.08,False
COURSE_27_06_ダ_短距離,umakigo_code+kyakushitsu+omo_tekisei_code+agari_shisu_juni,umakigo_code,kyakushitsu,omo_tekisei_code,agari_shisu_juni,33,3944,76.1,11.78,72.08,False
COURSE_27_06_ダ_短距離,umakigo_code+omo_tekisei_code+kishu_minarai_code+shiba_tekisei_code,umakigo_code,omo_tekisei_code,kishu_minarai_code,shiba_tekisei_code,3,507,79.75,6.78,72.08,False
COURSE_27_06_ダ_短距離,pace_yoso+manken_shirushi+da_tekisei_code+umakigo_code,pace_yoso,manken_shirushi,da_tekisei_code,umakigo_code,17,5158,76.97,10.44,72.0,False
COURSE_27_06_ダ_短距離,hizume_code+pace_yoso+kyakushitsu+ichi_shisu_juni,hizume_code,pace_yoso,kyakushitsu,ichi_shisu_juni,7,914,80.1,10.93,72.0,False
COURSE_27_06_ダ_短距離,manken_shirushi+da_tekisei_code+joken_class_code+omo_tekisei_code,manken_shirushi,da_tekisei_code,joken_class_code,omo_tekisei_code,23,2876,76.55,11.29,71.93,False
COURSE_27_06_ダ_短距離,hizume_code+pace_yoso+da_tekisei_code+uma_start_shisu,hizume_code,pace_yoso,da_tekisei_code,uma_start_shisu,11,1794,78.27,10.75,71.92,False
COURSE_27_06_ダ_短距離,da_tekisei_code+umakigo_code+kyakushitsu+uma_start_shisu,da_tekisei_code,umakigo_code,kyakushitsu,uma_start_shisu,23,4830,76.67,11.64,71.91,False
COURSE_27_06_ダ_短距離,hizume_code+da_tekisei_code+joken_class_code+kyakushitsu,hizume_code,da_tekisei_code,joken_class_code,kyakushitsu,23,3636,76.45,11.13,71.9,False
COURSE_27_06_ダ_短距離,da_tekisei_code+joken_class_code+umakigo_code+ls_shisu_juni,da_tekisei_code,joken_class_code,umakigo_code,ls_shisu_juni,29,8336,76.69,13.23,71.88,False
COURSE_27_06_ダ_短距離,umakigo_code+kyakushitsu+omo_tekisei_code+ichi_shisu_juni,umakigo_code,kyakushitsu,omo_tekisei_code,ichi_shisu_juni,49,7174,75.26,12.11,71.87,False
COURSE_27_06_ダ_短距離,hizume_code+pace_yoso+manken_shirushi+da_tekisei_code,hizume_code,pace_yoso,manken_shirushi,da_tekisei_code,6,812,77.14,6.69,71.79,False
COURSE_27_06_ダ_短距離,da_tekisei_code+umakigo_code+kyakushitsu+ichi_shisu_juni,da_tekisei_code,umakigo_code,kyakushitsu,ichi_shisu_juni,43,7247,75.56,12.71,71.76,False
COURSE_27_06_ダ_短距離,pace_yoso+da_tekisei_code+joken_class_code+gekiso_juni,pace_yoso,da_tekisei_code,joken_class_code,gekiso_juni,37,6197,75.58,12.19,71.65,False
COURSE_27_06_ダ_短距離,da_tekisei_code+joken_class_code+omo_tekisei_code+ichi_shisu_juni,da_tekisei_code,joken_class_code,omo_tekisei_code,ichi_shisu_juni,19,2279,77.75,13.63,71.62,False
COURSE_27_06_ダ_短距離,hizume_code+pace_yoso+umakigo_code+omo_tekisei_code,hizume_code,pace_yoso,umakigo_code,omo_tekisei_code,32,9553,74.83,9.39,71.58,False
COURSE_27_06_ダ_短距離,pace_yoso+manken_shirushi+umakigo_code+omo_tekisei_code,pace_yoso,manken_shirushi,umakigo_code,omo_tekisei_code,24,5756,75.45,9.7,71.57,False
COURSE_27_06_ダ_短距離,joken_class_code+umakigo_code+uma_start_shisu+shiba_tekisei_code,joken_class_code,umakigo_code,uma_start_shisu,shiba_tekisei_code,16,3153,77.8,12.84,71.5,False
COURSE_27_06_ダ_短距離,da_tekisei_code+joken_class_code+umakigo_code+omo_tekisei_code,da_tekisei_code,joken_class_code,umakigo_code,omo_tekisei_code,18,9686,76.36,10.61,71.46,False
COURSE_27_06_ダ_短距離,pace_yoso+da_tekisei_code+kyakushitsu+omo_tekisei_code,pace_yoso,da_tekisei_code,kyakushitsu,omo_tekisei_code,31,10048,75.21,10.66,71.46,False
COURSE_27_06_ダ_短距離,pace_yoso+joken_class_code+omo_tekisei_code+ichi_shisu_juni,pace_yoso,joken_class_code,omo_tekisei_code,ichi_shisu_juni,23,2859,75.11,9.13,71.38,False
COURSE_27_06_ダ_短距離,pace_yoso+da_tekisei_code+joken_class_code+kishu_minarai_code,pace_yoso,da_tekisei_code,joken_class_code,kishu_minarai_code,7,1055,80.16,11.85,71.38,False
COURSE_27_06_ダ_短距離,da_tekisei_code+joken_class_code+omo_tekisei_code+agari_shisu_juni,da_tekisei_code,joken_class_code,omo_tekisei_code,agari_shisu_juni,20,2374,75.97,10.48,71.37,False
COURSE_27_06_ダ_短距離,pace_yoso+da_tekisei_code+joken_class_code+ls_shisu_juni,pace_yoso,da_tekisei_code,joken_class_code,ls_shisu_juni,34,8371,75.69,12.91,71.35,False
COURSE_27_06_ダ_短距離,manken_shirushi+joken_class_code+umakigo_code+ichi_shisu_juni,manken_shirushi,joken_class_code,umakigo_code,ichi_shisu_juni,8,1157,78.42,10.21,71.35,False
COURSE_27_06_ダ_短距離,manken_shirushi+umakigo_code+kyakushitsu+uma_start_shisu,manken_shirushi,umakigo_code,kyakushitsu,uma_start_shisu,8,981,80.19,12.82,71.31,False
COURSE_27_06_ダ_短距離,da_tekisei_code+joken_class_code+umakigo_code+agari_shisu_juni,da_tekisei_code,joken_class_code,umakigo_code,agari_shisu_juni,43,7200,75.5,14.16,71.27,False
COURSE_27_06_ダ_短距離,da_tekisei_code+joken_class_code+umakigo_code+ichi_shisu_juni,da_tekisei_code,joken_class_code,umakigo_code,ichi_shisu_juni,42,7018,74.92,12.14,71.25,False
COURSE_27_06_ダ_短距離,joken_class_code+umakigo_code+omo_tekisei_code+ichi_shisu_juni,joken_class_code,umakigo_code,omo_tekisei_code,ichi_shisu_juni,31,4854,74.04,8.14,71.18,False
COURSE_27_06_ダ_短距離,hizume_code+da_tekisei_code+joken_class_code+umakigo_code,hizume_code,da_tekisei_code,joken_class_code,umakigo_code,30,7472,75.21,11.31,71.17,False
COURSE_27_06_ダ_短距離,umakigo_code+kyakushitsu+uma_start_shisu+gekiso_juni,umakigo_code,kyakushitsu,uma_start_shisu,gekiso_juni,8,1105,78.85,11.11,71.15,False
COURSE_27_06_ダ_短距離,da_tekisei_code+umakigo_code+omo_tekisei_code+gekiso_juni,da_tekisei_code,umakigo_code,omo_tekisei_code,gekiso_juni,43,6873,75.41,14.25,71.15,False
COURSE_27_06_ダ_短距離,da_tekisei_code+umakigo_code+omo_tekisei_code+uma_start_shisu,da_tekisei_code,umakigo_code,omo_tekisei_code,uma_start_shisu,26,5486,75.74,12.07,71.1,False
COURSE_27_06_ダ_短距離,pace_yoso+da_tekisei_code+kyakushitsu+uma_start_shisu,pace_yoso,da_tekisei_code,kyakushitsu,uma_start_shisu,23,4627,75.7,11.33,71.07,False
COURSE_27_06_ダ_短距離,pace_yoso+umakigo_code+kyakushitsu+ichi_shisu_juni,pace_yoso,umakigo_code,kyakushitsu,ichi_shisu_juni,36,10059,74.05,9.16,71.06,False
COURSE_27_06_ダ_短距離,umakigo_code+kyakushitsu+ichi_shisu_juni+gekiso_juni,umakigo_code,kyakushitsu,ichi_shisu_juni,gekiso_juni,5,530,80.17,10.4,71.06,False
COURSE_27_06_ダ_短距離,da_tekisei_code+umakigo_code+omo_tekisei_code+ichi_shisu_juni,da_tekisei_code,umakigo_code,omo_tekisei_code,ichi_shisu_juni,44,6549,74.89,13.06,71.03,False
COURSE_27_06_ダ_短距離,joken_class_code+omo_tekisei_code+ichi_shisu_juni+uma_start_shisu,joken_class_code,omo_tekisei_code,ichi_shisu_juni,uma_start_shisu,5,563,77.98,7.98,70.99,False
COURSE_27_06_ダ_短距離,pace_yoso+joken_class_code+umakigo_code+uma_start_shisu,pace_yoso,joken_class_code,umakigo_code,uma_start_shisu,33,7353,75.28,12.61,70.98,False
COURSE_27_06_ダ_短距離,hizume_code+da_tekisei_code+joken_class_code+omo_tekisei_code,hizume_code,da_tekisei_code,joken_class_code,omo_tekisei_code,30,5833,74.54,10.13,70.91,False
COURSE_27_06_ダ_短距離,pace_yoso+da_tekisei_code+joken_class_code+kyakushitsu,pace_yoso,da_tekisei_code,joken_class_code,kyakushitsu,28,9669,75.42,12.23,70.89,False
COURSE_27_06_ダ_短距離,pace_yoso+da_tekisei_code+joken_class_code+agari_shisu_juni,pace_yoso,da_tekisei_code,joken_class_code,agari_shisu_juni,38,5785,74.79,12.36,70.86,False
COURSE_27_06_ダ_短距離,hizume_code+manken_shirushi+joken_class_code+umakigo_code,hizume_code,manken_shirushi,joken_class_code,umakigo_code,7,833,80.63,13.2,70.85,False
COURSE_27_06_ダ_短距離,pace_yoso+da_tekisei_code+kyakushitsu+shiba_tekisei_code,pace_yoso,da_tekisei_code,kyakushitsu,shiba_tekisei_code,16,5229,75.14,8.75,70.85,False
COURSE_27_06_ダ_短距離,pace_yoso+manken_shirushi+umakigo_code+kyakushitsu,pace_yoso,manken_shirushi,umakigo_code,kyakushitsu,38,6406,74.42,11.28,70.84,False
COURSE_27_06_ダ_短距離,pace_yoso+kyakushitsu+omo_tekisei_code+kishu_minarai_code,pace_yoso,kyakushitsu,omo_tekisei_code,kishu_minarai_code,3,343,81.72,9.63,70.82,False
COURSE_27_06_ダ_短距離,joken_class_code+umakigo_code+kyakushitsu+kishu_minarai_code,joken_class_code,umakigo_code,kyakushitsu,kishu_minarai_code,6,827,84.09,16.61,70.8,False
COURSE_27_06_ダ_短距離,da_tekisei_code+uma_start_shisu+shiba_tekisei_code+ls_shisu_juni,da_tekisei_code,uma_start_shisu,shiba_tekisei_code,ls_shisu_juni,4,571,79.08,8.57,70.69,False
COURSE_27_06_ダ_短距離,manken_shirushi+joken_class_code+umakigo_code+shiba_tekisei_code,manken_shirushi,joken_class_code,umakigo_code,shiba_tekisei_code,15,2565,75.94,10.37,70.69,False
COURSE_27_06_ダ_短距離,pace_yoso+umakigo_code+omo_tekisei_code+manken_shisu,pace_yoso,umakigo_code,omo_tekisei_code,manken_shisu,21,2386,75.14,10.43,70.68,False
COURSE_27_06_ダ_短距離,umakigo_code+kyakushitsu+uma_start_shisu+agari_shisu_juni,umakigo_code,kyakushitsu,uma_start_shisu,agari_shisu_juni,9,993,79.05,12.83,70.67,False
COURSE_27_06_ダ_短距離,pace_yoso+joken_class_code+umakigo_code+manken_shisu,pace_yoso,joken_class_code,umakigo_code,manken_shisu,24,2709,75.16,11.28,70.65,False
COURSE_27_06_ダ_短距離,hizume_code+da_tekisei_code+umakigo_code+uma_start_shisu,hizume_code,da_tekisei_code,umakigo_code,uma_start_shisu,11,1821,77.79,12.09,70.65,False
COURSE_27_06_ダ_短距離,da_tekisei_code+umakigo_code+kyakushitsu+omo_tekisei_code,da_tekisei_code,umakigo_code,kyakushitsu,omo_tekisei_code,23,9571,74.64,9.85,70.62,False
COURSE_27_06_ダ_短距離,pace_yoso+joken_class_code+omo_tekisei_code+gekiso_juni,pace_yoso,joken_class_code,omo_tekisei_code,gekiso_juni,28,3488,75.18,12.43,70.57,False
COURSE_27_06_ダ_短距離,umakigo_code+kyakushitsu+omo_tekisei_code+kishu_minarai_code,umakigo_code,kyakushitsu,omo_tekisei_code,kishu_minarai_code,4,531,84.78,14.53,70.55,False
COURSE_27_06_ダ_短距離,pace_yoso+manken_shirushi+joken_class_code+shiba_tekisei_code,pace_yoso,manken_shirushi,joken_class_code,shiba_tekisei_code,16,2128,74.41,7.89,70.55,False
COURSE_27_06_ダ_短距離,pace_yoso+umakigo_code+kyakushitsu+omo_tekisei_code,pace_yoso,umakigo_code,kyakushitsu,omo_tekisei_code,22,11096,73.63,7.48,70.51,False
COURSE_27_06_ダ_短距離,pace_yoso+umakigo_code+omo_tekisei_code+uma_start_shisu,pace_yoso,umakigo_code,omo_tekisei_code,uma_start_shisu,37,8142,74.26,11.75,70.47,False
COURSE_27_06_ダ_短距離,hizume_code+joken_class_code+umakigo_code+kyakushitsu,hizume_code,joken_class_code,umakigo_code,kyakushitsu,31,5536,74.62,11.83,70.46,False
COURSE_27_06_ダ_短距離,joken_class_code+umakigo_code+kyakushitsu+gekiso_juni,joken_class_code,umakigo_code,kyakushitsu,gekiso_juni,32,4148,74.54,11.79,70.45,False
COURSE_27_06_ダ_短距離,pace_yoso+da_tekisei_code+joken_class_code+ichi_shisu_juni,pace_yoso,da_tekisei_code,joken_class_code,ichi_shisu_juni,43,6279,74.22,12.65,70.44,False
COURSE_27_06_ダ_短距離,pace_yoso+manken_shirushi+da_tekisei_code+joken_class_code,pace_yoso,manken_shirushi,da_tekisei_code,joken_class_code,27,4650,75.1,12.38,70.43,False
COURSE_27_06_ダ_短距離,pace_yoso+joken_class_code+kyakushitsu+uma_start_shisu,pace_yoso,joken_class_code,kyakushitsu,uma_start_shisu,20,3845,75.48,11.53,70.43,False
COURSE_27_06_ダ_短距離,pace_yoso+da_tekisei_code+umakigo_code+ls_shisu_juni,pace_yoso,da_tekisei_code,umakigo_code,ls_shisu_juni,21,8764,74.21,8.86,70.42,False
COURSE_27_06_ダ_短距離,joken_class_code+umakigo_code+kyakushitsu+uma_start_shisu,joken_class_code,umakigo_code,kyakushitsu,uma_start_shisu,22,4483,76.8,15.43,70.35,False
COURSE_27_06_ダ_短距離,da_tekisei_code+umakigo_code+omo_tekisei_code+manken_shisu,da_tekisei_code,umakigo_code,omo_tekisei_code,manken_shisu,7,745,77.72,9.94,70.35,False
COURSE_27_06_ダ_短距離,da_tekisei_code+umakigo_code+ichi_shisu_juni+shiba_tekisei_code,da_tekisei_code,umakigo_code,ichi_shisu_juni,shiba_tekisei_code,24,3623,75.67,13.32,70.34,False
COURSE_27_06_ダ_短距離,pace_yoso+da_tekisei_code+umakigo_code+kyakushitsu,pace_yoso,da_tekisei_code,umakigo_code,kyakushitsu,21,10062,73.43,7.3,70.31,False
COURSE_27_06_ダ_短距離,hizume_code+da_tekisei_code+joken_class_code+shiba_tekisei_code,hizume_code,da_tekisei_code,joken_class_code,shiba_tekisei_code,16,2866,74.43,8.47,70.28,False
COURSE_27_06_ダ_短距離,manken_shirushi+joken_class_code+umakigo_code+kyakushitsu,manken_shirushi,joken_class_code,umakigo_code,kyakushitsu,27,3495,74.83,12.11,70.26,False
COURSE_27_06_ダ_短距離,hizume_code+umakigo_code+kyakushitsu+omo_tekisei_code,hizume_code,umakigo_code,kyakushitsu,omo_tekisei_code,39,7138,74.02,11.97,70.26,False
COURSE_27_06_ダ_短距離,hizume_code+pace_yoso+da_tekisei_code+joken_class_code,hizume_code,pace_yoso,da_tekisei_code,joken_class_code,30,6987,73.78,9.84,70.25,False
COURSE_27_06_ダ_短距離,pace_yoso+manken_shirushi+joken_class_code+kyakushitsu,pace_yoso,manken_shirushi,joken_class_code,kyakushitsu,20,2236,75.46,11.97,70.22,False
COURSE_27_06_ダ_短距離,pace_yoso+da_tekisei_code+uma_start_shisu+ls_shisu_juni,pace_yoso,da_tekisei_code,uma_start_shisu,ls_shisu_juni,15,2406,75.71,10.85,70.22,False
COURSE_27_06_ダ_短距離,hizume_code+pace_yoso+umakigo_code+kyakushitsu,hizume_code,pace_yoso,umakigo_code,kyakushitsu,34,8681,73.68,10.33,70.21,False
COURSE_27_06_ダ_短距離,pace_yoso+da_tekisei_code+joken_class_code+umakigo_code,pace_yoso,da_tekisei_code,joken_class_code,umakigo_code,16,10191,73.92,7.61,70.19,False
COURSE_27_06_ダ_短距離,pace_yoso+kyakushitsu+omo_tekisei_code+ichi_shisu_juni,pace_yoso,kyakushitsu,omo_tekisei_code,ichi_shisu_juni,41,5784,73.59,11.15,70.17,False
COURSE_27_06_ダ_短距離,hizume_code+pace_yoso+joken_class_code+kyakushitsu,hizume_code,pace_yoso,joken_class_code,kyakushitsu,30,4793,74.41,11.85,70.17,False
COURSE_27_06_ダ_短距離,umakigo_code+omo_tekisei_code+ichi_shisu_juni+uma_start_shisu,umakigo_code,omo_tekisei_code,ichi_shisu_juni,uma_start_shisu,7,1004,76.65,8.76,70.16,False
COURSE_27_06_ダ_短距離,da_tekisei_code+joken_class_code+omo_tekisei_code+ls_shisu_juni,da_tekisei_code,joken_class_code,omo_tekisei_code,ls_shisu_juni,37,6807,74.39,13.11,70.16,False
COURSE_27_06_ダ_短距離,pace_yoso+da_tekisei_code+umakigo_code+gekiso_juni,pace_yoso,da_tekisei_code,umakigo_code,gekiso_juni,31,7888,74.7,12.96,70.14,False
COURSE_27_06_ダ_短距離,hizume_code+joken_class_code+umakigo_code+omo_tekisei_code,hizume_code,joken_class_code,umakigo_code,omo_tekisei_code,36,7996,73.76,11.11,70.14,False
COURSE_27_06_ダ_短距離,da_tekisei_code+umakigo_code+kyakushitsu+ls_shisu_juni,da_tekisei_code,umakigo_code,kyakushitsu,ls_shisu_juni,38,8062,74.34,13.27,70.12,False
COURSE_27_06_ダ_短距離,da_tekisei_code+umakigo_code+uma_start_shisu+shiba_tekisei_code,da_tekisei_code,umakigo_code,uma_start_shisu,shiba_tekisei_code,15,2930,75.97,11.62,70.09,False
COURSE_27_06_ダ_短距離,pace_yoso+umakigo_code+omo_tekisei_code+ls_shisu_juni,pace_yoso,umakigo_code,omo_tekisei_code,ls_shisu_juni,29,10116,73.94,10.6,70.08,False
COURSE_27_06_ダ_短距離,manken_shirushi+umakigo_code+kyakushitsu+shiba_tekisei_code,manken_shirushi,umakigo_code,kyakushitsu,shiba_tekisei_code,17,2347,75.57,11.74,69.99,False
COURSE_27_06_ダ_短距離,pace_yoso+da_tekisei_code+omo_tekisei_code+agari_shisu_juni,pace_yoso,da_tekisei_code,omo_tekisei_code,agari_shisu_juni,35,5254,73.96,12.13,69.94,False
COURSE_27_06_ダ_短距離,hizume_code+pace_yoso+joken_class_code+umakigo_code,hizume_code,pace_yoso,joken_class_code,umakigo_code,33,8762,72.96,8.87,69.94,False
COURSE_27_06_ダ_短距離,pace_yoso+joken_class_code+omo_tekisei_code+ls_shisu_juni,pace_yoso,joken_class_code,omo_tekisei_code,ls_shisu_juni,47,8854,73.34,11.97,69.92,False
COURSE_27_06_ダ_短距離,pace_yoso+joken_class_code+umakigo_code+omo_tekisei_code,pace_yoso,joken_class_code,umakigo_code,omo_tekisei_code,20,11359,72.85,6.71,69.91,False
COURSE_27_06_ダ_短距離,da_tekisei_code+joken_class_code+kyakushitsu+ls_shisu_juni,da_tekisei_code,joken_class_code,kyakushitsu,ls_shisu_juni,31,4991,74.38,12.71,69.91,False
COURSE_27_06_ダ_短距離,pace_yoso+joken_class_code+omo_tekisei_code+uma_start_shisu,pace_yoso,joken_class_code,omo_tekisei_code,uma_start_shisu,23,4515,74.01,10.02,69.91,False
COURSE_27_06_ダ_短距離,da_tekisei_code+joken_class_code+shiba_tekisei_code+gekiso_juni,da_tekisei_code,joken_class_code,shiba_tekisei_code,gekiso_juni,15,1917,76.85,13.74,69.9,False
COURSE_27_06_ダ_短距離,manken_shirushi+da_tekisei_code+joken_class_code+shiba_tekisei_code,manken_shirushi,da_tekisei_code,joken_class_code,shiba_tekisei_code,15,1840,76.0,12.07,69.9,False
COURSE_27_06_ダ_短距離,pace_yoso+da_tekisei_code+joken_class_code+shiba_tekisei_code,pace_yoso,da_tekisei_code,joken_class_code,shiba_tekisei_code,12,5300,73.93,7.15,69.89,False
COURSE_27_06_ダ_短距離,da_tekisei_code+joken_class_code+umakigo_code+gekiso_juni,da_tekisei_code,joken_class_code,umakigo_code,gekiso_juni,39,7332,73.82,12.54,69.89,False
COURSE_27_06_ダ_短距離,da_tekisei_code+joken_class_code+kyakushitsu+uma_start_shisu,da_tekisei_code,joken_class_code,kyakushitsu,uma_start_shisu,15,2800,75.27,10.7,69.86,False
COURSE_27_06_ダ_短距離,pace_yoso+da_tekisei_code+omo_tekisei_code+uma_start_shisu,pace_yoso,da_tekisei_code,omo_tekisei_code,uma_start_shisu,26,5242,74.3,11.56,69.86,False
COURSE_27_06_ダ_短距離,pace_yoso+umakigo_code+kyakushitsu+uma_start_shisu,pace_yoso,umakigo_code,kyakushitsu,uma_start_shisu,32,7474,73.51,10.57,69.85,False
COURSE_27_06_ダ_短距離,pace_yoso+uma_start_shisu+shiba_tekisei_code+gekiso_juni,pace_yoso,uma_start_shisu,shiba_tekisei_code,gekiso_juni,5,507,77.96,9.26,69.84,False
COURSE_27_06_ダ_短距離,da_tekisei_code+umakigo_code+shiba_tekisei_code+agari_shisu_juni,da_tekisei_code,umakigo_code,shiba_tekisei_code,agari_shisu_juni,24,3689,74.34,11.27,69.83,False
COURSE_27_06_ダ_短距離,hizume_code+pace_yoso+joken_class_code+omo_tekisei_code,hizume_code,pace_yoso,joken_class_code,omo_tekisei_code,40,7548,73.45,11.74,69.81,False
COURSE_27_06_ダ_短距離,pace_yoso+umakigo_code+omo_tekisei_code+ichi_shisu_juni,pace_yoso,umakigo_code,omo_tekisei_code,ichi_shisu_juni,48,9241,72.69,10.26,69.79,False
COURSE_27_06_ダ_短距離,joken_class_code+umakigo_code+omo_tekisei_code+ls_shisu_juni,joken_class_code,umakigo_code,omo_tekisei_code,ls_shisu_juni,38,8880,73.12,10.52,69.78,False
COURSE_27_06_ダ_短距離,pace_yoso+da_tekisei_code+shiba_tekisei_code+agari_shisu_juni,pace_yoso,da_tekisei_code,shiba_tekisei_code,agari_shisu_juni,19,3067,74.55,10.69,69.74,False
COURSE_27_06_ダ_短距離,da_tekisei_code+joken_class_code+kyakushitsu+agari_shisu_juni,da_tekisei_code,joken_class_code,kyakushitsu,agari_shisu_juni,7,796,75.73,8.11,69.72,False
COURSE_27_06_ダ_短距離,pace_yoso+joken_class_code+umakigo_code+ichi_shisu_juni,pace_yoso,joken_class_code,umakigo_code,ichi_shisu_juni,51,10051,72.77,11.13,69.71,False
COURSE_27_06_ダ_短距離,manken_shirushi+da_tekisei_code+umakigo_code+shiba_tekisei_code,manken_shirushi,da_tekisei_code,umakigo_code,shiba_tekisei_code,16,2811,76.35,13.55,69.7,False
COURSE_27_06_ダ_短距離,joken_class_code+umakigo_code+omo_tekisei_code+uma_start_shisu,joken_class_code,umakigo_code,omo_tekisei_code,uma_start_shisu,25,5232,73.39,9.69,69.59,False
COURSE_27_06_ダ_短距離,umakigo_code+kyakushitsu+omo_tekisei_code+gekiso_juni,umakigo_code,kyakushitsu,omo_tekisei_code,gekiso_juni,21,2836,74.29,11.04,69.57,False
COURSE_27_06_ダ_短距離,pace_yoso+joken_class_code+kyakushitsu+omo_tekisei_code,pace_yoso,joken_class_code,kyakushitsu,omo_tekisei_code,37,10445,72.11,8.04,69.52,False
COURSE_27_06_ダ_短距離,pace_yoso+da_tekisei_code+uma_start_shisu+agari_shisu_juni,pace_yoso,da_tekisei_code,uma_start_shisu,agari_shisu_juni,4,410,80.02,10.72,69.51,False
COURSE_27_06_ダ_短距離,pace_yoso+da_tekisei_code+umakigo_code+idm,pace_yoso,da_tekisei_code,umakigo_code,idm,20,2709,75.75,14.49,69.4,False
COURSE_27_06_ダ_短距離,joken_class_code+umakigo_code+omo_tekisei_code+manken_shisu,joken_class_code,umakigo_code,omo_tekisei_code,manken_shisu,4,411,74.27,4.97,69.4,False
COURSE_27_06_ダ_短距離,pace_yoso+da_tekisei_code+umakigo_code+agari_shisu_juni,pace_yoso,da_tekisei_code,umakigo_code,agari_shisu_juni,32,7879,73.66,12.31,69.39,False
COURSE_27_06_ダ_短距離,manken_shirushi+da_tekisei_code+umakigo_code+uma_start_shisu,manken_shirushi,da_tekisei_code,umakigo_code,uma_start_shisu,6,731,79.57,12.75,69.37,False
COURSE_27_06_ダ_短距離,hizume_code+pace_yoso+umakigo_code+agari_shisu_juni,hizume_code,pace_yoso,umakigo_code,agari_shisu_juni,20,2759,73.96,10.46,69.37,False
COURSE_27_06_ダ_短距離,pace_yoso+da_tekisei_code+omo_tekisei_code+ichi_shisu_juni,pace_yoso,da_tekisei_code,omo_tekisei_code,ichi_shisu_juni,36,5304,73.9,13.92,69.35,False
COURSE_27_06_ダ_短距離,pace_yoso+joken_class_code+shiba_tekisei_code+agari_shisu_juni,pace_yoso,joken_class_code,shiba_tekisei_code,agari_shisu_juni,22,2705,74.7,12.9,69.31,False
COURSE_27_06_ダ_短距離,pace_yoso+kyakushitsu+omo_tekisei_code+shiba_tekisei_code,pace_yoso,kyakushitsu,omo_tekisei_code,shiba_tekisei_code,21,6330,72.33,7.06,69.31,False
COURSE_27_06_ダ_短距離,pace_yoso+kyakushitsu+ichi_shisu_juni+ls_shisu_juni,pace_yoso,kyakushitsu,ichi_shisu_juni,ls_shisu_juni,17,2400,73.3,8.4,69.3,False
COURSE_27_06_ダ_短距離,pace_yoso+umakigo_code+ichi_shisu_juni+gekiso_juni,pace_yoso,umakigo_code,ichi_shisu_juni,gekiso_juni,11,1264,76.22,11.87,69.2,False
COURSE_27_06_ダ_短距離,hizume_code+da_tekisei_code+kyakushitsu+shiba_tekisei_code,hizume_code,da_tekisei_code,kyakushitsu,shiba_tekisei_code,12,1912,76.24,12.45,69.19,False
COURSE_27_06_ダ_短距離,hizume_code+joken_class_code+kyakushitsu+omo_tekisei_code,hizume_code,joken_class_code,kyakushitsu,omo_tekisei_code,22,3186,74.14,12.0,69.12,False
COURSE_27_06_ダ_短距離,da_tekisei_code+joken_class_code+omo_tekisei_code+gekiso_juni,da_tekisei_code,joken_class_code,omo_tekisei_code,gekiso_juni,26,3327,74.58,14.25,69.1,False
COURSE_27_06_ダ_短距離,joken_class_code+omo_tekisei_code+shiba_tekisei_code+agari_shisu_juni,joken_class_code,omo_tekisei_code,shiba_tekisei_code,agari_shisu_juni,9,981,75.68,10.07,69.1,False
COURSE_27_06_ダ_短距離,da_tekisei_code+joken_class_code+omo_tekisei_code+uma_start_shisu,da_tekisei_code,joken_class_code,omo_tekisei_code,uma_start_shisu,21,3712,74.26,12.12,69.08,False
COURSE_27_06_ダ_短距離,da_tekisei_code+kyakushitsu+omo_tekisei_code+shiba_tekisei_code,da_tekisei_code,kyakushitsu,omo_tekisei_code,shiba_tekisei_code,19,4675,73.64,10.16,69.07,False
COURSE_27_06_ダ_短距離,hizume_code+joken_class_code+umakigo_code+shiba_tekisei_code,hizume_code,joken_class_code,umakigo_code,shiba_tekisei_code,18,4049,72.75,8.02,69.04,False
COURSE_27_06_ダ_短距離,joken_class_code+umakigo_code+omo_tekisei_code+gekiso_juni,joken_class_code,umakigo_code,omo_tekisei_code,gekiso_juni,32,5141,73.43,12.72,69.03,False
COURSE_27_06_ダ_短距離,pace_yoso+umakigo_code+kyakushitsu+ls_shisu_juni,pace_yoso,umakigo_code,kyakushitsu,ls_shisu_juni,41,11066,72.1,10.07,69.02,False
COURSE_27_06_ダ_短距離,pace_yoso+da_tekisei_code+omo_tekisei_code+kishu_minarai_code,pace_yoso,da_tekisei_code,omo_tekisei_code,kishu_minarai_code,5,725,87.26,20.87,68.97,False
COURSE_27_06_ダ_短距離,pace_yoso+da_tekisei_code+uma_start_shisu+shiba_tekisei_code,pace_yoso,da_tekisei_code,uma_start_shisu,shiba_tekisei_code,16,2992,74.3,10.93,68.94,False
COURSE_27_06_ダ_短距離,manken_shirushi+umakigo_code+omo_tekisei_code+shiba_tekisei_code,manken_shirushi,umakigo_code,omo_tekisei_code,shiba_tekisei_code,21,3095,74.89,14.0,68.91,False
COURSE_27_06_ダ_短距離,pace_yoso+manken_shirushi+da_tekisei_code+shiba_tekisei_code,pace_yoso,manken_shirushi,da_tekisei_code,shiba_tekisei_code,10,2013,78.34,15.23,68.91,False
COURSE_27_06_ダ_短距離,umakigo_code+kyakushitsu+ichi_shisu_juni+ls_shisu_juni,umakigo_code,kyakushitsu,ichi_shisu_juni,ls_shisu_juni,23,3119,73.38,10.99,68.88,False
COURSE_27_06_ダ_短距離,pace_yoso+joken_class_code+kyakushitsu+agari_shisu_juni,pace_yoso,joken_class_code,kyakushitsu,agari_shisu_juni,29,3254,73.4,12.45,68.87,False
COURSE_27_06_ダ_短距離,pace_yoso+kyakushitsu+ichi_shisu_juni+gekiso_juni,pace_yoso,kyakushitsu,ichi_shisu_juni,gekiso_juni,7,736,76.42,10.21,68.86,False
COURSE_27_06_ダ_短距離,da_tekisei_code+umakigo_code+shiba_tekisei_code+gekiso_juni,da_tekisei_code,umakigo_code,shiba_tekisei_code,gekiso_juni,23,3673,73.48,11.31,68.86,False
COURSE_27_06_ダ_短距離,pace_yoso+kyakushitsu+omo_tekisei_code+agari_shisu_juni,pace_yoso,kyakushitsu,omo_tekisei_code,agari_shisu_juni,28,3054,72.82,10.75,68.83,False
COURSE_27_06_ダ_短距離,pace_yoso+joken_class_code+umakigo_code+ls_shisu_juni,pace_yoso,joken_class_code,umakigo_code,ls_shisu_juni,35,11571,72.22,10.23,68.83,False
COURSE_27_06_ダ_短距離,pace_yoso+umakigo_code+kyakushitsu+gekiso_juni,pace_yoso,umakigo_code,kyakushitsu,gekiso_juni,43,7881,72.23,11.38,68.83,False
COURSE_27_06_ダ_短距離,pace_yoso+da_tekisei_code+umakigo_code+ichi_shisu_juni,pace_yoso,da_tekisei_code,umakigo_code,ichi_shisu_juni,32,7879,73.33,13.08,68.8,False
COURSE_27_06_ダ_短距離,pace_yoso+da_tekisei_code+kyakushitsu+ls_shisu_juni,pace_yoso,da_tekisei_code,kyakushitsu,ls_shisu_juni,38,7550,73.24,13.99,68.79,False
COURSE_27_06_ダ_短距離,pace_yoso+da_tekisei_code+umakigo_code+shiba_tekisei_code,pace_yoso,da_tekisei_code,umakigo_code,shiba_tekisei_code,10,5627,72.83,6.53,68.79,False
COURSE_27_06_ダ_短距離,da_tekisei_code+joken_class_code+shiba_tekisei_code+agari_shisu_juni,da_tekisei_code,joken_class_code,shiba_tekisei_code,agari_shisu_juni,13,1484,76.84,14.95,68.72,False
COURSE_27_06_ダ_短距離,joken_class_code+umakigo_code+ichi_shisu_juni+ls_shisu_juni,joken_class_code,umakigo_code,ichi_shisu_juni,ls_shisu_juni,13,2359,73.07,8.15,68.64,False
COURSE_27_06_ダ_短距離,pace_yoso+da_tekisei_code+omo_tekisei_code+gekiso_juni,pace_yoso,da_tekisei_code,omo_tekisei_code,gekiso_juni,34,5447,73.08,13.19,68.64,False
COURSE_27_06_ダ_短距離,da_tekisei_code+omo_tekisei_code+shiba_tekisei_code+gekiso_juni,da_tekisei_code,omo_tekisei_code,shiba_tekisei_code,gekiso_juni,10,1251,74.06,8.83,68.58,False
COURSE_27_06_ダ_短距離,umakigo_code+kyakushitsu+omo_tekisei_code+ls_shisu_juni,umakigo_code,kyakushitsu,omo_tekisei_code,ls_shisu_juni,46,8571,72.13,12.37,68.56,False
COURSE_27_06_ダ_短距離,pace_yoso+da_tekisei_code+omo_tekisei_code+shiba_tekisei_code,pace_yoso,da_tekisei_code,omo_tekisei_code,shiba_tekisei_code,15,5633,74.22,11.21,68.55,False
COURSE_27_06_ダ_短距離,da_tekisei_code+joken_class_code+ichi_shisu_juni+shiba_tekisei_code,da_tekisei_code,joken_class_code,ichi_shisu_juni,shiba_tekisei_code,13,1455,76.39,14.78,68.36,False
COURSE_27_06_ダ_短距離,umakigo_code+omo_tekisei_code+uma_start_shisu+gekiso_juni,umakigo_code,omo_tekisei_code,uma_start_shisu,gekiso_juni,7,844,77.0,11.68,68.35,False
COURSE_27_06_ダ_短距離,da_tekisei_code+joken_class_code+umakigo_code+kyakushitsu,da_tekisei_code,joken_class_code,umakigo_code,kyakushitsu,23,9368,74.59,15.29,68.34,False
COURSE_27_06_ダ_短距離,da_tekisei_code+kyakushitsu+shiba_tekisei_code+ls_shisu_juni,da_tekisei_code,kyakushitsu,shiba_tekisei_code,ls_shisu_juni,16,2594,73.53,10.6,68.33,False
COURSE_27_06_ダ_短距離,da_tekisei_code+kyakushitsu+omo_tekisei_code+ls_shisu_juni,da_tekisei_code,kyakushitsu,omo_tekisei_code,ls_shisu_juni,32,4778,72.16,11.09,68.32,False
COURSE_27_06_ダ_短距離,hizume_code+pace_yoso+kyakushitsu+omo_tekisei_code,hizume_code,pace_yoso,kyakushitsu,omo_tekisei_code,38,6475,73.21,15.39,68.32,False
COURSE_27_06_ダ_短距離,da_tekisei_code+kyakushitsu+omo_tekisei_code+gekiso_juni,da_tekisei_code,kyakushitsu,omo_tekisei_code,gekiso_juni,7,965,78.94,14.37,68.29,False
COURSE_27_06_ダ_短距離,pace_yoso+umakigo_code+uma_start_shisu+shiba_tekisei_code,pace_yoso,umakigo_code,uma_start_shisu,shiba_tekisei_code,18,4556,71.98,8.0,68.28,False
COURSE_27_06_ダ_短距離,pace_yoso+joken_class_code+ichi_shisu_juni+shiba_tekisei_code,pace_yoso,joken_class_code,ichi_shisu_juni,shiba_tekisei_code,21,2640,73.7,12.77,68.24,False
COURSE_27_06_ダ_短距離,pace_yoso+manken_shirushi+omo_tekisei_code+shiba_tekisei_code,pace_yoso,manken_shirushi,omo_tekisei_code,shiba_tekisei_code,18,2396,74.53,13.72,68.19,False
COURSE_27_06_ダ_短距離,pace_yoso+umakigo_code+omo_tekisei_code+gekiso_juni,pace_yoso,umakigo_code,omo_tekisei_code,gekiso_juni,44,8908,71.96,12.8,68.18,False
COURSE_27_06_ダ_短距離,manken_shirushi+joken_class_code+umakigo_code+ls_shisu_juni,manken_shirushi,joken_class_code,umakigo_code,ls_shisu_juni,12,1559,74.36,10.95,68.17,False
COURSE_27_06_ダ_短距離,umakigo_code+ichi_shisu+ichi_shisu_juni+ls_shisu_juni,umakigo_code,ichi_shisu,ichi_shisu_juni,ls_shisu_juni,7,1222,73.18,6.76,68.17,False
COURSE_27_06_ダ_短距離,da_tekisei_code+shiba_tekisei_code+kishu_shisu+ls_shisu_juni,da_tekisei_code,shiba_tekisei_code,kishu_shisu,ls_shisu_juni,4,501,71.47,3.42,68.12,False
COURSE_27_06_ダ_短距離,hizume_code+pace_yoso+umakigo_code+ls_shisu_juni,hizume_code,pace_yoso,umakigo_code,ls_shisu_juni,33,6482,72.01,11.47,68.1,False
COURSE_27_06_ダ_短距離,joken_class_code+umakigo_code+omo_tekisei_code+agari_shisu_juni,joken_class_code,umakigo_code,omo_tekisei_code,agari_shisu_juni,36,5372,71.9,11.7,68.08,False
COURSE_27_06_ダ_短距離,joken_class_code+umakigo_code+kyakushitsu+ls_shisu_juni,joken_class_code,umakigo_code,kyakushitsu,ls_shisu_juni,45,8722,71.99,13.4,68.08,False
COURSE_27_06_ダ_短距離,hizume_code+da_tekisei_code+umakigo_code+shiba_tekisei_code,hizume_code,da_tekisei_code,umakigo_code,shiba_tekisei_code,17,4019,72.18,8.61,68.08,False
COURSE_27_06_ダ_短距離,pace_yoso+omo_tekisei_code+ichi_shisu_juni+shiba_tekisei_code,pace_yoso,omo_tekisei_code,ichi_shisu_juni,shiba_tekisei_code,24,2968,72.72,11.64,68.06,False
COURSE_27_06_ダ_短距離,pace_yoso+joken_class_code+uma_start_shisu+shiba_tekisei_code,pace_yoso,joken_class_code,uma_start_shisu,shiba_tekisei_code,12,2462,74.45,11.32,68.05,False
COURSE_27_06_ダ_短距離,pace_yoso+umakigo_code+kyakushitsu+agari_shisu_juni,pace_yoso,umakigo_code,kyakushitsu,agari_shisu_juni,48,8801,70.92,10.18,68.04,False
COURSE_27_06_ダ_短距離,hizume_code+pace_yoso+umakigo_code+uma_start_shisu,hizume_code,pace_yoso,umakigo_code,uma_start_shisu,18,3434,73.76,12.39,68.03,False
COURSE_27_06_ダ_短距離,pace_yoso+joken_class_code+kyakushitsu+ls_shisu_juni,pace_yoso,joken_class_code,kyakushitsu,ls_shisu_juni,44,7540,71.53,11.87,68.02,False
COURSE_27_06_ダ_短距離,da_tekisei_code+joken_class_code+umakigo_code+idm,da_tekisei_code,joken_class_code,umakigo_code,idm,18,2165,74.44,13.93,68.01,False
COURSE_27_06_ダ_短距離,umakigo_code+omo_tekisei_code+ichi_shisu_juni+shiba_tekisei_code,umakigo_code,omo_tekisei_code,ichi_shisu_juni,shiba_tekisei_code,30,3968,72.98,14.07,67.95,False
COURSE_27_06_ダ_短距離,umakigo_code+kyakushitsu+omo_tekisei_code+shiba_tekisei_code,umakigo_code,kyakushitsu,omo_tekisei_code,shiba_tekisei_code,18,6325,71.09,6.87,67.91,False
COURSE_27_06_ダ_短距離,hizume_code+umakigo_code+omo_tekisei_code+shiba_tekisei_code,hizume_code,umakigo_code,omo_tekisei_code,shiba_tekisei_code,23,5107,71.65,9.14,67.91,False
COURSE_27_06_ダ_短距離,hizume_code+pace_yoso+manken_shirushi+umakigo_code,hizume_code,pace_yoso,manken_shirushi,umakigo_code,13,1986,73.34,10.02,67.89,False
COURSE_27_06_ダ_短距離,da_tekisei_code+umakigo_code+kyakushitsu+shiba_tekisei_code,da_tekisei_code,umakigo_code,kyakushitsu,shiba_tekisei_code,12,4874,73.79,10.46,67.88,False
COURSE_27_06_ダ_短距離,pace_yoso+omo_tekisei_code+shiba_tekisei_code+agari_shisu_juni,pace_yoso,omo_tekisei_code,shiba_tekisei_code,agari_shisu_juni,24,2981,72.54,11.65,67.88,False
COURSE_27_06_ダ_短距離,pace_yoso+umakigo_code+omo_tekisei_code+agari_shisu_juni,pace_yoso,umakigo_code,omo_tekisei_code,agari_shisu_juni,46,9063,71.01,10.97,67.84,False
COURSE_27_06_ダ_短距離,da_tekisei_code+kyakushitsu+omo_tekisei_code+uma_start_shisu,da_tekisei_code,kyakushitsu,omo_tekisei_code,uma_start_shisu,17,2912,75.1,15.4,67.78,False
COURSE_27_06_ダ_短距離,da_tekisei_code+umakigo_code+omo_tekisei_code+shiba_tekisei_code,da_tekisei_code,umakigo_code,omo_tekisei_code,shiba_tekisei_code,12,5279,73.6,10.38,67.73,False
COURSE_27_06_ダ_短距離,joken_class_code+kyakushitsu+ichi_shisu_juni+ls_shisu_juni,joken_class_code,kyakushitsu,ichi_shisu_juni,ls_shisu_juni,7,1256,73.36,7.63,67.71,False
COURSE_27_06_ダ_短距離,kyakushitsu+ichi_shisu+ichi_shisu_juni+ls_shisu_juni,kyakushitsu,ichi_shisu,ichi_shisu_juni,ls_shisu_juni,7,1256,73.36,7.63,67.71,False
COURSE_27_06_ダ_短距離,joken_class_code+ichi_shisu+ichi_shisu_juni+ls_shisu_juni,joken_class_code,ichi_shisu,ichi_shisu_juni,ls_shisu_juni,7,1259,73.35,7.62,67.7,False
COURSE_27_06_ダ_短距離,pace_yoso+ichi_shisu+ichi_shisu_juni+ls_shisu_juni,pace_yoso,ichi_shisu,ichi_shisu_juni,ls_shisu_juni,7,1259,73.35,7.62,67.7,False
COURSE_27_06_ダ_短距離,manken_shirushi+da_tekisei_code+kyakushitsu+omo_tekisei_code,manken_shirushi,da_tekisei_code,kyakushitsu,omo_tekisei_code,7,756,76.76,12.24,67.7,False
COURSE_27_06_ダ_短距離,pace_yoso+umakigo_code+ichi_shisu_juni+ls_shisu_juni,pace_yoso,umakigo_code,ichi_shisu_juni,ls_shisu_juni,36,5517,71.16,10.66,67.68,False
COURSE_27_06_ダ_短距離,da_tekisei_code+joken_class_code+kyakushitsu+omo_tekisei_code,da_tekisei_code,joken_class_code,kyakushitsu,omo_tekisei_code,35,8797,72.12,13.47,67.65,False
COURSE_27_06_ダ_短距離,da_tekisei_code+omo_tekisei_code+shiba_tekisei_code+ls_shisu_juni,da_tekisei_code,omo_tekisei_code,shiba_tekisei_code,ls_shisu_juni,21,3608,72.86,12.2,67.64,False
COURSE_27_06_ダ_短距離,da_tekisei_code+joken_class_code+umakigo_code+shiba_tekisei_code,da_tekisei_code,joken_class_code,umakigo_code,shiba_tekisei_code,12,5208,72.95,9.44,67.61,False
COURSE_27_06_ダ_短距離,umakigo_code+omo_tekisei_code+uma_start_shisu+shiba_tekisei_code,umakigo_code,omo_tekisei_code,uma_start_shisu,shiba_tekisei_code,17,3257,74.19,13.87,67.59,False
COURSE_27_06_ダ_短距離,pace_yoso+umakigo_code+omo_tekisei_code+kishu_minarai_code,pace_yoso,umakigo_code,omo_tekisei_code,kishu_minarai_code,7,1230,75.52,10.7,67.59,False
COURSE_27_06_ダ_短距離,hizume_code+pace_yoso+omo_tekisei_code+shiba_tekisei_code,hizume_code,pace_yoso,omo_tekisei_code,shiba_tekisei_code,22,4665,72.26,11.18,67.59,False
COURSE_27_06_ダ_短距離,pace_yoso+omo_tekisei_code+shiba_tekisei_code+gekiso_juni,pace_yoso,omo_tekisei_code,shiba_tekisei_code,gekiso_juni,21,2816,72.46,11.53,67.53,False
COURSE_27_06_ダ_短距離,pace_yoso+manken_shirushi+umakigo_code+shiba_tekisei_code,pace_yoso,manken_shirushi,umakigo_code,shiba_tekisei_code,8,2621,73.41,8.52,67.51,False
COURSE_27_06_ダ_短距離,pace_yoso+kyakushitsu+omo_tekisei_code+ls_shisu_juni,pace_yoso,kyakushitsu,omo_tekisei_code,ls_shisu_juni,41,7296,71.05,11.67,67.48,False
COURSE_27_06_ダ_短距離,umakigo_code+omo_tekisei_code+shiba_tekisei_code+agari_shisu_juni,umakigo_code,omo_tekisei_code,shiba_tekisei_code,agari_shisu_juni,30,4013,71.77,12.06,67.46,False
COURSE_27_06_ダ_短距離,joken_class_code+umakigo_code+uma_start_shisu+agari_shisu_juni,joken_class_code,umakigo_code,uma_start_shisu,agari_shisu_juni,9,1022,74.41,10.73,67.4,False
COURSE_27_06_ダ_短距離,hizume_code+pace_yoso+umakigo_code+ichi_shisu_juni,hizume_code,pace_yoso,umakigo_code,ichi_shisu_juni,20,2797,72.05,10.78,67.33,False
COURSE_27_06_ダ_短距離,pace_yoso+joken_class_code+umakigo_code+gekiso_juni,pace_yoso,joken_class_code,umakigo_code,gekiso_juni,54,10231,71.11,14.18,67.33,False
COURSE_27_06_ダ_短距離,pace_yoso+joken_class_code+umakigo_code+agari_shisu_juni,pace_yoso,joken_class_code,umakigo_code,agari_shisu_juni,58,10518,70.84,13.69,67.31,False
COURSE_27_06_ダ_短距離,da_tekisei_code+joken_class_code+omo_tekisei_code+shiba_tekisei_code,da_tekisei_code,joken_class_code,omo_tekisei_code,shiba_tekisei_code,16,4960,71.74,9.13,67.27,False
COURSE_27_06_ダ_短距離,joken_class_code+umakigo_code+ichi_shisu_juni+gekiso_juni,joken_class_code,umakigo_code,ichi_shisu_juni,gekiso_juni,9,1304,74.84,11.74,67.18,False
COURSE_27_06_ダ_短距離,umakigo_code+kyakushitsu+ichi_shisu_juni+uma_start_shisu,umakigo_code,kyakushitsu,ichi_shisu_juni,uma_start_shisu,9,1610,74.02,10.55,67.13,False
COURSE_27_06_ダ_短距離,hizume_code+da_tekisei_code+omo_tekisei_code+shiba_tekisei_code,hizume_code,da_tekisei_code,omo_tekisei_code,shiba_tekisei_code,18,3132,72.3,11.28,67.1,False
COURSE_27_06_ダ_短距離,pace_yoso+joken_class_code+umakigo_code+idm,pace_yoso,joken_class_code,umakigo_code,idm,21,2685,74.42,17.1,67.1,False
COURSE_27_06_ダ_短距離,joken_class_code+umakigo_code+kyakushitsu+omo_tekisei_code,joken_class_code,umakigo_code,kyakushitsu,omo_tekisei_code,30,10200,70.53,9.87,67.0,False
COURSE_27_06_ダ_短距離,da_tekisei_code+umakigo_code+omo_tekisei_code+kishu_minarai_code,da_tekisei_code,umakigo_code,omo_tekisei_code,kishu_minarai_code,6,898,81.95,18.71,66.98,False
COURSE_27_06_ダ_短距離,joken_class_code+umakigo_code+agari_shisu_juni+ls_shisu_juni,joken_class_code,umakigo_code,agari_shisu_juni,ls_shisu_juni,17,1975,72.48,11.64,66.95,False
COURSE_27_06_ダ_短距離,pace_yoso+kyakushitsu+ichi_shisu+ls_shisu_juni,pace_yoso,kyakushitsu,ichi_shisu,ls_shisu_juni,7,1291,72.43,7.42,66.93,False
COURSE_27_06_ダ_短距離,pace_yoso+da_tekisei_code+shiba_tekisei_code+gekiso_juni,pace_yoso,da_tekisei_code,shiba_tekisei_code,gekiso_juni,16,2851,72.38,11.17,66.91,False
COURSE_27_06_ダ_短距離,umakigo_code+omo_tekisei_code+uma_start_shisu+agari_shisu_juni,umakigo_code,omo_tekisei_code,uma_start_shisu,agari_shisu_juni,4,411,77.83,11.16,66.9,False
COURSE_27_06_ダ_短距離,pace_yoso+umakigo_code+ichi_shisu_juni+uma_start_shisu,pace_yoso,umakigo_code,ichi_shisu_juni,uma_start_shisu,11,2102,72.15,8.91,66.88,False
COURSE_27_06_ダ_短距離,pace_yoso+umakigo_code+ichi_shisu+ls_shisu_juni,pace_yoso,umakigo_code,ichi_shisu,ls_shisu_juni,7,1280,71.76,6.61,66.86,False
COURSE_27_06_ダ_短距離,joken_class_code+umakigo_code+omo_tekisei_code+shiba_tekisei_code,joken_class_code,umakigo_code,omo_tekisei_code,shiba_tekisei_code,18,6474,71.31,9.66,66.85,False
COURSE_27_06_ダ_短距離,pace_yoso+joken_class_code+umakigo_code+kyakushitsu,pace_yoso,joken_class_code,umakigo_code,kyakushitsu,28,12525,71.18,11.85,66.79,False
COURSE_27_06_ダ_短距離,hizume_code+pace_yoso+da_tekisei_code+shiba_tekisei_code,hizume_code,pace_yoso,da_tekisei_code,shiba_tekisei_code,17,3941,71.06,9.06,66.75,False
COURSE_27_06_ダ_短距離,joken_class_code+umakigo_code+kyakushitsu+agari_shisu_juni,joken_class_code,umakigo_code,kyakushitsu,agari_shisu_juni,36,4596,71.16,13.73,66.68,False
COURSE_27_06_ダ_短距離,pace_yoso+umakigo_code+kyakushitsu+manken_shisu,pace_yoso,umakigo_code,kyakushitsu,manken_shisu,13,1455,72.73,11.15,66.67,False
COURSE_27_06_ダ_短距離,pace_yoso+joken_class_code+ichi_shisu_juni+ls_shisu_juni,pace_yoso,joken_class_code,ichi_shisu_juni,ls_shisu_juni,7,1400,73.04,8.6,66.67,False
COURSE_27_06_ダ_短距離,pace_yoso+manken_shirushi+umakigo_code+ls_shisu_juni,pace_yoso,manken_shirushi,umakigo_code,ls_shisu_juni,18,2819,70.96,9.45,66.6,False
COURSE_27_06_ダ_短距離,manken_shirushi+joken_class_code+umakigo_code+gekiso_juni,manken_shirushi,joken_class_code,umakigo_code,gekiso_juni,5,688,79.78,15.11,66.54,False
COURSE_27_06_ダ_短距離,da_tekisei_code+umakigo_code+kyakushitsu+kishu_minarai_code,da_tekisei_code,umakigo_code,kyakushitsu,kishu_minarai_code,5,671,85.0,21.09,66.52,False
COURSE_27_06_ダ_短距離,joken_class_code+kyakushitsu+ichi_shisu_juni+shiba_tekisei_code,joken_class_code,kyakushitsu,ichi_shisu_juni,shiba_tekisei_code,6,840,73.67,8.97,66.49,False
COURSE_27_06_ダ_短距離,hizume_code+joken_class_code+umakigo_code+gekiso_juni,hizume_code,joken_class_code,umakigo_code,gekiso_juni,7,817,77.97,15.5,66.49,False
COURSE_27_06_ダ_短距離,da_tekisei_code+omo_tekisei_code+uma_start_shisu+shiba_tekisei_code,da_tekisei_code,omo_tekisei_code,uma_start_shisu,shiba_tekisei_code,9,1571,74.32,12.05,66.45,False
COURSE_27_06_ダ_短距離,pace_yoso+joken_class_code+ichi_shisu+ls_shisu_juni,pace_yoso,joken_class_code,ichi_shisu,ls_shisu_juni,7,1316,72.02,7.57,66.41,False
COURSE_27_06_ダ_短距離,pace_yoso+umakigo_code+agari_shisu_juni+ls_shisu_juni,pace_yoso,umakigo_code,agari_shisu_juni,ls_shisu_juni,33,4498,70.95,13.38,66.39,False
COURSE_27_06_ダ_短距離,hizume_code+da_tekisei_code+kyakushitsu+omo_tekisei_code,hizume_code,da_tekisei_code,kyakushitsu,omo_tekisei_code,21,3578,71.59,12.14,66.39,False
COURSE_27_06_ダ_短距離,hizume_code+pace_yoso+da_tekisei_code+ls_shisu_juni,hizume_code,pace_yoso,da_tekisei_code,ls_shisu_juni,22,3509,70.26,9.49,66.29,False
COURSE_27_06_ダ_短距離,pace_yoso+joken_class_code+omo_tekisei_code+shiba_tekisei_code,pace_yoso,joken_class_code,omo_tekisei_code,shiba_tekisei_code,18,6452,69.97,8.04,66.26,False
COURSE_27_06_ダ_短距離,joken_class_code+omo_tekisei_code+ichi_shisu_juni+shiba_tekisei_code,joken_class_code,omo_tekisei_code,ichi_shisu_juni,shiba_tekisei_code,8,1035,71.15,7.06,66.25,False
COURSE_27_06_ダ_短距離,hizume_code+joken_class_code+omo_tekisei_code+shiba_tekisei_code,hizume_code,joken_class_code,omo_tekisei_code,shiba_tekisei_code,18,3138,71.44,11.28,66.23,False
COURSE_27_06_ダ_短距離,pace_yoso+manken_shirushi+kyakushitsu+shiba_tekisei_code,pace_yoso,manken_shirushi,kyakushitsu,shiba_tekisei_code,15,1836,73.05,13.54,66.2,False
COURSE_27_06_ダ_短距離,hizume_code+da_tekisei_code+umakigo_code+ls_shisu_juni,hizume_code,da_tekisei_code,umakigo_code,ls_shisu_juni,24,3902,70.21,10.08,66.17,False
COURSE_27_06_ダ_短距離,da_tekisei_code+joken_class_code+kyakushitsu+shiba_tekisei_code,da_tekisei_code,joken_class_code,kyakushitsu,shiba_tekisei_code,17,4408,72.14,12.75,66.08,False
COURSE_27_06_ダ_短距離,pace_yoso+joken_class_code+kyakushitsu+shiba_tekisei_code,pace_yoso,joken_class_code,kyakushitsu,shiba_tekisei_code,21,5943,70.01,9.21,66.08,False
COURSE_27_06_ダ_短距離,hizume_code+pace_yoso+shiba_tekisei_code+gekiso_juni,hizume_code,pace_yoso,shiba_tekisei_code,gekiso_juni,5,531,78.33,14.02,66.04,False
COURSE_27_06_ダ_短距離,joken_class_code+umakigo_code+ichi_shisu_juni+shiba_tekisei_code,joken_class_code,umakigo_code,ichi_shisu_juni,shiba_tekisei_code,21,3273,71.95,13.98,65.97,False
COURSE_27_06_ダ_短距離,pace_yoso+kyakushitsu+uma_start_shisu+shiba_tekisei_code,pace_yoso,kyakushitsu,uma_start_shisu,shiba_tekisei_code,16,2942,72.51,13.34,65.97,False
COURSE_27_06_ダ_短距離,pace_yoso+umakigo_code+kyakushitsu+kishu_shisu,pace_yoso,umakigo_code,kyakushitsu,kishu_shisu,35,6401,72.21,18.88,65.96,False
COURSE_27_06_ダ_短距離,hizume_code+umakigo_code+shiba_tekisei_code+agari_shisu_juni,hizume_code,umakigo_code,shiba_tekisei_code,agari_shisu_juni,7,759,72.35,8.63,65.95,False
COURSE_27_06_ダ_短距離,da_tekisei_code+umakigo_code+kishu_minarai_code+ls_shisu_juni,da_tekisei_code,umakigo_code,kishu_minarai_code,ls_shisu_juni,3,326,79.3,11.85,65.89,False
COURSE_27_06_ダ_短距離,joken_class_code+umakigo_code+shiba_tekisei_code+gekiso_juni,joken_class_code,umakigo_code,shiba_tekisei_code,gekiso_juni,22,3493,72.05,14.78,65.88,False
COURSE_27_06_ダ_短距離,hizume_code+pace_yoso+da_tekisei_code+ichi_shisu_juni,hizume_code,pace_yoso,da_tekisei_code,ichi_shisu_juni,5,616,79.18,15.2,65.85,False
COURSE_27_06_ダ_短距離,pace_yoso+umakigo_code+manken_shisu+shiba_tekisei_code,pace_yoso,umakigo_code,manken_shisu,shiba_tekisei_code,17,2081,69.87,8.5,65.83,False
COURSE_27_06_ダ_短距離,pace_yoso+da_tekisei_code+kyakushitsu+kishu_minarai_code,pace_yoso,da_tekisei_code,kyakushitsu,kishu_minarai_code,5,621,82.27,18.75,65.83,False
COURSE_27_06_ダ_短距離,hizume_code+joken_class_code+umakigo_code+ls_shisu_juni,hizume_code,joken_class_code,umakigo_code,ls_shisu_juni,21,3218,71.3,12.83,65.81,False
COURSE_27_06_ダ_短距離,pace_yoso+joken_class_code+shiba_tekisei_code+gekiso_juni,pace_yoso,joken_class_code,shiba_tekisei_code,gekiso_juni,20,2614,71.24,12.39,65.8,False
COURSE_27_06_ダ_短距離,da_tekisei_code+umakigo_code+uma_start_shisu+ls_shisu_juni,da_tekisei_code,umakigo_code,uma_start_shisu,ls_shisu_juni,13,2301,73.47,14.13,65.79,False
COURSE_27_06_ダ_短距離,pace_yoso+joken_class_code+umakigo_code+shiba_tekisei_code,pace_yoso,joken_class_code,umakigo_code,shiba_tekisei_code,14,6845,68.73,5.63,65.78,False
COURSE_27_06_ダ_短距離,pace_yoso+manken_shirushi+umakigo_code+ichi_shisu_juni,pace_yoso,manken_shirushi,umakigo_code,ichi_shisu_juni,7,829,70.14,5.92,65.75,False
COURSE_27_06_ダ_短距離,manken_shirushi+da_tekisei_code+omo_tekisei_code+shiba_tekisei_code,manken_shirushi,da_tekisei_code,omo_tekisei_code,shiba_tekisei_code,8,1021,75.72,14.46,65.7,False
COURSE_27_06_ダ_短距離,umakigo_code+kyakushitsu+ichi_shisu+ls_shisu_juni,umakigo_code,kyakushitsu,ichi_shisu,ls_shisu_juni,7,1395,70.15,6.17,65.59,False
COURSE_27_06_ダ_短距離,umakigo_code+omo_tekisei_code+shiba_tekisei_code+ls_shisu_juni,umakigo_code,omo_tekisei_code,shiba_tekisei_code,ls_shisu_juni,22,5370,70.13,10.88,65.58,False
COURSE_27_06_ダ_短距離,pace_yoso+joken_class_code+kishu_minarai_code+shiba_tekisei_code,pace_yoso,joken_class_code,kishu_minarai_code,shiba_tekisei_code,3,446,81.87,14.45,65.52,False
COURSE_27_06_ダ_短距離,pace_yoso+da_tekisei_code+ichi_shisu_juni+shiba_tekisei_code,pace_yoso,da_tekisei_code,ichi_shisu_juni,shiba_tekisei_code,20,3138,71.17,12.98,65.48,False
COURSE_27_06_ダ_短距離,joken_class_code+umakigo_code+ichi_shisu_juni+agari_shisu_juni,joken_class_code,umakigo_code,ichi_shisu_juni,agari_shisu_juni,9,1199,73.14,11.75,65.46,False
COURSE_27_06_ダ_短距離,pace_yoso+umakigo_code+uma_start_shisu+ls_shisu_juni,pace_yoso,umakigo_code,uma_start_shisu,ls_shisu_juni,21,4199,71.32,13.71,65.45,False
COURSE_27_06_ダ_短距離,pace_yoso+umakigo_code+uma_start_shisu+agari_shisu_juni,pace_yoso,umakigo_code,uma_start_shisu,agari_shisu_juni,17,2496,72.23,14.32,65.43,False
COURSE_27_06_ダ_短距離,joken_class_code+umakigo_code+kyakushitsu+shiba_tekisei_code,joken_class_code,umakigo_code,kyakushitsu,shiba_tekisei_code,18,5820,70.52,11.08,65.41,False
COURSE_27_06_ダ_短距離,da_tekisei_code+joken_class_code+shiba_tekisei_code+ls_shisu_juni,da_tekisei_code,joken_class_code,shiba_tekisei_code,ls_shisu_juni,16,3278,69.68,8.83,65.35,False
COURSE_27_06_ダ_短距離,pace_yoso+da_tekisei_code+agari_shisu_juni+ls_shisu_juni,pace_yoso,da_tekisei_code,agari_shisu_juni,ls_shisu_juni,5,506,72.92,8.7,65.3,False
COURSE_27_06_ダ_短距離,hizume_code+umakigo_code+uma_start_shisu+shiba_tekisei_code,hizume_code,umakigo_code,uma_start_shisu,shiba_tekisei_code,7,1256,70.37,6.86,65.28,False
COURSE_27_06_ダ_短距離,pace_yoso+joken_class_code+ichi_shisu+gekiso_juni,pace_yoso,joken_class_code,ichi_shisu,gekiso_juni,5,540,74.85,10.98,65.22,False
COURSE_27_06_ダ_短距離,joken_class_code+umakigo_code+kyakushitsu+ichi_shisu,joken_class_code,umakigo_code,kyakushitsu,ichi_shisu,4,1801,71.8,6.72,65.21,False
COURSE_27_06_ダ_短距離,joken_class_code+umakigo_code+shiba_tekisei_code+ls_shisu_juni,joken_class_code,umakigo_code,shiba_tekisei_code,ls_shisu_juni,18,4701,70.4,11.26,65.2,False
COURSE_27_06_ダ_短距離,joken_class_code+kyakushitsu+ichi_shisu_juni+gekiso_juni,joken_class_code,kyakushitsu,ichi_shisu_juni,gekiso_juni,5,532,74.29,10.42,65.16,False
COURSE_27_06_ダ_短距離,kyakushitsu+ichi_shisu+ichi_shisu_juni+gekiso_juni,kyakushitsu,ichi_shisu,ichi_shisu_juni,gekiso_juni,5,532,74.29,10.42,65.16,False
COURSE_27_06_ダ_短距離,pace_yoso+kyakushitsu+omo_tekisei_code+uma_start_shisu,pace_yoso,kyakushitsu,omo_tekisei_code,uma_start_shisu,20,4019,70.89,13.08,65.16,False
COURSE_27_06_ダ_短距離,pace_yoso+kyakushitsu+ichi_shisu+gekiso_juni,pace_yoso,kyakushitsu,ichi_shisu,gekiso_juni,5,533,74.27,10.43,65.13,False
COURSE_27_06_ダ_短距離,joken_class_code+kyakushitsu+ichi_shisu+ls_shisu_juni,joken_class_code,kyakushitsu,ichi_shisu,ls_shisu_juni,7,1439,70.23,6.92,65.11,False
COURSE_27_06_ダ_短距離,pace_yoso+manken_shirushi+da_tekisei_code+uma_start_shisu,pace_yoso,manken_shirushi,da_tekisei_code,uma_start_shisu,6,726,79.36,17.81,65.1,False
COURSE_27_06_ダ_短距離,da_tekisei_code+kyakushitsu+uma_start_shisu+shiba_tekisei_code,da_tekisei_code,kyakushitsu,uma_start_shisu,shiba_tekisei_code,7,1247,74.63,12.88,65.09,False
COURSE_27_06_ダ_短距離,pace_yoso+umakigo_code+uma_start_shisu+gekiso_juni,pace_yoso,umakigo_code,uma_start_shisu,gekiso_juni,13,2174,71.48,11.8,65.07,False
COURSE_27_06_ダ_短距離,joken_class_code+umakigo_code+gekiso_juni+ls_shisu_juni,joken_class_code,umakigo_code,gekiso_juni,ls_shisu_juni,18,2210,72.68,16.47,65.07,False
COURSE_27_06_ダ_短距離,joken_class_code+kyakushitsu+omo_tekisei_code+shiba_tekisei_code,joken_class_code,kyakushitsu,omo_tekisei_code,shiba_tekisei_code,22,4906,69.77,11.28,65.06,False
COURSE_27_06_ダ_短距離,joken_class_code+ichi_shisu+ichi_shisu_juni+gekiso_juni,joken_class_code,ichi_shisu,ichi_shisu_juni,gekiso_juni,5,533,74.25,10.5,65.05,False
COURSE_27_06_ダ_短距離,hizume_code+pace_yoso+kyakushitsu+gekiso_juni,hizume_code,pace_yoso,kyakushitsu,gekiso_juni,3,332,70.11,4.47,65.05,False
COURSE_27_06_ダ_短距離,pace_yoso+da_tekisei_code+umakigo_code+kishu_shisu,pace_yoso,da_tekisei_code,umakigo_code,kishu_shisu,29,6615,71.24,17.0,65.05,False
COURSE_27_06_ダ_短距離,pace_yoso+ichi_shisu+ichi_shisu_juni+gekiso_juni,pace_yoso,ichi_shisu,ichi_shisu_juni,gekiso_juni,5,533,74.25,10.5,65.05,False
COURSE_27_06_ダ_短距離,hizume_code+kyakushitsu+omo_tekisei_code+shiba_tekisei_code,hizume_code,kyakushitsu,omo_tekisei_code,shiba_tekisei_code,14,1996,70.56,10.54,65.04,False
COURSE_27_06_ダ_短距離,umakigo_code+kyakushitsu+omo_tekisei_code+uma_start_shisu,umakigo_code,kyakushitsu,omo_tekisei_code,uma_start_shisu,22,4569,70.45,12.97,65.03,False
COURSE_27_06_ダ_短距離,hizume_code+umakigo_code+omo_tekisei_code+ls_shisu_juni,hizume_code,umakigo_code,omo_tekisei_code,ls_shisu_juni,27,4038,69.31,11.47,64.98,False
COURSE_27_06_ダ_短距離,hizume_code+pace_yoso+joken_class_code+shiba_tekisei_code,hizume_code,pace_yoso,joken_class_code,shiba_tekisei_code,20,3902,69.28,9.89,64.95,False
COURSE_27_06_ダ_短距離,hizume_code+pace_yoso+umakigo_code+shiba_tekisei_code,hizume_code,pace_yoso,umakigo_code,shiba_tekisei_code,16,5228,67.86,5.95,64.94,False
COURSE_27_06_ダ_短距離,hizume_code+pace_yoso+omo_tekisei_code+uma_start_shisu,hizume_code,pace_yoso,omo_tekisei_code,uma_start_shisu,15,2181,71.9,13.78,64.93,False
COURSE_27_06_ダ_短距離,pace_yoso+kyakushitsu+ichi_shisu_juni+shiba_tekisei_code,pace_yoso,kyakushitsu,ichi_shisu_juni,shiba_tekisei_code,24,3811,69.37,11.23,64.88,False
COURSE_27_06_ダ_短距離,pace_yoso+omo_tekisei_code+uma_start_shisu+shiba_tekisei_code,pace_yoso,omo_tekisei_code,uma_start_shisu,shiba_tekisei_code,14,2753,68.95,7.85,64.83,False
COURSE_27_06_ダ_短距離,pace_yoso+umakigo_code+ichi_shisu_juni+agari_shisu_juni,pace_yoso,umakigo_code,ichi_shisu_juni,agari_shisu_juni,10,1200,69.91,8.24,64.8,False
COURSE_27_06_ダ_短距離,umakigo_code+kyakushitsu+shiba_tekisei_code+gekiso_juni,umakigo_code,kyakushitsu,shiba_tekisei_code,gekiso_juni,23,3160,70.62,14.26,64.8,False
COURSE_27_06_ダ_短距離,pace_yoso+umakigo_code+shiba_tekisei_code+ls_shisu_juni,pace_yoso,umakigo_code,shiba_tekisei_code,ls_shisu_juni,19,6119,68.76,8.89,64.76,False
COURSE_27_06_ダ_短距離,hizume_code+manken_shirushi+umakigo_code+shiba_tekisei_code,hizume_code,manken_shirushi,umakigo_code,shiba_tekisei_code,6,732,76.12,14.22,64.74,False
COURSE_27_06_ダ_短距離,umakigo_code+kyakushitsu+shiba_tekisei_code+agari_shisu_juni,umakigo_code,kyakushitsu,shiba_tekisei_code,agari_shisu_juni,25,3476,69.83,13.06,64.71,False
COURSE_27_06_ダ_短距離,pace_yoso+umakigo_code+ichi_shisu+gekiso_juni,pace_yoso,umakigo_code,ichi_shisu,gekiso_juni,5,520,74.0,10.66,64.65,False
COURSE_27_06_ダ_短距離,umakigo_code+kyakushitsu+ichi_shisu_juni+agari_shisu_juni,umakigo_code,kyakushitsu,ichi_shisu_juni,agari_shisu_juni,7,813,70.59,8.03,64.65,False
COURSE_27_06_ダ_短距離,hizume_code+pace_yoso+kyakushitsu+shiba_tekisei_code,hizume_code,pace_yoso,kyakushitsu,shiba_tekisei_code,20,3733,69.58,11.3,64.63,False
COURSE_27_06_ダ_短距離,pace_yoso+joken_class_code+umakigo_code+kishu_minarai_code,pace_yoso,joken_class_code,umakigo_code,kishu_minarai_code,10,1881,74.75,16.35,64.61,False
COURSE_27_06_ダ_短距離,pace_yoso+manken_shirushi+umakigo_code+uma_start_shisu,pace_yoso,manken_shirushi,umakigo_code,uma_start_shisu,8,1430,73.05,12.28,64.54,False
COURSE_27_06_ダ_短距離,da_tekisei_code+omo_tekisei_code+uma_start_shisu+ls_shisu_juni,da_tekisei_code,omo_tekisei_code,uma_start_shisu,ls_shisu_juni,8,1157,69.26,6.81,64.54,False
COURSE_27_06_ダ_短距離,hizume_code+umakigo_code+kyakushitsu+ls_shisu_juni,hizume_code,umakigo_code,kyakushitsu,ls_shisu_juni,19,2783,69.95,12.03,64.54,False
COURSE_27_06_ダ_短距離,pace_yoso+manken_shirushi+joken_class_code+ichi_shisu_juni,pace_yoso,manken_shirushi,joken_class_code,ichi_shisu_juni,7,829,69.4,6.62,64.5,False
COURSE_27_06_ダ_短距離,joken_class_code+kyakushitsu+ichi_shisu_juni+uma_start_shisu,joken_class_code,kyakushitsu,ichi_shisu_juni,uma_start_shisu,4,546,77.78,13.56,64.5,False
COURSE_27_06_ダ_短距離,pace_yoso+umakigo_code+omo_tekisei_code+shiba_tekisei_code,pace_yoso,umakigo_code,omo_tekisei_code,shiba_tekisei_code,14,7098,68.65,7.93,64.5,False
COURSE_27_06_ダ_短距離,da_tekisei_code+joken_class_code+umakigo_code+kishu_minarai_code,da_tekisei_code,joken_class_code,umakigo_code,kishu_minarai_code,7,1238,77.65,17.76,64.49,False
COURSE_27_06_ダ_短距離,pace_yoso+da_tekisei_code+joho_shisu+gekiso_juni,pace_yoso,da_tekisei_code,joho_shisu,gekiso_juni,10,1126,73.33,14.33,64.45,False
COURSE_27_06_ダ_短距離,umakigo_code+kyakushitsu+shiba_tekisei_code+ls_shisu_juni,umakigo_code,kyakushitsu,shiba_tekisei_code,ls_shisu_juni,24,5010,68.64,10.57,64.41,False
COURSE_27_06_ダ_短距離,pace_yoso+umakigo_code+shiba_tekisei_code+agari_shisu_juni,pace_yoso,umakigo_code,shiba_tekisei_code,agari_shisu_juni,16,4196,69.32,10.06,64.39,False
COURSE_27_06_ダ_短距離,joken_class_code+umakigo_code+ichi_shisu+ls_shisu_juni,joken_class_code,umakigo_code,ichi_shisu,ls_shisu_juni,7,1463,69.49,6.92,64.37,False
COURSE_27_06_ダ_短距離,da_tekisei_code+umakigo_code+agari_shisu_juni+ls_shisu_juni,da_tekisei_code,umakigo_code,agari_shisu_juni,ls_shisu_juni,4,412,81.44,17.42,64.37,False
COURSE_27_06_ダ_短距離,pace_yoso+umakigo_code+gekiso_juni+ls_shisu_juni,pace_yoso,umakigo_code,gekiso_juni,ls_shisu_juni,33,4700,68.59,12.5,64.33,False
COURSE_27_06_ダ_短距離,pace_yoso+omo_tekisei_code+uma_start_shisu+ls_shisu_juni,pace_yoso,omo_tekisei_code,uma_start_shisu,ls_shisu_juni,12,2007,71.51,12.77,64.29,False
COURSE_27_06_ダ_短距離,hizume_code+pace_yoso+umakigo_code+gekiso_juni,hizume_code,pace_yoso,umakigo_code,gekiso_juni,19,2790,70.12,13.45,64.08,False
COURSE_27_06_ダ_短距離,pace_yoso+umakigo_code+kyakushitsu+shiba_tekisei_code,pace_yoso,umakigo_code,kyakushitsu,shiba_tekisei_code,16,6910,68.25,8.55,64.06,False
COURSE_27_06_ダ_短距離,pace_yoso+omo_tekisei_code+shiba_tekisei_code+ls_shisu_juni,pace_yoso,omo_tekisei_code,shiba_tekisei_code,ls_shisu_juni,24,5159,68.36,10.85,64.02,False
COURSE_27_06_ダ_短距離,joken_class_code+kyakushitsu+omo_tekisei_code+uma_start_shisu,joken_class_code,kyakushitsu,omo_tekisei_code,uma_start_shisu,13,2535,71.1,13.04,64.01,False
COURSE_27_06_ダ_短距離,umakigo_code+kyakushitsu+ichi_shisu_juni+shiba_tekisei_code,umakigo_code,kyakushitsu,ichi_shisu_juni,shiba_tekisei_code,26,4433,69.02,13.07,63.99,False
COURSE_27_06_ダ_短距離,umakigo_code+kyakushitsu+uma_start_shisu+shiba_tekisei_code,umakigo_code,kyakushitsu,uma_start_shisu,shiba_tekisei_code,16,3200,71.68,15.8,63.94,False
COURSE_27_06_ダ_短距離,pace_yoso+kyakushitsu+shiba_tekisei_code+ls_shisu_juni,pace_yoso,kyakushitsu,shiba_tekisei_code,ls_shisu_juni,23,4458,67.2,8.06,63.91,False
COURSE_27_06_ダ_短距離,pace_yoso+joken_class_code+kyakushitsu+kishu_minarai_code,pace_yoso,joken_class_code,kyakushitsu,kishu_minarai_code,4,505,79.75,16.19,63.89,False
COURSE_27_06_ダ_短距離,pace_yoso+joken_class_code+ichi_shisu+agari_shisu_juni,pace_yoso,joken_class_code,ichi_shisu,agari_shisu_juni,8,922,70.02,8.89,63.86,False
COURSE_27_06_ダ_短距離,pace_yoso+joken_class_code+ichi_shisu_juni+gekiso_juni,pace_yoso,joken_class_code,ichi_shisu_juni,gekiso_juni,7,829,73.8,13.41,63.86,False
COURSE_27_06_ダ_短距離,umakigo_code+uma_start_shisu+shiba_tekisei_code+ls_shisu_juni,umakigo_code,uma_start_shisu,shiba_tekisei_code,ls_shisu_juni,9,1635,69.94,9.3,63.86,False
COURSE_27_06_ダ_短距離,joken_class_code+kyakushitsu+ichi_shisu+gekiso_juni,joken_class_code,kyakushitsu,ichi_shisu,gekiso_juni,9,946,70.48,10.17,63.84,False
COURSE_27_06_ダ_短距離,joken_class_code+umakigo_code+shiba_tekisei_code+agari_shisu_juni,joken_class_code,umakigo_code,shiba_tekisei_code,agari_shisu_juni,24,3578,70.93,17.73,63.84,False
COURSE_27_06_ダ_短距離,pace_yoso+umakigo_code+shiba_tekisei_code+gekiso_juni,pace_yoso,umakigo_code,shiba_tekisei_code,gekiso_juni,17,4349,68.18,9.24,63.78,False
COURSE_27_06_ダ_短距離,umakigo_code+kyakushitsu+ichi_shisu_juni+kishu_shisu,umakigo_code,kyakushitsu,ichi_shisu_juni,kishu_shisu,3,457,85.41,19.15,63.74,False
COURSE_27_06_ダ_短距離,umakigo_code+ichi_shisu+ichi_shisu_juni+agari_shisu_juni,umakigo_code,ichi_shisu,ichi_shisu_juni,agari_shisu_juni,6,679,69.74,7.51,63.73,False
COURSE_27_06_ダ_短距離,hizume_code+joken_class_code+umakigo_code+uma_start_shisu,hizume_code,joken_class_code,umakigo_code,uma_start_shisu,10,1792,69.34,9.07,63.72,False
COURSE_27_06_ダ_短距離,joken_class_code+ichi_shisu+ichi_shisu_juni+agari_shisu_juni,joken_class_code,ichi_shisu,ichi_shisu_juni,agari_shisu_juni,8,903,70.09,9.22,63.71,False
COURSE_27_06_ダ_短距離,pace_yoso+ichi_shisu+ichi_shisu_juni+agari_shisu_juni,pace_yoso,ichi_shisu,ichi_shisu_juni,agari_shisu_juni,8,903,70.09,9.22,63.71,False
COURSE_27_06_ダ_短距離,pace_yoso+kyakushitsu+ichi_shisu_juni+agari_shisu_juni,pace_yoso,kyakushitsu,ichi_shisu_juni,agari_shisu_juni,9,1033,69.83,9.38,63.7,False
COURSE_27_06_ダ_短距離,manken_shirushi+kyakushitsu+ichi_shisu+ichi_shisu_juni,manken_shirushi,kyakushitsu,ichi_shisu,ichi_shisu_juni,7,742,67.57,5.23,63.69,False
COURSE_27_06_ダ_短距離,manken_shirushi+joken_class_code+kyakushitsu+ichi_shisu_juni,manken_shirushi,joken_class_code,kyakushitsu,ichi_shisu_juni,7,742,67.57,5.23,63.69,False
COURSE_27_06_ダ_短距離,pace_yoso+manken_shirushi+kyakushitsu+ichi_shisu_juni,pace_yoso,manken_shirushi,kyakushitsu,ichi_shisu_juni,7,742,67.57,5.23,63.69,False
COURSE_27_06_ダ_短距離,pace_yoso+manken_shirushi+ichi_shisu+ichi_shisu_juni,pace_yoso,manken_shirushi,ichi_shisu,ichi_shisu_juni,7,744,67.51,5.18,63.67,False
COURSE_27_06_ダ_短距離,manken_shirushi+joken_class_code+ichi_shisu+ichi_shisu_juni,manken_shirushi,joken_class_code,ichi_shisu,ichi_shisu_juni,7,744,67.51,5.18,63.67,False
COURSE_27_06_ダ_短距離,umakigo_code+uma_start_shisu+shiba_tekisei_code+gekiso_juni,umakigo_code,uma_start_shisu,shiba_tekisei_code,gekiso_juni,7,837,70.99,9.92,63.64,False
COURSE_27_06_ダ_短距離,omo_tekisei_code+shiba_tekisei_code+kishu_shisu+ls_shisu_juni,omo_tekisei_code,shiba_tekisei_code,kishu_shisu,ls_shisu_juni,6,684,71.48,9.84,63.6,False
COURSE_27_06_ダ_短距離,manken_shirushi+joken_class_code+omo_tekisei_code+shiba_tekisei_code,manken_shirushi,joken_class_code,omo_tekisei_code,shiba_tekisei_code,8,935,74.36,15.59,63.56,False
COURSE_27_06_ダ_短距離,da_tekisei_code+umakigo_code+shiba_tekisei_code+ls_shisu_juni,da_tekisei_code,umakigo_code,shiba_tekisei_code,ls_shisu_juni,15,4267,69.57,11.89,63.55,False
COURSE_27_06_ダ_短距離,pace_yoso+joken_class_code+ichi_shisu_juni+agari_shisu_juni,pace_yoso,joken_class_code,ichi_shisu_juni,agari_shisu_juni,8,962,70.21,9.68,63.5,False
COURSE_27_06_ダ_短距離,umakigo_code+omo_tekisei_code+shiba_tekisei_code+gekiso_juni,umakigo_code,omo_tekisei_code,shiba_tekisei_code,gekiso_juni,28,3946,68.97,14.94,63.44,False
COURSE_27_06_ダ_短距離,pace_yoso+manken_shirushi+joken_class_code+ichi_shisu,pace_yoso,manken_shirushi,joken_class_code,ichi_shisu,7,761,67.22,5.16,63.4,False
COURSE_27_06_ダ_短距離,joken_class_code+omo_tekisei_code+uma_start_shisu+shiba_tekisei_code,joken_class_code,omo_tekisei_code,uma_start_shisu,shiba_tekisei_code,9,1771,68.8,8.26,63.4,False
COURSE_27_06_ダ_短距離,umakigo_code+ichi_shisu+ichi_shisu_juni+kishu_shisu,umakigo_code,ichi_shisu,ichi_shisu_juni,kishu_shisu,3,458,85.28,19.36,63.38,False
COURSE_27_06_ダ_短距離,joken_class_code+umakigo_code+omo_tekisei_code+kishu_minarai_code,joken_class_code,umakigo_code,omo_tekisei_code,kishu_minarai_code,7,1081,75.63,16.58,63.35,False
COURSE_27_06_ダ_短距離,hizume_code+pace_yoso+omo_tekisei_code+ls_shisu_juni,hizume_code,pace_yoso,omo_tekisei_code,ls_shisu_juni,21,3067,68.0,10.9,63.34,False
COURSE_27_06_ダ_短距離,pace_yoso+manken_shirushi+kyakushitsu+ichi_shisu,pace_yoso,manken_shirushi,kyakushitsu,ichi_shisu,7,750,67.04,5.09,63.27,False
COURSE_27_06_ダ_短距離,pace_yoso+da_tekisei_code+joken_class_code+idm,pace_yoso,da_tekisei_code,joken_class_code,idm,11,1181,74.96,19.79,63.26,False
COURSE_27_06_ダ_短距離,da_tekisei_code+joken_class_code+omo_tekisei_code+kishu_minarai_code,da_tekisei_code,joken_class_code,omo_tekisei_code,kishu_minarai_code,3,446,69.47,5.52,63.22,False
COURSE_27_06_ダ_短距離,pace_yoso+kyakushitsu+ichi_shisu+agari_shisu_juni,pace_yoso,kyakushitsu,ichi_shisu,agari_shisu_juni,8,911,69.55,9.16,63.21,False
COURSE_27_06_ダ_短距離,pace_yoso+da_tekisei_code+joho_shisu+uma_start_shisu,pace_yoso,da_tekisei_code,joho_shisu,uma_start_shisu,7,1301,72.4,12.41,63.21,False
COURSE_27_06_ダ_短距離,pace_yoso+umakigo_code+omo_tekisei_code+kishu_shisu,pace_yoso,umakigo_code,omo_tekisei_code,kishu_shisu,36,6953,68.93,17.51,63.21,False
COURSE_27_06_ダ_短距離,hizume_code+pace_yoso+joken_class_code+ls_shisu_juni,hizume_code,pace_yoso,joken_class_code,ls_shisu_juni,17,2345,69.94,14.2,63.19,False
COURSE_27_06_ダ_短距離,hizume_code+umakigo_code+kyakushitsu+shiba_tekisei_code,hizume_code,umakigo_code,kyakushitsu,shiba_tekisei_code,19,3962,68.36,11.52,63.17,False
COURSE_27_06_ダ_短距離,hizume_code+umakigo_code+kyakushitsu+uma_start_shisu,hizume_code,umakigo_code,kyakushitsu,uma_start_shisu,12,1983,71.68,15.16,63.11,False
COURSE_27_06_ダ_短距離,umakigo_code+kyakushitsu+uma_start_shisu+ls_shisu_juni,umakigo_code,kyakushitsu,uma_start_shisu,ls_shisu_juni,14,2477,70.19,13.65,63.04,False
COURSE_27_06_ダ_短距離,pace_yoso+kyakushitsu+uma_start_shisu+ls_shisu_juni,pace_yoso,kyakushitsu,uma_start_shisu,ls_shisu_juni,13,2140,70.42,13.59,63.03,False
COURSE_27_06_ダ_短距離,joken_class_code+kyakushitsu+ichi_shisu_juni+kishu_shisu,joken_class_code,kyakushitsu,ichi_shisu_juni,kishu_shisu,3,463,84.36,18.86,63.02,False
COURSE_27_06_ダ_短距離,kyakushitsu+ichi_shisu+ichi_shisu_juni+kishu_shisu,kyakushitsu,ichi_shisu,ichi_shisu_juni,kishu_shisu,3,463,84.36,18.86,63.02,False
COURSE_27_06_ダ_短距離,pace_yoso+kyakushitsu+ichi_shisu_juni+kishu_shisu,pace_yoso,kyakushitsu,ichi_shisu_juni,kishu_shisu,3,463,84.36,18.86,63.02,False
COURSE_27_06_ダ_短距離,pace_yoso+joken_class_code+shiba_tekisei_code+ls_shisu_juni,pace_yoso,joken_class_code,shiba_tekisei_code,ls_shisu_juni,22,4669,67.78,11.41,63.01,False
COURSE_27_06_ダ_短距離,umakigo_code+uma_start_shisu+shiba_tekisei_code+kishu_shisu,umakigo_code,uma_start_shisu,shiba_tekisei_code,kishu_shisu,3,545,73.04,8.88,62.99,False
COURSE_27_06_ダ_短距離,hizume_code+umakigo_code+ichi_shisu_juni+shiba_tekisei_code,hizume_code,umakigo_code,ichi_shisu_juni,shiba_tekisei_code,6,641,74.5,14.4,62.98,False
COURSE_27_06_ダ_短距離,pace_yoso+manken_shirushi+da_tekisei_code+ls_shisu_juni,pace_yoso,manken_shirushi,da_tekisei_code,ls_shisu_juni,9,1037,71.95,13.72,62.98,False
COURSE_27_06_ダ_短距離,hizume_code+umakigo_code+shiba_tekisei_code+ls_shisu_juni,hizume_code,umakigo_code,shiba_tekisei_code,ls_shisu_juni,17,2696,67.9,10.4,62.96,False
COURSE_27_06_ダ_短距離,manken_shirushi+joken_class_code+umakigo_code+uma_start_shisu,manken_shirushi,joken_class_code,umakigo_code,uma_start_shisu,8,1011,70.56,11.06,62.89,False
COURSE_27_06_ダ_短距離,joken_class_code+umakigo_code+ichi_shisu+gekiso_juni,joken_class_code,umakigo_code,ichi_shisu,gekiso_juni,10,1051,69.03,10.0,62.83,False
COURSE_27_06_ダ_短距離,joken_class_code+kyakushitsu+omo_tekisei_code+ls_shisu_juni,joken_class_code,kyakushitsu,omo_tekisei_code,ls_shisu_juni,24,3571,68.16,13.34,62.82,False
COURSE_27_06_ダ_短距離,joken_class_code+ichi_shisu+ichi_shisu_juni+kishu_shisu,joken_class_code,ichi_shisu,ichi_shisu_juni,kishu_shisu,3,464,84.24,19.06,62.66,False
COURSE_27_06_ダ_短距離,pace_yoso+ichi_shisu+ichi_shisu_juni+kishu_shisu,pace_yoso,ichi_shisu,ichi_shisu_juni,kishu_shisu,3,464,84.24,19.06,62.66,False
COURSE_27_06_ダ_短距離,pace_yoso+manken_shirushi+umakigo_code+ichi_shisu,pace_yoso,manken_shirushi,umakigo_code,ichi_shisu,7,738,67.02,5.93,62.63,False
COURSE_27_06_ダ_短距離,pace_yoso+umakigo_code+ichi_shisu_juni+shiba_tekisei_code,pace_yoso,umakigo_code,ichi_shisu_juni,shiba_tekisei_code,17,4311,68.07,11.71,62.51,False
COURSE_27_06_ダ_短距離,manken_shirushi+da_tekisei_code+umakigo_code+ls_shisu_juni,manken_shirushi,da_tekisei_code,umakigo_code,ls_shisu_juni,9,1074,71.24,13.57,62.38,False
COURSE_27_06_ダ_短距離,joken_class_code+umakigo_code+kishu_minarai_code+shiba_tekisei_code,joken_class_code,umakigo_code,kishu_minarai_code,shiba_tekisei_code,4,705,78.4,16.43,62.29,False
COURSE_27_06_ダ_短距離,pace_yoso+kyakushitsu+shiba_tekisei_code+agari_shisu_juni,pace_yoso,kyakushitsu,shiba_tekisei_code,agari_shisu_juni,22,2856,67.74,13.11,62.26,False
COURSE_27_06_ダ_短距離,manken_shirushi+joken_class_code+umakigo_code+ichi_shisu,manken_shirushi,joken_class_code,umakigo_code,ichi_shisu,8,877,68.46,9.05,62.19,False
COURSE_27_06_ダ_短距離,pace_yoso+da_tekisei_code+shiba_tekisei_code+ls_shisu_juni,pace_yoso,da_tekisei_code,shiba_tekisei_code,ls_shisu_juni,16,4246,67.88,11.72,62.14,False
COURSE_27_06_ダ_短距離,joken_class_code+kyakushitsu+ichi_shisu_juni+agari_shisu_juni,joken_class_code,kyakushitsu,ichi_shisu_juni,agari_shisu_juni,7,802,69.13,9.5,62.09,False
COURSE_27_06_ダ_短距離,kyakushitsu+ichi_shisu+ichi_shisu_juni+agari_shisu_juni,kyakushitsu,ichi_shisu,ichi_shisu_juni,agari_shisu_juni,7,802,69.13,9.5,62.09,False
COURSE_27_06_ダ_短距離,pace_yoso+umakigo_code+kyakushitsu+kishu_minarai_code,pace_yoso,umakigo_code,kyakushitsu,kishu_minarai_code,6,1048,75.25,16.49,62.06,False
COURSE_27_06_ダ_短距離,pace_yoso+umakigo_code+ichi_shisu+agari_shisu_juni,pace_yoso,umakigo_code,ichi_shisu,agari_shisu_juni,7,796,67.99,8.09,62.0,False
COURSE_27_06_ダ_短距離,joken_class_code+kyakushitsu+shiba_tekisei_code+ls_shisu_juni,joken_class_code,kyakushitsu,shiba_tekisei_code,ls_shisu_juni,14,2246,67.95,11.4,61.98,False
COURSE_27_06_ダ_短距離,da_tekisei_code+joken_class_code+umakigo_code+kishu_shisu,da_tekisei_code,joken_class_code,umakigo_code,kishu_shisu,28,5221,67.22,14.23,61.95,False
COURSE_27_06_ダ_短距離,manken_shirushi+joken_class_code+kyakushitsu+ichi_shisu,manken_shirushi,joken_class_code,kyakushitsu,ichi_shisu,8,871,70.39,12.21,61.93,False
COURSE_27_06_ダ_短距離,da_tekisei_code+omo_tekisei_code+ichi_shisu_juni+shiba_tekisei_code,da_tekisei_code,omo_tekisei_code,ichi_shisu_juni,shiba_tekisei_code,6,652,74.28,15.44,61.92,False
COURSE_27_06_ダ_短距離,hizume_code+umakigo_code+omo_tekisei_code+uma_start_shisu,hizume_code,umakigo_code,omo_tekisei_code,uma_start_shisu,14,2298,68.83,13.24,61.89,False
COURSE_27_06_ダ_短距離,pace_yoso+joken_class_code+umakigo_code+kishu_shisu,pace_yoso,joken_class_code,umakigo_code,kishu_shisu,42,7793,67.73,19.35,61.88,False
COURSE_27_06_ダ_短距離,pace_yoso+kyakushitsu+shiba_tekisei_code+gekiso_juni,pace_yoso,kyakushitsu,shiba_tekisei_code,gekiso_juni,18,2310,67.94,13.29,61.8,False
COURSE_27_06_ダ_短距離,umakigo_code+ichi_shisu+ichi_shisu_juni+gekiso_juni,umakigo_code,ichi_shisu,ichi_shisu_juni,gekiso_juni,4,414,73.34,11.78,61.79,False
COURSE_27_06_ダ_短距離,hizume_code+pace_yoso+kyakushitsu+uma_start_shisu,hizume_code,pace_yoso,kyakushitsu,uma_start_shisu,8,1413,75.7,20.2,61.7,False
COURSE_27_06_ダ_短距離,manken_shirushi+umakigo_code+kyakushitsu+ichi_shisu,manken_shirushi,umakigo_code,kyakushitsu,ichi_shisu,7,744,66.14,6.18,61.56,False
COURSE_27_06_ダ_短距離,hizume_code+pace_yoso+da_tekisei_code+agari_shisu_juni,hizume_code,pace_yoso,da_tekisei_code,agari_shisu_juni,9,969,71.74,15.69,61.49,False
COURSE_27_06_ダ_短距離,hizume_code+da_tekisei_code+joken_class_code+ls_shisu_juni,hizume_code,da_tekisei_code,joken_class_code,ls_shisu_juni,13,1786,67.3,10.71,61.48,False
COURSE_27_06_ダ_短距離,manken_shirushi+umakigo_code+shiba_tekisei_code+ls_shisu_juni,manken_shirushi,umakigo_code,shiba_tekisei_code,ls_shisu_juni,8,877,68.5,10.19,61.44,False
COURSE_27_06_ダ_短距離,pace_yoso+da_tekisei_code+ichi_shisu_juni+ls_shisu_juni,pace_yoso,da_tekisei_code,ichi_shisu_juni,ls_shisu_juni,3,309,69.19,6.98,61.29,False
COURSE_27_06_ダ_短距離,da_tekisei_code+umakigo_code+shiba_tekisei_code+kishu_shisu,da_tekisei_code,umakigo_code,shiba_tekisei_code,kishu_shisu,13,2450,73.96,23.39,61.24,False
COURSE_27_06_ダ_短距離,manken_shirushi+umakigo_code+uma_start_shisu+shiba_tekisei_code,manken_shirushi,umakigo_code,uma_start_shisu,shiba_tekisei_code,6,658,73.16,15.06,61.11,False
COURSE_27_06_ダ_短距離,da_tekisei_code+umakigo_code+ichi_shisu_juni+ls_shisu_juni,da_tekisei_code,umakigo_code,ichi_shisu_juni,ls_shisu_juni,4,410,69.09,8.2,61.05,False
COURSE_27_06_ダ_短距離,umakigo_code+omo_tekisei_code+uma_start_shisu+ls_shisu_juni,umakigo_code,omo_tekisei_code,uma_start_shisu,ls_shisu_juni,13,2419,68.37,13.52,61.02,False
COURSE_27_06_ダ_短距離,pace_yoso+umakigo_code+ichi_shisu_juni+kishu_shisu,pace_yoso,umakigo_code,ichi_shisu_juni,kishu_shisu,5,689,76.83,18.06,61.01,False
COURSE_27_06_ダ_短距離,hizume_code+pace_yoso+uma_start_shisu+shiba_tekisei_code,hizume_code,pace_yoso,uma_start_shisu,shiba_tekisei_code,8,1199,71.31,14.89,61.0,False
COURSE_27_06_ダ_短距離,pace_yoso+da_tekisei_code+joken_class_code+kishu_shisu,pace_yoso,da_tekisei_code,joken_class_code,kishu_shisu,28,4718,72.16,30.2,60.97,False
COURSE_27_06_ダ_短距離,umakigo_code+uma_start_shisu+shiba_tekisei_code+agari_shisu_juni,umakigo_code,uma_start_shisu,shiba_tekisei_code,agari_shisu_juni,6,653,67.99,8.8,60.94,False
COURSE_27_06_ダ_短距離,pace_yoso+joho_shisu+uma_start_shisu+ls_shisu_juni,pace_yoso,joho_shisu,uma_start_shisu,ls_shisu_juni,3,639,71.84,9.75,60.8,False
COURSE_27_06_ダ_短距離,manken_shirushi+umakigo_code+kyakushitsu+ichi_shisu_juni,manken_shirushi,umakigo_code,kyakushitsu,ichi_shisu_juni,6,620,66.22,6.79,60.78,False
COURSE_27_06_ダ_短距離,manken_shirushi+umakigo_code+ichi_shisu+ichi_shisu_juni,manken_shirushi,umakigo_code,ichi_shisu,ichi_shisu_juni,6,621,66.2,6.79,60.77,False
COURSE_27_06_ダ_短距離,pace_yoso+joken_class_code+ichi_shisu_juni+kishu_shisu,pace_yoso,joken_class_code,ichi_shisu_juni,kishu_shisu,3,484,82.51,19.38,60.58,False
COURSE_27_06_ダ_短距離,joken_class_code+omo_tekisei_code+shiba_tekisei_code+ls_shisu_juni,joken_class_code,omo_tekisei_code,shiba_tekisei_code,ls_shisu_juni,21,3629,66.61,14.32,60.49,False
COURSE_27_06_ダ_短距離,hizume_code+umakigo_code+shiba_tekisei_code+gekiso_juni,hizume_code,umakigo_code,shiba_tekisei_code,gekiso_juni,7,811,73.32,17.43,60.4,False
COURSE_27_06_ダ_短距離,hizume_code+pace_yoso+shiba_tekisei_code+ls_shisu_juni,hizume_code,pace_yoso,shiba_tekisei_code,ls_shisu_juni,13,2070,67.11,12.46,60.33,False
COURSE_27_06_ダ_短距離,pace_yoso+umakigo_code+uma_start_shisu+kishu_shisu,pace_yoso,umakigo_code,uma_start_shisu,kishu_shisu,11,1725,68.95,14.63,60.31,False
COURSE_27_06_ダ_短距離,hizume_code+omo_tekisei_code+shiba_tekisei_code+ls_shisu_juni,hizume_code,omo_tekisei_code,shiba_tekisei_code,ls_shisu_juni,6,805,66.12,7.26,60.31,False
COURSE_27_06_ダ_短距離,da_tekisei_code+umakigo_code+omo_tekisei_code+kishu_shisu,da_tekisei_code,umakigo_code,omo_tekisei_code,kishu_shisu,25,4436,66.54,16.21,60.19,False
COURSE_27_06_ダ_短距離,hizume_code+da_tekisei_code+omo_tekisei_code+ls_shisu_juni,hizume_code,da_tekisei_code,omo_tekisei_code,ls_shisu_juni,13,1831,65.75,10.3,60.15,False
COURSE_27_06_ダ_短距離,da_tekisei_code+kyakushitsu+uma_start_shisu+ls_shisu_juni,da_tekisei_code,kyakushitsu,uma_start_shisu,ls_shisu_juni,6,865,69.17,11.31,60.12,False
COURSE_27_06_ダ_短距離,hizume_code+umakigo_code+kyakushitsu+kishu_shisu,hizume_code,umakigo_code,kyakushitsu,kishu_shisu,4,542,69.34,9.54,59.99,False
COURSE_27_06_ダ_短距離,kyakushitsu+omo_tekisei_code+shiba_tekisei_code+ls_shisu_juni,kyakushitsu,omo_tekisei_code,shiba_tekisei_code,ls_shisu_juni,15,2389,68.41,16.68,59.97,False
COURSE_27_06_ダ_短距離,pace_yoso+da_tekisei_code+joho_shisu+ichi_shisu_juni,pace_yoso,da_tekisei_code,joho_shisu,ichi_shisu_juni,8,874,66.66,9.76,59.9,False
COURSE_27_06_ダ_短距離,pace_yoso+manken_shirushi+umakigo_code+kishu_shisu,pace_yoso,manken_shirushi,umakigo_code,kishu_shisu,6,636,71.91,15.04,59.88,False
COURSE_27_06_ダ_短距離,umakigo_code+shiba_tekisei_code+agari_shisu_juni+ls_shisu_juni,umakigo_code,shiba_tekisei_code,agari_shisu_juni,ls_shisu_juni,3,309,70.91,9.77,59.85,False
COURSE_27_06_ダ_短距離,umakigo_code+ichi_shisu_juni+uma_start_shisu+shiba_tekisei_code,umakigo_code,ichi_shisu_juni,uma_start_shisu,shiba_tekisei_code,8,1052,69.61,14.11,59.84,False
COURSE_27_06_ダ_短距離,umakigo_code+shiba_tekisei_code+gekiso_juni+ls_shisu_juni,umakigo_code,shiba_tekisei_code,gekiso_juni,ls_shisu_juni,10,1067,67.76,12.99,59.71,False
COURSE_27_06_ダ_短距離,joken_class_code+umakigo_code+ichi_shisu_juni+uma_start_shisu,joken_class_code,umakigo_code,ichi_shisu_juni,uma_start_shisu,8,1259,68.84,13.19,59.7,False
COURSE_27_06_ダ_短距離,pace_yoso+kyakushitsu+joho_shisu+uma_start_shisu,pace_yoso,kyakushitsu,joho_shisu,uma_start_shisu,6,1087,74.49,18.52,59.67,False
COURSE_27_06_ダ_短距離,pace_yoso+da_tekisei_code+kyakushitsu+kishu_shisu,pace_yoso,da_tekisei_code,kyakushitsu,kishu_shisu,19,2993,64.42,10.89,59.53,False
COURSE_27_06_ダ_短距離,pace_yoso+kyakushitsu+ichi_shisu+kishu_shisu,pace_yoso,kyakushitsu,ichi_shisu,kishu_shisu,3,482,81.17,19.23,59.4,False
COURSE_27_06_ダ_短距離,da_tekisei_code+joken_class_code+shiba_tekisei_code+kishu_shisu,da_tekisei_code,joken_class_code,shiba_tekisei_code,kishu_shisu,8,1389,65.71,9.47,59.15,False
COURSE_27_06_ダ_短距離,hizume_code+joken_class_code+omo_tekisei_code+ls_shisu_juni,hizume_code,joken_class_code,omo_tekisei_code,ls_shisu_juni,6,863,65.51,8.01,59.11,False
COURSE_27_06_ダ_短距離,pace_yoso+umakigo_code+shiba_tekisei_code+kishu_shisu,pace_yoso,umakigo_code,shiba_tekisei_code,kishu_shisu,17,3925,65.77,14.18,59.03,False
COURSE_27_06_ダ_短距離,hizume_code+joken_class_code+kyakushitsu+shiba_tekisei_code,hizume_code,joken_class_code,kyakushitsu,shiba_tekisei_code,8,1344,68.26,13.39,58.98,False
COURSE_27_06_ダ_短距離,da_tekisei_code+umakigo_code+joho_shisu+ichi_shisu_juni,da_tekisei_code,umakigo_code,joho_shisu,ichi_shisu_juni,7,734,64.59,7.6,58.96,False
COURSE_27_06_ダ_短距離,pace_yoso+da_tekisei_code+omo_tekisei_code+kishu_shisu,pace_yoso,da_tekisei_code,omo_tekisei_code,kishu_shisu,20,3769,65.53,15.08,58.93,False
COURSE_27_06_ダ_短距離,da_tekisei_code+joken_class_code+kyakushitsu+kishu_shisu,da_tekisei_code,joken_class_code,kyakushitsu,kishu_shisu,8,1178,64.28,7.8,58.88,False
COURSE_27_06_ダ_短距離,da_tekisei_code+umakigo_code+kishu_shisu+ls_shisu_juni,da_tekisei_code,umakigo_code,kishu_shisu,ls_shisu_juni,12,2063,63.58,8.32,58.88,False
COURSE_27_06_ダ_短距離,da_tekisei_code+umakigo_code+joho_shisu+gekiso_juni,da_tekisei_code,umakigo_code,joho_shisu,gekiso_juni,9,1017,69.41,16.2,58.82,False
COURSE_27_06_ダ_短距離,pace_yoso+da_tekisei_code+umakigo_code+kishu_minarai_code,pace_yoso,da_tekisei_code,umakigo_code,kishu_minarai_code,7,1380,73.39,19.73,58.77,False
COURSE_27_06_ダ_短距離,pace_yoso+da_tekisei_code+shiba_tekisei_code+kishu_shisu,pace_yoso,da_tekisei_code,shiba_tekisei_code,kishu_shisu,13,2433,73.4,27.34,58.54,False
COURSE_27_06_ダ_短距離,da_tekisei_code+umakigo_code+joho_shisu+uma_start_shisu,da_tekisei_code,umakigo_code,joho_shisu,uma_start_shisu,8,1395,67.79,13.4,58.51,False
COURSE_27_06_ダ_短距離,pace_yoso+umakigo_code+ichi_shisu+kishu_shisu,pace_yoso,umakigo_code,ichi_shisu,kishu_shisu,3,493,80.06,19.08,58.47,False
COURSE_27_06_ダ_短距離,pace_yoso+da_tekisei_code+kyakushitsu+joho_shisu,pace_yoso,da_tekisei_code,kyakushitsu,joho_shisu,11,3046,64.08,9.5,58.46,False
COURSE_27_06_ダ_短距離,pace_yoso+shiba_tekisei_code+kishu_shisu+ls_shisu_juni,pace_yoso,shiba_tekisei_code,kishu_shisu,ls_shisu_juni,8,1350,67.96,13.73,58.45,False
COURSE_27_06_ダ_短距離,joken_class_code+umakigo_code+shiba_tekisei_code+kishu_shisu,joken_class_code,umakigo_code,shiba_tekisei_code,kishu_shisu,15,2634,63.95,11.07,58.34,False
COURSE_27_06_ダ_短距離,da_tekisei_code+umakigo_code+kyakushitsu+kishu_shisu,da_tekisei_code,umakigo_code,kyakushitsu,kishu_shisu,22,3416,63.84,13.26,58.3,False
COURSE_27_06_ダ_短距離,joken_class_code+omo_tekisei_code+shiba_tekisei_code+gekiso_juni,joken_class_code,omo_tekisei_code,shiba_tekisei_code,gekiso_juni,8,1025,69.2,15.75,58.29,False
COURSE_27_06_ダ_短距離,hizume_code+da_tekisei_code+kyakushitsu+uma_start_shisu,hizume_code,da_tekisei_code,kyakushitsu,uma_start_shisu,4,618,73.37,15.42,58.25,False
COURSE_27_06_ダ_短距離,pace_yoso+umakigo_code+joho_shisu+kishu_shisu,pace_yoso,umakigo_code,joho_shisu,kishu_shisu,13,3763,67.36,16.92,58.16,False
COURSE_27_06_ダ_短距離,pace_yoso+omo_tekisei_code+kishu_shisu+ls_shisu_juni,pace_yoso,omo_tekisei_code,kishu_shisu,ls_shisu_juni,12,1701,66.83,15.46,58.08,False
COURSE_27_06_ダ_短距離,joken_class_code+kyakushitsu+uma_start_shisu+shiba_tekisei_code,joken_class_code,kyakushitsu,uma_start_shisu,shiba_tekisei_code,8,1500,68.13,14.6,58.01,False
COURSE_27_06_ダ_短距離,pace_yoso+da_tekisei_code+joho_shisu+omo_tekisei_code,pace_yoso,da_tekisei_code,joho_shisu,omo_tekisei_code,13,3593,68.74,19.79,57.98,False
COURSE_27_06_ダ_短距離,joken_class_code+umakigo_code+uma_start_shisu+gekiso_juni,joken_class_code,umakigo_code,uma_start_shisu,gekiso_juni,9,1198,67.6,14.74,57.97,False
COURSE_27_06_ダ_短距離,pace_yoso+da_tekisei_code+umakigo_code+joho_shisu,pace_yoso,da_tekisei_code,umakigo_code,joho_shisu,12,3953,64.64,11.8,57.96,False
COURSE_27_06_ダ_短距離,pace_yoso+joken_class_code+ichi_shisu+kishu_shisu,pace_yoso,joken_class_code,ichi_shisu,kishu_shisu,3,497,79.27,18.83,57.96,False
COURSE_27_06_ダ_短距離,hizume_code+kyakushitsu+omo_tekisei_code+ls_shisu_juni,hizume_code,kyakushitsu,omo_tekisei_code,ls_shisu_juni,3,368,78.55,18.2,57.96,False
COURSE_27_06_ダ_短距離,da_tekisei_code+joken_class_code+uma_start_shisu+ls_shisu_juni,da_tekisei_code,joken_class_code,uma_start_shisu,ls_shisu_juni,7,1143,62.66,6.43,57.89,False
COURSE_27_06_ダ_短距離,umakigo_code+kyakushitsu+gekiso_juni+ls_shisu_juni,umakigo_code,kyakushitsu,gekiso_juni,ls_shisu_juni,4,408,82.71,25.36,57.86,False
COURSE_27_06_ダ_短距離,da_tekisei_code+omo_tekisei_code+shiba_tekisei_code+kishu_shisu,da_tekisei_code,omo_tekisei_code,shiba_tekisei_code,kishu_shisu,9,1342,68.48,16.33,57.81,False
COURSE_27_06_ダ_短距離,hizume_code+pace_yoso+kyakushitsu+ls_shisu_juni,hizume_code,pace_yoso,kyakushitsu,ls_shisu_juni,11,1701,66.35,14.57,57.74,False
COURSE_27_06_ダ_短距離,joken_class_code+umakigo_code+omo_tekisei_code+kishu_shisu,joken_class_code,umakigo_code,omo_tekisei_code,kishu_shisu,25,4160,63.31,14.65,57.57,False
COURSE_27_06_ダ_短距離,hizume_code+joken_class_code+omo_tekisei_code+uma_start_shisu,hizume_code,joken_class_code,omo_tekisei_code,uma_start_shisu,8,1169,63.73,8.9,57.56,False
COURSE_27_06_ダ_短距離,joken_class_code+omo_tekisei_code+uma_start_shisu+ls_shisu_juni,joken_class_code,omo_tekisei_code,uma_start_shisu,ls_shisu_juni,6,1050,65.8,10.33,57.54,False
COURSE_27_06_ダ_短距離,da_tekisei_code+joken_class_code+kishu_shisu+ls_shisu_juni,da_tekisei_code,joken_class_code,kishu_shisu,ls_shisu_juni,7,983,67.39,13.33,57.52,False
COURSE_27_06_ダ_短距離,hizume_code+pace_yoso+joho_shisu+ls_shisu_juni,hizume_code,pace_yoso,joho_shisu,ls_shisu_juni,6,955,64.83,9.24,57.43,False
COURSE_27_06_ダ_短距離,joken_class_code+shiba_tekisei_code+kishu_shisu+ls_shisu_juni,joken_class_code,shiba_tekisei_code,kishu_shisu,ls_shisu_juni,5,615,66.15,10.12,57.28,False
COURSE_27_06_ダ_短距離,da_tekisei_code+umakigo_code+joho_shisu+agari_shisu_juni,da_tekisei_code,umakigo_code,joho_shisu,agari_shisu_juni,6,659,71.46,17.75,57.26,False
COURSE_27_06_ダ_短距離,hizume_code+da_tekisei_code+shiba_tekisei_code+ls_shisu_juni,hizume_code,da_tekisei_code,shiba_tekisei_code,ls_shisu_juni,5,730,67.98,12.31,57.2,False
COURSE_27_06_ダ_短距離,da_tekisei_code+kyakushitsu+joho_shisu+ls_shisu_juni,da_tekisei_code,kyakushitsu,joho_shisu,ls_shisu_juni,10,1434,63.92,10.89,57.17,False
COURSE_27_06_ダ_短距離,umakigo_code+kyakushitsu+omo_tekisei_code+kishu_shisu,umakigo_code,kyakushitsu,omo_tekisei_code,kishu_shisu,20,2954,64.65,17.46,57.0,False
COURSE_27_06_ダ_短距離,umakigo_code+omo_tekisei_code+kishu_shisu+ls_shisu_juni,umakigo_code,omo_tekisei_code,kishu_shisu,ls_shisu_juni,15,2206,62.88,12.0,56.81,False
COURSE_27_06_ダ_短距離,da_tekisei_code+joken_class_code+umakigo_code+joho_shisu,da_tekisei_code,joken_class_code,umakigo_code,joho_shisu,9,3273,61.24,6.83,56.77,False
COURSE_27_06_ダ_短距離,kyakushitsu+omo_tekisei_code+uma_start_shisu+ls_shisu_juni,kyakushitsu,omo_tekisei_code,uma_start_shisu,ls_shisu_juni,8,1054,66.23,13.74,56.72,False
COURSE_27_06_ダ_短距離,hizume_code+da_tekisei_code+omo_tekisei_code+uma_start_shisu,hizume_code,da_tekisei_code,omo_tekisei_code,uma_start_shisu,6,905,68.87,15.19,56.71,False
COURSE_27_06_ダ_短距離,da_tekisei_code+umakigo_code+kyakushitsu+joho_shisu,da_tekisei_code,umakigo_code,kyakushitsu,joho_shisu,10,3003,61.8,8.3,56.65,False
COURSE_27_06_ダ_短距離,hizume_code+pace_yoso+umakigo_code+kishu_shisu,hizume_code,pace_yoso,umakigo_code,kishu_shisu,19,2843,64.19,16.81,56.63,False
COURSE_27_06_ダ_短距離,hizume_code+da_tekisei_code+joken_class_code+uma_start_shisu,hizume_code,da_tekisei_code,joken_class_code,uma_start_shisu,5,813,68.62,13.79,56.53,False
COURSE_27_06_ダ_短距離,pace_yoso+kyakushitsu+omo_tekisei_code+kishu_shisu,pace_yoso,kyakushitsu,omo_tekisei_code,kishu_shisu,15,2254,63.18,13.22,56.48,False
COURSE_27_06_ダ_短距離,hizume_code+pace_yoso+manken_shirushi+shiba_tekisei_code,hizume_code,pace_yoso,manken_shirushi,shiba_tekisei_code,3,350,72.79,14.43,56.47,False
COURSE_27_06_ダ_短距離,pace_yoso+umakigo_code+kishu_shisu+ls_shisu_juni,pace_yoso,umakigo_code,kishu_shisu,ls_shisu_juni,24,4440,66.26,24.61,56.42,False
COURSE_27_06_ダ_短距離,joken_class_code+umakigo_code+uma_start_shisu+ls_shisu_juni,joken_class_code,umakigo_code,uma_start_shisu,ls_shisu_juni,13,2431,64.25,14.4,56.42,False
COURSE_27_06_ダ_短距離,omo_tekisei_code+uma_start_shisu+shiba_tekisei_code+ls_shisu_juni,omo_tekisei_code,uma_start_shisu,shiba_tekisei_code,ls_shisu_juni,5,758,65.94,10.86,56.42,False
COURSE_27_06_ダ_短距離,pace_yoso+umakigo_code+kyakushitsu+joho_shisu,pace_yoso,umakigo_code,kyakushitsu,joho_shisu,13,4430,61.97,10.23,56.41,False
COURSE_27_06_ダ_短距離,joken_class_code+umakigo_code+kyakushitsu+kishu_shisu,joken_class_code,umakigo_code,kyakushitsu,kishu_shisu,17,2784,64.24,16.58,56.36,False
COURSE_27_06_ダ_短距離,pace_yoso+omo_tekisei_code+shiba_tekisei_code+kishu_shisu,pace_yoso,omo_tekisei_code,shiba_tekisei_code,kishu_shisu,9,1847,62.56,9.51,56.34,False
COURSE_27_06_ダ_短距離,pace_yoso+joken_class_code+kyakushitsu+joho_shisu,pace_yoso,joken_class_code,kyakushitsu,joho_shisu,16,3484,62.87,13.46,56.28,False
COURSE_27_06_ダ_短距離,umakigo_code+omo_tekisei_code+shiba_tekisei_code+kishu_shisu,umakigo_code,omo_tekisei_code,shiba_tekisei_code,kishu_shisu,14,2592,64.21,15.6,56.03,False
COURSE_27_06_ダ_短距離,da_tekisei_code+omo_tekisei_code+shiba_tekisei_code+agari_shisu_juni,da_tekisei_code,omo_tekisei_code,shiba_tekisei_code,agari_shisu_juni,7,786,67.51,15.54,56.0,False
COURSE_27_06_ダ_短距離,da_tekisei_code+joken_class_code+joho_shisu+ls_shisu_juni,da_tekisei_code,joken_class_code,joho_shisu,ls_shisu_juni,8,1649,62.98,10.09,55.99,False
COURSE_27_06_ダ_短距離,da_tekisei_code+joken_class_code+omo_tekisei_code+kishu_shisu,da_tekisei_code,joken_class_code,omo_tekisei_code,kishu_shisu,17,2598,64.79,18.56,55.97,False
COURSE_27_06_ダ_短距離,pace_yoso+da_tekisei_code+kishu_shisu+ls_shisu_juni,pace_yoso,da_tekisei_code,kishu_shisu,ls_shisu_juni,12,1943,62.96,12.36,55.97,False
COURSE_27_06_ダ_短距離,joken_class_code+umakigo_code+ichi_shisu_juni+kishu_shisu,joken_class_code,umakigo_code,ichi_shisu_juni,kishu_shisu,4,652,71.37,15.78,55.9,False
COURSE_27_06_ダ_短距離,da_tekisei_code+joho_shisu+omo_tekisei_code+ls_shisu_juni,da_tekisei_code,joho_shisu,omo_tekisei_code,ls_shisu_juni,10,1824,63.41,12.19,55.86,False
COURSE_27_06_ダ_短距離,pace_yoso+kyakushitsu+joho_shisu+ls_shisu_juni,pace_yoso,kyakushitsu,joho_shisu,ls_shisu_juni,14,2620,63.91,15.39,55.85,False
COURSE_27_06_ダ_短距離,umakigo_code+kyakushitsu+shiba_tekisei_code+kishu_shisu,umakigo_code,kyakushitsu,shiba_tekisei_code,kishu_shisu,11,2060,61.66,10.04,55.73,False
COURSE_27_06_ダ_短距離,pace_yoso+da_tekisei_code+joken_class_code+manken_shisu,pace_yoso,da_tekisei_code,joken_class_code,manken_shisu,3,308,71.07,13.67,55.6,False
COURSE_27_06_ダ_短距離,umakigo_code+kyakushitsu+joho_shisu+ichi_shisu_juni,umakigo_code,kyakushitsu,joho_shisu,ichi_shisu_juni,16,2210,64.99,19.21,55.58,False
COURSE_27_06_ダ_短距離,hizume_code+joken_class_code+shiba_tekisei_code+ls_shisu_juni,hizume_code,joken_class_code,shiba_tekisei_code,ls_shisu_juni,4,624,65.71,10.43,55.49,False
COURSE_27_06_ダ_短距離,da_tekisei_code+umakigo_code+joho_shisu+kishu_shisu,da_tekisei_code,umakigo_code,joho_shisu,kishu_shisu,11,2478,64.06,14.67,55.39,False
COURSE_27_06_ダ_短距離,joken_class_code+umakigo_code+joho_shisu+kishu_shisu,joken_class_code,umakigo_code,joho_shisu,kishu_shisu,13,2906,60.53,9.72,55.25,False
COURSE_27_06_ダ_短距離,pace_yoso+umakigo_code+joho_shisu+shiba_tekisei_code,pace_yoso,umakigo_code,joho_shisu,shiba_tekisei_code,5,2461,61.89,7.59,55.24,False
COURSE_27_06_ダ_短距離,da_tekisei_code+kyakushitsu+shiba_tekisei_code+kishu_shisu,da_tekisei_code,kyakushitsu,shiba_tekisei_code,kishu_shisu,6,793,66.35,13.97,55.17,False
COURSE_27_06_ダ_短距離,pace_yoso+kyakushitsu+joho_shisu+omo_tekisei_code,pace_yoso,kyakushitsu,joho_shisu,omo_tekisei_code,13,3190,63.52,15.36,55.17,False
COURSE_27_06_ダ_短距離,hizume_code+umakigo_code+kishu_shisu+ls_shisu_juni,hizume_code,umakigo_code,kishu_shisu,ls_shisu_juni,5,616,60.46,6.15,55.07,False
COURSE_27_06_ダ_短距離,pace_yoso+da_tekisei_code+joho_shisu+agari_shisu_juni,pace_yoso,da_tekisei_code,joho_shisu,agari_shisu_juni,9,990,68.0,19.86,55.02,False
COURSE_27_06_ダ_短距離,pace_yoso+umakigo_code+joho_shisu+omo_tekisei_code,pace_yoso,umakigo_code,joho_shisu,omo_tekisei_code,9,3939,61.68,10.38,54.89,False
COURSE_27_06_ダ_短距離,hizume_code+kyakushitsu+omo_tekisei_code+uma_start_shisu,hizume_code,kyakushitsu,omo_tekisei_code,uma_start_shisu,5,704,65.78,12.47,54.85,False
COURSE_27_06_ダ_短距離,pace_yoso+joken_class_code+kishu_shisu+ls_shisu_juni,pace_yoso,joken_class_code,kishu_shisu,ls_shisu_juni,13,1809,64.34,17.74,54.69,False
COURSE_27_06_ダ_短距離,joken_class_code+umakigo_code+kishu_shisu+ls_shisu_juni,joken_class_code,umakigo_code,kishu_shisu,ls_shisu_juni,17,2724,62.0,15.58,54.59,False
COURSE_27_06_ダ_短距離,umakigo_code+kyakushitsu+ichi_shisu+kishu_shisu,umakigo_code,kyakushitsu,ichi_shisu,kishu_shisu,3,560,71.35,14.84,54.56,False
COURSE_27_06_ダ_短距離,joken_class_code+omo_tekisei_code+kishu_shisu+ls_shisu_juni,joken_class_code,omo_tekisei_code,kishu_shisu,ls_shisu_juni,6,667,64.96,13.04,54.52,False
COURSE_27_06_ダ_短距離,da_tekisei_code+kyakushitsu+joho_shisu+omo_tekisei_code,da_tekisei_code,kyakushitsu,joho_shisu,omo_tekisei_code,14,2534,64.45,19.05,54.47,False
COURSE_27_06_ダ_短距離,pace_yoso+joken_class_code+kyakushitsu+kishu_shisu,pace_yoso,joken_class_code,kyakushitsu,kishu_shisu,15,2216,63.5,18.02,54.39,False
COURSE_27_06_ダ_短距離,hizume_code+pace_yoso+umakigo_code+joho_shisu,hizume_code,pace_yoso,umakigo_code,joho_shisu,11,2850,62.14,13.3,54.28,False
COURSE_27_06_ダ_短距離,joken_class_code+kyakushitsu+ichi_shisu+agari_shisu_juni,joken_class_code,kyakushitsu,ichi_shisu,agari_shisu_juni,9,1054,64.04,14.99,54.25,False
COURSE_27_06_ダ_短距離,hizume_code+pace_yoso+joken_class_code+uma_start_shisu,hizume_code,pace_yoso,joken_class_code,uma_start_shisu,6,1088,64.71,13.11,54.22,False
COURSE_27_06_ダ_短距離,pace_yoso+joho_shisu+omo_tekisei_code+uma_start_shisu,pace_yoso,joho_shisu,omo_tekisei_code,uma_start_shisu,4,924,67.58,13.66,54.19,False
COURSE_27_06_ダ_短距離,pace_yoso+joken_class_code+omo_tekisei_code+kishu_shisu,pace_yoso,joken_class_code,omo_tekisei_code,kishu_shisu,17,2759,61.4,15.23,54.16,False
COURSE_27_06_ダ_短距離,hizume_code+pace_yoso+shiba_tekisei_code+kishu_shisu,hizume_code,pace_yoso,shiba_tekisei_code,kishu_shisu,5,734,71.55,19.85,54.15,False
COURSE_27_06_ダ_短距離,joken_class_code+kyakushitsu+ichi_shisu+kishu_shisu,joken_class_code,kyakushitsu,ichi_shisu,kishu_shisu,3,567,70.66,14.61,54.13,False
COURSE_27_06_ダ_短距離,hizume_code+pace_yoso+da_tekisei_code+joho_shisu,hizume_code,pace_yoso,da_tekisei_code,joho_shisu,11,1966,67.49,22.73,54.06,False
COURSE_27_06_ダ_短距離,pace_yoso+kyakushitsu+kishu_shisu+ls_shisu_juni,pace_yoso,kyakushitsu,kishu_shisu,ls_shisu_juni,10,1360,62.8,14.19,54.01,False
COURSE_27_06_ダ_短距離,kyakushitsu+joho_shisu+omo_tekisei_code+ls_shisu_juni,kyakushitsu,joho_shisu,omo_tekisei_code,ls_shisu_juni,9,1216,62.71,13.47,53.91,False
COURSE_27_06_ダ_短距離,pace_yoso+joken_class_code+umakigo_code+joho_shisu,pace_yoso,joken_class_code,umakigo_code,joho_shisu,11,4581,60.85,11.81,53.87,False
COURSE_27_06_ダ_短距離,joken_class_code+uma_start_shisu+shiba_tekisei_code+ls_shisu_juni,joken_class_code,uma_start_shisu,shiba_tekisei_code,ls_shisu_juni,4,669,63.4,9.78,53.81,False
COURSE_27_06_ダ_短距離,pace_yoso+umakigo_code+joho_shisu+ls_shisu_juni,pace_yoso,umakigo_code,joho_shisu,ls_shisu_juni,12,3921,61.97,14.53,53.75,False
COURSE_27_06_ダ_短距離,joken_class_code+umakigo_code+joho_shisu+ls_shisu_juni,joken_class_code,umakigo_code,joho_shisu,ls_shisu_juni,11,2916,58.97,8.85,53.74,False
COURSE_27_06_ダ_短距離,pace_yoso+omo_tekisei_code+uma_start_shisu+kishu_shisu,pace_yoso,omo_tekisei_code,uma_start_shisu,kishu_shisu,5,656,70.15,18.88,53.6,False
COURSE_27_06_ダ_短距離,da_tekisei_code+umakigo_code+joho_shisu+omo_tekisei_code,da_tekisei_code,umakigo_code,joho_shisu,omo_tekisei_code,11,3389,62.33,14.79,53.59,False
COURSE_27_06_ダ_短距離,hizume_code+pace_yoso+kyakushitsu+joho_shisu,hizume_code,pace_yoso,kyakushitsu,joho_shisu,11,1660,61.97,14.31,53.51,False
COURSE_27_06_ダ_短距離,joken_class_code+umakigo_code+ichi_shisu+kishu_shisu,joken_class_code,umakigo_code,ichi_shisu,kishu_shisu,4,693,65.92,12.69,53.48,False
COURSE_27_06_ダ_短距離,pace_yoso+umakigo_code+joho_shisu+agari_shisu_juni,pace_yoso,umakigo_code,joho_shisu,agari_shisu_juni,17,2855,60.24,14.25,53.47,False
COURSE_27_06_ダ_短距離,pace_yoso+umakigo_code+joho_shisu+ichi_shisu_juni,pace_yoso,umakigo_code,joho_shisu,ichi_shisu_juni,18,3324,60.46,15.16,53.46,False
COURSE_27_06_ダ_短距離,pace_yoso+joken_class_code+uma_start_shisu+ls_shisu_juni,pace_yoso,joken_class_code,uma_start_shisu,ls_shisu_juni,10,1671,62.24,14.35,53.35,False
COURSE_27_06_ダ_短距離,joho_shisu+omo_tekisei_code+kishu_shisu+ls_shisu_juni,joho_shisu,omo_tekisei_code,kishu_shisu,ls_shisu_juni,7,849,58.4,6.91,53.28,False
COURSE_27_06_ダ_短距離,umakigo_code+shiba_tekisei_code+kishu_shisu+ls_shisu_juni,umakigo_code,shiba_tekisei_code,kishu_shisu,ls_shisu_juni,8,1523,60.12,9.87,53.28,False
COURSE_27_06_ダ_短距離,kyakushitsu+uma_start_shisu+shiba_tekisei_code+ls_shisu_juni,kyakushitsu,uma_start_shisu,shiba_tekisei_code,ls_shisu_juni,5,781,61.19,9.05,53.26,False
COURSE_27_06_ダ_短距離,umakigo_code+kyakushitsu+joho_shisu+ls_shisu_juni,umakigo_code,kyakushitsu,joho_shisu,ls_shisu_juni,14,2865,60.66,14.27,53.19,False
COURSE_27_06_ダ_短距離,pace_yoso+kyakushitsu+shiba_tekisei_code+kishu_shisu,pace_yoso,kyakushitsu,shiba_tekisei_code,kishu_shisu,8,1566,60.12,10.04,53.16,False
COURSE_27_06_ダ_短距離,pace_yoso+kyakushitsu+uma_start_shisu+kishu_shisu,pace_yoso,kyakushitsu,uma_start_shisu,kishu_shisu,4,601,65.57,12.69,53.14,False
COURSE_27_06_ダ_短距離,joken_class_code+umakigo_code+ichi_shisu+agari_shisu_juni,joken_class_code,umakigo_code,ichi_shisu,agari_shisu_juni,8,963,62.29,13.37,53.03,False
COURSE_27_06_ダ_短距離,hizume_code+umakigo_code+kyakushitsu+joho_shisu,hizume_code,umakigo_code,kyakushitsu,joho_shisu,11,1741,59.74,11.43,52.99,False
COURSE_27_06_ダ_短距離,hizume_code+da_tekisei_code+umakigo_code+joho_shisu,hizume_code,da_tekisei_code,umakigo_code,joho_shisu,13,2212,60.26,13.57,52.89,False
COURSE_27_06_ダ_短距離,pace_yoso+da_tekisei_code+joken_class_code+joho_shisu,pace_yoso,da_tekisei_code,joken_class_code,joho_shisu,11,3443,64.84,20.24,52.87,False
COURSE_27_06_ダ_短距離,umakigo_code+kyakushitsu+kishu_shisu+ls_shisu_juni,umakigo_code,kyakushitsu,kishu_shisu,ls_shisu_juni,12,1696,60.66,13.93,52.78,False
COURSE_27_06_ダ_短距離,hizume_code+pace_yoso+kyakushitsu+kishu_shisu,hizume_code,pace_yoso,kyakushitsu,kishu_shisu,4,483,71.67,19.43,52.63,False
COURSE_27_06_ダ_短距離,hizume_code+pace_yoso+joken_class_code+joho_shisu,hizume_code,pace_yoso,joken_class_code,joho_shisu,7,1201,61.4,11.86,52.62,False
COURSE_27_06_ダ_短距離,hizume_code+joken_class_code+umakigo_code+joho_shisu,hizume_code,joken_class_code,umakigo_code,joho_shisu,10,1651,61.11,13.96,52.46,False
COURSE_27_06_ダ_短距離,da_tekisei_code+joken_class_code+kyakushitsu+kishu_minarai_code,da_tekisei_code,joken_class_code,kyakushitsu,kishu_minarai_code,3,344,80.41,24.71,52.45,False
COURSE_27_06_ダ_短距離,kyakushitsu+omo_tekisei_code+uma_start_shisu+shiba_tekisei_code,kyakushitsu,omo_tekisei_code,uma_start_shisu,shiba_tekisei_code,8,1542,62.68,14.79,52.43,False
COURSE_27_06_ダ_短距離,umakigo_code+kyakushitsu+ichi_shisu+agari_shisu_juni,umakigo_code,kyakushitsu,ichi_shisu,agari_shisu_juni,8,921,61.71,13.46,52.39,False
COURSE_27_06_ダ_短距離,umakigo_code+joho_shisu+kishu_shisu+ls_shisu_juni,umakigo_code,joho_shisu,kishu_shisu,ls_shisu_juni,13,2504,60.89,15.79,52.3,False
COURSE_27_06_ダ_短距離,pace_yoso+umakigo_code+joho_shisu+gekiso_juni,pace_yoso,umakigo_code,joho_shisu,gekiso_juni,15,2665,60.03,15.27,52.3,False
COURSE_27_06_ダ_短距離,pace_yoso+joken_class_code+joho_shisu+shiba_tekisei_code,pace_yoso,joken_class_code,joho_shisu,shiba_tekisei_code,10,2364,61.43,14.79,52.27,False
COURSE_27_06_ダ_短距離,joken_class_code+kyakushitsu+joho_shisu+omo_tekisei_code,joken_class_code,kyakushitsu,joho_shisu,omo_tekisei_code,14,2225,62.26,19.14,52.23,False
COURSE_27_06_ダ_短距離,umakigo_code+kyakushitsu+joho_shisu+kishu_shisu,umakigo_code,kyakushitsu,joho_shisu,kishu_shisu,15,2717,58.13,11.83,52.14,False
COURSE_27_06_ダ_短距離,hizume_code+da_tekisei_code+joken_class_code+joho_shisu,hizume_code,da_tekisei_code,joken_class_code,joho_shisu,7,1055,69.18,23.1,52.07,False
COURSE_27_06_ダ_短距離,pace_yoso+joken_class_code+shiba_tekisei_code+kishu_shisu,pace_yoso,joken_class_code,shiba_tekisei_code,kishu_shisu,10,1799,59.95,12.86,51.98,False
COURSE_27_06_ダ_短距離,hizume_code+joken_class_code+umakigo_code+kishu_shisu,hizume_code,joken_class_code,umakigo_code,kishu_shisu,5,712,62.46,12.05,51.9,False
COURSE_27_06_ダ_短距離,hizume_code+joho_shisu+omo_tekisei_code+ls_shisu_juni,hizume_code,joho_shisu,omo_tekisei_code,ls_shisu_juni,3,324,62.97,9.81,51.86,False
COURSE_27_06_ダ_短距離,da_tekisei_code+joho_shisu+kishu_shisu+ls_shisu_juni,da_tekisei_code,joho_shisu,kishu_shisu,ls_shisu_juni,8,1055,60.14,11.98,51.84,False
COURSE_27_06_ダ_短距離,pace_yoso+manken_shirushi+umakigo_code+joho_shisu,pace_yoso,manken_shirushi,umakigo_code,joho_shisu,8,1452,64.05,17.86,51.68,False
COURSE_27_06_ダ_短距離,pace_yoso+kyakushitsu+joho_shisu+kishu_shisu,pace_yoso,kyakushitsu,joho_shisu,kishu_shisu,13,2344,57.11,10.2,51.57,False
COURSE_27_06_ダ_短距離,joken_class_code+umakigo_code+joho_shisu+shiba_tekisei_code,joken_class_code,umakigo_code,joho_shisu,shiba_tekisei_code,9,2330,58.27,10.33,51.52,False
COURSE_27_06_ダ_短距離,pace_yoso+joken_class_code+joho_shisu+ls_shisu_juni,pace_yoso,joken_class_code,joho_shisu,ls_shisu_juni,15,2921,60.21,17.36,51.43,False
COURSE_27_06_ダ_短距離,da_tekisei_code+joho_shisu+omo_tekisei_code+kishu_shisu,da_tekisei_code,joho_shisu,omo_tekisei_code,kishu_shisu,9,1545,58.29,10.55,51.4,False
COURSE_27_06_ダ_短距離,umakigo_code+kyakushitsu+joho_shisu+omo_tekisei_code,umakigo_code,kyakushitsu,joho_shisu,omo_tekisei_code,15,3569,61.7,20.36,51.39,False
COURSE_27_06_ダ_短距離,kyakushitsu+joho_shisu+shiba_tekisei_code+ls_shisu_juni,kyakushitsu,joho_shisu,shiba_tekisei_code,ls_shisu_juni,7,1119,58.98,10.32,51.34,False
COURSE_27_06_ダ_短距離,hizume_code+umakigo_code+joho_shisu+ls_shisu_juni,hizume_code,umakigo_code,joho_shisu,ls_shisu_juni,8,1258,62.02,15.43,51.33,False
COURSE_27_06_ダ_短距離,pace_yoso+kyakushitsu+joho_shisu+shiba_tekisei_code,pace_yoso,kyakushitsu,joho_shisu,shiba_tekisei_code,9,2199,60.15,13.51,51.32,False
COURSE_27_06_ダ_短距離,da_tekisei_code+joken_class_code+kyakushitsu+joho_shisu,da_tekisei_code,joken_class_code,kyakushitsu,joho_shisu,11,2263,60.31,15.34,51.25,False
COURSE_27_06_ダ_短距離,hizume_code+kyakushitsu+shiba_tekisei_code+ls_shisu_juni,hizume_code,kyakushitsu,shiba_tekisei_code,ls_shisu_juni,4,532,62.44,11.47,51.2,False
COURSE_27_06_ダ_短距離,hizume_code+da_tekisei_code+kyakushitsu+ls_shisu_juni,hizume_code,da_tekisei_code,kyakushitsu,ls_shisu_juni,6,703,67.37,20.32,51.11,False
COURSE_27_06_ダ_短距離,pace_yoso+kyakushitsu+joho_shisu+ichi_shisu_juni,pace_yoso,kyakushitsu,joho_shisu,ichi_shisu_juni,12,1732,58.51,13.38,50.93,False
COURSE_27_06_ダ_短距離,da_tekisei_code+kyakushitsu+joho_shisu+kishu_shisu,da_tekisei_code,kyakushitsu,joho_shisu,kishu_shisu,10,1363,60.13,14.84,50.93,False
COURSE_27_06_ダ_短距離,hizume_code+joken_class_code+kyakushitsu+ls_shisu_juni,hizume_code,joken_class_code,kyakushitsu,ls_shisu_juni,3,401,67.0,14.31,50.81,False
COURSE_27_06_ダ_短距離,umakigo_code+kyakushitsu+uma_start_shisu+kishu_shisu,umakigo_code,kyakushitsu,uma_start_shisu,kishu_shisu,5,773,69.08,20.85,50.81,False
COURSE_27_06_ダ_短距離,joken_class_code+umakigo_code+kyakushitsu+joho_shisu,joken_class_code,umakigo_code,kyakushitsu,joho_shisu,15,3615,58.58,15.55,50.71,False
COURSE_27_06_ダ_短距離,pace_yoso+joho_shisu+kishu_shisu+ls_shisu_juni,pace_yoso,joho_shisu,kishu_shisu,ls_shisu_juni,12,2028,62.62,21.09,50.68,False
COURSE_27_06_ダ_短距離,joken_class_code+umakigo_code+joho_shisu+omo_tekisei_code,joken_class_code,umakigo_code,joho_shisu,omo_tekisei_code,13,3545,58.14,13.72,50.68,False
COURSE_27_06_ダ_短距離,da_tekisei_code+joho_shisu+omo_tekisei_code+uma_start_shisu,da_tekisei_code,joho_shisu,omo_tekisei_code,uma_start_shisu,4,682,61.39,11.16,50.46,False
COURSE_27_06_ダ_短距離,pace_yoso+da_tekisei_code+joho_shisu+ls_shisu_juni,pace_yoso,da_tekisei_code,joho_shisu,ls_shisu_juni,11,2571,58.98,14.49,50.42,False
COURSE_27_06_ダ_短距離,pace_yoso+da_tekisei_code+joho_shisu+kishu_shisu,pace_yoso,da_tekisei_code,joho_shisu,kishu_shisu,12,2525,71.17,36.77,50.37,False
COURSE_27_06_ダ_短距離,hizume_code+umakigo_code+shiba_tekisei_code+kishu_shisu,hizume_code,umakigo_code,shiba_tekisei_code,kishu_shisu,5,813,67.27,19.33,50.33,False
COURSE_27_06_ダ_短距離,pace_yoso+joho_shisu+omo_tekisei_code+shiba_tekisei_code,pace_yoso,joho_shisu,omo_tekisei_code,shiba_tekisei_code,11,2598,59.03,14.77,50.3,False
COURSE_27_06_ダ_短距離,manken_shirushi+joken_class_code+umakigo_code+joho_shisu,manken_shirushi,joken_class_code,umakigo_code,joho_shisu,7,790,62.55,16.63,50.23,False
COURSE_27_06_ダ_短距離,pace_yoso+uma_start_shisu+shiba_tekisei_code+ls_shisu_juni,pace_yoso,uma_start_shisu,shiba_tekisei_code,ls_shisu_juni,6,1157,61.24,13.9,50.12,False
COURSE_27_06_ダ_短距離,joken_class_code+kyakushitsu+joho_shisu+ls_shisu_juni,joken_class_code,kyakushitsu,joho_shisu,ls_shisu_juni,8,1176,61.89,17.09,50.04,False
COURSE_27_06_ダ_短距離,pace_yoso+joho_shisu+shiba_tekisei_code+ls_shisu_juni,pace_yoso,joho_shisu,shiba_tekisei_code,ls_shisu_juni,7,1724,61.66,15.73,50.0,False
COURSE_27_06_ダ_短距離,hizume_code+umakigo_code+uma_start_shisu+ls_shisu_juni,hizume_code,umakigo_code,uma_start_shisu,ls_shisu_juni,4,628,56.38,6.58,49.93,False
COURSE_27_06_ダ_短距離,hizume_code+joken_class_code+uma_start_shisu+shiba_tekisei_code,hizume_code,joken_class_code,uma_start_shisu,shiba_tekisei_code,3,496,54.93,4.55,49.79,False
COURSE_27_06_ダ_短距離,umakigo_code+ichi_shisu_juni+shiba_tekisei_code+ls_shisu_juni,umakigo_code,ichi_shisu_juni,shiba_tekisei_code,ls_shisu_juni,5,538,56.01,7.11,49.78,False
COURSE_27_06_ダ_短距離,umakigo_code+joho_shisu+omo_tekisei_code+kishu_shisu,umakigo_code,joho_shisu,omo_tekisei_code,kishu_shisu,14,2785,57.81,15.44,49.72,False
COURSE_27_06_ダ_短距離,joken_class_code+umakigo_code+joho_shisu+gekiso_juni,joken_class_code,umakigo_code,joho_shisu,gekiso_juni,12,1490,59.85,18.0,49.66,False
COURSE_27_06_ダ_短距離,da_tekisei_code+kyakushitsu+joho_shisu+shiba_tekisei_code,da_tekisei_code,kyakushitsu,joho_shisu,shiba_tekisei_code,8,1553,56.79,10.91,49.23,False
COURSE_27_06_ダ_短距離,joken_class_code+umakigo_code+joho_shisu+agari_shisu_juni,joken_class_code,umakigo_code,joho_shisu,agari_shisu_juni,10,1292,56.94,12.61,49.12,False
COURSE_27_06_ダ_短距離,hizume_code+kyakushitsu+joho_shisu+shiba_tekisei_code,hizume_code,kyakushitsu,joho_shisu,shiba_tekisei_code,4,529,54.26,5.34,49.02,False
COURSE_27_06_ダ_短距離,hizume_code+pace_yoso+joho_shisu+kishu_shisu,hizume_code,pace_yoso,joho_shisu,kishu_shisu,6,919,61.42,15.52,49.0,False
COURSE_27_06_ダ_短距離,pace_yoso+manken_shirushi+joho_shisu+shiba_tekisei_code,pace_yoso,manken_shirushi,joho_shisu,shiba_tekisei_code,6,630,60.0,13.85,48.92,False
COURSE_27_06_ダ_短距離,joken_class_code+joho_shisu+omo_tekisei_code+shiba_tekisei_code,joken_class_code,joho_shisu,omo_tekisei_code,shiba_tekisei_code,8,1752,59.43,15.32,48.82,False
COURSE_27_06_ダ_短距離,da_tekisei_code+omo_tekisei_code+kishu_shisu+ls_shisu_juni,da_tekisei_code,omo_tekisei_code,kishu_shisu,ls_shisu_juni,6,771,56.12,9.33,48.66,False
COURSE_27_06_ダ_短距離,umakigo_code+joho_shisu+shiba_tekisei_code+gekiso_juni,umakigo_code,joho_shisu,shiba_tekisei_code,gekiso_juni,11,1301,55.66,11.84,48.66,False
COURSE_27_06_ダ_短距離,joken_class_code+kyakushitsu+joho_shisu+shiba_tekisei_code,joken_class_code,kyakushitsu,joho_shisu,shiba_tekisei_code,8,1442,58.16,13.79,48.6,False
COURSE_27_06_ダ_短距離,hizume_code+pace_yoso+joho_shisu+omo_tekisei_code,hizume_code,pace_yoso,joho_shisu,omo_tekisei_code,13,2130,58.6,18.58,48.49,False
COURSE_27_06_ダ_短距離,umakigo_code+kyakushitsu+joho_shisu+uma_start_shisu,umakigo_code,kyakushitsu,joho_shisu,uma_start_shisu,6,1166,58.69,12.75,48.48,False
COURSE_27_06_ダ_短距離,hizume_code+da_tekisei_code+joho_shisu+shiba_tekisei_code,hizume_code,da_tekisei_code,joho_shisu,shiba_tekisei_code,5,738,65.38,19.29,48.47,False
COURSE_27_06_ダ_短距離,da_tekisei_code+kyakushitsu+omo_tekisei_code+kishu_shisu,da_tekisei_code,kyakushitsu,omo_tekisei_code,kishu_shisu,9,1134,59.9,17.58,48.41,False
COURSE_27_06_ダ_短距離,joken_class_code+kyakushitsu+shiba_tekisei_code+kishu_shisu,joken_class_code,kyakushitsu,shiba_tekisei_code,kishu_shisu,6,728,58.05,12.09,48.37,False
COURSE_27_06_ダ_短距離,pace_yoso+joho_shisu+omo_tekisei_code+kishu_shisu,pace_yoso,joho_shisu,omo_tekisei_code,kishu_shisu,13,2519,55.52,13.37,48.25,False
COURSE_27_06_ダ_短距離,da_tekisei_code+joken_class_code+joho_shisu+omo_tekisei_code,da_tekisei_code,joken_class_code,joho_shisu,omo_tekisei_code,11,2806,56.95,14.77,48.22,False
COURSE_27_06_ダ_短距離,umakigo_code+kyakushitsu+joho_shisu+shiba_tekisei_code,umakigo_code,kyakushitsu,joho_shisu,shiba_tekisei_code,9,2300,55.14,10.93,48.0,False
COURSE_27_06_ダ_短距離,joho_shisu+omo_tekisei_code+uma_start_shisu+shiba_tekisei_code,joho_shisu,omo_tekisei_code,uma_start_shisu,shiba_tekisei_code,3,517,57.44,8.34,48.0,False
COURSE_27_06_ダ_短距離,pace_yoso+joken_class_code+joho_shisu+omo_tekisei_code,pace_yoso,joken_class_code,joho_shisu,omo_tekisei_code,14,3526,59.17,21.33,48.0,False
COURSE_27_06_ダ_短距離,hizume_code+joken_class_code+kyakushitsu+uma_start_shisu,hizume_code,joken_class_code,kyakushitsu,uma_start_shisu,4,623,59.04,11.38,47.89,False
COURSE_27_06_ダ_短距離,hizume_code+umakigo_code+joho_shisu+omo_tekisei_code,hizume_code,umakigo_code,joho_shisu,omo_tekisei_code,13,2229,58.68,19.98,47.82,False
COURSE_27_06_ダ_短距離,pace_yoso+umakigo_code+kyakushitsu+ichi_shisu,pace_yoso,umakigo_code,kyakushitsu,ichi_shisu,5,1803,61.65,15.93,47.69,False
COURSE_27_06_ダ_短距離,hizume_code+pace_yoso+kishu_shisu+ls_shisu_juni,hizume_code,pace_yoso,kishu_shisu,ls_shisu_juni,3,341,56.86,8.15,47.63,False
COURSE_27_06_ダ_短距離,pace_yoso+joho_shisu+uma_start_shisu+kishu_shisu,pace_yoso,joho_shisu,uma_start_shisu,kishu_shisu,3,556,52.76,4.54,47.61,False
COURSE_27_06_ダ_短距離,pace_yoso+manken_shirushi+da_tekisei_code+joho_shisu,pace_yoso,manken_shirushi,da_tekisei_code,joho_shisu,7,829,70.2,30.53,47.58,False
COURSE_27_06_ダ_短距離,hizume_code+pace_yoso+da_tekisei_code+kishu_shisu,hizume_code,pace_yoso,da_tekisei_code,kishu_shisu,7,979,61.56,18.91,47.55,False
COURSE_27_06_ダ_短距離,umakigo_code+omo_tekisei_code+uma_start_shisu+kishu_shisu,umakigo_code,omo_tekisei_code,uma_start_shisu,kishu_shisu,7,929,66.24,25.34,47.47,False
COURSE_27_06_ダ_短距離,pace_yoso+joken_class_code+joho_shisu+kishu_shisu,pace_yoso,joken_class_code,joho_shisu,kishu_shisu,11,2284,57.7,17.32,47.47,False
COURSE_27_06_ダ_短距離,pace_yoso+joho_shisu+ichi_shisu_juni+shiba_tekisei_code,pace_yoso,joho_shisu,ichi_shisu_juni,shiba_tekisei_code,7,789,55.0,10.2,47.45,False
COURSE_27_06_ダ_短距離,hizume_code+pace_yoso+joho_shisu+shiba_tekisei_code,hizume_code,pace_yoso,joho_shisu,shiba_tekisei_code,9,1566,55.27,11.96,47.45,False
COURSE_27_06_ダ_短距離,pace_yoso+umakigo_code+joho_shisu+uma_start_shisu,pace_yoso,umakigo_code,joho_shisu,uma_start_shisu,12,2389,58.13,18.96,47.4,False
COURSE_27_06_ダ_短距離,kyakushitsu+joho_shisu+omo_tekisei_code+uma_start_shisu,kyakushitsu,joho_shisu,omo_tekisei_code,uma_start_shisu,5,719,56.38,10.35,47.31,False
COURSE_27_06_ダ_短距離,joho_shisu+omo_tekisei_code+shiba_tekisei_code+kishu_shisu,joho_shisu,omo_tekisei_code,shiba_tekisei_code,kishu_shisu,6,1096,55.89,11.02,47.07,False
COURSE_27_06_ダ_短距離,hizume_code+pace_yoso+omo_tekisei_code+kishu_shisu,hizume_code,pace_yoso,omo_tekisei_code,kishu_shisu,7,864,65.77,25.31,47.01,False
COURSE_27_06_ダ_短距離,manken_shirushi+da_tekisei_code+umakigo_code+joho_shisu,manken_shirushi,da_tekisei_code,umakigo_code,joho_shisu,7,800,65.62,25.16,46.98,False
COURSE_27_06_ダ_短距離,da_tekisei_code+joken_class_code+joho_shisu+uma_start_shisu,da_tekisei_code,joken_class_code,joho_shisu,uma_start_shisu,4,710,60.16,13.64,46.8,False
COURSE_27_06_ダ_短距離,kyakushitsu+joho_shisu+omo_tekisei_code+shiba_tekisei_code,kyakushitsu,joho_shisu,omo_tekisei_code,shiba_tekisei_code,9,1685,57.49,16.41,46.76,False
COURSE_27_06_ダ_短距離,manken_shirushi+umakigo_code+joho_shisu+shiba_tekisei_code,manken_shirushi,umakigo_code,joho_shisu,shiba_tekisei_code,8,901,56.7,14.35,46.75,False
COURSE_27_06_ダ_短距離,da_tekisei_code+umakigo_code+uma_start_shisu+kishu_shisu,da_tekisei_code,umakigo_code,uma_start_shisu,kishu_shisu,4,648,66.72,20.5,46.64,False
COURSE_27_06_ダ_短距離,joken_class_code+umakigo_code+joho_shisu+uma_start_shisu,joken_class_code,umakigo_code,joho_shisu,uma_start_shisu,4,936,55.64,9.29,46.54,False
COURSE_27_06_ダ_短距離,da_tekisei_code+joho_shisu+shiba_tekisei_code+kishu_shisu,da_tekisei_code,joho_shisu,shiba_tekisei_code,kishu_shisu,5,955,58.48,13.84,46.35,False
COURSE_27_06_ダ_短距離,joken_class_code+joho_shisu+omo_tekisei_code+ls_shisu_juni,joken_class_code,joho_shisu,omo_tekisei_code,ls_shisu_juni,8,1353,55.21,12.86,46.3,False
COURSE_27_06_ダ_短距離,joken_class_code+umakigo_code+joho_shisu+ichi_shisu_juni,joken_class_code,umakigo_code,joho_shisu,ichi_shisu_juni,7,1167,54.49,11.13,46.25,False
COURSE_27_06_ダ_短距離,umakigo_code+joho_shisu+shiba_tekisei_code+ls_shisu_juni,umakigo_code,joho_shisu,shiba_tekisei_code,ls_shisu_juni,7,1846,59.39,17.82,46.19,False
COURSE_27_06_ダ_短距離,hizume_code+omo_tekisei_code+uma_start_shisu+shiba_tekisei_code,hizume_code,omo_tekisei_code,uma_start_shisu,shiba_tekisei_code,3,486,58.61,10.98,46.18,False
COURSE_27_06_ダ_短距離,pace_yoso+da_tekisei_code+uma_start_shisu+kishu_shisu,pace_yoso,da_tekisei_code,uma_start_shisu,kishu_shisu,4,622,68.23,22.51,46.17,False
COURSE_27_06_ダ_短距離,da_tekisei_code+umakigo_code+joho_shisu+ls_shisu_juni,da_tekisei_code,umakigo_code,joho_shisu,ls_shisu_juni,10,2548,54.48,13.8,45.93,False
COURSE_27_06_ダ_短距離,hizume_code+umakigo_code+joho_shisu+kishu_shisu,hizume_code,umakigo_code,joho_shisu,kishu_shisu,6,982,59.53,17.18,45.79,False
COURSE_27_06_ダ_短距離,da_tekisei_code+joho_shisu+uma_start_shisu+kishu_shisu,da_tekisei_code,joho_shisu,uma_start_shisu,kishu_shisu,3,333,59.72,12.41,45.68,False
COURSE_27_06_ダ_短距離,joken_class_code+kyakushitsu+uma_start_shisu+ls_shisu_juni,joken_class_code,kyakushitsu,uma_start_shisu,ls_shisu_juni,6,895,56.28,13.28,45.66,False
COURSE_27_06_ダ_短距離,kyakushitsu+omo_tekisei_code+shiba_tekisei_code+kishu_shisu,kyakushitsu,omo_tekisei_code,shiba_tekisei_code,kishu_shisu,5,626,58.84,15.09,45.61,False
COURSE_27_06_ダ_短距離,pace_yoso+joho_shisu+uma_start_shisu+shiba_tekisei_code,pace_yoso,joho_shisu,uma_start_shisu,shiba_tekisei_code,7,1054,55.88,14.09,45.45,False
COURSE_27_06_ダ_短距離,pace_yoso+joho_shisu+omo_tekisei_code+ls_shisu_juni,pace_yoso,joho_shisu,omo_tekisei_code,ls_shisu_juni,12,2607,57.83,22.0,45.39,False
COURSE_27_06_ダ_短距離,joho_shisu+omo_tekisei_code+shiba_tekisei_code+ls_shisu_juni,joho_shisu,omo_tekisei_code,shiba_tekisei_code,ls_shisu_juni,8,1344,53.59,12.1,45.21,False
COURSE_27_06_ダ_短距離,da_tekisei_code+joken_class_code+joho_shisu+kishu_shisu,da_tekisei_code,joken_class_code,joho_shisu,kishu_shisu,8,1531,53.7,12.44,45.08,False
COURSE_27_06_ダ_短距離,da_tekisei_code+joken_class_code+joho_shisu+shiba_tekisei_code,da_tekisei_code,joken_class_code,joho_shisu,shiba_tekisei_code,8,1769,56.77,16.96,45.02,False
COURSE_27_06_ダ_短距離,hizume_code+da_tekisei_code+umakigo_code+kishu_shisu,hizume_code,da_tekisei_code,umakigo_code,kishu_shisu,6,931,60.16,19.03,44.93,False
COURSE_27_06_ダ_短距離,kyakushitsu+joho_shisu+omo_tekisei_code+kishu_shisu,kyakushitsu,joho_shisu,omo_tekisei_code,kishu_shisu,10,1185,56.75,19.24,44.83,False
COURSE_27_06_ダ_短距離,umakigo_code+joho_shisu+uma_start_shisu+ls_shisu_juni,umakigo_code,joho_shisu,uma_start_shisu,ls_shisu_juni,3,699,59.75,13.34,44.65,False
COURSE_27_06_ダ_短距離,kyakushitsu+joho_shisu+shiba_tekisei_code+kishu_shisu,kyakushitsu,joho_shisu,shiba_tekisei_code,kishu_shisu,6,978,54.0,11.71,44.63,False
COURSE_27_06_ダ_短距離,umakigo_code+joho_shisu+ichi_shisu_juni+shiba_tekisei_code,umakigo_code,joho_shisu,ichi_shisu_juni,shiba_tekisei_code,10,1161,51.75,11.55,44.59,False
COURSE_27_06_ダ_短距離,da_tekisei_code+joho_shisu+omo_tekisei_code+shiba_tekisei_code,da_tekisei_code,joho_shisu,omo_tekisei_code,shiba_tekisei_code,6,1563,60.68,20.19,44.52,False
COURSE_27_06_ダ_短距離,umakigo_code+joho_shisu+shiba_tekisei_code+kishu_shisu,umakigo_code,joho_shisu,shiba_tekisei_code,kishu_shisu,8,1838,57.05,18.1,44.51,False
COURSE_27_06_ダ_短距離,umakigo_code+joho_shisu+omo_tekisei_code+shiba_tekisei_code,umakigo_code,joho_shisu,omo_tekisei_code,shiba_tekisei_code,9,2471,55.15,16.43,44.42,False
COURSE_27_06_ダ_短距離,joho_shisu+shiba_tekisei_code+kishu_shisu+ls_shisu_juni,joho_shisu,shiba_tekisei_code,kishu_shisu,ls_shisu_juni,5,783,53.51,10.37,44.42,False
COURSE_27_06_ダ_短距離,umakigo_code+joho_shisu+shiba_tekisei_code+agari_shisu_juni,umakigo_code,joho_shisu,shiba_tekisei_code,agari_shisu_juni,12,1339,55.58,19.97,44.29,False
COURSE_27_06_ダ_短距離,umakigo_code+joho_shisu+omo_tekisei_code+uma_start_shisu,umakigo_code,joho_shisu,omo_tekisei_code,uma_start_shisu,5,1077,53.99,11.49,43.92,False
COURSE_27_06_ダ_短距離,pace_yoso+umakigo_code+kishu_shisu+gekiso_juni,pace_yoso,umakigo_code,kishu_shisu,gekiso_juni,9,961,59.68,24.91,43.41,False
COURSE_27_06_ダ_短距離,da_tekisei_code+joho_shisu+shiba_tekisei_code+ls_shisu_juni,da_tekisei_code,joho_shisu,shiba_tekisei_code,ls_shisu_juni,6,1116,57.26,17.31,43.4,False
COURSE_27_06_ダ_短距離,pace_yoso+joken_class_code+joho_shisu+uma_start_shisu,pace_yoso,joken_class_code,joho_shisu,uma_start_shisu,4,830,54.44,11.59,43.07,False
COURSE_27_06_ダ_短距離,da_tekisei_code+kyakushitsu+joho_shisu+uma_start_shisu,da_tekisei_code,kyakushitsu,joho_shisu,uma_start_shisu,4,629,61.84,19.25,42.97,False
COURSE_27_06_ダ_短距離,hizume_code+da_tekisei_code+kyakushitsu+joho_shisu,hizume_code,da_tekisei_code,kyakushitsu,joho_shisu,4,512,64.34,21.85,42.93,False
COURSE_27_06_ダ_短距離,joken_class_code+joho_shisu+shiba_tekisei_code+ls_shisu_juni,joken_class_code,joho_shisu,shiba_tekisei_code,ls_shisu_juni,7,1169,52.68,13.2,42.9,False
COURSE_27_06_ダ_短距離,hizume_code+da_tekisei_code+joho_shisu+omo_tekisei_code,hizume_code,da_tekisei_code,joho_shisu,omo_tekisei_code,6,1027,52.4,11.9,42.88,False
COURSE_27_06_ダ_短距離,pace_yoso+joho_shisu+shiba_tekisei_code+gekiso_juni,pace_yoso,joho_shisu,shiba_tekisei_code,gekiso_juni,9,1013,54.94,18.49,42.87,False
COURSE_27_06_ダ_短距離,umakigo_code+joho_shisu+uma_start_shisu+shiba_tekisei_code,umakigo_code,joho_shisu,uma_start_shisu,shiba_tekisei_code,6,1015,53.85,13.72,42.87,False
COURSE_27_06_ダ_短距離,joken_class_code+joho_shisu+omo_tekisei_code+kishu_shisu,joken_class_code,joho_shisu,omo_tekisei_code,kishu_shisu,11,1532,50.1,12.37,42.78,False
COURSE_27_06_ダ_短距離,hizume_code+joho_shisu+omo_tekisei_code+shiba_tekisei_code,hizume_code,joho_shisu,omo_tekisei_code,shiba_tekisei_code,5,682,58.4,18.05,42.58,False
COURSE_27_06_ダ_短距離,hizume_code+umakigo_code+omo_tekisei_code+kishu_shisu,hizume_code,umakigo_code,omo_tekisei_code,kishu_shisu,7,933,60.74,24.54,42.56,False
COURSE_27_06_ダ_短距離,joken_class_code+omo_tekisei_code+shiba_tekisei_code+kishu_shisu,joken_class_code,omo_tekisei_code,shiba_tekisei_code,kishu_shisu,8,1197,51.21,12.69,42.42,False
COURSE_27_06_ダ_短距離,umakigo_code+joho_shisu+omo_tekisei_code+ls_shisu_juni,umakigo_code,joho_shisu,omo_tekisei_code,ls_shisu_juni,12,2801,53.78,20.19,42.36,False
COURSE_27_06_ダ_短距離,hizume_code+umakigo_code+joho_shisu+shiba_tekisei_code,hizume_code,umakigo_code,joho_shisu,shiba_tekisei_code,8,1538,50.65,12.57,41.94,False
COURSE_27_06_ダ_短距離,pace_yoso+joho_shisu+shiba_tekisei_code+kishu_shisu,pace_yoso,joho_shisu,shiba_tekisei_code,kishu_shisu,9,1844,59.83,27.52,41.85,False
COURSE_27_06_ダ_短距離,joken_class_code+umakigo_code+uma_start_shisu+kishu_shisu,joken_class_code,umakigo_code,uma_start_shisu,kishu_shisu,4,643,61.86,20.69,41.58,False
COURSE_27_06_ダ_短距離,hizume_code+da_tekisei_code+joken_class_code+kishu_shisu,hizume_code,da_tekisei_code,joken_class_code,kishu_shisu,3,382,69.55,24.88,41.39,False
COURSE_27_06_ダ_短距離,joken_class_code+kyakushitsu+joho_shisu+kishu_shisu,joken_class_code,kyakushitsu,joho_shisu,kishu_shisu,9,1146,53.96,19.84,41.0,False
COURSE_27_06_ダ_短距離,pace_yoso+da_tekisei_code+joho_shisu+shiba_tekisei_code,pace_yoso,da_tekisei_code,joho_shisu,shiba_tekisei_code,6,1928,57.64,20.91,40.9,False
COURSE_27_06_ダ_短距離,joken_class_code+joho_shisu+omo_tekisei_code+uma_start_shisu,joken_class_code,joho_shisu,omo_tekisei_code,uma_start_shisu,3,535,54.47,12.86,39.91,False
COURSE_27_06_ダ_短距離,umakigo_code+uma_start_shisu+kishu_shisu+ls_shisu_juni,umakigo_code,uma_start_shisu,kishu_shisu,ls_shisu_juni,4,529,59.09,19.57,39.9,False
COURSE_27_06_ダ_短距離,hizume_code+pace_yoso+uma_start_shisu+ls_shisu_juni,hizume_code,pace_yoso,uma_start_shisu,ls_shisu_juni,3,447,51.1,10.09,39.68,False
COURSE_27_06_ダ_短距離,pace_yoso+kyakushitsu+joho_shisu+agari_shisu_juni,pace_yoso,kyakushitsu,joho_shisu,agari_shisu_juni,3,308,70.36,27.22,39.56,False
COURSE_27_06_ダ_短距離,pace_yoso+joho_shisu+shiba_tekisei_code+agari_shisu_juni,pace_yoso,joho_shisu,shiba_tekisei_code,agari_shisu_juni,8,872,47.96,13.03,38.93,False
COURSE_27_06_ダ_短距離,hizume_code+da_tekisei_code+joho_shisu+ls_shisu_juni,hizume_code,da_tekisei_code,joho_shisu,ls_shisu_juni,4,462,60.87,22.49,38.83,False
COURSE_27_06_ダ_短距離,hizume_code+da_tekisei_code+uma_start_shisu+shiba_tekisei_code,hizume_code,da_tekisei_code,uma_start_shisu,shiba_tekisei_code,3,425,78.03,34.78,38.67,False
COURSE_27_06_ダ_短距離,pace_yoso+joken_class_code+uma_start_shisu+kishu_shisu,pace_yoso,joken_class_code,uma_start_shisu,kishu_shisu,4,526,47.98,9.78,38.39,False
COURSE_27_06_ダ_短距離,pace_yoso+umakigo_code+kishu_minarai_code+ls_shisu_juni,pace_yoso,umakigo_code,kishu_minarai_code,ls_shisu_juni,4,581,67.9,30.15,38.36,False
COURSE_27_06_ダ_短距離,pace_yoso+joken_class_code+umakigo_code+ichi_shisu,pace_yoso,joken_class_code,umakigo_code,ichi_shisu,3,1611,60.4,19.53,38.3,False
COURSE_27_06_ダ_短距離,hizume_code+pace_yoso+joken_class_code+kishu_shisu,hizume_code,pace_yoso,joken_class_code,kishu_shisu,5,600,59.95,24.95,38.08,False
COURSE_27_06_ダ_短距離,da_tekisei_code+umakigo_code+joho_shisu+shiba_tekisei_code,da_tekisei_code,umakigo_code,joho_shisu,shiba_tekisei_code,5,1801,52.73,16.76,38.04,False
COURSE_27_06_ダ_短距離,joken_class_code+joho_shisu+kishu_shisu+ls_shisu_juni,joken_class_code,joho_shisu,kishu_shisu,ls_shisu_juni,5,797,55.17,19.98,37.66,False
COURSE_27_06_ダ_短距離,joken_class_code+joho_shisu+shiba_tekisei_code+kishu_shisu,joken_class_code,joho_shisu,shiba_tekisei_code,kishu_shisu,5,897,51.03,15.47,37.47,False
COURSE_27_06_ダ_短距離,umakigo_code+joho_shisu+uma_start_shisu+kishu_shisu,umakigo_code,joho_shisu,uma_start_shisu,kishu_shisu,3,595,54.59,15.27,37.31,False
COURSE_27_06_ダ_短距離,joken_class_code+kyakushitsu+omo_tekisei_code+kishu_shisu,joken_class_code,kyakushitsu,omo_tekisei_code,kishu_shisu,6,687,51.84,19.92,35.9,False
COURSE_27_06_ダ_短距離,hizume_code+joken_class_code+joho_shisu+omo_tekisei_code,hizume_code,joken_class_code,joho_shisu,omo_tekisei_code,4,546,49.91,16.48,33.76,False
COURSE_27_06_ダ_短距離,joken_class_code+kyakushitsu+joho_shisu+uma_start_shisu,joken_class_code,kyakushitsu,joho_shisu,uma_start_shisu,4,590,54.64,21.44,33.64,False
COURSE_27_06_ダ_短距離,kyakushitsu+joho_shisu+kishu_shisu+ls_shisu_juni,kyakushitsu,joho_shisu,kishu_shisu,ls_shisu_juni,4,502,51.91,18.85,33.44,False
COURSE_27_06_ダ_短距離,umakigo_code+kyakushitsu+joho_shisu+agari_shisu_juni,umakigo_code,kyakushitsu,joho_shisu,agari_shisu_juni,4,425,64.09,31.33,33.39,False
COURSE_27_06_ダ_短距離,kyakushitsu+joho_shisu+uma_start_shisu+ls_shisu_juni,kyakushitsu,joho_shisu,uma_start_shisu,ls_shisu_juni,4,503,53.17,20.22,33.36,False
COURSE_27_06_ダ_短距離,hizume_code+joho_shisu+shiba_tekisei_code+kishu_shisu,hizume_code,joho_shisu,shiba_tekisei_code,kishu_shisu,3,369,54.14,19.03,32.61,False
COURSE_27_06_ダ_短距離,hizume_code+joken_class_code+joho_shisu+shiba_tekisei_code,hizume_code,joken_class_code,joho_shisu,shiba_tekisei_code,4,560,56.62,26.34,30.8,False
COURSE_27_06_ダ_短距離,hizume_code+kyakushitsu+uma_start_shisu+shiba_tekisei_code,hizume_code,kyakushitsu,uma_start_shisu,shiba_tekisei_code,3,493,57.98,24.03,30.79,False
COURSE_27_06_ダ_短距離,hizume_code+kyakushitsu+joho_shisu+omo_tekisei_code,hizume_code,kyakushitsu,joho_shisu,omo_tekisei_code,4,446,49.45,19.12,30.71,False
COURSE_27_06_ダ_短距離,hizume_code+joken_class_code+kyakushitsu+joho_shisu,hizume_code,joken_class_code,kyakushitsu,joho_shisu,3,344,55.35,22.3,30.11,False
COURSE_27_06_ダ_短距離,pace_yoso+umakigo_code+joho_shisu+kishu_minarai_code,pace_yoso,umakigo_code,joho_shisu,kishu_minarai_code,4,593,48.4,19.84,28.96,False
COURSE_27_06_ダ_短距離,pace_yoso+umakigo_code+idm+omo_tekisei_code,pace_yoso,umakigo_code,idm,omo_tekisei_code,3,310,60.15,28.8,27.55,False
COURSE_27_06_ダ_短距離,hizume_code+da_tekisei_code+omo_tekisei_code+kishu_shisu,hizume_code,da_tekisei_code,omo_tekisei_code,kishu_shisu,3,362,43.12,14.49,26.73,False
COURSE_27_06_ダ_短距離,da_tekisei_code+joho_shisu+uma_start_shisu+ls_shisu_juni,da_tekisei_code,joho_shisu,uma_start_shisu,ls_shisu_juni,3,382,51.79,23.19,25.55,False
COURSE_27_06_ダ_短距離,pace_yoso+joken_class_code+joho_shisu+kishu_minarai_code,pace_yoso,joken_class_code,joho_shisu,kishu_minarai_code,3,352,59.05,29.89,25.22,False
COURSE_27_06_ダ_短距離,hizume_code+da_tekisei_code+joho_shisu+kishu_shisu,hizume_code,da_tekisei_code,joho_shisu,kishu_shisu,3,345,52.18,24.41,24.56,False
COURSE_27_06_ダ_短距離,kyakushitsu+shiba_tekisei_code+kishu_shisu+ls_shisu_juni,kyakushitsu,shiba_tekisei_code,kishu_shisu,ls_shisu_juni,3,353,59.12,33.64,21.05,False
