segment,factors,factor1,factor2,factor3,n_bins,n_bets,mean_roi,std_roi,clb,pass
KEIBAJO_SURFACE_06_芝_新馬,agari_shisu_juni+kishu_minarai_code+kishu_kitai_rentai_decile,agari_shisu_juni,kishu_minarai_code,kishu_kitai_rentai_decile,3,408,86.9,0.44,86.41,True
KEIBAJO_SURFACE_06_芝_新馬,agari_shisu_juni+kishu_kitai_rentai_decile+umakigo_code,agari_shisu_juni,kishu_kitai_rentai_decile,umakigo_code,3,405,86.54,1.93,84.36,True
KEIBAJO_SURFACE_06_芝_新馬,omo_tekisei_code+ten_shisu_juni+kyakushitsu,omo_tekisei_code,ten_shisu_juni,kyakushitsu,3,317,97.98,12.88,83.4,True
KEIBAJO_SURFACE_06_芝_新馬,rotation_bin+kyakushitsu+manken_shisu_decile,rotation_bin,kyakushitsu,manken_shisu_decile,3,333,92.93,9.45,82.24,True
KEIBAJO_SURFACE_06_芝_新馬,manken_shirushi+kyakushitsu+class_code,manken_shirushi,kyakushitsu,class_code,12,1334,88.04,12.95,80.72,True
KEIBAJO_SURFACE_06_芝_新馬,pace_yoso+uma_deokure_bin+pace_shisu_juni,pace_yoso,uma_deokure_bin,pace_shisu_juni,5,522,84.97,5.4,80.24,True
KEIBAJO_SURFACE_06_芝_新馬,uma_deokure_bin+pace_shisu_juni+kyakushitsu,uma_deokure_bin,pace_shisu_juni,kyakushitsu,3,322,86.93,6.69,79.35,False
KEIBAJO_SURFACE_06_芝_新馬,kyori_kubun+kishu_kitai_rentai_decile+kijun_ninkijun_tansho,kyori_kubun,kishu_kitai_rentai_decile,kijun_ninkijun_tansho,5,652,84.7,6.13,79.32,False
KEIBAJO_SURFACE_06_芝_新馬,kishu_minarai_code+manken_shisu_decile+kijun_ninkijun_tansho,kishu_minarai_code,manken_shisu_decile,kijun_ninkijun_tansho,6,857,84.32,7.68,78.18,False
KEIBAJO_SURFACE_06_芝_新馬,pace_yoso+rotation_bin+manken_shisu_decile,pace_yoso,rotation_bin,manken_shisu_decile,9,1132,84.49,11.59,76.91,False
KEIBAJO_SURFACE_06_芝_新馬,pace_yoso+manken_shirushi+manken_shisu_decile,pace_yoso,manken_shirushi,manken_shisu_decile,7,1041,82.47,7.63,76.82,False
KEIBAJO_SURFACE_06_芝_新馬,manken_shirushi+rotation_bin+kishu_minarai_code,manken_shirushi,rotation_bin,kishu_minarai_code,10,1244,83.28,10.66,76.68,False
KEIBAJO_SURFACE_06_芝_新馬,manken_shirushi+kyakushitsu+manken_shisu_decile,manken_shirushi,kyakushitsu,manken_shisu_decile,4,530,90.79,14.96,76.13,False
KEIBAJO_SURFACE_06_芝_新馬,manken_shirushi+rotation_bin+umakigo_code,manken_shirushi,rotation_bin,umakigo_code,10,1258,82.1,9.66,76.11,False
KEIBAJO_SURFACE_06_芝_新馬,manken_shirushi+omo_tekisei_code+manken_shisu_decile,manken_shirushi,omo_tekisei_code,manken_shisu_decile,8,1211,78.39,4.13,75.52,False
KEIBAJO_SURFACE_06_芝_新馬,manken_shirushi+uma_deokure_bin+uma_start_shisu_decile,manken_shirushi,uma_deokure_bin,uma_start_shisu_decile,3,323,79.35,3.42,75.48,False
KEIBAJO_SURFACE_06_芝_新馬,kyori_kubun+rotation_bin+kyakushitsu,kyori_kubun,rotation_bin,kyakushitsu,11,1735,81.07,9.74,75.31,False
KEIBAJO_SURFACE_06_芝_新馬,class_code+manken_shisu_decile+kijun_ninkijun_tansho,class_code,manken_shisu_decile,kijun_ninkijun_tansho,3,421,79.78,4.2,75.04,False
KEIBAJO_SURFACE_06_芝_新馬,manken_shirushi+kyori_kubun+class_code,manken_shirushi,kyori_kubun,class_code,11,1333,80.45,9.64,74.75,False
KEIBAJO_SURFACE_06_芝_新馬,rotation_bin+gekiso_juni+kishu_minarai_code,rotation_bin,gekiso_juni,kishu_minarai_code,12,1603,78.37,7.29,74.24,False
KEIBAJO_SURFACE_06_芝_新馬,omo_tekisei_code+manken_shisu_decile+kishu_kitai_rentai_decile,omo_tekisei_code,manken_shisu_decile,kishu_kitai_rentai_decile,3,419,76.99,2.47,74.19,False
KEIBAJO_SURFACE_06_芝_新馬,uma_deokure_bin+rotation_bin+manken_shisu_decile,uma_deokure_bin,rotation_bin,manken_shisu_decile,7,900,81.56,10.24,73.98,False
KEIBAJO_SURFACE_06_芝_新馬,manken_shirushi+uma_deokure_bin+manken_shisu_decile,manken_shirushi,uma_deokure_bin,manken_shisu_decile,6,895,80.24,7.96,73.86,False
KEIBAJO_SURFACE_06_芝_新馬,omo_tekisei_code+rotation_bin+kyakushitsu,omo_tekisei_code,rotation_bin,kyakushitsu,18,3046,77.08,7.4,73.67,False
KEIBAJO_SURFACE_06_芝_新馬,manken_shirushi+omo_tekisei_code+class_code,manken_shirushi,omo_tekisei_code,class_code,14,2108,77.43,7.24,73.64,False
KEIBAJO_SURFACE_06_芝_新馬,rotation_bin+gekiso_juni+umakigo_code,rotation_bin,gekiso_juni,umakigo_code,13,1709,77.25,6.68,73.62,False
KEIBAJO_SURFACE_06_芝_新馬,rotation_bin+hizume_code+kishu_minarai_code,rotation_bin,hizume_code,kishu_minarai_code,13,2355,78.16,8.99,73.28,False
KEIBAJO_SURFACE_06_芝_新馬,manken_shirushi+kyori_kubun+manken_shisu_decile,manken_shirushi,kyori_kubun,manken_shisu_decile,4,582,84.43,11.38,73.28,False
KEIBAJO_SURFACE_06_芝_新馬,pace_yoso+manken_shirushi+kishu_minarai_code,pace_yoso,manken_shirushi,kishu_minarai_code,15,2793,76.93,7.23,73.27,False
KEIBAJO_SURFACE_06_芝_新馬,hizume_code+ten_shisu_juni+kishu_minarai_code,hizume_code,ten_shisu_juni,kishu_minarai_code,4,418,78.23,5.06,73.26,False
KEIBAJO_SURFACE_06_芝_新馬,pace_yoso+manken_shirushi+class_code,pace_yoso,manken_shirushi,class_code,14,2045,78.01,9.12,73.23,False
KEIBAJO_SURFACE_06_芝_新馬,rotation_bin+gekiso_juni+class_code,rotation_bin,gekiso_juni,class_code,5,536,82.98,11.14,73.21,False
KEIBAJO_SURFACE_06_芝_新馬,uma_start_shisu_decile+class_code+manken_shisu_decile,uma_start_shisu_decile,class_code,manken_shisu_decile,6,1016,78.78,7.06,73.12,False
KEIBAJO_SURFACE_06_芝_新馬,bataiju_zogen+rotation_bin+kishu_minarai_code,bataiju_zogen,rotation_bin,kishu_minarai_code,16,2116,77.5,8.99,73.09,False
KEIBAJO_SURFACE_06_芝_新馬,pace_yoso+uma_deokure_bin+umakigo_code,pace_yoso,uma_deokure_bin,umakigo_code,9,4764,75.37,3.52,73.07,False
KEIBAJO_SURFACE_06_芝_新馬,kyori_kubun+kyakushitsu+manken_shisu_decile,kyori_kubun,kyakushitsu,manken_shisu_decile,10,1210,81.2,13.13,73.05,False
KEIBAJO_SURFACE_06_芝_新馬,rotation_bin+ten_shisu_juni+umakigo_code,rotation_bin,ten_shisu_juni,umakigo_code,10,1097,80.14,11.47,73.03,False
KEIBAJO_SURFACE_06_芝_新馬,manken_shirushi+uma_start_shisu_decile+umakigo_code,manken_shirushi,uma_start_shisu_decile,umakigo_code,7,858,76.56,4.91,72.93,False
KEIBAJO_SURFACE_06_芝_新馬,manken_shirushi+omo_tekisei_code+kishu_minarai_code,manken_shirushi,omo_tekisei_code,kishu_minarai_code,16,3066,75.62,5.61,72.87,False
KEIBAJO_SURFACE_06_芝_新馬,omo_tekisei_code+kyakushitsu+manken_shisu_decile,omo_tekisei_code,kyakushitsu,manken_shisu_decile,17,2421,78.79,12.46,72.86,False
KEIBAJO_SURFACE_06_芝_新馬,rotation_bin+agari_shisu_juni+umakigo_code,rotation_bin,agari_shisu_juni,umakigo_code,11,1365,79.93,11.99,72.84,False
KEIBAJO_SURFACE_06_芝_新馬,pace_yoso+uma_deokure_bin+ten_shisu_juni,pace_yoso,uma_deokure_bin,ten_shisu_juni,4,419,84.43,11.84,72.83,False
KEIBAJO_SURFACE_06_芝_新馬,pace_yoso+kyori_kubun+kishu_minarai_code,pace_yoso,kyori_kubun,kishu_minarai_code,11,4910,73.92,1.83,72.83,False
KEIBAJO_SURFACE_06_芝_新馬,ten_shisu_juni+kyakushitsu+umakigo_code,ten_shisu_juni,kyakushitsu,umakigo_code,21,2975,77.1,10.03,72.8,False
KEIBAJO_SURFACE_06_芝_新馬,pace_yoso+uma_deokure_bin+kishu_minarai_code,pace_yoso,uma_deokure_bin,kishu_minarai_code,9,4726,74.16,2.23,72.71,False
KEIBAJO_SURFACE_06_芝_新馬,rotation_bin+hizume_code+umakigo_code,rotation_bin,hizume_code,umakigo_code,13,2380,77.23,8.33,72.7,False
KEIBAJO_SURFACE_06_芝_新馬,omo_tekisei_code+ten_shisu_juni+class_code,omo_tekisei_code,ten_shisu_juni,class_code,19,2613,77.0,9.59,72.69,False
KEIBAJO_SURFACE_06_芝_新馬,rotation_bin+agari_shisu_juni+kishu_minarai_code,rotation_bin,agari_shisu_juni,kishu_minarai_code,10,1234,81.11,13.66,72.65,False
KEIBAJO_SURFACE_06_芝_新馬,uma_deokure_bin+kyori_kubun+kishu_kitai_rentai_decile,uma_deokure_bin,kyori_kubun,kishu_kitai_rentai_decile,15,1746,77.45,9.5,72.64,False
KEIBAJO_SURFACE_06_芝_新馬,uma_deokure_bin+uma_start_shisu_decile+manken_shisu_decile,uma_deokure_bin,uma_start_shisu_decile,manken_shisu_decile,6,1026,79.16,8.17,72.62,False
KEIBAJO_SURFACE_06_芝_新馬,kyori_kubun+rotation_bin+manken_shisu_decile,kyori_kubun,rotation_bin,manken_shisu_decile,6,725,83.02,13.04,72.58,False
KEIBAJO_SURFACE_06_芝_新馬,ten_shisu_juni+kyakushitsu+kishu_minarai_code,ten_shisu_juni,kyakushitsu,kishu_minarai_code,20,2850,77.54,11.34,72.57,False
KEIBAJO_SURFACE_06_芝_新馬,pace_yoso+uma_start_shisu_decile+hizume_code,pace_yoso,uma_start_shisu_decile,hizume_code,5,684,78.26,6.56,72.52,False
KEIBAJO_SURFACE_06_芝_新馬,pace_yoso+manken_shirushi+umakigo_code,pace_yoso,manken_shirushi,umakigo_code,15,2818,76.16,7.18,72.52,False
KEIBAJO_SURFACE_06_芝_新馬,rotation_bin+class_code+manken_shisu_decile,rotation_bin,class_code,manken_shisu_decile,10,1581,80.01,12.1,72.51,False
KEIBAJO_SURFACE_06_芝_新馬,kyori_kubun+ten_shisu_juni+kishu_minarai_code,kyori_kubun,ten_shisu_juni,kishu_minarai_code,20,2742,77.64,11.72,72.5,False
KEIBAJO_SURFACE_06_芝_新馬,manken_shirushi+uma_start_shisu_decile+kishu_minarai_code,manken_shirushi,uma_start_shisu_decile,kishu_minarai_code,8,970,75.34,4.14,72.47,False
KEIBAJO_SURFACE_06_芝_新馬,pace_yoso+omo_tekisei_code+gekiso_juni,pace_yoso,omo_tekisei_code,gekiso_juni,15,1734,76.08,7.25,72.41,False
KEIBAJO_SURFACE_06_芝_新馬,omo_tekisei_code+kishu_minarai_code+umakigo_code,omo_tekisei_code,kishu_minarai_code,umakigo_code,4,4724,74.72,2.41,72.36,False
KEIBAJO_SURFACE_06_芝_新馬,gekiso_juni+kyakushitsu+kishu_minarai_code,gekiso_juni,kyakushitsu,kishu_minarai_code,18,2729,76.27,8.64,72.27,False
KEIBAJO_SURFACE_06_芝_新馬,pace_shisu_juni+kyakushitsu+kishu_minarai_code,pace_shisu_juni,kyakushitsu,kishu_minarai_code,20,2843,78.05,13.18,72.27,False
KEIBAJO_SURFACE_06_芝_新馬,ten_shisu_juni+kyakushitsu+class_code,ten_shisu_juni,kyakushitsu,class_code,14,1661,77.13,9.34,72.23,False
KEIBAJO_SURFACE_06_芝_新馬,manken_shirushi+uma_deokure_bin+class_code,manken_shirushi,uma_deokure_bin,class_code,15,1963,76.41,8.41,72.15,False
KEIBAJO_SURFACE_06_芝_新馬,pace_shisu_juni+kyakushitsu+umakigo_code,pace_shisu_juni,kyakushitsu,umakigo_code,21,2957,77.31,12.26,72.06,False
KEIBAJO_SURFACE_06_芝_新馬,bataiju_zogen+kishu_minarai_code+manken_shisu_decile,bataiju_zogen,kishu_minarai_code,manken_shisu_decile,9,1080,80.35,12.73,72.03,False
KEIBAJO_SURFACE_06_芝_新馬,omo_tekisei_code+kyori_kubun+kishu_minarai_code,omo_tekisei_code,kyori_kubun,kishu_minarai_code,9,4753,75.14,4.87,71.96,False
KEIBAJO_SURFACE_06_芝_新馬,pace_yoso+hizume_code+kishu_minarai_code,pace_yoso,hizume_code,kishu_minarai_code,15,3809,75.5,7.13,71.89,False
KEIBAJO_SURFACE_06_芝_新馬,manken_shisu_decile+umakigo_code+kijun_ninkijun_tansho,manken_shisu_decile,umakigo_code,kijun_ninkijun_tansho,5,753,79.3,8.46,71.88,False
KEIBAJO_SURFACE_06_芝_新馬,pace_yoso+rotation_bin+kyakushitsu,pace_yoso,rotation_bin,kyakushitsu,16,2724,75.93,8.26,71.88,False
KEIBAJO_SURFACE_06_芝_新馬,pace_yoso+omo_tekisei_code+kishu_minarai_code,pace_yoso,omo_tekisei_code,kishu_minarai_code,8,4865,73.94,2.98,71.87,False
KEIBAJO_SURFACE_06_芝_新馬,uma_deokure_bin+kyori_kubun+uma_start_shisu_decile,uma_deokure_bin,kyori_kubun,uma_start_shisu_decile,16,2872,76.04,8.54,71.85,False
KEIBAJO_SURFACE_06_芝_新馬,bataiju_zogen+kishu_kitai_rentai_decile+umakigo_code,bataiju_zogen,kishu_kitai_rentai_decile,umakigo_code,3,305,79.72,6.98,71.83,False
KEIBAJO_SURFACE_06_芝_新馬,pace_yoso+uma_deokure_bin+omo_tekisei_code,pace_yoso,uma_deokure_bin,omo_tekisei_code,13,4345,74.19,4.36,71.82,False
KEIBAJO_SURFACE_06_芝_新馬,ichi_shisu_juni+kyakushitsu+kishu_minarai_code,ichi_shisu_juni,kyakushitsu,kishu_minarai_code,19,3237,76.24,9.94,71.77,False
KEIBAJO_SURFACE_06_芝_新馬,pace_yoso+kyori_kubun+manken_shisu_decile,pace_yoso,kyori_kubun,manken_shisu_decile,15,2203,76.31,8.99,71.76,False
KEIBAJO_SURFACE_06_芝_新馬,manken_shirushi+class_code+manken_shisu_decile,manken_shirushi,class_code,manken_shisu_decile,8,1367,78.81,10.23,71.73,False
KEIBAJO_SURFACE_06_芝_新馬,omo_tekisei_code+kyori_kubun+manken_shisu_decile,omo_tekisei_code,kyori_kubun,manken_shisu_decile,18,2565,76.43,10.3,71.67,False
KEIBAJO_SURFACE_06_芝_新馬,pace_yoso+hizume_code+umakigo_code,pace_yoso,hizume_code,umakigo_code,15,3868,75.01,6.63,71.65,False
KEIBAJO_SURFACE_06_芝_新馬,uma_deokure_bin+kyori_kubun+kishu_minarai_code,uma_deokure_bin,kyori_kubun,kishu_minarai_code,9,4296,73.28,2.52,71.63,False
KEIBAJO_SURFACE_06_芝_新馬,kyori_kubun+kishu_minarai_code+umakigo_code,kyori_kubun,kishu_minarai_code,umakigo_code,4,4632,73.36,1.77,71.63,False
KEIBAJO_SURFACE_06_芝_新馬,pace_yoso+kyori_kubun+umakigo_code,pace_yoso,kyori_kubun,umakigo_code,11,4949,73.05,2.47,71.59,False
KEIBAJO_SURFACE_06_芝_新馬,bataiju_zogen+kyakushitsu+umakigo_code,bataiju_zogen,kyakushitsu,umakigo_code,17,2914,76.11,9.51,71.59,False
KEIBAJO_SURFACE_06_芝_新馬,manken_shirushi+omo_tekisei_code+umakigo_code,manken_shirushi,omo_tekisei_code,umakigo_code,16,3079,74.96,6.94,71.56,False
KEIBAJO_SURFACE_06_芝_新馬,uma_deokure_bin+gekiso_juni+kyakushitsu,uma_deokure_bin,gekiso_juni,kyakushitsu,5,548,79.69,9.29,71.55,False
KEIBAJO_SURFACE_06_芝_新馬,omo_tekisei_code+kishu_kitai_rentai_decile+kijun_ninkijun_tansho,omo_tekisei_code,kishu_kitai_rentai_decile,kijun_ninkijun_tansho,14,1907,76.83,10.09,71.55,False
KEIBAJO_SURFACE_06_芝_新馬,uma_deokure_bin+uma_start_shisu_decile+kijun_ninkijun_tansho,uma_deokure_bin,uma_start_shisu_decile,kijun_ninkijun_tansho,6,696,79.3,9.73,71.51,False
KEIBAJO_SURFACE_06_芝_新馬,uma_deokure_bin+rotation_bin+kyakushitsu,uma_deokure_bin,rotation_bin,kyakushitsu,15,2677,76.49,9.83,71.51,False
KEIBAJO_SURFACE_06_芝_新馬,uma_deokure_bin+omo_tekisei_code+rotation_bin,uma_deokure_bin,omo_tekisei_code,rotation_bin,17,3466,74.35,6.02,71.49,False
KEIBAJO_SURFACE_06_芝_新馬,pace_yoso+bataiju_zogen+kishu_minarai_code,pace_yoso,bataiju_zogen,kishu_minarai_code,17,3571,75.92,9.39,71.45,False
KEIBAJO_SURFACE_06_芝_新馬,manken_shirushi+kyori_kubun+kishu_minarai_code,manken_shirushi,kyori_kubun,kishu_minarai_code,16,2355,75.39,8.23,71.36,False
KEIBAJO_SURFACE_06_芝_新馬,uma_deokure_bin+agari_shisu_juni+kyakushitsu,uma_deokure_bin,agari_shisu_juni,kyakushitsu,4,439,86.33,15.33,71.32,False
KEIBAJO_SURFACE_06_芝_新馬,pace_yoso+uma_deokure_bin+class_code,pace_yoso,uma_deokure_bin,class_code,10,3754,74.23,4.78,71.27,False
KEIBAJO_SURFACE_06_芝_新馬,kyori_kubun+hizume_code+kishu_minarai_code,kyori_kubun,hizume_code,kishu_minarai_code,16,3376,74.92,7.46,71.27,False
KEIBAJO_SURFACE_06_芝_新馬,gekiso_juni+kyakushitsu+umakigo_code,gekiso_juni,kyakushitsu,umakigo_code,18,2729,75.24,8.6,71.26,False
KEIBAJO_SURFACE_06_芝_新馬,rotation_bin+kishu_minarai_code+kijun_ninkijun_tansho,rotation_bin,kishu_minarai_code,kijun_ninkijun_tansho,14,1767,76.75,10.47,71.26,False
KEIBAJO_SURFACE_06_芝_新馬,omo_tekisei_code+rotation_bin+kishu_minarai_code,omo_tekisei_code,rotation_bin,kishu_minarai_code,12,4408,74.01,4.86,71.26,False
KEIBAJO_SURFACE_06_芝_新馬,bataiju_zogen+kyakushitsu+kishu_minarai_code,bataiju_zogen,kyakushitsu,kishu_minarai_code,16,2767,76.36,10.47,71.23,False
KEIBAJO_SURFACE_06_芝_新馬,kyakushitsu+class_code+kishu_kitai_rentai_decile,kyakushitsu,class_code,kishu_kitai_rentai_decile,15,2428,75.48,8.46,71.2,False
KEIBAJO_SURFACE_06_芝_新馬,gekiso_juni+kyakushitsu+class_code,gekiso_juni,kyakushitsu,class_code,13,1545,78.27,13.03,71.18,False
KEIBAJO_SURFACE_06_芝_新馬,pace_yoso+uma_deokure_bin+rotation_bin,pace_yoso,uma_deokure_bin,rotation_bin,18,3352,74.91,8.09,71.17,False
KEIBAJO_SURFACE_06_芝_新馬,uma_deokure_bin+bataiju_zogen+kishu_minarai_code,uma_deokure_bin,bataiju_zogen,kishu_minarai_code,17,3398,75.05,8.15,71.17,False
KEIBAJO_SURFACE_06_芝_新馬,bataiju_zogen+kyakushitsu+class_code,bataiju_zogen,kyakushitsu,class_code,11,1691,77.04,9.93,71.17,False
KEIBAJO_SURFACE_06_芝_新馬,joho_shisu_decile+manken_shisu_decile+kishu_kitai_rentai_decile,joho_shisu_decile,manken_shisu_decile,kishu_kitai_rentai_decile,3,316,87.04,14.05,71.14,False
KEIBAJO_SURFACE_06_芝_新馬,uma_deokure_bin+kyori_kubun+rotation_bin,uma_deokure_bin,kyori_kubun,rotation_bin,13,2350,74.64,6.5,71.11,False
KEIBAJO_SURFACE_06_芝_新馬,uma_deokure_bin+uma_start_shisu_decile+rotation_bin,uma_deokure_bin,uma_start_shisu_decile,rotation_bin,9,1620,76.87,8.87,71.07,False
KEIBAJO_SURFACE_06_芝_新馬,manken_shirushi+kyori_kubun+umakigo_code,manken_shirushi,kyori_kubun,umakigo_code,16,2373,75.15,8.41,71.03,False
KEIBAJO_SURFACE_06_芝_新馬,gekiso_juni+kishu_minarai_code+manken_shisu_decile,gekiso_juni,kishu_minarai_code,manken_shisu_decile,7,1118,77.56,8.83,71.02,False
KEIBAJO_SURFACE_06_芝_新馬,kyori_kubun+kyakushitsu+kishu_kitai_rentai_decile,kyori_kubun,kyakushitsu,kishu_kitai_rentai_decile,4,454,76.09,5.2,71.0,False
KEIBAJO_SURFACE_06_芝_新馬,omo_tekisei_code+ichi_shisu_juni+class_code,omo_tekisei_code,ichi_shisu_juni,class_code,19,2783,75.6,10.24,70.99,False
KEIBAJO_SURFACE_06_芝_新馬,pace_yoso+class_code+kishu_minarai_code,pace_yoso,class_code,kishu_minarai_code,11,4677,76.95,10.11,70.98,False
KEIBAJO_SURFACE_06_芝_新馬,kyori_kubun+uma_start_shisu_decile+kyakushitsu,kyori_kubun,uma_start_shisu_decile,kyakushitsu,10,1610,76.74,9.35,70.95,False
KEIBAJO_SURFACE_06_芝_新馬,uma_deokure_bin+rotation_bin+kishu_minarai_code,uma_deokure_bin,rotation_bin,kishu_minarai_code,12,3989,73.55,4.63,70.94,False
KEIBAJO_SURFACE_06_芝_新馬,omo_tekisei_code+uma_start_shisu_decile+kishu_minarai_code,omo_tekisei_code,uma_start_shisu_decile,kishu_minarai_code,16,4588,74.01,6.27,70.94,False
KEIBAJO_SURFACE_06_芝_新馬,kyori_kubun+uma_start_shisu_decile+umakigo_code,kyori_kubun,uma_start_shisu_decile,umakigo_code,20,4189,75.11,9.53,70.93,False
KEIBAJO_SURFACE_06_芝_新馬,ichi_shisu_juni+kyakushitsu+umakigo_code,ichi_shisu_juni,kyakushitsu,umakigo_code,19,3260,75.36,9.87,70.93,False
KEIBAJO_SURFACE_06_芝_新馬,rotation_bin+hizume_code+class_code,rotation_bin,hizume_code,class_code,9,1450,78.35,11.38,70.91,False
KEIBAJO_SURFACE_06_芝_新馬,omo_tekisei_code+ichi_shisu_juni+kishu_minarai_code,omo_tekisei_code,ichi_shisu_juni,kishu_minarai_code,22,3953,74.96,9.7,70.91,False
KEIBAJO_SURFACE_06_芝_新馬,pace_yoso+kyakushitsu+manken_shisu_decile,pace_yoso,kyakushitsu,manken_shisu_decile,17,2320,77.49,13.83,70.91,False
KEIBAJO_SURFACE_06_芝_新馬,pace_yoso+kyori_kubun+hizume_code,pace_yoso,kyori_kubun,hizume_code,12,1957,75.86,8.77,70.9,False
KEIBAJO_SURFACE_06_芝_新馬,pace_yoso+omo_tekisei_code+hizume_code,pace_yoso,omo_tekisei_code,hizume_code,18,3371,75.44,9.88,70.88,False
KEIBAJO_SURFACE_06_芝_新馬,manken_shirushi+kishu_minarai_code+umakigo_code,manken_shirushi,kishu_minarai_code,umakigo_code,8,3132,74.93,5.9,70.84,False
KEIBAJO_SURFACE_06_芝_新馬,pace_yoso+omo_tekisei_code+rotation_bin,pace_yoso,omo_tekisei_code,rotation_bin,17,3710,75.2,9.19,70.83,False
KEIBAJO_SURFACE_06_芝_新馬,kyori_kubun+class_code+manken_shisu_decile,kyori_kubun,class_code,manken_shisu_decile,12,2359,76.38,9.82,70.82,False
KEIBAJO_SURFACE_06_芝_新馬,manken_shirushi+uma_start_shisu_decile+class_code,manken_shirushi,uma_start_shisu_decile,class_code,3,327,77.91,6.27,70.82,False
KEIBAJO_SURFACE_06_芝_新馬,bataiju_zogen+rotation_bin+umakigo_code,bataiju_zogen,rotation_bin,umakigo_code,17,2237,75.41,9.69,70.8,False
KEIBAJO_SURFACE_06_芝_新馬,omo_tekisei_code+kyori_kubun+umakigo_code,omo_tekisei_code,kyori_kubun,umakigo_code,9,4799,74.66,6.01,70.73,False
KEIBAJO_SURFACE_06_芝_新馬,bataiju+kishu_minarai_code+umakigo_code,bataiju,kishu_minarai_code,umakigo_code,19,2337,74.43,8.3,70.69,False
KEIBAJO_SURFACE_06_芝_新馬,omo_tekisei_code+bataiju_zogen+kishu_minarai_code,omo_tekisei_code,bataiju_zogen,kishu_minarai_code,18,3865,74.83,8.99,70.68,False
KEIBAJO_SURFACE_06_芝_新馬,ichi_shisu_juni+kyakushitsu+class_code,ichi_shisu_juni,kyakushitsu,class_code,16,2273,76.64,12.22,70.65,False
KEIBAJO_SURFACE_06_芝_新馬,uma_deokure_bin+kishu_minarai_code+umakigo_code,uma_deokure_bin,kishu_minarai_code,umakigo_code,5,4632,73.64,3.42,70.65,False
KEIBAJO_SURFACE_06_芝_新馬,rotation_bin+umakigo_code+kijun_ninkijun_tansho,rotation_bin,umakigo_code,kijun_ninkijun_tansho,15,1879,76.38,11.35,70.64,False
KEIBAJO_SURFACE_06_芝_新馬,kyori_kubun+ichi_shisu_juni+umakigo_code,kyori_kubun,ichi_shisu_juni,umakigo_code,19,2778,75.88,11.64,70.64,False
KEIBAJO_SURFACE_06_芝_新馬,uma_deokure_bin+omo_tekisei_code+kijun_ninkijun_tansho,uma_deokure_bin,omo_tekisei_code,kijun_ninkijun_tansho,13,1550,76.48,10.76,70.63,False
KEIBAJO_SURFACE_06_芝_新馬,uma_start_shisu_decile+kishu_minarai_code+umakigo_code,uma_start_shisu_decile,kishu_minarai_code,umakigo_code,8,4632,73.99,4.85,70.63,False
KEIBAJO_SURFACE_06_芝_新馬,pace_yoso+omo_tekisei_code+kyori_kubun,pace_yoso,omo_tekisei_code,kyori_kubun,16,4538,73.88,6.72,70.59,False
KEIBAJO_SURFACE_06_芝_新馬,omo_tekisei_code+ichi_shisu_juni+umakigo_code,omo_tekisei_code,ichi_shisu_juni,umakigo_code,22,3982,74.46,9.32,70.57,False
KEIBAJO_SURFACE_06_芝_新馬,kyori_kubun+uma_start_shisu_decile+kishu_minarai_code,kyori_kubun,uma_start_shisu_decile,kishu_minarai_code,18,3950,74.93,9.46,70.56,False
KEIBAJO_SURFACE_06_芝_新馬,rotation_bin+ichi_shisu_juni+umakigo_code,rotation_bin,ichi_shisu_juni,umakigo_code,12,1385,77.49,12.26,70.56,False
KEIBAJO_SURFACE_06_芝_新馬,uma_deokure_bin+omo_tekisei_code+uma_start_shisu_decile,uma_deokure_bin,omo_tekisei_code,uma_start_shisu_decile,13,3199,74.73,7.81,70.49,False
KEIBAJO_SURFACE_06_芝_新馬,uma_deokure_bin+hizume_code+umakigo_code,uma_deokure_bin,hizume_code,umakigo_code,14,3480,73.99,6.77,70.45,False
KEIBAJO_SURFACE_06_芝_新馬,kyori_kubun+ten_shisu_juni+umakigo_code,kyori_kubun,ten_shisu_juni,umakigo_code,20,2749,76.33,13.44,70.44,False
KEIBAJO_SURFACE_06_芝_新馬,manken_shirushi+manken_shisu_decile+umakigo_code,manken_shirushi,manken_shisu_decile,umakigo_code,14,2558,76.48,11.6,70.4,False
KEIBAJO_SURFACE_06_芝_新馬,bataiju_zogen+rotation_bin+class_code,bataiju_zogen,rotation_bin,class_code,7,832,77.24,9.24,70.39,False
KEIBAJO_SURFACE_06_芝_新馬,uma_deokure_bin+kyori_kubun+umakigo_code,uma_deokure_bin,kyori_kubun,umakigo_code,10,4415,73.06,4.32,70.38,False
KEIBAJO_SURFACE_06_芝_新馬,omo_tekisei_code+kyori_kubun+uma_start_shisu_decile,omo_tekisei_code,kyori_kubun,uma_start_shisu_decile,18,2679,74.06,7.97,70.38,False
KEIBAJO_SURFACE_06_芝_新馬,uma_deokure_bin+kishu_minarai_code+manken_shisu_decile,uma_deokure_bin,kishu_minarai_code,manken_shisu_decile,13,3732,73.06,4.95,70.36,False
KEIBAJO_SURFACE_06_芝_新馬,pace_yoso+uma_deokure_bin+kyori_kubun,pace_yoso,uma_deokure_bin,kyori_kubun,15,3898,73.13,5.52,70.34,False
KEIBAJO_SURFACE_06_芝_新馬,omo_tekisei_code+uma_start_shisu_decile+umakigo_code,omo_tekisei_code,uma_start_shisu_decile,umakigo_code,16,4647,73.58,6.66,70.32,False
KEIBAJO_SURFACE_06_芝_新馬,omo_tekisei_code+rotation_bin+manken_shisu_decile,omo_tekisei_code,rotation_bin,manken_shisu_decile,9,1196,76.68,9.78,70.29,False
KEIBAJO_SURFACE_06_芝_新馬,agari_shisu_juni+kyakushitsu+kishu_minarai_code,agari_shisu_juni,kyakushitsu,kishu_minarai_code,22,3052,76.04,13.82,70.26,False
KEIBAJO_SURFACE_06_芝_新馬,hizume_code+manken_shisu_decile+umakigo_code,hizume_code,manken_shisu_decile,umakigo_code,13,1999,76.7,11.85,70.26,False
KEIBAJO_SURFACE_06_芝_新馬,uma_deokure_bin+bataiju_zogen+umakigo_code,uma_deokure_bin,bataiju_zogen,umakigo_code,17,3420,74.05,7.97,70.26,False
KEIBAJO_SURFACE_06_芝_新馬,uma_deokure_bin+omo_tekisei_code+kyori_kubun,uma_deokure_bin,omo_tekisei_code,kyori_kubun,15,4082,73.85,7.19,70.21,False
KEIBAJO_SURFACE_06_芝_新馬,omo_tekisei_code+rotation_bin+umakigo_code,omo_tekisei_code,rotation_bin,umakigo_code,12,4443,73.53,5.9,70.2,False
KEIBAJO_SURFACE_06_芝_新馬,kyori_kubun+kishu_minarai_code+manken_shisu_decile,kyori_kubun,kishu_minarai_code,manken_shisu_decile,20,4039,74.39,9.6,70.18,False
KEIBAJO_SURFACE_06_芝_新馬,uma_deokure_bin+rotation_bin+umakigo_code,uma_deokure_bin,rotation_bin,umakigo_code,12,3996,72.54,4.21,70.16,False
KEIBAJO_SURFACE_06_芝_新馬,uma_deokure_bin+omo_tekisei_code+manken_shisu_decile,uma_deokure_bin,omo_tekisei_code,manken_shisu_decile,21,3353,73.2,7.09,70.16,False
KEIBAJO_SURFACE_06_芝_新馬,kyori_kubun+manken_shisu_decile+umakigo_code,kyori_kubun,manken_shisu_decile,umakigo_code,20,4076,74.14,9.08,70.16,False
KEIBAJO_SURFACE_06_芝_新馬,uma_deokure_bin+kishu_minarai_code+ls_shisu_juni,uma_deokure_bin,kishu_minarai_code,ls_shisu_juni,14,4015,74.57,8.44,70.15,False
KEIBAJO_SURFACE_06_芝_新馬,omo_tekisei_code+rotation_bin+hizume_code,omo_tekisei_code,rotation_bin,hizume_code,10,1500,74.46,6.97,70.13,False
KEIBAJO_SURFACE_06_芝_新馬,pace_yoso+rotation_bin+kishu_minarai_code,pace_yoso,rotation_bin,kishu_minarai_code,15,4607,73.18,6.09,70.1,False
KEIBAJO_SURFACE_06_芝_新馬,kyori_kubun+rotation_bin+kishu_minarai_code,kyori_kubun,rotation_bin,kishu_minarai_code,19,4417,72.91,6.27,70.09,False
KEIBAJO_SURFACE_06_芝_新馬,kyori_kubun+rotation_bin+ls_shisu_juni,kyori_kubun,rotation_bin,ls_shisu_juni,6,697,75.13,6.32,70.07,False
KEIBAJO_SURFACE_06_芝_新馬,manken_shirushi+uma_deokure_bin+kishu_minarai_code,manken_shirushi,uma_deokure_bin,kishu_minarai_code,16,2813,74.3,8.64,70.07,False
KEIBAJO_SURFACE_06_芝_新馬,pace_yoso+uma_deokure_bin+kijun_ninkijun_tansho,pace_yoso,uma_deokure_bin,kijun_ninkijun_tansho,9,983,74.83,7.28,70.07,False
KEIBAJO_SURFACE_06_芝_新馬,hizume_code+ten_shisu_juni+umakigo_code,hizume_code,ten_shisu_juni,umakigo_code,4,427,74.48,4.51,70.06,False
KEIBAJO_SURFACE_06_芝_新馬,pace_yoso+omo_tekisei_code+uma_start_shisu_decile,pace_yoso,omo_tekisei_code,uma_start_shisu_decile,21,3652,74.18,9.64,70.06,False
KEIBAJO_SURFACE_06_芝_新馬,kyori_kubun+hizume_code+class_code,kyori_kubun,hizume_code,class_code,13,2337,76.04,10.99,70.06,False
KEIBAJO_SURFACE_06_芝_新馬,kyori_kubun+bataiju_zogen+umakigo_code,kyori_kubun,bataiju_zogen,umakigo_code,17,2974,74.03,8.4,70.04,False
KEIBAJO_SURFACE_06_芝_新馬,kyakushitsu+umakigo_code+kijun_ninkijun_tansho,kyakushitsu,umakigo_code,kijun_ninkijun_tansho,18,2854,75.55,11.92,70.04,False
KEIBAJO_SURFACE_06_芝_新馬,bataiju_zogen+kishu_minarai_code+kishu_kitai_rentai_decile,bataiju_zogen,kishu_minarai_code,kishu_kitai_rentai_decile,3,307,77.72,6.8,70.03,False
KEIBAJO_SURFACE_06_芝_新馬,omo_tekisei_code+kyakushitsu+kishu_kitai_rentai_decile,omo_tekisei_code,kyakushitsu,kishu_kitai_rentai_decile,19,2294,76.44,14.3,70.01,False
KEIBAJO_SURFACE_06_芝_新馬,uma_start_shisu_decile+class_code+kishu_minarai_code,uma_start_shisu_decile,class_code,kishu_minarai_code,9,3621,73.73,5.7,70.0,False
KEIBAJO_SURFACE_06_芝_新馬,kyori_kubun+ichi_shisu_juni+kishu_minarai_code,kyori_kubun,ichi_shisu_juni,kishu_minarai_code,19,2756,75.33,11.9,69.98,False
KEIBAJO_SURFACE_06_芝_新馬,pace_yoso+kyori_tekisei_2+kishu_minarai_code,pace_yoso,kyori_tekisei_2,kishu_minarai_code,3,447,81.06,9.79,69.98,False
KEIBAJO_SURFACE_06_芝_新馬,pace_yoso+uma_start_shisu_decile+kishu_minarai_code,pace_yoso,uma_start_shisu_decile,kishu_minarai_code,17,4574,73.99,8.46,69.97,False
KEIBAJO_SURFACE_06_芝_新馬,kyori_kubun+bataiju_zogen+kishu_minarai_code,kyori_kubun,bataiju_zogen,kishu_minarai_code,17,2932,74.22,8.95,69.96,False
KEIBAJO_SURFACE_06_芝_新馬,hizume_code+kishu_minarai_code+ls_shisu_juni,hizume_code,kishu_minarai_code,ls_shisu_juni,14,2160,76.25,12.1,69.91,False
KEIBAJO_SURFACE_06_芝_新馬,rotation_bin+manken_shisu_decile+umakigo_code,rotation_bin,manken_shisu_decile,umakigo_code,16,2798,75.0,10.42,69.89,False
KEIBAJO_SURFACE_06_芝_新馬,uma_start_shisu_decile+ichi_shisu_juni+umakigo_code,uma_start_shisu_decile,ichi_shisu_juni,umakigo_code,10,1385,74.58,7.58,69.88,False
KEIBAJO_SURFACE_06_芝_新馬,omo_tekisei_code+rotation_bin+kishu_kitai_rentai_decile,omo_tekisei_code,rotation_bin,kishu_kitai_rentai_decile,5,585,77.89,9.17,69.86,False
KEIBAJO_SURFACE_06_芝_新馬,rotation_bin+kishu_minarai_code+ls_shisu_juni,rotation_bin,kishu_minarai_code,ls_shisu_juni,19,3180,75.21,11.97,69.83,False
KEIBAJO_SURFACE_06_芝_新馬,kyori_kubun+gekiso_juni+kishu_minarai_code,kyori_kubun,gekiso_juni,kishu_minarai_code,19,2925,73.67,8.55,69.83,False
KEIBAJO_SURFACE_06_芝_新馬,hizume_code+kyakushitsu+kishu_minarai_code,hizume_code,kyakushitsu,kishu_minarai_code,14,3125,74.54,9.01,69.82,False
KEIBAJO_SURFACE_06_芝_新馬,uma_deokure_bin+ten_shisu_juni+class_code,uma_deokure_bin,ten_shisu_juni,class_code,17,2133,74.87,10.65,69.81,False
KEIBAJO_SURFACE_06_芝_新馬,kyori_kubun+class_code+kishu_minarai_code,kyori_kubun,class_code,kishu_minarai_code,9,4193,74.21,6.76,69.8,False
KEIBAJO_SURFACE_06_芝_新馬,manken_shirushi+kishu_minarai_code+manken_shisu_decile,manken_shirushi,kishu_minarai_code,manken_shisu_decile,13,2438,76.41,12.16,69.79,False
KEIBAJO_SURFACE_06_芝_新馬,gekiso_juni+class_code+manken_shisu_decile,gekiso_juni,class_code,manken_shisu_decile,4,519,83.59,14.09,69.79,False
KEIBAJO_SURFACE_06_芝_新馬,uma_deokure_bin+kyori_kubun+manken_shisu_decile,uma_deokure_bin,kyori_kubun,manken_shisu_decile,15,2072,75.17,10.63,69.79,False
KEIBAJO_SURFACE_06_芝_新馬,pace_yoso+kishu_minarai_code+ls_shisu_juni,pace_yoso,kishu_minarai_code,ls_shisu_juni,15,4342,74.65,9.62,69.78,False
KEIBAJO_SURFACE_06_芝_新馬,kyakushitsu+kishu_minarai_code+kijun_ninkijun_tansho,kyakushitsu,kishu_minarai_code,kijun_ninkijun_tansho,18,2860,76.3,14.13,69.77,False
KEIBAJO_SURFACE_06_芝_新馬,uma_deokure_bin+gekiso_juni+class_code,uma_deokure_bin,gekiso_juni,class_code,16,2222,74.26,9.2,69.75,False
KEIBAJO_SURFACE_06_芝_新馬,uma_deokure_bin+pace_shisu_juni+class_code,uma_deokure_bin,pace_shisu_juni,class_code,18,2286,74.87,11.1,69.75,False
KEIBAJO_SURFACE_06_芝_新馬,uma_deokure_bin+hizume_code+kishu_minarai_code,uma_deokure_bin,hizume_code,kishu_minarai_code,13,3370,73.59,7.09,69.74,False
KEIBAJO_SURFACE_06_芝_新馬,rotation_bin+ls_shisu_juni+umakigo_code,rotation_bin,ls_shisu_juni,umakigo_code,18,3108,74.95,11.33,69.71,False
KEIBAJO_SURFACE_06_芝_新馬,pace_yoso+omo_tekisei_code+manken_shisu_decile,pace_yoso,omo_tekisei_code,manken_shisu_decile,19,3395,74.17,9.91,69.71,False
KEIBAJO_SURFACE_06_芝_新馬,kishu_minarai_code+manken_shisu_decile+umakigo_code,kishu_minarai_code,manken_shisu_decile,umakigo_code,8,4400,74.48,6.92,69.69,False
KEIBAJO_SURFACE_06_芝_新馬,kyakushitsu+kishu_kitai_rentai_decile+kijun_ninkijun_tansho,kyakushitsu,kishu_kitai_rentai_decile,kijun_ninkijun_tansho,6,761,78.43,10.94,69.67,False
KEIBAJO_SURFACE_06_芝_新馬,bataiju_zogen+kishu_minarai_code+umakigo_code,bataiju_zogen,kishu_minarai_code,umakigo_code,12,4294,74.46,8.46,69.67,False
KEIBAJO_SURFACE_06_芝_新馬,kyori_kubun+pace_shisu_juni+kishu_minarai_code,kyori_kubun,pace_shisu_juni,kishu_minarai_code,20,2850,74.77,11.65,69.67,False
KEIBAJO_SURFACE_06_芝_新馬,omo_tekisei_code+pace_shisu_juni+kishu_minarai_code,omo_tekisei_code,pace_shisu_juni,kishu_minarai_code,23,4048,72.89,7.96,69.64,False
KEIBAJO_SURFACE_06_芝_新馬,manken_shirushi+kyakushitsu+umakigo_code,manken_shirushi,kyakushitsu,umakigo_code,16,2274,76.69,14.38,69.64,False
KEIBAJO_SURFACE_06_芝_新馬,manken_shirushi+rotation_bin+manken_shisu_decile,manken_shirushi,rotation_bin,manken_shisu_decile,3,390,84.44,13.09,69.63,False
KEIBAJO_SURFACE_06_芝_新馬,uma_deokure_bin+bataiju_zogen+class_code,uma_deokure_bin,bataiju_zogen,class_code,12,2116,73.48,6.8,69.63,False
KEIBAJO_SURFACE_06_芝_新馬,kyori_kubun+rotation_bin+umakigo_code,kyori_kubun,rotation_bin,umakigo_code,18,4351,72.8,6.89,69.62,False
KEIBAJO_SURFACE_06_芝_新馬,uma_deokure_bin+class_code+ls_shisu_juni,uma_deokure_bin,class_code,ls_shisu_juni,14,3011,73.11,6.69,69.6,False
KEIBAJO_SURFACE_06_芝_新馬,pace_yoso+rotation_bin+umakigo_code,pace_yoso,rotation_bin,umakigo_code,15,4650,72.62,5.99,69.59,False
KEIBAJO_SURFACE_06_芝_新馬,rotation_bin+kyakushitsu+umakigo_code,rotation_bin,kyakushitsu,umakigo_code,19,4441,73.42,8.54,69.59,False
KEIBAJO_SURFACE_06_芝_新馬,uma_deokure_bin+kyakushitsu+kishu_kitai_rentai_decile,uma_deokure_bin,kyakushitsu,kishu_kitai_rentai_decile,14,1801,75.08,10.47,69.59,False
KEIBAJO_SURFACE_06_芝_新馬,omo_tekisei_code+pace_shisu_juni+umakigo_code,omo_tekisei_code,pace_shisu_juni,umakigo_code,23,4085,73.05,8.46,69.59,False
KEIBAJO_SURFACE_06_芝_新馬,manken_shirushi+kyakushitsu+kishu_minarai_code,manken_shirushi,kyakushitsu,kishu_minarai_code,17,2361,76.6,14.83,69.55,False
KEIBAJO_SURFACE_06_芝_新馬,uma_start_shisu_decile+manken_shisu_decile+umakigo_code,uma_start_shisu_decile,manken_shisu_decile,umakigo_code,13,2085,76.35,12.55,69.53,False
KEIBAJO_SURFACE_06_芝_新馬,pace_yoso+ichi_shisu_juni+kishu_minarai_code,pace_yoso,ichi_shisu_juni,kishu_minarai_code,23,3827,73.66,10.13,69.52,False
KEIBAJO_SURFACE_06_芝_新馬,uma_start_shisu_decile+ichi_shisu_juni+class_code,uma_start_shisu_decile,ichi_shisu_juni,class_code,8,973,72.64,4.52,69.51,False
KEIBAJO_SURFACE_06_芝_新馬,uma_deokure_bin+omo_tekisei_code+bataiju_zogen,uma_deokure_bin,omo_tekisei_code,bataiju_zogen,15,2048,74.91,10.7,69.5,False
KEIBAJO_SURFACE_06_芝_新馬,kyori_kubun+hizume_code+umakigo_code,kyori_kubun,hizume_code,umakigo_code,17,3494,73.2,7.84,69.47,False
KEIBAJO_SURFACE_06_芝_新馬,uma_deokure_bin+kyakushitsu+kishu_minarai_code,uma_deokure_bin,kyakushitsu,kishu_minarai_code,10,4428,74.04,7.4,69.45,False
KEIBAJO_SURFACE_06_芝_新馬,kyori_tekisei_2+kishu_minarai_code+umakigo_code,kyori_tekisei_2,kishu_minarai_code,umakigo_code,3,602,76.95,6.64,69.44,False
KEIBAJO_SURFACE_06_芝_新馬,uma_deokure_bin+pace_shisu_juni+umakigo_code,uma_deokure_bin,pace_shisu_juni,umakigo_code,22,3599,73.21,9.04,69.43,False
KEIBAJO_SURFACE_06_芝_新馬,pace_yoso+pace_shisu_juni+kishu_minarai_code,pace_yoso,pace_shisu_juni,kishu_minarai_code,23,3847,73.71,10.48,69.43,False
KEIBAJO_SURFACE_06_芝_新馬,pace_yoso+kyakushitsu+kishu_kitai_rentai_decile,pace_yoso,kyakushitsu,kishu_kitai_rentai_decile,16,1906,74.63,10.61,69.43,False
KEIBAJO_SURFACE_06_芝_新馬,joho_shisu_decile+kishu_minarai_code+manken_shisu_decile,joho_shisu_decile,kishu_minarai_code,manken_shisu_decile,23,3472,75.74,15.47,69.42,False
KEIBAJO_SURFACE_06_芝_新馬,omo_tekisei_code+kishu_minarai_code+ls_shisu_juni,omo_tekisei_code,kishu_minarai_code,ls_shisu_juni,14,4439,74.11,8.97,69.41,False
KEIBAJO_SURFACE_06_芝_新馬,uma_deokure_bin+ten_shisu_juni+kishu_minarai_code,uma_deokure_bin,ten_shisu_juni,kishu_minarai_code,23,3587,73.99,11.23,69.4,False
KEIBAJO_SURFACE_06_芝_新馬,uma_deokure_bin+hizume_code+class_code,uma_deokure_bin,hizume_code,class_code,10,2259,73.3,6.3,69.39,False
KEIBAJO_SURFACE_06_芝_新馬,omo_tekisei_code+bataiju_zogen+class_code,omo_tekisei_code,bataiju_zogen,class_code,14,2634,74.45,9.67,69.39,False
KEIBAJO_SURFACE_06_芝_新馬,uma_deokure_bin+ichi_shisu_juni+kishu_minarai_code,uma_deokure_bin,ichi_shisu_juni,kishu_minarai_code,21,3576,74.18,11.25,69.37,False
KEIBAJO_SURFACE_06_芝_新馬,omo_tekisei_code+pace_shisu_juni+class_code,omo_tekisei_code,pace_shisu_juni,class_code,20,2809,74.14,10.91,69.36,False
KEIBAJO_SURFACE_06_芝_新馬,omo_tekisei_code+kyori_kubun+rotation_bin,omo_tekisei_code,kyori_kubun,rotation_bin,19,3195,73.87,10.05,69.35,False
KEIBAJO_SURFACE_06_芝_新馬,uma_deokure_bin+kyori_kubun+hizume_code,uma_deokure_bin,kyori_kubun,hizume_code,12,1761,74.76,9.57,69.34,False
KEIBAJO_SURFACE_06_芝_新馬,omo_tekisei_code+kishu_minarai_code+manken_shisu_decile,omo_tekisei_code,kishu_minarai_code,manken_shisu_decile,13,4133,73.2,7.1,69.34,False
KEIBAJO_SURFACE_06_芝_新馬,pace_yoso+kyori_kubun+rotation_bin,pace_yoso,kyori_kubun,rotation_bin,17,2955,75.08,12.09,69.33,False
KEIBAJO_SURFACE_06_芝_新馬,pace_yoso+uma_start_shisu_decile+umakigo_code,pace_yoso,uma_start_shisu_decile,umakigo_code,17,4650,73.28,8.34,69.31,False
KEIBAJO_SURFACE_06_芝_新馬,bataiju_zogen+hizume_code+class_code,bataiju_zogen,hizume_code,class_code,3,392,77.02,6.83,69.3,False
KEIBAJO_SURFACE_06_芝_新馬,omo_tekisei_code+manken_shisu_decile+umakigo_code,omo_tekisei_code,manken_shisu_decile,umakigo_code,13,4160,73.18,7.16,69.29,False
KEIBAJO_SURFACE_06_芝_新馬,kyakushitsu+class_code+kijun_ninkijun_tansho,kyakushitsu,class_code,kijun_ninkijun_tansho,15,1885,77.9,17.03,69.28,False
KEIBAJO_SURFACE_06_芝_新馬,kyori_kubun+gekiso_juni+umakigo_code,kyori_kubun,gekiso_juni,umakigo_code,18,2830,73.3,8.74,69.27,False
KEIBAJO_SURFACE_06_芝_新馬,joho_shisu_decile+manken_shisu_decile+umakigo_code,joho_shisu_decile,manken_shisu_decile,umakigo_code,24,3594,75.4,15.37,69.26,False
KEIBAJO_SURFACE_06_芝_新馬,rotation_bin+class_code+ls_shisu_juni,rotation_bin,class_code,ls_shisu_juni,15,2125,74.32,10.02,69.25,False
KEIBAJO_SURFACE_06_芝_新馬,rotation_bin+kyakushitsu+kishu_minarai_code,rotation_bin,kyakushitsu,kishu_minarai_code,19,4409,73.12,8.62,69.24,False
KEIBAJO_SURFACE_06_芝_新馬,uma_deokure_bin+gekiso_juni+kishu_minarai_code,uma_deokure_bin,gekiso_juni,kishu_minarai_code,20,3555,72.76,8.02,69.24,False
KEIBAJO_SURFACE_06_芝_新馬,manken_shirushi+class_code+kishu_minarai_code,manken_shirushi,class_code,kishu_minarai_code,8,2319,75.48,9.0,69.24,False
KEIBAJO_SURFACE_06_芝_新馬,uma_deokure_bin+omo_tekisei_code+gekiso_juni,uma_deokure_bin,omo_tekisei_code,gekiso_juni,14,1562,74.45,9.96,69.23,False
KEIBAJO_SURFACE_06_芝_新馬,pace_yoso+omo_tekisei_code+umakigo_code,pace_yoso,omo_tekisei_code,umakigo_code,9,5037,72.37,4.89,69.18,False
KEIBAJO_SURFACE_06_芝_新馬,kyori_kubun+pace_shisu_juni+umakigo_code,kyori_kubun,pace_shisu_juni,umakigo_code,20,2866,74.76,12.77,69.17,False
KEIBAJO_SURFACE_06_芝_新馬,uma_deokure_bin+pace_shisu_juni+kishu_minarai_code,uma_deokure_bin,pace_shisu_juni,kishu_minarai_code,22,3593,73.37,10.05,69.17,False
KEIBAJO_SURFACE_06_芝_新馬,pace_yoso+uma_deokure_bin+hizume_code,pace_yoso,uma_deokure_bin,hizume_code,12,2173,72.98,6.74,69.16,False
KEIBAJO_SURFACE_06_芝_新馬,uma_start_shisu_decile+kishu_minarai_code+manken_shisu_decile,uma_start_shisu_decile,kishu_minarai_code,manken_shisu_decile,12,1999,76.3,12.63,69.15,False
KEIBAJO_SURFACE_06_芝_新馬,omo_tekisei_code+joho_shisu_decile+kishu_minarai_code,omo_tekisei_code,joho_shisu_decile,kishu_minarai_code,13,4706,73.05,7.18,69.15,False
KEIBAJO_SURFACE_06_芝_新馬,uma_deokure_bin+kishu_kitai_rentai_decile+kijun_ninkijun_tansho,uma_deokure_bin,kishu_kitai_rentai_decile,kijun_ninkijun_tansho,12,1582,76.28,12.61,69.15,False
KEIBAJO_SURFACE_06_芝_新馬,pace_yoso+omo_tekisei_code+ten_shisu_juni,pace_yoso,omo_tekisei_code,ten_shisu_juni,10,1125,76.25,11.46,69.14,False
KEIBAJO_SURFACE_06_芝_新馬,pace_yoso+omo_tekisei_code+ls_shisu_juni,pace_yoso,omo_tekisei_code,ls_shisu_juni,23,3939,73.36,10.35,69.13,False
KEIBAJO_SURFACE_06_芝_新馬,pace_yoso+uma_deokure_bin+uma_start_shisu_decile,pace_yoso,uma_deokure_bin,uma_start_shisu_decile,17,3486,73.57,9.36,69.12,False
KEIBAJO_SURFACE_06_芝_新馬,pace_yoso+rotation_bin+kishu_kitai_rentai_decile,pace_yoso,rotation_bin,kishu_kitai_rentai_decile,3,311,76.96,6.95,69.1,False
KEIBAJO_SURFACE_06_芝_新馬,uma_deokure_bin+bataiju_zogen+kyakushitsu,uma_deokure_bin,bataiju_zogen,kyakushitsu,8,977,78.21,13.15,69.1,False
KEIBAJO_SURFACE_06_芝_新馬,pace_yoso+manken_shirushi+omo_tekisei_code,pace_yoso,manken_shirushi,omo_tekisei_code,12,1382,74.88,10.27,69.08,False
KEIBAJO_SURFACE_06_芝_新馬,omo_tekisei_code+bataiju_zogen+umakigo_code,omo_tekisei_code,bataiju_zogen,umakigo_code,17,3812,73.96,10.3,69.06,False
KEIBAJO_SURFACE_06_芝_新馬,pace_yoso+uma_deokure_bin+manken_shisu_decile,pace_yoso,uma_deokure_bin,manken_shisu_decile,20,3052,73.65,10.46,69.06,False
KEIBAJO_SURFACE_06_芝_新馬,omo_tekisei_code+kyori_kubun+hizume_code,omo_tekisei_code,kyori_kubun,hizume_code,14,2459,73.88,9.22,69.05,False
KEIBAJO_SURFACE_06_芝_新馬,uma_deokure_bin+uma_start_shisu_decile+class_code,uma_deokure_bin,uma_start_shisu_decile,class_code,9,2766,75.07,9.24,69.04,False
KEIBAJO_SURFACE_06_芝_新馬,rotation_bin+kishu_minarai_code+manken_shisu_decile,rotation_bin,kishu_minarai_code,manken_shisu_decile,16,2778,74.74,11.64,69.03,False
KEIBAJO_SURFACE_06_芝_新馬,pace_yoso+bataiju_zogen+umakigo_code,pace_yoso,bataiju_zogen,umakigo_code,18,3739,73.6,9.91,69.02,False
KEIBAJO_SURFACE_06_芝_新馬,pace_yoso+uma_start_shisu_decile+kyakushitsu,pace_yoso,uma_start_shisu_decile,kyakushitsu,19,3052,73.96,11.07,68.99,False
KEIBAJO_SURFACE_06_芝_新馬,kyori_kubun+class_code+kijun_ninkijun_tansho,kyori_kubun,class_code,kijun_ninkijun_tansho,15,1962,75.44,12.76,68.98,False
KEIBAJO_SURFACE_06_芝_新馬,manken_shirushi+uma_deokure_bin+umakigo_code,manken_shirushi,uma_deokure_bin,umakigo_code,16,2812,73.42,9.07,68.97,False
KEIBAJO_SURFACE_06_芝_新馬,omo_tekisei_code+uma_start_shisu_decile+hizume_code,omo_tekisei_code,uma_start_shisu_decile,hizume_code,8,1167,73.04,5.9,68.95,False
KEIBAJO_SURFACE_06_芝_新馬,pace_yoso+ichi_shisu_juni+umakigo_code,pace_yoso,ichi_shisu_juni,umakigo_code,23,3868,73.24,10.51,68.94,False
KEIBAJO_SURFACE_06_芝_新馬,uma_deokure_bin+ls_shisu_juni+umakigo_code,uma_deokure_bin,ls_shisu_juni,umakigo_code,14,4030,73.68,9.07,68.93,False
KEIBAJO_SURFACE_06_芝_新馬,rotation_bin+ichi_shisu_juni+kishu_minarai_code,rotation_bin,ichi_shisu_juni,kishu_minarai_code,11,1267,76.5,12.84,68.91,False
KEIBAJO_SURFACE_06_芝_新馬,uma_deokure_bin+ichi_shisu_juni+umakigo_code,uma_deokure_bin,ichi_shisu_juni,umakigo_code,21,3584,73.57,10.94,68.9,False
KEIBAJO_SURFACE_06_芝_新馬,hizume_code+ls_shisu_juni+umakigo_code,hizume_code,ls_shisu_juni,umakigo_code,12,1983,75.8,12.26,68.86,False
KEIBAJO_SURFACE_06_芝_新馬,omo_tekisei_code+gekiso_juni+kishu_minarai_code,omo_tekisei_code,gekiso_juni,kishu_minarai_code,22,4122,72.46,8.62,68.85,False
KEIBAJO_SURFACE_06_芝_新馬,uma_start_shisu_decile+pace_shisu_juni+umakigo_code,uma_start_shisu_decile,pace_shisu_juni,umakigo_code,9,1108,75.51,10.22,68.83,False
KEIBAJO_SURFACE_06_芝_新馬,uma_deokure_bin+manken_shisu_decile+umakigo_code,uma_deokure_bin,manken_shisu_decile,umakigo_code,12,3627,72.24,6.02,68.83,False
KEIBAJO_SURFACE_06_芝_新馬,kyori_kubun+bataiju_zogen+class_code,kyori_kubun,bataiju_zogen,class_code,11,1748,76.2,12.52,68.8,False
KEIBAJO_SURFACE_06_芝_新馬,uma_deokure_bin+ichi_shisu_juni+class_code,uma_deokure_bin,ichi_shisu_juni,class_code,16,2256,74.47,11.62,68.78,False
KEIBAJO_SURFACE_06_芝_新馬,pace_yoso+uma_start_shisu_decile+manken_shisu_decile,pace_yoso,uma_start_shisu_decile,manken_shisu_decile,5,624,74.5,6.54,68.77,False
KEIBAJO_SURFACE_06_芝_新馬,omo_tekisei_code+hizume_code+kyakushitsu,omo_tekisei_code,hizume_code,kyakushitsu,15,2512,74.63,11.58,68.77,False
KEIBAJO_SURFACE_06_芝_新馬,pace_yoso+ls_shisu_juni+umakigo_code,pace_yoso,ls_shisu_juni,umakigo_code,15,4394,74.02,10.37,68.77,False
KEIBAJO_SURFACE_06_芝_新馬,rotation_bin+joho_shisu_decile+class_code,rotation_bin,joho_shisu_decile,class_code,14,2388,74.32,10.63,68.75,False
KEIBAJO_SURFACE_06_芝_新馬,uma_deokure_bin+uma_start_shisu_decile+kyakushitsu,uma_deokure_bin,uma_start_shisu_decile,kyakushitsu,15,3147,74.39,11.15,68.75,False
KEIBAJO_SURFACE_06_芝_新馬,pace_yoso+omo_tekisei_code+joho_shisu_decile,pace_yoso,omo_tekisei_code,joho_shisu_decile,23,4386,73.08,10.62,68.74,False
KEIBAJO_SURFACE_06_芝_新馬,pace_yoso+joho_shisu_decile+kyakushitsu,pace_yoso,joho_shisu_decile,kyakushitsu,22,3344,74.07,12.8,68.73,False
KEIBAJO_SURFACE_06_芝_新馬,pace_yoso+kyori_kubun+uma_start_shisu_decile,pace_yoso,kyori_kubun,uma_start_shisu_decile,16,2437,73.62,9.99,68.73,False
KEIBAJO_SURFACE_06_芝_新馬,gekiso_juni+kishu_minarai_code+umakigo_code,gekiso_juni,kishu_minarai_code,umakigo_code,13,4444,71.82,5.7,68.72,False
KEIBAJO_SURFACE_06_芝_新馬,pace_shisu_juni+kishu_minarai_code+umakigo_code,pace_shisu_juni,kishu_minarai_code,umakigo_code,14,4464,73.52,9.15,68.72,False
KEIBAJO_SURFACE_06_芝_新馬,omo_tekisei_code+gekiso_juni+class_code,omo_tekisei_code,gekiso_juni,class_code,19,2823,73.07,9.71,68.71,False
KEIBAJO_SURFACE_06_芝_新馬,class_code+kishu_minarai_code+umakigo_code,class_code,kishu_minarai_code,umakigo_code,7,4782,74.83,8.26,68.71,False
KEIBAJO_SURFACE_06_芝_新馬,uma_deokure_bin+rotation_bin+kishu_kitai_rentai_decile,uma_deokure_bin,rotation_bin,kishu_kitai_rentai_decile,5,538,72.58,4.42,68.71,False
KEIBAJO_SURFACE_06_芝_新馬,omo_tekisei_code+kyori_kubun+class_code,omo_tekisei_code,kyori_kubun,class_code,9,3666,72.94,6.48,68.7,False
KEIBAJO_SURFACE_06_芝_新馬,omo_tekisei_code+ls_shisu_juni+umakigo_code,omo_tekisei_code,ls_shisu_juni,umakigo_code,14,4486,73.59,9.39,68.67,False
KEIBAJO_SURFACE_06_芝_新馬,uma_start_shisu_decile+kyakushitsu+kishu_minarai_code,uma_start_shisu_decile,kyakushitsu,kishu_minarai_code,16,4113,72.9,8.65,68.66,False
KEIBAJO_SURFACE_06_芝_新馬,uma_deokure_bin+gekiso_juni+umakigo_code,uma_deokure_bin,gekiso_juni,umakigo_code,20,3540,72.35,8.44,68.65,False
KEIBAJO_SURFACE_06_芝_新馬,hizume_code+kyakushitsu+umakigo_code,hizume_code,kyakushitsu,umakigo_code,14,3157,73.43,9.15,68.64,False
KEIBAJO_SURFACE_06_芝_新馬,gekiso_juni+manken_shisu_decile+umakigo_code,gekiso_juni,manken_shisu_decile,umakigo_code,7,1102,75.13,8.79,68.62,False
KEIBAJO_SURFACE_06_芝_新馬,rotation_bin+kishu_minarai_code+umakigo_code,rotation_bin,kishu_minarai_code,umakigo_code,7,4590,72.25,4.92,68.61,False
KEIBAJO_SURFACE_06_芝_新馬,omo_tekisei_code+uma_start_shisu_decile+class_code,omo_tekisei_code,uma_start_shisu_decile,class_code,15,3448,73.17,9.04,68.6,False
KEIBAJO_SURFACE_06_芝_新馬,kyori_kubun+agari_shisu_juni+class_code,kyori_kubun,agari_shisu_juni,class_code,14,1718,76.95,15.93,68.6,False
KEIBAJO_SURFACE_06_芝_新馬,kyori_kubun+ichi_shisu_juni+class_code,kyori_kubun,ichi_shisu_juni,class_code,14,1733,75.43,13.08,68.58,False
KEIBAJO_SURFACE_06_芝_新馬,pace_yoso+ichi_shisu_juni+class_code,pace_yoso,ichi_shisu_juni,class_code,19,2657,73.17,10.34,68.53,False
KEIBAJO_SURFACE_06_芝_新馬,kyori_kubun+kyakushitsu+ls_shisu_juni,kyori_kubun,kyakushitsu,ls_shisu_juni,9,1263,71.82,5.06,68.51,False
KEIBAJO_SURFACE_06_芝_新馬,uma_deokure_bin+joho_shisu_decile+kishu_minarai_code,uma_deokure_bin,joho_shisu_decile,kishu_minarai_code,13,4280,74.48,11.04,68.48,False
KEIBAJO_SURFACE_06_芝_新馬,uma_start_shisu_decile+pace_shisu_juni+kishu_minarai_code,uma_start_shisu_decile,pace_shisu_juni,kishu_minarai_code,9,1136,74.7,9.62,68.41,False
KEIBAJO_SURFACE_06_芝_新馬,pace_yoso+ten_shisu_juni+kishu_minarai_code,pace_yoso,ten_shisu_juni,kishu_minarai_code,25,3960,73.78,13.7,68.41,False
KEIBAJO_SURFACE_06_芝_新馬,uma_deokure_bin+uma_start_shisu_decile+agari_shisu_juni,uma_deokure_bin,uma_start_shisu_decile,agari_shisu_juni,6,631,76.15,9.68,68.41,False
KEIBAJO_SURFACE_06_芝_新馬,uma_deokure_bin+kyori_kubun+kyakushitsu,uma_deokure_bin,kyori_kubun,kyakushitsu,17,3701,73.92,11.61,68.4,False
KEIBAJO_SURFACE_06_芝_新馬,pace_yoso+kyori_kubun+kyakushitsu,pace_yoso,kyori_kubun,kyakushitsu,18,3927,74.74,13.73,68.39,False
KEIBAJO_SURFACE_06_芝_新馬,omo_tekisei_code+ten_shisu_juni+kishu_minarai_code,omo_tekisei_code,ten_shisu_juni,kishu_minarai_code,24,4037,72.98,11.61,68.34,False
KEIBAJO_SURFACE_06_芝_新馬,omo_tekisei_code+ichi_shisu_juni+kyakushitsu,omo_tekisei_code,ichi_shisu_juni,kyakushitsu,12,1412,75.32,12.37,68.32,False
KEIBAJO_SURFACE_06_芝_新馬,hizume_code+kishu_minarai_code+manken_shisu_decile,hizume_code,kishu_minarai_code,manken_shisu_decile,12,1902,75.89,13.38,68.31,False
KEIBAJO_SURFACE_06_芝_新馬,manken_shirushi+uma_deokure_bin+omo_tekisei_code,manken_shirushi,uma_deokure_bin,omo_tekisei_code,7,794,76.13,10.59,68.29,False
KEIBAJO_SURFACE_06_芝_新馬,pace_yoso+hizume_code+class_code,pace_yoso,hizume_code,class_code,14,2889,73.58,10.12,68.28,False
KEIBAJO_SURFACE_06_芝_新馬,gekiso_juni+hizume_code+kishu_minarai_code,gekiso_juni,hizume_code,kishu_minarai_code,6,746,73.91,7.06,68.27,False
KEIBAJO_SURFACE_06_芝_新馬,hizume_code+class_code+kishu_minarai_code,hizume_code,class_code,kishu_minarai_code,12,3536,73.43,9.12,68.27,False
KEIBAJO_SURFACE_06_芝_新馬,omo_tekisei_code+joho_shisu_decile+umakigo_code,omo_tekisei_code,joho_shisu_decile,umakigo_code,13,4757,72.22,7.31,68.25,False
KEIBAJO_SURFACE_06_芝_新馬,omo_tekisei_code+bataiju_zogen+kyakushitsu,omo_tekisei_code,bataiju_zogen,kyakushitsu,10,1201,76.19,12.84,68.23,False
KEIBAJO_SURFACE_06_芝_新馬,uma_start_shisu_decile+class_code+umakigo_code,uma_start_shisu_decile,class_code,umakigo_code,9,3699,72.15,5.99,68.23,False
KEIBAJO_SURFACE_06_芝_新馬,uma_deokure_bin+uma_start_shisu_decile+kishu_minarai_code,uma_deokure_bin,uma_start_shisu_decile,kishu_minarai_code,11,3881,73.3,8.61,68.21,False
KEIBAJO_SURFACE_06_芝_新馬,pace_shisu_juni+kyakushitsu+class_code,pace_shisu_juni,kyakushitsu,class_code,13,1532,77.1,16.36,68.21,False
KEIBAJO_SURFACE_06_芝_新馬,pace_yoso+uma_deokure_bin+kyakushitsu,pace_yoso,uma_deokure_bin,kyakushitsu,15,4021,72.71,8.88,68.21,False
KEIBAJO_SURFACE_06_芝_新馬,kyakushitsu+manken_shisu_decile+umakigo_code,kyakushitsu,manken_shisu_decile,umakigo_code,20,4049,72.35,9.52,68.18,False
KEIBAJO_SURFACE_06_芝_新馬,kyakushitsu+kishu_minarai_code+manken_shisu_decile,kyakushitsu,kishu_minarai_code,manken_shisu_decile,18,3816,73.07,10.6,68.17,False
KEIBAJO_SURFACE_06_芝_新馬,uma_deokure_bin+omo_tekisei_code+ls_shisu_juni,uma_deokure_bin,omo_tekisei_code,ls_shisu_juni,20,3309,72.16,9.14,68.15,False
KEIBAJO_SURFACE_06_芝_新馬,pace_yoso+omo_tekisei_code+ichi_shisu_juni,pace_yoso,omo_tekisei_code,ichi_shisu_juni,13,1448,74.14,11.07,68.12,False
KEIBAJO_SURFACE_06_芝_新馬,omo_tekisei_code+uma_start_shisu_decile+manken_shisu_decile,omo_tekisei_code,uma_start_shisu_decile,manken_shisu_decile,5,685,73.51,6.16,68.11,False
KEIBAJO_SURFACE_06_芝_新馬,omo_tekisei_code+ten_shisu_juni+umakigo_code,omo_tekisei_code,ten_shisu_juni,umakigo_code,24,4063,72.56,11.14,68.11,False
KEIBAJO_SURFACE_06_芝_新馬,pace_yoso+omo_tekisei_code+pace_shisu_juni,pace_yoso,omo_tekisei_code,pace_shisu_juni,14,1567,73.98,11.22,68.1,False
KEIBAJO_SURFACE_06_芝_新馬,uma_start_shisu_decile+kyakushitsu+umakigo_code,uma_start_shisu_decile,kyakushitsu,umakigo_code,16,4175,71.95,7.89,68.08,False
KEIBAJO_SURFACE_06_芝_新馬,bataiju_zogen+manken_shisu_decile+umakigo_code,bataiju_zogen,manken_shisu_decile,umakigo_code,10,1182,77.49,15.22,68.05,False
KEIBAJO_SURFACE_06_芝_新馬,kyori_kubun+kyakushitsu+umakigo_code,kyori_kubun,kyakushitsu,umakigo_code,14,4851,72.58,8.67,68.04,False
KEIBAJO_SURFACE_06_芝_新馬,hizume_code+class_code+manken_shisu_decile,hizume_code,class_code,manken_shisu_decile,9,1159,78.18,15.53,68.03,False
KEIBAJO_SURFACE_06_芝_新馬,pace_yoso+pace_shisu_juni+umakigo_code,pace_yoso,pace_shisu_juni,umakigo_code,23,3911,72.82,11.74,68.02,False
KEIBAJO_SURFACE_06_芝_新馬,kyori_kubun+kyakushitsu+kishu_minarai_code,kyori_kubun,kyakushitsu,kishu_minarai_code,14,4818,72.35,8.29,68.01,False
KEIBAJO_SURFACE_06_芝_新馬,pace_yoso+uma_start_shisu_decile+class_code,pace_yoso,uma_start_shisu_decile,class_code,16,3521,72.56,9.3,68.01,False
KEIBAJO_SURFACE_06_芝_新馬,omo_tekisei_code+class_code+ls_shisu_juni,omo_tekisei_code,class_code,ls_shisu_juni,14,3400,72.9,9.36,68.0,False
KEIBAJO_SURFACE_06_芝_新馬,uma_deokure_bin+ten_shisu_juni+umakigo_code,uma_deokure_bin,ten_shisu_juni,umakigo_code,24,3687,72.75,11.9,67.99,False
KEIBAJO_SURFACE_06_芝_新馬,omo_tekisei_code+class_code+kishu_minarai_code,omo_tekisei_code,class_code,kishu_minarai_code,10,4656,74.67,10.79,67.98,False
KEIBAJO_SURFACE_06_芝_新馬,uma_start_shisu_decile+ichi_shisu_juni+kishu_minarai_code,uma_start_shisu_decile,ichi_shisu_juni,kishu_minarai_code,10,1409,72.95,8.12,67.92,False
KEIBAJO_SURFACE_06_芝_新馬,uma_start_shisu_decile+ten_shisu_juni+kishu_minarai_code,uma_start_shisu_decile,ten_shisu_juni,kishu_minarai_code,8,1016,77.07,13.21,67.92,False
KEIBAJO_SURFACE_06_芝_新馬,omo_tekisei_code+gekiso_juni+umakigo_code,omo_tekisei_code,gekiso_juni,umakigo_code,21,4033,71.55,8.52,67.9,False
KEIBAJO_SURFACE_06_芝_新馬,kyori_kubun+joho_shisu_decile+class_code,kyori_kubun,joho_shisu_decile,class_code,14,3092,73.31,10.36,67.88,False
KEIBAJO_SURFACE_06_芝_新馬,kyori_kubun+joho_shisu_decile+kishu_minarai_code,kyori_kubun,joho_shisu_decile,kishu_minarai_code,19,4571,72.13,9.49,67.87,False
KEIBAJO_SURFACE_06_芝_新馬,uma_deokure_bin+omo_tekisei_code+hizume_code,uma_deokure_bin,omo_tekisei_code,hizume_code,14,2803,72.46,8.78,67.86,False
KEIBAJO_SURFACE_06_芝_新馬,class_code+ls_shisu_juni+manken_shisu_decile,class_code,ls_shisu_juni,manken_shisu_decile,8,1115,78.17,14.92,67.83,False
KEIBAJO_SURFACE_06_芝_新馬,kyori_kubun+rotation_bin+class_code,kyori_kubun,rotation_bin,class_code,15,3076,72.25,8.76,67.82,False
KEIBAJO_SURFACE_06_芝_新馬,uma_deokure_bin+kyori_kubun+joho_shisu_decile,uma_deokure_bin,kyori_kubun,joho_shisu_decile,20,2903,72.71,11.17,67.81,False
KEIBAJO_SURFACE_06_芝_新馬,kyori_kubun+gekiso_juni+class_code,kyori_kubun,gekiso_juni,class_code,14,1729,73.33,10.56,67.79,False
KEIBAJO_SURFACE_06_芝_新馬,uma_start_shisu_decile+rotation_bin+class_code,uma_start_shisu_decile,rotation_bin,class_code,10,1684,72.81,8.16,67.75,False
KEIBAJO_SURFACE_06_芝_新馬,pace_yoso+ten_shisu_juni+umakigo_code,pace_yoso,ten_shisu_juni,umakigo_code,25,4000,72.9,13.21,67.73,False
KEIBAJO_SURFACE_06_芝_新馬,pace_yoso+class_code+ls_shisu_juni,pace_yoso,class_code,ls_shisu_juni,13,3171,72.87,9.48,67.71,False
KEIBAJO_SURFACE_06_芝_新馬,kyori_kubun+class_code+umakigo_code,kyori_kubun,class_code,umakigo_code,9,4269,72.78,7.77,67.7,False
KEIBAJO_SURFACE_06_芝_新馬,pace_yoso+ls_shisu_juni+manken_shisu_decile,pace_yoso,ls_shisu_juni,manken_shisu_decile,6,673,73.11,6.79,67.67,False
KEIBAJO_SURFACE_06_芝_新馬,kyakushitsu+ls_shisu_juni+umakigo_code,kyakushitsu,ls_shisu_juni,umakigo_code,19,4134,73.22,12.38,67.66,False
KEIBAJO_SURFACE_06_芝_新馬,omo_tekisei_code+hizume_code+umakigo_code,omo_tekisei_code,hizume_code,umakigo_code,12,3864,73.47,10.35,67.62,False
KEIBAJO_SURFACE_06_芝_新馬,omo_tekisei_code+gekiso_juni+manken_shisu_decile,omo_tekisei_code,gekiso_juni,manken_shisu_decile,4,469,78.0,10.6,67.61,False
KEIBAJO_SURFACE_06_芝_新馬,pace_yoso+agari_shisu_juni+class_code,pace_yoso,agari_shisu_juni,class_code,19,2690,73.19,12.43,67.6,False
KEIBAJO_SURFACE_06_芝_新馬,pace_yoso+kishu_minarai_code+manken_shisu_decile,pace_yoso,kishu_minarai_code,manken_shisu_decile,14,4010,72.51,9.43,67.58,False
KEIBAJO_SURFACE_06_芝_新馬,kyakushitsu+kishu_minarai_code+ls_shisu_juni,kyakushitsu,kishu_minarai_code,ls_shisu_juni,19,4093,73.52,13.23,67.57,False
KEIBAJO_SURFACE_06_芝_新馬,omo_tekisei_code+uma_start_shisu_decile+kyakushitsu,omo_tekisei_code,uma_start_shisu_decile,kyakushitsu,21,3379,72.75,12.16,67.55,False
KEIBAJO_SURFACE_06_芝_新馬,kyori_kubun+ten_shisu_juni+class_code,kyori_kubun,ten_shisu_juni,class_code,12,1420,74.23,11.8,67.55,False
KEIBAJO_SURFACE_06_芝_新馬,kyori_kubun+agari_shisu_juni+kishu_minarai_code,kyori_kubun,agari_shisu_juni,kishu_minarai_code,19,2815,73.47,13.15,67.55,False
KEIBAJO_SURFACE_06_芝_新馬,kyori_kubun+agari_shisu_juni+umakigo_code,kyori_kubun,agari_shisu_juni,umakigo_code,19,2837,73.24,12.69,67.54,False
KEIBAJO_SURFACE_06_芝_新馬,omo_tekisei_code+hizume_code+class_code,omo_tekisei_code,hizume_code,class_code,11,2838,73.99,10.94,67.53,False
KEIBAJO_SURFACE_06_芝_新馬,agari_shisu_juni+kyakushitsu+umakigo_code,agari_shisu_juni,kyakushitsu,umakigo_code,23,3196,73.54,14.74,67.52,False
KEIBAJO_SURFACE_06_芝_新馬,rotation_bin+ten_shisu_juni+kishu_minarai_code,rotation_bin,ten_shisu_juni,kishu_minarai_code,10,1089,74.56,11.38,67.51,False
KEIBAJO_SURFACE_06_芝_新馬,uma_deokure_bin+kyakushitsu+manken_shisu_decile,uma_deokure_bin,kyakushitsu,manken_shisu_decile,14,2048,74.51,13.37,67.51,False
KEIBAJO_SURFACE_06_芝_新馬,uma_deokure_bin+uma_start_shisu_decile+umakigo_code,uma_deokure_bin,uma_start_shisu_decile,umakigo_code,11,3907,72.63,8.68,67.49,False
KEIBAJO_SURFACE_06_芝_新馬,uma_deokure_bin+rotation_bin+hizume_code,uma_deokure_bin,rotation_bin,hizume_code,5,739,69.69,2.51,67.48,False
KEIBAJO_SURFACE_06_芝_新馬,pace_yoso+omo_tekisei_code+bataiju_zogen,pace_yoso,omo_tekisei_code,bataiju_zogen,19,2638,73.52,13.45,67.47,False
KEIBAJO_SURFACE_06_芝_新馬,pace_yoso+manken_shisu_decile+umakigo_code,pace_yoso,manken_shisu_decile,umakigo_code,14,4065,73.03,10.62,67.46,False
KEIBAJO_SURFACE_06_芝_新馬,pace_yoso+bataiju_zogen+class_code,pace_yoso,bataiju_zogen,class_code,14,2551,73.7,11.99,67.42,False
KEIBAJO_SURFACE_06_芝_新馬,uma_start_shisu_decile+rotation_bin+kishu_minarai_code,uma_start_shisu_decile,rotation_bin,kishu_minarai_code,17,2948,72.26,10.22,67.4,False
KEIBAJO_SURFACE_06_芝_新馬,kyakushitsu+kishu_minarai_code+kishu_kitai_rentai_decile,kyakushitsu,kishu_minarai_code,kishu_kitai_rentai_decile,20,3721,72.19,10.94,67.39,False
KEIBAJO_SURFACE_06_芝_新馬,uma_deokure_bin+uma_start_shisu_decile+hizume_code,uma_deokure_bin,uma_start_shisu_decile,hizume_code,7,1138,73.54,8.34,67.36,False
KEIBAJO_SURFACE_06_芝_新馬,hizume_code+kyakushitsu+class_code,hizume_code,kyakushitsu,class_code,12,2226,74.08,11.89,67.35,False
KEIBAJO_SURFACE_06_芝_新馬,pace_yoso+uma_deokure_bin+joho_shisu_decile,pace_yoso,uma_deokure_bin,joho_shisu_decile,23,3833,72.24,12.01,67.33,False
KEIBAJO_SURFACE_06_芝_新馬,omo_tekisei_code+class_code+kijun_ninkijun_tansho,omo_tekisei_code,class_code,kijun_ninkijun_tansho,18,2881,72.47,11.14,67.32,False
KEIBAJO_SURFACE_06_芝_新馬,uma_deokure_bin+kyori_kubun+bataiju_zogen,uma_deokure_bin,kyori_kubun,bataiju_zogen,8,878,75.43,11.71,67.31,False
KEIBAJO_SURFACE_06_芝_新馬,pace_yoso+class_code+kijun_ninkijun_tansho,pace_yoso,class_code,kijun_ninkijun_tansho,19,2898,72.65,11.89,67.3,False
KEIBAJO_SURFACE_06_芝_新馬,joho_shisu_decile+ls_shisu_juni+umakigo_code,joho_shisu_decile,ls_shisu_juni,umakigo_code,21,3658,72.49,12.19,67.27,False
KEIBAJO_SURFACE_06_芝_新馬,kishu_minarai_code+ls_shisu_juni+manken_shisu_decile,kishu_minarai_code,ls_shisu_juni,manken_shisu_decile,14,2164,73.57,12.06,67.25,False
KEIBAJO_SURFACE_06_芝_新馬,pace_shisu_juni+class_code+kishu_minarai_code,pace_shisu_juni,class_code,kishu_minarai_code,14,3381,72.8,10.6,67.25,False
KEIBAJO_SURFACE_06_芝_新馬,rotation_bin+class_code+kishu_kitai_rentai_decile,rotation_bin,class_code,kishu_kitai_rentai_decile,11,1464,75.71,14.39,67.21,False
KEIBAJO_SURFACE_06_芝_新馬,pace_yoso+hizume_code+kyakushitsu,pace_yoso,hizume_code,kyakushitsu,13,2018,73.9,12.32,67.2,False
KEIBAJO_SURFACE_06_芝_新馬,uma_start_shisu_decile+ten_shisu_juni+umakigo_code,uma_start_shisu_decile,ten_shisu_juni,umakigo_code,9,1088,75.73,13.09,67.18,False
KEIBAJO_SURFACE_06_芝_新馬,rotation_bin+pace_shisu_juni+umakigo_code,rotation_bin,pace_shisu_juni,umakigo_code,9,1059,72.99,8.94,67.16,False
KEIBAJO_SURFACE_06_芝_新馬,kyori_kubun+rotation_bin+joho_shisu_decile,kyori_kubun,rotation_bin,joho_shisu_decile,7,944,71.85,6.37,67.14,False
KEIBAJO_SURFACE_06_芝_新馬,class_code+kishu_minarai_code+kishu_kitai_rentai_decile,class_code,kishu_minarai_code,kishu_kitai_rentai_decile,10,3623,72.2,8.15,67.14,False
KEIBAJO_SURFACE_06_芝_新馬,uma_deokure_bin+class_code+manken_shisu_decile,uma_deokure_bin,class_code,manken_shisu_decile,12,2693,72.11,8.79,67.13,False
KEIBAJO_SURFACE_06_芝_新馬,class_code+kishu_minarai_code+manken_shisu_decile,class_code,kishu_minarai_code,manken_shisu_decile,9,3457,71.54,6.79,67.1,False
KEIBAJO_SURFACE_06_芝_新馬,ichi_shisu_juni+class_code+kishu_minarai_code,ichi_shisu_juni,class_code,kishu_minarai_code,13,3250,72.38,9.78,67.07,False
KEIBAJO_SURFACE_06_芝_新馬,kyori_kubun+uma_start_shisu_decile+class_code,kyori_kubun,uma_start_shisu_decile,class_code,16,2885,72.77,11.64,67.07,False
KEIBAJO_SURFACE_06_芝_新馬,joho_shisu_decile+kishu_minarai_code+umakigo_code,joho_shisu_decile,kishu_minarai_code,umakigo_code,7,4743,71.79,6.37,67.07,False
KEIBAJO_SURFACE_06_芝_新馬,uma_start_shisu_decile+kyakushitsu+class_code,uma_start_shisu_decile,kyakushitsu,class_code,15,3131,72.37,10.56,67.02,False
KEIBAJO_SURFACE_06_芝_新馬,ichi_shisu_juni+kishu_minarai_code+umakigo_code,ichi_shisu_juni,kishu_minarai_code,umakigo_code,15,4538,71.79,9.5,66.98,False
KEIBAJO_SURFACE_06_芝_新馬,uma_start_shisu_decile+rotation_bin+umakigo_code,uma_start_shisu_decile,rotation_bin,umakigo_code,18,3071,71.51,9.83,66.97,False
KEIBAJO_SURFACE_06_芝_新馬,manken_shirushi+class_code+umakigo_code,manken_shirushi,class_code,umakigo_code,8,2351,74.18,10.43,66.96,False
KEIBAJO_SURFACE_06_芝_新馬,omo_tekisei_code+uma_start_shisu_decile+rotation_bin,omo_tekisei_code,uma_start_shisu_decile,rotation_bin,9,1327,72.6,8.63,66.96,False
KEIBAJO_SURFACE_06_芝_新馬,kyakushitsu+class_code+ls_shisu_juni,kyakushitsu,class_code,ls_shisu_juni,18,3063,73.41,14.0,66.94,False
KEIBAJO_SURFACE_06_芝_新馬,hizume_code+kishu_minarai_code+umakigo_code,hizume_code,kishu_minarai_code,umakigo_code,10,4378,72.54,9.04,66.93,False
KEIBAJO_SURFACE_06_芝_新馬,pace_yoso+manken_shirushi+uma_deokure_bin,pace_yoso,manken_shirushi,uma_deokure_bin,4,441,77.56,10.91,66.87,False
KEIBAJO_SURFACE_06_芝_新馬,pace_yoso+kyori_kubun+class_code,pace_yoso,kyori_kubun,class_code,10,3730,71.54,7.57,66.85,False
KEIBAJO_SURFACE_06_芝_新馬,joho_shisu_decile+kyakushitsu+class_code,joho_shisu_decile,kyakushitsu,class_code,15,3162,73.2,12.56,66.84,False
KEIBAJO_SURFACE_06_芝_新馬,uma_deokure_bin+class_code+kishu_minarai_code,uma_deokure_bin,class_code,kishu_minarai_code,12,4569,72.71,10.39,66.83,False
KEIBAJO_SURFACE_06_芝_新馬,pace_yoso+uma_deokure_bin+kishu_kitai_rentai_decile,pace_yoso,uma_deokure_bin,kishu_kitai_rentai_decile,22,2893,72.66,13.94,66.83,False
KEIBAJO_SURFACE_06_芝_新馬,agari_shisu_juni+kyakushitsu+class_code,agari_shisu_juni,kyakushitsu,class_code,11,1374,74.47,13.0,66.79,False
KEIBAJO_SURFACE_06_芝_新馬,omo_tekisei_code+agari_shisu_juni+class_code,omo_tekisei_code,agari_shisu_juni,class_code,19,2788,72.73,13.34,66.74,False
KEIBAJO_SURFACE_06_芝_新馬,omo_tekisei_code+kyakushitsu+umakigo_code,omo_tekisei_code,kyakushitsu,umakigo_code,10,4877,70.7,6.37,66.74,False
KEIBAJO_SURFACE_06_芝_新馬,ten_shisu_juni+kishu_minarai_code+umakigo_code,ten_shisu_juni,kishu_minarai_code,umakigo_code,15,4518,71.38,9.22,66.72,False
KEIBAJO_SURFACE_06_芝_新馬,uma_deokure_bin+ten_shisu_juni+kyakushitsu,uma_deokure_bin,ten_shisu_juni,kyakushitsu,6,642,80.51,17.24,66.72,False
KEIBAJO_SURFACE_06_芝_新馬,uma_deokure_bin+uma_start_shisu_decile+pace_shisu_juni,uma_deokure_bin,uma_start_shisu_decile,pace_shisu_juni,3,336,70.78,3.59,66.71,False
KEIBAJO_SURFACE_06_芝_新馬,uma_deokure_bin+omo_tekisei_code+ten_shisu_juni,uma_deokure_bin,omo_tekisei_code,ten_shisu_juni,8,890,76.01,13.44,66.7,False
KEIBAJO_SURFACE_06_芝_新馬,uma_deokure_bin+omo_tekisei_code+kishu_minarai_code,uma_deokure_bin,omo_tekisei_code,kishu_minarai_code,11,4784,73.35,11.38,66.62,False
KEIBAJO_SURFACE_06_芝_新馬,omo_tekisei_code+kyori_kubun+kijun_ninkijun_tansho,omo_tekisei_code,kyori_kubun,kijun_ninkijun_tansho,5,536,75.34,9.94,66.62,False
KEIBAJO_SURFACE_06_芝_新馬,joho_shisu_decile+kishu_minarai_code+kishu_kitai_rentai_decile,joho_shisu_decile,kishu_minarai_code,kishu_kitai_rentai_decile,20,4224,70.48,8.87,66.59,False
KEIBAJO_SURFACE_06_芝_新馬,uma_deokure_bin+omo_tekisei_code+joho_shisu_decile,uma_deokure_bin,omo_tekisei_code,joho_shisu_decile,22,3980,70.83,10.22,66.55,False
KEIBAJO_SURFACE_06_芝_新馬,bataiju_zogen+class_code+kishu_minarai_code,bataiju_zogen,class_code,kishu_minarai_code,10,3081,71.94,8.72,66.53,False
KEIBAJO_SURFACE_06_芝_新馬,pace_yoso+hizume_code+manken_shisu_decile,pace_yoso,hizume_code,manken_shisu_decile,5,588,73.94,8.46,66.52,False
KEIBAJO_SURFACE_06_芝_新馬,kyori_kubun+joho_shisu_decile+umakigo_code,kyori_kubun,joho_shisu_decile,umakigo_code,19,4602,71.26,10.57,66.51,False
KEIBAJO_SURFACE_06_芝_新馬,pace_yoso+pace_shisu_juni+class_code,pace_yoso,pace_shisu_juni,class_code,22,2903,72.25,13.79,66.49,False
KEIBAJO_SURFACE_06_芝_新馬,joho_shisu_decile+kyakushitsu+kishu_minarai_code,joho_shisu_decile,kyakushitsu,kishu_minarai_code,20,4616,71.61,11.7,66.48,False
KEIBAJO_SURFACE_06_芝_新馬,uma_deokure_bin+agari_shisu_juni+class_code,uma_deokure_bin,agari_shisu_juni,class_code,19,2538,71.94,12.16,66.47,False
KEIBAJO_SURFACE_06_芝_新馬,joho_shisu_decile+kishu_minarai_code+ls_shisu_juni,joho_shisu_decile,kishu_minarai_code,ls_shisu_juni,21,3620,71.58,12.0,66.45,False
KEIBAJO_SURFACE_06_芝_新馬,uma_deokure_bin+kyori_kubun+class_code,uma_deokure_bin,kyori_kubun,class_code,9,3248,70.48,6.2,66.44,False
KEIBAJO_SURFACE_06_芝_新馬,ls_shisu_juni+umakigo_code+kijun_ninkijun_tansho,ls_shisu_juni,umakigo_code,kijun_ninkijun_tansho,11,1444,73.67,12.24,66.43,False
KEIBAJO_SURFACE_06_芝_新馬,omo_tekisei_code+class_code+umakigo_code,omo_tekisei_code,class_code,umakigo_code,10,4733,73.55,11.5,66.42,False
KEIBAJO_SURFACE_06_芝_新馬,joho_shisu_decile+class_code+kishu_kitai_rentai_decile,joho_shisu_decile,class_code,kishu_kitai_rentai_decile,18,3047,71.44,10.91,66.4,False
KEIBAJO_SURFACE_06_芝_新馬,rotation_bin+class_code+kijun_ninkijun_tansho,rotation_bin,class_code,kijun_ninkijun_tansho,5,545,75.39,10.26,66.4,False
KEIBAJO_SURFACE_06_芝_新馬,rotation_bin+pace_shisu_juni+kishu_minarai_code,rotation_bin,pace_shisu_juni,kishu_minarai_code,9,1045,72.65,9.57,66.4,False
KEIBAJO_SURFACE_06_芝_新馬,omo_tekisei_code+kyori_kubun+kyakushitsu,omo_tekisei_code,kyori_kubun,kyakushitsu,21,4295,71.18,11.25,66.37,False
KEIBAJO_SURFACE_06_芝_新馬,omo_tekisei_code+uma_start_shisu_decile+kishu_kitai_rentai_decile,omo_tekisei_code,uma_start_shisu_decile,kishu_kitai_rentai_decile,5,548,81.14,16.85,66.37,False
KEIBAJO_SURFACE_06_芝_新馬,class_code+manken_shisu_decile+umakigo_code,class_code,manken_shisu_decile,umakigo_code,9,3516,70.85,6.85,66.37,False
KEIBAJO_SURFACE_06_芝_新馬,hizume_code+class_code+umakigo_code,hizume_code,class_code,umakigo_code,13,3704,71.22,8.95,66.36,False
KEIBAJO_SURFACE_06_芝_新馬,uma_deokure_bin+kyori_kubun+ls_shisu_juni,uma_deokure_bin,kyori_kubun,ls_shisu_juni,11,1715,69.95,6.09,66.36,False
KEIBAJO_SURFACE_06_芝_新馬,rotation_bin+kishu_minarai_code+kishu_kitai_rentai_decile,rotation_bin,kishu_minarai_code,kishu_kitai_rentai_decile,18,2731,71.8,11.8,66.35,False
KEIBAJO_SURFACE_06_芝_新馬,omo_tekisei_code+agari_shisu_juni+umakigo_code,omo_tekisei_code,agari_shisu_juni,umakigo_code,22,4014,71.79,13.05,66.34,False
KEIBAJO_SURFACE_06_芝_新馬,omo_tekisei_code+kyori_kubun+kishu_kitai_rentai_decile,omo_tekisei_code,kyori_kubun,kishu_kitai_rentai_decile,17,2143,73.45,14.96,66.34,False
KEIBAJO_SURFACE_06_芝_新馬,pace_yoso+class_code+umakigo_code,pace_yoso,class_code,umakigo_code,11,4755,72.91,11.15,66.32,False
KEIBAJO_SURFACE_06_芝_新馬,uma_deokure_bin+kyakushitsu+class_code,uma_deokure_bin,kyakushitsu,class_code,9,3278,72.23,9.1,66.29,False
KEIBAJO_SURFACE_06_芝_新馬,uma_deokure_bin+omo_tekisei_code+kyakushitsu,uma_deokure_bin,omo_tekisei_code,kyakushitsu,12,3887,71.42,9.06,66.29,False
KEIBAJO_SURFACE_06_芝_新馬,pace_yoso+uma_deokure_bin+bataiju_zogen,pace_yoso,uma_deokure_bin,bataiju_zogen,15,1917,72.81,12.9,66.28,False
KEIBAJO_SURFACE_06_芝_新馬,omo_tekisei_code+rotation_bin+class_code,omo_tekisei_code,rotation_bin,class_code,12,3403,70.85,8.11,66.26,False
KEIBAJO_SURFACE_06_芝_新馬,kishu_minarai_code+kishu_kitai_rentai_decile+kijun_ninkijun_tansho,kishu_minarai_code,kishu_kitai_rentai_decile,kijun_ninkijun_tansho,19,3474,71.91,12.61,66.24,False
KEIBAJO_SURFACE_06_芝_新馬,uma_deokure_bin+class_code+umakigo_code,uma_deokure_bin,class_code,umakigo_code,12,4647,72.54,11.12,66.24,False
KEIBAJO_SURFACE_06_芝_新馬,pace_yoso+class_code+manken_shisu_decile,pace_yoso,class_code,manken_shisu_decile,12,2933,71.83,9.91,66.22,False
KEIBAJO_SURFACE_06_芝_新馬,uma_deokure_bin+omo_tekisei_code+umakigo_code,uma_deokure_bin,omo_tekisei_code,umakigo_code,11,4827,72.95,11.45,66.19,False
KEIBAJO_SURFACE_06_芝_新馬,kyakushitsu+kishu_kitai_rentai_decile+umakigo_code,kyakushitsu,kishu_kitai_rentai_decile,umakigo_code,21,3840,71.34,12.07,66.18,False
KEIBAJO_SURFACE_06_芝_新馬,omo_tekisei_code+kyakushitsu+kishu_minarai_code,omo_tekisei_code,kyakushitsu,kishu_minarai_code,9,4722,70.79,7.11,66.14,False
KEIBAJO_SURFACE_06_芝_新馬,pace_yoso+kishu_kitai_rentai_decile+kijun_ninkijun_tansho,pace_yoso,kishu_kitai_rentai_decile,kijun_ninkijun_tansho,11,1493,74.92,14.9,66.11,False
KEIBAJO_SURFACE_06_芝_新馬,uma_start_shisu_decile+hizume_code+kyakushitsu,uma_start_shisu_decile,hizume_code,kyakushitsu,3,441,76.65,9.35,66.06,False
KEIBAJO_SURFACE_06_芝_新馬,pace_yoso+joho_shisu_decile+class_code,pace_yoso,joho_shisu_decile,class_code,14,3657,70.91,9.3,66.04,False
KEIBAJO_SURFACE_06_芝_新馬,kyori_kubun+pace_shisu_juni+class_code,kyori_kubun,pace_shisu_juni,class_code,13,1550,75.2,16.92,66.0,False
KEIBAJO_SURFACE_06_芝_新馬,uma_deokure_bin+hizume_code+kyakushitsu,uma_deokure_bin,hizume_code,kyakushitsu,13,2016,72.87,12.65,66.0,False
KEIBAJO_SURFACE_06_芝_新馬,gekiso_juni+kishu_minarai_code+kishu_kitai_rentai_decile,gekiso_juni,kishu_minarai_code,kishu_kitai_rentai_decile,4,516,77.91,12.16,65.99,False
KEIBAJO_SURFACE_06_芝_新馬,pace_shisu_juni+class_code+umakigo_code,pace_shisu_juni,class_code,umakigo_code,14,3451,71.91,11.32,65.98,False
KEIBAJO_SURFACE_06_芝_新馬,kyakushitsu+kishu_minarai_code+umakigo_code,kyakushitsu,kishu_minarai_code,umakigo_code,4,4632,71.87,6.01,65.97,False
KEIBAJO_SURFACE_06_芝_新馬,ten_shisu_juni+class_code+kishu_minarai_code,ten_shisu_juni,class_code,kishu_minarai_code,14,3319,71.5,10.55,65.97,False
KEIBAJO_SURFACE_06_芝_新馬,pace_yoso+gekiso_juni+kishu_minarai_code,pace_yoso,gekiso_juni,kishu_minarai_code,22,3901,71.06,12.22,65.95,False
KEIBAJO_SURFACE_06_芝_新馬,pace_yoso+kyori_kubun+joho_shisu_decile,pace_yoso,kyori_kubun,joho_shisu_decile,20,3228,71.36,12.38,65.94,False
KEIBAJO_SURFACE_06_芝_新馬,omo_tekisei_code+agari_shisu_juni+kishu_minarai_code,omo_tekisei_code,agari_shisu_juni,kishu_minarai_code,22,3974,71.58,13.49,65.94,False
KEIBAJO_SURFACE_06_芝_新馬,joho_shisu_decile+kyakushitsu+umakigo_code,joho_shisu_decile,kyakushitsu,umakigo_code,19,4552,70.76,10.75,65.93,False
KEIBAJO_SURFACE_06_芝_新馬,class_code+kishu_kitai_rentai_decile+kijun_ninkijun_tansho,class_code,kishu_kitai_rentai_decile,kijun_ninkijun_tansho,14,2207,72.25,12.1,65.91,False
KEIBAJO_SURFACE_06_芝_新馬,uma_deokure_bin+omo_tekisei_code+pace_shisu_juni,uma_deokure_bin,omo_tekisei_code,pace_shisu_juni,7,772,71.68,7.87,65.85,False
KEIBAJO_SURFACE_06_芝_新馬,pace_yoso+joho_shisu_decile+kishu_minarai_code,pace_yoso,joho_shisu_decile,kishu_minarai_code,14,4648,71.37,10.56,65.84,False
KEIBAJO_SURFACE_06_芝_新馬,omo_tekisei_code+class_code+manken_shisu_decile,omo_tekisei_code,class_code,manken_shisu_decile,13,3142,71.44,10.29,65.84,False
KEIBAJO_SURFACE_06_芝_新馬,uma_deokure_bin+joho_shisu_decile+class_code,uma_deokure_bin,joho_shisu_decile,class_code,14,3354,71.83,11.44,65.84,False
KEIBAJO_SURFACE_06_芝_新馬,joho_shisu_decile+kishu_kitai_rentai_decile+umakigo_code,joho_shisu_decile,kishu_kitai_rentai_decile,umakigo_code,20,4226,70.37,10.39,65.81,False
KEIBAJO_SURFACE_06_芝_新馬,pace_yoso+kyori_kubun+kishu_kitai_rentai_decile,pace_yoso,kyori_kubun,kishu_kitai_rentai_decile,19,2230,72.41,14.69,65.8,False
KEIBAJO_SURFACE_06_芝_新馬,pace_yoso+kyakushitsu+umakigo_code,pace_yoso,kyakushitsu,umakigo_code,10,4811,72.45,10.72,65.8,False
KEIBAJO_SURFACE_06_芝_新馬,joho_shisu_decile+class_code+kishu_minarai_code,joho_shisu_decile,class_code,kishu_minarai_code,10,4050,72.72,11.17,65.8,False
KEIBAJO_SURFACE_06_芝_新馬,pace_yoso+kyakushitsu+kishu_minarai_code,pace_yoso,kyakushitsu,kishu_minarai_code,11,4871,71.89,10.31,65.79,False
KEIBAJO_SURFACE_06_芝_新馬,omo_tekisei_code+class_code+kishu_kitai_rentai_decile,omo_tekisei_code,class_code,kishu_kitai_rentai_decile,15,3244,70.97,10.28,65.77,False
KEIBAJO_SURFACE_06_芝_新馬,kyori_kubun+class_code+ls_shisu_juni,kyori_kubun,class_code,ls_shisu_juni,18,3097,72.05,13.65,65.75,False
KEIBAJO_SURFACE_06_芝_新馬,omo_tekisei_code+kyori_kubun+joho_shisu_decile,omo_tekisei_code,kyori_kubun,joho_shisu_decile,22,3492,71.38,13.57,65.71,False
KEIBAJO_SURFACE_06_芝_新馬,pace_yoso+omo_tekisei_code+kijun_ninkijun_tansho,pace_yoso,omo_tekisei_code,kijun_ninkijun_tansho,18,2138,71.11,11.72,65.7,False
KEIBAJO_SURFACE_06_芝_新馬,gekiso_juni+class_code+umakigo_code,gekiso_juni,class_code,umakigo_code,13,3399,70.15,8.23,65.68,False
KEIBAJO_SURFACE_06_芝_新馬,bataiju_zogen+hizume_code+kishu_minarai_code,bataiju_zogen,hizume_code,kishu_minarai_code,8,1123,74.66,12.98,65.67,False
KEIBAJO_SURFACE_06_芝_新馬,uma_start_shisu_decile+agari_shisu_juni+umakigo_code,uma_start_shisu_decile,agari_shisu_juni,umakigo_code,8,1006,74.76,13.14,65.66,False
KEIBAJO_SURFACE_06_芝_新馬,uma_start_shisu_decile+agari_shisu_juni+kishu_minarai_code,uma_start_shisu_decile,agari_shisu_juni,kishu_minarai_code,8,1017,74.6,12.9,65.66,False
KEIBAJO_SURFACE_06_芝_新馬,omo_tekisei_code+joho_shisu_decile+class_code,omo_tekisei_code,joho_shisu_decile,class_code,13,3700,71.04,9.93,65.64,False
KEIBAJO_SURFACE_06_芝_新馬,gekiso_juni+class_code+kishu_minarai_code,gekiso_juni,class_code,kishu_minarai_code,13,3342,70.14,8.32,65.62,False
KEIBAJO_SURFACE_06_芝_新馬,omo_tekisei_code+joho_shisu_decile+kyakushitsu,omo_tekisei_code,joho_shisu_decile,kyakushitsu,24,3671,71.1,13.72,65.61,False
KEIBAJO_SURFACE_06_芝_新馬,pace_yoso+agari_shisu_juni+kishu_minarai_code,pace_yoso,agari_shisu_juni,kishu_minarai_code,23,3891,71.49,14.47,65.58,False
KEIBAJO_SURFACE_06_芝_新馬,pace_yoso+ten_shisu_juni+class_code,pace_yoso,ten_shisu_juni,class_code,21,2711,72.51,16.3,65.54,False
KEIBAJO_SURFACE_06_芝_新馬,omo_tekisei_code+kyori_kubun+ls_shisu_juni,omo_tekisei_code,kyori_kubun,ls_shisu_juni,18,2664,70.86,11.54,65.53,False
KEIBAJO_SURFACE_06_芝_新馬,kyori_kubun+kishu_minarai_code+kijun_ninkijun_tansho,kyori_kubun,kishu_minarai_code,kijun_ninkijun_tansho,19,3053,72.47,15.47,65.51,False
KEIBAJO_SURFACE_06_芝_新馬,uma_deokure_bin+kyakushitsu+umakigo_code,uma_deokure_bin,kyakushitsu,umakigo_code,12,4652,70.45,8.78,65.48,False
KEIBAJO_SURFACE_06_芝_新馬,uma_start_shisu_decile+gekiso_juni+kishu_minarai_code,uma_start_shisu_decile,gekiso_juni,kishu_minarai_code,8,1097,73.38,11.41,65.47,False
KEIBAJO_SURFACE_06_芝_新馬,manken_shisu_decile+kishu_kitai_rentai_decile+umakigo_code,manken_shisu_decile,kishu_kitai_rentai_decile,umakigo_code,17,2294,72.44,14.68,65.46,False
KEIBAJO_SURFACE_06_芝_新馬,manken_shirushi+hizume_code+kishu_minarai_code,manken_shirushi,hizume_code,kishu_minarai_code,6,677,73.74,10.36,65.45,False
KEIBAJO_SURFACE_06_芝_新馬,kishu_minarai_code+ls_shisu_juni+kijun_ninkijun_tansho,kishu_minarai_code,ls_shisu_juni,kijun_ninkijun_tansho,12,1551,72.4,12.32,65.43,False
KEIBAJO_SURFACE_06_芝_新馬,bataiju_zogen+class_code+umakigo_code,bataiju_zogen,class_code,umakigo_code,10,3141,70.91,8.84,65.43,False
KEIBAJO_SURFACE_06_芝_新馬,hizume_code+class_code+ls_shisu_juni,hizume_code,class_code,ls_shisu_juni,7,1046,75.14,13.18,65.37,False
KEIBAJO_SURFACE_06_芝_新馬,ls_shisu_juni+kishu_kitai_rentai_decile+umakigo_code,ls_shisu_juni,kishu_kitai_rentai_decile,umakigo_code,19,2771,73.37,17.8,65.36,False
KEIBAJO_SURFACE_06_芝_新馬,pace_yoso+kyori_kubun+bataiju_zogen,pace_yoso,kyori_kubun,bataiju_zogen,10,1179,75.4,16.31,65.29,False
KEIBAJO_SURFACE_06_芝_新馬,kyori_kubun+joho_shisu_decile+kyakushitsu,kyori_kubun,joho_shisu_decile,kyakushitsu,13,1887,71.54,11.54,65.27,False
KEIBAJO_SURFACE_06_芝_新馬,kyori_kubun+kishu_minarai_code+ls_shisu_juni,kyori_kubun,kishu_minarai_code,ls_shisu_juni,20,4229,70.93,12.92,65.27,False
KEIBAJO_SURFACE_06_芝_新馬,kyori_kubun+class_code+kishu_kitai_rentai_decile,kyori_kubun,class_code,kishu_kitai_rentai_decile,14,2409,72.78,14.39,65.24,False
KEIBAJO_SURFACE_06_芝_新馬,uma_deokure_bin+uma_start_shisu_decile+gekiso_juni,uma_deokure_bin,uma_start_shisu_decile,gekiso_juni,7,782,75.31,13.62,65.22,False
KEIBAJO_SURFACE_06_芝_新馬,rotation_bin+class_code+umakigo_code,rotation_bin,class_code,umakigo_code,8,3700,70.19,7.19,65.21,False
KEIBAJO_SURFACE_06_芝_新馬,kyori_kubun+kyakushitsu+class_code,kyori_kubun,kyakushitsu,class_code,14,3707,70.67,10.49,65.17,False
KEIBAJO_SURFACE_06_芝_新馬,uma_deokure_bin+uma_start_shisu_decile+ten_shisu_juni,uma_deokure_bin,uma_start_shisu_decile,ten_shisu_juni,6,640,77.99,16.05,65.15,False
KEIBAJO_SURFACE_06_芝_新馬,pace_yoso+uma_deokure_bin+ls_shisu_juni,pace_yoso,uma_deokure_bin,ls_shisu_juni,19,3029,69.87,10.48,65.15,False
KEIBAJO_SURFACE_06_芝_新馬,gekiso_juni+hizume_code+umakigo_code,gekiso_juni,hizume_code,umakigo_code,6,750,71.95,8.56,65.1,False
KEIBAJO_SURFACE_06_芝_新馬,kishu_kitai_rentai_decile+umakigo_code+kijun_ninkijun_tansho,kishu_kitai_rentai_decile,umakigo_code,kijun_ninkijun_tansho,18,3389,70.59,11.97,65.07,False
KEIBAJO_SURFACE_06_芝_新馬,kyori_kubun+ls_shisu_juni+umakigo_code,kyori_kubun,ls_shisu_juni,umakigo_code,20,4271,70.44,12.5,64.96,False
KEIBAJO_SURFACE_06_芝_新馬,kishu_minarai_code+manken_shisu_decile+kishu_kitai_rentai_decile,kishu_minarai_code,manken_shisu_decile,kishu_kitai_rentai_decile,15,2091,71.9,13.73,64.95,False
KEIBAJO_SURFACE_06_芝_新馬,bataiju_zogen+uma_start_shisu_decile+umakigo_code,bataiju_zogen,uma_start_shisu_decile,umakigo_code,7,1103,71.91,9.4,64.94,False
KEIBAJO_SURFACE_06_芝_新馬,gekiso_juni+kishu_kitai_rentai_decile+umakigo_code,gekiso_juni,kishu_kitai_rentai_decile,umakigo_code,4,504,76.94,12.27,64.91,False
KEIBAJO_SURFACE_06_芝_新馬,uma_start_shisu_decile+gekiso_juni+umakigo_code,uma_start_shisu_decile,gekiso_juni,umakigo_code,8,1077,73.74,12.73,64.91,False
KEIBAJO_SURFACE_06_芝_新馬,rotation_bin+class_code+kishu_minarai_code,rotation_bin,class_code,kishu_minarai_code,8,3626,70.17,7.63,64.88,False
KEIBAJO_SURFACE_06_芝_新馬,kyakushitsu+class_code+manken_shisu_decile,kyakushitsu,class_code,manken_shisu_decile,15,2625,72.49,15.11,64.84,False
KEIBAJO_SURFACE_06_芝_新馬,pace_yoso+omo_tekisei_code+kyakushitsu,pace_yoso,omo_tekisei_code,kyakushitsu,16,4472,71.36,13.34,64.82,False
KEIBAJO_SURFACE_06_芝_新馬,pace_yoso+omo_tekisei_code+class_code,pace_yoso,omo_tekisei_code,class_code,10,4024,72.25,11.99,64.82,False
KEIBAJO_SURFACE_06_芝_新馬,kyori_kubun+umakigo_code+kijun_ninkijun_tansho,kyori_kubun,umakigo_code,kijun_ninkijun_tansho,19,3049,71.94,15.85,64.81,False
KEIBAJO_SURFACE_06_芝_新馬,ls_shisu_juni+manken_shisu_decile+umakigo_code,ls_shisu_juni,manken_shisu_decile,umakigo_code,14,2176,71.23,12.29,64.8,False
KEIBAJO_SURFACE_06_芝_新馬,uma_deokure_bin+kyakushitsu+ls_shisu_juni,uma_deokure_bin,kyakushitsu,ls_shisu_juni,18,2478,70.03,11.32,64.8,False
KEIBAJO_SURFACE_06_芝_新馬,pace_yoso+gekiso_juni+umakigo_code,pace_yoso,gekiso_juni,umakigo_code,23,4030,69.78,12.18,64.8,False
KEIBAJO_SURFACE_06_芝_新馬,agari_shisu_juni+kishu_minarai_code+umakigo_code,agari_shisu_juni,kishu_minarai_code,umakigo_code,14,4475,70.92,11.91,64.68,False
KEIBAJO_SURFACE_06_芝_新馬,pace_yoso+rotation_bin+joho_shisu_decile,pace_yoso,rotation_bin,joho_shisu_decile,10,1503,72.8,13.17,64.64,False
KEIBAJO_SURFACE_06_芝_新馬,uma_deokure_bin+agari_shisu_juni+umakigo_code,uma_deokure_bin,agari_shisu_juni,umakigo_code,21,3592,70.26,13.17,64.63,False
KEIBAJO_SURFACE_06_芝_新馬,agari_shisu_juni+kishu_minarai_code+manken_shisu_decile,agari_shisu_juni,kishu_minarai_code,manken_shisu_decile,4,579,81.46,17.17,64.63,False
KEIBAJO_SURFACE_06_芝_新馬,kishu_minarai_code+ls_shisu_juni+kishu_kitai_rentai_decile,kishu_minarai_code,ls_shisu_juni,kishu_kitai_rentai_decile,18,2658,72.05,16.13,64.6,False
KEIBAJO_SURFACE_06_芝_新馬,uma_deokure_bin+agari_shisu_juni+kishu_minarai_code,uma_deokure_bin,agari_shisu_juni,kishu_minarai_code,21,3573,70.78,14.49,64.59,False
KEIBAJO_SURFACE_06_芝_新馬,class_code+ls_shisu_juni+kijun_ninkijun_tansho,class_code,ls_shisu_juni,kijun_ninkijun_tansho,4,424,74.73,10.36,64.58,False
KEIBAJO_SURFACE_06_芝_新馬,omo_tekisei_code+agari_shisu_juni+kyakushitsu,omo_tekisei_code,agari_shisu_juni,kyakushitsu,4,418,83.56,19.39,64.56,False
KEIBAJO_SURFACE_06_芝_新馬,uma_deokure_bin+rotation_bin+class_code,uma_deokure_bin,rotation_bin,class_code,12,3020,69.73,9.15,64.55,False
KEIBAJO_SURFACE_06_芝_新馬,pace_yoso+agari_shisu_juni+umakigo_code,pace_yoso,agari_shisu_juni,umakigo_code,23,3943,70.59,14.89,64.5,False
KEIBAJO_SURFACE_06_芝_新馬,pace_yoso+rotation_bin+class_code,pace_yoso,rotation_bin,class_code,13,3420,69.71,9.64,64.47,False
KEIBAJO_SURFACE_06_芝_新馬,hizume_code+agari_shisu_juni+kishu_minarai_code,hizume_code,agari_shisu_juni,kishu_minarai_code,7,803,75.76,15.25,64.46,False
KEIBAJO_SURFACE_06_芝_新馬,ten_shisu_juni+class_code+umakigo_code,ten_shisu_juni,class_code,umakigo_code,15,3486,70.03,11.03,64.45,False
KEIBAJO_SURFACE_06_芝_新馬,kyori_kubun+kishu_kitai_rentai_decile+umakigo_code,kyori_kubun,kishu_kitai_rentai_decile,umakigo_code,19,3728,71.44,15.57,64.44,False
KEIBAJO_SURFACE_06_芝_新馬,uma_deokure_bin+omo_tekisei_code+agari_shisu_juni,uma_deokure_bin,omo_tekisei_code,agari_shisu_juni,9,1071,74.34,15.18,64.42,False
KEIBAJO_SURFACE_06_芝_新馬,agari_shisu_juni+manken_shisu_decile+umakigo_code,agari_shisu_juni,manken_shisu_decile,umakigo_code,4,591,80.58,16.5,64.41,False
KEIBAJO_SURFACE_06_芝_新馬,omo_tekisei_code+hizume_code+kishu_minarai_code,omo_tekisei_code,hizume_code,kishu_minarai_code,13,3929,71.88,13.81,64.37,False
KEIBAJO_SURFACE_06_芝_新馬,uma_start_shisu_decile+hizume_code+class_code,uma_start_shisu_decile,hizume_code,class_code,8,1199,71.84,10.78,64.37,False
KEIBAJO_SURFACE_06_芝_新馬,pace_yoso+kyori_tekisei_2+umakigo_code,pace_yoso,kyori_tekisei_2,umakigo_code,3,474,78.02,12.08,64.34,False
KEIBAJO_SURFACE_06_芝_新馬,bataiju_zogen+hizume_code+umakigo_code,bataiju_zogen,hizume_code,umakigo_code,8,1124,73.0,12.51,64.33,False
KEIBAJO_SURFACE_06_芝_新馬,uma_deokure_bin+kishu_minarai_code+kishu_kitai_rentai_decile,uma_deokure_bin,kishu_minarai_code,kishu_kitai_rentai_decile,16,3964,69.51,10.6,64.32,False
KEIBAJO_SURFACE_06_芝_新馬,rotation_bin+kyakushitsu+class_code,rotation_bin,kyakushitsu,class_code,16,3167,70.69,13.0,64.32,False
KEIBAJO_SURFACE_06_芝_新馬,pace_yoso+kishu_minarai_code+kishu_kitai_rentai_decile,pace_yoso,kishu_minarai_code,kishu_kitai_rentai_decile,17,4287,69.21,10.44,64.24,False
KEIBAJO_SURFACE_06_芝_新馬,uma_deokure_bin+class_code+kijun_ninkijun_tansho,uma_deokure_bin,class_code,kijun_ninkijun_tansho,17,2499,71.58,15.56,64.18,False
KEIBAJO_SURFACE_06_芝_新馬,hizume_code+joho_shisu_decile+kishu_minarai_code,hizume_code,joho_shisu_decile,kishu_minarai_code,16,2682,71.83,15.64,64.17,False
KEIBAJO_SURFACE_06_芝_新馬,kyori_kubun+hizume_code+kyakushitsu,kyori_kubun,hizume_code,kyakushitsu,7,1036,73.25,12.26,64.17,False
KEIBAJO_SURFACE_06_芝_新馬,pace_yoso+omo_tekisei_code+kishu_kitai_rentai_decile,pace_yoso,omo_tekisei_code,kishu_kitai_rentai_decile,25,3688,70.06,15.06,64.16,False
KEIBAJO_SURFACE_06_芝_新馬,ichi_shisu_juni+class_code+umakigo_code,ichi_shisu_juni,class_code,umakigo_code,14,3418,69.84,10.85,64.15,False
KEIBAJO_SURFACE_06_芝_新馬,class_code+kishu_kitai_rentai_decile+umakigo_code,class_code,kishu_kitai_rentai_decile,umakigo_code,10,3679,70.62,10.46,64.14,False
KEIBAJO_SURFACE_06_芝_新馬,omo_tekisei_code+kishu_minarai_code+kijun_ninkijun_tansho,omo_tekisei_code,kishu_minarai_code,kijun_ninkijun_tansho,21,4172,69.19,11.86,64.12,False
KEIBAJO_SURFACE_06_芝_新馬,pace_yoso+kyakushitsu+class_code,pace_yoso,kyakushitsu,class_code,10,3692,71.72,12.3,64.1,False
KEIBAJO_SURFACE_06_芝_新馬,joho_shisu_decile+kyakushitsu+kishu_kitai_rentai_decile,joho_shisu_decile,kyakushitsu,kishu_kitai_rentai_decile,10,1375,72.61,13.82,64.05,False
KEIBAJO_SURFACE_06_芝_新馬,kishu_minarai_code+ls_shisu_juni+umakigo_code,kishu_minarai_code,ls_shisu_juni,umakigo_code,8,4599,71.68,11.02,64.04,False
KEIBAJO_SURFACE_06_芝_新馬,uma_deokure_bin+joho_shisu_decile+kyakushitsu,uma_deokure_bin,joho_shisu_decile,kyakushitsu,17,2791,71.23,15.15,64.03,False
KEIBAJO_SURFACE_06_芝_新馬,hizume_code+joho_shisu_decile+umakigo_code,hizume_code,joho_shisu_decile,umakigo_code,16,2700,71.08,14.4,64.02,False
KEIBAJO_SURFACE_06_芝_新馬,uma_start_shisu_decile+hizume_code+umakigo_code,uma_start_shisu_decile,hizume_code,umakigo_code,13,2114,71.97,14.62,64.02,False
KEIBAJO_SURFACE_06_芝_新馬,bataiju_zogen+uma_start_shisu_decile+kishu_minarai_code,bataiju_zogen,uma_start_shisu_decile,kishu_minarai_code,7,1112,71.5,10.14,63.99,False
KEIBAJO_SURFACE_06_芝_新馬,rotation_bin+kyakushitsu+ls_shisu_juni,rotation_bin,kyakushitsu,ls_shisu_juni,3,333,74.5,9.3,63.98,False
KEIBAJO_SURFACE_06_芝_新馬,omo_tekisei_code+kyakushitsu+kijun_ninkijun_tansho,omo_tekisei_code,kyakushitsu,kijun_ninkijun_tansho,5,546,71.44,8.53,63.97,False
KEIBAJO_SURFACE_06_芝_新馬,uma_start_shisu_decile+hizume_code+kishu_minarai_code,uma_start_shisu_decile,hizume_code,kishu_minarai_code,13,2096,72.11,15.01,63.95,False
KEIBAJO_SURFACE_06_芝_新馬,rotation_bin+kishu_kitai_rentai_decile+umakigo_code,rotation_bin,kishu_kitai_rentai_decile,umakigo_code,19,2835,70.04,13.56,63.94,False
KEIBAJO_SURFACE_06_芝_新馬,omo_tekisei_code+kyori_kubun+bataiju_zogen,omo_tekisei_code,kyori_kubun,bataiju_zogen,10,1221,73.59,15.59,63.92,False
KEIBAJO_SURFACE_06_芝_新馬,hizume_code+kishu_minarai_code+kishu_kitai_rentai_decile,hizume_code,kishu_minarai_code,kishu_kitai_rentai_decile,13,1811,73.03,16.82,63.88,False
KEIBAJO_SURFACE_06_芝_新馬,uma_deokure_bin+class_code+kishu_kitai_rentai_decile,uma_deokure_bin,class_code,kishu_kitai_rentai_decile,15,2885,69.35,11.04,63.77,False
KEIBAJO_SURFACE_06_芝_新馬,omo_tekisei_code+rotation_bin+joho_shisu_decile,omo_tekisei_code,rotation_bin,joho_shisu_decile,15,2078,69.38,11.09,63.77,False
KEIBAJO_SURFACE_06_芝_新馬,kishu_minarai_code+kishu_kitai_rentai_decile+umakigo_code,kishu_minarai_code,kishu_kitai_rentai_decile,umakigo_code,9,4568,69.19,8.32,63.76,False
KEIBAJO_SURFACE_06_芝_新馬,pace_yoso+ichi_shisu_juni+kyakushitsu,pace_yoso,ichi_shisu_juni,kyakushitsu,12,1327,71.79,14.24,63.73,False
KEIBAJO_SURFACE_06_芝_新馬,omo_tekisei_code+kyakushitsu+ls_shisu_juni,omo_tekisei_code,kyakushitsu,ls_shisu_juni,16,2420,68.83,10.62,63.62,False
KEIBAJO_SURFACE_06_芝_新馬,pace_yoso+kishu_minarai_code+umakigo_code,pace_yoso,kishu_minarai_code,umakigo_code,5,4888,74.45,12.35,63.62,False
KEIBAJO_SURFACE_06_芝_新馬,omo_tekisei_code+umakigo_code+kijun_ninkijun_tansho,omo_tekisei_code,umakigo_code,kijun_ninkijun_tansho,21,4181,68.59,11.66,63.6,False
KEIBAJO_SURFACE_06_芝_新馬,kyori_kubun+kishu_minarai_code+kishu_kitai_rentai_decile,kyori_kubun,kishu_minarai_code,kishu_kitai_rentai_decile,18,3628,70.15,14.23,63.58,False
KEIBAJO_SURFACE_06_芝_新馬,pace_yoso+kishu_kitai_rentai_decile+umakigo_code,pace_yoso,kishu_kitai_rentai_decile,umakigo_code,17,4310,68.97,11.34,63.58,False
KEIBAJO_SURFACE_06_芝_新馬,pace_yoso+gekiso_juni+class_code,pace_yoso,gekiso_juni,class_code,19,2696,69.64,13.58,63.53,False
KEIBAJO_SURFACE_06_芝_新馬,uma_deokure_bin+omo_tekisei_code+class_code,uma_deokure_bin,omo_tekisei_code,class_code,12,3813,69.4,10.41,63.51,False
KEIBAJO_SURFACE_06_芝_新馬,uma_deokure_bin+kishu_kitai_rentai_decile+umakigo_code,uma_deokure_bin,kishu_kitai_rentai_decile,umakigo_code,16,3964,70.42,14.12,63.5,False
KEIBAJO_SURFACE_06_芝_新馬,omo_tekisei_code+kishu_minarai_code+kishu_kitai_rentai_decile,omo_tekisei_code,kishu_minarai_code,kishu_kitai_rentai_decile,16,4385,68.82,10.89,63.48,False
KEIBAJO_SURFACE_06_芝_新馬,uma_deokure_bin+omo_tekisei_code+ichi_shisu_juni,uma_deokure_bin,omo_tekisei_code,ichi_shisu_juni,10,1232,71.11,12.43,63.41,False
KEIBAJO_SURFACE_06_芝_新馬,uma_deokure_bin+kyakushitsu+kijun_ninkijun_tansho,uma_deokure_bin,kyakushitsu,kijun_ninkijun_tansho,6,656,75.49,15.11,63.4,False
KEIBAJO_SURFACE_06_芝_新馬,uma_start_shisu_decile+gekiso_juni+class_code,uma_start_shisu_decile,gekiso_juni,class_code,7,754,70.39,9.45,63.39,False
KEIBAJO_SURFACE_06_芝_新馬,manken_shirushi+hizume_code+umakigo_code,manken_shirushi,hizume_code,umakigo_code,6,678,72.89,11.93,63.35,False
KEIBAJO_SURFACE_06_芝_新馬,uma_deokure_bin+uma_start_shisu_decile+ichi_shisu_juni,uma_deokure_bin,uma_start_shisu_decile,ichi_shisu_juni,8,971,72.94,14.2,63.1,False
KEIBAJO_SURFACE_06_芝_新馬,pace_yoso+uma_start_shisu_decile+rotation_bin,pace_yoso,uma_start_shisu_decile,rotation_bin,7,1046,70.06,9.4,63.09,False
KEIBAJO_SURFACE_06_芝_新馬,pace_yoso+omo_tekisei_code+agari_shisu_juni,pace_yoso,omo_tekisei_code,agari_shisu_juni,11,1278,71.77,14.71,63.07,False
KEIBAJO_SURFACE_06_芝_新馬,kyakushitsu+class_code+umakigo_code,kyakushitsu,class_code,umakigo_code,9,4241,71.46,12.94,63.0,False
KEIBAJO_SURFACE_06_芝_新馬,omo_tekisei_code+kishu_kitai_rentai_decile+umakigo_code,omo_tekisei_code,kishu_kitai_rentai_decile,umakigo_code,17,4502,69.5,13.84,62.92,False
KEIBAJO_SURFACE_06_芝_新馬,joho_shisu_decile+kishu_minarai_code+kijun_ninkijun_tansho,joho_shisu_decile,kishu_minarai_code,kijun_ninkijun_tansho,22,3668,68.02,12.26,62.9,False
KEIBAJO_SURFACE_06_芝_新馬,kyakushitsu+class_code+kishu_minarai_code,kyakushitsu,class_code,kishu_minarai_code,9,4164,71.92,13.82,62.89,False
KEIBAJO_SURFACE_06_芝_新馬,pace_yoso+umakigo_code+kijun_ninkijun_tansho,pace_yoso,umakigo_code,kijun_ninkijun_tansho,21,3995,68.59,13.36,62.87,False
KEIBAJO_SURFACE_06_芝_新馬,uma_deokure_bin+joho_shisu_decile+umakigo_code,uma_deokure_bin,joho_shisu_decile,umakigo_code,14,4403,70.3,14.24,62.84,False
KEIBAJO_SURFACE_06_芝_新馬,joho_shisu_decile+kyakushitsu+kijun_ninkijun_tansho,joho_shisu_decile,kyakushitsu,kijun_ninkijun_tansho,3,372,82.44,17.39,62.76,False
KEIBAJO_SURFACE_06_芝_新馬,pace_yoso+kyakushitsu+ls_shisu_juni,pace_yoso,kyakushitsu,ls_shisu_juni,14,2192,67.12,8.39,62.73,False
KEIBAJO_SURFACE_06_芝_新馬,uma_deokure_bin+kishu_minarai_code+kijun_ninkijun_tansho,uma_deokure_bin,kishu_minarai_code,kijun_ninkijun_tansho,20,3708,70.34,17.36,62.73,False
KEIBAJO_SURFACE_06_芝_新馬,agari_shisu_juni+class_code+umakigo_code,agari_shisu_juni,class_code,umakigo_code,13,3371,69.25,12.06,62.7,False
KEIBAJO_SURFACE_06_芝_新馬,pace_yoso+class_code+kishu_kitai_rentai_decile,pace_yoso,class_code,kishu_kitai_rentai_decile,15,3137,68.4,11.5,62.58,False
KEIBAJO_SURFACE_06_芝_新馬,uma_start_shisu_decile+ten_shisu_juni+class_code,uma_start_shisu_decile,ten_shisu_juni,class_code,4,411,75.16,12.9,62.52,False
KEIBAJO_SURFACE_06_芝_新馬,uma_deokure_bin+joho_shisu_decile+kijun_ninkijun_tansho,uma_deokure_bin,joho_shisu_decile,kijun_ninkijun_tansho,5,672,76.04,15.46,62.5,False
KEIBAJO_SURFACE_06_芝_新馬,omo_tekisei_code+kyakushitsu+class_code,omo_tekisei_code,kyakushitsu,class_code,9,3654,69.07,10.08,62.49,False
KEIBAJO_SURFACE_06_芝_新馬,joho_shisu_decile+class_code+ls_shisu_juni,joho_shisu_decile,class_code,ls_shisu_juni,12,2025,68.98,11.61,62.41,False
KEIBAJO_SURFACE_06_芝_新馬,pace_yoso+rotation_bin+hizume_code,pace_yoso,rotation_bin,hizume_code,8,1078,72.78,14.99,62.4,False
KEIBAJO_SURFACE_06_芝_新馬,agari_shisu_juni+class_code+kishu_minarai_code,agari_shisu_juni,class_code,kishu_minarai_code,13,3307,69.35,12.82,62.38,False
KEIBAJO_SURFACE_06_芝_新馬,bataiju_zogen+class_code+ls_shisu_juni,bataiju_zogen,class_code,ls_shisu_juni,5,562,76.03,15.6,62.36,False
KEIBAJO_SURFACE_06_芝_新馬,rotation_bin+joho_shisu_decile+kishu_minarai_code,rotation_bin,joho_shisu_decile,kishu_minarai_code,20,3713,68.99,15.31,62.28,False
KEIBAJO_SURFACE_06_芝_新馬,pace_yoso+bataiju_zogen+kyakushitsu,pace_yoso,bataiju_zogen,kyakushitsu,11,1266,71.16,15.03,62.28,False
KEIBAJO_SURFACE_06_芝_新馬,uma_start_shisu_decile+rotation_bin+kyakushitsu,uma_start_shisu_decile,rotation_bin,kyakushitsu,6,865,72.83,13.21,62.26,False
KEIBAJO_SURFACE_06_芝_新馬,uma_deokure_bin+uma_start_shisu_decile+ls_shisu_juni,uma_deokure_bin,uma_start_shisu_decile,ls_shisu_juni,9,1353,71.29,13.86,62.24,False
KEIBAJO_SURFACE_06_芝_新馬,uma_deokure_bin+omo_tekisei_code+kishu_kitai_rentai_decile,uma_deokure_bin,omo_tekisei_code,kishu_kitai_rentai_decile,23,3234,69.11,16.85,62.22,False
KEIBAJO_SURFACE_06_芝_新馬,pace_yoso+joho_shisu_decile+umakigo_code,pace_yoso,joho_shisu_decile,umakigo_code,15,4797,68.91,13.34,62.16,False
KEIBAJO_SURFACE_06_芝_新馬,class_code+ls_shisu_juni+kishu_kitai_rentai_decile,class_code,ls_shisu_juni,kishu_kitai_rentai_decile,11,1349,70.33,13.83,62.15,False
KEIBAJO_SURFACE_06_芝_新馬,uma_deokure_bin+ichi_shisu_juni+kyakushitsu,uma_deokure_bin,ichi_shisu_juni,kyakushitsu,7,995,71.86,13.12,62.14,False
KEIBAJO_SURFACE_06_芝_新馬,joho_shisu_decile+class_code+manken_shisu_decile,joho_shisu_decile,class_code,manken_shisu_decile,11,1656,71.08,15.2,62.1,False
KEIBAJO_SURFACE_06_芝_新馬,joho_shisu_decile+umakigo_code+kijun_ninkijun_tansho,joho_shisu_decile,umakigo_code,kijun_ninkijun_tansho,22,3663,67.14,12.38,61.96,False
KEIBAJO_SURFACE_06_芝_新馬,class_code+manken_shisu_decile+kishu_kitai_rentai_decile,class_code,manken_shisu_decile,kishu_kitai_rentai_decile,6,827,69.64,9.61,61.96,False
KEIBAJO_SURFACE_06_芝_新馬,hizume_code+agari_shisu_juni+umakigo_code,hizume_code,agari_shisu_juni,umakigo_code,7,817,74.09,16.63,61.78,False
KEIBAJO_SURFACE_06_芝_新馬,pace_yoso+uma_deokure_bin+gekiso_juni,pace_yoso,uma_deokure_bin,gekiso_juni,4,444,69.69,8.1,61.76,False
KEIBAJO_SURFACE_06_芝_新馬,uma_start_shisu_decile+joho_shisu_decile+kishu_minarai_code,uma_start_shisu_decile,joho_shisu_decile,kishu_minarai_code,13,2567,68.7,12.89,61.69,False
KEIBAJO_SURFACE_06_芝_新馬,kyori_kubun+rotation_bin+hizume_code,kyori_kubun,rotation_bin,hizume_code,4,545,69.05,7.52,61.68,False
KEIBAJO_SURFACE_06_芝_新馬,omo_tekisei_code+rotation_bin+ls_shisu_juni,omo_tekisei_code,rotation_bin,ls_shisu_juni,9,1204,69.28,11.77,61.59,False
KEIBAJO_SURFACE_06_芝_新馬,pace_yoso+uma_deokure_bin+agari_shisu_juni,pace_yoso,uma_deokure_bin,agari_shisu_juni,4,489,75.23,13.98,61.54,False
KEIBAJO_SURFACE_06_芝_新馬,omo_tekisei_code+uma_start_shisu_decile+joho_shisu_decile,omo_tekisei_code,uma_start_shisu_decile,joho_shisu_decile,12,1625,72.67,19.86,61.44,False
KEIBAJO_SURFACE_06_芝_新馬,uma_start_shisu_decile+class_code+ls_shisu_juni,uma_start_shisu_decile,class_code,ls_shisu_juni,10,1489,70.9,15.27,61.44,False
KEIBAJO_SURFACE_06_芝_新馬,uma_start_shisu_decile+ls_shisu_juni+umakigo_code,uma_start_shisu_decile,ls_shisu_juni,umakigo_code,14,2346,68.28,13.31,61.31,False
KEIBAJO_SURFACE_06_芝_新馬,uma_deokure_bin+hizume_code+manken_shisu_decile,uma_deokure_bin,hizume_code,manken_shisu_decile,4,456,72.05,10.98,61.29,False
KEIBAJO_SURFACE_06_芝_新馬,kyori_kubun+uma_start_shisu_decile+rotation_bin,kyori_kubun,uma_start_shisu_decile,rotation_bin,5,753,71.2,11.32,61.27,False
KEIBAJO_SURFACE_06_芝_新馬,bataiju+class_code+kishu_minarai_code,bataiju,class_code,kishu_minarai_code,6,645,67.46,7.75,61.26,False
KEIBAJO_SURFACE_06_芝_新馬,uma_start_shisu_decile+joho_shisu_decile+umakigo_code,uma_start_shisu_decile,joho_shisu_decile,umakigo_code,14,2707,68.13,13.12,61.26,False
KEIBAJO_SURFACE_06_芝_新馬,bataiju+class_code+umakigo_code,bataiju,class_code,umakigo_code,7,759,68.52,9.82,61.24,False
KEIBAJO_SURFACE_06_芝_新馬,pace_yoso+kishu_minarai_code+kijun_ninkijun_tansho,pace_yoso,kishu_minarai_code,kijun_ninkijun_tansho,21,3972,67.92,15.65,61.23,False
KEIBAJO_SURFACE_06_芝_新馬,omo_tekisei_code+hizume_code+ls_shisu_juni,omo_tekisei_code,hizume_code,ls_shisu_juni,6,936,67.02,7.34,61.15,False
KEIBAJO_SURFACE_06_芝_新馬,pace_yoso+joho_shisu_decile+kishu_kitai_rentai_decile,pace_yoso,joho_shisu_decile,kishu_kitai_rentai_decile,14,2223,69.38,15.74,61.14,False
KEIBAJO_SURFACE_06_芝_新馬,pace_yoso+rotation_bin+ls_shisu_juni,pace_yoso,rotation_bin,ls_shisu_juni,8,1049,70.54,13.58,61.13,False
KEIBAJO_SURFACE_06_芝_新馬,omo_tekisei_code+ls_shisu_juni+manken_shisu_decile,omo_tekisei_code,ls_shisu_juni,manken_shisu_decile,6,693,67.49,8.04,61.06,False
KEIBAJO_SURFACE_06_芝_新馬,uma_start_shisu_decile+ichi_shisu_juni+kyakushitsu,uma_start_shisu_decile,ichi_shisu_juni,kyakushitsu,4,448,74.76,14.01,61.04,False
KEIBAJO_SURFACE_06_芝_新馬,pace_yoso+kyori_kubun+ls_shisu_juni,pace_yoso,kyori_kubun,ls_shisu_juni,17,2556,66.49,11.54,61.01,False
KEIBAJO_SURFACE_06_芝_新馬,joho_shisu_decile+class_code+umakigo_code,joho_shisu_decile,class_code,umakigo_code,9,4034,69.93,13.8,60.92,False
KEIBAJO_SURFACE_06_芝_新馬,bataiju_zogen+uma_start_shisu_decile+class_code,bataiju_zogen,uma_start_shisu_decile,class_code,5,730,69.99,10.35,60.91,False
KEIBAJO_SURFACE_06_芝_新馬,uma_start_shisu_decile+kishu_minarai_code+ls_shisu_juni,uma_start_shisu_decile,kishu_minarai_code,ls_shisu_juni,14,2342,67.83,13.39,60.81,False
KEIBAJO_SURFACE_06_芝_新馬,bataiju_zogen+ls_shisu_juni+umakigo_code,bataiju_zogen,ls_shisu_juni,umakigo_code,12,1480,69.91,16.13,60.78,False
KEIBAJO_SURFACE_06_芝_新馬,rotation_bin+joho_shisu_decile+umakigo_code,rotation_bin,joho_shisu_decile,umakigo_code,19,3653,68.07,16.22,60.77,False
KEIBAJO_SURFACE_06_芝_新馬,omo_tekisei_code+joho_shisu_decile+kishu_kitai_rentai_decile,omo_tekisei_code,joho_shisu_decile,kishu_kitai_rentai_decile,15,2423,70.28,19.03,60.65,False
KEIBAJO_SURFACE_06_芝_新馬,omo_tekisei_code+hizume_code+manken_shisu_decile,omo_tekisei_code,hizume_code,manken_shisu_decile,5,754,79.81,21.88,60.63,False
KEIBAJO_SURFACE_06_芝_新馬,uma_deokure_bin+umakigo_code+kijun_ninkijun_tansho,uma_deokure_bin,umakigo_code,kijun_ninkijun_tansho,20,3696,68.85,18.88,60.57,False
KEIBAJO_SURFACE_06_芝_新馬,bataiju_zogen+kishu_minarai_code+ls_shisu_juni,bataiju_zogen,kishu_minarai_code,ls_shisu_juni,12,1474,68.55,14.14,60.55,False
KEIBAJO_SURFACE_06_芝_新馬,kyori_kubun+uma_start_shisu_decile+manken_shisu_decile,kyori_kubun,uma_start_shisu_decile,manken_shisu_decile,3,388,68.49,7.08,60.48,False
KEIBAJO_SURFACE_06_芝_新馬,omo_tekisei_code+hizume_code+joho_shisu_decile,omo_tekisei_code,hizume_code,joho_shisu_decile,10,1539,67.43,11.32,60.41,False
KEIBAJO_SURFACE_06_芝_新馬,hizume_code+kishu_minarai_code+kijun_ninkijun_tansho,hizume_code,kishu_minarai_code,kijun_ninkijun_tansho,7,881,71.61,15.25,60.31,False
KEIBAJO_SURFACE_06_芝_新馬,kyori_kubun+joho_shisu_decile+kishu_kitai_rentai_decile,kyori_kubun,joho_shisu_decile,kishu_kitai_rentai_decile,7,1102,74.28,19.35,59.95,False
KEIBAJO_SURFACE_06_芝_新馬,class_code+kishu_minarai_code+kijun_ninkijun_tansho,class_code,kishu_minarai_code,kijun_ninkijun_tansho,13,3479,69.21,17.24,59.84,False
KEIBAJO_SURFACE_06_芝_新馬,uma_start_shisu_decile+kyakushitsu+ls_shisu_juni,uma_start_shisu_decile,kyakushitsu,ls_shisu_juni,4,519,65.66,6.07,59.71,False
KEIBAJO_SURFACE_06_芝_新馬,uma_start_shisu_decile+kishu_minarai_code+kishu_kitai_rentai_decile,uma_start_shisu_decile,kishu_minarai_code,kishu_kitai_rentai_decile,8,1418,68.52,12.87,59.6,False
KEIBAJO_SURFACE_06_芝_新馬,hizume_code+joho_shisu_decile+class_code,hizume_code,joho_shisu_decile,class_code,11,1643,69.97,17.58,59.58,False
KEIBAJO_SURFACE_06_芝_新馬,joho_shisu_decile+class_code+kijun_ninkijun_tansho,joho_shisu_decile,class_code,kijun_ninkijun_tansho,15,2156,67.13,14.98,59.55,False
KEIBAJO_SURFACE_06_芝_新馬,class_code+umakigo_code+kijun_ninkijun_tansho,class_code,umakigo_code,kijun_ninkijun_tansho,13,3532,68.46,16.44,59.53,False
KEIBAJO_SURFACE_06_芝_新馬,hizume_code+joho_shisu_decile+ls_shisu_juni,hizume_code,joho_shisu_decile,ls_shisu_juni,3,379,63.78,3.77,59.52,False
KEIBAJO_SURFACE_06_芝_新馬,joho_shisu_decile+kishu_kitai_rentai_decile+kijun_ninkijun_tansho,joho_shisu_decile,kishu_kitai_rentai_decile,kijun_ninkijun_tansho,5,856,72.04,14.42,59.4,False
KEIBAJO_SURFACE_06_芝_新馬,pace_yoso+uma_deokure_bin+ichi_shisu_juni,pace_yoso,uma_deokure_bin,ichi_shisu_juni,7,801,69.18,13.2,59.4,False
KEIBAJO_SURFACE_06_芝_新馬,gekiso_juni+joho_shisu_decile+umakigo_code,gekiso_juni,joho_shisu_decile,umakigo_code,13,1638,66.07,12.72,59.16,False
KEIBAJO_SURFACE_06_芝_新馬,gekiso_juni+joho_shisu_decile+kishu_minarai_code,gekiso_juni,joho_shisu_decile,kishu_minarai_code,13,1642,66.3,13.13,59.16,False
KEIBAJO_SURFACE_06_芝_新馬,uma_start_shisu_decile+class_code+kishu_kitai_rentai_decile,uma_start_shisu_decile,class_code,kishu_kitai_rentai_decile,7,1039,68.27,12.42,59.07,False
KEIBAJO_SURFACE_06_芝_新馬,kyori_kubun+joho_shisu_decile+kijun_ninkijun_tansho,kyori_kubun,joho_shisu_decile,kijun_ninkijun_tansho,5,567,78.41,22.15,59.0,False
KEIBAJO_SURFACE_06_芝_新馬,rotation_bin+hizume_code+kyakushitsu,rotation_bin,hizume_code,kyakushitsu,3,406,69.03,8.9,58.96,False
KEIBAJO_SURFACE_06_芝_新馬,uma_deokure_bin+rotation_bin+joho_shisu_decile,uma_deokure_bin,rotation_bin,joho_shisu_decile,11,1462,67.49,14.53,58.9,False
KEIBAJO_SURFACE_06_芝_新馬,joho_shisu_decile+kyakushitsu+ls_shisu_juni,joho_shisu_decile,kyakushitsu,ls_shisu_juni,7,1032,66.26,9.95,58.89,False
KEIBAJO_SURFACE_06_芝_新馬,hizume_code+kishu_kitai_rentai_decile+umakigo_code,hizume_code,kishu_kitai_rentai_decile,umakigo_code,13,1800,69.13,18.85,58.88,False
KEIBAJO_SURFACE_06_芝_新馬,kishu_minarai_code+umakigo_code+kijun_ninkijun_tansho,kishu_minarai_code,umakigo_code,kijun_ninkijun_tansho,12,4441,66.53,13.66,58.81,False
KEIBAJO_SURFACE_06_芝_新馬,ichi_shisu_juni+joho_shisu_decile+kishu_minarai_code,ichi_shisu_juni,joho_shisu_decile,kishu_minarai_code,9,1093,66.16,11.34,58.75,False
KEIBAJO_SURFACE_06_芝_新馬,uma_deokure_bin+bataiju_zogen+uma_start_shisu_decile,uma_deokure_bin,bataiju_zogen,uma_start_shisu_decile,5,689,72.12,15.32,58.69,False
KEIBAJO_SURFACE_06_芝_新馬,omo_tekisei_code+uma_start_shisu_decile+ls_shisu_juni,omo_tekisei_code,uma_start_shisu_decile,ls_shisu_juni,6,841,62.95,5.42,58.61,False
KEIBAJO_SURFACE_06_芝_新馬,class_code+kishu_minarai_code+ls_shisu_juni,class_code,kishu_minarai_code,ls_shisu_juni,9,3592,67.44,13.54,58.59,False
KEIBAJO_SURFACE_06_芝_新馬,pace_yoso+ten_shisu_juni+kyakushitsu,pace_yoso,ten_shisu_juni,kyakushitsu,3,307,72.61,12.64,58.3,False
KEIBAJO_SURFACE_06_芝_新馬,hizume_code+umakigo_code+kijun_ninkijun_tansho,hizume_code,umakigo_code,kijun_ninkijun_tansho,7,886,70.3,16.41,58.14,False
KEIBAJO_SURFACE_06_芝_新馬,pace_yoso+hizume_code+joho_shisu_decile,pace_yoso,hizume_code,joho_shisu_decile,6,917,66.25,10.14,58.13,False
KEIBAJO_SURFACE_06_芝_新馬,uma_start_shisu_decile+class_code+kijun_ninkijun_tansho,uma_start_shisu_decile,class_code,kijun_ninkijun_tansho,6,688,67.98,12.46,58.01,False
KEIBAJO_SURFACE_06_芝_新馬,uma_deokure_bin+uma_start_shisu_decile+joho_shisu_decile,uma_deokure_bin,uma_start_shisu_decile,joho_shisu_decile,10,1719,66.0,12.96,57.97,False
KEIBAJO_SURFACE_06_芝_新馬,uma_start_shisu_decile+joho_shisu_decile+class_code,uma_start_shisu_decile,joho_shisu_decile,class_code,11,1907,65.9,13.52,57.91,False
KEIBAJO_SURFACE_06_芝_新馬,uma_start_shisu_decile+agari_shisu_juni+class_code,uma_start_shisu_decile,agari_shisu_juni,class_code,6,646,69.99,15.13,57.89,False
KEIBAJO_SURFACE_06_芝_新馬,rotation_bin+joho_shisu_decile+kishu_kitai_rentai_decile,rotation_bin,joho_shisu_decile,kishu_kitai_rentai_decile,4,548,69.95,12.35,57.84,False
KEIBAJO_SURFACE_06_芝_新馬,uma_start_shisu_decile+pace_shisu_juni+class_code,uma_start_shisu_decile,pace_shisu_juni,class_code,4,425,66.86,9.27,57.77,False
KEIBAJO_SURFACE_06_芝_新馬,uma_deokure_bin+uma_start_shisu_decile+kishu_kitai_rentai_decile,uma_deokure_bin,uma_start_shisu_decile,kishu_kitai_rentai_decile,7,1027,68.07,14.16,57.58,False
KEIBAJO_SURFACE_06_芝_新馬,uma_deokure_bin+ls_shisu_juni+manken_shisu_decile,uma_deokure_bin,ls_shisu_juni,manken_shisu_decile,3,354,67.17,8.55,57.5,False
KEIBAJO_SURFACE_06_芝_新馬,manken_shirushi+joho_shisu_decile+kishu_minarai_code,manken_shirushi,joho_shisu_decile,kishu_minarai_code,8,909,62.69,7.57,57.44,False
KEIBAJO_SURFACE_06_芝_新馬,ichi_shisu_juni+joho_shisu_decile+class_code,ichi_shisu_juni,joho_shisu_decile,class_code,4,419,73.6,16.58,57.36,False
KEIBAJO_SURFACE_06_芝_新馬,uma_start_shisu_decile+kishu_kitai_rentai_decile+umakigo_code,uma_start_shisu_decile,kishu_kitai_rentai_decile,umakigo_code,8,1392,68.1,15.66,57.25,False
KEIBAJO_SURFACE_06_芝_新馬,bataiju_zogen+joho_shisu_decile+umakigo_code,bataiju_zogen,joho_shisu_decile,umakigo_code,11,1582,66.24,15.23,57.24,False
KEIBAJO_SURFACE_06_芝_新馬,ichi_shisu_juni+joho_shisu_decile+umakigo_code,ichi_shisu_juni,joho_shisu_decile,umakigo_code,9,1116,65.6,13.0,57.11,False
KEIBAJO_SURFACE_06_芝_新馬,uma_start_shisu_decile+joho_shisu_decile+kyakushitsu,uma_start_shisu_decile,joho_shisu_decile,kyakushitsu,5,746,72.9,18.07,57.06,False
KEIBAJO_SURFACE_06_芝_新馬,pace_yoso+joho_shisu_decile+ls_shisu_juni,pace_yoso,joho_shisu_decile,ls_shisu_juni,7,1353,66.61,13.07,56.93,False
KEIBAJO_SURFACE_06_芝_新馬,uma_start_shisu_decile+kyakushitsu+manken_shisu_decile,uma_start_shisu_decile,kyakushitsu,manken_shisu_decile,5,577,76.73,22.69,56.85,False
KEIBAJO_SURFACE_06_芝_新馬,bataiju_zogen+joho_shisu_decile+kishu_minarai_code,bataiju_zogen,joho_shisu_decile,kishu_minarai_code,10,1463,66.61,15.89,56.77,False
KEIBAJO_SURFACE_06_芝_新馬,uma_deokure_bin+rotation_bin+ls_shisu_juni,uma_deokure_bin,rotation_bin,ls_shisu_juni,8,979,65.03,12.18,56.58,False
KEIBAJO_SURFACE_06_芝_新馬,omo_tekisei_code+joho_shisu_decile+ls_shisu_juni,omo_tekisei_code,joho_shisu_decile,ls_shisu_juni,10,1651,67.28,17.35,56.53,False
KEIBAJO_SURFACE_06_芝_新馬,class_code+ls_shisu_juni+umakigo_code,class_code,ls_shisu_juni,umakigo_code,9,3667,66.11,14.66,56.53,False
KEIBAJO_SURFACE_06_芝_新馬,omo_tekisei_code+hizume_code+kijun_ninkijun_tansho,omo_tekisei_code,hizume_code,kijun_ninkijun_tansho,4,410,69.83,13.67,56.43,False
KEIBAJO_SURFACE_06_芝_新馬,agari_shisu_juni+joho_shisu_decile+kishu_minarai_code,agari_shisu_juni,joho_shisu_decile,kishu_minarai_code,11,1390,67.14,18.29,56.33,False
KEIBAJO_SURFACE_06_芝_新馬,hizume_code+joho_shisu_decile+kyakushitsu,hizume_code,joho_shisu_decile,kyakushitsu,4,506,69.32,13.37,56.22,False
KEIBAJO_SURFACE_06_芝_新馬,omo_tekisei_code+joho_shisu_decile+kijun_ninkijun_tansho,omo_tekisei_code,joho_shisu_decile,kijun_ninkijun_tansho,13,1587,66.19,18.48,56.14,False
KEIBAJO_SURFACE_06_芝_新馬,pace_yoso+uma_start_shisu_decile+ls_shisu_juni,pace_yoso,uma_start_shisu_decile,ls_shisu_juni,6,833,65.58,11.95,56.02,False
KEIBAJO_SURFACE_06_芝_新馬,omo_tekisei_code+bataiju_zogen+hizume_code,omo_tekisei_code,bataiju_zogen,hizume_code,3,404,69.43,11.88,55.98,False
KEIBAJO_SURFACE_06_芝_新馬,rotation_bin+joho_shisu_decile+kyakushitsu,rotation_bin,joho_shisu_decile,kyakushitsu,6,809,67.25,14.33,55.78,False
KEIBAJO_SURFACE_06_芝_新馬,manken_shirushi+joho_shisu_decile+umakigo_code,manken_shirushi,joho_shisu_decile,umakigo_code,8,910,62.44,9.67,55.74,False
KEIBAJO_SURFACE_06_芝_新馬,kyori_kubun+hizume_code+ls_shisu_juni,kyori_kubun,hizume_code,ls_shisu_juni,4,452,65.52,10.17,55.56,False
KEIBAJO_SURFACE_06_芝_新馬,manken_shirushi+rotation_bin+class_code,manken_shirushi,rotation_bin,class_code,3,337,78.7,20.6,55.39,False
KEIBAJO_SURFACE_06_芝_新馬,uma_deokure_bin+joho_shisu_decile+kishu_kitai_rentai_decile,uma_deokure_bin,joho_shisu_decile,kishu_kitai_rentai_decile,11,1765,66.17,18.27,55.37,False
KEIBAJO_SURFACE_06_芝_新馬,pace_shisu_juni+hizume_code+kishu_minarai_code,pace_shisu_juni,hizume_code,kishu_minarai_code,5,578,70.86,17.81,55.25,False
KEIBAJO_SURFACE_06_芝_新馬,kyori_kubun+uma_start_shisu_decile+hizume_code,kyori_kubun,uma_start_shisu_decile,hizume_code,3,417,69.78,12.93,55.15,False
KEIBAJO_SURFACE_06_芝_新馬,pace_yoso+uma_start_shisu_decile+joho_shisu_decile,pace_yoso,uma_start_shisu_decile,joho_shisu_decile,8,1194,63.27,11.87,55.05,False
KEIBAJO_SURFACE_06_芝_新馬,pace_yoso+hizume_code+ls_shisu_juni,pace_yoso,hizume_code,ls_shisu_juni,5,665,66.73,13.44,54.95,False
KEIBAJO_SURFACE_06_芝_新馬,agari_shisu_juni+joho_shisu_decile+umakigo_code,agari_shisu_juni,joho_shisu_decile,umakigo_code,11,1373,66.34,20.31,54.34,False
KEIBAJO_SURFACE_06_芝_新馬,uma_start_shisu_decile+kishu_minarai_code+kijun_ninkijun_tansho,uma_start_shisu_decile,kishu_minarai_code,kijun_ninkijun_tansho,9,1230,65.89,17.73,54.3,False
KEIBAJO_SURFACE_06_芝_新馬,kyori_kubun+joho_shisu_decile+ls_shisu_juni,kyori_kubun,joho_shisu_decile,ls_shisu_juni,6,951,68.35,18.28,53.73,False
KEIBAJO_SURFACE_06_芝_新馬,manken_shirushi+kishu_minarai_code+ls_shisu_juni,manken_shirushi,kishu_minarai_code,ls_shisu_juni,4,422,72.03,18.77,53.64,False
KEIBAJO_SURFACE_06_芝_新馬,pace_shisu_juni+hizume_code+umakigo_code,pace_shisu_juni,hizume_code,umakigo_code,5,581,71.18,20.01,53.64,False
KEIBAJO_SURFACE_06_芝_新馬,hizume_code+class_code+kishu_kitai_rentai_decile,hizume_code,class_code,kishu_kitai_rentai_decile,7,839,65.76,16.39,53.62,False
KEIBAJO_SURFACE_06_芝_新馬,omo_tekisei_code+ls_shisu_juni+kishu_kitai_rentai_decile,omo_tekisei_code,ls_shisu_juni,kishu_kitai_rentai_decile,4,424,71.85,18.84,53.38,False
KEIBAJO_SURFACE_06_芝_新馬,hizume_code+ichi_shisu_juni+umakigo_code,hizume_code,ichi_shisu_juni,umakigo_code,5,556,65.15,13.6,53.22,False
KEIBAJO_SURFACE_06_芝_新馬,ten_shisu_juni+joho_shisu_decile+umakigo_code,ten_shisu_juni,joho_shisu_decile,umakigo_code,9,1056,64.16,16.82,53.17,False
KEIBAJO_SURFACE_06_芝_新馬,omo_tekisei_code+kyori_kubun+gekiso_juni,omo_tekisei_code,kyori_kubun,gekiso_juni,4,417,66.01,13.23,53.04,False
KEIBAJO_SURFACE_06_芝_新馬,kyori_kubun+uma_start_shisu_decile+joho_shisu_decile,kyori_kubun,uma_start_shisu_decile,joho_shisu_decile,4,601,68.93,16.36,52.89,False
KEIBAJO_SURFACE_06_芝_新馬,uma_start_shisu_decile+umakigo_code+kijun_ninkijun_tansho,uma_start_shisu_decile,umakigo_code,kijun_ninkijun_tansho,9,1199,65.66,19.61,52.84,False
KEIBAJO_SURFACE_06_芝_新馬,kyori_kubun+hizume_code+joho_shisu_decile,kyori_kubun,hizume_code,joho_shisu_decile,3,442,58.76,5.41,52.64,False
KEIBAJO_SURFACE_06_芝_新馬,manken_shirushi+ls_shisu_juni+umakigo_code,manken_shirushi,ls_shisu_juni,umakigo_code,4,417,69.96,17.79,52.52,False
KEIBAJO_SURFACE_06_芝_新馬,gekiso_juni+ls_shisu_juni+umakigo_code,gekiso_juni,ls_shisu_juni,umakigo_code,4,414,61.98,10.33,51.85,False
KEIBAJO_SURFACE_06_芝_新馬,gekiso_juni+kishu_minarai_code+ls_shisu_juni,gekiso_juni,kishu_minarai_code,ls_shisu_juni,5,515,60.89,10.4,51.78,False
KEIBAJO_SURFACE_06_芝_新馬,pace_yoso+joho_shisu_decile+kijun_ninkijun_tansho,pace_yoso,joho_shisu_decile,kijun_ninkijun_tansho,9,1195,63.11,17.57,51.63,False
KEIBAJO_SURFACE_06_芝_新馬,agari_shisu_juni+joho_shisu_decile+class_code,agari_shisu_juni,joho_shisu_decile,class_code,5,548,66.2,16.66,51.59,False
KEIBAJO_SURFACE_06_芝_新馬,pace_yoso+ls_shisu_juni+kishu_kitai_rentai_decile,pace_yoso,ls_shisu_juni,kishu_kitai_rentai_decile,3,336,64.52,11.47,51.54,False
KEIBAJO_SURFACE_06_芝_新馬,omo_tekisei_code+joho_shisu_decile+manken_shisu_decile,omo_tekisei_code,joho_shisu_decile,manken_shisu_decile,12,1403,60.32,16.56,50.94,False
KEIBAJO_SURFACE_06_芝_新馬,pace_shisu_juni+joho_shisu_decile+kishu_minarai_code,pace_shisu_juni,joho_shisu_decile,kishu_minarai_code,10,1144,61.54,17.15,50.91,False
KEIBAJO_SURFACE_06_芝_新馬,ten_shisu_juni+joho_shisu_decile+kishu_minarai_code,ten_shisu_juni,joho_shisu_decile,kishu_minarai_code,10,1138,64.24,22.55,50.26,False
KEIBAJO_SURFACE_06_芝_新馬,pace_yoso+manken_shisu_decile+kishu_kitai_rentai_decile,pace_yoso,manken_shisu_decile,kishu_kitai_rentai_decile,3,395,74.26,21.57,49.85,False
KEIBAJO_SURFACE_06_芝_新馬,bataiju_zogen+joho_shisu_decile+class_code,bataiju_zogen,joho_shisu_decile,class_code,5,733,58.6,10.26,49.6,False
KEIBAJO_SURFACE_06_芝_新馬,gekiso_juni+joho_shisu_decile+class_code,gekiso_juni,joho_shisu_decile,class_code,4,438,59.27,9.89,49.58,False
KEIBAJO_SURFACE_06_芝_新馬,uma_deokure_bin+hizume_code+ls_shisu_juni,uma_deokure_bin,hizume_code,ls_shisu_juni,4,513,58.73,10.21,48.72,False
KEIBAJO_SURFACE_06_芝_新馬,uma_deokure_bin+kyori_kubun+ichi_shisu_juni,uma_deokure_bin,kyori_kubun,ichi_shisu_juni,4,439,67.15,18.85,48.68,False
KEIBAJO_SURFACE_06_芝_新馬,pace_shisu_juni+joho_shisu_decile+umakigo_code,pace_shisu_juni,joho_shisu_decile,umakigo_code,10,1147,57.03,13.56,48.63,False
KEIBAJO_SURFACE_06_芝_新馬,uma_deokure_bin+joho_shisu_decile+ls_shisu_juni,uma_deokure_bin,joho_shisu_decile,ls_shisu_juni,7,1163,61.8,18.0,48.46,False
KEIBAJO_SURFACE_06_芝_新馬,hizume_code+ichi_shisu_juni+kishu_minarai_code,hizume_code,ichi_shisu_juni,kishu_minarai_code,4,449,63.06,15.06,48.31,False
KEIBAJO_SURFACE_06_芝_新馬,pace_yoso+joho_shisu_decile+manken_shisu_decile,pace_yoso,joho_shisu_decile,manken_shisu_decile,8,1010,57.18,14.13,47.39,False
KEIBAJO_SURFACE_06_芝_新馬,joho_shisu_decile+ls_shisu_juni+kishu_kitai_rentai_decile,joho_shisu_decile,ls_shisu_juni,kishu_kitai_rentai_decile,6,865,68.34,26.26,47.32,False
KEIBAJO_SURFACE_06_芝_新馬,kyori_kubun+ichi_shisu_juni+kyakushitsu,kyori_kubun,ichi_shisu_juni,kyakushitsu,3,316,66.01,16.55,47.28,False
KEIBAJO_SURFACE_06_芝_新馬,kyori_kubun+uma_start_shisu_decile+ls_shisu_juni,kyori_kubun,uma_start_shisu_decile,ls_shisu_juni,3,420,60.0,11.48,47.01,False
KEIBAJO_SURFACE_06_芝_新馬,pace_yoso+bataiju_zogen+joho_shisu_decile,pace_yoso,bataiju_zogen,joho_shisu_decile,4,494,50.89,4.53,46.45,False
KEIBAJO_SURFACE_06_芝_新馬,omo_tekisei_code+hizume_code+kishu_kitai_rentai_decile,omo_tekisei_code,hizume_code,kishu_kitai_rentai_decile,6,747,63.21,22.41,45.27,False
KEIBAJO_SURFACE_06_芝_新馬,omo_tekisei_code+bataiju_zogen+uma_start_shisu_decile,omo_tekisei_code,bataiju_zogen,uma_start_shisu_decile,3,343,73.08,25.92,43.75,False
KEIBAJO_SURFACE_06_芝_新馬,uma_deokure_bin+hizume_code+joho_shisu_decile,uma_deokure_bin,hizume_code,joho_shisu_decile,5,690,59.59,18.33,43.52,False
KEIBAJO_SURFACE_06_芝_新馬,uma_deokure_bin+joho_shisu_decile+manken_shisu_decile,uma_deokure_bin,joho_shisu_decile,manken_shisu_decile,5,570,55.89,15.53,42.28,False
KEIBAJO_SURFACE_06_芝_新馬,omo_tekisei_code+bataiju_zogen+joho_shisu_decile,omo_tekisei_code,bataiju_zogen,joho_shisu_decile,3,384,52.96,9.87,41.79,False
KEIBAJO_SURFACE_06_芝_新馬,kyori_kubun+joho_shisu_decile+manken_shisu_decile,kyori_kubun,joho_shisu_decile,manken_shisu_decile,4,467,60.01,19.59,40.82,False
KEIBAJO_SURFACE_06_芝_新馬,uma_start_shisu_decile+joho_shisu_decile+ls_shisu_juni,uma_start_shisu_decile,joho_shisu_decile,ls_shisu_juni,3,408,56.81,15.42,39.36,False
KEIBAJO_SURFACE_06_芝_新馬,uma_start_shisu_decile+joho_shisu_decile+kishu_kitai_rentai_decile,uma_start_shisu_decile,joho_shisu_decile,kishu_kitai_rentai_decile,3,381,59.77,24.1,32.49,False
KEIBAJO_SURFACE_06_芝_新馬,hizume_code+joho_shisu_decile+kishu_kitai_rentai_decile,hizume_code,joho_shisu_decile,kishu_kitai_rentai_decile,3,367,60.06,28.37,27.96,False
