segment,factors,factor1,factor2,factor3,n_bins,n_bets,mean_roi,std_roi,clb,pass
SURFACE_2_芝,bataiju+kijun_ninkijun_tansho+pace_shisu_juni,bataiju,kijun_ninkijun_tansho,pace_shisu_juni,5,540,86.98,2.83,84.5,True
SURFACE_2_芝,bataiju+ten_shisu_juni+ichi_shisu_juni,bataiju,ten_shisu_juni,ichi_shisu_juni,54,7695,84.1,10.3,81.36,True
SURFACE_2_芝,bataiju+pace_shisu_juni+ichi_shisu_juni,bataiju,pace_shisu_juni,ichi_shisu_juni,62,8768,83.26,10.19,80.73,True
SURFACE_2_芝,rotation_bin+bataiju+pace_shisu_juni,rotation_bin,bataiju,pace_shisu_juni,3,307,87.89,6.34,80.71,True
SURFACE_2_芝,rotation_bin+bataiju+kijun_ninkijun_tansho,rotation_bin,bataiju,kijun_ninkijun_tansho,12,1283,86.18,10.68,80.14,True
SURFACE_2_芝,bataiju+ten_shisu_juni+pace_shisu_juni,bataiju,ten_shisu_juni,pace_shisu_juni,59,8272,81.97,13.46,78.53,False
SURFACE_2_芝,uma_start_shisu_decile+bataiju+ten_shisu_juni,uma_start_shisu_decile,bataiju,ten_shisu_juni,118,13586,79.95,11.45,77.89,False
SURFACE_2_芝,bataiju+kyakushitsu+ten_shisu_juni,bataiju,kyakushitsu,ten_shisu_juni,259,31153,78.82,11.91,77.37,False
SURFACE_2_芝,manken_shirushi+bataiju_zogen+ten_shisu_juni,manken_shirushi,bataiju_zogen,ten_shisu_juni,270,34750,78.24,10.16,77.03,False
SURFACE_2_芝,uma_start_shisu_decile+bataiju+ichi_shisu_juni,uma_start_shisu_decile,bataiju,ichi_shisu_juni,152,18639,78.33,9.97,76.74,False
SURFACE_2_芝,bataiju+kyakushitsu+pace_shisu_juni,bataiju,kyakushitsu,pace_shisu_juni,234,27552,78.16,11.67,76.67,False
SURFACE_2_芝,manken_shirushi+bataiju_zogen+ichi_shisu_juni,manken_shirushi,bataiju_zogen,ichi_shisu_juni,266,35509,77.96,11.5,76.58,False
SURFACE_2_芝,manken_shirushi+joken_class_code+bataiju,manken_shirushi,joken_class_code,bataiju,299,39552,77.66,10.98,76.41,False
SURFACE_2_芝,manken_shirushi+bataiju+shiba_tekisei_code,manken_shirushi,bataiju,shiba_tekisei_code,267,45046,77.56,9.75,76.39,False
SURFACE_2_芝,manken_shirushi+bataiju+kyakushitsu,manken_shirushi,bataiju,kyakushitsu,159,18207,78.22,12.48,76.28,False
SURFACE_2_芝,bataiju+kyakushitsu+ichi_shisu_juni,bataiju,kyakushitsu,ichi_shisu_juni,410,66306,77.12,10.52,76.1,False
SURFACE_2_芝,manken_shirushi+kyori_tekisei+bataiju,manken_shirushi,kyori_tekisei,bataiju,192,22557,77.76,11.77,76.09,False
SURFACE_2_芝,uma_deokure_bin+bataiju+ten_shisu_juni,uma_deokure_bin,bataiju,ten_shisu_juni,253,30652,77.45,11.37,76.05,False
SURFACE_2_芝,manken_shirushi+bataiju_zogen+pace_shisu_juni,manken_shirushi,bataiju_zogen,pace_shisu_juni,286,37428,77.29,11.06,76.01,False
SURFACE_2_芝,uma_start_shisu_decile+bataiju+manken_shisu_decile,uma_start_shisu_decile,bataiju,manken_shisu_decile,198,28429,77.55,11.97,75.88,False
SURFACE_2_芝,kyori_tekisei+bataiju+ichi_shisu_juni,kyori_tekisei,bataiju,ichi_shisu_juni,247,42722,77.15,10.52,75.84,False
SURFACE_2_芝,bataiju+shiba_tekisei_code+ichi_shisu_juni,bataiju,shiba_tekisei_code,ichi_shisu_juni,344,53074,76.92,10.51,75.81,False
SURFACE_2_芝,bataiju+shiba_tekisei_code+pace_shisu_juni,bataiju,shiba_tekisei_code,pace_shisu_juni,328,51192,76.89,10.14,75.79,False
SURFACE_2_芝,manken_shirushi+kyori_kubun+bataiju,manken_shirushi,kyori_kubun,bataiju,289,36478,76.98,10.57,75.76,False
SURFACE_2_芝,manken_shirushi+omo_tekisei_code+bataiju,manken_shirushi,omo_tekisei_code,bataiju,405,54502,76.68,10.65,75.64,False
SURFACE_2_芝,uma_start_shisu_decile+bataiju_zogen+bataiju,uma_start_shisu_decile,bataiju_zogen,bataiju,159,22706,77.03,9.0,75.63,False
SURFACE_2_芝,manken_shirushi+pace_yoso+bataiju,manken_shirushi,pace_yoso,bataiju,449,64323,76.58,10.69,75.59,False
SURFACE_2_芝,uma_start_shisu_decile+bataiju+pace_shisu_juni,uma_start_shisu_decile,bataiju,pace_shisu_juni,122,13967,77.37,10.25,75.55,False
SURFACE_2_芝,omo_tekisei_code+bataiju+ichi_shisu_juni,omo_tekisei_code,bataiju,ichi_shisu_juni,497,65065,76.55,11.38,75.55,False
SURFACE_2_芝,uma_deokure_bin+bataiju+ichi_shisu_juni,uma_deokure_bin,bataiju,ichi_shisu_juni,293,37456,76.76,10.97,75.51,False
SURFACE_2_芝,bataiju+shiba_tekisei_code+ten_shisu_juni,bataiju,shiba_tekisei_code,ten_shisu_juni,344,51643,76.63,10.7,75.5,False
SURFACE_2_芝,manken_shirushi+manken_shisu_decile+class_code,manken_shirushi,manken_shisu_decile,class_code,202,77439,76.79,9.35,75.5,False
SURFACE_2_芝,manken_shirushi+keibajo_code+pace_shisu_juni,manken_shirushi,keibajo_code,pace_shisu_juni,439,62015,76.55,11.43,75.48,False
SURFACE_2_芝,manken_shirushi+uma_start_shisu_decile+ten_shisu_juni,manken_shirushi,uma_start_shisu_decile,ten_shisu_juni,291,52525,76.75,11.05,75.48,False
SURFACE_2_芝,manken_shirushi+hizume_code+ichi_shisu_juni,manken_shirushi,hizume_code,ichi_shisu_juni,298,49313,76.58,10.12,75.43,False
SURFACE_2_芝,manken_shirushi+hizume_code+ten_shisu_juni,manken_shirushi,hizume_code,ten_shisu_juni,299,48415,76.6,10.35,75.43,False
SURFACE_2_芝,manken_shirushi+keibajo_code+ichi_shisu_juni,manken_shirushi,keibajo_code,ichi_shisu_juni,355,57342,76.47,10.57,75.37,False
SURFACE_2_芝,kyori_tekisei+bataiju_zogen+bataiju,kyori_tekisei,bataiju_zogen,bataiju,319,45077,76.52,10.52,75.36,False
SURFACE_2_芝,manken_shirushi+bataiju_zogen+rotation_bin,manken_shirushi,bataiju_zogen,rotation_bin,324,71563,76.35,9.37,75.33,False
SURFACE_2_芝,bataiju+kijun_ninkijun_tansho+ichi_shisu_juni,bataiju,kijun_ninkijun_tansho,ichi_shisu_juni,9,942,80.71,8.32,75.27,False
SURFACE_2_芝,kyori_kubun+joken_class_code+kyori_tekisei_2,kyori_kubun,joken_class_code,kyori_tekisei_2,39,29969,77.14,6.04,75.24,False
SURFACE_2_芝,manken_shirushi+rotation_bin+ten_shisu_juni,manken_shirushi,rotation_bin,ten_shisu_juni,413,67674,76.27,10.69,75.24,False
SURFACE_2_芝,manken_shirushi+keibajo_code+ten_shisu_juni,manken_shirushi,keibajo_code,ten_shisu_juni,422,58955,76.35,11.74,75.23,False
SURFACE_2_芝,uma_deokure_bin+bataiju+pace_shisu_juni,uma_deokure_bin,bataiju,pace_shisu_juni,282,33432,76.54,11.19,75.23,False
SURFACE_2_芝,omo_tekisei_code+bataiju+ten_shisu_juni,omo_tekisei_code,bataiju,ten_shisu_juni,486,61864,76.26,11.77,75.21,False
SURFACE_2_芝,manken_shirushi+uma_deokure_bin+bataiju,manken_shirushi,uma_deokure_bin,bataiju,262,31846,76.58,11.69,75.16,False
SURFACE_2_芝,joken_class_code+bataiju+ten_shisu_juni,joken_class_code,bataiju,ten_shisu_juni,344,45652,76.41,12.15,75.13,False
SURFACE_2_芝,manken_shisu_decile+kyori_tekisei_2+ten_shisu_juni,manken_shisu_decile,kyori_tekisei_2,ten_shisu_juni,105,16548,76.98,9.73,75.12,False
SURFACE_2_芝,kyori_kubun+manken_shisu_decile+kyori_tekisei_2,kyori_kubun,manken_shisu_decile,kyori_tekisei_2,55,28289,76.62,5.73,75.11,False
SURFACE_2_芝,manken_shirushi+manken_shisu_decile+pace_shisu_juni,manken_shirushi,manken_shisu_decile,pace_shisu_juni,405,81761,76.01,9.26,75.11,False
SURFACE_2_芝,manken_shirushi+keibajo_code+uma_start_shisu_decile,manken_shirushi,keibajo_code,uma_start_shisu_decile,376,75489,76.1,9.81,75.1,False
SURFACE_2_芝,joken_class_code+bataiju+ichi_shisu_juni,joken_class_code,bataiju,ichi_shisu_juni,233,43429,76.59,11.83,75.07,False
SURFACE_2_芝,kyori_kubun+bataiju+pace_shisu_juni,kyori_kubun,bataiju,pace_shisu_juni,358,45363,76.22,11.16,75.06,False
SURFACE_2_芝,manken_shirushi+keibajo_code+hizume_code,manken_shirushi,keibajo_code,hizume_code,334,67024,76.13,10.04,75.05,False
SURFACE_2_芝,rotation_bin+bataiju+manken_shisu_decile,rotation_bin,bataiju,manken_shisu_decile,193,24659,76.62,11.13,75.05,False
SURFACE_2_芝,bataiju_zogen+bataiju+kyakushitsu,bataiju_zogen,bataiju,kyakushitsu,366,51689,76.18,11.08,75.05,False
SURFACE_2_芝,bataiju_zogen+kyori_tekisei_2+ten_shisu_juni,bataiju_zogen,kyori_tekisei_2,ten_shisu_juni,67,8999,77.51,10.48,75.0,False
SURFACE_2_芝,joken_class_code+omo_tekisei_code+kyori_tekisei_2,joken_class_code,omo_tekisei_code,kyori_tekisei_2,41,30380,77.37,7.75,75.0,False
SURFACE_2_芝,kyori_tekisei_2+pace_shisu_juni+ichi_shisu_juni,kyori_tekisei_2,pace_shisu_juni,ichi_shisu_juni,59,7950,77.17,8.48,75.0,False
SURFACE_2_芝,manken_shirushi+rotation_bin+ichi_shisu_juni,manken_shirushi,rotation_bin,ichi_shisu_juni,405,68314,76.02,10.61,74.99,False
SURFACE_2_芝,manken_shirushi+hizume_code+rotation_bin,manken_shirushi,hizume_code,rotation_bin,284,74477,76.01,8.88,74.98,False
SURFACE_2_芝,pace_yoso+class_code+kyori_tekisei_2,pace_yoso,class_code,kyori_tekisei_2,54,27808,77.36,9.02,74.95,False
SURFACE_2_芝,bataiju_zogen+ten_shisu_juni+ichi_shisu_juni,bataiju_zogen,ten_shisu_juni,ichi_shisu_juni,339,52796,76.08,10.7,74.94,False
SURFACE_2_芝,bataiju_zogen+rotation_bin+bataiju,bataiju_zogen,rotation_bin,bataiju,141,16538,76.86,11.71,74.93,False
SURFACE_2_芝,manken_shirushi+uma_deokure_bin+bataiju_zogen,manken_shirushi,uma_deokure_bin,bataiju_zogen,264,77328,76.08,9.66,74.92,False
SURFACE_2_芝,kyori_tekisei+bataiju+manken_shisu_decile,kyori_tekisei,bataiju,manken_shisu_decile,588,87356,75.8,10.99,74.91,False
SURFACE_2_芝,joken_class_code+bataiju+pace_shisu_juni,joken_class_code,bataiju,pace_shisu_juni,362,48782,76.12,12.05,74.87,False
SURFACE_2_芝,bataiju_zogen+pace_shisu_juni+ichi_shisu_juni,bataiju_zogen,pace_shisu_juni,ichi_shisu_juni,334,52611,75.98,10.48,74.86,False
SURFACE_2_芝,manken_shirushi+keibajo_code+ls_shisu_juni,manken_shirushi,keibajo_code,ls_shisu_juni,388,95601,75.88,10.37,74.85,False
SURFACE_2_芝,manken_shirushi+manken_shisu_decile+ichi_shisu_juni,manken_shirushi,manken_shisu_decile,ichi_shisu_juni,379,87342,75.89,10.39,74.85,False
SURFACE_2_芝,keibajo_code+kyori_tekisei_2+ichi_shisu_juni,keibajo_code,kyori_tekisei_2,ichi_shisu_juni,62,9917,77.44,10.41,74.84,False
SURFACE_2_芝,manken_shirushi+hizume_code+bataiju_zogen,manken_shirushi,hizume_code,bataiju_zogen,276,55362,75.96,9.49,74.84,False
SURFACE_2_芝,manken_shirushi+ten_shisu_juni+pace_shisu_juni,manken_shirushi,ten_shisu_juni,pace_shisu_juni,262,47167,76.09,10.28,74.84,False
SURFACE_2_芝,keibajo_code+bataiju+kyakushitsu,keibajo_code,bataiju,kyakushitsu,476,64094,75.92,12.05,74.83,False
SURFACE_2_芝,manken_shirushi+keibajo_code+uma_deokure_bin,manken_shirushi,keibajo_code,uma_deokure_bin,261,84561,75.85,8.5,74.82,False
SURFACE_2_芝,manken_shirushi+uma_start_shisu_decile+hizume_code,manken_shirushi,uma_start_shisu_decile,hizume_code,302,73051,75.83,9.23,74.79,False
SURFACE_2_芝,manken_shirushi+keibajo_code+pace_yoso,manken_shirushi,keibajo_code,pace_yoso,226,107203,75.64,6.65,74.77,False
SURFACE_2_芝,bataiju+manken_shisu_decile+kyakushitsu,bataiju,manken_shisu_decile,kyakushitsu,494,70018,75.74,11.05,74.77,False
SURFACE_2_芝,kyori_tekisei+bataiju+pace_shisu_juni,kyori_tekisei,bataiju,pace_shisu_juni,260,29843,76.3,12.69,74.76,False
SURFACE_2_芝,manken_shirushi+ten_shisu_juni+ichi_shisu_juni,manken_shirushi,ten_shisu_juni,ichi_shisu_juni,241,42697,76.33,12.48,74.76,False
SURFACE_2_芝,kyori_kubun+bataiju+ten_shisu_juni,kyori_kubun,bataiju,ten_shisu_juni,338,42083,76.04,12.03,74.75,False
SURFACE_2_芝,bataiju_zogen+manken_shisu_decile+ichi_shisu_juni,bataiju_zogen,manken_shisu_decile,ichi_shisu_juni,459,74901,75.72,10.62,74.74,False
SURFACE_2_芝,manken_shirushi+manken_shisu_decile+ten_shisu_juni,manken_shirushi,manken_shisu_decile,ten_shisu_juni,421,81735,75.77,10.88,74.73,False
SURFACE_2_芝,manken_shirushi+uma_start_shisu_decile+ichi_shisu_juni,manken_shirushi,uma_start_shisu_decile,ichi_shisu_juni,290,55173,75.95,10.62,74.73,False
SURFACE_2_芝,kyori_kubun+bataiju+ichi_shisu_juni,kyori_kubun,bataiju,ichi_shisu_juni,286,46440,75.94,10.6,74.72,False
SURFACE_2_芝,uma_deokure_bin+bataiju_zogen+bataiju,uma_deokure_bin,bataiju_zogen,bataiju,368,55590,75.75,10.03,74.72,False
SURFACE_2_芝,kyori_tekisei_2+ten_shisu_juni+ichi_shisu_juni,kyori_tekisei_2,ten_shisu_juni,ichi_shisu_juni,54,7801,77.57,10.71,74.71,False
SURFACE_2_芝,manken_shirushi+keibajo_code+bataiju_zogen,manken_shirushi,keibajo_code,bataiju_zogen,367,58575,75.74,10.39,74.68,False
SURFACE_2_芝,manken_shirushi+hizume_code+pace_shisu_juni,manken_shirushi,hizume_code,pace_shisu_juni,310,50274,75.82,10.3,74.67,False
SURFACE_2_芝,manken_shirushi+uma_start_shisu_decile+bataiju,manken_shirushi,uma_start_shisu_decile,bataiju,89,10085,76.85,10.56,74.66,False
SURFACE_2_芝,manken_shirushi+pace_shisu_juni+ichi_shisu_juni,manken_shirushi,pace_shisu_juni,ichi_shisu_juni,251,43662,76.09,11.67,74.65,False
SURFACE_2_芝,keibajo_code+uma_start_shisu_decile+bataiju,keibajo_code,uma_start_shisu_decile,bataiju,202,28372,76.15,10.89,74.65,False
SURFACE_2_芝,manken_shirushi+joken_class_code+manken_shisu_decile,manken_shirushi,joken_class_code,manken_shisu_decile,170,105020,75.69,7.01,74.63,False
SURFACE_2_芝,manken_shirushi+pace_yoso+omo_tekisei_code,manken_shirushi,pace_yoso,omo_tekisei_code,72,94796,75.64,4.39,74.63,False
SURFACE_2_芝,uma_deokure_bin+bataiju_zogen+kyori_tekisei_2,uma_deokure_bin,bataiju_zogen,kyori_tekisei_2,101,24148,76.23,8.27,74.62,False
SURFACE_2_芝,omo_tekisei_code+bataiju+pace_shisu_juni,omo_tekisei_code,bataiju,pace_shisu_juni,497,64544,75.59,10.97,74.62,False
SURFACE_2_芝,manken_shirushi+rotation_bin+pace_shisu_juni,manken_shirushi,rotation_bin,pace_shisu_juni,418,69577,75.67,10.89,74.62,False
SURFACE_2_芝,manken_shirushi+kyori_kubun+bataiju_zogen,manken_shirushi,kyori_kubun,bataiju_zogen,286,81966,75.62,8.91,74.59,False
SURFACE_2_芝,manken_shirushi+uma_start_shisu_decile+bataiju_zogen,manken_shirushi,uma_start_shisu_decile,bataiju_zogen,333,65935,75.64,9.73,74.59,False
SURFACE_2_芝,manken_shirushi+omo_tekisei_code+manken_shisu_decile,manken_shirushi,omo_tekisei_code,manken_shisu_decile,119,91856,75.68,6.16,74.58,False
SURFACE_2_芝,joken_class_code+bataiju_zogen+bataiju,joken_class_code,bataiju_zogen,bataiju,303,43846,75.75,10.37,74.58,False
SURFACE_2_芝,manken_shirushi+pace_yoso+manken_shisu_decile,manken_shirushi,pace_yoso,manken_shisu_decile,154,106303,75.57,6.3,74.58,False
SURFACE_2_芝,manken_shirushi+pace_yoso+class_code,manken_shirushi,pace_yoso,class_code,182,87293,75.99,9.8,74.57,False
SURFACE_2_芝,joken_class_code+class_code+kyori_tekisei_2,joken_class_code,class_code,kyori_tekisei_2,42,28401,77.41,9.4,74.57,False
SURFACE_2_芝,manken_shirushi+bataiju_zogen+manken_shisu_decile,manken_shirushi,bataiju_zogen,manken_shisu_decile,271,72605,75.65,9.22,74.55,False
SURFACE_2_芝,bataiju_zogen+omo_tekisei_code+kyori_tekisei_2,bataiju_zogen,omo_tekisei_code,kyori_tekisei_2,79,26962,76.23,7.79,74.51,False
SURFACE_2_芝,manken_shirushi+hizume_code+manken_shisu_decile,manken_shirushi,hizume_code,manken_shisu_decile,246,78012,75.58,8.58,74.51,False
SURFACE_2_芝,bataiju+kijun_ninkijun_tansho+kyakushitsu,bataiju,kijun_ninkijun_tansho,kyakushitsu,281,34417,76.15,14.17,74.49,False
SURFACE_2_芝,omo_tekisei_code+class_code+kyori_tekisei_2,omo_tekisei_code,class_code,kyori_tekisei_2,68,27401,76.71,9.39,74.48,False
SURFACE_2_芝,kyori_kubun+hizume_code+kyori_tekisei_2,kyori_kubun,hizume_code,kyori_tekisei_2,60,27518,76.24,7.03,74.46,False
SURFACE_2_芝,keibajo_code+kyori_tekisei+bataiju,keibajo_code,kyori_tekisei,bataiju,511,73306,75.36,10.49,74.45,False
SURFACE_2_芝,keibajo_code+rotation_bin+bataiju,keibajo_code,rotation_bin,bataiju,169,19817,76.14,11.18,74.45,False
SURFACE_2_芝,manken_shirushi+pace_yoso+rotation_bin,manken_shirushi,pace_yoso,rotation_bin,161,93131,75.65,7.86,74.43,False
SURFACE_2_芝,manken_shirushi+keibajo_code+kyori_kubun,manken_shirushi,keibajo_code,kyori_kubun,259,106317,75.38,7.98,74.41,False
SURFACE_2_芝,hizume_code+bataiju_zogen+kyori_tekisei_2,hizume_code,bataiju_zogen,kyori_tekisei_2,85,16929,76.47,9.69,74.41,False
SURFACE_2_芝,manken_shirushi+kyori_kubun+rotation_bin,manken_shirushi,kyori_kubun,rotation_bin,208,92022,75.45,7.63,74.41,False
SURFACE_2_芝,manken_shirushi+keibajo_code+manken_shisu_decile,manken_shirushi,keibajo_code,manken_shisu_decile,354,93986,75.36,9.21,74.4,False
SURFACE_2_芝,bataiju_zogen+manken_shisu_decile+ten_shisu_juni,bataiju_zogen,manken_shisu_decile,ten_shisu_juni,445,72154,75.39,10.79,74.39,False
SURFACE_2_芝,keibajo_code+pace_yoso+kyori_tekisei_2,keibajo_code,pace_yoso,kyori_tekisei_2,58,29478,75.95,6.16,74.37,False
SURFACE_2_芝,pace_yoso+bataiju+ichi_shisu_juni,pace_yoso,bataiju,ichi_shisu_juni,511,83088,75.37,11.47,74.37,False
SURFACE_2_芝,manken_shirushi+bataiju_zogen+omo_tekisei_code,manken_shirushi,bataiju_zogen,omo_tekisei_code,205,83172,75.49,8.23,74.36,False
SURFACE_2_芝,kyori_kubun+bataiju_zogen+kyori_tekisei_2,kyori_kubun,bataiju_zogen,kyori_tekisei_2,74,26564,76.11,7.65,74.36,False
SURFACE_2_芝,bataiju_zogen+kyori_tekisei_2+ichi_shisu_juni,bataiju_zogen,kyori_tekisei_2,ichi_shisu_juni,60,8486,77.45,12.21,74.36,False
SURFACE_2_芝,hizume_code+bataiju+manken_shisu_decile,hizume_code,bataiju,manken_shisu_decile,155,17652,76.25,11.99,74.36,False
SURFACE_2_芝,manken_shirushi+uma_start_shisu_decile+pace_shisu_juni,manken_shirushi,uma_start_shisu_decile,pace_shisu_juni,278,51203,75.66,11.02,74.36,False
SURFACE_2_芝,keibajo_code+manken_shisu_decile+ichi_shisu_juni,keibajo_code,manken_shisu_decile,ichi_shisu_juni,606,114117,75.22,10.86,74.36,False
SURFACE_2_芝,manken_shirushi+kyori_kubun+omo_tekisei_code,manken_shirushi,kyori_kubun,omo_tekisei_code,95,93880,75.57,6.05,74.35,False
SURFACE_2_芝,bataiju_zogen+ten_shisu_juni+pace_shisu_juni,bataiju_zogen,ten_shisu_juni,pace_shisu_juni,335,53980,75.41,10.03,74.34,False
SURFACE_2_芝,manken_shirushi+keibajo_code+omo_tekisei_code,manken_shirushi,keibajo_code,omo_tekisei_code,183,90334,75.25,6.29,74.34,False
SURFACE_2_芝,manken_shirushi+kyori_kubun+hizume_code,manken_shirushi,kyori_kubun,hizume_code,236,84694,75.32,7.68,74.34,False
SURFACE_2_芝,bataiju_zogen+bataiju+shiba_tekisei_code,bataiju_zogen,bataiju,shiba_tekisei_code,400,70963,75.31,9.96,74.33,False
SURFACE_2_芝,bataiju_zogen+omo_tekisei_code+bataiju,bataiju_zogen,omo_tekisei_code,bataiju,460,79337,75.24,9.94,74.33,False
SURFACE_2_芝,manken_shirushi+pace_yoso+kyori_kubun,manken_shirushi,pace_yoso,kyori_kubun,88,107799,75.22,4.33,74.32,False
SURFACE_2_芝,manken_shirushi+pace_yoso+bataiju_zogen,manken_shirushi,pace_yoso,bataiju_zogen,231,85329,75.3,7.63,74.31,False
SURFACE_2_芝,keibajo_code+bataiju+shiba_tekisei_code,keibajo_code,bataiju,shiba_tekisei_code,505,86349,75.24,10.69,74.31,False
SURFACE_2_芝,kyori_tekisei+hizume_code+bataiju,kyori_tekisei,hizume_code,bataiju,414,70210,75.34,10.7,74.31,False
SURFACE_2_芝,kyori_kubun+omo_tekisei_code+kyori_tekisei_2,kyori_kubun,omo_tekisei_code,kyori_tekisei_2,27,30367,76.13,4.85,74.3,False
SURFACE_2_芝,keibajo_code+uma_deokure_bin+bataiju,keibajo_code,uma_deokure_bin,bataiju,476,69861,75.23,10.63,74.28,False
SURFACE_2_芝,manken_shirushi+pace_yoso+uma_deokure_bin,manken_shirushi,pace_yoso,uma_deokure_bin,96,94165,75.58,6.51,74.28,False
SURFACE_2_芝,omo_tekisei_code+bataiju+kyori_tekisei_2,omo_tekisei_code,bataiju,kyori_tekisei_2,94,14741,76.21,9.64,74.27,False
SURFACE_2_芝,pace_yoso+bataiju_zogen+kyori_tekisei_2,pace_yoso,bataiju_zogen,kyori_tekisei_2,61,27142,75.95,6.73,74.27,False
SURFACE_2_芝,rotation_bin+manken_shisu_decile+kyori_tekisei_2,rotation_bin,manken_shisu_decile,kyori_tekisei_2,95,25474,76.01,8.66,74.27,False
SURFACE_2_芝,manken_shirushi+pace_yoso+kyori_tekisei,manken_shirushi,pace_yoso,kyori_tekisei,99,106047,75.34,5.51,74.26,False
SURFACE_2_芝,manken_shirushi+uma_start_shisu_decile+kyori_tekisei_2,manken_shirushi,uma_start_shisu_decile,kyori_tekisei_2,85,15378,76.49,10.64,74.23,False
SURFACE_2_芝,manken_shirushi+joken_class_code+bataiju_zogen,manken_shirushi,joken_class_code,bataiju_zogen,301,78061,75.31,9.57,74.23,False
SURFACE_2_芝,uma_start_shisu_decile+bataiju_zogen+kyori_tekisei_2,uma_start_shisu_decile,bataiju_zogen,kyori_tekisei_2,103,20553,76.31,10.85,74.21,False
SURFACE_2_芝,manken_shirushi+kyori_kubun+manken_shisu_decile,manken_shirushi,kyori_kubun,manken_shisu_decile,205,105734,75.21,7.39,74.2,False
SURFACE_2_芝,bataiju_zogen+manken_shisu_decile+pace_shisu_juni,bataiju_zogen,manken_shisu_decile,pace_shisu_juni,451,74402,75.14,10.13,74.2,False
SURFACE_2_芝,manken_shirushi+keibajo_code+kyori_tekisei,manken_shirushi,keibajo_code,kyori_tekisei,318,105535,75.09,8.18,74.19,False
SURFACE_2_芝,manken_shirushi+kyori_kubun+uma_deokure_bin,manken_shirushi,kyori_kubun,uma_deokure_bin,156,94340,75.36,7.47,74.19,False
SURFACE_2_芝,manken_shirushi+manken_shisu_decile+ls_shisu_juni,manken_shirushi,manken_shisu_decile,ls_shisu_juni,307,97086,75.42,11.07,74.18,False
SURFACE_2_芝,pace_yoso+bataiju_zogen+bataiju,pace_yoso,bataiju_zogen,bataiju,433,75776,75.1,9.84,74.17,False
SURFACE_2_芝,uma_deokure_bin+omo_tekisei_code+kyori_tekisei_2,uma_deokure_bin,omo_tekisei_code,kyori_tekisei_2,43,30285,76.18,6.76,74.16,False
SURFACE_2_芝,uma_start_shisu_decile+rotation_bin+bataiju,uma_start_shisu_decile,rotation_bin,bataiju,264,44680,75.47,10.85,74.16,False
SURFACE_2_芝,manken_shirushi+rotation_bin+manken_shisu_decile,manken_shirushi,rotation_bin,manken_shisu_decile,233,86614,75.26,8.59,74.16,False
SURFACE_2_芝,kyori_kubun+class_code+kyori_tekisei_2,kyori_kubun,class_code,kyori_tekisei_2,63,26751,75.9,7.04,74.16,False
SURFACE_2_芝,kyori_tekisei+uma_start_shisu_decile+bataiju,kyori_tekisei,uma_start_shisu_decile,bataiju,415,74910,75.19,10.73,74.16,False
SURFACE_2_芝,manken_shirushi+bataiju_zogen+class_code,manken_shirushi,bataiju_zogen,class_code,243,55206,75.37,9.69,74.15,False
SURFACE_2_芝,pace_yoso+joken_class_code+kyori_tekisei_2,pace_yoso,joken_class_code,kyori_tekisei_2,30,29697,76.31,6.07,74.14,False
SURFACE_2_芝,uma_deokure_bin+bataiju+manken_shisu_decile,uma_deokure_bin,bataiju,manken_shisu_decile,453,69055,75.1,10.45,74.14,False
SURFACE_2_芝,joken_class_code+bataiju+manken_shisu_decile,joken_class_code,bataiju,manken_shisu_decile,580,88675,75.05,11.19,74.14,False
SURFACE_2_芝,manken_shirushi+pace_yoso+uma_start_shisu_decile,manken_shirushi,pace_yoso,uma_start_shisu_decile,159,92440,75.18,6.66,74.14,False
SURFACE_2_芝,keibajo_code+joken_class_code+bataiju,keibajo_code,joken_class_code,bataiju,540,82640,75.02,10.57,74.13,False
SURFACE_2_芝,bataiju_zogen+manken_shisu_decile+kyori_tekisei_2,bataiju_zogen,manken_shisu_decile,kyori_tekisei_2,102,19949,75.87,8.95,74.13,False
SURFACE_2_芝,manken_shirushi+pace_yoso+hizume_code,manken_shirushi,pace_yoso,hizume_code,184,86877,75.27,7.95,74.13,False
SURFACE_2_芝,manken_shirushi+keibajo_code+joken_class_code,manken_shirushi,keibajo_code,joken_class_code,294,101895,75.05,8.17,74.12,False
SURFACE_2_芝,bataiju+shiba_tekisei_code+kyori_tekisei_2,bataiju,shiba_tekisei_code,kyori_tekisei_2,110,18308,75.96,9.85,74.12,False
SURFACE_2_芝,manken_shirushi+uma_deokure_bin+rotation_bin,manken_shirushi,uma_deokure_bin,rotation_bin,219,89383,75.36,9.37,74.12,False
SURFACE_2_芝,kyori_kubun+bataiju_zogen+bataiju,kyori_kubun,bataiju_zogen,bataiju,357,50227,75.23,10.83,74.11,False
SURFACE_2_芝,manken_shirushi+class_code+shiba_tekisei_code,manken_shirushi,class_code,shiba_tekisei_code,150,87075,75.47,8.54,74.11,False
SURFACE_2_芝,kyori_tekisei_2+ten_shisu_juni+pace_shisu_juni,kyori_tekisei_2,ten_shisu_juni,pace_shisu_juni,55,7758,77.14,11.51,74.1,False
SURFACE_2_芝,pace_yoso+rotation_bin+kyori_tekisei_2,pace_yoso,rotation_bin,kyori_tekisei_2,41,29258,76.24,7.0,74.1,False
SURFACE_2_芝,joken_class_code+kyori_tekisei+kyori_tekisei_2,joken_class_code,kyori_tekisei,kyori_tekisei_2,19,29984,77.18,6.84,74.1,False
SURFACE_2_芝,manken_shirushi+keibajo_code+rotation_bin,manken_shirushi,keibajo_code,rotation_bin,368,82026,75.03,9.09,74.1,False
SURFACE_2_芝,class_code+shiba_tekisei_code+kyori_tekisei_2,class_code,shiba_tekisei_code,kyori_tekisei_2,51,28951,76.48,8.67,74.1,False
SURFACE_2_芝,manken_shirushi+kyori_tekisei+manken_shisu_decile,manken_shirushi,kyori_tekisei,manken_shisu_decile,176,102993,75.19,7.43,74.09,False
SURFACE_2_芝,manken_shirushi+kyori_tekisei+class_code,manken_shirushi,kyori_tekisei,class_code,197,80557,75.48,9.93,74.09,False
SURFACE_2_芝,keibajo_code+bataiju_zogen+ichi_shisu_juni,keibajo_code,bataiju_zogen,ichi_shisu_juni,473,72774,75.04,10.57,74.09,False
SURFACE_2_芝,pace_yoso+uma_deokure_bin+kyori_tekisei_2,pace_yoso,uma_deokure_bin,kyori_tekisei_2,34,30204,76.61,7.57,74.06,False
SURFACE_2_芝,manken_shirushi+joken_class_code+rotation_bin,manken_shirushi,joken_class_code,rotation_bin,226,89995,75.11,8.06,74.06,False
SURFACE_2_芝,kyori_tekisei+class_code+kyori_tekisei_2,kyori_tekisei,class_code,kyori_tekisei_2,43,29063,76.66,8.71,74.06,False
SURFACE_2_芝,uma_deokure_bin+hizume_code+bataiju,uma_deokure_bin,hizume_code,bataiju,378,70513,75.06,9.98,74.06,False
SURFACE_2_芝,manken_shirushi+uma_deokure_bin+ichi_shisu_juni,manken_shirushi,uma_deokure_bin,ichi_shisu_juni,264,73763,75.27,10.1,74.05,False
SURFACE_2_芝,uma_start_shisu_decile+hizume_code+kyori_tekisei_2,uma_start_shisu_decile,hizume_code,kyori_tekisei_2,96,23302,76.07,10.16,74.04,False
SURFACE_2_芝,joken_class_code+rotation_bin+kyori_tekisei_2,joken_class_code,rotation_bin,kyori_tekisei_2,75,28444,75.96,8.5,74.04,False
SURFACE_2_芝,manken_shirushi+uma_deokure_bin+joken_class_code,manken_shirushi,uma_deokure_bin,joken_class_code,176,93080,75.26,8.35,74.03,False
SURFACE_2_芝,manken_shirushi+ten_shisu_juni+kyuyo_riyu_bunrui_code,manken_shirushi,ten_shisu_juni,kyuyo_riyu_bunrui_code,103,18648,75.72,8.83,74.02,False
SURFACE_2_芝,pace_yoso+bataiju+ten_shisu_juni,pace_yoso,bataiju,ten_shisu_juni,600,83349,74.99,12.09,74.02,False
SURFACE_2_芝,bataiju_zogen+rotation_bin+kyori_tekisei_2,bataiju_zogen,rotation_bin,kyori_tekisei_2,102,21775,75.86,9.48,74.02,False
SURFACE_2_芝,manken_shisu_decile+kyori_tekisei_2+pace_shisu_juni,manken_shisu_decile,kyori_tekisei_2,pace_shisu_juni,116,18112,75.84,9.99,74.02,False
SURFACE_2_芝,keibajo_code+hizume_code+ichi_shisu_juni,keibajo_code,hizume_code,ichi_shisu_juni,473,90030,74.99,11.06,73.99,False
SURFACE_2_芝,manken_shirushi+uma_start_shisu_decile+ls_shisu_juni,manken_shirushi,uma_start_shisu_decile,ls_shisu_juni,338,83978,75.2,11.5,73.98,False
SURFACE_2_芝,keibajo_code+omo_tekisei_code+bataiju,keibajo_code,omo_tekisei_code,bataiju,593,99117,74.8,10.36,73.97,False
SURFACE_2_芝,joken_class_code+manken_shisu_decile+kyori_tekisei_2,joken_class_code,manken_shisu_decile,kyori_tekisei_2,78,27330,75.48,6.82,73.97,False
SURFACE_2_芝,manken_shirushi+uma_deokure_bin+uma_start_shisu_decile,manken_shirushi,uma_deokure_bin,uma_start_shisu_decile,202,87889,75.21,8.99,73.97,False
SURFACE_2_芝,manken_shirushi+uma_deokure_bin+manken_shisu_decile,manken_shirushi,uma_deokure_bin,manken_shisu_decile,171,90734,75.16,7.89,73.97,False
SURFACE_2_芝,kyori_kubun+bataiju+manken_shisu_decile,kyori_kubun,bataiju,manken_shisu_decile,581,82754,74.84,10.73,73.97,False
SURFACE_2_芝,bataiju_zogen+kyori_tekisei_2+pace_shisu_juni,bataiju_zogen,kyori_tekisei_2,pace_shisu_juni,59,8532,76.87,11.43,73.96,False
SURFACE_2_芝,keibajo_code+bataiju_zogen+pace_shisu_juni,keibajo_code,bataiju_zogen,pace_shisu_juni,466,72348,74.94,10.82,73.96,False
SURFACE_2_芝,kyori_tekisei+bataiju+ten_shisu_juni,kyori_tekisei,bataiju,ten_shisu_juni,209,22990,75.74,13.22,73.95,False
SURFACE_2_芝,hizume_code+omo_tekisei_code+kyori_tekisei_2,hizume_code,omo_tekisei_code,kyori_tekisei_2,60,28541,75.98,8.04,73.94,False
SURFACE_2_芝,joken_class_code+rotation_bin+bataiju,joken_class_code,rotation_bin,bataiju,509,88545,74.84,10.51,73.93,False
SURFACE_2_芝,pace_yoso+kyori_tekisei_2+kyakushitsu,pace_yoso,kyori_tekisei_2,kyakushitsu,28,30136,76.6,7.19,73.93,False
SURFACE_2_芝,keibajo_code+omo_tekisei_code+kyori_tekisei_2,keibajo_code,omo_tekisei_code,kyori_tekisei_2,72,29260,75.53,6.89,73.93,False
SURFACE_2_芝,bataiju+class_code+shiba_tekisei_code,bataiju,class_code,shiba_tekisei_code,325,96577,75.13,11.16,73.92,False
SURFACE_2_芝,pace_yoso+hizume_code+kyori_tekisei_2,pace_yoso,hizume_code,kyori_tekisei_2,50,27863,76.38,8.89,73.92,False
SURFACE_2_芝,manken_shirushi+uma_start_shisu_decile+rotation_bin,manken_shirushi,uma_start_shisu_decile,rotation_bin,323,85575,74.94,9.34,73.92,False
SURFACE_2_芝,hizume_code+manken_shisu_decile+kyori_tekisei_2,hizume_code,manken_shisu_decile,kyori_tekisei_2,87,21658,75.7,8.49,73.91,False
SURFACE_2_芝,pace_yoso+bataiju+pace_shisu_juni,pace_yoso,bataiju,pace_shisu_juni,597,84564,74.8,11.29,73.9,False
SURFACE_2_芝,manken_shirushi+joken_class_code+class_code,manken_shirushi,joken_class_code,class_code,115,88065,75.47,8.61,73.89,False
SURFACE_2_芝,manken_shirushi+pace_yoso+joken_class_code,manken_shirushi,pace_yoso,joken_class_code,95,107297,74.88,4.9,73.89,False
SURFACE_2_芝,omo_tekisei_code+rotation_bin+kyori_tekisei_2,omo_tekisei_code,rotation_bin,kyori_tekisei_2,57,29750,75.74,7.19,73.88,False
SURFACE_2_芝,omo_tekisei_code+bataiju+manken_shisu_decile,omo_tekisei_code,bataiju,manken_shisu_decile,558,98222,74.73,10.2,73.88,False
SURFACE_2_芝,keibajo_code+hizume_code+ten_shisu_juni,keibajo_code,hizume_code,ten_shisu_juni,479,89397,74.85,10.83,73.88,False
SURFACE_2_芝,omo_tekisei_code+manken_shisu_decile+kyori_tekisei_2,omo_tekisei_code,manken_shisu_decile,kyori_tekisei_2,59,28874,75.46,6.21,73.88,False
SURFACE_2_芝,manken_shirushi+bataiju_zogen+kyakushitsu,manken_shirushi,bataiju_zogen,kyakushitsu,286,81934,74.98,9.56,73.88,False
SURFACE_2_芝,manken_shirushi+keibajo_code+kyakushitsu,manken_shirushi,keibajo_code,kyakushitsu,369,105979,74.87,9.79,73.87,False
SURFACE_2_芝,kyori_tekisei+rotation_bin+bataiju,kyori_tekisei,rotation_bin,bataiju,510,87435,74.77,10.51,73.86,False
SURFACE_2_芝,hizume_code+rotation_bin+bataiju,hizume_code,rotation_bin,bataiju,324,44735,75.1,11.41,73.86,False
SURFACE_2_芝,keibajo_code+kyori_kubun+kyori_tekisei_2,keibajo_code,kyori_kubun,kyori_tekisei_2,64,29319,75.43,6.43,73.86,False
SURFACE_2_芝,manken_shirushi+uma_start_shisu_decile+manken_shisu_decile,manken_shirushi,uma_start_shisu_decile,manken_shisu_decile,264,87521,74.88,8.42,73.86,False
SURFACE_2_芝,manken_shirushi+manken_shisu_decile+kyakushitsu,manken_shirushi,manken_shisu_decile,kyakushitsu,197,104303,74.97,8.02,73.85,False
SURFACE_2_芝,uma_start_shisu_decile+hizume_code+bataiju,uma_start_shisu_decile,hizume_code,bataiju,215,35415,75.25,10.53,73.84,False
SURFACE_2_芝,manken_shirushi+pace_yoso+kyori_tekisei_2,manken_shirushi,pace_yoso,kyori_tekisei_2,46,20459,75.71,6.46,73.84,False
SURFACE_2_芝,pace_yoso+kyori_kubun+hizume_code,pace_yoso,kyori_kubun,hizume_code,130,143732,74.88,6.07,73.84,False
SURFACE_2_芝,hizume_code+bataiju_zogen+ten_shisu_juni,hizume_code,bataiju_zogen,ten_shisu_juni,410,75040,74.8,9.83,73.84,False
SURFACE_2_芝,manken_shirushi+uma_deokure_bin+pace_shisu_juni,manken_shirushi,uma_deokure_bin,pace_shisu_juni,258,72350,74.97,9.31,73.83,False
SURFACE_2_芝,manken_shirushi+pace_yoso+pace_shisu_juni,manken_shirushi,pace_yoso,pace_shisu_juni,298,102736,74.78,8.42,73.82,False
SURFACE_2_芝,pace_yoso+uma_deokure_bin+hizume_code,pace_yoso,uma_deokure_bin,hizume_code,130,142813,74.97,6.77,73.81,False
SURFACE_2_芝,manken_shirushi+class_code+kyakushitsu,manken_shirushi,class_code,kyakushitsu,214,80983,75.21,10.42,73.81,False
SURFACE_2_芝,manken_shisu_decile+ten_shisu_juni+ichi_shisu_juni,manken_shisu_decile,ten_shisu_juni,ichi_shisu_juni,465,88880,74.85,11.5,73.8,False
SURFACE_2_芝,rotation_bin+bataiju+kyakushitsu,rotation_bin,bataiju,kyakushitsu,516,91896,74.68,10.37,73.79,False
SURFACE_2_芝,uma_deokure_bin+uma_start_shisu_decile+bataiju,uma_deokure_bin,uma_start_shisu_decile,bataiju,410,91408,74.81,10.57,73.79,False
SURFACE_2_芝,manken_shirushi+omo_tekisei_code+shiba_tekisei_code,manken_shirushi,omo_tekisei_code,shiba_tekisei_code,64,91993,75.08,5.24,73.79,False
SURFACE_2_芝,omo_tekisei_code+kyori_tekisei_2+ten_shisu_juni,omo_tekisei_code,kyori_tekisei_2,ten_shisu_juni,97,27171,75.51,8.66,73.79,False
SURFACE_2_芝,keibajo_code+bataiju_zogen+ten_shisu_juni,keibajo_code,bataiju_zogen,ten_shisu_juni,471,71210,74.76,10.93,73.77,False
SURFACE_2_芝,keibajo_code+bataiju_zogen+manken_shisu_decile,keibajo_code,bataiju_zogen,manken_shisu_decile,503,102563,74.62,9.83,73.76,False
SURFACE_2_芝,manken_shirushi+pace_yoso+kyakushitsu,manken_shirushi,pace_yoso,kyakushitsu,111,108187,74.94,6.36,73.76,False
SURFACE_2_芝,kyori_tekisei_2+ls_shisu_juni+ichi_shisu_juni,kyori_tekisei_2,ls_shisu_juni,ichi_shisu_juni,103,17139,75.9,11.17,73.75,False
SURFACE_2_芝,hizume_code+bataiju+kyakushitsu,hizume_code,bataiju,kyakushitsu,418,72300,74.81,11.01,73.75,False
SURFACE_2_芝,kyori_tekisei+manken_shisu_decile+kyori_tekisei_2,kyori_tekisei,manken_shisu_decile,kyori_tekisei_2,25,28733,75.41,4.23,73.75,False
SURFACE_2_芝,manken_shirushi+hizume_code+kyakushitsu,manken_shirushi,hizume_code,kyakushitsu,248,85992,74.9,9.35,73.74,False
SURFACE_2_芝,bataiju_zogen+rotation_bin+ten_shisu_juni,bataiju_zogen,rotation_bin,ten_shisu_juni,507,99504,74.68,10.71,73.74,False
SURFACE_2_芝,manken_shirushi+joken_class_code+ls_shisu_juni,manken_shirushi,joken_class_code,ls_shisu_juni,247,102462,75.02,10.25,73.74,False
SURFACE_2_芝,keibajo_code+kyori_tekisei+kyori_tekisei_2,keibajo_code,kyori_tekisei,kyori_tekisei_2,30,29445,75.0,3.51,73.74,False
SURFACE_2_芝,manken_shirushi+uma_start_shisu_decile+omo_tekisei_code,manken_shirushi,uma_start_shisu_decile,omo_tekisei_code,149,91159,74.75,6.33,73.73,False
SURFACE_2_芝,kyori_kubun+rotation_bin+kyori_tekisei_2,kyori_kubun,rotation_bin,kyori_tekisei_2,55,29429,75.91,8.26,73.73,False
SURFACE_2_芝,manken_shirushi+manken_shisu_decile+kyori_tekisei_2,manken_shirushi,manken_shisu_decile,kyori_tekisei_2,63,18400,76.24,10.2,73.73,False
SURFACE_2_芝,kyori_kubun+hizume_code+bataiju,kyori_kubun,hizume_code,bataiju,417,71810,74.78,10.94,73.73,False
SURFACE_2_芝,manken_shirushi+class_code+pace_shisu_juni,manken_shirushi,class_code,pace_shisu_juni,300,54369,74.92,10.45,73.73,False
SURFACE_2_芝,manken_shirushi+uma_deokure_bin+kyori_tekisei_2,manken_shirushi,uma_deokure_bin,kyori_tekisei_2,84,18641,75.56,8.62,73.72,False
SURFACE_2_芝,manken_shirushi+uma_deokure_bin+class_code,manken_shirushi,uma_deokure_bin,class_code,207,79885,75.08,10.03,73.71,False
SURFACE_2_芝,manken_shirushi+uma_deokure_bin+omo_tekisei_code,manken_shirushi,uma_deokure_bin,omo_tekisei_code,105,92792,74.94,6.4,73.71,False
SURFACE_2_芝,manken_shirushi+uma_start_shisu_decile+kyakushitsu,manken_shirushi,uma_start_shisu_decile,kyakushitsu,198,92245,74.87,8.27,73.71,False
SURFACE_2_芝,rotation_bin+kyori_tekisei_2+ten_shisu_juni,rotation_bin,kyori_tekisei_2,ten_shisu_juni,118,19226,75.71,11.13,73.71,False
SURFACE_2_芝,bataiju+manken_shisu_decile+shiba_tekisei_code,bataiju,manken_shisu_decile,shiba_tekisei_code,464,89139,74.63,10.29,73.7,False
SURFACE_2_芝,manken_shirushi+hizume_code+omo_tekisei_code,manken_shirushi,hizume_code,omo_tekisei_code,174,88360,74.74,7.04,73.7,False
SURFACE_2_芝,manken_shirushi+joken_class_code+hizume_code,manken_shirushi,joken_class_code,hizume_code,253,82064,74.81,8.98,73.7,False
SURFACE_2_芝,hizume_code+ten_shisu_juni+ichi_shisu_juni,hizume_code,ten_shisu_juni,ichi_shisu_juni,404,71939,74.84,11.64,73.7,False
SURFACE_2_芝,keibajo_code+kyori_kubun+bataiju,keibajo_code,kyori_kubun,bataiju,612,100206,74.54,10.64,73.7,False
SURFACE_2_芝,kyori_tekisei+hizume_code+kyori_tekisei_2,kyori_tekisei,hizume_code,kyori_tekisei_2,35,28841,76.34,7.99,73.69,False
SURFACE_2_芝,manken_shirushi+ls_shisu_juni+pace_shisu_juni,manken_shirushi,ls_shisu_juni,pace_shisu_juni,425,78458,74.84,12.22,73.68,False
SURFACE_2_芝,manken_shirushi+kyori_kubun+ten_shisu_juni,manken_shirushi,kyori_kubun,ten_shisu_juni,400,99499,74.65,9.9,73.67,False
SURFACE_2_芝,manken_shirushi+keibajo_code+kyori_tekisei_2,manken_shirushi,keibajo_code,kyori_tekisei_2,71,11215,76.01,10.08,73.67,False
SURFACE_2_芝,manken_shirushi+kyori_kubun+pace_shisu_juni,manken_shirushi,kyori_kubun,pace_shisu_juni,391,99592,74.59,9.23,73.67,False
SURFACE_2_芝,manken_shirushi+pace_yoso+ls_shisu_juni,manken_shirushi,pace_yoso,ls_shisu_juni,171,106214,75.26,10.66,73.67,False
SURFACE_2_芝,pace_yoso+uma_start_shisu_decile+bataiju,pace_yoso,uma_start_shisu_decile,bataiju,495,105613,74.56,10.28,73.66,False
SURFACE_2_芝,hizume_code+shiba_tekisei_code+kyori_tekisei_2,hizume_code,shiba_tekisei_code,kyori_tekisei_2,51,28403,75.67,7.3,73.66,False
SURFACE_2_芝,manken_shirushi+class_code+ichi_shisu_juni,manken_shirushi,class_code,ichi_shisu_juni,290,53789,74.88,10.59,73.66,False
SURFACE_2_芝,uma_start_shisu_decile+kyori_tekisei_2+pace_shisu_juni,uma_start_shisu_decile,kyori_tekisei_2,pace_shisu_juni,99,17486,75.56,9.7,73.65,False
SURFACE_2_芝,manken_shirushi+kyori_kubun+ichi_shisu_juni,manken_shirushi,kyori_kubun,ichi_shisu_juni,387,99132,74.69,10.43,73.65,False
SURFACE_2_芝,pace_yoso+bataiju+manken_shisu_decile,pace_yoso,bataiju,manken_shisu_decile,619,111866,74.45,10.18,73.65,False
SURFACE_2_芝,pace_yoso+omo_tekisei_code+kyori_tekisei_2,pace_yoso,omo_tekisei_code,kyori_tekisei_2,23,30445,76.36,6.64,73.65,False
SURFACE_2_芝,manken_shirushi+joken_class_code+uma_start_shisu_decile,manken_shirushi,joken_class_code,uma_start_shisu_decile,255,90148,74.69,8.49,73.65,False
SURFACE_2_芝,manken_shirushi+kyori_tekisei+ichi_shisu_juni,manken_shirushi,kyori_tekisei,ichi_shisu_juni,361,94185,74.68,9.99,73.65,False
SURFACE_2_芝,joken_class_code+shiba_tekisei_code+kyori_tekisei_2,joken_class_code,shiba_tekisei_code,kyori_tekisei_2,25,30197,76.2,6.51,73.65,False
SURFACE_2_芝,keibajo_code+pace_yoso+kyori_kubun,keibajo_code,pace_yoso,kyori_kubun,103,170872,73.86,1.09,73.65,False
SURFACE_2_芝,uma_start_shisu_decile+bataiju_zogen+pace_shisu_juni,uma_start_shisu_decile,bataiju_zogen,pace_shisu_juni,454,88672,74.63,10.72,73.65,False
SURFACE_2_芝,manken_shirushi+rotation_bin+ls_shisu_juni,manken_shirushi,rotation_bin,ls_shisu_juni,294,84173,74.85,10.61,73.64,False
SURFACE_2_芝,manken_shirushi+uma_deokure_bin+shiba_tekisei_code,manken_shirushi,uma_deokure_bin,shiba_tekisei_code,101,91838,74.82,6.05,73.64,False
SURFACE_2_芝,keibajo_code+pace_yoso+uma_deokure_bin,keibajo_code,pace_yoso,uma_deokure_bin,120,147647,74.68,5.86,73.64,False
SURFACE_2_芝,manken_shirushi+joken_class_code+pace_shisu_juni,manken_shirushi,joken_class_code,pace_shisu_juni,320,86933,74.68,9.56,73.64,False
SURFACE_2_芝,hizume_code+bataiju_zogen+ichi_shisu_juni,hizume_code,bataiju_zogen,ichi_shisu_juni,405,75523,74.68,10.77,73.63,False
SURFACE_2_芝,manken_shirushi+rotation_bin+kyori_tekisei_2,manken_shirushi,rotation_bin,kyori_tekisei_2,85,16229,75.73,9.86,73.63,False
SURFACE_2_芝,manken_shirushi+joken_class_code+omo_tekisei_code,manken_shirushi,joken_class_code,omo_tekisei_code,120,95275,74.93,7.32,73.61,False
SURFACE_2_芝,hizume_code+manken_shisu_decile+ichi_shisu_juni,hizume_code,manken_shisu_decile,ichi_shisu_juni,469,91230,74.56,10.44,73.61,False
SURFACE_2_芝,pace_yoso+uma_deokure_bin+kyori_tekisei,pace_yoso,uma_deokure_bin,kyori_tekisei,57,145125,75.07,5.62,73.61,False
SURFACE_2_芝,manken_shirushi+kyori_tekisei+ls_shisu_juni,manken_shirushi,kyori_tekisei,ls_shisu_juni,228,102742,74.85,9.55,73.61,False
SURFACE_2_芝,manken_shirushi+uma_deokure_bin+hizume_code,manken_shirushi,uma_deokure_bin,hizume_code,227,81583,74.71,8.47,73.61,False
SURFACE_2_芝,manken_shirushi+ls_shisu_juni+kyakushitsu,manken_shirushi,ls_shisu_juni,kyakushitsu,270,104096,74.92,10.92,73.61,False
SURFACE_2_芝,hizume_code+pace_shisu_juni+ichi_shisu_juni,hizume_code,pace_shisu_juni,ichi_shisu_juni,405,72008,74.62,10.5,73.6,False
SURFACE_2_芝,manken_shirushi+kyori_kubun+kyori_tekisei_2,manken_shirushi,kyori_kubun,kyori_tekisei_2,49,19732,75.41,6.46,73.6,False
SURFACE_2_芝,kyori_kubun+uma_start_shisu_decile+bataiju,kyori_kubun,uma_start_shisu_decile,bataiju,447,79253,74.59,10.78,73.59,False
SURFACE_2_芝,kyori_kubun+bataiju+kyori_tekisei_2,kyori_kubun,bataiju,kyori_tekisei_2,107,15669,75.65,10.86,73.59,False
SURFACE_2_芝,uma_deokure_bin+rotation_bin+kyori_tekisei_2,uma_deokure_bin,rotation_bin,kyori_tekisei_2,85,28875,75.47,8.81,73.59,False
SURFACE_2_芝,kyori_tekisei_2+kijun_ninkijun_tansho+pace_shisu_juni,kyori_tekisei_2,kijun_ninkijun_tansho,pace_shisu_juni,56,7496,76.74,12.07,73.58,False
SURFACE_2_芝,keibajo_code+uma_start_shisu_decile+bataiju_zogen,keibajo_code,uma_start_shisu_decile,bataiju_zogen,486,112639,74.42,9.55,73.57,False
SURFACE_2_芝,bataiju_zogen+rotation_bin+pace_shisu_juni,bataiju_zogen,rotation_bin,pace_shisu_juni,508,101198,74.52,10.88,73.57,False
SURFACE_2_芝,keibajo_code+hizume_code+kyori_tekisei_2,keibajo_code,hizume_code,kyori_tekisei_2,96,20345,75.51,9.73,73.57,False
SURFACE_2_芝,uma_start_shisu_decile+bataiju+kijun_ninkijun_tansho,uma_start_shisu_decile,bataiju,kijun_ninkijun_tansho,153,18210,75.72,13.58,73.57,False
SURFACE_2_芝,manken_shirushi+keibajo_code+class_code,manken_shirushi,keibajo_code,class_code,286,66553,74.68,9.63,73.56,False
SURFACE_2_芝,pace_yoso+manken_shisu_decile+kyori_tekisei_2,pace_yoso,manken_shisu_decile,kyori_tekisei_2,44,28597,75.86,7.79,73.56,False
SURFACE_2_芝,manken_shirushi+kyori_tekisei+bataiju_zogen,manken_shirushi,kyori_tekisei,bataiju_zogen,278,79164,74.72,9.91,73.56,False
SURFACE_2_芝,manken_shirushi+bataiju_zogen+kyuyo_riyu_bunrui_code,manken_shirushi,bataiju_zogen,kyuyo_riyu_bunrui_code,83,17232,75.29,8.09,73.55,False
SURFACE_2_芝,manken_shirushi+kyori_kubun+joken_class_code,manken_shirushi,kyori_kubun,joken_class_code,160,108336,74.67,7.24,73.55,False
SURFACE_2_芝,uma_start_shisu_decile+kyori_tekisei_2+ichi_shisu_juni,uma_start_shisu_decile,kyori_tekisei_2,ichi_shisu_juni,100,18337,75.68,10.87,73.55,False
SURFACE_2_芝,manken_shirushi+rotation_bin+kyakushitsu,manken_shirushi,rotation_bin,kyakushitsu,204,91448,74.79,9.02,73.55,False
SURFACE_2_芝,keibajo_code+hizume_code+bataiju,keibajo_code,hizume_code,bataiju,146,17482,75.38,11.44,73.53,False
SURFACE_2_芝,manken_shirushi+uma_deokure_bin+ten_shisu_juni,manken_shirushi,uma_deokure_bin,ten_shisu_juni,256,71627,74.63,8.99,73.53,False
SURFACE_2_芝,manken_shirushi+joken_class_code+ichi_shisu_juni,manken_shirushi,joken_class_code,ichi_shisu_juni,313,86042,74.67,10.34,73.53,False
SURFACE_2_芝,uma_start_shisu_decile+bataiju+shiba_tekisei_code,uma_start_shisu_decile,bataiju,shiba_tekisei_code,429,96631,74.52,10.46,73.53,False
SURFACE_2_芝,uma_deokure_bin+rotation_bin+bataiju,uma_deokure_bin,rotation_bin,bataiju,428,86194,74.45,9.79,73.52,False
SURFACE_2_芝,manken_shirushi+bataiju_zogen+shiba_tekisei_code,manken_shirushi,bataiju_zogen,shiba_tekisei_code,227,83226,74.59,8.26,73.52,False
SURFACE_2_芝,pace_yoso+kyori_kubun+kyori_tekisei_2,pace_yoso,kyori_kubun,kyori_tekisei_2,23,30291,75.49,4.81,73.52,False
SURFACE_2_芝,bataiju_zogen+rotation_bin+ichi_shisu_juni,bataiju_zogen,rotation_bin,ichi_shisu_juni,494,99396,74.46,10.8,73.51,False
SURFACE_2_芝,manken_shirushi+omo_tekisei_code+rotation_bin,manken_shirushi,omo_tekisei_code,rotation_bin,154,92014,74.81,8.2,73.51,False
SURFACE_2_芝,manken_shirushi+kyori_kubun+ls_shisu_juni,manken_shirushi,kyori_kubun,ls_shisu_juni,229,105680,74.78,9.81,73.51,False
SURFACE_2_芝,manken_shirushi+keibajo_code+shiba_tekisei_code,manken_shirushi,keibajo_code,shiba_tekisei_code,208,90959,74.54,7.67,73.5,False
SURFACE_2_芝,manken_shirushi+pace_yoso+ichi_shisu_juni,manken_shirushi,pace_yoso,ichi_shisu_juni,289,102264,74.51,8.77,73.5,False
SURFACE_2_芝,keibajo_code+uma_deokure_bin+omo_tekisei_code,keibajo_code,uma_deokure_bin,omo_tekisei_code,138,146435,74.63,6.79,73.5,False
SURFACE_2_芝,keibajo_code+bataiju_zogen+kyori_tekisei_2,keibajo_code,bataiju_zogen,kyori_tekisei_2,97,16716,75.49,10.02,73.5,False
SURFACE_2_芝,kyori_kubun+rotation_bin+bataiju,kyori_kubun,rotation_bin,bataiju,513,91554,74.39,10.4,73.49,False
SURFACE_2_芝,manken_shirushi+bataiju_zogen+ls_shisu_juni,manken_shirushi,bataiju_zogen,ls_shisu_juni,324,66699,74.8,12.13,73.48,False
SURFACE_2_芝,keibajo_code+joken_class_code+kyori_tekisei_2,keibajo_code,joken_class_code,kyori_tekisei_2,98,27792,74.99,7.65,73.48,False
SURFACE_2_芝,uma_deokure_bin+class_code+kyori_tekisei_2,uma_deokure_bin,class_code,kyori_tekisei_2,83,24785,75.38,8.86,73.48,False
SURFACE_2_芝,keibajo_code+manken_shisu_decile+kyori_tekisei_2,keibajo_code,manken_shisu_decile,kyori_tekisei_2,112,23385,75.3,9.82,73.48,False
SURFACE_2_芝,manken_shirushi+manken_shisu_decile+shiba_tekisei_code,manken_shirushi,manken_shisu_decile,shiba_tekisei_code,115,91085,74.76,7.04,73.47,False
SURFACE_2_芝,pace_yoso+kyori_tekisei_2+pace_shisu_juni,pace_yoso,kyori_tekisei_2,pace_shisu_juni,77,28246,75.11,7.35,73.47,False
SURFACE_2_芝,hizume_code+ten_shisu_juni+pace_shisu_juni,hizume_code,ten_shisu_juni,pace_shisu_juni,408,73232,74.46,10.2,73.47,False
SURFACE_2_芝,manken_shirushi+kyori_kubun+uma_start_shisu_decile,manken_shirushi,kyori_kubun,uma_start_shisu_decile,236,93330,74.55,8.5,73.47,False
SURFACE_2_芝,joken_class_code+uma_start_shisu_decile+bataiju,joken_class_code,uma_start_shisu_decile,bataiju,422,74999,74.53,11.29,73.46,False
SURFACE_2_芝,hizume_code+rotation_bin+kyori_tekisei_2,hizume_code,rotation_bin,kyori_tekisei_2,90,23361,75.23,8.54,73.46,False
SURFACE_2_芝,manken_shisu_decile+pace_shisu_juni+ichi_shisu_juni,manken_shisu_decile,pace_shisu_juni,ichi_shisu_juni,477,90312,74.48,11.44,73.45,False
SURFACE_2_芝,bataiju_zogen+kyori_tekisei_2+ls_shisu_juni,bataiju_zogen,kyori_tekisei_2,ls_shisu_juni,97,19443,75.6,10.8,73.45,False
SURFACE_2_芝,hizume_code+bataiju_zogen+rotation_bin,hizume_code,bataiju_zogen,rotation_bin,389,112739,74.37,9.18,73.45,False
SURFACE_2_芝,keibajo_code+pace_yoso+bataiju,keibajo_code,pace_yoso,bataiju,643,115806,74.23,10.13,73.45,False
SURFACE_2_芝,manken_shirushi+class_code+ls_shisu_juni,manken_shirushi,class_code,ls_shisu_juni,242,69564,74.89,11.44,73.45,False
SURFACE_2_芝,manken_shirushi+class_code+ten_shisu_juni,manken_shirushi,class_code,ten_shisu_juni,303,53796,74.64,10.72,73.44,False
SURFACE_2_芝,manken_shirushi+shiba_tekisei_code+ls_shisu_juni,manken_shirushi,shiba_tekisei_code,ls_shisu_juni,172,90877,74.89,9.78,73.43,False
SURFACE_2_芝,manken_shirushi+ls_shisu_juni+ichi_shisu_juni,manken_shirushi,ls_shisu_juni,ichi_shisu_juni,395,76927,74.61,12.07,73.42,False
SURFACE_2_芝,keibajo_code+pace_yoso+joken_class_code,keibajo_code,pace_yoso,joken_class_code,116,169570,73.73,1.7,73.42,False
SURFACE_2_芝,manken_shirushi+ls_shisu_juni+ten_shisu_juni,manken_shirushi,ls_shisu_juni,ten_shisu_juni,420,76423,74.62,12.7,73.41,False
SURFACE_2_芝,manken_shirushi+pace_yoso+shiba_tekisei_code,manken_shirushi,pace_yoso,shiba_tekisei_code,64,92716,74.73,5.39,73.41,False
SURFACE_2_芝,manken_shirushi+pace_yoso+ten_shisu_juni,manken_shirushi,pace_yoso,ten_shisu_juni,298,102120,74.43,9.06,73.4,False
SURFACE_2_芝,manken_shirushi+kyori_kubun+kyori_tekisei,manken_shirushi,kyori_kubun,kyori_tekisei,105,105339,74.68,6.71,73.39,False
SURFACE_2_芝,bataiju+kyori_tekisei_2+kyakushitsu,bataiju,kyori_tekisei_2,kyakushitsu,66,8732,76.39,12.44,73.39,False
SURFACE_2_芝,keibajo_code+bataiju+ichi_shisu_juni,keibajo_code,bataiju,ichi_shisu_juni,65,7797,76.04,10.94,73.38,False
SURFACE_2_芝,kyori_tekisei_2+ls_shisu_juni+ten_shisu_juni,kyori_tekisei_2,ls_shisu_juni,ten_shisu_juni,105,17011,75.48,10.99,73.38,False
SURFACE_2_芝,kyori_tekisei_2+kijun_ninkijun_tansho+ichi_shisu_juni,kyori_tekisei_2,kijun_ninkijun_tansho,ichi_shisu_juni,54,6982,76.52,11.78,73.38,False
SURFACE_2_芝,kyori_tekisei+hizume_code+shiba_tekisei_code,kyori_tekisei,hizume_code,shiba_tekisei_code,122,138179,74.71,7.56,73.37,False
SURFACE_2_芝,uma_deokure_bin+joken_class_code+omo_tekisei_code,uma_deokure_bin,joken_class_code,omo_tekisei_code,70,147272,74.72,5.82,73.36,False
SURFACE_2_芝,uma_deokure_bin+kyori_tekisei_2+ichi_shisu_juni,uma_deokure_bin,kyori_tekisei_2,ichi_shisu_juni,118,23313,75.31,10.85,73.36,False
SURFACE_2_芝,hizume_code+kyori_tekisei_2+ten_shisu_juni,hizume_code,kyori_tekisei_2,ten_shisu_juni,99,15156,75.2,9.34,73.36,False
SURFACE_2_芝,keibajo_code+uma_start_shisu_decile+hizume_code,keibajo_code,uma_start_shisu_decile,hizume_code,428,121555,74.26,9.46,73.36,False
SURFACE_2_芝,uma_start_shisu_decile+bataiju_zogen+ten_shisu_juni,uma_start_shisu_decile,bataiju_zogen,ten_shisu_juni,459,88834,74.37,11.14,73.36,False
SURFACE_2_芝,pace_yoso+hizume_code+bataiju,pace_yoso,hizume_code,bataiju,403,89608,74.28,9.43,73.36,False
SURFACE_2_芝,pace_yoso+joken_class_code+hizume_code,pace_yoso,joken_class_code,hizume_code,140,143421,74.76,8.46,73.36,False
SURFACE_2_芝,kyori_tekisei+bataiju_zogen+kyori_tekisei_2,kyori_tekisei,bataiju_zogen,kyori_tekisei_2,41,28206,75.08,5.6,73.36,False
SURFACE_2_芝,manken_shirushi+omo_tekisei_code+class_code,manken_shirushi,omo_tekisei_code,class_code,187,86117,74.62,8.86,73.35,False
SURFACE_2_芝,kyori_tekisei+bataiju+kijun_ninkijun_tansho,kyori_tekisei,bataiju,kijun_ninkijun_tansho,354,42314,74.7,12.96,73.35,False
SURFACE_2_芝,manken_shirushi+kyuyo_riyu_bunrui_code+ichi_shisu_juni,manken_shirushi,kyuyo_riyu_bunrui_code,ichi_shisu_juni,100,18771,75.03,8.53,73.35,False
SURFACE_2_芝,uma_start_shisu_decile+bataiju+kyakushitsu,uma_start_shisu_decile,bataiju,kyakushitsu,504,95280,74.32,11.24,73.34,False
SURFACE_2_芝,manken_shirushi+omo_tekisei_code+pace_shisu_juni,manken_shirushi,omo_tekisei_code,pace_shisu_juni,244,85407,74.42,8.58,73.34,False
SURFACE_2_芝,keibajo_code+rotation_bin+kyori_tekisei_2,keibajo_code,rotation_bin,kyori_tekisei_2,107,24499,75.19,9.76,73.34,False
SURFACE_2_芝,manken_shirushi+kyori_tekisei+hizume_code,manken_shirushi,kyori_tekisei,hizume_code,229,81912,74.54,9.28,73.34,False
SURFACE_2_芝,joken_class_code+hizume_code+bataiju,joken_class_code,hizume_code,bataiju,376,65370,74.37,10.33,73.33,False
SURFACE_2_芝,hizume_code+bataiju+shiba_tekisei_code,hizume_code,bataiju,shiba_tekisei_code,427,89374,74.33,10.56,73.33,False
SURFACE_2_芝,manken_shisu_decile+kyori_tekisei_2+ichi_shisu_juni,manken_shisu_decile,kyori_tekisei_2,ichi_shisu_juni,112,17486,75.31,10.66,73.33,False
SURFACE_2_芝,manken_shirushi+hizume_code+shiba_tekisei_code,manken_shirushi,hizume_code,shiba_tekisei_code,187,85473,74.54,8.58,73.31,False
SURFACE_2_芝,manken_shirushi+joken_class_code+kyakushitsu,manken_shirushi,joken_class_code,kyakushitsu,166,108147,74.53,8.07,73.31,False
SURFACE_2_芝,rotation_bin+bataiju+shiba_tekisei_code,rotation_bin,bataiju,shiba_tekisei_code,479,106457,74.22,10.27,73.3,False
SURFACE_2_芝,hizume_code+manken_shisu_decile+ten_shisu_juni,hizume_code,manken_shisu_decile,ten_shisu_juni,482,91365,74.26,10.7,73.3,False
SURFACE_2_芝,uma_start_shisu_decile+bataiju_zogen+ichi_shisu_juni,uma_start_shisu_decile,bataiju_zogen,ichi_shisu_juni,446,90976,74.32,10.94,73.3,False
SURFACE_2_芝,pace_yoso+rotation_bin+bataiju,pace_yoso,rotation_bin,bataiju,469,107935,74.15,9.53,73.29,False
SURFACE_2_芝,manken_shirushi+kyori_tekisei_2+ichi_shisu_juni,manken_shirushi,kyori_tekisei_2,ichi_shisu_juni,49,5781,76.76,12.38,73.29,False
SURFACE_2_芝,keibajo_code+kyori_tekisei_2+pace_shisu_juni,keibajo_code,kyori_tekisei_2,pace_shisu_juni,67,10560,75.55,9.45,73.29,False
SURFACE_2_芝,kyori_kubun+bataiju+kyakushitsu,kyori_kubun,bataiju,kyakushitsu,630,138170,74.11,10.66,73.28,False
SURFACE_2_芝,ten_shisu_juni+pace_shisu_juni+ichi_shisu_juni,ten_shisu_juni,pace_shisu_juni,ichi_shisu_juni,319,73504,74.5,11.13,73.28,False
SURFACE_2_芝,hizume_code+rotation_bin+ichi_shisu_juni,hizume_code,rotation_bin,ichi_shisu_juni,448,107134,74.21,10.2,73.27,False
SURFACE_2_芝,pace_yoso+uma_deokure_bin+joken_class_code,pace_yoso,uma_deokure_bin,joken_class_code,57,147481,74.53,4.87,73.27,False
SURFACE_2_芝,kyori_tekisei_2+ls_shisu_juni+pace_shisu_juni,kyori_tekisei_2,ls_shisu_juni,pace_shisu_juni,101,17141,75.48,11.34,73.27,False
SURFACE_2_芝,keibajo_code+bataiju_zogen+rotation_bin,keibajo_code,bataiju_zogen,rotation_bin,460,120175,74.16,9.88,73.26,False
SURFACE_2_芝,hizume_code+kyori_tekisei_2+ls_shisu_juni,hizume_code,kyori_tekisei_2,ls_shisu_juni,91,22314,75.28,9.85,73.25,False
SURFACE_2_芝,uma_start_shisu_decile+bataiju_zogen+manken_shisu_decile,uma_start_shisu_decile,bataiju_zogen,manken_shisu_decile,451,110553,74.14,9.6,73.25,False
SURFACE_2_芝,manken_shisu_decile+ten_shisu_juni+pace_shisu_juni,manken_shisu_decile,ten_shisu_juni,pace_shisu_juni,479,91950,74.25,11.13,73.25,False
SURFACE_2_芝,manken_shirushi+rotation_bin+class_code,manken_shirushi,rotation_bin,class_code,238,72025,74.5,9.96,73.24,False
SURFACE_2_芝,manken_shirushi+joken_class_code+kyori_tekisei,manken_shirushi,joken_class_code,kyori_tekisei,131,105142,74.45,7.06,73.24,False
SURFACE_2_芝,pace_yoso+kyori_kubun+joken_class_code,pace_yoso,kyori_kubun,joken_class_code,55,170829,73.77,2.06,73.23,False
SURFACE_2_芝,keibajo_code+bataiju+class_code,keibajo_code,bataiju,class_code,212,24946,74.86,12.12,73.23,False
SURFACE_2_芝,keibajo_code+pace_yoso+kyori_tekisei,keibajo_code,pace_yoso,kyori_tekisei,129,167771,74.13,5.32,73.22,False
SURFACE_2_芝,uma_deokure_bin+joken_class_code+hizume_code,uma_deokure_bin,joken_class_code,hizume_code,207,140293,74.42,8.79,73.22,False
SURFACE_2_芝,manken_shirushi+kyori_kubun+class_code,manken_shirushi,kyori_kubun,class_code,214,80942,74.61,10.35,73.22,False
SURFACE_2_芝,uma_start_shisu_decile+omo_tekisei_code+bataiju,uma_start_shisu_decile,omo_tekisei_code,bataiju,535,108695,74.12,10.64,73.22,False
SURFACE_2_芝,manken_shirushi+uma_start_shisu_decile+class_code,manken_shirushi,uma_start_shisu_decile,class_code,249,70163,74.48,10.27,73.2,False
SURFACE_2_芝,pace_yoso+kyori_tekisei_2+ichi_shisu_juni,pace_yoso,kyori_tekisei_2,ichi_shisu_juni,79,28315,75.13,8.76,73.2,False
SURFACE_2_芝,hizume_code+bataiju_zogen+bataiju,hizume_code,bataiju_zogen,bataiju,105,12092,75.48,11.95,73.2,False
SURFACE_2_芝,keibajo_code+uma_deokure_bin+kyori_tekisei_2,keibajo_code,uma_deokure_bin,kyori_tekisei_2,106,27489,74.98,9.33,73.2,False
SURFACE_2_芝,keibajo_code+pace_yoso+class_code,keibajo_code,pace_yoso,class_code,246,140339,74.37,9.37,73.2,False
SURFACE_2_芝,uma_start_shisu_decile+bataiju_zogen+rotation_bin,uma_start_shisu_decile,bataiju_zogen,rotation_bin,397,124417,74.11,9.34,73.19,False
SURFACE_2_芝,manken_shirushi+uma_start_shisu_decile+shiba_tekisei_code,manken_shirushi,uma_start_shisu_decile,shiba_tekisei_code,176,91895,74.41,8.24,73.19,False
SURFACE_2_芝,pace_yoso+kyori_tekisei+hizume_code,pace_yoso,kyori_tekisei,hizume_code,140,140788,74.26,6.42,73.19,False
SURFACE_2_芝,keibajo_code+kyori_tekisei_2+ls_shisu_juni,keibajo_code,kyori_tekisei_2,ls_shisu_juni,103,23751,74.87,8.72,73.19,False
SURFACE_2_芝,hizume_code+kyori_tekisei_2+ichi_shisu_juni,hizume_code,kyori_tekisei_2,ichi_shisu_juni,98,15220,75.38,11.07,73.19,False
SURFACE_2_芝,keibajo_code+hizume_code+bataiju_zogen,keibajo_code,hizume_code,bataiju_zogen,438,99441,74.13,9.98,73.19,False
SURFACE_2_芝,uma_deokure_bin+uma_start_shisu_decile+kyori_tekisei_2,uma_deokure_bin,uma_start_shisu_decile,kyori_tekisei_2,77,28439,75.25,9.24,73.19,False
SURFACE_2_芝,manken_shirushi+kyakushitsu+ichi_shisu_juni,manken_shirushi,kyakushitsu,ichi_shisu_juni,311,100359,74.29,9.97,73.18,False
SURFACE_2_芝,uma_deokure_bin+joken_class_code+kyori_tekisei_2,uma_deokure_bin,joken_class_code,kyori_tekisei_2,63,30010,75.04,7.54,73.18,False
SURFACE_2_芝,joken_class_code+bataiju_zogen+kyori_tekisei_2,joken_class_code,bataiju_zogen,kyori_tekisei_2,98,24349,75.04,9.4,73.18,False
SURFACE_2_芝,uma_start_shisu_decile+manken_shisu_decile+kyori_tekisei_2,uma_start_shisu_decile,manken_shisu_decile,kyori_tekisei_2,99,25245,75.15,10.05,73.17,False
SURFACE_2_芝,pace_yoso+hizume_code+rotation_bin,pace_yoso,hizume_code,rotation_bin,191,139541,74.36,8.4,73.17,False
SURFACE_2_芝,hizume_code+bataiju_zogen+pace_shisu_juni,hizume_code,bataiju_zogen,pace_shisu_juni,407,75800,74.09,9.44,73.17,False
SURFACE_2_芝,manken_shirushi+kyori_tekisei+pace_shisu_juni,manken_shirushi,kyori_tekisei,pace_shisu_juni,397,97076,74.12,9.77,73.16,False
SURFACE_2_芝,manken_shirushi+uma_deokure_bin+ls_shisu_juni,manken_shirushi,uma_deokure_bin,ls_shisu_juni,202,86232,74.63,10.64,73.16,False
SURFACE_2_芝,joken_class_code+kyori_tekisei+bataiju,joken_class_code,kyori_tekisei,bataiju,523,136629,74.0,9.84,73.16,False
SURFACE_2_芝,uma_start_shisu_decile+hizume_code+ichi_shisu_juni,uma_start_shisu_decile,hizume_code,ichi_shisu_juni,432,104305,74.14,10.31,73.16,False
SURFACE_2_芝,bataiju_zogen+shiba_tekisei_code+kyori_tekisei_2,bataiju_zogen,shiba_tekisei_code,kyori_tekisei_2,67,28016,74.97,7.62,73.15,False
SURFACE_2_芝,pace_yoso+kyori_tekisei+kyori_tekisei_2,pace_yoso,kyori_tekisei,kyori_tekisei_2,12,30219,75.41,4.0,73.15,False
SURFACE_2_芝,manken_shirushi+kyori_tekisei+ten_shisu_juni,manken_shirushi,kyori_tekisei,ten_shisu_juni,400,96479,74.15,10.23,73.15,False
SURFACE_2_芝,manken_shirushi+joken_class_code+ten_shisu_juni,manken_shirushi,joken_class_code,ten_shisu_juni,327,86828,74.2,9.66,73.15,False
SURFACE_2_芝,manken_shirushi+uma_deokure_bin+kyori_tekisei,manken_shirushi,uma_deokure_bin,kyori_tekisei,137,91575,74.34,7.2,73.14,False
SURFACE_2_芝,pace_yoso+kyori_tekisei_2+ten_shisu_juni,pace_yoso,kyori_tekisei_2,ten_shisu_juni,80,28278,74.84,7.74,73.14,False
SURFACE_2_芝,kyori_kubun+uma_deokure_bin+omo_tekisei_code,kyori_kubun,uma_deokure_bin,omo_tekisei_code,59,147207,74.42,5.1,73.12,False
SURFACE_2_芝,hizume_code+manken_shisu_decile+pace_shisu_juni,hizume_code,manken_shisu_decile,pace_shisu_juni,476,91832,74.06,10.4,73.12,False
SURFACE_2_芝,manken_shirushi+shiba_tekisei_code+ten_shisu_juni,manken_shirushi,shiba_tekisei_code,ten_shisu_juni,304,85861,74.28,10.29,73.12,False
SURFACE_2_芝,omo_tekisei_code+rotation_bin+bataiju,omo_tekisei_code,rotation_bin,bataiju,472,110658,73.96,9.34,73.12,False
SURFACE_2_芝,uma_start_shisu_decile+kyori_tekisei_2+ten_shisu_juni,uma_start_shisu_decile,kyori_tekisei_2,ten_shisu_juni,94,16914,75.09,9.82,73.11,False
SURFACE_2_芝,keibajo_code+rotation_bin+class_code,keibajo_code,rotation_bin,class_code,357,121408,74.18,10.31,73.11,False
SURFACE_2_芝,manken_shirushi+omo_tekisei_code+ten_shisu_juni,manken_shirushi,omo_tekisei_code,ten_shisu_juni,254,85942,74.15,8.57,73.1,False
SURFACE_2_芝,kyori_kubun+uma_deokure_bin+bataiju,kyori_kubun,uma_deokure_bin,bataiju,444,110329,74.0,9.65,73.1,False
SURFACE_2_芝,kyori_kubun+hizume_code+shiba_tekisei_code,kyori_kubun,hizume_code,shiba_tekisei_code,133,140273,74.52,8.31,73.1,False
SURFACE_2_芝,kyori_kubun+bataiju+shiba_tekisei_code,kyori_kubun,bataiju,shiba_tekisei_code,437,125738,74.02,9.77,73.1,False
SURFACE_2_芝,kyori_kubun+kyori_tekisei_2+pace_shisu_juni,kyori_kubun,kyori_tekisei_2,pace_shisu_juni,85,26555,74.77,7.92,73.09,False
SURFACE_2_芝,uma_start_shisu_decile+rotation_bin+kyori_tekisei_2,uma_start_shisu_decile,rotation_bin,kyori_tekisei_2,95,26253,75.26,10.79,73.09,False
SURFACE_2_芝,manken_shirushi+hizume_code+class_code,manken_shirushi,hizume_code,class_code,238,61976,74.36,10.03,73.09,False
SURFACE_2_芝,kyori_kubun+uma_deokure_bin+kyori_tekisei_2,kyori_kubun,uma_deokure_bin,kyori_tekisei_2,40,29960,75.3,7.13,73.09,False
SURFACE_2_芝,uma_start_shisu_decile+hizume_code+ten_shisu_juni,uma_start_shisu_decile,hizume_code,ten_shisu_juni,444,102750,74.02,10.15,73.08,False
SURFACE_2_芝,keibajo_code+bataiju_zogen+class_code,keibajo_code,bataiju_zogen,class_code,365,94826,74.02,9.24,73.08,False
SURFACE_2_芝,kyori_kubun+omo_tekisei_code+bataiju,kyori_kubun,omo_tekisei_code,bataiju,400,127654,73.94,8.81,73.08,False
SURFACE_2_芝,keibajo_code+uma_deokure_bin+kyori_tekisei,keibajo_code,uma_deokure_bin,kyori_tekisei,177,143201,74.23,7.86,73.08,False
SURFACE_2_芝,hizume_code+bataiju+class_code,hizume_code,bataiju,class_code,251,39217,74.46,11.14,73.08,False
SURFACE_2_芝,uma_start_shisu_decile+manken_shisu_decile+ichi_shisu_juni,uma_start_shisu_decile,manken_shisu_decile,ichi_shisu_juni,497,106280,74.01,10.69,73.07,False
SURFACE_2_芝,uma_start_shisu_decile+hizume_code+pace_shisu_juni,uma_start_shisu_decile,hizume_code,pace_shisu_juni,448,103104,73.98,9.82,73.07,False
SURFACE_2_芝,keibajo_code+uma_start_shisu_decile+kyori_tekisei_2,keibajo_code,uma_start_shisu_decile,kyori_tekisei_2,110,23543,75.1,10.92,73.06,False
SURFACE_2_芝,pace_yoso+bataiju+class_code,pace_yoso,bataiju,class_code,386,94256,74.07,10.09,73.06,False
SURFACE_2_芝,hizume_code+bataiju_zogen+manken_shisu_decile,hizume_code,bataiju_zogen,manken_shisu_decile,420,97750,73.96,9.36,73.06,False
SURFACE_2_芝,kyori_kubun+bataiju_zogen+rotation_bin,kyori_kubun,bataiju_zogen,rotation_bin,286,136500,74.03,8.33,73.06,False
SURFACE_2_芝,keibajo_code+shiba_tekisei_code+kyori_tekisei_2,keibajo_code,shiba_tekisei_code,kyori_tekisei_2,56,30021,74.54,5.67,73.05,False
SURFACE_2_芝,keibajo_code+kyori_kubun+joken_class_code,keibajo_code,kyori_kubun,joken_class_code,169,170693,73.35,2.01,73.05,False
SURFACE_2_芝,joken_class_code+omo_tekisei_code+bataiju,joken_class_code,omo_tekisei_code,bataiju,406,123701,73.98,9.6,73.05,False
SURFACE_2_芝,pace_yoso+uma_start_shisu_decile+omo_tekisei_code,pace_yoso,uma_start_shisu_decile,omo_tekisei_code,64,146609,74.35,5.31,73.04,False
SURFACE_2_芝,shiba_tekisei_code+kyori_tekisei_2+pace_shisu_juni,shiba_tekisei_code,kyori_tekisei_2,pace_shisu_juni,86,29224,74.8,8.34,73.04,False
SURFACE_2_芝,keibajo_code+uma_start_shisu_decile+ichi_shisu_juni,keibajo_code,uma_start_shisu_decile,ichi_shisu_juni,516,105354,73.98,10.84,73.04,False
SURFACE_2_芝,keibajo_code+hizume_code+pace_shisu_juni,keibajo_code,hizume_code,pace_shisu_juni,481,90302,73.98,10.5,73.04,False
SURFACE_2_芝,pace_yoso+omo_tekisei_code+bataiju,pace_yoso,omo_tekisei_code,bataiju,336,134740,73.92,8.3,73.03,False
SURFACE_2_芝,manken_shirushi+hizume_code+ls_shisu_juni,manken_shirushi,hizume_code,ls_shisu_juni,286,72526,74.33,11.22,73.03,False
SURFACE_2_芝,uma_deokure_bin+hizume_code+omo_tekisei_code,uma_deokure_bin,hizume_code,omo_tekisei_code,136,144096,74.38,8.01,73.03,False
SURFACE_2_芝,bataiju_zogen+kijun_ninkijun_tansho+ten_shisu_juni,bataiju_zogen,kijun_ninkijun_tansho,ten_shisu_juni,368,50483,74.39,13.34,73.02,False
SURFACE_2_芝,kyori_tekisei+uma_start_shisu_decile+kyori_tekisei_2,kyori_tekisei,uma_start_shisu_decile,kyori_tekisei_2,27,29741,76.48,9.17,73.02,False
SURFACE_2_芝,uma_start_shisu_decile+manken_shisu_decile+pace_shisu_juni,uma_start_shisu_decile,manken_shisu_decile,pace_shisu_juni,524,105633,73.94,10.76,73.02,False
SURFACE_2_芝,rotation_bin+kyori_tekisei_2+pace_shisu_juni,rotation_bin,kyori_tekisei_2,pace_shisu_juni,112,19192,74.92,10.28,73.01,False
SURFACE_2_芝,manken_shirushi+bataiju_zogen+kyori_tekisei_2,manken_shirushi,bataiju_zogen,kyori_tekisei_2,63,9323,76.08,12.46,73.01,False
SURFACE_2_芝,manken_shirushi+rotation_bin+shiba_tekisei_code,manken_shirushi,rotation_bin,shiba_tekisei_code,158,91340,74.4,8.89,73.01,False
SURFACE_2_芝,uma_deokure_bin+kyori_tekisei+omo_tekisei_code,uma_deokure_bin,kyori_tekisei,omo_tekisei_code,62,144199,74.45,5.77,73.01,False
SURFACE_2_芝,keibajo_code+uma_deokure_bin+bataiju_zogen,keibajo_code,uma_deokure_bin,bataiju_zogen,376,126541,73.95,9.29,73.01,False
SURFACE_2_芝,keibajo_code+pace_yoso+bataiju_zogen,keibajo_code,pace_yoso,bataiju_zogen,312,136828,73.86,7.63,73.01,False
SURFACE_2_芝,pace_yoso+uma_deokure_bin+bataiju_zogen,pace_yoso,uma_deokure_bin,bataiju_zogen,165,142694,74.08,7.09,73.0,False
SURFACE_2_芝,uma_deokure_bin+bataiju+kyakushitsu,uma_deokure_bin,bataiju,kyakushitsu,427,111734,74.03,11.0,72.99,False
SURFACE_2_芝,manken_shirushi+kyori_tekisei+rotation_bin,manken_shirushi,kyori_tekisei,rotation_bin,203,89178,74.2,8.85,72.99,False
SURFACE_2_芝,uma_start_shisu_decile+hizume_code+bataiju_zogen,uma_start_shisu_decile,hizume_code,bataiju_zogen,389,106170,73.88,9.06,72.98,False
SURFACE_2_芝,joken_class_code+kyori_tekisei+omo_tekisei_code,joken_class_code,kyori_tekisei,omo_tekisei_code,58,146389,74.44,5.64,72.98,False
SURFACE_2_芝,keibajo_code+pace_yoso+omo_tekisei_code,keibajo_code,pace_yoso,omo_tekisei_code,88,148613,74.12,5.48,72.98,False
SURFACE_2_芝,keibajo_code+joken_class_code+uma_start_shisu_decile,keibajo_code,joken_class_code,uma_start_shisu_decile,321,143591,73.81,7.59,72.97,False
SURFACE_2_芝,uma_deokure_bin+kyori_tekisei+uma_start_shisu_decile,uma_deokure_bin,kyori_tekisei,uma_start_shisu_decile,139,143333,74.29,7.95,72.97,False
SURFACE_2_芝,manken_shirushi+kyori_tekisei+kyori_tekisei_2,manken_shirushi,kyori_tekisei,kyori_tekisei_2,24,20534,75.03,5.15,72.97,False
SURFACE_2_芝,keibajo_code+pace_yoso+hizume_code,keibajo_code,pace_yoso,hizume_code,242,138335,74.07,8.71,72.97,False
SURFACE_2_芝,joken_class_code+kyori_tekisei_2+kyakushitsu,joken_class_code,kyori_tekisei_2,kyakushitsu,50,29813,75.16,7.91,72.97,False
SURFACE_2_芝,joken_class_code+hizume_code+omo_tekisei_code,joken_class_code,hizume_code,omo_tekisei_code,129,143725,74.18,7.05,72.96,False
SURFACE_2_芝,uma_deokure_bin+kyori_tekisei+bataiju,uma_deokure_bin,kyori_tekisei,bataiju,480,110927,73.89,10.42,72.96,False
SURFACE_2_芝,hizume_code+kyori_tekisei_2+kyuyo_riyu_bunrui_code,hizume_code,kyori_tekisei_2,kyuyo_riyu_bunrui_code,20,6447,75.84,6.58,72.96,False
SURFACE_2_芝,keibajo_code+uma_start_shisu_decile+omo_tekisei_code,keibajo_code,uma_start_shisu_decile,omo_tekisei_code,198,144438,73.89,6.66,72.96,False
SURFACE_2_芝,kyori_kubun+joken_class_code+bataiju,kyori_kubun,joken_class_code,bataiju,529,134083,73.83,10.13,72.96,False
SURFACE_2_芝,kyori_kubun+kyori_tekisei_2+ten_shisu_juni,kyori_kubun,kyori_tekisei_2,ten_shisu_juni,87,26514,74.66,8.09,72.96,False
SURFACE_2_芝,uma_deokure_bin+manken_shisu_decile+kyori_tekisei_2,uma_deokure_bin,manken_shisu_decile,kyori_tekisei_2,85,27479,74.8,8.63,72.96,False
SURFACE_2_芝,pace_yoso+joken_class_code+omo_tekisei_code,pace_yoso,joken_class_code,omo_tekisei_code,40,149207,74.24,4.15,72.95,False
SURFACE_2_芝,manken_shirushi+shiba_tekisei_code+kyori_tekisei_2,manken_shirushi,shiba_tekisei_code,kyori_tekisei_2,48,21115,75.11,7.65,72.95,False
SURFACE_2_芝,manken_shirushi+uma_start_shisu_decile+kyuyo_riyu_bunrui_code,manken_shirushi,uma_start_shisu_decile,kyuyo_riyu_bunrui_code,64,20973,74.57,6.67,72.94,False
SURFACE_2_芝,keibajo_code+uma_start_shisu_decile+pace_shisu_juni,keibajo_code,uma_start_shisu_decile,pace_shisu_juni,526,102640,73.85,10.6,72.94,False
SURFACE_2_芝,kyori_kubun+kyori_tekisei_2+kyuyo_riyu_bunrui_code,kyori_kubun,kyori_tekisei_2,kyuyo_riyu_bunrui_code,11,7545,75.75,4.75,72.94,False
SURFACE_2_芝,keibajo_code+kyori_kubun+bataiju_zogen,keibajo_code,kyori_kubun,bataiju_zogen,356,134148,73.79,8.14,72.94,False
SURFACE_2_芝,uma_deokure_bin+kyori_tekisei_2+pace_shisu_juni,uma_deokure_bin,kyori_tekisei_2,pace_shisu_juni,119,23309,74.8,10.31,72.94,False
SURFACE_2_芝,keibajo_code+ten_shisu_juni+ichi_shisu_juni,keibajo_code,ten_shisu_juni,ichi_shisu_juni,472,86013,74.0,11.87,72.93,False
SURFACE_2_芝,manken_shirushi+kyori_tekisei_2+pace_shisu_juni,manken_shirushi,kyori_tekisei_2,pace_shisu_juni,49,5829,76.18,11.62,72.93,False
SURFACE_2_芝,manken_shirushi+omo_tekisei_code+kyakushitsu,manken_shirushi,omo_tekisei_code,kyakushitsu,99,94775,74.32,7.06,72.93,False
SURFACE_2_芝,manken_shirushi+omo_tekisei_code+ls_shisu_juni,manken_shirushi,omo_tekisei_code,ls_shisu_juni,150,90360,74.57,10.39,72.91,False
SURFACE_2_芝,uma_deokure_bin+joken_class_code+bataiju,uma_deokure_bin,joken_class_code,bataiju,417,104086,73.91,10.44,72.91,False
SURFACE_2_芝,omo_tekisei_code+bataiju+ls_shisu_juni,omo_tekisei_code,bataiju,ls_shisu_juni,510,108704,73.91,11.58,72.91,False
SURFACE_2_芝,uma_start_shisu_decile+manken_shisu_decile+ten_shisu_juni,uma_start_shisu_decile,manken_shisu_decile,ten_shisu_juni,526,105342,73.83,10.82,72.9,False
SURFACE_2_芝,rotation_bin+ten_shisu_juni+ichi_shisu_juni,rotation_bin,ten_shisu_juni,ichi_shisu_juni,502,93147,73.86,10.96,72.9,False
SURFACE_2_芝,kyori_kubun+kyori_tekisei+bataiju,kyori_kubun,kyori_tekisei,bataiju,486,144886,73.74,9.53,72.9,False
SURFACE_2_芝,uma_deokure_bin+hizume_code+shiba_tekisei_code,uma_deokure_bin,hizume_code,shiba_tekisei_code,143,139259,74.22,8.08,72.89,False
SURFACE_2_芝,hizume_code+rotation_bin+ten_shisu_juni,hizume_code,rotation_bin,ten_shisu_juni,456,107096,73.88,10.75,72.89,False
SURFACE_2_芝,keibajo_code+omo_tekisei_code+ls_shisu_juni,keibajo_code,omo_tekisei_code,ls_shisu_juni,190,143490,74.14,8.82,72.89,False
SURFACE_2_芝,kyori_tekisei+bataiju+kyori_tekisei_2,kyori_tekisei,bataiju,kyori_tekisei_2,112,25012,74.59,9.16,72.89,False
SURFACE_2_芝,bataiju_zogen+rotation_bin+manken_shisu_decile,bataiju_zogen,rotation_bin,manken_shisu_decile,443,117605,73.78,9.63,72.89,False
SURFACE_2_芝,pace_yoso+uma_start_shisu_decile+hizume_code,pace_yoso,uma_start_shisu_decile,hizume_code,196,139075,73.98,7.74,72.89,False
SURFACE_2_芝,uma_start_shisu_decile+ten_shisu_juni+pace_shisu_juni,uma_start_shisu_decile,ten_shisu_juni,pace_shisu_juni,413,81815,73.95,11.02,72.89,False
SURFACE_2_芝,pace_yoso+hizume_code+class_code,pace_yoso,hizume_code,class_code,222,133177,74.15,9.64,72.88,False
SURFACE_2_芝,kyori_kubun+uma_deokure_bin+bataiju_zogen,kyori_kubun,uma_deokure_bin,bataiju_zogen,231,140102,73.87,7.65,72.88,False
SURFACE_2_芝,manken_shirushi+kyori_kubun+shiba_tekisei_code,manken_shirushi,kyori_kubun,shiba_tekisei_code,96,93043,74.16,6.48,72.87,False
SURFACE_2_芝,manken_shirushi+kyori_kubun+kyuyo_riyu_bunrui_code,manken_shirushi,kyori_kubun,kyuyo_riyu_bunrui_code,34,21214,74.93,6.13,72.87,False
SURFACE_2_芝,keibajo_code+pace_yoso+rotation_bin,keibajo_code,pace_yoso,rotation_bin,200,146630,73.88,7.31,72.87,False
SURFACE_2_芝,pace_yoso+hizume_code+kyakushitsu,pace_yoso,hizume_code,kyakushitsu,134,143778,74.21,7.95,72.87,False
SURFACE_2_芝,pace_yoso+omo_tekisei_code+rotation_bin,pace_yoso,omo_tekisei_code,rotation_bin,61,146742,74.4,6.11,72.87,False
SURFACE_2_芝,keibajo_code+pace_yoso+uma_start_shisu_decile,keibajo_code,pace_yoso,uma_start_shisu_decile,206,146045,73.76,6.48,72.87,False
SURFACE_2_芝,bataiju+manken_shisu_decile+kyuyo_riyu_bunrui_code,bataiju,manken_shisu_decile,kyuyo_riyu_bunrui_code,81,10068,75.02,9.93,72.86,False
SURFACE_2_芝,keibajo_code+kyori_tekisei+class_code,keibajo_code,kyori_tekisei,class_code,281,130862,73.96,9.38,72.86,False
SURFACE_2_芝,hizume_code+rotation_bin+class_code,hizume_code,rotation_bin,class_code,312,114118,74.0,10.29,72.86,False
SURFACE_2_芝,joken_class_code+bataiju_zogen+ten_shisu_juni,joken_class_code,bataiju_zogen,ten_shisu_juni,472,110533,73.77,10.16,72.86,False
SURFACE_2_芝,pace_yoso+bataiju_zogen+pace_shisu_juni,pace_yoso,bataiju_zogen,pace_shisu_juni,386,127204,73.73,8.71,72.86,False
SURFACE_2_芝,kyori_kubun+hizume_code+bataiju_zogen,kyori_kubun,hizume_code,bataiju_zogen,331,124147,73.69,7.87,72.85,False
SURFACE_2_芝,manken_shirushi+omo_tekisei_code+kyori_tekisei_2,manken_shirushi,omo_tekisei_code,kyori_tekisei_2,57,20029,75.36,9.68,72.85,False
SURFACE_2_芝,rotation_bin+kyori_tekisei_2+ichi_shisu_juni,rotation_bin,kyori_tekisei_2,ichi_shisu_juni,115,19267,74.81,10.7,72.85,False
SURFACE_2_芝,keibajo_code+manken_shisu_decile+ls_shisu_juni,keibajo_code,manken_shisu_decile,ls_shisu_juni,498,152280,73.78,10.51,72.85,False
SURFACE_2_芝,manken_shirushi+kyori_tekisei+omo_tekisei_code,manken_shirushi,kyori_tekisei,omo_tekisei_code,96,92605,74.23,6.89,72.85,False
SURFACE_2_芝,hizume_code+class_code+kyakushitsu,hizume_code,class_code,kyakushitsu,279,126033,74.09,10.61,72.85,False
SURFACE_2_芝,pace_yoso+hizume_code+bataiju_zogen,pace_yoso,hizume_code,bataiju_zogen,269,128751,73.86,8.49,72.84,False
SURFACE_2_芝,manken_shirushi+kijun_ninkijun_tansho+ichi_shisu_juni,manken_shirushi,kijun_ninkijun_tansho,ichi_shisu_juni,301,50677,74.36,13.52,72.84,False
SURFACE_2_芝,joken_class_code+uma_start_shisu_decile+hizume_code,joken_class_code,uma_start_shisu_decile,hizume_code,286,134697,73.78,8.06,72.84,False
SURFACE_2_芝,kyori_kubun+shiba_tekisei_code+kyori_tekisei_2,kyori_kubun,shiba_tekisei_code,kyori_tekisei_2,19,30278,74.56,3.84,72.83,False
SURFACE_2_芝,joken_class_code+bataiju+kyakushitsu,joken_class_code,bataiju,kyakushitsu,582,134864,73.71,10.84,72.83,False
SURFACE_2_芝,manken_shirushi+hizume_code+kyori_tekisei_2,manken_shirushi,hizume_code,kyori_tekisei_2,78,13524,75.4,11.59,72.83,False
SURFACE_2_芝,uma_deokure_bin+bataiju+shiba_tekisei_code,uma_deokure_bin,bataiju,shiba_tekisei_code,393,121035,73.81,9.94,72.83,False
SURFACE_2_芝,keibajo_code+kyori_tekisei+bataiju_zogen,keibajo_code,kyori_tekisei,bataiju_zogen,372,127341,73.7,8.69,72.82,False
SURFACE_2_芝,pace_yoso+uma_start_shisu_decile+bataiju_zogen,pace_yoso,uma_start_shisu_decile,bataiju_zogen,248,138184,73.85,8.25,72.82,False
SURFACE_2_芝,bataiju_zogen+kyori_tekisei_2+kyakushitsu,bataiju_zogen,kyori_tekisei_2,kyakushitsu,92,25609,74.86,9.96,72.82,False
SURFACE_2_芝,bataiju_zogen+omo_tekisei_code+ten_shisu_juni,bataiju_zogen,omo_tekisei_code,ten_shisu_juni,361,124746,73.75,8.99,72.82,False
SURFACE_2_芝,keibajo_code+pace_yoso+shiba_tekisei_code,keibajo_code,pace_yoso,shiba_tekisei_code,79,144272,73.84,4.64,72.82,False
SURFACE_2_芝,keibajo_code+bataiju_zogen+ls_shisu_juni,keibajo_code,bataiju_zogen,ls_shisu_juni,433,114424,73.83,10.7,72.82,False
SURFACE_2_芝,kyori_tekisei+rotation_bin+kyori_tekisei_2,kyori_tekisei,rotation_bin,kyori_tekisei_2,24,29484,74.85,5.09,72.81,False
SURFACE_2_芝,manken_shirushi+kyori_kubun+kyakushitsu,manken_shirushi,kyori_kubun,kyakushitsu,150,108128,74.04,7.68,72.81,False
SURFACE_2_芝,joken_class_code+hizume_code+bataiju_zogen,joken_class_code,hizume_code,bataiju_zogen,341,119285,73.72,8.58,72.81,False
SURFACE_2_芝,manken_shirushi+shiba_tekisei_code+kyuyo_riyu_bunrui_code,manken_shirushi,shiba_tekisei_code,kyuyo_riyu_bunrui_code,32,21646,74.89,5.99,72.81,False
SURFACE_2_芝,manken_shirushi+pace_yoso+kyuyo_riyu_bunrui_code,manken_shirushi,pace_yoso,kyuyo_riyu_bunrui_code,33,22107,74.76,5.71,72.81,False
SURFACE_2_芝,uma_start_shisu_decile+hizume_code+shiba_tekisei_code,uma_start_shisu_decile,hizume_code,shiba_tekisei_code,207,136146,73.92,8.14,72.81,False
SURFACE_2_芝,keibajo_code+class_code+kyakushitsu,keibajo_code,class_code,kyakushitsu,314,133180,74.03,11.04,72.81,False
SURFACE_2_芝,manken_shisu_decile+class_code+kyori_tekisei_2,manken_shisu_decile,class_code,kyori_tekisei_2,85,20941,74.62,8.55,72.8,False
SURFACE_2_芝,pace_yoso+bataiju+kyakushitsu,pace_yoso,bataiju,kyakushitsu,481,145009,73.62,9.17,72.8,False
SURFACE_2_芝,kyori_kubun+joken_class_code+hizume_code,kyori_kubun,joken_class_code,hizume_code,188,141090,73.92,7.86,72.79,False
SURFACE_2_芝,omo_tekisei_code+bataiju+shiba_tekisei_code,omo_tekisei_code,bataiju,shiba_tekisei_code,329,131599,73.73,8.73,72.79,False
SURFACE_2_芝,uma_deokure_bin+bataiju_zogen+manken_shisu_decile,uma_deokure_bin,bataiju_zogen,manken_shisu_decile,357,125328,73.73,9.09,72.79,False
SURFACE_2_芝,hizume_code+bataiju_zogen+class_code,hizume_code,bataiju_zogen,class_code,332,91965,73.82,9.58,72.79,False
SURFACE_2_芝,manken_shirushi+joken_class_code+shiba_tekisei_code,manken_shirushi,joken_class_code,shiba_tekisei_code,86,92082,74.27,7.0,72.79,False
SURFACE_2_芝,manken_shirushi+shiba_tekisei_code+pace_shisu_juni,manken_shirushi,shiba_tekisei_code,pace_shisu_juni,300,86263,73.83,9.28,72.78,False
SURFACE_2_芝,kyori_tekisei_2+ten_shisu_juni+kyuyo_riyu_bunrui_code,kyori_tekisei_2,ten_shisu_juni,kyuyo_riyu_bunrui_code,38,6525,75.79,9.45,72.78,False
SURFACE_2_芝,omo_tekisei_code+kyori_tekisei_2+pace_shisu_juni,omo_tekisei_code,kyori_tekisei_2,pace_shisu_juni,91,26935,74.51,8.4,72.78,False
SURFACE_2_芝,manken_shirushi+kyori_tekisei+shiba_tekisei_code,manken_shirushi,kyori_tekisei,shiba_tekisei_code,87,91357,74.15,6.54,72.78,False
SURFACE_2_芝,hizume_code+omo_tekisei_code+bataiju,hizume_code,omo_tekisei_code,bataiju,441,98741,73.73,10.25,72.77,False
SURFACE_2_芝,pace_yoso+kyori_kubun+bataiju,pace_yoso,kyori_kubun,bataiju,486,154049,73.56,8.89,72.77,False
SURFACE_2_芝,keibajo_code+joken_class_code+bataiju_zogen,keibajo_code,joken_class_code,bataiju_zogen,397,127382,73.65,8.94,72.77,False
SURFACE_2_芝,keibajo_code+uma_start_shisu_decile+rotation_bin,keibajo_code,uma_start_shisu_decile,rotation_bin,425,137936,73.59,8.75,72.76,False
SURFACE_2_芝,keibajo_code+kyori_kubun+class_code,keibajo_code,kyori_kubun,class_code,285,135097,73.78,8.82,72.76,False
SURFACE_2_芝,uma_deokure_bin+bataiju_zogen+ichi_shisu_juni,uma_deokure_bin,bataiju_zogen,ichi_shisu_juni,392,110123,73.75,10.02,72.76,False
SURFACE_2_芝,keibajo_code+kyori_kubun+uma_start_shisu_decile,keibajo_code,kyori_kubun,uma_start_shisu_decile,261,146332,73.63,7.19,72.76,False
SURFACE_2_芝,rotation_bin+manken_shisu_decile+class_code,rotation_bin,manken_shisu_decile,class_code,342,120334,73.89,10.69,72.76,False
SURFACE_2_芝,pace_yoso+kyori_tekisei+bataiju,pace_yoso,kyori_tekisei,bataiju,456,146291,73.6,9.23,72.75,False
SURFACE_2_芝,manken_shirushi+kyakushitsu+ten_shisu_juni,manken_shirushi,kyakushitsu,ten_shisu_juni,417,98938,73.84,11.43,72.75,False
SURFACE_2_芝,uma_start_shisu_decile+kyori_tekisei_2+kyakushitsu,uma_start_shisu_decile,kyori_tekisei_2,kyakushitsu,62,29064,75.16,9.71,72.74,False
SURFACE_2_芝,uma_start_shisu_decile+hizume_code+rotation_bin,uma_start_shisu_decile,hizume_code,rotation_bin,347,127516,73.68,8.9,72.74,False
SURFACE_2_芝,joken_class_code+bataiju+class_code,joken_class_code,bataiju,class_code,335,112161,73.9,10.82,72.74,False
SURFACE_2_芝,manken_shirushi+kyori_tekisei+uma_start_shisu_decile,manken_shirushi,kyori_tekisei,uma_start_shisu_decile,227,90052,73.89,8.81,72.74,False
SURFACE_2_芝,omo_tekisei_code+bataiju+class_code,omo_tekisei_code,bataiju,class_code,331,86774,73.86,10.44,72.74,False
SURFACE_2_芝,hizume_code+omo_tekisei_code+rotation_bin,hizume_code,omo_tekisei_code,rotation_bin,177,140902,73.91,8.03,72.73,False
SURFACE_2_芝,keibajo_code+rotation_bin+ichi_shisu_juni,keibajo_code,rotation_bin,ichi_shisu_juni,575,116271,73.61,10.93,72.72,False
SURFACE_2_芝,pace_yoso+uma_start_shisu_decile+class_code,pace_yoso,uma_start_shisu_decile,class_code,202,140687,74.0,9.39,72.71,False
SURFACE_2_芝,keibajo_code+pace_shisu_juni+ichi_shisu_juni,keibajo_code,pace_shisu_juni,ichi_shisu_juni,475,86314,73.78,11.93,72.71,False
SURFACE_2_芝,uma_start_shisu_decile+ten_shisu_juni+ichi_shisu_juni,uma_start_shisu_decile,ten_shisu_juni,ichi_shisu_juni,407,82567,73.75,10.71,72.71,False
SURFACE_2_芝,uma_deokure_bin+omo_tekisei_code+bataiju,uma_deokure_bin,omo_tekisei_code,bataiju,395,122973,73.72,10.18,72.71,False
SURFACE_2_芝,uma_deokure_bin+hizume_code+bataiju_zogen,uma_deokure_bin,hizume_code,bataiju_zogen,320,120215,73.68,8.82,72.71,False
SURFACE_2_芝,manken_shisu_decile+shiba_tekisei_code+kyori_tekisei_2,manken_shisu_decile,shiba_tekisei_code,kyori_tekisei_2,44,29189,74.95,7.6,72.71,False
SURFACE_2_芝,keibajo_code+joken_class_code+rotation_bin,keibajo_code,joken_class_code,rotation_bin,277,142518,73.65,8.05,72.7,False
SURFACE_2_芝,uma_deokure_bin+kyori_tekisei_2+ten_shisu_juni,uma_deokure_bin,kyori_tekisei_2,ten_shisu_juni,116,22608,74.63,10.6,72.7,False
SURFACE_2_芝,uma_start_shisu_decile+hizume_code+class_code,uma_start_shisu_decile,hizume_code,class_code,323,111228,73.84,10.46,72.7,False
SURFACE_2_芝,hizume_code+rotation_bin+pace_shisu_juni,hizume_code,rotation_bin,pace_shisu_juni,453,108332,73.63,10.07,72.7,False
SURFACE_2_芝,kyori_kubun+hizume_code+omo_tekisei_code,kyori_kubun,hizume_code,omo_tekisei_code,119,144372,74.01,7.28,72.7,False
SURFACE_2_芝,uma_start_shisu_decile+bataiju_zogen+omo_tekisei_code,uma_start_shisu_decile,bataiju_zogen,omo_tekisei_code,240,136593,73.7,7.92,72.7,False
SURFACE_2_芝,rotation_bin+pace_shisu_juni+ichi_shisu_juni,rotation_bin,pace_shisu_juni,ichi_shisu_juni,526,96896,73.67,11.44,72.69,False
SURFACE_2_芝,manken_shirushi+omo_tekisei_code+ichi_shisu_juni,manken_shirushi,omo_tekisei_code,ichi_shisu_juni,258,87163,73.82,9.25,72.69,False
SURFACE_2_芝,bataiju_zogen+omo_tekisei_code+ichi_shisu_juni,bataiju_zogen,omo_tekisei_code,ichi_shisu_juni,357,124929,73.66,9.34,72.69,False
SURFACE_2_芝,rotation_bin+manken_shisu_decile+ichi_shisu_juni,rotation_bin,manken_shisu_decile,ichi_shisu_juni,531,111958,73.61,10.77,72.69,False
SURFACE_2_芝,uma_start_shisu_decile+rotation_bin+class_code,uma_start_shisu_decile,rotation_bin,class_code,316,125218,73.78,10.05,72.68,False
SURFACE_2_芝,rotation_bin+kyori_tekisei_2+ls_shisu_juni,rotation_bin,kyori_tekisei_2,ls_shisu_juni,97,25981,74.56,9.43,72.68,False
SURFACE_2_芝,class_code+kyori_tekisei_2+kyakushitsu,class_code,kyori_tekisei_2,kyakushitsu,77,25756,75.04,10.56,72.68,False
SURFACE_2_芝,manken_shirushi+ls_shisu_juni+kyuyo_riyu_bunrui_code,manken_shirushi,ls_shisu_juni,kyuyo_riyu_bunrui_code,56,20349,75.19,9.57,72.68,False
SURFACE_2_芝,kyori_kubun+bataiju_zogen+pace_shisu_juni,kyori_kubun,bataiju_zogen,pace_shisu_juni,464,118920,73.54,9.43,72.68,False
SURFACE_2_芝,manken_shirushi+kyakushitsu+pace_shisu_juni,manken_shirushi,kyakushitsu,pace_shisu_juni,423,98678,73.75,11.16,72.68,False
SURFACE_2_芝,pace_yoso+uma_deokure_bin+rotation_bin,pace_yoso,uma_deokure_bin,rotation_bin,90,147229,74.11,6.92,72.68,False
SURFACE_2_芝,pace_yoso+kyori_kubun+uma_deokure_bin,pace_yoso,kyori_kubun,uma_deokure_bin,51,148002,73.98,4.73,72.68,False
SURFACE_2_芝,joken_class_code+bataiju_zogen+ichi_shisu_juni,joken_class_code,bataiju_zogen,ichi_shisu_juni,467,110965,73.63,10.49,72.68,False
SURFACE_2_芝,manken_shirushi+joken_class_code+kyori_tekisei_2,manken_shirushi,joken_class_code,kyori_tekisei_2,91,19739,74.56,9.13,72.68,False
SURFACE_2_芝,keibajo_code+hizume_code+ls_shisu_juni,keibajo_code,hizume_code,ls_shisu_juni,387,122551,73.83,11.63,72.67,False
SURFACE_2_芝,keibajo_code+uma_start_shisu_decile+ten_shisu_juni,keibajo_code,uma_start_shisu_decile,ten_shisu_juni,526,102693,73.63,11.17,72.67,False
SURFACE_2_芝,kyori_tekisei+class_code+ten_shisu_juni,kyori_tekisei,class_code,ten_shisu_juni,352,119591,73.81,11.02,72.66,False
SURFACE_2_芝,manken_shirushi+uma_deokure_bin+kyakushitsu,manken_shirushi,uma_deokure_bin,kyakushitsu,151,94067,74.13,9.26,72.66,False
SURFACE_2_芝,hizume_code+bataiju_zogen+kyakushitsu,hizume_code,bataiju_zogen,kyakushitsu,321,123413,73.62,8.78,72.65,False
SURFACE_2_芝,keibajo_code+manken_shisu_decile+pace_shisu_juni,keibajo_code,manken_shisu_decile,pace_shisu_juni,703,117287,73.55,12.13,72.65,False
SURFACE_2_芝,hizume_code+kyori_tekisei_2+pace_shisu_juni,hizume_code,kyori_tekisei_2,pace_shisu_juni,101,15606,74.59,9.97,72.65,False
SURFACE_2_芝,bataiju_zogen+kijun_ninkijun_tansho+pace_shisu_juni,bataiju_zogen,kijun_ninkijun_tansho,pace_shisu_juni,368,53268,73.9,12.21,72.65,False
SURFACE_2_芝,uma_deokure_bin+hizume_code+kyori_tekisei_2,uma_deokure_bin,hizume_code,kyori_tekisei_2,91,26606,74.6,9.48,72.65,False
SURFACE_2_芝,keibajo_code+omo_tekisei_code+shiba_tekisei_code,keibajo_code,omo_tekisei_code,shiba_tekisei_code,79,142928,73.73,4.94,72.64,False
SURFACE_2_芝,keibajo_code+manken_shisu_decile+ten_shisu_juni,keibajo_code,manken_shisu_decile,ten_shisu_juni,729,117562,73.54,12.39,72.64,False
SURFACE_2_芝,keibajo_code+rotation_bin+ls_shisu_juni,keibajo_code,rotation_bin,ls_shisu_juni,365,136462,73.69,10.25,72.64,False
SURFACE_2_芝,pace_yoso+uma_deokure_bin+bataiju,pace_yoso,uma_deokure_bin,bataiju,410,127004,73.55,9.42,72.64,False
SURFACE_2_芝,joken_class_code+kyori_tekisei_2+ten_shisu_juni,joken_class_code,kyori_tekisei_2,ten_shisu_juni,135,24738,74.26,9.61,72.64,False
SURFACE_2_芝,keibajo_code+uma_start_shisu_decile+class_code,keibajo_code,uma_start_shisu_decile,class_code,359,116982,73.68,10.07,72.64,False
SURFACE_2_芝,manken_shirushi+shiba_tekisei_code+kyakushitsu,manken_shirushi,shiba_tekisei_code,kyakushitsu,96,93042,74.15,7.61,72.63,False
SURFACE_2_芝,uma_start_shisu_decile+omo_tekisei_code+kyori_tekisei_2,uma_start_shisu_decile,omo_tekisei_code,kyori_tekisei_2,61,29872,74.59,7.82,72.63,False
SURFACE_2_芝,keibajo_code+kyori_kubun+omo_tekisei_code,keibajo_code,kyori_kubun,omo_tekisei_code,111,148344,73.55,4.92,72.63,False
SURFACE_2_芝,keibajo_code+uma_deokure_bin+ls_shisu_juni,keibajo_code,uma_deokure_bin,ls_shisu_juni,270,139834,73.71,9.01,72.63,False
SURFACE_2_芝,hizume_code+bataiju+kyuyo_riyu_bunrui_code,hizume_code,bataiju,kyuyo_riyu_bunrui_code,101,14582,74.55,9.85,72.63,False
SURFACE_2_芝,joken_class_code+kyori_tekisei_2+pace_shisu_juni,joken_class_code,kyori_tekisei_2,pace_shisu_juni,136,25413,74.16,9.05,72.63,False
SURFACE_2_芝,uma_deokure_bin+rotation_bin+ls_shisu_juni,uma_deokure_bin,rotation_bin,ls_shisu_juni,234,142719,73.86,9.61,72.62,False
SURFACE_2_芝,kyori_kubun+bataiju_zogen+manken_shisu_decile,kyori_kubun,bataiju_zogen,manken_shisu_decile,367,129310,73.48,8.42,72.62,False
SURFACE_2_芝,uma_deokure_bin+kyori_tekisei+hizume_code,uma_deokure_bin,kyori_tekisei,hizume_code,174,137032,73.81,8.03,72.62,False
SURFACE_2_芝,keibajo_code+kyori_kubun+hizume_code,keibajo_code,kyori_kubun,hizume_code,283,137024,73.61,8.52,72.62,False
SURFACE_2_芝,pace_yoso+kyori_kubun+bataiju_zogen,pace_yoso,kyori_kubun,bataiju_zogen,163,143612,73.69,6.96,72.62,False
SURFACE_2_芝,bataiju+shiba_tekisei_code+kyakushitsu,bataiju,shiba_tekisei_code,kyakushitsu,444,126617,73.54,9.87,72.62,False
SURFACE_2_芝,shiba_tekisei_code+kyori_tekisei_2+ten_shisu_juni,shiba_tekisei_code,kyori_tekisei_2,ten_shisu_juni,89,29215,74.27,7.92,72.62,False
SURFACE_2_芝,manken_shisu_decile+kyori_tekisei_2+kyakushitsu,manken_shisu_decile,kyori_tekisei_2,kyakushitsu,73,28272,74.42,7.89,72.61,False
SURFACE_2_芝,uma_deokure_bin+uma_start_shisu_decile+hizume_code,uma_deokure_bin,uma_start_shisu_decile,hizume_code,249,135222,73.72,8.95,72.61,False
SURFACE_2_芝,keibajo_code+uma_deokure_bin+hizume_code,keibajo_code,uma_deokure_bin,hizume_code,316,132110,73.61,9.07,72.61,False
SURFACE_2_芝,kyori_kubun+bataiju_zogen+ten_shisu_juni,kyori_kubun,bataiju_zogen,ten_shisu_juni,472,118708,73.55,10.42,72.61,False
SURFACE_2_芝,uma_deokure_bin+bataiju_zogen+kyakushitsu,uma_deokure_bin,bataiju_zogen,kyakushitsu,224,140255,73.87,9.61,72.61,False
SURFACE_2_芝,joken_class_code+bataiju_zogen+rotation_bin,joken_class_code,bataiju_zogen,rotation_bin,315,134373,73.65,9.35,72.61,False
SURFACE_2_芝,kyori_tekisei+bataiju+shiba_tekisei_code,kyori_tekisei,bataiju,shiba_tekisei_code,400,125295,73.63,10.42,72.61,False
SURFACE_2_芝,bataiju_zogen+manken_shisu_decile+class_code,bataiju_zogen,manken_shisu_decile,class_code,360,95961,73.66,10.3,72.6,False
SURFACE_2_芝,pace_yoso+uma_deokure_bin+shiba_tekisei_code,pace_yoso,uma_deokure_bin,shiba_tekisei_code,39,144510,74.07,4.67,72.6,False
SURFACE_2_芝,hizume_code+kyori_tekisei_2+kyakushitsu,hizume_code,kyori_tekisei_2,kyakushitsu,81,27218,74.97,10.89,72.6,False
SURFACE_2_芝,uma_deokure_bin+joken_class_code+manken_shisu_decile,uma_deokure_bin,joken_class_code,manken_shisu_decile,198,143499,73.68,7.84,72.59,False
SURFACE_2_芝,kyori_kubun+hizume_code+class_code,kyori_kubun,hizume_code,class_code,268,125396,73.76,9.73,72.59,False
SURFACE_2_芝,keibajo_code+class_code+ls_shisu_juni,keibajo_code,class_code,ls_shisu_juni,353,119345,73.79,11.47,72.59,False
SURFACE_2_芝,joken_class_code+uma_start_shisu_decile+kyori_tekisei_2,joken_class_code,uma_start_shisu_decile,kyori_tekisei_2,83,28675,74.4,8.4,72.59,False
SURFACE_2_芝,kyori_kubun+bataiju_zogen+omo_tekisei_code,kyori_kubun,bataiju_zogen,omo_tekisei_code,162,142154,73.72,7.37,72.59,False
SURFACE_2_芝,hizume_code+bataiju_zogen+omo_tekisei_code,hizume_code,bataiju_zogen,omo_tekisei_code,252,130683,73.62,8.38,72.59,False
SURFACE_2_芝,keibajo_code+joken_class_code+hizume_code,keibajo_code,joken_class_code,hizume_code,331,132741,73.56,9.12,72.58,False
SURFACE_2_芝,kyori_tekisei+hizume_code+class_code,kyori_tekisei,hizume_code,class_code,256,124365,73.8,9.89,72.58,False
SURFACE_2_芝,keibajo_code+joken_class_code+class_code,keibajo_code,joken_class_code,class_code,153,140846,73.88,8.2,72.58,False
SURFACE_2_芝,kyori_tekisei+kyori_tekisei_2+pace_shisu_juni,kyori_tekisei,kyori_tekisei_2,pace_shisu_juni,47,29006,74.26,5.89,72.58,False
SURFACE_2_芝,uma_deokure_bin+shiba_tekisei_code+kyori_tekisei_2,uma_deokure_bin,shiba_tekisei_code,kyori_tekisei_2,30,30246,74.56,5.58,72.57,False
SURFACE_2_芝,uma_deokure_bin+bataiju+kyori_tekisei_2,uma_deokure_bin,bataiju,kyori_tekisei_2,39,5298,75.68,9.91,72.57,False
SURFACE_2_芝,kyori_tekisei+bataiju_zogen+class_code,kyori_tekisei,bataiju_zogen,class_code,305,120197,73.67,9.78,72.57,False
SURFACE_2_芝,keibajo_code+bataiju_zogen+omo_tekisei_code,keibajo_code,bataiju_zogen,omo_tekisei_code,284,134258,73.56,8.5,72.57,False
SURFACE_2_芝,pace_yoso+bataiju_zogen+ten_shisu_juni,pace_yoso,bataiju_zogen,ten_shisu_juni,384,126325,73.51,9.39,72.57,False
SURFACE_2_芝,pace_yoso+kyori_tekisei+uma_start_shisu_decile,pace_yoso,kyori_tekisei,uma_start_shisu_decile,101,144838,73.92,6.94,72.57,False
SURFACE_2_芝,keibajo_code+uma_deokure_bin+uma_start_shisu_decile,keibajo_code,uma_deokure_bin,uma_start_shisu_decile,290,142148,73.64,9.3,72.57,False
SURFACE_2_芝,keibajo_code+uma_start_shisu_decile+kyakushitsu,keibajo_code,uma_start_shisu_decile,kyakushitsu,251,145027,73.54,7.91,72.56,False
SURFACE_2_芝,joken_class_code+hizume_code+kyori_tekisei_2,joken_class_code,hizume_code,kyori_tekisei_2,85,26167,74.51,9.17,72.56,False
SURFACE_2_芝,joken_class_code+bataiju_zogen+pace_shisu_juni,joken_class_code,bataiju_zogen,pace_shisu_juni,464,110719,73.51,10.49,72.56,False
SURFACE_2_芝,uma_deokure_bin+ten_shisu_juni+pace_shisu_juni,uma_deokure_bin,ten_shisu_juni,pace_shisu_juni,421,111174,73.5,9.95,72.55,False
SURFACE_2_芝,omo_tekisei_code+kyori_tekisei_2+ichi_shisu_juni,omo_tekisei_code,kyori_tekisei_2,ichi_shisu_juni,91,26785,74.33,8.69,72.55,False
SURFACE_2_芝,kyori_kubun+uma_start_shisu_decile+kyori_tekisei_2,kyori_kubun,uma_start_shisu_decile,kyori_tekisei_2,58,29536,74.96,9.38,72.55,False
SURFACE_2_芝,rotation_bin+shiba_tekisei_code+kyori_tekisei_2,rotation_bin,shiba_tekisei_code,kyori_tekisei_2,41,29870,74.59,6.67,72.55,False
SURFACE_2_芝,joken_class_code+kyori_tekisei+hizume_code,joken_class_code,kyori_tekisei,hizume_code,175,137605,73.78,8.27,72.55,False
SURFACE_2_芝,manken_shirushi+kyori_tekisei_2+kyakushitsu,manken_shirushi,kyori_tekisei_2,kyakushitsu,77,19989,75.09,11.38,72.55,False
SURFACE_2_芝,pace_yoso+kyori_kubun+omo_tekisei_code,pace_yoso,kyori_kubun,omo_tekisei_code,39,149292,73.7,3.69,72.55,False
SURFACE_2_芝,keibajo_code+uma_deokure_bin+rotation_bin,keibajo_code,uma_deokure_bin,rotation_bin,292,143046,73.57,8.85,72.55,False
SURFACE_2_芝,kyori_kubun+rotation_bin+class_code,kyori_kubun,rotation_bin,class_code,247,136669,73.73,9.43,72.55,False
SURFACE_2_芝,joken_class_code+hizume_code+ls_shisu_juni,joken_class_code,hizume_code,ls_shisu_juni,282,133309,73.72,10.1,72.54,False
SURFACE_2_芝,bataiju_zogen+kyori_tekisei_2+kyuyo_riyu_bunrui_code,bataiju_zogen,kyori_tekisei_2,kyuyo_riyu_bunrui_code,28,5823,76.12,9.66,72.54,False
SURFACE_2_芝,kyori_tekisei+bataiju_zogen+pace_shisu_juni,kyori_tekisei,bataiju_zogen,pace_shisu_juni,460,114221,73.44,9.81,72.54,False
SURFACE_2_芝,pace_yoso+joken_class_code+uma_start_shisu_decile,pace_yoso,joken_class_code,uma_start_shisu_decile,96,147036,73.67,5.66,72.54,False
SURFACE_2_芝,manken_shirushi+shiba_tekisei_code+ichi_shisu_juni,manken_shirushi,shiba_tekisei_code,ichi_shisu_juni,300,85968,73.75,10.83,72.53,False
SURFACE_2_芝,uma_deokure_bin+uma_start_shisu_decile+ten_shisu_juni,uma_deokure_bin,uma_start_shisu_decile,ten_shisu_juni,320,130971,73.57,9.5,72.53,False
SURFACE_2_芝,omo_tekisei_code+bataiju+kyakushitsu,omo_tekisei_code,bataiju,kyakushitsu,404,127841,73.46,9.64,72.52,False
SURFACE_2_芝,uma_deokure_bin+bataiju_zogen+omo_tekisei_code,uma_deokure_bin,bataiju_zogen,omo_tekisei_code,178,141016,73.71,8.06,72.52,False
SURFACE_2_芝,kyori_tekisei+kyori_tekisei_2+ten_shisu_juni,kyori_tekisei,kyori_tekisei_2,ten_shisu_juni,49,29117,74.23,6.09,72.52,False
SURFACE_2_芝,pace_yoso+kyori_kubun+uma_start_shisu_decile,pace_yoso,kyori_kubun,uma_start_shisu_decile,90,147697,73.67,5.55,72.52,False
SURFACE_2_芝,kyori_tekisei+hizume_code+bataiju_zogen,kyori_tekisei,hizume_code,bataiju_zogen,325,119756,73.47,8.7,72.52,False
SURFACE_2_芝,keibajo_code+pace_yoso+ls_shisu_juni,keibajo_code,pace_yoso,ls_shisu_juni,208,167979,73.85,9.77,72.52,False
SURFACE_2_芝,keibajo_code+kyori_tekisei+ls_shisu_juni,keibajo_code,kyori_tekisei,ls_shisu_juni,276,162532,73.65,9.61,72.52,False
SURFACE_2_芝,omo_tekisei_code+kyori_tekisei_2+kyakushitsu,omo_tekisei_code,kyori_tekisei_2,kyakushitsu,35,30405,75.42,8.75,72.52,False
SURFACE_2_芝,pace_yoso+kyori_tekisei_2+ls_shisu_juni,pace_yoso,kyori_tekisei_2,ls_shisu_juni,46,29360,74.67,7.47,72.51,False
SURFACE_2_芝,pace_yoso+uma_start_shisu_decile+rotation_bin,pace_yoso,uma_start_shisu_decile,rotation_bin,162,146632,73.69,7.67,72.51,False
SURFACE_2_芝,keibajo_code+uma_deokure_bin+joken_class_code,keibajo_code,uma_deokure_bin,joken_class_code,215,146440,73.58,8.09,72.5,False
SURFACE_2_芝,pace_yoso+omo_tekisei_code+kyakushitsu,pace_yoso,omo_tekisei_code,kyakushitsu,36,149181,74.2,5.22,72.5,False
SURFACE_2_芝,keibajo_code+joken_class_code+omo_tekisei_code,keibajo_code,joken_class_code,omo_tekisei_code,142,148851,73.41,5.5,72.5,False
SURFACE_2_芝,hizume_code+class_code+ls_shisu_juni,hizume_code,class_code,ls_shisu_juni,326,111673,73.7,11.03,72.5,False
SURFACE_2_芝,kyori_kubun+hizume_code+ten_shisu_juni,kyori_kubun,hizume_code,ten_shisu_juni,405,125818,73.43,9.51,72.5,False
SURFACE_2_芝,kyori_tekisei+omo_tekisei_code+bataiju,kyori_tekisei,omo_tekisei_code,bataiju,398,123942,73.4,9.17,72.5,False
SURFACE_2_芝,uma_deokure_bin+joken_class_code+uma_start_shisu_decile,uma_deokure_bin,joken_class_code,uma_start_shisu_decile,164,146480,73.68,7.79,72.49,False
SURFACE_2_芝,kyori_kubun+uma_start_shisu_decile+omo_tekisei_code,kyori_kubun,uma_start_shisu_decile,omo_tekisei_code,92,146719,73.78,6.32,72.49,False
SURFACE_2_芝,uma_start_shisu_decile+omo_tekisei_code+class_code,uma_start_shisu_decile,omo_tekisei_code,class_code,214,139601,73.74,9.34,72.49,False
SURFACE_2_芝,keibajo_code+bataiju_zogen+kyakushitsu,keibajo_code,bataiju_zogen,kyakushitsu,382,131822,73.49,10.07,72.48,False
SURFACE_2_芝,kyori_kubun+uma_deokure_bin+hizume_code,kyori_kubun,uma_deokure_bin,hizume_code,183,141288,73.64,7.99,72.48,False
SURFACE_2_芝,bataiju_zogen+class_code+pace_shisu_juni,bataiju_zogen,class_code,pace_shisu_juni,363,76461,73.6,10.85,72.48,False
SURFACE_2_芝,bataiju_zogen+class_code+shiba_tekisei_code,bataiju_zogen,class_code,shiba_tekisei_code,225,128707,73.74,9.64,72.48,False
SURFACE_2_芝,joken_class_code+hizume_code+rotation_bin,joken_class_code,hizume_code,rotation_bin,265,135325,73.56,8.98,72.48,False
SURFACE_2_芝,uma_start_shisu_decile+bataiju_zogen+class_code,uma_start_shisu_decile,bataiju_zogen,class_code,341,103301,73.46,9.25,72.48,False
SURFACE_2_芝,joken_class_code+hizume_code+ichi_shisu_juni,joken_class_code,hizume_code,ichi_shisu_juni,422,120989,73.43,9.93,72.48,False
SURFACE_2_芝,rotation_bin+kyori_tekisei_2+kyakushitsu,rotation_bin,kyori_tekisei_2,kyakushitsu,69,29053,74.55,8.76,72.48,False
SURFACE_2_芝,uma_start_shisu_decile+pace_shisu_juni+ichi_shisu_juni,uma_start_shisu_decile,pace_shisu_juni,ichi_shisu_juni,425,84526,73.59,11.72,72.48,False
SURFACE_2_芝,pace_yoso+bataiju_zogen+omo_tekisei_code,pace_yoso,bataiju_zogen,omo_tekisei_code,119,143171,73.66,6.55,72.48,False
SURFACE_2_芝,keibajo_code+kyori_tekisei_2+ten_shisu_juni,keibajo_code,kyori_tekisei_2,ten_shisu_juni,67,10220,74.99,10.48,72.48,False
SURFACE_2_芝,bataiju_zogen+class_code+ten_shisu_juni,bataiju_zogen,class_code,ten_shisu_juni,361,75085,73.64,11.2,72.48,False
SURFACE_2_芝,keibajo_code+rotation_bin+manken_shisu_decile,keibajo_code,rotation_bin,manken_shisu_decile,461,131834,73.35,9.68,72.47,False
SURFACE_2_芝,keibajo_code+kyori_kubun+rotation_bin,keibajo_code,kyori_kubun,rotation_bin,237,145977,73.47,7.92,72.47,False
SURFACE_2_芝,uma_deokure_bin+hizume_code+rotation_bin,uma_deokure_bin,hizume_code,rotation_bin,252,134809,73.55,8.73,72.47,False
SURFACE_2_芝,bataiju_zogen+ls_shisu_juni+ichi_shisu_juni,bataiju_zogen,ls_shisu_juni,ichi_shisu_juni,465,90707,73.58,12.21,72.47,False
SURFACE_2_芝,joken_class_code+uma_start_shisu_decile+omo_tekisei_code,joken_class_code,uma_start_shisu_decile,omo_tekisei_code,109,146762,73.68,6.43,72.47,False
SURFACE_2_芝,kyori_tekisei_2+kyakushitsu+pace_shisu_juni,kyori_tekisei_2,kyakushitsu,pace_shisu_juni,114,26540,74.44,10.75,72.47,False
SURFACE_2_芝,keibajo_code+kyori_tekisei_2+kyakushitsu,keibajo_code,kyori_tekisei_2,kyakushitsu,95,28887,74.51,10.11,72.47,False
SURFACE_2_芝,kyori_tekisei+bataiju_zogen+manken_shisu_decile,kyori_tekisei,bataiju_zogen,manken_shisu_decile,347,124606,73.39,8.71,72.47,False
SURFACE_2_芝,uma_deokure_bin+joken_class_code+bataiju_zogen,uma_deokure_bin,joken_class_code,bataiju_zogen,255,138501,73.48,8.22,72.47,False
SURFACE_2_芝,keibajo_code+omo_tekisei_code+manken_shisu_decile,keibajo_code,omo_tekisei_code,manken_shisu_decile,232,141966,73.47,7.82,72.46,False
SURFACE_2_芝,kyori_kubun+uma_deokure_bin+class_code,kyori_kubun,uma_deokure_bin,class_code,185,140142,73.76,9.02,72.46,False
SURFACE_2_芝,kyori_tekisei+bataiju+kyakushitsu,kyori_tekisei,bataiju,kyakushitsu,601,138525,73.34,11.05,72.46,False
SURFACE_2_芝,kyori_kubun+joken_class_code+omo_tekisei_code,kyori_kubun,joken_class_code,omo_tekisei_code,59,149465,73.45,3.9,72.46,False
SURFACE_2_芝,joken_class_code+hizume_code+kyakushitsu,joken_class_code,hizume_code,kyakushitsu,191,141221,73.73,8.92,72.46,False
SURFACE_2_芝,pace_yoso+hizume_code+ten_shisu_juni,pace_yoso,hizume_code,ten_shisu_juni,317,130830,73.45,9.05,72.46,False
SURFACE_2_芝,pace_yoso+joken_class_code+bataiju,pace_yoso,joken_class_code,bataiju,424,150577,73.28,8.7,72.46,False
SURFACE_2_芝,joken_class_code+uma_start_shisu_decile+rotation_bin,joken_class_code,uma_start_shisu_decile,rotation_bin,241,144268,73.47,7.98,72.46,False
SURFACE_2_芝,keibajo_code+class_code+shiba_tekisei_code,keibajo_code,class_code,shiba_tekisei_code,196,136539,73.89,10.2,72.46,False
SURFACE_2_芝,pace_yoso+kyori_kubun+class_code,pace_yoso,kyori_kubun,class_code,133,145336,73.98,8.98,72.45,False
SURFACE_2_芝,joken_class_code+kyori_tekisei_2+ichi_shisu_juni,joken_class_code,kyori_tekisei_2,ichi_shisu_juni,136,25243,74.19,10.32,72.45,False
SURFACE_2_芝,keibajo_code+kyori_kubun+uma_deokure_bin,keibajo_code,kyori_kubun,uma_deokure_bin,171,147777,73.44,6.63,72.45,False
SURFACE_2_芝,uma_start_shisu_decile+hizume_code+kyakushitsu,uma_start_shisu_decile,hizume_code,kyakushitsu,227,137122,73.57,8.56,72.45,False
SURFACE_2_芝,kyori_kubun+uma_deokure_bin+rotation_bin,kyori_kubun,uma_deokure_bin,rotation_bin,142,147380,73.67,7.44,72.44,False
SURFACE_2_芝,pace_yoso+uma_start_shisu_decile+shiba_tekisei_code,pace_yoso,uma_start_shisu_decile,shiba_tekisei_code,65,144149,73.68,5.12,72.44,False
SURFACE_2_芝,joken_class_code+kyori_tekisei_2+ls_shisu_juni,joken_class_code,kyori_tekisei_2,ls_shisu_juni,90,28839,74.34,9.2,72.44,False
SURFACE_2_芝,kyori_tekisei+hizume_code+omo_tekisei_code,kyori_tekisei,hizume_code,omo_tekisei_code,114,140540,73.68,6.81,72.43,False
SURFACE_2_芝,keibajo_code+hizume_code+rotation_bin,keibajo_code,hizume_code,rotation_bin,406,125065,73.37,9.61,72.43,False
SURFACE_2_芝,hizume_code+rotation_bin+ls_shisu_juni,hizume_code,rotation_bin,ls_shisu_juni,330,126308,73.57,10.53,72.43,False
SURFACE_2_芝,bataiju_zogen+omo_tekisei_code+manken_shisu_decile,bataiju_zogen,omo_tekisei_code,manken_shisu_decile,277,132912,73.43,8.5,72.43,False
SURFACE_2_芝,uma_deokure_bin+uma_start_shisu_decile+bataiju_zogen,uma_deokure_bin,uma_start_shisu_decile,bataiju_zogen,292,131648,73.45,8.88,72.43,False
SURFACE_2_芝,keibajo_code+hizume_code+omo_tekisei_code,keibajo_code,hizume_code,omo_tekisei_code,222,139650,73.54,8.4,72.43,False
SURFACE_2_芝,keibajo_code+uma_start_shisu_decile+ls_shisu_juni,keibajo_code,uma_start_shisu_decile,ls_shisu_juni,400,134395,73.54,11.4,72.42,False
SURFACE_2_芝,manken_shirushi+rotation_bin+kyuyo_riyu_bunrui_code,manken_shirushi,rotation_bin,kyuyo_riyu_bunrui_code,33,22125,74.78,6.91,72.42,False
SURFACE_2_芝,keibajo_code+ls_shisu_juni+kyakushitsu,keibajo_code,ls_shisu_juni,kyakushitsu,327,165534,73.53,10.21,72.42,False
SURFACE_2_芝,kyori_kubun+kyori_tekisei_2+ichi_shisu_juni,kyori_kubun,kyori_tekisei_2,ichi_shisu_juni,85,26484,74.34,9.02,72.42,False
SURFACE_2_芝,uma_deokure_bin+bataiju_zogen+ls_shisu_juni,uma_deokure_bin,bataiju_zogen,ls_shisu_juni,316,130202,73.59,10.62,72.42,False
SURFACE_2_芝,uma_start_shisu_decile+class_code+ichi_shisu_juni,uma_start_shisu_decile,class_code,ichi_shisu_juni,372,102508,73.49,10.6,72.41,False
SURFACE_2_芝,pace_yoso+uma_deokure_bin+uma_start_shisu_decile,pace_yoso,uma_deokure_bin,uma_start_shisu_decile,90,146935,74.09,8.11,72.41,False
SURFACE_2_芝,uma_start_shisu_decile+omo_tekisei_code+rotation_bin,uma_start_shisu_decile,omo_tekisei_code,rotation_bin,160,145407,73.52,7.17,72.41,False
SURFACE_2_芝,joken_class_code+rotation_bin+ten_shisu_juni,joken_class_code,rotation_bin,ten_shisu_juni,401,135339,73.39,9.99,72.41,False
SURFACE_2_芝,uma_deokure_bin+hizume_code+ichi_shisu_juni,uma_deokure_bin,hizume_code,ichi_shisu_juni,375,121133,73.43,10.15,72.41,False
SURFACE_2_芝,keibajo_code+kyori_kubun+ls_shisu_juni,keibajo_code,kyori_kubun,ls_shisu_juni,243,167234,73.49,8.62,72.41,False
SURFACE_2_芝,bataiju_zogen+omo_tekisei_code+pace_shisu_juni,bataiju_zogen,omo_tekisei_code,pace_shisu_juni,355,124624,73.39,9.51,72.4,False
SURFACE_2_芝,joken_class_code+uma_start_shisu_decile+bataiju_zogen,joken_class_code,uma_start_shisu_decile,bataiju_zogen,343,131125,73.32,8.69,72.4,False
SURFACE_2_芝,manken_shirushi+keibajo_code+kyuyo_riyu_bunrui_code,manken_shirushi,keibajo_code,kyuyo_riyu_bunrui_code,71,20185,74.58,9.38,72.4,False
SURFACE_2_芝,bataiju_zogen+kyakushitsu+ten_shisu_juni,bataiju_zogen,kyakushitsu,ten_shisu_juni,432,119954,73.34,10.04,72.4,False
SURFACE_2_芝,kyori_tekisei+manken_shisu_decile+class_code,kyori_tekisei,manken_shisu_decile,class_code,267,129098,73.64,10.34,72.4,False
SURFACE_2_芝,omo_tekisei_code+manken_shisu_decile+class_code,omo_tekisei_code,manken_shisu_decile,class_code,227,135923,73.64,9.52,72.4,False
SURFACE_2_芝,uma_deokure_bin+bataiju_zogen+pace_shisu_juni,uma_deokure_bin,bataiju_zogen,pace_shisu_juni,410,111041,73.42,10.55,72.4,False
SURFACE_2_芝,kyori_kubun+uma_deokure_bin+joken_class_code,kyori_kubun,uma_deokure_bin,joken_class_code,97,148307,73.53,5.71,72.4,False
SURFACE_2_芝,rotation_bin+manken_shisu_decile+ten_shisu_juni,rotation_bin,manken_shisu_decile,ten_shisu_juni,545,112184,73.32,10.93,72.4,False
SURFACE_2_芝,kyori_kubun+omo_tekisei_code+rotation_bin,kyori_kubun,omo_tekisei_code,rotation_bin,89,146956,73.58,5.74,72.39,False
SURFACE_2_芝,bataiju_zogen+kijun_ninkijun_tansho+ichi_shisu_juni,bataiju_zogen,kijun_ninkijun_tansho,ichi_shisu_juni,364,52148,73.72,12.98,72.39,False
SURFACE_2_芝,pace_yoso+kyori_kubun+rotation_bin,pace_yoso,kyori_kubun,rotation_bin,89,148375,73.62,5.9,72.39,False
SURFACE_2_芝,joken_class_code+hizume_code+ten_shisu_juni,joken_class_code,hizume_code,ten_shisu_juni,432,121126,73.33,10.0,72.39,False
SURFACE_2_芝,uma_deokure_bin+bataiju_zogen+ten_shisu_juni,uma_deokure_bin,bataiju_zogen,ten_shisu_juni,421,111447,73.39,10.55,72.39,False
SURFACE_2_芝,uma_deokure_bin+ls_shisu_juni+ten_shisu_juni,uma_deokure_bin,ls_shisu_juni,ten_shisu_juni,352,129217,73.54,11.07,72.38,False
SURFACE_2_芝,uma_start_shisu_decile+class_code+ten_shisu_juni,uma_start_shisu_decile,class_code,ten_shisu_juni,392,102152,73.5,11.25,72.38,False
SURFACE_2_芝,bataiju_zogen+class_code+ichi_shisu_juni,bataiju_zogen,class_code,ichi_shisu_juni,354,75690,73.52,10.92,72.38,False
SURFACE_2_芝,keibajo_code+joken_class_code+kyakushitsu,keibajo_code,joken_class_code,kyakushitsu,202,170384,73.35,7.06,72.38,False
SURFACE_2_芝,kyori_kubun+uma_start_shisu_decile+bataiju_zogen,kyori_kubun,uma_start_shisu_decile,bataiju_zogen,324,135057,73.28,8.26,72.38,False
SURFACE_2_芝,bataiju+manken_shisu_decile+ichi_shisu_juni,bataiju,manken_shisu_decile,ichi_shisu_juni,68,7856,75.11,11.55,72.37,False
SURFACE_2_芝,pace_yoso+shiba_tekisei_code+kyori_tekisei_2,pace_yoso,shiba_tekisei_code,kyori_tekisei_2,15,30186,74.78,4.75,72.37,False
SURFACE_2_芝,uma_deokure_bin+hizume_code+kyakushitsu,uma_deokure_bin,hizume_code,kyakushitsu,183,141704,73.67,9.03,72.36,False
SURFACE_2_芝,manken_shisu_decile+class_code+ls_shisu_juni,manken_shisu_decile,class_code,ls_shisu_juni,360,118152,73.57,11.7,72.36,False
SURFACE_2_芝,pace_yoso+hizume_code+manken_shisu_decile,pace_yoso,hizume_code,manken_shisu_decile,230,134797,73.47,8.66,72.36,False
SURFACE_2_芝,kyori_kubun+uma_deokure_bin+uma_start_shisu_decile,kyori_kubun,uma_deokure_bin,uma_start_shisu_decile,142,147150,73.59,7.45,72.36,False
SURFACE_2_芝,uma_deokure_bin+kyori_tekisei+bataiju_zogen,uma_deokure_bin,kyori_tekisei,bataiju_zogen,224,136376,73.41,8.02,72.36,False
SURFACE_2_芝,uma_deokure_bin+uma_start_shisu_decile+omo_tekisei_code,uma_deokure_bin,uma_start_shisu_decile,omo_tekisei_code,100,145786,73.78,7.25,72.36,False
SURFACE_2_芝,uma_deokure_bin+hizume_code+ten_shisu_juni,uma_deokure_bin,hizume_code,ten_shisu_juni,385,120858,73.27,9.13,72.36,False
SURFACE_2_芝,bataiju_zogen+rotation_bin+class_code,bataiju_zogen,rotation_bin,class_code,345,108966,73.47,10.47,72.36,False
SURFACE_2_芝,pace_yoso+class_code+pace_shisu_juni,pace_yoso,class_code,pace_shisu_juni,307,132236,73.49,10.1,72.36,False
SURFACE_2_芝,kyori_tekisei+uma_start_shisu_decile+omo_tekisei_code,kyori_tekisei,uma_start_shisu_decile,omo_tekisei_code,95,143594,74.03,8.33,72.36,False
SURFACE_2_芝,keibajo_code+ten_shisu_juni+pace_shisu_juni,keibajo_code,ten_shisu_juni,pace_shisu_juni,451,87682,73.32,10.44,72.35,False
SURFACE_2_芝,uma_start_shisu_decile+manken_shisu_decile+class_code,uma_start_shisu_decile,manken_shisu_decile,class_code,355,117697,73.45,10.58,72.35,False
SURFACE_2_芝,hizume_code+shiba_tekisei_code+kyakushitsu,hizume_code,shiba_tekisei_code,kyakushitsu,131,140041,73.67,7.72,72.35,False
SURFACE_2_芝,shiba_tekisei_code+kyori_tekisei_2+ichi_shisu_juni,shiba_tekisei_code,kyori_tekisei_2,ichi_shisu_juni,86,29088,74.15,8.5,72.35,False
SURFACE_2_芝,uma_deokure_bin+uma_start_shisu_decile+ls_shisu_juni,uma_deokure_bin,uma_start_shisu_decile,ls_shisu_juni,228,142233,73.71,10.45,72.35,False
SURFACE_2_芝,uma_deokure_bin+ten_shisu_juni+ichi_shisu_juni,uma_deokure_bin,ten_shisu_juni,ichi_shisu_juni,407,109875,73.25,9.35,72.34,False
SURFACE_2_芝,manken_shisu_decile+kyori_tekisei_2+ls_shisu_juni,manken_shisu_decile,kyori_tekisei_2,ls_shisu_juni,102,25100,74.19,9.54,72.34,False
SURFACE_2_芝,uma_deokure_bin+omo_tekisei_code+ls_shisu_juni,uma_deokure_bin,omo_tekisei_code,ls_shisu_juni,115,145848,74.08,9.47,72.34,False
SURFACE_2_芝,joken_class_code+hizume_code+pace_shisu_juni,joken_class_code,hizume_code,pace_shisu_juni,423,121036,73.23,9.34,72.34,False
SURFACE_2_芝,manken_shirushi+pace_shisu_juni+kyuyo_riyu_bunrui_code,manken_shirushi,pace_shisu_juni,kyuyo_riyu_bunrui_code,110,19109,74.32,10.63,72.34,False
SURFACE_2_芝,uma_deokure_bin+omo_tekisei_code+class_code,uma_deokure_bin,omo_tekisei_code,class_code,147,142106,73.97,10.08,72.34,False
SURFACE_2_芝,hizume_code+bataiju_zogen+shiba_tekisei_code,hizume_code,bataiju_zogen,shiba_tekisei_code,270,125089,73.32,8.28,72.33,False
SURFACE_2_芝,uma_deokure_bin+manken_shisu_decile+ls_shisu_juni,uma_deokure_bin,manken_shisu_decile,ls_shisu_juni,285,138834,73.53,10.37,72.33,False
SURFACE_2_芝,kyori_kubun+uma_deokure_bin+ten_shisu_juni,kyori_kubun,uma_deokure_bin,ten_shisu_juni,291,145120,73.37,9.04,72.33,False
SURFACE_2_芝,rotation_bin+bataiju+class_code,rotation_bin,bataiju,class_code,359,54079,73.55,11.82,72.33,False
SURFACE_2_芝,uma_deokure_bin+uma_start_shisu_decile+rotation_bin,uma_deokure_bin,uma_start_shisu_decile,rotation_bin,216,143390,73.64,9.84,72.33,False
SURFACE_2_芝,shiba_tekisei_code+kyori_tekisei_2+kyuyo_riyu_bunrui_code,shiba_tekisei_code,kyori_tekisei_2,kyuyo_riyu_bunrui_code,7,7456,76.54,5.68,72.33,False
SURFACE_2_芝,uma_deokure_bin+pace_shisu_juni+ichi_shisu_juni,uma_deokure_bin,pace_shisu_juni,ichi_shisu_juni,411,110600,73.28,9.91,72.32,False
SURFACE_2_芝,uma_start_shisu_decile+class_code+pace_shisu_juni,uma_start_shisu_decile,class_code,pace_shisu_juni,391,102009,73.47,11.6,72.32,False
SURFACE_2_芝,hizume_code+omo_tekisei_code+kyakushitsu,hizume_code,omo_tekisei_code,kyakushitsu,117,144066,73.8,8.15,72.32,False
SURFACE_2_芝,bataiju_zogen+ls_shisu_juni+ten_shisu_juni,bataiju_zogen,ls_shisu_juni,ten_shisu_juni,467,89429,73.47,12.68,72.32,False
SURFACE_2_芝,uma_deokure_bin+joken_class_code+pace_shisu_juni,uma_deokure_bin,joken_class_code,pace_shisu_juni,307,141631,73.38,9.48,72.32,False
SURFACE_2_芝,uma_deokure_bin+bataiju_zogen+rotation_bin,uma_deokure_bin,bataiju_zogen,rotation_bin,303,133989,73.4,9.67,72.32,False
SURFACE_2_芝,pace_yoso+uma_deokure_bin+manken_shisu_decile,pace_yoso,uma_deokure_bin,manken_shisu_decile,115,145053,73.55,6.71,72.32,False
SURFACE_2_芝,rotation_bin+ls_shisu_juni+ten_shisu_juni,rotation_bin,ls_shisu_juni,ten_shisu_juni,480,121681,73.39,12.04,72.31,False
SURFACE_2_芝,uma_start_shisu_decile+hizume_code+ls_shisu_juni,uma_start_shisu_decile,hizume_code,ls_shisu_juni,356,125042,73.49,11.37,72.31,False
SURFACE_2_芝,keibajo_code+pace_yoso+kyakushitsu,keibajo_code,pace_yoso,kyakushitsu,140,170422,73.28,5.85,72.31,False
SURFACE_2_芝,keibajo_code+class_code+pace_shisu_juni,keibajo_code,class_code,pace_shisu_juni,433,93171,73.31,10.7,72.3,False
SURFACE_2_芝,uma_deokure_bin+uma_start_shisu_decile+ichi_shisu_juni,uma_deokure_bin,uma_start_shisu_decile,ichi_shisu_juni,316,132126,73.35,9.56,72.3,False
SURFACE_2_芝,class_code+ten_shisu_juni+ichi_shisu_juni,class_code,ten_shisu_juni,ichi_shisu_juni,391,75890,73.45,11.61,72.3,False
SURFACE_2_芝,bataiju_zogen+rotation_bin+ls_shisu_juni,bataiju_zogen,rotation_bin,ls_shisu_juni,382,123475,73.46,11.57,72.3,False
SURFACE_2_芝,shiba_tekisei_code+kyori_tekisei_2+kyakushitsu,shiba_tekisei_code,kyori_tekisei_2,kyakushitsu,24,30247,74.87,6.46,72.29,False
SURFACE_2_芝,joken_class_code+bataiju+shiba_tekisei_code,joken_class_code,bataiju,shiba_tekisei_code,338,124363,73.36,10.0,72.29,False
SURFACE_2_芝,rotation_bin+class_code+ichi_shisu_juni,rotation_bin,class_code,ichi_shisu_juni,387,104246,73.37,10.87,72.29,False
SURFACE_2_芝,manken_shirushi+bataiju_zogen+kijun_ninkijun_tansho,manken_shirushi,bataiju_zogen,kijun_ninkijun_tansho,301,48071,73.76,13.02,72.29,False
SURFACE_2_芝,manken_shirushi+bataiju+manken_shisu_decile,manken_shirushi,bataiju,manken_shisu_decile,116,18150,74.26,10.87,72.29,False
SURFACE_2_芝,uma_deokure_bin+uma_start_shisu_decile+kyakushitsu,uma_deokure_bin,uma_start_shisu_decile,kyakushitsu,122,146300,73.72,8.05,72.29,False
SURFACE_2_芝,hizume_code+class_code+pace_shisu_juni,hizume_code,class_code,pace_shisu_juni,354,86543,73.31,9.79,72.29,False
SURFACE_2_芝,manken_shisu_decile+class_code+pace_shisu_juni,manken_shisu_decile,class_code,pace_shisu_juni,428,94194,73.25,10.22,72.28,False
SURFACE_2_芝,bataiju_zogen+class_code+ls_shisu_juni,bataiju_zogen,class_code,ls_shisu_juni,347,103368,73.48,11.38,72.28,False
SURFACE_2_芝,uma_start_shisu_decile+shiba_tekisei_code+kyori_tekisei_2,uma_start_shisu_decile,shiba_tekisei_code,kyori_tekisei_2,44,29914,74.17,6.39,72.28,False
SURFACE_2_芝,pace_yoso+kyori_kubun+shiba_tekisei_code,pace_yoso,kyori_kubun,shiba_tekisei_code,34,144677,73.67,4.12,72.28,False
SURFACE_2_芝,pace_yoso+uma_deokure_bin+ten_shisu_juni,pace_yoso,uma_deokure_bin,ten_shisu_juni,187,146144,73.37,7.62,72.28,False
SURFACE_2_芝,keibajo_code+omo_tekisei_code+rotation_bin,keibajo_code,omo_tekisei_code,rotation_bin,189,144601,73.53,8.71,72.28,False
SURFACE_2_芝,kyori_kubun+joken_class_code+class_code,kyori_kubun,joken_class_code,class_code,90,144879,74.34,9.97,72.28,False
SURFACE_2_芝,pace_yoso+bataiju+shiba_tekisei_code,pace_yoso,bataiju,shiba_tekisei_code,343,132683,73.18,8.46,72.28,False
SURFACE_2_芝,uma_deokure_bin+omo_tekisei_code+rotation_bin,uma_deokure_bin,omo_tekisei_code,rotation_bin,107,146643,73.85,8.34,72.27,False
SURFACE_2_芝,uma_deokure_bin+uma_start_shisu_decile+pace_shisu_juni,uma_deokure_bin,uma_start_shisu_decile,pace_shisu_juni,320,130864,73.29,9.33,72.27,False
SURFACE_2_芝,keibajo_code+hizume_code+manken_shisu_decile,keibajo_code,hizume_code,manken_shisu_decile,463,114879,73.18,10.02,72.27,False
SURFACE_2_芝,keibajo_code+joken_class_code+ls_shisu_juni,keibajo_code,joken_class_code,ls_shisu_juni,292,164219,73.26,8.62,72.27,False
SURFACE_2_芝,kyori_kubun+bataiju_zogen+ls_shisu_juni,kyori_kubun,bataiju_zogen,ls_shisu_juni,312,133419,73.4,10.2,72.27,False
SURFACE_2_芝,uma_deokure_bin+kyori_tekisei_2+ls_shisu_juni,uma_deokure_bin,kyori_tekisei_2,ls_shisu_juni,88,28178,74.32,9.89,72.26,False
SURFACE_2_芝,joken_class_code+hizume_code+class_code,joken_class_code,hizume_code,class_code,164,136725,73.83,10.26,72.26,False
SURFACE_2_芝,keibajo_code+shiba_tekisei_code+ls_shisu_juni,keibajo_code,shiba_tekisei_code,ls_shisu_juni,199,141250,73.51,8.99,72.26,False
SURFACE_2_芝,pace_yoso+kyori_tekisei+rotation_bin,pace_yoso,kyori_tekisei,rotation_bin,98,145391,73.56,6.64,72.25,False
SURFACE_2_芝,kyori_tekisei+bataiju_zogen+ten_shisu_juni,kyori_tekisei,bataiju_zogen,ten_shisu_juni,475,114591,73.24,11.06,72.25,False
SURFACE_2_芝,kyori_tekisei+bataiju_zogen+ichi_shisu_juni,kyori_tekisei,bataiju_zogen,ichi_shisu_juni,456,113733,73.21,10.47,72.25,False
SURFACE_2_芝,rotation_bin+class_code+ten_shisu_juni,rotation_bin,class_code,ten_shisu_juni,381,102785,73.38,11.32,72.25,False
SURFACE_2_芝,bataiju_zogen+kyakushitsu+pace_shisu_juni,bataiju_zogen,kyakushitsu,pace_shisu_juni,437,119570,73.18,9.97,72.25,False
SURFACE_2_芝,kyori_kubun+bataiju+class_code,kyori_kubun,bataiju,class_code,365,72888,73.29,10.3,72.24,False
SURFACE_2_芝,manken_shisu_decile+class_code+ten_shisu_juni,manken_shisu_decile,class_code,ten_shisu_juni,434,93710,73.24,10.65,72.24,False
SURFACE_2_芝,keibajo_code+uma_start_shisu_decile+manken_shisu_decile,keibajo_code,uma_start_shisu_decile,manken_shisu_decile,519,129943,73.1,9.99,72.24,False
SURFACE_2_芝,uma_deokure_bin+rotation_bin+class_code,uma_deokure_bin,rotation_bin,class_code,233,133390,73.48,9.63,72.24,False
SURFACE_2_芝,kyori_tekisei+uma_start_shisu_decile+class_code,kyori_tekisei,uma_start_shisu_decile,class_code,246,133100,73.47,9.92,72.23,False
SURFACE_2_芝,pace_yoso+hizume_code+shiba_tekisei_code,pace_yoso,hizume_code,shiba_tekisei_code,95,140807,73.86,8.11,72.23,False
SURFACE_2_芝,bataiju_zogen+ls_shisu_juni+pace_shisu_juni,bataiju_zogen,ls_shisu_juni,pace_shisu_juni,468,91376,73.31,11.89,72.23,False
SURFACE_2_芝,uma_start_shisu_decile+hizume_code+omo_tekisei_code,uma_start_shisu_decile,hizume_code,omo_tekisei_code,189,140911,73.35,7.92,72.22,False
SURFACE_2_芝,joken_class_code+uma_start_shisu_decile+kyakushitsu,joken_class_code,uma_start_shisu_decile,kyakushitsu,134,147028,73.43,7.15,72.22,False
SURFACE_2_芝,hizume_code+class_code+ichi_shisu_juni,hizume_code,class_code,ichi_shisu_juni,358,86972,73.31,10.57,72.22,False
SURFACE_2_芝,uma_deokure_bin+uma_start_shisu_decile+class_code,uma_deokure_bin,uma_start_shisu_decile,class_code,234,133544,73.43,9.41,72.22,False
SURFACE_2_芝,keibajo_code+joken_class_code+ichi_shisu_juni,keibajo_code,joken_class_code,ichi_shisu_juni,500,152451,73.09,10.06,72.21,False
SURFACE_2_芝,pace_yoso+uma_start_shisu_decile+kyakushitsu,pace_yoso,uma_start_shisu_decile,kyakushitsu,83,147298,73.59,6.44,72.21,False
SURFACE_2_芝,keibajo_code+omo_tekisei_code+class_code,keibajo_code,omo_tekisei_code,class_code,248,138165,73.36,9.22,72.21,False
SURFACE_2_芝,keibajo_code+rotation_bin+ten_shisu_juni,keibajo_code,rotation_bin,ten_shisu_juni,589,116633,73.09,10.9,72.21,False
SURFACE_2_芝,hizume_code+omo_tekisei_code+ls_shisu_juni,hizume_code,omo_tekisei_code,ls_shisu_juni,187,139818,73.58,9.57,72.21,False
SURFACE_2_芝,keibajo_code+hizume_code+shiba_tekisei_code,keibajo_code,hizume_code,shiba_tekisei_code,236,134390,73.22,7.91,72.21,False
SURFACE_2_芝,joken_class_code+uma_start_shisu_decile+ls_shisu_juni,joken_class_code,uma_start_shisu_decile,ls_shisu_juni,266,143155,73.49,10.71,72.21,False
SURFACE_2_芝,uma_start_shisu_decile+class_code+ls_shisu_juni,uma_start_shisu_decile,class_code,ls_shisu_juni,319,121570,73.55,12.22,72.21,False
SURFACE_2_芝,pace_yoso+uma_deokure_bin+kyakushitsu,pace_yoso,uma_deokure_bin,kyakushitsu,50,147902,74.08,6.75,72.21,False
SURFACE_2_芝,keibajo_code+manken_shisu_decile+class_code,keibajo_code,manken_shisu_decile,class_code,370,110062,73.24,10.15,72.21,False
SURFACE_2_芝,kyori_kubun+bataiju_zogen+class_code,kyori_kubun,bataiju_zogen,class_code,323,121585,73.27,9.84,72.2,False
SURFACE_2_芝,uma_start_shisu_decile+omo_tekisei_code+ten_shisu_juni,uma_start_shisu_decile,omo_tekisei_code,ten_shisu_juni,276,139640,73.15,8.05,72.2,False
SURFACE_2_芝,bataiju+manken_shisu_decile+kyori_tekisei_2,bataiju,manken_shisu_decile,kyori_tekisei_2,16,1770,78.35,12.56,72.2,False
SURFACE_2_芝,kyori_kubun+class_code+ls_shisu_juni,kyori_kubun,class_code,ls_shisu_juni,262,134797,73.49,10.7,72.2,False
SURFACE_2_芝,joken_class_code+uma_start_shisu_decile+manken_shisu_decile,joken_class_code,uma_start_shisu_decile,manken_shisu_decile,296,140848,73.18,8.54,72.2,False
SURFACE_2_芝,uma_start_shisu_decile+omo_tekisei_code+manken_shisu_decile,uma_start_shisu_decile,omo_tekisei_code,manken_shisu_decile,194,142775,73.45,8.9,72.2,False
SURFACE_2_芝,uma_deokure_bin+bataiju_zogen+class_code,uma_deokure_bin,bataiju_zogen,class_code,302,118826,73.34,10.05,72.2,False
SURFACE_2_芝,omo_tekisei_code+rotation_bin+ten_shisu_juni,omo_tekisei_code,rotation_bin,ten_shisu_juni,277,140512,73.27,9.24,72.19,False
SURFACE_2_芝,manken_shirushi+kijun_ninkijun_tansho+ten_shisu_juni,manken_shirushi,kijun_ninkijun_tansho,ten_shisu_juni,318,48215,73.76,14.32,72.19,False
SURFACE_2_芝,pace_yoso+bataiju_zogen+ichi_shisu_juni,pace_yoso,bataiju_zogen,ichi_shisu_juni,385,127341,73.17,9.78,72.19,False
SURFACE_2_芝,keibajo_code+joken_class_code+kyori_tekisei,keibajo_code,joken_class_code,kyori_tekisei,173,165918,73.16,6.46,72.19,False
SURFACE_2_芝,pace_yoso+bataiju_zogen+rotation_bin,pace_yoso,bataiju_zogen,rotation_bin,229,139774,73.32,8.72,72.19,False
SURFACE_2_芝,manken_shirushi+manken_shisu_decile+kyuyo_riyu_bunrui_code,manken_shirushi,manken_shisu_decile,kyuyo_riyu_bunrui_code,44,20819,74.7,8.51,72.19,False
SURFACE_2_芝,uma_deokure_bin+joken_class_code+kyori_tekisei,uma_deokure_bin,joken_class_code,kyori_tekisei,90,144400,73.74,7.49,72.19,False
SURFACE_2_芝,uma_start_shisu_decile+hizume_code+manken_shisu_decile,uma_start_shisu_decile,hizume_code,manken_shisu_decile,398,118576,73.18,10.07,72.19,False
SURFACE_2_芝,rotation_bin+ls_shisu_juni+pace_shisu_juni,rotation_bin,ls_shisu_juni,pace_shisu_juni,462,121990,73.23,11.37,72.19,False
SURFACE_2_芝,bataiju_zogen+rotation_bin+kyakushitsu,bataiju_zogen,rotation_bin,kyakushitsu,286,136444,73.26,9.28,72.18,False
SURFACE_2_芝,kyori_kubun+rotation_bin+pace_shisu_juni,kyori_kubun,rotation_bin,pace_shisu_juni,368,139631,73.18,9.92,72.17,False
SURFACE_2_芝,kyori_kubun+uma_start_shisu_decile+hizume_code,kyori_kubun,uma_start_shisu_decile,hizume_code,264,137484,73.18,8.37,72.17,False
SURFACE_2_芝,pace_yoso+uma_deokure_bin+class_code,pace_yoso,uma_deokure_bin,class_code,127,143383,73.7,8.78,72.17,False
SURFACE_2_芝,hizume_code+omo_tekisei_code+class_code,hizume_code,omo_tekisei_code,class_code,208,134022,73.35,8.64,72.17,False
SURFACE_2_芝,pace_yoso+hizume_code+omo_tekisei_code,pace_yoso,hizume_code,omo_tekisei_code,90,145093,73.73,7.59,72.16,False
SURFACE_2_芝,uma_start_shisu_decile+bataiju+ls_shisu_juni,uma_start_shisu_decile,bataiju,ls_shisu_juni,293,46202,73.64,12.92,72.16,False
SURFACE_2_芝,bataiju_zogen+manken_shisu_decile+kyakushitsu,bataiju_zogen,manken_shisu_decile,kyakushitsu,364,129313,73.14,9.49,72.16,False
SURFACE_2_芝,keibajo_code+hizume_code+class_code,keibajo_code,hizume_code,class_code,354,106126,73.3,10.91,72.16,False
SURFACE_2_芝,pace_yoso+manken_shisu_decile+class_code,pace_yoso,manken_shisu_decile,class_code,222,137688,73.42,9.63,72.15,False
SURFACE_2_芝,kyori_tekisei_2+kyakushitsu+ichi_shisu_juni,kyori_tekisei_2,kyakushitsu,ichi_shisu_juni,100,27191,74.02,9.53,72.15,False
SURFACE_2_芝,keibajo_code+uma_deokure_bin+shiba_tekisei_code,keibajo_code,uma_deokure_bin,shiba_tekisei_code,140,143920,73.53,8.28,72.15,False
SURFACE_2_芝,rotation_bin+class_code+ls_shisu_juni,rotation_bin,class_code,ls_shisu_juni,312,124890,73.34,10.7,72.15,False
SURFACE_2_芝,uma_deokure_bin+omo_tekisei_code+manken_shisu_decile,uma_deokure_bin,omo_tekisei_code,manken_shisu_decile,129,144064,73.54,8.04,72.15,False
SURFACE_2_芝,uma_deokure_bin+kyori_tekisei+manken_shisu_decile,uma_deokure_bin,kyori_tekisei,manken_shisu_decile,165,140195,73.32,7.67,72.15,False
SURFACE_2_芝,uma_start_shisu_decile+rotation_bin+pace_shisu_juni,uma_start_shisu_decile,rotation_bin,pace_shisu_juni,509,124871,73.07,10.67,72.15,False
SURFACE_2_芝,keibajo_code+kyori_tekisei+omo_tekisei_code,keibajo_code,kyori_tekisei,omo_tekisei_code,125,145568,73.22,6.1,72.15,False
SURFACE_2_芝,uma_deokure_bin+bataiju+ls_shisu_juni,uma_deokure_bin,bataiju,ls_shisu_juni,473,85845,73.25,12.28,72.14,False
SURFACE_2_芝,keibajo_code+rotation_bin+pace_shisu_juni,keibajo_code,rotation_bin,pace_shisu_juni,572,117190,73.03,10.92,72.14,False
SURFACE_2_芝,uma_start_shisu_decile+bataiju_zogen+kyakushitsu,uma_start_shisu_decile,bataiju_zogen,kyakushitsu,287,135789,73.11,8.41,72.14,False
SURFACE_2_芝,kyori_tekisei_2+kijun_ninkijun_tansho+ten_shisu_juni,kyori_tekisei_2,kijun_ninkijun_tansho,ten_shisu_juni,51,6433,75.82,13.41,72.14,False
SURFACE_2_芝,kyori_kubun+manken_shisu_decile+class_code,kyori_kubun,manken_shisu_decile,class_code,291,131628,73.35,10.53,72.14,False
SURFACE_2_芝,keibajo_code+hizume_code+kyakushitsu,keibajo_code,hizume_code,kyakushitsu,311,135845,73.18,9.34,72.14,False
SURFACE_2_芝,keibajo_code+omo_tekisei_code+ten_shisu_juni,keibajo_code,omo_tekisei_code,ten_shisu_juni,348,138821,73.1,9.06,72.14,False
SURFACE_2_芝,uma_deokure_bin+joken_class_code+ten_shisu_juni,uma_deokure_bin,joken_class_code,ten_shisu_juni,309,141576,73.14,8.98,72.14,False
SURFACE_2_芝,kyori_tekisei+uma_start_shisu_decile+kyakushitsu,kyori_tekisei,uma_start_shisu_decile,kyakushitsu,120,143876,73.69,8.68,72.13,False
SURFACE_2_芝,keibajo_code+joken_class_code+manken_shisu_decile,keibajo_code,joken_class_code,manken_shisu_decile,351,161265,72.98,8.14,72.13,False
SURFACE_2_芝,kyori_kubun+bataiju_zogen+ichi_shisu_juni,kyori_kubun,bataiju_zogen,ichi_shisu_juni,466,119043,73.1,10.68,72.13,False
SURFACE_2_芝,hizume_code+ls_shisu_juni+ichi_shisu_juni,hizume_code,ls_shisu_juni,ichi_shisu_juni,438,103053,73.26,12.11,72.13,False
SURFACE_2_芝,uma_deokure_bin+joken_class_code+rotation_bin,uma_deokure_bin,joken_class_code,rotation_bin,160,146542,73.38,8.06,72.13,False
SURFACE_2_芝,pace_yoso+uma_start_shisu_decile+pace_shisu_juni,pace_yoso,uma_start_shisu_decile,pace_shisu_juni,299,142696,73.07,8.28,72.13,False
SURFACE_2_芝,uma_start_shisu_decile+ls_shisu_juni+kyakushitsu,uma_start_shisu_decile,ls_shisu_juni,kyakushitsu,202,144448,73.49,9.84,72.13,False
SURFACE_2_芝,keibajo_code+uma_deokure_bin+ten_shisu_juni,keibajo_code,uma_deokure_bin,ten_shisu_juni,433,124843,73.07,10.06,72.12,False
SURFACE_2_芝,kyori_kubun+hizume_code+ls_shisu_juni,kyori_kubun,hizume_code,ls_shisu_juni,259,136349,73.3,9.67,72.12,False
SURFACE_2_芝,uma_deokure_bin+ls_shisu_juni+pace_shisu_juni,uma_deokure_bin,ls_shisu_juni,pace_shisu_juni,355,130234,73.25,10.86,72.12,False
SURFACE_2_芝,uma_start_shisu_decile+manken_shisu_decile+ls_shisu_juni,uma_start_shisu_decile,manken_shisu_decile,ls_shisu_juni,413,132306,73.18,11.02,72.12,False
SURFACE_2_芝,joken_class_code+uma_start_shisu_decile+pace_shisu_juni,joken_class_code,uma_start_shisu_decile,pace_shisu_juni,424,134205,73.11,10.47,72.12,False
SURFACE_2_芝,manken_shisu_decile+class_code+kyakushitsu,manken_shisu_decile,class_code,kyakushitsu,295,132142,73.48,11.9,72.12,False
SURFACE_2_芝,kyori_kubun+hizume_code+pace_shisu_juni,kyori_kubun,hizume_code,pace_shisu_juni,402,126338,73.04,9.37,72.12,False
SURFACE_2_芝,hizume_code+rotation_bin+manken_shisu_decile,hizume_code,rotation_bin,manken_shisu_decile,383,121240,73.11,9.85,72.12,False
SURFACE_2_芝,kyori_kubun+rotation_bin+ten_shisu_juni,kyori_kubun,rotation_bin,ten_shisu_juni,380,139869,73.09,9.61,72.12,False
SURFACE_2_芝,uma_deokure_bin+rotation_bin+pace_shisu_juni,uma_deokure_bin,rotation_bin,pace_shisu_juni,372,134500,73.16,10.37,72.11,False
SURFACE_2_芝,rotation_bin+class_code+pace_shisu_juni,rotation_bin,class_code,pace_shisu_juni,381,104007,73.25,11.36,72.11,False
SURFACE_2_芝,rotation_bin+ten_shisu_juni+pace_shisu_juni,rotation_bin,ten_shisu_juni,pace_shisu_juni,506,95778,73.04,10.75,72.1,False
SURFACE_2_芝,joken_class_code+hizume_code+shiba_tekisei_code,joken_class_code,hizume_code,shiba_tekisei_code,128,139986,73.74,9.45,72.1,False
SURFACE_2_芝,keibajo_code+kyori_tekisei+rotation_bin,keibajo_code,kyori_tekisei,rotation_bin,263,141175,73.16,8.76,72.1,False
SURFACE_2_芝,keibajo_code+uma_deokure_bin+manken_shisu_decile,keibajo_code,uma_deokure_bin,manken_shisu_decile,356,138862,73.07,9.35,72.1,False
SURFACE_2_芝,keibajo_code+uma_deokure_bin+class_code,keibajo_code,uma_deokure_bin,class_code,298,130563,73.28,10.38,72.1,False
SURFACE_2_芝,hizume_code+bataiju_zogen+ls_shisu_juni,hizume_code,bataiju_zogen,ls_shisu_juni,384,106179,73.18,10.81,72.1,False
SURFACE_2_芝,manken_shisu_decile+class_code+ichi_shisu_juni,manken_shisu_decile,class_code,ichi_shisu_juni,425,93819,73.15,11.09,72.1,False
SURFACE_2_芝,uma_deokure_bin+kyori_tekisei+rotation_bin,uma_deokure_bin,kyori_tekisei,rotation_bin,140,143377,73.46,8.28,72.09,False
SURFACE_2_芝,pace_yoso+bataiju_zogen+class_code,pace_yoso,bataiju_zogen,class_code,262,129849,73.3,9.97,72.09,False
SURFACE_2_芝,uma_deokure_bin+rotation_bin+ten_shisu_juni,uma_deokure_bin,rotation_bin,ten_shisu_juni,368,133284,73.12,10.14,72.09,False
SURFACE_2_芝,manken_shirushi+kyori_tekisei+kyakushitsu,manken_shirushi,kyori_tekisei,kyakushitsu,135,105629,73.48,8.27,72.08,False
SURFACE_2_芝,uma_deokure_bin+hizume_code+pace_shisu_juni,uma_deokure_bin,hizume_code,pace_shisu_juni,381,120980,73.05,9.67,72.08,False
SURFACE_2_芝,kyori_kubun+hizume_code+ichi_shisu_juni,kyori_kubun,hizume_code,ichi_shisu_juni,400,126075,73.05,9.95,72.08,False
SURFACE_2_芝,kyori_tekisei+uma_start_shisu_decile+bataiju_zogen,kyori_tekisei,uma_start_shisu_decile,bataiju_zogen,322,130847,73.05,8.81,72.08,False
SURFACE_2_芝,pace_yoso+manken_shisu_decile+shiba_tekisei_code,pace_yoso,manken_shisu_decile,shiba_tekisei_code,76,142080,73.29,5.38,72.08,False
SURFACE_2_芝,pace_yoso+kyori_tekisei+shiba_tekisei_code,pace_yoso,kyori_tekisei,shiba_tekisei_code,33,142387,73.87,5.22,72.08,False
SURFACE_2_芝,class_code+ls_shisu_juni+pace_shisu_juni,class_code,ls_shisu_juni,pace_shisu_juni,396,101625,73.26,12.0,72.08,False
SURFACE_2_芝,pace_yoso+joken_class_code+bataiju_zogen,pace_yoso,joken_class_code,bataiju_zogen,168,142447,73.08,6.61,72.08,False
SURFACE_2_芝,joken_class_code+uma_start_shisu_decile+ten_shisu_juni,joken_class_code,uma_start_shisu_decile,ten_shisu_juni,429,134987,73.02,9.99,72.07,False
SURFACE_2_芝,uma_deokure_bin+omo_tekisei_code+ten_shisu_juni,uma_deokure_bin,omo_tekisei_code,ten_shisu_juni,204,144130,73.23,8.45,72.07,False
SURFACE_2_芝,kyori_tekisei+bataiju+class_code,kyori_tekisei,bataiju,class_code,381,76199,73.18,10.98,72.07,False
SURFACE_2_芝,hizume_code+class_code+shiba_tekisei_code,hizume_code,class_code,shiba_tekisei_code,198,132106,73.5,10.26,72.07,False
SURFACE_2_芝,uma_deokure_bin+manken_shisu_decile+class_code,uma_deokure_bin,manken_shisu_decile,class_code,276,128864,73.23,9.84,72.07,False
SURFACE_2_芝,class_code+shiba_tekisei_code+pace_shisu_juni,class_code,shiba_tekisei_code,pace_shisu_juni,268,131091,73.31,10.46,72.06,False
SURFACE_2_芝,hizume_code+ls_shisu_juni+ten_shisu_juni,hizume_code,ls_shisu_juni,ten_shisu_juni,442,102099,73.22,12.48,72.06,False
SURFACE_2_芝,pace_yoso+rotation_bin+ten_shisu_juni,pace_yoso,rotation_bin,ten_shisu_juni,293,142802,73.14,9.44,72.06,False
SURFACE_2_芝,manken_shisu_decile+kyori_tekisei_2+kijun_ninkijun_tansho,manken_shisu_decile,kyori_tekisei_2,kijun_ninkijun_tansho,106,20014,74.24,11.42,72.06,False
SURFACE_2_芝,uma_deokure_bin+rotation_bin+ichi_shisu_juni,uma_deokure_bin,rotation_bin,ichi_shisu_juni,366,134158,73.09,10.19,72.05,False
SURFACE_2_芝,kyori_kubun+joken_class_code+bataiju_zogen,kyori_kubun,joken_class_code,bataiju_zogen,245,140489,73.0,7.59,72.05,False
SURFACE_2_芝,manken_shisu_decile+class_code+shiba_tekisei_code,manken_shisu_decile,class_code,shiba_tekisei_code,177,134638,73.58,10.38,72.05,False
SURFACE_2_芝,bataiju_zogen+kyakushitsu+ichi_shisu_juni,bataiju_zogen,kyakushitsu,ichi_shisu_juni,390,123015,73.05,10.14,72.04,False
SURFACE_2_芝,kyori_tekisei_2+kyakushitsu+ten_shisu_juni,kyori_tekisei_2,kyakushitsu,ten_shisu_juni,112,26604,74.07,10.95,72.04,False
SURFACE_2_芝,kyori_kubun+hizume_code+rotation_bin,kyori_kubun,hizume_code,rotation_bin,244,137645,73.04,8.01,72.04,False
SURFACE_2_芝,keibajo_code+class_code+ten_shisu_juni,keibajo_code,class_code,ten_shisu_juni,435,92481,73.1,11.35,72.04,False
SURFACE_2_芝,hizume_code+kyakushitsu+ten_shisu_juni,hizume_code,kyakushitsu,ten_shisu_juni,380,127329,73.03,9.81,72.04,False
SURFACE_2_芝,keibajo_code+rotation_bin+shiba_tekisei_code,keibajo_code,rotation_bin,shiba_tekisei_code,192,142072,73.21,8.29,72.04,False
SURFACE_2_芝,kyori_kubun+kyori_tekisei+kyori_tekisei_2,kyori_kubun,kyori_tekisei,kyori_tekisei_2,14,30190,75.79,7.18,72.03,False
SURFACE_2_芝,keibajo_code+uma_deokure_bin+pace_shisu_juni,keibajo_code,uma_deokure_bin,pace_shisu_juni,437,125759,72.98,10.17,72.03,False
SURFACE_2_芝,bataiju_zogen+class_code+kyori_tekisei_2,bataiju_zogen,class_code,kyori_tekisei_2,82,16367,73.93,8.76,72.03,False
SURFACE_2_芝,uma_deokure_bin+class_code+shiba_tekisei_code,uma_deokure_bin,class_code,shiba_tekisei_code,128,140794,73.52,8.63,72.03,False
SURFACE_2_芝,joken_class_code+omo_tekisei_code+rotation_bin,joken_class_code,omo_tekisei_code,rotation_bin,100,146650,73.43,7.14,72.03,False
SURFACE_2_芝,keibajo_code+kyori_kubun+shiba_tekisei_code,keibajo_code,kyori_kubun,shiba_tekisei_code,103,144617,72.95,4.84,72.02,False
SURFACE_2_芝,hizume_code+manken_shisu_decile+class_code,hizume_code,manken_shisu_decile,class_code,353,106610,73.11,10.42,72.02,False
SURFACE_2_芝,keibajo_code+kyori_tekisei+uma_start_shisu_decile,keibajo_code,kyori_tekisei,uma_start_shisu_decile,293,142033,73.01,8.65,72.02,False
SURFACE_2_芝,pace_yoso+bataiju+kyori_tekisei_2,pace_yoso,bataiju,kyori_tekisei_2,104,19152,73.97,10.11,72.02,False
SURFACE_2_芝,uma_deokure_bin+hizume_code+class_code,uma_deokure_bin,hizume_code,class_code,263,123491,73.21,9.88,72.02,False
SURFACE_2_芝,keibajo_code+uma_deokure_bin+ichi_shisu_juni,keibajo_code,uma_deokure_bin,ichi_shisu_juni,423,125210,72.95,9.8,72.02,False
SURFACE_2_芝,joken_class_code+bataiju_zogen+manken_shisu_decile,joken_class_code,bataiju_zogen,manken_shisu_decile,375,125789,72.92,9.05,72.01,False
SURFACE_2_芝,pace_yoso+hizume_code+pace_shisu_juni,pace_yoso,hizume_code,pace_shisu_juni,318,131638,73.09,9.83,72.01,False
SURFACE_2_芝,pace_yoso+uma_start_shisu_decile+kyori_tekisei_2,pace_yoso,uma_start_shisu_decile,kyori_tekisei_2,46,29565,74.27,7.83,72.01,False
SURFACE_2_芝,omo_tekisei_code+ten_shisu_juni+ichi_shisu_juni,omo_tekisei_code,ten_shisu_juni,ichi_shisu_juni,412,130608,72.93,9.56,72.01,False
SURFACE_2_芝,manken_shisu_decile+ls_shisu_juni+pace_shisu_juni,manken_shisu_decile,ls_shisu_juni,pace_shisu_juni,605,132581,72.95,11.85,72.01,False
SURFACE_2_芝,pace_yoso+class_code+ichi_shisu_juni,pace_yoso,class_code,ichi_shisu_juni,305,131945,73.2,10.77,72.0,False
SURFACE_2_芝,uma_start_shisu_decile+omo_tekisei_code+pace_shisu_juni,uma_start_shisu_decile,omo_tekisei_code,pace_shisu_juni,279,139970,73.01,8.65,72.0,False
SURFACE_2_芝,pace_yoso+bataiju+ls_shisu_juni,pace_yoso,bataiju,ls_shisu_juni,574,127239,72.97,11.85,72.0,False
SURFACE_2_芝,kyori_tekisei+omo_tekisei_code+rotation_bin,kyori_tekisei,omo_tekisei_code,rotation_bin,95,144055,73.3,6.48,72.0,False
SURFACE_2_芝,bataiju_zogen+omo_tekisei_code+ls_shisu_juni,bataiju_zogen,omo_tekisei_code,ls_shisu_juni,236,135310,73.29,10.14,72.0,False
SURFACE_2_芝,keibajo_code+omo_tekisei_code+kyakushitsu,keibajo_code,omo_tekisei_code,kyakushitsu,126,149064,73.37,7.83,72.0,False
SURFACE_2_芝,hizume_code+class_code+ten_shisu_juni,hizume_code,class_code,ten_shisu_juni,347,84884,73.08,10.3,71.99,False
SURFACE_2_芝,keibajo_code+kyori_tekisei_2+kijun_ninkijun_tansho,keibajo_code,kyori_tekisei_2,kijun_ninkijun_tansho,85,13698,74.57,12.1,71.99,False
SURFACE_2_芝,hizume_code+ls_shisu_juni+pace_shisu_juni,hizume_code,ls_shisu_juni,pace_shisu_juni,442,103462,73.05,11.42,71.99,False
SURFACE_2_芝,pace_yoso+uma_deokure_bin+ls_shisu_juni,pace_yoso,uma_deokure_bin,ls_shisu_juni,98,146790,73.59,8.12,71.99,False
SURFACE_2_芝,rotation_bin+class_code+kyori_tekisei_2,rotation_bin,class_code,kyori_tekisei_2,84,22574,74.03,9.56,71.99,False
SURFACE_2_芝,keibajo_code+uma_deokure_bin+kyakushitsu,keibajo_code,uma_deokure_bin,kyakushitsu,187,147385,73.19,8.33,71.99,False
SURFACE_2_芝,kyori_kubun+uma_start_shisu_decile+ls_shisu_juni,kyori_kubun,uma_start_shisu_decile,ls_shisu_juni,232,145150,73.2,9.42,71.98,False
SURFACE_2_芝,pace_yoso+hizume_code+ichi_shisu_juni,pace_yoso,hizume_code,ichi_shisu_juni,318,131737,73.03,9.59,71.97,False
SURFACE_2_芝,shiba_tekisei_code+ls_shisu_juni+ten_shisu_juni,shiba_tekisei_code,ls_shisu_juni,ten_shisu_juni,314,136607,73.29,11.91,71.97,False
SURFACE_2_芝,pace_yoso+joken_class_code+rotation_bin,pace_yoso,joken_class_code,rotation_bin,89,147218,73.47,7.24,71.97,False
SURFACE_2_芝,joken_class_code+uma_start_shisu_decile+ichi_shisu_juni,joken_class_code,uma_start_shisu_decile,ichi_shisu_juni,411,134984,72.96,10.29,71.96,False
SURFACE_2_芝,kyori_kubun+class_code+pace_shisu_juni,kyori_kubun,class_code,pace_shisu_juni,362,120468,73.04,10.47,71.96,False
SURFACE_2_芝,uma_start_shisu_decile+omo_tekisei_code+ls_shisu_juni,uma_start_shisu_decile,omo_tekisei_code,ls_shisu_juni,163,143887,73.31,8.73,71.96,False
SURFACE_2_芝,keibajo_code+joken_class_code+pace_shisu_juni,keibajo_code,joken_class_code,pace_shisu_juni,501,152634,72.79,9.49,71.96,False
SURFACE_2_芝,pace_yoso+class_code+ten_shisu_juni,pace_yoso,class_code,ten_shisu_juni,310,131607,73.1,10.28,71.96,False
SURFACE_2_芝,bataiju_zogen+ten_shisu_juni+kyuyo_riyu_bunrui_code,bataiju_zogen,ten_shisu_juni,kyuyo_riyu_bunrui_code,127,23206,73.77,10.36,71.96,False
SURFACE_2_芝,class_code+shiba_tekisei_code+ichi_shisu_juni,class_code,shiba_tekisei_code,ichi_shisu_juni,272,131146,73.21,10.56,71.96,False
SURFACE_2_芝,bataiju_zogen+kyori_tekisei_2+kijun_ninkijun_tansho,bataiju_zogen,kyori_tekisei_2,kijun_ninkijun_tansho,74,11292,74.98,13.28,71.95,False
SURFACE_2_芝,pace_yoso+rotation_bin+pace_shisu_juni,pace_yoso,rotation_bin,pace_shisu_juni,287,142927,72.99,9.01,71.95,False
SURFACE_2_芝,kyori_tekisei+class_code+pace_shisu_juni,kyori_tekisei,class_code,pace_shisu_juni,341,119349,73.14,11.28,71.95,False
SURFACE_2_芝,bataiju_zogen+class_code+kyakushitsu,bataiju_zogen,class_code,kyakushitsu,312,120376,73.04,9.93,71.94,False
SURFACE_2_芝,uma_deokure_bin+bataiju+class_code,uma_deokure_bin,bataiju,class_code,294,69060,73.15,10.59,71.94,False
SURFACE_2_芝,uma_deokure_bin+kyori_tekisei+class_code,uma_deokure_bin,kyori_tekisei,class_code,174,137640,73.38,9.7,71.94,False
SURFACE_2_芝,class_code+ls_shisu_juni+ichi_shisu_juni,class_code,ls_shisu_juni,ichi_shisu_juni,383,100301,73.28,13.45,71.94,False
SURFACE_2_芝,uma_deokure_bin+hizume_code+manken_shisu_decile,uma_deokure_bin,hizume_code,manken_shisu_decile,295,129332,72.96,8.99,71.94,False
SURFACE_2_芝,uma_start_shisu_decile+kyakushitsu+ten_shisu_juni,uma_start_shisu_decile,kyakushitsu,ten_shisu_juni,330,139569,72.92,9.09,71.94,False
SURFACE_2_芝,hizume_code+rotation_bin+shiba_tekisei_code,hizume_code,rotation_bin,shiba_tekisei_code,194,136453,73.18,8.85,71.94,False
SURFACE_2_芝,kyori_kubun+uma_deokure_bin+ls_shisu_juni,kyori_kubun,uma_deokure_bin,ls_shisu_juni,158,147015,73.31,8.81,71.93,False
SURFACE_2_芝,kyori_kubun+uma_start_shisu_decile+rotation_bin,kyori_kubun,uma_start_shisu_decile,rotation_bin,219,145946,72.96,7.77,71.93,False
SURFACE_2_芝,keibajo_code+rotation_bin+kyakushitsu,keibajo_code,rotation_bin,kyakushitsu,266,145536,73.02,9.05,71.93,False
SURFACE_2_芝,uma_deokure_bin+ls_shisu_juni+ichi_shisu_juni,uma_deokure_bin,ls_shisu_juni,ichi_shisu_juni,347,129857,73.18,11.86,71.93,False
SURFACE_2_芝,bataiju_zogen+bataiju+class_code,bataiju_zogen,bataiju,class_code,173,21933,73.68,11.77,71.93,False
SURFACE_2_芝,pace_yoso+rotation_bin+ls_shisu_juni,pace_yoso,rotation_bin,ls_shisu_juni,167,146634,73.43,9.94,71.93,False
SURFACE_2_芝,manken_shirushi+kyakushitsu+kyuyo_riyu_bunrui_code,manken_shirushi,kyakushitsu,kyuyo_riyu_bunrui_code,32,20992,74.1,6.25,71.93,False
SURFACE_2_芝,joken_class_code+rotation_bin+pace_shisu_juni,joken_class_code,rotation_bin,pace_shisu_juni,396,135901,72.9,9.83,71.93,False
SURFACE_2_芝,joken_class_code+rotation_bin+ichi_shisu_juni,joken_class_code,rotation_bin,ichi_shisu_juni,399,135497,72.9,9.88,71.93,False
SURFACE_2_芝,bataiju_zogen+shiba_tekisei_code+ten_shisu_juni,bataiju_zogen,shiba_tekisei_code,ten_shisu_juni,384,121090,72.91,9.81,71.93,False
SURFACE_2_芝,uma_start_shisu_decile+omo_tekisei_code+shiba_tekisei_code,uma_start_shisu_decile,omo_tekisei_code,shiba_tekisei_code,66,143053,73.32,5.75,71.93,False
SURFACE_2_芝,joken_class_code+uma_start_shisu_decile+class_code,joken_class_code,uma_start_shisu_decile,class_code,139,142030,73.56,9.83,71.92,False
SURFACE_2_芝,manken_shirushi+kyori_tekisei_2+kijun_ninkijun_tansho,manken_shirushi,kyori_tekisei_2,kijun_ninkijun_tansho,59,8970,75.32,13.3,71.92,False
SURFACE_2_芝,omo_tekisei_code+shiba_tekisei_code+kijun_ninkijun_tansho,omo_tekisei_code,shiba_tekisei_code,kijun_ninkijun_tansho,120,141873,75.03,17.39,71.92,False
SURFACE_2_芝,kyori_tekisei+bataiju_zogen+rotation_bin,kyori_tekisei,bataiju_zogen,rotation_bin,294,132882,72.93,8.85,71.92,False
SURFACE_2_芝,kyori_kubun+uma_start_shisu_decile+ten_shisu_juni,kyori_kubun,uma_start_shisu_decile,ten_shisu_juni,418,140670,72.88,10.09,71.92,False
SURFACE_2_芝,class_code+kyori_tekisei_2+pace_shisu_juni,class_code,kyori_tekisei_2,pace_shisu_juni,80,13491,73.84,8.77,71.92,False
SURFACE_2_芝,keibajo_code+omo_tekisei_code+pace_shisu_juni,keibajo_code,omo_tekisei_code,pace_shisu_juni,340,138321,72.85,8.79,71.92,False
SURFACE_2_芝,omo_tekisei_code+kyori_tekisei_2+ls_shisu_juni,omo_tekisei_code,kyori_tekisei_2,ls_shisu_juni,60,29289,74.17,8.94,71.91,False
SURFACE_2_芝,uma_deokure_bin+joken_class_code+class_code,uma_deokure_bin,joken_class_code,class_code,96,144180,73.86,9.78,71.91,False
SURFACE_2_芝,keibajo_code+kyori_tekisei+hizume_code,keibajo_code,kyori_tekisei,hizume_code,302,131363,72.9,8.79,71.91,False
SURFACE_2_芝,joken_class_code+hizume_code+manken_shisu_decile,joken_class_code,hizume_code,manken_shisu_decile,311,130222,72.88,8.77,71.91,False
SURFACE_2_芝,manken_shirushi+kijun_ninkijun_tansho+pace_shisu_juni,manken_shirushi,kijun_ninkijun_tansho,pace_shisu_juni,331,51330,73.34,13.24,71.91,False
SURFACE_2_芝,keibajo_code+pace_yoso+manken_shisu_decile,keibajo_code,pace_yoso,manken_shisu_decile,281,167068,72.82,7.9,71.9,False
SURFACE_2_芝,hizume_code+manken_shisu_decile+shiba_tekisei_code,hizume_code,manken_shisu_decile,shiba_tekisei_code,222,132488,73.06,8.83,71.9,False
SURFACE_2_芝,kyori_kubun+uma_start_shisu_decile+kyakushitsu,kyori_kubun,uma_start_shisu_decile,kyakushitsu,110,147069,73.15,6.71,71.9,False
SURFACE_2_芝,uma_deokure_bin+class_code+kyakushitsu,uma_deokure_bin,class_code,kyakushitsu,181,140505,73.4,10.29,71.9,False
SURFACE_2_芝,rotation_bin+manken_shisu_decile+pace_shisu_juni,rotation_bin,manken_shisu_decile,pace_shisu_juni,547,114725,72.82,11.2,71.89,False
SURFACE_2_芝,uma_deokure_bin+class_code+ls_shisu_juni,uma_deokure_bin,class_code,ls_shisu_juni,237,130541,73.15,9.9,71.89,False
SURFACE_2_芝,kyori_tekisei+rotation_bin+class_code,kyori_tekisei,rotation_bin,class_code,231,134251,73.1,9.38,71.89,False
SURFACE_2_芝,uma_deokure_bin+rotation_bin+manken_shisu_decile,uma_deokure_bin,rotation_bin,manken_shisu_decile,271,140094,73.02,9.47,71.89,False
SURFACE_2_芝,manken_shirushi+kyori_tekisei_2+ls_shisu_juni,manken_shirushi,kyori_tekisei_2,ls_shisu_juni,78,14583,74.39,11.26,71.89,False
SURFACE_2_芝,joken_class_code+bataiju_zogen+kyakushitsu,joken_class_code,bataiju_zogen,kyakushitsu,241,140217,73.03,9.04,71.89,False
SURFACE_2_芝,uma_deokure_bin+manken_shisu_decile+ichi_shisu_juni,uma_deokure_bin,manken_shisu_decile,ichi_shisu_juni,423,126261,72.93,10.93,71.88,False
SURFACE_2_芝,keibajo_code+kyori_kubun+manken_shisu_decile,keibajo_code,kyori_kubun,manken_shisu_decile,319,165828,72.76,7.99,71.88,False
SURFACE_2_芝,bataiju+ls_shisu_juni+kyakushitsu,bataiju,ls_shisu_juni,kyakushitsu,519,89705,72.99,12.85,71.88,False
SURFACE_2_芝,kyori_tekisei+class_code+ls_shisu_juni,kyori_tekisei,class_code,ls_shisu_juni,243,132560,73.18,10.33,71.88,False
SURFACE_2_芝,kyori_kubun+kyori_tekisei_2+kyakushitsu,kyori_kubun,kyori_tekisei_2,kyakushitsu,34,30183,74.86,8.87,71.88,False
SURFACE_2_芝,kyori_kubun+class_code+ichi_shisu_juni,kyori_kubun,class_code,ichi_shisu_juni,364,120825,72.99,10.8,71.88,False
SURFACE_2_芝,bataiju_zogen+omo_tekisei_code+rotation_bin,bataiju_zogen,omo_tekisei_code,rotation_bin,223,138474,73.01,8.66,71.88,False
SURFACE_2_芝,joken_class_code+kyori_tekisei+bataiju_zogen,joken_class_code,kyori_tekisei,bataiju_zogen,219,136265,72.86,7.47,71.87,False
SURFACE_2_芝,uma_start_shisu_decile+manken_shisu_decile+shiba_tekisei_code,uma_start_shisu_decile,manken_shisu_decile,shiba_tekisei_code,198,140500,72.89,7.31,71.87,False
SURFACE_2_芝,pace_yoso+uma_deokure_bin+pace_shisu_juni,pace_yoso,uma_deokure_bin,pace_shisu_juni,186,146284,73.01,7.93,71.87,False
SURFACE_2_芝,class_code+shiba_tekisei_code+ten_shisu_juni,class_code,shiba_tekisei_code,ten_shisu_juni,277,131368,73.13,10.72,71.87,False
SURFACE_2_芝,kyakushitsu+ten_shisu_juni+pace_shisu_juni,kyakushitsu,ten_shisu_juni,pace_shisu_juni,502,144122,72.76,10.22,71.87,False
SURFACE_2_芝,kyori_tekisei+hizume_code+ls_shisu_juni,kyori_tekisei,hizume_code,ls_shisu_juni,255,131884,73.14,10.35,71.87,False
SURFACE_2_芝,keibajo_code+kyori_tekisei+shiba_tekisei_code,keibajo_code,kyori_tekisei,shiba_tekisei_code,108,141776,72.99,6.03,71.86,False
SURFACE_2_芝,kyori_kubun+hizume_code+manken_shisu_decile,kyori_kubun,hizume_code,manken_shisu_decile,305,133523,72.92,9.44,71.86,False
SURFACE_2_芝,uma_start_shisu_decile+class_code+shiba_tekisei_code,uma_start_shisu_decile,class_code,shiba_tekisei_code,168,137457,73.43,10.44,71.86,False
SURFACE_2_芝,keibajo_code+ls_shisu_juni+ichi_shisu_juni,keibajo_code,ls_shisu_juni,ichi_shisu_juni,555,137345,72.87,12.19,71.86,False
SURFACE_2_芝,pace_yoso+bataiju_zogen+ls_shisu_juni,pace_yoso,bataiju_zogen,ls_shisu_juni,259,138310,73.2,11.04,71.85,False
SURFACE_2_芝,uma_start_shisu_decile+kyakushitsu+pace_shisu_juni,uma_start_shisu_decile,kyakushitsu,pace_shisu_juni,340,140141,72.82,9.16,71.85,False
SURFACE_2_芝,kyori_kubun+uma_deokure_bin+ichi_shisu_juni,kyori_kubun,uma_deokure_bin,ichi_shisu_juni,284,145037,73.03,10.12,71.85,False
SURFACE_2_芝,omo_tekisei_code+rotation_bin+ls_shisu_juni,omo_tekisei_code,rotation_bin,ls_shisu_juni,162,144669,73.41,10.12,71.85,False
SURFACE_2_芝,rotation_bin+bataiju+kyuyo_riyu_bunrui_code,rotation_bin,bataiju,kyuyo_riyu_bunrui_code,67,27619,73.62,7.42,71.84,False
SURFACE_2_芝,uma_start_shisu_decile+bataiju_zogen+ls_shisu_juni,uma_start_shisu_decile,bataiju_zogen,ls_shisu_juni,420,120124,72.94,11.42,71.84,False
SURFACE_2_芝,kyori_kubun+uma_start_shisu_decile+pace_shisu_juni,kyori_kubun,uma_start_shisu_decile,pace_shisu_juni,409,140159,72.74,9.26,71.84,False
SURFACE_2_芝,kyori_kubun+rotation_bin+manken_shisu_decile,kyori_kubun,rotation_bin,manken_shisu_decile,255,142767,72.89,8.5,71.84,False
SURFACE_2_芝,rotation_bin+kyori_tekisei_2+kyuyo_riyu_bunrui_code,rotation_bin,kyori_tekisei_2,kyuyo_riyu_bunrui_code,10,7530,74.68,4.59,71.83,False
SURFACE_2_芝,class_code+ls_shisu_juni+ten_shisu_juni,class_code,ls_shisu_juni,ten_shisu_juni,396,100392,73.12,13.01,71.83,False
SURFACE_2_芝,class_code+ls_shisu_juni+kyakushitsu,class_code,ls_shisu_juni,kyakushitsu,254,134014,73.22,11.31,71.83,False
SURFACE_2_芝,omo_tekisei_code+manken_shisu_decile+ten_shisu_juni,omo_tekisei_code,manken_shisu_decile,ten_shisu_juni,343,137021,72.79,9.03,71.83,False
SURFACE_2_芝,uma_start_shisu_decile+rotation_bin+ten_shisu_juni,uma_start_shisu_decile,rotation_bin,ten_shisu_juni,506,123764,72.76,10.64,71.83,False
SURFACE_2_芝,joken_class_code+ten_shisu_juni+pace_shisu_juni,joken_class_code,ten_shisu_juni,pace_shisu_juni,471,131246,72.79,10.69,71.83,False
SURFACE_2_芝,uma_start_shisu_decile+class_code+kyakushitsu,uma_start_shisu_decile,class_code,kyakushitsu,236,136151,73.25,11.06,71.83,False
SURFACE_2_芝,kyori_kubun+omo_tekisei_code+class_code,kyori_kubun,omo_tekisei_code,class_code,138,143701,73.32,8.9,71.83,False
SURFACE_2_芝,pace_yoso+bataiju_zogen+manken_shisu_decile,pace_yoso,bataiju_zogen,manken_shisu_decile,303,134385,72.76,8.31,71.83,False
SURFACE_2_芝,uma_start_shisu_decile+rotation_bin+ichi_shisu_juni,uma_start_shisu_decile,rotation_bin,ichi_shisu_juni,477,123556,72.75,10.19,71.83,False
SURFACE_2_芝,pace_yoso+bataiju_zogen+kyakushitsu,pace_yoso,bataiju_zogen,kyakushitsu,167,143746,73.0,7.72,71.83,False
SURFACE_2_芝,keibajo_code+class_code+ichi_shisu_juni,keibajo_code,class_code,ichi_shisu_juni,425,92209,72.88,11.1,71.82,False
SURFACE_2_芝,joken_class_code+class_code+kyakushitsu,joken_class_code,class_code,kyakushitsu,93,145136,73.78,9.65,71.82,False
SURFACE_2_芝,kyori_kubun+joken_class_code+uma_start_shisu_decile,kyori_kubun,joken_class_code,uma_start_shisu_decile,153,147548,72.9,6.76,71.82,False
SURFACE_2_芝,manken_shirushi+hizume_code+kyuyo_riyu_bunrui_code,manken_shirushi,hizume_code,kyuyo_riyu_bunrui_code,60,18661,73.92,8.3,71.82,False
SURFACE_2_芝,pace_yoso+kyori_tekisei+omo_tekisei_code,pace_yoso,kyori_tekisei,omo_tekisei_code,42,147041,73.4,5.21,71.82,False
SURFACE_2_芝,joken_class_code+bataiju+ls_shisu_juni,joken_class_code,bataiju,ls_shisu_juni,529,101755,72.87,12.5,71.81,False
SURFACE_2_芝,hizume_code+omo_tekisei_code+ten_shisu_juni,hizume_code,omo_tekisei_code,ten_shisu_juni,313,134162,72.82,9.12,71.81,False
SURFACE_2_芝,keibajo_code+ls_shisu_juni+ten_shisu_juni,keibajo_code,ls_shisu_juni,ten_shisu_juni,576,136550,72.8,12.24,71.8,False
SURFACE_2_芝,bataiju_zogen+manken_shisu_decile+shiba_tekisei_code,bataiju_zogen,manken_shisu_decile,shiba_tekisei_code,270,129828,72.79,8.27,71.8,False
SURFACE_2_芝,uma_deokure_bin+bataiju_zogen+shiba_tekisei_code,uma_deokure_bin,bataiju_zogen,shiba_tekisei_code,178,138282,72.99,8.11,71.8,False
SURFACE_2_芝,uma_deokure_bin+bataiju+kijun_ninkijun_tansho,uma_deokure_bin,bataiju,kijun_ninkijun_tansho,382,48321,73.23,14.29,71.8,False
SURFACE_2_芝,bataiju+class_code+kyakushitsu,bataiju,class_code,kyakushitsu,372,73433,72.94,11.18,71.8,False
SURFACE_2_芝,hizume_code+omo_tekisei_code+manken_shisu_decile,hizume_code,omo_tekisei_code,manken_shisu_decile,212,137132,73.03,9.14,71.8,False
SURFACE_2_芝,rotation_bin+ls_shisu_juni+ichi_shisu_juni,rotation_bin,ls_shisu_juni,ichi_shisu_juni,463,121183,72.91,12.23,71.8,False
SURFACE_2_芝,keibajo_code+bataiju+manken_shisu_decile,keibajo_code,bataiju,manken_shisu_decile,26,2860,76.16,11.33,71.8,False
SURFACE_2_芝,hizume_code+omo_tekisei_code+pace_shisu_juni,hizume_code,omo_tekisei_code,pace_shisu_juni,307,133980,72.82,9.17,71.79,False
SURFACE_2_芝,uma_start_shisu_decile+rotation_bin+manken_shisu_decile,uma_start_shisu_decile,rotation_bin,manken_shisu_decile,400,134693,72.75,9.77,71.79,False
SURFACE_2_芝,pace_yoso+uma_deokure_bin+omo_tekisei_code,pace_yoso,uma_deokure_bin,omo_tekisei_code,41,147168,73.81,6.59,71.79,False
SURFACE_2_芝,keibajo_code+joken_class_code+shiba_tekisei_code,keibajo_code,joken_class_code,shiba_tekisei_code,115,143477,73.16,7.5,71.79,False
SURFACE_2_芝,hizume_code+rotation_bin+kyakushitsu,hizume_code,rotation_bin,kyakushitsu,238,136870,72.94,9.04,71.79,False
SURFACE_2_芝,hizume_code+shiba_tekisei_code+pace_shisu_juni,hizume_code,shiba_tekisei_code,pace_shisu_juni,332,128139,72.83,9.72,71.79,False
SURFACE_2_芝,kyori_tekisei+hizume_code+kyakushitsu,kyori_tekisei,hizume_code,kyakushitsu,170,138537,73.17,9.27,71.78,False
SURFACE_2_芝,joken_class_code+kyori_tekisei+kyakushitsu,joken_class_code,kyori_tekisei,kyakushitsu,81,167496,73.53,8.03,71.78,False
SURFACE_2_芝,manken_shisu_decile+kyori_tekisei_2+kyuyo_riyu_bunrui_code,manken_shisu_decile,kyori_tekisei_2,kyuyo_riyu_bunrui_code,18,6700,75.18,7.36,71.78,False
SURFACE_2_芝,uma_start_shisu_decile+shiba_tekisei_code+kyakushitsu,uma_start_shisu_decile,shiba_tekisei_code,kyakushitsu,85,143906,73.08,6.14,71.78,False
SURFACE_2_芝,uma_start_shisu_decile+rotation_bin+ls_shisu_juni,uma_start_shisu_decile,rotation_bin,ls_shisu_juni,336,138194,72.92,10.7,71.78,False
SURFACE_2_芝,joken_class_code+ls_shisu_juni+ichi_shisu_juni,joken_class_code,ls_shisu_juni,ichi_shisu_juni,409,153332,72.92,11.91,71.77,False
SURFACE_2_芝,joken_class_code+bataiju_zogen+class_code,joken_class_code,bataiju_zogen,class_code,188,134333,73.22,10.12,71.77,False
SURFACE_2_芝,joken_class_code+manken_shisu_decile+ls_shisu_juni,joken_class_code,manken_shisu_decile,ls_shisu_juni,296,161552,72.9,9.93,71.77,False
SURFACE_2_芝,uma_deokure_bin+uma_start_shisu_decile+manken_shisu_decile,uma_deokure_bin,uma_start_shisu_decile,manken_shisu_decile,260,138996,72.93,9.55,71.77,False
SURFACE_2_芝,kyori_kubun+uma_start_shisu_decile+class_code,kyori_kubun,uma_start_shisu_decile,class_code,266,135587,72.97,9.93,71.77,False
SURFACE_2_芝,uma_deokure_bin+bataiju+kyuyo_riyu_bunrui_code,uma_deokure_bin,bataiju,kyuyo_riyu_bunrui_code,98,22742,73.71,9.79,71.77,False
SURFACE_2_芝,keibajo_code+joken_class_code+ten_shisu_juni,keibajo_code,joken_class_code,ten_shisu_juni,513,153052,72.64,10.09,71.77,False
SURFACE_2_芝,pace_yoso+joken_class_code+kyori_tekisei,pace_yoso,joken_class_code,kyori_tekisei,62,168379,73.5,6.99,71.76,False
SURFACE_2_芝,hizume_code+shiba_tekisei_code+ten_shisu_juni,hizume_code,shiba_tekisei_code,ten_shisu_juni,333,127650,72.83,9.95,71.76,False
SURFACE_2_芝,uma_start_shisu_decile+omo_tekisei_code+ichi_shisu_juni,uma_start_shisu_decile,omo_tekisei_code,ichi_shisu_juni,278,140783,72.84,9.15,71.76,False
SURFACE_2_芝,omo_tekisei_code+rotation_bin+class_code,omo_tekisei_code,rotation_bin,class_code,192,139719,73.06,9.23,71.76,False
SURFACE_2_芝,joken_class_code+bataiju_zogen+shiba_tekisei_code,joken_class_code,bataiju_zogen,shiba_tekisei_code,150,138607,73.09,8.38,71.75,False
SURFACE_2_芝,pace_yoso+omo_tekisei_code+class_code,pace_yoso,omo_tekisei_code,class_code,96,145052,73.37,8.09,71.75,False
SURFACE_2_芝,pace_yoso+uma_start_shisu_decile+ten_shisu_juni,pace_yoso,uma_start_shisu_decile,ten_shisu_juni,301,142624,72.74,8.74,71.75,False
SURFACE_2_芝,uma_start_shisu_decile+rotation_bin+kyakushitsu,uma_start_shisu_decile,rotation_bin,kyakushitsu,191,145256,72.92,8.22,71.75,False
SURFACE_2_芝,uma_deokure_bin+omo_tekisei_code+pace_shisu_juni,uma_deokure_bin,omo_tekisei_code,pace_shisu_juni,199,143677,72.9,8.23,71.75,False
SURFACE_2_芝,kyori_tekisei+bataiju+ls_shisu_juni,kyori_tekisei,bataiju,ls_shisu_juni,572,99689,72.81,12.96,71.75,False
SURFACE_2_芝,kyori_tekisei+bataiju_zogen+omo_tekisei_code,kyori_tekisei,bataiju_zogen,omo_tekisei_code,156,138093,72.82,6.9,71.74,False
SURFACE_2_芝,omo_tekisei_code+shiba_tekisei_code+kyori_tekisei_2,omo_tekisei_code,shiba_tekisei_code,kyori_tekisei_2,19,30385,74.52,6.18,71.74,False
SURFACE_2_芝,keibajo_code+kyori_tekisei+manken_shisu_decile,keibajo_code,kyori_tekisei,manken_shisu_decile,337,160503,72.71,9.12,71.74,False
SURFACE_2_芝,class_code+kyori_tekisei_2+ls_shisu_juni,class_code,kyori_tekisei_2,ls_shisu_juni,84,21052,73.9,10.16,71.73,False
SURFACE_2_芝,kyori_kubun+omo_tekisei_code+ten_shisu_juni,kyori_kubun,omo_tekisei_code,ten_shisu_juni,189,146227,72.87,8.02,71.73,False
SURFACE_2_芝,hizume_code+shiba_tekisei_code+ls_shisu_juni,hizume_code,shiba_tekisei_code,ls_shisu_juni,207,135095,73.04,9.62,71.73,False
SURFACE_2_芝,kyori_kubun+manken_shisu_decile+ls_shisu_juni,kyori_kubun,manken_shisu_decile,ls_shisu_juni,287,164496,72.87,9.89,71.72,False
SURFACE_2_芝,hizume_code+kyakushitsu+pace_shisu_juni,hizume_code,kyakushitsu,pace_shisu_juni,393,127995,72.71,10.07,71.72,False
SURFACE_2_芝,uma_deokure_bin+joken_class_code+ichi_shisu_juni,uma_deokure_bin,joken_class_code,ichi_shisu_juni,303,141502,72.88,10.3,71.72,False
SURFACE_2_芝,joken_class_code+manken_shisu_decile+class_code,joken_class_code,manken_shisu_decile,class_code,148,138944,73.23,9.44,71.71,False
SURFACE_2_芝,pace_yoso+class_code+kyakushitsu,pace_yoso,class_code,kyakushitsu,132,145110,73.24,9.01,71.71,False
SURFACE_2_芝,joken_class_code+omo_tekisei_code+kyakushitsu,joken_class_code,omo_tekisei_code,kyakushitsu,57,149346,73.46,6.77,71.71,False
SURFACE_2_芝,uma_deokure_bin+shiba_tekisei_code+ten_shisu_juni,uma_deokure_bin,shiba_tekisei_code,ten_shisu_juni,211,141322,72.83,8.34,71.71,False
SURFACE_2_芝,pace_yoso+shiba_tekisei_code+kyakushitsu,pace_yoso,shiba_tekisei_code,kyakushitsu,34,144633,73.54,5.45,71.71,False
SURFACE_2_芝,uma_deokure_bin+class_code+ichi_shisu_juni,uma_deokure_bin,class_code,ichi_shisu_juni,340,118938,72.9,11.19,71.71,False
SURFACE_2_芝,kyori_tekisei+hizume_code+pace_shisu_juni,kyori_tekisei,hizume_code,pace_shisu_juni,396,121346,72.67,9.67,71.71,False
SURFACE_2_芝,kyori_tekisei+hizume_code+rotation_bin,kyori_tekisei,hizume_code,rotation_bin,243,133219,72.84,8.94,71.71,False
SURFACE_2_芝,joken_class_code+class_code+ten_shisu_juni,joken_class_code,class_code,ten_shisu_juni,218,136315,73.02,9.94,71.7,False
SURFACE_2_芝,pace_yoso+uma_start_shisu_decile+ls_shisu_juni,pace_yoso,uma_start_shisu_decile,ls_shisu_juni,167,145515,73.26,10.34,71.7,False
SURFACE_2_芝,uma_deokure_bin+hizume_code+ls_shisu_juni,uma_deokure_bin,hizume_code,ls_shisu_juni,268,133835,72.94,10.4,71.7,False
SURFACE_2_芝,keibajo_code+kyori_tekisei+ichi_shisu_juni,keibajo_code,kyori_tekisei,ichi_shisu_juni,520,156481,72.59,10.38,71.7,False
SURFACE_2_芝,keibajo_code+uma_start_shisu_decile+shiba_tekisei_code,keibajo_code,uma_start_shisu_decile,shiba_tekisei_code,216,142983,72.81,8.41,71.69,False
SURFACE_2_芝,kyori_tekisei+ten_shisu_juni+pace_shisu_juni,kyori_tekisei,ten_shisu_juni,pace_shisu_juni,517,138745,72.59,10.48,71.69,False
SURFACE_2_芝,uma_deokure_bin+class_code+pace_shisu_juni,uma_deokure_bin,class_code,pace_shisu_juni,354,119571,72.84,11.05,71.69,False
SURFACE_2_芝,keibajo_code+bataiju_zogen+shiba_tekisei_code,keibajo_code,bataiju_zogen,shiba_tekisei_code,302,132241,72.71,9.07,71.68,False
SURFACE_2_芝,kyori_tekisei+hizume_code+ichi_shisu_juni,kyori_tekisei,hizume_code,ichi_shisu_juni,391,120759,72.67,10.04,71.68,False
SURFACE_2_芝,manken_shirushi+uma_deokure_bin+kyuyo_riyu_bunrui_code,manken_shirushi,uma_deokure_bin,kyuyo_riyu_bunrui_code,43,21323,73.67,6.67,71.68,False
SURFACE_2_芝,uma_deokure_bin+joken_class_code+ls_shisu_juni,uma_deokure_bin,joken_class_code,ls_shisu_juni,180,145859,73.01,9.13,71.68,False
SURFACE_2_芝,pace_yoso+kyori_tekisei+class_code,pace_yoso,kyori_tekisei,class_code,121,141818,73.23,8.68,71.68,False
SURFACE_2_芝,joken_class_code+rotation_bin+manken_shisu_decile,joken_class_code,rotation_bin,manken_shisu_decile,270,140572,72.75,8.97,71.68,False
SURFACE_2_芝,manken_shisu_decile+kijun_ninkijun_tansho+ichi_shisu_juni,manken_shisu_decile,kijun_ninkijun_tansho,ichi_shisu_juni,478,90866,72.87,13.26,71.68,False
SURFACE_2_芝,bataiju_zogen+ls_shisu_juni+kyakushitsu,bataiju_zogen,ls_shisu_juni,kyakushitsu,319,134249,72.95,11.52,71.68,False
SURFACE_2_芝,uma_start_shisu_decile+class_code+kyori_tekisei_2,uma_start_shisu_decile,class_code,kyori_tekisei_2,91,22163,73.88,10.75,71.67,False
SURFACE_2_芝,kyori_kubun+uma_start_shisu_decile+ichi_shisu_juni,kyori_kubun,uma_start_shisu_decile,ichi_shisu_juni,392,139955,72.65,9.93,71.67,False
SURFACE_2_芝,kyori_kubun+bataiju+ls_shisu_juni,kyori_kubun,bataiju,ls_shisu_juni,576,107707,72.7,12.59,71.67,False
SURFACE_2_芝,kyori_kubun+kyori_tekisei+class_code,kyori_kubun,kyori_tekisei,class_code,141,140336,73.31,9.93,71.67,False
SURFACE_2_芝,kyori_kubun+joken_class_code+rotation_bin,kyori_kubun,joken_class_code,rotation_bin,145,148068,72.77,6.74,71.67,False
SURFACE_2_芝,bataiju_zogen+omo_tekisei_code+class_code,bataiju_zogen,omo_tekisei_code,class_code,261,127298,72.89,10.05,71.67,False
SURFACE_2_芝,kyori_tekisei+kyori_tekisei_2+ichi_shisu_juni,kyori_tekisei,kyori_tekisei_2,ichi_shisu_juni,48,29047,73.7,7.16,71.67,False
SURFACE_2_芝,manken_shisu_decile+ls_shisu_juni+ichi_shisu_juni,manken_shisu_decile,ls_shisu_juni,ichi_shisu_juni,558,130469,72.72,12.84,71.66,False
SURFACE_2_芝,manken_shirushi+joken_class_code+kyuyo_riyu_bunrui_code,manken_shirushi,joken_class_code,kyuyo_riyu_bunrui_code,40,20993,73.76,6.78,71.66,False
SURFACE_2_芝,pace_yoso+bataiju_zogen+shiba_tekisei_code,pace_yoso,bataiju_zogen,shiba_tekisei_code,124,141139,73.06,7.93,71.66,False
SURFACE_2_芝,pace_yoso+rotation_bin+manken_shisu_decile,pace_yoso,rotation_bin,manken_shisu_decile,201,144511,72.89,8.88,71.66,False
SURFACE_2_芝,omo_tekisei_code+class_code+ls_shisu_juni,omo_tekisei_code,class_code,ls_shisu_juni,202,137761,73.04,9.96,71.66,False
SURFACE_2_芝,joken_class_code+rotation_bin+ls_shisu_juni,joken_class_code,rotation_bin,ls_shisu_juni,242,143431,72.85,9.45,71.66,False
SURFACE_2_芝,manken_shisu_decile+ls_shisu_juni+ten_shisu_juni,manken_shisu_decile,ls_shisu_juni,ten_shisu_juni,610,130585,72.67,12.84,71.65,False
SURFACE_2_芝,uma_start_shisu_decile+kyori_tekisei_2+ls_shisu_juni,uma_start_shisu_decile,kyori_tekisei_2,ls_shisu_juni,99,25508,73.66,10.19,71.65,False
SURFACE_2_芝,uma_deokure_bin+manken_shisu_decile+ten_shisu_juni,uma_deokure_bin,manken_shisu_decile,ten_shisu_juni,447,127136,72.56,9.79,71.65,False
SURFACE_2_芝,uma_deokure_bin+kyakushitsu+pace_shisu_juni,uma_deokure_bin,kyakushitsu,pace_shisu_juni,258,144168,72.88,10.16,71.65,False
SURFACE_2_芝,pace_yoso+rotation_bin+ichi_shisu_juni,pace_yoso,rotation_bin,ichi_shisu_juni,283,142402,72.7,9.13,71.64,False
SURFACE_2_芝,pace_yoso+rotation_bin+shiba_tekisei_code,pace_yoso,rotation_bin,shiba_tekisei_code,61,144276,73.36,6.85,71.64,False
SURFACE_2_芝,keibajo_code+omo_tekisei_code+ichi_shisu_juni,keibajo_code,omo_tekisei_code,ichi_shisu_juni,355,140786,72.62,9.38,71.64,False
SURFACE_2_芝,kyori_kubun+class_code+ten_shisu_juni,kyori_kubun,class_code,ten_shisu_juni,373,120804,72.75,10.9,71.64,False
SURFACE_2_芝,class_code+kyori_tekisei_2+ichi_shisu_juni,class_code,kyori_tekisei_2,ichi_shisu_juni,85,13870,74.11,11.67,71.63,False
SURFACE_2_芝,manken_shisu_decile+shiba_tekisei_code+ls_shisu_juni,manken_shisu_decile,shiba_tekisei_code,ls_shisu_juni,198,139285,72.94,9.36,71.63,False
SURFACE_2_芝,joken_class_code+class_code+pace_shisu_juni,joken_class_code,class_code,pace_shisu_juni,215,136517,72.96,9.94,71.63,False
SURFACE_2_芝,uma_start_shisu_decile+omo_tekisei_code+kyakushitsu,uma_start_shisu_decile,omo_tekisei_code,kyakushitsu,83,146297,73.24,7.52,71.62,False
SURFACE_2_芝,omo_tekisei_code+rotation_bin+pace_shisu_juni,omo_tekisei_code,rotation_bin,pace_shisu_juni,279,141035,72.69,9.12,71.62,False
SURFACE_2_芝,manken_shirushi+hizume_code+kijun_ninkijun_tansho,manken_shirushi,hizume_code,kijun_ninkijun_tansho,300,58188,73.04,12.54,71.62,False
SURFACE_2_芝,uma_start_shisu_decile+bataiju_zogen+shiba_tekisei_code,uma_start_shisu_decile,bataiju_zogen,shiba_tekisei_code,259,134791,72.66,8.53,71.62,False
SURFACE_2_芝,bataiju_zogen+omo_tekisei_code+kyakushitsu,bataiju_zogen,omo_tekisei_code,kyakushitsu,159,141972,72.72,7.11,71.61,False
SURFACE_2_芝,omo_tekisei_code+ls_shisu_juni+pace_shisu_juni,omo_tekisei_code,ls_shisu_juni,pace_shisu_juni,276,138402,72.83,10.4,71.61,False
SURFACE_2_芝,hizume_code+manken_shisu_decile+ls_shisu_juni,hizume_code,manken_shisu_decile,ls_shisu_juni,396,119066,72.69,11.05,71.6,False
SURFACE_2_芝,uma_start_shisu_decile+bataiju_zogen+kyuyo_riyu_bunrui_code,uma_start_shisu_decile,bataiju_zogen,kyuyo_riyu_bunrui_code,97,29263,73.33,8.71,71.6,False
SURFACE_2_芝,pace_yoso+rotation_bin+kyakushitsu,pace_yoso,rotation_bin,kyakushitsu,91,148461,73.12,7.38,71.6,False
SURFACE_2_芝,bataiju_zogen+shiba_tekisei_code+ls_shisu_juni,bataiju_zogen,shiba_tekisei_code,ls_shisu_juni,250,132840,72.81,9.74,71.6,False
SURFACE_2_芝,joken_class_code+shiba_tekisei_code+kijun_ninkijun_tansho,joken_class_code,shiba_tekisei_code,kijun_ninkijun_tansho,157,141564,74.47,18.34,71.6,False
SURFACE_2_芝,pace_yoso+class_code+ls_shisu_juni,pace_yoso,class_code,ls_shisu_juni,201,140464,73.01,10.21,71.6,False
SURFACE_2_芝,kyori_kubun+hizume_code+kyakushitsu,kyori_kubun,hizume_code,kyakushitsu,162,142068,73.03,9.26,71.6,False
SURFACE_2_芝,class_code+kyakushitsu+ten_shisu_juni,class_code,kyakushitsu,ten_shisu_juni,353,122662,72.74,11.03,71.59,False
SURFACE_2_芝,omo_tekisei_code+bataiju+kijun_ninkijun_tansho,omo_tekisei_code,bataiju,kijun_ninkijun_tansho,542,76320,72.74,13.68,71.59,False
SURFACE_2_芝,keibajo_code+kyori_kubun+kyakushitsu,keibajo_code,kyori_kubun,kyakushitsu,167,170627,72.59,6.61,71.59,False
SURFACE_2_芝,keibajo_code+kyakushitsu+ichi_shisu_juni,keibajo_code,kyakushitsu,ichi_shisu_juni,420,160433,72.55,9.99,71.59,False
SURFACE_2_芝,bataiju_zogen+shiba_tekisei_code+pace_shisu_juni,bataiju_zogen,shiba_tekisei_code,pace_shisu_juni,374,120891,72.6,9.91,71.59,False
SURFACE_2_芝,keibajo_code+kyori_kubun+kyori_tekisei,keibajo_code,kyori_kubun,kyori_tekisei,123,166238,72.66,6.12,71.58,False
SURFACE_2_芝,joken_class_code+ls_shisu_juni+pace_shisu_juni,joken_class_code,ls_shisu_juni,pace_shisu_juni,419,154489,72.63,10.95,71.58,False
SURFACE_2_芝,kyori_kubun+joken_class_code+kyori_tekisei,kyori_kubun,joken_class_code,kyori_tekisei,71,167494,73.44,8.02,71.58,False
SURFACE_2_芝,pace_yoso+kyori_tekisei+bataiju_zogen,pace_yoso,kyori_tekisei,bataiju_zogen,172,140062,72.82,8.38,71.57,False
SURFACE_2_芝,pace_yoso+uma_start_shisu_decile+manken_shisu_decile,pace_yoso,uma_start_shisu_decile,manken_shisu_decile,210,144238,72.76,8.81,71.57,False
SURFACE_2_芝,kyori_kubun+uma_deokure_bin+pace_shisu_juni,kyori_kubun,uma_deokure_bin,pace_shisu_juni,287,145087,72.69,9.68,71.57,False
SURFACE_2_芝,shiba_tekisei_code+ls_shisu_juni+pace_shisu_juni,shiba_tekisei_code,ls_shisu_juni,pace_shisu_juni,305,136486,72.78,10.83,71.57,False
SURFACE_2_芝,joken_class_code+bataiju_zogen+ls_shisu_juni,joken_class_code,bataiju_zogen,ls_shisu_juni,340,129737,72.72,10.82,71.57,False
SURFACE_2_芝,rotation_bin+manken_shisu_decile+ls_shisu_juni,rotation_bin,manken_shisu_decile,ls_shisu_juni,374,132782,72.7,11.2,71.57,False
SURFACE_2_芝,uma_deokure_bin+class_code+ten_shisu_juni,uma_deokure_bin,class_code,ten_shisu_juni,360,119644,72.74,11.41,71.56,False
SURFACE_2_芝,manken_shirushi+kyori_tekisei_2+ten_shisu_juni,manken_shirushi,kyori_tekisei_2,ten_shisu_juni,45,5199,75.35,12.96,71.56,False
SURFACE_2_芝,uma_deokure_bin+kyori_tekisei_2+kyakushitsu,uma_deokure_bin,kyori_tekisei_2,kyakushitsu,55,30133,74.02,9.3,71.56,False
SURFACE_2_芝,manken_shirushi+uma_start_shisu_decile+kijun_ninkijun_tansho,manken_shirushi,uma_start_shisu_decile,kijun_ninkijun_tansho,332,65380,73.01,13.48,71.56,False
SURFACE_2_芝,kyori_kubun+rotation_bin+ls_shisu_juni,kyori_kubun,rotation_bin,ls_shisu_juni,211,144608,72.87,9.72,71.56,False
SURFACE_2_芝,rotation_bin+class_code+kyakushitsu,rotation_bin,class_code,kyakushitsu,247,136628,72.85,10.3,71.56,False
SURFACE_2_芝,kyori_tekisei+uma_start_shisu_decile+shiba_tekisei_code,kyori_tekisei,uma_start_shisu_decile,shiba_tekisei_code,88,141733,73.06,7.22,71.55,False
SURFACE_2_芝,omo_tekisei_code+manken_shisu_decile+pace_shisu_juni,omo_tekisei_code,manken_shisu_decile,pace_shisu_juni,346,137778,72.56,9.57,71.55,False
SURFACE_2_芝,kyori_kubun+ls_shisu_juni+pace_shisu_juni,kyori_kubun,ls_shisu_juni,pace_shisu_juni,399,160942,72.57,10.36,71.55,False
SURFACE_2_芝,uma_deokure_bin+manken_shisu_decile+pace_shisu_juni,uma_deokure_bin,manken_shisu_decile,pace_shisu_juni,435,126780,72.56,10.67,71.55,False
SURFACE_2_芝,omo_tekisei_code+pace_shisu_juni+ichi_shisu_juni,omo_tekisei_code,pace_shisu_juni,ichi_shisu_juni,405,130274,72.59,10.67,71.55,False
SURFACE_2_芝,omo_tekisei_code+ten_shisu_juni+pace_shisu_juni,omo_tekisei_code,ten_shisu_juni,pace_shisu_juni,404,130214,72.47,9.48,71.55,False
SURFACE_2_芝,rotation_bin+bataiju+kyori_tekisei_2,rotation_bin,bataiju,kyori_tekisei_2,28,3262,75.29,10.15,71.54,False
SURFACE_2_芝,uma_start_shisu_decile+ls_shisu_juni+ten_shisu_juni,uma_start_shisu_decile,ls_shisu_juni,ten_shisu_juni,483,116719,72.67,12.69,71.54,False
SURFACE_2_芝,keibajo_code+pace_yoso+ichi_shisu_juni,keibajo_code,pace_yoso,ichi_shisu_juni,386,164569,72.47,9.25,71.54,False
SURFACE_2_芝,joken_class_code+manken_shisu_decile+ichi_shisu_juni,joken_class_code,manken_shisu_decile,ichi_shisu_juni,490,152071,72.46,10.39,71.54,False
SURFACE_2_芝,class_code+kyori_tekisei_2+kyuyo_riyu_bunrui_code,class_code,kyori_tekisei_2,kyuyo_riyu_bunrui_code,19,6163,74.97,7.63,71.54,False
SURFACE_2_芝,uma_deokure_bin+kyori_tekisei+kyori_tekisei_2,uma_deokure_bin,kyori_tekisei,kyori_tekisei_2,19,29971,73.7,4.81,71.54,False
SURFACE_2_芝,keibajo_code+class_code+kyori_tekisei_2,keibajo_code,class_code,kyori_tekisei_2,95,20218,73.76,11.03,71.54,False
SURFACE_2_芝,keibajo_code+shiba_tekisei_code+kyakushitsu,keibajo_code,shiba_tekisei_code,kyakushitsu,118,144632,72.77,6.85,71.53,False
SURFACE_2_芝,pace_yoso+uma_deokure_bin+ichi_shisu_juni,pace_yoso,uma_deokure_bin,ichi_shisu_juni,179,145748,72.7,7.96,71.53,False
SURFACE_2_芝,uma_deokure_bin+kyori_tekisei_2+kyuyo_riyu_bunrui_code,uma_deokure_bin,kyori_tekisei_2,kyuyo_riyu_bunrui_code,15,7327,75.22,7.3,71.53,False
SURFACE_2_芝,kyakushitsu+ten_shisu_juni+ichi_shisu_juni,kyakushitsu,ten_shisu_juni,ichi_shisu_juni,454,146954,72.51,10.58,71.53,False
SURFACE_2_芝,pace_yoso+omo_tekisei_code+manken_shisu_decile,pace_yoso,omo_tekisei_code,manken_shisu_decile,82,146194,73.0,6.84,71.52,False
SURFACE_2_芝,kyori_tekisei+uma_start_shisu_decile+ten_shisu_juni,kyori_tekisei,uma_start_shisu_decile,ten_shisu_juni,412,135120,72.54,10.56,71.52,False
SURFACE_2_芝,rotation_bin+kyakushitsu+pace_shisu_juni,rotation_bin,kyakushitsu,pace_shisu_juni,343,139091,72.55,9.75,71.52,False
SURFACE_2_芝,joken_class_code+pace_shisu_juni+ichi_shisu_juni,joken_class_code,pace_shisu_juni,ichi_shisu_juni,474,130531,72.48,10.66,71.52,False
SURFACE_2_芝,keibajo_code+kyori_kubun+ten_shisu_juni,keibajo_code,kyori_kubun,ten_shisu_juni,465,162266,72.44,10.12,71.52,False
SURFACE_2_芝,kyori_tekisei_2+ls_shisu_juni+kyakushitsu,kyori_tekisei_2,ls_shisu_juni,kyakushitsu,78,29123,73.92,10.83,71.51,False
SURFACE_2_芝,keibajo_code+pace_yoso+pace_shisu_juni,keibajo_code,pace_yoso,pace_shisu_juni,402,165604,72.36,8.72,71.51,False
SURFACE_2_芝,kyori_kubun+class_code+shiba_tekisei_code,kyori_kubun,class_code,shiba_tekisei_code,110,141197,73.35,9.8,71.51,False
SURFACE_2_芝,kyori_tekisei+uma_start_shisu_decile+rotation_bin,kyori_tekisei,uma_start_shisu_decile,rotation_bin,213,140907,72.66,8.6,71.51,False
SURFACE_2_芝,class_code+ten_shisu_juni+pace_shisu_juni,class_code,ten_shisu_juni,pace_shisu_juni,383,76695,72.63,11.18,71.51,False
SURFACE_2_芝,kyori_kubun+uma_start_shisu_decile+manken_shisu_decile,kyori_kubun,uma_start_shisu_decile,manken_shisu_decile,287,143755,72.47,8.34,71.51,False
SURFACE_2_芝,kyakushitsu+pace_shisu_juni+ichi_shisu_juni,kyakushitsu,pace_shisu_juni,ichi_shisu_juni,462,148024,72.5,10.82,71.51,False
SURFACE_2_芝,pace_yoso+uma_start_shisu_decile+ichi_shisu_juni,pace_yoso,uma_start_shisu_decile,ichi_shisu_juni,284,142116,72.49,8.46,71.51,False
SURFACE_2_芝,joken_class_code+kyori_tekisei+uma_start_shisu_decile,joken_class_code,kyori_tekisei,uma_start_shisu_decile,142,143716,72.72,7.35,71.51,False
SURFACE_2_芝,kyori_tekisei_2+kyuyo_riyu_bunrui_code+ichi_shisu_juni,kyori_tekisei_2,kyuyo_riyu_bunrui_code,ichi_shisu_juni,35,6353,75.2,11.15,71.5,False
SURFACE_2_芝,kyori_tekisei+omo_tekisei_code+class_code,kyori_tekisei,omo_tekisei_code,class_code,127,140678,73.29,10.32,71.5,False
SURFACE_2_芝,hizume_code+shiba_tekisei_code+ichi_shisu_juni,hizume_code,shiba_tekisei_code,ichi_shisu_juni,332,128046,72.56,9.84,71.5,False
SURFACE_2_芝,uma_deokure_bin+joken_class_code+kyakushitsu,uma_deokure_bin,joken_class_code,kyakushitsu,95,148083,73.04,7.66,71.5,False
SURFACE_2_芝,manken_shirushi+keibajo_code+kijun_ninkijun_tansho,manken_shirushi,keibajo_code,kijun_ninkijun_tansho,446,75148,72.7,13.11,71.49,False
SURFACE_2_芝,kyori_tekisei+class_code+ichi_shisu_juni,kyori_tekisei,class_code,ichi_shisu_juni,341,119354,72.67,11.16,71.49,False
SURFACE_2_芝,bataiju_zogen+rotation_bin+shiba_tekisei_code,bataiju_zogen,rotation_bin,shiba_tekisei_code,229,136054,72.7,9.35,71.49,False
SURFACE_2_芝,pace_yoso+kyori_kubun+manken_shisu_decile,pace_yoso,kyori_kubun,manken_shisu_decile,112,167696,72.59,5.93,71.49,False
SURFACE_2_芝,bataiju_zogen+manken_shisu_decile+ls_shisu_juni,bataiju_zogen,manken_shisu_decile,ls_shisu_juni,438,110418,72.57,11.55,71.49,False
SURFACE_2_芝,pace_yoso+rotation_bin+class_code,pace_yoso,rotation_bin,class_code,190,141709,72.84,9.48,71.49,False
SURFACE_2_芝,joken_class_code+ten_shisu_juni+ichi_shisu_juni,joken_class_code,ten_shisu_juni,ichi_shisu_juni,495,132697,72.44,10.76,71.49,False
SURFACE_2_芝,pace_yoso+hizume_code+ls_shisu_juni,pace_yoso,hizume_code,ls_shisu_juni,202,138757,72.95,10.59,71.49,False
SURFACE_2_芝,kyori_tekisei_2+pace_shisu_juni+kyuyo_riyu_bunrui_code,kyori_tekisei_2,pace_shisu_juni,kyuyo_riyu_bunrui_code,38,6507,74.67,10.0,71.49,False
SURFACE_2_芝,pace_yoso+joken_class_code+manken_shisu_decile,pace_yoso,joken_class_code,manken_shisu_decile,112,166702,72.81,7.12,71.49,False
SURFACE_2_芝,joken_class_code+shiba_tekisei_code+pace_shisu_juni,joken_class_code,shiba_tekisei_code,pace_shisu_juni,169,141516,72.78,8.64,71.48,False
SURFACE_2_芝,omo_tekisei_code+manken_shisu_decile+ls_shisu_juni,omo_tekisei_code,manken_shisu_decile,ls_shisu_juni,198,141929,72.9,10.2,71.48,False
SURFACE_2_芝,uma_deokure_bin+kyori_tekisei+pace_shisu_juni,uma_deokure_bin,kyori_tekisei,pace_shisu_juni,261,139957,72.66,9.7,71.48,False
SURFACE_2_芝,keibajo_code+manken_shisu_decile+shiba_tekisei_code,keibajo_code,manken_shisu_decile,shiba_tekisei_code,240,140242,72.56,8.55,71.48,False
SURFACE_2_芝,pace_yoso+shiba_tekisei_code+ls_shisu_juni,pace_yoso,shiba_tekisei_code,ls_shisu_juni,69,143992,73.37,8.01,71.48,False
SURFACE_2_芝,joken_class_code+class_code+ls_shisu_juni,joken_class_code,class_code,ls_shisu_juni,145,141747,73.05,9.72,71.47,False
SURFACE_2_芝,hizume_code+omo_tekisei_code+ichi_shisu_juni,hizume_code,omo_tekisei_code,ichi_shisu_juni,300,133164,72.55,9.52,71.47,False
SURFACE_2_芝,kyori_kubun+uma_deokure_bin+manken_shisu_decile,kyori_kubun,uma_deokure_bin,manken_shisu_decile,180,144811,72.73,8.68,71.47,False
SURFACE_2_芝,kyori_kubun+kyori_tekisei+ls_shisu_juni,kyori_kubun,kyori_tekisei,ls_shisu_juni,119,166055,73.06,8.83,71.47,False
SURFACE_2_芝,kyori_tekisei+bataiju_zogen+ls_shisu_juni,kyori_tekisei,bataiju_zogen,ls_shisu_juni,312,129319,72.59,10.14,71.47,False
SURFACE_2_芝,rotation_bin+kyakushitsu+ten_shisu_juni,rotation_bin,kyakushitsu,ten_shisu_juni,337,138562,72.49,9.69,71.46,False
SURFACE_2_芝,uma_deokure_bin+rotation_bin+kyakushitsu,uma_deokure_bin,rotation_bin,kyakushitsu,141,147314,73.02,9.49,71.46,False
SURFACE_2_芝,bataiju+manken_shisu_decile+class_code,bataiju,manken_shisu_decile,class_code,226,28083,73.18,13.23,71.46,False
SURFACE_2_芝,keibajo_code+pace_yoso+ten_shisu_juni,keibajo_code,pace_yoso,ten_shisu_juni,411,165909,72.33,9.01,71.46,False
SURFACE_2_芝,rotation_bin+shiba_tekisei_code+ten_shisu_juni,rotation_bin,shiba_tekisei_code,ten_shisu_juni,295,138496,72.59,9.95,71.46,False
SURFACE_2_芝,kyori_kubun+rotation_bin+ichi_shisu_juni,kyori_kubun,rotation_bin,ichi_shisu_juni,381,140440,72.49,10.21,71.46,False
SURFACE_2_芝,joken_class_code+ls_shisu_juni+ten_shisu_juni,joken_class_code,ls_shisu_juni,ten_shisu_juni,426,154258,72.56,11.65,71.45,False
SURFACE_2_芝,uma_start_shisu_decile+kyakushitsu+ichi_shisu_juni,uma_start_shisu_decile,kyakushitsu,ichi_shisu_juni,295,140527,72.42,8.48,71.45,False
SURFACE_2_芝,keibajo_code+ls_shisu_juni+pace_shisu_juni,keibajo_code,ls_shisu_juni,pace_shisu_juni,570,138331,72.43,11.87,71.45,False
SURFACE_2_芝,uma_start_shisu_decile+shiba_tekisei_code+pace_shisu_juni,uma_start_shisu_decile,shiba_tekisei_code,pace_shisu_juni,321,139182,72.58,10.32,71.45,False
SURFACE_2_芝,uma_start_shisu_decile+manken_shisu_decile+kyakushitsu,uma_start_shisu_decile,manken_shisu_decile,kyakushitsu,243,142545,72.56,8.94,71.44,False
SURFACE_2_芝,joken_class_code+bataiju_zogen+omo_tekisei_code,joken_class_code,bataiju_zogen,omo_tekisei_code,179,141156,72.56,7.67,71.44,False
SURFACE_2_芝,class_code+kyori_tekisei_2+ten_shisu_juni,class_code,kyori_tekisei_2,ten_shisu_juni,84,13594,73.84,11.23,71.44,False
SURFACE_2_芝,pace_yoso+ls_shisu_juni+pace_shisu_juni,pace_yoso,ls_shisu_juni,pace_shisu_juni,304,163855,72.71,11.31,71.44,False
SURFACE_2_芝,pace_yoso+ls_shisu_juni+ten_shisu_juni,pace_yoso,ls_shisu_juni,ten_shisu_juni,308,163530,72.72,11.55,71.43,False
SURFACE_2_芝,shiba_tekisei_code+kyori_tekisei_2+ls_shisu_juni,shiba_tekisei_code,kyori_tekisei_2,ls_shisu_juni,46,29725,73.66,7.69,71.43,False
SURFACE_2_芝,uma_start_shisu_decile+shiba_tekisei_code+ls_shisu_juni,uma_start_shisu_decile,shiba_tekisei_code,ls_shisu_juni,179,142274,72.87,9.85,71.43,False
SURFACE_2_芝,hizume_code+omo_tekisei_code+shiba_tekisei_code,hizume_code,omo_tekisei_code,shiba_tekisei_code,92,141776,73.15,8.44,71.43,False
SURFACE_2_芝,uma_deokure_bin+kyakushitsu+ten_shisu_juni,uma_deokure_bin,kyakushitsu,ten_shisu_juni,249,143921,72.6,9.52,71.42,False
SURFACE_2_芝,kyori_kubun+ls_shisu_juni+ten_shisu_juni,kyori_kubun,ls_shisu_juni,ten_shisu_juni,413,161233,72.54,11.64,71.42,False
SURFACE_2_芝,uma_deokure_bin+ls_shisu_juni+kyakushitsu,uma_deokure_bin,ls_shisu_juni,kyakushitsu,151,146577,72.98,9.76,71.42,False
SURFACE_2_芝,joken_class_code+manken_shisu_decile+ten_shisu_juni,joken_class_code,manken_shisu_decile,ten_shisu_juni,493,151667,72.31,10.23,71.41,False
SURFACE_2_芝,kyori_kubun+kyori_tekisei+hizume_code,kyori_kubun,kyori_tekisei,hizume_code,151,139510,72.75,8.44,71.41,False
SURFACE_2_芝,omo_tekisei_code+rotation_bin+kyakushitsu,omo_tekisei_code,rotation_bin,kyakushitsu,88,146870,73.07,7.95,71.41,False
SURFACE_2_芝,hizume_code+ls_shisu_juni+kyakushitsu,hizume_code,ls_shisu_juni,kyakushitsu,261,136585,72.82,11.56,71.41,False
SURFACE_2_芝,shiba_tekisei_code+ls_shisu_juni+ichi_shisu_juni,shiba_tekisei_code,ls_shisu_juni,ichi_shisu_juni,309,136525,72.61,10.92,71.4,False
SURFACE_2_芝,kyori_kubun+ls_shisu_juni+ichi_shisu_juni,kyori_kubun,ls_shisu_juni,ichi_shisu_juni,399,160750,72.52,11.47,71.4,False
SURFACE_2_芝,uma_start_shisu_decile+rotation_bin+shiba_tekisei_code,uma_start_shisu_decile,rotation_bin,shiba_tekisei_code,163,143049,72.66,8.15,71.4,False
SURFACE_2_芝,keibajo_code+shiba_tekisei_code+pace_shisu_juni,keibajo_code,shiba_tekisei_code,pace_shisu_juni,380,136925,72.33,9.29,71.39,False
SURFACE_2_芝,pace_yoso+omo_tekisei_code+ten_shisu_juni,pace_yoso,omo_tekisei_code,ten_shisu_juni,138,147883,72.68,7.72,71.39,False
SURFACE_2_芝,uma_deokure_bin+omo_tekisei_code+kyakushitsu,uma_deokure_bin,omo_tekisei_code,kyakushitsu,59,147228,73.57,8.55,71.39,False
SURFACE_2_芝,joken_class_code+manken_shisu_decile+pace_shisu_juni,joken_class_code,manken_shisu_decile,pace_shisu_juni,486,151877,72.29,10.16,71.38,False
SURFACE_2_芝,kyori_tekisei+uma_start_shisu_decile+ls_shisu_juni,kyori_tekisei,uma_start_shisu_decile,ls_shisu_juni,231,140776,72.69,10.15,71.38,False
SURFACE_2_芝,uma_deokure_bin+kyori_tekisei+ten_shisu_juni,uma_deokure_bin,kyori_tekisei,ten_shisu_juni,268,140378,72.4,8.57,71.38,False
SURFACE_2_芝,pace_yoso+kyori_tekisei+manken_shisu_decile,pace_yoso,kyori_tekisei,manken_shisu_decile,124,164878,72.57,6.77,71.38,False
SURFACE_2_芝,kyori_tekisei+hizume_code+ten_shisu_juni,kyori_tekisei,hizume_code,ten_shisu_juni,392,120134,72.32,9.48,71.38,False
SURFACE_2_芝,class_code+kyakushitsu+pace_shisu_juni,class_code,kyakushitsu,pace_shisu_juni,358,122266,72.6,11.76,71.38,False
SURFACE_2_芝,kyori_tekisei+kyori_tekisei_2+ls_shisu_juni,kyori_tekisei,kyori_tekisei_2,ls_shisu_juni,27,29472,74.13,7.33,71.37,False
SURFACE_2_芝,kyori_kubun+omo_tekisei_code+ichi_shisu_juni,kyori_kubun,omo_tekisei_code,ichi_shisu_juni,187,147667,72.53,8.1,71.37,False
SURFACE_2_芝,uma_deokure_bin+kyori_tekisei+shiba_tekisei_code,uma_deokure_bin,kyori_tekisei,shiba_tekisei_code,56,142090,73.48,8.04,71.37,False
SURFACE_2_芝,bataiju_zogen+shiba_tekisei_code+ichi_shisu_juni,bataiju_zogen,shiba_tekisei_code,ichi_shisu_juni,380,121349,72.37,10.06,71.36,False
SURFACE_2_芝,joken_class_code+kyori_tekisei+class_code,joken_class_code,kyori_tekisei,class_code,88,142305,73.2,8.79,71.36,False
SURFACE_2_芝,pace_yoso+joken_class_code+kyakushitsu,pace_yoso,joken_class_code,kyakushitsu,57,170632,72.99,6.31,71.35,False
SURFACE_2_芝,class_code+pace_shisu_juni+ichi_shisu_juni,class_code,pace_shisu_juni,ichi_shisu_juni,387,76225,72.51,11.6,71.35,False
SURFACE_2_芝,kyori_tekisei+rotation_bin+ten_shisu_juni,kyori_tekisei,rotation_bin,ten_shisu_juni,367,133855,72.4,10.25,71.35,False
SURFACE_2_芝,keibajo_code+bataiju+kyuyo_riyu_bunrui_code,keibajo_code,bataiju,kyuyo_riyu_bunrui_code,78,8794,73.97,11.8,71.35,False
SURFACE_2_芝,omo_tekisei_code+class_code+pace_shisu_juni,omo_tekisei_code,class_code,pace_shisu_juni,318,129973,72.52,10.8,71.34,False
SURFACE_2_芝,kyori_kubun+bataiju_zogen+kyakushitsu,kyori_kubun,bataiju_zogen,kyakushitsu,212,141973,72.51,8.66,71.34,False
SURFACE_2_芝,pace_yoso+bataiju+kyuyo_riyu_bunrui_code,pace_yoso,bataiju,kyuyo_riyu_bunrui_code,99,28116,73.12,9.06,71.34,False
SURFACE_2_芝,pace_yoso+omo_tekisei_code+ichi_shisu_juni,pace_yoso,omo_tekisei_code,ichi_shisu_juni,128,147864,72.57,7.08,71.34,False
SURFACE_2_芝,uma_start_shisu_decile+ls_shisu_juni+ichi_shisu_juni,uma_start_shisu_decile,ls_shisu_juni,ichi_shisu_juni,468,118344,72.42,11.94,71.34,False
SURFACE_2_芝,uma_deokure_bin+omo_tekisei_code+ichi_shisu_juni,uma_deokure_bin,omo_tekisei_code,ichi_shisu_juni,199,143952,72.68,9.66,71.34,False
SURFACE_2_芝,kyori_kubun+omo_tekisei_code+pace_shisu_juni,kyori_kubun,omo_tekisei_code,pace_shisu_juni,193,146748,72.63,9.12,71.34,False
SURFACE_2_芝,keibajo_code+manken_shisu_decile+kyakushitsu,keibajo_code,manken_shisu_decile,kyakushitsu,404,163856,72.27,9.66,71.33,False
SURFACE_2_芝,uma_deokure_bin+omo_tekisei_code+shiba_tekisei_code,uma_deokure_bin,omo_tekisei_code,shiba_tekisei_code,42,143515,73.16,6.06,71.33,False
SURFACE_2_芝,omo_tekisei_code+ls_shisu_juni+ten_shisu_juni,omo_tekisei_code,ls_shisu_juni,ten_shisu_juni,284,138852,72.58,10.76,71.33,False
SURFACE_2_芝,bataiju_zogen+kyuyo_riyu_bunrui_code+ichi_shisu_juni,bataiju_zogen,kyuyo_riyu_bunrui_code,ichi_shisu_juni,123,23259,73.33,11.36,71.32,False
SURFACE_2_芝,keibajo_code+kyori_tekisei+pace_shisu_juni,keibajo_code,kyori_tekisei,pace_shisu_juni,546,158568,72.2,10.5,71.32,False
SURFACE_2_芝,uma_start_shisu_decile+ls_shisu_juni+pace_shisu_juni,uma_start_shisu_decile,ls_shisu_juni,pace_shisu_juni,500,119128,72.35,11.8,71.32,False
SURFACE_2_芝,hizume_code+class_code+kyori_tekisei_2,hizume_code,class_code,kyori_tekisei_2,80,19096,73.44,9.68,71.32,False
SURFACE_2_芝,kyori_kubun+bataiju+kijun_ninkijun_tansho,kyori_kubun,bataiju,kijun_ninkijun_tansho,413,54409,72.64,13.68,71.32,False
SURFACE_2_芝,keibajo_code+kyori_tekisei+ten_shisu_juni,keibajo_code,kyori_tekisei,ten_shisu_juni,551,158368,72.22,10.84,71.32,False
SURFACE_2_芝,omo_tekisei_code+rotation_bin+manken_shisu_decile,omo_tekisei_code,rotation_bin,manken_shisu_decile,184,142757,72.66,9.3,71.31,False
SURFACE_2_芝,hizume_code+manken_shisu_decile+kyakushitsu,hizume_code,manken_shisu_decile,kyakushitsu,298,132902,72.4,9.68,71.3,False
SURFACE_2_芝,uma_start_shisu_decile+shiba_tekisei_code+ichi_shisu_juni,uma_start_shisu_decile,shiba_tekisei_code,ichi_shisu_juni,306,138922,72.36,9.47,71.3,False
SURFACE_2_芝,joken_class_code+kyori_tekisei_2+kyuyo_riyu_bunrui_code,joken_class_code,kyori_tekisei_2,kyuyo_riyu_bunrui_code,12,7168,74.54,5.73,71.3,False
SURFACE_2_芝,joken_class_code+kyori_tekisei+rotation_bin,joken_class_code,kyori_tekisei,rotation_bin,136,144008,72.63,7.91,71.3,False
SURFACE_2_芝,joken_class_code+rotation_bin+class_code,joken_class_code,rotation_bin,class_code,130,142670,73.07,10.39,71.29,False
SURFACE_2_芝,joken_class_code+omo_tekisei_code+class_code,joken_class_code,omo_tekisei_code,class_code,70,144795,73.53,9.57,71.29,False
SURFACE_2_芝,kyori_tekisei+uma_start_shisu_decile+pace_shisu_juni,kyori_tekisei,uma_start_shisu_decile,pace_shisu_juni,417,136153,72.21,9.61,71.29,False
SURFACE_2_芝,uma_deokure_bin+kyori_tekisei+ls_shisu_juni,uma_deokure_bin,kyori_tekisei,ls_shisu_juni,148,142641,72.74,9.03,71.28,False
SURFACE_2_芝,uma_start_shisu_decile+shiba_tekisei_code+ten_shisu_juni,uma_start_shisu_decile,shiba_tekisei_code,ten_shisu_juni,318,138919,72.34,9.69,71.28,False
SURFACE_2_芝,kyori_kubun+ten_shisu_juni+pace_shisu_juni,kyori_kubun,ten_shisu_juni,pace_shisu_juni,515,143561,72.2,10.65,71.28,False
SURFACE_2_芝,kyori_kubun+joken_class_code+ls_shisu_juni,kyori_kubun,joken_class_code,ls_shisu_juni,160,169533,72.49,7.92,71.27,False
SURFACE_2_芝,manken_shirushi+omo_tekisei_code+kyuyo_riyu_bunrui_code,manken_shirushi,omo_tekisei_code,kyuyo_riyu_bunrui_code,28,21359,74.39,8.45,71.26,False
SURFACE_2_芝,kyori_kubun+joken_class_code+ten_shisu_juni,kyori_kubun,joken_class_code,ten_shisu_juni,308,168559,72.22,8.59,71.26,False
SURFACE_2_芝,rotation_bin+shiba_tekisei_code+ls_shisu_juni,rotation_bin,shiba_tekisei_code,ls_shisu_juni,162,141885,72.66,9.06,71.26,False
SURFACE_2_芝,bataiju_zogen+omo_tekisei_code+shiba_tekisei_code,bataiju_zogen,omo_tekisei_code,shiba_tekisei_code,121,139544,72.59,7.47,71.26,False
SURFACE_2_芝,pace_yoso+manken_shisu_decile+ls_shisu_juni,pace_yoso,manken_shisu_decile,ls_shisu_juni,224,165924,72.66,10.78,71.25,False
SURFACE_2_芝,joken_class_code+shiba_tekisei_code+ten_shisu_juni,joken_class_code,shiba_tekisei_code,ten_shisu_juni,171,141564,72.62,9.13,71.25,False
SURFACE_2_芝,manken_shirushi+bataiju_zogen+da_tekisei_code,manken_shirushi,bataiju_zogen,da_tekisei_code,80,18931,73.48,10.17,71.25,False
SURFACE_2_芝,joken_class_code+bataiju+kijun_ninkijun_tansho,joken_class_code,bataiju,kijun_ninkijun_tansho,420,57642,72.64,14.61,71.24,False
SURFACE_2_芝,kyori_tekisei_2+ls_shisu_juni+kyuyo_riyu_bunrui_code,kyori_tekisei_2,ls_shisu_juni,kyuyo_riyu_bunrui_code,21,7096,75.6,10.2,71.24,False
SURFACE_2_芝,bataiju+shiba_tekisei_code+ls_shisu_juni,bataiju,shiba_tekisei_code,ls_shisu_juni,440,98961,72.35,11.96,71.24,False
SURFACE_2_芝,hizume_code+kyakushitsu+ichi_shisu_juni,hizume_code,kyakushitsu,ichi_shisu_juni,338,129119,72.34,10.36,71.24,False
SURFACE_2_芝,shiba_tekisei_code+ten_shisu_juni+ichi_shisu_juni,shiba_tekisei_code,ten_shisu_juni,ichi_shisu_juni,430,124023,72.21,10.21,71.24,False
SURFACE_2_芝,rotation_bin+kyakushitsu+ichi_shisu_juni,rotation_bin,kyakushitsu,ichi_shisu_juni,304,140545,72.31,9.58,71.24,False
SURFACE_2_芝,kyori_kubun+uma_start_shisu_decile+shiba_tekisei_code,kyori_kubun,uma_start_shisu_decile,shiba_tekisei_code,96,144457,72.47,6.16,71.23,False
SURFACE_2_芝,pace_yoso+omo_tekisei_code+pace_shisu_juni,pace_yoso,omo_tekisei_code,pace_shisu_juni,136,147763,72.59,8.11,71.23,False
SURFACE_2_芝,hizume_code+bataiju+da_tekisei_code,hizume_code,bataiju,da_tekisei_code,102,16628,73.47,11.55,71.23,False
SURFACE_2_芝,keibajo_code+shiba_tekisei_code+ten_shisu_juni,keibajo_code,shiba_tekisei_code,ten_shisu_juni,388,137138,72.25,10.22,71.23,False
SURFACE_2_芝,omo_tekisei_code+bataiju+kyuyo_riyu_bunrui_code,omo_tekisei_code,bataiju,kyuyo_riyu_bunrui_code,100,27978,72.89,8.55,71.22,False
SURFACE_2_芝,kyori_tekisei+bataiju_zogen+shiba_tekisei_code,kyori_tekisei,bataiju_zogen,shiba_tekisei_code,152,137168,72.53,8.26,71.22,False
SURFACE_2_芝,manken_shirushi+class_code+kijun_ninkijun_tansho,manken_shirushi,class_code,kijun_ninkijun_tansho,264,60343,72.84,13.47,71.22,False
SURFACE_2_芝,kyori_kubun+joken_class_code+pace_shisu_juni,kyori_kubun,joken_class_code,pace_shisu_juni,305,168512,72.11,8.09,71.21,False
SURFACE_2_芝,shiba_tekisei_code+kijun_ninkijun_tansho+kyakushitsu,shiba_tekisei_code,kijun_ninkijun_tansho,kyakushitsu,178,143094,73.8,17.62,71.21,False
SURFACE_2_芝,keibajo_code+kyori_kubun+kyuyo_riyu_bunrui_code,keibajo_code,kyori_kubun,kyuyo_riyu_bunrui_code,49,34888,73.33,7.55,71.21,False
SURFACE_2_芝,joken_class_code+bataiju_zogen+kyuyo_riyu_bunrui_code,joken_class_code,bataiju_zogen,kyuyo_riyu_bunrui_code,73,30986,73.05,8.05,71.21,False
SURFACE_2_芝,joken_class_code+omo_tekisei_code+ten_shisu_juni,joken_class_code,omo_tekisei_code,ten_shisu_juni,224,147428,72.35,8.75,71.2,False
SURFACE_2_芝,kyori_tekisei_2+kyakushitsu+kyuyo_riyu_bunrui_code,kyori_tekisei_2,kyakushitsu,kyuyo_riyu_bunrui_code,12,7327,74.74,6.25,71.2,False
SURFACE_2_芝,omo_tekisei_code+class_code+kyakushitsu,omo_tekisei_code,class_code,kyakushitsu,134,143366,72.78,9.36,71.2,False
SURFACE_2_芝,joken_class_code+manken_shisu_decile+shiba_tekisei_code,joken_class_code,manken_shisu_decile,shiba_tekisei_code,101,140767,72.68,7.7,71.18,False
SURFACE_2_芝,pace_yoso+joken_class_code+pace_shisu_juni,pace_yoso,joken_class_code,pace_shisu_juni,182,167987,72.18,6.86,71.18,False
SURFACE_2_芝,omo_tekisei_code+class_code+ten_shisu_juni,omo_tekisei_code,class_code,ten_shisu_juni,325,130026,72.35,10.76,71.18,False
SURFACE_2_芝,omo_tekisei_code+manken_shisu_decile+shiba_tekisei_code,omo_tekisei_code,manken_shisu_decile,shiba_tekisei_code,71,140347,72.61,6.15,71.18,False
SURFACE_2_芝,kyori_kubun+bataiju_zogen+shiba_tekisei_code,kyori_kubun,bataiju_zogen,shiba_tekisei_code,165,139401,72.26,7.18,71.17,False
SURFACE_2_芝,uma_start_shisu_decile+bataiju+kyori_tekisei_2,uma_start_shisu_decile,bataiju,kyori_tekisei_2,20,2599,76.74,12.7,71.17,False
SURFACE_2_芝,omo_tekisei_code+class_code+ichi_shisu_juni,omo_tekisei_code,class_code,ichi_shisu_juni,311,129240,72.36,10.71,71.17,False
SURFACE_2_芝,kyori_kubun+omo_tekisei_code+ls_shisu_juni,kyori_kubun,omo_tekisei_code,ls_shisu_juni,108,147762,72.79,8.62,71.16,False
SURFACE_2_芝,rotation_bin+shiba_tekisei_code+pace_shisu_juni,rotation_bin,shiba_tekisei_code,pace_shisu_juni,292,138908,72.28,9.83,71.16,False
SURFACE_2_芝,uma_deokure_bin+manken_shisu_decile+kyakushitsu,uma_deokure_bin,manken_shisu_decile,kyakushitsu,173,144424,72.44,8.59,71.16,False
SURFACE_2_芝,pace_yoso+pace_shisu_juni+ichi_shisu_juni,pace_yoso,pace_shisu_juni,ichi_shisu_juni,439,153990,72.09,10.06,71.15,False
SURFACE_2_芝,shiba_tekisei_code+ten_shisu_juni+pace_shisu_juni,shiba_tekisei_code,ten_shisu_juni,pace_shisu_juni,409,123029,72.09,9.75,71.15,False
SURFACE_2_芝,keibajo_code+kyori_kubun+pace_shisu_juni,keibajo_code,kyori_kubun,pace_shisu_juni,460,162507,72.03,9.58,71.15,False
SURFACE_2_芝,joken_class_code+omo_tekisei_code+ls_shisu_juni,joken_class_code,omo_tekisei_code,ls_shisu_juni,121,148298,72.71,8.73,71.15,False
SURFACE_2_芝,manken_shirushi+kyori_kubun+da_tekisei_code,manken_shirushi,kyori_kubun,da_tekisei_code,61,26255,73.36,8.8,71.15,False
SURFACE_2_芝,kyori_kubun+uma_deokure_bin+kyakushitsu,kyori_kubun,uma_deokure_bin,kyakushitsu,79,148368,72.8,7.52,71.14,False
SURFACE_2_芝,joken_class_code+kyori_tekisei+pace_shisu_juni,joken_class_code,kyori_tekisei,pace_shisu_juni,270,163655,72.16,8.6,71.14,False
SURFACE_2_芝,manken_shisu_decile+ls_shisu_juni+kyakushitsu,manken_shisu_decile,ls_shisu_juni,kyakushitsu,321,162664,72.4,11.6,71.13,False
SURFACE_2_芝,pace_yoso+joken_class_code+ten_shisu_juni,pace_yoso,joken_class_code,ten_shisu_juni,181,167749,72.19,7.31,71.13,False
SURFACE_2_芝,omo_tekisei_code+manken_shisu_decile+ichi_shisu_juni,omo_tekisei_code,manken_shisu_decile,ichi_shisu_juni,345,138918,72.12,9.38,71.13,False
SURFACE_2_芝,keibajo_code+kyori_tekisei+kyakushitsu,keibajo_code,kyori_tekisei,kyakushitsu,169,166509,72.32,7.95,71.12,False
SURFACE_2_芝,pace_yoso+ten_shisu_juni+ichi_shisu_juni,pace_yoso,ten_shisu_juni,ichi_shisu_juni,442,153511,72.04,9.8,71.12,False
SURFACE_2_芝,manken_shisu_decile+shiba_tekisei_code+ten_shisu_juni,manken_shisu_decile,shiba_tekisei_code,ten_shisu_juni,362,135368,72.09,9.44,71.12,False
SURFACE_2_芝,omo_tekisei_code+ls_shisu_juni+kyakushitsu,omo_tekisei_code,ls_shisu_juni,kyakushitsu,107,148491,72.68,8.26,71.12,False
SURFACE_2_芝,joken_class_code+omo_tekisei_code+pace_shisu_juni,joken_class_code,omo_tekisei_code,pace_shisu_juni,223,147380,72.3,9.03,71.11,False
SURFACE_2_芝,omo_tekisei_code+rotation_bin+ichi_shisu_juni,omo_tekisei_code,rotation_bin,ichi_shisu_juni,276,140829,72.21,9.28,71.11,False
SURFACE_2_芝,kyori_tekisei+omo_tekisei_code+manken_shisu_decile,kyori_tekisei,omo_tekisei_code,manken_shisu_decile,116,143227,72.51,7.73,71.11,False
SURFACE_2_芝,joken_class_code+ls_shisu_juni+kyakushitsu,joken_class_code,ls_shisu_juni,kyakushitsu,168,169344,72.58,9.72,71.11,False
SURFACE_2_芝,manken_shirushi+pace_yoso+kijun_ninkijun_tansho,manken_shirushi,pace_yoso,kijun_ninkijun_tansho,247,103018,72.72,12.91,71.11,False
SURFACE_2_芝,omo_tekisei_code+kijun_ninkijun_tansho+kyakushitsu,omo_tekisei_code,kijun_ninkijun_tansho,kyakushitsu,176,146885,73.9,19.01,71.09,False
SURFACE_2_芝,omo_tekisei_code+shiba_tekisei_code+pace_shisu_juni,omo_tekisei_code,shiba_tekisei_code,pace_shisu_juni,133,142417,72.38,7.6,71.09,False
SURFACE_2_芝,kyori_tekisei+bataiju+kyuyo_riyu_bunrui_code,kyori_tekisei,bataiju,kyuyo_riyu_bunrui_code,125,24283,73.02,10.98,71.09,False
SURFACE_2_芝,pace_yoso+shiba_tekisei_code+pace_shisu_juni,pace_yoso,shiba_tekisei_code,pace_shisu_juni,129,143634,72.49,8.1,71.09,False
SURFACE_2_芝,kyori_kubun+kyori_tekisei+bataiju_zogen,kyori_kubun,kyori_tekisei,bataiju_zogen,181,138091,72.29,8.22,71.09,False
SURFACE_2_芝,kijun_ninkijun_tansho+ten_shisu_juni+ichi_shisu_juni,kijun_ninkijun_tansho,ten_shisu_juni,ichi_shisu_juni,353,64868,72.6,14.55,71.08,False
SURFACE_2_芝,kyori_kubun+omo_tekisei_code+kijun_ninkijun_tansho,kyori_kubun,omo_tekisei_code,kijun_ninkijun_tansho,167,145363,73.61,16.7,71.08,False
SURFACE_2_芝,shiba_tekisei_code+pace_shisu_juni+ichi_shisu_juni,shiba_tekisei_code,pace_shisu_juni,ichi_shisu_juni,421,123453,72.12,11.07,71.06,False
SURFACE_2_芝,keibajo_code+kyori_kubun+ichi_shisu_juni,keibajo_code,kyori_kubun,ichi_shisu_juni,461,162568,71.9,9.26,71.06,False
SURFACE_2_芝,kyori_kubun+class_code+kyakushitsu,kyori_kubun,class_code,kyakushitsu,192,143272,72.61,10.94,71.06,False
SURFACE_2_芝,omo_tekisei_code+class_code+shiba_tekisei_code,omo_tekisei_code,class_code,shiba_tekisei_code,82,141141,72.87,8.41,71.05,False
SURFACE_2_芝,shiba_tekisei_code+kijun_ninkijun_tansho+ls_shisu_juni,shiba_tekisei_code,kijun_ninkijun_tansho,ls_shisu_juni,251,136885,72.9,14.93,71.05,False
SURFACE_2_芝,joken_class_code+kyori_tekisei+manken_shisu_decile,joken_class_code,kyori_tekisei,manken_shisu_decile,157,162307,72.22,7.44,71.05,False
SURFACE_2_芝,rotation_bin+class_code+shiba_tekisei_code,rotation_bin,class_code,shiba_tekisei_code,156,138053,72.61,9.99,71.05,False
SURFACE_2_芝,pace_yoso+joken_class_code+ls_shisu_juni,pace_yoso,joken_class_code,ls_shisu_juni,100,169097,72.58,7.88,71.04,False
SURFACE_2_芝,uma_deokure_bin+shiba_tekisei_code+ls_shisu_juni,uma_deokure_bin,shiba_tekisei_code,ls_shisu_juni,113,143073,72.65,8.76,71.04,False
SURFACE_2_芝,kyori_tekisei+shiba_tekisei_code+kijun_ninkijun_tansho,kyori_tekisei,shiba_tekisei_code,kijun_ninkijun_tansho,161,140337,74.19,20.4,71.04,False
SURFACE_2_芝,joken_class_code+rotation_bin+kyakushitsu,joken_class_code,rotation_bin,kyakushitsu,145,147992,72.4,8.35,71.04,False
SURFACE_2_芝,kyori_tekisei+pace_shisu_juni+ichi_shisu_juni,kyori_tekisei,pace_shisu_juni,ichi_shisu_juni,532,138702,72.01,11.56,71.03,False
SURFACE_2_芝,pace_yoso+ls_shisu_juni+ichi_shisu_juni,pace_yoso,ls_shisu_juni,ichi_shisu_juni,300,163922,72.24,10.69,71.03,False
SURFACE_2_芝,kyori_tekisei+uma_start_shisu_decile+hizume_code,kyori_tekisei,uma_start_shisu_decile,hizume_code,268,133787,72.17,9.45,71.03,False
SURFACE_2_芝,omo_tekisei_code+shiba_tekisei_code+ten_shisu_juni,omo_tekisei_code,shiba_tekisei_code,ten_shisu_juni,133,142356,72.36,7.88,71.02,False
SURFACE_2_芝,omo_tekisei_code+kyakushitsu+ten_shisu_juni,omo_tekisei_code,kyakushitsu,ten_shisu_juni,179,147322,72.27,8.58,71.02,False
SURFACE_2_芝,pace_yoso+kyori_kubun+ichi_shisu_juni,pace_yoso,kyori_kubun,ichi_shisu_juni,174,168832,72.18,7.78,71.02,False
SURFACE_2_芝,kyori_tekisei+rotation_bin+pace_shisu_juni,kyori_tekisei,rotation_bin,pace_shisu_juni,355,133670,72.04,9.83,71.02,False
SURFACE_2_芝,kyori_tekisei+ten_shisu_juni+ichi_shisu_juni,kyori_tekisei,ten_shisu_juni,ichi_shisu_juni,528,137878,71.96,10.98,71.02,False
SURFACE_2_芝,kyori_tekisei+omo_tekisei_code+ls_shisu_juni,kyori_tekisei,omo_tekisei_code,ls_shisu_juni,107,145173,72.74,9.15,71.01,False
SURFACE_2_芝,kyori_tekisei+ls_shisu_juni+ten_shisu_juni,kyori_tekisei,ls_shisu_juni,ten_shisu_juni,414,156004,72.16,11.9,71.01,False
SURFACE_2_芝,kyori_kubun+joken_class_code+kyakushitsu,kyori_kubun,joken_class_code,kyakushitsu,84,170964,72.48,6.87,71.01,False
SURFACE_2_芝,uma_deokure_bin+joken_class_code+kijun_ninkijun_tansho,uma_deokure_bin,joken_class_code,kijun_ninkijun_tansho,292,141933,72.75,15.15,71.01,False
SURFACE_2_芝,joken_class_code+bataiju+kyuyo_riyu_bunrui_code,joken_class_code,bataiju,kyuyo_riyu_bunrui_code,129,23469,72.91,10.99,71.01,False
SURFACE_2_芝,pace_yoso+omo_tekisei_code+ls_shisu_juni,pace_yoso,omo_tekisei_code,ls_shisu_juni,77,148335,73.25,10.01,71.01,False
SURFACE_2_芝,kyori_tekisei+omo_tekisei_code+kyori_tekisei_2,kyori_tekisei,omo_tekisei_code,kyori_tekisei_2,14,30341,74.38,6.45,71.0,False
SURFACE_2_芝,kyori_tekisei+manken_shisu_decile+ls_shisu_juni,kyori_tekisei,manken_shisu_decile,ls_shisu_juni,273,159366,72.23,10.38,71.0,False
SURFACE_2_芝,uma_start_shisu_decile+kyori_tekisei_2+kijun_ninkijun_tansho,uma_start_shisu_decile,kyori_tekisei_2,kijun_ninkijun_tansho,108,19518,73.45,13.01,71.0,False
SURFACE_2_芝,kyori_tekisei+manken_shisu_decile+shiba_tekisei_code,kyori_tekisei,manken_shisu_decile,shiba_tekisei_code,100,139282,72.24,6.29,71.0,False
SURFACE_2_芝,uma_deokure_bin+bataiju_zogen+da_tekisei_code,uma_deokure_bin,bataiju_zogen,da_tekisei_code,98,41936,72.83,9.26,70.99,False
SURFACE_2_芝,manken_shisu_decile+shiba_tekisei_code+pace_shisu_juni,manken_shisu_decile,shiba_tekisei_code,pace_shisu_juni,353,135148,71.98,9.6,70.98,False
SURFACE_2_芝,kyori_tekisei+class_code+shiba_tekisei_code,kyori_tekisei,class_code,shiba_tekisei_code,99,138743,72.8,9.28,70.98,False
SURFACE_2_芝,pace_yoso+shiba_tekisei_code+ten_shisu_juni,pace_yoso,shiba_tekisei_code,ten_shisu_juni,131,143682,72.23,7.31,70.98,False
SURFACE_2_芝,joken_class_code+manken_shisu_decile+kyakushitsu,joken_class_code,manken_shisu_decile,kyakushitsu,183,166707,72.31,9.26,70.97,False
SURFACE_2_芝,omo_tekisei_code+ls_shisu_juni+ichi_shisu_juni,omo_tekisei_code,ls_shisu_juni,ichi_shisu_juni,286,140437,72.21,10.68,70.97,False
SURFACE_2_芝,omo_tekisei_code+kyakushitsu+pace_shisu_juni,omo_tekisei_code,kyakushitsu,pace_shisu_juni,180,147223,72.31,9.15,70.97,False
SURFACE_2_芝,pace_yoso+joken_class_code+ichi_shisu_juni,pace_yoso,joken_class_code,ichi_shisu_juni,182,167898,72.11,7.83,70.97,False
SURFACE_2_芝,kyori_tekisei+class_code+kyakushitsu,kyori_tekisei,class_code,kyakushitsu,176,140260,72.58,10.87,70.97,False
SURFACE_2_芝,kyori_tekisei+shiba_tekisei_code+da_tekisei_code,kyori_tekisei,shiba_tekisei_code,da_tekisei_code,23,41877,72.89,4.74,70.96,False
SURFACE_2_芝,omo_tekisei_code+shiba_tekisei_code+ls_shisu_juni,omo_tekisei_code,shiba_tekisei_code,ls_shisu_juni,70,142753,73.08,9.07,70.96,False
SURFACE_2_芝,rotation_bin+shiba_tekisei_code+ichi_shisu_juni,rotation_bin,shiba_tekisei_code,ichi_shisu_juni,293,138533,72.1,10.09,70.95,False
SURFACE_2_芝,class_code+shiba_tekisei_code+ls_shisu_juni,class_code,shiba_tekisei_code,ls_shisu_juni,168,136979,72.54,10.48,70.95,False
SURFACE_2_芝,joken_class_code+class_code+kijun_ninkijun_tansho,joken_class_code,class_code,kijun_ninkijun_tansho,190,137533,73.37,17.03,70.95,False
SURFACE_2_芝,pace_yoso+kyori_tekisei+ls_shisu_juni,pace_yoso,kyori_tekisei,ls_shisu_juni,106,167049,72.83,9.91,70.95,False
SURFACE_2_芝,joken_class_code+kyori_tekisei+ten_shisu_juni,joken_class_code,kyori_tekisei,ten_shisu_juni,275,163947,72.03,9.07,70.95,False
SURFACE_2_芝,kyori_kubun+uma_deokure_bin+kyori_tekisei,kyori_kubun,uma_deokure_bin,kyori_tekisei,75,145000,72.83,8.27,70.95,False
SURFACE_2_芝,kyori_tekisei+rotation_bin+ls_shisu_juni,kyori_tekisei,rotation_bin,ls_shisu_juni,209,140023,72.3,10.02,70.94,False
SURFACE_2_芝,manken_shirushi+uma_deokure_bin+da_tekisei_code,manken_shirushi,uma_deokure_bin,da_tekisei_code,68,25593,73.16,9.33,70.94,False
SURFACE_2_芝,bataiju+kyakushitsu+kyuyo_riyu_bunrui_code,bataiju,kyakushitsu,kyuyo_riyu_bunrui_code,125,25271,72.7,10.03,70.94,False
SURFACE_2_芝,kyori_kubun+shiba_tekisei_code+ls_shisu_juni,kyori_kubun,shiba_tekisei_code,ls_shisu_juni,101,144017,72.47,7.83,70.94,False
SURFACE_2_芝,kyori_kubun+shiba_tekisei_code+kijun_ninkijun_tansho,kyori_kubun,shiba_tekisei_code,kijun_ninkijun_tansho,177,143173,73.62,18.38,70.92,False
SURFACE_2_芝,kyori_kubun+uma_deokure_bin+shiba_tekisei_code,kyori_kubun,uma_deokure_bin,shiba_tekisei_code,60,144757,72.85,7.65,70.92,False
SURFACE_2_芝,rotation_bin+ls_shisu_juni+kyakushitsu,rotation_bin,ls_shisu_juni,kyakushitsu,211,144489,72.44,11.22,70.92,False
SURFACE_2_芝,kyori_tekisei+bataiju_zogen+kyakushitsu,kyori_tekisei,bataiju_zogen,kyakushitsu,215,137874,72.09,8.72,70.92,False
SURFACE_2_芝,omo_tekisei_code+kijun_ninkijun_tansho+ls_shisu_juni,omo_tekisei_code,kijun_ninkijun_tansho,ls_shisu_juni,236,139562,72.87,15.39,70.91,False
SURFACE_2_芝,uma_deokure_bin+kyori_tekisei+ichi_shisu_juni,uma_deokure_bin,kyori_tekisei,ichi_shisu_juni,263,140326,72.12,10.03,70.91,False
SURFACE_2_芝,kyori_tekisei+shiba_tekisei_code+kyakushitsu,kyori_tekisei,shiba_tekisei_code,kyakushitsu,48,142439,73.08,7.7,70.9,False
SURFACE_2_芝,pace_yoso+kyori_kubun+ls_shisu_juni,pace_yoso,kyori_kubun,ls_shisu_juni,96,170016,72.72,9.09,70.9,False
SURFACE_2_芝,pace_yoso+ten_shisu_juni+pace_shisu_juni,pace_yoso,ten_shisu_juni,pace_shisu_juni,427,153590,71.78,9.19,70.9,False
SURFACE_2_芝,joken_class_code+omo_tekisei_code+manken_shisu_decile,joken_class_code,omo_tekisei_code,manken_shisu_decile,129,146230,72.37,8.58,70.89,False
SURFACE_2_芝,kyori_kubun+joken_class_code+manken_shisu_decile,kyori_kubun,joken_class_code,manken_shisu_decile,176,166853,72.04,7.82,70.89,False
SURFACE_2_芝,omo_tekisei_code+shiba_tekisei_code+ichi_shisu_juni,omo_tekisei_code,shiba_tekisei_code,ichi_shisu_juni,132,142266,72.15,7.48,70.88,False
SURFACE_2_芝,kyori_kubun+kyori_tekisei_2+ls_shisu_juni,kyori_kubun,kyori_tekisei_2,ls_shisu_juni,56,28998,73.56,10.23,70.88,False
SURFACE_2_芝,joken_class_code+uma_start_shisu_decile+shiba_tekisei_code,joken_class_code,uma_start_shisu_decile,shiba_tekisei_code,91,143264,72.6,8.41,70.87,False
SURFACE_2_芝,joken_class_code+omo_tekisei_code+ichi_shisu_juni,joken_class_code,omo_tekisei_code,ichi_shisu_juni,213,147107,72.13,9.34,70.87,False
SURFACE_2_芝,uma_deokure_bin+manken_shisu_decile+shiba_tekisei_code,uma_deokure_bin,manken_shisu_decile,shiba_tekisei_code,128,141447,72.35,8.56,70.87,False
SURFACE_2_芝,uma_deokure_bin+omo_tekisei_code+kijun_ninkijun_tansho,uma_deokure_bin,omo_tekisei_code,kijun_ninkijun_tansho,187,143587,73.29,16.96,70.86,False
SURFACE_2_芝,kyori_tekisei+rotation_bin+ichi_shisu_juni,kyori_tekisei,rotation_bin,ichi_shisu_juni,368,134429,71.9,10.14,70.86,False
SURFACE_2_芝,pace_yoso+joken_class_code+shiba_tekisei_code,pace_yoso,joken_class_code,shiba_tekisei_code,35,144434,73.05,6.62,70.86,False
SURFACE_2_芝,class_code+shiba_tekisei_code+kijun_ninkijun_tansho,class_code,shiba_tekisei_code,kijun_ninkijun_tansho,240,132671,73.1,17.8,70.85,False
SURFACE_2_芝,kyori_tekisei+rotation_bin+manken_shisu_decile,kyori_tekisei,rotation_bin,manken_shisu_decile,244,137788,71.99,9.09,70.85,False
SURFACE_2_芝,uma_deokure_bin+uma_start_shisu_decile+shiba_tekisei_code,uma_deokure_bin,uma_start_shisu_decile,shiba_tekisei_code,106,143667,72.36,7.91,70.85,False
SURFACE_2_芝,uma_deokure_bin+uma_start_shisu_decile+kijun_ninkijun_tansho,uma_deokure_bin,uma_start_shisu_decile,kijun_ninkijun_tansho,320,132703,72.42,14.26,70.85,False
SURFACE_2_芝,pace_yoso+shiba_tekisei_code+ichi_shisu_juni,pace_yoso,shiba_tekisei_code,ichi_shisu_juni,130,143667,72.2,7.91,70.84,False
SURFACE_2_芝,kyori_tekisei+ls_shisu_juni+pace_shisu_juni,kyori_tekisei,ls_shisu_juni,pace_shisu_juni,401,155796,71.96,11.39,70.84,False
SURFACE_2_芝,kyori_tekisei+class_code+kijun_ninkijun_tansho,kyori_tekisei,class_code,kijun_ninkijun_tansho,329,124663,72.62,16.43,70.84,False
SURFACE_2_芝,kyori_kubun+omo_tekisei_code+manken_shisu_decile,kyori_kubun,omo_tekisei_code,manken_shisu_decile,118,146068,72.31,8.15,70.84,False
SURFACE_2_芝,uma_deokure_bin+kyori_tekisei+kyakushitsu,uma_deokure_bin,kyori_tekisei,kyakushitsu,83,145007,72.71,8.7,70.84,False
SURFACE_2_芝,kyori_kubun+ten_shisu_juni+ichi_shisu_juni,kyori_kubun,ten_shisu_juni,ichi_shisu_juni,542,144758,71.78,11.15,70.84,False
SURFACE_2_芝,manken_shirushi+ls_shisu_juni+da_tekisei_code,manken_shirushi,ls_shisu_juni,da_tekisei_code,76,23558,73.0,9.6,70.84,False
SURFACE_2_芝,uma_start_shisu_decile+bataiju+class_code,uma_start_shisu_decile,bataiju,class_code,243,42555,72.34,11.89,70.84,False
SURFACE_2_芝,kyori_tekisei+uma_start_shisu_decile+ichi_shisu_juni,kyori_tekisei,uma_start_shisu_decile,ichi_shisu_juni,398,135892,71.84,10.28,70.83,False
SURFACE_2_芝,keibajo_code+kyakushitsu+ten_shisu_juni,keibajo_code,kyakushitsu,ten_shisu_juni,552,158971,71.8,11.62,70.83,False
SURFACE_2_芝,uma_deokure_bin+shiba_tekisei_code+ichi_shisu_juni,uma_deokure_bin,shiba_tekisei_code,ichi_shisu_juni,208,141350,72.16,9.75,70.83,False
SURFACE_2_芝,uma_deokure_bin+joken_class_code+shiba_tekisei_code,uma_deokure_bin,joken_class_code,shiba_tekisei_code,60,143977,72.62,7.09,70.83,False
SURFACE_2_芝,kyori_tekisei+uma_start_shisu_decile+manken_shisu_decile,kyori_tekisei,uma_start_shisu_decile,manken_shisu_decile,275,138746,71.87,8.9,70.82,False
SURFACE_2_芝,uma_deokure_bin+shiba_tekisei_code+kijun_ninkijun_tansho,uma_deokure_bin,shiba_tekisei_code,kijun_ninkijun_tansho,192,141057,73.22,17.03,70.81,False
SURFACE_2_芝,kyori_tekisei+shiba_tekisei_code+pace_shisu_juni,kyori_tekisei,shiba_tekisei_code,pace_shisu_juni,175,140660,71.95,7.67,70.81,False
SURFACE_2_芝,uma_deokure_bin+shiba_tekisei_code+pace_shisu_juni,uma_deokure_bin,shiba_tekisei_code,pace_shisu_juni,209,141306,72.06,9.24,70.81,False
SURFACE_2_芝,keibajo_code+kyakushitsu+pace_shisu_juni,keibajo_code,kyakushitsu,pace_shisu_juni,576,160110,71.75,11.65,70.8,False
SURFACE_2_芝,manken_shirushi+class_code+kyuyo_riyu_bunrui_code,manken_shirushi,class_code,kyuyo_riyu_bunrui_code,49,16886,73.49,9.61,70.8,False
SURFACE_2_芝,manken_shirushi+pace_yoso+da_tekisei_code,manken_shirushi,pace_yoso,da_tekisei_code,40,26282,73.15,7.6,70.8,False
SURFACE_2_芝,pace_yoso+kyori_kubun+pace_shisu_juni,pace_yoso,kyori_kubun,pace_shisu_juni,176,168999,71.93,7.66,70.8,False
SURFACE_2_芝,pace_yoso+kyori_tekisei+kyakushitsu,pace_yoso,kyori_tekisei,kyakushitsu,60,168621,72.72,7.66,70.79,False
SURFACE_2_芝,keibajo_code+kyakushitsu+kyuyo_riyu_bunrui_code,keibajo_code,kyakushitsu,kyuyo_riyu_bunrui_code,47,34085,73.07,7.98,70.79,False
SURFACE_2_芝,kyori_kubun+manken_shisu_decile+ichi_shisu_juni,kyori_kubun,manken_shisu_decile,ichi_shisu_juni,502,157710,71.71,10.51,70.79,False
SURFACE_2_芝,kyori_tekisei+omo_tekisei_code+kijun_ninkijun_tansho,kyori_tekisei,omo_tekisei_code,kijun_ninkijun_tansho,172,143157,73.6,18.84,70.79,False
SURFACE_2_芝,rotation_bin+manken_shisu_decile+kyakushitsu,rotation_bin,manken_shisu_decile,kyakushitsu,256,142731,71.95,9.44,70.79,False
SURFACE_2_芝,pace_yoso+bataiju+kijun_ninkijun_tansho,pace_yoso,bataiju,kijun_ninkijun_tansho,608,90909,71.94,14.64,70.78,False
SURFACE_2_芝,manken_shirushi+omo_tekisei_code+kijun_ninkijun_tansho,manken_shirushi,omo_tekisei_code,kijun_ninkijun_tansho,203,85866,72.61,13.4,70.77,False
SURFACE_2_芝,hizume_code+kijun_ninkijun_tansho+ichi_shisu_juni,hizume_code,kijun_ninkijun_tansho,ichi_shisu_juni,421,71179,72.09,13.82,70.77,False
SURFACE_2_芝,bataiju_zogen+omo_tekisei_code+kyuyo_riyu_bunrui_code,bataiju_zogen,omo_tekisei_code,kyuyo_riyu_bunrui_code,53,32126,72.81,7.63,70.76,False
SURFACE_2_芝,kyori_kubun+joken_class_code+ichi_shisu_juni,kyori_kubun,joken_class_code,ichi_shisu_juni,304,168359,71.87,9.82,70.76,False
SURFACE_2_芝,kyori_kubun+shiba_tekisei_code+pace_shisu_juni,kyori_kubun,shiba_tekisei_code,pace_shisu_juni,195,143654,71.93,8.36,70.76,False
SURFACE_2_芝,uma_start_shisu_decile+kijun_ninkijun_tansho+pace_shisu_juni,uma_start_shisu_decile,kijun_ninkijun_tansho,pace_shisu_juni,445,80678,72.01,13.56,70.75,False
SURFACE_2_芝,kyori_kubun+kyori_tekisei+uma_start_shisu_decile,kyori_kubun,kyori_tekisei,uma_start_shisu_decile,112,143804,72.12,7.39,70.75,False
SURFACE_2_芝,pace_yoso+uma_deokure_bin+kijun_ninkijun_tansho,pace_yoso,uma_deokure_bin,kijun_ninkijun_tansho,171,145906,73.16,16.12,70.75,False
SURFACE_2_芝,omo_tekisei_code+class_code+kijun_ninkijun_tansho,omo_tekisei_code,class_code,kijun_ninkijun_tansho,276,131456,72.73,16.78,70.75,False
SURFACE_2_芝,omo_tekisei_code+kyakushitsu+ichi_shisu_juni,omo_tekisei_code,kyakushitsu,ichi_shisu_juni,149,147087,72.06,8.2,70.74,False
SURFACE_2_芝,class_code+kyakushitsu+ichi_shisu_juni,class_code,kyakushitsu,ichi_shisu_juni,323,125641,71.96,11.26,70.74,False
SURFACE_2_芝,kyori_tekisei+omo_tekisei_code+ten_shisu_juni,kyori_tekisei,omo_tekisei_code,ten_shisu_juni,190,143903,71.97,8.65,70.74,False
SURFACE_2_芝,kyori_tekisei+ls_shisu_juni+ichi_shisu_juni,kyori_tekisei,ls_shisu_juni,ichi_shisu_juni,401,155908,71.89,11.77,70.74,False
SURFACE_2_芝,pace_yoso+kyakushitsu+ichi_shisu_juni,pace_yoso,kyakushitsu,ichi_shisu_juni,159,167975,72.08,8.56,70.74,False
SURFACE_2_芝,rotation_bin+manken_shisu_decile+shiba_tekisei_code,rotation_bin,manken_shisu_decile,shiba_tekisei_code,181,139885,71.91,8.06,70.74,False
SURFACE_2_芝,joken_class_code+kyakushitsu+pace_shisu_juni,joken_class_code,kyakushitsu,pace_shisu_juni,289,167093,71.83,9.51,70.73,False
SURFACE_2_芝,kyori_kubun+kyori_tekisei+omo_tekisei_code,kyori_kubun,kyori_tekisei,omo_tekisei_code,49,146667,72.4,5.95,70.73,False
SURFACE_2_芝,kijun_ninkijun_tansho+pace_shisu_juni+ichi_shisu_juni,kijun_ninkijun_tansho,pace_shisu_juni,ichi_shisu_juni,368,67301,72.16,13.99,70.73,False
SURFACE_2_芝,manken_shirushi+rotation_bin+da_tekisei_code,manken_shirushi,rotation_bin,da_tekisei_code,81,24227,73.23,11.51,70.72,False
SURFACE_2_芝,ls_shisu_juni+ten_shisu_juni+kyuyo_riyu_bunrui_code,ls_shisu_juni,ten_shisu_juni,kyuyo_riyu_bunrui_code,105,30876,72.89,11.41,70.71,False
SURFACE_2_芝,joken_class_code+bataiju+kyori_tekisei_2,joken_class_code,bataiju,kyori_tekisei_2,49,5993,73.93,11.5,70.71,False
SURFACE_2_芝,joken_class_code+kyakushitsu+ten_shisu_juni,joken_class_code,kyakushitsu,ten_shisu_juni,281,167027,71.84,9.67,70.71,False
SURFACE_2_芝,keibajo_code+ls_shisu_juni+kyuyo_riyu_bunrui_code,keibajo_code,ls_shisu_juni,kyuyo_riyu_bunrui_code,67,32382,73.04,9.78,70.7,False
SURFACE_2_芝,kyori_kubun+manken_shisu_decile+shiba_tekisei_code,kyori_kubun,manken_shisu_decile,shiba_tekisei_code,108,141971,72.05,7.19,70.7,False
SURFACE_2_芝,manken_shisu_decile+shiba_tekisei_code+ichi_shisu_juni,manken_shisu_decile,shiba_tekisei_code,ichi_shisu_juni,350,134711,71.71,9.74,70.69,False
SURFACE_2_芝,omo_tekisei_code+rotation_bin+shiba_tekisei_code,omo_tekisei_code,rotation_bin,shiba_tekisei_code,63,143204,72.52,7.41,70.69,False
SURFACE_2_芝,kyori_kubun+bataiju+kyuyo_riyu_bunrui_code,kyori_kubun,bataiju,kyuyo_riyu_bunrui_code,132,25810,72.34,9.81,70.67,False
SURFACE_2_芝,kyori_kubun+manken_shisu_decile+ten_shisu_juni,kyori_kubun,manken_shisu_decile,ten_shisu_juni,525,159089,71.59,10.77,70.67,False
SURFACE_2_芝,joken_class_code+shiba_tekisei_code+ls_shisu_juni,joken_class_code,shiba_tekisei_code,ls_shisu_juni,96,143009,72.62,9.72,70.67,False
SURFACE_2_芝,pace_yoso+kyori_tekisei+kijun_ninkijun_tansho,pace_yoso,kyori_tekisei,kijun_ninkijun_tansho,173,165299,73.67,20.17,70.66,False
SURFACE_2_芝,pace_yoso+shiba_tekisei_code+kijun_ninkijun_tansho,pace_yoso,shiba_tekisei_code,kijun_ninkijun_tansho,117,143318,73.85,17.61,70.66,False
SURFACE_2_芝,bataiju_zogen+shiba_tekisei_code+kyakushitsu,bataiju_zogen,shiba_tekisei_code,kyakushitsu,165,139427,71.97,8.58,70.66,False
SURFACE_2_芝,uma_deokure_bin+kijun_ninkijun_tansho+ls_shisu_juni,uma_deokure_bin,kijun_ninkijun_tansho,ls_shisu_juni,319,133882,72.37,15.61,70.66,False
SURFACE_2_芝,uma_deokure_bin+kyori_tekisei+kijun_ninkijun_tansho,uma_deokure_bin,kyori_tekisei,kijun_ninkijun_tansho,245,140028,72.78,16.99,70.66,False
SURFACE_2_芝,hizume_code+kijun_ninkijun_tansho+pace_shisu_juni,hizume_code,kijun_ninkijun_tansho,pace_shisu_juni,403,69475,71.99,13.68,70.66,False
SURFACE_2_芝,keibajo_code+kyori_tekisei_2+kyuyo_riyu_bunrui_code,keibajo_code,kyori_tekisei_2,kyuyo_riyu_bunrui_code,26,7014,74.64,10.38,70.65,False
SURFACE_2_芝,kyori_kubun+pace_shisu_juni+ichi_shisu_juni,kyori_kubun,pace_shisu_juni,ichi_shisu_juni,533,144542,71.57,10.82,70.65,False
SURFACE_2_芝,omo_tekisei_code+kyori_tekisei_2+kijun_ninkijun_tansho,omo_tekisei_code,kyori_tekisei_2,kijun_ninkijun_tansho,86,27326,73.59,13.91,70.64,False
SURFACE_2_芝,keibajo_code+shiba_tekisei_code+ichi_shisu_juni,keibajo_code,shiba_tekisei_code,ichi_shisu_juni,384,137190,71.65,10.14,70.64,False
SURFACE_2_芝,pace_yoso+class_code+shiba_tekisei_code,pace_yoso,class_code,shiba_tekisei_code,77,142286,72.69,9.19,70.64,False
SURFACE_2_芝,omo_tekisei_code+kyori_tekisei_2+kyuyo_riyu_bunrui_code,omo_tekisei_code,kyori_tekisei_2,kyuyo_riyu_bunrui_code,10,7492,74.59,6.37,70.64,False
SURFACE_2_芝,bataiju_zogen+ls_shisu_juni+da_tekisei_code,bataiju_zogen,ls_shisu_juni,da_tekisei_code,111,38575,72.66,10.9,70.63,False
SURFACE_2_芝,ten_shisu_juni+kyuyo_riyu_bunrui_code+ichi_shisu_juni,ten_shisu_juni,kyuyo_riyu_bunrui_code,ichi_shisu_juni,132,25455,72.49,10.96,70.62,False
SURFACE_2_芝,uma_start_shisu_decile+class_code+kijun_ninkijun_tansho,uma_start_shisu_decile,class_code,kijun_ninkijun_tansho,381,106491,72.1,14.76,70.62,False
SURFACE_2_芝,pace_yoso+omo_tekisei_code+shiba_tekisei_code,pace_yoso,omo_tekisei_code,shiba_tekisei_code,25,143573,73.39,7.08,70.62,False
SURFACE_2_芝,uma_deokure_bin+kijun_ninkijun_tansho+kyakushitsu,uma_deokure_bin,kijun_ninkijun_tansho,kyakushitsu,254,143910,72.72,17.08,70.62,False
SURFACE_2_芝,manken_shisu_decile+kyakushitsu+ichi_shisu_juni,manken_shisu_decile,kyakushitsu,ichi_shisu_juni,394,155988,71.65,10.58,70.61,False
SURFACE_2_芝,kyori_kubun+shiba_tekisei_code+ten_shisu_juni,kyori_kubun,shiba_tekisei_code,ten_shisu_juni,199,143864,71.73,8.13,70.6,False
SURFACE_2_芝,pace_yoso+manken_shisu_decile+ten_shisu_juni,pace_yoso,manken_shisu_decile,ten_shisu_juni,406,162315,71.55,9.81,70.59,False
SURFACE_2_芝,uma_deokure_bin+kyakushitsu+ichi_shisu_juni,uma_deokure_bin,kyakushitsu,ichi_shisu_juni,222,144437,71.84,9.49,70.59,False
SURFACE_2_芝,kyori_tekisei+omo_tekisei_code+kyakushitsu,kyori_tekisei,omo_tekisei_code,kyakushitsu,53,146556,72.67,7.77,70.58,False
SURFACE_2_芝,uma_deokure_bin+rotation_bin+shiba_tekisei_code,uma_deokure_bin,rotation_bin,shiba_tekisei_code,105,143989,72.24,8.68,70.58,False
SURFACE_2_芝,rotation_bin+ls_shisu_juni+da_tekisei_code,rotation_bin,ls_shisu_juni,da_tekisei_code,88,43521,72.95,11.35,70.58,False
SURFACE_2_芝,shiba_tekisei_code+ls_shisu_juni+kyakushitsu,shiba_tekisei_code,ls_shisu_juni,kyakushitsu,100,143840,72.42,9.43,70.57,False
SURFACE_2_芝,pace_yoso+manken_shisu_decile+ichi_shisu_juni,pace_yoso,manken_shisu_decile,ichi_shisu_juni,389,161798,71.57,10.08,70.57,False
SURFACE_2_芝,kyori_kubun+class_code+kyuyo_riyu_bunrui_code,kyori_kubun,class_code,kyuyo_riyu_bunrui_code,56,33254,72.56,7.63,70.56,False
SURFACE_2_芝,hizume_code+kyuyo_riyu_bunrui_code+ichi_shisu_juni,hizume_code,kyuyo_riyu_bunrui_code,ichi_shisu_juni,96,27142,72.56,9.99,70.56,False
SURFACE_2_芝,kyori_tekisei+hizume_code+manken_shisu_decile,kyori_tekisei,hizume_code,manken_shisu_decile,291,128849,71.65,9.46,70.56,False
SURFACE_2_芝,uma_deokure_bin+ls_shisu_juni+da_tekisei_code,uma_deokure_bin,ls_shisu_juni,da_tekisei_code,73,45132,72.8,9.75,70.56,False
SURFACE_2_芝,uma_start_shisu_decile+bataiju+kyuyo_riyu_bunrui_code,uma_start_shisu_decile,bataiju,kyuyo_riyu_bunrui_code,69,12248,73.15,10.98,70.56,False
SURFACE_2_芝,ls_shisu_juni+kyakushitsu+pace_shisu_juni,ls_shisu_juni,kyakushitsu,pace_shisu_juni,422,158325,71.77,12.65,70.56,False
SURFACE_2_芝,bataiju_zogen+da_tekisei_code+ichi_shisu_juni,bataiju_zogen,da_tekisei_code,ichi_shisu_juni,146,31111,72.65,12.86,70.56,False
SURFACE_2_芝,class_code+kijun_ninkijun_tansho+kyakushitsu,class_code,kijun_ninkijun_tansho,kyakushitsu,348,126017,72.16,15.27,70.55,False
SURFACE_2_芝,rotation_bin+shiba_tekisei_code+kijun_ninkijun_tansho,rotation_bin,shiba_tekisei_code,kijun_ninkijun_tansho,262,138083,72.67,17.5,70.55,False
SURFACE_2_芝,manken_shisu_decile+kyakushitsu+ten_shisu_juni,manken_shisu_decile,kyakushitsu,ten_shisu_juni,495,154319,71.54,11.28,70.55,False
SURFACE_2_芝,kyori_tekisei+shiba_tekisei_code+ls_shisu_juni,kyori_tekisei,shiba_tekisei_code,ls_shisu_juni,92,141181,72.2,8.11,70.54,False
SURFACE_2_芝,manken_shisu_decile+shiba_tekisei_code+kyakushitsu,manken_shisu_decile,shiba_tekisei_code,kyakushitsu,107,141883,71.92,7.29,70.54,False
SURFACE_2_芝,kyori_kubun+omo_tekisei_code+kyakushitsu,kyori_kubun,omo_tekisei_code,kyakushitsu,51,149374,72.52,7.26,70.53,False
SURFACE_2_芝,kijun_ninkijun_tansho+ten_shisu_juni+pace_shisu_juni,kijun_ninkijun_tansho,ten_shisu_juni,pace_shisu_juni,363,69629,72.0,14.4,70.52,False
SURFACE_2_芝,joken_class_code+kyori_tekisei+da_tekisei_code,joken_class_code,kyori_tekisei,da_tekisei_code,38,44633,73.64,9.79,70.52,False
SURFACE_2_芝,manken_shirushi+rotation_bin+kijun_ninkijun_tansho,manken_shirushi,rotation_bin,kijun_ninkijun_tansho,359,74314,71.9,13.29,70.52,False
SURFACE_2_芝,pace_yoso+class_code+kijun_ninkijun_tansho,pace_yoso,class_code,kijun_ninkijun_tansho,269,134595,72.69,18.24,70.51,False
SURFACE_2_芝,class_code+kijun_ninkijun_tansho+ls_shisu_juni,class_code,kijun_ninkijun_tansho,ls_shisu_juni,344,108796,72.12,15.23,70.51,False
SURFACE_2_芝,ls_shisu_juni+kyakushitsu+ten_shisu_juni,ls_shisu_juni,kyakushitsu,ten_shisu_juni,422,158493,71.72,12.65,70.51,False
SURFACE_2_芝,manken_shirushi+manken_shisu_decile+kijun_ninkijun_tansho,manken_shirushi,manken_shisu_decile,kijun_ninkijun_tansho,379,87041,71.86,13.47,70.51,False
SURFACE_2_芝,uma_deokure_bin+shiba_tekisei_code+kyakushitsu,uma_deokure_bin,shiba_tekisei_code,kyakushitsu,60,144753,72.45,7.64,70.51,False
SURFACE_2_芝,uma_deokure_bin+joken_class_code+da_tekisei_code,uma_deokure_bin,joken_class_code,da_tekisei_code,46,45949,72.99,8.6,70.5,False
SURFACE_2_芝,kyori_tekisei+rotation_bin+shiba_tekisei_code,kyori_tekisei,rotation_bin,shiba_tekisei_code,83,141781,72.08,7.34,70.5,False
SURFACE_2_芝,manken_shirushi+kyakushitsu+da_tekisei_code,manken_shirushi,kyakushitsu,da_tekisei_code,63,26417,72.73,9.07,70.49,False
SURFACE_2_芝,manken_shirushi+da_tekisei_code+ichi_shisu_juni,manken_shirushi,da_tekisei_code,ichi_shisu_juni,99,18539,72.65,10.96,70.49,False
SURFACE_2_芝,bataiju_zogen+kyakushitsu+kyuyo_riyu_bunrui_code,bataiju_zogen,kyakushitsu,kyuyo_riyu_bunrui_code,63,31329,72.5,8.14,70.49,False
SURFACE_2_芝,pace_yoso+manken_shisu_decile+pace_shisu_juni,pace_yoso,manken_shisu_decile,pace_shisu_juni,393,161670,71.51,10.38,70.48,False
SURFACE_2_芝,kyori_kubun+rotation_bin+shiba_tekisei_code,kyori_kubun,rotation_bin,shiba_tekisei_code,89,144408,71.95,7.09,70.48,False
SURFACE_2_芝,joken_class_code+rotation_bin+shiba_tekisei_code,joken_class_code,rotation_bin,shiba_tekisei_code,88,143655,72.36,9.01,70.48,False
SURFACE_2_芝,manken_shirushi+class_code+kyori_tekisei_2,manken_shirushi,class_code,kyori_tekisei_2,66,12100,72.69,9.15,70.48,False
SURFACE_2_芝,bataiju_zogen+ls_shisu_juni+kyuyo_riyu_bunrui_code,bataiju_zogen,ls_shisu_juni,kyuyo_riyu_bunrui_code,90,28762,72.74,10.99,70.47,False
SURFACE_2_芝,kyori_tekisei_2+kijun_ninkijun_tansho+ls_shisu_juni,kyori_tekisei_2,kijun_ninkijun_tansho,ls_shisu_juni,101,20987,72.91,12.52,70.47,False
SURFACE_2_芝,manken_shirushi+kyori_kubun+kijun_ninkijun_tansho,manken_shirushi,kyori_kubun,kijun_ninkijun_tansho,315,100168,71.88,12.72,70.47,False
SURFACE_2_芝,hizume_code+bataiju_zogen+kyuyo_riyu_bunrui_code,hizume_code,bataiju_zogen,kyuyo_riyu_bunrui_code,94,26488,72.12,8.15,70.47,False
SURFACE_2_芝,keibajo_code+shiba_tekisei_code+kijun_ninkijun_tansho,keibajo_code,shiba_tekisei_code,kijun_ninkijun_tansho,341,136513,72.39,18.06,70.47,False
SURFACE_2_芝,pace_yoso+kyakushitsu+ten_shisu_juni,pace_yoso,kyakushitsu,ten_shisu_juni,197,168298,71.78,9.42,70.47,False
SURFACE_2_芝,manken_shirushi+rotation_bin+bataiju,manken_shirushi,rotation_bin,bataiju,15,1648,78.51,15.89,70.47,False
SURFACE_2_芝,hizume_code+kijun_ninkijun_tansho+ten_shisu_juni,hizume_code,kijun_ninkijun_tansho,ten_shisu_juni,401,67306,71.87,14.37,70.47,False
SURFACE_2_芝,pace_yoso+ls_shisu_juni+da_tekisei_code,pace_yoso,ls_shisu_juni,da_tekisei_code,42,45626,72.54,6.88,70.46,False
SURFACE_2_芝,kyori_tekisei+rotation_bin+kyakushitsu,kyori_tekisei,rotation_bin,kyakushitsu,128,144546,71.99,8.86,70.46,False
SURFACE_2_芝,kyori_tekisei+shiba_tekisei_code+ten_shisu_juni,kyori_tekisei,shiba_tekisei_code,ten_shisu_juni,177,140644,71.66,8.25,70.45,False
SURFACE_2_芝,kyori_kubun+uma_deokure_bin+kijun_ninkijun_tansho,kyori_kubun,uma_deokure_bin,kijun_ninkijun_tansho,271,145285,72.18,14.51,70.45,False
SURFACE_2_芝,pace_yoso+hizume_code+da_tekisei_code,pace_yoso,hizume_code,da_tekisei_code,50,44125,72.51,7.47,70.44,False
SURFACE_2_芝,kyori_tekisei+omo_tekisei_code+pace_shisu_juni,kyori_tekisei,omo_tekisei_code,pace_shisu_juni,188,143792,71.69,8.85,70.43,False
SURFACE_2_芝,joken_class_code+class_code+ichi_shisu_juni,joken_class_code,class_code,ichi_shisu_juni,214,135849,71.97,11.47,70.43,False
SURFACE_2_芝,kyori_tekisei+shiba_tekisei_code+kyori_tekisei_2,kyori_tekisei,shiba_tekisei_code,kyori_tekisei_2,11,30335,75.62,8.77,70.43,False
SURFACE_2_芝,joken_class_code+kyori_tekisei+ls_shisu_juni,joken_class_code,kyori_tekisei,ls_shisu_juni,143,165046,72.11,10.29,70.42,False
SURFACE_2_芝,hizume_code+class_code+kyuyo_riyu_bunrui_code,hizume_code,class_code,kyuyo_riyu_bunrui_code,72,28134,72.57,9.37,70.41,False
SURFACE_2_芝,kyori_tekisei+bataiju+da_tekisei_code,kyori_tekisei,bataiju,da_tekisei_code,162,29604,72.1,10.96,70.41,False
SURFACE_2_芝,pace_yoso+kyori_tekisei+ichi_shisu_juni,pace_yoso,kyori_tekisei,ichi_shisu_juni,186,165185,71.57,8.08,70.41,False
SURFACE_2_芝,kyori_tekisei+manken_shisu_decile+ten_shisu_juni,kyori_tekisei,manken_shisu_decile,ten_shisu_juni,478,151882,71.34,10.54,70.4,False
SURFACE_2_芝,uma_start_shisu_decile+kijun_ninkijun_tansho+ichi_shisu_juni,uma_start_shisu_decile,kijun_ninkijun_tansho,ichi_shisu_juni,423,81312,71.74,14.01,70.4,False
SURFACE_2_芝,joken_class_code+shiba_tekisei_code+ichi_shisu_juni,joken_class_code,shiba_tekisei_code,ichi_shisu_juni,168,141325,71.82,9.41,70.4,False
SURFACE_2_芝,kyori_kubun+manken_shisu_decile+pace_shisu_juni,kyori_kubun,manken_shisu_decile,pace_shisu_juni,513,158720,71.36,11.14,70.4,False
SURFACE_2_芝,bataiju+class_code+kyuyo_riyu_bunrui_code,bataiju,class_code,kyuyo_riyu_bunrui_code,91,14374,72.8,11.68,70.4,False
SURFACE_2_芝,manken_shirushi+kyori_tekisei+kyuyo_riyu_bunrui_code,manken_shirushi,kyori_tekisei,kyuyo_riyu_bunrui_code,33,20476,72.92,7.36,70.4,False
SURFACE_2_芝,kyori_kubun+kyori_tekisei+shiba_tekisei_code,kyori_kubun,kyori_tekisei,shiba_tekisei_code,41,142221,72.28,6.17,70.4,False
SURFACE_2_芝,shiba_tekisei_code+kyakushitsu+pace_shisu_juni,shiba_tekisei_code,kyakushitsu,pace_shisu_juni,181,143213,71.67,8.76,70.4,False
SURFACE_2_芝,ls_shisu_juni+kyakushitsu+ichi_shisu_juni,ls_shisu_juni,kyakushitsu,ichi_shisu_juni,329,159773,71.66,11.71,70.39,False
SURFACE_2_芝,pace_yoso+manken_shisu_decile+kyakushitsu,pace_yoso,manken_shisu_decile,kyakushitsu,135,167780,71.82,8.53,70.38,False
SURFACE_2_芝,keibajo_code+joken_class_code+kyuyo_riyu_bunrui_code,keibajo_code,joken_class_code,kyuyo_riyu_bunrui_code,57,34002,72.49,8.1,70.38,False
SURFACE_2_芝,pace_yoso+kyori_kubun+ten_shisu_juni,pace_yoso,kyori_kubun,ten_shisu_juni,180,169181,71.53,7.92,70.38,False
SURFACE_2_芝,uma_deokure_bin+bataiju_zogen+kyuyo_riyu_bunrui_code,uma_deokure_bin,bataiju_zogen,kyuyo_riyu_bunrui_code,68,30868,72.65,9.65,70.36,False
SURFACE_2_芝,manken_shisu_decile+kyakushitsu+pace_shisu_juni,manken_shisu_decile,kyakushitsu,pace_shisu_juni,508,154665,71.39,11.8,70.36,False
SURFACE_2_芝,pace_yoso+joken_class_code+kijun_ninkijun_tansho,pace_yoso,joken_class_code,kijun_ninkijun_tansho,169,167805,73.47,20.61,70.36,False
SURFACE_2_芝,shiba_tekisei_code+kyakushitsu+ten_shisu_juni,shiba_tekisei_code,kyakushitsu,ten_shisu_juni,177,142992,71.61,8.51,70.36,False
SURFACE_2_芝,omo_tekisei_code+manken_shisu_decile+kyakushitsu,omo_tekisei_code,manken_shisu_decile,kyakushitsu,113,146398,71.99,8.88,70.35,False
SURFACE_2_芝,kyori_kubun+bataiju_zogen+kyuyo_riyu_bunrui_code,kyori_kubun,bataiju_zogen,kyuyo_riyu_bunrui_code,64,31406,72.22,7.66,70.34,False
SURFACE_2_芝,bataiju_zogen+pace_shisu_juni+kyuyo_riyu_bunrui_code,bataiju_zogen,pace_shisu_juni,kyuyo_riyu_bunrui_code,142,24186,72.34,12.23,70.32,False
SURFACE_2_芝,manken_shirushi+joken_class_code+kijun_ninkijun_tansho,manken_shirushi,joken_class_code,kijun_ninkijun_tansho,300,93002,71.76,12.67,70.32,False
SURFACE_2_芝,bataiju_zogen+class_code+kijun_ninkijun_tansho,bataiju_zogen,class_code,kijun_ninkijun_tansho,360,82799,71.72,13.58,70.32,False
SURFACE_2_芝,ls_shisu_juni+ten_shisu_juni+ichi_shisu_juni,ls_shisu_juni,ten_shisu_juni,ichi_shisu_juni,499,109660,71.5,13.49,70.31,False
SURFACE_2_芝,manken_shirushi+uma_deokure_bin+kijun_ninkijun_tansho,manken_shirushi,uma_deokure_bin,kijun_ninkijun_tansho,238,76982,71.99,13.19,70.31,False
SURFACE_2_芝,joken_class_code+omo_tekisei_code+kijun_ninkijun_tansho,joken_class_code,omo_tekisei_code,kijun_ninkijun_tansho,204,146648,72.75,17.87,70.3,False
SURFACE_2_芝,pace_yoso+kyori_kubun+kyori_tekisei,pace_yoso,kyori_kubun,kyori_tekisei,48,168341,72.29,7.07,70.3,False
SURFACE_2_芝,uma_start_shisu_decile+omo_tekisei_code+kyuyo_riyu_bunrui_code,uma_start_shisu_decile,omo_tekisei_code,kyuyo_riyu_bunrui_code,38,35435,72.36,6.46,70.3,False
SURFACE_2_芝,hizume_code+kijun_ninkijun_tansho+ls_shisu_juni,hizume_code,kijun_ninkijun_tansho,ls_shisu_juni,392,110318,71.7,14.41,70.28,False
SURFACE_2_芝,joken_class_code+kyori_tekisei+shiba_tekisei_code,joken_class_code,kyori_tekisei,shiba_tekisei_code,49,142154,72.86,9.23,70.28,False
SURFACE_2_芝,kyori_tekisei+omo_tekisei_code+ichi_shisu_juni,kyori_tekisei,omo_tekisei_code,ichi_shisu_juni,180,143730,71.48,8.31,70.26,False
SURFACE_2_芝,kyori_tekisei+manken_shisu_decile+ichi_shisu_juni,kyori_tekisei,manken_shisu_decile,ichi_shisu_juni,466,151478,71.27,11.15,70.26,False
SURFACE_2_芝,keibajo_code+kijun_ninkijun_tansho+ls_shisu_juni,keibajo_code,kijun_ninkijun_tansho,ls_shisu_juni,461,144415,71.68,15.51,70.26,False
SURFACE_2_芝,ls_shisu_juni+pace_shisu_juni+ichi_shisu_juni,ls_shisu_juni,pace_shisu_juni,ichi_shisu_juni,508,111296,71.39,13.04,70.25,False
SURFACE_2_芝,keibajo_code+omo_tekisei_code+kijun_ninkijun_tansho,keibajo_code,omo_tekisei_code,kijun_ninkijun_tansho,314,138367,72.05,16.31,70.25,False
SURFACE_2_芝,kyori_kubun+shiba_tekisei_code+ichi_shisu_juni,kyori_kubun,shiba_tekisei_code,ichi_shisu_juni,194,143455,71.39,8.17,70.24,False
SURFACE_2_芝,keibajo_code+bataiju_zogen+kyuyo_riyu_bunrui_code,keibajo_code,bataiju_zogen,kyuyo_riyu_bunrui_code,106,27801,72.33,10.97,70.24,False
SURFACE_2_芝,pace_yoso+kyori_tekisei+pace_shisu_juni,pace_yoso,kyori_tekisei,pace_shisu_juni,187,165216,71.47,8.66,70.23,False
SURFACE_2_芝,pace_yoso+kijun_ninkijun_tansho+ls_shisu_juni,pace_yoso,kijun_ninkijun_tansho,ls_shisu_juni,256,164061,72.26,16.53,70.23,False
SURFACE_2_芝,uma_start_shisu_decile+shiba_tekisei_code+kijun_ninkijun_tansho,uma_start_shisu_decile,shiba_tekisei_code,kijun_ninkijun_tansho,291,138473,72.16,16.83,70.23,False
SURFACE_2_芝,keibajo_code+kijun_ninkijun_tansho+ichi_shisu_juni,keibajo_code,kijun_ninkijun_tansho,ichi_shisu_juni,512,85905,71.51,14.7,70.23,False
SURFACE_2_芝,kyori_tekisei+ls_shisu_juni+kyakushitsu,kyori_tekisei,ls_shisu_juni,kyakushitsu,145,166069,72.02,10.98,70.23,False
SURFACE_2_芝,joken_class_code+hizume_code+kyuyo_riyu_bunrui_code,joken_class_code,hizume_code,kyuyo_riyu_bunrui_code,56,32706,72.12,7.28,70.22,False
SURFACE_2_芝,pace_yoso+kyakushitsu+pace_shisu_juni,pace_yoso,kyakushitsu,pace_shisu_juni,199,168633,71.56,9.7,70.21,False
SURFACE_2_芝,manken_shisu_decile+kijun_ninkijun_tansho+ten_shisu_juni,manken_shisu_decile,kijun_ninkijun_tansho,ten_shisu_juni,566,90585,71.44,14.86,70.21,False
SURFACE_2_芝,keibajo_code+bataiju_zogen+da_tekisei_code,keibajo_code,bataiju_zogen,da_tekisei_code,142,37467,71.93,10.49,70.21,False
SURFACE_2_芝,manken_shirushi+keibajo_code+da_tekisei_code,manken_shirushi,keibajo_code,da_tekisei_code,84,21383,72.44,10.54,70.19,False
SURFACE_2_芝,uma_start_shisu_decile+bataiju+da_tekisei_code,uma_start_shisu_decile,bataiju,da_tekisei_code,108,17178,72.53,12.5,70.18,False
SURFACE_2_芝,joken_class_code+kyori_tekisei+ichi_shisu_juni,joken_class_code,kyori_tekisei,ichi_shisu_juni,270,163608,71.27,9.08,70.18,False
SURFACE_2_芝,kyori_kubun+rotation_bin+kyakushitsu,kyori_kubun,rotation_bin,kyakushitsu,123,148381,71.82,9.34,70.17,False
SURFACE_2_芝,uma_start_shisu_decile+omo_tekisei_code+kijun_ninkijun_tansho,uma_start_shisu_decile,omo_tekisei_code,kijun_ninkijun_tansho,260,139902,72.09,15.85,70.16,False
SURFACE_2_芝,rotation_bin+class_code+kijun_ninkijun_tansho,rotation_bin,class_code,kijun_ninkijun_tansho,386,111656,71.87,17.17,70.15,False
SURFACE_2_芝,joken_class_code+kijun_ninkijun_tansho+kyakushitsu,joken_class_code,kijun_ninkijun_tansho,kyakushitsu,290,167264,72.09,16.91,70.15,False
SURFACE_2_芝,kyori_kubun+ls_shisu_juni+kyakushitsu,kyori_kubun,ls_shisu_juni,kyakushitsu,155,169613,71.79,10.48,70.14,False
SURFACE_2_芝,manken_shirushi+kyori_tekisei_2+kyuyo_riyu_bunrui_code,manken_shirushi,kyori_tekisei_2,kyuyo_riyu_bunrui_code,23,5057,74.76,11.34,70.13,False
SURFACE_2_芝,bataiju+shiba_tekisei_code+kijun_ninkijun_tansho,bataiju,shiba_tekisei_code,kijun_ninkijun_tansho,389,63559,71.51,13.89,70.13,False
SURFACE_2_芝,pace_yoso+rotation_bin+kijun_ninkijun_tansho,pace_yoso,rotation_bin,kijun_ninkijun_tansho,262,142847,72.27,17.77,70.12,False
SURFACE_2_芝,bataiju_zogen+manken_shisu_decile+da_tekisei_code,bataiju_zogen,manken_shisu_decile,da_tekisei_code,140,36885,71.84,10.41,70.11,False
SURFACE_2_芝,uma_start_shisu_decile+kijun_ninkijun_tansho+ls_shisu_juni,uma_start_shisu_decile,kijun_ninkijun_tansho,ls_shisu_juni,416,123420,71.53,14.93,70.1,False
SURFACE_2_芝,kyori_tekisei+manken_shisu_decile+pace_shisu_juni,kyori_tekisei,manken_shisu_decile,pace_shisu_juni,463,151284,71.11,11.13,70.1,False
SURFACE_2_芝,ls_shisu_juni+ten_shisu_juni+pace_shisu_juni,ls_shisu_juni,ten_shisu_juni,pace_shisu_juni,489,111249,71.22,12.61,70.1,False
SURFACE_2_芝,ls_shisu_juni+pace_shisu_juni+kyuyo_riyu_bunrui_code,ls_shisu_juni,pace_shisu_juni,kyuyo_riyu_bunrui_code,102,30619,72.14,10.61,70.08,False
SURFACE_2_芝,keibajo_code+class_code+kijun_ninkijun_tansho,keibajo_code,class_code,kijun_ninkijun_tansho,427,99854,71.49,14.95,70.08,False
SURFACE_2_芝,manken_shirushi+shiba_tekisei_code+kijun_ninkijun_tansho,manken_shirushi,shiba_tekisei_code,kijun_ninkijun_tansho,229,85895,71.73,12.79,70.08,False
SURFACE_2_芝,pace_yoso+kyori_tekisei+ten_shisu_juni,pace_yoso,kyori_tekisei,ten_shisu_juni,190,165287,71.33,8.77,70.08,False
SURFACE_2_芝,bataiju_zogen+class_code+kyuyo_riyu_bunrui_code,bataiju_zogen,class_code,kyuyo_riyu_bunrui_code,86,25114,72.2,10.04,70.08,False
SURFACE_2_芝,kyori_tekisei+shiba_tekisei_code+ichi_shisu_juni,kyori_tekisei,shiba_tekisei_code,ichi_shisu_juni,176,140714,71.26,8.07,70.07,False
SURFACE_2_芝,class_code+shiba_tekisei_code+kyakushitsu,class_code,shiba_tekisei_code,kyakushitsu,107,140895,72.07,10.56,70.07,False
SURFACE_2_芝,pace_yoso+hizume_code+kijun_ninkijun_tansho,pace_yoso,hizume_code,kijun_ninkijun_tansho,290,132128,71.95,16.35,70.07,False
SURFACE_2_芝,rotation_bin+kijun_ninkijun_tansho+kyakushitsu,rotation_bin,kijun_ninkijun_tansho,kyakushitsu,335,138933,71.81,16.43,70.05,False
SURFACE_2_芝,bataiju_zogen+ten_shisu_juni+da_tekisei_code,bataiju_zogen,ten_shisu_juni,da_tekisei_code,150,31419,71.87,11.33,70.05,False
SURFACE_2_芝,pace_yoso+bataiju_zogen+kyuyo_riyu_bunrui_code,pace_yoso,bataiju_zogen,kyuyo_riyu_bunrui_code,55,32664,72.14,7.89,70.05,False
SURFACE_2_芝,rotation_bin+kyori_tekisei_2+kijun_ninkijun_tansho,rotation_bin,kyori_tekisei_2,kijun_ninkijun_tansho,112,20861,72.34,12.36,70.05,False
SURFACE_2_芝,bataiju+shiba_tekisei_code+kyuyo_riyu_bunrui_code,bataiju,shiba_tekisei_code,kyuyo_riyu_bunrui_code,117,27656,71.98,10.7,70.04,False
SURFACE_2_芝,keibajo_code+hizume_code+kyuyo_riyu_bunrui_code,keibajo_code,hizume_code,kyuyo_riyu_bunrui_code,80,30552,72.21,9.9,70.04,False
SURFACE_2_芝,joken_class_code+kyakushitsu+ichi_shisu_juni,joken_class_code,kyakushitsu,ichi_shisu_juni,245,167282,71.16,9.09,70.02,False
SURFACE_2_芝,class_code+kyuyo_riyu_bunrui_code+ichi_shisu_juni,class_code,kyuyo_riyu_bunrui_code,ichi_shisu_juni,91,25806,72.32,11.19,70.02,False
SURFACE_2_芝,keibajo_code+uma_deokure_bin+da_tekisei_code,keibajo_code,uma_deokure_bin,da_tekisei_code,94,45680,71.83,8.98,70.02,False
SURFACE_2_芝,pace_yoso+uma_start_shisu_decile+kijun_ninkijun_tansho,pace_yoso,uma_start_shisu_decile,kijun_ninkijun_tansho,275,142717,72.07,17.39,70.02,False
SURFACE_2_芝,pace_yoso+ls_shisu_juni+kyakushitsu,pace_yoso,ls_shisu_juni,kyakushitsu,115,169786,72.01,10.95,70.01,False
SURFACE_2_芝,bataiju_zogen+omo_tekisei_code+kijun_ninkijun_tansho,bataiju_zogen,omo_tekisei_code,kijun_ninkijun_tansho,334,125919,71.48,13.84,70.0,False
SURFACE_2_芝,bataiju_zogen+manken_shisu_decile+kijun_ninkijun_tansho,bataiju_zogen,manken_shisu_decile,kijun_ninkijun_tansho,440,82730,71.28,13.75,70.0,False
SURFACE_2_芝,kyori_tekisei+manken_shisu_decile+kyakushitsu,kyori_tekisei,manken_shisu_decile,kyakushitsu,167,163869,71.33,8.82,69.99,False
SURFACE_2_芝,joken_class_code+kijun_ninkijun_tansho+ls_shisu_juni,joken_class_code,kijun_ninkijun_tansho,ls_shisu_juni,355,156805,71.54,14.96,69.98,False
SURFACE_2_芝,pace_yoso+kyori_kubun+kyakushitsu,pace_yoso,kyori_kubun,kyakushitsu,55,170684,71.99,7.61,69.98,False
SURFACE_2_芝,pace_yoso+bataiju+da_tekisei_code,pace_yoso,bataiju,da_tekisei_code,128,36614,71.73,10.24,69.96,False
SURFACE_2_芝,kyori_tekisei+class_code+kyuyo_riyu_bunrui_code,kyori_tekisei,class_code,kyuyo_riyu_bunrui_code,54,32756,72.34,8.93,69.96,False
SURFACE_2_芝,uma_deokure_bin+bataiju_zogen+kijun_ninkijun_tansho,uma_deokure_bin,bataiju_zogen,kijun_ninkijun_tansho,389,112883,71.3,13.63,69.95,False
SURFACE_2_芝,kyakushitsu+kyuyo_riyu_bunrui_code+ichi_shisu_juni,kyakushitsu,kyuyo_riyu_bunrui_code,ichi_shisu_juni,56,33159,72.01,7.9,69.94,False
SURFACE_2_芝,rotation_bin+bataiju+da_tekisei_code,rotation_bin,bataiju,da_tekisei_code,144,22253,71.85,11.67,69.94,False
SURFACE_2_芝,omo_tekisei_code+rotation_bin+kijun_ninkijun_tansho,omo_tekisei_code,rotation_bin,kijun_ninkijun_tansho,257,141016,71.86,15.67,69.94,False
SURFACE_2_芝,manken_shirushi+ten_shisu_juni+da_tekisei_code,manken_shirushi,ten_shisu_juni,da_tekisei_code,101,18742,72.24,11.77,69.94,False
SURFACE_2_芝,keibajo_code+pace_yoso+kijun_ninkijun_tansho,keibajo_code,pace_yoso,kijun_ninkijun_tansho,373,165648,71.64,16.76,69.94,False
SURFACE_2_芝,manken_shirushi+uma_start_shisu_decile+da_tekisei_code,manken_shirushi,uma_start_shisu_decile,da_tekisei_code,76,23096,72.0,9.18,69.93,False
SURFACE_2_芝,uma_start_shisu_decile+ls_shisu_juni+kyuyo_riyu_bunrui_code,uma_start_shisu_decile,ls_shisu_juni,kyuyo_riyu_bunrui_code,64,33177,72.05,8.65,69.93,False
SURFACE_2_芝,hizume_code+omo_tekisei_code+kyuyo_riyu_bunrui_code,hizume_code,omo_tekisei_code,kyuyo_riyu_bunrui_code,41,34642,72.67,8.97,69.93,False
SURFACE_2_芝,kyori_kubun+kyori_tekisei+manken_shisu_decile,kyori_kubun,kyori_tekisei,manken_shisu_decile,142,163938,71.49,9.5,69.93,False
SURFACE_2_芝,manken_shirushi+kijun_ninkijun_tansho+ls_shisu_juni,manken_shirushi,kijun_ninkijun_tansho,ls_shisu_juni,340,86331,71.37,13.58,69.92,False
SURFACE_2_芝,kyori_kubun+shiba_tekisei_code+kyakushitsu,kyori_kubun,shiba_tekisei_code,kyakushitsu,48,144770,71.84,6.79,69.92,False
SURFACE_2_芝,keibajo_code+pace_yoso+kyuyo_riyu_bunrui_code,keibajo_code,pace_yoso,kyuyo_riyu_bunrui_code,45,35630,72.08,7.38,69.92,False
SURFACE_2_芝,manken_shirushi+hizume_code+da_tekisei_code,manken_shirushi,hizume_code,da_tekisei_code,76,21376,72.42,11.14,69.92,False
SURFACE_2_芝,manken_shisu_decile+kijun_ninkijun_tansho+pace_shisu_juni,manken_shisu_decile,kijun_ninkijun_tansho,pace_shisu_juni,555,93037,71.07,14.22,69.89,False
SURFACE_2_芝,joken_class_code+omo_tekisei_code+da_tekisei_code,joken_class_code,omo_tekisei_code,da_tekisei_code,30,46316,72.52,7.36,69.89,False
SURFACE_2_芝,uma_deokure_bin+kyori_tekisei+da_tekisei_code,uma_deokure_bin,kyori_tekisei,da_tekisei_code,39,44537,71.99,6.7,69.89,False
SURFACE_2_芝,pace_yoso+joken_class_code+class_code,pace_yoso,joken_class_code,class_code,65,146273,72.27,9.8,69.89,False
SURFACE_2_芝,manken_shirushi+omo_tekisei_code+da_tekisei_code,manken_shirushi,omo_tekisei_code,da_tekisei_code,40,26096,71.92,6.54,69.89,False
SURFACE_2_芝,kyori_kubun+kyori_tekisei_2+kijun_ninkijun_tansho,kyori_kubun,kyori_tekisei_2,kijun_ninkijun_tansho,80,26858,72.84,13.58,69.87,False
SURFACE_2_芝,bataiju+shiba_tekisei_code+da_tekisei_code,bataiju,shiba_tekisei_code,da_tekisei_code,124,31940,71.83,11.2,69.86,False
SURFACE_2_芝,keibajo_code+kijun_ninkijun_tansho+ten_shisu_juni,keibajo_code,kijun_ninkijun_tansho,ten_shisu_juni,562,84672,71.1,15.18,69.85,False
SURFACE_2_芝,shiba_tekisei_code+kyori_tekisei_2+kijun_ninkijun_tansho,shiba_tekisei_code,kyori_tekisei_2,kijun_ninkijun_tansho,77,29039,73.47,16.19,69.85,False
SURFACE_2_芝,pace_yoso+uma_start_shisu_decile+kyuyo_riyu_bunrui_code,pace_yoso,uma_start_shisu_decile,kyuyo_riyu_bunrui_code,37,35695,72.31,7.62,69.85,False
SURFACE_2_芝,uma_start_shisu_decile+kijun_ninkijun_tansho+kyakushitsu,uma_start_shisu_decile,kijun_ninkijun_tansho,kyakushitsu,326,140155,71.68,16.94,69.84,False
SURFACE_2_芝,kyori_kubun+kyakushitsu+ichi_shisu_juni,kyori_kubun,kyakushitsu,ichi_shisu_juni,202,167012,71.18,9.81,69.83,False
SURFACE_2_芝,keibajo_code+rotation_bin+da_tekisei_code,keibajo_code,rotation_bin,da_tekisei_code,117,44023,71.65,10.1,69.82,False
SURFACE_2_芝,bataiju_zogen+bataiju+da_tekisei_code,bataiju_zogen,bataiju,da_tekisei_code,76,9532,72.71,12.96,69.8,False
SURFACE_2_芝,hizume_code+class_code+kijun_ninkijun_tansho,hizume_code,class_code,kijun_ninkijun_tansho,368,94438,71.33,15.02,69.8,False
SURFACE_2_芝,pace_yoso+kijun_ninkijun_tansho+kyakushitsu,pace_yoso,kijun_ninkijun_tansho,kyakushitsu,193,168401,72.29,17.68,69.8,False
SURFACE_2_芝,class_code+ls_shisu_juni+kyuyo_riyu_bunrui_code,class_code,ls_shisu_juni,kyuyo_riyu_bunrui_code,69,30103,72.41,11.1,69.79,False
SURFACE_2_芝,uma_deokure_bin+rotation_bin+kijun_ninkijun_tansho,uma_deokure_bin,rotation_bin,kijun_ninkijun_tansho,359,135800,71.44,15.97,69.79,False
SURFACE_2_芝,shiba_tekisei_code+kyakushitsu+ichi_shisu_juni,shiba_tekisei_code,kyakushitsu,ichi_shisu_juni,154,142890,71.21,9.05,69.78,False
SURFACE_2_芝,manken_shirushi+kijun_ninkijun_tansho+kyakushitsu,manken_shirushi,kijun_ninkijun_tansho,kyakushitsu,368,97915,71.24,14.32,69.78,False
SURFACE_2_芝,manken_shirushi+kyori_tekisei+da_tekisei_code,manken_shirushi,kyori_tekisei,da_tekisei_code,56,25399,72.14,9.07,69.77,False
SURFACE_2_芝,kyori_kubun+omo_tekisei_code+shiba_tekisei_code,kyori_kubun,omo_tekisei_code,shiba_tekisei_code,35,143588,71.95,6.57,69.77,False
SURFACE_2_芝,uma_start_shisu_decile+kyakushitsu+kyuyo_riyu_bunrui_code,uma_start_shisu_decile,kyakushitsu,kyuyo_riyu_bunrui_code,39,34835,71.54,5.69,69.76,False
SURFACE_2_芝,keibajo_code+uma_start_shisu_decile+kyuyo_riyu_bunrui_code,keibajo_code,uma_start_shisu_decile,kyuyo_riyu_bunrui_code,83,33523,71.75,9.29,69.75,False
SURFACE_2_芝,keibajo_code+shiba_tekisei_code+kyuyo_riyu_bunrui_code,keibajo_code,shiba_tekisei_code,kyuyo_riyu_bunrui_code,43,34113,71.96,7.41,69.75,False
SURFACE_2_芝,uma_deokure_bin+omo_tekisei_code+da_tekisei_code,uma_deokure_bin,omo_tekisei_code,da_tekisei_code,28,45938,72.05,6.21,69.75,False
SURFACE_2_芝,omo_tekisei_code+bataiju+da_tekisei_code,omo_tekisei_code,bataiju,da_tekisei_code,146,37222,71.42,10.32,69.75,False
SURFACE_2_芝,uma_deokure_bin+ten_shisu_juni+da_tekisei_code,uma_deokure_bin,ten_shisu_juni,da_tekisei_code,119,42978,71.5,9.83,69.74,False
SURFACE_2_芝,bataiju_zogen+rotation_bin+da_tekisei_code,bataiju_zogen,rotation_bin,da_tekisei_code,116,40493,71.53,9.89,69.74,False
SURFACE_2_芝,keibajo_code+shiba_tekisei_code+da_tekisei_code,keibajo_code,shiba_tekisei_code,da_tekisei_code,54,42363,71.77,7.62,69.74,False
SURFACE_2_芝,bataiju_zogen+rotation_bin+kijun_ninkijun_tansho,bataiju_zogen,rotation_bin,kijun_ninkijun_tansho,473,103552,71.02,14.21,69.74,False
SURFACE_2_芝,joken_class_code+kyori_tekisei+kijun_ninkijun_tansho,joken_class_code,kyori_tekisei,kijun_ninkijun_tansho,247,163263,72.13,19.25,69.73,False
SURFACE_2_芝,hizume_code+shiba_tekisei_code+kijun_ninkijun_tansho,hizume_code,shiba_tekisei_code,kijun_ninkijun_tansho,305,128782,71.62,16.92,69.72,False
SURFACE_2_芝,manken_shirushi+kyori_tekisei+kijun_ninkijun_tansho,manken_shirushi,kyori_tekisei,kijun_ninkijun_tansho,328,98334,71.04,12.31,69.71,False
SURFACE_2_芝,bataiju_zogen+pace_shisu_juni+da_tekisei_code,bataiju_zogen,pace_shisu_juni,da_tekisei_code,152,31522,71.65,12.18,69.71,False
SURFACE_2_芝,hizume_code+kyori_tekisei_2+kijun_ninkijun_tansho,hizume_code,kyori_tekisei_2,kijun_ninkijun_tansho,101,17279,72.37,13.6,69.71,False
SURFACE_2_芝,kyori_kubun+hizume_code+kyuyo_riyu_bunrui_code,kyori_kubun,hizume_code,kyuyo_riyu_bunrui_code,48,33002,72.19,8.76,69.71,False
SURFACE_2_芝,rotation_bin+kijun_ninkijun_tansho+ichi_shisu_juni,rotation_bin,kijun_ninkijun_tansho,ichi_shisu_juni,531,94583,70.94,14.46,69.71,False
SURFACE_2_芝,kyori_kubun+hizume_code+kijun_ninkijun_tansho,kyori_kubun,hizume_code,kijun_ninkijun_tansho,378,127794,71.07,13.59,69.7,False
SURFACE_2_芝,class_code+ten_shisu_juni+kyuyo_riyu_bunrui_code,class_code,ten_shisu_juni,kyuyo_riyu_bunrui_code,94,25954,71.67,9.71,69.7,False
SURFACE_2_芝,class_code+kyakushitsu+kyuyo_riyu_bunrui_code,class_code,kyakushitsu,kyuyo_riyu_bunrui_code,59,33455,72.25,10.01,69.7,False
SURFACE_2_芝,uma_start_shisu_decile+kyuyo_riyu_bunrui_code+ichi_shisu_juni,uma_start_shisu_decile,kyuyo_riyu_bunrui_code,ichi_shisu_juni,109,31644,71.59,10.13,69.69,False
SURFACE_2_芝,pace_yoso+rotation_bin+da_tekisei_code,pace_yoso,rotation_bin,da_tekisei_code,39,45806,71.61,6.12,69.69,False
SURFACE_2_芝,joken_class_code+rotation_bin+da_tekisei_code,joken_class_code,rotation_bin,da_tekisei_code,65,45633,72.24,10.48,69.69,False
SURFACE_2_芝,hizume_code+bataiju_zogen+kijun_ninkijun_tansho,hizume_code,bataiju_zogen,kijun_ninkijun_tansho,414,81550,71.02,13.8,69.69,False
SURFACE_2_芝,manken_shirushi+manken_shisu_decile+da_tekisei_code,manken_shirushi,manken_shisu_decile,da_tekisei_code,62,24587,72.06,9.58,69.68,False
SURFACE_2_芝,uma_deokure_bin+rotation_bin+da_tekisei_code,uma_deokure_bin,rotation_bin,da_tekisei_code,69,45545,71.85,9.2,69.68,False
SURFACE_2_芝,uma_start_shisu_decile+kijun_ninkijun_tansho+ten_shisu_juni,uma_start_shisu_decile,kijun_ninkijun_tansho,ten_shisu_juni,409,75422,71.12,14.87,69.67,False
SURFACE_2_芝,kyori_tekisei+kyori_tekisei_2+kyakushitsu,kyori_tekisei,kyori_tekisei_2,kyakushitsu,18,30199,74.32,10.06,69.67,False
SURFACE_2_芝,kyori_kubun+uma_start_shisu_decile+kijun_ninkijun_tansho,kyori_kubun,uma_start_shisu_decile,kijun_ninkijun_tansho,381,140595,71.35,16.71,69.67,False
SURFACE_2_芝,keibajo_code+hizume_code+kijun_ninkijun_tansho,keibajo_code,hizume_code,kijun_ninkijun_tansho,492,97709,70.88,13.81,69.66,False
SURFACE_2_芝,kyori_kubun+class_code+kijun_ninkijun_tansho,kyori_kubun,class_code,kijun_ninkijun_tansho,356,126709,71.28,15.71,69.65,False
SURFACE_2_芝,pace_yoso+omo_tekisei_code+kijun_ninkijun_tansho,pace_yoso,omo_tekisei_code,kijun_ninkijun_tansho,125,147282,72.58,16.7,69.65,False
SURFACE_2_芝,kyori_kubun+bataiju+da_tekisei_code,kyori_kubun,bataiju,da_tekisei_code,160,30996,71.28,10.51,69.65,False
SURFACE_2_芝,omo_tekisei_code+shiba_tekisei_code+kyakushitsu,omo_tekisei_code,shiba_tekisei_code,kyakushitsu,35,143595,72.14,7.55,69.64,False
SURFACE_2_芝,uma_start_shisu_decile+ten_shisu_juni+kyuyo_riyu_bunrui_code,uma_start_shisu_decile,ten_shisu_juni,kyuyo_riyu_bunrui_code,112,31389,71.45,9.83,69.63,False
SURFACE_2_芝,kyori_tekisei+kijun_ninkijun_tansho+ls_shisu_juni,kyori_tekisei,kijun_ninkijun_tansho,ls_shisu_juni,339,156713,71.25,15.22,69.63,False
SURFACE_2_芝,kyori_kubun+kyakushitsu+ten_shisu_juni,kyori_kubun,kyakushitsu,ten_shisu_juni,261,167934,70.86,10.14,69.63,False
SURFACE_2_芝,uma_deokure_bin+shiba_tekisei_code+da_tekisei_code,uma_deokure_bin,shiba_tekisei_code,da_tekisei_code,29,42668,71.74,5.84,69.61,False
SURFACE_2_芝,uma_deokure_bin+bataiju+da_tekisei_code,uma_deokure_bin,bataiju,da_tekisei_code,130,26010,71.79,12.64,69.61,False
SURFACE_2_芝,uma_deokure_bin+kijun_ninkijun_tansho+da_tekisei_code,uma_deokure_bin,kijun_ninkijun_tansho,da_tekisei_code,121,43379,72.36,15.48,69.6,False
SURFACE_2_芝,bataiju_zogen+shiba_tekisei_code+kyuyo_riyu_bunrui_code,bataiju_zogen,shiba_tekisei_code,kyuyo_riyu_bunrui_code,58,31769,71.74,8.31,69.6,False
SURFACE_2_芝,kyori_kubun+manken_shisu_decile+kyakushitsu,kyori_kubun,manken_shisu_decile,kyakushitsu,178,167629,70.89,8.84,69.6,False
SURFACE_2_芝,rotation_bin+shiba_tekisei_code+da_tekisei_code,rotation_bin,shiba_tekisei_code,da_tekisei_code,41,42384,71.4,5.9,69.6,False
SURFACE_2_芝,joken_class_code+kyori_tekisei_2+kijun_ninkijun_tansho,joken_class_code,kyori_tekisei_2,kijun_ninkijun_tansho,124,26092,71.89,13.01,69.6,False
SURFACE_2_芝,uma_start_shisu_decile+bataiju_zogen+kijun_ninkijun_tansho,uma_start_shisu_decile,bataiju_zogen,kijun_ninkijun_tansho,464,94395,70.91,14.35,69.6,False
SURFACE_2_芝,keibajo_code+joken_class_code+da_tekisei_code,keibajo_code,joken_class_code,da_tekisei_code,79,44980,71.15,7.09,69.59,False
SURFACE_2_芝,manken_shirushi+pace_shisu_juni+da_tekisei_code,manken_shirushi,pace_shisu_juni,da_tekisei_code,101,18734,71.79,11.28,69.59,False
SURFACE_2_芝,manken_shisu_decile+class_code+kijun_ninkijun_tansho,manken_shisu_decile,class_code,kijun_ninkijun_tansho,388,100447,71.04,14.55,69.59,False
SURFACE_2_芝,keibajo_code+ls_shisu_juni+da_tekisei_code,keibajo_code,ls_shisu_juni,da_tekisei_code,100,42170,71.59,10.22,69.59,False
SURFACE_2_芝,kyori_kubun+joken_class_code+da_tekisei_code,kyori_kubun,joken_class_code,da_tekisei_code,40,46274,72.11,8.18,69.58,False
SURFACE_2_芝,pace_yoso+uma_deokure_bin+da_tekisei_code,pace_yoso,uma_deokure_bin,da_tekisei_code,26,45964,71.46,4.88,69.58,False
SURFACE_2_芝,hizume_code+rotation_bin+kijun_ninkijun_tansho,hizume_code,rotation_bin,kijun_ninkijun_tansho,422,109818,70.93,14.21,69.58,False
SURFACE_2_芝,hizume_code+omo_tekisei_code+kijun_ninkijun_tansho,hizume_code,omo_tekisei_code,kijun_ninkijun_tansho,282,134338,71.26,14.42,69.58,False
SURFACE_2_芝,kyori_kubun+joken_class_code+shiba_tekisei_code,kyori_kubun,joken_class_code,shiba_tekisei_code,53,144551,71.74,8.0,69.58,False
SURFACE_2_芝,keibajo_code+kyori_kubun+kijun_ninkijun_tansho,keibajo_code,kyori_kubun,kijun_ninkijun_tansho,423,162464,71.18,16.75,69.58,False
SURFACE_2_芝,pace_yoso+kyuyo_riyu_bunrui_code+ichi_shisu_juni,pace_yoso,kyuyo_riyu_bunrui_code,ichi_shisu_juni,53,33814,71.53,7.31,69.57,False
SURFACE_2_芝,kijun_ninkijun_tansho+ls_shisu_juni+kyakushitsu,kijun_ninkijun_tansho,ls_shisu_juni,kyakushitsu,383,158334,71.1,15.46,69.56,False
SURFACE_2_芝,joken_class_code+uma_start_shisu_decile+kijun_ninkijun_tansho,joken_class_code,uma_start_shisu_decile,kijun_ninkijun_tansho,402,134804,70.97,14.43,69.56,False
SURFACE_2_芝,keibajo_code+uma_deokure_bin+kijun_ninkijun_tansho,keibajo_code,uma_deokure_bin,kijun_ninkijun_tansho,415,126828,71.11,16.04,69.56,False
SURFACE_2_芝,kyori_tekisei+kyakushitsu+ten_shisu_juni,kyori_tekisei,kyakushitsu,ten_shisu_juni,252,164182,70.77,9.86,69.55,False
SURFACE_2_芝,uma_deokure_bin+class_code+kijun_ninkijun_tansho,uma_deokure_bin,class_code,kijun_ninkijun_tansho,327,122290,71.31,16.23,69.55,False
SURFACE_2_芝,kyori_tekisei+rotation_bin+da_tekisei_code,kyori_tekisei,rotation_bin,da_tekisei_code,54,43845,71.45,7.19,69.53,False
SURFACE_2_芝,pace_yoso+kyori_tekisei+da_tekisei_code,pace_yoso,kyori_tekisei,da_tekisei_code,26,45037,71.71,5.68,69.52,False
SURFACE_2_芝,rotation_bin+kijun_ninkijun_tansho+ten_shisu_juni,rotation_bin,kijun_ninkijun_tansho,ten_shisu_juni,553,94487,70.72,14.48,69.51,False
SURFACE_2_芝,pace_shisu_juni+kyuyo_riyu_bunrui_code+ichi_shisu_juni,pace_shisu_juni,kyuyo_riyu_bunrui_code,ichi_shisu_juni,147,26352,71.52,12.5,69.5,False
SURFACE_2_芝,kyori_kubun+kyori_tekisei+rotation_bin,kyori_kubun,kyori_tekisei,rotation_bin,113,144741,71.2,9.29,69.49,False
SURFACE_2_芝,uma_deokure_bin+manken_shisu_decile+da_tekisei_code,uma_deokure_bin,manken_shisu_decile,da_tekisei_code,92,45045,71.31,8.93,69.49,False
SURFACE_2_芝,keibajo_code+uma_start_shisu_decile+kijun_ninkijun_tansho,keibajo_code,uma_start_shisu_decile,kijun_ninkijun_tansho,536,108873,70.7,14.35,69.49,False
SURFACE_2_芝,rotation_bin+shiba_tekisei_code+kyakushitsu,rotation_bin,shiba_tekisei_code,kyakushitsu,90,144454,71.31,8.81,69.49,False
SURFACE_2_芝,bataiju_zogen+rotation_bin+kyuyo_riyu_bunrui_code,bataiju_zogen,rotation_bin,kyuyo_riyu_bunrui_code,46,32362,72.29,9.68,69.49,False
SURFACE_2_芝,pace_yoso+shiba_tekisei_code+da_tekisei_code,pace_yoso,shiba_tekisei_code,da_tekisei_code,17,42845,72.5,6.35,69.48,False
SURFACE_2_芝,kyori_kubun+bataiju_zogen+kijun_ninkijun_tansho,kyori_kubun,bataiju_zogen,kijun_ninkijun_tansho,441,121513,70.8,14.13,69.48,False
SURFACE_2_芝,kyori_kubun+joken_class_code+kijun_ninkijun_tansho,kyori_kubun,joken_class_code,kijun_ninkijun_tansho,277,167846,71.48,17.13,69.47,False
SURFACE_2_芝,rotation_bin+kijun_ninkijun_tansho+ls_shisu_juni,rotation_bin,kijun_ninkijun_tansho,ls_shisu_juni,388,125368,70.95,14.98,69.46,False
SURFACE_2_芝,keibajo_code+bataiju_zogen+kijun_ninkijun_tansho,keibajo_code,bataiju_zogen,kijun_ninkijun_tansho,488,81033,70.72,14.26,69.45,False
SURFACE_2_芝,kyori_kubun+kyori_tekisei+ichi_shisu_juni,kyori_kubun,kyori_tekisei,ichi_shisu_juni,210,163655,70.66,8.96,69.45,False
SURFACE_2_芝,kyori_tekisei+class_code+da_tekisei_code,kyori_tekisei,class_code,da_tekisei_code,67,41986,72.12,11.17,69.44,False
SURFACE_2_芝,hizume_code+pace_shisu_juni+da_tekisei_code,hizume_code,pace_shisu_juni,da_tekisei_code,133,35017,71.19,10.28,69.44,False
SURFACE_2_芝,manken_shisu_decile+shiba_tekisei_code+kijun_ninkijun_tansho,manken_shisu_decile,shiba_tekisei_code,kijun_ninkijun_tansho,294,134016,71.12,14.67,69.44,False
SURFACE_2_芝,kyori_kubun+rotation_bin+da_tekisei_code,kyori_kubun,rotation_bin,da_tekisei_code,57,45744,71.25,7.0,69.44,False
SURFACE_2_芝,pace_yoso+joken_class_code+da_tekisei_code,pace_yoso,joken_class_code,da_tekisei_code,24,46057,72.74,8.28,69.43,False
SURFACE_2_芝,pace_yoso+kijun_ninkijun_tansho+da_tekisei_code,pace_yoso,kijun_ninkijun_tansho,da_tekisei_code,70,44909,72.45,12.89,69.43,False
SURFACE_2_芝,uma_deokure_bin+da_tekisei_code+ichi_shisu_juni,uma_deokure_bin,da_tekisei_code,ichi_shisu_juni,119,43100,71.46,11.31,69.43,False
SURFACE_2_芝,hizume_code+kyakushitsu+kyuyo_riyu_bunrui_code,hizume_code,kyakushitsu,kyuyo_riyu_bunrui_code,52,33379,71.7,8.39,69.42,False
SURFACE_2_芝,kyori_tekisei+kyori_tekisei_2+kyuyo_riyu_bunrui_code,kyori_tekisei,kyori_tekisei_2,kyuyo_riyu_bunrui_code,7,7790,73.21,5.14,69.41,False
SURFACE_2_芝,uma_deokure_bin+pace_shisu_juni+da_tekisei_code,uma_deokure_bin,pace_shisu_juni,da_tekisei_code,121,43005,71.25,10.33,69.41,False
SURFACE_2_芝,keibajo_code+kyori_tekisei+da_tekisei_code,keibajo_code,kyori_tekisei,da_tekisei_code,71,43993,71.0,6.81,69.41,False
SURFACE_2_芝,hizume_code+shiba_tekisei_code+da_tekisei_code,hizume_code,shiba_tekisei_code,da_tekisei_code,49,40540,71.38,7.02,69.41,False
SURFACE_2_芝,kyori_tekisei+kyakushitsu+pace_shisu_juni,kyori_tekisei,kyakushitsu,pace_shisu_juni,249,163918,70.54,9.24,69.4,False
SURFACE_2_芝,joken_class_code+rotation_bin+kijun_ninkijun_tansho,joken_class_code,rotation_bin,kijun_ninkijun_tansho,369,136190,71.11,16.76,69.4,False
SURFACE_2_芝,uma_deokure_bin+manken_shisu_decile+kyuyo_riyu_bunrui_code,uma_deokure_bin,manken_shisu_decile,kyuyo_riyu_bunrui_code,56,33798,71.58,8.33,69.39,False
SURFACE_2_芝,keibajo_code+rotation_bin+kijun_ninkijun_tansho,keibajo_code,rotation_bin,kijun_ninkijun_tansho,529,119059,70.66,14.91,69.39,False
SURFACE_2_芝,keibajo_code+ten_shisu_juni+kyuyo_riyu_bunrui_code,keibajo_code,ten_shisu_juni,kyuyo_riyu_bunrui_code,128,30166,71.03,9.51,69.38,False
SURFACE_2_芝,uma_deokure_bin+hizume_code+kijun_ninkijun_tansho,uma_deokure_bin,hizume_code,kijun_ninkijun_tansho,357,121964,70.89,14.54,69.38,False
SURFACE_2_芝,kyori_kubun+kijun_ninkijun_tansho+ls_shisu_juni,kyori_kubun,kijun_ninkijun_tansho,ls_shisu_juni,327,161077,71.12,16.07,69.38,False
SURFACE_2_芝,keibajo_code+kyuyo_riyu_bunrui_code+ichi_shisu_juni,keibajo_code,kyuyo_riyu_bunrui_code,ichi_shisu_juni,127,30269,71.27,10.85,69.38,False
SURFACE_2_芝,uma_start_shisu_decile+hizume_code+kyuyo_riyu_bunrui_code,uma_start_shisu_decile,hizume_code,kyuyo_riyu_bunrui_code,70,31135,70.99,6.95,69.37,False
SURFACE_2_芝,class_code+kijun_ninkijun_tansho+pace_shisu_juni,class_code,kijun_ninkijun_tansho,pace_shisu_juni,406,78464,70.8,14.69,69.37,False
SURFACE_2_芝,keibajo_code+pace_yoso+da_tekisei_code,keibajo_code,pace_yoso,da_tekisei_code,50,45763,71.23,6.68,69.37,False
SURFACE_2_芝,pace_yoso+hizume_code+kyuyo_riyu_bunrui_code,pace_yoso,hizume_code,kyuyo_riyu_bunrui_code,43,34307,71.94,8.6,69.36,False
SURFACE_2_芝,pace_yoso+ten_shisu_juni+kyuyo_riyu_bunrui_code,pace_yoso,ten_shisu_juni,kyuyo_riyu_bunrui_code,56,33864,71.76,9.17,69.36,False
SURFACE_2_芝,uma_deokure_bin+kyori_tekisei_2+kijun_ninkijun_tansho,uma_deokure_bin,kyori_tekisei_2,kijun_ninkijun_tansho,111,23815,72.05,14.47,69.36,False
SURFACE_2_芝,joken_class_code+uma_start_shisu_decile+kyuyo_riyu_bunrui_code,joken_class_code,uma_start_shisu_decile,kyuyo_riyu_bunrui_code,47,34443,71.09,6.13,69.34,False
SURFACE_2_芝,hizume_code+ls_shisu_juni+kyuyo_riyu_bunrui_code,hizume_code,ls_shisu_juni,kyuyo_riyu_bunrui_code,68,30831,71.63,9.63,69.34,False
SURFACE_2_芝,kyori_kubun+hizume_code+da_tekisei_code,kyori_kubun,hizume_code,da_tekisei_code,67,43408,71.26,8.06,69.33,False
SURFACE_2_芝,joken_class_code+bataiju+da_tekisei_code,joken_class_code,bataiju,da_tekisei_code,149,30446,71.13,11.21,69.33,False
SURFACE_2_芝,joken_class_code+ten_shisu_juni+kyuyo_riyu_bunrui_code,joken_class_code,ten_shisu_juni,kyuyo_riyu_bunrui_code,81,32772,71.13,8.27,69.33,False
SURFACE_2_芝,kyori_kubun+rotation_bin+kijun_ninkijun_tansho,kyori_kubun,rotation_bin,kijun_ninkijun_tansho,346,140345,70.84,14.45,69.32,False
SURFACE_2_芝,ten_shisu_juni+pace_shisu_juni+kyuyo_riyu_bunrui_code,ten_shisu_juni,pace_shisu_juni,kyuyo_riyu_bunrui_code,143,26081,70.96,10.1,69.31,False
SURFACE_2_芝,kyori_tekisei+ls_shisu_juni+da_tekisei_code,kyori_tekisei,ls_shisu_juni,da_tekisei_code,61,43974,71.62,9.27,69.3,False
SURFACE_2_芝,hizume_code+ls_shisu_juni+da_tekisei_code,hizume_code,ls_shisu_juni,da_tekisei_code,94,40517,71.43,10.62,69.29,False
SURFACE_2_芝,manken_shirushi+class_code+da_tekisei_code,manken_shirushi,class_code,da_tekisei_code,68,20620,71.87,10.85,69.29,False
SURFACE_2_芝,joken_class_code+ls_shisu_juni+da_tekisei_code,joken_class_code,ls_shisu_juni,da_tekisei_code,65,44714,71.28,8.21,69.28,False
SURFACE_2_芝,joken_class_code+hizume_code+da_tekisei_code,joken_class_code,hizume_code,da_tekisei_code,71,42948,71.63,10.1,69.28,False
SURFACE_2_芝,ls_shisu_juni+kyuyo_riyu_bunrui_code+ichi_shisu_juni,ls_shisu_juni,kyuyo_riyu_bunrui_code,ichi_shisu_juni,99,30559,71.5,11.35,69.27,False
SURFACE_2_芝,rotation_bin+kyori_tekisei_2+da_tekisei_code,rotation_bin,kyori_tekisei_2,da_tekisei_code,25,7587,73.59,11.03,69.27,False
SURFACE_2_芝,pace_yoso+kyori_kubun+da_tekisei_code,pace_yoso,kyori_kubun,da_tekisei_code,24,46319,71.09,4.55,69.27,False
SURFACE_2_芝,hizume_code+kijun_ninkijun_tansho+kyakushitsu,hizume_code,kijun_ninkijun_tansho,kyakushitsu,384,128386,70.86,15.95,69.27,False
SURFACE_2_芝,uma_deokure_bin+hizume_code+da_tekisei_code,uma_deokure_bin,hizume_code,da_tekisei_code,78,43025,71.45,9.82,69.27,False
SURFACE_2_芝,uma_deokure_bin+kijun_ninkijun_tansho+ichi_shisu_juni,uma_deokure_bin,kijun_ninkijun_tansho,ichi_shisu_juni,404,108225,70.68,14.6,69.26,False
SURFACE_2_芝,keibajo_code+kyakushitsu+da_tekisei_code,keibajo_code,kyakushitsu,da_tekisei_code,79,46111,70.98,7.83,69.26,False
SURFACE_2_芝,bataiju+kijun_ninkijun_tansho+ls_shisu_juni,bataiju,kijun_ninkijun_tansho,ls_shisu_juni,245,30940,71.27,16.17,69.25,False
SURFACE_2_芝,omo_tekisei_code+rotation_bin+da_tekisei_code,omo_tekisei_code,rotation_bin,da_tekisei_code,40,45629,71.42,7.02,69.25,False
SURFACE_2_芝,keibajo_code+bataiju+da_tekisei_code,keibajo_code,bataiju,da_tekisei_code,82,9805,72.03,12.89,69.24,False
SURFACE_2_芝,uma_start_shisu_decile+hizume_code+kijun_ninkijun_tansho,uma_start_shisu_decile,hizume_code,kijun_ninkijun_tansho,439,106236,70.53,13.89,69.23,False
SURFACE_2_芝,keibajo_code+kijun_ninkijun_tansho+pace_shisu_juni,keibajo_code,kijun_ninkijun_tansho,pace_shisu_juni,572,89385,70.39,14.19,69.23,False
SURFACE_2_芝,bataiju+kyakushitsu+da_tekisei_code,bataiju,kyakushitsu,da_tekisei_code,163,31145,71.18,12.79,69.22,False
SURFACE_2_芝,keibajo_code+pace_shisu_juni+da_tekisei_code,keibajo_code,pace_shisu_juni,da_tekisei_code,171,36643,70.86,10.96,69.22,False
SURFACE_2_芝,rotation_bin+ten_shisu_juni+da_tekisei_code,rotation_bin,ten_shisu_juni,da_tekisei_code,145,40345,70.99,10.89,69.22,False
SURFACE_2_芝,kyori_tekisei+kijun_ninkijun_tansho+kyakushitsu,kyori_tekisei,kijun_ninkijun_tansho,kyakushitsu,247,164025,71.25,16.35,69.21,False
SURFACE_2_芝,kyori_kubun+kyakushitsu+pace_shisu_juni,kyori_kubun,kyakushitsu,pace_shisu_juni,265,168000,70.5,10.75,69.21,False
SURFACE_2_芝,keibajo_code+kyori_kubun+da_tekisei_code,keibajo_code,kyori_kubun,da_tekisei_code,69,45962,70.91,7.2,69.21,False
SURFACE_2_芝,bataiju_zogen+bataiju+manken_shisu_decile,bataiju_zogen,bataiju,manken_shisu_decile,11,1137,77.37,13.81,69.21,False
SURFACE_2_芝,rotation_bin+manken_shisu_decile+da_tekisei_code,rotation_bin,manken_shisu_decile,da_tekisei_code,111,42983,71.08,10.03,69.21,False
SURFACE_2_芝,uma_deokure_bin+manken_shisu_decile+kijun_ninkijun_tansho,uma_deokure_bin,manken_shisu_decile,kijun_ninkijun_tansho,386,127538,70.66,14.64,69.2,False
SURFACE_2_芝,joken_class_code+hizume_code+kijun_ninkijun_tansho,joken_class_code,hizume_code,kijun_ninkijun_tansho,405,123420,70.65,14.89,69.2,False
SURFACE_2_芝,uma_start_shisu_decile+manken_shisu_decile+kijun_ninkijun_tansho,uma_start_shisu_decile,manken_shisu_decile,kijun_ninkijun_tansho,499,111927,70.43,14.16,69.19,False
SURFACE_2_芝,bataiju_zogen+kijun_ninkijun_tansho+ls_shisu_juni,bataiju_zogen,kijun_ninkijun_tansho,ls_shisu_juni,425,101095,70.51,13.97,69.19,False
SURFACE_2_芝,shiba_tekisei_code+kyori_tekisei_2+da_tekisei_code,shiba_tekisei_code,kyori_tekisei_2,da_tekisei_code,11,8628,73.42,7.17,69.18,False
SURFACE_2_芝,omo_tekisei_code+ls_shisu_juni+da_tekisei_code,omo_tekisei_code,ls_shisu_juni,da_tekisei_code,42,45290,71.35,7.16,69.18,False
SURFACE_2_芝,joken_class_code+shiba_tekisei_code+kyakushitsu,joken_class_code,shiba_tekisei_code,kyakushitsu,53,144526,71.55,8.82,69.18,False
SURFACE_2_芝,manken_shirushi+joken_class_code+da_tekisei_code,manken_shirushi,joken_class_code,da_tekisei_code,57,25059,71.81,10.1,69.18,False
SURFACE_2_芝,joken_class_code+kyakushitsu+da_tekisei_code,joken_class_code,kyakushitsu,da_tekisei_code,38,46057,71.76,8.14,69.17,False
SURFACE_2_芝,rotation_bin+kijun_ninkijun_tansho+da_tekisei_code,rotation_bin,kijun_ninkijun_tansho,da_tekisei_code,140,40555,71.52,14.18,69.17,False
SURFACE_2_芝,joken_class_code+class_code+shiba_tekisei_code,joken_class_code,class_code,shiba_tekisei_code,59,142486,71.87,10.62,69.16,False
SURFACE_2_芝,kyori_kubun+ls_shisu_juni+da_tekisei_code,kyori_kubun,ls_shisu_juni,da_tekisei_code,63,45550,71.59,9.84,69.16,False
SURFACE_2_芝,kyori_tekisei+omo_tekisei_code+shiba_tekisei_code,kyori_tekisei,omo_tekisei_code,shiba_tekisei_code,36,141428,72.21,9.38,69.14,False
SURFACE_2_芝,manken_shisu_decile+ten_shisu_juni+da_tekisei_code,manken_shisu_decile,ten_shisu_juni,da_tekisei_code,166,35870,70.82,11.11,69.13,False
SURFACE_2_芝,ls_shisu_juni+ten_shisu_juni+da_tekisei_code,ls_shisu_juni,ten_shisu_juni,da_tekisei_code,132,38842,71.04,11.22,69.13,False
SURFACE_2_芝,keibajo_code+joken_class_code+kijun_ninkijun_tansho,keibajo_code,joken_class_code,kijun_ninkijun_tansho,463,153312,70.64,16.5,69.13,False
SURFACE_2_芝,keibajo_code+manken_shisu_decile+da_tekisei_code,keibajo_code,manken_shisu_decile,da_tekisei_code,146,42099,70.73,9.91,69.12,False
SURFACE_2_芝,kyori_kubun+uma_start_shisu_decile+kyuyo_riyu_bunrui_code,kyori_kubun,uma_start_shisu_decile,kyuyo_riyu_bunrui_code,38,34391,71.19,6.52,69.12,False
SURFACE_2_芝,kyori_kubun+kyori_tekisei+pace_shisu_juni,kyori_kubun,kyori_tekisei,pace_shisu_juni,209,163575,70.48,10.06,69.12,False
SURFACE_2_芝,kyakushitsu+ten_shisu_juni+kyuyo_riyu_bunrui_code,kyakushitsu,ten_shisu_juni,kyuyo_riyu_bunrui_code,62,32826,71.09,7.94,69.11,False
SURFACE_2_芝,uma_start_shisu_decile+kyakushitsu+da_tekisei_code,uma_start_shisu_decile,kyakushitsu,da_tekisei_code,53,45450,71.1,7.39,69.11,False
SURFACE_2_芝,kyori_kubun+joken_class_code+kyuyo_riyu_bunrui_code,kyori_kubun,joken_class_code,kyuyo_riyu_bunrui_code,34,35884,71.24,6.36,69.11,False
SURFACE_2_芝,class_code+kijun_ninkijun_tansho+ten_shisu_juni,class_code,kijun_ninkijun_tansho,ten_shisu_juni,417,77554,70.54,15.07,69.1,False
SURFACE_2_芝,class_code+ls_shisu_juni+da_tekisei_code,class_code,ls_shisu_juni,da_tekisei_code,87,39775,71.25,10.2,69.1,False
SURFACE_2_芝,uma_start_shisu_decile+pace_shisu_juni+kyuyo_riyu_bunrui_code,uma_start_shisu_decile,pace_shisu_juni,kyuyo_riyu_bunrui_code,121,31724,71.02,10.78,69.1,False
SURFACE_2_芝,omo_tekisei_code+manken_shisu_decile+kijun_ninkijun_tansho,omo_tekisei_code,manken_shisu_decile,kijun_ninkijun_tansho,300,136763,70.74,14.55,69.09,False
SURFACE_2_芝,kyori_kubun+bataiju_zogen+da_tekisei_code,kyori_kubun,bataiju_zogen,da_tekisei_code,89,42939,71.02,9.36,69.07,False
SURFACE_2_芝,uma_deokure_bin+class_code+kyuyo_riyu_bunrui_code,uma_deokure_bin,class_code,kyuyo_riyu_bunrui_code,55,32959,71.84,10.51,69.06,False
SURFACE_2_芝,uma_start_shisu_decile+shiba_tekisei_code+kyuyo_riyu_bunrui_code,uma_start_shisu_decile,shiba_tekisei_code,kyuyo_riyu_bunrui_code,36,34394,70.98,5.88,69.06,False
SURFACE_2_芝,omo_tekisei_code+ls_shisu_juni+kyuyo_riyu_bunrui_code,omo_tekisei_code,ls_shisu_juni,kyuyo_riyu_bunrui_code,41,35640,72.0,9.6,69.06,False
SURFACE_2_芝,kyori_tekisei_2+ten_shisu_juni+da_tekisei_code,kyori_tekisei_2,ten_shisu_juni,da_tekisei_code,36,6112,72.49,10.51,69.05,False
SURFACE_2_芝,omo_tekisei_code+class_code+da_tekisei_code,omo_tekisei_code,class_code,da_tekisei_code,53,43992,72.0,10.94,69.05,False
SURFACE_2_芝,class_code+kijun_ninkijun_tansho+ichi_shisu_juni,class_code,kijun_ninkijun_tansho,ichi_shisu_juni,394,77237,70.48,14.51,69.05,False
SURFACE_2_芝,joken_class_code+kyuyo_riyu_bunrui_code+ichi_shisu_juni,joken_class_code,kyuyo_riyu_bunrui_code,ichi_shisu_juni,77,32499,71.08,9.09,69.05,False
SURFACE_2_芝,kyori_tekisei+kyori_tekisei_2+kijun_ninkijun_tansho,kyori_tekisei,kyori_tekisei_2,kijun_ninkijun_tansho,45,29143,73.91,16.65,69.05,False
SURFACE_2_芝,kyori_tekisei+ten_shisu_juni+da_tekisei_code,kyori_tekisei,ten_shisu_juni,da_tekisei_code,106,42784,70.8,9.16,69.05,False
SURFACE_2_芝,uma_start_shisu_decile+ten_shisu_juni+da_tekisei_code,uma_start_shisu_decile,ten_shisu_juni,da_tekisei_code,140,39020,70.87,11.06,69.04,False
SURFACE_2_芝,bataiju_zogen+kijun_ninkijun_tansho+kyakushitsu,bataiju_zogen,kijun_ninkijun_tansho,kyakushitsu,432,120732,70.35,14.01,69.03,False
SURFACE_2_芝,omo_tekisei_code+kyuyo_riyu_bunrui_code+ichi_shisu_juni,omo_tekisei_code,kyuyo_riyu_bunrui_code,ichi_shisu_juni,54,33419,71.37,8.75,69.03,False
SURFACE_2_芝,hizume_code+ten_shisu_juni+da_tekisei_code,hizume_code,ten_shisu_juni,da_tekisei_code,133,35134,70.88,10.87,69.03,False
SURFACE_2_芝,keibajo_code+ten_shisu_juni+da_tekisei_code,keibajo_code,ten_shisu_juni,da_tekisei_code,176,37420,70.91,12.68,69.03,False
SURFACE_2_芝,keibajo_code+kyori_tekisei+kyuyo_riyu_bunrui_code,keibajo_code,kyori_tekisei,kyuyo_riyu_bunrui_code,47,33056,71.55,8.84,69.02,False
SURFACE_2_芝,bataiju+class_code+da_tekisei_code,bataiju,class_code,da_tekisei_code,118,19356,71.46,13.53,69.02,False
SURFACE_2_芝,keibajo_code+uma_start_shisu_decile+da_tekisei_code,keibajo_code,uma_start_shisu_decile,da_tekisei_code,126,43758,70.71,9.68,69.02,False
SURFACE_2_芝,hizume_code+ten_shisu_juni+kyuyo_riyu_bunrui_code,hizume_code,ten_shisu_juni,kyuyo_riyu_bunrui_code,95,26825,71.18,10.72,69.02,False
SURFACE_2_芝,bataiju_zogen+kyori_tekisei_2+da_tekisei_code,bataiju_zogen,kyori_tekisei_2,da_tekisei_code,27,6128,73.54,12.0,69.02,False
SURFACE_2_芝,hizume_code+bataiju_zogen+da_tekisei_code,hizume_code,bataiju_zogen,da_tekisei_code,118,36016,70.86,10.28,69.0,False
SURFACE_2_芝,kyori_kubun+kyuyo_riyu_bunrui_code+ichi_shisu_juni,kyori_kubun,kyuyo_riyu_bunrui_code,ichi_shisu_juni,64,32805,71.09,8.53,69.0,False
SURFACE_2_芝,uma_deokure_bin+uma_start_shisu_decile+da_tekisei_code,uma_deokure_bin,uma_start_shisu_decile,da_tekisei_code,68,45349,71.13,9.01,68.99,False
SURFACE_2_芝,manken_shisu_decile+shiba_tekisei_code+da_tekisei_code,manken_shisu_decile,shiba_tekisei_code,da_tekisei_code,50,41771,71.19,7.94,68.99,False
SURFACE_2_芝,manken_shisu_decile+pace_shisu_juni+da_tekisei_code,manken_shisu_decile,pace_shisu_juni,da_tekisei_code,174,36458,70.79,12.13,68.99,False
SURFACE_2_芝,kyori_kubun+kyori_tekisei+kyakushitsu,kyori_kubun,kyori_tekisei,kyakushitsu,71,168130,71.21,9.58,68.98,False
SURFACE_2_芝,kyori_tekisei+kyakushitsu+ichi_shisu_juni,kyori_tekisei,kyakushitsu,ichi_shisu_juni,206,163667,70.27,9.55,68.96,False
SURFACE_2_芝,pace_yoso+kyori_tekisei_2+kyuyo_riyu_bunrui_code,pace_yoso,kyori_tekisei_2,kyuyo_riyu_bunrui_code,10,7711,73.67,7.62,68.95,False
SURFACE_2_芝,keibajo_code+class_code+kyuyo_riyu_bunrui_code,keibajo_code,class_code,kyuyo_riyu_bunrui_code,76,29188,71.18,9.89,68.95,False
SURFACE_2_芝,uma_start_shisu_decile+bataiju_zogen+da_tekisei_code,uma_start_shisu_decile,bataiju_zogen,da_tekisei_code,118,38821,70.82,10.35,68.95,False
SURFACE_2_芝,pace_yoso+bataiju_zogen+kijun_ninkijun_tansho,pace_yoso,bataiju_zogen,kijun_ninkijun_tansho,358,128610,70.42,14.28,68.94,False
SURFACE_2_芝,kyori_kubun+ten_shisu_juni+da_tekisei_code,kyori_kubun,ten_shisu_juni,da_tekisei_code,111,44629,70.9,10.52,68.94,False
SURFACE_2_芝,omo_tekisei_code+kijun_ninkijun_tansho+pace_shisu_juni,omo_tekisei_code,kijun_ninkijun_tansho,pace_shisu_juni,402,128588,70.41,14.98,68.94,False
SURFACE_2_芝,omo_tekisei_code+pace_shisu_juni+kyuyo_riyu_bunrui_code,omo_tekisei_code,pace_shisu_juni,kyuyo_riyu_bunrui_code,50,32801,71.1,7.82,68.93,False
SURFACE_2_芝,shiba_tekisei_code+kyakushitsu+da_tekisei_code,shiba_tekisei_code,kyakushitsu,da_tekisei_code,24,42760,71.66,6.83,68.93,False
SURFACE_2_芝,joken_class_code+omo_tekisei_code+shiba_tekisei_code,joken_class_code,omo_tekisei_code,shiba_tekisei_code,36,143412,71.44,7.74,68.91,False
SURFACE_2_芝,kyori_kubun+shiba_tekisei_code+da_tekisei_code,kyori_kubun,shiba_tekisei_code,da_tekisei_code,23,42678,71.34,5.96,68.9,False
SURFACE_2_芝,manken_shirushi+shiba_tekisei_code+da_tekisei_code,manken_shirushi,shiba_tekisei_code,da_tekisei_code,39,24326,71.53,8.39,68.89,False
SURFACE_2_芝,manken_shisu_decile+kyori_tekisei_2+da_tekisei_code,manken_shisu_decile,kyori_tekisei_2,da_tekisei_code,27,7361,72.9,10.61,68.89,False
SURFACE_2_芝,hizume_code+rotation_bin+da_tekisei_code,hizume_code,rotation_bin,da_tekisei_code,95,41142,70.67,8.81,68.89,False
SURFACE_2_芝,pace_yoso+kyori_kubun+kijun_ninkijun_tansho,pace_yoso,kyori_kubun,kijun_ninkijun_tansho,162,168901,71.66,18.08,68.88,False
SURFACE_2_芝,uma_start_shisu_decile+class_code+kyuyo_riyu_bunrui_code,uma_start_shisu_decile,class_code,kyuyo_riyu_bunrui_code,75,31001,71.17,10.15,68.88,False
SURFACE_2_芝,bataiju_zogen+shiba_tekisei_code+kijun_ninkijun_tansho,bataiju_zogen,shiba_tekisei_code,kijun_ninkijun_tansho,357,123252,70.29,13.59,68.88,False
SURFACE_2_芝,ls_shisu_juni+pace_shisu_juni+da_tekisei_code,ls_shisu_juni,pace_shisu_juni,da_tekisei_code,133,38885,70.99,12.46,68.88,False
SURFACE_2_芝,kyori_kubun+kijun_ninkijun_tansho+kyakushitsu,kyori_kubun,kijun_ninkijun_tansho,kyakushitsu,270,168108,70.94,17.41,68.87,False
SURFACE_2_芝,manken_shirushi+da_tekisei_code+kyuyo_riyu_bunrui_code,manken_shirushi,da_tekisei_code,kyuyo_riyu_bunrui_code,16,5273,72.64,7.7,68.87,False
SURFACE_2_芝,kyori_kubun+kyori_tekisei+ten_shisu_juni,kyori_kubun,kyori_tekisei,ten_shisu_juni,213,163725,70.25,10.34,68.86,False
SURFACE_2_芝,rotation_bin+manken_shisu_decile+kijun_ninkijun_tansho,rotation_bin,manken_shisu_decile,kijun_ninkijun_tansho,478,116313,70.18,14.88,68.85,False
SURFACE_2_芝,bataiju_zogen+manken_shisu_decile+kyuyo_riyu_bunrui_code,bataiju_zogen,manken_shisu_decile,kyuyo_riyu_bunrui_code,105,27275,70.81,10.24,68.85,False
SURFACE_2_芝,pace_shisu_juni+da_tekisei_code+ichi_shisu_juni,pace_shisu_juni,da_tekisei_code,ichi_shisu_juni,158,31595,70.79,12.48,68.85,False
SURFACE_2_芝,ls_shisu_juni+kyakushitsu+da_tekisei_code,ls_shisu_juni,kyakushitsu,da_tekisei_code,62,45427,71.47,10.51,68.85,False
SURFACE_2_芝,kyori_kubun+ls_shisu_juni+kyuyo_riyu_bunrui_code,kyori_kubun,ls_shisu_juni,kyuyo_riyu_bunrui_code,44,34728,71.64,9.46,68.84,False
SURFACE_2_芝,manken_shisu_decile+class_code+da_tekisei_code,manken_shisu_decile,class_code,da_tekisei_code,111,39298,71.04,11.82,68.84,False
SURFACE_2_芝,bataiju+manken_shisu_decile+da_tekisei_code,bataiju,manken_shisu_decile,da_tekisei_code,97,11507,71.37,12.77,68.82,False
SURFACE_2_芝,shiba_tekisei_code+ls_shisu_juni+da_tekisei_code,shiba_tekisei_code,ls_shisu_juni,da_tekisei_code,44,41966,71.49,9.03,68.82,False
SURFACE_2_芝,pace_yoso+da_tekisei_code+ichi_shisu_juni,pace_yoso,da_tekisei_code,ichi_shisu_juni,73,44940,70.96,9.37,68.81,False
SURFACE_2_芝,uma_start_shisu_decile+rotation_bin+da_tekisei_code,uma_start_shisu_decile,rotation_bin,da_tekisei_code,93,44148,70.79,9.71,68.81,False
SURFACE_2_芝,omo_tekisei_code+kijun_ninkijun_tansho+da_tekisei_code,omo_tekisei_code,kijun_ninkijun_tansho,da_tekisei_code,72,44621,72.24,14.91,68.8,False
SURFACE_2_芝,pace_yoso+manken_shisu_decile+da_tekisei_code,pace_yoso,manken_shisu_decile,da_tekisei_code,50,45246,70.79,7.18,68.8,False
SURFACE_2_芝,joken_class_code+kyori_tekisei_2+da_tekisei_code,joken_class_code,kyori_tekisei_2,da_tekisei_code,22,8400,73.15,10.42,68.8,False
SURFACE_2_芝,omo_tekisei_code+kijun_ninkijun_tansho+ten_shisu_juni,omo_tekisei_code,kijun_ninkijun_tansho,ten_shisu_juni,411,128484,70.3,15.57,68.79,False
SURFACE_2_芝,kyori_tekisei_2+kijun_ninkijun_tansho+kyakushitsu,kyori_tekisei_2,kijun_ninkijun_tansho,kyakushitsu,107,26230,71.42,13.95,68.78,False
SURFACE_2_芝,manken_shisu_decile+da_tekisei_code+ichi_shisu_juni,manken_shisu_decile,da_tekisei_code,ichi_shisu_juni,168,36127,70.61,12.09,68.78,False
SURFACE_2_芝,manken_shisu_decile+ls_shisu_juni+da_tekisei_code,manken_shisu_decile,ls_shisu_juni,da_tekisei_code,104,41426,70.96,11.32,68.78,False
SURFACE_2_芝,manken_shisu_decile+kijun_ninkijun_tansho+ls_shisu_juni,manken_shisu_decile,kijun_ninkijun_tansho,ls_shisu_juni,506,138518,70.08,15.06,68.77,False
SURFACE_2_芝,uma_deokure_bin+uma_start_shisu_decile+kyuyo_riyu_bunrui_code,uma_deokure_bin,uma_start_shisu_decile,kyuyo_riyu_bunrui_code,48,35311,70.95,7.69,68.77,False
SURFACE_2_芝,bataiju_zogen+kyakushitsu+da_tekisei_code,bataiju_zogen,kyakushitsu,da_tekisei_code,89,42851,70.86,10.06,68.77,False
SURFACE_2_芝,kyori_tekisei+hizume_code+kijun_ninkijun_tansho,kyori_tekisei,hizume_code,kijun_ninkijun_tansho,366,122430,70.22,14.24,68.77,False
SURFACE_2_芝,joken_class_code+bataiju_zogen+kijun_ninkijun_tansho,joken_class_code,bataiju_zogen,kijun_ninkijun_tansho,437,112983,70.03,13.59,68.76,False
SURFACE_2_芝,hizume_code+kyori_tekisei_2+da_tekisei_code,hizume_code,kyori_tekisei_2,da_tekisei_code,23,6835,73.94,12.67,68.76,False
SURFACE_2_芝,shiba_tekisei_code+kyuyo_riyu_bunrui_code+ichi_shisu_juni,shiba_tekisei_code,kyuyo_riyu_bunrui_code,ichi_shisu_juni,57,32874,70.88,8.17,68.76,False
SURFACE_2_芝,pace_yoso+uma_start_shisu_decile+da_tekisei_code,pace_yoso,uma_start_shisu_decile,da_tekisei_code,41,45682,70.7,6.39,68.75,False
SURFACE_2_芝,keibajo_code+kijun_ninkijun_tansho+kyakushitsu,keibajo_code,kijun_ninkijun_tansho,kyakushitsu,565,157918,70.0,15.1,68.75,False
SURFACE_2_芝,uma_deokure_bin+kyori_tekisei_2+da_tekisei_code,uma_deokure_bin,kyori_tekisei_2,da_tekisei_code,23,8291,73.02,10.44,68.75,False
SURFACE_2_芝,kyori_tekisei+rotation_bin+kijun_ninkijun_tansho,kyori_tekisei,rotation_bin,kijun_ninkijun_tansho,335,134501,70.39,15.39,68.74,False
SURFACE_2_芝,hizume_code+manken_shisu_decile+kijun_ninkijun_tansho,hizume_code,manken_shisu_decile,kijun_ninkijun_tansho,428,95538,70.1,14.35,68.74,False
SURFACE_2_芝,kijun_ninkijun_tansho+ls_shisu_juni+kyuyo_riyu_bunrui_code,kijun_ninkijun_tansho,ls_shisu_juni,kyuyo_riyu_bunrui_code,79,30453,71.89,14.26,68.74,False
SURFACE_2_芝,manken_shisu_decile+class_code+kyuyo_riyu_bunrui_code,manken_shisu_decile,class_code,kyuyo_riyu_bunrui_code,79,29702,71.19,11.14,68.73,False
SURFACE_2_芝,shiba_tekisei_code+kijun_ninkijun_tansho+pace_shisu_juni,shiba_tekisei_code,kijun_ninkijun_tansho,pace_shisu_juni,431,124233,70.34,17.2,68.72,False
SURFACE_2_芝,keibajo_code+uma_deokure_bin+kyuyo_riyu_bunrui_code,keibajo_code,uma_deokure_bin,kyuyo_riyu_bunrui_code,59,34493,71.05,9.18,68.71,False
SURFACE_2_芝,bataiju+ls_shisu_juni+ichi_shisu_juni,bataiju,ls_shisu_juni,ichi_shisu_juni,120,17175,71.01,12.87,68.71,False
SURFACE_2_芝,bataiju_zogen+omo_tekisei_code+da_tekisei_code,bataiju_zogen,omo_tekisei_code,da_tekisei_code,62,43250,70.63,7.71,68.71,False
SURFACE_2_芝,hizume_code+da_tekisei_code+ichi_shisu_juni,hizume_code,da_tekisei_code,ichi_shisu_juni,131,34997,70.72,11.79,68.7,False
SURFACE_2_芝,rotation_bin+pace_shisu_juni+da_tekisei_code,rotation_bin,pace_shisu_juni,da_tekisei_code,150,40906,70.42,10.79,68.69,False
SURFACE_2_芝,pace_yoso+manken_shisu_decile+kijun_ninkijun_tansho,pace_yoso,manken_shisu_decile,kijun_ninkijun_tansho,351,161943,70.61,18.41,68.69,False
SURFACE_2_芝,keibajo_code+kyori_tekisei+kijun_ninkijun_tansho,keibajo_code,kyori_tekisei,kijun_ninkijun_tansho,504,158423,70.04,15.49,68.69,False
SURFACE_2_芝,kyori_tekisei+bataiju_zogen+kijun_ninkijun_tansho,kyori_tekisei,bataiju_zogen,kijun_ninkijun_tansho,424,115788,70.06,14.48,68.68,False
SURFACE_2_芝,rotation_bin+bataiju+ls_shisu_juni,rotation_bin,bataiju,ls_shisu_juni,314,47847,70.08,12.7,68.67,False
SURFACE_2_芝,uma_deokure_bin+kyakushitsu+da_tekisei_code,uma_deokure_bin,kyakushitsu,da_tekisei_code,40,46170,70.99,7.47,68.67,False
SURFACE_2_芝,uma_deokure_bin+hizume_code+kyuyo_riyu_bunrui_code,uma_deokure_bin,hizume_code,kyuyo_riyu_bunrui_code,57,33361,70.73,7.99,68.66,False
SURFACE_2_芝,kyori_tekisei+kyori_tekisei_2+da_tekisei_code,kyori_tekisei,kyori_tekisei_2,da_tekisei_code,7,8575,72.56,5.26,68.66,False
SURFACE_2_芝,kyori_tekisei+omo_tekisei_code+da_tekisei_code,kyori_tekisei,omo_tekisei_code,da_tekisei_code,25,44777,71.38,6.95,68.66,False
SURFACE_2_芝,uma_deokure_bin+ls_shisu_juni+kyuyo_riyu_bunrui_code,uma_deokure_bin,ls_shisu_juni,kyuyo_riyu_bunrui_code,51,34796,71.32,9.75,68.65,False
SURFACE_2_芝,omo_tekisei_code+ten_shisu_juni+kyuyo_riyu_bunrui_code,omo_tekisei_code,ten_shisu_juni,kyuyo_riyu_bunrui_code,52,33132,70.97,8.53,68.65,False
SURFACE_2_芝,class_code+kyori_tekisei_2+kijun_ninkijun_tansho,class_code,kyori_tekisei_2,kijun_ninkijun_tansho,90,15969,71.41,13.39,68.65,False
SURFACE_2_芝,kijun_ninkijun_tansho+ls_shisu_juni+ichi_shisu_juni,kijun_ninkijun_tansho,ls_shisu_juni,ichi_shisu_juni,497,116677,69.99,15.22,68.65,False
SURFACE_2_芝,rotation_bin+kyuyo_riyu_bunrui_code+ichi_shisu_juni,rotation_bin,kyuyo_riyu_bunrui_code,ichi_shisu_juni,55,34128,71.29,10.0,68.65,False
SURFACE_2_芝,omo_tekisei_code+manken_shisu_decile+kyuyo_riyu_bunrui_code,omo_tekisei_code,manken_shisu_decile,kyuyo_riyu_bunrui_code,41,34415,71.28,8.57,68.65,False
SURFACE_2_芝,kijun_ninkijun_tansho+kyakushitsu+da_tekisei_code,kijun_ninkijun_tansho,kyakushitsu,da_tekisei_code,108,44480,71.51,15.22,68.64,False
SURFACE_2_芝,keibajo_code+da_tekisei_code+ichi_shisu_juni,keibajo_code,da_tekisei_code,ichi_shisu_juni,179,37769,70.28,11.16,68.64,False
SURFACE_2_芝,rotation_bin+ten_shisu_juni+kyuyo_riyu_bunrui_code,rotation_bin,ten_shisu_juni,kyuyo_riyu_bunrui_code,51,33507,71.6,10.76,68.64,False
SURFACE_2_芝,class_code+ten_shisu_juni+da_tekisei_code,class_code,ten_shisu_juni,da_tekisei_code,125,35043,70.65,11.5,68.63,False
SURFACE_2_芝,rotation_bin+kijun_ninkijun_tansho+pace_shisu_juni,rotation_bin,kijun_ninkijun_tansho,pace_shisu_juni,529,95909,69.86,14.49,68.63,False
SURFACE_2_芝,pace_yoso+kijun_ninkijun_tansho+ten_shisu_juni,pace_yoso,kijun_ninkijun_tansho,ten_shisu_juni,480,155876,69.94,14.73,68.63,False
SURFACE_2_芝,kyori_tekisei+uma_start_shisu_decile+kijun_ninkijun_tansho,kyori_tekisei,uma_start_shisu_decile,kijun_ninkijun_tansho,377,135611,70.21,15.76,68.62,False
SURFACE_2_芝,kyori_kubun+uma_deokure_bin+da_tekisei_code,kyori_kubun,uma_deokure_bin,da_tekisei_code,40,46170,71.11,8.03,68.62,False
SURFACE_2_芝,kijun_ninkijun_tansho+ls_shisu_juni+ten_shisu_juni,kijun_ninkijun_tansho,ls_shisu_juni,ten_shisu_juni,534,116588,69.9,15.17,68.61,False
SURFACE_2_芝,kyori_kubun+uma_start_shisu_decile+da_tekisei_code,kyori_kubun,uma_start_shisu_decile,da_tekisei_code,60,45716,70.39,7.05,68.6,False
SURFACE_2_芝,keibajo_code+omo_tekisei_code+da_tekisei_code,keibajo_code,omo_tekisei_code,da_tekisei_code,51,45588,70.4,6.58,68.59,False
SURFACE_2_芝,uma_start_shisu_decile+ls_shisu_juni+da_tekisei_code,uma_start_shisu_decile,ls_shisu_juni,da_tekisei_code,92,43221,70.53,9.47,68.59,False
SURFACE_2_芝,uma_start_shisu_decile+rotation_bin+kijun_ninkijun_tansho,uma_start_shisu_decile,rotation_bin,kijun_ninkijun_tansho,467,125033,69.97,15.3,68.58,False
SURFACE_2_芝,bataiju_zogen+shiba_tekisei_code+da_tekisei_code,bataiju_zogen,shiba_tekisei_code,da_tekisei_code,67,40268,70.96,9.92,68.58,False
SURFACE_2_芝,rotation_bin+da_tekisei_code+ichi_shisu_juni,rotation_bin,da_tekisei_code,ichi_shisu_juni,146,40479,70.48,11.72,68.57,False
SURFACE_2_芝,kyori_tekisei+kijun_ninkijun_tansho+da_tekisei_code,kyori_tekisei,kijun_ninkijun_tansho,da_tekisei_code,102,42857,71.26,14.1,68.53,False
SURFACE_2_芝,hizume_code+omo_tekisei_code+da_tekisei_code,hizume_code,omo_tekisei_code,da_tekisei_code,52,44778,70.83,8.49,68.53,False
SURFACE_2_芝,kyori_kubun+manken_shisu_decile+kyuyo_riyu_bunrui_code,kyori_kubun,manken_shisu_decile,kyuyo_riyu_bunrui_code,46,33630,70.99,8.54,68.52,False
SURFACE_2_芝,kyori_tekisei+kyakushitsu+da_tekisei_code,kyori_tekisei,kyakushitsu,da_tekisei_code,34,44779,71.15,7.81,68.52,False
SURFACE_2_芝,kyori_tekisei+hizume_code+da_tekisei_code,kyori_tekisei,hizume_code,da_tekisei_code,65,41783,71.1,10.59,68.52,False
SURFACE_2_芝,keibajo_code+kijun_ninkijun_tansho+da_tekisei_code,keibajo_code,kijun_ninkijun_tansho,da_tekisei_code,169,37300,70.9,15.84,68.51,False
SURFACE_2_芝,uma_deokure_bin+kijun_ninkijun_tansho+kyuyo_riyu_bunrui_code,uma_deokure_bin,kijun_ninkijun_tansho,kyuyo_riyu_bunrui_code,73,32737,71.65,13.71,68.51,False
SURFACE_2_芝,pace_yoso+kyori_tekisei_2+kijun_ninkijun_tansho,pace_yoso,kyori_tekisei_2,kijun_ninkijun_tansho,71,28462,72.03,15.21,68.5,False
SURFACE_2_芝,keibajo_code+hizume_code+da_tekisei_code,keibajo_code,hizume_code,da_tekisei_code,119,40112,70.39,10.57,68.49,False
SURFACE_2_芝,keibajo_code+manken_shisu_decile+kijun_ninkijun_tansho,keibajo_code,manken_shisu_decile,kijun_ninkijun_tansho,679,125720,69.6,14.74,68.49,False
SURFACE_2_芝,omo_tekisei_code+kijun_ninkijun_tansho+ichi_shisu_juni,omo_tekisei_code,kijun_ninkijun_tansho,ichi_shisu_juni,414,130032,70.0,15.78,68.48,False
SURFACE_2_芝,kyori_tekisei_2+pace_shisu_juni+da_tekisei_code,kyori_tekisei_2,pace_shisu_juni,da_tekisei_code,36,6225,71.94,10.61,68.47,False
SURFACE_2_芝,keibajo_code+class_code+da_tekisei_code,keibajo_code,class_code,da_tekisei_code,107,39043,70.59,11.2,68.47,False
SURFACE_2_芝,pace_yoso+class_code+kyuyo_riyu_bunrui_code,pace_yoso,class_code,kyuyo_riyu_bunrui_code,48,34985,70.99,8.9,68.47,False
SURFACE_2_芝,hizume_code+pace_shisu_juni+kyuyo_riyu_bunrui_code,hizume_code,pace_shisu_juni,kyuyo_riyu_bunrui_code,98,26756,70.67,11.15,68.46,False
SURFACE_2_芝,kyori_kubun+pace_shisu_juni+kyuyo_riyu_bunrui_code,kyori_kubun,pace_shisu_juni,kyuyo_riyu_bunrui_code,66,32820,70.63,9.11,68.43,False
SURFACE_2_芝,bataiju+class_code+ls_shisu_juni,bataiju,class_code,ls_shisu_juni,263,44445,69.96,12.69,68.43,False
SURFACE_2_芝,kyakushitsu+pace_shisu_juni+kyuyo_riyu_bunrui_code,kyakushitsu,pace_shisu_juni,kyuyo_riyu_bunrui_code,65,32868,70.45,8.39,68.41,False
SURFACE_2_芝,uma_deokure_bin+ten_shisu_juni+kyuyo_riyu_bunrui_code,uma_deokure_bin,ten_shisu_juni,kyuyo_riyu_bunrui_code,75,32390,70.6,9.7,68.41,False
SURFACE_2_芝,shiba_tekisei_code+ten_shisu_juni+kyuyo_riyu_bunrui_code,shiba_tekisei_code,ten_shisu_juni,kyuyo_riyu_bunrui_code,58,32866,70.7,8.88,68.41,False
SURFACE_2_芝,hizume_code+kyakushitsu+da_tekisei_code,hizume_code,kyakushitsu,da_tekisei_code,69,43491,70.65,9.47,68.41,False
SURFACE_2_芝,joken_class_code+bataiju_zogen+da_tekisei_code,joken_class_code,bataiju_zogen,da_tekisei_code,91,42012,70.77,11.47,68.41,False
SURFACE_2_芝,keibajo_code+omo_tekisei_code+kyuyo_riyu_bunrui_code,keibajo_code,omo_tekisei_code,kyuyo_riyu_bunrui_code,45,35177,71.08,9.19,68.4,False
SURFACE_2_芝,uma_deokure_bin+class_code+da_tekisei_code,uma_deokure_bin,class_code,da_tekisei_code,74,42322,70.81,10.58,68.4,False
SURFACE_2_芝,pace_yoso+kijun_ninkijun_tansho+pace_shisu_juni,pace_yoso,kijun_ninkijun_tansho,pace_shisu_juni,466,155607,69.72,14.51,68.4,False
SURFACE_2_芝,ten_shisu_juni+pace_shisu_juni+da_tekisei_code,ten_shisu_juni,pace_shisu_juni,da_tekisei_code,155,30978,70.31,12.21,68.39,False
SURFACE_2_芝,kyori_tekisei+bataiju_zogen+kyuyo_riyu_bunrui_code,kyori_tekisei,bataiju_zogen,kyuyo_riyu_bunrui_code,65,30463,70.39,8.24,68.39,False
SURFACE_2_芝,manken_shisu_decile+ten_shisu_juni+kyuyo_riyu_bunrui_code,manken_shisu_decile,ten_shisu_juni,kyuyo_riyu_bunrui_code,128,29433,70.37,11.48,68.39,False
SURFACE_2_芝,kyori_tekisei+hizume_code+kyuyo_riyu_bunrui_code,kyori_tekisei,hizume_code,kyuyo_riyu_bunrui_code,47,31783,71.13,9.59,68.39,False
SURFACE_2_芝,rotation_bin+kyakushitsu+da_tekisei_code,rotation_bin,kyakushitsu,da_tekisei_code,57,45700,70.88,9.66,68.37,False
SURFACE_2_芝,joken_class_code+shiba_tekisei_code+da_tekisei_code,joken_class_code,shiba_tekisei_code,da_tekisei_code,25,42648,72.32,10.07,68.37,False
SURFACE_2_芝,kyori_kubun+ten_shisu_juni+kyuyo_riyu_bunrui_code,kyori_kubun,ten_shisu_juni,kyuyo_riyu_bunrui_code,66,32877,70.5,8.86,68.36,False
SURFACE_2_芝,joken_class_code+kijun_ninkijun_tansho+ichi_shisu_juni,joken_class_code,kijun_ninkijun_tansho,ichi_shisu_juni,477,128201,69.7,15.13,68.35,False
SURFACE_2_芝,hizume_code+bataiju+kyori_tekisei_2,hizume_code,bataiju,kyori_tekisei_2,16,1857,73.47,10.46,68.35,False
SURFACE_2_芝,pace_yoso+kyakushitsu+da_tekisei_code,pace_yoso,kyakushitsu,da_tekisei_code,23,46124,70.62,5.56,68.35,False
SURFACE_2_芝,ls_shisu_juni+da_tekisei_code+ichi_shisu_juni,ls_shisu_juni,da_tekisei_code,ichi_shisu_juni,131,38780,70.49,12.67,68.32,False
SURFACE_2_芝,joken_class_code+manken_shisu_decile+kyuyo_riyu_bunrui_code,joken_class_code,manken_shisu_decile,kyuyo_riyu_bunrui_code,48,32852,70.91,9.15,68.32,False
SURFACE_2_芝,manken_shisu_decile+ls_shisu_juni+kyuyo_riyu_bunrui_code,manken_shisu_decile,ls_shisu_juni,kyuyo_riyu_bunrui_code,69,31739,70.85,10.7,68.32,False
SURFACE_2_芝,kyori_tekisei+bataiju_zogen+da_tekisei_code,kyori_tekisei,bataiju_zogen,da_tekisei_code,83,40969,70.66,10.98,68.3,False
SURFACE_2_芝,kyori_kubun+kyori_tekisei+kijun_ninkijun_tansho,kyori_kubun,kyori_tekisei,kijun_ninkijun_tansho,201,164151,70.62,16.8,68.3,False
SURFACE_2_芝,kyori_kubun+pace_shisu_juni+da_tekisei_code,kyori_kubun,pace_shisu_juni,da_tekisei_code,115,44965,70.07,9.69,68.3,False
SURFACE_2_芝,kyori_kubun+kijun_ninkijun_tansho+ten_shisu_juni,kyori_kubun,kijun_ninkijun_tansho,ten_shisu_juni,603,146813,69.48,14.77,68.3,False
SURFACE_2_芝,pace_yoso+pace_shisu_juni+kyuyo_riyu_bunrui_code,pace_yoso,pace_shisu_juni,kyuyo_riyu_bunrui_code,54,33520,70.68,8.97,68.29,False
SURFACE_2_芝,uma_start_shisu_decile+kyori_tekisei_2+kyuyo_riyu_bunrui_code,uma_start_shisu_decile,kyori_tekisei_2,kyuyo_riyu_bunrui_code,20,7070,73.19,11.18,68.29,False
SURFACE_2_芝,kyori_kubun+da_tekisei_code+ichi_shisu_juni,kyori_kubun,da_tekisei_code,ichi_shisu_juni,111,44671,70.2,10.33,68.28,False
SURFACE_2_芝,pace_yoso+ten_shisu_juni+da_tekisei_code,pace_yoso,ten_shisu_juni,da_tekisei_code,72,44866,70.53,9.73,68.28,False
SURFACE_2_芝,uma_start_shisu_decile+shiba_tekisei_code+da_tekisei_code,uma_start_shisu_decile,shiba_tekisei_code,da_tekisei_code,44,42354,70.59,7.84,68.27,False
SURFACE_2_芝,kyori_tekisei+manken_shisu_decile+da_tekisei_code,kyori_tekisei,manken_shisu_decile,da_tekisei_code,69,43285,70.35,8.81,68.27,False
SURFACE_2_芝,omo_tekisei_code+class_code+kyuyo_riyu_bunrui_code,omo_tekisei_code,class_code,kyuyo_riyu_bunrui_code,48,34476,71.32,10.78,68.27,False
SURFACE_2_芝,pace_yoso+omo_tekisei_code+da_tekisei_code,pace_yoso,omo_tekisei_code,da_tekisei_code,17,46181,70.5,4.72,68.26,False
SURFACE_2_芝,shiba_tekisei_code+kijun_ninkijun_tansho+ten_shisu_juni,shiba_tekisei_code,kijun_ninkijun_tansho,ten_shisu_juni,448,124540,69.61,14.53,68.26,False
SURFACE_2_芝,bataiju+ls_shisu_juni+da_tekisei_code,bataiju,ls_shisu_juni,da_tekisei_code,117,21181,70.74,13.69,68.26,False
SURFACE_2_芝,joken_class_code+kijun_ninkijun_tansho+pace_shisu_juni,joken_class_code,kijun_ninkijun_tansho,pace_shisu_juni,494,130208,69.54,14.58,68.25,False
SURFACE_2_芝,keibajo_code+kyori_tekisei_2+da_tekisei_code,keibajo_code,kyori_tekisei_2,da_tekisei_code,32,7296,72.58,12.5,68.25,False
SURFACE_2_芝,joken_class_code+ten_shisu_juni+da_tekisei_code,joken_class_code,ten_shisu_juni,da_tekisei_code,108,42752,70.29,10.83,68.25,False
SURFACE_2_芝,manken_shisu_decile+shiba_tekisei_code+kyuyo_riyu_bunrui_code,manken_shisu_decile,shiba_tekisei_code,kyuyo_riyu_bunrui_code,38,33462,70.98,8.61,68.24,False
SURFACE_2_芝,keibajo_code+manken_shisu_decile+kyuyo_riyu_bunrui_code,keibajo_code,manken_shisu_decile,kyuyo_riyu_bunrui_code,87,31922,70.56,11.12,68.23,False
SURFACE_2_芝,kyori_tekisei+pace_shisu_juni+da_tekisei_code,kyori_tekisei,pace_shisu_juni,da_tekisei_code,107,42952,70.02,9.54,68.21,False
SURFACE_2_芝,hizume_code+bataiju+ls_shisu_juni,hizume_code,bataiju,ls_shisu_juni,236,36299,69.7,12.1,68.16,False
SURFACE_2_芝,joken_class_code+pace_shisu_juni+kyuyo_riyu_bunrui_code,joken_class_code,pace_shisu_juni,kyuyo_riyu_bunrui_code,83,32829,70.24,9.77,68.14,False
SURFACE_2_芝,hizume_code+manken_shisu_decile+da_tekisei_code,hizume_code,manken_shisu_decile,da_tekisei_code,118,39380,70.06,10.66,68.14,False
SURFACE_2_芝,pace_yoso+joken_class_code+kyuyo_riyu_bunrui_code,pace_yoso,joken_class_code,kyuyo_riyu_bunrui_code,29,36901,70.38,6.21,68.12,False
SURFACE_2_芝,manken_shirushi+kijun_ninkijun_tansho+kyuyo_riyu_bunrui_code,manken_shirushi,kijun_ninkijun_tansho,kyuyo_riyu_bunrui_code,79,19084,70.61,11.35,68.11,False
SURFACE_2_芝,joken_class_code+uma_start_shisu_decile+da_tekisei_code,joken_class_code,uma_start_shisu_decile,da_tekisei_code,64,45046,70.44,9.49,68.11,False
SURFACE_2_芝,joken_class_code+kijun_ninkijun_tansho+da_tekisei_code,joken_class_code,kijun_ninkijun_tansho,da_tekisei_code,102,42449,70.76,13.67,68.11,False
SURFACE_2_芝,keibajo_code+pace_shisu_juni+kyuyo_riyu_bunrui_code,keibajo_code,pace_shisu_juni,kyuyo_riyu_bunrui_code,133,30338,70.06,11.46,68.11,False
SURFACE_2_芝,shiba_tekisei_code+kijun_ninkijun_tansho+ichi_shisu_juni,shiba_tekisei_code,kijun_ninkijun_tansho,ichi_shisu_juni,428,123422,69.52,14.95,68.1,False
SURFACE_2_芝,uma_deokure_bin+kijun_ninkijun_tansho+pace_shisu_juni,uma_deokure_bin,kijun_ninkijun_tansho,pace_shisu_juni,424,109164,69.5,14.88,68.09,False
SURFACE_2_芝,kyori_kubun+kijun_ninkijun_tansho+pace_shisu_juni,kyori_kubun,kijun_ninkijun_tansho,pace_shisu_juni,581,146716,69.26,14.51,68.08,False
SURFACE_2_芝,kyakushitsu+ten_shisu_juni+da_tekisei_code,kyakushitsu,ten_shisu_juni,da_tekisei_code,101,44372,70.16,10.62,68.08,False
SURFACE_2_芝,omo_tekisei_code+kyakushitsu+da_tekisei_code,omo_tekisei_code,kyakushitsu,da_tekisei_code,23,45970,71.16,7.53,68.08,False
SURFACE_2_芝,omo_tekisei_code+kijun_ninkijun_tansho+kyuyo_riyu_bunrui_code,omo_tekisei_code,kijun_ninkijun_tansho,kyuyo_riyu_bunrui_code,55,33861,72.53,16.86,68.07,False
SURFACE_2_芝,kijun_ninkijun_tansho+ls_shisu_juni+da_tekisei_code,kijun_ninkijun_tansho,ls_shisu_juni,da_tekisei_code,122,39880,70.98,16.44,68.06,False
SURFACE_2_芝,kijun_ninkijun_tansho+ls_shisu_juni+pace_shisu_juni,kijun_ninkijun_tansho,ls_shisu_juni,pace_shisu_juni,532,118803,69.31,14.67,68.06,False
SURFACE_2_芝,kyori_tekisei+da_tekisei_code+ichi_shisu_juni,kyori_tekisei,da_tekisei_code,ichi_shisu_juni,106,42837,70.0,10.24,68.05,False
SURFACE_2_芝,kyori_kubun+omo_tekisei_code+kyuyo_riyu_bunrui_code,kyori_kubun,omo_tekisei_code,kyuyo_riyu_bunrui_code,28,36784,70.57,6.83,68.04,False
SURFACE_2_芝,bataiju_zogen+kijun_ninkijun_tansho+da_tekisei_code,bataiju_zogen,kijun_ninkijun_tansho,da_tekisei_code,142,31288,70.33,13.98,68.03,False
SURFACE_2_芝,pace_yoso+kijun_ninkijun_tansho+ichi_shisu_juni,pace_yoso,kijun_ninkijun_tansho,ichi_shisu_juni,452,155067,69.46,15.46,68.03,False
SURFACE_2_芝,kyori_kubun+kijun_ninkijun_tansho+ichi_shisu_juni,kyori_kubun,kijun_ninkijun_tansho,ichi_shisu_juni,577,146339,69.22,14.69,68.02,False
SURFACE_2_芝,hizume_code+rotation_bin+kyuyo_riyu_bunrui_code,hizume_code,rotation_bin,kyuyo_riyu_bunrui_code,44,34925,70.85,9.58,68.02,False
SURFACE_2_芝,joken_class_code+kyori_tekisei+kyuyo_riyu_bunrui_code,joken_class_code,kyori_tekisei,kyuyo_riyu_bunrui_code,34,35080,71.24,9.66,67.99,False
SURFACE_2_芝,class_code+kijun_ninkijun_tansho+da_tekisei_code,class_code,kijun_ninkijun_tansho,da_tekisei_code,121,35853,70.73,15.38,67.99,False
SURFACE_2_芝,uma_deokure_bin+omo_tekisei_code+kyuyo_riyu_bunrui_code,uma_deokure_bin,omo_tekisei_code,kyuyo_riyu_bunrui_code,28,36626,70.16,5.89,67.98,False
SURFACE_2_芝,joken_class_code+kijun_ninkijun_tansho+ten_shisu_juni,joken_class_code,kijun_ninkijun_tansho,ten_shisu_juni,500,128939,69.32,15.41,67.97,False
SURFACE_2_芝,manken_shirushi+kyori_tekisei_2+da_tekisei_code,manken_shirushi,kyori_tekisei_2,da_tekisei_code,23,4725,70.99,7.38,67.97,False
SURFACE_2_芝,uma_deokure_bin+pace_shisu_juni+kyuyo_riyu_bunrui_code,uma_deokure_bin,pace_shisu_juni,kyuyo_riyu_bunrui_code,80,32656,70.09,9.72,67.96,False
SURFACE_2_芝,pace_yoso+kyori_tekisei+kyuyo_riyu_bunrui_code,pace_yoso,kyori_tekisei,kyuyo_riyu_bunrui_code,30,36389,70.77,7.84,67.96,False
SURFACE_2_芝,uma_start_shisu_decile+class_code+da_tekisei_code,uma_start_shisu_decile,class_code,da_tekisei_code,92,40214,70.33,11.6,67.96,False
SURFACE_2_芝,joken_class_code+manken_shisu_decile+da_tekisei_code,joken_class_code,manken_shisu_decile,da_tekisei_code,76,44320,70.42,11.0,67.95,False
SURFACE_2_芝,manken_shisu_decile+kijun_ninkijun_tansho+kyakushitsu,manken_shisu_decile,kijun_ninkijun_tansho,kyakushitsu,473,153276,69.31,15.14,67.94,False
SURFACE_2_芝,kyori_kubun+manken_shisu_decile+kijun_ninkijun_tansho,kyori_kubun,manken_shisu_decile,kijun_ninkijun_tansho,447,157609,69.3,14.7,67.94,False
SURFACE_2_芝,rotation_bin+class_code+da_tekisei_code,rotation_bin,class_code,da_tekisei_code,84,40327,70.34,11.32,67.92,False
SURFACE_2_芝,kyori_tekisei+manken_shisu_decile+kijun_ninkijun_tansho,kyori_tekisei,manken_shisu_decile,kijun_ninkijun_tansho,412,151970,69.31,14.51,67.91,False
SURFACE_2_芝,uma_start_shisu_decile+manken_shisu_decile+da_tekisei_code,uma_start_shisu_decile,manken_shisu_decile,da_tekisei_code,126,43323,69.79,10.97,67.87,False
SURFACE_2_芝,kijun_ninkijun_tansho+kyakushitsu+kyuyo_riyu_bunrui_code,kijun_ninkijun_tansho,kyakushitsu,kyuyo_riyu_bunrui_code,60,32733,71.43,14.07,67.87,False
SURFACE_2_芝,kyori_kubun+kijun_ninkijun_tansho+da_tekisei_code,kyori_kubun,kijun_ninkijun_tansho,da_tekisei_code,108,44719,70.73,15.23,67.86,False
SURFACE_2_芝,pace_yoso+pace_shisu_juni+da_tekisei_code,pace_yoso,pace_shisu_juni,da_tekisei_code,74,45037,69.82,8.68,67.85,False
SURFACE_2_芝,kyori_kubun+class_code+da_tekisei_code,kyori_kubun,class_code,da_tekisei_code,66,42784,70.78,12.13,67.85,False
SURFACE_2_芝,uma_start_shisu_decile+omo_tekisei_code+da_tekisei_code,uma_start_shisu_decile,omo_tekisei_code,da_tekisei_code,40,45402,70.32,7.99,67.84,False
SURFACE_2_芝,uma_start_shisu_decile+pace_shisu_juni+da_tekisei_code,uma_start_shisu_decile,pace_shisu_juni,da_tekisei_code,146,39345,69.55,10.55,67.84,False
SURFACE_2_芝,kyori_kubun+kyori_tekisei_2+da_tekisei_code,kyori_kubun,kyori_tekisei_2,da_tekisei_code,15,8586,71.92,8.05,67.84,False
SURFACE_2_芝,class_code+shiba_tekisei_code+kyuyo_riyu_bunrui_code,class_code,shiba_tekisei_code,kyuyo_riyu_bunrui_code,37,33793,70.78,9.2,67.82,False
SURFACE_2_芝,uma_deokure_bin+kijun_ninkijun_tansho+ten_shisu_juni,uma_deokure_bin,kijun_ninkijun_tansho,ten_shisu_juni,418,107469,69.26,15.07,67.82,False
SURFACE_2_芝,joken_class_code+manken_shisu_decile+kijun_ninkijun_tansho,joken_class_code,manken_shisu_decile,kijun_ninkijun_tansho,420,151796,69.2,14.52,67.81,False
SURFACE_2_芝,manken_shisu_decile+kyakushitsu+kyuyo_riyu_bunrui_code,manken_shisu_decile,kyakushitsu,kyuyo_riyu_bunrui_code,48,33716,70.18,8.39,67.81,False
SURFACE_2_芝,kyori_kubun+manken_shisu_decile+da_tekisei_code,kyori_kubun,manken_shisu_decile,da_tekisei_code,78,45519,69.83,9.15,67.8,False
SURFACE_2_芝,pace_yoso+bataiju_zogen+da_tekisei_code,pace_yoso,bataiju_zogen,da_tekisei_code,61,43535,69.94,8.51,67.8,False
SURFACE_2_芝,uma_deokure_bin+kyuyo_riyu_bunrui_code+ichi_shisu_juni,uma_deokure_bin,kyuyo_riyu_bunrui_code,ichi_shisu_juni,76,32790,69.91,9.44,67.79,False
SURFACE_2_芝,kyori_tekisei_2+kyakushitsu+da_tekisei_code,kyori_tekisei_2,kyakushitsu,da_tekisei_code,20,8493,71.69,8.91,67.79,False
SURFACE_2_芝,uma_start_shisu_decile+hizume_code+da_tekisei_code,uma_start_shisu_decile,hizume_code,da_tekisei_code,98,40577,69.87,10.54,67.78,False
SURFACE_2_芝,joken_class_code+ls_shisu_juni+kyuyo_riyu_bunrui_code,joken_class_code,ls_shisu_juni,kyuyo_riyu_bunrui_code,50,34400,70.48,9.74,67.78,False
SURFACE_2_芝,hizume_code+shiba_tekisei_code+kyuyo_riyu_bunrui_code,hizume_code,shiba_tekisei_code,kyuyo_riyu_bunrui_code,45,33221,70.09,7.99,67.76,False
SURFACE_2_芝,shiba_tekisei_code+kijun_ninkijun_tansho+da_tekisei_code,shiba_tekisei_code,kijun_ninkijun_tansho,da_tekisei_code,73,40893,71.31,15.52,67.75,False
SURFACE_2_芝,manken_shisu_decile+kyakushitsu+da_tekisei_code,manken_shisu_decile,kyakushitsu,da_tekisei_code,78,45495,69.96,9.97,67.75,False
SURFACE_2_芝,shiba_tekisei_code+pace_shisu_juni+kyuyo_riyu_bunrui_code,shiba_tekisei_code,pace_shisu_juni,kyuyo_riyu_bunrui_code,59,32866,70.29,9.97,67.75,False
SURFACE_2_芝,shiba_tekisei_code+pace_shisu_juni+da_tekisei_code,shiba_tekisei_code,pace_shisu_juni,da_tekisei_code,79,41147,69.86,9.6,67.74,False
SURFACE_2_芝,kyori_tekisei+uma_start_shisu_decile+da_tekisei_code,kyori_tekisei,uma_start_shisu_decile,da_tekisei_code,56,43808,70.08,9.06,67.71,False
SURFACE_2_芝,kijun_ninkijun_tansho+kyakushitsu+ichi_shisu_juni,kijun_ninkijun_tansho,kyakushitsu,ichi_shisu_juni,483,149063,69.08,15.35,67.71,False
SURFACE_2_芝,rotation_bin+class_code+kyuyo_riyu_bunrui_code,rotation_bin,class_code,kyuyo_riyu_bunrui_code,42,34555,70.4,9.02,67.67,False
SURFACE_2_芝,shiba_tekisei_code+kijun_ninkijun_tansho+kyuyo_riyu_bunrui_code,shiba_tekisei_code,kijun_ninkijun_tansho,kyuyo_riyu_bunrui_code,54,32961,72.64,18.63,67.67,False
SURFACE_2_芝,joken_class_code+kijun_ninkijun_tansho+kyuyo_riyu_bunrui_code,joken_class_code,kijun_ninkijun_tansho,kyuyo_riyu_bunrui_code,70,32353,70.88,13.82,67.64,False
SURFACE_2_芝,hizume_code+manken_shisu_decile+kyuyo_riyu_bunrui_code,hizume_code,manken_shisu_decile,kyuyo_riyu_bunrui_code,78,29792,69.72,9.38,67.64,False
SURFACE_2_芝,bataiju+manken_shisu_decile+ls_shisu_juni,bataiju,manken_shisu_decile,ls_shisu_juni,235,31291,69.07,11.29,67.63,False
SURFACE_2_芝,manken_shisu_decile+kyuyo_riyu_bunrui_code+ichi_shisu_juni,manken_shisu_decile,kyuyo_riyu_bunrui_code,ichi_shisu_juni,125,29431,69.76,12.2,67.62,False
SURFACE_2_芝,joken_class_code+class_code+kyuyo_riyu_bunrui_code,joken_class_code,class_code,kyuyo_riyu_bunrui_code,35,35170,71.17,10.72,67.61,False
SURFACE_2_芝,uma_start_shisu_decile+da_tekisei_code+ichi_shisu_juni,uma_start_shisu_decile,da_tekisei_code,ichi_shisu_juni,140,39790,69.69,12.54,67.61,False
SURFACE_2_芝,joken_class_code+pace_shisu_juni+da_tekisei_code,joken_class_code,pace_shisu_juni,da_tekisei_code,112,42993,69.55,10.53,67.6,False
SURFACE_2_芝,hizume_code+class_code+da_tekisei_code,hizume_code,class_code,da_tekisei_code,93,37533,69.88,11.23,67.6,False
SURFACE_2_芝,class_code+kyakushitsu+da_tekisei_code,class_code,kyakushitsu,da_tekisei_code,69,43099,70.17,10.9,67.59,False
SURFACE_2_芝,kyori_tekisei_2+kijun_ninkijun_tansho+kyuyo_riyu_bunrui_code,kyori_tekisei_2,kijun_ninkijun_tansho,kyuyo_riyu_bunrui_code,30,6359,71.3,10.45,67.56,False
SURFACE_2_芝,hizume_code+kijun_ninkijun_tansho+da_tekisei_code,hizume_code,kijun_ninkijun_tansho,da_tekisei_code,131,35541,70.4,17.0,67.48,False
SURFACE_2_芝,kyori_tekisei_2+ls_shisu_juni+da_tekisei_code,kyori_tekisei_2,ls_shisu_juni,da_tekisei_code,25,7482,71.8,11.02,67.48,False
SURFACE_2_芝,kyori_kubun+omo_tekisei_code+da_tekisei_code,kyori_kubun,omo_tekisei_code,da_tekisei_code,23,45988,70.03,6.23,67.48,False
SURFACE_2_芝,kyakushitsu+pace_shisu_juni+da_tekisei_code,kyakushitsu,pace_shisu_juni,da_tekisei_code,104,44333,69.67,11.6,67.44,False
SURFACE_2_芝,kyakushitsu+da_tekisei_code+ichi_shisu_juni,kyakushitsu,da_tekisei_code,ichi_shisu_juni,89,44420,69.59,10.38,67.43,False
SURFACE_2_芝,bataiju+da_tekisei_code+kyuyo_riyu_bunrui_code,bataiju,da_tekisei_code,kyuyo_riyu_bunrui_code,34,5715,70.62,9.49,67.43,False
SURFACE_2_芝,kyori_kubun+kyakushitsu+da_tekisei_code,kyori_kubun,kyakushitsu,da_tekisei_code,32,46196,69.86,7.02,67.43,False
SURFACE_2_芝,omo_tekisei_code+manken_shisu_decile+da_tekisei_code,omo_tekisei_code,manken_shisu_decile,da_tekisei_code,47,44787,69.98,8.91,67.43,False
SURFACE_2_芝,uma_deokure_bin+kyori_tekisei+kyuyo_riyu_bunrui_code,uma_deokure_bin,kyori_tekisei,kyuyo_riyu_bunrui_code,33,35135,69.94,7.39,67.42,False
SURFACE_2_芝,kyori_tekisei+kyuyo_riyu_bunrui_code+ichi_shisu_juni,kyori_tekisei,kyuyo_riyu_bunrui_code,ichi_shisu_juni,67,31931,69.51,8.72,67.42,False
SURFACE_2_芝,joken_class_code+kyakushitsu+kyuyo_riyu_bunrui_code,joken_class_code,kyakushitsu,kyuyo_riyu_bunrui_code,35,35905,70.03,7.88,67.42,False
SURFACE_2_芝,kyori_tekisei+uma_start_shisu_decile+kyuyo_riyu_bunrui_code,kyori_tekisei,uma_start_shisu_decile,kyuyo_riyu_bunrui_code,39,33388,69.91,7.96,67.41,False
SURFACE_2_芝,manken_shisu_decile+pace_shisu_juni+kyuyo_riyu_bunrui_code,manken_shisu_decile,pace_shisu_juni,kyuyo_riyu_bunrui_code,133,29762,69.6,12.91,67.4,False
SURFACE_2_芝,ls_shisu_juni+kyakushitsu+kyuyo_riyu_bunrui_code,ls_shisu_juni,kyakushitsu,kyuyo_riyu_bunrui_code,43,34618,70.55,10.54,67.4,False
SURFACE_2_芝,kyori_tekisei+kijun_ninkijun_tansho+ten_shisu_juni,kyori_tekisei,kijun_ninkijun_tansho,ten_shisu_juni,567,138013,68.5,13.55,67.39,False
SURFACE_2_芝,pace_yoso+rotation_bin+kyuyo_riyu_bunrui_code,pace_yoso,rotation_bin,kyuyo_riyu_bunrui_code,20,37546,71.02,8.35,67.37,False
SURFACE_2_芝,shiba_tekisei_code+ls_shisu_juni+kyuyo_riyu_bunrui_code,shiba_tekisei_code,ls_shisu_juni,kyuyo_riyu_bunrui_code,40,34608,70.64,10.58,67.36,False
SURFACE_2_芝,kijun_ninkijun_tansho+pace_shisu_juni+da_tekisei_code,kijun_ninkijun_tansho,pace_shisu_juni,da_tekisei_code,154,28522,69.45,13.3,67.35,False
SURFACE_2_芝,manken_shisu_decile+kijun_ninkijun_tansho+da_tekisei_code,manken_shisu_decile,kijun_ninkijun_tansho,da_tekisei_code,150,36218,69.79,15.29,67.34,False
SURFACE_2_芝,kyori_tekisei+kijun_ninkijun_tansho+pace_shisu_juni,kyori_tekisei,kijun_ninkijun_tansho,pace_shisu_juni,552,138312,68.46,13.55,67.33,False
SURFACE_2_芝,omo_tekisei_code+pace_shisu_juni+da_tekisei_code,omo_tekisei_code,pace_shisu_juni,da_tekisei_code,77,44804,69.44,9.48,67.32,False
SURFACE_2_芝,kijun_ninkijun_tansho+kyakushitsu+pace_shisu_juni,kijun_ninkijun_tansho,kyakushitsu,pace_shisu_juni,580,142702,68.55,15.0,67.32,False
SURFACE_2_芝,class_code+da_tekisei_code+ichi_shisu_juni,class_code,da_tekisei_code,ichi_shisu_juni,126,35265,69.45,12.18,67.32,False
SURFACE_2_芝,class_code+pace_shisu_juni+kyuyo_riyu_bunrui_code,class_code,pace_shisu_juni,kyuyo_riyu_bunrui_code,86,24851,69.87,12.11,67.31,False
SURFACE_2_芝,kyori_kubun+kijun_ninkijun_tansho+kyuyo_riyu_bunrui_code,kyori_kubun,kijun_ninkijun_tansho,kyuyo_riyu_bunrui_code,58,32699,70.55,12.65,67.3,False
SURFACE_2_芝,bataiju_zogen+class_code+da_tekisei_code,bataiju_zogen,class_code,da_tekisei_code,105,34976,69.76,12.96,67.28,False
SURFACE_2_芝,bataiju+kyori_tekisei_2+kyuyo_riyu_bunrui_code,bataiju,kyori_tekisei_2,kyuyo_riyu_bunrui_code,11,1267,71.28,6.8,67.26,False
SURFACE_2_芝,keibajo_code+kijun_ninkijun_tansho+kyuyo_riyu_bunrui_code,keibajo_code,kijun_ninkijun_tansho,kyuyo_riyu_bunrui_code,119,30724,69.71,13.62,67.26,False
SURFACE_2_芝,kijun_ninkijun_tansho+kyakushitsu+ten_shisu_juni,kijun_ninkijun_tansho,kyakushitsu,ten_shisu_juni,576,143214,68.45,14.7,67.25,False
SURFACE_2_芝,uma_start_shisu_decile+manken_shisu_decile+kyuyo_riyu_bunrui_code,uma_start_shisu_decile,manken_shisu_decile,kyuyo_riyu_bunrui_code,79,32610,69.48,10.15,67.24,False
SURFACE_2_芝,ten_shisu_juni+da_tekisei_code+ichi_shisu_juni,ten_shisu_juni,da_tekisei_code,ichi_shisu_juni,153,31452,69.21,12.53,67.23,False
SURFACE_2_芝,omo_tekisei_code+shiba_tekisei_code+da_tekisei_code,omo_tekisei_code,shiba_tekisei_code,da_tekisei_code,17,42665,70.78,7.48,67.22,False
SURFACE_2_芝,class_code+pace_shisu_juni+da_tekisei_code,class_code,pace_shisu_juni,da_tekisei_code,123,34629,69.34,12.06,67.21,False
SURFACE_2_芝,keibajo_code+bataiju+ls_shisu_juni,keibajo_code,bataiju,ls_shisu_juni,337,49059,68.73,14.38,67.2,False
SURFACE_2_芝,pace_yoso+class_code+da_tekisei_code,pace_yoso,class_code,da_tekisei_code,48,44090,70.09,10.25,67.19,False
SURFACE_2_芝,manken_shirushi+kijun_ninkijun_tansho+da_tekisei_code,manken_shirushi,kijun_ninkijun_tansho,da_tekisei_code,91,19516,69.67,12.14,67.17,False
SURFACE_2_芝,omo_tekisei_code+ten_shisu_juni+da_tekisei_code,omo_tekisei_code,ten_shisu_juni,da_tekisei_code,76,44748,69.35,9.73,67.16,False
SURFACE_2_芝,pace_yoso+kyakushitsu+kyuyo_riyu_bunrui_code,pace_yoso,kyakushitsu,kyuyo_riyu_bunrui_code,27,37026,70.94,10.11,67.13,False
SURFACE_2_芝,shiba_tekisei_code+ten_shisu_juni+da_tekisei_code,shiba_tekisei_code,ten_shisu_juni,da_tekisei_code,81,41359,69.49,10.85,67.13,False
SURFACE_2_芝,kyori_tekisei+ten_shisu_juni+kyuyo_riyu_bunrui_code,kyori_tekisei,ten_shisu_juni,kyuyo_riyu_bunrui_code,66,31699,69.45,9.63,67.12,False
SURFACE_2_芝,keibajo_code+bataiju_zogen+bataiju,keibajo_code,bataiju_zogen,bataiju,4,415,77.96,11.07,67.11,False
SURFACE_2_芝,kyori_kubun+kyori_tekisei+da_tekisei_code,kyori_kubun,kyori_tekisei,da_tekisei_code,31,44882,70.23,8.9,67.1,False
SURFACE_2_芝,keibajo_code+rotation_bin+kyuyo_riyu_bunrui_code,keibajo_code,rotation_bin,kyuyo_riyu_bunrui_code,46,35943,69.88,9.69,67.08,False
SURFACE_2_芝,kijun_ninkijun_tansho+da_tekisei_code+ichi_shisu_juni,kijun_ninkijun_tansho,da_tekisei_code,ichi_shisu_juni,162,29340,69.57,16.31,67.06,False
SURFACE_2_芝,pace_yoso+kyori_kubun+kyuyo_riyu_bunrui_code,pace_yoso,kyori_kubun,kyuyo_riyu_bunrui_code,27,37031,70.66,9.57,67.05,False
SURFACE_2_芝,kyori_tekisei+kijun_ninkijun_tansho+ichi_shisu_juni,kyori_tekisei,kijun_ninkijun_tansho,ichi_shisu_juni,541,137755,68.24,14.21,67.04,False
SURFACE_2_芝,manken_shirushi+bataiju+ls_shisu_juni,manken_shirushi,bataiju,ls_shisu_juni,94,10776,69.55,12.49,67.03,False
SURFACE_2_芝,pace_yoso+omo_tekisei_code+kyuyo_riyu_bunrui_code,pace_yoso,omo_tekisei_code,kyuyo_riyu_bunrui_code,20,37013,69.69,6.11,67.01,False
SURFACE_2_芝,omo_tekisei_code+da_tekisei_code+ichi_shisu_juni,omo_tekisei_code,da_tekisei_code,ichi_shisu_juni,77,44827,69.54,11.32,67.01,False
SURFACE_2_芝,bataiju+class_code+kijun_ninkijun_tansho,bataiju,class_code,kijun_ninkijun_tansho,63,6833,70.78,15.26,67.01,False
SURFACE_2_芝,bataiju+class_code+ichi_shisu_juni,bataiju,class_code,ichi_shisu_juni,6,622,74.08,8.84,67.0,False
SURFACE_2_芝,omo_tekisei_code+shiba_tekisei_code+kyuyo_riyu_bunrui_code,omo_tekisei_code,shiba_tekisei_code,kyuyo_riyu_bunrui_code,24,36151,70.23,8.08,66.99,False
SURFACE_2_芝,pace_yoso+manken_shisu_decile+kyuyo_riyu_bunrui_code,pace_yoso,manken_shisu_decile,kyuyo_riyu_bunrui_code,43,34864,69.9,9.79,66.98,False
SURFACE_2_芝,kyori_tekisei_2+da_tekisei_code+ichi_shisu_juni,kyori_tekisei_2,da_tekisei_code,ichi_shisu_juni,36,6199,71.3,13.25,66.98,False
SURFACE_2_芝,kyori_tekisei+shiba_tekisei_code+kyuyo_riyu_bunrui_code,kyori_tekisei,shiba_tekisei_code,kyuyo_riyu_bunrui_code,25,35127,70.02,7.81,66.96,False
SURFACE_2_芝,bataiju_zogen+bataiju+kyuyo_riyu_bunrui_code,bataiju_zogen,bataiju,kyuyo_riyu_bunrui_code,13,1360,73.14,11.41,66.94,False
SURFACE_2_芝,shiba_tekisei_code+da_tekisei_code+ichi_shisu_juni,shiba_tekisei_code,da_tekisei_code,ichi_shisu_juni,78,41111,69.18,10.25,66.9,False
SURFACE_2_芝,class_code+shiba_tekisei_code+da_tekisei_code,class_code,shiba_tekisei_code,da_tekisei_code,41,40519,69.81,9.5,66.9,False
SURFACE_2_芝,rotation_bin+pace_shisu_juni+kyuyo_riyu_bunrui_code,rotation_bin,pace_shisu_juni,kyuyo_riyu_bunrui_code,42,32510,70.14,10.75,66.89,False
SURFACE_2_芝,class_code+kijun_ninkijun_tansho+kyuyo_riyu_bunrui_code,class_code,kijun_ninkijun_tansho,kyuyo_riyu_bunrui_code,97,27820,70.0,15.73,66.87,False
SURFACE_2_芝,kyori_kubun+rotation_bin+kyuyo_riyu_bunrui_code,kyori_kubun,rotation_bin,kyuyo_riyu_bunrui_code,27,37265,69.92,8.29,66.8,False
SURFACE_2_芝,pace_yoso+uma_deokure_bin+kyuyo_riyu_bunrui_code,pace_yoso,uma_deokure_bin,kyuyo_riyu_bunrui_code,26,36882,69.57,7.25,66.78,False
SURFACE_2_芝,kyori_tekisei+omo_tekisei_code+kyuyo_riyu_bunrui_code,kyori_tekisei,omo_tekisei_code,kyuyo_riyu_bunrui_code,31,36118,70.21,9.77,66.77,False
SURFACE_2_芝,pace_yoso+ls_shisu_juni+kyuyo_riyu_bunrui_code,pace_yoso,ls_shisu_juni,kyuyo_riyu_bunrui_code,39,35888,70.16,10.81,66.76,False
SURFACE_2_芝,joken_class_code+omo_tekisei_code+kyuyo_riyu_bunrui_code,joken_class_code,omo_tekisei_code,kyuyo_riyu_bunrui_code,30,36616,69.83,8.67,66.73,False
SURFACE_2_芝,pace_yoso+kijun_ninkijun_tansho+kyuyo_riyu_bunrui_code,pace_yoso,kijun_ninkijun_tansho,kyuyo_riyu_bunrui_code,53,34161,70.74,15.09,66.68,False
SURFACE_2_芝,kijun_ninkijun_tansho+ten_shisu_juni+da_tekisei_code,kijun_ninkijun_tansho,ten_shisu_juni,da_tekisei_code,164,29363,69.16,16.29,66.67,False
SURFACE_2_芝,joken_class_code+shiba_tekisei_code+kyuyo_riyu_bunrui_code,joken_class_code,shiba_tekisei_code,kyuyo_riyu_bunrui_code,26,35888,69.97,8.72,66.61,False
SURFACE_2_芝,omo_tekisei_code+rotation_bin+kyuyo_riyu_bunrui_code,omo_tekisei_code,rotation_bin,kyuyo_riyu_bunrui_code,20,37173,69.78,7.26,66.6,False
SURFACE_2_芝,uma_start_shisu_decile+rotation_bin+kyuyo_riyu_bunrui_code,uma_start_shisu_decile,rotation_bin,kyuyo_riyu_bunrui_code,39,35961,70.2,11.52,66.59,False
SURFACE_2_芝,uma_deokure_bin+joken_class_code+kyuyo_riyu_bunrui_code,uma_deokure_bin,joken_class_code,kyuyo_riyu_bunrui_code,35,35864,69.32,8.33,66.56,False
SURFACE_2_芝,pace_yoso+shiba_tekisei_code+kyuyo_riyu_bunrui_code,pace_yoso,shiba_tekisei_code,kyuyo_riyu_bunrui_code,19,35978,69.78,7.2,66.54,False
SURFACE_2_芝,rotation_bin+kyakushitsu+kyuyo_riyu_bunrui_code,rotation_bin,kyakushitsu,kyuyo_riyu_bunrui_code,29,37459,71.0,12.26,66.54,False
SURFACE_2_芝,joken_class_code+da_tekisei_code+ichi_shisu_juni,joken_class_code,da_tekisei_code,ichi_shisu_juni,112,43163,68.66,11.69,66.49,False
SURFACE_2_芝,joken_class_code+rotation_bin+kyuyo_riyu_bunrui_code,joken_class_code,rotation_bin,kyuyo_riyu_bunrui_code,32,37173,69.28,8.07,66.48,False
SURFACE_2_芝,bataiju_zogen+kijun_ninkijun_tansho+kyuyo_riyu_bunrui_code,bataiju_zogen,kijun_ninkijun_tansho,kyuyo_riyu_bunrui_code,119,24240,68.98,14.12,66.44,False
SURFACE_2_芝,kyori_tekisei+kijun_ninkijun_tansho+kyuyo_riyu_bunrui_code,kyori_tekisei,kijun_ninkijun_tansho,kyuyo_riyu_bunrui_code,61,31770,69.72,13.35,66.37,False
SURFACE_2_芝,bataiju+class_code+kyori_tekisei_2,bataiju,class_code,kyori_tekisei_2,13,1472,72.68,11.63,66.36,False
SURFACE_2_芝,uma_start_shisu_decile+kijun_ninkijun_tansho+da_tekisei_code,uma_start_shisu_decile,kijun_ninkijun_tansho,da_tekisei_code,138,38793,69.08,16.4,66.35,False
SURFACE_2_芝,kyori_kubun+kyori_tekisei+kyuyo_riyu_bunrui_code,kyori_kubun,kyori_tekisei,kyuyo_riyu_bunrui_code,33,36024,69.57,9.52,66.32,False
SURFACE_2_芝,kyori_tekisei+manken_shisu_decile+kyuyo_riyu_bunrui_code,kyori_tekisei,manken_shisu_decile,kyuyo_riyu_bunrui_code,47,32754,68.91,9.12,66.3,False
SURFACE_2_芝,hizume_code+kijun_ninkijun_tansho+kyuyo_riyu_bunrui_code,hizume_code,kijun_ninkijun_tansho,kyuyo_riyu_bunrui_code,94,27824,69.21,14.4,66.3,False
SURFACE_2_芝,bataiju_zogen+bataiju+ls_shisu_juni,bataiju_zogen,bataiju,ls_shisu_juni,138,18490,68.34,12.26,66.3,False
SURFACE_2_芝,omo_tekisei_code+kyori_tekisei_2+da_tekisei_code,omo_tekisei_code,kyori_tekisei_2,da_tekisei_code,16,8649,71.2,10.12,66.24,False
SURFACE_2_芝,kyori_kubun+uma_deokure_bin+kyuyo_riyu_bunrui_code,kyori_kubun,uma_deokure_bin,kyuyo_riyu_bunrui_code,35,36408,69.16,8.83,66.23,False
SURFACE_2_芝,uma_start_shisu_decile+kijun_ninkijun_tansho+kyuyo_riyu_bunrui_code,uma_start_shisu_decile,kijun_ninkijun_tansho,kyuyo_riyu_bunrui_code,102,31289,69.35,16.17,66.21,False
SURFACE_2_芝,rotation_bin+manken_shisu_decile+kyuyo_riyu_bunrui_code,rotation_bin,manken_shisu_decile,kyuyo_riyu_bunrui_code,43,35022,69.46,10.9,66.2,False
SURFACE_2_芝,kyori_tekisei+pace_shisu_juni+kyuyo_riyu_bunrui_code,kyori_tekisei,pace_shisu_juni,kyuyo_riyu_bunrui_code,68,31840,68.53,9.98,66.15,False
SURFACE_2_芝,kyori_kubun+shiba_tekisei_code+kyuyo_riyu_bunrui_code,kyori_kubun,shiba_tekisei_code,kyuyo_riyu_bunrui_code,28,35760,69.23,8.36,66.14,False
SURFACE_2_芝,kyori_tekisei+rotation_bin+kyuyo_riyu_bunrui_code,kyori_tekisei,rotation_bin,kyuyo_riyu_bunrui_code,28,36460,69.44,8.93,66.13,False
SURFACE_2_芝,uma_deokure_bin+rotation_bin+kyuyo_riyu_bunrui_code,uma_deokure_bin,rotation_bin,kyuyo_riyu_bunrui_code,26,36823,69.86,9.75,66.11,False
SURFACE_2_芝,rotation_bin+ls_shisu_juni+kyuyo_riyu_bunrui_code,rotation_bin,ls_shisu_juni,kyuyo_riyu_bunrui_code,39,36125,69.74,11.86,66.02,False
SURFACE_2_芝,shiba_tekisei_code+kyakushitsu+kyuyo_riyu_bunrui_code,shiba_tekisei_code,kyakushitsu,kyuyo_riyu_bunrui_code,26,35506,69.57,9.32,65.98,False
SURFACE_2_芝,kijun_ninkijun_tansho+ten_shisu_juni+kyuyo_riyu_bunrui_code,kijun_ninkijun_tansho,ten_shisu_juni,kyuyo_riyu_bunrui_code,142,25767,68.33,14.32,65.97,False
SURFACE_2_芝,bataiju+ls_shisu_juni+ten_shisu_juni,bataiju,ls_shisu_juni,ten_shisu_juni,104,11411,68.51,13.4,65.94,False
SURFACE_2_芝,kijun_ninkijun_tansho+kyuyo_riyu_bunrui_code+ichi_shisu_juni,kijun_ninkijun_tansho,kyuyo_riyu_bunrui_code,ichi_shisu_juni,135,25770,68.29,14.43,65.86,False
SURFACE_2_芝,bataiju+ls_shisu_juni+kyuyo_riyu_bunrui_code,bataiju,ls_shisu_juni,kyuyo_riyu_bunrui_code,92,14852,68.06,10.95,65.82,False
SURFACE_2_芝,joken_class_code+class_code+da_tekisei_code,joken_class_code,class_code,da_tekisei_code,33,44375,70.27,13.09,65.8,False
SURFACE_2_芝,kyori_kubun+kyakushitsu+kyuyo_riyu_bunrui_code,kyori_kubun,kyakushitsu,kyuyo_riyu_bunrui_code,33,36377,69.59,11.16,65.79,False
SURFACE_2_芝,uma_start_shisu_decile+kyori_tekisei_2+da_tekisei_code,uma_start_shisu_decile,kyori_tekisei_2,da_tekisei_code,28,7850,69.74,10.8,65.74,False
SURFACE_2_芝,keibajo_code+da_tekisei_code+kyuyo_riyu_bunrui_code,keibajo_code,da_tekisei_code,kyuyo_riyu_bunrui_code,20,9813,68.82,7.53,65.52,False
SURFACE_2_芝,ls_shisu_juni+da_tekisei_code+kyuyo_riyu_bunrui_code,ls_shisu_juni,da_tekisei_code,kyuyo_riyu_bunrui_code,16,9784,69.36,8.03,65.43,False
SURFACE_2_芝,uma_deokure_bin+kyakushitsu+kyuyo_riyu_bunrui_code,uma_deokure_bin,kyakushitsu,kyuyo_riyu_bunrui_code,33,36295,68.59,9.37,65.4,False
SURFACE_2_芝,manken_shirushi+bataiju+class_code,manken_shirushi,bataiju,class_code,10,1058,76.68,18.26,65.37,False
SURFACE_2_芝,kyori_tekisei+kyakushitsu+kyuyo_riyu_bunrui_code,kyori_tekisei,kyakushitsu,kyuyo_riyu_bunrui_code,35,35411,68.72,10.3,65.3,False
SURFACE_2_芝,kyori_tekisei_2+da_tekisei_code+kyuyo_riyu_bunrui_code,kyori_tekisei_2,da_tekisei_code,kyuyo_riyu_bunrui_code,5,1780,76.11,12.37,65.27,False
SURFACE_2_芝,kijun_ninkijun_tansho+da_tekisei_code+kyuyo_riyu_bunrui_code,kijun_ninkijun_tansho,da_tekisei_code,kyuyo_riyu_bunrui_code,28,9418,70.56,14.36,65.24,False
SURFACE_2_芝,kyori_tekisei+ls_shisu_juni+kyuyo_riyu_bunrui_code,kyori_tekisei,ls_shisu_juni,kyuyo_riyu_bunrui_code,45,33651,68.85,12.54,65.19,False
SURFACE_2_芝,kijun_ninkijun_tansho+pace_shisu_juni+kyuyo_riyu_bunrui_code,kijun_ninkijun_tansho,pace_shisu_juni,kyuyo_riyu_bunrui_code,141,26224,67.49,14.52,65.09,False
SURFACE_2_芝,manken_shisu_decile+kijun_ninkijun_tansho+kyuyo_riyu_bunrui_code,manken_shisu_decile,kijun_ninkijun_tansho,kyuyo_riyu_bunrui_code,108,29731,67.62,14.7,64.84,False
SURFACE_2_芝,bataiju_zogen+da_tekisei_code+kyuyo_riyu_bunrui_code,bataiju_zogen,da_tekisei_code,kyuyo_riyu_bunrui_code,26,8861,69.44,11.99,64.83,False
SURFACE_2_芝,rotation_bin+shiba_tekisei_code+kyuyo_riyu_bunrui_code,rotation_bin,shiba_tekisei_code,kyuyo_riyu_bunrui_code,22,36407,68.34,8.59,64.75,False
SURFACE_2_芝,hizume_code+da_tekisei_code+kyuyo_riyu_bunrui_code,hizume_code,da_tekisei_code,kyuyo_riyu_bunrui_code,18,9304,70.08,11.62,64.72,False
SURFACE_2_芝,uma_deokure_bin+shiba_tekisei_code+kyuyo_riyu_bunrui_code,uma_deokure_bin,shiba_tekisei_code,kyuyo_riyu_bunrui_code,27,35503,68.23,9.83,64.52,False
SURFACE_2_芝,omo_tekisei_code+kyakushitsu+kyuyo_riyu_bunrui_code,omo_tekisei_code,kyakushitsu,kyuyo_riyu_bunrui_code,28,36800,68.36,10.5,64.47,False
SURFACE_2_芝,bataiju+ls_shisu_juni+pace_shisu_juni,bataiju,ls_shisu_juni,pace_shisu_juni,100,11206,66.95,12.74,64.46,False
SURFACE_2_芝,pace_yoso+kyori_tekisei_2+da_tekisei_code,pace_yoso,kyori_tekisei_2,da_tekisei_code,11,8518,70.73,10.67,64.42,False
SURFACE_2_芝,ten_shisu_juni+da_tekisei_code+kyuyo_riyu_bunrui_code,ten_shisu_juni,da_tekisei_code,kyuyo_riyu_bunrui_code,28,9314,67.45,8.55,64.29,False
SURFACE_2_芝,rotation_bin+kijun_ninkijun_tansho+kyuyo_riyu_bunrui_code,rotation_bin,kijun_ninkijun_tansho,kyuyo_riyu_bunrui_code,51,34021,68.79,17.14,64.08,False
SURFACE_2_芝,joken_class_code+da_tekisei_code+kyuyo_riyu_bunrui_code,joken_class_code,da_tekisei_code,kyuyo_riyu_bunrui_code,11,10086,67.84,6.45,64.03,False
SURFACE_2_芝,uma_start_shisu_decile+da_tekisei_code+kyuyo_riyu_bunrui_code,uma_start_shisu_decile,da_tekisei_code,kyuyo_riyu_bunrui_code,16,9814,67.19,6.78,63.87,False
SURFACE_2_芝,kyori_kubun+da_tekisei_code+kyuyo_riyu_bunrui_code,kyori_kubun,da_tekisei_code,kyuyo_riyu_bunrui_code,11,10251,66.88,5.3,63.75,False
SURFACE_2_芝,manken_shisu_decile+da_tekisei_code+kyuyo_riyu_bunrui_code,manken_shisu_decile,da_tekisei_code,kyuyo_riyu_bunrui_code,20,9700,66.52,6.74,63.57,False
SURFACE_2_芝,bataiju+manken_shisu_decile+kijun_ninkijun_tansho,bataiju,manken_shisu_decile,kijun_ninkijun_tansho,27,3009,69.54,16.01,63.5,False
SURFACE_2_芝,class_code+da_tekisei_code+kyuyo_riyu_bunrui_code,class_code,da_tekisei_code,kyuyo_riyu_bunrui_code,17,9240,67.93,9.8,63.27,False
SURFACE_2_芝,da_tekisei_code+kyuyo_riyu_bunrui_code+ichi_shisu_juni,da_tekisei_code,kyuyo_riyu_bunrui_code,ichi_shisu_juni,27,9244,68.07,12.81,63.24,False
SURFACE_2_芝,class_code+kyori_tekisei_2+da_tekisei_code,class_code,kyori_tekisei_2,da_tekisei_code,20,6317,67.94,11.0,63.12,False
SURFACE_2_芝,shiba_tekisei_code+da_tekisei_code+kyuyo_riyu_bunrui_code,shiba_tekisei_code,da_tekisei_code,kyuyo_riyu_bunrui_code,10,9503,66.5,5.8,62.9,False
SURFACE_2_芝,pace_yoso+da_tekisei_code+kyuyo_riyu_bunrui_code,pace_yoso,da_tekisei_code,kyuyo_riyu_bunrui_code,10,10536,68.49,9.14,62.82,False
SURFACE_2_芝,omo_tekisei_code+da_tekisei_code+kyuyo_riyu_bunrui_code,omo_tekisei_code,da_tekisei_code,kyuyo_riyu_bunrui_code,8,10252,68.93,8.85,62.79,False
SURFACE_2_芝,pace_shisu_juni+da_tekisei_code+kyuyo_riyu_bunrui_code,pace_shisu_juni,da_tekisei_code,kyuyo_riyu_bunrui_code,32,9546,66.33,10.61,62.66,False
SURFACE_2_芝,bataiju+kyori_tekisei_2+ls_shisu_juni,bataiju,kyori_tekisei_2,ls_shisu_juni,19,2395,66.96,11.54,61.77,False
SURFACE_2_芝,kyori_tekisei_2+kijun_ninkijun_tansho+da_tekisei_code,kyori_tekisei_2,kijun_ninkijun_tansho,da_tekisei_code,34,6178,69.4,23.12,61.62,False
SURFACE_2_芝,kyori_tekisei+da_tekisei_code+kyuyo_riyu_bunrui_code,kyori_tekisei,da_tekisei_code,kyuyo_riyu_bunrui_code,11,9774,65.96,7.46,61.55,False
SURFACE_2_芝,uma_deokure_bin+da_tekisei_code+kyuyo_riyu_bunrui_code,uma_deokure_bin,da_tekisei_code,kyuyo_riyu_bunrui_code,12,10139,65.41,8.18,60.78,False
SURFACE_2_芝,kyakushitsu+da_tekisei_code+kyuyo_riyu_bunrui_code,kyakushitsu,da_tekisei_code,kyuyo_riyu_bunrui_code,10,10149,64.79,7.03,60.43,False
SURFACE_2_芝,rotation_bin+da_tekisei_code+kyuyo_riyu_bunrui_code,rotation_bin,da_tekisei_code,kyuyo_riyu_bunrui_code,10,10559,63.79,7.78,58.96,False
SURFACE_2_芝,bataiju+kyori_tekisei_2+da_tekisei_code,bataiju,kyori_tekisei_2,da_tekisei_code,3,308,65.16,8.38,55.68,False
SURFACE_2_芝,manken_shirushi+bataiju+kijun_ninkijun_tansho,manken_shirushi,bataiju,kijun_ninkijun_tansho,4,407,63.63,8.66,55.14,False
SURFACE_2_芝,bataiju+da_tekisei_code+ichi_shisu_juni,bataiju,da_tekisei_code,ichi_shisu_juni,5,514,65.22,15.28,51.83,False
SURFACE_2_芝,bataiju+kijun_ninkijun_tansho+da_tekisei_code,bataiju,kijun_ninkijun_tansho,da_tekisei_code,9,940,56.79,23.09,41.71,False
