segment,factors,factor1,factor2,factor3,factor4,n_bins,n_bets,mean_roi,std_roi,clb,pass
KEIBAJO_SURFACE_03_ダ,pace_yoso+class_code+idm+tenkai_kigo_code,pace_yoso,class_code,idm,tenkai_kigo_code,3,321,80.54,0.24,80.26,True
KEIBAJO_SURFACE_03_ダ,kyori_kubun+joken_class_code+omo_tekisei_code+gekiso_juni,kyori_kubun,joken_class_code,omo_tekisei_code,gekiso_juni,4,421,83.6,4.9,78.8,False
KEIBAJO_SURFACE_03_ダ,kyori_kubun+ls_shisu_juni+tenkai_kigo_code+kishu_shisu,kyori_kubun,ls_shisu_juni,tenkai_kigo_code,kishu_shisu,7,1146,83.73,10.41,76.02,False
KEIBAJO_SURFACE_03_ダ,kyori_kubun+omo_tekisei_code+kyori_tekisei+kishu_minarai_code,kyori_kubun,omo_tekisei_code,kyori_tekisei,kishu_minarai_code,4,454,80.0,4.18,75.9,False
KEIBAJO_SURFACE_03_ダ,uma_start_shisu+pace_yoso+class_code+hizume_code,uma_start_shisu,pace_yoso,class_code,hizume_code,3,476,84.47,8.37,75.0,False
KEIBAJO_SURFACE_03_ダ,uma_start_shisu+joken_class_code+omo_tekisei_code+hizume_code,uma_start_shisu,joken_class_code,omo_tekisei_code,hizume_code,5,636,79.92,6.27,74.42,False
KEIBAJO_SURFACE_03_ダ,pace_yoso+class_code+joho_shisu+hizume_code,pace_yoso,class_code,joho_shisu,hizume_code,4,713,84.98,11.38,73.83,False
KEIBAJO_SURFACE_03_ダ,uma_start_shisu+kyori_kubun+ls_shisu_juni+tenkai_kigo_code,uma_start_shisu,kyori_kubun,ls_shisu_juni,tenkai_kigo_code,6,1136,80.53,8.8,73.49,False
KEIBAJO_SURFACE_03_ダ,pace_yoso+kyori_kubun+joken_class_code+idm,pace_yoso,kyori_kubun,joken_class_code,idm,4,470,76.65,3.33,73.38,False
KEIBAJO_SURFACE_03_ダ,pace_yoso+kyori_kubun+manken_shirushi+kyori_tekisei,pace_yoso,kyori_kubun,manken_shirushi,kyori_tekisei,21,3326,77.26,9.77,73.09,False
KEIBAJO_SURFACE_03_ダ,kyori_kubun+kyori_tekisei+hizume_code+tenkai_kigo_code,kyori_kubun,kyori_tekisei,hizume_code,tenkai_kigo_code,14,2471,76.33,7.51,72.4,False
KEIBAJO_SURFACE_03_ダ,uma_start_shisu+omo_tekisei_code+uma_deokure_ritsu+hizume_code,uma_start_shisu,omo_tekisei_code,uma_deokure_ritsu,hizume_code,3,415,80.16,7.32,71.88,False
KEIBAJO_SURFACE_03_ダ,joken_class_code+class_code+kyori_tekisei+kishu_minarai_code,joken_class_code,class_code,kyori_tekisei,kishu_minarai_code,9,1460,78.06,9.49,71.86,False
KEIBAJO_SURFACE_03_ダ,pace_yoso+joken_class_code+omo_tekisei_code+manken_shirushi,pace_yoso,joken_class_code,omo_tekisei_code,manken_shirushi,10,1209,78.33,10.67,71.71,False
KEIBAJO_SURFACE_03_ダ,uma_start_shisu+pace_yoso+ls_shisu_juni+kishu_shisu,uma_start_shisu,pace_yoso,ls_shisu_juni,kishu_shisu,4,482,76.29,4.77,71.62,False
KEIBAJO_SURFACE_03_ダ,uma_start_shisu+kyori_kubun+joken_class_code+class_code,uma_start_shisu,kyori_kubun,joken_class_code,class_code,19,3891,78.4,15.32,71.51,False
KEIBAJO_SURFACE_03_ダ,kyori_kubun+joken_class_code+omo_tekisei_code+hizume_code,kyori_kubun,joken_class_code,omo_tekisei_code,hizume_code,26,4125,76.33,12.6,71.49,False
KEIBAJO_SURFACE_03_ダ,uma_start_shisu+joken_class_code+class_code+tenkai_kigo_code,uma_start_shisu,joken_class_code,class_code,tenkai_kigo_code,13,2670,75.25,6.94,71.48,False
KEIBAJO_SURFACE_03_ダ,pace_yoso+joken_class_code+class_code+kyori_tekisei,pace_yoso,joken_class_code,class_code,kyori_tekisei,23,7769,74.85,8.35,71.44,False
KEIBAJO_SURFACE_03_ダ,pace_yoso+omo_tekisei_code+kyori_tekisei+hizume_code,pace_yoso,omo_tekisei_code,kyori_tekisei,hizume_code,25,3911,76.85,13.8,71.44,False
KEIBAJO_SURFACE_03_ダ,pace_yoso+kyori_kubun+joken_class_code+omo_tekisei_code,pace_yoso,kyori_kubun,joken_class_code,omo_tekisei_code,22,8829,73.47,5.07,71.35,False
KEIBAJO_SURFACE_03_ダ,kyori_kubun+joken_class_code+class_code+kyori_tekisei,kyori_kubun,joken_class_code,class_code,kyori_tekisei,24,7954,75.02,9.25,71.32,False
KEIBAJO_SURFACE_03_ダ,pace_yoso+kyori_tekisei+hizume_code+ls_shisu_juni,pace_yoso,kyori_tekisei,hizume_code,ls_shisu_juni,12,1448,77.84,11.56,71.3,False
KEIBAJO_SURFACE_03_ダ,kyori_kubun+omo_tekisei_code+kyori_tekisei+hizume_code,kyori_kubun,omo_tekisei_code,kyori_tekisei,hizume_code,26,4020,76.27,13.18,71.2,False
KEIBAJO_SURFACE_03_ダ,pace_yoso+joken_class_code+class_code+idm,pace_yoso,joken_class_code,class_code,idm,9,1339,75.82,7.07,71.2,False
KEIBAJO_SURFACE_03_ダ,omo_tekisei_code+kyori_tekisei+ls_shisu_juni+tenkai_kigo_code,omo_tekisei_code,kyori_tekisei,ls_shisu_juni,tenkai_kigo_code,17,2543,78.21,14.96,71.1,False
KEIBAJO_SURFACE_03_ダ,pace_yoso+kyori_kubun+kyori_tekisei+hizume_code,pace_yoso,kyori_kubun,kyori_tekisei,hizume_code,28,5629,74.59,9.52,71.07,False
KEIBAJO_SURFACE_03_ダ,pace_yoso+joken_class_code+class_code+gekiso_juni,pace_yoso,joken_class_code,class_code,gekiso_juni,25,4528,73.95,7.53,70.99,False
KEIBAJO_SURFACE_03_ダ,pace_yoso+kyori_kubun+kyori_tekisei+gekiso_juni,pace_yoso,kyori_kubun,kyori_tekisei,gekiso_juni,32,4819,75.01,11.75,70.94,False
KEIBAJO_SURFACE_03_ダ,pace_yoso+kyori_kubun+joken_class_code+gekiso_juni,pace_yoso,kyori_kubun,joken_class_code,gekiso_juni,32,4312,74.84,11.28,70.93,False
KEIBAJO_SURFACE_03_ダ,pace_yoso+kyori_kubun+omo_tekisei_code+hizume_code,pace_yoso,kyori_kubun,omo_tekisei_code,hizume_code,34,6538,73.7,8.37,70.88,False
KEIBAJO_SURFACE_03_ダ,pace_yoso+kyori_kubun+hizume_code+ls_shisu_juni,pace_yoso,kyori_kubun,hizume_code,ls_shisu_juni,18,3059,76.47,12.13,70.87,False
KEIBAJO_SURFACE_03_ダ,pace_yoso+joken_class_code+gekiso_juni+tenkai_kigo_code,pace_yoso,joken_class_code,gekiso_juni,tenkai_kigo_code,15,2178,77.23,12.57,70.87,False
KEIBAJO_SURFACE_03_ダ,kyori_kubun+omo_tekisei_code+kyori_tekisei+gekiso_juni,kyori_kubun,omo_tekisei_code,kyori_tekisei,gekiso_juni,6,683,79.16,10.45,70.8,False
KEIBAJO_SURFACE_03_ダ,kyori_kubun+joken_class_code+omo_tekisei_code+class_code,kyori_kubun,joken_class_code,omo_tekisei_code,class_code,20,7979,73.99,7.37,70.77,False
KEIBAJO_SURFACE_03_ダ,uma_start_shisu+kyori_kubun+joken_class_code+hizume_code,uma_start_shisu,kyori_kubun,joken_class_code,hizume_code,7,912,77.81,9.53,70.75,False
KEIBAJO_SURFACE_03_ダ,pace_yoso+class_code+ls_shisu_juni+kishu_minarai_code,pace_yoso,class_code,ls_shisu_juni,kishu_minarai_code,4,584,78.5,7.93,70.73,False
KEIBAJO_SURFACE_03_ダ,pace_yoso+class_code+hizume_code+tenkai_kigo_code,pace_yoso,class_code,hizume_code,tenkai_kigo_code,15,2589,76.62,11.8,70.65,False
KEIBAJO_SURFACE_03_ダ,kyori_kubun+joken_class_code+class_code+kishu_minarai_code,kyori_kubun,joken_class_code,class_code,kishu_minarai_code,11,2083,76.18,9.47,70.58,False
KEIBAJO_SURFACE_03_ダ,kyori_kubun+omo_tekisei_code+hizume_code+tenkai_kigo_code,kyori_kubun,omo_tekisei_code,hizume_code,tenkai_kigo_code,20,3148,76.71,14.14,70.51,False
KEIBAJO_SURFACE_03_ダ,omo_tekisei_code+class_code+kyori_tekisei+ls_shisu_juni,omo_tekisei_code,class_code,kyori_tekisei,ls_shisu_juni,12,1909,78.32,13.87,70.47,False
KEIBAJO_SURFACE_03_ダ,pace_yoso+kyori_kubun+joken_class_code+kyori_tekisei,pace_yoso,kyori_kubun,joken_class_code,kyori_tekisei,25,9144,73.23,7.15,70.43,False
KEIBAJO_SURFACE_03_ダ,pace_yoso+kyori_kubun+omo_tekisei_code+manken_shirushi,pace_yoso,kyori_kubun,omo_tekisei_code,manken_shirushi,23,2914,75.32,12.03,70.4,False
KEIBAJO_SURFACE_03_ダ,kyori_kubun+joken_class_code+omo_tekisei_code+tenkai_kigo_code,kyori_kubun,joken_class_code,omo_tekisei_code,tenkai_kigo_code,28,6550,74.15,10.48,70.27,False
KEIBAJO_SURFACE_03_ダ,uma_start_shisu+joken_class_code+omo_tekisei_code+tenkai_kigo_code,uma_start_shisu,joken_class_code,omo_tekisei_code,tenkai_kigo_code,9,1730,75.59,8.2,70.24,False
KEIBAJO_SURFACE_03_ダ,pace_yoso+joken_class_code+omo_tekisei_code+kyori_tekisei,pace_yoso,joken_class_code,omo_tekisei_code,kyori_tekisei,26,7525,73.69,9.22,70.15,False
KEIBAJO_SURFACE_03_ダ,pace_yoso+joken_class_code+omo_tekisei_code+class_code,pace_yoso,joken_class_code,omo_tekisei_code,class_code,19,8225,73.25,6.92,70.14,False
KEIBAJO_SURFACE_03_ダ,joken_class_code+omo_tekisei_code+kyori_tekisei+tenkai_kigo_code,joken_class_code,omo_tekisei_code,kyori_tekisei,tenkai_kigo_code,25,4953,74.0,9.84,70.14,False
KEIBAJO_SURFACE_03_ダ,kyori_kubun+omo_tekisei_code+class_code+tenkai_kigo_code,kyori_kubun,omo_tekisei_code,class_code,tenkai_kigo_code,18,4581,74.24,8.91,70.13,False
KEIBAJO_SURFACE_03_ダ,kyori_kubun+class_code+ls_shisu_juni+tenkai_kigo_code,kyori_kubun,class_code,ls_shisu_juni,tenkai_kigo_code,13,2711,75.71,10.25,70.13,False
KEIBAJO_SURFACE_03_ダ,pace_yoso+joken_class_code+omo_tekisei_code+ls_shisu_juni,pace_yoso,joken_class_code,omo_tekisei_code,ls_shisu_juni,35,6829,73.78,11.08,70.11,False
KEIBAJO_SURFACE_03_ダ,joken_class_code+omo_tekisei_code+hizume_code+tenkai_kigo_code,joken_class_code,omo_tekisei_code,hizume_code,tenkai_kigo_code,16,2439,77.9,15.95,70.09,False
KEIBAJO_SURFACE_03_ダ,pace_yoso+kyori_kubun+omo_tekisei_code+class_code,pace_yoso,kyori_kubun,omo_tekisei_code,class_code,22,7259,72.8,6.81,69.95,False
KEIBAJO_SURFACE_03_ダ,uma_start_shisu+pace_yoso+kyori_kubun+ls_shisu_juni,uma_start_shisu,pace_yoso,kyori_kubun,ls_shisu_juni,16,2731,74.32,8.98,69.91,False
KEIBAJO_SURFACE_03_ダ,uma_start_shisu+pace_yoso+joken_class_code+class_code,uma_start_shisu,pace_yoso,joken_class_code,class_code,20,4571,74.64,10.98,69.83,False
KEIBAJO_SURFACE_03_ダ,joken_class_code+omo_tekisei_code+class_code+kyori_tekisei,joken_class_code,omo_tekisei_code,class_code,kyori_tekisei,25,7110,74.51,11.97,69.82,False
KEIBAJO_SURFACE_03_ダ,pace_yoso+kyori_tekisei+gekiso_juni+tenkai_kigo_code,pace_yoso,kyori_tekisei,gekiso_juni,tenkai_kigo_code,8,880,76.09,9.08,69.79,False
KEIBAJO_SURFACE_03_ダ,joken_class_code+kyori_tekisei+hizume_code+tenkai_kigo_code,joken_class_code,kyori_tekisei,hizume_code,tenkai_kigo_code,11,1634,78.39,14.6,69.76,False
KEIBAJO_SURFACE_03_ダ,uma_start_shisu+pace_yoso+class_code+ls_shisu_juni,uma_start_shisu,pace_yoso,class_code,ls_shisu_juni,7,1053,77.52,10.51,69.73,False
KEIBAJO_SURFACE_03_ダ,pace_yoso+kyori_kubun+joken_class_code+ls_shisu_juni,pace_yoso,kyori_kubun,joken_class_code,ls_shisu_juni,34,7865,73.44,11.08,69.71,False
KEIBAJO_SURFACE_03_ダ,pace_yoso+kyori_kubun+omo_tekisei_code+gekiso_juni,pace_yoso,kyori_kubun,omo_tekisei_code,gekiso_juni,28,3521,74.1,12.0,69.66,False
KEIBAJO_SURFACE_03_ダ,omo_tekisei_code+class_code+kyori_tekisei+tenkai_kigo_code,omo_tekisei_code,class_code,kyori_tekisei,tenkai_kigo_code,20,3781,74.58,11.31,69.63,False
KEIBAJO_SURFACE_03_ダ,joken_class_code+omo_tekisei_code+kyori_tekisei+uma_deokure_ritsu,joken_class_code,omo_tekisei_code,kyori_tekisei,uma_deokure_ritsu,13,2335,77.42,14.56,69.5,False
KEIBAJO_SURFACE_03_ダ,pace_yoso+kyori_kubun+class_code+kyori_tekisei,pace_yoso,kyori_kubun,class_code,kyori_tekisei,25,7045,72.92,8.75,69.49,False
KEIBAJO_SURFACE_03_ダ,joken_class_code+class_code+idm+tenkai_kigo_code,joken_class_code,class_code,idm,tenkai_kigo_code,4,445,74.52,5.14,69.48,False
KEIBAJO_SURFACE_03_ダ,kyori_kubun+joken_class_code+omo_tekisei_code+kyori_tekisei,kyori_kubun,joken_class_code,omo_tekisei_code,kyori_tekisei,27,7613,73.19,9.97,69.43,False
KEIBAJO_SURFACE_03_ダ,kyori_kubun+joken_class_code+class_code+gekiso_juni,kyori_kubun,joken_class_code,class_code,gekiso_juni,30,3949,73.17,10.5,69.41,False
KEIBAJO_SURFACE_03_ダ,pace_yoso+joken_class_code+omo_tekisei_code+hizume_code,pace_yoso,joken_class_code,omo_tekisei_code,hizume_code,32,5644,73.16,10.84,69.41,False
KEIBAJO_SURFACE_03_ダ,pace_yoso+omo_tekisei_code+kyori_tekisei+tenkai_kigo_code,pace_yoso,omo_tekisei_code,kyori_tekisei,tenkai_kigo_code,26,6175,73.04,9.5,69.38,False
KEIBAJO_SURFACE_03_ダ,pace_yoso+kyori_kubun+class_code+tenkai_kigo_code,pace_yoso,kyori_kubun,class_code,tenkai_kigo_code,23,6084,73.45,10.01,69.36,False
KEIBAJO_SURFACE_03_ダ,joken_class_code+omo_tekisei_code+ls_shisu_juni+tenkai_kigo_code,joken_class_code,omo_tekisei_code,ls_shisu_juni,tenkai_kigo_code,16,3108,74.92,11.41,69.33,False
KEIBAJO_SURFACE_03_ダ,pace_yoso+kyori_kubun+omo_tekisei_code+tenkai_kigo_code,pace_yoso,kyori_kubun,omo_tekisei_code,tenkai_kigo_code,29,8452,72.05,7.48,69.32,False
KEIBAJO_SURFACE_03_ダ,pace_yoso+kyori_kubun+joken_class_code+class_code,pace_yoso,kyori_kubun,joken_class_code,class_code,22,8965,72.16,7.17,69.17,False
KEIBAJO_SURFACE_03_ダ,joken_class_code+omo_tekisei_code+kyori_tekisei+hizume_code,joken_class_code,omo_tekisei_code,kyori_tekisei,hizume_code,14,2208,76.06,13.25,69.12,False
KEIBAJO_SURFACE_03_ダ,pace_yoso+kyori_kubun+joken_class_code+manken_shirushi,pace_yoso,kyori_kubun,joken_class_code,manken_shirushi,26,3451,73.64,11.78,69.11,False
KEIBAJO_SURFACE_03_ダ,pace_yoso+kyori_kubun+class_code+manken_shirushi,pace_yoso,kyori_kubun,class_code,manken_shirushi,9,1325,74.22,7.97,69.01,False
KEIBAJO_SURFACE_03_ダ,kyori_kubun+joken_class_code+kyori_tekisei+hizume_code,kyori_kubun,joken_class_code,kyori_tekisei,hizume_code,22,3653,74.03,12.03,69.0,False
KEIBAJO_SURFACE_03_ダ,pace_yoso+joken_class_code+class_code+manken_shirushi,pace_yoso,joken_class_code,class_code,manken_shirushi,16,3134,73.49,9.28,68.94,False
KEIBAJO_SURFACE_03_ダ,joken_class_code+omo_tekisei_code+class_code+kishu_minarai_code,joken_class_code,omo_tekisei_code,class_code,kishu_minarai_code,11,1862,78.03,15.38,68.94,False
KEIBAJO_SURFACE_03_ダ,kyori_kubun+class_code+tenkai_kigo_code+kishu_minarai_code,kyori_kubun,class_code,tenkai_kigo_code,kishu_minarai_code,6,833,79.15,12.82,68.89,False
KEIBAJO_SURFACE_03_ダ,uma_start_shisu+joken_class_code+class_code+joho_shisu,uma_start_shisu,joken_class_code,class_code,joho_shisu,7,1108,83.02,19.12,68.86,False
KEIBAJO_SURFACE_03_ダ,uma_start_shisu+pace_yoso+kyori_kubun+omo_tekisei_code,uma_start_shisu,pace_yoso,kyori_kubun,omo_tekisei_code,19,4046,75.14,14.03,68.83,False
KEIBAJO_SURFACE_03_ダ,pace_yoso+omo_tekisei_code+hizume_code+tenkai_kigo_code,pace_yoso,omo_tekisei_code,hizume_code,tenkai_kigo_code,22,3998,73.78,11.97,68.78,False
KEIBAJO_SURFACE_03_ダ,joken_class_code+class_code+ls_shisu_juni+tenkai_kigo_code,joken_class_code,class_code,ls_shisu_juni,tenkai_kigo_code,19,4321,72.91,9.22,68.77,False
KEIBAJO_SURFACE_03_ダ,kyori_kubun+joken_class_code+class_code+hizume_code,kyori_kubun,joken_class_code,class_code,hizume_code,26,5199,73.35,11.98,68.74,False
KEIBAJO_SURFACE_03_ダ,pace_yoso+class_code+manken_shirushi+tenkai_kigo_code,pace_yoso,class_code,manken_shirushi,tenkai_kigo_code,8,990,79.92,16.14,68.73,False
KEIBAJO_SURFACE_03_ダ,kyori_kubun+omo_tekisei_code+ls_shisu_juni+tenkai_kigo_code,kyori_kubun,omo_tekisei_code,ls_shisu_juni,tenkai_kigo_code,17,3632,73.84,10.74,68.73,False
KEIBAJO_SURFACE_03_ダ,pace_yoso+kyori_tekisei+hizume_code+tenkai_kigo_code,pace_yoso,kyori_tekisei,hizume_code,tenkai_kigo_code,14,2427,74.81,11.67,68.7,False
KEIBAJO_SURFACE_03_ダ,kyori_kubun+joken_class_code+omo_tekisei_code+uma_deokure_ritsu,kyori_kubun,joken_class_code,omo_tekisei_code,uma_deokure_ritsu,13,3153,74.55,10.78,68.69,False
KEIBAJO_SURFACE_03_ダ,uma_start_shisu+pace_yoso+omo_tekisei_code+hizume_code,uma_start_shisu,pace_yoso,omo_tekisei_code,hizume_code,8,1194,75.21,9.45,68.66,False
KEIBAJO_SURFACE_03_ダ,pace_yoso+kyori_kubun+omo_tekisei_code+kishu_minarai_code,pace_yoso,kyori_kubun,omo_tekisei_code,kishu_minarai_code,10,1524,75.38,10.87,68.65,False
KEIBAJO_SURFACE_03_ダ,pace_yoso+omo_tekisei_code+kyori_tekisei+gekiso_juni,pace_yoso,omo_tekisei_code,kyori_tekisei,gekiso_juni,5,544,80.69,13.74,68.64,False
KEIBAJO_SURFACE_03_ダ,kyori_kubun+hizume_code+ls_shisu_juni+tenkai_kigo_code,kyori_kubun,hizume_code,ls_shisu_juni,tenkai_kigo_code,9,1412,79.0,15.87,68.63,False
KEIBAJO_SURFACE_03_ダ,kyori_kubun+joken_class_code+kyori_tekisei+gekiso_juni,kyori_kubun,joken_class_code,kyori_tekisei,gekiso_juni,23,2584,72.98,10.68,68.61,False
KEIBAJO_SURFACE_03_ダ,uma_start_shisu+pace_yoso+omo_tekisei_code+tenkai_kigo_code,uma_start_shisu,pace_yoso,omo_tekisei_code,tenkai_kigo_code,17,3035,73.15,9.57,68.6,False
KEIBAJO_SURFACE_03_ダ,kyori_kubun+joken_class_code+class_code+tenkai_kigo_code,kyori_kubun,joken_class_code,class_code,tenkai_kigo_code,24,7193,72.92,10.86,68.58,False
KEIBAJO_SURFACE_03_ダ,pace_yoso+class_code+kyori_tekisei+kishu_minarai_code,pace_yoso,class_code,kyori_tekisei,kishu_minarai_code,6,950,75.67,8.92,68.54,False
KEIBAJO_SURFACE_03_ダ,kyori_kubun+joken_class_code+hizume_code+tenkai_kigo_code,kyori_kubun,joken_class_code,hizume_code,tenkai_kigo_code,15,2609,76.84,16.42,68.53,False
KEIBAJO_SURFACE_03_ダ,uma_start_shisu+kyori_kubun+hizume_code+tenkai_kigo_code,uma_start_shisu,kyori_kubun,hizume_code,tenkai_kigo_code,4,719,76.19,7.85,68.5,False
KEIBAJO_SURFACE_03_ダ,pace_yoso+kyori_kubun+omo_tekisei_code+uma_deokure_ritsu,pace_yoso,kyori_kubun,omo_tekisei_code,uma_deokure_ritsu,9,3131,71.9,5.22,68.49,False
KEIBAJO_SURFACE_03_ダ,pace_yoso+joken_class_code+kyori_tekisei+hizume_code,pace_yoso,joken_class_code,kyori_tekisei,hizume_code,21,3636,73.62,12.03,68.47,False
KEIBAJO_SURFACE_03_ダ,pace_yoso+class_code+gekiso_juni+tenkai_kigo_code,pace_yoso,class_code,gekiso_juni,tenkai_kigo_code,13,1698,76.57,14.99,68.42,False
KEIBAJO_SURFACE_03_ダ,pace_yoso+joken_class_code+class_code+ls_shisu_juni,pace_yoso,joken_class_code,class_code,ls_shisu_juni,23,6653,73.01,11.32,68.39,False
KEIBAJO_SURFACE_03_ダ,omo_tekisei_code+class_code+ls_shisu_juni+tenkai_kigo_code,omo_tekisei_code,class_code,ls_shisu_juni,tenkai_kigo_code,13,2411,73.91,10.3,68.31,False
KEIBAJO_SURFACE_03_ダ,uma_start_shisu+pace_yoso+hizume_code+tenkai_kigo_code,uma_start_shisu,pace_yoso,hizume_code,tenkai_kigo_code,4,812,81.13,13.1,68.3,False
KEIBAJO_SURFACE_03_ダ,joken_class_code+class_code+hizume_code+tenkai_kigo_code,joken_class_code,class_code,hizume_code,tenkai_kigo_code,19,3578,74.03,12.74,68.3,False
KEIBAJO_SURFACE_03_ダ,uma_start_shisu+pace_yoso+kyori_kubun+joken_class_code,uma_start_shisu,pace_yoso,kyori_kubun,joken_class_code,21,4364,74.09,13.6,68.28,False
KEIBAJO_SURFACE_03_ダ,pace_yoso+omo_tekisei_code+class_code+kyori_tekisei,pace_yoso,omo_tekisei_code,class_code,kyori_tekisei,23,5927,72.89,11.32,68.26,False
KEIBAJO_SURFACE_03_ダ,joken_class_code+omo_tekisei_code+class_code+hizume_code,joken_class_code,omo_tekisei_code,class_code,hizume_code,31,5457,73.09,13.78,68.24,False
KEIBAJO_SURFACE_03_ダ,pace_yoso+kyori_kubun+omo_tekisei_code+kyori_tekisei,pace_yoso,kyori_kubun,omo_tekisei_code,kyori_tekisei,24,8602,71.45,8.07,68.22,False
KEIBAJO_SURFACE_03_ダ,pace_yoso+omo_tekisei_code+class_code+kishu_minarai_code,pace_yoso,omo_tekisei_code,class_code,kishu_minarai_code,10,1454,75.98,12.54,68.21,False
KEIBAJO_SURFACE_03_ダ,pace_yoso+kyori_kubun+joken_class_code+kishu_minarai_code,pace_yoso,kyori_kubun,joken_class_code,kishu_minarai_code,12,2324,73.21,9.01,68.11,False
KEIBAJO_SURFACE_03_ダ,uma_start_shisu+pace_yoso+joken_class_code+omo_tekisei_code,uma_start_shisu,pace_yoso,joken_class_code,omo_tekisei_code,16,3313,74.56,13.17,68.11,False
KEIBAJO_SURFACE_03_ダ,pace_yoso+kyori_kubun+joken_class_code+hizume_code,pace_yoso,kyori_kubun,joken_class_code,hizume_code,27,5679,71.65,9.48,68.08,False
KEIBAJO_SURFACE_03_ダ,kyori_kubun+joken_class_code+kyori_tekisei+tenkai_kigo_code,kyori_kubun,joken_class_code,kyori_tekisei,tenkai_kigo_code,30,7144,71.24,8.85,68.08,False
KEIBAJO_SURFACE_03_ダ,pace_yoso+kyori_kubun+manken_shirushi+tenkai_kigo_code,pace_yoso,kyori_kubun,manken_shirushi,tenkai_kigo_code,15,2198,76.83,17.34,68.05,False
KEIBAJO_SURFACE_03_ダ,uma_start_shisu+pace_yoso+joken_class_code+joho_shisu,uma_start_shisu,pace_yoso,joken_class_code,joho_shisu,7,1155,81.4,18.02,68.05,False
KEIBAJO_SURFACE_03_ダ,pace_yoso+omo_tekisei_code+uma_deokure_ritsu+hizume_code,pace_yoso,omo_tekisei_code,uma_deokure_ritsu,hizume_code,9,1419,73.75,8.73,68.05,False
KEIBAJO_SURFACE_03_ダ,kyori_kubun+joken_class_code+class_code+manken_shirushi,kyori_kubun,joken_class_code,class_code,manken_shirushi,22,3089,71.84,9.18,68.0,False
KEIBAJO_SURFACE_03_ダ,kyori_kubun+omo_tekisei_code+uma_deokure_ritsu+hizume_code,kyori_kubun,omo_tekisei_code,uma_deokure_ritsu,hizume_code,9,1222,73.26,8.06,67.99,False
KEIBAJO_SURFACE_03_ダ,pace_yoso+joken_class_code+class_code+hizume_code,pace_yoso,joken_class_code,class_code,hizume_code,21,5373,72.48,10.58,67.96,False
KEIBAJO_SURFACE_03_ダ,uma_start_shisu+kyori_kubun+omo_tekisei_code+tenkai_kigo_code,uma_start_shisu,kyori_kubun,omo_tekisei_code,tenkai_kigo_code,9,1966,73.42,8.4,67.93,False
KEIBAJO_SURFACE_03_ダ,pace_yoso+joken_class_code+omo_tekisei_code+kishu_minarai_code,pace_yoso,joken_class_code,omo_tekisei_code,kishu_minarai_code,10,1735,75.18,11.69,67.93,False
KEIBAJO_SURFACE_03_ダ,pace_yoso+kyori_kubun+class_code+hizume_code,pace_yoso,kyori_kubun,class_code,hizume_code,23,4120,72.82,11.99,67.92,False
KEIBAJO_SURFACE_03_ダ,kyori_kubun+omo_tekisei_code+class_code+ls_shisu_juni,kyori_kubun,omo_tekisei_code,class_code,ls_shisu_juni,23,3859,73.07,12.62,67.91,False
KEIBAJO_SURFACE_03_ダ,pace_yoso+joken_class_code+class_code+uma_deokure_ritsu,pace_yoso,joken_class_code,class_code,uma_deokure_ritsu,18,4095,72.62,10.28,67.88,False
KEIBAJO_SURFACE_03_ダ,pace_yoso+joken_class_code+omo_tekisei_code+tenkai_kigo_code,pace_yoso,joken_class_code,omo_tekisei_code,tenkai_kigo_code,29,7558,71.99,11.31,67.87,False
KEIBAJO_SURFACE_03_ダ,kyori_kubun+omo_tekisei_code+kyori_tekisei+tenkai_kigo_code,kyori_kubun,omo_tekisei_code,kyori_tekisei,tenkai_kigo_code,27,6395,71.87,10.66,67.85,False
KEIBAJO_SURFACE_03_ダ,kyori_kubun+omo_tekisei_code+class_code+hizume_code,kyori_kubun,omo_tekisei_code,class_code,hizume_code,18,2566,74.61,14.69,67.83,False
KEIBAJO_SURFACE_03_ダ,kyori_kubun+joken_class_code+gekiso_juni+tenkai_kigo_code,kyori_kubun,joken_class_code,gekiso_juni,tenkai_kigo_code,11,1192,74.95,12.12,67.79,False
KEIBAJO_SURFACE_03_ダ,pace_yoso+kyori_kubun+class_code+gekiso_juni,pace_yoso,kyori_kubun,class_code,gekiso_juni,13,1812,75.61,14.48,67.74,False
KEIBAJO_SURFACE_03_ダ,pace_yoso+omo_tekisei_code+class_code+hizume_code,pace_yoso,omo_tekisei_code,class_code,hizume_code,25,3894,73.32,14.39,67.68,False
KEIBAJO_SURFACE_03_ダ,pace_yoso+joken_class_code+class_code+tenkai_kigo_code,pace_yoso,joken_class_code,class_code,tenkai_kigo_code,21,7403,72.08,10.37,67.65,False
KEIBAJO_SURFACE_03_ダ,kyori_kubun+kyori_tekisei+uma_deokure_ritsu+hizume_code,kyori_kubun,kyori_tekisei,uma_deokure_ritsu,hizume_code,10,1333,73.99,10.25,67.64,False
KEIBAJO_SURFACE_03_ダ,pace_yoso+omo_tekisei_code+class_code+ls_shisu_juni,pace_yoso,omo_tekisei_code,class_code,ls_shisu_juni,23,4521,71.06,8.5,67.59,False
KEIBAJO_SURFACE_03_ダ,uma_start_shisu+pace_yoso+joho_shisu+ls_shisu_juni,uma_start_shisu,pace_yoso,joho_shisu,ls_shisu_juni,3,603,75.61,7.1,67.58,False
KEIBAJO_SURFACE_03_ダ,kyori_kubun+joken_class_code+class_code+idm,kyori_kubun,joken_class_code,class_code,idm,4,442,70.02,2.52,67.55,False
KEIBAJO_SURFACE_03_ダ,pace_yoso+joken_class_code+omo_tekisei_code+uma_deokure_ritsu,pace_yoso,joken_class_code,omo_tekisei_code,uma_deokure_ritsu,9,2961,71.77,6.48,67.54,False
KEIBAJO_SURFACE_03_ダ,kyori_kubun+joken_class_code+omo_tekisei_code+ls_shisu_juni,kyori_kubun,joken_class_code,omo_tekisei_code,ls_shisu_juni,31,5585,71.81,12.17,67.53,False
KEIBAJO_SURFACE_03_ダ,pace_yoso+joken_class_code+omo_tekisei_code+gekiso_juni,pace_yoso,joken_class_code,omo_tekisei_code,gekiso_juni,14,1673,72.87,10.21,67.52,False
KEIBAJO_SURFACE_03_ダ,uma_start_shisu+pace_yoso+class_code+tenkai_kigo_code,uma_start_shisu,pace_yoso,class_code,tenkai_kigo_code,10,2038,72.71,8.38,67.52,False
KEIBAJO_SURFACE_03_ダ,uma_start_shisu+kyori_kubun+kyori_tekisei+hizume_code,uma_start_shisu,kyori_kubun,kyori_tekisei,hizume_code,6,813,76.99,11.86,67.5,False
KEIBAJO_SURFACE_03_ダ,kyori_kubun+kyori_tekisei+ls_shisu_juni+tenkai_kigo_code,kyori_kubun,kyori_tekisei,ls_shisu_juni,tenkai_kigo_code,23,4237,72.66,12.62,67.5,False
KEIBAJO_SURFACE_03_ダ,uma_start_shisu+joken_class_code+class_code+ls_shisu_juni,uma_start_shisu,joken_class_code,class_code,ls_shisu_juni,8,1407,75.88,12.13,67.48,False
KEIBAJO_SURFACE_03_ダ,joho_shisu+ls_shisu_juni+tenkai_kigo_code+kishu_shisu,joho_shisu,ls_shisu_juni,tenkai_kigo_code,kishu_shisu,6,967,75.99,10.69,67.44,False
KEIBAJO_SURFACE_03_ダ,pace_yoso+joken_class_code+uma_deokure_ritsu+hizume_code,pace_yoso,joken_class_code,uma_deokure_ritsu,hizume_code,9,1559,72.95,8.45,67.43,False
KEIBAJO_SURFACE_03_ダ,uma_start_shisu+pace_yoso+joken_class_code+ls_shisu_juni,uma_start_shisu,pace_yoso,joken_class_code,ls_shisu_juni,10,1668,74.03,10.68,67.41,False
KEIBAJO_SURFACE_03_ダ,uma_start_shisu+kyori_kubun+joken_class_code+tenkai_kigo_code,uma_start_shisu,kyori_kubun,joken_class_code,tenkai_kigo_code,12,2274,72.64,9.25,67.41,False
KEIBAJO_SURFACE_03_ダ,pace_yoso+kyori_kubun+class_code+ls_shisu_juni,pace_yoso,kyori_kubun,class_code,ls_shisu_juni,22,5034,72.67,12.65,67.38,False
KEIBAJO_SURFACE_03_ダ,pace_yoso+kyori_kubun+gekiso_juni+tenkai_kigo_code,pace_yoso,kyori_kubun,gekiso_juni,tenkai_kigo_code,25,3745,72.28,12.54,67.37,False
KEIBAJO_SURFACE_03_ダ,uma_start_shisu+pace_yoso+kyori_kubun+kyori_tekisei,uma_start_shisu,pace_yoso,kyori_kubun,kyori_tekisei,21,4241,71.92,10.67,67.36,False
KEIBAJO_SURFACE_03_ダ,kyori_kubun+joken_class_code+class_code+ls_shisu_juni,kyori_kubun,joken_class_code,class_code,ls_shisu_juni,28,6534,71.52,11.27,67.34,False
KEIBAJO_SURFACE_03_ダ,uma_start_shisu+pace_yoso+kyori_kubun+hizume_code,uma_start_shisu,pace_yoso,kyori_kubun,hizume_code,8,1486,74.23,10.02,67.29,False
KEIBAJO_SURFACE_03_ダ,pace_yoso+joken_class_code+kyori_tekisei+tenkai_kigo_code,pace_yoso,joken_class_code,kyori_tekisei,tenkai_kigo_code,27,6828,71.23,10.45,67.29,False
KEIBAJO_SURFACE_03_ダ,kyori_kubun+omo_tekisei_code+class_code+kyori_tekisei,kyori_kubun,omo_tekisei_code,class_code,kyori_tekisei,26,6188,71.48,10.94,67.28,False
KEIBAJO_SURFACE_03_ダ,omo_tekisei_code+class_code+joho_shisu+ls_shisu_juni,omo_tekisei_code,class_code,joho_shisu,ls_shisu_juni,7,1064,80.44,17.77,67.27,False
KEIBAJO_SURFACE_03_ダ,pace_yoso+kyori_kubun+manken_shirushi+ls_shisu_juni,pace_yoso,kyori_kubun,manken_shirushi,ls_shisu_juni,8,921,72.67,7.81,67.26,False
KEIBAJO_SURFACE_03_ダ,kyori_kubun+joken_class_code+kyori_tekisei+ls_shisu_juni,kyori_kubun,joken_class_code,kyori_tekisei,ls_shisu_juni,31,5808,71.84,13.08,67.24,False
KEIBAJO_SURFACE_03_ダ,joken_class_code+omo_tekisei_code+class_code+ls_shisu_juni,joken_class_code,omo_tekisei_code,class_code,ls_shisu_juni,29,6054,70.88,10.18,67.18,False
KEIBAJO_SURFACE_03_ダ,uma_start_shisu+joken_class_code+class_code+kyori_tekisei,uma_start_shisu,joken_class_code,class_code,kyori_tekisei,16,2775,73.46,12.9,67.14,False
KEIBAJO_SURFACE_03_ダ,uma_start_shisu+pace_yoso+ls_shisu_juni+tenkai_kigo_code,uma_start_shisu,pace_yoso,ls_shisu_juni,tenkai_kigo_code,11,1728,74.42,12.42,67.08,False
KEIBAJO_SURFACE_03_ダ,pace_yoso+kyori_kubun+kyori_tekisei+kishu_minarai_code,pace_yoso,kyori_kubun,kyori_tekisei,kishu_minarai_code,10,1616,73.72,10.74,67.07,False
KEIBAJO_SURFACE_03_ダ,pace_yoso+class_code+manken_shirushi+kyori_tekisei,pace_yoso,class_code,manken_shirushi,kyori_tekisei,3,312,82.35,13.52,67.06,False
KEIBAJO_SURFACE_03_ダ,joken_class_code+class_code+uma_deokure_ritsu+tenkai_kigo_code,joken_class_code,class_code,uma_deokure_ritsu,tenkai_kigo_code,11,2525,72.88,9.85,67.06,False
KEIBAJO_SURFACE_03_ダ,class_code+kyori_tekisei+hizume_code+tenkai_kigo_code,class_code,kyori_tekisei,hizume_code,tenkai_kigo_code,7,1037,78.05,14.87,67.04,False
KEIBAJO_SURFACE_03_ダ,pace_yoso+omo_tekisei_code+class_code+tenkai_kigo_code,pace_yoso,omo_tekisei_code,class_code,tenkai_kigo_code,24,5735,71.96,12.31,67.04,False
KEIBAJO_SURFACE_03_ダ,pace_yoso+kyori_kubun+omo_tekisei_code+ls_shisu_juni,pace_yoso,kyori_kubun,omo_tekisei_code,ls_shisu_juni,35,7661,71.1,12.23,67.04,False
KEIBAJO_SURFACE_03_ダ,pace_yoso+class_code+ls_shisu_juni+tenkai_kigo_code,pace_yoso,class_code,ls_shisu_juni,tenkai_kigo_code,18,3630,72.38,11.65,67.0,False
KEIBAJO_SURFACE_03_ダ,joken_class_code+omo_tekisei_code+class_code+tenkai_kigo_code,joken_class_code,omo_tekisei_code,class_code,tenkai_kigo_code,25,6806,71.08,10.48,66.97,False
KEIBAJO_SURFACE_03_ダ,pace_yoso+kyori_kubun+joken_class_code+tenkai_kigo_code,pace_yoso,kyori_kubun,joken_class_code,tenkai_kigo_code,31,8753,70.7,10.65,66.96,False
KEIBAJO_SURFACE_03_ダ,pace_yoso+kyori_kubun+hizume_code+tenkai_kigo_code,pace_yoso,kyori_kubun,hizume_code,tenkai_kigo_code,24,4818,71.27,10.86,66.92,False
KEIBAJO_SURFACE_03_ダ,pace_yoso+kyori_kubun+joken_class_code+uma_deokure_ritsu,pace_yoso,kyori_kubun,joken_class_code,uma_deokure_ritsu,13,3614,71.26,8.1,66.86,False
KEIBAJO_SURFACE_03_ダ,kyori_kubun+manken_shirushi+kyori_tekisei+tenkai_kigo_code,kyori_kubun,manken_shirushi,kyori_tekisei,tenkai_kigo_code,4,441,75.63,8.99,66.83,False
KEIBAJO_SURFACE_03_ダ,joken_class_code+class_code+manken_shirushi+tenkai_kigo_code,joken_class_code,class_code,manken_shirushi,tenkai_kigo_code,15,1954,72.95,12.14,66.8,False
KEIBAJO_SURFACE_03_ダ,kyori_kubun+joho_shisu+kishu_kitai_rentai_ritsu+kishu_shisu,kyori_kubun,joho_shisu,kishu_kitai_rentai_ritsu,kishu_shisu,12,1608,77.69,19.36,66.74,False
KEIBAJO_SURFACE_03_ダ,uma_start_shisu+kyori_kubun+omo_tekisei_code+class_code,uma_start_shisu,kyori_kubun,omo_tekisei_code,class_code,12,1988,71.67,8.74,66.73,False
KEIBAJO_SURFACE_03_ダ,uma_start_shisu+kyori_kubun+joken_class_code+uma_deokure_ritsu,uma_start_shisu,kyori_kubun,joken_class_code,uma_deokure_ritsu,5,1581,69.62,3.3,66.72,False
KEIBAJO_SURFACE_03_ダ,kyori_kubun+class_code+kyori_tekisei+hizume_code,kyori_kubun,class_code,kyori_tekisei,hizume_code,13,2172,71.74,9.3,66.68,False
KEIBAJO_SURFACE_03_ダ,kyori_kubun+class_code+kyori_tekisei+kishu_minarai_code,kyori_kubun,class_code,kyori_tekisei,kishu_minarai_code,7,982,72.29,7.6,66.66,False
KEIBAJO_SURFACE_03_ダ,uma_start_shisu+joken_class_code+class_code+hizume_code,uma_start_shisu,joken_class_code,class_code,hizume_code,6,952,75.73,11.36,66.64,False
KEIBAJO_SURFACE_03_ダ,kyori_kubun+joken_class_code+class_code+uma_deokure_ritsu,kyori_kubun,joken_class_code,class_code,uma_deokure_ritsu,10,3064,71.12,7.22,66.64,False
KEIBAJO_SURFACE_03_ダ,uma_start_shisu+pace_yoso+joken_class_code+tenkai_kigo_code,uma_start_shisu,pace_yoso,joken_class_code,tenkai_kigo_code,14,2862,70.9,8.36,66.52,False
KEIBAJO_SURFACE_03_ダ,pace_yoso+joken_class_code+ls_shisu_juni+kishu_minarai_code,pace_yoso,joken_class_code,ls_shisu_juni,kishu_minarai_code,5,800,74.77,9.42,66.51,False
KEIBAJO_SURFACE_03_ダ,kyori_kubun+class_code+hizume_code+tenkai_kigo_code,kyori_kubun,class_code,hizume_code,tenkai_kigo_code,9,1653,78.14,17.79,66.51,False
KEIBAJO_SURFACE_03_ダ,pace_yoso+kyori_kubun+kishu_kitai_rentai_ritsu+kishu_shisu,pace_yoso,kyori_kubun,kishu_kitai_rentai_ritsu,kishu_shisu,16,2642,78.23,23.95,66.5,False
KEIBAJO_SURFACE_03_ダ,pace_yoso+joken_class_code+kyori_tekisei+uma_deokure_ritsu,pace_yoso,joken_class_code,kyori_tekisei,uma_deokure_ritsu,13,2852,74.6,14.98,66.46,False
KEIBAJO_SURFACE_03_ダ,pace_yoso+omo_tekisei_code+class_code+gekiso_juni,pace_yoso,omo_tekisei_code,class_code,gekiso_juni,6,655,73.01,8.18,66.46,False
KEIBAJO_SURFACE_03_ダ,uma_start_shisu+pace_yoso+kyori_tekisei+hizume_code,uma_start_shisu,pace_yoso,kyori_tekisei,hizume_code,9,1070,74.26,12.03,66.4,False
KEIBAJO_SURFACE_03_ダ,pace_yoso+omo_tekisei_code+kyori_tekisei+uma_deokure_ritsu,pace_yoso,omo_tekisei_code,kyori_tekisei,uma_deokure_ritsu,12,2674,70.75,7.7,66.4,False
KEIBAJO_SURFACE_03_ダ,joken_class_code+class_code+tenkai_kigo_code+kishu_minarai_code,joken_class_code,class_code,tenkai_kigo_code,kishu_minarai_code,7,1362,79.29,17.41,66.39,False
KEIBAJO_SURFACE_03_ダ,kyori_kubun+joken_class_code+uma_deokure_ritsu+tenkai_kigo_code,kyori_kubun,joken_class_code,uma_deokure_ritsu,tenkai_kigo_code,13,2675,72.18,10.67,66.38,False
KEIBAJO_SURFACE_03_ダ,uma_start_shisu+pace_yoso+kyori_kubun+joho_shisu,uma_start_shisu,pace_yoso,kyori_kubun,joho_shisu,9,1568,76.9,16.09,66.38,False
KEIBAJO_SURFACE_03_ダ,pace_yoso+kishu_kitai_rentai_ritsu+tenkai_kigo_code+kishu_shisu,pace_yoso,kishu_kitai_rentai_ritsu,tenkai_kigo_code,kishu_shisu,9,1601,82.0,23.95,66.35,False
KEIBAJO_SURFACE_03_ダ,pace_yoso+ls_shisu_juni+tenkai_kigo_code+kishu_shisu,pace_yoso,ls_shisu_juni,tenkai_kigo_code,kishu_shisu,5,1126,77.58,12.82,66.34,False
KEIBAJO_SURFACE_03_ダ,pace_yoso+joken_class_code+kyori_tekisei+ls_shisu_juni,pace_yoso,joken_class_code,kyori_tekisei,ls_shisu_juni,30,5890,71.01,13.07,66.33,False
KEIBAJO_SURFACE_03_ダ,pace_yoso+omo_tekisei_code+kyori_tekisei+ls_shisu_juni,pace_yoso,omo_tekisei_code,kyori_tekisei,ls_shisu_juni,26,4785,72.05,14.88,66.33,False
KEIBAJO_SURFACE_03_ダ,class_code+kyori_tekisei+ls_shisu_juni+tenkai_kigo_code,class_code,kyori_tekisei,ls_shisu_juni,tenkai_kigo_code,8,1596,74.92,12.44,66.3,False
KEIBAJO_SURFACE_03_ダ,pace_yoso+joken_class_code+kyori_tekisei+kishu_minarai_code,pace_yoso,joken_class_code,kyori_tekisei,kishu_minarai_code,10,1626,73.13,11.03,66.29,False
KEIBAJO_SURFACE_03_ダ,joken_class_code+omo_tekisei_code+class_code+gekiso_juni,joken_class_code,omo_tekisei_code,class_code,gekiso_juni,15,1782,71.09,9.5,66.28,False
KEIBAJO_SURFACE_03_ダ,uma_start_shisu+pace_yoso+tenkai_kigo_code+kishu_shisu,uma_start_shisu,pace_yoso,tenkai_kigo_code,kishu_shisu,3,512,83.97,15.65,66.27,False
KEIBAJO_SURFACE_03_ダ,pace_yoso+kyori_kubun+uma_deokure_ritsu+tenkai_kigo_code,pace_yoso,kyori_kubun,uma_deokure_ritsu,tenkai_kigo_code,14,3221,73.47,13.76,66.27,False
KEIBAJO_SURFACE_03_ダ,pace_yoso+joho_shisu+uma_deokure_ritsu+kishu_shisu,pace_yoso,joho_shisu,uma_deokure_ritsu,kishu_shisu,3,519,72.0,5.13,66.2,False
KEIBAJO_SURFACE_03_ダ,pace_yoso+joken_class_code+uma_deokure_ritsu+kishu_minarai_code,pace_yoso,joken_class_code,uma_deokure_ritsu,kishu_minarai_code,4,586,74.06,8.02,66.19,False
KEIBAJO_SURFACE_03_ダ,joken_class_code+class_code+gekiso_juni+tenkai_kigo_code,joken_class_code,class_code,gekiso_juni,tenkai_kigo_code,22,2913,72.42,14.93,66.18,False
KEIBAJO_SURFACE_03_ダ,pace_yoso+joken_class_code+kyori_tekisei+gekiso_juni,pace_yoso,joken_class_code,kyori_tekisei,gekiso_juni,19,2135,71.89,12.73,66.17,False
KEIBAJO_SURFACE_03_ダ,pace_yoso+class_code+kyori_tekisei+tenkai_kigo_code,pace_yoso,class_code,kyori_tekisei,tenkai_kigo_code,20,4695,71.71,12.67,66.15,False
KEIBAJO_SURFACE_03_ダ,pace_yoso+kyori_kubun+kyori_tekisei+ls_shisu_juni,pace_yoso,kyori_kubun,kyori_tekisei,ls_shisu_juni,30,7350,70.58,12.49,66.11,False
KEIBAJO_SURFACE_03_ダ,uma_start_shisu+pace_yoso+joken_class_code+kyori_tekisei,uma_start_shisu,pace_yoso,joken_class_code,kyori_tekisei,17,2957,71.86,12.16,66.07,False
KEIBAJO_SURFACE_03_ダ,joken_class_code+class_code+kyori_tekisei+ls_shisu_juni,joken_class_code,class_code,kyori_tekisei,ls_shisu_juni,28,5103,71.52,14.74,66.06,False
KEIBAJO_SURFACE_03_ダ,pace_yoso+joho_shisu+hizume_code+tenkai_kigo_code,pace_yoso,joho_shisu,hizume_code,tenkai_kigo_code,7,1270,84.46,24.89,66.03,False
KEIBAJO_SURFACE_03_ダ,kyori_kubun+kyori_tekisei+gekiso_juni+uma_deokure_ritsu,kyori_kubun,kyori_tekisei,gekiso_juni,uma_deokure_ritsu,3,325,81.3,13.51,66.02,False
KEIBAJO_SURFACE_03_ダ,kyori_kubun+joken_class_code+manken_shirushi+kyori_tekisei,kyori_kubun,joken_class_code,manken_shirushi,kyori_tekisei,16,1747,71.24,10.68,66.01,False
KEIBAJO_SURFACE_03_ダ,pace_yoso+omo_tekisei_code+hizume_code+ls_shisu_juni,pace_yoso,omo_tekisei_code,hizume_code,ls_shisu_juni,15,2137,73.6,15.02,66.0,False
KEIBAJO_SURFACE_03_ダ,pace_yoso+kyori_kubun+tenkai_kigo_code+kishu_minarai_code,pace_yoso,kyori_kubun,tenkai_kigo_code,kishu_minarai_code,6,1132,76.6,13.27,65.99,False
KEIBAJO_SURFACE_03_ダ,uma_start_shisu+pace_yoso+kyori_kubun+class_code,uma_start_shisu,pace_yoso,kyori_kubun,class_code,12,2638,75.5,16.82,65.99,False
KEIBAJO_SURFACE_03_ダ,pace_yoso+joken_class_code+hizume_code+kishu_minarai_code,pace_yoso,joken_class_code,hizume_code,kishu_minarai_code,4,487,81.86,16.22,65.97,False
KEIBAJO_SURFACE_03_ダ,pace_yoso+joken_class_code+hizume_code+ls_shisu_juni,pace_yoso,joken_class_code,hizume_code,ls_shisu_juni,10,1675,76.4,16.87,65.94,False
KEIBAJO_SURFACE_03_ダ,uma_start_shisu+pace_yoso+kyori_tekisei+tenkai_kigo_code,uma_start_shisu,pace_yoso,kyori_tekisei,tenkai_kigo_code,8,1708,75.53,13.86,65.93,False
KEIBAJO_SURFACE_03_ダ,joken_class_code+kyori_tekisei+ls_shisu_juni+tenkai_kigo_code,joken_class_code,kyori_tekisei,ls_shisu_juni,tenkai_kigo_code,14,2667,71.82,11.27,65.92,False
KEIBAJO_SURFACE_03_ダ,pace_yoso+gekiso_juni+ls_shisu_juni+tenkai_kigo_code,pace_yoso,gekiso_juni,ls_shisu_juni,tenkai_kigo_code,3,321,72.35,5.71,65.89,False
KEIBAJO_SURFACE_03_ダ,joken_class_code+omo_tekisei_code+uma_deokure_ritsu+tenkai_kigo_code,joken_class_code,omo_tekisei_code,uma_deokure_ritsu,tenkai_kigo_code,9,2062,74.52,13.24,65.87,False
KEIBAJO_SURFACE_03_ダ,uma_start_shisu+kyori_kubun+joken_class_code+omo_tekisei_code,uma_start_shisu,kyori_kubun,joken_class_code,omo_tekisei_code,14,2764,70.44,8.76,65.85,False
KEIBAJO_SURFACE_03_ダ,pace_yoso+class_code+kyori_tekisei+hizume_code,pace_yoso,class_code,kyori_tekisei,hizume_code,13,2243,71.96,11.27,65.84,False
KEIBAJO_SURFACE_03_ダ,joken_class_code+omo_tekisei_code+kyori_tekisei+ls_shisu_juni,joken_class_code,omo_tekisei_code,kyori_tekisei,ls_shisu_juni,19,3066,72.37,14.62,65.8,False
KEIBAJO_SURFACE_03_ダ,uma_start_shisu+pace_yoso+kyori_kubun+tenkai_kigo_code,uma_start_shisu,pace_yoso,kyori_kubun,tenkai_kigo_code,18,3835,70.45,10.25,65.71,False
KEIBAJO_SURFACE_03_ダ,kyori_kubun+omo_tekisei_code+kyori_tekisei+ls_shisu_juni,kyori_kubun,omo_tekisei_code,kyori_tekisei,ls_shisu_juni,30,5191,70.38,13.14,65.68,False
KEIBAJO_SURFACE_03_ダ,pace_yoso+joho_shisu+kyori_tekisei+hizume_code,pace_yoso,joho_shisu,kyori_tekisei,hizume_code,5,720,76.57,12.51,65.61,False
KEIBAJO_SURFACE_03_ダ,pace_yoso+kyori_tekisei+uma_deokure_ritsu+hizume_code,pace_yoso,kyori_tekisei,uma_deokure_ritsu,hizume_code,8,1048,74.76,13.22,65.59,False
KEIBAJO_SURFACE_03_ダ,joken_class_code+class_code+kyori_tekisei+tenkai_kigo_code,joken_class_code,class_code,kyori_tekisei,tenkai_kigo_code,23,5880,70.8,12.74,65.59,False
KEIBAJO_SURFACE_03_ダ,kyori_tekisei+uma_deokure_ritsu+ls_shisu_juni+tenkai_kigo_code,kyori_tekisei,uma_deokure_ritsu,ls_shisu_juni,tenkai_kigo_code,6,803,72.02,8.11,65.53,False
KEIBAJO_SURFACE_03_ダ,joken_class_code+omo_tekisei_code+class_code+manken_shirushi,joken_class_code,omo_tekisei_code,class_code,manken_shirushi,15,1868,70.65,10.15,65.52,False
KEIBAJO_SURFACE_03_ダ,joken_class_code+class_code+kyori_tekisei+gekiso_juni,joken_class_code,class_code,kyori_tekisei,gekiso_juni,15,1686,70.49,9.93,65.46,False
KEIBAJO_SURFACE_03_ダ,kyori_kubun+joken_class_code+ls_shisu_juni+tenkai_kigo_code,kyori_kubun,joken_class_code,ls_shisu_juni,tenkai_kigo_code,23,4296,71.13,13.98,65.42,False
KEIBAJO_SURFACE_03_ダ,uma_start_shisu+omo_tekisei_code+kyori_tekisei+tenkai_kigo_code,uma_start_shisu,omo_tekisei_code,kyori_tekisei,tenkai_kigo_code,9,1436,73.6,12.53,65.41,False
KEIBAJO_SURFACE_03_ダ,pace_yoso+kyori_kubun+ls_shisu_juni+kishu_shisu,pace_yoso,kyori_kubun,ls_shisu_juni,kishu_shisu,11,2051,70.89,9.45,65.3,False
KEIBAJO_SURFACE_03_ダ,kyori_kubun+kyori_tekisei+gekiso_juni+tenkai_kigo_code,kyori_kubun,kyori_tekisei,gekiso_juni,tenkai_kigo_code,11,1261,71.93,11.29,65.26,False
KEIBAJO_SURFACE_03_ダ,joken_class_code+omo_tekisei_code+hizume_code+ls_shisu_juni,joken_class_code,omo_tekisei_code,hizume_code,ls_shisu_juni,5,592,88.13,26.11,65.25,False
KEIBAJO_SURFACE_03_ダ,pace_yoso+kyori_kubun+kyori_tekisei+tenkai_kigo_code,pace_yoso,kyori_kubun,kyori_tekisei,tenkai_kigo_code,30,8558,68.94,10.66,65.13,False
KEIBAJO_SURFACE_03_ダ,pace_yoso+joken_class_code+class_code+kishu_kitai_rentai_ritsu,pace_yoso,joken_class_code,class_code,kishu_kitai_rentai_ritsu,6,910,89.9,31.04,65.06,False
KEIBAJO_SURFACE_03_ダ,uma_start_shisu+joken_class_code+uma_deokure_ritsu+hizume_code,uma_start_shisu,joken_class_code,uma_deokure_ritsu,hizume_code,3,538,68.4,3.06,64.94,False
KEIBAJO_SURFACE_03_ダ,uma_start_shisu+kyori_kubun+omo_tekisei_code+ls_shisu_juni,uma_start_shisu,kyori_kubun,omo_tekisei_code,ls_shisu_juni,9,1342,73.9,13.73,64.93,False
KEIBAJO_SURFACE_03_ダ,pace_yoso+kyori_kubun+class_code+kishu_minarai_code,pace_yoso,kyori_kubun,class_code,kishu_minarai_code,9,1562,73.43,13.03,64.91,False
KEIBAJO_SURFACE_03_ダ,uma_start_shisu+pace_yoso+omo_tekisei_code+joho_shisu,uma_start_shisu,pace_yoso,omo_tekisei_code,joho_shisu,4,834,77.32,12.69,64.88,False
KEIBAJO_SURFACE_03_ダ,kyori_kubun+joken_class_code+uma_deokure_ritsu+hizume_code,kyori_kubun,joken_class_code,uma_deokure_ritsu,hizume_code,10,1503,72.09,11.67,64.86,False
KEIBAJO_SURFACE_03_ダ,pace_yoso+omo_tekisei_code+ls_shisu_juni+kishu_shisu,pace_yoso,omo_tekisei_code,ls_shisu_juni,kishu_shisu,12,1675,75.38,18.6,64.85,False
KEIBAJO_SURFACE_03_ダ,joken_class_code+class_code+kyori_tekisei+hizume_code,joken_class_code,class_code,kyori_tekisei,hizume_code,17,3148,69.84,10.54,64.83,False
KEIBAJO_SURFACE_03_ダ,pace_yoso+kyori_kubun+joho_shisu+gekiso_juni,pace_yoso,kyori_kubun,joho_shisu,gekiso_juni,9,997,76.11,17.3,64.81,False
KEIBAJO_SURFACE_03_ダ,joken_class_code+class_code+tenkai_kigo_code+kishu_shisu,joken_class_code,class_code,tenkai_kigo_code,kishu_shisu,11,2064,79.8,25.36,64.81,False
KEIBAJO_SURFACE_03_ダ,kyori_kubun+kyori_tekisei+hizume_code+ls_shisu_juni,kyori_kubun,kyori_tekisei,hizume_code,ls_shisu_juni,11,1355,74.32,16.12,64.79,False
KEIBAJO_SURFACE_03_ダ,pace_yoso+kyori_kubun+joho_shisu+manken_shirushi,pace_yoso,kyori_kubun,joho_shisu,manken_shirushi,6,657,76.5,14.65,64.78,False
KEIBAJO_SURFACE_03_ダ,omo_tekisei_code+class_code+hizume_code+tenkai_kigo_code,omo_tekisei_code,class_code,hizume_code,tenkai_kigo_code,11,1603,73.85,15.47,64.71,False
KEIBAJO_SURFACE_03_ダ,pace_yoso+hizume_code+ls_shisu_juni+tenkai_kigo_code,pace_yoso,hizume_code,ls_shisu_juni,tenkai_kigo_code,9,1661,74.42,14.93,64.67,False
KEIBAJO_SURFACE_03_ダ,pace_yoso+omo_tekisei_code+class_code+uma_deokure_ritsu,pace_yoso,omo_tekisei_code,class_code,uma_deokure_ritsu,10,2428,70.22,8.99,64.65,False
KEIBAJO_SURFACE_03_ダ,pace_yoso+joken_class_code+hizume_code+tenkai_kigo_code,pace_yoso,joken_class_code,hizume_code,tenkai_kigo_code,21,3736,70.73,14.23,64.65,False
KEIBAJO_SURFACE_03_ダ,pace_yoso+kyori_kubun+kishu_kitai_rentai_ritsu+tenkai_kigo_code,pace_yoso,kyori_kubun,kishu_kitai_rentai_ritsu,tenkai_kigo_code,6,734,84.88,25.3,64.64,False
KEIBAJO_SURFACE_03_ダ,pace_yoso+kyori_kubun+uma_deokure_ritsu+hizume_code,pace_yoso,kyori_kubun,uma_deokure_ritsu,hizume_code,11,1933,70.96,10.74,64.61,False
KEIBAJO_SURFACE_03_ダ,kyori_kubun+class_code+kyori_tekisei+tenkai_kigo_code,kyori_kubun,class_code,kyori_tekisei,tenkai_kigo_code,23,4919,69.54,12.18,64.57,False
KEIBAJO_SURFACE_03_ダ,pace_yoso+class_code+kishu_kitai_rentai_ritsu+kishu_shisu,pace_yoso,class_code,kishu_kitai_rentai_ritsu,kishu_shisu,6,918,89.23,30.81,64.57,False
KEIBAJO_SURFACE_03_ダ,uma_start_shisu+kyori_kubun+uma_deokure_ritsu+hizume_code,uma_start_shisu,kyori_kubun,uma_deokure_ritsu,hizume_code,5,800,68.91,4.97,64.55,False
KEIBAJO_SURFACE_03_ダ,pace_yoso+joken_class_code+manken_shirushi+tenkai_kigo_code,pace_yoso,joken_class_code,manken_shirushi,tenkai_kigo_code,10,1340,75.27,17.3,64.55,False
KEIBAJO_SURFACE_03_ダ,pace_yoso+omo_tekisei_code+uma_deokure_ritsu+tenkai_kigo_code,pace_yoso,omo_tekisei_code,uma_deokure_ritsu,tenkai_kigo_code,10,2470,69.79,8.46,64.55,False
KEIBAJO_SURFACE_03_ダ,uma_start_shisu+kyori_kubun+omo_tekisei_code+hizume_code,uma_start_shisu,kyori_kubun,omo_tekisei_code,hizume_code,5,690,70.85,7.2,64.53,False
KEIBAJO_SURFACE_03_ダ,kyori_kubun+omo_tekisei_code+class_code+uma_deokure_ritsu,kyori_kubun,omo_tekisei_code,class_code,uma_deokure_ritsu,11,2319,69.77,9.01,64.45,False
KEIBAJO_SURFACE_03_ダ,omo_tekisei_code+class_code+kyori_tekisei+hizume_code,omo_tekisei_code,class_code,kyori_tekisei,hizume_code,10,1418,74.09,15.58,64.43,False
KEIBAJO_SURFACE_03_ダ,uma_start_shisu+joken_class_code+omo_tekisei_code+class_code,uma_start_shisu,joken_class_code,omo_tekisei_code,class_code,14,2974,70.27,11.18,64.42,False
KEIBAJO_SURFACE_03_ダ,pace_yoso+joken_class_code+uma_deokure_ritsu+ls_shisu_juni,pace_yoso,joken_class_code,uma_deokure_ritsu,ls_shisu_juni,13,2280,71.5,13.04,64.41,False
KEIBAJO_SURFACE_03_ダ,kyori_kubun+joken_class_code+kyori_tekisei+kishu_minarai_code,kyori_kubun,joken_class_code,kyori_tekisei,kishu_minarai_code,9,1477,70.13,8.77,64.4,False
KEIBAJO_SURFACE_03_ダ,uma_start_shisu+joken_class_code+class_code+uma_deokure_ritsu,uma_start_shisu,joken_class_code,class_code,uma_deokure_ritsu,4,1398,70.88,6.62,64.39,False
KEIBAJO_SURFACE_03_ダ,uma_start_shisu+pace_yoso+joken_class_code+hizume_code,uma_start_shisu,pace_yoso,joken_class_code,hizume_code,6,982,72.94,10.68,64.39,False
KEIBAJO_SURFACE_03_ダ,pace_yoso+kyori_kubun+kyori_tekisei+uma_deokure_ritsu,pace_yoso,kyori_kubun,kyori_tekisei,uma_deokure_ritsu,8,2753,69.19,7.0,64.35,False
KEIBAJO_SURFACE_03_ダ,uma_start_shisu+kyori_kubun+omo_tekisei_code+kyori_tekisei,uma_start_shisu,kyori_kubun,omo_tekisei_code,kyori_tekisei,12,2471,70.26,10.5,64.32,False
KEIBAJO_SURFACE_03_ダ,pace_yoso+joken_class_code+manken_shirushi+kyori_tekisei,pace_yoso,joken_class_code,manken_shirushi,kyori_tekisei,15,1636,71.8,14.84,64.29,False
KEIBAJO_SURFACE_03_ダ,pace_yoso+joken_class_code+class_code+kishu_minarai_code,pace_yoso,joken_class_code,class_code,kishu_minarai_code,8,2016,74.4,14.63,64.27,False
KEIBAJO_SURFACE_03_ダ,uma_start_shisu+kyori_kubun+joken_class_code+kyori_tekisei,uma_start_shisu,kyori_kubun,joken_class_code,kyori_tekisei,18,3107,71.31,15.26,64.26,False
KEIBAJO_SURFACE_03_ダ,pace_yoso+omo_tekisei_code+gekiso_juni+tenkai_kigo_code,pace_yoso,omo_tekisei_code,gekiso_juni,tenkai_kigo_code,19,2123,71.7,16.55,64.26,False
KEIBAJO_SURFACE_03_ダ,pace_yoso+omo_tekisei_code+tenkai_kigo_code+kishu_minarai_code,pace_yoso,omo_tekisei_code,tenkai_kigo_code,kishu_minarai_code,6,930,76.95,15.86,64.26,False
KEIBAJO_SURFACE_03_ダ,uma_start_shisu+kyori_kubun+kyori_tekisei+tenkai_kigo_code,uma_start_shisu,kyori_kubun,kyori_tekisei,tenkai_kigo_code,12,2199,71.94,13.65,64.22,False
KEIBAJO_SURFACE_03_ダ,pace_yoso+kyori_kubun+ls_shisu_juni+tenkai_kigo_code,pace_yoso,kyori_kubun,ls_shisu_juni,tenkai_kigo_code,31,6628,69.12,14.11,64.15,False
KEIBAJO_SURFACE_03_ダ,pace_yoso+kyori_kubun+uma_deokure_ritsu+ls_shisu_juni,pace_yoso,kyori_kubun,uma_deokure_ritsu,ls_shisu_juni,14,2635,69.76,10.8,64.1,False
KEIBAJO_SURFACE_03_ダ,pace_yoso+joken_class_code+kishu_kitai_rentai_ritsu+kishu_shisu,pace_yoso,joken_class_code,kishu_kitai_rentai_ritsu,kishu_shisu,15,2104,72.86,17.41,64.05,False
KEIBAJO_SURFACE_03_ダ,pace_yoso+class_code+kyori_tekisei+ls_shisu_juni,pace_yoso,class_code,kyori_tekisei,ls_shisu_juni,22,3859,70.06,14.4,64.04,False
KEIBAJO_SURFACE_03_ダ,omo_tekisei_code+kyori_tekisei+hizume_code+tenkai_kigo_code,omo_tekisei_code,kyori_tekisei,hizume_code,tenkai_kigo_code,11,1462,70.7,11.27,64.04,False
KEIBAJO_SURFACE_03_ダ,kyori_kubun+joken_class_code+manken_shirushi+tenkai_kigo_code,kyori_kubun,joken_class_code,manken_shirushi,tenkai_kigo_code,7,773,74.19,13.76,63.99,False
KEIBAJO_SURFACE_03_ダ,pace_yoso+class_code+kyori_tekisei+uma_deokure_ritsu,pace_yoso,class_code,kyori_tekisei,uma_deokure_ritsu,10,1974,73.69,15.73,63.95,False
KEIBAJO_SURFACE_03_ダ,pace_yoso+omo_tekisei_code+ls_shisu_juni+tenkai_kigo_code,pace_yoso,omo_tekisei_code,ls_shisu_juni,tenkai_kigo_code,23,4642,69.59,13.84,63.94,False
KEIBAJO_SURFACE_03_ダ,pace_yoso+omo_tekisei_code+kishu_kitai_rentai_ritsu+kishu_shisu,pace_yoso,omo_tekisei_code,kishu_kitai_rentai_ritsu,kishu_shisu,16,1914,83.31,39.55,63.93,False
KEIBAJO_SURFACE_03_ダ,uma_start_shisu+pace_yoso+kyori_kubun+uma_deokure_ritsu,uma_start_shisu,pace_yoso,kyori_kubun,uma_deokure_ritsu,4,1562,71.41,7.63,63.93,False
KEIBAJO_SURFACE_03_ダ,pace_yoso+kyori_kubun+joho_shisu+ls_shisu_juni,pace_yoso,kyori_kubun,joho_shisu,ls_shisu_juni,12,3076,70.87,12.3,63.91,False
KEIBAJO_SURFACE_03_ダ,kyori_kubun+joken_class_code+hizume_code+ls_shisu_juni,kyori_kubun,joken_class_code,hizume_code,ls_shisu_juni,13,1627,74.24,18.99,63.91,False
KEIBAJO_SURFACE_03_ダ,pace_yoso+omo_tekisei_code+manken_shirushi+tenkai_kigo_code,pace_yoso,omo_tekisei_code,manken_shirushi,tenkai_kigo_code,11,1191,73.09,15.56,63.89,False
KEIBAJO_SURFACE_03_ダ,joho_shisu+kishu_kitai_rentai_ritsu+tenkai_kigo_code+kishu_shisu,joho_shisu,kishu_kitai_rentai_ritsu,tenkai_kigo_code,kishu_shisu,9,1193,79.62,24.1,63.88,False
KEIBAJO_SURFACE_03_ダ,pace_yoso+kyori_kubun+joho_shisu+kishu_kitai_rentai_ritsu,pace_yoso,kyori_kubun,joho_shisu,kishu_kitai_rentai_ritsu,4,495,78.09,14.52,63.86,False
KEIBAJO_SURFACE_03_ダ,kyori_kubun+class_code+uma_deokure_ritsu+tenkai_kigo_code,kyori_kubun,class_code,uma_deokure_ritsu,tenkai_kigo_code,8,1648,71.87,11.67,63.79,False
KEIBAJO_SURFACE_03_ダ,uma_start_shisu+kyori_kubun+class_code+tenkai_kigo_code,uma_start_shisu,kyori_kubun,class_code,tenkai_kigo_code,9,1603,71.3,11.69,63.66,False
KEIBAJO_SURFACE_03_ダ,joken_class_code+class_code+hizume_code+ls_shisu_juni,joken_class_code,class_code,hizume_code,ls_shisu_juni,14,2091,70.61,13.29,63.65,False
KEIBAJO_SURFACE_03_ダ,uma_start_shisu+omo_tekisei_code+joho_shisu+tenkai_kigo_code,uma_start_shisu,omo_tekisei_code,joho_shisu,tenkai_kigo_code,4,659,77.18,13.91,63.55,False
KEIBAJO_SURFACE_03_ダ,pace_yoso+joken_class_code+ls_shisu_juni+tenkai_kigo_code,pace_yoso,joken_class_code,ls_shisu_juni,tenkai_kigo_code,24,5045,68.89,13.4,63.53,False
KEIBAJO_SURFACE_03_ダ,uma_start_shisu+pace_yoso+omo_tekisei_code+class_code,uma_start_shisu,pace_yoso,omo_tekisei_code,class_code,11,2177,69.17,9.59,63.51,False
KEIBAJO_SURFACE_03_ダ,uma_start_shisu+pace_yoso+omo_tekisei_code+kyori_tekisei,uma_start_shisu,pace_yoso,omo_tekisei_code,kyori_tekisei,14,2578,69.63,11.73,63.48,False
KEIBAJO_SURFACE_03_ダ,uma_start_shisu+omo_tekisei_code+ls_shisu_juni+tenkai_kigo_code,uma_start_shisu,omo_tekisei_code,ls_shisu_juni,tenkai_kigo_code,6,919,77.93,18.08,63.46,False
KEIBAJO_SURFACE_03_ダ,pace_yoso+omo_tekisei_code+class_code+manken_shirushi,pace_yoso,omo_tekisei_code,class_code,manken_shirushi,5,560,70.15,7.66,63.43,False
KEIBAJO_SURFACE_03_ダ,pace_yoso+omo_tekisei_code+class_code+kishu_shisu,pace_yoso,omo_tekisei_code,class_code,kishu_shisu,9,1443,75.08,17.91,63.38,False
KEIBAJO_SURFACE_03_ダ,kyori_kubun+kishu_kitai_rentai_ritsu+tenkai_kigo_code+kishu_shisu,kyori_kubun,kishu_kitai_rentai_ritsu,tenkai_kigo_code,kishu_shisu,9,1271,79.56,24.81,63.36,False
KEIBAJO_SURFACE_03_ダ,pace_yoso+joken_class_code+class_code+kishu_shisu,pace_yoso,joken_class_code,class_code,kishu_shisu,18,3748,73.61,22.23,63.34,False
KEIBAJO_SURFACE_03_ダ,kyori_kubun+omo_tekisei_code+uma_deokure_ritsu+tenkai_kigo_code,kyori_kubun,omo_tekisei_code,uma_deokure_ritsu,tenkai_kigo_code,11,2344,69.13,9.82,63.33,False
KEIBAJO_SURFACE_03_ダ,joken_class_code+class_code+kyori_tekisei+uma_deokure_ritsu,joken_class_code,class_code,kyori_tekisei,uma_deokure_ritsu,10,2532,72.13,14.2,63.33,False
KEIBAJO_SURFACE_03_ダ,kyori_kubun+joken_class_code+class_code+kishu_shisu,kyori_kubun,joken_class_code,class_code,kishu_shisu,17,2888,78.59,32.29,63.24,False
KEIBAJO_SURFACE_03_ダ,pace_yoso+kyori_kubun+joho_shisu+hizume_code,pace_yoso,kyori_kubun,joho_shisu,hizume_code,12,1985,71.8,15.33,63.12,False
KEIBAJO_SURFACE_03_ダ,pace_yoso+joken_class_code+uma_deokure_ritsu+tenkai_kigo_code,pace_yoso,joken_class_code,uma_deokure_ritsu,tenkai_kigo_code,13,2814,69.26,11.3,63.12,False
KEIBAJO_SURFACE_03_ダ,omo_tekisei_code+class_code+joho_shisu+kyori_tekisei,omo_tekisei_code,class_code,joho_shisu,kyori_tekisei,11,1702,73.94,18.41,63.06,False
KEIBAJO_SURFACE_03_ダ,kyori_kubun+joken_class_code+omo_tekisei_code+kishu_minarai_code,kyori_kubun,joken_class_code,omo_tekisei_code,kishu_minarai_code,10,1287,72.4,15.11,63.03,False
KEIBAJO_SURFACE_03_ダ,kyori_kubun+class_code+kyori_tekisei+uma_deokure_ritsu,kyori_kubun,class_code,kyori_tekisei,uma_deokure_ritsu,11,2202,71.11,13.69,63.02,False
KEIBAJO_SURFACE_03_ダ,kyori_kubun+class_code+kyori_tekisei+ls_shisu_juni,kyori_kubun,class_code,kyori_tekisei,ls_shisu_juni,17,3230,71.4,17.75,62.96,False
KEIBAJO_SURFACE_03_ダ,pace_yoso+kyori_tekisei+ls_shisu_juni+tenkai_kigo_code,pace_yoso,kyori_tekisei,ls_shisu_juni,tenkai_kigo_code,18,3647,70.22,15.88,62.89,False
KEIBAJO_SURFACE_03_ダ,uma_start_shisu+uma_deokure_ritsu+hizume_code+tenkai_kigo_code,uma_start_shisu,uma_deokure_ritsu,hizume_code,tenkai_kigo_code,3,493,68.85,5.32,62.83,False
KEIBAJO_SURFACE_03_ダ,uma_start_shisu+pace_yoso+joho_shisu+tenkai_kigo_code,uma_start_shisu,pace_yoso,joho_shisu,tenkai_kigo_code,7,1181,75.18,16.66,62.83,False
KEIBAJO_SURFACE_03_ダ,joken_class_code+class_code+uma_deokure_ritsu+ls_shisu_juni,joken_class_code,class_code,uma_deokure_ritsu,ls_shisu_juni,11,2002,69.01,10.49,62.81,False
KEIBAJO_SURFACE_03_ダ,joken_class_code+class_code+manken_shirushi+kyori_tekisei,joken_class_code,class_code,manken_shirushi,kyori_tekisei,12,1376,70.7,14.04,62.76,False
KEIBAJO_SURFACE_03_ダ,uma_start_shisu+omo_tekisei_code+kyori_tekisei+uma_deokure_ritsu,uma_start_shisu,omo_tekisei_code,kyori_tekisei,uma_deokure_ritsu,9,1403,73.15,15.94,62.74,False
KEIBAJO_SURFACE_03_ダ,uma_start_shisu+omo_tekisei_code+hizume_code+tenkai_kigo_code,uma_start_shisu,omo_tekisei_code,hizume_code,tenkai_kigo_code,4,482,70.29,7.83,62.61,False
KEIBAJO_SURFACE_03_ダ,kyori_kubun+kyori_tekisei+uma_deokure_ritsu+tenkai_kigo_code,kyori_kubun,kyori_tekisei,uma_deokure_ritsu,tenkai_kigo_code,10,2187,68.45,9.44,62.59,False
KEIBAJO_SURFACE_03_ダ,kyori_kubun+kyori_tekisei+tenkai_kigo_code+kishu_minarai_code,kyori_kubun,kyori_tekisei,tenkai_kigo_code,kishu_minarai_code,5,654,71.15,9.77,62.59,False
KEIBAJO_SURFACE_03_ダ,uma_start_shisu+pace_yoso+class_code+kyori_tekisei,uma_start_shisu,pace_yoso,class_code,kyori_tekisei,9,1632,73.27,16.39,62.56,False
KEIBAJO_SURFACE_03_ダ,joken_class_code+hizume_code+ls_shisu_juni+tenkai_kigo_code,joken_class_code,hizume_code,ls_shisu_juni,tenkai_kigo_code,8,977,78.41,22.89,62.54,False
KEIBAJO_SURFACE_03_ダ,joken_class_code+kyori_tekisei+uma_deokure_ritsu+tenkai_kigo_code,joken_class_code,kyori_tekisei,uma_deokure_ritsu,tenkai_kigo_code,10,1830,72.64,16.28,62.54,False
KEIBAJO_SURFACE_03_ダ,uma_start_shisu+pace_yoso+omo_tekisei_code+kishu_shisu,uma_start_shisu,pace_yoso,omo_tekisei_code,kishu_shisu,5,572,78.17,17.85,62.52,False
KEIBAJO_SURFACE_03_ダ,pace_yoso+kyori_tekisei+tenkai_kigo_code+kishu_shisu,pace_yoso,kyori_tekisei,tenkai_kigo_code,kishu_shisu,9,1476,74.05,17.66,62.52,False
KEIBAJO_SURFACE_03_ダ,pace_yoso+joken_class_code+idm+tenkai_kigo_code,pace_yoso,joken_class_code,idm,tenkai_kigo_code,6,668,78.38,19.84,62.5,False
KEIBAJO_SURFACE_03_ダ,uma_start_shisu+kyori_kubun+joken_class_code+ls_shisu_juni,uma_start_shisu,kyori_kubun,joken_class_code,ls_shisu_juni,8,1262,69.24,9.74,62.49,False
KEIBAJO_SURFACE_03_ダ,pace_yoso+kyori_kubun+class_code+uma_deokure_ritsu,pace_yoso,kyori_kubun,class_code,uma_deokure_ritsu,10,2523,69.63,11.53,62.48,False
KEIBAJO_SURFACE_03_ダ,uma_start_shisu+joken_class_code+uma_deokure_ritsu+tenkai_kigo_code,uma_start_shisu,joken_class_code,uma_deokure_ritsu,tenkai_kigo_code,6,1277,72.99,13.13,62.48,False
KEIBAJO_SURFACE_03_ダ,omo_tekisei_code+hizume_code+ls_shisu_juni+tenkai_kigo_code,omo_tekisei_code,hizume_code,ls_shisu_juni,tenkai_kigo_code,8,920,73.37,15.75,62.45,False
KEIBAJO_SURFACE_03_ダ,kyori_kubun+joken_class_code+uma_deokure_ritsu+ls_shisu_juni,kyori_kubun,joken_class_code,uma_deokure_ritsu,ls_shisu_juni,13,2090,68.46,11.11,62.42,False
KEIBAJO_SURFACE_03_ダ,joken_class_code+omo_tekisei_code+class_code+uma_deokure_ritsu,joken_class_code,omo_tekisei_code,class_code,uma_deokure_ritsu,11,2983,72.51,17.1,62.4,False
KEIBAJO_SURFACE_03_ダ,pace_yoso+kyori_kubun+uma_deokure_ritsu+kishu_shisu,pace_yoso,kyori_kubun,uma_deokure_ritsu,kishu_shisu,4,671,73.47,11.29,62.4,False
KEIBAJO_SURFACE_03_ダ,uma_start_shisu+kyori_kubun+class_code+uma_deokure_ritsu,uma_start_shisu,kyori_kubun,class_code,uma_deokure_ritsu,6,1268,68.93,8.18,62.38,False
KEIBAJO_SURFACE_03_ダ,uma_start_shisu+kyori_tekisei+ls_shisu_juni+tenkai_kigo_code,uma_start_shisu,kyori_tekisei,ls_shisu_juni,tenkai_kigo_code,6,765,82.24,24.84,62.37,False
KEIBAJO_SURFACE_03_ダ,class_code+kyori_tekisei+uma_deokure_ritsu+tenkai_kigo_code,class_code,kyori_tekisei,uma_deokure_ritsu,tenkai_kigo_code,7,1200,71.76,12.7,62.35,False
KEIBAJO_SURFACE_03_ダ,pace_yoso+joho_shisu+gekiso_juni+tenkai_kigo_code,pace_yoso,joho_shisu,gekiso_juni,tenkai_kigo_code,7,775,73.81,15.49,62.34,False
KEIBAJO_SURFACE_03_ダ,uma_start_shisu+kyori_kubun+joho_shisu+ls_shisu_juni,uma_start_shisu,kyori_kubun,joho_shisu,ls_shisu_juni,4,636,76.47,14.45,62.31,False
KEIBAJO_SURFACE_03_ダ,kyori_kubun+joken_class_code+ls_shisu_juni+kishu_minarai_code,kyori_kubun,joken_class_code,ls_shisu_juni,kishu_minarai_code,4,490,77.08,15.22,62.17,False
KEIBAJO_SURFACE_03_ダ,kyori_kubun+omo_tekisei_code+class_code+kishu_minarai_code,kyori_kubun,omo_tekisei_code,class_code,kishu_minarai_code,6,732,76.62,18.13,62.11,False
KEIBAJO_SURFACE_03_ダ,uma_start_shisu+joken_class_code+kyori_tekisei+uma_deokure_ritsu,uma_start_shisu,joken_class_code,kyori_tekisei,uma_deokure_ritsu,7,1412,70.55,11.56,61.99,False
KEIBAJO_SURFACE_03_ダ,kyori_kubun+omo_tekisei_code+kyori_tekisei+uma_deokure_ritsu,kyori_kubun,omo_tekisei_code,kyori_tekisei,uma_deokure_ritsu,13,2970,68.14,11.34,61.97,False
KEIBAJO_SURFACE_03_ダ,pace_yoso+kyori_tekisei+uma_deokure_ritsu+tenkai_kigo_code,pace_yoso,kyori_tekisei,uma_deokure_ritsu,tenkai_kigo_code,9,1957,69.16,11.3,61.78,False
KEIBAJO_SURFACE_03_ダ,uma_start_shisu+pace_yoso+joho_shisu+hizume_code,uma_start_shisu,pace_yoso,joho_shisu,hizume_code,3,395,82.95,18.72,61.77,False
KEIBAJO_SURFACE_03_ダ,pace_yoso+kyori_kubun+gekiso_juni+ls_shisu_juni,pace_yoso,kyori_kubun,gekiso_juni,ls_shisu_juni,10,1105,73.96,19.68,61.76,False
KEIBAJO_SURFACE_03_ダ,uma_start_shisu+joken_class_code+uma_deokure_ritsu+ls_shisu_juni,uma_start_shisu,joken_class_code,uma_deokure_ritsu,ls_shisu_juni,4,809,64.56,3.0,61.61,False
KEIBAJO_SURFACE_03_ダ,pace_yoso+kyori_kubun+ls_shisu_juni+kishu_minarai_code,pace_yoso,kyori_kubun,ls_shisu_juni,kishu_minarai_code,5,743,71.4,11.32,61.47,False
KEIBAJO_SURFACE_03_ダ,pace_yoso+kyori_kubun+joho_shisu+uma_deokure_ritsu,pace_yoso,kyori_kubun,joho_shisu,uma_deokure_ritsu,5,1144,64.94,3.97,61.47,False
KEIBAJO_SURFACE_03_ダ,uma_start_shisu+pace_yoso+joken_class_code+uma_deokure_ritsu,uma_start_shisu,pace_yoso,joken_class_code,uma_deokure_ritsu,5,1589,66.07,5.26,61.46,False
KEIBAJO_SURFACE_03_ダ,uma_start_shisu+uma_deokure_ritsu+ls_shisu_juni+tenkai_kigo_code,uma_start_shisu,uma_deokure_ritsu,ls_shisu_juni,tenkai_kigo_code,3,604,68.91,6.65,61.39,False
KEIBAJO_SURFACE_03_ダ,uma_start_shisu+omo_tekisei_code+class_code+kyori_tekisei,uma_start_shisu,omo_tekisei_code,class_code,kyori_tekisei,7,1084,69.52,11.0,61.37,False
KEIBAJO_SURFACE_03_ダ,kyori_kubun+uma_deokure_ritsu+ls_shisu_juni+tenkai_kigo_code,kyori_kubun,uma_deokure_ritsu,ls_shisu_juni,tenkai_kigo_code,5,1100,66.53,5.94,61.32,False
KEIBAJO_SURFACE_03_ダ,kyori_kubun+omo_tekisei_code+hizume_code+ls_shisu_juni,kyori_kubun,omo_tekisei_code,hizume_code,ls_shisu_juni,8,1058,68.73,10.7,61.31,False
KEIBAJO_SURFACE_03_ダ,uma_start_shisu+pace_yoso+joho_shisu+kishu_shisu,uma_start_shisu,pace_yoso,joho_shisu,kishu_shisu,3,500,70.61,8.22,61.31,False
KEIBAJO_SURFACE_03_ダ,uma_start_shisu+kyori_kubun+class_code+kyori_tekisei,uma_start_shisu,kyori_kubun,class_code,kyori_tekisei,10,1724,68.38,11.46,61.28,False
KEIBAJO_SURFACE_03_ダ,uma_start_shisu+pace_yoso+hizume_code+ls_shisu_juni,uma_start_shisu,pace_yoso,hizume_code,ls_shisu_juni,5,597,73.12,13.61,61.19,False
KEIBAJO_SURFACE_03_ダ,pace_yoso+joho_shisu+kishu_kitai_rentai_ritsu+kishu_shisu,pace_yoso,joho_shisu,kishu_kitai_rentai_ritsu,kishu_shisu,11,1855,80.16,32.39,61.02,False
KEIBAJO_SURFACE_03_ダ,pace_yoso+class_code+kyori_tekisei+kishu_shisu,pace_yoso,class_code,kyori_tekisei,kishu_shisu,7,1090,68.86,10.79,60.87,False
KEIBAJO_SURFACE_03_ダ,pace_yoso+joken_class_code+joho_shisu+hizume_code,pace_yoso,joken_class_code,joho_shisu,hizume_code,9,1371,79.17,28.05,60.85,False
KEIBAJO_SURFACE_03_ダ,pace_yoso+kyori_kubun+joken_class_code+kishu_shisu,pace_yoso,kyori_kubun,joken_class_code,kishu_shisu,19,3312,73.08,27.32,60.8,False
KEIBAJO_SURFACE_03_ダ,joken_class_code+omo_tekisei_code+class_code+joho_shisu,joken_class_code,omo_tekisei_code,class_code,joho_shisu,10,2910,72.32,18.6,60.8,False
KEIBAJO_SURFACE_03_ダ,pace_yoso+kyori_kubun+joho_shisu+kishu_minarai_code,pace_yoso,kyori_kubun,joho_shisu,kishu_minarai_code,3,480,73.22,11.0,60.78,False
KEIBAJO_SURFACE_03_ダ,kyori_kubun+kishu_kitai_rentai_ritsu+ls_shisu_juni+kishu_shisu,kyori_kubun,kishu_kitai_rentai_ritsu,ls_shisu_juni,kishu_shisu,9,1023,75.62,22.72,60.77,False
KEIBAJO_SURFACE_03_ダ,kyori_kubun+joken_class_code+kyori_tekisei+uma_deokure_ritsu,kyori_kubun,joken_class_code,kyori_tekisei,uma_deokure_ritsu,10,2745,70.2,15.21,60.77,False
KEIBAJO_SURFACE_03_ダ,pace_yoso+kyori_tekisei+tenkai_kigo_code+kishu_minarai_code,pace_yoso,kyori_tekisei,tenkai_kigo_code,kishu_minarai_code,5,669,74.39,15.58,60.73,False
KEIBAJO_SURFACE_03_ダ,pace_yoso+uma_deokure_ritsu+hizume_code+ls_shisu_juni,pace_yoso,uma_deokure_ritsu,hizume_code,ls_shisu_juni,6,727,70.13,11.81,60.68,False
KEIBAJO_SURFACE_03_ダ,pace_yoso+class_code+uma_deokure_ritsu+hizume_code,pace_yoso,class_code,uma_deokure_ritsu,hizume_code,6,868,71.93,14.08,60.66,False
KEIBAJO_SURFACE_03_ダ,pace_yoso+kyori_kubun+hizume_code+kishu_shisu,pace_yoso,kyori_kubun,hizume_code,kishu_shisu,5,663,79.72,21.76,60.65,False
KEIBAJO_SURFACE_03_ダ,pace_yoso+joken_class_code+tenkai_kigo_code+kishu_shisu,pace_yoso,joken_class_code,tenkai_kigo_code,kishu_shisu,12,2090,75.83,26.87,60.63,False
KEIBAJO_SURFACE_03_ダ,joken_class_code+omo_tekisei_code+uma_deokure_ritsu+hizume_code,joken_class_code,omo_tekisei_code,uma_deokure_ritsu,hizume_code,8,1196,69.28,12.53,60.6,False
KEIBAJO_SURFACE_03_ダ,omo_tekisei_code+joho_shisu+kyori_tekisei+tenkai_kigo_code,omo_tekisei_code,joho_shisu,kyori_tekisei,tenkai_kigo_code,11,1823,73.12,21.19,60.6,False
KEIBAJO_SURFACE_03_ダ,joken_class_code+kyori_tekisei+tenkai_kigo_code+kishu_minarai_code,joken_class_code,kyori_tekisei,tenkai_kigo_code,kishu_minarai_code,5,648,71.99,13.06,60.54,False
KEIBAJO_SURFACE_03_ダ,pace_yoso+class_code+ls_shisu_juni+kishu_shisu,pace_yoso,class_code,ls_shisu_juni,kishu_shisu,4,687,77.15,17.11,60.39,False
KEIBAJO_SURFACE_03_ダ,pace_yoso+kishu_kitai_rentai_ritsu+ls_shisu_juni+kishu_shisu,pace_yoso,kishu_kitai_rentai_ritsu,ls_shisu_juni,kishu_shisu,11,1488,79.18,31.87,60.34,False
KEIBAJO_SURFACE_03_ダ,joken_class_code+class_code+ls_shisu_juni+kishu_shisu,joken_class_code,class_code,ls_shisu_juni,kishu_shisu,8,1290,72.99,18.32,60.3,False
KEIBAJO_SURFACE_03_ダ,pace_yoso+joho_shisu+uma_deokure_ritsu+tenkai_kigo_code,pace_yoso,joho_shisu,uma_deokure_ritsu,tenkai_kigo_code,5,964,67.64,8.39,60.29,False
KEIBAJO_SURFACE_03_ダ,joken_class_code+omo_tekisei_code+joho_shisu+kyori_tekisei,joken_class_code,omo_tekisei_code,joho_shisu,kyori_tekisei,11,1986,72.11,20.02,60.28,False
KEIBAJO_SURFACE_03_ダ,pace_yoso+class_code+uma_deokure_ritsu+tenkai_kigo_code,pace_yoso,class_code,uma_deokure_ritsu,tenkai_kigo_code,6,1592,68.18,9.91,60.25,False
KEIBAJO_SURFACE_03_ダ,class_code+joho_shisu+kyori_tekisei+tenkai_kigo_code,class_code,joho_shisu,kyori_tekisei,tenkai_kigo_code,7,1295,74.74,19.62,60.21,False
KEIBAJO_SURFACE_03_ダ,pace_yoso+omo_tekisei_code+joho_shisu+hizume_code,pace_yoso,omo_tekisei_code,joho_shisu,hizume_code,9,1370,71.4,17.14,60.2,False
KEIBAJO_SURFACE_03_ダ,joken_class_code+class_code+uma_deokure_ritsu+hizume_code,joken_class_code,class_code,uma_deokure_ritsu,hizume_code,7,1288,69.01,12.03,60.1,False
KEIBAJO_SURFACE_03_ダ,pace_yoso+joho_shisu+ls_shisu_juni+kishu_shisu,pace_yoso,joho_shisu,ls_shisu_juni,kishu_shisu,6,1313,71.38,14.19,60.02,False
KEIBAJO_SURFACE_03_ダ,uma_start_shisu+pace_yoso+class_code+uma_deokure_ritsu,uma_start_shisu,pace_yoso,class_code,uma_deokure_ritsu,4,1120,64.6,4.69,60.0,False
KEIBAJO_SURFACE_03_ダ,kyori_kubun+joken_class_code+joho_shisu+hizume_code,kyori_kubun,joken_class_code,joho_shisu,hizume_code,8,1074,73.28,19.32,59.9,False
KEIBAJO_SURFACE_03_ダ,pace_yoso+class_code+hizume_code+ls_shisu_juni,pace_yoso,class_code,hizume_code,ls_shisu_juni,6,1029,75.94,20.07,59.88,False
KEIBAJO_SURFACE_03_ダ,joken_class_code+class_code+joho_shisu+kyori_tekisei,joken_class_code,class_code,joho_shisu,kyori_tekisei,11,2603,70.85,18.6,59.86,False
KEIBAJO_SURFACE_03_ダ,uma_start_shisu+joken_class_code+kyori_tekisei+tenkai_kigo_code,uma_start_shisu,joken_class_code,kyori_tekisei,tenkai_kigo_code,8,1386,69.41,13.83,59.82,False
KEIBAJO_SURFACE_03_ダ,joken_class_code+class_code+kishu_kitai_rentai_ritsu+kishu_shisu,joken_class_code,class_code,kishu_kitai_rentai_ritsu,kishu_shisu,15,2030,71.62,23.43,59.76,False
KEIBAJO_SURFACE_03_ダ,pace_yoso+kyori_kubun+omo_tekisei_code+kishu_shisu,pace_yoso,kyori_kubun,omo_tekisei_code,kishu_shisu,17,2860,68.52,18.45,59.75,False
KEIBAJO_SURFACE_03_ダ,pace_yoso+class_code+uma_deokure_ritsu+kishu_minarai_code,pace_yoso,class_code,uma_deokure_ritsu,kishu_minarai_code,3,375,74.03,12.64,59.72,False
KEIBAJO_SURFACE_03_ダ,uma_start_shisu+joken_class_code+omo_tekisei_code+kyori_tekisei,uma_start_shisu,joken_class_code,omo_tekisei_code,kyori_tekisei,10,1684,71.12,18.44,59.69,False
KEIBAJO_SURFACE_03_ダ,pace_yoso+joken_class_code+tenkai_kigo_code+kishu_minarai_code,pace_yoso,joken_class_code,tenkai_kigo_code,kishu_minarai_code,7,1308,69.52,13.34,59.64,False
KEIBAJO_SURFACE_03_ダ,uma_start_shisu+joken_class_code+omo_tekisei_code+joho_shisu,uma_start_shisu,joken_class_code,omo_tekisei_code,joho_shisu,5,723,78.18,21.26,59.55,False
KEIBAJO_SURFACE_03_ダ,pace_yoso+joken_class_code+class_code+manken_shisu,pace_yoso,joken_class_code,class_code,manken_shisu,6,692,73.55,17.53,59.52,False
KEIBAJO_SURFACE_03_ダ,kyori_kubun+joken_class_code+omo_tekisei_code+joho_shisu,kyori_kubun,joken_class_code,omo_tekisei_code,joho_shisu,15,3020,67.0,14.78,59.52,False
KEIBAJO_SURFACE_03_ダ,pace_yoso+uma_deokure_ritsu+hizume_code+tenkai_kigo_code,pace_yoso,uma_deokure_ritsu,hizume_code,tenkai_kigo_code,5,938,71.46,13.71,59.44,False
KEIBAJO_SURFACE_03_ダ,pace_yoso+ls_shisu_juni+tenkai_kigo_code+kishu_minarai_code,pace_yoso,ls_shisu_juni,tenkai_kigo_code,kishu_minarai_code,3,482,81.79,19.76,59.43,False
KEIBAJO_SURFACE_03_ダ,uma_start_shisu+pace_yoso+omo_tekisei_code+ls_shisu_juni,uma_start_shisu,pace_yoso,omo_tekisei_code,ls_shisu_juni,7,1358,69.96,14.22,59.43,False
KEIBAJO_SURFACE_03_ダ,pace_yoso+omo_tekisei_code+joho_shisu+uma_deokure_ritsu,pace_yoso,omo_tekisei_code,joho_shisu,uma_deokure_ritsu,6,1061,69.72,12.88,59.42,False
KEIBAJO_SURFACE_03_ダ,omo_tekisei_code+class_code+uma_deokure_ritsu+tenkai_kigo_code,omo_tekisei_code,class_code,uma_deokure_ritsu,tenkai_kigo_code,7,1446,71.78,16.72,59.4,False
KEIBAJO_SURFACE_03_ダ,kyori_kubun+omo_tekisei_code+joho_shisu+kishu_shisu,kyori_kubun,omo_tekisei_code,joho_shisu,kishu_shisu,10,1584,67.62,13.32,59.37,False
KEIBAJO_SURFACE_03_ダ,uma_start_shisu+pace_yoso+kyori_kubun+manken_shirushi,uma_start_shisu,pace_yoso,kyori_kubun,manken_shirushi,7,754,68.3,12.05,59.37,False
KEIBAJO_SURFACE_03_ダ,pace_yoso+joho_shisu+kishu_kitai_rentai_ritsu+tenkai_kigo_code,pace_yoso,joho_shisu,kishu_kitai_rentai_ritsu,tenkai_kigo_code,5,593,95.42,41.14,59.35,False
KEIBAJO_SURFACE_03_ダ,joken_class_code+omo_tekisei_code+uma_deokure_ritsu+ls_shisu_juni,joken_class_code,omo_tekisei_code,uma_deokure_ritsu,ls_shisu_juni,9,1467,66.54,11.05,59.33,False
KEIBAJO_SURFACE_03_ダ,pace_yoso+joho_shisu+kyori_tekisei+tenkai_kigo_code,pace_yoso,joho_shisu,kyori_tekisei,tenkai_kigo_code,12,2574,68.48,16.36,59.23,False
KEIBAJO_SURFACE_03_ダ,uma_start_shisu+pace_yoso+uma_deokure_ritsu+hizume_code,uma_start_shisu,pace_yoso,uma_deokure_ritsu,hizume_code,3,648,68.91,8.61,59.17,False
KEIBAJO_SURFACE_03_ダ,pace_yoso+kyori_kubun+joho_shisu+kishu_shisu,pace_yoso,kyori_kubun,joho_shisu,kishu_shisu,14,2761,70.45,21.55,59.16,False
KEIBAJO_SURFACE_03_ダ,pace_yoso+kyori_kubun+tenkai_kigo_code+kishu_shisu,pace_yoso,kyori_kubun,tenkai_kigo_code,kishu_shisu,16,2914,72.74,27.85,59.1,False
KEIBAJO_SURFACE_03_ダ,uma_start_shisu+joken_class_code+ls_shisu_juni+tenkai_kigo_code,uma_start_shisu,joken_class_code,ls_shisu_juni,tenkai_kigo_code,4,754,73.96,15.18,59.08,False
KEIBAJO_SURFACE_03_ダ,pace_yoso+kyori_kubun+class_code+joho_shisu,pace_yoso,kyori_kubun,class_code,joho_shisu,10,2622,67.6,13.86,59.01,False
KEIBAJO_SURFACE_03_ダ,kyori_kubun+omo_tekisei_code+ls_shisu_juni+kishu_shisu,kyori_kubun,omo_tekisei_code,ls_shisu_juni,kishu_shisu,9,1035,76.27,26.47,58.98,False
KEIBAJO_SURFACE_03_ダ,pace_yoso+kyori_kubun+class_code+kishu_shisu,pace_yoso,kyori_kubun,class_code,kishu_shisu,15,2290,77.19,36.04,58.95,False
KEIBAJO_SURFACE_03_ダ,joken_class_code+kishu_kitai_rentai_ritsu+tenkai_kigo_code+kishu_shisu,joken_class_code,kishu_kitai_rentai_ritsu,tenkai_kigo_code,kishu_shisu,6,756,84.25,31.63,58.94,False
KEIBAJO_SURFACE_03_ダ,joken_class_code+omo_tekisei_code+joho_shisu+ls_shisu_juni,joken_class_code,omo_tekisei_code,joho_shisu,ls_shisu_juni,12,1837,69.68,18.99,58.93,False
KEIBAJO_SURFACE_03_ダ,pace_yoso+kyori_kubun+manken_shirushi+uma_deokure_ritsu,pace_yoso,kyori_kubun,manken_shirushi,uma_deokure_ritsu,7,760,67.48,11.57,58.91,False
KEIBAJO_SURFACE_03_ダ,kyori_kubun+ls_shisu_juni+tenkai_kigo_code+kishu_minarai_code,kyori_kubun,ls_shisu_juni,tenkai_kigo_code,kishu_minarai_code,3,382,85.35,23.38,58.89,False
KEIBAJO_SURFACE_03_ダ,kyori_kubun+joho_shisu+kyori_tekisei+hizume_code,kyori_kubun,joho_shisu,kyori_tekisei,hizume_code,6,795,70.35,14.33,58.89,False
KEIBAJO_SURFACE_03_ダ,pace_yoso+omo_tekisei_code+joho_shisu+kyori_tekisei,pace_yoso,omo_tekisei_code,joho_shisu,kyori_tekisei,16,3048,70.06,22.81,58.89,False
KEIBAJO_SURFACE_03_ダ,omo_tekisei_code+kyori_tekisei+uma_deokure_ritsu+tenkai_kigo_code,omo_tekisei_code,kyori_tekisei,uma_deokure_ritsu,tenkai_kigo_code,9,1528,68.84,15.26,58.87,False
KEIBAJO_SURFACE_03_ダ,omo_tekisei_code+class_code+kyori_tekisei+uma_deokure_ritsu,omo_tekisei_code,class_code,kyori_tekisei,uma_deokure_ritsu,7,1335,65.06,8.45,58.8,False
KEIBAJO_SURFACE_03_ダ,kyori_kubun+omo_tekisei_code+class_code+kishu_shisu,kyori_kubun,omo_tekisei_code,class_code,kishu_shisu,8,1023,70.14,16.56,58.66,False
KEIBAJO_SURFACE_03_ダ,uma_start_shisu+pace_yoso+omo_tekisei_code+uma_deokure_ritsu,uma_start_shisu,pace_yoso,omo_tekisei_code,uma_deokure_ritsu,5,1526,68.79,11.66,58.57,False
KEIBAJO_SURFACE_03_ダ,uma_start_shisu+joken_class_code+omo_tekisei_code+ls_shisu_juni,uma_start_shisu,joken_class_code,omo_tekisei_code,ls_shisu_juni,7,966,68.07,12.83,58.57,False
KEIBAJO_SURFACE_03_ダ,uma_start_shisu+pace_yoso+joken_class_code+kishu_minarai_code,uma_start_shisu,pace_yoso,joken_class_code,kishu_minarai_code,3,440,75.57,15.06,58.53,False
KEIBAJO_SURFACE_03_ダ,uma_start_shisu+omo_tekisei_code+class_code+tenkai_kigo_code,uma_start_shisu,omo_tekisei_code,class_code,tenkai_kigo_code,5,1054,70.23,13.36,58.53,False
KEIBAJO_SURFACE_03_ダ,kyori_kubun+joho_shisu+kyori_tekisei+tenkai_kigo_code,kyori_kubun,joho_shisu,kyori_tekisei,tenkai_kigo_code,11,2419,70.3,19.94,58.52,False
KEIBAJO_SURFACE_03_ダ,pace_yoso+omo_tekisei_code+joho_shisu+ls_shisu_juni,pace_yoso,omo_tekisei_code,joho_shisu,ls_shisu_juni,12,2432,65.97,13.2,58.5,False
KEIBAJO_SURFACE_03_ダ,pace_yoso+omo_tekisei_code+uma_deokure_ritsu+ls_shisu_juni,pace_yoso,omo_tekisei_code,uma_deokure_ritsu,ls_shisu_juni,10,1767,68.73,16.5,58.5,False
KEIBAJO_SURFACE_03_ダ,uma_start_shisu+omo_tekisei_code+uma_deokure_ritsu+tenkai_kigo_code,uma_start_shisu,omo_tekisei_code,uma_deokure_ritsu,tenkai_kigo_code,5,1117,68.25,11.15,58.48,False
KEIBAJO_SURFACE_03_ダ,omo_tekisei_code+class_code+hizume_code+ls_shisu_juni,omo_tekisei_code,class_code,hizume_code,ls_shisu_juni,3,340,81.21,20.1,58.46,False
KEIBAJO_SURFACE_03_ダ,joken_class_code+ls_shisu_juni+tenkai_kigo_code+kishu_shisu,joken_class_code,ls_shisu_juni,tenkai_kigo_code,kishu_shisu,8,1000,76.63,26.27,58.43,False
KEIBAJO_SURFACE_03_ダ,pace_yoso+kyori_kubun+joho_shisu+tenkai_kigo_code,pace_yoso,kyori_kubun,joho_shisu,tenkai_kigo_code,12,3380,64.95,11.86,58.23,False
KEIBAJO_SURFACE_03_ダ,kyori_kubun+uma_deokure_ritsu+hizume_code+tenkai_kigo_code,kyori_kubun,uma_deokure_ritsu,hizume_code,tenkai_kigo_code,5,843,68.43,11.66,58.21,False
KEIBAJO_SURFACE_03_ダ,uma_start_shisu+class_code+kyori_tekisei+uma_deokure_ritsu,uma_start_shisu,class_code,kyori_tekisei,uma_deokure_ritsu,5,897,71.72,15.46,58.16,False
KEIBAJO_SURFACE_03_ダ,uma_start_shisu+kyori_kubun+uma_deokure_ritsu+ls_shisu_juni,uma_start_shisu,kyori_kubun,uma_deokure_ritsu,ls_shisu_juni,5,1000,63.53,6.24,58.06,False
KEIBAJO_SURFACE_03_ダ,joken_class_code+class_code+joho_shisu+ls_shisu_juni,joken_class_code,class_code,joho_shisu,ls_shisu_juni,11,2264,69.95,20.46,57.86,False
KEIBAJO_SURFACE_03_ダ,uma_start_shisu+kyori_kubun+kyori_tekisei+ls_shisu_juni,uma_start_shisu,kyori_kubun,kyori_tekisei,ls_shisu_juni,9,1340,70.55,19.46,57.84,False
KEIBAJO_SURFACE_03_ダ,omo_tekisei_code+class_code+uma_deokure_ritsu+hizume_code,omo_tekisei_code,class_code,uma_deokure_ritsu,hizume_code,5,590,67.83,11.4,57.84,False
KEIBAJO_SURFACE_03_ダ,kyori_kubun+omo_tekisei_code+uma_deokure_ritsu+kishu_shisu,kyori_kubun,omo_tekisei_code,uma_deokure_ritsu,kishu_shisu,3,328,68.21,9.18,57.81,False
KEIBAJO_SURFACE_03_ダ,kyori_kubun+class_code+joho_shisu+hizume_code,kyori_kubun,class_code,joho_shisu,hizume_code,4,522,86.2,28.97,57.81,False
KEIBAJO_SURFACE_03_ダ,class_code+joho_shisu+kyori_tekisei+ls_shisu_juni,class_code,joho_shisu,kyori_tekisei,ls_shisu_juni,6,893,79.24,26.83,57.77,False
KEIBAJO_SURFACE_03_ダ,kyori_kubun+joken_class_code+class_code+joho_shisu,kyori_kubun,joken_class_code,class_code,joho_shisu,10,3061,66.9,14.8,57.73,False
KEIBAJO_SURFACE_03_ダ,pace_yoso+class_code+joho_shisu+kyori_tekisei,pace_yoso,class_code,joho_shisu,kyori_tekisei,12,2362,69.59,20.97,57.72,False
KEIBAJO_SURFACE_03_ダ,joken_class_code+omo_tekisei_code+class_code+kishu_shisu,joken_class_code,omo_tekisei_code,class_code,kishu_shisu,13,2196,68.16,19.26,57.69,False
KEIBAJO_SURFACE_03_ダ,pace_yoso+omo_tekisei_code+kyori_tekisei+kishu_minarai_code,pace_yoso,omo_tekisei_code,kyori_tekisei,kishu_minarai_code,5,599,72.92,17.5,57.58,False
KEIBAJO_SURFACE_03_ダ,pace_yoso+omo_tekisei_code+kyori_tekisei+kishu_shisu,pace_yoso,omo_tekisei_code,kyori_tekisei,kishu_shisu,8,1109,83.41,37.34,57.53,False
KEIBAJO_SURFACE_03_ダ,kyori_kubun+omo_tekisei_code+class_code+joho_shisu,kyori_kubun,omo_tekisei_code,class_code,joho_shisu,13,2377,66.48,16.5,57.52,False
KEIBAJO_SURFACE_03_ダ,pace_yoso+joho_shisu+ls_shisu_juni+tenkai_kigo_code,pace_yoso,joho_shisu,ls_shisu_juni,tenkai_kigo_code,12,2428,68.44,19.39,57.47,False
KEIBAJO_SURFACE_03_ダ,joken_class_code+omo_tekisei_code+tenkai_kigo_code+kishu_shisu,joken_class_code,omo_tekisei_code,tenkai_kigo_code,kishu_shisu,8,1209,77.12,28.37,57.46,False
KEIBAJO_SURFACE_03_ダ,uma_start_shisu+joken_class_code+joho_shisu+ls_shisu_juni,uma_start_shisu,joken_class_code,joho_shisu,ls_shisu_juni,4,503,76.69,19.76,57.32,False
KEIBAJO_SURFACE_03_ダ,uma_start_shisu+kyori_kubun+joken_class_code+joho_shisu,uma_start_shisu,kyori_kubun,joken_class_code,joho_shisu,4,722,74.08,17.12,57.3,False
KEIBAJO_SURFACE_03_ダ,uma_start_shisu+kyori_kubun+omo_tekisei_code+uma_deokure_ritsu,uma_start_shisu,kyori_kubun,omo_tekisei_code,uma_deokure_ritsu,5,1486,66.94,11.01,57.28,False
KEIBAJO_SURFACE_03_ダ,kyori_kubun+omo_tekisei_code+tenkai_kigo_code+kishu_shisu,kyori_kubun,omo_tekisei_code,tenkai_kigo_code,kishu_shisu,8,1396,71.67,20.86,57.22,False
KEIBAJO_SURFACE_03_ダ,kyori_kubun+joho_shisu+ls_shisu_juni+kishu_shisu,kyori_kubun,joho_shisu,ls_shisu_juni,kishu_shisu,9,1449,68.73,17.86,57.06,False
KEIBAJO_SURFACE_03_ダ,uma_start_shisu+joken_class_code+omo_tekisei_code+uma_deokure_ritsu,uma_start_shisu,joken_class_code,omo_tekisei_code,uma_deokure_ritsu,7,1586,68.97,16.11,57.04,False
KEIBAJO_SURFACE_03_ダ,pace_yoso+joken_class_code+joho_shisu+ls_shisu_juni,pace_yoso,joken_class_code,joho_shisu,ls_shisu_juni,12,2584,68.44,20.2,57.01,False
KEIBAJO_SURFACE_03_ダ,uma_start_shisu+class_code+uma_deokure_ritsu+hizume_code,uma_start_shisu,class_code,uma_deokure_ritsu,hizume_code,3,359,64.86,7.04,56.89,False
KEIBAJO_SURFACE_03_ダ,pace_yoso+class_code+joho_shisu+ls_shisu_juni,pace_yoso,class_code,joho_shisu,ls_shisu_juni,10,1870,70.12,21.39,56.86,False
KEIBAJO_SURFACE_03_ダ,joken_class_code+class_code+kyori_tekisei+kishu_shisu,joken_class_code,class_code,kyori_tekisei,kishu_shisu,10,1650,68.9,19.51,56.8,False
KEIBAJO_SURFACE_03_ダ,omo_tekisei_code+joho_shisu+uma_deokure_ritsu+tenkai_kigo_code,omo_tekisei_code,joho_shisu,uma_deokure_ritsu,tenkai_kigo_code,5,774,65.42,9.87,56.77,False
KEIBAJO_SURFACE_03_ダ,kyori_kubun+joho_shisu+hizume_code+ls_shisu_juni,kyori_kubun,joho_shisu,hizume_code,ls_shisu_juni,5,658,74.18,19.92,56.73,False
KEIBAJO_SURFACE_03_ダ,joken_class_code+kyori_tekisei+uma_deokure_ritsu+hizume_code,joken_class_code,kyori_tekisei,uma_deokure_ritsu,hizume_code,3,465,62.34,4.95,56.73,False
KEIBAJO_SURFACE_03_ダ,kyori_kubun+class_code+manken_shirushi+kyori_tekisei,kyori_kubun,class_code,manken_shirushi,kyori_tekisei,3,310,74.08,15.39,56.66,False
KEIBAJO_SURFACE_03_ダ,pace_yoso+omo_tekisei_code+joho_shisu+kishu_shisu,pace_yoso,omo_tekisei_code,joho_shisu,kishu_shisu,9,1775,70.8,21.67,56.65,False
KEIBAJO_SURFACE_03_ダ,pace_yoso+omo_tekisei_code+class_code+joho_shisu,pace_yoso,omo_tekisei_code,class_code,joho_shisu,12,2655,68.46,20.9,56.63,False
KEIBAJO_SURFACE_03_ダ,uma_start_shisu+omo_tekisei_code+class_code+uma_deokure_ritsu,uma_start_shisu,omo_tekisei_code,class_code,uma_deokure_ritsu,5,1093,68.13,13.17,56.59,False
KEIBAJO_SURFACE_03_ダ,pace_yoso+joken_class_code+omo_tekisei_code+kishu_shisu,pace_yoso,joken_class_code,omo_tekisei_code,kishu_shisu,15,2339,66.94,20.52,56.55,False
KEIBAJO_SURFACE_03_ダ,uma_start_shisu+kyori_kubun+joho_shisu+tenkai_kigo_code,uma_start_shisu,kyori_kubun,joho_shisu,tenkai_kigo_code,4,772,86.36,30.5,56.46,False
KEIBAJO_SURFACE_03_ダ,pace_yoso+class_code+tenkai_kigo_code+kishu_minarai_code,pace_yoso,class_code,tenkai_kigo_code,kishu_minarai_code,5,943,71.64,17.43,56.36,False
KEIBAJO_SURFACE_03_ダ,class_code+joho_shisu+ls_shisu_juni+kishu_shisu,class_code,joho_shisu,ls_shisu_juni,kishu_shisu,5,543,78.15,24.86,56.35,False
KEIBAJO_SURFACE_03_ダ,pace_yoso+kyori_kubun+gekiso_juni+uma_deokure_ritsu,pace_yoso,kyori_kubun,gekiso_juni,uma_deokure_ritsu,8,963,69.11,18.45,56.32,False
KEIBAJO_SURFACE_03_ダ,uma_start_shisu+kyori_kubun+uma_deokure_ritsu+tenkai_kigo_code,uma_start_shisu,kyori_kubun,uma_deokure_ritsu,tenkai_kigo_code,6,1366,69.25,16.2,56.28,False
KEIBAJO_SURFACE_03_ダ,kyori_kubun+kyori_tekisei+uma_deokure_ritsu+ls_shisu_juni,kyori_kubun,kyori_tekisei,uma_deokure_ritsu,ls_shisu_juni,12,1786,64.4,14.36,56.28,False
KEIBAJO_SURFACE_03_ダ,joken_class_code+ls_shisu_juni+tenkai_kigo_code+kishu_minarai_code,joken_class_code,ls_shisu_juni,tenkai_kigo_code,kishu_minarai_code,3,360,73.92,15.71,56.14,False
KEIBAJO_SURFACE_03_ダ,uma_start_shisu+kyori_kubun+omo_tekisei_code+joho_shisu,uma_start_shisu,kyori_kubun,omo_tekisei_code,joho_shisu,5,829,69.84,15.69,56.09,False
KEIBAJO_SURFACE_03_ダ,pace_yoso+uma_deokure_ritsu+ls_shisu_juni+tenkai_kigo_code,pace_yoso,uma_deokure_ritsu,ls_shisu_juni,tenkai_kigo_code,9,1560,63.7,11.68,56.07,False
KEIBAJO_SURFACE_03_ダ,pace_yoso+omo_tekisei_code+tenkai_kigo_code+kishu_shisu,pace_yoso,omo_tekisei_code,tenkai_kigo_code,kishu_shisu,10,1841,72.77,26.93,56.07,False
KEIBAJO_SURFACE_03_ダ,pace_yoso+kyori_tekisei+ls_shisu_juni+kishu_shisu,pace_yoso,kyori_tekisei,ls_shisu_juni,kishu_shisu,10,1213,78.25,35.85,56.03,False
KEIBAJO_SURFACE_03_ダ,pace_yoso+omo_tekisei_code+uma_deokure_ritsu+kishu_shisu,pace_yoso,omo_tekisei_code,uma_deokure_ritsu,kishu_shisu,4,516,68.9,13.32,55.85,False
KEIBAJO_SURFACE_03_ダ,kyori_kubun+class_code+uma_deokure_ritsu+hizume_code,kyori_kubun,class_code,uma_deokure_ritsu,hizume_code,6,734,67.06,14.02,55.84,False
KEIBAJO_SURFACE_03_ダ,pace_yoso+kyori_kubun+kyori_tekisei+kishu_shisu,pace_yoso,kyori_kubun,kyori_tekisei,kishu_shisu,21,3397,69.9,32.94,55.81,False
KEIBAJO_SURFACE_03_ダ,pace_yoso+gekiso_juni+uma_deokure_ritsu+tenkai_kigo_code,pace_yoso,gekiso_juni,uma_deokure_ritsu,tenkai_kigo_code,6,636,72.97,21.54,55.73,False
KEIBAJO_SURFACE_03_ダ,pace_yoso+kyori_kubun+joho_shisu+kyori_tekisei,pace_yoso,kyori_kubun,joho_shisu,kyori_tekisei,13,3553,69.8,26.19,55.57,False
KEIBAJO_SURFACE_03_ダ,pace_yoso+kyori_kubun+uma_deokure_ritsu+kishu_minarai_code,pace_yoso,kyori_kubun,uma_deokure_ritsu,kishu_minarai_code,4,572,75.87,20.81,55.49,False
KEIBAJO_SURFACE_03_ダ,joken_class_code+omo_tekisei_code+joho_shisu+kishu_shisu,joken_class_code,omo_tekisei_code,joho_shisu,kishu_shisu,11,1466,68.5,22.01,55.49,False
KEIBAJO_SURFACE_03_ダ,kyori_kubun+joken_class_code+tenkai_kigo_code+kishu_minarai_code,kyori_kubun,joken_class_code,tenkai_kigo_code,kishu_minarai_code,7,1086,70.57,20.4,55.46,False
KEIBAJO_SURFACE_03_ダ,pace_yoso+kyori_kubun+omo_tekisei_code+joho_shisu,pace_yoso,kyori_kubun,omo_tekisei_code,joho_shisu,13,3642,68.3,23.62,55.46,False
KEIBAJO_SURFACE_03_ダ,pace_yoso+joken_class_code+class_code+joho_shisu,pace_yoso,joken_class_code,class_code,joho_shisu,10,3249,68.43,20.99,55.42,False
KEIBAJO_SURFACE_03_ダ,kyori_kubun+omo_tekisei_code+joho_shisu+ls_shisu_juni,kyori_kubun,omo_tekisei_code,joho_shisu,ls_shisu_juni,14,2322,65.4,19.33,55.27,False
KEIBAJO_SURFACE_03_ダ,kyori_kubun+omo_tekisei_code+joho_shisu+uma_deokure_ritsu,kyori_kubun,omo_tekisei_code,joho_shisu,uma_deokure_ritsu,5,885,60.36,5.83,55.25,False
KEIBAJO_SURFACE_03_ダ,joken_class_code+class_code+joho_shisu+kishu_shisu,joken_class_code,class_code,joho_shisu,kishu_shisu,8,1615,67.91,18.29,55.24,False
KEIBAJO_SURFACE_03_ダ,pace_yoso+joho_shisu+hizume_code+ls_shisu_juni,pace_yoso,joho_shisu,hizume_code,ls_shisu_juni,6,941,73.82,23.25,55.21,False
KEIBAJO_SURFACE_03_ダ,pace_yoso+omo_tekisei_code+joho_shisu+tenkai_kigo_code,pace_yoso,omo_tekisei_code,joho_shisu,tenkai_kigo_code,14,3042,68.07,24.85,55.05,False
KEIBAJO_SURFACE_03_ダ,pace_yoso+class_code+tenkai_kigo_code+kishu_shisu,pace_yoso,class_code,tenkai_kigo_code,kishu_shisu,10,1637,76.45,34.61,55.0,False
KEIBAJO_SURFACE_03_ダ,joken_class_code+class_code+manken_shirushi+uma_deokure_ritsu,joken_class_code,class_code,manken_shirushi,uma_deokure_ritsu,4,435,64.74,9.93,55.0,False
KEIBAJO_SURFACE_03_ダ,joken_class_code+omo_tekisei_code+joho_shisu+tenkai_kigo_code,joken_class_code,omo_tekisei_code,joho_shisu,tenkai_kigo_code,10,2120,73.82,30.47,54.94,False
KEIBAJO_SURFACE_03_ダ,omo_tekisei_code+uma_deokure_ritsu+hizume_code+tenkai_kigo_code,omo_tekisei_code,uma_deokure_ritsu,hizume_code,tenkai_kigo_code,7,813,64.75,13.28,54.91,False
KEIBAJO_SURFACE_03_ダ,pace_yoso+joho_shisu+kyori_tekisei+uma_deokure_ritsu,pace_yoso,joho_shisu,kyori_tekisei,uma_deokure_ritsu,4,728,68.0,13.48,54.79,False
KEIBAJO_SURFACE_03_ダ,class_code+kyori_tekisei+tenkai_kigo_code+kishu_shisu,class_code,kyori_tekisei,tenkai_kigo_code,kishu_shisu,6,802,69.26,18.09,54.78,False
KEIBAJO_SURFACE_03_ダ,omo_tekisei_code+joho_shisu+ls_shisu_juni+tenkai_kigo_code,omo_tekisei_code,joho_shisu,ls_shisu_juni,tenkai_kigo_code,8,1484,69.9,21.87,54.75,False
KEIBAJO_SURFACE_03_ダ,kyori_kubun+class_code+joho_shisu+kyori_tekisei,kyori_kubun,class_code,joho_shisu,kyori_tekisei,11,2086,68.08,22.65,54.7,False
KEIBAJO_SURFACE_03_ダ,pace_yoso+joken_class_code+joho_shisu+tenkai_kigo_code,pace_yoso,joken_class_code,joho_shisu,tenkai_kigo_code,11,2856,63.3,14.64,54.65,False
KEIBAJO_SURFACE_03_ダ,kyori_kubun+joken_class_code+omo_tekisei_code+kishu_shisu,kyori_kubun,joken_class_code,omo_tekisei_code,kishu_shisu,12,1639,66.12,20.34,54.61,False
KEIBAJO_SURFACE_03_ダ,joken_class_code+class_code+uma_deokure_ritsu+kishu_minarai_code,joken_class_code,class_code,uma_deokure_ritsu,kishu_minarai_code,4,595,69.79,15.51,54.59,False
KEIBAJO_SURFACE_03_ダ,uma_start_shisu+joken_class_code+hizume_code+tenkai_kigo_code,uma_start_shisu,joken_class_code,hizume_code,tenkai_kigo_code,5,644,69.72,17.32,54.54,False
KEIBAJO_SURFACE_03_ダ,joken_class_code+omo_tekisei_code+tenkai_kigo_code+kishu_minarai_code,joken_class_code,omo_tekisei_code,tenkai_kigo_code,kishu_minarai_code,6,814,66.51,15.02,54.49,False
KEIBAJO_SURFACE_03_ダ,omo_tekisei_code+joho_shisu+tenkai_kigo_code+kishu_shisu,omo_tekisei_code,joho_shisu,tenkai_kigo_code,kishu_shisu,7,1171,69.39,20.17,54.45,False
KEIBAJO_SURFACE_03_ダ,pace_yoso+joken_class_code+joho_shisu+kishu_minarai_code,pace_yoso,joken_class_code,joho_shisu,kishu_minarai_code,4,622,71.82,17.81,54.37,False
KEIBAJO_SURFACE_03_ダ,kyori_kubun+joho_shisu+uma_deokure_ritsu+kishu_shisu,kyori_kubun,joho_shisu,uma_deokure_ritsu,kishu_shisu,4,558,66.7,12.61,54.35,False
KEIBAJO_SURFACE_03_ダ,joken_class_code+uma_deokure_ritsu+ls_shisu_juni+tenkai_kigo_code,joken_class_code,uma_deokure_ritsu,ls_shisu_juni,tenkai_kigo_code,5,967,67.89,15.5,54.31,False
KEIBAJO_SURFACE_03_ダ,uma_start_shisu+class_code+uma_deokure_ritsu+ls_shisu_juni,uma_start_shisu,class_code,uma_deokure_ritsu,ls_shisu_juni,3,479,55.09,0.74,54.26,False
KEIBAJO_SURFACE_03_ダ,omo_tekisei_code+class_code+tenkai_kigo_code+kishu_minarai_code,omo_tekisei_code,class_code,tenkai_kigo_code,kishu_minarai_code,5,631,68.61,16.37,54.26,False
KEIBAJO_SURFACE_03_ダ,uma_start_shisu+class_code+uma_deokure_ritsu+tenkai_kigo_code,uma_start_shisu,class_code,uma_deokure_ritsu,tenkai_kigo_code,3,711,71.01,14.81,54.25,False
KEIBAJO_SURFACE_03_ダ,pace_yoso+joken_class_code+joho_shisu+kyori_tekisei,pace_yoso,joken_class_code,joho_shisu,kyori_tekisei,12,3030,65.96,20.73,54.23,False
KEIBAJO_SURFACE_03_ダ,pace_yoso+kyori_tekisei+uma_deokure_ritsu+ls_shisu_juni,pace_yoso,kyori_tekisei,uma_deokure_ritsu,ls_shisu_juni,8,1304,65.33,16.11,54.16,False
KEIBAJO_SURFACE_03_ダ,pace_yoso+joken_class_code+hizume_code+kishu_shisu,pace_yoso,joken_class_code,hizume_code,kishu_shisu,3,369,77.29,20.47,54.12,False
KEIBAJO_SURFACE_03_ダ,uma_start_shisu+pace_yoso+joken_class_code+kishu_shisu,uma_start_shisu,pace_yoso,joken_class_code,kishu_shisu,4,515,69.36,15.59,54.08,False
KEIBAJO_SURFACE_03_ダ,kyori_kubun+joken_class_code+class_code+kishu_kitai_rentai_ritsu,kyori_kubun,joken_class_code,class_code,kishu_kitai_rentai_ritsu,3,331,68.44,12.9,53.85,False
KEIBAJO_SURFACE_03_ダ,kyori_kubun+joken_class_code+kishu_kitai_rentai_ritsu+kishu_shisu,kyori_kubun,joken_class_code,kishu_kitai_rentai_ritsu,kishu_shisu,10,1208,72.85,30.67,53.84,False
KEIBAJO_SURFACE_03_ダ,pace_yoso+joken_class_code+omo_tekisei_code+joho_shisu,pace_yoso,joken_class_code,omo_tekisei_code,joho_shisu,12,3167,67.15,23.89,53.64,False
KEIBAJO_SURFACE_03_ダ,uma_start_shisu+class_code+ls_shisu_juni+tenkai_kigo_code,uma_start_shisu,class_code,ls_shisu_juni,tenkai_kigo_code,4,625,71.86,18.59,53.64,False
KEIBAJO_SURFACE_03_ダ,uma_start_shisu+pace_yoso+kyori_tekisei+uma_deokure_ritsu,uma_start_shisu,pace_yoso,kyori_tekisei,uma_deokure_ritsu,5,1334,66.46,14.64,53.62,False
KEIBAJO_SURFACE_03_ダ,uma_start_shisu+pace_yoso+kyori_kubun+kishu_minarai_code,uma_start_shisu,pace_yoso,kyori_kubun,kishu_minarai_code,3,417,71.02,15.41,53.58,False
KEIBAJO_SURFACE_03_ダ,joken_class_code+kyori_tekisei+hizume_code+ls_shisu_juni,joken_class_code,kyori_tekisei,hizume_code,ls_shisu_juni,3,357,83.26,26.27,53.54,False
KEIBAJO_SURFACE_03_ダ,kyori_kubun+joho_shisu+ls_shisu_juni+tenkai_kigo_code,kyori_kubun,joho_shisu,ls_shisu_juni,tenkai_kigo_code,9,1959,64.26,16.45,53.51,False
KEIBAJO_SURFACE_03_ダ,class_code+ls_shisu_juni+tenkai_kigo_code+kishu_shisu,class_code,ls_shisu_juni,tenkai_kigo_code,kishu_shisu,5,600,78.72,28.86,53.42,False
KEIBAJO_SURFACE_03_ダ,pace_yoso+joken_class_code+ls_shisu_juni+kishu_shisu,pace_yoso,joken_class_code,ls_shisu_juni,kishu_shisu,10,1494,62.87,15.27,53.41,False
KEIBAJO_SURFACE_03_ダ,kyori_kubun+omo_tekisei_code+manken_shirushi+tenkai_kigo_code,kyori_kubun,omo_tekisei_code,manken_shirushi,tenkai_kigo_code,3,317,62.02,7.66,53.35,False
KEIBAJO_SURFACE_03_ダ,kyori_kubun+joho_shisu+hizume_code+tenkai_kigo_code,kyori_kubun,joho_shisu,hizume_code,tenkai_kigo_code,5,887,69.03,17.94,53.3,False
KEIBAJO_SURFACE_03_ダ,kyori_kubun+omo_tekisei_code+uma_deokure_ritsu+ls_shisu_juni,kyori_kubun,omo_tekisei_code,uma_deokure_ritsu,ls_shisu_juni,11,1704,62.53,15.65,53.29,False
KEIBAJO_SURFACE_03_ダ,omo_tekisei_code+kishu_kitai_rentai_ritsu+tenkai_kigo_code+kishu_shisu,omo_tekisei_code,kishu_kitai_rentai_ritsu,tenkai_kigo_code,kishu_shisu,5,613,71.05,20.32,53.24,False
KEIBAJO_SURFACE_03_ダ,pace_yoso+class_code+joho_shisu+kishu_shisu,pace_yoso,class_code,joho_shisu,kishu_shisu,8,1369,67.12,20.05,53.23,False
KEIBAJO_SURFACE_03_ダ,kyori_kubun+class_code+joho_shisu+tenkai_kigo_code,kyori_kubun,class_code,joho_shisu,tenkai_kigo_code,9,1884,68.93,24.14,53.16,False
KEIBAJO_SURFACE_03_ダ,omo_tekisei_code+class_code+tenkai_kigo_code+kishu_shisu,omo_tekisei_code,class_code,tenkai_kigo_code,kishu_shisu,6,898,76.69,29.53,53.06,False
KEIBAJO_SURFACE_03_ダ,kyori_kubun+class_code+tenkai_kigo_code+kishu_shisu,kyori_kubun,class_code,tenkai_kigo_code,kishu_shisu,7,1097,69.44,22.33,52.9,False
KEIBAJO_SURFACE_03_ダ,pace_yoso+class_code+uma_deokure_ritsu+ls_shisu_juni,pace_yoso,class_code,uma_deokure_ritsu,ls_shisu_juni,8,1320,62.47,13.93,52.81,False
KEIBAJO_SURFACE_03_ダ,pace_yoso+class_code+joho_shisu+tenkai_kigo_code,pace_yoso,class_code,joho_shisu,tenkai_kigo_code,9,2154,65.87,20.04,52.78,False
KEIBAJO_SURFACE_03_ダ,kyori_kubun+class_code+kishu_kitai_rentai_ritsu+kishu_shisu,kyori_kubun,class_code,kishu_kitai_rentai_ritsu,kishu_shisu,3,335,67.99,13.44,52.78,False
KEIBAJO_SURFACE_03_ダ,omo_tekisei_code+class_code+joho_shisu+tenkai_kigo_code,omo_tekisei_code,class_code,joho_shisu,tenkai_kigo_code,8,1665,69.03,23.52,52.74,False
KEIBAJO_SURFACE_03_ダ,omo_tekisei_code+class_code+joho_shisu+kishu_shisu,omo_tekisei_code,class_code,joho_shisu,kishu_shisu,6,789,72.42,24.66,52.69,False
KEIBAJO_SURFACE_03_ダ,kyori_kubun+joho_shisu+uma_deokure_ritsu+tenkai_kigo_code,kyori_kubun,joho_shisu,uma_deokure_ritsu,tenkai_kigo_code,3,670,59.07,5.68,52.65,False
KEIBAJO_SURFACE_03_ダ,kyori_kubun+joken_class_code+joho_shisu+kyori_tekisei,kyori_kubun,joken_class_code,joho_shisu,kyori_tekisei,12,2850,64.32,20.67,52.62,False
KEIBAJO_SURFACE_03_ダ,kyori_kubun+class_code+joho_shisu+ls_shisu_juni,kyori_kubun,class_code,joho_shisu,ls_shisu_juni,8,1348,67.51,21.57,52.56,False
KEIBAJO_SURFACE_03_ダ,uma_start_shisu+pace_yoso+kyori_kubun+gekiso_juni,uma_start_shisu,pace_yoso,kyori_kubun,gekiso_juni,6,690,69.08,20.65,52.55,False
KEIBAJO_SURFACE_03_ダ,class_code+uma_deokure_ritsu+ls_shisu_juni+tenkai_kigo_code,class_code,uma_deokure_ritsu,ls_shisu_juni,tenkai_kigo_code,5,800,65.63,14.97,52.5,False
KEIBAJO_SURFACE_03_ダ,kyori_kubun+joken_class_code+joho_shisu+tenkai_kigo_code,kyori_kubun,joken_class_code,joho_shisu,tenkai_kigo_code,12,2617,63.81,20.01,52.49,False
KEIBAJO_SURFACE_03_ダ,uma_start_shisu+omo_tekisei_code+class_code+joho_shisu,uma_start_shisu,omo_tekisei_code,class_code,joho_shisu,3,385,76.19,20.98,52.45,False
KEIBAJO_SURFACE_03_ダ,kyori_kubun+class_code+uma_deokure_ritsu+ls_shisu_juni,kyori_kubun,class_code,uma_deokure_ritsu,ls_shisu_juni,8,1172,61.81,13.52,52.44,False
KEIBAJO_SURFACE_03_ダ,pace_yoso+joken_class_code+kyori_tekisei+kishu_shisu,pace_yoso,joken_class_code,kyori_tekisei,kishu_shisu,14,2261,61.49,17.34,52.41,False
KEIBAJO_SURFACE_03_ダ,pace_yoso+joho_shisu+kyori_tekisei+ls_shisu_juni,pace_yoso,joho_shisu,kyori_tekisei,ls_shisu_juni,14,2409,65.37,24.79,52.38,False
KEIBAJO_SURFACE_03_ダ,kyori_kubun+omo_tekisei_code+joho_shisu+kyori_tekisei,kyori_kubun,omo_tekisei_code,joho_shisu,kyori_tekisei,14,2771,62.54,19.4,52.37,False
KEIBAJO_SURFACE_03_ダ,joken_class_code+omo_tekisei_code+joho_shisu+uma_deokure_ritsu,joken_class_code,omo_tekisei_code,joho_shisu,uma_deokure_ritsu,5,846,69.69,19.79,52.34,False
KEIBAJO_SURFACE_03_ダ,joken_class_code+class_code+kishu_kitai_rentai_ritsu+tenkai_kigo_code,joken_class_code,class_code,kishu_kitai_rentai_ritsu,tenkai_kigo_code,3,354,103.22,45.07,52.23,False
KEIBAJO_SURFACE_03_ダ,uma_start_shisu+kyori_kubun+class_code+ls_shisu_juni,uma_start_shisu,kyori_kubun,class_code,ls_shisu_juni,4,605,72.15,20.36,52.2,False
KEIBAJO_SURFACE_03_ダ,omo_tekisei_code+joho_shisu+uma_deokure_ritsu+kishu_shisu,omo_tekisei_code,joho_shisu,uma_deokure_ritsu,kishu_shisu,3,347,56.71,4.04,52.14,False
KEIBAJO_SURFACE_03_ダ,class_code+joho_shisu+hizume_code+tenkai_kigo_code,class_code,joho_shisu,hizume_code,tenkai_kigo_code,3,432,84.56,28.71,52.07,False
KEIBAJO_SURFACE_03_ダ,joken_class_code+kyori_tekisei+uma_deokure_ritsu+ls_shisu_juni,joken_class_code,kyori_tekisei,uma_deokure_ritsu,ls_shisu_juni,6,961,61.87,12.27,52.05,False
KEIBAJO_SURFACE_03_ダ,uma_start_shisu+pace_yoso+kyori_tekisei+ls_shisu_juni,uma_start_shisu,pace_yoso,kyori_tekisei,ls_shisu_juni,7,1139,70.75,25.38,51.95,False
KEIBAJO_SURFACE_03_ダ,pace_yoso+hizume_code+tenkai_kigo_code+kishu_shisu,pace_yoso,hizume_code,tenkai_kigo_code,kishu_shisu,4,546,80.43,29.08,51.93,False
KEIBAJO_SURFACE_03_ダ,uma_start_shisu+pace_yoso+uma_deokure_ritsu+tenkai_kigo_code,uma_start_shisu,pace_yoso,uma_deokure_ritsu,tenkai_kigo_code,5,1311,64.28,14.27,51.78,False
KEIBAJO_SURFACE_03_ダ,joken_class_code+class_code+joho_shisu+hizume_code,joken_class_code,class_code,joho_shisu,hizume_code,6,1052,66.55,18.55,51.71,False
KEIBAJO_SURFACE_03_ダ,kyori_kubun+omo_tekisei_code+joho_shisu+hizume_code,kyori_kubun,omo_tekisei_code,joho_shisu,hizume_code,6,806,64.3,15.77,51.68,False
KEIBAJO_SURFACE_03_ダ,kyori_kubun+joken_class_code+joho_shisu+ls_shisu_juni,kyori_kubun,joken_class_code,joho_shisu,ls_shisu_juni,13,2301,62.35,19.68,51.66,False
KEIBAJO_SURFACE_03_ダ,omo_tekisei_code+uma_deokure_ritsu+ls_shisu_juni+tenkai_kigo_code,omo_tekisei_code,uma_deokure_ritsu,ls_shisu_juni,tenkai_kigo_code,6,962,64.98,16.72,51.6,False
KEIBAJO_SURFACE_03_ダ,class_code+kishu_kitai_rentai_ritsu+tenkai_kigo_code+kishu_shisu,class_code,kishu_kitai_rentai_ritsu,tenkai_kigo_code,kishu_shisu,3,358,102.02,44.56,51.6,False
KEIBAJO_SURFACE_03_ダ,pace_yoso+kyori_kubun+joken_class_code+joho_shisu,pace_yoso,kyori_kubun,joken_class_code,joho_shisu,13,3697,60.78,17.03,51.52,False
KEIBAJO_SURFACE_03_ダ,kyori_kubun+joken_class_code+joho_shisu+kishu_shisu,kyori_kubun,joken_class_code,joho_shisu,kishu_shisu,10,1694,62.31,17.42,51.51,False
KEIBAJO_SURFACE_03_ダ,class_code+joho_shisu+ls_shisu_juni+tenkai_kigo_code,class_code,joho_shisu,ls_shisu_juni,tenkai_kigo_code,6,1096,71.43,24.97,51.44,False
KEIBAJO_SURFACE_03_ダ,kyori_kubun+joken_class_code+kyori_tekisei+kishu_shisu,kyori_kubun,joken_class_code,kyori_tekisei,kishu_shisu,9,1669,63.2,18.17,51.33,False
KEIBAJO_SURFACE_03_ダ,omo_tekisei_code+joho_shisu+kyori_tekisei+ls_shisu_juni,omo_tekisei_code,joho_shisu,kyori_tekisei,ls_shisu_juni,8,1037,65.74,20.79,51.33,False
KEIBAJO_SURFACE_03_ダ,joken_class_code+joho_shisu+kyori_tekisei+tenkai_kigo_code,joken_class_code,joho_shisu,kyori_tekisei,tenkai_kigo_code,10,2021,65.83,23.71,51.13,False
KEIBAJO_SURFACE_03_ダ,joken_class_code+class_code+joho_shisu+tenkai_kigo_code,joken_class_code,class_code,joho_shisu,tenkai_kigo_code,9,2445,65.13,21.45,51.11,False
KEIBAJO_SURFACE_03_ダ,joho_shisu+kyori_tekisei+hizume_code+tenkai_kigo_code,joho_shisu,kyori_tekisei,hizume_code,tenkai_kigo_code,3,345,77.63,23.46,51.08,False
KEIBAJO_SURFACE_03_ダ,uma_start_shisu+pace_yoso+kyori_kubun+kishu_shisu,uma_start_shisu,pace_yoso,kyori_kubun,kishu_shisu,5,754,75.61,28.0,51.07,False
KEIBAJO_SURFACE_03_ダ,kyori_kubun+joken_class_code+ls_shisu_juni+kishu_shisu,kyori_kubun,joken_class_code,ls_shisu_juni,kishu_shisu,9,1189,66.0,23.24,50.81,False
KEIBAJO_SURFACE_03_ダ,kyori_kubun+kyori_tekisei+ls_shisu_juni+kishu_shisu,kyori_kubun,kyori_tekisei,ls_shisu_juni,kishu_shisu,10,1192,75.99,40.77,50.72,False
KEIBAJO_SURFACE_03_ダ,kyori_kubun+omo_tekisei_code+kishu_kitai_rentai_ritsu+kishu_shisu,kyori_kubun,omo_tekisei_code,kishu_kitai_rentai_ritsu,kishu_shisu,5,572,69.02,21.1,50.53,False
KEIBAJO_SURFACE_03_ダ,kyori_kubun+class_code+ls_shisu_juni+kishu_shisu,kyori_kubun,class_code,ls_shisu_juni,kishu_shisu,4,475,67.03,16.87,50.5,False
KEIBAJO_SURFACE_03_ダ,kyori_kubun+joho_shisu+tenkai_kigo_code+kishu_shisu,kyori_kubun,joho_shisu,tenkai_kigo_code,kishu_shisu,7,1436,66.36,21.41,50.49,False
KEIBAJO_SURFACE_03_ダ,joken_class_code+omo_tekisei_code+joho_shisu+hizume_code,joken_class_code,omo_tekisei_code,joho_shisu,hizume_code,5,610,68.91,21.12,50.4,False
KEIBAJO_SURFACE_03_ダ,joho_shisu+kyori_tekisei+ls_shisu_juni+tenkai_kigo_code,joho_shisu,kyori_tekisei,ls_shisu_juni,tenkai_kigo_code,9,1349,68.08,27.47,50.13,False
KEIBAJO_SURFACE_03_ダ,kyori_kubun+omo_tekisei_code+joho_shisu+tenkai_kigo_code,kyori_kubun,omo_tekisei_code,joho_shisu,tenkai_kigo_code,11,2504,68.23,30.73,50.07,False
KEIBAJO_SURFACE_03_ダ,joken_class_code+joho_shisu+ls_shisu_juni+kishu_shisu,joken_class_code,joho_shisu,ls_shisu_juni,kishu_shisu,8,1031,64.66,21.14,50.01,False
KEIBAJO_SURFACE_03_ダ,uma_start_shisu+pace_yoso+uma_deokure_ritsu+ls_shisu_juni,uma_start_shisu,pace_yoso,uma_deokure_ritsu,ls_shisu_juni,5,1013,60.27,11.74,49.98,False
KEIBAJO_SURFACE_03_ダ,omo_tekisei_code+joho_shisu+hizume_code+tenkai_kigo_code,omo_tekisei_code,joho_shisu,hizume_code,tenkai_kigo_code,4,561,60.98,11.29,49.92,False
KEIBAJO_SURFACE_03_ダ,class_code+kyori_tekisei+tenkai_kigo_code+kishu_minarai_code,class_code,kyori_tekisei,tenkai_kigo_code,kishu_minarai_code,4,469,61.82,12.35,49.72,False
KEIBAJO_SURFACE_03_ダ,joken_class_code+omo_tekisei_code+kyori_tekisei+kishu_minarai_code,joken_class_code,omo_tekisei_code,kyori_tekisei,kishu_minarai_code,4,527,69.81,20.54,49.68,False
KEIBAJO_SURFACE_03_ダ,kyori_kubun+class_code+joho_shisu+kishu_shisu,kyori_kubun,class_code,joho_shisu,kishu_shisu,7,1019,64.95,20.72,49.6,False
KEIBAJO_SURFACE_03_ダ,pace_yoso+joho_shisu+hizume_code+kishu_shisu,pace_yoso,joho_shisu,hizume_code,kishu_shisu,4,532,65.88,16.75,49.46,False
KEIBAJO_SURFACE_03_ダ,kyori_kubun+joho_shisu+kyori_tekisei+kishu_shisu,kyori_kubun,joho_shisu,kyori_tekisei,kishu_shisu,12,1783,62.52,23.19,49.39,False
KEIBAJO_SURFACE_03_ダ,kyori_kubun+class_code+kyori_tekisei+kishu_shisu,kyori_kubun,class_code,kyori_tekisei,kishu_shisu,7,1004,62.27,17.47,49.33,False
KEIBAJO_SURFACE_03_ダ,uma_start_shisu+omo_tekisei_code+uma_deokure_ritsu+ls_shisu_juni,uma_start_shisu,omo_tekisei_code,uma_deokure_ritsu,ls_shisu_juni,5,808,66.02,19.12,49.26,False
KEIBAJO_SURFACE_03_ダ,joken_class_code+uma_deokure_ritsu+hizume_code+tenkai_kigo_code,joken_class_code,uma_deokure_ritsu,hizume_code,tenkai_kigo_code,5,747,66.43,19.72,49.15,False
KEIBAJO_SURFACE_03_ダ,uma_start_shisu+kyori_kubun+kyori_tekisei+uma_deokure_ritsu,uma_start_shisu,kyori_kubun,kyori_tekisei,uma_deokure_ritsu,6,1550,60.87,14.66,49.14,False
KEIBAJO_SURFACE_03_ダ,joken_class_code+kyori_tekisei+kishu_kitai_rentai_ritsu+kishu_shisu,joken_class_code,kyori_tekisei,kishu_kitai_rentai_ritsu,kishu_shisu,5,731,64.52,17.67,49.03,False
KEIBAJO_SURFACE_03_ダ,pace_yoso+joken_class_code+joho_shisu+kishu_shisu,pace_yoso,joken_class_code,joho_shisu,kishu_shisu,13,2270,70.25,39.19,48.95,False
KEIBAJO_SURFACE_03_ダ,pace_yoso+joho_shisu+kyori_tekisei+kishu_shisu,pace_yoso,joho_shisu,kyori_tekisei,kishu_shisu,13,1930,62.29,24.54,48.95,False
KEIBAJO_SURFACE_03_ダ,pace_yoso+uma_deokure_ritsu+ls_shisu_juni+kishu_shisu,pace_yoso,uma_deokure_ritsu,ls_shisu_juni,kishu_shisu,4,498,72.01,23.55,48.94,False
KEIBAJO_SURFACE_03_ダ,uma_start_shisu+joken_class_code+joho_shisu+kyori_tekisei,uma_start_shisu,joken_class_code,joho_shisu,kyori_tekisei,3,475,88.9,35.32,48.93,False
KEIBAJO_SURFACE_03_ダ,joken_class_code+joho_shisu+kishu_kitai_rentai_ritsu+kishu_shisu,joken_class_code,joho_shisu,kishu_kitai_rentai_ritsu,kishu_shisu,7,833,64.64,21.3,48.86,False
KEIBAJO_SURFACE_03_ダ,joken_class_code+class_code+ls_shisu_juni+kishu_minarai_code,joken_class_code,class_code,ls_shisu_juni,kishu_minarai_code,6,886,66.6,22.38,48.69,False
KEIBAJO_SURFACE_03_ダ,uma_start_shisu+joken_class_code+kyori_tekisei+ls_shisu_juni,uma_start_shisu,joken_class_code,kyori_tekisei,ls_shisu_juni,3,517,70.31,19.11,48.68,False
KEIBAJO_SURFACE_03_ダ,class_code+joho_shisu+tenkai_kigo_code+kishu_shisu,class_code,joho_shisu,tenkai_kigo_code,kishu_shisu,5,855,68.32,22.48,48.62,False
KEIBAJO_SURFACE_03_ダ,kyori_kubun+kyori_tekisei+tenkai_kigo_code+kishu_shisu,kyori_kubun,kyori_tekisei,tenkai_kigo_code,kishu_shisu,9,1396,65.68,26.14,48.6,False
KEIBAJO_SURFACE_03_ダ,kyori_kubun+joken_class_code+tenkai_kigo_code+kishu_shisu,kyori_kubun,joken_class_code,tenkai_kigo_code,kishu_shisu,10,1582,64.76,26.13,48.56,False
KEIBAJO_SURFACE_03_ダ,kyori_kubun+joho_shisu+kyori_tekisei+uma_deokure_ritsu,kyori_kubun,joho_shisu,kyori_tekisei,uma_deokure_ritsu,5,851,63.37,16.9,48.56,False
KEIBAJO_SURFACE_03_ダ,omo_tekisei_code+class_code+uma_deokure_ritsu+ls_shisu_juni,omo_tekisei_code,class_code,uma_deokure_ritsu,ls_shisu_juni,6,870,58.03,12.2,48.27,False
KEIBAJO_SURFACE_03_ダ,uma_start_shisu+joken_class_code+class_code+kishu_minarai_code,uma_start_shisu,joken_class_code,class_code,kishu_minarai_code,3,413,75.08,23.76,48.2,False
KEIBAJO_SURFACE_03_ダ,omo_tekisei_code+joho_shisu+ls_shisu_juni+kishu_shisu,omo_tekisei_code,joho_shisu,ls_shisu_juni,kishu_shisu,6,714,68.68,25.75,48.07,False
KEIBAJO_SURFACE_03_ダ,joken_class_code+joho_shisu+kyori_tekisei+uma_deokure_ritsu,joken_class_code,joho_shisu,kyori_tekisei,uma_deokure_ritsu,3,554,77.49,26.05,48.0,False
KEIBAJO_SURFACE_03_ダ,uma_start_shisu+kyori_tekisei+uma_deokure_ritsu+ls_shisu_juni,uma_start_shisu,kyori_tekisei,uma_deokure_ritsu,ls_shisu_juni,3,482,53.25,4.84,47.77,False
KEIBAJO_SURFACE_03_ダ,pace_yoso+joho_shisu+tenkai_kigo_code+kishu_shisu,pace_yoso,joho_shisu,tenkai_kigo_code,kishu_shisu,9,1803,70.68,35.12,47.74,False
KEIBAJO_SURFACE_03_ダ,uma_start_shisu+joken_class_code+tenkai_kigo_code+kishu_shisu,uma_start_shisu,joken_class_code,tenkai_kigo_code,kishu_shisu,3,328,76.41,25.38,47.69,False
KEIBAJO_SURFACE_03_ダ,pace_yoso+kyori_kubun+joken_class_code+kishu_kitai_rentai_ritsu,pace_yoso,kyori_kubun,joken_class_code,kishu_kitai_rentai_ritsu,3,370,67.59,17.77,47.49,False
KEIBAJO_SURFACE_03_ダ,omo_tekisei_code+joho_shisu+kishu_kitai_rentai_ritsu+kishu_shisu,omo_tekisei_code,joho_shisu,kishu_kitai_rentai_ritsu,kishu_shisu,4,448,64.11,17.18,47.27,False
KEIBAJO_SURFACE_03_ダ,uma_start_shisu+kyori_tekisei+uma_deokure_ritsu+tenkai_kigo_code,uma_start_shisu,kyori_tekisei,uma_deokure_ritsu,tenkai_kigo_code,5,971,62.5,17.92,46.79,False
KEIBAJO_SURFACE_03_ダ,joken_class_code+joho_shisu+kyori_tekisei+ls_shisu_juni,joken_class_code,joho_shisu,kyori_tekisei,ls_shisu_juni,8,1432,66.73,29.0,46.63,False
KEIBAJO_SURFACE_03_ダ,joken_class_code+joho_shisu+kyori_tekisei+kishu_shisu,joken_class_code,joho_shisu,kyori_tekisei,kishu_shisu,7,1113,66.42,26.83,46.55,False
KEIBAJO_SURFACE_03_ダ,uma_start_shisu+omo_tekisei_code+class_code+ls_shisu_juni,uma_start_shisu,omo_tekisei_code,class_code,ls_shisu_juni,3,398,63.15,14.67,46.54,False
KEIBAJO_SURFACE_03_ダ,kyori_kubun+class_code+hizume_code+ls_shisu_juni,kyori_kubun,class_code,hizume_code,ls_shisu_juni,4,525,61.57,15.71,46.18,False
KEIBAJO_SURFACE_03_ダ,kyori_kubun+joho_shisu+kyori_tekisei+ls_shisu_juni,kyori_kubun,joho_shisu,kyori_tekisei,ls_shisu_juni,12,2191,60.08,24.6,46.16,False
KEIBAJO_SURFACE_03_ダ,uma_start_shisu+class_code+kyori_tekisei+tenkai_kigo_code,uma_start_shisu,class_code,kyori_tekisei,tenkai_kigo_code,4,776,68.44,22.76,46.13,False
KEIBAJO_SURFACE_03_ダ,pace_yoso+class_code+uma_deokure_ritsu+kishu_shisu,pace_yoso,class_code,uma_deokure_ritsu,kishu_shisu,4,438,71.15,25.57,46.1,False
KEIBAJO_SURFACE_03_ダ,kyori_kubun+joken_class_code+joho_shisu+uma_deokure_ritsu,kyori_kubun,joken_class_code,joho_shisu,uma_deokure_ritsu,4,845,67.44,21.84,46.04,False
KEIBAJO_SURFACE_03_ダ,kyori_kubun+omo_tekisei_code+kyori_tekisei+kishu_shisu,kyori_kubun,omo_tekisei_code,kyori_tekisei,kishu_shisu,10,1214,69.08,37.38,45.91,False
KEIBAJO_SURFACE_03_ダ,joken_class_code+omo_tekisei_code+kyori_tekisei+kishu_shisu,joken_class_code,omo_tekisei_code,kyori_tekisei,kishu_shisu,4,679,56.81,11.43,45.61,False
KEIBAJO_SURFACE_03_ダ,class_code+hizume_code+ls_shisu_juni+tenkai_kigo_code,class_code,hizume_code,ls_shisu_juni,tenkai_kigo_code,4,492,77.52,32.7,45.47,False
KEIBAJO_SURFACE_03_ダ,joken_class_code+joho_shisu+ls_shisu_juni+tenkai_kigo_code,joken_class_code,joho_shisu,ls_shisu_juni,tenkai_kigo_code,8,1464,62.45,24.84,45.24,False
KEIBAJO_SURFACE_03_ダ,joho_shisu+kyori_tekisei+uma_deokure_ritsu+tenkai_kigo_code,joho_shisu,kyori_tekisei,uma_deokure_ritsu,tenkai_kigo_code,3,472,72.62,24.25,45.18,False
KEIBAJO_SURFACE_03_ダ,kyori_kubun+joken_class_code+uma_deokure_ritsu+kishu_minarai_code,kyori_kubun,joken_class_code,uma_deokure_ritsu,kishu_minarai_code,4,506,66.79,22.18,45.06,False
KEIBAJO_SURFACE_03_ダ,kyori_kubun+joken_class_code+joho_shisu+kishu_minarai_code,kyori_kubun,joken_class_code,joho_shisu,kishu_minarai_code,4,473,68.76,24.19,45.05,False
KEIBAJO_SURFACE_03_ダ,joho_shisu+hizume_code+ls_shisu_juni+tenkai_kigo_code,joho_shisu,hizume_code,ls_shisu_juni,tenkai_kigo_code,5,607,79.27,39.08,45.01,False
KEIBAJO_SURFACE_03_ダ,pace_yoso+joken_class_code+uma_deokure_ritsu+kishu_shisu,pace_yoso,joken_class_code,uma_deokure_ritsu,kishu_shisu,4,572,65.04,20.74,44.71,False
KEIBAJO_SURFACE_03_ダ,joho_shisu+uma_deokure_ritsu+ls_shisu_juni+kishu_shisu,joho_shisu,uma_deokure_ritsu,ls_shisu_juni,kishu_shisu,3,318,64.75,17.74,44.68,False
KEIBAJO_SURFACE_03_ダ,class_code+uma_deokure_ritsu+hizume_code+tenkai_kigo_code,class_code,uma_deokure_ritsu,hizume_code,tenkai_kigo_code,4,512,71.63,27.79,44.39,False
KEIBAJO_SURFACE_03_ダ,joho_shisu+kyori_tekisei+tenkai_kigo_code+kishu_shisu,joho_shisu,kyori_tekisei,tenkai_kigo_code,kishu_shisu,7,931,66.96,30.48,44.38,False
KEIBAJO_SURFACE_03_ダ,uma_start_shisu+omo_tekisei_code+kyori_tekisei+ls_shisu_juni,uma_start_shisu,omo_tekisei_code,kyori_tekisei,ls_shisu_juni,3,358,58.75,12.82,44.24,False
KEIBAJO_SURFACE_03_ダ,joho_shisu+kishu_kitai_rentai_ritsu+ls_shisu_juni+kishu_shisu,joho_shisu,kishu_kitai_rentai_ritsu,ls_shisu_juni,kishu_shisu,3,345,69.98,22.94,44.01,False
KEIBAJO_SURFACE_03_ダ,uma_start_shisu+pace_yoso+class_code+joho_shisu,uma_start_shisu,pace_yoso,class_code,joho_shisu,4,647,65.96,22.5,43.91,False
KEIBAJO_SURFACE_03_ダ,joken_class_code+joho_shisu+uma_deokure_ritsu+ls_shisu_juni,joken_class_code,joho_shisu,uma_deokure_ritsu,ls_shisu_juni,4,581,67.38,24.08,43.79,False
KEIBAJO_SURFACE_03_ダ,uma_start_shisu+joken_class_code+class_code+kishu_shisu,uma_start_shisu,joken_class_code,class_code,kishu_shisu,4,503,63.5,20.38,43.53,False
KEIBAJO_SURFACE_03_ダ,uma_start_shisu+joho_shisu+kyori_tekisei+tenkai_kigo_code,uma_start_shisu,joho_shisu,kyori_tekisei,tenkai_kigo_code,3,459,88.1,39.54,43.36,False
KEIBAJO_SURFACE_03_ダ,kyori_kubun+omo_tekisei_code+tenkai_kigo_code+kishu_minarai_code,kyori_kubun,omo_tekisei_code,tenkai_kigo_code,kishu_minarai_code,5,658,63.18,22.75,43.24,False
KEIBAJO_SURFACE_03_ダ,uma_start_shisu+kyori_kubun+class_code+joho_shisu,uma_start_shisu,kyori_kubun,class_code,joho_shisu,4,566,65.74,23.11,43.09,False
KEIBAJO_SURFACE_03_ダ,pace_yoso+joken_class_code+kishu_kitai_rentai_ritsu+tenkai_kigo_code,pace_yoso,joken_class_code,kishu_kitai_rentai_ritsu,tenkai_kigo_code,3,377,99.69,50.66,42.36,False
KEIBAJO_SURFACE_03_ダ,kyori_kubun+joken_class_code+uma_deokure_ritsu+kishu_shisu,kyori_kubun,joken_class_code,uma_deokure_ritsu,kishu_shisu,4,494,48.6,6.41,42.32,False
KEIBAJO_SURFACE_03_ダ,pace_yoso+joken_class_code+joho_shisu+uma_deokure_ritsu,pace_yoso,joken_class_code,joho_shisu,uma_deokure_ritsu,5,1027,57.17,17.02,42.25,False
KEIBAJO_SURFACE_03_ダ,uma_start_shisu+class_code+joho_shisu+ls_shisu_juni,uma_start_shisu,class_code,joho_shisu,ls_shisu_juni,3,312,78.14,31.71,42.25,False
KEIBAJO_SURFACE_03_ダ,joken_class_code+class_code+joho_shisu+kishu_minarai_code,joken_class_code,class_code,joho_shisu,kishu_minarai_code,3,509,74.68,28.89,41.99,False
KEIBAJO_SURFACE_03_ダ,omo_tekisei_code+kyori_tekisei+uma_deokure_ritsu+ls_shisu_juni,omo_tekisei_code,kyori_tekisei,uma_deokure_ritsu,ls_shisu_juni,4,585,53.96,12.61,41.6,False
KEIBAJO_SURFACE_03_ダ,kyori_kubun+uma_deokure_ritsu+tenkai_kigo_code+kishu_shisu,kyori_kubun,uma_deokure_ritsu,tenkai_kigo_code,kishu_shisu,4,517,75.8,35.13,41.38,False
KEIBAJO_SURFACE_03_ダ,uma_start_shisu+class_code+joho_shisu+kyori_tekisei,uma_start_shisu,class_code,joho_shisu,kyori_tekisei,3,378,86.57,40.0,41.3,False
KEIBAJO_SURFACE_03_ダ,uma_start_shisu+class_code+kyori_tekisei+ls_shisu_juni,uma_start_shisu,class_code,kyori_tekisei,ls_shisu_juni,3,373,68.56,24.27,41.09,False
KEIBAJO_SURFACE_03_ダ,joken_class_code+class_code+joho_shisu+uma_deokure_ritsu,joken_class_code,class_code,joho_shisu,uma_deokure_ritsu,3,783,67.94,23.8,41.0,False
KEIBAJO_SURFACE_03_ダ,uma_start_shisu+joken_class_code+joho_shisu+kishu_shisu,uma_start_shisu,joken_class_code,joho_shisu,kishu_shisu,3,319,60.65,17.43,40.92,False
KEIBAJO_SURFACE_03_ダ,joken_class_code+joho_shisu+hizume_code+tenkai_kigo_code,joken_class_code,joho_shisu,hizume_code,tenkai_kigo_code,5,694,66.22,29.14,40.68,False
KEIBAJO_SURFACE_03_ダ,omo_tekisei_code+ls_shisu_juni+tenkai_kigo_code+kishu_shisu,omo_tekisei_code,ls_shisu_juni,tenkai_kigo_code,kishu_shisu,5,656,64.63,27.65,40.39,False
KEIBAJO_SURFACE_03_ダ,joken_class_code+kyori_tekisei+tenkai_kigo_code+kishu_shisu,joken_class_code,kyori_tekisei,tenkai_kigo_code,kishu_shisu,8,1207,60.7,29.58,40.21,False
KEIBAJO_SURFACE_03_ダ,omo_tekisei_code+class_code+joho_shisu+hizume_code,omo_tekisei_code,class_code,joho_shisu,hizume_code,3,367,70.94,27.27,40.08,False
KEIBAJO_SURFACE_03_ダ,pace_yoso+joho_shisu+uma_deokure_ritsu+hizume_code,pace_yoso,joho_shisu,uma_deokure_ritsu,hizume_code,3,403,68.54,25.21,40.01,False
KEIBAJO_SURFACE_03_ダ,uma_start_shisu+pace_yoso+joho_shisu+uma_deokure_ritsu,uma_start_shisu,pace_yoso,joho_shisu,uma_deokure_ritsu,3,606,63.52,21.04,39.71,False
KEIBAJO_SURFACE_03_ダ,class_code+joho_shisu+kyori_tekisei+kishu_shisu,class_code,joho_shisu,kyori_tekisei,kishu_shisu,4,530,60.08,22.14,38.38,False
KEIBAJO_SURFACE_03_ダ,kyori_kubun+kyori_tekisei+kishu_kitai_rentai_ritsu+kishu_shisu,kyori_kubun,kyori_tekisei,kishu_kitai_rentai_ritsu,kishu_shisu,7,793,51.07,17.15,38.36,False
KEIBAJO_SURFACE_03_ダ,joken_class_code+uma_deokure_ritsu+tenkai_kigo_code+kishu_minarai_code,joken_class_code,uma_deokure_ritsu,tenkai_kigo_code,kishu_minarai_code,3,354,59.06,18.33,38.32,False
KEIBAJO_SURFACE_03_ダ,pace_yoso+uma_deokure_ritsu+kishu_kitai_rentai_ritsu+kishu_shisu,pace_yoso,uma_deokure_ritsu,kishu_kitai_rentai_ritsu,kishu_shisu,4,444,98.16,61.06,38.31,False
KEIBAJO_SURFACE_03_ダ,omo_tekisei_code+joho_shisu+uma_deokure_ritsu+ls_shisu_juni,omo_tekisei_code,joho_shisu,uma_deokure_ritsu,ls_shisu_juni,4,531,59.61,21.75,38.29,False
KEIBAJO_SURFACE_03_ダ,kyori_kubun+joho_shisu+uma_deokure_ritsu+ls_shisu_juni,kyori_kubun,joho_shisu,uma_deokure_ritsu,ls_shisu_juni,4,667,57.18,19.71,37.86,False
KEIBAJO_SURFACE_03_ダ,joken_class_code+class_code+uma_deokure_ritsu+kishu_shisu,joken_class_code,class_code,uma_deokure_ritsu,kishu_shisu,4,566,64.67,27.38,37.84,False
KEIBAJO_SURFACE_03_ダ,kishu_kitai_rentai_ritsu+ls_shisu_juni+tenkai_kigo_code+kishu_shisu,kishu_kitai_rentai_ritsu,ls_shisu_juni,tenkai_kigo_code,kishu_shisu,5,539,59.26,24.66,37.65,False
KEIBAJO_SURFACE_03_ダ,pace_yoso+kyori_kubun+manken_shisu+tenkai_kigo_code,pace_yoso,kyori_kubun,manken_shisu,tenkai_kigo_code,3,317,72.86,31.28,37.47,False
KEIBAJO_SURFACE_03_ダ,omo_tekisei_code+kyori_tekisei+uma_deokure_ritsu+hizume_code,omo_tekisei_code,kyori_tekisei,uma_deokure_ritsu,hizume_code,3,337,57.38,17.65,37.41,False
KEIBAJO_SURFACE_03_ダ,joken_class_code+joho_shisu+tenkai_kigo_code+kishu_shisu,joken_class_code,joho_shisu,tenkai_kigo_code,kishu_shisu,7,1188,57.51,27.67,37.01,False
KEIBAJO_SURFACE_03_ダ,uma_start_shisu+kyori_kubun+joho_shisu+kyori_tekisei,uma_start_shisu,kyori_kubun,joho_shisu,kyori_tekisei,5,794,64.6,31.84,36.69,False
KEIBAJO_SURFACE_03_ダ,joken_class_code+kyori_tekisei+ls_shisu_juni+kishu_shisu,joken_class_code,kyori_tekisei,ls_shisu_juni,kishu_shisu,4,601,44.95,8.84,36.29,False
KEIBAJO_SURFACE_03_ダ,uma_start_shisu+pace_yoso+joho_shisu+kyori_tekisei,uma_start_shisu,pace_yoso,joho_shisu,kyori_tekisei,4,704,69.89,34.86,35.72,False
KEIBAJO_SURFACE_03_ダ,omo_tekisei_code+class_code+joho_shisu+uma_deokure_ritsu,omo_tekisei_code,class_code,joho_shisu,uma_deokure_ritsu,4,602,55.98,21.32,35.08,False
KEIBAJO_SURFACE_03_ダ,uma_start_shisu+omo_tekisei_code+joho_shisu+ls_shisu_juni,uma_start_shisu,omo_tekisei_code,joho_shisu,ls_shisu_juni,4,470,74.73,40.63,34.91,False
KEIBAJO_SURFACE_03_ダ,joken_class_code+joho_shisu+tenkai_kigo_code+kishu_minarai_code,joken_class_code,joho_shisu,tenkai_kigo_code,kishu_minarai_code,3,357,78.28,38.52,34.7,False
KEIBAJO_SURFACE_03_ダ,joken_class_code+omo_tekisei_code+uma_deokure_ritsu+kishu_shisu,joken_class_code,omo_tekisei_code,uma_deokure_ritsu,kishu_shisu,4,479,46.84,14.01,33.11,False
KEIBAJO_SURFACE_03_ダ,pace_yoso+kyori_tekisei+kishu_kitai_rentai_ritsu+kishu_shisu,pace_yoso,kyori_tekisei,kishu_kitai_rentai_ritsu,kishu_shisu,7,855,79.51,66.85,29.98,False
KEIBAJO_SURFACE_03_ダ,pace_yoso+uma_deokure_ritsu+tenkai_kigo_code+kishu_shisu,pace_yoso,uma_deokure_ritsu,tenkai_kigo_code,kishu_shisu,3,498,68.14,34.49,29.12,False
KEIBAJO_SURFACE_03_ダ,joken_class_code+omo_tekisei_code+ls_shisu_juni+kishu_shisu,joken_class_code,omo_tekisei_code,ls_shisu_juni,kishu_shisu,4,437,61.25,33.91,28.02,False
KEIBAJO_SURFACE_03_ダ,joho_shisu+kyori_tekisei+kishu_kitai_rentai_ritsu+kishu_shisu,joho_shisu,kyori_tekisei,kishu_kitai_rentai_ritsu,kishu_shisu,3,358,71.42,40.29,25.83,False
KEIBAJO_SURFACE_03_ダ,pace_yoso+class_code+joho_shisu+uma_deokure_ritsu,pace_yoso,class_code,joho_shisu,uma_deokure_ritsu,3,621,56.38,27.39,25.39,False
KEIBAJO_SURFACE_03_ダ,omo_tekisei_code+joho_shisu+kyori_tekisei+hizume_code,omo_tekisei_code,joho_shisu,kyori_tekisei,hizume_code,3,334,64.43,34.66,25.21,False
KEIBAJO_SURFACE_03_ダ,kyori_kubun+class_code+joho_shisu+uma_deokure_ritsu,kyori_kubun,class_code,joho_shisu,uma_deokure_ritsu,3,552,55.61,27.07,24.97,False
KEIBAJO_SURFACE_03_ダ,omo_tekisei_code+joho_shisu+kyori_tekisei+kishu_shisu,omo_tekisei_code,joho_shisu,kyori_tekisei,kishu_shisu,3,427,50.59,24.39,23.0,False
