segment,factors,factor1,factor2,factor3,n_bins,n_bets,mean_roi,std_roi,clb,pass
KEIBAJO_SURFACE_07_芝,agari_shisu_juni+ichi_shisu_juni+ten_shisu_juni,agari_shisu_juni,ichi_shisu_juni,ten_shisu_juni,3,399,89.26,1.96,87.04,True
KEIBAJO_SURFACE_07_芝,agari_shisu_juni+ichi_shisu_juni+pace_shisu_juni,agari_shisu_juni,ichi_shisu_juni,pace_shisu_juni,3,443,88.21,5.22,82.31,True
KEIBAJO_SURFACE_07_芝,rotation+joken_class_code+ichi_shisu_juni,rotation,joken_class_code,ichi_shisu_juni,3,329,86.02,4.44,81.0,True
KEIBAJO_SURFACE_07_芝,manken_shirushi+joken_class_code+agari_shisu_juni,manken_shirushi,joken_class_code,agari_shisu_juni,5,581,85.58,5.41,80.84,True
KEIBAJO_SURFACE_07_芝,manken_shirushi+omo_tekisei_code+agari_shisu_juni,manken_shirushi,omo_tekisei_code,agari_shisu_juni,6,720,86.4,7.03,80.78,True
KEIBAJO_SURFACE_07_芝,omo_tekisei_code+ichi_shisu_juni+pace_shisu_juni,omo_tekisei_code,ichi_shisu_juni,pace_shisu_juni,5,707,85.43,6.03,80.15,True
KEIBAJO_SURFACE_07_芝,agari_shisu_juni+pace_shisu_juni+kyakushitsu,agari_shisu_juni,pace_shisu_juni,kyakushitsu,3,436,88.19,7.48,79.73,False
KEIBAJO_SURFACE_07_芝,ichi_shisu+agari_shisu_juni+pace_shisu_juni,ichi_shisu,agari_shisu_juni,pace_shisu_juni,3,436,88.19,7.48,79.73,False
KEIBAJO_SURFACE_07_芝,kyori_tekisei_2+uma_deokure_ritsu+kyakushitsu,kyori_tekisei_2,uma_deokure_ritsu,kyakushitsu,3,359,82.5,2.52,79.64,False
KEIBAJO_SURFACE_07_芝,pace_yoso+agari_shisu_juni+pace_shisu_juni,pace_yoso,agari_shisu_juni,pace_shisu_juni,3,387,82.99,3.35,79.2,False
KEIBAJO_SURFACE_07_芝,uma_deokure_ritsu+pace_shisu_juni+ten_shisu_juni,uma_deokure_ritsu,pace_shisu_juni,ten_shisu_juni,4,616,86.34,7.74,78.75,False
KEIBAJO_SURFACE_07_芝,manken_shirushi+kyori_kubun+agari_shisu_juni,manken_shirushi,kyori_kubun,agari_shisu_juni,3,401,86.15,6.73,78.53,False
KEIBAJO_SURFACE_07_芝,manken_shirushi+agari_shisu_juni+tenkai_kigo_code,manken_shirushi,agari_shisu_juni,tenkai_kigo_code,18,3201,81.09,5.75,78.44,False
KEIBAJO_SURFACE_07_芝,omo_tekisei_code+ichi_shisu_juni+ten_shisu_juni,omo_tekisei_code,ichi_shisu_juni,ten_shisu_juni,9,1227,85.39,12.02,77.54,False
KEIBAJO_SURFACE_07_芝,manken_shirushi+joshodo_code+ichi_shisu_juni,manken_shirushi,joshodo_code,ichi_shisu_juni,33,3839,80.9,10.52,77.31,False
KEIBAJO_SURFACE_07_芝,uma_deokure_ritsu+ichi_shisu_juni+ten_shisu_juni,uma_deokure_ritsu,ichi_shisu_juni,ten_shisu_juni,4,619,83.45,7.03,76.56,False
KEIBAJO_SURFACE_07_芝,manken_shirushi+pace_yoso+tenkai_kigo_code,manken_shirushi,pace_yoso,tenkai_kigo_code,36,7077,78.61,7.73,76.08,False
KEIBAJO_SURFACE_07_芝,manken_shirushi+ichi_shisu_juni+umakigo_code,manken_shirushi,ichi_shisu_juni,umakigo_code,28,4052,79.73,10.01,76.02,False
KEIBAJO_SURFACE_07_芝,agari_shisu_juni+tenkai_kigo_code+ten_shisu_juni,agari_shisu_juni,tenkai_kigo_code,ten_shisu_juni,15,1717,81.38,10.86,75.88,False
KEIBAJO_SURFACE_07_芝,manken_shirushi+omo_tekisei_code+hizume_code,manken_shirushi,omo_tekisei_code,hizume_code,29,4077,79.63,10.42,75.84,False
KEIBAJO_SURFACE_07_芝,manken_shirushi+omo_tekisei_code+tenkai_kigo_code,manken_shirushi,omo_tekisei_code,tenkai_kigo_code,32,6596,78.72,8.79,75.68,False
KEIBAJO_SURFACE_07_芝,manken_shirushi+joken_class_code+kyakushitsu,manken_shirushi,joken_class_code,kyakushitsu,46,6285,78.03,8.67,75.52,False
KEIBAJO_SURFACE_07_芝,uma_deokure_ritsu+umakigo_code+hizume_code,uma_deokure_ritsu,umakigo_code,hizume_code,21,6162,79.43,9.26,75.47,False
KEIBAJO_SURFACE_07_芝,manken_shirushi+pace_yoso+joshodo_code,manken_shirushi,pace_yoso,joshodo_code,26,9611,77.39,5.16,75.4,False
KEIBAJO_SURFACE_07_芝,manken_shirushi+joshodo_code+agari_shisu_juni,manken_shirushi,joshodo_code,agari_shisu_juni,23,3412,78.13,7.25,75.16,False
KEIBAJO_SURFACE_07_芝,manken_shirushi+pace_yoso+ichi_shisu,manken_shirushi,pace_yoso,ichi_shisu,7,873,78.57,4.75,75.06,False
KEIBAJO_SURFACE_07_芝,uma_deokure_ritsu+ichi_shisu_juni+hizume_code,uma_deokure_ritsu,ichi_shisu_juni,hizume_code,9,1376,78.1,4.7,75.03,False
KEIBAJO_SURFACE_07_芝,manken_shirushi+pace_yoso+joken_class_code,manken_shirushi,pace_yoso,joken_class_code,40,7950,78.1,10.02,74.99,False
KEIBAJO_SURFACE_07_芝,omo_tekisei_code+pace_shisu_juni+ten_shisu_juni,omo_tekisei_code,pace_shisu_juni,ten_shisu_juni,8,1179,82.05,10.2,74.98,False
KEIBAJO_SURFACE_07_芝,manken_shirushi+pace_yoso+kyakushitsu,manken_shirushi,pace_yoso,kyakushitsu,48,7998,77.47,8.89,74.96,False
KEIBAJO_SURFACE_07_芝,agari_shisu_juni+kyakushitsu+hizume_code,agari_shisu_juni,kyakushitsu,hizume_code,17,2014,80.17,11.01,74.94,False
KEIBAJO_SURFACE_07_芝,manken_shirushi+umakigo_code+hizume_code,manken_shirushi,umakigo_code,hizume_code,26,5860,78.99,10.57,74.93,False
KEIBAJO_SURFACE_07_芝,manken_shirushi+uma_deokure_ritsu+umakigo_code,manken_shirushi,uma_deokure_ritsu,umakigo_code,8,2989,77.49,3.78,74.87,False
KEIBAJO_SURFACE_07_芝,manken_shirushi+joshodo_code+tenkai_kigo_code,manken_shirushi,joshodo_code,tenkai_kigo_code,26,8208,77.91,7.98,74.85,False
KEIBAJO_SURFACE_07_芝,manken_shirushi+pace_yoso+ichi_shisu_juni,manken_shirushi,pace_yoso,ichi_shisu_juni,8,1203,79.13,6.28,74.78,False
KEIBAJO_SURFACE_07_芝,agari_shisu_juni+uma_deokure_ritsu+kyakushitsu,agari_shisu_juni,uma_deokure_ritsu,kyakushitsu,21,3021,78.45,8.65,74.75,False
KEIBAJO_SURFACE_07_芝,pace_shisu_juni+kyakushitsu+hizume_code,pace_shisu_juni,kyakushitsu,hizume_code,16,1772,79.84,10.4,74.74,False
KEIBAJO_SURFACE_07_芝,manken_shirushi+pace_yoso+omo_tekisei_code,manken_shirushi,pace_yoso,omo_tekisei_code,32,7881,77.22,7.18,74.73,False
KEIBAJO_SURFACE_07_芝,joshodo_code+uma_deokure_ritsu+hizume_code,joshodo_code,uma_deokure_ritsu,hizume_code,21,6382,78.35,8.99,74.51,False
KEIBAJO_SURFACE_07_芝,joken_class_code+nyukyu_nannichimae+kyakushitsu,joken_class_code,nyukyu_nannichimae,kyakushitsu,9,973,81.39,10.59,74.47,False
KEIBAJO_SURFACE_07_芝,omo_tekisei_code+uma_deokure_ritsu+umakigo_code,omo_tekisei_code,uma_deokure_ritsu,umakigo_code,33,10391,78.17,11.22,74.35,False
KEIBAJO_SURFACE_07_芝,kyori_kubun+ichi_shisu_juni+hizume_code,kyori_kubun,ichi_shisu_juni,hizume_code,15,1784,78.32,7.87,74.34,False
KEIBAJO_SURFACE_07_芝,agari_shisu_juni+uma_deokure_ritsu+hizume_code,agari_shisu_juni,uma_deokure_ritsu,hizume_code,7,833,80.49,8.3,74.34,False
KEIBAJO_SURFACE_07_芝,manken_shirushi+pace_yoso+agari_shisu_juni,manken_shirushi,pace_yoso,agari_shisu_juni,7,844,80.32,8.16,74.27,False
KEIBAJO_SURFACE_07_芝,manken_shirushi+kyori_kubun+joken_class_code,manken_shirushi,kyori_kubun,joken_class_code,29,5753,77.34,8.6,74.21,False
KEIBAJO_SURFACE_07_芝,manken_shirushi+kyori_kubun+joshodo_code,manken_shirushi,kyori_kubun,joshodo_code,31,9162,77.2,8.5,74.21,False
KEIBAJO_SURFACE_07_芝,manken_shirushi+joshodo_code+umakigo_code,manken_shirushi,joshodo_code,umakigo_code,14,9528,78.1,7.59,74.12,False
KEIBAJO_SURFACE_07_芝,manken_shirushi+joken_class_code+joshodo_code,manken_shirushi,joken_class_code,joshodo_code,31,8812,77.29,9.28,74.03,False
KEIBAJO_SURFACE_07_芝,manken_shirushi+omo_tekisei_code+kyakushitsu,manken_shirushi,omo_tekisei_code,kyakushitsu,45,7606,77.07,10.39,74.03,False
KEIBAJO_SURFACE_07_芝,manken_shirushi+joshodo_code+hizume_code,manken_shirushi,joshodo_code,hizume_code,27,6129,77.95,10.53,73.98,False
KEIBAJO_SURFACE_07_芝,manken_shirushi+kyori_kubun+class_code,manken_shirushi,kyori_kubun,class_code,21,2785,77.57,8.44,73.96,False
KEIBAJO_SURFACE_07_芝,kyori_tekisei_2+joshodo_code+ichi_shisu_juni,kyori_tekisei_2,joshodo_code,ichi_shisu_juni,9,1046,79.22,8.08,73.94,False
KEIBAJO_SURFACE_07_芝,kyori_kubun+joshodo_code+uma_deokure_ritsu,kyori_kubun,joshodo_code,uma_deokure_ritsu,27,8897,77.67,9.88,73.94,False
KEIBAJO_SURFACE_07_芝,manken_shirushi+kyori_kubun+umakigo_code,manken_shirushi,kyori_kubun,umakigo_code,32,10113,77.0,8.88,73.92,False
KEIBAJO_SURFACE_07_芝,pace_yoso+nyukyu_nannichimae+umakigo_code,pace_yoso,nyukyu_nannichimae,umakigo_code,31,6072,77.27,9.54,73.91,False
KEIBAJO_SURFACE_07_芝,manken_shirushi+joshodo_code+kyakushitsu,manken_shirushi,joshodo_code,kyakushitsu,38,10103,76.61,8.66,73.86,False
KEIBAJO_SURFACE_07_芝,manken_shirushi+omo_tekisei_code+joken_class_code,manken_shirushi,omo_tekisei_code,joken_class_code,37,6766,77.15,10.3,73.83,False
KEIBAJO_SURFACE_07_芝,manken_shirushi+kyakushitsu+umakigo_code,manken_shirushi,kyakushitsu,umakigo_code,39,10020,76.46,8.51,73.79,False
KEIBAJO_SURFACE_07_芝,manken_shirushi+kyakushitsu+hizume_code,manken_shirushi,kyakushitsu,hizume_code,10,1125,80.88,11.46,73.77,False
KEIBAJO_SURFACE_07_芝,joshodo_code+uma_deokure_ritsu+kyakushitsu,joshodo_code,uma_deokure_ritsu,kyakushitsu,28,9194,77.27,9.48,73.76,False
KEIBAJO_SURFACE_07_芝,joshodo_code+manken_shisu+hizume_code,joshodo_code,manken_shisu,hizume_code,13,1429,79.17,10.0,73.73,False
KEIBAJO_SURFACE_07_芝,rotation+joshodo_code+uma_deokure_ritsu,rotation,joshodo_code,uma_deokure_ritsu,18,4732,78.03,9.31,73.72,False
KEIBAJO_SURFACE_07_芝,manken_shirushi+joken_class_code+tenkai_kigo_code,manken_shirushi,joken_class_code,tenkai_kigo_code,40,6202,76.83,10.1,73.7,False
KEIBAJO_SURFACE_07_芝,manken_shirushi+pace_shisu_juni+umakigo_code,manken_shirushi,pace_shisu_juni,umakigo_code,45,5260,77.27,12.31,73.68,False
KEIBAJO_SURFACE_07_芝,manken_shisu+kyakushitsu+umakigo_code,manken_shisu,kyakushitsu,umakigo_code,47,6172,77.06,11.96,73.64,False
KEIBAJO_SURFACE_07_芝,kyori_tekisei_2+ichi_shisu_juni+umakigo_code,kyori_tekisei_2,ichi_shisu_juni,umakigo_code,9,1053,79.23,8.59,73.62,False
KEIBAJO_SURFACE_07_芝,rotation+omo_tekisei_code+joshodo_code,rotation,omo_tekisei_code,joshodo_code,37,12692,76.87,10.07,73.62,False
KEIBAJO_SURFACE_07_芝,manken_shirushi+pace_yoso+hizume_code,manken_shirushi,pace_yoso,hizume_code,29,3975,77.7,11.29,73.59,False
KEIBAJO_SURFACE_07_芝,omo_tekisei_code+joshodo_code+uma_deokure_ritsu,omo_tekisei_code,joshodo_code,uma_deokure_ritsu,32,10681,77.46,11.34,73.54,False
KEIBAJO_SURFACE_07_芝,manken_shirushi+joshodo_code+ten_shisu_juni,manken_shirushi,joshodo_code,ten_shisu_juni,20,2139,78.78,12.02,73.51,False
KEIBAJO_SURFACE_07_芝,rotation+uma_deokure_ritsu+umakigo_code,rotation,uma_deokure_ritsu,umakigo_code,16,4382,78.2,9.63,73.48,False
KEIBAJO_SURFACE_07_芝,manken_shirushi+joshodo_code+pace_shisu_juni,manken_shirushi,joshodo_code,pace_shisu_juni,24,2612,78.78,13.26,73.47,False
KEIBAJO_SURFACE_07_芝,manken_shirushi+uma_deokure_ritsu+kyakushitsu,manken_shirushi,uma_deokure_ritsu,kyakushitsu,15,2291,78.73,10.45,73.45,False
KEIBAJO_SURFACE_07_芝,joshodo_code+agari_shisu_juni+pace_shisu_juni,joshodo_code,agari_shisu_juni,pace_shisu_juni,33,3678,77.4,11.65,73.42,False
KEIBAJO_SURFACE_07_芝,kyori_kubun+joken_class_code+hizume_code,kyori_kubun,joken_class_code,hizume_code,40,9084,76.31,9.4,73.39,False
KEIBAJO_SURFACE_07_芝,manken_shirushi+pace_yoso+kyori_kubun,manken_shirushi,pace_yoso,kyori_kubun,43,8312,76.34,9.97,73.36,False
KEIBAJO_SURFACE_07_芝,manken_shirushi+joken_class_code+class_code,manken_shirushi,joken_class_code,class_code,24,6101,77.31,9.92,73.34,False
KEIBAJO_SURFACE_07_芝,manken_shirushi+kyori_kubun+uma_deokure_ritsu,manken_shirushi,kyori_kubun,uma_deokure_ritsu,15,2296,77.72,8.68,73.33,False
KEIBAJO_SURFACE_07_芝,kyori_kubun+uma_deokure_ritsu+umakigo_code,kyori_kubun,uma_deokure_ritsu,umakigo_code,25,8385,76.74,8.73,73.32,False
KEIBAJO_SURFACE_07_芝,manken_shirushi+joshodo_code+class_code,manken_shirushi,joshodo_code,class_code,23,5967,77.13,9.3,73.32,False
KEIBAJO_SURFACE_07_芝,manken_shirushi+joshodo_code+uma_deokure_ritsu,manken_shirushi,joshodo_code,uma_deokure_ritsu,8,3082,76.76,4.99,73.3,False
KEIBAJO_SURFACE_07_芝,manken_shirushi+joken_class_code+umakigo_code,manken_shirushi,joken_class_code,umakigo_code,24,8761,76.89,8.98,73.29,False
KEIBAJO_SURFACE_07_芝,manken_shirushi+agari_shisu_juni+umakigo_code,manken_shirushi,agari_shisu_juni,umakigo_code,34,4960,76.77,10.35,73.29,False
KEIBAJO_SURFACE_07_芝,rotation+omo_tekisei_code+umakigo_code,rotation,omo_tekisei_code,umakigo_code,36,12168,76.26,9.12,73.28,False
KEIBAJO_SURFACE_07_芝,rotation+joken_class_code+class_code,rotation,joken_class_code,class_code,36,8429,76.18,8.92,73.26,False
KEIBAJO_SURFACE_07_芝,ichi_shisu+joshodo_code+umakigo_code,ichi_shisu,joshodo_code,umakigo_code,63,9814,76.1,11.57,73.24,False
KEIBAJO_SURFACE_07_芝,manken_shirushi+pace_yoso+umakigo_code,manken_shirushi,pace_yoso,umakigo_code,22,9943,76.11,6.85,73.24,False
KEIBAJO_SURFACE_07_芝,pace_yoso+omo_tekisei_code+uma_deokure_ritsu,pace_yoso,omo_tekisei_code,uma_deokure_ritsu,35,8880,76.95,11.27,73.22,False
KEIBAJO_SURFACE_07_芝,joken_class_code+ichi_shisu_juni+hizume_code,joken_class_code,ichi_shisu_juni,hizume_code,14,1818,76.34,5.95,73.22,False
KEIBAJO_SURFACE_07_芝,manken_shirushi+kyori_kubun+omo_tekisei_code,manken_shirushi,kyori_kubun,omo_tekisei_code,32,6353,76.47,9.41,73.21,False
KEIBAJO_SURFACE_07_芝,joken_class_code+nyukyu_nannichimae+umakigo_code,joken_class_code,nyukyu_nannichimae,umakigo_code,27,4449,77.02,10.18,73.18,False
KEIBAJO_SURFACE_07_芝,joken_class_code+uma_deokure_ritsu+umakigo_code,joken_class_code,uma_deokure_ritsu,umakigo_code,26,8826,78.16,12.98,73.17,False
KEIBAJO_SURFACE_07_芝,manken_shirushi+kyakushitsu+class_code,manken_shirushi,kyakushitsu,class_code,14,1676,76.98,7.26,73.17,False
KEIBAJO_SURFACE_07_芝,uma_deokure_ritsu+kyakushitsu+umakigo_code,uma_deokure_ritsu,kyakushitsu,umakigo_code,30,9062,77.02,10.79,73.16,False
KEIBAJO_SURFACE_07_芝,manken_shirushi+hizume_code+class_code,manken_shirushi,hizume_code,class_code,5,575,79.52,7.27,73.15,False
KEIBAJO_SURFACE_07_芝,manken_shirushi+omo_tekisei_code+class_code,manken_shirushi,omo_tekisei_code,class_code,31,4536,76.96,10.85,73.13,False
KEIBAJO_SURFACE_07_芝,uma_deokure_ritsu+kyakushitsu+ten_shisu_juni,uma_deokure_ritsu,kyakushitsu,ten_shisu_juni,19,3219,77.14,8.95,73.12,False
KEIBAJO_SURFACE_07_芝,manken_shirushi+umakigo_code+class_code,manken_shirushi,umakigo_code,class_code,23,5803,76.95,9.37,73.12,False
KEIBAJO_SURFACE_07_芝,manken_shirushi+joken_class_code+uma_deokure_ritsu,manken_shirushi,joken_class_code,uma_deokure_ritsu,15,2493,77.27,8.19,73.12,False
KEIBAJO_SURFACE_07_芝,manken_shirushi+joken_class_code+hizume_code,manken_shirushi,joken_class_code,hizume_code,17,2132,77.1,8.38,73.12,False
KEIBAJO_SURFACE_07_芝,omo_tekisei_code+joshodo_code+nyukyu_nannichimae,omo_tekisei_code,joshodo_code,nyukyu_nannichimae,28,5377,75.34,6.11,73.08,False
KEIBAJO_SURFACE_07_芝,rotation+joshodo_code+class_code,rotation,joshodo_code,class_code,38,8477,75.99,9.23,73.06,False
KEIBAJO_SURFACE_07_芝,kyori_kubun+hizume_code+class_code,kyori_kubun,hizume_code,class_code,31,6292,76.62,10.17,73.04,False
KEIBAJO_SURFACE_07_芝,manken_shirushi+omo_tekisei_code+umakigo_code,manken_shirushi,omo_tekisei_code,umakigo_code,19,8559,75.84,6.28,73.01,False
KEIBAJO_SURFACE_07_芝,joshodo_code+manken_shisu+uma_deokure_ritsu,joshodo_code,manken_shisu,uma_deokure_ritsu,24,3192,77.18,10.48,72.99,False
KEIBAJO_SURFACE_07_芝,manken_shirushi+pace_yoso+uma_deokure_ritsu,manken_shirushi,pace_yoso,uma_deokure_ritsu,16,2649,76.89,8.02,72.97,False
KEIBAJO_SURFACE_07_芝,ichi_shisu_juni+kyakushitsu+hizume_code,ichi_shisu_juni,kyakushitsu,hizume_code,31,3806,76.69,10.63,72.95,False
KEIBAJO_SURFACE_07_芝,pace_yoso+kyori_kubun+class_code,pace_yoso,kyori_kubun,class_code,39,11695,74.92,6.33,72.94,False
KEIBAJO_SURFACE_07_芝,rotation+umakigo_code+class_code,rotation,umakigo_code,class_code,33,7709,75.63,7.89,72.94,False
KEIBAJO_SURFACE_07_芝,joshodo_code+manken_shisu+kyakushitsu,joshodo_code,manken_shisu,kyakushitsu,47,6366,76.27,11.7,72.93,False
KEIBAJO_SURFACE_07_芝,agari_shisu_juni+pace_shisu_juni+tenkai_kigo_code,agari_shisu_juni,pace_shisu_juni,tenkai_kigo_code,26,2850,77.18,11.09,72.92,False
KEIBAJO_SURFACE_07_芝,manken_shirushi+omo_tekisei_code+joshodo_code,manken_shirushi,omo_tekisei_code,joshodo_code,20,8916,76.04,7.15,72.91,False
KEIBAJO_SURFACE_07_芝,omo_tekisei_code+hizume_code+tenkai_kigo_code,omo_tekisei_code,hizume_code,tenkai_kigo_code,40,11623,76.35,11.34,72.84,False
KEIBAJO_SURFACE_07_芝,pace_yoso+kyori_tekisei_2+umakigo_code,pace_yoso,kyori_tekisei_2,umakigo_code,6,2986,75.37,3.19,72.82,False
KEIBAJO_SURFACE_07_芝,manken_shirushi+kyori_kubun+tenkai_kigo_code,manken_shirushi,kyori_kubun,tenkai_kigo_code,30,5326,77.0,11.68,72.82,False
KEIBAJO_SURFACE_07_芝,uma_deokure_ritsu+pace_shisu_juni+kyakushitsu,uma_deokure_ritsu,pace_shisu_juni,kyakushitsu,22,3397,77.67,11.66,72.8,False
KEIBAJO_SURFACE_07_芝,manken_shirushi+umakigo_code+tenkai_kigo_code,manken_shirushi,umakigo_code,tenkai_kigo_code,30,9284,76.16,9.38,72.8,False
KEIBAJO_SURFACE_07_芝,manken_shirushi+umakigo_code+ten_shisu_juni,manken_shirushi,umakigo_code,ten_shisu_juni,44,5048,76.57,12.86,72.77,False
KEIBAJO_SURFACE_07_芝,pace_yoso+kyori_tekisei_2+joshodo_code,pace_yoso,kyori_tekisei_2,joshodo_code,6,2987,75.79,3.8,72.75,False
KEIBAJO_SURFACE_07_芝,kyakushitsu+hizume_code+class_code,kyakushitsu,hizume_code,class_code,29,5929,76.91,11.44,72.75,False
KEIBAJO_SURFACE_07_芝,manken_shisu+umakigo_code+hizume_code,manken_shisu,umakigo_code,hizume_code,10,1111,79.8,11.39,72.74,False
KEIBAJO_SURFACE_07_芝,omo_tekisei_code+nyukyu_nannichimae+umakigo_code,omo_tekisei_code,nyukyu_nannichimae,umakigo_code,26,4979,75.87,8.2,72.72,False
KEIBAJO_SURFACE_07_芝,pace_yoso+rotation+umakigo_code,pace_yoso,rotation,umakigo_code,32,11962,76.42,10.78,72.69,False
KEIBAJO_SURFACE_07_芝,joshodo_code+nyukyu_nannichimae+umakigo_code,joshodo_code,nyukyu_nannichimae,umakigo_code,22,6603,75.46,6.8,72.62,False
KEIBAJO_SURFACE_07_芝,pace_yoso+kyori_kubun+joken_class_code,pace_yoso,kyori_kubun,joken_class_code,34,16414,73.54,2.79,72.6,False
KEIBAJO_SURFACE_07_芝,omo_tekisei_code+joken_class_code+hizume_code,omo_tekisei_code,joken_class_code,hizume_code,40,11590,75.2,8.46,72.58,False
KEIBAJO_SURFACE_07_芝,kyakushitsu+hizume_code+ten_shisu_juni,kyakushitsu,hizume_code,ten_shisu_juni,16,1869,79.19,13.54,72.56,False
KEIBAJO_SURFACE_07_芝,joken_class_code+joshodo_code+nyukyu_nannichimae,joken_class_code,joshodo_code,nyukyu_nannichimae,24,3780,76.38,9.59,72.55,False
KEIBAJO_SURFACE_07_芝,joshodo_code+ichi_shisu_juni+pace_shisu_juni,joshodo_code,ichi_shisu_juni,pace_shisu_juni,44,6528,75.89,11.36,72.54,False
KEIBAJO_SURFACE_07_芝,kyakushitsu+ten_shisu_juni+class_code,kyakushitsu,ten_shisu_juni,class_code,20,2477,78.59,13.94,72.48,False
KEIBAJO_SURFACE_07_芝,kyori_tekisei_2+omo_tekisei_code+class_code,kyori_tekisei_2,omo_tekisei_code,class_code,7,1054,79.33,9.26,72.47,False
KEIBAJO_SURFACE_07_芝,pace_yoso+joshodo_code+uma_deokure_ritsu,pace_yoso,joshodo_code,uma_deokure_ritsu,33,11289,75.64,9.29,72.47,False
KEIBAJO_SURFACE_07_芝,kyori_kubun+rotation+umakigo_code,kyori_kubun,rotation,umakigo_code,36,10889,75.37,8.89,72.47,False
KEIBAJO_SURFACE_07_芝,manken_shirushi+pace_yoso+class_code,manken_shirushi,pace_yoso,class_code,27,4275,77.0,12.06,72.45,False
KEIBAJO_SURFACE_07_芝,uma_deokure_ritsu+kyakushitsu+hizume_code,uma_deokure_ritsu,kyakushitsu,hizume_code,19,4225,75.81,7.52,72.43,False
KEIBAJO_SURFACE_07_芝,uma_deokure_ritsu+ichi_shisu_juni+pace_shisu_juni,uma_deokure_ritsu,ichi_shisu_juni,pace_shisu_juni,4,534,78.96,6.67,72.42,False
KEIBAJO_SURFACE_07_芝,omo_tekisei_code+uma_deokure_ritsu+tenkai_kigo_code,omo_tekisei_code,uma_deokure_ritsu,tenkai_kigo_code,27,7294,77.11,12.46,72.41,False
KEIBAJO_SURFACE_07_芝,manken_shisu+uma_deokure_ritsu+umakigo_code,manken_shisu,uma_deokure_ritsu,umakigo_code,22,2872,76.96,10.94,72.38,False
KEIBAJO_SURFACE_07_芝,joken_class_code+kyakushitsu+hizume_code,joken_class_code,kyakushitsu,hizume_code,43,9259,75.61,10.8,72.38,False
KEIBAJO_SURFACE_07_芝,omo_tekisei_code+uma_deokure_ritsu+hizume_code,omo_tekisei_code,uma_deokure_ritsu,hizume_code,18,4969,76.38,8.73,72.34,False
KEIBAJO_SURFACE_07_芝,nyukyu_nannichimae+umakigo_code+hizume_code,nyukyu_nannichimae,umakigo_code,hizume_code,15,1745,76.97,9.18,72.32,False
KEIBAJO_SURFACE_07_芝,pace_yoso+kyori_kubun+joshodo_code,pace_yoso,kyori_kubun,joshodo_code,17,16311,73.54,2.72,72.25,False
KEIBAJO_SURFACE_07_芝,rotation+omo_tekisei_code+kyakushitsu,rotation,omo_tekisei_code,kyakushitsu,41,8215,75.44,10.45,72.24,False
KEIBAJO_SURFACE_07_芝,omo_tekisei_code+joken_class_code+ichi_shisu_juni,omo_tekisei_code,joken_class_code,ichi_shisu_juni,53,8957,74.84,9.76,72.21,False
KEIBAJO_SURFACE_07_芝,omo_tekisei_code+manken_shisu+umakigo_code,omo_tekisei_code,manken_shisu,umakigo_code,61,9845,74.82,10.49,72.19,False
KEIBAJO_SURFACE_07_芝,pace_yoso+kyori_kubun+kyori_tekisei_2,pace_yoso,kyori_kubun,kyori_tekisei_2,9,2716,75.79,5.54,72.17,False
KEIBAJO_SURFACE_07_芝,pace_yoso+uma_deokure_ritsu+ichi_shisu_juni,pace_yoso,uma_deokure_ritsu,ichi_shisu_juni,20,3727,76.0,8.77,72.15,False
KEIBAJO_SURFACE_07_芝,rotation+umakigo_code+tenkai_kigo_code,rotation,umakigo_code,tenkai_kigo_code,31,11019,74.92,7.9,72.14,False
KEIBAJO_SURFACE_07_芝,nyukyu_nannichimae+kyakushitsu+umakigo_code,nyukyu_nannichimae,kyakushitsu,umakigo_code,29,4229,76.75,12.71,72.13,False
KEIBAJO_SURFACE_07_芝,joho_shisu+omo_tekisei_code+joshodo_code,joho_shisu,omo_tekisei_code,joshodo_code,38,9581,75.66,11.13,72.12,False
KEIBAJO_SURFACE_07_芝,kyori_tekisei_2+joshodo_code+class_code,kyori_tekisei_2,joshodo_code,class_code,9,1922,78.06,9.11,72.11,False
KEIBAJO_SURFACE_07_芝,ichi_shisu+kyakushitsu+umakigo_code,ichi_shisu,kyakushitsu,umakigo_code,11,3217,78.33,10.55,72.1,False
KEIBAJO_SURFACE_07_芝,kyori_kubun+omo_tekisei_code+pace_shisu_juni,kyori_kubun,omo_tekisei_code,pace_shisu_juni,50,8867,74.81,9.78,72.1,False
KEIBAJO_SURFACE_07_芝,pace_yoso+rotation+agari_shisu_juni,pace_yoso,rotation,agari_shisu_juni,9,1015,75.62,5.41,72.09,False
KEIBAJO_SURFACE_07_芝,omo_tekisei_code+joshodo_code+manken_shisu,omo_tekisei_code,joshodo_code,manken_shisu,60,10122,74.52,9.78,72.05,False
KEIBAJO_SURFACE_07_芝,kyori_tekisei_2+joshodo_code+umakigo_code,kyori_tekisei_2,joshodo_code,umakigo_code,3,2863,74.97,2.59,72.04,False
KEIBAJO_SURFACE_07_芝,omo_tekisei_code+ichi_shisu_juni+hizume_code,omo_tekisei_code,ichi_shisu_juni,hizume_code,30,4220,76.51,12.52,72.03,False
KEIBAJO_SURFACE_07_芝,joken_class_code+joshodo_code+uma_deokure_ritsu,joken_class_code,joshodo_code,uma_deokure_ritsu,26,9172,77.24,13.58,72.02,False
KEIBAJO_SURFACE_07_芝,kyori_kubun+uma_deokure_ritsu+pace_shisu_juni,kyori_kubun,uma_deokure_ritsu,pace_shisu_juni,18,2863,78.04,13.05,72.02,False
KEIBAJO_SURFACE_07_芝,uma_deokure_ritsu+pace_shisu_juni+umakigo_code,uma_deokure_ritsu,pace_shisu_juni,umakigo_code,15,4552,75.98,7.84,72.01,False
KEIBAJO_SURFACE_07_芝,omo_tekisei_code+joken_class_code+uma_deokure_ritsu,omo_tekisei_code,joken_class_code,uma_deokure_ritsu,21,6809,76.44,10.38,72.0,False
KEIBAJO_SURFACE_07_芝,ichi_shisu+joken_class_code+nyukyu_nannichimae,ichi_shisu,joken_class_code,nyukyu_nannichimae,5,540,81.8,11.2,71.99,False
KEIBAJO_SURFACE_07_芝,pace_yoso+kyori_kubun+ichi_shisu,pace_yoso,kyori_kubun,ichi_shisu,3,1729,72.73,0.67,71.97,False
KEIBAJO_SURFACE_07_芝,ichi_shisu+nyukyu_nannichimae+kakutoku_shokin_ruikei,ichi_shisu,nyukyu_nannichimae,kakutoku_shokin_ruikei,5,539,81.83,11.25,71.97,False
KEIBAJO_SURFACE_07_芝,rotation+joken_class_code+joshodo_code,rotation,joken_class_code,joshodo_code,41,11063,74.74,9.09,71.96,False
KEIBAJO_SURFACE_07_芝,pace_yoso+uma_deokure_ritsu+umakigo_code,pace_yoso,uma_deokure_ritsu,umakigo_code,34,10994,75.24,9.8,71.94,False
KEIBAJO_SURFACE_07_芝,kyori_kubun+kyakushitsu+hizume_code,kyori_kubun,kyakushitsu,hizume_code,45,10069,74.76,9.66,71.94,False
KEIBAJO_SURFACE_07_芝,kyori_kubun+joken_class_code+joshodo_code,kyori_kubun,joken_class_code,joshodo_code,22,16213,73.07,2.8,71.9,False
KEIBAJO_SURFACE_07_芝,agari_shisu_juni+uma_deokure_ritsu+class_code,agari_shisu_juni,uma_deokure_ritsu,class_code,12,1539,76.32,7.88,71.86,False
KEIBAJO_SURFACE_07_芝,pace_yoso+kyori_tekisei_2+class_code,pace_yoso,kyori_tekisei_2,class_code,9,1561,80.34,12.98,71.86,False
KEIBAJO_SURFACE_07_芝,ichi_shisu+nyukyu_nannichimae+kyakushitsu,ichi_shisu,nyukyu_nannichimae,kyakushitsu,5,537,82.0,11.58,71.85,False
KEIBAJO_SURFACE_07_芝,nyukyu_nannichimae+kyakushitsu+kakutoku_shokin_ruikei,nyukyu_nannichimae,kyakushitsu,kakutoku_shokin_ruikei,5,537,82.0,11.58,71.85,False
KEIBAJO_SURFACE_07_芝,rotation+joken_class_code+umakigo_code,rotation,joken_class_code,umakigo_code,40,10569,74.58,8.93,71.82,False
KEIBAJO_SURFACE_07_芝,agari_shisu_juni+tenkai_kigo_code+class_code,agari_shisu_juni,tenkai_kigo_code,class_code,36,7617,75.06,9.92,71.82,False
KEIBAJO_SURFACE_07_芝,omo_tekisei_code+joshodo_code+tenkai_kigo_code,omo_tekisei_code,joshodo_code,tenkai_kigo_code,16,14749,74.6,5.69,71.81,False
KEIBAJO_SURFACE_07_芝,pace_yoso+rotation+joshodo_code,pace_yoso,rotation,joshodo_code,33,12481,75.38,10.51,71.8,False
KEIBAJO_SURFACE_07_芝,omo_tekisei_code+kyakushitsu+hizume_code,omo_tekisei_code,kyakushitsu,hizume_code,41,11961,74.7,9.5,71.8,False
KEIBAJO_SURFACE_07_芝,ichi_shisu+omo_tekisei_code+umakigo_code,ichi_shisu,omo_tekisei_code,umakigo_code,9,1136,77.22,8.32,71.78,False
KEIBAJO_SURFACE_07_芝,joshodo_code+nyukyu_nannichimae+uma_deokure_ritsu,joshodo_code,nyukyu_nannichimae,uma_deokure_ritsu,10,1654,77.53,9.28,71.78,False
KEIBAJO_SURFACE_07_芝,kyori_kubun+joken_class_code+class_code,kyori_kubun,joken_class_code,class_code,28,12589,74.36,6.97,71.78,False
KEIBAJO_SURFACE_07_芝,kyori_tekisei_2+agari_shisu_juni+tenkai_kigo_code,kyori_tekisei_2,agari_shisu_juni,tenkai_kigo_code,6,771,76.41,5.78,71.78,False
KEIBAJO_SURFACE_07_芝,kyori_kubun+joshodo_code+manken_shisu,kyori_kubun,joshodo_code,manken_shisu,45,6727,74.32,8.73,71.77,False
KEIBAJO_SURFACE_07_芝,kyori_kubun+uma_deokure_ritsu+ichi_shisu_juni,kyori_kubun,uma_deokure_ritsu,ichi_shisu_juni,18,3154,76.59,10.45,71.76,False
KEIBAJO_SURFACE_07_芝,pace_yoso+agari_shisu_juni+uma_deokure_ritsu,pace_yoso,agari_shisu_juni,uma_deokure_ritsu,25,3643,74.87,7.94,71.76,False
KEIBAJO_SURFACE_07_芝,pace_yoso+joken_class_code+ichi_shisu_juni,pace_yoso,joken_class_code,ichi_shisu_juni,55,10912,74.09,8.87,71.75,False
KEIBAJO_SURFACE_07_芝,pace_yoso+kyori_kubun+omo_tekisei_code,pace_yoso,kyori_kubun,omo_tekisei_code,24,14525,74.18,6.09,71.74,False
KEIBAJO_SURFACE_07_芝,ichi_shisu+joshodo_code+kyakushitsu,ichi_shisu,joshodo_code,kyakushitsu,11,3115,77.49,9.76,71.72,False
KEIBAJO_SURFACE_07_芝,manken_shirushi+kyori_kubun+kyakushitsu,manken_shirushi,kyori_kubun,kyakushitsu,33,4926,76.39,13.67,71.72,False
KEIBAJO_SURFACE_07_芝,manken_shirushi+tenkai_kigo_code+class_code,manken_shirushi,tenkai_kigo_code,class_code,17,2687,75.71,8.4,71.72,False
KEIBAJO_SURFACE_07_芝,kyori_kubun+kyori_tekisei_2+umakigo_code,kyori_kubun,kyori_tekisei_2,umakigo_code,8,3005,77.36,8.15,71.71,False
KEIBAJO_SURFACE_07_芝,kyori_kubun+joken_class_code+uma_deokure_ritsu,kyori_kubun,joken_class_code,uma_deokure_ritsu,23,6260,75.68,9.72,71.7,False
KEIBAJO_SURFACE_07_芝,joken_class_code+ichi_shisu_juni+kyakushitsu,joken_class_code,ichi_shisu_juni,kyakushitsu,46,8875,74.68,10.32,71.7,False
KEIBAJO_SURFACE_07_芝,kyori_kubun+uma_deokure_ritsu+class_code,kyori_kubun,uma_deokure_ritsu,class_code,20,4628,76.47,10.92,71.68,False
KEIBAJO_SURFACE_07_芝,manken_shirushi+uma_deokure_ritsu+tenkai_kigo_code,manken_shirushi,uma_deokure_ritsu,tenkai_kigo_code,11,1898,75.02,5.7,71.65,False
KEIBAJO_SURFACE_07_芝,manken_shirushi+omo_tekisei_code+uma_deokure_ritsu,manken_shirushi,omo_tekisei_code,uma_deokure_ritsu,16,2976,75.97,8.84,71.64,False
KEIBAJO_SURFACE_07_芝,kyori_kubun+joshodo_code+hizume_code,kyori_kubun,joshodo_code,hizume_code,31,13512,74.62,8.44,71.64,False
KEIBAJO_SURFACE_07_芝,pace_yoso+joken_class_code+hizume_code,pace_yoso,joken_class_code,hizume_code,45,11966,74.3,9.17,71.62,False
KEIBAJO_SURFACE_07_芝,joshodo_code+pace_shisu_juni+ten_shisu_juni,joshodo_code,pace_shisu_juni,ten_shisu_juni,41,6137,75.15,11.54,71.62,False
KEIBAJO_SURFACE_07_芝,kyori_kubun+joken_class_code+ten_shisu_juni,kyori_kubun,joken_class_code,ten_shisu_juni,42,7724,74.88,10.77,71.62,False
KEIBAJO_SURFACE_07_芝,pace_yoso+ichi_shisu_juni+hizume_code,pace_yoso,ichi_shisu_juni,hizume_code,37,4724,75.64,12.52,71.61,False
KEIBAJO_SURFACE_07_芝,rotation+omo_tekisei_code+uma_deokure_ritsu,rotation,omo_tekisei_code,uma_deokure_ritsu,17,3387,75.91,9.04,71.61,False
KEIBAJO_SURFACE_07_芝,manken_shirushi+uma_deokure_ritsu+hizume_code,manken_shirushi,uma_deokure_ritsu,hizume_code,7,896,78.42,9.21,71.6,False
KEIBAJO_SURFACE_07_芝,rotation+joshodo_code+tenkai_kigo_code,rotation,joshodo_code,tenkai_kigo_code,32,11437,74.55,8.5,71.6,False
KEIBAJO_SURFACE_07_芝,kyori_kubun+agari_shisu_juni+uma_deokure_ritsu,kyori_kubun,agari_shisu_juni,uma_deokure_ritsu,20,2885,76.26,10.67,71.59,False
KEIBAJO_SURFACE_07_芝,kyori_tekisei_2+umakigo_code+class_code,kyori_tekisei_2,umakigo_code,class_code,9,1911,77.6,9.19,71.59,False
KEIBAJO_SURFACE_07_芝,kyori_kubun+ichi_shisu+ichi_shisu_juni,kyori_kubun,ichi_shisu,ichi_shisu_juni,3,1714,72.82,1.09,71.59,False
KEIBAJO_SURFACE_07_芝,kyori_kubun+omo_tekisei_code+joken_class_code,kyori_kubun,omo_tekisei_code,joken_class_code,35,13924,73.59,6.04,71.59,False
KEIBAJO_SURFACE_07_芝,agari_shisu_juni+pace_shisu_juni+umakigo_code,agari_shisu_juni,pace_shisu_juni,umakigo_code,42,5126,74.98,11.26,71.58,False
KEIBAJO_SURFACE_07_芝,kyori_kubun+umakigo_code+hizume_code,kyori_kubun,umakigo_code,hizume_code,30,12979,75.01,9.58,71.58,False
KEIBAJO_SURFACE_07_芝,pace_yoso+agari_shisu_juni+ichi_shisu_juni,pace_yoso,agari_shisu_juni,ichi_shisu_juni,9,1406,76.51,7.54,71.58,False
KEIBAJO_SURFACE_07_芝,uma_deokure_ritsu+hizume_code+ten_shisu_juni,uma_deokure_ritsu,hizume_code,ten_shisu_juni,11,1434,78.63,11.93,71.57,False
KEIBAJO_SURFACE_07_芝,kyori_kubun+omo_tekisei_code+class_code,kyori_kubun,omo_tekisei_code,class_code,39,11224,74.48,9.29,71.56,False
KEIBAJO_SURFACE_07_芝,manken_shirushi+kyori_kubun+ichi_shisu,manken_shirushi,kyori_kubun,ichi_shisu,3,313,77.09,4.89,71.56,False
KEIBAJO_SURFACE_07_芝,pace_shisu_juni+umakigo_code+hizume_code,pace_shisu_juni,umakigo_code,hizume_code,41,7936,74.53,9.79,71.53,False
KEIBAJO_SURFACE_07_芝,joken_class_code+agari_shisu_juni+hizume_code,joken_class_code,agari_shisu_juni,hizume_code,17,2090,77.35,12.24,71.53,False
KEIBAJO_SURFACE_07_芝,omo_tekisei_code+joken_class_code+ten_shisu_juni,omo_tekisei_code,joken_class_code,ten_shisu_juni,56,9005,74.81,12.7,71.49,False
KEIBAJO_SURFACE_07_芝,omo_tekisei_code+ichi_shisu_juni+class_code,omo_tekisei_code,ichi_shisu_juni,class_code,40,5548,74.56,9.95,71.48,False
KEIBAJO_SURFACE_07_芝,kyori_kubun+omo_tekisei_code+nyukyu_nannichimae,kyori_kubun,omo_tekisei_code,nyukyu_nannichimae,14,1756,77.16,10.83,71.48,False
KEIBAJO_SURFACE_07_芝,kyori_kubun+joken_class_code+pace_shisu_juni,kyori_kubun,joken_class_code,pace_shisu_juni,43,7965,74.62,10.53,71.47,False
KEIBAJO_SURFACE_07_芝,kyori_kubun+omo_tekisei_code+joshodo_code,kyori_kubun,omo_tekisei_code,joshodo_code,13,14597,73.67,4.05,71.47,False
KEIBAJO_SURFACE_07_芝,pace_yoso+joken_class_code+uma_deokure_ritsu,pace_yoso,joken_class_code,uma_deokure_ritsu,27,7618,75.68,11.23,71.45,False
KEIBAJO_SURFACE_07_芝,omo_tekisei_code+joken_class_code+agari_shisu_juni,omo_tekisei_code,joken_class_code,agari_shisu_juni,53,9040,74.67,11.98,71.45,False
KEIBAJO_SURFACE_07_芝,kyori_tekisei_2+rotation+omo_tekisei_code,kyori_tekisei_2,rotation,omo_tekisei_code,3,407,77.82,5.63,71.45,False
KEIBAJO_SURFACE_07_芝,joken_class_code+manken_shisu+umakigo_code,joken_class_code,manken_shisu,umakigo_code,56,8366,74.19,10.51,71.44,False
KEIBAJO_SURFACE_07_芝,pace_yoso+agari_shisu_juni+hizume_code,pace_yoso,agari_shisu_juni,hizume_code,38,4886,75.11,11.55,71.44,False
KEIBAJO_SURFACE_07_芝,pace_yoso+omo_tekisei_code+tenkai_kigo_code,pace_yoso,omo_tekisei_code,tenkai_kigo_code,28,14506,74.34,7.83,71.44,False
KEIBAJO_SURFACE_07_芝,pace_yoso+joshodo_code+agari_shisu_juni,pace_yoso,joshodo_code,agari_shisu_juni,47,14945,74.16,9.52,71.44,False
KEIBAJO_SURFACE_07_芝,joken_class_code+pace_shisu_juni+kyakushitsu,joken_class_code,pace_shisu_juni,kyakushitsu,50,7541,74.92,12.57,71.43,False
KEIBAJO_SURFACE_07_芝,kyori_kubun+omo_tekisei_code+hizume_code,kyori_kubun,omo_tekisei_code,hizume_code,46,12424,73.91,8.6,71.42,False
KEIBAJO_SURFACE_07_芝,kyori_kubun+ichi_shisu_juni+kyakushitsu,kyori_kubun,ichi_shisu_juni,kyakushitsu,54,10114,74.55,11.75,71.42,False
KEIBAJO_SURFACE_07_芝,omo_tekisei_code+joken_class_code+pace_shisu_juni,omo_tekisei_code,joken_class_code,pace_shisu_juni,56,9169,74.04,10.06,71.41,False
KEIBAJO_SURFACE_07_芝,joken_class_code+uma_deokure_ritsu+hizume_code,joken_class_code,uma_deokure_ritsu,hizume_code,15,3957,75.17,7.45,71.4,False
KEIBAJO_SURFACE_07_芝,kyori_kubun+joshodo_code+class_code,kyori_kubun,joshodo_code,class_code,28,12717,73.97,6.97,71.39,False
KEIBAJO_SURFACE_07_芝,joshodo_code+uma_deokure_ritsu+class_code,joshodo_code,uma_deokure_ritsu,class_code,25,7442,76.87,13.98,71.39,False
KEIBAJO_SURFACE_07_芝,kyori_kubun+uma_deokure_ritsu+ten_shisu_juni,kyori_kubun,uma_deokure_ritsu,ten_shisu_juni,17,2773,77.7,13.27,71.39,False
KEIBAJO_SURFACE_07_芝,joken_class_code+joshodo_code+manken_shisu,joken_class_code,joshodo_code,manken_shisu,44,6202,74.62,11.0,71.37,False
KEIBAJO_SURFACE_07_芝,kyori_kubun+omo_tekisei_code+ichi_shisu_juni,kyori_kubun,omo_tekisei_code,ichi_shisu_juni,50,8863,74.12,9.99,71.36,False
KEIBAJO_SURFACE_07_芝,pace_yoso+joshodo_code+manken_shisu,pace_yoso,joshodo_code,manken_shisu,60,10206,73.84,9.9,71.34,False
KEIBAJO_SURFACE_07_芝,pace_yoso+agari_shisu_juni+kyakushitsu,pace_yoso,agari_shisu_juni,kyakushitsu,62,10862,74.68,13.4,71.34,False
KEIBAJO_SURFACE_07_芝,joshodo_code+nyukyu_nannichimae+kyakushitsu,joshodo_code,nyukyu_nannichimae,kyakushitsu,28,4226,75.33,10.82,71.32,False
KEIBAJO_SURFACE_07_芝,rotation+joshodo_code+umakigo_code,rotation,joshodo_code,umakigo_code,22,12962,75.32,9.58,71.32,False
KEIBAJO_SURFACE_07_芝,kyori_kubun+umakigo_code+class_code,kyori_kubun,umakigo_code,class_code,27,12189,74.17,7.57,71.32,False
KEIBAJO_SURFACE_07_芝,joken_class_code+pace_shisu_juni+hizume_code,joken_class_code,pace_shisu_juni,hizume_code,17,2040,75.31,8.41,71.31,False
KEIBAJO_SURFACE_07_芝,joshodo_code+nyukyu_nannichimae+hizume_code,joshodo_code,nyukyu_nannichimae,hizume_code,15,1798,75.96,9.2,71.31,False
KEIBAJO_SURFACE_07_芝,kyori_kubun+nyukyu_nannichimae+class_code,kyori_kubun,nyukyu_nannichimae,class_code,3,340,79.44,7.19,71.3,False
KEIBAJO_SURFACE_07_芝,gekiso_shisu+joshodo_code+umakigo_code,gekiso_shisu,joshodo_code,umakigo_code,33,3493,75.17,11.33,71.3,False
KEIBAJO_SURFACE_07_芝,agari_shisu_juni+ichi_shisu_juni+tenkai_kigo_code,agari_shisu_juni,ichi_shisu_juni,tenkai_kigo_code,16,2129,77.41,12.48,71.29,False
KEIBAJO_SURFACE_07_芝,omo_tekisei_code+pace_shisu_juni+hizume_code,omo_tekisei_code,pace_shisu_juni,hizume_code,33,4518,75.06,11.08,71.28,False
KEIBAJO_SURFACE_07_芝,ichi_shisu_juni+pace_shisu_juni+umakigo_code,ichi_shisu_juni,pace_shisu_juni,umakigo_code,40,6776,74.65,10.94,71.26,False
KEIBAJO_SURFACE_07_芝,pace_yoso+manken_shisu+umakigo_code,pace_yoso,manken_shisu,umakigo_code,67,11299,73.75,10.42,71.25,False
KEIBAJO_SURFACE_07_芝,pace_yoso+joken_class_code+joshodo_code,pace_yoso,joken_class_code,joshodo_code,14,16257,72.79,2.94,71.25,False
KEIBAJO_SURFACE_07_芝,kyori_kubun+nyukyu_nannichimae+kyakushitsu,kyori_kubun,nyukyu_nannichimae,kyakushitsu,5,572,85.33,16.07,71.25,False
KEIBAJO_SURFACE_07_芝,manken_shirushi+uma_deokure_ritsu+class_code,manken_shirushi,uma_deokure_ritsu,class_code,10,1356,76.87,9.13,71.22,False
KEIBAJO_SURFACE_07_芝,pace_yoso+joken_class_code+ten_shisu_juni,pace_yoso,joken_class_code,ten_shisu_juni,59,11092,74.1,11.32,71.21,False
KEIBAJO_SURFACE_07_芝,omo_tekisei_code+pace_shisu_juni+class_code,omo_tekisei_code,pace_shisu_juni,class_code,39,5380,75.2,12.7,71.21,False
KEIBAJO_SURFACE_07_芝,joken_class_code+tenkai_kigo_code+class_code,joken_class_code,tenkai_kigo_code,class_code,30,12679,74.64,9.63,71.19,False
KEIBAJO_SURFACE_07_芝,kyori_kubun+hizume_code+tenkai_kigo_code,kyori_kubun,hizume_code,tenkai_kigo_code,40,9787,74.78,11.61,71.19,False
KEIBAJO_SURFACE_07_芝,agari_shisu_juni+uma_deokure_ritsu+tenkai_kigo_code,agari_shisu_juni,uma_deokure_ritsu,tenkai_kigo_code,15,3834,75.46,8.45,71.19,False
KEIBAJO_SURFACE_07_芝,kyori_kubun+kyori_tekisei_2+kyakushitsu,kyori_kubun,kyori_tekisei_2,kyakushitsu,14,2408,75.02,7.32,71.18,False
KEIBAJO_SURFACE_07_芝,joshodo_code+hizume_code+tenkai_kigo_code,joshodo_code,hizume_code,tenkai_kigo_code,30,12958,74.79,10.12,71.17,False
KEIBAJO_SURFACE_07_芝,joken_class_code+nyukyu_nannichimae+class_code,joken_class_code,nyukyu_nannichimae,class_code,14,2029,77.32,11.74,71.16,False
KEIBAJO_SURFACE_07_芝,pace_yoso+kyori_kubun+umakigo_code,pace_yoso,kyori_kubun,umakigo_code,17,16621,72.52,2.85,71.16,False
KEIBAJO_SURFACE_07_芝,nyukyu_nannichimae+uma_deokure_ritsu+umakigo_code,nyukyu_nannichimae,uma_deokure_ritsu,umakigo_code,9,1496,77.55,9.78,71.16,False
KEIBAJO_SURFACE_07_芝,kyori_kubun+rotation+hizume_code,kyori_kubun,rotation,hizume_code,18,2921,75.93,10.35,71.15,False
KEIBAJO_SURFACE_07_芝,rotation+joken_class_code+pace_shisu_juni,rotation,joken_class_code,pace_shisu_juni,3,319,79.24,7.15,71.15,False
KEIBAJO_SURFACE_07_芝,pace_yoso+umakigo_code+class_code,pace_yoso,umakigo_code,class_code,25,13425,74.7,9.05,71.15,False
KEIBAJO_SURFACE_07_芝,pace_yoso+umakigo_code+hizume_code,pace_yoso,umakigo_code,hizume_code,21,13002,74.29,7.34,71.15,False
KEIBAJO_SURFACE_07_芝,kyori_tekisei_2+omo_tekisei_code+joshodo_code,kyori_tekisei_2,omo_tekisei_code,joshodo_code,8,2989,75.63,6.52,71.12,False
KEIBAJO_SURFACE_07_芝,kyori_kubun+tenkai_kigo_code+class_code,kyori_kubun,tenkai_kigo_code,class_code,35,9403,74.25,9.45,71.12,False
KEIBAJO_SURFACE_07_芝,manken_shirushi+joken_class_code+ichi_shisu_juni,manken_shirushi,joken_class_code,ichi_shisu_juni,8,1449,76.96,8.44,71.11,False
KEIBAJO_SURFACE_07_芝,rotation+omo_tekisei_code+joken_class_code,rotation,omo_tekisei_code,joken_class_code,36,7644,74.63,10.82,71.1,False
KEIBAJO_SURFACE_07_芝,joken_class_code+kyakushitsu+ten_shisu_juni,joken_class_code,kyakushitsu,ten_shisu_juni,49,7528,74.53,12.33,71.08,False
KEIBAJO_SURFACE_07_芝,kyori_kubun+joken_class_code+nyukyu_nannichimae,kyori_kubun,joken_class_code,nyukyu_nannichimae,10,1214,76.39,8.56,71.08,False
KEIBAJO_SURFACE_07_芝,joken_class_code+uma_deokure_ritsu+class_code,joken_class_code,uma_deokure_ritsu,class_code,24,7284,76.64,13.9,71.08,False
KEIBAJO_SURFACE_07_芝,kyori_kubun+manken_shisu+umakigo_code,kyori_kubun,manken_shisu,umakigo_code,55,8350,73.61,9.55,71.08,False
KEIBAJO_SURFACE_07_芝,pace_yoso+omo_tekisei_code+pace_shisu_juni,pace_yoso,omo_tekisei_code,pace_shisu_juni,55,11749,73.53,9.36,71.06,False
KEIBAJO_SURFACE_07_芝,omo_tekisei_code+hizume_code+ten_shisu_juni,omo_tekisei_code,hizume_code,ten_shisu_juni,32,4348,75.78,13.61,71.06,False
KEIBAJO_SURFACE_07_芝,joken_class_code+agari_shisu_juni+kyakushitsu,joken_class_code,agari_shisu_juni,kyakushitsu,51,7508,74.39,12.16,71.05,False
KEIBAJO_SURFACE_07_芝,pace_yoso+rotation+joken_class_code,pace_yoso,rotation,joken_class_code,41,8578,73.98,9.58,71.05,False
KEIBAJO_SURFACE_07_芝,pace_yoso+pace_shisu_juni+hizume_code,pace_yoso,pace_shisu_juni,hizume_code,37,4714,74.75,11.53,71.04,False
KEIBAJO_SURFACE_07_芝,joken_class_code+hizume_code+tenkai_kigo_code,joken_class_code,hizume_code,tenkai_kigo_code,39,9269,74.42,10.77,71.04,False
KEIBAJO_SURFACE_07_芝,uma_deokure_ritsu+umakigo_code+class_code,uma_deokure_ritsu,umakigo_code,class_code,24,7077,77.01,14.92,71.04,False
KEIBAJO_SURFACE_07_芝,ichi_shisu_juni+kyakushitsu+class_code,ichi_shisu_juni,kyakushitsu,class_code,30,4059,75.33,12.02,71.03,False
KEIBAJO_SURFACE_07_芝,rotation+kyakushitsu+umakigo_code,rotation,kyakushitsu,umakigo_code,38,10995,74.45,10.76,71.03,False
KEIBAJO_SURFACE_07_芝,pace_yoso+omo_tekisei_code+joshodo_code,pace_yoso,omo_tekisei_code,joshodo_code,11,14956,73.36,3.95,71.03,False
KEIBAJO_SURFACE_07_芝,ichi_shisu_juni+umakigo_code+hizume_code,ichi_shisu_juni,umakigo_code,hizume_code,40,7813,74.34,10.75,71.01,False
KEIBAJO_SURFACE_07_芝,omo_tekisei_code+hizume_code+class_code,omo_tekisei_code,hizume_code,class_code,33,8417,74.43,10.06,70.99,False
KEIBAJO_SURFACE_07_芝,joken_class_code+joshodo_code+ichi_shisu_juni,joken_class_code,joshodo_code,ichi_shisu_juni,44,13226,73.34,7.96,70.99,False
KEIBAJO_SURFACE_07_芝,umakigo_code+hizume_code+tenkai_kigo_code,umakigo_code,hizume_code,tenkai_kigo_code,29,12438,74.77,10.39,70.99,False
KEIBAJO_SURFACE_07_芝,pace_yoso+kyori_kubun+hizume_code,pace_yoso,kyori_kubun,hizume_code,44,12058,73.64,8.97,70.99,False
KEIBAJO_SURFACE_07_芝,pace_shisu_juni+umakigo_code+class_code,pace_shisu_juni,umakigo_code,class_code,41,8519,74.03,9.92,70.99,False
KEIBAJO_SURFACE_07_芝,pace_yoso+rotation+omo_tekisei_code,pace_yoso,rotation,omo_tekisei_code,45,10477,73.56,8.78,70.99,False
KEIBAJO_SURFACE_07_芝,joshodo_code+pace_shisu_juni+hizume_code,joshodo_code,pace_shisu_juni,hizume_code,45,8582,73.88,9.9,70.98,False
KEIBAJO_SURFACE_07_芝,nyukyu_nannichimae+ichi_shisu_juni+umakigo_code,nyukyu_nannichimae,ichi_shisu_juni,umakigo_code,5,522,83.64,14.44,70.98,False
KEIBAJO_SURFACE_07_芝,kyori_kubun+kyori_tekisei_2+joshodo_code,kyori_kubun,kyori_tekisei_2,joshodo_code,7,2908,76.92,8.04,70.96,False
KEIBAJO_SURFACE_07_芝,kyori_kubun+rotation+joshodo_code,kyori_kubun,rotation,joshodo_code,38,11446,74.2,10.18,70.96,False
KEIBAJO_SURFACE_07_芝,kyori_kubun+pace_shisu_juni+kyakushitsu,kyori_kubun,pace_shisu_juni,kyakushitsu,45,6851,74.55,12.33,70.95,False
KEIBAJO_SURFACE_07_芝,pace_yoso+pace_shisu_juni+kyakushitsu,pace_yoso,pace_shisu_juni,kyakushitsu,65,11251,73.79,11.68,70.95,False
KEIBAJO_SURFACE_07_芝,joken_class_code+pace_shisu_juni+class_code,joken_class_code,pace_shisu_juni,class_code,42,9028,73.93,9.94,70.92,False
KEIBAJO_SURFACE_07_芝,joho_shisu+omo_tekisei_code+umakigo_code,joho_shisu,omo_tekisei_code,umakigo_code,33,8775,75.04,12.11,70.91,False
KEIBAJO_SURFACE_07_芝,kyori_kubun+rotation+joken_class_code,kyori_kubun,rotation,joken_class_code,34,6202,74.13,9.59,70.91,False
KEIBAJO_SURFACE_07_芝,joshodo_code+kyakushitsu+tenkai_kigo_code,joshodo_code,kyakushitsu,tenkai_kigo_code,19,16514,76.01,11.34,70.91,False
KEIBAJO_SURFACE_07_芝,rotation+joshodo_code+kyakushitsu,rotation,joshodo_code,kyakushitsu,40,11547,74.24,10.79,70.9,False
KEIBAJO_SURFACE_07_芝,joken_class_code+pace_shisu_juni+umakigo_code,joken_class_code,pace_shisu_juni,umakigo_code,44,13268,73.48,8.77,70.89,False
KEIBAJO_SURFACE_07_芝,joshodo_code+manken_shisu+umakigo_code,joshodo_code,manken_shisu,umakigo_code,43,12164,73.56,8.95,70.89,False
KEIBAJO_SURFACE_07_芝,pace_yoso+joken_class_code+umakigo_code,pace_yoso,joken_class_code,umakigo_code,15,16464,72.54,3.38,70.83,False
KEIBAJO_SURFACE_07_芝,pace_yoso+agari_shisu_juni+tenkai_kigo_code,pace_yoso,agari_shisu_juni,tenkai_kigo_code,42,13100,73.39,8.49,70.82,False
KEIBAJO_SURFACE_07_芝,ichi_shisu_juni+umakigo_code+ten_shisu_juni,ichi_shisu_juni,umakigo_code,ten_shisu_juni,41,6838,74.0,10.5,70.79,False
KEIBAJO_SURFACE_07_芝,pace_yoso+omo_tekisei_code+hizume_code,pace_yoso,omo_tekisei_code,hizume_code,35,13127,73.24,7.43,70.78,False
KEIBAJO_SURFACE_07_芝,pace_yoso+joken_class_code+kyakushitsu,pace_yoso,joken_class_code,kyakushitsu,38,16408,73.73,9.3,70.77,False
KEIBAJO_SURFACE_07_芝,joshodo_code+agari_shisu_juni+ichi_shisu_juni,joshodo_code,agari_shisu_juni,ichi_shisu_juni,18,2271,76.15,11.66,70.77,False
KEIBAJO_SURFACE_07_芝,joshodo_code+ichi_shisu_juni+ten_shisu_juni,joshodo_code,ichi_shisu_juni,ten_shisu_juni,46,6731,73.94,10.97,70.77,False
KEIBAJO_SURFACE_07_芝,kyori_kubun+kyakushitsu+ten_shisu_juni,kyori_kubun,kyakushitsu,ten_shisu_juni,52,7581,74.22,12.7,70.77,False
KEIBAJO_SURFACE_07_芝,kyori_kubun+joshodo_code+ten_shisu_juni,kyori_kubun,joshodo_code,ten_shisu_juni,61,14230,73.56,11.15,70.76,False
KEIBAJO_SURFACE_07_芝,omo_tekisei_code+pace_shisu_juni+umakigo_code,omo_tekisei_code,pace_shisu_juni,umakigo_code,32,12631,73.79,8.81,70.74,False
KEIBAJO_SURFACE_07_芝,nyukyu_nannichimae+umakigo_code+kakutoku_shokin_ruikei,nyukyu_nannichimae,umakigo_code,kakutoku_shokin_ruikei,6,685,80.89,12.7,70.73,False
KEIBAJO_SURFACE_07_芝,kyori_kubun+kyakushitsu+class_code,kyori_kubun,kyakushitsu,class_code,38,9565,74.15,10.79,70.72,False
KEIBAJO_SURFACE_07_芝,manken_shirushi+kyori_kubun+hizume_code,manken_shirushi,kyori_kubun,hizume_code,20,2347,76.98,14.29,70.71,False
KEIBAJO_SURFACE_07_芝,omo_tekisei_code+agari_shisu_juni+hizume_code,omo_tekisei_code,agari_shisu_juni,hizume_code,33,4597,75.3,13.48,70.7,False
KEIBAJO_SURFACE_07_芝,joho_shisu+joshodo_code+umakigo_code,joho_shisu,joshodo_code,umakigo_code,48,14386,73.51,9.93,70.7,False
KEIBAJO_SURFACE_07_芝,umakigo_code+hizume_code+ten_shisu_juni,umakigo_code,hizume_code,ten_shisu_juni,43,8027,74.77,13.73,70.67,False
KEIBAJO_SURFACE_07_芝,nyukyu_nannichimae+umakigo_code+class_code,nyukyu_nannichimae,umakigo_code,class_code,14,1955,76.91,11.96,70.65,False
KEIBAJO_SURFACE_07_芝,manken_shirushi+ichi_shisu+ichi_shisu_juni,manken_shirushi,ichi_shisu,ichi_shisu_juni,7,1045,76.48,7.91,70.62,False
KEIBAJO_SURFACE_07_芝,pace_yoso+joken_class_code+agari_shisu_juni,pace_yoso,joken_class_code,agari_shisu_juni,60,11321,73.28,10.48,70.62,False
KEIBAJO_SURFACE_07_芝,pace_yoso+omo_tekisei_code+ichi_shisu_juni,pace_yoso,omo_tekisei_code,ichi_shisu_juni,54,11703,73.31,10.06,70.62,False
KEIBAJO_SURFACE_07_芝,omo_tekisei_code+kyakushitsu+ten_shisu_juni,omo_tekisei_code,kyakushitsu,ten_shisu_juni,65,10674,73.26,10.89,70.61,False
KEIBAJO_SURFACE_07_芝,pace_yoso+kyakushitsu+class_code,pace_yoso,kyakushitsu,class_code,39,11493,73.81,10.25,70.6,False
KEIBAJO_SURFACE_07_芝,kyakushitsu+umakigo_code+tenkai_kigo_code,kyakushitsu,umakigo_code,tenkai_kigo_code,20,16289,75.2,10.5,70.6,False
KEIBAJO_SURFACE_07_芝,kyori_kubun+ichi_shisu_juni+class_code,kyori_kubun,ichi_shisu_juni,class_code,24,3068,75.3,11.74,70.6,False
KEIBAJO_SURFACE_07_芝,omo_tekisei_code+agari_shisu_juni+class_code,omo_tekisei_code,agari_shisu_juni,class_code,41,5879,74.31,12.12,70.6,False
KEIBAJO_SURFACE_07_芝,pace_yoso+joken_class_code+nyukyu_nannichimae,pace_yoso,joken_class_code,nyukyu_nannichimae,12,1724,75.33,8.37,70.59,False
KEIBAJO_SURFACE_07_芝,pace_yoso+uma_deokure_ritsu+ten_shisu_juni,pace_yoso,uma_deokure_ritsu,ten_shisu_juni,20,3425,74.56,9.07,70.58,False
KEIBAJO_SURFACE_07_芝,pace_yoso+hizume_code+tenkai_kigo_code,pace_yoso,hizume_code,tenkai_kigo_code,39,11299,73.77,10.15,70.58,False
KEIBAJO_SURFACE_07_芝,omo_tekisei_code+umakigo_code+hizume_code,omo_tekisei_code,umakigo_code,hizume_code,20,13145,73.23,6.06,70.57,False
KEIBAJO_SURFACE_07_芝,pace_yoso+uma_deokure_ritsu+tenkai_kigo_code,pace_yoso,uma_deokure_ritsu,tenkai_kigo_code,32,7937,74.43,11.16,70.56,False
KEIBAJO_SURFACE_07_芝,agari_shisu_juni+umakigo_code+ten_shisu_juni,agari_shisu_juni,umakigo_code,ten_shisu_juni,36,4338,74.81,13.03,70.55,False
KEIBAJO_SURFACE_07_芝,pace_yoso+kyori_kubun+ichi_shisu_juni,pace_yoso,kyori_kubun,ichi_shisu_juni,59,11417,73.26,10.69,70.54,False
KEIBAJO_SURFACE_07_芝,kyori_kubun+omo_tekisei_code+ten_shisu_juni,kyori_kubun,omo_tekisei_code,ten_shisu_juni,48,8512,73.84,11.65,70.54,False
KEIBAJO_SURFACE_07_芝,pace_shisu_juni+umakigo_code+ten_shisu_juni,pace_shisu_juni,umakigo_code,ten_shisu_juni,41,7282,73.89,10.98,70.53,False
KEIBAJO_SURFACE_07_芝,manken_shirushi+ichi_shisu+joshodo_code,manken_shirushi,ichi_shisu,joshodo_code,7,947,77.84,9.89,70.51,False
KEIBAJO_SURFACE_07_芝,kyori_kubun+joken_class_code+ichi_shisu_juni,kyori_kubun,joken_class_code,ichi_shisu_juni,41,7878,73.52,9.85,70.51,False
KEIBAJO_SURFACE_07_芝,manken_shirushi+joshodo_code+kakutoku_shokin_ruikei,manken_shirushi,joshodo_code,kakutoku_shokin_ruikei,7,947,77.84,9.89,70.51,False
KEIBAJO_SURFACE_07_芝,joshodo_code+pace_shisu_juni+class_code,joshodo_code,pace_shisu_juni,class_code,44,9138,73.65,10.62,70.51,False
KEIBAJO_SURFACE_07_芝,ichi_shisu+omo_tekisei_code+joshodo_code,ichi_shisu,omo_tekisei_code,joshodo_code,11,1367,75.31,8.15,70.5,False
KEIBAJO_SURFACE_07_芝,rotation+joken_class_code+hizume_code,rotation,joken_class_code,hizume_code,17,3001,74.74,8.92,70.5,False
KEIBAJO_SURFACE_07_芝,kyori_kubun+agari_shisu_juni+kyakushitsu,kyori_kubun,agari_shisu_juni,kyakushitsu,48,7185,74.4,13.83,70.49,False
KEIBAJO_SURFACE_07_芝,kyori_kubun+ichi_shisu_juni+tenkai_kigo_code,kyori_kubun,ichi_shisu_juni,tenkai_kigo_code,43,8808,73.82,11.15,70.49,False
KEIBAJO_SURFACE_07_芝,omo_tekisei_code+uma_deokure_ritsu+pace_shisu_juni,omo_tekisei_code,uma_deokure_ritsu,pace_shisu_juni,20,3828,75.25,10.86,70.49,False
KEIBAJO_SURFACE_07_芝,omo_tekisei_code+tenkai_kigo_code+class_code,omo_tekisei_code,tenkai_kigo_code,class_code,37,10875,73.65,9.83,70.48,False
KEIBAJO_SURFACE_07_芝,joshodo_code+uma_deokure_ritsu+pace_shisu_juni,joshodo_code,uma_deokure_ritsu,pace_shisu_juni,15,4727,75.27,9.46,70.48,False
KEIBAJO_SURFACE_07_芝,manken_shirushi+ichi_shisu_juni+kyakushitsu,manken_shirushi,ichi_shisu_juni,kyakushitsu,7,1042,76.13,7.65,70.47,False
KEIBAJO_SURFACE_07_芝,pace_yoso+kyori_kubun+tenkai_kigo_code,pace_yoso,kyori_kubun,tenkai_kigo_code,37,15912,73.41,9.13,70.47,False
KEIBAJO_SURFACE_07_芝,kyori_tekisei_2+omo_tekisei_code+umakigo_code,kyori_tekisei_2,omo_tekisei_code,umakigo_code,8,2982,75.15,6.75,70.47,False
KEIBAJO_SURFACE_07_芝,joshodo_code+ichi_shisu_juni+hizume_code,joshodo_code,ichi_shisu_juni,hizume_code,43,8371,73.45,9.98,70.47,False
KEIBAJO_SURFACE_07_芝,kyori_kubun+omo_tekisei_code+kyakushitsu,kyori_kubun,omo_tekisei_code,kyakushitsu,34,14313,73.37,8.67,70.46,False
KEIBAJO_SURFACE_07_芝,omo_tekisei_code+agari_shisu_juni+kyakushitsu,omo_tekisei_code,agari_shisu_juni,kyakushitsu,60,10274,73.77,13.06,70.46,False
KEIBAJO_SURFACE_07_芝,joshodo_code+ichi_shisu_juni+tenkai_kigo_code,joshodo_code,ichi_shisu_juni,tenkai_kigo_code,42,13577,73.68,10.69,70.45,False
KEIBAJO_SURFACE_07_芝,pace_yoso+omo_tekisei_code+ten_shisu_juni,pace_yoso,omo_tekisei_code,ten_shisu_juni,55,11641,73.69,12.25,70.45,False
KEIBAJO_SURFACE_07_芝,omo_tekisei_code+joshodo_code+hizume_code,omo_tekisei_code,joshodo_code,hizume_code,21,13705,72.92,5.77,70.45,False
KEIBAJO_SURFACE_07_芝,joken_class_code+ichi_shisu_juni+umakigo_code,joken_class_code,ichi_shisu_juni,umakigo_code,44,13239,72.93,8.45,70.44,False
KEIBAJO_SURFACE_07_芝,omo_tekisei_code+umakigo_code+ten_shisu_juni,omo_tekisei_code,umakigo_code,ten_shisu_juni,33,12665,73.62,9.4,70.42,False
KEIBAJO_SURFACE_07_芝,manken_shirushi+pace_yoso+rotation,manken_shirushi,pace_yoso,rotation,6,630,79.85,11.79,70.42,False
KEIBAJO_SURFACE_07_芝,kyori_kubun+joshodo_code+agari_shisu_juni,kyori_kubun,joshodo_code,agari_shisu_juni,55,13757,72.75,8.86,70.41,False
KEIBAJO_SURFACE_07_芝,joshodo_code+hizume_code+ten_shisu_juni,joshodo_code,hizume_code,ten_shisu_juni,42,8196,74.13,12.35,70.39,False
KEIBAJO_SURFACE_07_芝,kyori_kubun+omo_tekisei_code+tenkai_kigo_code,kyori_kubun,omo_tekisei_code,tenkai_kigo_code,33,13683,73.29,8.51,70.39,False
KEIBAJO_SURFACE_07_芝,kyori_kubun+joshodo_code+nyukyu_nannichimae,kyori_kubun,joshodo_code,nyukyu_nannichimae,22,3831,73.47,7.39,70.38,False
KEIBAJO_SURFACE_07_芝,kyori_kubun+joshodo_code+tenkai_kigo_code,kyori_kubun,joshodo_code,tenkai_kigo_code,24,16047,73.84,8.73,70.35,False
KEIBAJO_SURFACE_07_芝,omo_tekisei_code+uma_deokure_ritsu+ichi_shisu_juni,omo_tekisei_code,uma_deokure_ritsu,ichi_shisu_juni,20,4107,73.86,8.05,70.34,False
KEIBAJO_SURFACE_07_芝,pace_yoso+omo_tekisei_code+umakigo_code,pace_yoso,omo_tekisei_code,umakigo_code,13,14838,72.36,3.75,70.32,False
KEIBAJO_SURFACE_07_芝,pace_yoso+omo_tekisei_code+kyakushitsu,pace_yoso,omo_tekisei_code,kyakushitsu,26,14694,73.02,7.05,70.31,False
KEIBAJO_SURFACE_07_芝,omo_tekisei_code+nyukyu_nannichimae+tenkai_kigo_code,omo_tekisei_code,nyukyu_nannichimae,tenkai_kigo_code,15,2061,74.5,8.3,70.3,False
KEIBAJO_SURFACE_07_芝,pace_yoso+joshodo_code+nyukyu_nannichimae,pace_yoso,joshodo_code,nyukyu_nannichimae,25,5318,73.74,8.8,70.29,False
KEIBAJO_SURFACE_07_芝,hizume_code+tenkai_kigo_code+class_code,hizume_code,tenkai_kigo_code,class_code,26,6020,74.09,9.9,70.29,False
KEIBAJO_SURFACE_07_芝,rotation+omo_tekisei_code+agari_shisu_juni,rotation,omo_tekisei_code,agari_shisu_juni,10,1132,76.88,10.63,70.29,False
KEIBAJO_SURFACE_07_芝,pace_yoso+joshodo_code+ichi_shisu_juni,pace_yoso,joshodo_code,ichi_shisu_juni,43,15621,72.61,7.84,70.27,False
KEIBAJO_SURFACE_07_芝,manken_shirushi+rotation+joshodo_code,manken_shirushi,rotation,joshodo_code,23,3757,74.44,10.23,70.26,False
KEIBAJO_SURFACE_07_芝,uma_deokure_ritsu+ichi_shisu_juni+kyakushitsu,uma_deokure_ritsu,ichi_shisu_juni,kyakushitsu,17,3685,75.37,10.77,70.25,False
KEIBAJO_SURFACE_07_芝,kyakushitsu+hizume_code+tenkai_kigo_code,kyakushitsu,hizume_code,tenkai_kigo_code,45,11449,74.08,13.15,70.24,False
KEIBAJO_SURFACE_07_芝,kyori_tekisei_2+joken_class_code+class_code,kyori_tekisei_2,joken_class_code,class_code,8,1846,78.17,11.46,70.23,False
KEIBAJO_SURFACE_07_芝,umakigo_code+hizume_code+class_code,umakigo_code,hizume_code,class_code,32,9882,73.61,9.75,70.23,False
KEIBAJO_SURFACE_07_芝,joshodo_code+tenkai_kigo_code+class_code,joshodo_code,tenkai_kigo_code,class_code,32,12885,73.81,10.37,70.21,False
KEIBAJO_SURFACE_07_芝,pace_yoso+uma_deokure_ritsu+kyakushitsu,pace_yoso,uma_deokure_ritsu,kyakushitsu,25,6908,73.35,8.03,70.2,False
KEIBAJO_SURFACE_07_芝,kyori_kubun+joken_class_code+kyakushitsu,kyori_kubun,joken_class_code,kyakushitsu,51,15367,72.49,8.41,70.18,False
KEIBAJO_SURFACE_07_芝,ichi_shisu+nyukyu_nannichimae+umakigo_code,ichi_shisu,nyukyu_nannichimae,umakigo_code,3,327,87.18,15.03,70.17,False
KEIBAJO_SURFACE_07_芝,joshodo_code+umakigo_code+tenkai_kigo_code,joshodo_code,umakigo_code,tenkai_kigo_code,11,16059,74.76,7.78,70.17,False
KEIBAJO_SURFACE_07_芝,pace_yoso+rotation+ichi_shisu_juni,pace_yoso,rotation,ichi_shisu_juni,8,877,76.5,9.13,70.17,False
KEIBAJO_SURFACE_07_芝,kyori_kubun+joshodo_code+ichi_shisu_juni,kyori_kubun,joshodo_code,ichi_shisu_juni,57,15060,72.59,9.4,70.15,False
KEIBAJO_SURFACE_07_芝,pace_yoso+uma_deokure_ritsu+pace_shisu_juni,pace_yoso,uma_deokure_ritsu,pace_shisu_juni,20,3394,76.58,14.69,70.14,False
KEIBAJO_SURFACE_07_芝,pace_yoso+omo_tekisei_code+joken_class_code,pace_yoso,omo_tekisei_code,joken_class_code,27,14861,73.0,7.61,70.13,False
KEIBAJO_SURFACE_07_芝,kyori_tekisei_2+kyakushitsu+class_code,kyori_tekisei_2,kyakushitsu,class_code,5,656,78.87,9.97,70.13,False
KEIBAJO_SURFACE_07_芝,pace_yoso+kyori_kubun+kyakushitsu,pace_yoso,kyori_kubun,kyakushitsu,37,16131,72.59,7.7,70.11,False
KEIBAJO_SURFACE_07_芝,pace_yoso+joken_class_code+tenkai_kigo_code,pace_yoso,joken_class_code,tenkai_kigo_code,39,16157,73.54,10.95,70.1,False
KEIBAJO_SURFACE_07_芝,joshodo_code+uma_deokure_ritsu+umakigo_code,joshodo_code,uma_deokure_ritsu,umakigo_code,30,12528,72.9,7.83,70.1,False
KEIBAJO_SURFACE_07_芝,pace_yoso+kyakushitsu+hizume_code,pace_yoso,kyakushitsu,hizume_code,42,11701,73.16,10.17,70.09,False
KEIBAJO_SURFACE_07_芝,pace_yoso+omo_tekisei_code+agari_shisu_juni,pace_yoso,omo_tekisei_code,agari_shisu_juni,54,11735,73.07,11.16,70.09,False
KEIBAJO_SURFACE_07_芝,rotation+kyakushitsu+hizume_code,rotation,kyakushitsu,hizume_code,21,3210,73.84,8.76,70.09,False
KEIBAJO_SURFACE_07_芝,joken_class_code+uma_deokure_ritsu+tenkai_kigo_code,joken_class_code,uma_deokure_ritsu,tenkai_kigo_code,25,6577,75.0,12.51,70.09,False
KEIBAJO_SURFACE_07_芝,joken_class_code+umakigo_code+hizume_code,joken_class_code,umakigo_code,hizume_code,33,12698,73.05,8.69,70.08,False
KEIBAJO_SURFACE_07_芝,kyori_tekisei_2+rotation+tenkai_kigo_code,kyori_tekisei_2,rotation,tenkai_kigo_code,3,429,74.65,4.04,70.08,False
KEIBAJO_SURFACE_07_芝,omo_tekisei_code+joken_class_code+joshodo_code,omo_tekisei_code,joken_class_code,joshodo_code,15,14643,72.5,4.81,70.06,False
KEIBAJO_SURFACE_07_芝,rotation+omo_tekisei_code+class_code,rotation,omo_tekisei_code,class_code,24,4859,74.29,10.58,70.06,False
KEIBAJO_SURFACE_07_芝,joken_class_code+umakigo_code+ten_shisu_juni,joken_class_code,umakigo_code,ten_shisu_juni,43,13072,72.98,9.82,70.05,False
KEIBAJO_SURFACE_07_芝,kyori_kubun+pace_shisu_juni+umakigo_code,kyori_kubun,pace_shisu_juni,umakigo_code,52,14783,72.71,9.76,70.05,False
KEIBAJO_SURFACE_07_芝,manken_shirushi+rotation+umakigo_code,manken_shirushi,rotation,umakigo_code,23,3671,74.22,10.21,70.05,False
KEIBAJO_SURFACE_07_芝,kyori_kubun+umakigo_code+tenkai_kigo_code,kyori_kubun,umakigo_code,tenkai_kigo_code,22,16184,73.6,8.52,70.04,False
KEIBAJO_SURFACE_07_芝,pace_yoso+kyori_kubun+uma_deokure_ritsu,pace_yoso,kyori_kubun,uma_deokure_ritsu,25,6902,73.37,8.48,70.04,False
KEIBAJO_SURFACE_07_芝,pace_yoso+nyukyu_nannichimae+kyakushitsu,pace_yoso,nyukyu_nannichimae,kyakushitsu,11,1374,79.82,16.56,70.03,False
KEIBAJO_SURFACE_07_芝,pace_yoso+agari_shisu_juni+class_code,pace_yoso,agari_shisu_juni,class_code,38,5729,73.35,10.47,70.03,False
KEIBAJO_SURFACE_07_芝,omo_tekisei_code+joken_class_code+tenkai_kigo_code,omo_tekisei_code,joken_class_code,tenkai_kigo_code,37,13755,73.21,9.88,70.02,False
KEIBAJO_SURFACE_07_芝,pace_yoso+joken_class_code+manken_shisu,pace_yoso,joken_class_code,manken_shisu,31,3549,75.13,14.54,70.01,False
KEIBAJO_SURFACE_07_芝,omo_tekisei_code+agari_shisu_juni+tenkai_kigo_code,omo_tekisei_code,agari_shisu_juni,tenkai_kigo_code,31,11291,72.36,6.69,70.0,False
KEIBAJO_SURFACE_07_芝,omo_tekisei_code+joshodo_code+pace_shisu_juni,omo_tekisei_code,joshodo_code,pace_shisu_juni,32,13105,73.01,8.75,69.98,False
KEIBAJO_SURFACE_07_芝,kishu_shisu+joshodo_code+umakigo_code,kishu_shisu,joshodo_code,umakigo_code,33,13841,74.07,11.98,69.98,False
KEIBAJO_SURFACE_07_芝,pace_yoso+hizume_code+class_code,pace_yoso,hizume_code,class_code,32,7945,73.39,9.86,69.97,False
KEIBAJO_SURFACE_07_芝,joken_class_code+ichi_shisu_juni+class_code,joken_class_code,ichi_shisu_juni,class_code,42,9018,72.86,9.6,69.95,False
KEIBAJO_SURFACE_07_芝,omo_tekisei_code+ten_shisu_juni+class_code,omo_tekisei_code,ten_shisu_juni,class_code,38,5199,74.85,15.39,69.95,False
KEIBAJO_SURFACE_07_芝,kyakushitsu+umakigo_code+hizume_code,kyakushitsu,umakigo_code,hizume_code,31,13038,74.22,12.16,69.94,False
KEIBAJO_SURFACE_07_芝,joshodo_code+agari_shisu_juni+ten_shisu_juni,joshodo_code,agari_shisu_juni,ten_shisu_juni,17,1872,77.07,15.02,69.93,False
KEIBAJO_SURFACE_07_芝,agari_shisu_juni+umakigo_code+hizume_code,agari_shisu_juni,umakigo_code,hizume_code,43,8337,73.0,10.3,69.92,False
KEIBAJO_SURFACE_07_芝,kyori_kubun+agari_shisu_juni+hizume_code,kyori_kubun,agari_shisu_juni,hizume_code,18,2104,76.57,14.4,69.92,False
KEIBAJO_SURFACE_07_芝,joshodo_code+uma_deokure_ritsu+tenkai_kigo_code,joshodo_code,uma_deokure_ritsu,tenkai_kigo_code,30,9758,73.28,9.41,69.91,False
KEIBAJO_SURFACE_07_芝,manken_shirushi+kyakushitsu+tenkai_kigo_code,manken_shirushi,kyakushitsu,tenkai_kigo_code,43,6987,74.1,14.0,69.91,False
KEIBAJO_SURFACE_07_芝,joken_class_code+joshodo_code+pace_shisu_juni,joken_class_code,joshodo_code,pace_shisu_juni,53,13442,72.65,10.19,69.91,False
KEIBAJO_SURFACE_07_芝,kyori_kubun+nyukyu_nannichimae+umakigo_code,kyori_kubun,nyukyu_nannichimae,umakigo_code,29,4846,73.61,10.2,69.9,False
KEIBAJO_SURFACE_07_芝,joshodo_code+agari_shisu_juni+umakigo_code,joshodo_code,agari_shisu_juni,umakigo_code,26,14729,73.65,9.8,69.89,False
KEIBAJO_SURFACE_07_芝,kyori_kubun+ichi_shisu_juni+umakigo_code,kyori_kubun,ichi_shisu_juni,umakigo_code,52,14766,72.49,9.54,69.89,False
KEIBAJO_SURFACE_07_芝,kyori_kubun+ichi_shisu+joken_class_code,kyori_kubun,ichi_shisu,joken_class_code,3,2023,71.31,1.27,69.87,False
KEIBAJO_SURFACE_07_芝,pace_yoso+ten_shisu_juni+class_code,pace_yoso,ten_shisu_juni,class_code,38,5436,74.6,14.89,69.87,False
KEIBAJO_SURFACE_07_芝,pace_yoso+pace_shisu_juni+class_code,pace_yoso,pace_shisu_juni,class_code,37,5456,73.33,10.72,69.87,False
KEIBAJO_SURFACE_07_芝,kyori_kubun+nyukyu_nannichimae+tenkai_kigo_code,kyori_kubun,nyukyu_nannichimae,tenkai_kigo_code,7,1027,77.28,10.02,69.86,False
KEIBAJO_SURFACE_07_芝,joshodo_code+agari_shisu_juni+hizume_code,joshodo_code,agari_shisu_juni,hizume_code,44,8670,73.2,11.29,69.86,False
KEIBAJO_SURFACE_07_芝,pace_yoso+kyori_kubun+pace_shisu_juni,pace_yoso,kyori_kubun,pace_shisu_juni,62,11528,72.6,11.06,69.85,False
KEIBAJO_SURFACE_07_芝,pace_yoso+joken_class_code+pace_shisu_juni,pace_yoso,joken_class_code,pace_shisu_juni,61,11431,72.49,10.53,69.85,False
KEIBAJO_SURFACE_07_芝,kyori_kubun+umakigo_code+ten_shisu_juni,kyori_kubun,umakigo_code,ten_shisu_juni,54,14837,72.67,10.59,69.84,False
KEIBAJO_SURFACE_07_芝,joken_class_code+agari_shisu_juni+uma_deokure_ritsu,joken_class_code,agari_shisu_juni,uma_deokure_ritsu,22,3280,73.93,9.82,69.83,False
KEIBAJO_SURFACE_07_芝,omo_tekisei_code+uma_deokure_ritsu+ten_shisu_juni,omo_tekisei_code,uma_deokure_ritsu,ten_shisu_juni,22,4037,74.39,10.9,69.83,False
KEIBAJO_SURFACE_07_芝,umakigo_code+ten_shisu_juni+class_code,umakigo_code,ten_shisu_juni,class_code,42,8541,73.41,11.82,69.83,False
KEIBAJO_SURFACE_07_芝,pace_yoso+tenkai_kigo_code+class_code,pace_yoso,tenkai_kigo_code,class_code,32,10683,72.81,8.62,69.82,False
KEIBAJO_SURFACE_07_芝,umakigo_code+tenkai_kigo_code+class_code,umakigo_code,tenkai_kigo_code,class_code,30,12323,73.26,9.64,69.81,False
KEIBAJO_SURFACE_07_芝,kyori_kubun+joshodo_code+umakigo_code,kyori_kubun,joshodo_code,umakigo_code,15,16448,72.84,5.98,69.81,False
KEIBAJO_SURFACE_07_芝,rotation+umakigo_code+hizume_code,rotation,umakigo_code,hizume_code,37,7868,72.92,9.67,69.81,False
KEIBAJO_SURFACE_07_芝,omo_tekisei_code+umakigo_code+tenkai_kigo_code,omo_tekisei_code,umakigo_code,tenkai_kigo_code,18,14502,73.96,9.0,69.8,False
KEIBAJO_SURFACE_07_芝,kyori_kubun+rotation+omo_tekisei_code,kyori_kubun,rotation,omo_tekisei_code,45,8935,72.89,10.57,69.8,False
KEIBAJO_SURFACE_07_芝,omo_tekisei_code+pace_shisu_juni+kyakushitsu,omo_tekisei_code,pace_shisu_juni,kyakushitsu,63,10186,73.09,13.31,69.8,False
KEIBAJO_SURFACE_07_芝,pace_yoso+hizume_code+ten_shisu_juni,pace_yoso,hizume_code,ten_shisu_juni,38,4758,74.29,14.11,69.8,False
KEIBAJO_SURFACE_07_芝,joshodo_code+kyakushitsu+hizume_code,joshodo_code,kyakushitsu,hizume_code,31,13485,73.95,11.81,69.79,False
KEIBAJO_SURFACE_07_芝,pace_yoso+ichi_shisu_juni+class_code,pace_yoso,ichi_shisu_juni,class_code,37,5431,73.48,11.46,69.78,False
KEIBAJO_SURFACE_07_芝,omo_tekisei_code+ichi_shisu_juni+kyakushitsu,omo_tekisei_code,ichi_shisu_juni,kyakushitsu,63,11679,72.77,12.14,69.77,False
KEIBAJO_SURFACE_07_芝,pace_yoso+ichi_shisu_juni+umakigo_code,pace_yoso,ichi_shisu_juni,umakigo_code,41,15472,72.24,8.09,69.77,False
KEIBAJO_SURFACE_07_芝,manken_shirushi+rotation+omo_tekisei_code,manken_shirushi,rotation,omo_tekisei_code,4,445,75.4,5.75,69.77,False
KEIBAJO_SURFACE_07_芝,pace_shisu_juni+kyakushitsu+class_code,pace_shisu_juni,kyakushitsu,class_code,19,2291,76.48,14.96,69.76,False
KEIBAJO_SURFACE_07_芝,kyori_kubun+agari_shisu_juni+umakigo_code,kyori_kubun,agari_shisu_juni,umakigo_code,53,14914,72.2,9.04,69.76,False
KEIBAJO_SURFACE_07_芝,kyori_kubun+omo_tekisei_code+uma_deokure_ritsu,kyori_kubun,omo_tekisei_code,uma_deokure_ritsu,21,6523,75.11,12.58,69.73,False
KEIBAJO_SURFACE_07_芝,joken_class_code+joshodo_code+hizume_code,joken_class_code,joshodo_code,hizume_code,33,13131,72.91,9.3,69.73,False
KEIBAJO_SURFACE_07_芝,rotation+joken_class_code+tenkai_kigo_code,rotation,joken_class_code,tenkai_kigo_code,33,6988,72.19,7.24,69.72,False
KEIBAJO_SURFACE_07_芝,ichi_shisu_juni+hizume_code+class_code,ichi_shisu_juni,hizume_code,class_code,6,642,76.41,8.36,69.72,False
KEIBAJO_SURFACE_07_芝,kyakushitsu+umakigo_code+class_code,kyakushitsu,umakigo_code,class_code,31,12521,73.72,11.41,69.7,False
KEIBAJO_SURFACE_07_芝,joshodo_code+nyukyu_nannichimae+class_code,joshodo_code,nyukyu_nannichimae,class_code,14,2019,76.55,13.09,69.7,False
KEIBAJO_SURFACE_07_芝,joken_class_code+umakigo_code+tenkai_kigo_code,joken_class_code,umakigo_code,tenkai_kigo_code,22,15794,73.25,8.51,69.7,False
KEIBAJO_SURFACE_07_芝,kyori_kubun+agari_shisu_juni+class_code,kyori_kubun,agari_shisu_juni,class_code,23,3068,74.79,12.52,69.67,False
KEIBAJO_SURFACE_07_芝,agari_shisu_juni+umakigo_code+class_code,agari_shisu_juni,umakigo_code,class_code,37,8351,73.01,10.43,69.65,False
KEIBAJO_SURFACE_07_芝,omo_tekisei_code+kyakushitsu+umakigo_code,omo_tekisei_code,kyakushitsu,umakigo_code,14,14267,73.92,8.16,69.64,False
KEIBAJO_SURFACE_07_芝,pace_yoso+ichi_shisu_juni+kyakushitsu,pace_yoso,ichi_shisu_juni,kyakushitsu,59,12887,72.2,10.09,69.63,False
KEIBAJO_SURFACE_07_芝,omo_tekisei_code+joken_class_code+kyakushitsu,omo_tekisei_code,joken_class_code,kyakushitsu,36,14025,72.35,8.32,69.63,False
KEIBAJO_SURFACE_07_芝,pace_yoso+joshodo_code+tenkai_kigo_code,pace_yoso,joshodo_code,tenkai_kigo_code,19,16353,73.76,9.19,69.63,False
KEIBAJO_SURFACE_07_芝,kyori_kubun+uma_deokure_ritsu+hizume_code,kyori_kubun,uma_deokure_ritsu,hizume_code,17,3978,74.02,9.24,69.63,False
KEIBAJO_SURFACE_07_芝,pace_yoso+pace_shisu_juni+umakigo_code,pace_yoso,pace_shisu_juni,umakigo_code,41,15445,72.64,9.86,69.62,False
KEIBAJO_SURFACE_07_芝,ichi_shisu_juni+umakigo_code+class_code,ichi_shisu_juni,umakigo_code,class_code,41,8510,72.87,10.63,69.62,False
KEIBAJO_SURFACE_07_芝,rotation+joshodo_code+hizume_code,rotation,joshodo_code,hizume_code,39,8287,72.41,8.92,69.61,False
KEIBAJO_SURFACE_07_芝,pace_yoso+joshodo_code+kyakushitsu,pace_yoso,joshodo_code,kyakushitsu,17,16621,73.27,7.72,69.6,False
KEIBAJO_SURFACE_07_芝,pace_yoso+joshodo_code+hizume_code,pace_yoso,joshodo_code,hizume_code,22,13560,73.53,9.44,69.58,False
KEIBAJO_SURFACE_07_芝,pace_yoso+uma_deokure_ritsu+hizume_code,pace_yoso,uma_deokure_ritsu,hizume_code,19,4648,73.67,9.1,69.58,False
KEIBAJO_SURFACE_07_芝,pace_yoso+umakigo_code+ten_shisu_juni,pace_yoso,umakigo_code,ten_shisu_juni,42,15497,72.43,9.48,69.56,False
KEIBAJO_SURFACE_07_芝,pace_yoso+rotation+tenkai_kigo_code,pace_yoso,rotation,tenkai_kigo_code,39,9411,72.69,9.98,69.56,False
KEIBAJO_SURFACE_07_芝,pace_yoso+omo_tekisei_code+nyukyu_nannichimae,pace_yoso,omo_tekisei_code,nyukyu_nannichimae,18,2620,74.37,10.43,69.55,False
KEIBAJO_SURFACE_07_芝,uma_deokure_ritsu+kyakushitsu+tenkai_kigo_code,uma_deokure_ritsu,kyakushitsu,tenkai_kigo_code,25,6808,74.46,12.54,69.55,False
KEIBAJO_SURFACE_07_芝,joken_class_code+joshodo_code+ten_shisu_juni,joken_class_code,joshodo_code,ten_shisu_juni,53,13340,72.54,11.19,69.53,False
KEIBAJO_SURFACE_07_芝,kyori_kubun+joken_class_code+tenkai_kigo_code,kyori_kubun,joken_class_code,tenkai_kigo_code,42,14627,72.24,8.98,69.53,False
KEIBAJO_SURFACE_07_芝,rotation+uma_deokure_ritsu+kyakushitsu,rotation,uma_deokure_ritsu,kyakushitsu,14,2582,74.35,9.21,69.53,False
KEIBAJO_SURFACE_07_芝,kyori_kubun+ichi_shisu+kyakushitsu,kyori_kubun,ichi_shisu,kyakushitsu,4,2045,71.41,1.95,69.5,False
KEIBAJO_SURFACE_07_芝,kyori_kubun+pace_shisu_juni+ten_shisu_juni,kyori_kubun,pace_shisu_juni,ten_shisu_juni,14,2224,74.86,10.26,69.49,False
KEIBAJO_SURFACE_07_芝,joshodo_code+ichi_shisu_juni+class_code,joshodo_code,ichi_shisu_juni,class_code,41,8831,72.56,10.04,69.49,False
KEIBAJO_SURFACE_07_芝,rotation+joken_class_code+kyakushitsu,rotation,joken_class_code,kyakushitsu,27,5307,73.47,10.55,69.49,False
KEIBAJO_SURFACE_07_芝,kyori_kubun+joshodo_code+pace_shisu_juni,kyori_kubun,joshodo_code,pace_shisu_juni,59,14224,72.12,10.28,69.49,False
KEIBAJO_SURFACE_07_芝,joshodo_code+ichi_shisu_juni+umakigo_code,joshodo_code,ichi_shisu_juni,umakigo_code,19,15016,72.49,6.7,69.47,False
KEIBAJO_SURFACE_07_芝,agari_shisu_juni+hizume_code+tenkai_kigo_code,agari_shisu_juni,hizume_code,tenkai_kigo_code,39,7340,73.5,12.89,69.45,False
KEIBAJO_SURFACE_07_芝,pace_yoso+agari_shisu_juni+umakigo_code,pace_yoso,agari_shisu_juni,umakigo_code,42,15522,72.74,10.9,69.45,False
KEIBAJO_SURFACE_07_芝,agari_shisu_juni+uma_deokure_ritsu+umakigo_code,agari_shisu_juni,uma_deokure_ritsu,umakigo_code,17,4698,74.29,10.18,69.45,False
KEIBAJO_SURFACE_07_芝,joken_class_code+joshodo_code+tenkai_kigo_code,joken_class_code,joshodo_code,tenkai_kigo_code,26,16186,73.22,9.82,69.45,False
KEIBAJO_SURFACE_07_芝,kyori_kubun+kyakushitsu+umakigo_code,kyori_kubun,kyakushitsu,umakigo_code,19,15935,72.78,7.42,69.44,False
KEIBAJO_SURFACE_07_芝,joken_class_code+ten_shisu_juni+class_code,joken_class_code,ten_shisu_juni,class_code,42,8962,73.02,11.82,69.44,False
KEIBAJO_SURFACE_07_芝,omo_tekisei_code+agari_shisu_juni+umakigo_code,omo_tekisei_code,agari_shisu_juni,umakigo_code,34,12852,72.59,9.51,69.4,False
KEIBAJO_SURFACE_07_芝,pace_yoso+joshodo_code+pace_shisu_juni,pace_yoso,joshodo_code,pace_shisu_juni,48,15188,72.1,9.59,69.38,False
KEIBAJO_SURFACE_07_芝,kyori_kubun+joshodo_code+kyakushitsu,kyori_kubun,joshodo_code,kyakushitsu,19,16305,72.45,6.87,69.36,False
KEIBAJO_SURFACE_07_芝,uma_deokure_ritsu+ichi_shisu_juni+class_code,uma_deokure_ritsu,ichi_shisu_juni,class_code,13,2016,74.41,9.29,69.36,False
KEIBAJO_SURFACE_07_芝,pace_yoso+rotation+pace_shisu_juni,pace_yoso,rotation,pace_shisu_juni,9,1055,76.09,10.33,69.35,False
KEIBAJO_SURFACE_07_芝,ichi_shisu+joken_class_code+umakigo_code,ichi_shisu,joken_class_code,umakigo_code,8,2919,74.68,7.71,69.34,False
KEIBAJO_SURFACE_07_芝,pace_yoso+kyori_kubun+rotation,pace_yoso,kyori_kubun,rotation,43,8813,72.02,8.95,69.34,False
KEIBAJO_SURFACE_07_芝,uma_deokure_ritsu+kyakushitsu+class_code,uma_deokure_ritsu,kyakushitsu,class_code,17,4388,74.76,11.39,69.34,False
KEIBAJO_SURFACE_07_芝,pace_yoso+rotation+class_code,pace_yoso,rotation,class_code,28,5456,73.37,10.88,69.34,False
KEIBAJO_SURFACE_07_芝,joken_class_code+uma_deokure_ritsu+kyakushitsu,joken_class_code,uma_deokure_ritsu,kyakushitsu,19,5969,74.16,10.75,69.33,False
KEIBAJO_SURFACE_07_芝,uma_deokure_ritsu+umakigo_code+tenkai_kigo_code,uma_deokure_ritsu,umakigo_code,tenkai_kigo_code,30,9434,73.04,10.4,69.32,False
KEIBAJO_SURFACE_07_芝,pace_yoso+uma_deokure_ritsu+class_code,pace_yoso,uma_deokure_ritsu,class_code,24,5638,74.63,13.31,69.31,False
KEIBAJO_SURFACE_07_芝,joken_class_code+hizume_code+class_code,joken_class_code,hizume_code,class_code,34,10456,72.92,10.78,69.3,False
KEIBAJO_SURFACE_07_芝,pace_yoso+joken_class_code+class_code,pace_yoso,joken_class_code,class_code,24,13698,73.66,10.95,69.28,False
KEIBAJO_SURFACE_07_芝,pace_yoso+kyori_tekisei_2+omo_tekisei_code,pace_yoso,kyori_tekisei_2,omo_tekisei_code,10,2780,75.83,10.58,69.27,False
KEIBAJO_SURFACE_07_芝,pace_yoso+kyakushitsu+tenkai_kigo_code,pace_yoso,kyakushitsu,tenkai_kigo_code,33,16251,72.72,10.11,69.27,False
KEIBAJO_SURFACE_07_芝,manken_shirushi+ichi_shisu+umakigo_code,manken_shirushi,ichi_shisu,umakigo_code,8,1214,74.79,8.0,69.25,False
KEIBAJO_SURFACE_07_芝,pace_yoso+kyakushitsu+umakigo_code,pace_yoso,kyakushitsu,umakigo_code,18,16417,73.0,8.12,69.25,False
KEIBAJO_SURFACE_07_芝,agari_shisu_juni+kyakushitsu+class_code,agari_shisu_juni,kyakushitsu,class_code,21,2776,74.26,11.73,69.24,False
KEIBAJO_SURFACE_07_芝,joshodo_code+ten_shisu_juni+class_code,joshodo_code,ten_shisu_juni,class_code,42,8867,72.96,12.33,69.23,False
KEIBAJO_SURFACE_07_芝,pace_shisu_juni+kyakushitsu+ten_shisu_juni,pace_shisu_juni,kyakushitsu,ten_shisu_juni,11,1815,76.54,12.4,69.21,False
KEIBAJO_SURFACE_07_芝,umakigo_code+tenkai_kigo_code+ten_shisu_juni,umakigo_code,tenkai_kigo_code,ten_shisu_juni,49,13814,72.17,10.6,69.2,False
KEIBAJO_SURFACE_07_芝,kyori_kubun+uma_deokure_ritsu+tenkai_kigo_code,kyori_kubun,uma_deokure_ritsu,tenkai_kigo_code,23,6022,74.2,12.22,69.2,False
KEIBAJO_SURFACE_07_芝,joken_class_code+nyukyu_nannichimae+tenkai_kigo_code,joken_class_code,nyukyu_nannichimae,tenkai_kigo_code,6,778,73.61,5.51,69.2,False
KEIBAJO_SURFACE_07_芝,manken_shisu+umakigo_code+tenkai_kigo_code,manken_shisu,umakigo_code,tenkai_kigo_code,33,6431,72.78,10.56,69.18,False
KEIBAJO_SURFACE_07_芝,joshodo_code+uma_deokure_ritsu+ten_shisu_juni,joshodo_code,uma_deokure_ritsu,ten_shisu_juni,16,4801,73.2,8.2,69.18,False
KEIBAJO_SURFACE_07_芝,kyori_kubun+agari_shisu_juni+tenkai_kigo_code,kyori_kubun,agari_shisu_juni,tenkai_kigo_code,53,12524,72.05,10.78,69.15,False
KEIBAJO_SURFACE_07_芝,pace_shisu_juni+umakigo_code+tenkai_kigo_code,pace_shisu_juni,umakigo_code,tenkai_kigo_code,52,14184,72.83,13.55,69.15,False
KEIBAJO_SURFACE_07_芝,manken_shirushi+kyori_tekisei_2+joshodo_code,manken_shirushi,kyori_tekisei_2,joshodo_code,9,1177,76.38,11.08,69.14,False
KEIBAJO_SURFACE_07_芝,kyori_kubun+kyakushitsu+tenkai_kigo_code,kyori_kubun,kyakushitsu,tenkai_kigo_code,41,15738,72.55,11.18,69.13,False
KEIBAJO_SURFACE_07_芝,manken_shisu+kyakushitsu+tenkai_kigo_code,manken_shisu,kyakushitsu,tenkai_kigo_code,20,2213,73.48,9.96,69.11,False
KEIBAJO_SURFACE_07_芝,joshodo_code+agari_shisu_juni+uma_deokure_ritsu,joshodo_code,agari_shisu_juni,uma_deokure_ritsu,17,4875,74.07,10.46,69.1,False
KEIBAJO_SURFACE_07_芝,kyori_kubun+ichi_shisu+kakutoku_shokin_ruikei,kyori_kubun,ichi_shisu,kakutoku_shokin_ruikei,3,1988,70.59,1.33,69.09,False
KEIBAJO_SURFACE_07_芝,omo_tekisei_code+pace_shisu_juni+tenkai_kigo_code,omo_tekisei_code,pace_shisu_juni,tenkai_kigo_code,32,8166,72.71,10.55,69.06,False
KEIBAJO_SURFACE_07_芝,uma_deokure_ritsu+umakigo_code+ten_shisu_juni,uma_deokure_ritsu,umakigo_code,ten_shisu_juni,16,4618,73.24,8.6,69.02,False
KEIBAJO_SURFACE_07_芝,joken_class_code+kyakushitsu+tenkai_kigo_code,joken_class_code,kyakushitsu,tenkai_kigo_code,38,15360,72.56,11.16,69.02,False
KEIBAJO_SURFACE_07_芝,kyori_kubun+joken_class_code+manken_shisu,kyori_kubun,joken_class_code,manken_shisu,7,767,72.66,4.92,69.01,False
KEIBAJO_SURFACE_07_芝,rotation+omo_tekisei_code+hizume_code,rotation,omo_tekisei_code,hizume_code,23,4471,71.51,6.1,69.01,False
KEIBAJO_SURFACE_07_芝,kyori_kubun+omo_tekisei_code+agari_shisu_juni,kyori_kubun,omo_tekisei_code,agari_shisu_juni,46,8552,72.37,11.65,69.01,False
KEIBAJO_SURFACE_07_芝,joken_class_code+kyakushitsu+class_code,joken_class_code,kyakushitsu,class_code,30,12691,73.04,11.29,69.0,False
KEIBAJO_SURFACE_07_芝,kyori_kubun+ichi_shisu_juni+kakutoku_shokin_ruikei,kyori_kubun,ichi_shisu_juni,kakutoku_shokin_ruikei,3,1794,72.0,2.65,69.0,False
KEIBAJO_SURFACE_07_芝,rotation+joshodo_code+pace_shisu_juni,rotation,joshodo_code,pace_shisu_juni,29,4943,71.85,7.83,69.0,False
KEIBAJO_SURFACE_07_芝,uma_deokure_ritsu+tenkai_kigo_code+class_code,uma_deokure_ritsu,tenkai_kigo_code,class_code,20,4618,74.43,12.39,69.0,False
KEIBAJO_SURFACE_07_芝,joshodo_code+hizume_code+class_code,joshodo_code,hizume_code,class_code,35,10503,72.43,10.44,68.97,False
KEIBAJO_SURFACE_07_芝,joken_class_code+agari_shisu_juni+ichi_shisu_juni,joken_class_code,agari_shisu_juni,ichi_shisu_juni,10,1795,74.34,8.69,68.96,False
KEIBAJO_SURFACE_07_芝,uma_deokure_ritsu+hizume_code+tenkai_kigo_code,uma_deokure_ritsu,hizume_code,tenkai_kigo_code,17,3925,74.77,12.24,68.95,False
KEIBAJO_SURFACE_07_芝,joken_class_code+umakigo_code+class_code,joken_class_code,umakigo_code,class_code,18,13770,72.03,6.7,68.94,False
KEIBAJO_SURFACE_07_芝,omo_tekisei_code+ichi_shisu_juni+umakigo_code,omo_tekisei_code,ichi_shisu_juni,umakigo_code,33,12747,72.35,10.01,68.94,False
KEIBAJO_SURFACE_07_芝,pace_yoso+kyori_tekisei_2+joken_class_code,pace_yoso,kyori_tekisei_2,joken_class_code,13,2628,74.79,10.79,68.93,False
KEIBAJO_SURFACE_07_芝,rotation+ichi_shisu_juni+kyakushitsu,rotation,ichi_shisu_juni,kyakushitsu,6,727,80.09,13.95,68.92,False
KEIBAJO_SURFACE_07_芝,pace_yoso+pace_shisu_juni+ten_shisu_juni,pace_yoso,pace_shisu_juni,ten_shisu_juni,15,2568,75.38,12.78,68.91,False
KEIBAJO_SURFACE_07_芝,ichi_shisu+joken_class_code+joshodo_code,ichi_shisu,joken_class_code,joshodo_code,8,2707,73.71,6.94,68.91,False
KEIBAJO_SURFACE_07_芝,omo_tekisei_code+joken_class_code+class_code,omo_tekisei_code,joken_class_code,class_code,24,13298,72.63,9.32,68.9,False
KEIBAJO_SURFACE_07_芝,joken_class_code+kyakushitsu+umakigo_code,joken_class_code,kyakushitsu,umakigo_code,23,16211,72.66,9.21,68.9,False
KEIBAJO_SURFACE_07_芝,pace_shisu_juni+tenkai_kigo_code+class_code,pace_shisu_juni,tenkai_kigo_code,class_code,27,4550,72.66,9.97,68.9,False
KEIBAJO_SURFACE_07_芝,pace_yoso+joshodo_code+ten_shisu_juni,pace_yoso,joshodo_code,ten_shisu_juni,50,15323,71.84,10.63,68.89,False
KEIBAJO_SURFACE_07_芝,agari_shisu_juni+ichi_shisu_juni+umakigo_code,agari_shisu_juni,ichi_shisu_juni,umakigo_code,22,3463,73.82,11.84,68.87,False
KEIBAJO_SURFACE_07_芝,joken_class_code+agari_shisu_juni+tenkai_kigo_code,joken_class_code,agari_shisu_juni,tenkai_kigo_code,47,11513,71.79,10.21,68.87,False
KEIBAJO_SURFACE_07_芝,pace_yoso+kyori_kubun+ten_shisu_juni,pace_yoso,kyori_kubun,ten_shisu_juni,60,11175,72.02,12.45,68.87,False
KEIBAJO_SURFACE_07_芝,pace_yoso+ichi_shisu_juni+pace_shisu_juni,pace_yoso,ichi_shisu_juni,pace_shisu_juni,14,2505,75.32,12.33,68.86,False
KEIBAJO_SURFACE_07_芝,kyakushitsu+umakigo_code+ten_shisu_juni,kyakushitsu,umakigo_code,ten_shisu_juni,57,14838,71.83,11.5,68.85,False
KEIBAJO_SURFACE_07_芝,pace_yoso+umakigo_code+tenkai_kigo_code,pace_yoso,umakigo_code,tenkai_kigo_code,17,16379,72.9,8.53,68.85,False
KEIBAJO_SURFACE_07_芝,joshodo_code+kyakushitsu+class_code,joshodo_code,kyakushitsu,class_code,31,12963,72.72,11.05,68.83,False
KEIBAJO_SURFACE_07_芝,kyori_kubun+joken_class_code+umakigo_code,kyori_kubun,joken_class_code,umakigo_code,21,16141,71.44,6.13,68.82,False
KEIBAJO_SURFACE_07_芝,pace_yoso+joho_shisu+umakigo_code,pace_yoso,joho_shisu,umakigo_code,45,11224,72.27,11.82,68.81,False
KEIBAJO_SURFACE_07_芝,omo_tekisei_code+joshodo_code+ten_shisu_juni,omo_tekisei_code,joshodo_code,ten_shisu_juni,34,13246,72.48,10.92,68.81,False
KEIBAJO_SURFACE_07_芝,ichi_shisu_juni+kyakushitsu+umakigo_code,ichi_shisu_juni,kyakushitsu,umakigo_code,43,14898,71.59,9.36,68.79,False
KEIBAJO_SURFACE_07_芝,omo_tekisei_code+agari_shisu_juni+uma_deokure_ritsu,omo_tekisei_code,agari_shisu_juni,uma_deokure_ritsu,25,4068,73.39,11.75,68.79,False
KEIBAJO_SURFACE_07_芝,kyori_tekisei_2+joken_class_code+joshodo_code,kyori_tekisei_2,joken_class_code,joshodo_code,11,2828,74.29,9.35,68.76,False
KEIBAJO_SURFACE_07_芝,omo_tekisei_code+joken_class_code+umakigo_code,omo_tekisei_code,joken_class_code,umakigo_code,17,14521,71.7,6.18,68.76,False
KEIBAJO_SURFACE_07_芝,omo_tekisei_code+uma_deokure_ritsu+kyakushitsu,omo_tekisei_code,uma_deokure_ritsu,kyakushitsu,21,6616,72.42,8.57,68.76,False
KEIBAJO_SURFACE_07_芝,kyakushitsu+tenkai_kigo_code+class_code,kyakushitsu,tenkai_kigo_code,class_code,40,10909,72.08,10.75,68.75,False
KEIBAJO_SURFACE_07_芝,omo_tekisei_code+joshodo_code+umakigo_code,omo_tekisei_code,joshodo_code,umakigo_code,10,15066,72.63,6.27,68.74,False
KEIBAJO_SURFACE_07_芝,omo_tekisei_code+joshodo_code+ichi_shisu_juni,omo_tekisei_code,joshodo_code,ichi_shisu_juni,34,13330,71.97,9.68,68.71,False
KEIBAJO_SURFACE_07_芝,ichi_shisu+umakigo_code+class_code,ichi_shisu,umakigo_code,class_code,4,457,71.93,3.3,68.69,False
KEIBAJO_SURFACE_07_芝,joshodo_code+tenkai_kigo_code+ten_shisu_juni,joshodo_code,tenkai_kigo_code,ten_shisu_juni,49,13203,71.77,11.06,68.67,False
KEIBAJO_SURFACE_07_芝,omo_tekisei_code+joshodo_code+agari_shisu_juni,omo_tekisei_code,joshodo_code,agari_shisu_juni,35,13423,71.54,8.69,68.67,False
KEIBAJO_SURFACE_07_芝,manken_shisu+umakigo_code+class_code,manken_shisu,umakigo_code,class_code,27,3088,73.24,12.1,68.67,False
KEIBAJO_SURFACE_07_芝,rotation+omo_tekisei_code+ten_shisu_juni,rotation,omo_tekisei_code,ten_shisu_juni,9,975,76.71,12.35,68.64,False
KEIBAJO_SURFACE_07_芝,pace_shisu_juni+kyakushitsu+umakigo_code,pace_shisu_juni,kyakushitsu,umakigo_code,57,14684,71.53,11.13,68.64,False
KEIBAJO_SURFACE_07_芝,joshodo_code+ichi_shisu_juni+kyakushitsu,joshodo_code,ichi_shisu_juni,kyakushitsu,43,15218,71.36,9.12,68.63,False
KEIBAJO_SURFACE_07_芝,pace_yoso+omo_tekisei_code+class_code,pace_yoso,omo_tekisei_code,class_code,37,12823,72.39,11.72,68.62,False
KEIBAJO_SURFACE_07_芝,pace_yoso+kyakushitsu+ten_shisu_juni,pace_yoso,kyakushitsu,ten_shisu_juni,68,11783,71.66,12.78,68.62,False
KEIBAJO_SURFACE_07_芝,pace_yoso+joshodo_code+class_code,pace_yoso,joshodo_code,class_code,26,13925,72.76,10.83,68.6,False
KEIBAJO_SURFACE_07_芝,manken_shirushi+ichi_shisu+joken_class_code,manken_shirushi,ichi_shisu,joken_class_code,8,1219,74.34,8.3,68.59,False
KEIBAJO_SURFACE_07_芝,pace_yoso+ichi_shisu_juni+tenkai_kigo_code,pace_yoso,ichi_shisu_juni,tenkai_kigo_code,41,10522,71.79,10.44,68.59,False
KEIBAJO_SURFACE_07_芝,pace_yoso+kyori_kubun+agari_shisu_juni,pace_yoso,kyori_kubun,agari_shisu_juni,63,11529,71.71,12.63,68.59,False
KEIBAJO_SURFACE_07_芝,rotation+tenkai_kigo_code+class_code,rotation,tenkai_kigo_code,class_code,25,4802,72.0,8.75,68.58,False
KEIBAJO_SURFACE_07_芝,omo_tekisei_code+kyakushitsu+class_code,omo_tekisei_code,kyakushitsu,class_code,36,10771,72.41,11.77,68.57,False
KEIBAJO_SURFACE_07_芝,uma_deokure_ritsu+hizume_code+class_code,uma_deokure_ritsu,hizume_code,class_code,11,2631,73.49,8.32,68.57,False
KEIBAJO_SURFACE_07_芝,omo_tekisei_code+kyakushitsu+tenkai_kigo_code,omo_tekisei_code,kyakushitsu,tenkai_kigo_code,29,14489,73.09,12.4,68.57,False
KEIBAJO_SURFACE_07_芝,joken_class_code+agari_shisu_juni+class_code,joken_class_code,agari_shisu_juni,class_code,40,9030,72.02,11.16,68.56,False
KEIBAJO_SURFACE_07_芝,pace_yoso+rotation+kyakushitsu,pace_yoso,rotation,kyakushitsu,43,8553,71.72,10.56,68.56,False
KEIBAJO_SURFACE_07_芝,joshodo_code+kyakushitsu+umakigo_code,joshodo_code,kyakushitsu,umakigo_code,13,16489,72.4,7.09,68.55,False
KEIBAJO_SURFACE_07_芝,omo_tekisei_code+tenkai_kigo_code+ten_shisu_juni,omo_tekisei_code,tenkai_kigo_code,ten_shisu_juni,36,8408,71.81,9.99,68.55,False
KEIBAJO_SURFACE_07_芝,joho_shisu+joshodo_code+tenkai_kigo_code,joho_shisu,joshodo_code,tenkai_kigo_code,39,10154,72.18,11.68,68.52,False
KEIBAJO_SURFACE_07_芝,omo_tekisei_code+joshodo_code+kyakushitsu,omo_tekisei_code,joshodo_code,kyakushitsu,13,14659,72.76,7.8,68.52,False
KEIBAJO_SURFACE_07_芝,pace_yoso+omo_tekisei_code+manken_shisu,pace_yoso,omo_tekisei_code,manken_shisu,35,4169,73.41,14.78,68.51,False
KEIBAJO_SURFACE_07_芝,agari_shisu_juni+kyakushitsu+umakigo_code,agari_shisu_juni,kyakushitsu,umakigo_code,53,13815,71.73,12.02,68.5,False
KEIBAJO_SURFACE_07_芝,joken_class_code+joshodo_code+agari_shisu_juni,joken_class_code,joshodo_code,agari_shisu_juni,51,13005,71.39,10.71,68.45,False
KEIBAJO_SURFACE_07_芝,joshodo_code+pace_shisu_juni+kyakushitsu,joshodo_code,pace_shisu_juni,kyakushitsu,58,15074,71.45,11.66,68.45,False
KEIBAJO_SURFACE_07_芝,nyukyu_nannichimae+kyakushitsu+tenkai_kigo_code,nyukyu_nannichimae,kyakushitsu,tenkai_kigo_code,13,1586,77.53,16.7,68.45,False
KEIBAJO_SURFACE_07_芝,omo_tekisei_code+nyukyu_nannichimae+kyakushitsu,omo_tekisei_code,nyukyu_nannichimae,kyakushitsu,7,757,76.11,10.34,68.45,False
KEIBAJO_SURFACE_07_芝,kyori_kubun+kyori_tekisei_2+joken_class_code,kyori_kubun,kyori_tekisei_2,joken_class_code,14,2182,73.66,9.96,68.44,False
KEIBAJO_SURFACE_07_芝,joshodo_code+agari_shisu_juni+kyakushitsu,joshodo_code,agari_shisu_juni,kyakushitsu,54,14259,71.55,11.71,68.42,False
KEIBAJO_SURFACE_07_芝,joho_shisu+umakigo_code+tenkai_kigo_code,joho_shisu,umakigo_code,tenkai_kigo_code,35,9651,72.09,11.12,68.41,False
KEIBAJO_SURFACE_07_芝,rotation+pace_shisu_juni+umakigo_code,rotation,pace_shisu_juni,umakigo_code,29,4817,71.46,8.38,68.41,False
KEIBAJO_SURFACE_07_芝,agari_shisu_juni+kyakushitsu+tenkai_kigo_code,agari_shisu_juni,kyakushitsu,tenkai_kigo_code,55,13681,71.54,11.89,68.4,False
KEIBAJO_SURFACE_07_芝,omo_tekisei_code+manken_shisu+tenkai_kigo_code,omo_tekisei_code,manken_shisu,tenkai_kigo_code,34,4050,72.54,12.36,68.39,False
KEIBAJO_SURFACE_07_芝,pace_yoso+ichi_shisu_juni+ten_shisu_juni,pace_yoso,ichi_shisu_juni,ten_shisu_juni,17,2902,75.69,15.38,68.38,False
KEIBAJO_SURFACE_07_芝,ichi_shisu_juni+pace_shisu_juni+tenkai_kigo_code,ichi_shisu_juni,pace_shisu_juni,tenkai_kigo_code,20,2969,74.07,12.99,68.38,False
KEIBAJO_SURFACE_07_芝,joken_class_code+joshodo_code+kyakushitsu,joken_class_code,joshodo_code,kyakushitsu,21,16326,72.61,9.9,68.37,False
KEIBAJO_SURFACE_07_芝,rotation+omo_tekisei_code+tenkai_kigo_code,rotation,omo_tekisei_code,tenkai_kigo_code,35,8902,71.56,9.71,68.35,False
KEIBAJO_SURFACE_07_芝,omo_tekisei_code+kishu_shisu+joshodo_code,omo_tekisei_code,kishu_shisu,joshodo_code,40,12017,72.1,12.2,68.32,False
KEIBAJO_SURFACE_07_芝,joshodo_code+kyakushitsu+ten_shisu_juni,joshodo_code,kyakushitsu,ten_shisu_juni,57,15152,71.48,12.18,68.32,False
KEIBAJO_SURFACE_07_芝,rotation+ichi_shisu_juni+umakigo_code,rotation,ichi_shisu_juni,umakigo_code,31,4872,71.44,8.86,68.32,False
KEIBAJO_SURFACE_07_芝,kyori_tekisei_2+joken_class_code+umakigo_code,kyori_tekisei_2,joken_class_code,umakigo_code,11,2820,73.34,8.52,68.31,False
KEIBAJO_SURFACE_07_芝,kyori_kubun+omo_tekisei_code+umakigo_code,kyori_kubun,omo_tekisei_code,umakigo_code,15,14364,73.63,10.72,68.2,False
KEIBAJO_SURFACE_07_芝,ichi_shisu_juni+umakigo_code+tenkai_kigo_code,ichi_shisu_juni,umakigo_code,tenkai_kigo_code,43,13678,71.67,11.62,68.19,False
KEIBAJO_SURFACE_07_芝,manken_shirushi+ichi_shisu+kyakushitsu,manken_shirushi,ichi_shisu,kyakushitsu,8,1164,74.14,8.59,68.19,False
KEIBAJO_SURFACE_07_芝,manken_shirushi+kyakushitsu+kakutoku_shokin_ruikei,manken_shirushi,kyakushitsu,kakutoku_shokin_ruikei,8,1164,74.14,8.59,68.19,False
KEIBAJO_SURFACE_07_芝,kyori_tekisei_2+tenkai_kigo_code+class_code,kyori_tekisei_2,tenkai_kigo_code,class_code,5,863,76.38,9.35,68.18,False
KEIBAJO_SURFACE_07_芝,joshodo_code+agari_shisu_juni+class_code,joshodo_code,agari_shisu_juni,class_code,40,8928,71.83,11.83,68.17,False
KEIBAJO_SURFACE_07_芝,kyori_kubun+rotation+kyakushitsu,kyori_kubun,rotation,kyakushitsu,39,6586,72.31,13.21,68.16,False
KEIBAJO_SURFACE_07_芝,joken_class_code+agari_shisu_juni+umakigo_code,joken_class_code,agari_shisu_juni,umakigo_code,43,13174,70.92,9.23,68.16,False
KEIBAJO_SURFACE_07_芝,kyori_kubun+joken_class_code+agari_shisu_juni,kyori_kubun,joken_class_code,agari_shisu_juni,45,8070,71.87,12.79,68.14,False
KEIBAJO_SURFACE_07_芝,omo_tekisei_code+joshodo_code+class_code,omo_tekisei_code,joshodo_code,class_code,25,13556,72.02,9.94,68.13,False
KEIBAJO_SURFACE_07_芝,kyori_kubun+rotation+tenkai_kigo_code,kyori_kubun,rotation,tenkai_kigo_code,34,7575,71.09,8.82,68.13,False
KEIBAJO_SURFACE_07_芝,joshodo_code+manken_shisu+tenkai_kigo_code,joshodo_code,manken_shisu,tenkai_kigo_code,34,6724,71.54,10.15,68.13,False
KEIBAJO_SURFACE_07_芝,omo_tekisei_code+joken_class_code+nyukyu_nannichimae,omo_tekisei_code,joken_class_code,nyukyu_nannichimae,10,1171,75.79,12.36,68.13,False
KEIBAJO_SURFACE_07_芝,omo_tekisei_code+umakigo_code+class_code,omo_tekisei_code,umakigo_code,class_code,26,13230,72.03,10.23,68.1,False
KEIBAJO_SURFACE_07_芝,uma_deokure_ritsu+pace_shisu_juni+tenkai_kigo_code,uma_deokure_ritsu,pace_shisu_juni,tenkai_kigo_code,12,2661,72.89,8.46,68.1,False
KEIBAJO_SURFACE_07_芝,joshodo_code+pace_shisu_juni+tenkai_kigo_code,joshodo_code,pace_shisu_juni,tenkai_kigo_code,48,13284,72.0,13.78,68.1,False
KEIBAJO_SURFACE_07_芝,omo_tekisei_code+kishu_shisu+umakigo_code,omo_tekisei_code,kishu_shisu,umakigo_code,40,11555,72.26,13.53,68.06,False
KEIBAJO_SURFACE_07_芝,ichi_shisu+joken_class_code+uma_deokure_ritsu,ichi_shisu,joken_class_code,uma_deokure_ritsu,4,471,75.66,7.81,68.01,False
KEIBAJO_SURFACE_07_芝,pace_yoso+omo_tekisei_code+kishu_shisu,pace_yoso,omo_tekisei_code,kishu_shisu,43,8981,72.6,15.38,68.0,False
KEIBAJO_SURFACE_07_芝,kyori_tekisei_2+joken_class_code+kyakushitsu,kyori_tekisei_2,joken_class_code,kyakushitsu,9,1250,75.19,11.02,67.99,False
KEIBAJO_SURFACE_07_芝,joken_class_code+manken_shisu+class_code,joken_class_code,manken_shisu,class_code,29,3452,71.98,11.24,67.88,False
KEIBAJO_SURFACE_07_芝,joken_class_code+uma_deokure_ritsu+ichi_shisu_juni,joken_class_code,uma_deokure_ritsu,ichi_shisu_juni,18,3341,72.31,9.58,67.88,False
KEIBAJO_SURFACE_07_芝,rotation+joshodo_code+agari_shisu_juni,rotation,joshodo_code,agari_shisu_juni,31,5165,71.5,10.31,67.87,False
KEIBAJO_SURFACE_07_芝,manken_shirushi+hizume_code+tenkai_kigo_code,manken_shirushi,hizume_code,tenkai_kigo_code,23,2959,73.79,14.5,67.86,False
KEIBAJO_SURFACE_07_芝,uma_deokure_ritsu+tenkai_kigo_code+ten_shisu_juni,uma_deokure_ritsu,tenkai_kigo_code,ten_shisu_juni,13,2733,72.81,9.13,67.85,False
KEIBAJO_SURFACE_07_芝,rotation+agari_shisu_juni+umakigo_code,rotation,agari_shisu_juni,umakigo_code,31,5040,71.34,9.94,67.84,False
KEIBAJO_SURFACE_07_芝,manken_shirushi+ichi_shisu+kakutoku_shokin_ruikei,manken_shirushi,ichi_shisu,kakutoku_shokin_ruikei,8,1191,73.98,8.87,67.83,False
KEIBAJO_SURFACE_07_芝,joshodo_code+umakigo_code+hizume_code,joshodo_code,umakigo_code,hizume_code,15,13541,72.45,9.13,67.83,False
KEIBAJO_SURFACE_07_芝,kyori_kubun+ichi_shisu+joshodo_code,kyori_kubun,ichi_shisu,joshodo_code,8,2350,72.97,7.42,67.83,False
KEIBAJO_SURFACE_07_芝,joken_class_code+pace_shisu_juni+ten_shisu_juni,joken_class_code,pace_shisu_juni,ten_shisu_juni,13,2376,75.62,14.33,67.83,False
KEIBAJO_SURFACE_07_芝,rotation+joken_class_code+uma_deokure_ritsu,rotation,joken_class_code,uma_deokure_ritsu,11,2444,73.52,9.67,67.81,False
KEIBAJO_SURFACE_07_芝,pace_yoso+joshodo_code+umakigo_code,pace_yoso,joshodo_code,umakigo_code,11,16628,71.85,6.87,67.79,False
KEIBAJO_SURFACE_07_芝,kyori_kubun+kyori_tekisei_2+class_code,kyori_kubun,kyori_tekisei_2,class_code,7,1080,72.38,6.23,67.77,False
KEIBAJO_SURFACE_07_芝,joshodo_code+manken_shisu+class_code,joshodo_code,manken_shisu,class_code,28,3328,71.74,10.75,67.76,False
KEIBAJO_SURFACE_07_芝,ichi_shisu_juni+kyakushitsu+ten_shisu_juni,ichi_shisu_juni,kyakushitsu,ten_shisu_juni,16,2755,74.65,14.06,67.76,False
KEIBAJO_SURFACE_07_芝,pace_yoso+rotation+uma_deokure_ritsu,pace_yoso,rotation,uma_deokure_ritsu,15,2957,73.32,11.01,67.75,False
KEIBAJO_SURFACE_07_芝,rotation+uma_deokure_ritsu+class_code,rotation,uma_deokure_ritsu,class_code,7,1500,71.22,4.79,67.68,False
KEIBAJO_SURFACE_07_芝,pace_yoso+rotation+hizume_code,pace_yoso,rotation,hizume_code,27,4657,72.38,12.46,67.68,False
KEIBAJO_SURFACE_07_芝,kyori_tekisei_2+joshodo_code+agari_shisu_juni,kyori_tekisei_2,joshodo_code,agari_shisu_juni,8,1004,74.24,9.49,67.66,False
KEIBAJO_SURFACE_07_芝,rotation+joshodo_code+ichi_shisu_juni,rotation,joshodo_code,ichi_shisu_juni,32,5093,70.86,9.27,67.65,False
KEIBAJO_SURFACE_07_芝,joshodo_code+uma_deokure_ritsu+ichi_shisu_juni,joshodo_code,uma_deokure_ritsu,ichi_shisu_juni,13,4622,72.44,8.88,67.62,False
KEIBAJO_SURFACE_07_芝,manken_shirushi+kyori_kubun+ichi_shisu_juni,manken_shirushi,kyori_kubun,ichi_shisu_juni,8,1039,74.17,9.48,67.6,False
KEIBAJO_SURFACE_07_芝,nyukyu_nannichimae+umakigo_code+tenkai_kigo_code,nyukyu_nannichimae,umakigo_code,tenkai_kigo_code,24,4222,71.01,8.7,67.53,False
KEIBAJO_SURFACE_07_芝,joken_class_code+nyukyu_nannichimae+kakutoku_shokin_ruikei,joken_class_code,nyukyu_nannichimae,kakutoku_shokin_ruikei,9,1014,75.47,12.15,67.53,False
KEIBAJO_SURFACE_07_芝,rotation+agari_shisu_juni+tenkai_kigo_code,rotation,agari_shisu_juni,tenkai_kigo_code,30,4912,71.54,11.27,67.51,False
KEIBAJO_SURFACE_07_芝,pace_yoso+manken_shisu+tenkai_kigo_code,pace_yoso,manken_shisu,tenkai_kigo_code,27,3720,72.56,13.41,67.5,False
KEIBAJO_SURFACE_07_芝,kyori_kubun+ichi_shisu+umakigo_code,kyori_kubun,ichi_shisu,umakigo_code,8,2601,73.13,8.14,67.49,False
KEIBAJO_SURFACE_07_芝,kyori_tekisei_2+joshodo_code+pace_shisu_juni,kyori_tekisei_2,joshodo_code,pace_shisu_juni,9,1064,74.74,11.12,67.48,False
KEIBAJO_SURFACE_07_芝,kyori_kubun+kyori_tekisei_2+tenkai_kigo_code,kyori_kubun,kyori_tekisei_2,tenkai_kigo_code,8,1944,71.17,5.36,67.46,False
KEIBAJO_SURFACE_07_芝,omo_tekisei_code+nyukyu_nannichimae+uma_deokure_ritsu,omo_tekisei_code,nyukyu_nannichimae,uma_deokure_ritsu,4,427,77.22,10.0,67.43,False
KEIBAJO_SURFACE_07_芝,kyori_tekisei_2+joshodo_code+hizume_code,kyori_tekisei_2,joshodo_code,hizume_code,10,2061,74.03,10.67,67.42,False
KEIBAJO_SURFACE_07_芝,kyori_tekisei_2+uma_deokure_ritsu+umakigo_code,kyori_tekisei_2,uma_deokure_ritsu,umakigo_code,3,633,83.76,14.46,67.39,False
KEIBAJO_SURFACE_07_芝,joken_class_code+uma_deokure_ritsu+ten_shisu_juni,joken_class_code,uma_deokure_ritsu,ten_shisu_juni,19,3171,72.61,11.61,67.39,False
KEIBAJO_SURFACE_07_芝,joken_class_code+ichi_shisu_juni+tenkai_kigo_code,joken_class_code,ichi_shisu_juni,tenkai_kigo_code,40,8509,70.93,11.44,67.39,False
KEIBAJO_SURFACE_07_芝,pace_yoso+kyori_kubun+manken_shisu,pace_yoso,kyori_kubun,manken_shisu,17,2029,73.09,12.03,67.37,False
KEIBAJO_SURFACE_07_芝,manken_shirushi+ichi_shisu_juni+kakutoku_shokin_ruikei,manken_shirushi,ichi_shisu_juni,kakutoku_shokin_ruikei,8,1186,73.99,9.55,67.37,False
KEIBAJO_SURFACE_07_芝,kyori_kubun+rotation+uma_deokure_ritsu,kyori_kubun,rotation,uma_deokure_ritsu,14,2588,71.84,8.54,67.37,False
KEIBAJO_SURFACE_07_芝,pace_yoso+joho_shisu+joshodo_code,pace_yoso,joho_shisu,joshodo_code,39,10506,71.22,12.32,67.35,False
KEIBAJO_SURFACE_07_芝,ichi_shisu_juni+pace_shisu_juni+ten_shisu_juni,ichi_shisu_juni,pace_shisu_juni,ten_shisu_juni,10,1791,76.67,15.12,67.3,False
KEIBAJO_SURFACE_07_芝,kyori_tekisei_2+agari_shisu_juni+umakigo_code,kyori_tekisei_2,agari_shisu_juni,umakigo_code,8,1007,73.84,9.43,67.3,False
KEIBAJO_SURFACE_07_芝,manken_shirushi+kyori_kubun+kakutoku_shokin_ruikei,manken_shirushi,kyori_kubun,kakutoku_shokin_ruikei,6,758,72.15,6.08,67.29,False
KEIBAJO_SURFACE_07_芝,kyori_tekisei_2+umakigo_code+hizume_code,kyori_tekisei_2,umakigo_code,hizume_code,10,2057,73.38,9.84,67.29,False
KEIBAJO_SURFACE_07_芝,kyori_kubun+kyori_tekisei_2+uma_deokure_ritsu,kyori_kubun,kyori_tekisei_2,uma_deokure_ritsu,3,417,83.88,14.66,67.29,False
KEIBAJO_SURFACE_07_芝,manken_shirushi+kyori_tekisei_2+umakigo_code,manken_shirushi,kyori_tekisei_2,umakigo_code,8,1045,72.86,8.06,67.27,False
KEIBAJO_SURFACE_07_芝,joken_class_code+pace_shisu_juni+tenkai_kigo_code,joken_class_code,pace_shisu_juni,tenkai_kigo_code,42,8148,70.5,10.72,67.26,False
KEIBAJO_SURFACE_07_芝,kyori_tekisei_2+joshodo_code+tenkai_kigo_code,kyori_tekisei_2,joshodo_code,tenkai_kigo_code,9,2660,72.95,8.74,67.24,False
KEIBAJO_SURFACE_07_芝,kyori_kubun+uma_deokure_ritsu+kyakushitsu,kyori_kubun,uma_deokure_ritsu,kyakushitsu,22,6061,71.1,9.24,67.24,False
KEIBAJO_SURFACE_07_芝,kyori_tekisei_2+joshodo_code+uma_deokure_ritsu,kyori_tekisei_2,joshodo_code,uma_deokure_ritsu,3,647,81.56,12.66,67.23,False
KEIBAJO_SURFACE_07_芝,uma_deokure_ritsu+ichi_shisu_juni+umakigo_code,uma_deokure_ritsu,ichi_shisu_juni,umakigo_code,13,4447,72.29,9.4,67.19,False
KEIBAJO_SURFACE_07_芝,kyori_kubun+rotation+class_code,kyori_kubun,rotation,class_code,24,3894,71.79,11.55,67.17,False
KEIBAJO_SURFACE_07_芝,joken_class_code+tenkai_kigo_code+ten_shisu_juni,joken_class_code,tenkai_kigo_code,ten_shisu_juni,46,8249,70.92,13.07,67.14,False
KEIBAJO_SURFACE_07_芝,manken_shirushi+pace_yoso+kakutoku_shokin_ruikei,manken_shirushi,pace_yoso,kakutoku_shokin_ruikei,8,1240,72.41,7.64,67.11,False
KEIBAJO_SURFACE_07_芝,omo_tekisei_code+ichi_shisu_juni+tenkai_kigo_code,omo_tekisei_code,ichi_shisu_juni,tenkai_kigo_code,38,8936,71.57,14.05,67.1,False
KEIBAJO_SURFACE_07_芝,joken_class_code+hizume_code+ten_shisu_juni,joken_class_code,hizume_code,ten_shisu_juni,14,1755,75.54,16.12,67.1,False
KEIBAJO_SURFACE_07_芝,ichi_shisu+joshodo_code+tenkai_kigo_code,ichi_shisu,joshodo_code,tenkai_kigo_code,10,2719,75.03,12.8,67.09,False
KEIBAJO_SURFACE_07_芝,hizume_code+tenkai_kigo_code+ten_shisu_juni,hizume_code,tenkai_kigo_code,ten_shisu_juni,28,3938,72.69,15.25,67.04,False
KEIBAJO_SURFACE_07_芝,joken_class_code+uma_deokure_ritsu+pace_shisu_juni,joken_class_code,uma_deokure_ritsu,pace_shisu_juni,18,3084,72.31,11.45,67.02,False
KEIBAJO_SURFACE_07_芝,joshodo_code+umakigo_code+ten_shisu_juni,joshodo_code,umakigo_code,ten_shisu_juni,27,15087,70.9,10.3,67.01,False
KEIBAJO_SURFACE_07_芝,joken_class_code+joshodo_code+class_code,joken_class_code,joshodo_code,class_code,17,13964,70.87,8.21,66.97,False
KEIBAJO_SURFACE_07_芝,ichi_shisu+joken_class_code+class_code,ichi_shisu,joken_class_code,class_code,6,685,74.72,9.7,66.96,False
KEIBAJO_SURFACE_07_芝,rotation+omo_tekisei_code+pace_shisu_juni,rotation,omo_tekisei_code,pace_shisu_juni,13,1476,72.75,10.65,66.96,False
KEIBAJO_SURFACE_07_芝,ichi_shisu_juni+tenkai_kigo_code+class_code,ichi_shisu_juni,tenkai_kigo_code,class_code,31,4747,71.66,13.34,66.96,False
KEIBAJO_SURFACE_07_芝,kyori_tekisei_2+pace_shisu_juni+umakigo_code,kyori_tekisei_2,pace_shisu_juni,umakigo_code,9,1066,73.89,10.69,66.9,False
KEIBAJO_SURFACE_07_芝,kyori_kubun+hizume_code+ten_shisu_juni,kyori_kubun,hizume_code,ten_shisu_juni,15,1757,76.17,18.64,66.73,False
KEIBAJO_SURFACE_07_芝,manken_shirushi+pace_yoso+kyori_tekisei_2,manken_shirushi,pace_yoso,kyori_tekisei_2,5,570,76.13,10.76,66.7,False
KEIBAJO_SURFACE_07_芝,kyori_kubun+kishu_shisu+joshodo_code,kyori_kubun,kishu_shisu,joshodo_code,46,10929,71.67,17.26,66.69,False
KEIBAJO_SURFACE_07_芝,kishu_shisu+kyakushitsu+umakigo_code,kishu_shisu,kyakushitsu,umakigo_code,54,11540,71.18,16.87,66.68,False
KEIBAJO_SURFACE_07_芝,kyori_kubun+pace_shisu_juni+tenkai_kigo_code,kyori_kubun,pace_shisu_juni,tenkai_kigo_code,45,8270,69.98,11.33,66.67,False
KEIBAJO_SURFACE_07_芝,kishu_shisu+uma_deokure_ritsu+kyakushitsu,kishu_shisu,uma_deokure_ritsu,kyakushitsu,10,1569,73.04,10.31,66.65,False
KEIBAJO_SURFACE_07_芝,pace_yoso+pace_shisu_juni+tenkai_kigo_code,pace_yoso,pace_shisu_juni,tenkai_kigo_code,45,10156,69.72,10.59,66.63,False
KEIBAJO_SURFACE_07_芝,joken_class_code+joshodo_code+umakigo_code,joken_class_code,joshodo_code,umakigo_code,12,16300,69.78,5.57,66.63,False
KEIBAJO_SURFACE_07_芝,pace_yoso+rotation+ten_shisu_juni,pace_yoso,rotation,ten_shisu_juni,8,874,74.3,11.09,66.61,False
KEIBAJO_SURFACE_07_芝,kyori_kubun+ten_shisu_juni+class_code,kyori_kubun,ten_shisu_juni,class_code,22,2784,72.71,14.72,66.55,False
KEIBAJO_SURFACE_07_芝,omo_tekisei_code+uma_deokure_ritsu+class_code,omo_tekisei_code,uma_deokure_ritsu,class_code,18,5057,73.26,14.53,66.55,False
KEIBAJO_SURFACE_07_芝,joshodo_code+pace_shisu_juni+umakigo_code,joshodo_code,pace_shisu_juni,umakigo_code,27,15098,70.29,9.95,66.53,False
KEIBAJO_SURFACE_07_芝,kyori_tekisei_2+umakigo_code+tenkai_kigo_code,kyori_tekisei_2,umakigo_code,tenkai_kigo_code,8,2572,72.79,9.07,66.51,False
KEIBAJO_SURFACE_07_芝,joshodo_code+agari_shisu_juni+tenkai_kigo_code,joshodo_code,agari_shisu_juni,tenkai_kigo_code,35,14096,69.97,10.48,66.5,False
KEIBAJO_SURFACE_07_芝,pace_yoso+kyori_kubun+nyukyu_nannichimae,pace_yoso,kyori_kubun,nyukyu_nannichimae,11,1634,73.37,11.66,66.48,False
KEIBAJO_SURFACE_07_芝,pace_yoso+tenkai_kigo_code+ten_shisu_juni,pace_yoso,tenkai_kigo_code,ten_shisu_juni,46,10010,70.02,12.27,66.47,False
KEIBAJO_SURFACE_07_芝,rotation+omo_tekisei_code+ichi_shisu_juni,rotation,omo_tekisei_code,ichi_shisu_juni,9,1044,74.53,12.37,66.45,False
KEIBAJO_SURFACE_07_芝,joken_class_code+manken_shisu+kakutoku_shokin_ruikei,joken_class_code,manken_shisu,kakutoku_shokin_ruikei,9,1030,73.75,11.26,66.4,False
KEIBAJO_SURFACE_07_芝,pace_yoso+ichi_shisu+agari_shisu_juni,pace_yoso,ichi_shisu,agari_shisu_juni,8,1125,73.94,10.9,66.39,False
KEIBAJO_SURFACE_07_芝,pace_shisu_juni+tenkai_kigo_code+ten_shisu_juni,pace_shisu_juni,tenkai_kigo_code,ten_shisu_juni,17,2561,72.66,13.18,66.39,False
KEIBAJO_SURFACE_07_芝,kyori_kubun+tenkai_kigo_code+ten_shisu_juni,kyori_kubun,tenkai_kigo_code,ten_shisu_juni,42,7598,69.97,11.85,66.39,False
KEIBAJO_SURFACE_07_芝,pace_yoso+nyukyu_nannichimae+tenkai_kigo_code,pace_yoso,nyukyu_nannichimae,tenkai_kigo_code,12,1903,71.95,9.84,66.38,False
KEIBAJO_SURFACE_07_芝,manken_shirushi+agari_shisu_juni+kyakushitsu,manken_shirushi,agari_shisu_juni,kyakushitsu,3,339,87.04,18.25,66.38,False
KEIBAJO_SURFACE_07_芝,joshodo_code+nyukyu_nannichimae+tenkai_kigo_code,joshodo_code,nyukyu_nannichimae,tenkai_kigo_code,18,3557,71.15,10.36,66.36,False
KEIBAJO_SURFACE_07_芝,uma_deokure_ritsu+pace_shisu_juni+hizume_code,uma_deokure_ritsu,pace_shisu_juni,hizume_code,10,1277,74.39,12.99,66.34,False
KEIBAJO_SURFACE_07_芝,kishu_shisu+joshodo_code+kyakushitsu,kishu_shisu,joshodo_code,kyakushitsu,54,11902,70.75,16.52,66.34,False
KEIBAJO_SURFACE_07_芝,kyori_kubun+kyori_tekisei_2+omo_tekisei_code,kyori_kubun,kyori_tekisei_2,omo_tekisei_code,10,2450,72.96,10.76,66.29,False
KEIBAJO_SURFACE_07_芝,joshodo_code+umakigo_code+class_code,joshodo_code,umakigo_code,class_code,20,14032,69.96,8.4,66.28,False
KEIBAJO_SURFACE_07_芝,joken_class_code+kishu_shisu+joshodo_code,joken_class_code,kishu_shisu,joshodo_code,48,10832,70.3,14.27,66.27,False
KEIBAJO_SURFACE_07_芝,rotation+uma_deokure_ritsu+hizume_code,rotation,uma_deokure_ritsu,hizume_code,7,1278,72.1,7.9,66.25,False
KEIBAJO_SURFACE_07_芝,rotation+uma_deokure_ritsu+tenkai_kigo_code,rotation,uma_deokure_ritsu,tenkai_kigo_code,17,3143,73.13,14.46,66.25,False
KEIBAJO_SURFACE_07_芝,joken_class_code+kishu_shisu+class_code,joken_class_code,kishu_shisu,class_code,36,7617,72.04,17.9,66.19,False
KEIBAJO_SURFACE_07_芝,pace_yoso+kishu_shisu+joshodo_code,pace_yoso,kishu_shisu,joshodo_code,41,12216,70.32,13.52,66.18,False
KEIBAJO_SURFACE_07_芝,uma_deokure_ritsu+pace_shisu_juni+class_code,uma_deokure_ritsu,pace_shisu_juni,class_code,15,1958,71.59,10.68,66.18,False
KEIBAJO_SURFACE_07_芝,pace_yoso+kyori_tekisei_2+kyakushitsu,pace_yoso,kyori_tekisei_2,kyakushitsu,11,2543,73.16,11.84,66.17,False
KEIBAJO_SURFACE_07_芝,rotation+kyakushitsu+tenkai_kigo_code,rotation,kyakushitsu,tenkai_kigo_code,42,9224,70.1,13.1,66.14,False
KEIBAJO_SURFACE_07_芝,pace_yoso+kishu_shisu+umakigo_code,pace_yoso,kishu_shisu,umakigo_code,45,13366,70.39,14.91,66.03,False
KEIBAJO_SURFACE_07_芝,pace_shisu_juni+hizume_code+tenkai_kigo_code,pace_shisu_juni,hizume_code,tenkai_kigo_code,27,4129,70.53,12.08,65.97,False
KEIBAJO_SURFACE_07_芝,joken_class_code+kishu_shisu+umakigo_code,joken_class_code,kishu_shisu,umakigo_code,48,11694,70.71,16.78,65.96,False
KEIBAJO_SURFACE_07_芝,kyori_kubun+manken_shisu+tenkai_kigo_code,kyori_kubun,manken_shisu,tenkai_kigo_code,13,1537,72.92,12.82,65.96,False
KEIBAJO_SURFACE_07_芝,kyori_kubun+ichi_shisu_juni+ten_shisu_juni,kyori_kubun,ichi_shisu_juni,ten_shisu_juni,12,2008,75.16,16.3,65.94,False
KEIBAJO_SURFACE_07_芝,rotation+joshodo_code+ten_shisu_juni,rotation,joshodo_code,ten_shisu_juni,31,4899,70.01,11.69,65.9,False
KEIBAJO_SURFACE_07_芝,rotation+uma_deokure_ritsu+pace_shisu_juni,rotation,uma_deokure_ritsu,pace_shisu_juni,3,314,73.18,6.44,65.89,False
KEIBAJO_SURFACE_07_芝,rotation+hizume_code+tenkai_kigo_code,rotation,hizume_code,tenkai_kigo_code,24,4272,70.18,10.73,65.89,False
KEIBAJO_SURFACE_07_芝,kyori_kubun+joho_shisu+umakigo_code,kyori_kubun,joho_shisu,umakigo_code,32,9278,69.5,10.45,65.88,False
KEIBAJO_SURFACE_07_芝,rotation+umakigo_code+ten_shisu_juni,rotation,umakigo_code,ten_shisu_juni,31,4770,70.14,12.45,65.76,False
KEIBAJO_SURFACE_07_芝,ichi_shisu+umakigo_code+tenkai_kigo_code,ichi_shisu,umakigo_code,tenkai_kigo_code,9,2799,75.47,14.87,65.76,False
KEIBAJO_SURFACE_07_芝,manken_shisu+umakigo_code+kakutoku_shokin_ruikei,manken_shisu,umakigo_code,kakutoku_shokin_ruikei,7,791,74.35,11.6,65.75,False
KEIBAJO_SURFACE_07_芝,joken_class_code+ichi_shisu_juni+ten_shisu_juni,joken_class_code,ichi_shisu_juni,ten_shisu_juni,11,2345,74.65,15.06,65.75,False
KEIBAJO_SURFACE_07_芝,kyori_tekisei_2+kyakushitsu+umakigo_code,kyori_tekisei_2,kyakushitsu,umakigo_code,10,2924,71.28,8.97,65.72,False
KEIBAJO_SURFACE_07_芝,joshodo_code+umakigo_code+kakutoku_shokin_ruikei,joshodo_code,umakigo_code,kakutoku_shokin_ruikei,7,3772,69.8,5.66,65.61,False
KEIBAJO_SURFACE_07_芝,joken_class_code+kakutoku_shokin_ruikei+tenkai_kigo_code,joken_class_code,kakutoku_shokin_ruikei,tenkai_kigo_code,7,3354,72.4,9.21,65.58,False
KEIBAJO_SURFACE_07_芝,ichi_shisu_juni+tenkai_kigo_code+ten_shisu_juni,ichi_shisu_juni,tenkai_kigo_code,ten_shisu_juni,19,2847,72.73,15.93,65.57,False
KEIBAJO_SURFACE_07_芝,ichi_shisu_juni+hizume_code+tenkai_kigo_code,ichi_shisu_juni,hizume_code,tenkai_kigo_code,29,4095,70.39,13.26,65.56,False
KEIBAJO_SURFACE_07_芝,ichi_shisu_juni+pace_shisu_juni+kyakushitsu,ichi_shisu_juni,pace_shisu_juni,kyakushitsu,15,2487,71.65,12.07,65.55,False
KEIBAJO_SURFACE_07_芝,kyakushitsu+tenkai_kigo_code+ten_shisu_juni,kyakushitsu,tenkai_kigo_code,ten_shisu_juni,49,10200,68.89,12.04,65.52,False
KEIBAJO_SURFACE_07_芝,ichi_shisu_juni+kyakushitsu+tenkai_kigo_code,ichi_shisu_juni,kyakushitsu,tenkai_kigo_code,42,10921,69.19,12.18,65.51,False
KEIBAJO_SURFACE_07_芝,omo_tekisei_code+nyukyu_nannichimae+class_code,omo_tekisei_code,nyukyu_nannichimae,class_code,3,327,74.64,8.07,65.51,False
KEIBAJO_SURFACE_07_芝,joken_class_code+joshodo_code+kakutoku_shokin_ruikei,joken_class_code,joshodo_code,kakutoku_shokin_ruikei,7,3910,69.74,5.73,65.5,False
KEIBAJO_SURFACE_07_芝,ichi_shisu+joshodo_code+class_code,ichi_shisu,joshodo_code,class_code,6,683,74.12,10.76,65.5,False
KEIBAJO_SURFACE_07_芝,kyori_tekisei_2+joshodo_code+kyakushitsu,kyori_tekisei_2,joshodo_code,kyakushitsu,10,2918,71.38,9.49,65.5,False
KEIBAJO_SURFACE_07_芝,kyori_tekisei_2+joshodo_code+ten_shisu_juni,kyori_tekisei_2,joshodo_code,ten_shisu_juni,8,923,73.97,12.25,65.48,False
KEIBAJO_SURFACE_07_芝,kyori_tekisei_2+omo_tekisei_code+tenkai_kigo_code,kyori_tekisei_2,omo_tekisei_code,tenkai_kigo_code,8,1912,71.52,8.75,65.46,False
KEIBAJO_SURFACE_07_芝,pace_yoso+kyori_tekisei_2+hizume_code,pace_yoso,kyori_tekisei_2,hizume_code,9,1603,74.25,13.48,65.44,False
KEIBAJO_SURFACE_07_芝,kishu_shisu+umakigo_code+tenkai_kigo_code,kishu_shisu,umakigo_code,tenkai_kigo_code,43,11255,69.89,15.01,65.41,False
KEIBAJO_SURFACE_07_芝,kyori_kubun+nyukyu_nannichimae+uma_deokure_ritsu,kyori_kubun,nyukyu_nannichimae,uma_deokure_ritsu,4,435,81.71,16.66,65.39,False
KEIBAJO_SURFACE_07_芝,ichi_shisu+uma_deokure_ritsu+kyakushitsu,ichi_shisu,uma_deokure_ritsu,kyakushitsu,4,466,77.8,12.68,65.38,False
KEIBAJO_SURFACE_07_芝,kyori_kubun+pace_shisu_juni+class_code,kyori_kubun,pace_shisu_juni,class_code,22,2825,72.28,16.68,65.31,False
KEIBAJO_SURFACE_07_芝,kyori_tekisei_2+omo_tekisei_code+joken_class_code,kyori_tekisei_2,omo_tekisei_code,joken_class_code,13,2097,71.15,10.75,65.3,False
KEIBAJO_SURFACE_07_芝,kyori_tekisei_2+umakigo_code+ten_shisu_juni,kyori_tekisei_2,umakigo_code,ten_shisu_juni,7,828,74.05,11.86,65.26,False
KEIBAJO_SURFACE_07_芝,kyori_kubun+kishu_shisu+umakigo_code,kyori_kubun,kishu_shisu,umakigo_code,45,11830,70.23,16.99,65.26,False
KEIBAJO_SURFACE_07_芝,uma_deokure_ritsu+ten_shisu_juni+class_code,uma_deokure_ritsu,ten_shisu_juni,class_code,13,1757,71.4,11.3,65.25,False
KEIBAJO_SURFACE_07_芝,kishu_shisu+umakigo_code+class_code,kishu_shisu,umakigo_code,class_code,34,7029,71.57,18.82,65.24,False
KEIBAJO_SURFACE_07_芝,ichi_shisu+uma_deokure_ritsu+umakigo_code,ichi_shisu,uma_deokure_ritsu,umakigo_code,7,978,73.14,10.77,65.16,False
KEIBAJO_SURFACE_07_芝,ichi_shisu+kyakushitsu+tenkai_kigo_code,ichi_shisu,kyakushitsu,tenkai_kigo_code,6,2299,77.44,15.34,65.16,False
KEIBAJO_SURFACE_07_芝,tenkai_kigo_code+ten_shisu_juni+class_code,tenkai_kigo_code,ten_shisu_juni,class_code,28,4330,70.64,14.91,65.12,False
KEIBAJO_SURFACE_07_芝,joken_class_code+agari_shisu_juni+ten_shisu_juni,joken_class_code,agari_shisu_juni,ten_shisu_juni,6,775,75.83,13.38,65.12,False
KEIBAJO_SURFACE_07_芝,umakigo_code+kakutoku_shokin_ruikei+tenkai_kigo_code,umakigo_code,kakutoku_shokin_ruikei,tenkai_kigo_code,7,3228,72.0,9.42,65.02,False
KEIBAJO_SURFACE_07_芝,pace_yoso+kyori_tekisei_2+tenkai_kigo_code,pace_yoso,kyori_tekisei_2,tenkai_kigo_code,8,2238,70.88,8.46,65.01,False
KEIBAJO_SURFACE_07_芝,manken_shirushi+umakigo_code+kakutoku_shokin_ruikei,manken_shirushi,umakigo_code,kakutoku_shokin_ruikei,8,1701,69.86,7.02,64.99,False
KEIBAJO_SURFACE_07_芝,omo_tekisei_code+kishu_shisu+tenkai_kigo_code,omo_tekisei_code,kishu_shisu,tenkai_kigo_code,33,7092,70.36,15.76,64.98,False
KEIBAJO_SURFACE_07_芝,pace_yoso+manken_shisu+kyakushitsu,pace_yoso,manken_shisu,kyakushitsu,8,854,76.09,16.03,64.98,False
KEIBAJO_SURFACE_07_芝,umakigo_code+kakutoku_shokin_ruikei+class_code,umakigo_code,kakutoku_shokin_ruikei,class_code,6,1847,71.22,7.87,64.92,False
KEIBAJO_SURFACE_07_芝,kyori_kubun+ichi_shisu_juni+pace_shisu_juni,kyori_kubun,ichi_shisu_juni,pace_shisu_juni,12,1997,73.71,15.55,64.91,False
KEIBAJO_SURFACE_07_芝,ichi_shisu+joshodo_code+uma_deokure_ritsu,ichi_shisu,joshodo_code,uma_deokure_ritsu,7,1007,72.08,9.69,64.9,False
KEIBAJO_SURFACE_07_芝,kyori_kubun+omo_tekisei_code+manken_shisu,kyori_kubun,omo_tekisei_code,manken_shisu,7,744,72.64,10.46,64.89,False
KEIBAJO_SURFACE_07_芝,kishu_shisu+uma_deokure_ritsu+umakigo_code,kishu_shisu,uma_deokure_ritsu,umakigo_code,19,3971,72.53,17.12,64.84,False
KEIBAJO_SURFACE_07_芝,rotation+hizume_code+class_code,rotation,hizume_code,class_code,12,1808,70.28,9.76,64.75,False
KEIBAJO_SURFACE_07_芝,agari_shisu_juni+pace_shisu_juni+kakutoku_shokin_ruikei,agari_shisu_juni,pace_shisu_juni,kakutoku_shokin_ruikei,5,648,76.25,13.21,64.67,False
KEIBAJO_SURFACE_07_芝,joshodo_code+kakutoku_shokin_ruikei+class_code,joshodo_code,kakutoku_shokin_ruikei,class_code,6,1899,70.93,7.9,64.6,False
KEIBAJO_SURFACE_07_芝,kishu_shisu+joshodo_code+tenkai_kigo_code,kishu_shisu,joshodo_code,tenkai_kigo_code,37,10330,69.27,14.5,64.6,False
KEIBAJO_SURFACE_07_芝,ichi_shisu+kishu_shisu+joshodo_code,ichi_shisu,kishu_shisu,joshodo_code,4,683,69.5,5.01,64.59,False
KEIBAJO_SURFACE_07_芝,kyori_tekisei_2+joken_class_code+tenkai_kigo_code,kyori_tekisei_2,joken_class_code,tenkai_kigo_code,11,1785,70.05,9.24,64.59,False
KEIBAJO_SURFACE_07_芝,kyori_kubun+pace_shisu_juni+hizume_code,kyori_kubun,pace_shisu_juni,hizume_code,14,1626,73.09,16.29,64.56,False
KEIBAJO_SURFACE_07_芝,joho_shisu+kishu_shisu+ichi_shisu_juni,joho_shisu,kishu_shisu,ichi_shisu_juni,4,654,76.09,11.78,64.55,False
KEIBAJO_SURFACE_07_芝,uma_deokure_ritsu+ichi_shisu_juni+tenkai_kigo_code,uma_deokure_ritsu,ichi_shisu_juni,tenkai_kigo_code,13,3018,70.25,10.55,64.51,False
KEIBAJO_SURFACE_07_芝,kyori_kubun+kishu_shisu+ichi_shisu_juni,kyori_kubun,kishu_shisu,ichi_shisu_juni,4,645,69.32,4.95,64.48,False
KEIBAJO_SURFACE_07_芝,rotation+tenkai_kigo_code+ten_shisu_juni,rotation,tenkai_kigo_code,ten_shisu_juni,16,2031,70.98,13.33,64.45,False
KEIBAJO_SURFACE_07_芝,rotation+ichi_shisu_juni+tenkai_kigo_code,rotation,ichi_shisu_juni,tenkai_kigo_code,18,2272,69.18,10.5,64.33,False
KEIBAJO_SURFACE_07_芝,ichi_shisu+agari_shisu_juni+umakigo_code,ichi_shisu,agari_shisu_juni,umakigo_code,10,1663,71.49,11.68,64.24,False
KEIBAJO_SURFACE_07_芝,pace_yoso+nyukyu_nannichimae+class_code,pace_yoso,nyukyu_nannichimae,class_code,6,779,72.49,10.38,64.19,False
KEIBAJO_SURFACE_07_芝,pace_yoso+kishu_shisu+class_code,pace_yoso,kishu_shisu,class_code,26,4542,71.2,18.35,64.15,False
KEIBAJO_SURFACE_07_芝,pace_yoso+ichi_shisu+joshodo_code,pace_yoso,ichi_shisu,joshodo_code,8,2329,71.5,10.7,64.09,False
KEIBAJO_SURFACE_07_芝,rotation+kyakushitsu+class_code,rotation,kyakushitsu,class_code,22,3690,68.89,11.58,64.05,False
KEIBAJO_SURFACE_07_芝,joken_class_code+kakutoku_shokin_ruikei+class_code,joken_class_code,kakutoku_shokin_ruikei,class_code,7,2015,69.97,8.04,64.02,False
KEIBAJO_SURFACE_07_芝,manken_shirushi+joken_class_code+kakutoku_shokin_ruikei,manken_shirushi,joken_class_code,kakutoku_shokin_ruikei,8,1768,69.31,7.66,64.01,False
KEIBAJO_SURFACE_07_芝,pace_yoso+umakigo_code+kakutoku_shokin_ruikei,pace_yoso,umakigo_code,kakutoku_shokin_ruikei,5,3201,67.25,3.89,63.84,False
KEIBAJO_SURFACE_07_芝,ichi_shisu+agari_shisu_juni+kyakushitsu,ichi_shisu,agari_shisu_juni,kyakushitsu,9,1490,71.4,11.6,63.82,False
KEIBAJO_SURFACE_07_芝,agari_shisu_juni+kyakushitsu+kakutoku_shokin_ruikei,agari_shisu_juni,kyakushitsu,kakutoku_shokin_ruikei,9,1490,71.4,11.6,63.82,False
KEIBAJO_SURFACE_07_芝,kyori_tekisei_2+rotation+joshodo_code,kyori_tekisei_2,rotation,joshodo_code,7,1146,73.89,13.61,63.81,False
KEIBAJO_SURFACE_07_芝,kyori_kubun+umakigo_code+kakutoku_shokin_ruikei,kyori_kubun,umakigo_code,kakutoku_shokin_ruikei,7,3358,68.87,6.89,63.77,False
KEIBAJO_SURFACE_07_芝,omo_tekisei_code+joken_class_code+kishu_shisu,omo_tekisei_code,joken_class_code,kishu_shisu,36,6285,69.66,18.14,63.73,False
KEIBAJO_SURFACE_07_芝,hizume_code+ten_shisu_juni+class_code,hizume_code,ten_shisu_juni,class_code,4,421,82.48,19.19,63.67,False
KEIBAJO_SURFACE_07_芝,kishu_shisu+joshodo_code+uma_deokure_ritsu,kishu_shisu,joshodo_code,uma_deokure_ritsu,22,4457,70.48,16.33,63.66,False
KEIBAJO_SURFACE_07_芝,agari_shisu_juni+ichi_shisu_juni+kyakushitsu,agari_shisu_juni,ichi_shisu_juni,kyakushitsu,8,1344,71.84,11.94,63.56,False
KEIBAJO_SURFACE_07_芝,pace_yoso+kyori_kubun+kakutoku_shokin_ruikei,pace_yoso,kyori_kubun,kakutoku_shokin_ruikei,6,2749,67.16,4.5,63.56,False
KEIBAJO_SURFACE_07_芝,kishu_shisu+joshodo_code+class_code,kishu_shisu,joshodo_code,class_code,37,7650,69.33,17.95,63.55,False
KEIBAJO_SURFACE_07_芝,ichi_shisu+agari_shisu_juni+ichi_shisu_juni,ichi_shisu,agari_shisu_juni,ichi_shisu_juni,8,1347,72.0,12.21,63.54,False
KEIBAJO_SURFACE_07_芝,nyukyu_nannichimae+uma_deokure_ritsu+tenkai_kigo_code,nyukyu_nannichimae,uma_deokure_ritsu,tenkai_kigo_code,4,422,81.56,18.45,63.48,False
KEIBAJO_SURFACE_07_芝,kyori_kubun+ichi_shisu+kishu_shisu,kyori_kubun,ichi_shisu,kishu_shisu,3,471,64.21,0.66,63.47,False
KEIBAJO_SURFACE_07_芝,kyori_kubun+agari_shisu_juni+ichi_shisu_juni,kyori_kubun,agari_shisu_juni,ichi_shisu_juni,8,1017,72.69,13.39,63.41,False
KEIBAJO_SURFACE_07_芝,manken_shisu+ichi_shisu_juni+umakigo_code,manken_shisu,ichi_shisu_juni,umakigo_code,3,310,70.42,6.24,63.36,False
KEIBAJO_SURFACE_07_芝,pace_yoso+joken_class_code+kakutoku_shokin_ruikei,pace_yoso,joken_class_code,kakutoku_shokin_ruikei,5,3324,67.51,4.75,63.35,False
KEIBAJO_SURFACE_07_芝,kyori_kubun+kishu_shisu+uma_deokure_ritsu,kyori_kubun,kishu_shisu,uma_deokure_ritsu,12,1820,70.35,12.44,63.31,False
KEIBAJO_SURFACE_07_芝,joho_shisu+joken_class_code+umakigo_code,joho_shisu,joken_class_code,umakigo_code,23,8056,70.78,18.45,63.24,False
KEIBAJO_SURFACE_07_芝,ichi_shisu_juni+kakutoku_shokin_ruikei+tenkai_kigo_code,ichi_shisu_juni,kakutoku_shokin_ruikei,tenkai_kigo_code,3,1723,76.78,11.97,63.23,False
KEIBAJO_SURFACE_07_芝,manken_shirushi+pace_yoso+kishu_shisu,manken_shirushi,pace_yoso,kishu_shisu,6,644,75.99,15.95,63.22,False
KEIBAJO_SURFACE_07_芝,agari_shisu_juni+umakigo_code+tenkai_kigo_code,agari_shisu_juni,umakigo_code,tenkai_kigo_code,32,14555,66.79,10.39,63.19,False
KEIBAJO_SURFACE_07_芝,pace_shisu_juni+kyakushitsu+tenkai_kigo_code,pace_shisu_juni,kyakushitsu,tenkai_kigo_code,47,10170,66.88,13.07,63.14,False
KEIBAJO_SURFACE_07_芝,ichi_shisu+joken_class_code+agari_shisu_juni,ichi_shisu,joken_class_code,agari_shisu_juni,10,1670,70.44,11.8,63.13,False
KEIBAJO_SURFACE_07_芝,ichi_shisu+ichi_shisu_juni+tenkai_kigo_code,ichi_shisu,ichi_shisu_juni,tenkai_kigo_code,3,1714,77.09,12.39,63.07,False
KEIBAJO_SURFACE_07_芝,pace_yoso+agari_shisu_juni+kakutoku_shokin_ruikei,pace_yoso,agari_shisu_juni,kakutoku_shokin_ruikei,10,1631,69.45,10.35,63.04,False
KEIBAJO_SURFACE_07_芝,rotation+pace_shisu_juni+tenkai_kigo_code,rotation,pace_shisu_juni,tenkai_kigo_code,18,2539,67.16,9.16,62.93,False
KEIBAJO_SURFACE_07_芝,kyori_kubun+joken_class_code+kakutoku_shokin_ruikei,kyori_kubun,joken_class_code,kakutoku_shokin_ruikei,7,3491,67.81,6.59,62.92,False
KEIBAJO_SURFACE_07_芝,pace_yoso+joken_class_code+kishu_shisu,pace_yoso,joken_class_code,kishu_shisu,44,8645,67.79,16.57,62.9,False
KEIBAJO_SURFACE_07_芝,ichi_shisu+agari_shisu_juni+kakutoku_shokin_ruikei,ichi_shisu,agari_shisu_juni,kakutoku_shokin_ruikei,10,1631,69.93,11.53,62.79,False
KEIBAJO_SURFACE_07_芝,pace_yoso+kishu_shisu+tenkai_kigo_code,pace_yoso,kishu_shisu,tenkai_kigo_code,33,7711,69.31,19.28,62.73,False
KEIBAJO_SURFACE_07_芝,omo_tekisei_code+kishu_shisu+class_code,omo_tekisei_code,kishu_shisu,class_code,24,4052,69.52,17.0,62.72,False
KEIBAJO_SURFACE_07_芝,kishu_shisu+joshodo_code+ichi_shisu_juni,kishu_shisu,joshodo_code,ichi_shisu_juni,23,3101,69.47,16.53,62.71,False
KEIBAJO_SURFACE_07_芝,pace_yoso+kishu_shisu+kyakushitsu,pace_yoso,kishu_shisu,kyakushitsu,40,7337,67.97,17.08,62.68,False
KEIBAJO_SURFACE_07_芝,agari_shisu_juni+ichi_shisu_juni+kakutoku_shokin_ruikei,agari_shisu_juni,ichi_shisu_juni,kakutoku_shokin_ruikei,8,1375,71.32,12.47,62.68,False
KEIBAJO_SURFACE_07_芝,kyori_tekisei_2+omo_tekisei_code+kyakushitsu,kyori_tekisei_2,omo_tekisei_code,kyakushitsu,13,2297,70.22,13.94,62.64,False
KEIBAJO_SURFACE_07_芝,ichi_shisu+agari_shisu_juni+tenkai_kigo_code,ichi_shisu,agari_shisu_juni,tenkai_kigo_code,10,1419,69.73,11.46,62.63,False
KEIBAJO_SURFACE_07_芝,joshodo_code+kakutoku_shokin_ruikei+tenkai_kigo_code,joshodo_code,kakutoku_shokin_ruikei,tenkai_kigo_code,9,3094,70.26,11.9,62.49,False
KEIBAJO_SURFACE_07_芝,kyori_kubun+kishu_shisu+tenkai_kigo_code,kyori_kubun,kishu_shisu,tenkai_kigo_code,33,6392,67.57,15.3,62.35,False
KEIBAJO_SURFACE_07_芝,kyori_kubun+rotation+kishu_shisu,kyori_kubun,rotation,kishu_shisu,3,341,78.19,14.03,62.31,False
KEIBAJO_SURFACE_07_芝,manken_shirushi+kishu_shisu+joshodo_code,manken_shirushi,kishu_shisu,joshodo_code,19,2742,67.5,11.74,62.22,False
KEIBAJO_SURFACE_07_芝,kyori_kubun+joshodo_code+kakutoku_shokin_ruikei,kyori_kubun,joshodo_code,kakutoku_shokin_ruikei,10,3275,67.17,8.03,62.19,False
KEIBAJO_SURFACE_07_芝,ichi_shisu+joshodo_code+agari_shisu_juni,ichi_shisu,joshodo_code,agari_shisu_juni,8,1243,71.24,13.07,62.19,False
KEIBAJO_SURFACE_07_芝,joshodo_code+agari_shisu_juni+kakutoku_shokin_ruikei,joshodo_code,agari_shisu_juni,kakutoku_shokin_ruikei,8,1243,71.24,13.07,62.19,False
KEIBAJO_SURFACE_07_芝,omo_tekisei_code+joken_class_code+kakutoku_shokin_ruikei,omo_tekisei_code,joken_class_code,kakutoku_shokin_ruikei,9,1967,70.13,12.35,62.07,False
KEIBAJO_SURFACE_07_芝,kyori_tekisei_2+kyakushitsu+tenkai_kigo_code,kyori_tekisei_2,kyakushitsu,tenkai_kigo_code,10,2049,69.43,11.89,62.06,False
KEIBAJO_SURFACE_07_芝,kishu_shisu+joshodo_code+agari_shisu_juni,kishu_shisu,joshodo_code,agari_shisu_juni,21,2764,70.06,18.73,62.05,False
KEIBAJO_SURFACE_07_芝,agari_shisu_juni+kakutoku_shokin_ruikei+tenkai_kigo_code,agari_shisu_juni,kakutoku_shokin_ruikei,tenkai_kigo_code,10,1634,68.21,9.98,62.03,False
KEIBAJO_SURFACE_07_芝,kishu_shisu+kyakushitsu+tenkai_kigo_code,kishu_shisu,kyakushitsu,tenkai_kigo_code,37,7468,67.03,15.97,61.89,False
KEIBAJO_SURFACE_07_芝,ichi_shisu+joken_class_code+tenkai_kigo_code,ichi_shisu,joken_class_code,tenkai_kigo_code,4,2104,73.84,12.19,61.89,False
KEIBAJO_SURFACE_07_芝,pace_yoso+kyori_kubun+kishu_shisu,pace_yoso,kyori_kubun,kishu_shisu,45,8559,66.38,15.51,61.85,False
KEIBAJO_SURFACE_07_芝,omo_tekisei_code+umakigo_code+kakutoku_shokin_ruikei,omo_tekisei_code,umakigo_code,kakutoku_shokin_ruikei,8,1810,70.48,12.48,61.82,False
KEIBAJO_SURFACE_07_芝,kyori_kubun+kyori_tekisei_2+hizume_code,kyori_kubun,kyori_tekisei_2,hizume_code,10,1292,70.5,14.02,61.81,False
KEIBAJO_SURFACE_07_芝,kyori_kubun+joho_shisu+joshodo_code,kyori_kubun,joho_shisu,joshodo_code,16,7264,65.59,7.84,61.75,False
KEIBAJO_SURFACE_07_芝,omo_tekisei_code+kishu_shisu+uma_deokure_ritsu,omo_tekisei_code,kishu_shisu,uma_deokure_ritsu,15,2497,69.82,15.97,61.73,False
KEIBAJO_SURFACE_07_芝,joken_class_code+ichi_shisu_juni+pace_shisu_juni,joken_class_code,ichi_shisu_juni,pace_shisu_juni,10,2201,68.33,10.73,61.68,False
KEIBAJO_SURFACE_07_芝,pace_yoso+joshodo_code+kakutoku_shokin_ruikei,pace_yoso,joshodo_code,kakutoku_shokin_ruikei,7,3059,66.08,6.31,61.4,False
KEIBAJO_SURFACE_07_芝,omo_tekisei_code+joshodo_code+kakutoku_shokin_ruikei,omo_tekisei_code,joshodo_code,kakutoku_shokin_ruikei,8,1879,70.12,12.59,61.4,False
KEIBAJO_SURFACE_07_芝,kishu_shisu+joshodo_code+hizume_code,kishu_shisu,joshodo_code,hizume_code,39,7076,67.04,18.39,61.27,False
KEIBAJO_SURFACE_07_芝,agari_shisu_juni+hizume_code+class_code,agari_shisu_juni,hizume_code,class_code,5,544,73.62,14.15,61.22,False
KEIBAJO_SURFACE_07_芝,omo_tekisei_code+kishu_shisu+kyakushitsu,omo_tekisei_code,kishu_shisu,kyakushitsu,36,6370,66.77,17.05,61.2,False
KEIBAJO_SURFACE_07_芝,manken_shirushi+rotation+tenkai_kigo_code,manken_shirushi,rotation,tenkai_kigo_code,6,712,78.15,21.24,61.16,False
KEIBAJO_SURFACE_07_芝,pace_yoso+joho_shisu+rotation,pace_yoso,joho_shisu,rotation,16,2955,67.04,12.0,61.16,False
KEIBAJO_SURFACE_07_芝,kyori_tekisei_2+rotation+umakigo_code,kyori_tekisei_2,rotation,umakigo_code,7,1131,72.42,15.2,61.16,False
KEIBAJO_SURFACE_07_芝,nyukyu_nannichimae+tenkai_kigo_code+class_code,nyukyu_nannichimae,tenkai_kigo_code,class_code,3,330,73.69,11.1,61.13,False
KEIBAJO_SURFACE_07_芝,joken_class_code+manken_shisu+tenkai_kigo_code,joken_class_code,manken_shisu,tenkai_kigo_code,7,747,74.93,18.67,61.1,False
KEIBAJO_SURFACE_07_芝,manken_shirushi+kishu_shisu+umakigo_code,manken_shirushi,kishu_shisu,umakigo_code,23,3411,65.98,12.15,61.02,False
KEIBAJO_SURFACE_07_芝,ichi_shisu+kakutoku_shokin_ruikei+tenkai_kigo_code,ichi_shisu,kakutoku_shokin_ruikei,tenkai_kigo_code,3,1987,76.06,13.37,60.93,False
KEIBAJO_SURFACE_07_芝,kyori_tekisei_2+omo_tekisei_code+hizume_code,kyori_tekisei_2,omo_tekisei_code,hizume_code,7,1087,69.8,12.34,60.66,False
KEIBAJO_SURFACE_07_芝,joho_shisu+omo_tekisei_code+uma_deokure_ritsu,joho_shisu,omo_tekisei_code,uma_deokure_ritsu,6,2050,69.42,10.98,60.64,False
KEIBAJO_SURFACE_07_芝,kakutoku_shokin_ruikei+tenkai_kigo_code+ten_shisu_juni,kakutoku_shokin_ruikei,tenkai_kigo_code,ten_shisu_juni,10,1676,67.87,11.69,60.63,False
KEIBAJO_SURFACE_07_芝,kyori_kubun+omo_tekisei_code+kishu_shisu,kyori_kubun,omo_tekisei_code,kishu_shisu,38,6804,66.11,17.29,60.61,False
KEIBAJO_SURFACE_07_芝,joho_shisu+omo_tekisei_code+tenkai_kigo_code,joho_shisu,omo_tekisei_code,tenkai_kigo_code,17,5853,66.45,12.34,60.59,False
KEIBAJO_SURFACE_07_芝,joken_class_code+agari_shisu_juni+pace_shisu_juni,joken_class_code,agari_shisu_juni,pace_shisu_juni,6,813,70.57,12.49,60.58,False
KEIBAJO_SURFACE_07_芝,kishu_shisu+hizume_code+tenkai_kigo_code,kishu_shisu,hizume_code,tenkai_kigo_code,16,2759,67.44,14.02,60.57,False
KEIBAJO_SURFACE_07_芝,kishu_shisu+umakigo_code+hizume_code,kishu_shisu,umakigo_code,hizume_code,35,6406,66.69,18.69,60.5,False
KEIBAJO_SURFACE_07_芝,uma_deokure_ritsu+kakutoku_shokin_ruikei+class_code,uma_deokure_ritsu,kakutoku_shokin_ruikei,class_code,6,1262,70.79,13.13,60.29,False
KEIBAJO_SURFACE_07_芝,rotation+uma_deokure_ritsu+ichi_shisu_juni,rotation,uma_deokure_ritsu,ichi_shisu_juni,4,487,76.28,16.31,60.29,False
KEIBAJO_SURFACE_07_芝,pace_yoso+kishu_shisu+ichi_shisu_juni,pace_yoso,kishu_shisu,ichi_shisu_juni,6,875,69.71,11.81,60.26,False
KEIBAJO_SURFACE_07_芝,ichi_shisu+pace_shisu_juni+ten_shisu_juni,ichi_shisu,pace_shisu_juni,ten_shisu_juni,6,1052,69.32,11.37,60.22,False
KEIBAJO_SURFACE_07_芝,joho_shisu+kyakushitsu+class_code,joho_shisu,kyakushitsu,class_code,17,3943,64.34,8.73,60.19,False
KEIBAJO_SURFACE_07_芝,pace_yoso+joho_shisu+class_code,pace_yoso,joho_shisu,class_code,18,5029,66.73,14.24,60.15,False
KEIBAJO_SURFACE_07_芝,pace_yoso+ichi_shisu+ten_shisu_juni,pace_yoso,ichi_shisu,ten_shisu_juni,9,1463,68.65,13.05,60.12,False
KEIBAJO_SURFACE_07_芝,kyori_kubun+joho_shisu+pace_shisu_juni,kyori_kubun,joho_shisu,pace_shisu_juni,16,2318,66.93,13.93,60.1,False
KEIBAJO_SURFACE_07_芝,kishu_shisu+tenkai_kigo_code+class_code,kishu_shisu,tenkai_kigo_code,class_code,18,3347,67.03,15.1,60.05,False
KEIBAJO_SURFACE_07_芝,kyori_kubun+joho_shisu+ichi_shisu_juni,kyori_kubun,joho_shisu,ichi_shisu_juni,16,2463,67.42,15.16,59.99,False
KEIBAJO_SURFACE_07_芝,ichi_shisu+umakigo_code+ten_shisu_juni,ichi_shisu,umakigo_code,ten_shisu_juni,9,1840,67.98,12.32,59.93,False
KEIBAJO_SURFACE_07_芝,ichi_shisu+ichi_shisu_juni+ten_shisu_juni,ichi_shisu,ichi_shisu_juni,ten_shisu_juni,9,1677,67.98,12.35,59.91,False
KEIBAJO_SURFACE_07_芝,pace_yoso+kyori_tekisei_2+rotation,pace_yoso,kyori_tekisei_2,rotation,6,840,69.55,12.16,59.82,False
KEIBAJO_SURFACE_07_芝,kyori_kubun+ichi_shisu+agari_shisu_juni,kyori_kubun,ichi_shisu,agari_shisu_juni,8,884,70.46,15.38,59.8,False
KEIBAJO_SURFACE_07_芝,ichi_shisu_juni+pace_shisu_juni+kakutoku_shokin_ruikei,ichi_shisu_juni,pace_shisu_juni,kakutoku_shokin_ruikei,9,1751,67.0,11.04,59.79,False
KEIBAJO_SURFACE_07_芝,ichi_shisu+pace_shisu_juni+umakigo_code,ichi_shisu,pace_shisu_juni,umakigo_code,9,1836,67.23,11.61,59.65,False
KEIBAJO_SURFACE_07_芝,kyori_tekisei_2+hizume_code+tenkai_kigo_code,kyori_tekisei_2,hizume_code,tenkai_kigo_code,6,925,68.93,11.6,59.65,False
KEIBAJO_SURFACE_07_芝,pace_yoso+nyukyu_nannichimae+uma_deokure_ritsu,pace_yoso,nyukyu_nannichimae,uma_deokure_ritsu,3,349,81.09,19.0,59.59,False
KEIBAJO_SURFACE_07_芝,pace_yoso+joho_shisu+hizume_code,pace_yoso,joho_shisu,hizume_code,20,4848,63.9,10.02,59.5,False
KEIBAJO_SURFACE_07_芝,kyakushitsu+kakutoku_shokin_ruikei+ten_shisu_juni,kyakushitsu,kakutoku_shokin_ruikei,ten_shisu_juni,9,1805,67.36,12.1,59.45,False
KEIBAJO_SURFACE_07_芝,ichi_shisu+kyakushitsu+ten_shisu_juni,ichi_shisu,kyakushitsu,ten_shisu_juni,9,1805,67.36,12.1,59.45,False
KEIBAJO_SURFACE_07_芝,joken_class_code+umakigo_code+kakutoku_shokin_ruikei,joken_class_code,umakigo_code,kakutoku_shokin_ruikei,7,4125,67.23,10.56,59.4,False
KEIBAJO_SURFACE_07_芝,joho_shisu+joshodo_code+uma_deokure_ritsu,joho_shisu,joshodo_code,uma_deokure_ritsu,12,3270,68.2,15.58,59.38,False
KEIBAJO_SURFACE_07_芝,pace_yoso+ichi_shisu+pace_shisu_juni,pace_yoso,ichi_shisu,pace_shisu_juni,8,1368,68.52,13.2,59.37,False
KEIBAJO_SURFACE_07_芝,joho_shisu+umakigo_code+hizume_code,joho_shisu,umakigo_code,hizume_code,14,5194,65.87,12.44,59.35,False
KEIBAJO_SURFACE_07_芝,ichi_shisu+tenkai_kigo_code+ten_shisu_juni,ichi_shisu,tenkai_kigo_code,ten_shisu_juni,9,1562,67.31,12.47,59.16,False
KEIBAJO_SURFACE_07_芝,pace_yoso+ichi_shisu+umakigo_code,pace_yoso,ichi_shisu,umakigo_code,6,2374,70.47,14.17,59.13,False
KEIBAJO_SURFACE_07_芝,joken_class_code+kishu_shisu+ichi_shisu_juni,joken_class_code,kishu_shisu,ichi_shisu_juni,6,981,66.71,9.55,59.07,False
KEIBAJO_SURFACE_07_芝,omo_tekisei_code+kishu_shisu+hizume_code,omo_tekisei_code,kishu_shisu,hizume_code,22,3435,67.05,19.15,59.05,False
KEIBAJO_SURFACE_07_芝,ichi_shisu_juni+kakutoku_shokin_ruikei+ten_shisu_juni,ichi_shisu_juni,kakutoku_shokin_ruikei,ten_shisu_juni,9,1753,67.4,12.79,59.04,False
KEIBAJO_SURFACE_07_芝,joho_shisu+joken_class_code+class_code,joho_shisu,joken_class_code,class_code,13,5464,67.36,15.39,59.0,False
KEIBAJO_SURFACE_07_芝,joho_shisu+joshodo_code+hizume_code,joho_shisu,joshodo_code,hizume_code,14,5465,66.09,13.57,58.99,False
KEIBAJO_SURFACE_07_芝,umakigo_code+kakutoku_shokin_ruikei+ten_shisu_juni,umakigo_code,kakutoku_shokin_ruikei,ten_shisu_juni,9,2362,66.52,11.57,58.96,False
KEIBAJO_SURFACE_07_芝,kyakushitsu+kakutoku_shokin_ruikei+tenkai_kigo_code,kyakushitsu,kakutoku_shokin_ruikei,tenkai_kigo_code,6,2653,69.56,13.3,58.92,False
KEIBAJO_SURFACE_07_芝,joho_shisu+ichi_shisu+ten_shisu_juni,joho_shisu,ichi_shisu,ten_shisu_juni,3,481,61.03,1.89,58.89,False
KEIBAJO_SURFACE_07_芝,ichi_shisu+kishu_shisu+umakigo_code,ichi_shisu,kishu_shisu,umakigo_code,5,905,68.19,10.7,58.81,False
KEIBAJO_SURFACE_07_芝,joshodo_code+kakutoku_shokin_ruikei+ten_shisu_juni,joshodo_code,kakutoku_shokin_ruikei,ten_shisu_juni,9,1607,67.6,13.52,58.77,False
KEIBAJO_SURFACE_07_芝,ichi_shisu+joshodo_code+ten_shisu_juni,ichi_shisu,joshodo_code,ten_shisu_juni,9,1607,67.6,13.52,58.77,False
KEIBAJO_SURFACE_07_芝,kyori_kubun+ichi_shisu+ten_shisu_juni,kyori_kubun,ichi_shisu,ten_shisu_juni,7,935,70.96,16.47,58.76,False
KEIBAJO_SURFACE_07_芝,agari_shisu_juni+pace_shisu_juni+ten_shisu_juni,agari_shisu_juni,pace_shisu_juni,ten_shisu_juni,3,404,77.03,16.18,58.72,False
KEIBAJO_SURFACE_07_芝,pace_yoso+joho_shisu+pace_shisu_juni,pace_yoso,joho_shisu,pace_shisu_juni,21,3515,63.77,11.81,58.71,False
KEIBAJO_SURFACE_07_芝,ichi_shisu+ichi_shisu_juni+pace_shisu_juni,ichi_shisu,ichi_shisu_juni,pace_shisu_juni,9,1677,66.88,12.57,58.67,False
KEIBAJO_SURFACE_07_芝,kishu_shisu+uma_deokure_ritsu+tenkai_kigo_code,kishu_shisu,uma_deokure_ritsu,tenkai_kigo_code,11,1942,69.36,18.18,58.62,False
KEIBAJO_SURFACE_07_芝,joken_class_code+kishu_shisu+kyakushitsu,joken_class_code,kishu_shisu,kyakushitsu,27,4517,64.05,14.41,58.61,False
KEIBAJO_SURFACE_07_芝,joho_shisu+joshodo_code+agari_shisu_juni,joho_shisu,joshodo_code,agari_shisu_juni,30,5733,64.37,16.15,58.59,False
KEIBAJO_SURFACE_07_芝,kyori_kubun+joho_shisu+agari_shisu_juni,kyori_kubun,joho_shisu,agari_shisu_juni,18,2475,63.84,11.43,58.56,False
KEIBAJO_SURFACE_07_芝,kishu_shisu+ichi_shisu_juni+kyakushitsu,kishu_shisu,ichi_shisu_juni,kyakushitsu,4,645,77.33,19.21,58.5,False
KEIBAJO_SURFACE_07_芝,ichi_shisu+joken_class_code+kishu_shisu,ichi_shisu,joken_class_code,kishu_shisu,5,901,67.35,10.11,58.49,False
KEIBAJO_SURFACE_07_芝,ichi_shisu+joken_class_code+ten_shisu_juni,ichi_shisu,joken_class_code,ten_shisu_juni,9,1869,66.94,12.97,58.46,False
KEIBAJO_SURFACE_07_芝,kyori_kubun+kishu_shisu+hizume_code,kyori_kubun,kishu_shisu,hizume_code,10,1525,71.69,21.38,58.44,False
KEIBAJO_SURFACE_07_芝,kishu_shisu+ichi_shisu_juni+umakigo_code,kishu_shisu,ichi_shisu_juni,umakigo_code,26,3844,64.0,14.49,58.43,False
KEIBAJO_SURFACE_07_芝,ichi_shisu+kakutoku_shokin_ruikei+ten_shisu_juni,ichi_shisu,kakutoku_shokin_ruikei,ten_shisu_juni,9,1844,66.71,12.75,58.39,False
KEIBAJO_SURFACE_07_芝,kyori_kubun+joken_class_code+kishu_shisu,kyori_kubun,joken_class_code,kishu_shisu,34,5995,63.54,15.34,58.38,False
KEIBAJO_SURFACE_07_芝,joho_shisu+ichi_shisu+pace_shisu_juni,joho_shisu,ichi_shisu,pace_shisu_juni,3,469,62.38,3.54,58.37,False
KEIBAJO_SURFACE_07_芝,joho_shisu+omo_tekisei_code+hizume_code,joho_shisu,omo_tekisei_code,hizume_code,19,4767,63.88,12.32,58.34,False
KEIBAJO_SURFACE_07_芝,rotation+kishu_shisu+joshodo_code,rotation,kishu_shisu,joshodo_code,21,3358,65.78,17.45,58.31,False
KEIBAJO_SURFACE_07_芝,omo_tekisei_code+kakutoku_shokin_ruikei+class_code,omo_tekisei_code,kakutoku_shokin_ruikei,class_code,6,1368,68.82,13.14,58.3,False
KEIBAJO_SURFACE_07_芝,pace_yoso+pace_shisu_juni+kakutoku_shokin_ruikei,pace_yoso,pace_shisu_juni,kakutoku_shokin_ruikei,9,1729,66.16,12.13,58.24,False
KEIBAJO_SURFACE_07_芝,ichi_shisu+kishu_shisu+kyakushitsu,ichi_shisu,kishu_shisu,kyakushitsu,5,861,66.27,9.23,58.18,False
KEIBAJO_SURFACE_07_芝,kyori_tekisei_2+joken_class_code+hizume_code,kyori_tekisei_2,joken_class_code,hizume_code,3,366,72.52,12.7,58.15,False
KEIBAJO_SURFACE_07_芝,manken_shirushi+joho_shisu+umakigo_code,manken_shirushi,joho_shisu,umakigo_code,16,3493,64.65,13.3,58.13,False
KEIBAJO_SURFACE_07_芝,joho_shisu+joshodo_code+kyakushitsu,joho_shisu,joshodo_code,kyakushitsu,12,7053,65.96,13.96,58.06,False
KEIBAJO_SURFACE_07_芝,joken_class_code+kishu_shisu+hizume_code,joken_class_code,kishu_shisu,hizume_code,12,1749,65.57,13.36,58.01,False
KEIBAJO_SURFACE_07_芝,kyori_kubun+rotation+agari_shisu_juni,kyori_kubun,rotation,agari_shisu_juni,3,309,69.53,10.18,58.01,False
KEIBAJO_SURFACE_07_芝,kyori_kubun+kishu_shisu+kyakushitsu,kyori_kubun,kishu_shisu,kyakushitsu,34,5208,64.46,19.21,58.0,False
KEIBAJO_SURFACE_07_芝,pace_yoso+kakutoku_shokin_ruikei+ten_shisu_juni,pace_yoso,kakutoku_shokin_ruikei,ten_shisu_juni,9,1733,66.53,13.25,57.87,False
KEIBAJO_SURFACE_07_芝,ichi_shisu+joken_class_code+pace_shisu_juni,ichi_shisu,joken_class_code,pace_shisu_juni,9,1868,65.87,12.29,57.84,False
KEIBAJO_SURFACE_07_芝,ichi_shisu+kishu_shisu+kakutoku_shokin_ruikei,ichi_shisu,kishu_shisu,kakutoku_shokin_ruikei,5,893,66.38,9.77,57.82,False
KEIBAJO_SURFACE_07_芝,joho_shisu+rotation+umakigo_code,joho_shisu,rotation,umakigo_code,19,4235,63.57,12.79,57.82,False
KEIBAJO_SURFACE_07_芝,joken_class_code+kishu_shisu+tenkai_kigo_code,joken_class_code,kishu_shisu,tenkai_kigo_code,34,6181,65.03,21.45,57.82,False
KEIBAJO_SURFACE_07_芝,ichi_shisu+joshodo_code+pace_shisu_juni,ichi_shisu,joshodo_code,pace_shisu_juni,9,1619,66.13,12.81,57.76,False
KEIBAJO_SURFACE_07_芝,joshodo_code+pace_shisu_juni+kakutoku_shokin_ruikei,joshodo_code,pace_shisu_juni,kakutoku_shokin_ruikei,9,1619,66.13,12.81,57.76,False
KEIBAJO_SURFACE_07_芝,joho_shisu+rotation+tenkai_kigo_code,joho_shisu,rotation,tenkai_kigo_code,14,2868,62.58,9.39,57.66,False
KEIBAJO_SURFACE_07_芝,kyori_kubun+ichi_shisu+pace_shisu_juni,kyori_kubun,ichi_shisu,pace_shisu_juni,6,880,68.32,13.38,57.61,False
KEIBAJO_SURFACE_07_芝,kyori_kubun+kakutoku_shokin_ruikei+ten_shisu_juni,kyori_kubun,kakutoku_shokin_ruikei,ten_shisu_juni,10,1455,66.19,13.87,57.59,False
KEIBAJO_SURFACE_07_芝,joho_shisu+hizume_code+class_code,joho_shisu,hizume_code,class_code,13,2349,63.36,10.66,57.57,False
KEIBAJO_SURFACE_07_芝,pace_shisu_juni+kakutoku_shokin_ruikei+ten_shisu_juni,pace_shisu_juni,kakutoku_shokin_ruikei,ten_shisu_juni,9,1424,66.26,13.38,57.52,False
KEIBAJO_SURFACE_07_芝,kishu_shisu+ichi_shisu_juni+kakutoku_shokin_ruikei,kishu_shisu,ichi_shisu_juni,kakutoku_shokin_ruikei,4,687,67.47,10.17,57.5,False
KEIBAJO_SURFACE_07_芝,joho_shisu+pace_shisu_juni+tenkai_kigo_code,joho_shisu,pace_shisu_juni,tenkai_kigo_code,19,3278,62.28,10.72,57.46,False
KEIBAJO_SURFACE_07_芝,joho_shisu+uma_deokure_ritsu+umakigo_code,joho_shisu,uma_deokure_ritsu,umakigo_code,10,2912,66.0,13.78,57.46,False
KEIBAJO_SURFACE_07_芝,joho_shisu+omo_tekisei_code+kyakushitsu,joho_shisu,omo_tekisei_code,kyakushitsu,16,5898,63.6,12.65,57.4,False
KEIBAJO_SURFACE_07_芝,kyori_kubun+joho_shisu+uma_deokure_ritsu,kyori_kubun,joho_shisu,uma_deokure_ritsu,7,1866,65.9,11.51,57.38,False
KEIBAJO_SURFACE_07_芝,joho_shisu+pace_shisu_juni+ten_shisu_juni,joho_shisu,pace_shisu_juni,ten_shisu_juni,4,629,75.98,18.98,57.37,False
KEIBAJO_SURFACE_07_芝,kyori_kubun+agari_shisu_juni+kakutoku_shokin_ruikei,kyori_kubun,agari_shisu_juni,kakutoku_shokin_ruikei,8,1084,67.45,14.54,57.37,False
KEIBAJO_SURFACE_07_芝,pace_yoso+kishu_shisu+hizume_code,pace_yoso,kishu_shisu,hizume_code,18,3001,66.51,19.79,57.37,False
KEIBAJO_SURFACE_07_芝,kyakushitsu+umakigo_code+kakutoku_shokin_ruikei,kyakushitsu,umakigo_code,kakutoku_shokin_ruikei,5,2966,68.71,13.02,57.3,False
KEIBAJO_SURFACE_07_芝,pace_shisu_juni+umakigo_code+kakutoku_shokin_ruikei,pace_shisu_juni,umakigo_code,kakutoku_shokin_ruikei,10,2483,64.51,11.68,57.27,False
KEIBAJO_SURFACE_07_芝,kyori_kubun+pace_shisu_juni+kakutoku_shokin_ruikei,kyori_kubun,pace_shisu_juni,kakutoku_shokin_ruikei,12,1675,65.2,14.35,57.08,False
KEIBAJO_SURFACE_07_芝,agari_shisu_juni+kakutoku_shokin_ruikei+ten_shisu_juni,agari_shisu_juni,kakutoku_shokin_ruikei,ten_shisu_juni,3,406,77.71,18.26,57.05,False
KEIBAJO_SURFACE_07_芝,joho_shisu+agari_shisu_juni+tenkai_kigo_code,joho_shisu,agari_shisu_juni,tenkai_kigo_code,25,4470,62.79,14.71,57.03,False
KEIBAJO_SURFACE_07_芝,joken_class_code+kyakushitsu+kakutoku_shokin_ruikei,joken_class_code,kyakushitsu,kakutoku_shokin_ruikei,5,3085,67.78,12.28,57.02,False
KEIBAJO_SURFACE_07_芝,joho_shisu+umakigo_code+class_code,joho_shisu,umakigo_code,class_code,13,5194,66.41,17.28,57.02,False
KEIBAJO_SURFACE_07_芝,pace_yoso+kishu_shisu+uma_deokure_ritsu,pace_yoso,kishu_shisu,uma_deokure_ritsu,12,2074,64.26,12.91,56.95,False
KEIBAJO_SURFACE_07_芝,kishu_shisu+kyakushitsu+class_code,kishu_shisu,kyakushitsu,class_code,14,2269,62.89,11.41,56.91,False
KEIBAJO_SURFACE_07_芝,kyori_kubun+kakutoku_shokin_ruikei+class_code,kyori_kubun,kakutoku_shokin_ruikei,class_code,6,1220,65.41,10.64,56.9,False
KEIBAJO_SURFACE_07_芝,kishu_shisu+kyakushitsu+kakutoku_shokin_ruikei,kishu_shisu,kyakushitsu,kakutoku_shokin_ruikei,6,974,64.42,9.42,56.89,False
KEIBAJO_SURFACE_07_芝,joho_shisu+kyori_tekisei_2+tenkai_kigo_code,joho_shisu,kyori_tekisei_2,tenkai_kigo_code,3,577,64.26,6.55,56.85,False
KEIBAJO_SURFACE_07_芝,kishu_shisu+joshodo_code+pace_shisu_juni,kishu_shisu,joshodo_code,pace_shisu_juni,19,2487,66.29,21.14,56.79,False
KEIBAJO_SURFACE_07_芝,agari_shisu_juni+umakigo_code+kakutoku_shokin_ruikei,agari_shisu_juni,umakigo_code,kakutoku_shokin_ruikei,14,2740,63.98,13.79,56.76,False
KEIBAJO_SURFACE_07_芝,kyori_kubun+joho_shisu+omo_tekisei_code,kyori_kubun,joho_shisu,omo_tekisei_code,16,5909,62.46,11.63,56.76,False
KEIBAJO_SURFACE_07_芝,joken_class_code+kakutoku_shokin_ruikei+ten_shisu_juni,joken_class_code,kakutoku_shokin_ruikei,ten_shisu_juni,10,2556,64.21,12.1,56.71,False
KEIBAJO_SURFACE_07_芝,kishu_shisu+agari_shisu_juni+umakigo_code,kishu_shisu,agari_shisu_juni,umakigo_code,28,3791,63.68,18.9,56.68,False
KEIBAJO_SURFACE_07_芝,ichi_shisu+pace_shisu_juni+kakutoku_shokin_ruikei,ichi_shisu,pace_shisu_juni,kakutoku_shokin_ruikei,9,1847,65.08,12.94,56.63,False
KEIBAJO_SURFACE_07_芝,joho_shisu+ichi_shisu_juni+pace_shisu_juni,joho_shisu,ichi_shisu_juni,pace_shisu_juni,3,490,60.66,3.57,56.62,False
KEIBAJO_SURFACE_07_芝,pace_yoso+joho_shisu+joken_class_code,pace_yoso,joho_shisu,joken_class_code,17,6891,63.04,13.52,56.61,False
KEIBAJO_SURFACE_07_芝,joho_shisu+joshodo_code+ichi_shisu_juni,joho_shisu,joshodo_code,ichi_shisu_juni,30,6131,62.24,15.84,56.57,False
KEIBAJO_SURFACE_07_芝,kyori_kubun+kakutoku_shokin_ruikei+tenkai_kigo_code,kyori_kubun,kakutoku_shokin_ruikei,tenkai_kigo_code,8,2658,66.17,13.86,56.57,False
KEIBAJO_SURFACE_07_芝,kyori_kubun+kishu_shisu+class_code,kyori_kubun,kishu_shisu,class_code,16,2603,62.77,12.74,56.52,False
KEIBAJO_SURFACE_07_芝,rotation+kishu_shisu+umakigo_code,rotation,kishu_shisu,umakigo_code,20,3146,65.43,20.5,56.44,False
KEIBAJO_SURFACE_07_芝,pace_yoso+joho_shisu+omo_tekisei_code,pace_yoso,joho_shisu,omo_tekisei_code,12,6093,62.29,10.35,56.44,False
KEIBAJO_SURFACE_07_芝,ichi_shisu+kishu_shisu+ichi_shisu_juni,ichi_shisu,kishu_shisu,ichi_shisu_juni,3,539,68.83,10.97,56.42,False
KEIBAJO_SURFACE_07_芝,joho_shisu+rotation+joshodo_code,joho_shisu,rotation,joshodo_code,21,4632,61.52,12.11,56.34,False
KEIBAJO_SURFACE_07_芝,ichi_shisu+pace_shisu_juni+kyakushitsu,ichi_shisu,pace_shisu_juni,kyakushitsu,9,1818,64.88,13.11,56.31,False
KEIBAJO_SURFACE_07_芝,pace_shisu_juni+kyakushitsu+kakutoku_shokin_ruikei,pace_shisu_juni,kyakushitsu,kakutoku_shokin_ruikei,9,1818,64.88,13.11,56.31,False
KEIBAJO_SURFACE_07_芝,joho_shisu+pace_shisu_juni+kyakushitsu,joho_shisu,pace_shisu_juni,kyakushitsu,16,1888,64.46,16.63,56.31,False
KEIBAJO_SURFACE_07_芝,joshodo_code+kyakushitsu+kakutoku_shokin_ruikei,joshodo_code,kyakushitsu,kakutoku_shokin_ruikei,5,2888,67.13,12.38,56.28,False
KEIBAJO_SURFACE_07_芝,joho_shisu+agari_shisu_juni+umakigo_code,joho_shisu,agari_shisu_juni,umakigo_code,28,6007,61.7,15.18,56.07,False
KEIBAJO_SURFACE_07_芝,pace_yoso+kakutoku_shokin_ruikei+tenkai_kigo_code,pace_yoso,kakutoku_shokin_ruikei,tenkai_kigo_code,9,2911,66.25,15.6,56.06,False
KEIBAJO_SURFACE_07_芝,kyori_kubun+ichi_shisu+tenkai_kigo_code,kyori_kubun,ichi_shisu,tenkai_kigo_code,6,1915,69.68,17.03,56.05,False
KEIBAJO_SURFACE_07_芝,omo_tekisei_code+uma_deokure_ritsu+kakutoku_shokin_ruikei,omo_tekisei_code,uma_deokure_ritsu,kakutoku_shokin_ruikei,5,942,59.04,3.48,55.99,False
KEIBAJO_SURFACE_07_芝,joken_class_code+pace_shisu_juni+kakutoku_shokin_ruikei,joken_class_code,pace_shisu_juni,kakutoku_shokin_ruikei,10,2576,63.49,12.09,55.99,False
KEIBAJO_SURFACE_07_芝,kishu_shisu+pace_shisu_juni+umakigo_code,kishu_shisu,pace_shisu_juni,umakigo_code,22,3124,63.88,18.9,55.98,False
KEIBAJO_SURFACE_07_芝,joshodo_code+uma_deokure_ritsu+kakutoku_shokin_ruikei,joshodo_code,uma_deokure_ritsu,kakutoku_shokin_ruikei,8,1690,65.3,13.47,55.97,False
KEIBAJO_SURFACE_07_芝,joho_shisu+joken_class_code+joshodo_code,joho_shisu,joken_class_code,joshodo_code,13,6950,64.98,16.59,55.95,False
KEIBAJO_SURFACE_07_芝,joho_shisu+joshodo_code+pace_shisu_juni,joho_shisu,joshodo_code,pace_shisu_juni,34,6182,61.94,17.8,55.95,False
KEIBAJO_SURFACE_07_芝,uma_deokure_ritsu+umakigo_code+kakutoku_shokin_ruikei,uma_deokure_ritsu,umakigo_code,kakutoku_shokin_ruikei,8,1622,65.24,13.43,55.93,False
KEIBAJO_SURFACE_07_芝,joken_class_code+agari_shisu_juni+kakutoku_shokin_ruikei,joken_class_code,agari_shisu_juni,kakutoku_shokin_ruikei,14,2844,62.98,13.5,55.91,False
KEIBAJO_SURFACE_07_芝,joho_shisu+kyakushitsu+umakigo_code,joho_shisu,kyakushitsu,umakigo_code,11,6700,63.0,12.05,55.88,False
KEIBAJO_SURFACE_07_芝,joho_shisu+ichi_shisu_juni+umakigo_code,joho_shisu,ichi_shisu_juni,umakigo_code,28,6039,61.93,16.34,55.88,False
KEIBAJO_SURFACE_07_芝,kishu_shisu+ichi_shisu_juni+tenkai_kigo_code,kishu_shisu,ichi_shisu_juni,tenkai_kigo_code,9,1285,66.44,16.32,55.78,False
KEIBAJO_SURFACE_07_芝,joho_shisu+kakutoku_shokin_ruikei+ten_shisu_juni,joho_shisu,kakutoku_shokin_ruikei,ten_shisu_juni,4,678,60.15,4.47,55.77,False
KEIBAJO_SURFACE_07_芝,joho_shisu+uma_deokure_ritsu+tenkai_kigo_code,joho_shisu,uma_deokure_ritsu,tenkai_kigo_code,7,1907,62.77,9.46,55.76,False
KEIBAJO_SURFACE_07_芝,pace_yoso+kakutoku_shokin_ruikei+class_code,pace_yoso,kakutoku_shokin_ruikei,class_code,5,1161,65.14,10.78,55.69,False
KEIBAJO_SURFACE_07_芝,joho_shisu+omo_tekisei_code+pace_shisu_juni,joho_shisu,omo_tekisei_code,pace_shisu_juni,25,3257,60.01,11.02,55.69,False
KEIBAJO_SURFACE_07_芝,joho_shisu+pace_shisu_juni+umakigo_code,joho_shisu,pace_shisu_juni,umakigo_code,30,6195,62.19,18.28,55.65,False
KEIBAJO_SURFACE_07_芝,pace_yoso+joho_shisu+tenkai_kigo_code,pace_yoso,joho_shisu,tenkai_kigo_code,17,6719,63.41,16.35,55.64,False
KEIBAJO_SURFACE_07_芝,ichi_shisu+pace_shisu_juni+tenkai_kigo_code,ichi_shisu,pace_shisu_juni,tenkai_kigo_code,8,1498,63.12,11.09,55.43,False
KEIBAJO_SURFACE_07_芝,kyori_kubun+joho_shisu+ichi_shisu,kyori_kubun,joho_shisu,ichi_shisu,3,742,61.39,5.26,55.43,False
KEIBAJO_SURFACE_07_芝,joho_shisu+joshodo_code+ten_shisu_juni,joho_shisu,joshodo_code,ten_shisu_juni,32,6027,62.35,20.01,55.42,False
KEIBAJO_SURFACE_07_芝,kishu_shisu+hizume_code+class_code,kishu_shisu,hizume_code,class_code,6,880,65.44,12.54,55.41,False
KEIBAJO_SURFACE_07_芝,joho_shisu+omo_tekisei_code+agari_shisu_juni,joho_shisu,omo_tekisei_code,agari_shisu_juni,24,3200,60.77,13.42,55.4,False
KEIBAJO_SURFACE_07_芝,joho_shisu+joken_class_code+kyakushitsu,joho_shisu,joken_class_code,kyakushitsu,24,6225,59.74,10.98,55.35,False
KEIBAJO_SURFACE_07_芝,pace_yoso+joho_shisu+uma_deokure_ritsu,pace_yoso,joho_shisu,uma_deokure_ritsu,8,2175,64.4,13.08,55.34,False
KEIBAJO_SURFACE_07_芝,joho_shisu+ichi_shisu_juni+ten_shisu_juni,joho_shisu,ichi_shisu_juni,ten_shisu_juni,4,594,74.06,19.3,55.14,False
KEIBAJO_SURFACE_07_芝,umakigo_code+hizume_code+kakutoku_shokin_ruikei,umakigo_code,hizume_code,kakutoku_shokin_ruikei,4,808,61.35,6.38,55.1,False
KEIBAJO_SURFACE_07_芝,joho_shisu+kishu_shisu+joshodo_code,joho_shisu,kishu_shisu,joshodo_code,16,5932,63.43,17.04,55.08,False
KEIBAJO_SURFACE_07_芝,joken_class_code+uma_deokure_ritsu+kakutoku_shokin_ruikei,joken_class_code,uma_deokure_ritsu,kakutoku_shokin_ruikei,8,1681,64.67,13.89,55.05,False
KEIBAJO_SURFACE_07_芝,kyori_kubun+joho_shisu+ten_shisu_juni,kyori_kubun,joho_shisu,ten_shisu_juni,16,2332,64.83,19.96,55.04,False
KEIBAJO_SURFACE_07_芝,pace_shisu_juni+kakutoku_shokin_ruikei+tenkai_kigo_code,pace_shisu_juni,kakutoku_shokin_ruikei,tenkai_kigo_code,8,1531,62.97,11.48,55.01,False
KEIBAJO_SURFACE_07_芝,pace_yoso+kyori_kubun+joho_shisu,pace_yoso,kyori_kubun,joho_shisu,16,6782,59.12,8.45,54.98,False
KEIBAJO_SURFACE_07_芝,joho_shisu+hizume_code+tenkai_kigo_code,joho_shisu,hizume_code,tenkai_kigo_code,14,3655,58.97,7.65,54.96,False
KEIBAJO_SURFACE_07_芝,pace_yoso+joho_shisu+agari_shisu_juni,pace_yoso,joho_shisu,agari_shisu_juni,25,3845,61.77,17.64,54.86,False
KEIBAJO_SURFACE_07_芝,pace_yoso+joho_shisu+kyakushitsu,pace_yoso,joho_shisu,kyakushitsu,19,6749,62.59,17.26,54.83,False
KEIBAJO_SURFACE_07_芝,joho_shisu+kyori_tekisei_2+omo_tekisei_code,joho_shisu,kyori_tekisei_2,omo_tekisei_code,4,625,67.2,12.65,54.79,False
KEIBAJO_SURFACE_07_芝,manken_shirushi+kyori_kubun+joho_shisu,manken_shirushi,kyori_kubun,joho_shisu,13,1785,64.09,17.2,54.74,False
KEIBAJO_SURFACE_07_芝,joho_shisu+rotation+omo_tekisei_code,joho_shisu,rotation,omo_tekisei_code,15,2697,63.73,17.84,54.7,False
KEIBAJO_SURFACE_07_芝,kyori_kubun+joho_shisu+rotation,kyori_kubun,joho_shisu,rotation,13,1955,64.82,18.85,54.57,False
KEIBAJO_SURFACE_07_芝,joho_shisu+omo_tekisei_code+class_code,joho_shisu,omo_tekisei_code,class_code,16,4572,60.78,12.7,54.56,False
KEIBAJO_SURFACE_07_芝,joho_shisu+kishu_shisu+class_code,joho_shisu,kishu_shisu,class_code,11,2348,61.83,12.37,54.52,False
KEIBAJO_SURFACE_07_芝,kyori_kubun+joho_shisu+kyakushitsu,kyori_kubun,joho_shisu,kyakushitsu,25,6378,60.53,15.39,54.5,False
KEIBAJO_SURFACE_07_芝,joken_class_code+hizume_code+kakutoku_shokin_ruikei,joken_class_code,hizume_code,kakutoku_shokin_ruikei,4,842,59.27,4.96,54.41,False
KEIBAJO_SURFACE_07_芝,pace_yoso+kyakushitsu+kakutoku_shokin_ruikei,pace_yoso,kyakushitsu,kakutoku_shokin_ruikei,6,2537,61.34,8.7,54.38,False
KEIBAJO_SURFACE_07_芝,kakutoku_shokin_ruikei+tenkai_kigo_code+class_code,kakutoku_shokin_ruikei,tenkai_kigo_code,class_code,5,1065,68.33,16.08,54.23,False
KEIBAJO_SURFACE_07_芝,manken_shirushi+joho_shisu+joshodo_code,manken_shirushi,joho_shisu,joshodo_code,12,2884,61.32,12.55,54.22,False
KEIBAJO_SURFACE_07_芝,joho_shisu+joken_class_code+hizume_code,joho_shisu,joken_class_code,hizume_code,18,3474,59.85,12.28,54.17,False
KEIBAJO_SURFACE_07_芝,joho_shisu+kyakushitsu+ten_shisu_juni,joho_shisu,kyakushitsu,ten_shisu_juni,18,2270,62.76,18.66,54.14,False
KEIBAJO_SURFACE_07_芝,kyori_kubun+joho_shisu+hizume_code,kyori_kubun,joho_shisu,hizume_code,20,3809,59.45,12.47,53.98,False
KEIBAJO_SURFACE_07_芝,manken_shirushi+joho_shisu+kishu_shisu,manken_shirushi,joho_shisu,kishu_shisu,5,544,62.3,9.51,53.97,False
KEIBAJO_SURFACE_07_芝,joho_shisu+uma_deokure_ritsu+ichi_shisu_juni,joho_shisu,uma_deokure_ritsu,ichi_shisu_juni,6,779,66.74,15.96,53.97,False
KEIBAJO_SURFACE_07_芝,kyori_kubun+joho_shisu+class_code,kyori_kubun,joho_shisu,class_code,18,4035,59.26,11.56,53.92,False
KEIBAJO_SURFACE_07_芝,joho_shisu+omo_tekisei_code+joken_class_code,joho_shisu,omo_tekisei_code,joken_class_code,17,5740,59.56,11.98,53.87,False
KEIBAJO_SURFACE_07_芝,hizume_code+kakutoku_shokin_ruikei+class_code,hizume_code,kakutoku_shokin_ruikei,class_code,4,710,59.22,5.47,53.85,False
KEIBAJO_SURFACE_07_芝,pace_yoso+joho_shisu+kishu_shisu,pace_yoso,joho_shisu,kishu_shisu,20,5613,61.95,18.52,53.83,False
KEIBAJO_SURFACE_07_芝,joho_shisu+kishu_shisu+hizume_code,joho_shisu,kishu_shisu,hizume_code,15,2383,65.53,23.15,53.82,False
KEIBAJO_SURFACE_07_芝,joho_shisu+kyakushitsu+tenkai_kigo_code,joho_shisu,kyakushitsu,tenkai_kigo_code,19,6818,60.08,14.15,53.72,False
KEIBAJO_SURFACE_07_芝,joshodo_code+hizume_code+kakutoku_shokin_ruikei,joshodo_code,hizume_code,kakutoku_shokin_ruikei,4,847,58.61,5.06,53.66,False
KEIBAJO_SURFACE_07_芝,manken_shirushi+joho_shisu+uma_deokure_ritsu,manken_shirushi,joho_shisu,uma_deokure_ritsu,3,327,65.33,10.46,53.49,False
KEIBAJO_SURFACE_07_芝,joho_shisu+kyakushitsu+hizume_code,joho_shisu,kyakushitsu,hizume_code,21,3857,58.3,11.24,53.49,False
KEIBAJO_SURFACE_07_芝,kishu_shisu+umakigo_code+ten_shisu_juni,kishu_shisu,umakigo_code,ten_shisu_juni,24,3345,65.32,29.63,53.47,False
KEIBAJO_SURFACE_07_芝,joho_shisu+umakigo_code+ten_shisu_juni,joho_shisu,umakigo_code,ten_shisu_juni,28,6021,60.69,19.52,53.46,False
KEIBAJO_SURFACE_07_芝,kishu_shisu+joshodo_code+kakutoku_shokin_ruikei,kishu_shisu,joshodo_code,kakutoku_shokin_ruikei,7,1323,62.34,12.01,53.45,False
KEIBAJO_SURFACE_07_芝,joken_class_code+kishu_shisu+uma_deokure_ritsu,joken_class_code,kishu_shisu,uma_deokure_ritsu,10,1728,63.97,17.2,53.32,False
KEIBAJO_SURFACE_07_芝,joho_shisu+kishu_shisu+tenkai_kigo_code,joho_shisu,kishu_shisu,tenkai_kigo_code,19,4791,63.4,22.52,53.28,False
KEIBAJO_SURFACE_07_芝,omo_tekisei_code+kakutoku_shokin_ruikei+tenkai_kigo_code,omo_tekisei_code,kakutoku_shokin_ruikei,tenkai_kigo_code,3,795,65.82,11.12,53.25,False
KEIBAJO_SURFACE_07_芝,kishu_shisu+agari_shisu_juni+tenkai_kigo_code,kishu_shisu,agari_shisu_juni,tenkai_kigo_code,11,1423,60.59,12.56,53.17,False
KEIBAJO_SURFACE_07_芝,kyori_kubun+joho_shisu+joken_class_code,kyori_kubun,joho_shisu,joken_class_code,22,6205,58.08,11.85,53.13,False
KEIBAJO_SURFACE_07_芝,joho_shisu+uma_deokure_ritsu+class_code,joho_shisu,uma_deokure_ritsu,class_code,7,1592,60.59,10.12,53.1,False
KEIBAJO_SURFACE_07_芝,manken_shirushi+pace_yoso+joho_shisu,manken_shirushi,pace_yoso,joho_shisu,16,2500,62.2,18.7,53.03,False
KEIBAJO_SURFACE_07_芝,pace_yoso+joho_shisu+ten_shisu_juni,pace_yoso,joho_shisu,ten_shisu_juni,22,3624,61.89,21.39,52.95,False
KEIBAJO_SURFACE_07_芝,joho_shisu+joken_class_code+tenkai_kigo_code,joho_shisu,joken_class_code,tenkai_kigo_code,18,6014,58.62,12.52,52.84,False
KEIBAJO_SURFACE_07_芝,joho_shisu+joshodo_code+class_code,joho_shisu,joshodo_code,class_code,14,5583,62.33,18.12,52.84,False
KEIBAJO_SURFACE_07_芝,joho_shisu+manken_shisu+umakigo_code,joho_shisu,manken_shisu,umakigo_code,20,2317,59.37,15.15,52.73,False
KEIBAJO_SURFACE_07_芝,kishu_shisu+uma_deokure_ritsu+hizume_code,kishu_shisu,uma_deokure_ritsu,hizume_code,6,755,68.1,19.37,52.6,False
KEIBAJO_SURFACE_07_芝,joho_shisu+tenkai_kigo_code+ten_shisu_juni,joho_shisu,tenkai_kigo_code,ten_shisu_juni,21,3442,60.9,19.55,52.54,False
KEIBAJO_SURFACE_07_芝,joho_shisu+joken_class_code+uma_deokure_ritsu,joho_shisu,joken_class_code,uma_deokure_ritsu,7,1986,60.94,11.35,52.53,False
KEIBAJO_SURFACE_07_芝,kishu_shisu+kyakushitsu+hizume_code,kishu_shisu,kyakushitsu,hizume_code,12,1616,65.89,23.65,52.51,False
KEIBAJO_SURFACE_07_芝,joho_shisu+kishu_shisu+umakigo_code,joho_shisu,kishu_shisu,umakigo_code,15,6204,65.83,26.35,52.49,False
KEIBAJO_SURFACE_07_芝,omo_tekisei_code+hizume_code+kakutoku_shokin_ruikei,omo_tekisei_code,hizume_code,kakutoku_shokin_ruikei,4,747,58.86,6.55,52.45,False
KEIBAJO_SURFACE_07_芝,kyori_kubun+joho_shisu+kishu_shisu,kyori_kubun,joho_shisu,kishu_shisu,22,4941,56.88,10.89,52.32,False
KEIBAJO_SURFACE_07_芝,kyori_kubun+kishu_shisu+pace_shisu_juni,kyori_kubun,kishu_shisu,pace_shisu_juni,3,325,60.7,7.46,52.26,False
KEIBAJO_SURFACE_07_芝,kishu_shisu+joshodo_code+ten_shisu_juni,kishu_shisu,joshodo_code,ten_shisu_juni,20,2626,64.99,29.58,52.02,False
KEIBAJO_SURFACE_07_芝,kyori_kubun+kyakushitsu+kakutoku_shokin_ruikei,kyori_kubun,kyakushitsu,kakutoku_shokin_ruikei,8,2712,61.3,13.58,51.88,False
KEIBAJO_SURFACE_07_芝,manken_shirushi+joho_shisu+joken_class_code,manken_shirushi,joho_shisu,joken_class_code,14,1742,60.01,15.55,51.86,False
KEIBAJO_SURFACE_07_芝,omo_tekisei_code+kyakushitsu+kakutoku_shokin_ruikei,omo_tekisei_code,kyakushitsu,kakutoku_shokin_ruikei,6,1086,61.76,12.37,51.85,False
KEIBAJO_SURFACE_07_芝,joho_shisu+kyori_tekisei_2+umakigo_code,joho_shisu,kyori_tekisei_2,umakigo_code,5,1055,67.64,18.05,51.81,False
KEIBAJO_SURFACE_07_芝,joho_shisu+joshodo_code+nyukyu_nannichimae,joho_shisu,joshodo_code,nyukyu_nannichimae,8,1218,62.07,14.81,51.8,False
KEIBAJO_SURFACE_07_芝,manken_shirushi+joho_shisu+omo_tekisei_code,manken_shirushi,joho_shisu,omo_tekisei_code,16,2264,60.27,17.75,51.57,False
KEIBAJO_SURFACE_07_芝,joho_shisu+joshodo_code+manken_shisu,joho_shisu,joshodo_code,manken_shisu,17,1962,58.19,14.03,51.52,False
KEIBAJO_SURFACE_07_芝,pace_yoso+joho_shisu+ichi_shisu_juni,pace_yoso,joho_shisu,ichi_shisu_juni,21,3698,59.94,20.66,51.1,False
KEIBAJO_SURFACE_07_芝,joho_shisu+tenkai_kigo_code+class_code,joho_shisu,tenkai_kigo_code,class_code,15,4024,56.55,11.02,50.98,False
KEIBAJO_SURFACE_07_芝,joho_shisu+joken_class_code+pace_shisu_juni,joho_shisu,joken_class_code,pace_shisu_juni,14,2012,59.94,17.1,50.98,False
KEIBAJO_SURFACE_07_芝,joho_shisu+omo_tekisei_code+ichi_shisu_juni,joho_shisu,omo_tekisei_code,ichi_shisu_juni,22,3006,59.68,20.83,50.98,False
KEIBAJO_SURFACE_07_芝,joho_shisu+omo_tekisei_code+kishu_shisu,joho_shisu,omo_tekisei_code,kishu_shisu,18,4702,57.9,15.23,50.86,False
KEIBAJO_SURFACE_07_芝,pace_yoso+omo_tekisei_code+kakutoku_shokin_ruikei,pace_yoso,omo_tekisei_code,kakutoku_shokin_ruikei,6,1159,59.06,10.25,50.85,False
KEIBAJO_SURFACE_07_芝,joho_shisu+joken_class_code+kishu_shisu,joho_shisu,joken_class_code,kishu_shisu,21,4549,57.69,16.03,50.83,False
KEIBAJO_SURFACE_07_芝,joho_shisu+kishu_shisu+kyakushitsu,joho_shisu,kishu_shisu,kyakushitsu,21,4313,58.36,17.72,50.78,False
KEIBAJO_SURFACE_07_芝,joho_shisu+ichi_shisu_juni+tenkai_kigo_code,joho_shisu,ichi_shisu_juni,tenkai_kigo_code,21,3754,58.09,17.15,50.76,False
KEIBAJO_SURFACE_07_芝,joho_shisu+omo_tekisei_code+ten_shisu_juni,joho_shisu,omo_tekisei_code,ten_shisu_juni,24,3202,59.94,23.08,50.71,False
KEIBAJO_SURFACE_07_芝,joho_shisu+rotation+kyakushitsu,joho_shisu,rotation,kyakushitsu,11,1729,61.21,17.85,50.66,False
KEIBAJO_SURFACE_07_芝,joho_shisu+joken_class_code+agari_shisu_juni,joho_shisu,joken_class_code,agari_shisu_juni,15,2024,58.18,15.07,50.56,False
KEIBAJO_SURFACE_07_芝,joho_shisu+rotation+hizume_code,joho_shisu,rotation,hizume_code,6,806,60.53,12.55,50.49,False
KEIBAJO_SURFACE_07_芝,rotation+omo_tekisei_code+kishu_shisu,rotation,omo_tekisei_code,kishu_shisu,10,1286,63.93,21.73,50.46,False
KEIBAJO_SURFACE_07_芝,joho_shisu+joken_class_code+ichi_shisu_juni,joho_shisu,joken_class_code,ichi_shisu_juni,12,1942,65.24,26.23,50.4,False
KEIBAJO_SURFACE_07_芝,pace_yoso+uma_deokure_ritsu+kakutoku_shokin_ruikei,pace_yoso,uma_deokure_ritsu,kakutoku_shokin_ruikei,4,743,65.33,15.39,50.25,False
KEIBAJO_SURFACE_07_芝,kyori_kubun+joho_shisu+tenkai_kigo_code,kyori_kubun,joho_shisu,tenkai_kigo_code,16,5960,56.7,13.25,50.21,False
KEIBAJO_SURFACE_07_芝,kyori_kubun+omo_tekisei_code+kakutoku_shokin_ruikei,kyori_kubun,omo_tekisei_code,kakutoku_shokin_ruikei,5,980,60.3,11.58,50.15,False
KEIBAJO_SURFACE_07_芝,joho_shisu+uma_deokure_ritsu+kyakushitsu,joho_shisu,uma_deokure_ritsu,kyakushitsu,7,1899,59.63,13.36,49.73,False
KEIBAJO_SURFACE_07_芝,pace_yoso+joho_shisu+kyori_tekisei_2,pace_yoso,joho_shisu,kyori_tekisei_2,5,921,67.42,20.28,49.64,False
KEIBAJO_SURFACE_07_芝,ichi_shisu+kishu_shisu+tenkai_kigo_code,ichi_shisu,kishu_shisu,tenkai_kigo_code,3,675,61.56,10.64,49.52,False
KEIBAJO_SURFACE_07_芝,joho_shisu+nyukyu_nannichimae+umakigo_code,joho_shisu,nyukyu_nannichimae,umakigo_code,10,1497,60.31,17.44,49.5,False
KEIBAJO_SURFACE_07_芝,joho_shisu+ichi_shisu_juni+kyakushitsu,joho_shisu,ichi_shisu_juni,kyakushitsu,19,2936,58.27,20.7,48.96,False
KEIBAJO_SURFACE_07_芝,joho_shisu+joken_class_code+ten_shisu_juni,joho_shisu,joken_class_code,ten_shisu_juni,15,2129,57.3,16.59,48.91,False
KEIBAJO_SURFACE_07_芝,kyori_kubun+joho_shisu+kyori_tekisei_2,kyori_kubun,joho_shisu,kyori_tekisei_2,4,629,64.21,15.67,48.85,False
KEIBAJO_SURFACE_07_芝,joken_class_code+kishu_shisu+ten_shisu_juni,joken_class_code,kishu_shisu,ten_shisu_juni,3,361,63.61,13.33,48.53,False
KEIBAJO_SURFACE_07_芝,manken_shirushi+joho_shisu+tenkai_kigo_code,manken_shirushi,joho_shisu,tenkai_kigo_code,8,1436,58.07,13.95,48.41,False
KEIBAJO_SURFACE_07_芝,kishu_shisu+uma_deokure_ritsu+class_code,kishu_shisu,uma_deokure_ritsu,class_code,6,1028,59.11,13.45,48.34,False
KEIBAJO_SURFACE_07_芝,joho_shisu+kishu_shisu+pace_shisu_juni,joho_shisu,kishu_shisu,pace_shisu_juni,4,531,61.06,13.23,48.09,False
KEIBAJO_SURFACE_07_芝,joho_shisu+uma_deokure_ritsu+hizume_code,joho_shisu,uma_deokure_ritsu,hizume_code,7,1312,60.29,17.05,47.66,False
KEIBAJO_SURFACE_07_芝,joho_shisu+kyori_tekisei_2+joshodo_code,joho_shisu,kyori_tekisei_2,joshodo_code,5,1043,69.16,24.56,47.63,False
KEIBAJO_SURFACE_07_芝,joho_shisu+rotation+kishu_shisu,joho_shisu,rotation,kishu_shisu,6,851,62.88,19.14,47.56,False
KEIBAJO_SURFACE_07_芝,joho_shisu+rotation+joken_class_code,joho_shisu,rotation,joken_class_code,8,1399,55.34,11.36,47.47,False
KEIBAJO_SURFACE_07_芝,pace_yoso+rotation+kishu_shisu,pace_yoso,rotation,kishu_shisu,8,1143,59.71,17.87,47.33,False
KEIBAJO_SURFACE_07_芝,manken_shirushi+joho_shisu+kyakushitsu,manken_shirushi,joho_shisu,kyakushitsu,10,1087,55.11,13.29,46.87,False
KEIBAJO_SURFACE_07_芝,joho_shisu+agari_shisu_juni+kyakushitsu,joho_shisu,agari_shisu_juni,kyakushitsu,17,2001,55.5,18.18,46.86,False
KEIBAJO_SURFACE_07_芝,joho_shisu+agari_shisu_juni+kakutoku_shokin_ruikei,joho_shisu,agari_shisu_juni,kakutoku_shokin_ruikei,3,393,65.06,16.8,46.05,False
KEIBAJO_SURFACE_07_芝,joho_shisu+rotation+class_code,joho_shisu,rotation,class_code,8,1186,54.47,12.24,45.99,False
KEIBAJO_SURFACE_07_芝,kyakushitsu+kakutoku_shokin_ruikei+class_code,kyakushitsu,kakutoku_shokin_ruikei,class_code,3,863,61.34,13.69,45.85,False
KEIBAJO_SURFACE_07_芝,joho_shisu+pace_shisu_juni+kakutoku_shokin_ruikei,joho_shisu,pace_shisu_juni,kakutoku_shokin_ruikei,4,674,58.48,13.05,45.68,False
KEIBAJO_SURFACE_07_芝,pace_yoso+kishu_shisu+agari_shisu_juni,pace_yoso,kishu_shisu,agari_shisu_juni,3,331,54.45,7.8,45.62,False
KEIBAJO_SURFACE_07_芝,joken_class_code+kishu_shisu+kakutoku_shokin_ruikei,joken_class_code,kishu_shisu,kakutoku_shokin_ruikei,11,2343,64.14,31.69,45.41,False
KEIBAJO_SURFACE_07_芝,pace_yoso+ichi_shisu+joken_class_code,pace_yoso,ichi_shisu,joken_class_code,3,2054,62.49,15.14,45.35,False
KEIBAJO_SURFACE_07_芝,kyori_kubun+uma_deokure_ritsu+kakutoku_shokin_ruikei,kyori_kubun,uma_deokure_ritsu,kakutoku_shokin_ruikei,5,797,63.12,20.46,45.19,False
KEIBAJO_SURFACE_07_芝,kishu_shisu+pace_shisu_juni+tenkai_kigo_code,kishu_shisu,pace_shisu_juni,tenkai_kigo_code,7,832,58.51,18.42,44.87,False
KEIBAJO_SURFACE_07_芝,kishu_shisu+umakigo_code+kakutoku_shokin_ruikei,kishu_shisu,umakigo_code,kakutoku_shokin_ruikei,10,2173,66.26,35.17,44.46,False
KEIBAJO_SURFACE_07_芝,pace_yoso+joho_shisu+kakutoku_shokin_ruikei,pace_yoso,joho_shisu,kakutoku_shokin_ruikei,4,1462,53.65,9.39,44.45,False
KEIBAJO_SURFACE_07_芝,pace_yoso+kishu_shisu+pace_shisu_juni,pace_yoso,kishu_shisu,pace_shisu_juni,6,644,57.15,16.01,44.34,False
KEIBAJO_SURFACE_07_芝,joken_class_code+kishu_shisu+pace_shisu_juni,joken_class_code,kishu_shisu,pace_shisu_juni,3,358,60.42,14.23,44.32,False
KEIBAJO_SURFACE_07_芝,kishu_shisu+kakutoku_shokin_ruikei+tenkai_kigo_code,kishu_shisu,kakutoku_shokin_ruikei,tenkai_kigo_code,5,1060,55.19,12.74,44.03,False
KEIBAJO_SURFACE_07_芝,joho_shisu+uma_deokure_ritsu+kakutoku_shokin_ruikei,joho_shisu,uma_deokure_ritsu,kakutoku_shokin_ruikei,3,507,54.41,9.17,44.03,False
KEIBAJO_SURFACE_07_芝,ichi_shisu_juni+umakigo_code+kakutoku_shokin_ruikei,ichi_shisu_juni,umakigo_code,kakutoku_shokin_ruikei,4,2064,59.53,15.88,43.97,False
KEIBAJO_SURFACE_07_芝,kyori_kubun+kishu_shisu+kakutoku_shokin_ruikei,kyori_kubun,kishu_shisu,kakutoku_shokin_ruikei,5,1021,52.67,10.52,43.45,False
KEIBAJO_SURFACE_07_芝,rotation+kishu_shisu+tenkai_kigo_code,rotation,kishu_shisu,tenkai_kigo_code,9,1468,57.89,22.36,43.29,False
KEIBAJO_SURFACE_07_芝,pace_yoso+kishu_shisu+ten_shisu_juni,pace_yoso,kishu_shisu,ten_shisu_juni,7,741,56.27,17.79,43.1,False
KEIBAJO_SURFACE_07_芝,rotation+kishu_shisu+kyakushitsu,rotation,kishu_shisu,kyakushitsu,3,363,54.47,10.14,43.0,False
KEIBAJO_SURFACE_07_芝,joho_shisu+kishu_shisu+agari_shisu_juni,joho_shisu,kishu_shisu,agari_shisu_juni,5,623,62.56,22.35,42.96,False
KEIBAJO_SURFACE_07_芝,pace_yoso+ichi_shisu+tenkai_kigo_code,pace_yoso,ichi_shisu,tenkai_kigo_code,5,1918,63.14,23.13,42.86,False
KEIBAJO_SURFACE_07_芝,joho_shisu+kishu_shisu+ten_shisu_juni,joho_shisu,kishu_shisu,ten_shisu_juni,6,759,51.35,10.91,42.62,False
KEIBAJO_SURFACE_07_芝,manken_shirushi+kishu_shisu+tenkai_kigo_code,manken_shirushi,kishu_shisu,tenkai_kigo_code,5,522,56.16,15.93,42.2,False
KEIBAJO_SURFACE_07_芝,pace_yoso+joho_shisu+nyukyu_nannichimae,pace_yoso,joho_shisu,nyukyu_nannichimae,5,582,61.6,22.44,41.92,False
KEIBAJO_SURFACE_07_芝,uma_deokure_ritsu+kyakushitsu+kakutoku_shokin_ruikei,uma_deokure_ritsu,kyakushitsu,kakutoku_shokin_ruikei,4,696,58.07,17.07,41.34,False
KEIBAJO_SURFACE_07_芝,joho_shisu+kyori_tekisei_2+kyakushitsu,joho_shisu,kyori_tekisei_2,kyakushitsu,4,496,67.95,27.17,41.32,False
KEIBAJO_SURFACE_07_芝,joho_shisu+joshodo_code+kakutoku_shokin_ruikei,joho_shisu,joshodo_code,kakutoku_shokin_ruikei,4,1521,51.27,10.21,41.27,False
KEIBAJO_SURFACE_07_芝,joken_class_code+ichi_shisu_juni+kakutoku_shokin_ruikei,joken_class_code,ichi_shisu_juni,kakutoku_shokin_ruikei,5,2241,54.09,14.63,41.26,False
KEIBAJO_SURFACE_07_芝,joho_shisu+uma_deokure_ritsu+ten_shisu_juni,joho_shisu,uma_deokure_ritsu,ten_shisu_juni,4,512,65.06,24.63,40.92,False
KEIBAJO_SURFACE_07_芝,manken_shirushi+joho_shisu+class_code,manken_shirushi,joho_shisu,class_code,3,326,67.29,23.32,40.9,False
KEIBAJO_SURFACE_07_芝,joho_shisu+kishu_shisu+kakutoku_shokin_ruikei,joho_shisu,kishu_shisu,kakutoku_shokin_ruikei,5,1041,55.04,16.21,40.82,False
KEIBAJO_SURFACE_07_芝,joho_shisu+kyakushitsu+kakutoku_shokin_ruikei,joho_shisu,kyakushitsu,kakutoku_shokin_ruikei,6,1401,53.45,16.13,40.54,False
KEIBAJO_SURFACE_07_芝,joho_shisu+kishu_shisu+uma_deokure_ritsu,joho_shisu,kishu_shisu,uma_deokure_ritsu,6,1291,54.25,17.86,39.95,False
KEIBAJO_SURFACE_07_芝,joho_shisu+kakutoku_shokin_ruikei+tenkai_kigo_code,joho_shisu,kakutoku_shokin_ruikei,tenkai_kigo_code,4,1417,51.37,11.7,39.91,False
KEIBAJO_SURFACE_07_芝,kyori_kubun+kishu_shisu+ten_shisu_juni,kyori_kubun,kishu_shisu,ten_shisu_juni,3,337,62.29,20.27,39.35,False
KEIBAJO_SURFACE_07_芝,pace_yoso+kishu_shisu+kakutoku_shokin_ruikei,pace_yoso,kishu_shisu,kakutoku_shokin_ruikei,8,1400,52.61,19.85,38.85,False
KEIBAJO_SURFACE_07_芝,kyori_kubun+joho_shisu+kakutoku_shokin_ruikei,kyori_kubun,joho_shisu,kakutoku_shokin_ruikei,5,1481,48.83,11.58,38.68,False
KEIBAJO_SURFACE_07_芝,omo_tekisei_code+kishu_shisu+kakutoku_shokin_ruikei,omo_tekisei_code,kishu_shisu,kakutoku_shokin_ruikei,3,453,55.52,15.71,37.74,False
KEIBAJO_SURFACE_07_芝,joho_shisu+nyukyu_nannichimae+tenkai_kigo_code,joho_shisu,nyukyu_nannichimae,tenkai_kigo_code,3,334,68.26,27.03,37.66,False
KEIBAJO_SURFACE_07_芝,kishu_shisu+tenkai_kigo_code+ten_shisu_juni,kishu_shisu,tenkai_kigo_code,ten_shisu_juni,6,732,50.46,16.66,37.13,False
KEIBAJO_SURFACE_07_芝,kyori_tekisei_2+kishu_shisu+joshodo_code,kyori_tekisei_2,kishu_shisu,joshodo_code,6,758,69.0,40.23,36.82,False
KEIBAJO_SURFACE_07_芝,kyori_tekisei_2+kishu_shisu+umakigo_code,kyori_tekisei_2,kishu_shisu,umakigo_code,6,759,64.25,34.78,36.42,False
KEIBAJO_SURFACE_07_芝,pace_yoso+joho_shisu+ichi_shisu,pace_yoso,joho_shisu,ichi_shisu,3,803,51.02,13.86,35.34,False
KEIBAJO_SURFACE_07_芝,joho_shisu+uma_deokure_ritsu+pace_shisu_juni,joho_shisu,uma_deokure_ritsu,pace_shisu_juni,4,433,56.54,22.33,34.66,False
KEIBAJO_SURFACE_07_芝,joho_shisu+rotation+uma_deokure_ritsu,joho_shisu,rotation,uma_deokure_ritsu,3,490,59.86,24.56,32.06,False
KEIBAJO_SURFACE_07_芝,joho_shisu+omo_tekisei_code+kakutoku_shokin_ruikei,joho_shisu,omo_tekisei_code,kakutoku_shokin_ruikei,3,678,53.63,19.68,31.36,False
KEIBAJO_SURFACE_07_芝,rotation+joken_class_code+kishu_shisu,rotation,joken_class_code,kishu_shisu,3,352,56.83,29.54,23.41,False
