segment,factors,factor1,factor2,factor3,n_bins,n_bets,mean_roi,std_roi,clb,pass
COURSE_27_05_芝_マイル,pace_yoso+class_code+ichi_shisu_juni,pace_yoso,class_code,ichi_shisu_juni,3,308,96.48,5.67,90.06,True
COURSE_27_05_芝_マイル,omo_tekisei_code+ten_shisu_juni+pace_shisu_juni,omo_tekisei_code,ten_shisu_juni,pace_shisu_juni,3,447,90.0,7.36,81.67,True
COURSE_27_05_芝_マイル,hizume_code+uma_deokure_ritsu+kyakushitsu,hizume_code,uma_deokure_ritsu,kyakushitsu,11,2186,83.12,4.81,80.28,True
COURSE_27_05_芝_マイル,uma_deokure_ritsu+kyakushitsu+pace_shisu_juni,uma_deokure_ritsu,kyakushitsu,pace_shisu_juni,9,1405,85.51,8.15,80.18,True
COURSE_27_05_芝_マイル,uma_deokure_ritsu+ten_shisu_juni+kyakushitsu,uma_deokure_ritsu,ten_shisu_juni,kyakushitsu,9,1383,87.94,13.98,78.8,False
COURSE_27_05_芝_マイル,shiba_tekisei_code+ls_shisu_juni+ichi_shisu_juni,shiba_tekisei_code,ls_shisu_juni,ichi_shisu_juni,5,550,84.71,7.51,78.13,False
COURSE_27_05_芝_マイル,omo_tekisei_code+manken_shisu+kyori_tekisei,omo_tekisei_code,manken_shisu,kyori_tekisei,5,519,83.5,6.23,78.04,False
COURSE_27_05_芝_マイル,uma_deokure_ritsu+agari_shisu_juni+kyakushitsu,uma_deokure_ritsu,agari_shisu_juni,kyakushitsu,14,1682,82.85,10.48,77.36,False
COURSE_27_05_芝_マイル,hizume_code+shiba_tekisei_code+ten_shisu_juni,hizume_code,shiba_tekisei_code,ten_shisu_juni,8,948,83.36,8.73,77.31,False
COURSE_27_05_芝_マイル,hizume_code+ichi_shisu_juni+kyakushitsu,hizume_code,ichi_shisu_juni,kyakushitsu,10,1159,83.8,11.4,76.73,False
COURSE_27_05_芝_マイル,uma_deokure_ritsu+shiba_tekisei_code+pace_shisu_juni,uma_deokure_ritsu,shiba_tekisei_code,pace_shisu_juni,12,1853,81.28,8.77,76.31,False
COURSE_27_05_芝_マイル,uma_deokure_ritsu+kyori_tekisei+ichi_shisu_juni,uma_deokure_ritsu,kyori_tekisei,ichi_shisu_juni,11,1719,79.95,6.48,76.12,False
COURSE_27_05_芝_マイル,pace_yoso+manken_shisu+ichi_shisu,pace_yoso,manken_shisu,ichi_shisu,7,787,81.27,7.13,75.99,False
COURSE_27_05_芝_マイル,pace_yoso+hizume_code+uma_deokure_ritsu,pace_yoso,hizume_code,uma_deokure_ritsu,12,2393,79.74,6.67,75.97,False
COURSE_27_05_芝_マイル,joken_class_code+uma_deokure_ritsu+ten_shisu_juni,joken_class_code,uma_deokure_ritsu,ten_shisu_juni,10,1292,84.81,14.39,75.89,False
COURSE_27_05_芝_マイル,pace_yoso+manken_shisu+ichi_shisu_juni,pace_yoso,manken_shisu,ichi_shisu_juni,7,803,80.94,6.81,75.89,False
COURSE_27_05_芝_マイル,pace_yoso+manken_shisu+kyakushitsu,pace_yoso,manken_shisu,kyakushitsu,7,776,81.12,7.19,75.8,False
COURSE_27_05_芝_マイル,uma_deokure_ritsu+shiba_tekisei_code+ten_shisu_juni,uma_deokure_ritsu,shiba_tekisei_code,ten_shisu_juni,12,1826,81.98,10.91,75.8,False
COURSE_27_05_芝_マイル,uma_deokure_ritsu+shiba_tekisei_code+agari_shisu_juni,uma_deokure_ritsu,shiba_tekisei_code,agari_shisu_juni,9,1406,80.49,7.24,75.76,False
COURSE_27_05_芝_マイル,uma_deokure_ritsu+ichi_shisu_juni+kyakushitsu,uma_deokure_ritsu,ichi_shisu_juni,kyakushitsu,14,2448,79.94,8.19,75.65,False
COURSE_27_05_芝_マイル,uma_deokure_ritsu+shiba_tekisei_code+ichi_shisu_juni,uma_deokure_ritsu,shiba_tekisei_code,ichi_shisu_juni,12,2116,81.26,9.99,75.61,False
COURSE_27_05_芝_マイル,omo_tekisei_code+uma_deokure_ritsu+ichi_shisu_juni,omo_tekisei_code,uma_deokure_ritsu,ichi_shisu_juni,15,2574,79.7,8.13,75.58,False
COURSE_27_05_芝_マイル,manken_shirushi+uma_deokure_ritsu+shiba_tekisei_code,manken_shirushi,uma_deokure_ritsu,shiba_tekisei_code,10,1591,81.91,10.23,75.57,False
COURSE_27_05_芝_マイル,uma_deokure_ritsu+kyori_tekisei+pace_shisu_juni,uma_deokure_ritsu,kyori_tekisei,pace_shisu_juni,9,1334,82.45,10.54,75.56,False
COURSE_27_05_芝_マイル,joken_class_code+uma_deokure_ritsu+agari_shisu_juni,joken_class_code,uma_deokure_ritsu,agari_shisu_juni,10,1278,80.66,8.39,75.47,False
COURSE_27_05_芝_マイル,joken_class_code+ichi_shisu_juni+kyakushitsu,joken_class_code,ichi_shisu_juni,kyakushitsu,18,4565,80.42,10.72,75.47,False
COURSE_27_05_芝_マイル,uma_deokure_ritsu+kyori_tekisei+ten_shisu_juni,uma_deokure_ritsu,kyori_tekisei,ten_shisu_juni,9,1316,81.16,8.75,75.45,False
COURSE_27_05_芝_マイル,joken_class_code+hizume_code+uma_deokure_ritsu,joken_class_code,hizume_code,uma_deokure_ritsu,11,2094,79.64,7.14,75.41,False
COURSE_27_05_芝_マイル,joken_class_code+uma_deokure_ritsu+ichi_shisu_juni,joken_class_code,uma_deokure_ritsu,ichi_shisu_juni,11,1671,82.21,11.57,75.38,False
COURSE_27_05_芝_マイル,manken_shirushi+uma_deokure_ritsu+kyori_tekisei,manken_shirushi,uma_deokure_ritsu,kyori_tekisei,7,1210,80.34,6.78,75.31,False
COURSE_27_05_芝_マイル,manken_shisu+kyori_tekisei+shiba_tekisei_code,manken_shisu,kyori_tekisei,shiba_tekisei_code,19,2498,78.79,7.84,75.26,False
COURSE_27_05_芝_マイル,manken_shirushi+tenkai_kigo_code+agari_shisu_juni,manken_shirushi,tenkai_kigo_code,agari_shisu_juni,15,2090,81.0,11.7,75.07,False
COURSE_27_05_芝_マイル,hizume_code+uma_deokure_ritsu+shiba_tekisei_code,hizume_code,uma_deokure_ritsu,shiba_tekisei_code,13,2595,79.6,8.43,75.02,False
COURSE_27_05_芝_マイル,pace_yoso+shiba_tekisei_code+agari_shisu_juni,pace_yoso,shiba_tekisei_code,agari_shisu_juni,31,5419,78.27,9.48,74.93,False
COURSE_27_05_芝_マイル,pace_yoso+uma_deokure_ritsu+ichi_shisu_juni,pace_yoso,uma_deokure_ritsu,ichi_shisu_juni,15,2141,80.25,10.9,74.74,False
COURSE_27_05_芝_マイル,rotation+uma_deokure_ritsu+shiba_tekisei_code,rotation,uma_deokure_ritsu,shiba_tekisei_code,11,1934,79.22,7.77,74.63,False
COURSE_27_05_芝_マイル,manken_shirushi+hizume_code+shiba_tekisei_code,manken_shirushi,hizume_code,shiba_tekisei_code,6,926,82.19,9.54,74.56,False
COURSE_27_05_芝_マイル,uma_deokure_ritsu+kyori_tekisei+agari_shisu_juni,uma_deokure_ritsu,kyori_tekisei,agari_shisu_juni,9,1232,79.85,8.37,74.39,False
COURSE_27_05_芝_マイル,pace_yoso+uma_deokure_ritsu+pace_shisu_juni,pace_yoso,uma_deokure_ritsu,pace_shisu_juni,11,1474,82.36,13.48,74.39,False
COURSE_27_05_芝_マイル,omo_tekisei_code+uma_deokure_ritsu+pace_shisu_juni,omo_tekisei_code,uma_deokure_ritsu,pace_shisu_juni,17,2506,78.5,8.89,74.27,False
COURSE_27_05_芝_マイル,omo_tekisei_code+hizume_code+uma_deokure_ritsu,omo_tekisei_code,hizume_code,uma_deokure_ritsu,12,2968,79.35,9.07,74.22,False
COURSE_27_05_芝_マイル,omo_tekisei_code+nyukyu_nannichimae+shiba_tekisei_code,omo_tekisei_code,nyukyu_nannichimae,shiba_tekisei_code,10,1155,80.87,10.74,74.22,False
COURSE_27_05_芝_マイル,pace_yoso+uma_deokure_ritsu+ten_shisu_juni,pace_yoso,uma_deokure_ritsu,ten_shisu_juni,13,1657,81.02,12.59,74.18,False
COURSE_27_05_芝_マイル,joken_class_code+uma_deokure_ritsu+pace_shisu_juni,joken_class_code,uma_deokure_ritsu,pace_shisu_juni,11,1426,80.03,9.93,74.16,False
COURSE_27_05_芝_マイル,hizume_code+shiba_tekisei_code+ichi_shisu_juni,hizume_code,shiba_tekisei_code,ichi_shisu_juni,9,1091,81.47,11.27,74.11,False
COURSE_27_05_芝_マイル,hizume_code+uma_deokure_ritsu+ichi_shisu_juni,hizume_code,uma_deokure_ritsu,ichi_shisu_juni,3,354,80.68,5.83,74.08,False
COURSE_27_05_芝_マイル,kyori_tekisei+ichi_shisu_juni+kyakushitsu,kyori_tekisei,ichi_shisu_juni,kyakushitsu,25,6398,77.99,10.47,73.88,False
COURSE_27_05_芝_マイル,shiba_tekisei_code+ichi_shisu_juni+kyakushitsu,shiba_tekisei_code,ichi_shisu_juni,kyakushitsu,28,4697,77.52,9.86,73.87,False
COURSE_27_05_芝_マイル,omo_tekisei_code+rotation+uma_deokure_ritsu,omo_tekisei_code,rotation,uma_deokure_ritsu,10,1935,79.08,8.57,73.77,False
COURSE_27_05_芝_マイル,pace_yoso+manken_shirushi+shiba_tekisei_code,pace_yoso,manken_shirushi,shiba_tekisei_code,22,4288,77.42,8.78,73.75,False
COURSE_27_05_芝_マイル,shiba_tekisei_code+kyakushitsu+pace_shisu_juni,shiba_tekisei_code,kyakushitsu,pace_shisu_juni,23,3529,78.65,12.67,73.47,False
COURSE_27_05_芝_マイル,pace_yoso+shiba_tekisei_code+class_code,pace_yoso,shiba_tekisei_code,class_code,25,8147,77.37,10.01,73.45,False
COURSE_27_05_芝_マイル,joken_class_code+manken_shirushi+kyori_tekisei,joken_class_code,manken_shirushi,kyori_tekisei,26,5359,76.96,9.5,73.31,False
COURSE_27_05_芝_マイル,manken_shirushi+kyori_tekisei+kyakushitsu,manken_shirushi,kyori_tekisei,kyakushitsu,25,4587,77.73,11.34,73.29,False
COURSE_27_05_芝_マイル,omo_tekisei_code+hizume_code+ichi_shisu_juni,omo_tekisei_code,hizume_code,ichi_shisu_juni,10,1308,78.46,8.77,73.03,False
COURSE_27_05_芝_マイル,pace_yoso+manken_shisu+shiba_tekisei_code,pace_yoso,manken_shisu,shiba_tekisei_code,14,1658,77.76,9.06,73.01,False
COURSE_27_05_芝_マイル,joken_class_code+kyori_tekisei+tenkai_kigo_code,joken_class_code,kyori_tekisei,tenkai_kigo_code,28,10338,77.23,11.43,73.0,False
COURSE_27_05_芝_マイル,shiba_tekisei_code+agari_shisu_juni+kyakushitsu,shiba_tekisei_code,agari_shisu_juni,kyakushitsu,24,3761,77.02,10.23,72.93,False
COURSE_27_05_芝_マイル,shiba_tekisei_code+ten_shisu_juni+kyakushitsu,shiba_tekisei_code,ten_shisu_juni,kyakushitsu,22,3390,78.17,12.68,72.88,False
COURSE_27_05_芝_マイル,manken_shirushi+hizume_code+kyori_tekisei,manken_shirushi,hizume_code,kyori_tekisei,8,1179,79.67,9.84,72.85,False
COURSE_27_05_芝_マイル,omo_tekisei_code+uma_deokure_ritsu+ten_shisu_juni,omo_tekisei_code,uma_deokure_ritsu,ten_shisu_juni,16,2347,79.56,13.77,72.81,False
COURSE_27_05_芝_マイル,omo_tekisei_code+manken_shirushi+uma_start_shisu,omo_tekisei_code,manken_shirushi,uma_start_shisu,12,1412,79.69,12.16,72.81,False
COURSE_27_05_芝_マイル,uma_start_shisu+uma_deokure_ritsu+pace_shisu_juni,uma_start_shisu,uma_deokure_ritsu,pace_shisu_juni,10,1563,77.4,7.44,72.78,False
COURSE_27_05_芝_マイル,pace_yoso+uma_deokure_ritsu+ls_shisu_juni,pace_yoso,uma_deokure_ritsu,ls_shisu_juni,16,3007,78.37,11.43,72.77,False
COURSE_27_05_芝_マイル,pace_yoso+hizume_code+ten_shisu_juni,pace_yoso,hizume_code,ten_shisu_juni,9,1051,82.58,15.06,72.74,False
COURSE_27_05_芝_マイル,pace_yoso+manken_shisu+kyori_tekisei,pace_yoso,manken_shisu,kyori_tekisei,30,3700,77.37,13.05,72.7,False
COURSE_27_05_芝_マイル,omo_tekisei_code+kyakushitsu+pace_shisu_juni,omo_tekisei_code,kyakushitsu,pace_shisu_juni,35,4802,76.57,11.76,72.68,False
COURSE_27_05_芝_マイル,manken_shirushi+uma_start_shisu+kyori_tekisei,manken_shirushi,uma_start_shisu,kyori_tekisei,6,905,79.97,9.12,72.67,False
COURSE_27_05_芝_マイル,pace_yoso+joken_class_code+ichi_shisu_juni,pace_yoso,joken_class_code,ichi_shisu_juni,27,5455,77.43,12.68,72.64,False
COURSE_27_05_芝_マイル,hizume_code+kyori_tekisei+ichi_shisu_juni,hizume_code,kyori_tekisei,ichi_shisu_juni,10,1154,81.49,14.32,72.61,False
COURSE_27_05_芝_マイル,omo_tekisei_code+ten_shisu_juni+kyakushitsu,omo_tekisei_code,ten_shisu_juni,kyakushitsu,37,4972,76.82,13.12,72.59,False
COURSE_27_05_芝_マイル,omo_tekisei_code+uma_deokure_ritsu+ls_shisu_juni,omo_tekisei_code,uma_deokure_ritsu,ls_shisu_juni,14,3248,79.41,13.02,72.59,False
COURSE_27_05_芝_マイル,omo_tekisei_code+hizume_code+shiba_tekisei_code,omo_tekisei_code,hizume_code,shiba_tekisei_code,28,7536,75.3,7.48,72.53,False
COURSE_27_05_芝_マイル,pace_yoso+omo_tekisei_code+uma_deokure_ritsu,pace_yoso,omo_tekisei_code,uma_deokure_ritsu,17,4849,76.48,8.52,72.43,False
COURSE_27_05_芝_マイル,omo_tekisei_code+manken_shirushi+kyakushitsu,omo_tekisei_code,manken_shirushi,kyakushitsu,33,4379,76.74,12.66,72.42,False
COURSE_27_05_芝_マイル,joken_class_code+shiba_tekisei_code+tenkai_kigo_code,joken_class_code,shiba_tekisei_code,tenkai_kigo_code,25,8574,76.67,10.84,72.42,False
COURSE_27_05_芝_マイル,joken_class_code+nyukyu_nannichimae+shiba_tekisei_code,joken_class_code,nyukyu_nannichimae,shiba_tekisei_code,4,451,84.4,12.23,72.41,False
COURSE_27_05_芝_マイル,pace_yoso+shiba_tekisei_code+ten_shisu_juni,pace_yoso,shiba_tekisei_code,ten_shisu_juni,27,4790,77.13,12.55,72.39,False
COURSE_27_05_芝_マイル,omo_tekisei_code+manken_shirushi+hizume_code,omo_tekisei_code,manken_shirushi,hizume_code,8,1213,75.76,4.86,72.39,False
COURSE_27_05_芝_マイル,hizume_code+kyori_tekisei+ten_shisu_juni,hizume_code,kyori_tekisei,ten_shisu_juni,8,943,81.92,13.78,72.37,False
COURSE_27_05_芝_マイル,joken_class_code+hizume_code+kyakushitsu,joken_class_code,hizume_code,kyakushitsu,24,3847,77.44,12.71,72.36,False
COURSE_27_05_芝_マイル,uma_start_shisu+hizume_code+kyakushitsu,uma_start_shisu,hizume_code,kyakushitsu,10,1898,78.79,10.42,72.33,False
COURSE_27_05_芝_マイル,uma_deokure_ritsu+tenkai_kigo_code+agari_shisu_juni,uma_deokure_ritsu,tenkai_kigo_code,agari_shisu_juni,14,2694,76.38,7.82,72.29,False
COURSE_27_05_芝_マイル,joken_class_code+kyori_tekisei+shiba_tekisei_code,joken_class_code,kyori_tekisei,shiba_tekisei_code,18,8683,75.84,7.72,72.28,False
COURSE_27_05_芝_マイル,pace_yoso+hizume_code+ichi_shisu_juni,pace_yoso,hizume_code,ichi_shisu_juni,11,1243,79.65,12.46,72.28,False
COURSE_27_05_芝_マイル,uma_start_shisu+uma_deokure_ritsu+shiba_tekisei_code,uma_start_shisu,uma_deokure_ritsu,shiba_tekisei_code,6,2486,77.96,7.12,72.27,False
COURSE_27_05_芝_マイル,pace_yoso+kyori_tekisei+ichi_shisu_juni,pace_yoso,kyori_tekisei,ichi_shisu_juni,23,6656,76.3,10.03,72.21,False
COURSE_27_05_芝_マイル,joken_class_code+omo_tekisei_code+tenkai_kigo_code,joken_class_code,omo_tekisei_code,tenkai_kigo_code,25,8097,75.71,9.01,72.18,False
COURSE_27_05_芝_マイル,omo_tekisei_code+kyori_tekisei+ichi_shisu_juni,omo_tekisei_code,kyori_tekisei,ichi_shisu_juni,34,5575,75.66,10.37,72.17,False
COURSE_27_05_芝_マイル,pace_yoso+manken_shirushi+kyori_tekisei,pace_yoso,manken_shirushi,kyori_tekisei,21,5271,76.42,9.95,72.16,False
COURSE_27_05_芝_マイル,joken_class_code+uma_start_shisu+hizume_code,joken_class_code,uma_start_shisu,hizume_code,8,1264,81.75,13.84,72.16,False
COURSE_27_05_芝_マイル,pace_yoso+joken_class_code+manken_shirushi,pace_yoso,joken_class_code,manken_shirushi,29,4992,76.06,10.75,72.15,False
COURSE_27_05_芝_マイル,manken_shirushi+shiba_tekisei_code+kyakushitsu,manken_shirushi,shiba_tekisei_code,kyakushitsu,17,2876,77.97,12.27,72.14,False
COURSE_27_05_芝_マイル,uma_deokure_ritsu+class_code+ichi_shisu_juni,uma_deokure_ritsu,class_code,ichi_shisu_juni,6,797,83.78,14.55,72.14,False
COURSE_27_05_芝_マイル,pace_yoso+manken_shirushi+uma_deokure_ritsu,pace_yoso,manken_shirushi,uma_deokure_ritsu,10,1248,78.95,11.02,72.12,False
COURSE_27_05_芝_マイル,omo_tekisei_code+manken_shirushi+uma_deokure_ritsu,omo_tekisei_code,manken_shirushi,uma_deokure_ritsu,14,2018,78.09,11.43,72.1,False
COURSE_27_05_芝_マイル,omo_tekisei_code+kyori_tekisei+tenkai_kigo_code,omo_tekisei_code,kyori_tekisei,tenkai_kigo_code,24,8838,75.23,8.06,72.01,False
COURSE_27_05_芝_マイル,pace_yoso+shiba_tekisei_code+tenkai_kigo_code,pace_yoso,shiba_tekisei_code,tenkai_kigo_code,22,8851,76.0,9.57,72.0,False
COURSE_27_05_芝_マイル,pace_yoso+joken_class_code+uma_start_shisu,pace_yoso,joken_class_code,uma_start_shisu,21,4467,75.21,7.51,72.0,False
COURSE_27_05_芝_マイル,pace_yoso+uma_start_shisu+shiba_tekisei_code,pace_yoso,uma_start_shisu,shiba_tekisei_code,26,6107,76.12,10.78,71.98,False
COURSE_27_05_芝_マイル,uma_start_shisu+shiba_tekisei_code+kyakushitsu,uma_start_shisu,shiba_tekisei_code,kyakushitsu,25,5182,76.42,11.44,71.93,False
COURSE_27_05_芝_マイル,pace_yoso+rotation+uma_deokure_ritsu,pace_yoso,rotation,uma_deokure_ritsu,12,1864,78.7,11.99,71.91,False
COURSE_27_05_芝_マイル,pace_yoso+joken_class_code+omo_tekisei_code,pace_yoso,joken_class_code,omo_tekisei_code,24,9831,74.14,5.71,71.86,False
COURSE_27_05_芝_マイル,joken_class_code+tenkai_kigo_code+ichi_shisu_juni,joken_class_code,tenkai_kigo_code,ichi_shisu_juni,24,5198,76.51,11.65,71.84,False
COURSE_27_05_芝_マイル,uma_deokure_ritsu+shiba_tekisei_code+class_code,uma_deokure_ritsu,shiba_tekisei_code,class_code,10,3387,77.45,9.11,71.81,False
COURSE_27_05_芝_マイル,pace_yoso+joken_class_code+uma_deokure_ritsu,pace_yoso,joken_class_code,uma_deokure_ritsu,13,4101,75.17,6.25,71.78,False
COURSE_27_05_芝_マイル,pace_yoso+hizume_code+tenkai_kigo_code,pace_yoso,hizume_code,tenkai_kigo_code,23,5821,75.93,10.15,71.78,False
COURSE_27_05_芝_マイル,pace_yoso+kyori_tekisei+class_code,pace_yoso,kyori_tekisei,class_code,22,6878,75.48,8.94,71.75,False
COURSE_27_05_芝_マイル,pace_yoso+uma_deokure_ritsu+kyori_tekisei,pace_yoso,uma_deokure_ritsu,kyori_tekisei,19,4614,76.81,11.25,71.75,False
COURSE_27_05_芝_マイル,omo_tekisei_code+ichi_shisu_juni+kyakushitsu,omo_tekisei_code,ichi_shisu_juni,kyakushitsu,40,6459,75.7,12.75,71.75,False
COURSE_27_05_芝_マイル,uma_deokure_ritsu+ls_shisu_juni+kyakushitsu,uma_deokure_ritsu,ls_shisu_juni,kyakushitsu,16,2947,78.53,14.09,71.63,False
COURSE_27_05_芝_マイル,joken_class_code+omo_tekisei_code+class_code,joken_class_code,omo_tekisei_code,class_code,22,8372,75.19,8.52,71.63,False
COURSE_27_05_芝_マイル,pace_yoso+omo_tekisei_code+rotation,pace_yoso,omo_tekisei_code,rotation,29,5993,75.28,10.23,71.55,False
COURSE_27_05_芝_マイル,pace_yoso+omo_tekisei_code+shiba_tekisei_code,pace_yoso,omo_tekisei_code,shiba_tekisei_code,16,9506,74.07,5.16,71.54,False
COURSE_27_05_芝_マイル,omo_tekisei_code+kyori_tekisei+shiba_tekisei_code,omo_tekisei_code,kyori_tekisei,shiba_tekisei_code,16,9061,75.26,7.72,71.48,False
COURSE_27_05_芝_マイル,omo_tekisei_code+uma_start_shisu+shiba_tekisei_code,omo_tekisei_code,uma_start_shisu,shiba_tekisei_code,27,5998,75.79,11.49,71.46,False
COURSE_27_05_芝_マイル,pace_yoso+uma_deokure_ritsu+kyakushitsu,pace_yoso,uma_deokure_ritsu,kyakushitsu,16,4209,76.22,9.84,71.39,False
COURSE_27_05_芝_マイル,omo_tekisei_code+shiba_tekisei_code+tenkai_kigo_code,omo_tekisei_code,shiba_tekisei_code,tenkai_kigo_code,22,8965,75.59,10.08,71.38,False
COURSE_27_05_芝_マイル,joken_class_code+omo_tekisei_code+uma_deokure_ritsu,joken_class_code,omo_tekisei_code,uma_deokure_ritsu,13,4214,76.02,8.56,71.37,False
COURSE_27_05_芝_マイル,pace_yoso+uma_deokure_ritsu+class_code,pace_yoso,uma_deokure_ritsu,class_code,14,3146,77.45,11.67,71.34,False
COURSE_27_05_芝_マイル,manken_shirushi+uma_deokure_ritsu+kyakushitsu,manken_shirushi,uma_deokure_ritsu,kyakushitsu,9,1196,78.96,11.68,71.33,False
COURSE_27_05_芝_マイル,pace_yoso+manken_shirushi+kyakushitsu,pace_yoso,manken_shirushi,kyakushitsu,29,4643,75.64,11.89,71.32,False
COURSE_27_05_芝_マイル,pace_yoso+joken_class_code+ten_shisu_juni,pace_yoso,joken_class_code,ten_shisu_juni,35,5872,75.59,13.04,71.27,False
COURSE_27_05_芝_マイル,hizume_code+shiba_tekisei_code+tenkai_kigo_code,hizume_code,shiba_tekisei_code,tenkai_kigo_code,23,5615,74.92,8.96,71.26,False
COURSE_27_05_芝_マイル,pace_yoso+omo_tekisei_code+manken_shirushi,pace_yoso,omo_tekisei_code,manken_shirushi,24,4613,74.97,9.35,71.23,False
COURSE_27_05_芝_マイル,hizume_code+kyori_tekisei+pace_shisu_juni,hizume_code,kyori_tekisei,pace_shisu_juni,9,1063,80.61,14.41,71.2,False
COURSE_27_05_芝_マイル,pace_yoso+joken_class_code+tenkai_kigo_code,pace_yoso,joken_class_code,tenkai_kigo_code,31,11029,74.91,10.57,71.19,False
COURSE_27_05_芝_マイル,joken_class_code+omo_tekisei_code+hizume_code,joken_class_code,omo_tekisei_code,hizume_code,30,6429,74.47,9.19,71.18,False
COURSE_27_05_芝_マイル,pace_yoso+shiba_tekisei_code+ichi_shisu_juni,pace_yoso,shiba_tekisei_code,ichi_shisu_juni,29,5055,75.84,12.92,71.14,False
COURSE_27_05_芝_マイル,omo_tekisei_code+rotation+shiba_tekisei_code,omo_tekisei_code,rotation,shiba_tekisei_code,28,5717,75.14,10.86,71.11,False
COURSE_27_05_芝_マイル,pace_yoso+joken_class_code+shiba_tekisei_code,pace_yoso,joken_class_code,shiba_tekisei_code,18,9310,75.79,10.14,71.11,False
COURSE_27_05_芝_マイル,rotation+uma_deokure_ritsu+kyori_tekisei,rotation,uma_deokure_ritsu,kyori_tekisei,9,1510,75.44,6.67,71.09,False
COURSE_27_05_芝_マイル,joken_class_code+manken_shisu+ichi_shisu_juni,joken_class_code,manken_shisu,ichi_shisu_juni,9,1106,76.88,8.87,71.08,False
COURSE_27_05_芝_マイル,pace_yoso+omo_tekisei_code+class_code,pace_yoso,omo_tekisei_code,class_code,26,7442,74.1,7.99,71.03,False
COURSE_27_05_芝_マイル,joken_class_code+ls_shisu_juni+class_code,joken_class_code,ls_shisu_juni,class_code,26,6289,76.27,13.7,71.0,False
COURSE_27_05_芝_マイル,joken_class_code+hizume_code+kyori_tekisei,joken_class_code,hizume_code,kyori_tekisei,28,5419,74.17,8.6,70.98,False
COURSE_27_05_芝_マイル,joken_class_code+omo_tekisei_code+shiba_tekisei_code,joken_class_code,omo_tekisei_code,shiba_tekisei_code,20,9190,75.18,9.64,70.96,False
COURSE_27_05_芝_マイル,omo_tekisei_code+shiba_tekisei_code+kyakushitsu,omo_tekisei_code,shiba_tekisei_code,kyakushitsu,23,9344,75.12,10.21,70.95,False
COURSE_27_05_芝_マイル,rotation+kyori_tekisei+shiba_tekisei_code,rotation,kyori_tekisei,shiba_tekisei_code,23,5465,74.39,8.44,70.94,False
COURSE_27_05_芝_マイル,kyori_tekisei+kyakushitsu+pace_shisu_juni,kyori_tekisei,kyakushitsu,pace_shisu_juni,33,5801,75.7,13.97,70.93,False
COURSE_27_05_芝_マイル,omo_tekisei_code+shiba_tekisei_code+class_code,omo_tekisei_code,shiba_tekisei_code,class_code,22,7497,74.78,9.26,70.91,False
COURSE_27_05_芝_マイル,joken_class_code+kyori_tekisei+ichi_shisu_juni,joken_class_code,kyori_tekisei,ichi_shisu_juni,30,6179,75.02,11.5,70.91,False
COURSE_27_05_芝_マイル,uma_deokure_ritsu+kyori_tekisei+shiba_tekisei_code,uma_deokure_ritsu,kyori_tekisei,shiba_tekisei_code,14,4676,76.5,10.67,70.9,False
COURSE_27_05_芝_マイル,joken_class_code+omo_tekisei_code+ichi_shisu_juni,joken_class_code,omo_tekisei_code,ichi_shisu_juni,26,3533,74.7,9.95,70.88,False
COURSE_27_05_芝_マイル,joken_class_code+omo_tekisei_code+manken_shirushi,joken_class_code,omo_tekisei_code,manken_shirushi,17,2619,75.38,9.48,70.87,False
COURSE_27_05_芝_マイル,uma_deokure_ritsu+kyori_tekisei+kishu_shisu,uma_deokure_ritsu,kyori_tekisei,kishu_shisu,4,512,84.47,13.89,70.86,False
COURSE_27_05_芝_マイル,omo_tekisei_code+rotation+kyori_tekisei,omo_tekisei_code,rotation,kyori_tekisei,26,5090,74.31,8.97,70.86,False
COURSE_27_05_芝_マイル,pace_yoso+shiba_tekisei_code+pace_shisu_juni,pace_yoso,shiba_tekisei_code,pace_shisu_juni,30,5218,75.39,12.73,70.84,False
COURSE_27_05_芝_マイル,manken_shisu+kyori_tekisei+tenkai_kigo_code,manken_shisu,kyori_tekisei,tenkai_kigo_code,11,1197,76.77,10.12,70.78,False
COURSE_27_05_芝_マイル,pace_yoso+manken_shirushi+hizume_code,pace_yoso,manken_shirushi,hizume_code,8,1043,78.66,11.45,70.72,False
COURSE_27_05_芝_マイル,joken_class_code+shiba_tekisei_code+class_code,joken_class_code,shiba_tekisei_code,class_code,18,8608,75.11,9.55,70.7,False
COURSE_27_05_芝_マイル,omo_tekisei_code+kyori_tekisei+ten_shisu_juni,omo_tekisei_code,kyori_tekisei,ten_shisu_juni,32,5096,74.53,11.13,70.68,False
COURSE_27_05_芝_マイル,uma_start_shisu+kyori_tekisei+shiba_tekisei_code,uma_start_shisu,kyori_tekisei,shiba_tekisei_code,23,5886,74.89,10.45,70.62,False
COURSE_27_05_芝_マイル,pace_yoso+hizume_code+shiba_tekisei_code,pace_yoso,hizume_code,shiba_tekisei_code,27,6908,74.03,9.14,70.58,False
COURSE_27_05_芝_マイル,hizume_code+uma_deokure_ritsu+tenkai_kigo_code,hizume_code,uma_deokure_ritsu,tenkai_kigo_code,11,2175,76.55,10.1,70.58,False
COURSE_27_05_芝_マイル,pace_yoso+kyori_tekisei+shiba_tekisei_code,pace_yoso,kyori_tekisei,shiba_tekisei_code,15,9044,73.09,4.99,70.57,False
COURSE_27_05_芝_マイル,manken_shisu+kyori_tekisei+ichi_shisu_juni,manken_shisu,kyori_tekisei,ichi_shisu_juni,9,1097,76.63,9.27,70.57,False
COURSE_27_05_芝_マイル,omo_tekisei_code+uma_start_shisu+uma_deokure_ritsu,omo_tekisei_code,uma_start_shisu,uma_deokure_ritsu,8,2785,76.65,8.78,70.56,False
COURSE_27_05_芝_マイル,pace_yoso+omo_tekisei_code+hizume_code,pace_yoso,omo_tekisei_code,hizume_code,28,7727,73.84,8.91,70.54,False
COURSE_27_05_芝_マイル,omo_tekisei_code+uma_deokure_ritsu+agari_shisu_juni,omo_tekisei_code,uma_deokure_ritsu,agari_shisu_juni,18,2373,76.76,13.48,70.53,False
COURSE_27_05_芝_マイル,uma_start_shisu+kyori_tekisei+kyakushitsu,uma_start_shisu,kyori_tekisei,kyakushitsu,23,4706,74.93,10.81,70.52,False
COURSE_27_05_芝_マイル,pace_yoso+uma_start_shisu+class_code,pace_yoso,uma_start_shisu,class_code,15,2796,75.93,10.78,70.48,False
COURSE_27_05_芝_マイル,kyori_tekisei+class_code+ichi_shisu_juni,kyori_tekisei,class_code,ichi_shisu_juni,15,1718,76.54,11.99,70.48,False
COURSE_27_05_芝_マイル,uma_start_shisu+kyori_tekisei+ichi_shisu_juni,uma_start_shisu,kyori_tekisei,ichi_shisu_juni,8,1139,77.66,10.37,70.47,False
COURSE_27_05_芝_マイル,omo_tekisei_code+manken_shirushi+kyori_tekisei,omo_tekisei_code,manken_shirushi,kyori_tekisei,22,4469,75.43,11.88,70.47,False
COURSE_27_05_芝_マイル,joken_class_code+shiba_tekisei_code+ichi_shisu_juni,joken_class_code,shiba_tekisei_code,ichi_shisu_juni,35,5113,74.15,11.15,70.46,False
COURSE_27_05_芝_マイル,shiba_tekisei_code+tenkai_kigo_code+class_code,shiba_tekisei_code,tenkai_kigo_code,class_code,24,6752,76.17,14.27,70.46,False
COURSE_27_05_芝_マイル,joken_class_code+shiba_tekisei_code+ten_shisu_juni,joken_class_code,shiba_tekisei_code,ten_shisu_juni,36,5055,74.45,12.29,70.44,False
COURSE_27_05_芝_マイル,joken_class_code+omo_tekisei_code+kyakushitsu,joken_class_code,omo_tekisei_code,kyakushitsu,33,9245,73.88,10.16,70.41,False
COURSE_27_05_芝_マイル,uma_start_shisu+hizume_code+uma_deokure_ritsu,uma_start_shisu,hizume_code,uma_deokure_ritsu,8,1790,75.86,7.9,70.39,False
COURSE_27_05_芝_マイル,uma_deokure_ritsu+shiba_tekisei_code+ls_shisu_juni,uma_deokure_ritsu,shiba_tekisei_code,ls_shisu_juni,12,2835,76.96,11.6,70.39,False
COURSE_27_05_芝_マイル,pace_yoso+uma_start_shisu+kyakushitsu,pace_yoso,uma_start_shisu,kyakushitsu,29,5833,74.93,12.52,70.38,False
COURSE_27_05_芝_マイル,uma_start_shisu+ten_shisu_juni+kyakushitsu,uma_start_shisu,ten_shisu_juni,kyakushitsu,6,778,80.8,13.04,70.36,False
COURSE_27_05_芝_マイル,omo_tekisei_code+shiba_tekisei_code+ichi_shisu_juni,omo_tekisei_code,shiba_tekisei_code,ichi_shisu_juni,35,5986,74.28,11.82,70.36,False
COURSE_27_05_芝_マイル,tenkai_kigo_code+class_code+ichi_shisu_juni,tenkai_kigo_code,class_code,ichi_shisu_juni,8,930,79.11,12.64,70.35,False
COURSE_27_05_芝_マイル,pace_yoso+omo_tekisei_code+ten_shisu_juni,pace_yoso,omo_tekisei_code,ten_shisu_juni,40,6380,74.38,13.18,70.3,False
COURSE_27_05_芝_マイル,joken_class_code+kyori_tekisei+ls_shisu_juni,joken_class_code,kyori_tekisei,ls_shisu_juni,35,9055,74.36,12.26,70.29,False
COURSE_27_05_芝_マイル,kyori_tekisei+shiba_tekisei_code+tenkai_kigo_code,kyori_tekisei,shiba_tekisei_code,tenkai_kigo_code,20,8629,74.42,9.49,70.26,False
COURSE_27_05_芝_マイル,uma_start_shisu+kyori_tekisei+ten_shisu_juni,uma_start_shisu,kyori_tekisei,ten_shisu_juni,8,998,77.75,10.84,70.24,False
COURSE_27_05_芝_マイル,pace_yoso+omo_tekisei_code+ichi_shisu_juni,pace_yoso,omo_tekisei_code,ichi_shisu_juni,41,6754,73.91,11.98,70.24,False
COURSE_27_05_芝_マイル,pace_yoso+omo_tekisei_code+tenkai_kigo_code,pace_yoso,omo_tekisei_code,tenkai_kigo_code,22,9293,74.34,9.89,70.21,False
COURSE_27_05_芝_マイル,hizume_code+kyori_tekisei+agari_shisu_juni,hizume_code,kyori_tekisei,agari_shisu_juni,7,994,79.41,12.44,70.19,False
COURSE_27_05_芝_マイル,uma_start_shisu+uma_deokure_ritsu+tenkai_kigo_code,uma_start_shisu,uma_deokure_ritsu,tenkai_kigo_code,10,2659,75.65,8.85,70.17,False
COURSE_27_05_芝_マイル,pace_yoso+kyori_tekisei+tenkai_kigo_code,pace_yoso,kyori_tekisei,tenkai_kigo_code,26,10916,74.29,10.72,70.17,False
COURSE_27_05_芝_マイル,omo_tekisei_code+shiba_tekisei_code+ten_shisu_juni,omo_tekisei_code,shiba_tekisei_code,ten_shisu_juni,35,5832,74.5,13.12,70.16,False
COURSE_27_05_芝_マイル,omo_tekisei_code+hizume_code+kyori_tekisei,omo_tekisei_code,hizume_code,kyori_tekisei,27,6895,73.63,9.24,70.14,False
COURSE_27_05_芝_マイル,pace_yoso+joken_class_code+kyori_tekisei,pace_yoso,joken_class_code,kyori_tekisei,22,11241,73.49,8.05,70.13,False
COURSE_27_05_芝_マイル,omo_tekisei_code+uma_start_shisu+kyakushitsu,omo_tekisei_code,uma_start_shisu,kyakushitsu,22,5060,74.08,9.48,70.12,False
COURSE_27_05_芝_マイル,pace_yoso+joken_class_code+kyakushitsu,pace_yoso,joken_class_code,kyakushitsu,34,11617,73.77,10.92,70.1,False
COURSE_27_05_芝_マイル,omo_tekisei_code+uma_start_shisu+tenkai_kigo_code,omo_tekisei_code,uma_start_shisu,tenkai_kigo_code,27,5550,73.79,9.78,70.1,False
COURSE_27_05_芝_マイル,joken_class_code+manken_shirushi+shiba_tekisei_code,joken_class_code,manken_shirushi,shiba_tekisei_code,27,4469,73.87,10.04,70.09,False
COURSE_27_05_芝_マイル,shiba_tekisei_code+tenkai_kigo_code+agari_shisu_juni,shiba_tekisei_code,tenkai_kigo_code,agari_shisu_juni,31,7135,73.87,10.81,70.07,False
COURSE_27_05_芝_マイル,joken_class_code+manken_shisu+kyori_tekisei,joken_class_code,manken_shisu,kyori_tekisei,20,3086,73.34,7.47,70.06,False
COURSE_27_05_芝_マイル,omo_tekisei_code+kyori_tekisei+pace_shisu_juni,omo_tekisei_code,kyori_tekisei,pace_shisu_juni,32,5265,74.27,12.19,70.05,False
COURSE_27_05_芝_マイル,omo_tekisei_code+shiba_tekisei_code+pace_shisu_juni,omo_tekisei_code,shiba_tekisei_code,pace_shisu_juni,36,6098,74.02,12.19,70.04,False
COURSE_27_05_芝_マイル,pace_yoso+uma_deokure_ritsu+shiba_tekisei_code,pace_yoso,uma_deokure_ritsu,shiba_tekisei_code,17,4782,75.46,11.55,69.97,False
COURSE_27_05_芝_マイル,omo_tekisei_code+manken_shirushi+shiba_tekisei_code,omo_tekisei_code,manken_shirushi,shiba_tekisei_code,24,4789,73.82,9.63,69.97,False
COURSE_27_05_芝_マイル,pace_yoso+omo_tekisei_code+ls_shisu_juni,pace_yoso,omo_tekisei_code,ls_shisu_juni,34,8647,74.11,12.34,69.96,False
COURSE_27_05_芝_マイル,pace_yoso+joken_class_code+hizume_code,pace_yoso,joken_class_code,hizume_code,31,5964,73.72,10.71,69.95,False
COURSE_27_05_芝_マイル,pace_yoso+hizume_code+pace_shisu_juni,pace_yoso,hizume_code,pace_shisu_juni,11,1275,78.04,13.76,69.91,False
COURSE_27_05_芝_マイル,omo_tekisei_code+uma_start_shisu+agari_shisu_juni,omo_tekisei_code,uma_start_shisu,agari_shisu_juni,15,1672,75.68,11.4,69.91,False
COURSE_27_05_芝_マイル,pace_yoso+joken_class_code+class_code,pace_yoso,joken_class_code,class_code,23,8830,74.34,10.89,69.89,False
COURSE_27_05_芝_マイル,pace_yoso+joken_class_code+agari_shisu_juni,pace_yoso,joken_class_code,agari_shisu_juni,39,6311,73.14,10.38,69.88,False
COURSE_27_05_芝_マイル,omo_tekisei_code+uma_start_shisu+kyori_tekisei,omo_tekisei_code,uma_start_shisu,kyori_tekisei,27,5687,73.83,10.5,69.87,False
COURSE_27_05_芝_マイル,hizume_code+kyori_tekisei+tenkai_kigo_code,hizume_code,kyori_tekisei,tenkai_kigo_code,24,5296,74.98,12.8,69.86,False
COURSE_27_05_芝_マイル,kyori_tekisei+tenkai_kigo_code+ls_shisu_juni,kyori_tekisei,tenkai_kigo_code,ls_shisu_juni,40,8623,73.56,11.98,69.85,False
COURSE_27_05_芝_マイル,uma_start_shisu+ichi_shisu_juni+kyakushitsu,uma_start_shisu,ichi_shisu_juni,kyakushitsu,12,1749,75.75,10.45,69.84,False
COURSE_27_05_芝_マイル,hizume_code+agari_shisu_juni+kyakushitsu,hizume_code,agari_shisu_juni,kyakushitsu,7,772,76.88,9.5,69.84,False
COURSE_27_05_芝_マイル,pace_yoso+tenkai_kigo_code+ls_shisu_juni,pace_yoso,tenkai_kigo_code,ls_shisu_juni,41,9330,74.29,14.57,69.83,False
COURSE_27_05_芝_マイル,joken_class_code+uma_start_shisu+shiba_tekisei_code,joken_class_code,uma_start_shisu,shiba_tekisei_code,21,4917,74.09,10.09,69.77,False
COURSE_27_05_芝_マイル,joken_class_code+tenkai_kigo_code+ls_shisu_juni,joken_class_code,tenkai_kigo_code,ls_shisu_juni,37,7672,74.26,13.97,69.76,False
COURSE_27_05_芝_マイル,uma_start_shisu+shiba_tekisei_code+tenkai_kigo_code,uma_start_shisu,shiba_tekisei_code,tenkai_kigo_code,22,4863,74.84,12.16,69.75,False
COURSE_27_05_芝_マイル,rotation+shiba_tekisei_code+kyakushitsu,rotation,shiba_tekisei_code,kyakushitsu,28,4429,75.54,15.61,69.75,False
COURSE_27_05_芝_マイル,joken_class_code+rotation+shiba_tekisei_code,joken_class_code,rotation,shiba_tekisei_code,23,4665,74.69,12.16,69.72,False
COURSE_27_05_芝_マイル,omo_tekisei_code+uma_deokure_ritsu+kyori_tekisei,omo_tekisei_code,uma_deokure_ritsu,kyori_tekisei,16,4428,74.94,10.66,69.72,False
COURSE_27_05_芝_マイル,manken_shisu+ichi_shisu_juni+kyakushitsu,manken_shisu,ichi_shisu_juni,kyakushitsu,9,1044,76.32,10.11,69.71,False
COURSE_27_05_芝_マイル,pace_yoso+omo_tekisei_code+agari_shisu_juni,pace_yoso,omo_tekisei_code,agari_shisu_juni,38,6411,73.28,11.24,69.71,False
COURSE_27_05_芝_マイル,manken_shisu+ichi_shisu+ichi_shisu_juni,manken_shisu,ichi_shisu,ichi_shisu_juni,9,1044,76.32,10.11,69.71,False
COURSE_27_05_芝_マイル,hizume_code+uma_deokure_ritsu+class_code,hizume_code,uma_deokure_ritsu,class_code,7,1217,77.8,10.92,69.71,False
COURSE_27_05_芝_マイル,joken_class_code+shiba_tekisei_code+pace_shisu_juni,joken_class_code,shiba_tekisei_code,pace_shisu_juni,37,5330,74.02,13.42,69.7,False
COURSE_27_05_芝_マイル,joken_class_code+class_code+ichi_shisu_juni,joken_class_code,class_code,ichi_shisu_juni,33,4718,73.91,12.41,69.67,False
COURSE_27_05_芝_マイル,uma_start_shisu+uma_deokure_ritsu+ten_shisu_juni,uma_start_shisu,uma_deokure_ritsu,ten_shisu_juni,10,1501,77.05,11.93,69.66,False
COURSE_27_05_芝_マイル,joken_class_code+omo_tekisei_code+kyori_tekisei,joken_class_code,omo_tekisei_code,kyori_tekisei,23,8753,73.06,8.34,69.65,False
COURSE_27_05_芝_マイル,joken_class_code+kyori_tekisei+kyakushitsu,joken_class_code,kyori_tekisei,kyakushitsu,30,10586,74.09,12.5,69.62,False
COURSE_27_05_芝_マイル,omo_tekisei_code+tenkai_kigo_code+kyakushitsu,omo_tekisei_code,tenkai_kigo_code,kyakushitsu,25,9589,74.55,12.61,69.6,False
COURSE_27_05_芝_マイル,pace_yoso+hizume_code+class_code,pace_yoso,hizume_code,class_code,21,3518,74.46,11.38,69.59,False
COURSE_27_05_芝_マイル,pace_yoso+kyori_tekisei+ten_shisu_juni,pace_yoso,kyori_tekisei,ten_shisu_juni,32,6877,74.47,14.11,69.58,False
COURSE_27_05_芝_マイル,omo_tekisei_code+kyori_tekisei+agari_shisu_juni,omo_tekisei_code,kyori_tekisei,agari_shisu_juni,31,5353,73.47,11.11,69.56,False
COURSE_27_05_芝_マイル,uma_start_shisu+kyori_tekisei+pace_shisu_juni,uma_start_shisu,kyori_tekisei,pace_shisu_juni,9,1147,77.59,12.29,69.55,False
COURSE_27_05_芝_マイル,pace_yoso+hizume_code+agari_shisu_juni,pace_yoso,hizume_code,agari_shisu_juni,8,1035,77.32,11.25,69.53,False
COURSE_27_05_芝_マイル,joken_class_code+uma_start_shisu+kyakushitsu,joken_class_code,uma_start_shisu,kyakushitsu,16,3450,73.75,8.62,69.53,False
COURSE_27_05_芝_マイル,kyori_tekisei+ten_shisu_juni+kyakushitsu,kyori_tekisei,ten_shisu_juni,kyakushitsu,30,5485,74.44,13.73,69.52,False
COURSE_27_05_芝_マイル,pace_yoso+tenkai_kigo_code+kyakushitsu,pace_yoso,tenkai_kigo_code,kyakushitsu,28,11531,73.93,11.9,69.52,False
COURSE_27_05_芝_マイル,hizume_code+shiba_tekisei_code+agari_shisu_juni,hizume_code,shiba_tekisei_code,agari_shisu_juni,7,1000,78.41,12.01,69.52,False
COURSE_27_05_芝_マイル,joken_class_code+shiba_tekisei_code+ls_shisu_juni,joken_class_code,shiba_tekisei_code,ls_shisu_juni,34,7701,73.82,12.83,69.51,False
COURSE_27_05_芝_マイル,pace_yoso+hizume_code+kyori_tekisei,pace_yoso,hizume_code,kyori_tekisei,26,6234,73.94,11.54,69.5,False
COURSE_27_05_芝_マイル,pace_yoso+joken_class_code+pace_shisu_juni,pace_yoso,joken_class_code,pace_shisu_juni,35,6019,73.98,13.56,69.49,False
COURSE_27_05_芝_マイル,omo_tekisei_code+uma_start_shisu+ten_shisu_juni,omo_tekisei_code,uma_start_shisu,ten_shisu_juni,10,1217,77.95,13.67,69.48,False
COURSE_27_05_芝_マイル,uma_start_shisu+agari_shisu_juni+kyakushitsu,uma_start_shisu,agari_shisu_juni,kyakushitsu,10,1100,77.38,12.77,69.47,False
COURSE_27_05_芝_マイル,joken_class_code+uma_start_shisu+uma_deokure_ritsu,joken_class_code,uma_start_shisu,uma_deokure_ritsu,8,2604,77.58,11.72,69.46,False
COURSE_27_05_芝_マイル,pace_yoso+omo_tekisei_code+kyori_tekisei,pace_yoso,omo_tekisei_code,kyori_tekisei,23,9693,72.45,7.34,69.46,False
COURSE_27_05_芝_マイル,shiba_tekisei_code+ls_shisu_juni+class_code,shiba_tekisei_code,ls_shisu_juni,class_code,25,5275,74.96,14.02,69.46,False
COURSE_27_05_芝_マイル,hizume_code+shiba_tekisei_code+kyakushitsu,hizume_code,shiba_tekisei_code,kyakushitsu,30,5946,74.14,13.29,69.38,False
COURSE_27_05_芝_マイル,pace_yoso+uma_start_shisu+tenkai_kigo_code,pace_yoso,uma_start_shisu,tenkai_kigo_code,23,5117,73.89,11.09,69.35,False
COURSE_27_05_芝_マイル,pace_yoso+omo_tekisei_code+uma_start_shisu,pace_yoso,omo_tekisei_code,uma_start_shisu,25,6101,73.23,9.89,69.35,False
COURSE_27_05_芝_マイル,joken_class_code+kyori_tekisei+class_code,joken_class_code,kyori_tekisei,class_code,21,8057,73.97,10.82,69.34,False
COURSE_27_05_芝_マイル,joken_class_code+manken_shirushi+class_code,joken_class_code,manken_shirushi,class_code,24,3790,72.68,8.37,69.33,False
COURSE_27_05_芝_マイル,pace_yoso+ichi_shisu_juni+kyakushitsu,pace_yoso,ichi_shisu_juni,kyakushitsu,38,8107,74.45,16.16,69.32,False
COURSE_27_05_芝_マイル,joken_class_code+rotation+kyori_tekisei,joken_class_code,rotation,kyori_tekisei,20,3551,74.0,10.67,69.32,False
COURSE_27_05_芝_マイル,uma_start_shisu+hizume_code+shiba_tekisei_code,uma_start_shisu,hizume_code,shiba_tekisei_code,14,2325,75.02,10.92,69.3,False
COURSE_27_05_芝_マイル,pace_yoso+uma_start_shisu+agari_shisu_juni,pace_yoso,uma_start_shisu,agari_shisu_juni,9,1047,75.18,9.09,69.24,False
COURSE_27_05_芝_マイル,joken_class_code+shiba_tekisei_code+kyakushitsu,joken_class_code,shiba_tekisei_code,kyakushitsu,24,8748,74.5,13.17,69.23,False
COURSE_27_05_芝_マイル,joken_class_code+class_code+pace_shisu_juni,joken_class_code,class_code,pace_shisu_juni,34,4787,73.36,12.33,69.22,False
COURSE_27_05_芝_マイル,omo_tekisei_code+hizume_code+ten_shisu_juni,omo_tekisei_code,hizume_code,ten_shisu_juni,11,1386,75.89,11.36,69.18,False
COURSE_27_05_芝_マイル,kyori_tekisei+tenkai_kigo_code+ichi_shisu_juni,kyori_tekisei,tenkai_kigo_code,ichi_shisu_juni,19,5569,74.93,12.82,69.17,False
COURSE_27_05_芝_マイル,uma_start_shisu+kyori_tekisei+class_code,uma_start_shisu,kyori_tekisei,class_code,10,2391,75.21,9.74,69.17,False
COURSE_27_05_芝_マイル,manken_shisu+ichi_shisu+kyakushitsu,manken_shisu,ichi_shisu,kyakushitsu,9,1079,76.35,10.99,69.16,False
COURSE_27_05_芝_マイル,omo_tekisei_code+agari_shisu_juni+kyakushitsu,omo_tekisei_code,agari_shisu_juni,kyakushitsu,35,4957,73.09,11.85,69.16,False
COURSE_27_05_芝_マイル,omo_tekisei_code+hizume_code+class_code,omo_tekisei_code,hizume_code,class_code,21,4007,73.78,10.8,69.16,False
COURSE_27_05_芝_マイル,joken_class_code+manken_shisu+kyakushitsu,joken_class_code,manken_shisu,kyakushitsu,9,1079,76.35,10.99,69.16,False
COURSE_27_05_芝_マイル,manken_shisu+kyori_tekisei+kyakushitsu,manken_shisu,kyori_tekisei,kyakushitsu,9,1079,76.35,10.99,69.16,False
COURSE_27_05_芝_マイル,kyori_tekisei+tenkai_kigo_code+kyakushitsu,kyori_tekisei,tenkai_kigo_code,kyakushitsu,30,11248,73.69,12.69,69.15,False
COURSE_27_05_芝_マイル,joken_class_code+tenkai_kigo_code+kyakushitsu,joken_class_code,tenkai_kigo_code,kyakushitsu,31,10509,74.01,13.88,69.13,False
COURSE_27_05_芝_マイル,kyori_tekisei+nyukyu_nannichimae+shiba_tekisei_code,kyori_tekisei,nyukyu_nannichimae,shiba_tekisei_code,7,1168,76.85,10.49,69.08,False
COURSE_27_05_芝_マイル,tenkai_kigo_code+class_code+ten_shisu_juni,tenkai_kigo_code,class_code,ten_shisu_juni,7,825,80.35,15.32,69.0,False
COURSE_27_05_芝_マイル,manken_shirushi+uma_start_shisu+shiba_tekisei_code,manken_shirushi,uma_start_shisu,shiba_tekisei_code,7,966,76.46,10.08,68.99,False
COURSE_27_05_芝_マイル,manken_shirushi+kyori_tekisei+tenkai_kigo_code,manken_shirushi,kyori_tekisei,tenkai_kigo_code,26,4361,73.4,11.48,68.98,False
COURSE_27_05_芝_マイル,joken_class_code+uma_deokure_ritsu+kyori_tekisei,joken_class_code,uma_deokure_ritsu,kyori_tekisei,13,3885,74.37,9.91,68.98,False
COURSE_27_05_芝_マイル,rotation+kyori_tekisei+kyakushitsu,rotation,kyori_tekisei,kyakushitsu,20,3335,75.57,15.05,68.97,False
COURSE_27_05_芝_マイル,joken_class_code+class_code+ten_shisu_juni,joken_class_code,class_code,ten_shisu_juni,34,4643,73.14,12.42,68.96,False
COURSE_27_05_芝_マイル,hizume_code+kyori_tekisei+shiba_tekisei_code,hizume_code,kyori_tekisei,shiba_tekisei_code,27,7097,72.77,10.14,68.94,False
COURSE_27_05_芝_マイル,uma_start_shisu+uma_deokure_ritsu+kyori_tekisei,uma_start_shisu,uma_deokure_ritsu,kyori_tekisei,6,2364,72.7,4.72,68.92,False
COURSE_27_05_芝_マイル,omo_tekisei_code+kyori_tekisei+kyakushitsu,omo_tekisei_code,kyori_tekisei,kyakushitsu,28,9338,73.13,11.41,68.9,False
COURSE_27_05_芝_マイル,joken_class_code+shiba_tekisei_code+agari_shisu_juni,joken_class_code,shiba_tekisei_code,agari_shisu_juni,33,5188,72.15,9.59,68.88,False
COURSE_27_05_芝_マイル,hizume_code+tenkai_kigo_code+agari_shisu_juni,hizume_code,tenkai_kigo_code,agari_shisu_juni,18,2897,74.28,11.77,68.85,False
COURSE_27_05_芝_マイル,pace_yoso+joken_class_code+manken_shisu,pace_yoso,joken_class_code,manken_shisu,15,1944,73.82,9.84,68.84,False
COURSE_27_05_芝_マイル,hizume_code+shiba_tekisei_code+pace_shisu_juni,hizume_code,shiba_tekisei_code,pace_shisu_juni,9,1079,80.44,17.75,68.84,False
COURSE_27_05_芝_マイル,uma_deokure_ritsu+kyori_tekisei+kyakushitsu,uma_deokure_ritsu,kyori_tekisei,kyakushitsu,15,3853,73.23,8.76,68.8,False
COURSE_27_05_芝_マイル,uma_deokure_ritsu+tenkai_kigo_code+ichi_shisu_juni,uma_deokure_ritsu,tenkai_kigo_code,ichi_shisu_juni,11,2057,75.61,11.55,68.79,False
COURSE_27_05_芝_マイル,shiba_tekisei_code+class_code+pace_shisu_juni,shiba_tekisei_code,class_code,pace_shisu_juni,30,3747,73.08,12.0,68.79,False
COURSE_27_05_芝_マイル,hizume_code+kyori_tekisei+kyakushitsu,hizume_code,kyori_tekisei,kyakushitsu,25,5103,73.45,11.92,68.78,False
COURSE_27_05_芝_マイル,pace_yoso+hizume_code+kyakushitsu,pace_yoso,hizume_code,kyakushitsu,28,6054,74.14,14.5,68.77,False
COURSE_27_05_芝_マイル,uma_start_shisu+shiba_tekisei_code+ichi_shisu_juni,uma_start_shisu,shiba_tekisei_code,ichi_shisu_juni,10,1397,75.71,11.21,68.76,False
COURSE_27_05_芝_マイル,manken_shisu+shiba_tekisei_code+tenkai_kigo_code,manken_shisu,shiba_tekisei_code,tenkai_kigo_code,10,1140,74.71,9.63,68.74,False
COURSE_27_05_芝_マイル,joken_class_code+tenkai_kigo_code+ten_shisu_juni,joken_class_code,tenkai_kigo_code,ten_shisu_juni,31,4841,74.07,15.18,68.73,False
COURSE_27_05_芝_マイル,pace_yoso+manken_shirushi+tenkai_kigo_code,pace_yoso,manken_shirushi,tenkai_kigo_code,35,5132,72.75,12.23,68.7,False
COURSE_27_05_芝_マイル,hizume_code+shiba_tekisei_code+class_code,hizume_code,shiba_tekisei_code,class_code,21,4382,71.62,6.83,68.7,False
COURSE_27_05_芝_マイル,shiba_tekisei_code+class_code+ichi_shisu_juni,shiba_tekisei_code,class_code,ichi_shisu_juni,29,3698,73.71,13.75,68.7,False
COURSE_27_05_芝_マイル,joken_class_code+kyori_tekisei+ten_shisu_juni,joken_class_code,kyori_tekisei,ten_shisu_juni,28,5796,74.03,14.42,68.69,False
COURSE_27_05_芝_マイル,pace_yoso+uma_start_shisu+kyori_tekisei,pace_yoso,uma_start_shisu,kyori_tekisei,23,5422,74.28,13.67,68.69,False
COURSE_27_05_芝_マイル,kyori_tekisei+shiba_tekisei_code+ls_shisu_juni,kyori_tekisei,shiba_tekisei_code,ls_shisu_juni,28,7845,72.43,10.14,68.68,False
COURSE_27_05_芝_マイル,uma_start_shisu+uma_deokure_ritsu+kyakushitsu,uma_start_shisu,uma_deokure_ritsu,kyakushitsu,6,2464,76.45,9.71,68.68,False
COURSE_27_05_芝_マイル,pace_yoso+omo_tekisei_code+kyakushitsu,pace_yoso,omo_tekisei_code,kyakushitsu,26,10039,73.44,12.45,68.66,False
COURSE_27_05_芝_マイル,class_code+ichi_shisu_juni+kyakushitsu,class_code,ichi_shisu_juni,kyakushitsu,5,565,80.59,13.62,68.65,False
COURSE_27_05_芝_マイル,kyori_tekisei+agari_shisu_juni+kyakushitsu,kyori_tekisei,agari_shisu_juni,kyakushitsu,32,5463,73.67,14.53,68.64,False
COURSE_27_05_芝_マイル,uma_deokure_ritsu+shiba_tekisei_code+kyakushitsu,uma_deokure_ritsu,shiba_tekisei_code,kyakushitsu,15,4203,74.12,10.86,68.62,False
COURSE_27_05_芝_マイル,joken_class_code+uma_deokure_ritsu+kyakushitsu,joken_class_code,uma_deokure_ritsu,kyakushitsu,16,4015,73.1,9.16,68.61,False
COURSE_27_05_芝_マイル,omo_tekisei_code+uma_deokure_ritsu+tenkai_kigo_code,omo_tekisei_code,uma_deokure_ritsu,tenkai_kigo_code,16,4341,73.94,10.87,68.61,False
COURSE_27_05_芝_マイル,uma_start_shisu+kyori_tekisei+agari_shisu_juni,uma_start_shisu,kyori_tekisei,agari_shisu_juni,9,1090,75.77,10.98,68.6,False
COURSE_27_05_芝_マイル,joken_class_code+tenkai_kigo_code+agari_shisu_juni,joken_class_code,tenkai_kigo_code,agari_shisu_juni,40,7534,71.98,10.98,68.58,False
COURSE_27_05_芝_マイル,pace_yoso+joken_class_code+rotation,pace_yoso,joken_class_code,rotation,23,4102,72.37,9.3,68.57,False
COURSE_27_05_芝_マイル,hizume_code+kyori_tekisei+class_code,hizume_code,kyori_tekisei,class_code,17,3243,72.78,8.86,68.57,False
COURSE_27_05_芝_マイル,shiba_tekisei_code+tenkai_kigo_code+ls_shisu_juni,shiba_tekisei_code,tenkai_kigo_code,ls_shisu_juni,29,6637,73.01,12.19,68.57,False
COURSE_27_05_芝_マイル,pace_yoso+tenkai_kigo_code+agari_shisu_juni,pace_yoso,tenkai_kigo_code,agari_shisu_juni,38,9158,72.29,11.76,68.55,False
COURSE_27_05_芝_マイル,kyori_tekisei+shiba_tekisei_code+ten_shisu_juni,kyori_tekisei,shiba_tekisei_code,ten_shisu_juni,30,5571,72.63,11.46,68.53,False
COURSE_27_05_芝_マイル,joken_class_code+uma_start_shisu+kyori_tekisei,joken_class_code,uma_start_shisu,kyori_tekisei,20,4122,72.97,10.15,68.52,False
COURSE_27_05_芝_マイル,omo_tekisei_code+tenkai_kigo_code+ls_shisu_juni,omo_tekisei_code,tenkai_kigo_code,ls_shisu_juni,26,6688,73.33,12.58,68.5,False
COURSE_27_05_芝_マイル,omo_tekisei_code+ls_shisu_juni+kyakushitsu,omo_tekisei_code,ls_shisu_juni,kyakushitsu,40,7977,73.31,15.52,68.5,False
COURSE_27_05_芝_マイル,pace_yoso+kyori_tekisei+pace_shisu_juni,pace_yoso,kyori_tekisei,pace_shisu_juni,31,6886,73.92,15.45,68.48,False
COURSE_27_05_芝_マイル,hizume_code+uma_deokure_ritsu+kyori_tekisei,hizume_code,uma_deokure_ritsu,kyori_tekisei,10,2030,75.73,11.74,68.46,False
COURSE_27_05_芝_マイル,rotation+hizume_code+kyori_tekisei,rotation,hizume_code,kyori_tekisei,9,1319,75.57,10.89,68.45,False
COURSE_27_05_芝_マイル,pace_yoso+ten_shisu_juni+kyakushitsu,pace_yoso,ten_shisu_juni,kyakushitsu,39,6433,72.69,13.53,68.44,False
COURSE_27_05_芝_マイル,tenkai_kigo_code+ichi_shisu_juni+kyakushitsu,tenkai_kigo_code,ichi_shisu_juni,kyakushitsu,28,7595,73.57,13.91,68.42,False
COURSE_27_05_芝_マイル,tenkai_kigo_code+class_code+agari_shisu_juni,tenkai_kigo_code,class_code,agari_shisu_juni,25,3777,72.36,10.07,68.42,False
COURSE_27_05_芝_マイル,joken_class_code+omo_tekisei_code+pace_shisu_juni,joken_class_code,omo_tekisei_code,pace_shisu_juni,20,2822,73.64,11.95,68.41,False
COURSE_27_05_芝_マイル,joken_class_code+manken_shirushi+tenkai_kigo_code,joken_class_code,manken_shirushi,tenkai_kigo_code,28,3659,72.57,11.27,68.4,False
COURSE_27_05_芝_マイル,pace_yoso+shiba_tekisei_code+kyakushitsu,pace_yoso,shiba_tekisei_code,kyakushitsu,23,9243,72.96,11.16,68.4,False
COURSE_27_05_芝_マイル,kyori_tekisei+ls_shisu_juni+class_code,kyori_tekisei,ls_shisu_juni,class_code,25,4321,73.72,13.6,68.39,False
COURSE_27_05_芝_マイル,pace_yoso+uma_start_shisu+hizume_code,pace_yoso,uma_start_shisu,hizume_code,15,2555,73.84,10.77,68.39,False
COURSE_27_05_芝_マイル,joken_class_code+hizume_code+shiba_tekisei_code,joken_class_code,hizume_code,shiba_tekisei_code,30,6604,71.7,9.28,68.38,False
COURSE_27_05_芝_マイル,uma_start_shisu+kyori_tekisei+tenkai_kigo_code,uma_start_shisu,kyori_tekisei,tenkai_kigo_code,23,4681,73.69,13.07,68.35,False
COURSE_27_05_芝_マイル,pace_yoso+uma_deokure_ritsu+agari_shisu_juni,pace_yoso,uma_deokure_ritsu,agari_shisu_juni,10,1138,74.38,9.75,68.34,False
COURSE_27_05_芝_マイル,shiba_tekisei_code+class_code+kyakushitsu,shiba_tekisei_code,class_code,kyakushitsu,23,6631,74.4,14.93,68.3,False
COURSE_27_05_芝_マイル,pace_yoso+kyori_tekisei+kyakushitsu,pace_yoso,kyori_tekisei,kyakushitsu,29,11250,71.88,9.92,68.27,False
COURSE_27_05_芝_マイル,uma_deokure_ritsu+kyori_tekisei+ls_shisu_juni,uma_deokure_ritsu,kyori_tekisei,ls_shisu_juni,13,2596,75.69,13.68,68.26,False
COURSE_27_05_芝_マイル,uma_deokure_ritsu+kyori_tekisei+tenkai_kigo_code,uma_deokure_ritsu,kyori_tekisei,tenkai_kigo_code,17,3967,73.77,11.62,68.25,False
COURSE_27_05_芝_マイル,omo_tekisei_code+hizume_code+kyakushitsu,omo_tekisei_code,hizume_code,kyakushitsu,30,6752,73.54,14.82,68.24,False
COURSE_27_05_芝_マイル,shiba_tekisei_code+class_code+ten_shisu_juni,shiba_tekisei_code,class_code,ten_shisu_juni,29,3513,73.11,13.45,68.21,False
COURSE_27_05_芝_マイル,joken_class_code+omo_tekisei_code+uma_start_shisu,joken_class_code,omo_tekisei_code,uma_start_shisu,13,3587,73.07,8.95,68.21,False
COURSE_27_05_芝_マイル,joken_class_code+hizume_code+tenkai_kigo_code,joken_class_code,hizume_code,tenkai_kigo_code,23,4327,72.52,10.6,68.18,False
COURSE_27_05_芝_マイル,uma_start_shisu+shiba_tekisei_code+class_code,uma_start_shisu,shiba_tekisei_code,class_code,15,3338,73.22,9.98,68.17,False
COURSE_27_05_芝_マイル,pace_yoso+manken_shirushi+ichi_shisu_juni,pace_yoso,manken_shirushi,ichi_shisu_juni,8,1639,75.96,11.23,68.17,False
COURSE_27_05_芝_マイル,kyori_tekisei+shiba_tekisei_code+kyakushitsu,kyori_tekisei,shiba_tekisei_code,kyakushitsu,20,8798,73.02,11.08,68.16,False
COURSE_27_05_芝_マイル,joken_class_code+uma_start_shisu+tenkai_kigo_code,joken_class_code,uma_start_shisu,tenkai_kigo_code,17,3472,72.42,8.99,68.15,False
COURSE_27_05_芝_マイル,kyori_tekisei+shiba_tekisei_code+ichi_shisu_juni,kyori_tekisei,shiba_tekisei_code,ichi_shisu_juni,26,5266,72.91,12.4,68.14,False
COURSE_27_05_芝_マイル,pace_yoso+agari_shisu_juni+kyakushitsu,pace_yoso,agari_shisu_juni,kyakushitsu,40,6349,72.55,14.27,68.13,False
COURSE_27_05_芝_マイル,manken_shirushi+shiba_tekisei_code+class_code,manken_shirushi,shiba_tekisei_code,class_code,22,3074,72.34,10.09,68.12,False
COURSE_27_05_芝_マイル,omo_tekisei_code+uma_start_shisu+pace_shisu_juni,omo_tekisei_code,uma_start_shisu,pace_shisu_juni,14,1682,74.75,12.64,68.12,False
COURSE_27_05_芝_マイル,joken_class_code+hizume_code+class_code,joken_class_code,hizume_code,class_code,23,5319,71.65,8.66,68.11,False
COURSE_27_05_芝_マイル,omo_tekisei_code+rotation+tenkai_kigo_code,omo_tekisei_code,rotation,tenkai_kigo_code,26,5440,71.87,9.9,68.07,False
COURSE_27_05_芝_マイル,joken_class_code+omo_tekisei_code+ls_shisu_juni,joken_class_code,omo_tekisei_code,ls_shisu_juni,36,6903,72.7,14.21,68.06,False
COURSE_27_05_芝_マイル,joken_class_code+uma_start_shisu+class_code,joken_class_code,uma_start_shisu,class_code,17,4042,71.58,7.46,68.03,False
COURSE_27_05_芝_マイル,omo_tekisei_code+manken_shirushi+tenkai_kigo_code,omo_tekisei_code,manken_shirushi,tenkai_kigo_code,22,3834,71.8,9.02,68.03,False
COURSE_27_05_芝_マイル,joken_class_code+class_code+agari_shisu_juni,joken_class_code,class_code,agari_shisu_juni,30,4682,71.73,10.39,68.01,False
COURSE_27_05_芝_マイル,omo_tekisei_code+hizume_code+tenkai_kigo_code,omo_tekisei_code,hizume_code,tenkai_kigo_code,26,6534,72.31,11.2,68.01,False
COURSE_27_05_芝_マイル,uma_start_shisu+uma_deokure_ritsu+ichi_shisu_juni,uma_start_shisu,uma_deokure_ritsu,ichi_shisu_juni,9,1623,76.16,12.49,68.0,False
COURSE_27_05_芝_マイル,joken_class_code+uma_deokure_ritsu+tenkai_kigo_code,joken_class_code,uma_deokure_ritsu,tenkai_kigo_code,17,4015,72.38,9.31,67.96,False
COURSE_27_05_芝_マイル,shiba_tekisei_code+class_code+agari_shisu_juni,shiba_tekisei_code,class_code,agari_shisu_juni,27,3777,71.74,10.05,67.95,False
COURSE_27_05_芝_マイル,pace_yoso+rotation+shiba_tekisei_code,pace_yoso,rotation,shiba_tekisei_code,28,5703,71.98,11.07,67.88,False
COURSE_27_05_芝_マイル,kyori_tekisei+ls_shisu_juni+ichi_shisu_juni,kyori_tekisei,ls_shisu_juni,ichi_shisu_juni,9,2693,74.28,9.8,67.88,False
COURSE_27_05_芝_マイル,pace_yoso+joken_class_code+ls_shisu_juni,pace_yoso,joken_class_code,ls_shisu_juni,41,9855,71.79,12.76,67.88,False
COURSE_27_05_芝_マイル,kyori_tekisei+shiba_tekisei_code+agari_shisu_juni,kyori_tekisei,shiba_tekisei_code,agari_shisu_juni,25,5402,71.85,10.14,67.88,False
COURSE_27_05_芝_マイル,omo_tekisei_code+uma_start_shisu+ichi_shisu_juni,omo_tekisei_code,uma_start_shisu,ichi_shisu_juni,13,1804,75.46,13.97,67.87,False
COURSE_27_05_芝_マイル,pace_yoso+tenkai_kigo_code+ichi_shisu_juni,pace_yoso,tenkai_kigo_code,ichi_shisu_juni,29,7089,73.62,15.86,67.85,False
COURSE_27_05_芝_マイル,uma_start_shisu+tenkai_kigo_code+class_code,uma_start_shisu,tenkai_kigo_code,class_code,9,1975,71.82,6.09,67.84,False
COURSE_27_05_芝_マイル,uma_start_shisu+kyakushitsu+pace_shisu_juni,uma_start_shisu,kyakushitsu,pace_shisu_juni,9,1076,75.0,10.97,67.83,False
COURSE_27_05_芝_マイル,omo_tekisei_code+uma_start_shisu+hizume_code,omo_tekisei_code,uma_start_shisu,hizume_code,14,2747,73.02,9.92,67.82,False
COURSE_27_05_芝_マイル,uma_start_shisu+tenkai_kigo_code+kyakushitsu,uma_start_shisu,tenkai_kigo_code,kyakushitsu,25,5344,73.32,14.1,67.79,False
COURSE_27_05_芝_マイル,uma_deokure_ritsu+tenkai_kigo_code+ls_shisu_juni,uma_deokure_ritsu,tenkai_kigo_code,ls_shisu_juni,10,2260,74.02,10.07,67.77,False
COURSE_27_05_芝_マイル,pace_yoso+uma_deokure_ritsu+tenkai_kigo_code,pace_yoso,uma_deokure_ritsu,tenkai_kigo_code,20,4537,73.1,12.16,67.77,False
COURSE_27_05_芝_マイル,nyukyu_nannichimae+shiba_tekisei_code+tenkai_kigo_code,nyukyu_nannichimae,shiba_tekisei_code,tenkai_kigo_code,6,733,71.53,4.72,67.75,False
COURSE_27_05_芝_マイル,uma_start_shisu+ls_shisu_juni+kyakushitsu,uma_start_shisu,ls_shisu_juni,kyakushitsu,14,2349,74.64,13.16,67.74,False
COURSE_27_05_芝_マイル,joken_class_code+tenkai_kigo_code+class_code,joken_class_code,tenkai_kigo_code,class_code,24,7647,73.91,15.43,67.74,False
COURSE_27_05_芝_マイル,omo_tekisei_code+kyori_tekisei+class_code,omo_tekisei_code,kyori_tekisei,class_code,21,6562,72.47,11.08,67.73,False
COURSE_27_05_芝_マイル,joken_class_code+omo_tekisei_code+agari_shisu_juni,joken_class_code,omo_tekisei_code,agari_shisu_juni,20,2940,72.68,11.31,67.73,False
COURSE_27_05_芝_マイル,pace_yoso+ls_shisu_juni+kyakushitsu,pace_yoso,ls_shisu_juni,kyakushitsu,44,9492,72.06,14.64,67.73,False
COURSE_27_05_芝_マイル,pace_yoso+class_code+pace_shisu_juni,pace_yoso,class_code,pace_shisu_juni,3,312,76.7,7.97,67.68,False
COURSE_27_05_芝_マイル,omo_tekisei_code+tenkai_kigo_code+class_code,omo_tekisei_code,tenkai_kigo_code,class_code,23,5990,71.54,9.48,67.67,False
COURSE_27_05_芝_マイル,manken_shirushi+uma_start_shisu+uma_deokure_ritsu,manken_shirushi,uma_start_shisu,uma_deokure_ritsu,8,1269,75.1,10.74,67.66,False
COURSE_27_05_芝_マイル,pace_yoso+shiba_tekisei_code+ls_shisu_juni,pace_yoso,shiba_tekisei_code,ls_shisu_juni,31,7964,72.08,12.67,67.62,False
COURSE_27_05_芝_マイル,pace_yoso+rotation+kyakushitsu,pace_yoso,rotation,kyakushitsu,28,4511,74.14,17.62,67.61,False
COURSE_27_05_芝_マイル,manken_shirushi+ichi_shisu+ichi_shisu_juni,manken_shirushi,ichi_shisu,ichi_shisu_juni,8,1621,74.04,9.27,67.61,False
COURSE_27_05_芝_マイル,manken_shisu+kyori_tekisei+ichi_shisu,manken_shisu,kyori_tekisei,ichi_shisu,10,1216,74.4,10.96,67.61,False
COURSE_27_05_芝_マイル,manken_shirushi+ichi_shisu_juni+kyakushitsu,manken_shirushi,ichi_shisu_juni,kyakushitsu,8,1621,74.04,9.27,67.61,False
COURSE_27_05_芝_マイル,omo_tekisei_code+shiba_tekisei_code+ls_shisu_juni,omo_tekisei_code,shiba_tekisei_code,ls_shisu_juni,29,8001,72.19,12.66,67.58,False
COURSE_27_05_芝_マイル,manken_shirushi+shiba_tekisei_code+tenkai_kigo_code,manken_shirushi,shiba_tekisei_code,tenkai_kigo_code,18,3265,72.98,11.7,67.57,False
COURSE_27_05_芝_マイル,pace_yoso+manken_shirushi+uma_start_shisu,pace_yoso,manken_shirushi,uma_start_shisu,8,988,76.07,12.29,67.56,False
COURSE_27_05_芝_マイル,omo_tekisei_code+tenkai_kigo_code+ichi_shisu_juni,omo_tekisei_code,tenkai_kigo_code,ichi_shisu_juni,30,5619,73.0,15.21,67.55,False
COURSE_27_05_芝_マイル,shiba_tekisei_code+tenkai_kigo_code+ten_shisu_juni,shiba_tekisei_code,tenkai_kigo_code,ten_shisu_juni,23,4049,73.17,13.77,67.54,False
COURSE_27_05_芝_マイル,omo_tekisei_code+shiba_tekisei_code+agari_shisu_juni,omo_tekisei_code,shiba_tekisei_code,agari_shisu_juni,35,6218,72.32,14.46,67.53,False
COURSE_27_05_芝_マイル,omo_tekisei_code+tenkai_kigo_code+agari_shisu_juni,omo_tekisei_code,tenkai_kigo_code,agari_shisu_juni,27,7445,71.81,11.36,67.53,False
COURSE_27_05_芝_マイル,hizume_code+tenkai_kigo_code+kyakushitsu,hizume_code,tenkai_kigo_code,kyakushitsu,27,6072,72.64,13.54,67.53,False
COURSE_27_05_芝_マイル,uma_deokure_ritsu+tenkai_kigo_code+pace_shisu_juni,uma_deokure_ritsu,tenkai_kigo_code,pace_shisu_juni,10,1778,74.96,11.99,67.53,False
COURSE_27_05_芝_マイル,joken_class_code+uma_deokure_ritsu+ls_shisu_juni,joken_class_code,uma_deokure_ritsu,ls_shisu_juni,14,2614,75.71,15.62,67.52,False
COURSE_27_05_芝_マイル,joken_class_code+manken_shirushi+uma_deokure_ritsu,joken_class_code,manken_shirushi,uma_deokure_ritsu,8,1131,76.0,12.25,67.51,False
COURSE_27_05_芝_マイル,pace_yoso+tenkai_kigo_code+ten_shisu_juni,pace_yoso,tenkai_kigo_code,ten_shisu_juni,36,6677,72.24,14.53,67.49,False
COURSE_27_05_芝_マイル,uma_start_shisu+hizume_code+kyori_tekisei,uma_start_shisu,hizume_code,kyori_tekisei,12,2043,73.85,11.29,67.46,False
COURSE_27_05_芝_マイル,ichi_shisu+tenkai_kigo_code+kyakushitsu,ichi_shisu,tenkai_kigo_code,kyakushitsu,4,2559,78.02,10.79,67.45,False
COURSE_27_05_芝_マイル,manken_shirushi+uma_start_shisu+kyakushitsu,manken_shirushi,uma_start_shisu,kyakushitsu,6,680,78.86,14.26,67.45,False
COURSE_27_05_芝_マイル,joken_class_code+tenkai_kigo_code+pace_shisu_juni,joken_class_code,tenkai_kigo_code,pace_shisu_juni,32,5220,72.18,13.83,67.39,False
COURSE_27_05_芝_マイル,kyori_tekisei+class_code+kyakushitsu,kyori_tekisei,class_code,kyakushitsu,23,5632,74.51,17.44,67.38,False
COURSE_27_05_芝_マイル,pace_yoso+omo_tekisei_code+pace_shisu_juni,pace_yoso,omo_tekisei_code,pace_shisu_juni,35,6004,71.94,13.85,67.35,False
COURSE_27_05_芝_マイル,rotation+hizume_code+shiba_tekisei_code,rotation,hizume_code,shiba_tekisei_code,10,1534,74.77,12.0,67.34,False
COURSE_27_05_芝_マイル,uma_start_shisu+tenkai_kigo_code+agari_shisu_juni,uma_start_shisu,tenkai_kigo_code,agari_shisu_juni,14,2442,72.06,9.04,67.32,False
COURSE_27_05_芝_マイル,tenkai_kigo_code+ls_shisu_juni+agari_shisu_juni,tenkai_kigo_code,ls_shisu_juni,agari_shisu_juni,33,4904,71.99,13.74,67.31,False
COURSE_27_05_芝_マイル,pace_yoso+manken_shirushi+ichi_shisu,pace_yoso,manken_shirushi,ichi_shisu,8,1501,75.46,11.77,67.3,False
COURSE_27_05_芝_マイル,rotation+tenkai_kigo_code+kyakushitsu,rotation,tenkai_kigo_code,kyakushitsu,28,5283,72.58,14.31,67.28,False
COURSE_27_05_芝_マイル,joken_class_code+kyori_tekisei+pace_shisu_juni,joken_class_code,kyori_tekisei,pace_shisu_juni,32,6363,72.04,13.8,67.25,False
COURSE_27_05_芝_マイル,uma_start_shisu+shiba_tekisei_code+agari_shisu_juni,uma_start_shisu,shiba_tekisei_code,agari_shisu_juni,9,1149,73.36,9.35,67.25,False
COURSE_27_05_芝_マイル,uma_start_shisu+shiba_tekisei_code+ten_shisu_juni,uma_start_shisu,shiba_tekisei_code,ten_shisu_juni,9,1127,74.98,11.85,67.24,False
COURSE_27_05_芝_マイル,joken_class_code+omo_tekisei_code+ten_shisu_juni,joken_class_code,omo_tekisei_code,ten_shisu_juni,23,2966,72.51,12.9,67.24,False
COURSE_27_05_芝_マイル,tenkai_kigo_code+agari_shisu_juni+kyakushitsu,tenkai_kigo_code,agari_shisu_juni,kyakushitsu,46,9331,71.42,14.6,67.2,False
COURSE_27_05_芝_マイル,pace_yoso+uma_start_shisu+ichi_shisu_juni,pace_yoso,uma_start_shisu,ichi_shisu_juni,9,1241,74.76,11.59,67.19,False
COURSE_27_05_芝_マイル,manken_shirushi+ichi_shisu+kyakushitsu,manken_shirushi,ichi_shisu,kyakushitsu,8,1634,73.62,9.31,67.17,False
COURSE_27_05_芝_マイル,shiba_tekisei_code+tenkai_kigo_code+kyakushitsu,shiba_tekisei_code,tenkai_kigo_code,kyakushitsu,24,8966,72.01,12.1,67.17,False
COURSE_27_05_芝_マイル,joken_class_code+manken_shirushi+ichi_shisu,joken_class_code,manken_shirushi,ichi_shisu,8,1697,74.02,9.95,67.12,False
COURSE_27_05_芝_マイル,manken_shirushi+kyori_tekisei+ichi_shisu,manken_shirushi,kyori_tekisei,ichi_shisu,8,1677,73.7,9.52,67.1,False
COURSE_27_05_芝_マイル,joken_class_code+manken_shisu+ichi_shisu,joken_class_code,manken_shisu,ichi_shisu,10,1219,74.24,11.52,67.09,False
COURSE_27_05_芝_マイル,omo_tekisei_code+rotation+kyakushitsu,omo_tekisei_code,rotation,kyakushitsu,25,4399,72.6,14.13,67.06,False
COURSE_27_05_芝_マイル,pace_yoso+class_code+kyakushitsu,pace_yoso,class_code,kyakushitsu,29,6448,72.58,15.21,67.05,False
COURSE_27_05_芝_マイル,uma_deokure_ritsu+shiba_tekisei_code+tenkai_kigo_code,uma_deokure_ritsu,shiba_tekisei_code,tenkai_kigo_code,17,4336,73.34,13.37,66.98,False
COURSE_27_05_芝_マイル,pace_yoso+uma_start_shisu+uma_deokure_ritsu,pace_yoso,uma_start_shisu,uma_deokure_ritsu,8,2699,75.14,11.79,66.97,False
COURSE_27_05_芝_マイル,kyori_tekisei+shiba_tekisei_code+pace_shisu_juni,kyori_tekisei,shiba_tekisei_code,pace_shisu_juni,28,5507,71.54,12.32,66.97,False
COURSE_27_05_芝_マイル,joken_class_code+omo_tekisei_code+rotation,joken_class_code,omo_tekisei_code,rotation,20,3716,72.25,12.13,66.93,False
COURSE_27_05_芝_マイル,omo_tekisei_code+uma_deokure_ritsu+shiba_tekisei_code,omo_tekisei_code,uma_deokure_ritsu,shiba_tekisei_code,17,4855,72.6,11.94,66.92,False
COURSE_27_05_芝_マイル,ls_shisu_juni+ichi_shisu_juni+kyakushitsu,ls_shisu_juni,ichi_shisu_juni,kyakushitsu,10,2651,74.1,11.62,66.89,False
COURSE_27_05_芝_マイル,joken_class_code+class_code+kyakushitsu,joken_class_code,class_code,kyakushitsu,22,7464,73.72,16.35,66.89,False
COURSE_27_05_芝_マイル,uma_start_shisu+uma_deokure_ritsu+class_code,uma_start_shisu,uma_deokure_ritsu,class_code,6,1930,74.18,9.11,66.88,False
COURSE_27_05_芝_マイル,hizume_code+tenkai_kigo_code+class_code,hizume_code,tenkai_kigo_code,class_code,14,2519,71.17,8.25,66.85,False
COURSE_27_05_芝_マイル,pace_yoso+idm+shiba_tekisei_code,pace_yoso,idm,shiba_tekisei_code,6,667,76.72,12.4,66.8,False
COURSE_27_05_芝_マイル,omo_tekisei_code+uma_deokure_ritsu+kyakushitsu,omo_tekisei_code,uma_deokure_ritsu,kyakushitsu,13,4272,71.88,9.38,66.78,False
COURSE_27_05_芝_マイル,omo_tekisei_code+hizume_code+pace_shisu_juni,omo_tekisei_code,hizume_code,pace_shisu_juni,11,1431,75.89,15.42,66.78,False
COURSE_27_05_芝_マイル,joken_class_code+rotation+hizume_code,joken_class_code,rotation,hizume_code,4,616,74.17,7.56,66.76,False
COURSE_27_05_芝_マイル,kyori_tekisei+ls_shisu_juni+kyakushitsu,kyori_tekisei,ls_shisu_juni,kyakushitsu,39,8608,71.54,15.21,66.76,False
COURSE_27_05_芝_マイル,omo_tekisei_code+manken_shisu+shiba_tekisei_code,omo_tekisei_code,manken_shisu,shiba_tekisei_code,3,311,78.98,10.8,66.76,False
COURSE_27_05_芝_マイル,omo_tekisei_code+uma_start_shisu+class_code,omo_tekisei_code,uma_start_shisu,class_code,10,2386,73.86,11.5,66.73,False
COURSE_27_05_芝_マイル,omo_tekisei_code+class_code+kyakushitsu,omo_tekisei_code,class_code,kyakushitsu,25,6023,71.68,12.65,66.72,False
COURSE_27_05_芝_マイル,kyori_tekisei+shiba_tekisei_code+class_code,kyori_tekisei,shiba_tekisei_code,class_code,20,7331,71.9,11.82,66.72,False
COURSE_27_05_芝_マイル,rotation+uma_deokure_ritsu+tenkai_kigo_code,rotation,uma_deokure_ritsu,tenkai_kigo_code,10,1773,73.77,11.43,66.69,False
COURSE_27_05_芝_マイル,hizume_code+kyori_tekisei+ls_shisu_juni,hizume_code,kyori_tekisei,ls_shisu_juni,16,2744,72.74,12.46,66.64,False
COURSE_27_05_芝_マイル,pace_yoso+nyukyu_nannichimae+shiba_tekisei_code,pace_yoso,nyukyu_nannichimae,shiba_tekisei_code,7,1053,75.97,12.69,66.57,False
COURSE_27_05_芝_マイル,omo_tekisei_code+tenkai_kigo_code+pace_shisu_juni,omo_tekisei_code,tenkai_kigo_code,pace_shisu_juni,25,5067,71.31,12.15,66.55,False
COURSE_27_05_芝_マイル,joken_class_code+manken_shirushi+ichi_shisu_juni,joken_class_code,manken_shirushi,ichi_shisu_juni,8,1849,73.58,10.2,66.51,False
COURSE_27_05_芝_マイル,uma_start_shisu+hizume_code+class_code,uma_start_shisu,hizume_code,class_code,4,612,74.69,8.38,66.47,False
COURSE_27_05_芝_マイル,kyori_tekisei+tenkai_kigo_code+agari_shisu_juni,kyori_tekisei,tenkai_kigo_code,agari_shisu_juni,36,8087,70.35,11.93,66.45,False
COURSE_27_05_芝_マイル,manken_shirushi+kyori_tekisei+ichi_shisu_juni,manken_shirushi,kyori_tekisei,ichi_shisu_juni,8,1710,73.38,10.03,66.43,False
COURSE_27_05_芝_マイル,shiba_tekisei_code+tenkai_kigo_code+ichi_shisu_juni,shiba_tekisei_code,tenkai_kigo_code,ichi_shisu_juni,25,4410,72.23,14.99,66.35,False
COURSE_27_05_芝_マイル,tenkai_kigo_code+kyakushitsu+pace_shisu_juni,tenkai_kigo_code,kyakushitsu,pace_shisu_juni,36,6994,71.1,14.56,66.34,False
COURSE_27_05_芝_マイル,pace_yoso+kyori_tekisei+ls_shisu_juni,pace_yoso,kyori_tekisei,ls_shisu_juni,33,9702,70.43,11.99,66.34,False
COURSE_27_05_芝_マイル,manken_shirushi+tenkai_kigo_code+kyakushitsu,manken_shirushi,tenkai_kigo_code,kyakushitsu,25,3847,70.7,11.19,66.31,False
COURSE_27_05_芝_マイル,pace_yoso+tenkai_kigo_code+class_code,pace_yoso,tenkai_kigo_code,class_code,23,6009,71.47,12.66,66.29,False
COURSE_27_05_芝_マイル,joken_class_code+manken_shirushi+kyakushitsu,joken_class_code,manken_shirushi,kyakushitsu,14,2293,72.1,11.09,66.29,False
COURSE_27_05_芝_マイル,rotation+shiba_tekisei_code+tenkai_kigo_code,rotation,shiba_tekisei_code,tenkai_kigo_code,22,4716,70.9,11.06,66.28,False
COURSE_27_05_芝_マイル,hizume_code+uma_deokure_ritsu+ls_shisu_juni,hizume_code,uma_deokure_ritsu,ls_shisu_juni,5,826,74.11,8.96,66.26,False
COURSE_27_05_芝_マイル,joken_class_code+uma_deokure_ritsu+shiba_tekisei_code,joken_class_code,uma_deokure_ritsu,shiba_tekisei_code,12,4317,71.84,9.89,66.25,False
COURSE_27_05_芝_マイル,rotation+tenkai_kigo_code+agari_shisu_juni,rotation,tenkai_kigo_code,agari_shisu_juni,16,2074,71.45,10.67,66.22,False
COURSE_27_05_芝_マイル,rotation+kyori_tekisei+tenkai_kigo_code,rotation,kyori_tekisei,tenkai_kigo_code,19,4092,71.32,11.49,66.16,False
COURSE_27_05_芝_マイル,omo_tekisei_code+uma_deokure_ritsu+class_code,omo_tekisei_code,uma_deokure_ritsu,class_code,13,3232,72.26,11.25,66.14,False
COURSE_27_05_芝_マイル,kyori_tekisei+tenkai_kigo_code+class_code,kyori_tekisei,tenkai_kigo_code,class_code,21,5574,71.34,12.25,66.1,False
COURSE_27_05_芝_マイル,joken_class_code+rotation+class_code,joken_class_code,rotation,class_code,17,3680,71.44,11.29,66.07,False
COURSE_27_05_芝_マイル,pace_yoso+ls_shisu_juni+ichi_shisu_juni,pace_yoso,ls_shisu_juni,ichi_shisu_juni,15,3195,72.87,13.44,66.07,False
COURSE_27_05_芝_マイル,shiba_tekisei_code+tenkai_kigo_code+pace_shisu_juni,shiba_tekisei_code,tenkai_kigo_code,pace_shisu_juni,21,4038,71.82,13.59,66.01,False
COURSE_27_05_芝_マイル,joken_class_code+ls_shisu_juni+kyakushitsu,joken_class_code,ls_shisu_juni,kyakushitsu,35,6749,70.9,15.0,65.93,False
COURSE_27_05_芝_マイル,omo_tekisei_code+rotation+hizume_code,omo_tekisei_code,rotation,hizume_code,13,2082,74.44,15.66,65.93,False
COURSE_27_05_芝_マイル,shiba_tekisei_code+ls_shisu_juni+kyakushitsu,shiba_tekisei_code,ls_shisu_juni,kyakushitsu,33,6723,71.85,17.49,65.88,False
COURSE_27_05_芝_マイル,manken_shirushi+kyori_tekisei+class_code,manken_shirushi,kyori_tekisei,class_code,16,2033,71.23,10.91,65.88,False
COURSE_27_05_芝_マイル,pace_yoso+kyori_tekisei+agari_shisu_juni,pace_yoso,kyori_tekisei,agari_shisu_juni,32,6805,70.76,14.1,65.87,False
COURSE_27_05_芝_マイル,omo_tekisei_code+class_code+ichi_shisu_juni,omo_tekisei_code,class_code,ichi_shisu_juni,11,1348,73.6,13.1,65.86,False
COURSE_27_05_芝_マイル,kyori_tekisei+class_code+agari_shisu_juni,kyori_tekisei,class_code,agari_shisu_juni,18,2272,70.21,9.41,65.86,False
COURSE_27_05_芝_マイル,joken_class_code+kyori_tekisei+nyukyu_nannichimae,joken_class_code,kyori_tekisei,nyukyu_nannichimae,13,1694,73.46,14.08,65.8,False
COURSE_27_05_芝_マイル,hizume_code+tenkai_kigo_code+ichi_shisu_juni,hizume_code,tenkai_kigo_code,ichi_shisu_juni,10,1224,73.11,11.82,65.78,False
COURSE_27_05_芝_マイル,joken_class_code+rotation+kyakushitsu,joken_class_code,rotation,kyakushitsu,15,2357,72.87,14.08,65.75,False
COURSE_27_05_芝_マイル,uma_deokure_ritsu+tenkai_kigo_code+ten_shisu_juni,uma_deokure_ritsu,tenkai_kigo_code,ten_shisu_juni,10,1703,77.34,18.73,65.73,False
COURSE_27_05_芝_マイル,pace_yoso+manken_shirushi+class_code,pace_yoso,manken_shirushi,class_code,5,548,77.59,13.61,65.66,False
COURSE_27_05_芝_マイル,uma_start_shisu+rotation+shiba_tekisei_code,uma_start_shisu,rotation,shiba_tekisei_code,7,1216,71.74,8.25,65.63,False
COURSE_27_05_芝_マイル,pace_yoso+joken_class_code+nyukyu_nannichimae,pace_yoso,joken_class_code,nyukyu_nannichimae,10,1219,75.6,16.14,65.59,False
COURSE_27_05_芝_マイル,tenkai_kigo_code+ten_shisu_juni+kyakushitsu,tenkai_kigo_code,ten_shisu_juni,kyakushitsu,36,6776,70.54,15.15,65.59,False
COURSE_27_05_芝_マイル,manken_shirushi+hizume_code+tenkai_kigo_code,manken_shirushi,hizume_code,tenkai_kigo_code,5,614,70.5,5.64,65.55,False
COURSE_27_05_芝_マイル,hizume_code+shiba_tekisei_code+ls_shisu_juni,hizume_code,shiba_tekisei_code,ls_shisu_juni,21,3378,70.96,12.66,65.55,False
COURSE_27_05_芝_マイル,omo_tekisei_code+hizume_code+agari_shisu_juni,omo_tekisei_code,hizume_code,agari_shisu_juni,12,1633,73.18,13.52,65.54,False
COURSE_27_05_芝_マイル,pace_yoso+class_code+agari_shisu_juni,pace_yoso,class_code,agari_shisu_juni,6,652,71.94,8.06,65.49,False
COURSE_27_05_芝_マイル,pace_yoso+ls_shisu_juni+class_code,pace_yoso,ls_shisu_juni,class_code,28,4474,70.82,14.47,65.46,False
COURSE_27_05_芝_マイル,rotation+uma_deokure_ritsu+class_code,rotation,uma_deokure_ritsu,class_code,3,653,77.99,11.09,65.44,False
COURSE_27_05_芝_マイル,uma_deokure_ritsu+tenkai_kigo_code+kyakushitsu,uma_deokure_ritsu,tenkai_kigo_code,kyakushitsu,16,4291,73.28,16.05,65.41,False
COURSE_27_05_芝_マイル,pace_yoso+hizume_code+ls_shisu_juni,pace_yoso,hizume_code,ls_shisu_juni,23,3733,69.68,10.69,65.31,False
COURSE_27_05_芝_マイル,omo_tekisei_code+manken_shirushi+class_code,omo_tekisei_code,manken_shirushi,class_code,8,1162,69.72,6.37,65.3,False
COURSE_27_05_芝_マイル,omo_tekisei_code+tenkai_kigo_code+ten_shisu_juni,omo_tekisei_code,tenkai_kigo_code,ten_shisu_juni,27,5051,71.01,15.22,65.27,False
COURSE_27_05_芝_マイル,pace_yoso+rotation+kyori_tekisei,pace_yoso,rotation,kyori_tekisei,23,4802,70.31,12.52,65.2,False
COURSE_27_05_芝_マイル,tenkai_kigo_code+ls_shisu_juni+kyakushitsu,tenkai_kigo_code,ls_shisu_juni,kyakushitsu,32,8109,70.09,14.35,65.12,False
COURSE_27_05_芝_マイル,pace_yoso+rotation+hizume_code,pace_yoso,rotation,hizume_code,11,1645,71.52,10.9,65.08,False
COURSE_27_05_芝_マイル,uma_start_shisu+rotation+uma_deokure_ritsu,uma_start_shisu,rotation,uma_deokure_ritsu,7,1305,71.97,9.31,65.08,False
COURSE_27_05_芝_マイル,uma_deokure_ritsu+kishu_shisu+kyakushitsu,uma_deokure_ritsu,kishu_shisu,kyakushitsu,4,548,75.36,10.5,65.07,False
COURSE_27_05_芝_マイル,omo_tekisei_code+kyori_tekisei+ls_shisu_juni,omo_tekisei_code,kyori_tekisei,ls_shisu_juni,27,7203,70.2,13.74,65.01,False
COURSE_27_05_芝_マイル,uma_deokure_ritsu+class_code+kyakushitsu,uma_deokure_ritsu,class_code,kyakushitsu,11,2602,71.89,11.65,65.0,False
COURSE_27_05_芝_マイル,uma_deokure_ritsu+class_code+agari_shisu_juni,uma_deokure_ritsu,class_code,agari_shisu_juni,3,325,70.6,5.05,64.88,False
COURSE_27_05_芝_マイル,omo_tekisei_code+kyori_tekisei+nyukyu_nannichimae,omo_tekisei_code,kyori_tekisei,nyukyu_nannichimae,10,1135,72.54,12.35,64.88,False
COURSE_27_05_芝_マイル,joken_class_code+uma_start_shisu+ichi_shisu_juni,joken_class_code,uma_start_shisu,ichi_shisu_juni,5,609,82.86,20.57,64.83,False
COURSE_27_05_芝_マイル,rotation+uma_deokure_ritsu+kyakushitsu,rotation,uma_deokure_ritsu,kyakushitsu,8,1413,74.02,13.33,64.79,False
COURSE_27_05_芝_マイル,uma_deokure_ritsu+ls_shisu_juni+class_code,uma_deokure_ritsu,ls_shisu_juni,class_code,8,1400,72.69,11.48,64.74,False
COURSE_27_05_芝_マイル,joken_class_code+ls_shisu_juni+ichi_shisu_juni,joken_class_code,ls_shisu_juni,ichi_shisu_juni,7,2613,72.79,10.95,64.68,False
COURSE_27_05_芝_マイル,hizume_code+tenkai_kigo_code+ten_shisu_juni,hizume_code,tenkai_kigo_code,ten_shisu_juni,9,1122,74.02,14.35,64.64,False
COURSE_27_05_芝_マイル,uma_start_shisu+tenkai_kigo_code+ichi_shisu_juni,uma_start_shisu,tenkai_kigo_code,ichi_shisu_juni,10,1613,72.07,12.02,64.62,False
COURSE_27_05_芝_マイル,tenkai_kigo_code+class_code+kyakushitsu,tenkai_kigo_code,class_code,kyakushitsu,24,5744,71.6,17.51,64.6,False
COURSE_27_05_芝_マイル,rotation+hizume_code+tenkai_kigo_code,rotation,hizume_code,tenkai_kigo_code,12,1810,71.83,12.79,64.6,False
COURSE_27_05_芝_マイル,omo_tekisei_code+class_code+pace_shisu_juni,omo_tekisei_code,class_code,pace_shisu_juni,12,1447,73.3,15.43,64.56,False
COURSE_27_05_芝_マイル,pace_yoso+uma_start_shisu+ls_shisu_juni,pace_yoso,uma_start_shisu,ls_shisu_juni,19,2977,70.55,13.38,64.53,False
COURSE_27_05_芝_マイル,kyori_tekisei+class_code+pace_shisu_juni,kyori_tekisei,class_code,pace_shisu_juni,14,1566,71.99,14.25,64.53,False
COURSE_27_05_芝_マイル,manken_shirushi+kyori_tekisei+shiba_tekisei_code,manken_shirushi,kyori_tekisei,shiba_tekisei_code,18,4408,69.82,11.48,64.52,False
COURSE_27_05_芝_マイル,pace_yoso+uma_start_shisu+rotation,pace_yoso,uma_start_shisu,rotation,8,1259,73.14,12.43,64.52,False
COURSE_27_05_芝_マイル,pace_yoso+kyakushitsu+pace_shisu_juni,pace_yoso,kyakushitsu,pace_shisu_juni,36,6131,70.14,17.3,64.49,False
COURSE_27_05_芝_マイル,pace_yoso+tenkai_kigo_code+pace_shisu_juni,pace_yoso,tenkai_kigo_code,pace_shisu_juni,34,6706,69.29,14.48,64.42,False
COURSE_27_05_芝_マイル,joken_class_code+kyori_tekisei+agari_shisu_juni,joken_class_code,kyori_tekisei,agari_shisu_juni,31,6277,69.92,15.61,64.42,False
COURSE_27_05_芝_マイル,joken_class_code+uma_start_shisu+rotation,joken_class_code,uma_start_shisu,rotation,5,847,72.18,8.88,64.4,False
COURSE_27_05_芝_マイル,uma_start_shisu+rotation+kyori_tekisei,uma_start_shisu,rotation,kyori_tekisei,7,1097,72.72,11.24,64.39,False
COURSE_27_05_芝_マイル,uma_start_shisu+shiba_tekisei_code+pace_shisu_juni,uma_start_shisu,shiba_tekisei_code,pace_shisu_juni,7,980,73.9,12.89,64.36,False
COURSE_27_05_芝_マイル,pace_yoso+ichi_shisu+ls_shisu_juni,pace_yoso,ichi_shisu,ls_shisu_juni,7,2194,72.74,11.5,64.22,False
COURSE_27_05_芝_マイル,uma_start_shisu+hizume_code+tenkai_kigo_code,uma_start_shisu,hizume_code,tenkai_kigo_code,10,1944,72.86,13.98,64.19,False
COURSE_27_05_芝_マイル,tenkai_kigo_code+ten_shisu_juni+pace_shisu_juni,tenkai_kigo_code,ten_shisu_juni,pace_shisu_juni,12,2031,74.1,17.64,64.12,False
COURSE_27_05_芝_マイル,omo_tekisei_code+hizume_code+ls_shisu_juni,omo_tekisei_code,hizume_code,ls_shisu_juni,21,3933,70.21,14.24,64.12,False
COURSE_27_05_芝_マイル,uma_deokure_ritsu+kyori_tekisei+class_code,uma_deokure_ritsu,kyori_tekisei,class_code,11,2951,73.28,15.66,64.02,False
COURSE_27_05_芝_マイル,pace_yoso+rotation+tenkai_kigo_code,pace_yoso,rotation,tenkai_kigo_code,19,4639,69.06,11.23,64.01,False
COURSE_27_05_芝_マイル,ichi_shisu+ls_shisu_juni+ichi_shisu_juni,ichi_shisu,ls_shisu_juni,ichi_shisu_juni,7,2313,72.41,11.35,64.0,False
COURSE_27_05_芝_マイル,kyori_tekisei+tenkai_kigo_code+pace_shisu_juni,kyori_tekisei,tenkai_kigo_code,pace_shisu_juni,29,5674,69.22,14.37,63.99,False
COURSE_27_05_芝_マイル,hizume_code+class_code+kyakushitsu,hizume_code,class_code,kyakushitsu,15,2173,71.6,15.2,63.9,False
COURSE_27_05_芝_マイル,pace_yoso+uma_start_shisu+pace_shisu_juni,pace_yoso,uma_start_shisu,pace_shisu_juni,9,1141,74.65,16.52,63.86,False
COURSE_27_05_芝_マイル,pace_yoso+manken_shisu+tenkai_kigo_code,pace_yoso,manken_shisu,tenkai_kigo_code,13,1528,70.25,11.8,63.84,False
COURSE_27_05_芝_マイル,uma_deokure_ritsu+tenkai_kigo_code+class_code,uma_deokure_ritsu,tenkai_kigo_code,class_code,12,2596,71.27,13.15,63.83,False
COURSE_27_05_芝_マイル,omo_tekisei_code+class_code+agari_shisu_juni,omo_tekisei_code,class_code,agari_shisu_juni,11,1526,70.36,11.17,63.76,False
COURSE_27_05_芝_マイル,rotation+shiba_tekisei_code+class_code,rotation,shiba_tekisei_code,class_code,13,2789,70.49,12.47,63.72,False
COURSE_27_05_芝_マイル,uma_start_shisu+class_code+kyakushitsu,uma_start_shisu,class_code,kyakushitsu,10,2109,70.32,10.8,63.63,False
COURSE_27_05_芝_マイル,joken_class_code+ichi_shisu+tenkai_kigo_code,joken_class_code,ichi_shisu,tenkai_kigo_code,3,2508,77.68,12.45,63.6,False
COURSE_27_05_芝_マイル,pace_yoso+kyori_tekisei+nyukyu_nannichimae,pace_yoso,kyori_tekisei,nyukyu_nannichimae,13,1863,70.06,12.03,63.51,False
COURSE_27_05_芝_マイル,uma_start_shisu+rotation+class_code,uma_start_shisu,rotation,class_code,5,633,71.4,9.07,63.45,False
COURSE_27_05_芝_マイル,pace_yoso+agari_shisu_juni+ichi_shisu_juni,pace_yoso,agari_shisu_juni,ichi_shisu_juni,9,1899,71.38,12.2,63.41,False
COURSE_27_05_芝_マイル,uma_start_shisu+kyori_tekisei+ls_shisu_juni,uma_start_shisu,kyori_tekisei,ls_shisu_juni,11,1999,70.54,12.09,63.4,False
COURSE_27_05_芝_マイル,ichi_shisu+tenkai_kigo_code+ichi_shisu_juni,ichi_shisu,tenkai_kigo_code,ichi_shisu_juni,3,2357,77.58,12.56,63.36,False
COURSE_27_05_芝_マイル,pace_yoso+omo_tekisei_code+nyukyu_nannichimae,pace_yoso,omo_tekisei_code,nyukyu_nannichimae,10,1233,73.3,16.24,63.23,False
COURSE_27_05_芝_マイル,kyori_tekisei+tenkai_kigo_code+ten_shisu_juni,kyori_tekisei,tenkai_kigo_code,ten_shisu_juni,26,5188,69.1,15.64,63.09,False
COURSE_27_05_芝_マイル,uma_start_shisu+uma_deokure_ritsu+agari_shisu_juni,uma_start_shisu,uma_deokure_ritsu,agari_shisu_juni,12,1737,70.46,13.08,63.06,False
COURSE_27_05_芝_マイル,ichi_shisu+ls_shisu_juni+kyakushitsu,ichi_shisu,ls_shisu_juni,kyakushitsu,7,2404,71.88,11.93,63.04,False
COURSE_27_05_芝_マイル,uma_start_shisu+rotation+kyakushitsu,uma_start_shisu,rotation,kyakushitsu,6,1058,70.99,10.06,62.94,False
COURSE_27_05_芝_マイル,joken_class_code+uma_deokure_ritsu+class_code,joken_class_code,uma_deokure_ritsu,class_code,10,3752,70.42,12.12,62.91,False
COURSE_27_05_芝_マイル,shiba_tekisei_code+ls_shisu_juni+pace_shisu_juni,shiba_tekisei_code,ls_shisu_juni,pace_shisu_juni,6,646,69.63,8.44,62.87,False
COURSE_27_05_芝_マイル,rotation+kyori_tekisei+class_code,rotation,kyori_tekisei,class_code,10,1984,69.38,10.62,62.79,False
COURSE_27_05_芝_マイル,hizume_code+tenkai_kigo_code+ls_shisu_juni,hizume_code,tenkai_kigo_code,ls_shisu_juni,18,3010,69.01,13.57,62.74,False
COURSE_27_05_芝_マイル,joken_class_code+ichi_shisu+ls_shisu_juni,joken_class_code,ichi_shisu,ls_shisu_juni,7,2507,71.82,12.43,62.61,False
COURSE_27_05_芝_マイル,uma_start_shisu+shiba_tekisei_code+ls_shisu_juni,uma_start_shisu,shiba_tekisei_code,ls_shisu_juni,15,2567,68.68,12.06,62.58,False
COURSE_27_05_芝_マイル,joken_class_code+rotation+uma_deokure_ritsu,joken_class_code,rotation,uma_deokure_ritsu,6,1278,72.77,13.07,62.32,False
COURSE_27_05_芝_マイル,pace_yoso+ten_shisu_juni+pace_shisu_juni,pace_yoso,ten_shisu_juni,pace_shisu_juni,12,2297,70.83,15.1,62.29,False
COURSE_27_05_芝_マイル,omo_tekisei_code+uma_start_shisu+ls_shisu_juni,omo_tekisei_code,uma_start_shisu,ls_shisu_juni,17,2965,70.08,16.56,62.21,False
COURSE_27_05_芝_マイル,kyori_tekisei+ichi_shisu+tenkai_kigo_code,kyori_tekisei,ichi_shisu,tenkai_kigo_code,3,2502,76.86,13.0,62.16,False
COURSE_27_05_芝_マイル,kyori_tekisei+ichi_shisu+ls_shisu_juni,kyori_tekisei,ichi_shisu,ls_shisu_juni,7,2492,71.28,12.32,62.16,False
COURSE_27_05_芝_マイル,uma_start_shisu+tenkai_kigo_code+pace_shisu_juni,uma_start_shisu,tenkai_kigo_code,pace_shisu_juni,9,1475,69.66,11.49,62.15,False
COURSE_27_05_芝_マイル,joken_class_code+hizume_code+ls_shisu_juni,joken_class_code,hizume_code,ls_shisu_juni,8,1249,69.57,10.82,62.08,False
COURSE_27_05_芝_マイル,pace_yoso+uma_start_shisu+ten_shisu_juni,pace_yoso,uma_start_shisu,ten_shisu_juni,9,1107,71.06,13.79,62.05,False
COURSE_27_05_芝_マイル,manken_shirushi+shiba_tekisei_code+ls_shisu_juni,manken_shirushi,shiba_tekisei_code,ls_shisu_juni,8,978,69.36,10.66,61.97,False
COURSE_27_05_芝_マイル,shiba_tekisei_code+ls_shisu_juni+agari_shisu_juni,shiba_tekisei_code,ls_shisu_juni,agari_shisu_juni,8,886,71.88,14.39,61.91,False
COURSE_27_05_芝_マイル,omo_tekisei_code+manken_shirushi+ls_shisu_juni,omo_tekisei_code,manken_shirushi,ls_shisu_juni,7,767,69.6,10.43,61.87,False
COURSE_27_05_芝_マイル,joken_class_code+agari_shisu_juni+kyakushitsu,joken_class_code,agari_shisu_juni,kyakushitsu,19,3069,68.7,15.23,61.86,False
COURSE_27_05_芝_マイル,uma_start_shisu+rotation+tenkai_kigo_code,uma_start_shisu,rotation,tenkai_kigo_code,8,1442,69.65,11.31,61.81,False
COURSE_27_05_芝_マイル,pace_yoso+rotation+class_code,pace_yoso,rotation,class_code,15,2398,68.26,13.16,61.6,False
COURSE_27_05_芝_マイル,tenkai_kigo_code+ichi_shisu_juni+ten_shisu_juni,tenkai_kigo_code,ichi_shisu_juni,ten_shisu_juni,13,2376,69.97,15.71,61.44,False
COURSE_27_05_芝_マイル,joken_class_code+uma_start_shisu+ls_shisu_juni,joken_class_code,uma_start_shisu,ls_shisu_juni,12,1752,69.22,13.79,61.42,False
COURSE_27_05_芝_マイル,kyori_tekisei+class_code+ten_shisu_juni,kyori_tekisei,class_code,ten_shisu_juni,12,1293,68.45,12.46,61.41,False
COURSE_27_05_芝_マイル,omo_tekisei_code+rotation+class_code,omo_tekisei_code,rotation,class_code,12,2169,66.43,8.97,61.36,False
COURSE_27_05_芝_マイル,omo_tekisei_code+class_code+ten_shisu_juni,omo_tekisei_code,class_code,ten_shisu_juni,10,1186,73.0,18.99,61.23,False
COURSE_27_05_芝_マイル,tenkai_kigo_code+class_code+pace_shisu_juni,tenkai_kigo_code,class_code,pace_shisu_juni,11,1340,71.93,18.34,61.09,False
COURSE_27_05_芝_マイル,tenkai_kigo_code+ichi_shisu_juni+pace_shisu_juni,tenkai_kigo_code,ichi_shisu_juni,pace_shisu_juni,13,2451,68.72,14.18,61.01,False
COURSE_27_05_芝_マイル,pace_yoso+nyukyu_nannichimae+ichi_shisu_juni,pace_yoso,nyukyu_nannichimae,ichi_shisu_juni,4,507,73.08,12.39,60.93,False
COURSE_27_05_芝_マイル,omo_tekisei_code+nyukyu_nannichimae+tenkai_kigo_code,omo_tekisei_code,nyukyu_nannichimae,tenkai_kigo_code,5,556,69.33,9.61,60.9,False
COURSE_27_05_芝_マイル,manken_shirushi+uma_deokure_ritsu+tenkai_kigo_code,manken_shirushi,uma_deokure_ritsu,tenkai_kigo_code,8,1158,69.98,13.11,60.9,False
COURSE_27_05_芝_マイル,joken_class_code+kyakushitsu+pace_shisu_juni,joken_class_code,kyakushitsu,pace_shisu_juni,13,2724,71.11,18.91,60.83,False
COURSE_27_05_芝_マイル,pace_yoso+shiba_tekisei_code+kishu_shisu,pace_yoso,shiba_tekisei_code,kishu_shisu,24,4037,66.04,13.14,60.78,False
COURSE_27_05_芝_マイル,pace_yoso+nyukyu_nannichimae+tenkai_kigo_code,pace_yoso,nyukyu_nannichimae,tenkai_kigo_code,9,1196,66.94,9.67,60.62,False
COURSE_27_05_芝_マイル,hizume_code+tenkai_kigo_code+pace_shisu_juni,hizume_code,tenkai_kigo_code,pace_shisu_juni,9,1190,69.76,14.13,60.53,False
COURSE_27_05_芝_マイル,tenkai_kigo_code+ls_shisu_juni+class_code,tenkai_kigo_code,ls_shisu_juni,class_code,16,2983,67.53,14.32,60.52,False
COURSE_27_05_芝_マイル,uma_start_shisu+uma_deokure_ritsu+ls_shisu_juni,uma_start_shisu,uma_deokure_ritsu,ls_shisu_juni,9,2093,69.59,13.94,60.49,False
COURSE_27_05_芝_マイル,pace_yoso+ls_shisu_juni+pace_shisu_juni,pace_yoso,ls_shisu_juni,pace_shisu_juni,16,1808,68.64,16.66,60.48,False
COURSE_27_05_芝_マイル,pace_yoso+ichi_shisu_juni+pace_shisu_juni,pace_yoso,ichi_shisu_juni,pace_shisu_juni,11,2540,67.75,12.63,60.29,False
COURSE_27_05_芝_マイル,uma_start_shisu+tenkai_kigo_code+ls_shisu_juni,uma_start_shisu,tenkai_kigo_code,ls_shisu_juni,12,2250,66.73,11.46,60.24,False
COURSE_27_05_芝_マイル,joken_class_code+ten_shisu_juni+kyakushitsu,joken_class_code,ten_shisu_juni,kyakushitsu,13,2726,68.55,15.48,60.14,False
COURSE_27_05_芝_マイル,pace_yoso+omo_tekisei_code+kishu_shisu,pace_yoso,omo_tekisei_code,kishu_shisu,22,4079,64.75,11.06,60.13,False
COURSE_27_05_芝_マイル,kyori_tekisei+nyukyu_nannichimae+tenkai_kigo_code,kyori_tekisei,nyukyu_nannichimae,tenkai_kigo_code,9,1063,66.36,9.81,59.95,False
COURSE_27_05_芝_マイル,joken_class_code+rotation+tenkai_kigo_code,joken_class_code,rotation,tenkai_kigo_code,14,2849,68.65,16.66,59.92,False
COURSE_27_05_芝_マイル,ten_shisu_juni+kyakushitsu+pace_shisu_juni,ten_shisu_juni,kyakushitsu,pace_shisu_juni,10,1913,71.15,18.15,59.89,False
COURSE_27_05_芝_マイル,omo_tekisei_code+ls_shisu_juni+class_code,omo_tekisei_code,ls_shisu_juni,class_code,22,4056,66.14,15.04,59.86,False
COURSE_27_05_芝_マイル,shiba_tekisei_code+tenkai_kigo_code+kishu_shisu,shiba_tekisei_code,tenkai_kigo_code,kishu_shisu,19,3275,65.72,13.07,59.85,False
COURSE_27_05_芝_マイル,pace_yoso+ichi_shisu+tenkai_kigo_code,pace_yoso,ichi_shisu,tenkai_kigo_code,4,2379,72.72,13.2,59.79,False
COURSE_27_05_芝_マイル,tenkai_kigo_code+ls_shisu_juni+ichi_shisu_juni,tenkai_kigo_code,ls_shisu_juni,ichi_shisu_juni,19,3084,67.75,18.05,59.63,False
COURSE_27_05_芝_マイル,ichi_shisu_juni+kyakushitsu+pace_shisu_juni,ichi_shisu_juni,kyakushitsu,pace_shisu_juni,12,2602,67.67,14.34,59.56,False
COURSE_27_05_芝_マイル,pace_yoso+ichi_shisu_juni+ten_shisu_juni,pace_yoso,ichi_shisu_juni,ten_shisu_juni,11,2501,68.78,15.71,59.49,False
COURSE_27_05_芝_マイル,rotation+shiba_tekisei_code+ls_shisu_juni,rotation,shiba_tekisei_code,ls_shisu_juni,13,1875,66.74,13.36,59.47,False
COURSE_27_05_芝_マイル,uma_start_shisu+tenkai_kigo_code+ten_shisu_juni,uma_start_shisu,tenkai_kigo_code,ten_shisu_juni,9,1354,69.19,15.0,59.39,False
COURSE_27_05_芝_マイル,joken_class_code+agari_shisu_juni+pace_shisu_juni,joken_class_code,agari_shisu_juni,pace_shisu_juni,9,1283,70.13,16.56,59.32,False
COURSE_27_05_芝_マイル,shiba_tekisei_code+ls_shisu_juni+ten_shisu_juni,shiba_tekisei_code,ls_shisu_juni,ten_shisu_juni,3,321,69.88,9.44,59.2,False
COURSE_27_05_芝_マイル,pace_yoso+nyukyu_nannichimae+kyakushitsu,pace_yoso,nyukyu_nannichimae,kyakushitsu,7,857,68.91,13.13,59.18,False
COURSE_27_05_芝_マイル,kyori_tekisei+ten_shisu_juni+pace_shisu_juni,kyori_tekisei,ten_shisu_juni,pace_shisu_juni,11,2241,69.21,17.22,59.03,False
COURSE_27_05_芝_マイル,omo_tekisei_code+uma_start_shisu+rotation,omo_tekisei_code,uma_start_shisu,rotation,7,1327,70.69,15.77,59.01,False
COURSE_27_05_芝_マイル,joken_class_code+agari_shisu_juni+ichi_shisu_juni,joken_class_code,agari_shisu_juni,ichi_shisu_juni,10,2211,68.06,14.87,58.85,False
COURSE_27_05_芝_マイル,pace_yoso+kyori_tekisei+kishu_shisu,pace_yoso,kyori_tekisei,kishu_shisu,33,5796,63.42,13.53,58.81,False
COURSE_27_05_芝_マイル,kyori_tekisei+ichi_shisu_juni+ten_shisu_juni,kyori_tekisei,ichi_shisu_juni,ten_shisu_juni,11,2639,68.44,16.47,58.71,False
COURSE_27_05_芝_マイル,pace_yoso+ichi_shisu+pace_shisu_juni,pace_yoso,ichi_shisu,pace_shisu_juni,10,2182,66.25,12.23,58.68,False
COURSE_27_05_芝_マイル,rotation+class_code+kyakushitsu,rotation,class_code,kyakushitsu,10,1377,68.79,16.34,58.66,False
COURSE_27_05_芝_マイル,pace_yoso+ichi_shisu+ten_shisu_juni,pace_yoso,ichi_shisu,ten_shisu_juni,10,2182,67.92,14.97,58.64,False
COURSE_27_05_芝_マイル,joken_class_code+idm+class_code,joken_class_code,idm,class_code,3,317,65.64,6.31,58.51,False
COURSE_27_05_芝_マイル,ichi_shisu_juni+ten_shisu_juni+kyakushitsu,ichi_shisu_juni,ten_shisu_juni,kyakushitsu,11,2512,67.9,15.9,58.5,False
COURSE_27_05_芝_マイル,uma_deokure_ritsu+shiba_tekisei_code+kishu_shisu,uma_deokure_ritsu,shiba_tekisei_code,kishu_shisu,6,818,71.57,16.46,58.4,False
COURSE_27_05_芝_マイル,kyori_tekisei+agari_shisu_juni+ichi_shisu_juni,kyori_tekisei,agari_shisu_juni,ichi_shisu_juni,10,2111,67.36,14.47,58.39,False
COURSE_27_05_芝_マイル,pace_yoso+rotation+ls_shisu_juni,pace_yoso,rotation,ls_shisu_juni,11,1681,64.36,10.14,58.36,False
COURSE_27_05_芝_マイル,kyori_tekisei+shiba_tekisei_code+kishu_shisu,kyori_tekisei,shiba_tekisei_code,kishu_shisu,29,4954,64.65,17.65,58.22,False
COURSE_27_05_芝_マイル,pace_yoso+tenkai_kigo_code+kishu_shisu,pace_yoso,tenkai_kigo_code,kishu_shisu,25,4619,62.27,10.39,58.2,False
COURSE_27_05_芝_マイル,pace_yoso+manken_shirushi+ls_shisu_juni,pace_yoso,manken_shirushi,ls_shisu_juni,16,1830,63.31,10.64,58.1,False
COURSE_27_05_芝_マイル,rotation+tenkai_kigo_code+ls_shisu_juni,rotation,tenkai_kigo_code,ls_shisu_juni,9,1654,66.83,13.4,58.07,False
COURSE_27_05_芝_マイル,ichi_shisu+tenkai_kigo_code+ls_shisu_juni,ichi_shisu,tenkai_kigo_code,ls_shisu_juni,5,1604,64.63,7.51,58.05,False
COURSE_27_05_芝_マイル,kyori_tekisei+nyukyu_nannichimae+kyakushitsu,kyori_tekisei,nyukyu_nannichimae,kyakushitsu,8,1020,66.61,12.38,58.03,False
COURSE_27_05_芝_マイル,tenkai_kigo_code+agari_shisu_juni+ichi_shisu_juni,tenkai_kigo_code,agari_shisu_juni,ichi_shisu_juni,9,1666,68.32,15.76,58.03,False
COURSE_27_05_芝_マイル,uma_start_shisu+joho_shisu+kyakushitsu,uma_start_shisu,joho_shisu,kyakushitsu,3,742,62.31,3.82,57.98,False
COURSE_27_05_芝_マイル,kyori_tekisei+ls_shisu_juni+agari_shisu_juni,kyori_tekisei,ls_shisu_juni,agari_shisu_juni,7,742,73.44,21.01,57.88,False
COURSE_27_05_芝_マイル,manken_shirushi+kyori_tekisei+ls_shisu_juni,manken_shirushi,kyori_tekisei,ls_shisu_juni,9,1119,66.24,12.95,57.78,False
COURSE_27_05_芝_マイル,rotation+tenkai_kigo_code+class_code,rotation,tenkai_kigo_code,class_code,10,1902,66.68,14.46,57.71,False
COURSE_27_05_芝_マイル,omo_tekisei_code+shiba_tekisei_code+kishu_shisu,omo_tekisei_code,shiba_tekisei_code,kishu_shisu,27,4264,62.79,13.63,57.65,False
COURSE_27_05_芝_マイル,rotation+hizume_code+kyakushitsu,rotation,hizume_code,kyakushitsu,7,904,71.08,18.14,57.64,False
COURSE_27_05_芝_マイル,uma_deokure_ritsu+class_code+pace_shisu_juni,uma_deokure_ritsu,class_code,pace_shisu_juni,4,446,79.27,22.13,57.59,False
COURSE_27_05_芝_マイル,manken_shirushi+tenkai_kigo_code+ichi_shisu_juni,manken_shirushi,tenkai_kigo_code,ichi_shisu_juni,8,1032,65.13,10.94,57.54,False
COURSE_27_05_芝_マイル,kyori_tekisei+ichi_shisu_juni+pace_shisu_juni,kyori_tekisei,ichi_shisu_juni,pace_shisu_juni,11,2637,66.4,15.18,57.42,False
COURSE_27_05_芝_マイル,pace_yoso+rotation+joho_shisu,pace_yoso,rotation,joho_shisu,6,1043,67.46,12.67,57.32,False
COURSE_27_05_芝_マイル,ichi_shisu+tenkai_kigo_code+pace_shisu_juni,ichi_shisu,tenkai_kigo_code,pace_shisu_juni,11,2214,65.99,14.71,57.3,False
COURSE_27_05_芝_マイル,rotation+tenkai_kigo_code+pace_shisu_juni,rotation,tenkai_kigo_code,pace_shisu_juni,5,591,72.37,17.28,57.22,False
COURSE_27_05_芝_マイル,nyukyu_nannichimae+tenkai_kigo_code+kyakushitsu,nyukyu_nannichimae,tenkai_kigo_code,kyakushitsu,6,673,66.57,11.75,57.17,False
COURSE_27_05_芝_マイル,manken_shirushi+uma_start_shisu+tenkai_kigo_code,manken_shirushi,uma_start_shisu,tenkai_kigo_code,8,1035,66.75,13.85,57.15,False
COURSE_27_05_芝_マイル,joken_class_code+ichi_shisu+pace_shisu_juni,joken_class_code,ichi_shisu,pace_shisu_juni,10,2456,65.13,13.01,57.07,False
COURSE_27_05_芝_マイル,joken_class_code+ichi_shisu_juni+ten_shisu_juni,joken_class_code,ichi_shisu_juni,ten_shisu_juni,10,2590,66.33,15.02,57.02,False
COURSE_27_05_芝_マイル,ichi_shisu+ichi_shisu_juni+ten_shisu_juni,ichi_shisu,ichi_shisu_juni,ten_shisu_juni,10,2328,66.1,14.67,57.01,False
COURSE_27_05_芝_マイル,joken_class_code+manken_shirushi+ls_shisu_juni,joken_class_code,manken_shirushi,ls_shisu_juni,8,934,60.38,4.9,56.99,False
COURSE_27_05_芝_マイル,ichi_shisu+tenkai_kigo_code+ten_shisu_juni,ichi_shisu,tenkai_kigo_code,ten_shisu_juni,11,2155,65.79,14.91,56.97,False
COURSE_27_05_芝_マイル,manken_shirushi+tenkai_kigo_code+class_code,manken_shirushi,tenkai_kigo_code,class_code,6,680,62.52,6.95,56.96,False
COURSE_27_05_芝_マイル,joken_class_code+ichi_shisu+ten_shisu_juni,joken_class_code,ichi_shisu,ten_shisu_juni,10,2452,66.32,15.12,56.95,False
COURSE_27_05_芝_マイル,ls_shisu_juni+ten_shisu_juni+pace_shisu_juni,ls_shisu_juni,ten_shisu_juni,pace_shisu_juni,5,612,74.87,20.49,56.91,False
COURSE_27_05_芝_マイル,joken_class_code+ichi_shisu_juni+pace_shisu_juni,joken_class_code,ichi_shisu_juni,pace_shisu_juni,10,2607,65.31,13.65,56.85,False
COURSE_27_05_芝_マイル,pace_yoso+ls_shisu_juni+ten_shisu_juni,pace_yoso,ls_shisu_juni,ten_shisu_juni,14,1553,66.33,18.13,56.83,False
COURSE_27_05_芝_マイル,ichi_shisu+ichi_shisu_juni+pace_shisu_juni,ichi_shisu,ichi_shisu_juni,pace_shisu_juni,10,2328,65.3,13.74,56.78,False
COURSE_27_05_芝_マイル,pace_yoso+ichi_shisu+agari_shisu_juni,pace_yoso,ichi_shisu,agari_shisu_juni,9,1784,67.93,17.06,56.78,False
COURSE_27_05_芝_マイル,rotation+joho_shisu+tenkai_kigo_code,rotation,joho_shisu,tenkai_kigo_code,6,1154,66.64,12.33,56.77,False
COURSE_27_05_芝_マイル,manken_shirushi+ichi_shisu+tenkai_kigo_code,manken_shirushi,ichi_shisu,tenkai_kigo_code,8,1028,63.65,9.99,56.73,False
COURSE_27_05_芝_マイル,uma_start_shisu+hizume_code+ls_shisu_juni,uma_start_shisu,hizume_code,ls_shisu_juni,5,698,71.48,16.94,56.63,False
COURSE_27_05_芝_マイル,pace_yoso+joken_class_code+kishu_shisu,pace_yoso,joken_class_code,kishu_shisu,30,4805,63.19,18.48,56.58,False
COURSE_27_05_芝_マイル,omo_tekisei_code+rotation+ls_shisu_juni,omo_tekisei_code,rotation,ls_shisu_juni,13,2034,63.2,12.23,56.55,False
COURSE_27_05_芝_マイル,pace_yoso+uma_deokure_ritsu+kishu_shisu,pace_yoso,uma_deokure_ritsu,kishu_shisu,5,692,69.13,14.4,56.51,False
COURSE_27_05_芝_マイル,joken_class_code+omo_tekisei_code+joho_shisu,joken_class_code,omo_tekisei_code,joho_shisu,11,2626,65.9,15.89,56.5,False
COURSE_27_05_芝_マイル,pace_yoso+agari_shisu_juni+pace_shisu_juni,pace_yoso,agari_shisu_juni,pace_shisu_juni,8,1074,69.11,18.24,56.47,False
COURSE_27_05_芝_マイル,rotation+kyori_tekisei+ls_shisu_juni,rotation,kyori_tekisei,ls_shisu_juni,10,1379,63.42,11.33,56.4,False
COURSE_27_05_芝_マイル,omo_tekisei_code+tenkai_kigo_code+kishu_shisu,omo_tekisei_code,tenkai_kigo_code,kishu_shisu,19,3671,62.85,14.41,56.37,False
COURSE_27_05_芝_マイル,ichi_shisu+ten_shisu_juni+pace_shisu_juni,ichi_shisu,ten_shisu_juni,pace_shisu_juni,8,1620,67.74,16.41,56.37,False
COURSE_27_05_芝_マイル,ichi_shisu+agari_shisu_juni+ichi_shisu_juni,ichi_shisu,agari_shisu_juni,ichi_shisu_juni,9,1923,67.61,17.33,56.29,False
COURSE_27_05_芝_マイル,agari_shisu_juni+ichi_shisu_juni+kyakushitsu,agari_shisu_juni,ichi_shisu_juni,kyakushitsu,9,1923,67.61,17.33,56.29,False
COURSE_27_05_芝_マイル,pace_yoso+hizume_code+joho_shisu,pace_yoso,hizume_code,joho_shisu,9,1826,64.8,13.27,56.13,False
COURSE_27_05_芝_マイル,ls_shisu_juni+class_code+kyakushitsu,ls_shisu_juni,class_code,kyakushitsu,15,2259,64.08,15.73,56.12,False
COURSE_27_05_芝_マイル,joken_class_code+ten_shisu_juni+pace_shisu_juni,joken_class_code,ten_shisu_juni,pace_shisu_juni,12,2451,65.08,15.9,56.08,False
COURSE_27_05_芝_マイル,ichi_shisu+ten_shisu_juni+kyakushitsu,ichi_shisu,ten_shisu_juni,kyakushitsu,10,2398,65.62,15.62,55.94,False
COURSE_27_05_芝_マイル,joken_class_code+nyukyu_nannichimae+ichi_shisu_juni,joken_class_code,nyukyu_nannichimae,ichi_shisu_juni,6,765,66.1,12.71,55.93,False
COURSE_27_05_芝_マイル,manken_shirushi+uma_deokure_ritsu+class_code,manken_shirushi,uma_deokure_ritsu,class_code,3,315,76.39,18.29,55.69,False
COURSE_27_05_芝_マイル,tenkai_kigo_code+ls_shisu_juni+pace_shisu_juni,tenkai_kigo_code,ls_shisu_juni,pace_shisu_juni,17,1984,62.21,13.84,55.63,False
COURSE_27_05_芝_マイル,kyori_tekisei+nyukyu_nannichimae+ichi_shisu_juni,kyori_tekisei,nyukyu_nannichimae,ichi_shisu_juni,6,758,66.02,13.08,55.55,False
COURSE_27_05_芝_マイル,omo_tekisei_code+kyori_tekisei+kishu_shisu,omo_tekisei_code,kyori_tekisei,kishu_shisu,24,3682,61.13,14.11,55.49,False
COURSE_27_05_芝_マイル,kyori_tekisei+ichi_shisu+ten_shisu_juni,kyori_tekisei,ichi_shisu,ten_shisu_juni,10,2449,65.17,15.67,55.46,False
COURSE_27_05_芝_マイル,hizume_code+ls_shisu_juni+kyakushitsu,hizume_code,ls_shisu_juni,kyakushitsu,13,2031,66.41,20.17,55.45,False
COURSE_27_05_芝_マイル,rotation+ls_shisu_juni+kyakushitsu,rotation,ls_shisu_juni,kyakushitsu,7,894,60.68,7.14,55.38,False
COURSE_27_05_芝_マイル,joken_class_code+joho_shisu+class_code,joken_class_code,joho_shisu,class_code,10,2538,63.21,12.76,55.3,False
COURSE_27_05_芝_マイル,joken_class_code+ls_shisu_juni+agari_shisu_juni,joken_class_code,ls_shisu_juni,agari_shisu_juni,12,1360,65.83,18.66,55.27,False
COURSE_27_05_芝_マイル,nyukyu_nannichimae+ichi_shisu_juni+kyakushitsu,nyukyu_nannichimae,ichi_shisu_juni,kyakushitsu,6,750,65.3,12.58,55.24,False
COURSE_27_05_芝_マイル,nyukyu_nannichimae+ichi_shisu+ichi_shisu_juni,nyukyu_nannichimae,ichi_shisu,ichi_shisu_juni,6,750,65.3,12.58,55.24,False
COURSE_27_05_芝_マイル,hizume_code+joho_shisu+tenkai_kigo_code,hizume_code,joho_shisu,tenkai_kigo_code,7,1512,66.23,14.89,55.2,False
COURSE_27_05_芝_マイル,omo_tekisei_code+joho_shisu+shiba_tekisei_code,omo_tekisei_code,joho_shisu,shiba_tekisei_code,9,2857,63.26,12.38,55.17,False
COURSE_27_05_芝_マイル,rotation+tenkai_kigo_code+kishu_shisu,rotation,tenkai_kigo_code,kishu_shisu,4,486,64.71,9.78,55.12,False
COURSE_27_05_芝_マイル,pace_yoso+nyukyu_nannichimae+ichi_shisu,pace_yoso,nyukyu_nannichimae,ichi_shisu,5,606,66.31,12.82,55.08,False
COURSE_27_05_芝_マイル,uma_start_shisu+ls_shisu_juni+class_code,uma_start_shisu,ls_shisu_juni,class_code,8,1055,64.56,13.72,55.05,False
COURSE_27_05_芝_マイル,rotation+kyori_tekisei+joho_shisu,rotation,kyori_tekisei,joho_shisu,5,682,62.93,9.08,54.98,False
COURSE_27_05_芝_マイル,hizume_code+ls_shisu_juni+class_code,hizume_code,ls_shisu_juni,class_code,5,735,70.23,17.41,54.97,False
COURSE_27_05_芝_マイル,ichi_shisu+kyakushitsu+pace_shisu_juni,ichi_shisu,kyakushitsu,pace_shisu_juni,10,2390,63.98,14.53,54.97,False
COURSE_27_05_芝_マイル,manken_shirushi+tenkai_kigo_code+ls_shisu_juni,manken_shirushi,tenkai_kigo_code,ls_shisu_juni,9,1020,62.1,11.19,54.79,False
COURSE_27_05_芝_マイル,tenkai_kigo_code+kishu_shisu+kyakushitsu,tenkai_kigo_code,kishu_shisu,kyakushitsu,29,4718,60.88,16.72,54.79,False
COURSE_27_05_芝_マイル,ichi_shisu_juni+ten_shisu_juni+pace_shisu_juni,ichi_shisu_juni,ten_shisu_juni,pace_shisu_juni,9,1961,65.34,16.35,54.66,False
COURSE_27_05_芝_マイル,joho_shisu+ichi_shisu_juni+kyakushitsu,joho_shisu,ichi_shisu_juni,kyakushitsu,7,1352,67.27,17.08,54.61,False
COURSE_27_05_芝_マイル,kyori_tekisei+tenkai_kigo_code+kishu_shisu,kyori_tekisei,tenkai_kigo_code,kishu_shisu,25,4302,58.45,9.88,54.58,False
COURSE_27_05_芝_マイル,omo_tekisei_code+manken_shisu+tenkai_kigo_code,omo_tekisei_code,manken_shisu,tenkai_kigo_code,4,426,70.97,16.75,54.55,False
COURSE_27_05_芝_マイル,joken_class_code+ichi_shisu+agari_shisu_juni,joken_class_code,ichi_shisu,agari_shisu_juni,10,2125,65.52,17.74,54.53,False
COURSE_27_05_芝_マイル,joken_class_code+kyori_tekisei+kishu_shisu,joken_class_code,kyori_tekisei,kishu_shisu,20,4225,60.88,14.64,54.47,False
COURSE_27_05_芝_マイル,kyori_tekisei+ichi_shisu+pace_shisu_juni,kyori_tekisei,ichi_shisu,pace_shisu_juni,10,2441,63.42,14.72,54.29,False
COURSE_27_05_芝_マイル,pace_yoso+hizume_code+kishu_shisu,pace_yoso,hizume_code,kishu_shisu,6,879,60.85,8.22,54.27,False
COURSE_27_05_芝_マイル,joken_class_code+joho_shisu+shiba_tekisei_code,joken_class_code,joho_shisu,shiba_tekisei_code,9,2549,62.63,12.86,54.22,False
COURSE_27_05_芝_マイル,ichi_shisu+tenkai_kigo_code+agari_shisu_juni,ichi_shisu,tenkai_kigo_code,agari_shisu_juni,10,1762,64.67,16.91,54.19,False
COURSE_27_05_芝_マイル,ichi_shisu+agari_shisu_juni+kyakushitsu,ichi_shisu,agari_shisu_juni,kyakushitsu,10,2034,65.14,17.9,54.05,False
COURSE_27_05_芝_マイル,uma_start_shisu+kishu_shisu+kyakushitsu,uma_start_shisu,kishu_shisu,kyakushitsu,4,509,63.15,9.28,54.05,False
COURSE_27_05_芝_マイル,pace_yoso+kishu_shisu+kyakushitsu,pace_yoso,kishu_shisu,kyakushitsu,21,3420,60.19,14.47,54.01,False
COURSE_27_05_芝_マイル,nyukyu_nannichimae+ichi_shisu+kyakushitsu,nyukyu_nannichimae,ichi_shisu,kyakushitsu,6,784,64.36,12.96,53.99,False
COURSE_27_05_芝_マイル,joken_class_code+nyukyu_nannichimae+kyakushitsu,joken_class_code,nyukyu_nannichimae,kyakushitsu,6,784,64.36,12.96,53.99,False
COURSE_27_05_芝_マイル,omo_tekisei_code+joho_shisu+ls_shisu_juni,omo_tekisei_code,joho_shisu,ls_shisu_juni,9,2181,60.69,10.31,53.95,False
COURSE_27_05_芝_マイル,kyori_tekisei+joho_shisu+class_code,kyori_tekisei,joho_shisu,class_code,8,1642,59.62,8.19,53.95,False
COURSE_27_05_芝_マイル,kyori_tekisei+ichi_shisu+agari_shisu_juni,kyori_tekisei,ichi_shisu,agari_shisu_juni,10,2111,64.94,17.93,53.82,False
COURSE_27_05_芝_マイル,tenkai_kigo_code+ls_shisu_juni+ten_shisu_juni,tenkai_kigo_code,ls_shisu_juni,ten_shisu_juni,16,1765,61.46,15.7,53.77,False
COURSE_27_05_芝_マイル,joken_class_code+rotation+ls_shisu_juni,joken_class_code,rotation,ls_shisu_juni,6,805,59.47,7.26,53.67,False
COURSE_27_05_芝_マイル,omo_tekisei_code+joho_shisu+class_code,omo_tekisei_code,joho_shisu,class_code,8,1758,66.26,18.21,53.64,False
COURSE_27_05_芝_マイル,joken_class_code+nyukyu_nannichimae+ichi_shisu,joken_class_code,nyukyu_nannichimae,ichi_shisu,6,792,64.12,13.25,53.52,False
COURSE_27_05_芝_マイル,kyori_tekisei+kishu_shisu+kyakushitsu,kyori_tekisei,kishu_shisu,kyakushitsu,22,3067,60.33,16.4,53.48,False
COURSE_27_05_芝_マイル,kyori_tekisei+nyukyu_nannichimae+ichi_shisu,kyori_tekisei,nyukyu_nannichimae,ichi_shisu,6,795,63.76,13.06,53.32,False
COURSE_27_05_芝_マイル,uma_start_shisu+tenkai_kigo_code+kishu_shisu,uma_start_shisu,tenkai_kigo_code,kishu_shisu,4,735,62.9,9.8,53.3,False
COURSE_27_05_芝_マイル,joken_class_code+kishu_shisu+kyakushitsu,joken_class_code,kishu_shisu,kyakushitsu,13,1910,61.98,16.0,53.28,False
COURSE_27_05_芝_マイル,pace_yoso+joho_shisu+ichi_shisu_juni,pace_yoso,joho_shisu,ichi_shisu_juni,15,2276,61.65,16.77,53.16,False
COURSE_27_05_芝_マイル,omo_tekisei_code+kyori_tekisei+joho_shisu,omo_tekisei_code,kyori_tekisei,joho_shisu,10,2746,58.98,9.74,52.94,False
COURSE_27_05_芝_マイル,kyori_tekisei+joho_shisu+shiba_tekisei_code,kyori_tekisei,joho_shisu,shiba_tekisei_code,9,2740,57.39,6.83,52.93,False
COURSE_27_05_芝_マイル,omo_tekisei_code+joho_shisu+kishu_shisu,omo_tekisei_code,joho_shisu,kishu_shisu,10,2105,58.66,9.38,52.85,False
COURSE_27_05_芝_マイル,pace_yoso+kyori_tekisei+joho_shisu,pace_yoso,kyori_tekisei,joho_shisu,11,3695,61.57,14.92,52.75,False
COURSE_27_05_芝_マイル,pace_yoso+ls_shisu_juni+agari_shisu_juni,pace_yoso,ls_shisu_juni,agari_shisu_juni,12,1318,63.55,19.34,52.61,False
COURSE_27_05_芝_マイル,joken_class_code+class_code+kishu_shisu,joken_class_code,class_code,kishu_shisu,23,3386,60.66,19.93,52.52,False
COURSE_27_05_芝_マイル,joho_shisu+shiba_tekisei_code+class_code,joho_shisu,shiba_tekisei_code,class_code,6,1744,63.04,13.18,52.49,False
COURSE_27_05_芝_マイル,joken_class_code+ls_shisu_juni+pace_shisu_juni,joken_class_code,ls_shisu_juni,pace_shisu_juni,14,1714,61.82,17.82,52.49,False
COURSE_27_05_芝_マイル,omo_tekisei_code+joho_shisu+kyakushitsu,omo_tekisei_code,joho_shisu,kyakushitsu,9,2655,62.93,16.35,52.25,False
COURSE_27_05_芝_マイル,omo_tekisei_code+hizume_code+joho_shisu,omo_tekisei_code,hizume_code,joho_shisu,9,1872,61.61,14.43,52.18,False
COURSE_27_05_芝_マイル,joho_shisu+tenkai_kigo_code+ls_shisu_juni,joho_shisu,tenkai_kigo_code,ls_shisu_juni,12,2729,57.11,8.76,52.15,False
COURSE_27_05_芝_マイル,joho_shisu+tenkai_kigo_code+ten_shisu_juni,joho_shisu,tenkai_kigo_code,ten_shisu_juni,15,2063,58.37,12.69,51.95,False
COURSE_27_05_芝_マイル,kyori_tekisei+class_code+kishu_shisu,kyori_tekisei,class_code,kishu_shisu,8,1164,62.63,15.61,51.82,False
COURSE_27_05_芝_マイル,pace_yoso+ichi_shisu_juni+kishu_shisu,pace_yoso,ichi_shisu_juni,kishu_shisu,10,1457,58.14,10.23,51.8,False
COURSE_27_05_芝_マイル,uma_start_shisu+kyori_tekisei+kishu_shisu,uma_start_shisu,kyori_tekisei,kishu_shisu,4,478,67.29,16.19,51.42,False
COURSE_27_05_芝_マイル,pace_yoso+joho_shisu+ten_shisu_juni,pace_yoso,joho_shisu,ten_shisu_juni,15,1995,59.81,16.89,51.27,False
COURSE_27_05_芝_マイル,pace_yoso+joho_shisu+class_code,pace_yoso,joho_shisu,class_code,9,1929,60.04,13.46,51.24,False
COURSE_27_05_芝_マイル,omo_tekisei_code+joho_shisu+tenkai_kigo_code,omo_tekisei_code,joho_shisu,tenkai_kigo_code,11,2954,59.68,14.48,51.12,False
COURSE_27_05_芝_マイル,omo_tekisei_code+uma_deokure_ritsu+joho_shisu,omo_tekisei_code,uma_deokure_ritsu,joho_shisu,3,914,70.98,17.61,51.05,False
COURSE_27_05_芝_マイル,omo_tekisei_code+kishu_shisu+kyakushitsu,omo_tekisei_code,kishu_shisu,kyakushitsu,18,2536,59.13,17.57,51.01,False
COURSE_27_05_芝_マイル,joho_shisu+tenkai_kigo_code+ichi_shisu_juni,joho_shisu,tenkai_kigo_code,ichi_shisu_juni,13,2177,56.6,10.4,50.94,False
COURSE_27_05_芝_マイル,uma_deokure_ritsu+kyori_tekisei+joho_shisu,uma_deokure_ritsu,kyori_tekisei,joho_shisu,3,732,65.78,13.2,50.84,False
COURSE_27_05_芝_マイル,joho_shisu+shiba_tekisei_code+kyakushitsu,joho_shisu,shiba_tekisei_code,kyakushitsu,11,2585,62.14,19.28,50.74,False
COURSE_27_05_芝_マイル,omo_tekisei_code+uma_deokure_ritsu+kishu_shisu,omo_tekisei_code,uma_deokure_ritsu,kishu_shisu,8,1153,64.38,19.69,50.73,False
COURSE_27_05_芝_マイル,pace_yoso+ls_shisu_juni+kishu_shisu,pace_yoso,ls_shisu_juni,kishu_shisu,15,2316,59.07,16.55,50.7,False
COURSE_27_05_芝_マイル,joken_class_code+ichi_shisu_juni+kishu_shisu,joken_class_code,ichi_shisu_juni,kishu_shisu,11,1719,59.13,14.38,50.63,False
COURSE_27_05_芝_マイル,joho_shisu+shiba_tekisei_code+tenkai_kigo_code,joho_shisu,shiba_tekisei_code,tenkai_kigo_code,9,2563,60.65,15.34,50.63,False
COURSE_27_05_芝_マイル,hizume_code+joho_shisu+shiba_tekisei_code,hizume_code,joho_shisu,shiba_tekisei_code,10,1642,63.61,20.98,50.6,False
COURSE_27_05_芝_マイル,joken_class_code+shiba_tekisei_code+kishu_shisu,joken_class_code,shiba_tekisei_code,kishu_shisu,23,3476,56.95,15.54,50.6,False
COURSE_27_05_芝_マイル,joken_class_code+kyori_tekisei+joho_shisu,joken_class_code,kyori_tekisei,joho_shisu,9,3096,57.22,10.22,50.55,False
COURSE_27_05_芝_マイル,kyori_tekisei+ls_shisu_juni+pace_shisu_juni,kyori_tekisei,ls_shisu_juni,pace_shisu_juni,12,1351,60.82,18.23,50.51,False
COURSE_27_05_芝_マイル,pace_yoso+ichi_shisu+kishu_shisu,pace_yoso,ichi_shisu,kishu_shisu,6,1007,56.09,6.99,50.5,False
COURSE_27_05_芝_マイル,joho_shisu+tenkai_kigo_code+class_code,joho_shisu,tenkai_kigo_code,class_code,6,1427,63.44,16.29,50.41,False
COURSE_27_05_芝_マイル,pace_yoso+uma_deokure_ritsu+joho_shisu,pace_yoso,uma_deokure_ritsu,joho_shisu,4,958,59.59,9.4,50.38,False
COURSE_27_05_芝_マイル,kyori_tekisei+agari_shisu_juni+pace_shisu_juni,kyori_tekisei,agari_shisu_juni,pace_shisu_juni,8,1140,66.04,22.69,50.32,False
COURSE_27_05_芝_マイル,joken_class_code+nyukyu_nannichimae+tenkai_kigo_code,joken_class_code,nyukyu_nannichimae,tenkai_kigo_code,3,337,61.69,10.08,50.28,False
COURSE_27_05_芝_マイル,joho_shisu+shiba_tekisei_code+kishu_shisu,joho_shisu,shiba_tekisei_code,kishu_shisu,10,1804,57.65,12.01,50.2,False
COURSE_27_05_芝_マイル,rotation+ls_shisu_juni+class_code,rotation,ls_shisu_juni,class_code,3,378,54.58,4.02,50.03,False
COURSE_27_05_芝_マイル,tenkai_kigo_code+ls_shisu_juni+kishu_shisu,tenkai_kigo_code,ls_shisu_juni,kishu_shisu,12,1887,56.38,11.41,49.93,False
COURSE_27_05_芝_マイル,shiba_tekisei_code+class_code+kishu_shisu,shiba_tekisei_code,class_code,kishu_shisu,18,2496,57.29,16.17,49.82,False
COURSE_27_05_芝_マイル,joken_class_code+ichi_shisu+kishu_shisu,joken_class_code,ichi_shisu,kishu_shisu,10,1589,57.51,12.54,49.74,False
COURSE_27_05_芝_マイル,pace_yoso+joho_shisu+shiba_tekisei_code,pace_yoso,joho_shisu,shiba_tekisei_code,8,2802,56.71,10.51,49.43,False
COURSE_27_05_芝_マイル,agari_shisu_juni+ichi_shisu_juni+pace_shisu_juni,agari_shisu_juni,ichi_shisu_juni,pace_shisu_juni,8,1101,65.42,23.13,49.39,False
COURSE_27_05_芝_マイル,kyori_tekisei+ichi_shisu_juni+kishu_shisu,kyori_tekisei,ichi_shisu_juni,kishu_shisu,10,1558,57.22,12.73,49.32,False
COURSE_27_05_芝_マイル,shiba_tekisei_code+ls_shisu_juni+kishu_shisu,shiba_tekisei_code,ls_shisu_juni,kishu_shisu,9,1161,59.81,16.07,49.31,False
COURSE_27_05_芝_マイル,ichi_shisu+ichi_shisu_juni+kishu_shisu,ichi_shisu,ichi_shisu_juni,kishu_shisu,9,1346,56.3,10.7,49.31,False
COURSE_27_05_芝_マイル,omo_tekisei_code+ls_shisu_juni+kishu_shisu,omo_tekisei_code,ls_shisu_juni,kishu_shisu,10,1463,60.44,18.1,49.23,False
COURSE_27_05_芝_マイル,pace_yoso+uma_start_shisu+joho_shisu,pace_yoso,uma_start_shisu,joho_shisu,8,1444,56.62,10.69,49.21,False
COURSE_27_05_芝_マイル,hizume_code+kyori_tekisei+joho_shisu,hizume_code,kyori_tekisei,joho_shisu,7,1238,54.46,7.14,49.17,False
COURSE_27_05_芝_マイル,kyori_tekisei+ichi_shisu+kishu_shisu,kyori_tekisei,ichi_shisu,kishu_shisu,10,1591,57.32,13.26,49.1,False
COURSE_27_05_芝_マイル,ichi_shisu+agari_shisu_juni+pace_shisu_juni,ichi_shisu,agari_shisu_juni,pace_shisu_juni,8,1086,64.57,22.39,49.05,False
COURSE_27_05_芝_マイル,pace_yoso+joho_shisu+pace_shisu_juni,pace_yoso,joho_shisu,pace_shisu_juni,17,2172,59.88,22.83,49.03,False
COURSE_27_05_芝_マイル,ls_shisu_juni+kishu_shisu+kyakushitsu,ls_shisu_juni,kishu_shisu,kyakushitsu,5,602,57.12,9.25,49.01,False
COURSE_27_05_芝_マイル,shiba_tekisei_code+kishu_shisu+kyakushitsu,shiba_tekisei_code,kishu_shisu,kyakushitsu,15,1954,60.38,22.62,48.93,False
COURSE_27_05_芝_マイル,joken_class_code+tenkai_kigo_code+kishu_shisu,joken_class_code,tenkai_kigo_code,kishu_shisu,19,3100,53.23,9.66,48.89,False
COURSE_27_05_芝_マイル,uma_start_shisu+joho_shisu+tenkai_kigo_code,uma_start_shisu,joho_shisu,tenkai_kigo_code,7,1281,57.24,11.65,48.61,False
COURSE_27_05_芝_マイル,tenkai_kigo_code+class_code+kishu_shisu,tenkai_kigo_code,class_code,kishu_shisu,8,1115,58.19,13.84,48.59,False
COURSE_27_05_芝_マイル,agari_shisu_juni+kyakushitsu+pace_shisu_juni,agari_shisu_juni,kyakushitsu,pace_shisu_juni,8,1079,64.35,22.87,48.51,False
COURSE_27_05_芝_マイル,ichi_shisu_juni+kishu_shisu+kyakushitsu,ichi_shisu_juni,kishu_shisu,kyakushitsu,9,1345,55.68,11.0,48.49,False
COURSE_27_05_芝_マイル,joho_shisu+class_code+kishu_shisu,joho_shisu,class_code,kishu_shisu,5,677,61.11,14.47,48.43,False
COURSE_27_05_芝_マイル,joken_class_code+rotation+joho_shisu,joken_class_code,rotation,joho_shisu,4,446,50.8,2.45,48.4,False
COURSE_27_05_芝_マイル,hizume_code+kyori_tekisei+kishu_shisu,hizume_code,kyori_tekisei,kishu_shisu,3,399,57.71,8.3,48.31,False
COURSE_27_05_芝_マイル,pace_yoso+joho_shisu+kyakushitsu,pace_yoso,joho_shisu,kyakushitsu,13,3628,58.89,19.88,48.08,False
COURSE_27_05_芝_マイル,joken_class_code+ls_shisu_juni+ten_shisu_juni,joken_class_code,ls_shisu_juni,ten_shisu_juni,13,1556,60.85,23.71,47.96,False
COURSE_27_05_芝_マイル,pace_yoso+omo_tekisei_code+joho_shisu,pace_yoso,omo_tekisei_code,joho_shisu,8,3000,56.86,12.89,47.92,False
COURSE_27_05_芝_マイル,joken_class_code+agari_shisu_juni+ten_shisu_juni,joken_class_code,agari_shisu_juni,ten_shisu_juni,8,1059,62.23,20.65,47.92,False
COURSE_27_05_芝_マイル,rotation+uma_deokure_ritsu+ls_shisu_juni,rotation,uma_deokure_ritsu,ls_shisu_juni,4,515,59.81,12.19,47.86,False
COURSE_27_05_芝_マイル,ichi_shisu+kishu_shisu+kyakushitsu,ichi_shisu,kishu_shisu,kyakushitsu,9,1423,55.43,11.87,47.68,False
COURSE_27_05_芝_マイル,pace_yoso+joho_shisu+agari_shisu_juni,pace_yoso,joho_shisu,agari_shisu_juni,16,1913,55.89,16.96,47.58,False
COURSE_27_05_芝_マイル,kyori_tekisei+ls_shisu_juni+kishu_shisu,kyori_tekisei,ls_shisu_juni,kishu_shisu,12,1697,56.7,16.16,47.55,False
COURSE_27_05_芝_マイル,kyori_tekisei+joho_shisu+tenkai_kigo_code,kyori_tekisei,joho_shisu,tenkai_kigo_code,12,3435,58.31,19.07,47.52,False
COURSE_27_05_芝_マイル,pace_yoso+agari_shisu_juni+ten_shisu_juni,pace_yoso,agari_shisu_juni,ten_shisu_juni,6,766,65.57,22.67,47.44,False
COURSE_27_05_芝_マイル,ls_shisu_juni+ichi_shisu_juni+pace_shisu_juni,ls_shisu_juni,ichi_shisu_juni,pace_shisu_juni,4,488,71.81,25.06,47.25,False
COURSE_27_05_芝_マイル,joken_class_code+omo_tekisei_code+kishu_shisu,joken_class_code,omo_tekisei_code,kishu_shisu,13,1906,55.11,14.71,47.11,False
COURSE_27_05_芝_マイル,pace_yoso+joho_shisu+kishu_shisu,pace_yoso,joho_shisu,kishu_shisu,11,2654,54.11,11.95,47.04,False
COURSE_27_05_芝_マイル,omo_tekisei_code+uma_start_shisu+kishu_shisu,omo_tekisei_code,uma_start_shisu,kishu_shisu,6,806,59.12,15.16,46.99,False
COURSE_27_05_芝_マイル,tenkai_kigo_code+ichi_shisu_juni+kishu_shisu,tenkai_kigo_code,ichi_shisu_juni,kishu_shisu,5,937,53.88,7.95,46.91,False
COURSE_27_05_芝_マイル,pace_yoso+uma_start_shisu+kishu_shisu,pace_yoso,uma_start_shisu,kishu_shisu,4,634,58.57,12.04,46.77,False
COURSE_27_05_芝_マイル,manken_shirushi+joho_shisu+shiba_tekisei_code,manken_shirushi,joho_shisu,shiba_tekisei_code,3,328,49.17,2.13,46.76,False
COURSE_27_05_芝_マイル,joho_shisu+class_code+kyakushitsu,joho_shisu,class_code,kyakushitsu,9,1425,54.2,11.63,46.6,False
COURSE_27_05_芝_マイル,pace_yoso+class_code+kishu_shisu,pace_yoso,class_code,kishu_shisu,9,1135,57.18,16.19,46.6,False
COURSE_27_05_芝_マイル,joho_shisu+tenkai_kigo_code+kishu_shisu,joho_shisu,tenkai_kigo_code,kishu_shisu,9,2211,53.71,10.89,46.59,False
COURSE_27_05_芝_マイル,uma_deokure_ritsu+joho_shisu+kyakushitsu,uma_deokure_ritsu,joho_shisu,kyakushitsu,3,770,67.18,18.2,46.58,False
COURSE_27_05_芝_マイル,pace_yoso+joken_class_code+joho_shisu,pace_yoso,joken_class_code,joho_shisu,12,3691,54.34,13.77,46.55,False
COURSE_27_05_芝_マイル,kyori_tekisei+joho_shisu+kishu_shisu,kyori_tekisei,joho_shisu,kishu_shisu,12,2382,54.41,14.26,46.34,False
COURSE_27_05_芝_マイル,joho_shisu+ls_shisu_juni+class_code,joho_shisu,ls_shisu_juni,class_code,6,948,53.91,9.56,46.26,False
COURSE_27_05_芝_マイル,ls_shisu_juni+ichi_shisu_juni+kishu_shisu,ls_shisu_juni,ichi_shisu_juni,kishu_shisu,3,347,61.61,13.61,46.21,False
COURSE_27_05_芝_マイル,pace_yoso+joho_shisu+ls_shisu_juni,pace_yoso,joho_shisu,ls_shisu_juni,13,3137,54.33,15.1,46.12,False
COURSE_27_05_芝_マイル,kyori_tekisei+joho_shisu+kyakushitsu,kyori_tekisei,joho_shisu,kyakushitsu,13,3213,57.07,20.32,46.03,False
COURSE_27_05_芝_マイル,pace_yoso+manken_shirushi+joho_shisu,pace_yoso,manken_shirushi,joho_shisu,8,956,59.73,19.79,46.02,False
COURSE_27_05_芝_マイル,joho_shisu+shiba_tekisei_code+ls_shisu_juni,joho_shisu,shiba_tekisei_code,ls_shisu_juni,9,1913,57.05,17.23,45.79,False
COURSE_27_05_芝_マイル,kyori_tekisei+joho_shisu+ls_shisu_juni,kyori_tekisei,joho_shisu,ls_shisu_juni,12,2634,54.31,15.11,45.76,False
COURSE_27_05_芝_マイル,hizume_code+joho_shisu+class_code,hizume_code,joho_shisu,class_code,3,440,55.01,8.23,45.69,False
COURSE_27_05_芝_マイル,kyori_tekisei+joho_shisu+ten_shisu_juni,kyori_tekisei,joho_shisu,ten_shisu_juni,4,794,50.52,4.99,45.63,False
COURSE_27_05_芝_マイル,uma_deokure_ritsu+joho_shisu+ls_shisu_juni,uma_deokure_ritsu,joho_shisu,ls_shisu_juni,3,596,63.29,15.78,45.43,False
COURSE_27_05_芝_マイル,pace_yoso+joho_shisu+tenkai_kigo_code,pace_yoso,joho_shisu,tenkai_kigo_code,9,3468,58.56,20.36,45.25,False
COURSE_27_05_芝_マイル,joken_class_code+joho_shisu+tenkai_kigo_code,joken_class_code,joho_shisu,tenkai_kigo_code,9,2888,55.01,14.98,45.22,False
COURSE_27_05_芝_マイル,omo_tekisei_code+class_code+kishu_shisu,omo_tekisei_code,class_code,kishu_shisu,8,1138,55.72,15.21,45.18,False
COURSE_27_05_芝_マイル,ichi_shisu+tenkai_kigo_code+kishu_shisu,ichi_shisu,tenkai_kigo_code,kishu_shisu,7,1217,51.2,8.14,45.17,False
COURSE_27_05_芝_マイル,joho_shisu+ls_shisu_juni+kishu_shisu,joho_shisu,ls_shisu_juni,kishu_shisu,9,1646,57.04,18.18,45.17,False
COURSE_27_05_芝_マイル,joken_class_code+uma_deokure_ritsu+kishu_shisu,joken_class_code,uma_deokure_ritsu,kishu_shisu,5,669,63.25,20.78,45.04,False
COURSE_27_05_芝_マイル,joken_class_code+joho_shisu+kishu_shisu,joken_class_code,joho_shisu,kishu_shisu,10,1880,51.81,10.99,45.0,False
COURSE_27_05_芝_マイル,joho_shisu+shiba_tekisei_code+agari_shisu_juni,joho_shisu,shiba_tekisei_code,agari_shisu_juni,3,321,56.18,9.9,44.98,False
COURSE_27_05_芝_マイル,joho_shisu+kishu_shisu+kyakushitsu,joho_shisu,kishu_shisu,kyakushitsu,13,2068,55.6,19.56,44.97,False
COURSE_27_05_芝_マイル,omo_tekisei_code+hizume_code+kishu_shisu,omo_tekisei_code,hizume_code,kishu_shisu,7,1012,55.26,13.93,44.94,False
COURSE_27_05_芝_マイル,rotation+joho_shisu+shiba_tekisei_code,rotation,joho_shisu,shiba_tekisei_code,5,787,54.29,10.72,44.89,False
COURSE_27_05_芝_マイル,joken_class_code+hizume_code+joho_shisu,joken_class_code,hizume_code,joho_shisu,6,877,52.06,9.17,44.73,False
COURSE_27_05_芝_マイル,joho_shisu+tenkai_kigo_code+pace_shisu_juni,joho_shisu,tenkai_kigo_code,pace_shisu_juni,13,1887,55.93,21.03,44.5,False
COURSE_27_05_芝_マイル,joken_class_code+joho_shisu+kyakushitsu,joken_class_code,joho_shisu,kyakushitsu,15,3094,52.08,15.0,44.49,False
COURSE_27_05_芝_マイル,joho_shisu+tenkai_kigo_code+agari_shisu_juni,joho_shisu,tenkai_kigo_code,agari_shisu_juni,15,2166,52.09,15.08,44.46,False
COURSE_27_05_芝_マイル,joken_class_code+ls_shisu_juni+kishu_shisu,joken_class_code,ls_shisu_juni,kishu_shisu,8,1248,51.81,10.72,44.38,False
COURSE_27_05_芝_マイル,joho_shisu+tenkai_kigo_code+kyakushitsu,joho_shisu,tenkai_kigo_code,kyakushitsu,11,3598,55.29,18.55,44.33,False
COURSE_27_05_芝_マイル,ls_shisu_juni+kyakushitsu+pace_shisu_juni,ls_shisu_juni,kyakushitsu,pace_shisu_juni,3,320,75.56,27.85,44.05,False
COURSE_27_05_芝_マイル,ichi_shisu+ls_shisu_juni+pace_shisu_juni,ichi_shisu,ls_shisu_juni,pace_shisu_juni,3,329,75.15,27.54,43.99,False
COURSE_27_05_芝_マイル,joho_shisu+ls_shisu_juni+kyakushitsu,joho_shisu,ls_shisu_juni,kyakushitsu,11,2159,53.48,16.81,43.55,False
COURSE_27_05_芝_マイル,tenkai_kigo_code+agari_shisu_juni+pace_shisu_juni,tenkai_kigo_code,agari_shisu_juni,pace_shisu_juni,7,888,60.81,23.53,43.37,False
COURSE_27_05_芝_マイル,joken_class_code+joho_shisu+ls_shisu_juni,joken_class_code,joho_shisu,ls_shisu_juni,10,2195,52.89,15.68,43.17,False
COURSE_27_05_芝_マイル,joken_class_code+joho_shisu+ten_shisu_juni,joken_class_code,joho_shisu,ten_shisu_juni,4,819,49.11,6.24,43.0,False
COURSE_27_05_芝_マイル,uma_deokure_ritsu+ls_shisu_juni+ichi_shisu_juni,uma_deokure_ritsu,ls_shisu_juni,ichi_shisu_juni,3,317,66.2,20.65,42.84,False
COURSE_27_05_芝_マイル,manken_shirushi+kyori_tekisei+joho_shisu,manken_shirushi,kyori_tekisei,joho_shisu,5,554,53.79,12.64,42.71,False
COURSE_27_05_芝_マイル,hizume_code+shiba_tekisei_code+kishu_shisu,hizume_code,shiba_tekisei_code,kishu_shisu,5,603,52.25,11.13,42.49,False
COURSE_27_05_芝_マイル,omo_tekisei_code+manken_shirushi+joho_shisu,omo_tekisei_code,manken_shirushi,joho_shisu,4,418,59.27,17.38,42.24,False
COURSE_27_05_芝_マイル,omo_tekisei_code+rotation+joho_shisu,omo_tekisei_code,rotation,joho_shisu,6,1012,60.34,22.72,42.16,False
COURSE_27_05_芝_マイル,joken_class_code+joho_shisu+pace_shisu_juni,joken_class_code,joho_shisu,pace_shisu_juni,4,806,50.2,8.44,41.93,False
COURSE_27_05_芝_マイル,kyori_tekisei+agari_shisu_juni+ten_shisu_juni,kyori_tekisei,agari_shisu_juni,ten_shisu_juni,6,829,60.47,23.46,41.7,False
COURSE_27_05_芝_マイル,uma_deokure_ritsu+tenkai_kigo_code+kishu_shisu,uma_deokure_ritsu,tenkai_kigo_code,kishu_shisu,6,966,57.87,20.36,41.58,False
COURSE_27_05_芝_マイル,ichi_shisu+joho_shisu+ls_shisu_juni,ichi_shisu,joho_shisu,ls_shisu_juni,3,562,45.81,3.76,41.55,False
COURSE_27_05_芝_マイル,ls_shisu_juni+ichi_shisu_juni+ten_shisu_juni,ls_shisu_juni,ichi_shisu_juni,ten_shisu_juni,4,455,71.09,30.36,41.34,False
COURSE_27_05_芝_マイル,joho_shisu+ls_shisu_juni+ichi_shisu_juni,joho_shisu,ls_shisu_juni,ichi_shisu_juni,3,635,46.96,5.18,41.09,False
COURSE_27_05_芝_マイル,ichi_shisu+ls_shisu_juni+kishu_shisu,ichi_shisu,ls_shisu_juni,kishu_shisu,3,321,47.28,5.5,41.05,False
COURSE_27_05_芝_マイル,uma_start_shisu+shiba_tekisei_code+kishu_shisu,uma_start_shisu,shiba_tekisei_code,kishu_shisu,4,500,56.56,15.92,40.96,False
COURSE_27_05_芝_マイル,uma_start_shisu+joho_shisu+shiba_tekisei_code,uma_start_shisu,joho_shisu,shiba_tekisei_code,6,1057,49.71,11.1,40.83,False
COURSE_27_05_芝_マイル,joho_shisu+ichi_shisu_juni+kishu_shisu,joho_shisu,ichi_shisu_juni,kishu_shisu,3,522,53.72,11.68,40.5,False
COURSE_27_05_芝_マイル,ichi_shisu+joho_shisu+pace_shisu_juni,ichi_shisu,joho_shisu,pace_shisu_juni,3,552,47.64,6.47,40.32,False
COURSE_27_05_芝_マイル,hizume_code+joho_shisu+kishu_shisu,hizume_code,joho_shisu,kishu_shisu,5,663,54.64,17.11,39.65,False
COURSE_27_05_芝_マイル,hizume_code+joho_shisu+ls_shisu_juni,hizume_code,joho_shisu,ls_shisu_juni,5,794,53.98,16.49,39.53,False
COURSE_27_05_芝_マイル,uma_start_shisu+kyori_tekisei+joho_shisu,uma_start_shisu,kyori_tekisei,joho_shisu,5,909,53.63,16.15,39.47,False
COURSE_27_05_芝_マイル,kyori_tekisei+ls_shisu_juni+ten_shisu_juni,kyori_tekisei,ls_shisu_juni,ten_shisu_juni,6,731,45.5,8.06,39.05,False
COURSE_27_05_芝_マイル,ichi_shisu+joho_shisu+ten_shisu_juni,ichi_shisu,joho_shisu,ten_shisu_juni,3,542,47.63,7.6,39.03,False
COURSE_27_05_芝_マイル,joho_shisu+ls_shisu_juni+pace_shisu_juni,joho_shisu,ls_shisu_juni,pace_shisu_juni,5,583,46.25,8.3,38.98,False
COURSE_27_05_芝_マイル,hizume_code+tenkai_kigo_code+kishu_shisu,hizume_code,tenkai_kigo_code,kishu_shisu,6,875,47.52,10.87,38.82,False
COURSE_27_05_芝_マイル,joho_shisu+ten_shisu_juni+kyakushitsu,joho_shisu,ten_shisu_juni,kyakushitsu,3,535,47.02,7.81,38.18,False
COURSE_27_05_芝_マイル,agari_shisu_juni+ichi_shisu_juni+ten_shisu_juni,agari_shisu_juni,ichi_shisu_juni,ten_shisu_juni,5,696,61.43,26.79,37.95,False
COURSE_27_05_芝_マイル,ichi_shisu+joho_shisu+kishu_shisu,ichi_shisu,joho_shisu,kishu_shisu,3,474,47.7,8.66,37.9,False
COURSE_27_05_芝_マイル,omo_tekisei_code+joho_shisu+agari_shisu_juni,omo_tekisei_code,joho_shisu,agari_shisu_juni,6,641,52.8,18.67,37.86,False
COURSE_27_05_芝_マイル,joho_shisu+ichi_shisu_juni+ten_shisu_juni,joho_shisu,ichi_shisu_juni,ten_shisu_juni,3,548,48.8,9.83,37.67,False
COURSE_27_05_芝_マイル,joken_class_code+uma_start_shisu+joho_shisu,joken_class_code,uma_start_shisu,joho_shisu,5,793,50.3,14.52,37.56,False
COURSE_27_05_芝_マイル,joho_shisu+kyakushitsu+pace_shisu_juni,joho_shisu,kyakushitsu,pace_shisu_juni,3,534,46.86,8.3,37.47,False
COURSE_27_05_芝_マイル,hizume_code+joho_shisu+kyakushitsu,hizume_code,joho_shisu,kyakushitsu,8,1283,50.15,19.14,36.89,False
COURSE_27_05_芝_マイル,ichi_shisu+agari_shisu_juni+ten_shisu_juni,ichi_shisu,agari_shisu_juni,ten_shisu_juni,5,693,60.31,26.86,36.76,False
COURSE_27_05_芝_マイル,kyori_tekisei+joho_shisu+pace_shisu_juni,kyori_tekisei,joho_shisu,pace_shisu_juni,4,773,52.36,16.38,36.31,False
COURSE_27_05_芝_マイル,uma_start_shisu+uma_deokure_ritsu+kishu_shisu,uma_start_shisu,uma_deokure_ritsu,kishu_shisu,5,748,54.4,20.73,36.23,False
COURSE_27_05_芝_マイル,agari_shisu_juni+ten_shisu_juni+kyakushitsu,agari_shisu_juni,ten_shisu_juni,kyakushitsu,5,689,59.95,27.1,36.2,False
COURSE_27_05_芝_マイル,joken_class_code+uma_deokure_ritsu+joho_shisu,joken_class_code,uma_deokure_ritsu,joho_shisu,3,728,50.6,12.81,36.11,False
COURSE_27_05_芝_マイル,uma_deokure_ritsu+joho_shisu+tenkai_kigo_code,uma_deokure_ritsu,joho_shisu,tenkai_kigo_code,3,820,60.87,21.89,36.1,False
COURSE_27_05_芝_マイル,joho_shisu+ls_shisu_juni+ten_shisu_juni,joho_shisu,ls_shisu_juni,ten_shisu_juni,5,587,49.47,15.37,36.0,False
COURSE_27_05_芝_マイル,joken_class_code+joho_shisu+agari_shisu_juni,joken_class_code,joho_shisu,agari_shisu_juni,6,777,43.43,9.72,35.65,False
COURSE_27_05_芝_マイル,manken_shirushi+joho_shisu+tenkai_kigo_code,manken_shirushi,joho_shisu,tenkai_kigo_code,6,745,51.13,19.39,35.61,False
COURSE_27_05_芝_マイル,joho_shisu+ichi_shisu_juni+pace_shisu_juni,joho_shisu,ichi_shisu_juni,pace_shisu_juni,3,545,49.34,12.16,35.58,False
COURSE_27_05_芝_マイル,uma_start_shisu+joho_shisu+class_code,uma_start_shisu,joho_shisu,class_code,4,563,52.34,17.18,35.5,False
COURSE_27_05_芝_マイル,uma_start_shisu+joho_shisu+kishu_shisu,uma_start_shisu,joho_shisu,kishu_shisu,3,517,62.96,24.81,34.88,False
COURSE_27_05_芝_マイル,uma_deokure_ritsu+joho_shisu+kishu_shisu,uma_deokure_ritsu,joho_shisu,kishu_shisu,3,527,62.25,24.54,34.47,False
COURSE_27_05_芝_マイル,kyori_tekisei+joho_shisu+agari_shisu_juni,kyori_tekisei,joho_shisu,agari_shisu_juni,6,763,44.56,13.34,33.89,False
COURSE_27_05_芝_マイル,uma_deokure_ritsu+joho_shisu+shiba_tekisei_code,uma_deokure_ritsu,joho_shisu,shiba_tekisei_code,3,802,52.84,16.92,33.69,False
COURSE_27_05_芝_マイル,joho_shisu+ten_shisu_juni+pace_shisu_juni,joho_shisu,ten_shisu_juni,pace_shisu_juni,3,585,49.06,13.7,33.56,False
COURSE_27_05_芝_マイル,rotation+joho_shisu+ls_shisu_juni,rotation,joho_shisu,ls_shisu_juni,4,466,56.71,24.02,33.17,False
COURSE_27_05_芝_マイル,tenkai_kigo_code+agari_shisu_juni+ten_shisu_juni,tenkai_kigo_code,agari_shisu_juni,ten_shisu_juni,4,530,58.65,27.59,31.6,False
COURSE_27_05_芝_マイル,agari_shisu_juni+ten_shisu_juni+pace_shisu_juni,agari_shisu_juni,ten_shisu_juni,pace_shisu_juni,4,581,56.05,28.81,27.82,False
COURSE_27_05_芝_マイル,uma_start_shisu+uma_deokure_ritsu+joho_shisu,uma_start_shisu,uma_deokure_ritsu,joho_shisu,3,664,44.31,16.5,25.64,False
COURSE_27_05_芝_マイル,uma_start_shisu+joho_shisu+ls_shisu_juni,uma_start_shisu,joho_shisu,ls_shisu_juni,3,549,57.12,28.26,25.13,False
COURSE_27_05_芝_マイル,rotation+joho_shisu+kyakushitsu,rotation,joho_shisu,kyakushitsu,4,522,50.16,25.86,24.82,False
COURSE_27_05_芝_マイル,omo_tekisei_code+uma_start_shisu+joho_shisu,omo_tekisei_code,uma_start_shisu,joho_shisu,4,948,46.05,23.21,23.31,False
