segment,factors,factor1,factor2,factor3,n_bins,n_bets,mean_roi,std_roi,clb,pass
KEIBAJO_SURFACE_09_ダ,manken_shirushi+joken_class_code+ten_shisu_juni,manken_shirushi,joken_class_code,ten_shisu_juni,19,2181,86.73,6.68,83.73,True
KEIBAJO_SURFACE_09_ダ,manken_shirushi+ichi_shisu_juni+ten_shisu_juni,manken_shirushi,ichi_shisu_juni,ten_shisu_juni,4,481,87.62,6.21,81.53,True
KEIBAJO_SURFACE_09_ダ,kishu_shisu+uma_deokure_ritsu+ten_shisu_juni,kishu_shisu,uma_deokure_ritsu,ten_shisu_juni,3,316,80.92,2.01,78.64,False
KEIBAJO_SURFACE_09_ダ,kyori_kubun+manken_shirushi+ten_shisu_juni,kyori_kubun,manken_shirushi,ten_shisu_juni,20,2223,82.54,9.54,78.36,False
KEIBAJO_SURFACE_09_ダ,manken_shirushi+uma_start_shisu+umakigo_code,manken_shirushi,uma_start_shisu,umakigo_code,38,9822,80.52,8.63,77.78,False
KEIBAJO_SURFACE_09_ダ,manken_shirushi+uma_start_shisu+joshodo_code,manken_shirushi,uma_start_shisu,joshodo_code,39,10379,80.4,8.39,77.77,False
KEIBAJO_SURFACE_09_ダ,ichi_shisu_juni+class_code+ten_shisu_juni,ichi_shisu_juni,class_code,ten_shisu_juni,9,1222,83.18,9.34,77.08,False
KEIBAJO_SURFACE_09_ダ,rotation+ichi_shisu_juni+ten_shisu_juni,rotation,ichi_shisu_juni,ten_shisu_juni,6,818,80.89,5.07,76.83,False
KEIBAJO_SURFACE_09_ダ,manken_shirushi+kyakushitsu+class_code,manken_shirushi,kyakushitsu,class_code,48,7445,79.56,11.13,76.41,False
KEIBAJO_SURFACE_09_ダ,kyori_kubun+manken_shirushi+ichi_shisu_juni,kyori_kubun,manken_shirushi,ichi_shisu_juni,29,3588,79.62,8.94,76.36,False
KEIBAJO_SURFACE_09_ダ,ichi_shisu_juni+hizume_code+ten_shisu_juni,ichi_shisu_juni,hizume_code,ten_shisu_juni,12,1634,80.88,8.8,75.9,False
KEIBAJO_SURFACE_09_ダ,manken_shirushi+manken_shisu+umakigo_code,manken_shirushi,manken_shisu,umakigo_code,68,8206,78.4,12.08,75.53,False
KEIBAJO_SURFACE_09_ダ,nyukyu_nannichimae+umakigo_code+class_code,nyukyu_nannichimae,umakigo_code,class_code,23,3266,79.16,8.9,75.52,False
KEIBAJO_SURFACE_09_ダ,manken_shirushi+uma_deokure_ritsu+joshodo_code,manken_shirushi,uma_deokure_ritsu,joshodo_code,21,7365,79.86,10.3,75.45,False
KEIBAJO_SURFACE_09_ダ,omo_tekisei_code+ichi_shisu_juni+ten_shisu_juni,omo_tekisei_code,ichi_shisu_juni,ten_shisu_juni,27,4014,78.6,8.59,75.36,False
KEIBAJO_SURFACE_09_ダ,kyori_kubun+pace_yoso+manken_shirushi,kyori_kubun,pace_yoso,manken_shirushi,54,17224,77.59,8.52,75.32,False
KEIBAJO_SURFACE_09_ダ,uma_start_shisu+ichi_shisu_juni+ten_shisu_juni,uma_start_shisu,ichi_shisu_juni,ten_shisu_juni,15,2383,79.23,7.9,75.24,False
KEIBAJO_SURFACE_09_ダ,manken_shirushi+joken_class_code+kyakushitsu,manken_shirushi,joken_class_code,kyakushitsu,75,13708,77.39,10.03,75.12,False
KEIBAJO_SURFACE_09_ダ,pace_yoso+manken_shirushi+hizume_code,pace_yoso,manken_shirushi,hizume_code,49,10582,77.49,8.75,75.04,False
KEIBAJO_SURFACE_09_ダ,manken_shirushi+ichi_shisu_juni+umakigo_code,manken_shirushi,ichi_shisu_juni,umakigo_code,84,13703,77.14,9.88,75.03,False
KEIBAJO_SURFACE_09_ダ,kyori_kubun+manken_shirushi+kyakushitsu,kyori_kubun,manken_shirushi,kyakushitsu,69,14471,77.2,9.49,74.96,False
KEIBAJO_SURFACE_09_ダ,manken_shirushi+ichi_shisu_juni+joshodo_code,manken_shirushi,ichi_shisu_juni,joshodo_code,94,14475,76.92,10.09,74.88,False
KEIBAJO_SURFACE_09_ダ,pace_yoso+manken_shirushi+manken_shisu,pace_yoso,manken_shirushi,manken_shisu,18,1952,80.95,13.14,74.88,False
KEIBAJO_SURFACE_09_ダ,pace_yoso+manken_shirushi+ten_shisu_juni,pace_yoso,manken_shirushi,ten_shisu_juni,46,5297,78.34,12.06,74.85,False
KEIBAJO_SURFACE_09_ダ,manken_shirushi+manken_shisu+joshodo_code,manken_shirushi,manken_shisu,joshodo_code,80,9816,77.63,12.85,74.82,False
KEIBAJO_SURFACE_09_ダ,omo_tekisei_code+rotation+uma_start_shisu,omo_tekisei_code,rotation,uma_start_shisu,48,10300,77.66,10.09,74.81,False
KEIBAJO_SURFACE_09_ダ,manken_shirushi+hizume_code+kyakushitsu,manken_shirushi,hizume_code,kyakushitsu,46,7591,77.94,10.94,74.78,False
KEIBAJO_SURFACE_09_ダ,kyori_kubun+manken_shirushi+class_code,kyori_kubun,manken_shirushi,class_code,59,9956,77.61,11.13,74.77,False
KEIBAJO_SURFACE_09_ダ,pace_yoso+manken_shirushi+ichi_shisu_juni,pace_yoso,manken_shirushi,ichi_shisu_juni,57,7188,77.44,10.47,74.73,False
KEIBAJO_SURFACE_09_ダ,joken_class_code+ichi_shisu_juni+ten_shisu_juni,joken_class_code,ichi_shisu_juni,ten_shisu_juni,31,5593,78.09,9.64,74.69,False
KEIBAJO_SURFACE_09_ダ,manken_shirushi+uma_deokure_ritsu+ten_shisu_juni,manken_shirushi,uma_deokure_ritsu,ten_shisu_juni,5,550,81.76,8.06,74.69,False
KEIBAJO_SURFACE_09_ダ,pace_yoso+omo_tekisei_code+manken_shirushi,pace_yoso,omo_tekisei_code,manken_shirushi,46,15302,77.08,8.34,74.67,False
KEIBAJO_SURFACE_09_ダ,kyori_kubun+omo_tekisei_code+manken_shirushi,kyori_kubun,omo_tekisei_code,manken_shirushi,72,16468,76.86,9.75,74.61,False
KEIBAJO_SURFACE_09_ダ,manken_shirushi+joshodo_code+ten_shisu_juni,manken_shirushi,joshodo_code,ten_shisu_juni,86,13310,77.07,11.67,74.6,False
KEIBAJO_SURFACE_09_ダ,manken_shirushi+uma_deokure_ritsu+umakigo_code,manken_shirushi,uma_deokure_ritsu,umakigo_code,20,6917,79.17,10.49,74.57,False
KEIBAJO_SURFACE_09_ダ,kyori_kubun+manken_shirushi+joken_class_code,kyori_kubun,manken_shirushi,joken_class_code,56,14523,76.93,9.12,74.54,False
KEIBAJO_SURFACE_09_ダ,kyori_kubun+manken_shirushi+hizume_code,kyori_kubun,manken_shirushi,hizume_code,51,9348,77.08,9.32,74.52,False
KEIBAJO_SURFACE_09_ダ,pace_yoso+manken_shirushi+uma_start_shisu,pace_yoso,manken_shirushi,uma_start_shisu,34,7739,77.93,10.13,74.52,False
KEIBAJO_SURFACE_09_ダ,pace_yoso+manken_shirushi+umakigo_code,pace_yoso,manken_shirushi,umakigo_code,23,16351,77.24,6.87,74.43,False
KEIBAJO_SURFACE_09_ダ,manken_shirushi+joken_class_code+hizume_code,manken_shirushi,joken_class_code,hizume_code,32,6858,77.72,9.69,74.37,False
KEIBAJO_SURFACE_09_ダ,manken_shirushi+hizume_code+umakigo_code,manken_shirushi,hizume_code,umakigo_code,46,12923,77.05,9.51,74.3,False
KEIBAJO_SURFACE_09_ダ,pace_yoso+manken_shirushi+joken_class_code,pace_yoso,manken_shirushi,joken_class_code,56,16712,76.5,8.4,74.3,False
KEIBAJO_SURFACE_09_ダ,pace_yoso+manken_shirushi+joshodo_code,pace_yoso,manken_shirushi,joshodo_code,31,16953,77.12,8.11,74.26,False
KEIBAJO_SURFACE_09_ダ,kyori_kubun+manken_shirushi+joshodo_code,kyori_kubun,manken_shirushi,joshodo_code,24,16068,76.9,6.61,74.25,False
KEIBAJO_SURFACE_09_ダ,omo_tekisei_code+manken_shirushi+kyakushitsu,omo_tekisei_code,manken_shirushi,kyakushitsu,81,15350,76.27,9.51,74.2,False
KEIBAJO_SURFACE_09_ダ,manken_shirushi+rotation+joshodo_code,manken_shirushi,rotation,joshodo_code,33,9880,76.9,8.16,74.12,False
KEIBAJO_SURFACE_09_ダ,omo_tekisei_code+manken_shirushi+joshodo_code,omo_tekisei_code,manken_shirushi,joshodo_code,24,15948,76.52,6.28,74.01,False
KEIBAJO_SURFACE_09_ダ,kyori_kubun+manken_shirushi+uma_start_shisu,kyori_kubun,manken_shirushi,uma_start_shisu,26,6366,77.84,10.13,73.95,False
KEIBAJO_SURFACE_09_ダ,omo_tekisei_code+manken_shirushi+umakigo_code,omo_tekisei_code,manken_shirushi,umakigo_code,24,15168,76.51,6.47,73.92,False
KEIBAJO_SURFACE_09_ダ,omo_tekisei_code+hizume_code+manken_shisu,omo_tekisei_code,hizume_code,manken_shisu,23,2750,78.31,10.85,73.88,False
KEIBAJO_SURFACE_09_ダ,uma_start_shisu+nyukyu_nannichimae+joshodo_code,uma_start_shisu,nyukyu_nannichimae,joshodo_code,15,2958,78.07,8.38,73.84,False
KEIBAJO_SURFACE_09_ダ,kyori_kubun+omo_tekisei_code+uma_start_shisu,kyori_kubun,omo_tekisei_code,uma_start_shisu,66,19573,76.14,10.09,73.7,False
KEIBAJO_SURFACE_09_ダ,pace_yoso+manken_shirushi+kyakushitsu,pace_yoso,manken_shirushi,kyakushitsu,63,15822,75.9,8.92,73.7,False
KEIBAJO_SURFACE_09_ダ,manken_shirushi+rotation+kyakushitsu,manken_shirushi,rotation,kyakushitsu,42,5719,76.74,10.07,73.69,False
KEIBAJO_SURFACE_09_ダ,joken_class_code+nyukyu_nannichimae+class_code,joken_class_code,nyukyu_nannichimae,class_code,25,3719,77.31,9.28,73.67,False
KEIBAJO_SURFACE_09_ダ,manken_shirushi+umakigo_code+ten_shisu_juni,manken_shirushi,umakigo_code,ten_shisu_juni,87,13879,76.02,11.27,73.65,False
KEIBAJO_SURFACE_09_ダ,manken_shirushi+joken_class_code+class_code,manken_shirushi,joken_class_code,class_code,46,13999,76.06,8.39,73.63,False
KEIBAJO_SURFACE_09_ダ,kyori_kubun+uma_start_shisu+kyakushitsu,kyori_kubun,uma_start_shisu,kyakushitsu,66,19318,76.08,10.17,73.63,False
KEIBAJO_SURFACE_09_ダ,kyori_kubun+rotation+uma_deokure_ritsu,kyori_kubun,rotation,uma_deokure_ritsu,32,8021,76.49,8.46,73.56,False
KEIBAJO_SURFACE_09_ダ,pace_yoso+uma_start_shisu+hizume_code,pace_yoso,uma_start_shisu,hizume_code,51,14955,76.24,9.79,73.55,False
KEIBAJO_SURFACE_09_ダ,manken_shirushi+hizume_code+joshodo_code,manken_shirushi,hizume_code,joshodo_code,49,13910,76.27,9.79,73.53,False
KEIBAJO_SURFACE_09_ダ,rotation+hizume_code+umakigo_code,rotation,hizume_code,umakigo_code,49,16362,76.59,10.97,73.52,False
KEIBAJO_SURFACE_09_ダ,pace_yoso+rotation+kyakushitsu,pace_yoso,rotation,kyakushitsu,58,19009,75.78,8.82,73.51,False
KEIBAJO_SURFACE_09_ダ,manken_shirushi+uma_start_shisu+kyakushitsu,manken_shirushi,uma_start_shisu,kyakushitsu,24,5469,77.34,9.59,73.5,False
KEIBAJO_SURFACE_09_ダ,pace_yoso+omo_tekisei_code+rotation,pace_yoso,omo_tekisei_code,rotation,54,20117,75.83,8.84,73.47,False
KEIBAJO_SURFACE_09_ダ,kyori_kubun+pace_yoso+rotation,kyori_kubun,pace_yoso,rotation,55,20381,75.68,8.54,73.43,False
KEIBAJO_SURFACE_09_ダ,joken_class_code+hizume_code+manken_shisu,joken_class_code,hizume_code,manken_shisu,16,1993,79.46,12.36,73.41,False
KEIBAJO_SURFACE_09_ダ,manken_shirushi+kyakushitsu+joshodo_code,manken_shirushi,kyakushitsu,joshodo_code,40,17186,75.98,8.31,73.4,False
KEIBAJO_SURFACE_09_ダ,kyori_kubun+manken_shirushi+umakigo_code,kyori_kubun,manken_shirushi,umakigo_code,24,16436,76.38,7.44,73.4,False
KEIBAJO_SURFACE_09_ダ,manken_shirushi+joshodo_code+class_code,manken_shirushi,joshodo_code,class_code,44,13571,75.92,8.57,73.39,False
KEIBAJO_SURFACE_09_ダ,uma_deokure_ritsu+hizume_code+joshodo_code,uma_deokure_ritsu,hizume_code,joshodo_code,37,13774,75.95,8.01,73.37,False
KEIBAJO_SURFACE_09_ダ,manken_shirushi+rotation+umakigo_code,manken_shirushi,rotation,umakigo_code,30,9202,76.41,8.5,73.37,False
KEIBAJO_SURFACE_09_ダ,manken_shirushi+joken_class_code+uma_start_shisu,manken_shirushi,joken_class_code,uma_start_shisu,23,5361,76.82,8.56,73.32,False
KEIBAJO_SURFACE_09_ダ,rotation+hizume_code+joshodo_code,rotation,hizume_code,joshodo_code,50,17313,76.24,10.54,73.32,False
KEIBAJO_SURFACE_09_ダ,manken_shirushi+ichi_shisu_juni+kyakushitsu,manken_shirushi,ichi_shisu_juni,kyakushitsu,28,3508,77.54,11.43,73.31,False
KEIBAJO_SURFACE_09_ダ,omo_tekisei_code+manken_shirushi+hizume_code,omo_tekisei_code,manken_shirushi,hizume_code,54,9702,76.23,10.96,73.31,False
KEIBAJO_SURFACE_09_ダ,kyori_kubun+joken_class_code+uma_start_shisu,kyori_kubun,joken_class_code,uma_start_shisu,59,17507,75.66,9.32,73.28,False
KEIBAJO_SURFACE_09_ダ,joken_class_code+uma_deokure_ritsu+kyakushitsu,joken_class_code,uma_deokure_ritsu,kyakushitsu,37,13163,76.56,10.26,73.26,False
KEIBAJO_SURFACE_09_ダ,joken_class_code+rotation+class_code,joken_class_code,rotation,class_code,57,18408,75.98,10.57,73.24,False
KEIBAJO_SURFACE_09_ダ,omo_tekisei_code+rotation+umakigo_code,omo_tekisei_code,rotation,umakigo_code,45,21015,75.74,8.55,73.24,False
KEIBAJO_SURFACE_09_ダ,kyori_kubun+nyukyu_nannichimae+kyakushitsu,kyori_kubun,nyukyu_nannichimae,kyakushitsu,10,1191,81.23,12.93,73.22,False
KEIBAJO_SURFACE_09_ダ,omo_tekisei_code+uma_start_shisu+hizume_code,omo_tekisei_code,uma_start_shisu,hizume_code,52,13516,76.19,10.92,73.22,False
KEIBAJO_SURFACE_09_ダ,rotation+uma_deokure_ritsu+class_code,rotation,uma_deokure_ritsu,class_code,24,5593,77.93,11.86,73.18,False
KEIBAJO_SURFACE_09_ダ,ichi_shisu+umakigo_code+joshodo_code,ichi_shisu,umakigo_code,joshodo_code,104,20158,75.04,9.77,73.16,False
KEIBAJO_SURFACE_09_ダ,joken_class_code+nyukyu_nannichimae+joshodo_code,joken_class_code,nyukyu_nannichimae,joshodo_code,39,6579,76.11,9.46,73.14,False
KEIBAJO_SURFACE_09_ダ,manken_shirushi+kyakushitsu+umakigo_code,manken_shirushi,kyakushitsu,umakigo_code,40,16448,75.54,7.76,73.13,False
KEIBAJO_SURFACE_09_ダ,nyukyu_nannichimae+joshodo_code+class_code,nyukyu_nannichimae,joshodo_code,class_code,24,3591,77.12,10.02,73.12,False
KEIBAJO_SURFACE_09_ダ,manken_shirushi+joken_class_code+ichi_shisu_juni,manken_shirushi,joken_class_code,ichi_shisu_juni,9,2020,78.18,7.75,73.12,False
KEIBAJO_SURFACE_09_ダ,pace_yoso+manken_shirushi+class_code,pace_yoso,manken_shirushi,class_code,44,10618,76.01,9.83,73.1,False
KEIBAJO_SURFACE_09_ダ,uma_deokure_ritsu+kyakushitsu+umakigo_code,uma_deokure_ritsu,kyakushitsu,umakigo_code,55,18492,75.51,9.15,73.09,False
KEIBAJO_SURFACE_09_ダ,omo_tekisei_code+rotation+uma_deokure_ritsu,omo_tekisei_code,rotation,uma_deokure_ritsu,32,7969,76.56,10.1,73.06,False
KEIBAJO_SURFACE_09_ダ,kyori_kubun+uma_start_shisu+hizume_code,kyori_kubun,uma_start_shisu,hizume_code,50,13097,75.34,8.62,72.96,False
KEIBAJO_SURFACE_09_ダ,kyori_kubun+omo_tekisei_code+ichi_shisu_juni,kyori_kubun,omo_tekisei_code,ichi_shisu_juni,115,23127,74.73,9.91,72.92,False
KEIBAJO_SURFACE_09_ダ,rotation+kyakushitsu+umakigo_code,rotation,kyakushitsu,umakigo_code,48,20272,75.65,9.63,72.92,False
KEIBAJO_SURFACE_09_ダ,uma_start_shisu+hizume_code+umakigo_code,uma_start_shisu,hizume_code,umakigo_code,50,17039,75.74,10.23,72.91,False
KEIBAJO_SURFACE_09_ダ,manken_shirushi+kyakushitsu+ten_shisu_juni,manken_shirushi,kyakushitsu,ten_shisu_juni,3,308,81.79,7.89,72.86,False
KEIBAJO_SURFACE_09_ダ,omo_tekisei_code+manken_shirushi+class_code,omo_tekisei_code,manken_shirushi,class_code,63,11557,75.39,10.37,72.83,False
KEIBAJO_SURFACE_09_ダ,rotation+kyakushitsu+joshodo_code,rotation,kyakushitsu,joshodo_code,52,21746,75.23,8.86,72.82,False
KEIBAJO_SURFACE_09_ダ,kyori_kubun+pace_yoso+omo_tekisei_code,kyori_kubun,pace_yoso,omo_tekisei_code,22,25078,74.56,4.16,72.82,False
KEIBAJO_SURFACE_09_ダ,rotation+umakigo_code+class_code,rotation,umakigo_code,class_code,55,16965,75.69,10.88,72.81,False
KEIBAJO_SURFACE_09_ダ,rotation+umakigo_code+joshodo_code,rotation,umakigo_code,joshodo_code,30,22961,76.05,9.09,72.8,False
KEIBAJO_SURFACE_09_ダ,pace_yoso+uma_deokure_ritsu+joshodo_code,pace_yoso,uma_deokure_ritsu,joshodo_code,49,22158,75.08,8.2,72.79,False
KEIBAJO_SURFACE_09_ダ,rotation+joshodo_code+class_code,rotation,joshodo_code,class_code,57,17985,75.58,10.76,72.78,False
KEIBAJO_SURFACE_09_ダ,kyori_kubun+uma_deokure_ritsu+umakigo_code,kyori_kubun,uma_deokure_ritsu,umakigo_code,54,19454,75.5,10.23,72.77,False
KEIBAJO_SURFACE_09_ダ,omo_tekisei_code+manken_shirushi+joken_class_code,omo_tekisei_code,manken_shirushi,joken_class_code,53,13657,75.25,9.25,72.76,False
KEIBAJO_SURFACE_09_ダ,pace_yoso+manken_shirushi+uma_deokure_ritsu,pace_yoso,manken_shirushi,uma_deokure_ritsu,16,5357,76.01,6.71,72.72,False
KEIBAJO_SURFACE_09_ダ,uma_start_shisu+hizume_code+joshodo_code,uma_start_shisu,hizume_code,joshodo_code,55,18399,74.93,8.42,72.71,False
KEIBAJO_SURFACE_09_ダ,pace_yoso+rotation+umakigo_code,pace_yoso,rotation,umakigo_code,41,22054,76.16,11.3,72.7,False
KEIBAJO_SURFACE_09_ダ,kyori_kubun+pace_yoso+joken_class_code,kyori_kubun,pace_yoso,joken_class_code,25,27537,73.2,1.33,72.68,False
KEIBAJO_SURFACE_09_ダ,omo_tekisei_code+uma_start_shisu+kyakushitsu,omo_tekisei_code,uma_start_shisu,kyakushitsu,68,19148,75.18,10.55,72.67,False
KEIBAJO_SURFACE_09_ダ,pace_yoso+rotation+joshodo_code,pace_yoso,rotation,joshodo_code,39,22854,75.67,9.59,72.66,False
KEIBAJO_SURFACE_09_ダ,kyori_kubun+joken_class_code+nyukyu_nannichimae,kyori_kubun,joken_class_code,nyukyu_nannichimae,15,1869,80.77,16.07,72.64,False
KEIBAJO_SURFACE_09_ダ,uma_start_shisu+hizume_code+kyakushitsu,uma_start_shisu,hizume_code,kyakushitsu,52,12508,75.51,10.59,72.64,False
KEIBAJO_SURFACE_09_ダ,ichi_shisu+kyakushitsu+joshodo_code,ichi_shisu,kyakushitsu,joshodo_code,73,11684,75.74,13.55,72.63,False
KEIBAJO_SURFACE_09_ダ,manken_shirushi+joken_class_code+joshodo_code,manken_shirushi,joken_class_code,joshodo_code,43,16740,75.17,8.48,72.63,False
KEIBAJO_SURFACE_09_ダ,omo_tekisei_code+joken_class_code+rotation,omo_tekisei_code,joken_class_code,rotation,58,17067,74.79,8.48,72.61,False
KEIBAJO_SURFACE_09_ダ,manken_shirushi+joken_class_code+umakigo_code,manken_shirushi,joken_class_code,umakigo_code,33,15834,75.0,7.07,72.59,False
KEIBAJO_SURFACE_09_ダ,kyori_kubun+rotation+kyakushitsu,kyori_kubun,rotation,kyakushitsu,65,17588,74.58,8.24,72.57,False
KEIBAJO_SURFACE_09_ダ,pace_yoso+manken_shirushi+rotation,pace_yoso,manken_shirushi,rotation,40,7897,75.7,10.15,72.56,False
KEIBAJO_SURFACE_09_ダ,manken_shirushi+umakigo_code+class_code,manken_shirushi,umakigo_code,class_code,44,12952,75.25,9.17,72.54,False
KEIBAJO_SURFACE_09_ダ,pace_yoso+omo_tekisei_code+kyakushitsu,pace_yoso,omo_tekisei_code,kyakushitsu,32,25341,74.64,6.06,72.54,False
KEIBAJO_SURFACE_09_ダ,kyori_kubun+kyakushitsu+ten_shisu_juni,kyori_kubun,kyakushitsu,ten_shisu_juni,107,22367,74.33,9.44,72.54,False
KEIBAJO_SURFACE_09_ダ,kyori_kubun+uma_deokure_ritsu+kyakushitsu,kyori_kubun,uma_deokure_ritsu,kyakushitsu,40,13519,75.83,10.63,72.53,False
KEIBAJO_SURFACE_09_ダ,manken_shirushi+joken_class_code+uma_deokure_ritsu,manken_shirushi,joken_class_code,uma_deokure_ritsu,19,5342,76.38,8.59,72.52,False
KEIBAJO_SURFACE_09_ダ,pace_yoso+nyukyu_nannichimae+joshodo_code,pace_yoso,nyukyu_nannichimae,joshodo_code,31,8287,76.09,10.13,72.52,False
KEIBAJO_SURFACE_09_ダ,joken_class_code+rotation+uma_deokure_ritsu,joken_class_code,rotation,uma_deokure_ritsu,30,8153,76.11,10.05,72.51,False
KEIBAJO_SURFACE_09_ダ,manken_shirushi+hizume_code+class_code,manken_shirushi,hizume_code,class_code,29,4568,77.25,13.08,72.49,False
KEIBAJO_SURFACE_09_ダ,pace_yoso+rotation+class_code,pace_yoso,rotation,class_code,61,15580,75.02,10.11,72.48,False
KEIBAJO_SURFACE_09_ダ,uma_start_shisu+nyukyu_nannichimae+umakigo_code,uma_start_shisu,nyukyu_nannichimae,umakigo_code,14,2666,77.02,8.72,72.45,False
KEIBAJO_SURFACE_09_ダ,hizume_code+kyakushitsu+ten_shisu_juni,hizume_code,kyakushitsu,ten_shisu_juni,66,11069,74.84,9.89,72.45,False
KEIBAJO_SURFACE_09_ダ,omo_tekisei_code+rotation+joshodo_code,omo_tekisei_code,rotation,joshodo_code,46,22244,75.21,9.56,72.45,False
KEIBAJO_SURFACE_09_ダ,kyori_kubun+omo_tekisei_code+class_code,kyori_kubun,omo_tekisei_code,class_code,49,22268,75.3,10.21,72.44,False
KEIBAJO_SURFACE_09_ダ,joken_class_code+rotation+uma_start_shisu,joken_class_code,rotation,uma_start_shisu,39,8901,76.32,12.36,72.44,False
KEIBAJO_SURFACE_09_ダ,uma_start_shisu+umakigo_code+ten_shisu_juni,uma_start_shisu,umakigo_code,ten_shisu_juni,58,13956,75.59,12.29,72.43,False
KEIBAJO_SURFACE_09_ダ,kyori_kubun+joken_class_code+rotation,kyori_kubun,joken_class_code,rotation,53,15959,75.17,10.18,72.43,False
KEIBAJO_SURFACE_09_ダ,kyori_kubun+class_code+ten_shisu_juni,kyori_kubun,class_code,ten_shisu_juni,75,11992,75.04,11.58,72.41,False
KEIBAJO_SURFACE_09_ダ,pace_yoso+omo_tekisei_code+joken_class_code,pace_yoso,omo_tekisei_code,joken_class_code,25,25036,74.33,4.92,72.4,False
KEIBAJO_SURFACE_09_ダ,uma_deokure_ritsu+ichi_shisu_juni+ten_shisu_juni,uma_deokure_ritsu,ichi_shisu_juni,ten_shisu_juni,18,2959,76.45,8.79,72.39,False
KEIBAJO_SURFACE_09_ダ,omo_tekisei_code+rotation+kyakushitsu,omo_tekisei_code,rotation,kyakushitsu,60,16978,74.68,9.04,72.39,False
KEIBAJO_SURFACE_09_ダ,kyori_kubun+pace_yoso+nyukyu_nannichimae,kyori_kubun,pace_yoso,nyukyu_nannichimae,35,5570,76.38,12.05,72.39,False
KEIBAJO_SURFACE_09_ダ,uma_start_shisu+ichi_shisu_juni+joshodo_code,uma_start_shisu,ichi_shisu_juni,joshodo_code,62,15217,74.99,10.51,72.38,False
KEIBAJO_SURFACE_09_ダ,rotation+kyakushitsu+ten_shisu_juni,rotation,kyakushitsu,ten_shisu_juni,56,8378,74.95,9.86,72.37,False
KEIBAJO_SURFACE_09_ダ,uma_deokure_ritsu+kyakushitsu+joshodo_code,uma_deokure_ritsu,kyakushitsu,joshodo_code,53,19062,75.01,9.82,72.37,False
KEIBAJO_SURFACE_09_ダ,joken_class_code+rotation+joshodo_code,joken_class_code,rotation,joshodo_code,51,21000,74.87,9.15,72.36,False
KEIBAJO_SURFACE_09_ダ,pace_yoso+joken_class_code+ichi_shisu_juni,pace_yoso,joken_class_code,ichi_shisu_juni,93,25021,74.18,9.02,72.35,False
KEIBAJO_SURFACE_09_ダ,kyori_kubun+omo_tekisei_code+nyukyu_nannichimae,kyori_kubun,omo_tekisei_code,nyukyu_nannichimae,15,1917,79.68,14.54,72.33,False
KEIBAJO_SURFACE_09_ダ,omo_tekisei_code+hizume_code+ten_shisu_juni,omo_tekisei_code,hizume_code,ten_shisu_juni,77,12772,74.9,11.56,72.32,False
KEIBAJO_SURFACE_09_ダ,omo_tekisei_code+joken_class_code+uma_start_shisu,omo_tekisei_code,joken_class_code,uma_start_shisu,64,18621,75.22,11.94,72.3,False
KEIBAJO_SURFACE_09_ダ,kyori_kubun+uma_deokure_ritsu+nyukyu_nannichimae,kyori_kubun,uma_deokure_ritsu,nyukyu_nannichimae,8,975,81.97,13.98,72.29,False
KEIBAJO_SURFACE_09_ダ,manken_shirushi+uma_deokure_ritsu+kyakushitsu,manken_shirushi,uma_deokure_ritsu,kyakushitsu,24,5419,75.61,8.28,72.29,False
KEIBAJO_SURFACE_09_ダ,omo_tekisei_code+ichi_shisu_juni+kyakushitsu,omo_tekisei_code,ichi_shisu_juni,kyakushitsu,100,22707,74.55,11.6,72.28,False
KEIBAJO_SURFACE_09_ダ,kyori_kubun+pace_yoso+ichi_shisu_juni,kyori_kubun,pace_yoso,ichi_shisu_juni,81,25425,74.07,8.3,72.26,False
KEIBAJO_SURFACE_09_ダ,pace_yoso+omo_tekisei_code+uma_deokure_ritsu,pace_yoso,omo_tekisei_code,uma_deokure_ritsu,55,17984,74.5,8.45,72.26,False
KEIBAJO_SURFACE_09_ダ,uma_start_shisu+kyakushitsu+umakigo_code,uma_start_shisu,kyakushitsu,umakigo_code,47,21963,74.63,8.32,72.25,False
KEIBAJO_SURFACE_09_ダ,kyori_kubun+rotation+joshodo_code,kyori_kubun,rotation,joshodo_code,47,22576,74.65,8.42,72.24,False
KEIBAJO_SURFACE_09_ダ,uma_start_shisu+kyakushitsu+class_code,uma_start_shisu,kyakushitsu,class_code,57,13016,74.94,10.49,72.22,False
KEIBAJO_SURFACE_09_ダ,kyori_kubun+nyukyu_nannichimae+umakigo_code,kyori_kubun,nyukyu_nannichimae,umakigo_code,41,8086,75.13,9.51,72.22,False
KEIBAJO_SURFACE_09_ダ,kyori_kubun+omo_tekisei_code+rotation,kyori_kubun,omo_tekisei_code,rotation,62,18656,74.58,9.51,72.21,False
KEIBAJO_SURFACE_09_ダ,pace_shisu+umakigo_code+joshodo_code,pace_shisu,umakigo_code,joshodo_code,54,7252,75.18,11.14,72.2,False
KEIBAJO_SURFACE_09_ダ,kyori_kubun+pace_yoso+class_code,kyori_kubun,pace_yoso,class_code,49,23770,74.41,7.87,72.2,False
KEIBAJO_SURFACE_09_ダ,kyori_kubun+rotation+umakigo_code,kyori_kubun,rotation,umakigo_code,46,21364,74.51,8.09,72.17,False
KEIBAJO_SURFACE_09_ダ,pace_yoso+uma_deokure_ritsu+umakigo_code,pace_yoso,uma_deokure_ritsu,umakigo_code,50,21402,74.43,8.18,72.16,False
KEIBAJO_SURFACE_09_ダ,uma_deokure_ritsu+umakigo_code+joshodo_code,uma_deokure_ritsu,umakigo_code,joshodo_code,39,22169,74.52,7.57,72.15,False
KEIBAJO_SURFACE_09_ダ,hizume_code+manken_shisu+joshodo_code,hizume_code,manken_shisu,joshodo_code,59,10069,75.12,11.66,72.15,False
KEIBAJO_SURFACE_09_ダ,hizume_code+class_code+ten_shisu_juni,hizume_code,class_code,ten_shisu_juni,37,5409,76.04,12.11,72.14,False
KEIBAJO_SURFACE_09_ダ,omo_tekisei_code+manken_shirushi+uma_start_shisu,omo_tekisei_code,manken_shirushi,uma_start_shisu,24,6079,75.8,9.16,72.13,False
KEIBAJO_SURFACE_09_ダ,hizume_code+manken_shisu+umakigo_code,hizume_code,manken_shisu,umakigo_code,55,9156,75.21,11.74,72.1,False
KEIBAJO_SURFACE_09_ダ,manken_shirushi+uma_deokure_ritsu+uma_start_shisu,manken_shirushi,uma_deokure_ritsu,uma_start_shisu,8,3557,77.04,7.18,72.06,False
KEIBAJO_SURFACE_09_ダ,uma_start_shisu+joshodo_code+ten_shisu_juni,uma_start_shisu,joshodo_code,ten_shisu_juni,59,14828,75.19,12.36,72.04,False
KEIBAJO_SURFACE_09_ダ,omo_tekisei_code+manken_shisu+umakigo_code,omo_tekisei_code,manken_shisu,umakigo_code,94,18540,74.36,11.53,72.03,False
KEIBAJO_SURFACE_09_ダ,omo_tekisei_code+manken_shisu+joshodo_code,omo_tekisei_code,manken_shisu,joshodo_code,97,19956,74.22,11.11,72.01,False
KEIBAJO_SURFACE_09_ダ,kyori_kubun+uma_deokure_ritsu+joshodo_code,kyori_kubun,uma_deokure_ritsu,joshodo_code,53,20144,74.77,10.29,72.0,False
KEIBAJO_SURFACE_09_ダ,joken_class_code+rotation+umakigo_code,joken_class_code,rotation,umakigo_code,51,20056,74.4,8.81,71.99,False
KEIBAJO_SURFACE_09_ダ,manken_shirushi+uma_start_shisu+hizume_code,manken_shirushi,uma_start_shisu,hizume_code,16,3436,75.89,7.96,71.99,False
KEIBAJO_SURFACE_09_ダ,kyori_kubun+omo_tekisei_code+uma_deokure_ritsu,kyori_kubun,omo_tekisei_code,uma_deokure_ritsu,48,14908,75.18,11.28,71.99,False
KEIBAJO_SURFACE_09_ダ,joken_class_code+uma_start_shisu+hizume_code,joken_class_code,uma_start_shisu,hizume_code,46,11589,74.5,8.74,71.98,False
KEIBAJO_SURFACE_09_ダ,rotation+uma_start_shisu+hizume_code,rotation,uma_start_shisu,hizume_code,28,5846,76.22,11.5,71.96,False
KEIBAJO_SURFACE_09_ダ,pace_yoso+rotation+hizume_code,pace_yoso,rotation,hizume_code,56,14592,74.6,10.14,71.95,False
KEIBAJO_SURFACE_09_ダ,omo_tekisei_code+uma_deokure_ritsu+umakigo_code,omo_tekisei_code,uma_deokure_ritsu,umakigo_code,52,19315,74.57,9.67,71.94,False
KEIBAJO_SURFACE_09_ダ,kyori_kubun+manken_shirushi+rotation,kyori_kubun,manken_shirushi,rotation,41,6731,75.37,11.23,71.93,False
KEIBAJO_SURFACE_09_ダ,joken_class_code+uma_start_shisu+kyakushitsu,joken_class_code,uma_start_shisu,kyakushitsu,62,17044,74.17,9.02,71.92,False
KEIBAJO_SURFACE_09_ダ,ichi_shisu_juni+umakigo_code+joshodo_code,ichi_shisu_juni,umakigo_code,joshodo_code,20,24354,74.02,4.8,71.91,False
KEIBAJO_SURFACE_09_ダ,pace_yoso+manken_shisu+joshodo_code,pace_yoso,manken_shisu,joshodo_code,74,20087,74.12,9.77,71.9,False
KEIBAJO_SURFACE_09_ダ,pace_yoso+joken_class_code+rotation,pace_yoso,joken_class_code,rotation,62,19743,74.39,10.04,71.89,False
KEIBAJO_SURFACE_09_ダ,omo_tekisei_code+joshodo_code+class_code,omo_tekisei_code,joshodo_code,class_code,28,23331,74.5,7.04,71.89,False
KEIBAJO_SURFACE_09_ダ,uma_start_shisu+ichi_shisu_juni+umakigo_code,uma_start_shisu,ichi_shisu_juni,umakigo_code,59,14132,74.58,10.6,71.88,False
KEIBAJO_SURFACE_09_ダ,kyori_kubun+omo_tekisei_code+manken_shisu,kyori_kubun,omo_tekisei_code,manken_shisu,50,6403,74.29,8.68,71.88,False
KEIBAJO_SURFACE_09_ダ,kyori_kubun+pace_yoso+kyakushitsu,kyori_kubun,pace_yoso,kyakushitsu,32,27043,73.22,3.91,71.87,False
KEIBAJO_SURFACE_09_ダ,pace_yoso+omo_tekisei_code+class_code,pace_yoso,omo_tekisei_code,class_code,38,22913,74.34,7.77,71.87,False
KEIBAJO_SURFACE_09_ダ,uma_deokure_ritsu+ichi_shisu_juni+kyakushitsu,uma_deokure_ritsu,ichi_shisu_juni,kyakushitsu,24,7518,74.42,6.37,71.87,False
KEIBAJO_SURFACE_09_ダ,omo_tekisei_code+nyukyu_nannichimae+umakigo_code,omo_tekisei_code,nyukyu_nannichimae,umakigo_code,38,7057,75.05,10.0,71.87,False
KEIBAJO_SURFACE_09_ダ,uma_deokure_ritsu+kyakushitsu+class_code,uma_deokure_ritsu,kyakushitsu,class_code,33,10261,75.57,10.82,71.87,False
KEIBAJO_SURFACE_09_ダ,ichi_shisu_juni+kyakushitsu+ten_shisu_juni,ichi_shisu_juni,kyakushitsu,ten_shisu_juni,49,8036,74.6,9.78,71.86,False
KEIBAJO_SURFACE_09_ダ,rotation+uma_start_shisu+joshodo_code,rotation,uma_start_shisu,joshodo_code,50,15524,74.73,10.45,71.84,False
KEIBAJO_SURFACE_09_ダ,rotation+uma_deokure_ritsu+umakigo_code,rotation,uma_deokure_ritsu,umakigo_code,39,11641,75.19,10.67,71.84,False
KEIBAJO_SURFACE_09_ダ,uma_deokure_ritsu+hizume_code+umakigo_code,uma_deokure_ritsu,hizume_code,umakigo_code,36,13005,74.71,8.82,71.83,False
KEIBAJO_SURFACE_09_ダ,manken_shirushi+joken_class_code+rotation,manken_shirushi,joken_class_code,rotation,35,6132,75.37,10.69,71.83,False
KEIBAJO_SURFACE_09_ダ,pace_yoso+hizume_code+ten_shisu_juni,pace_yoso,hizume_code,ten_shisu_juni,72,14588,74.32,10.82,71.82,False
KEIBAJO_SURFACE_09_ダ,rotation+uma_deokure_ritsu+kyakushitsu,rotation,uma_deokure_ritsu,kyakushitsu,29,7223,75.0,8.77,71.81,False
KEIBAJO_SURFACE_09_ダ,manken_shisu+umakigo_code+class_code,manken_shisu,umakigo_code,class_code,69,10018,74.34,10.72,71.81,False
KEIBAJO_SURFACE_09_ダ,omo_tekisei_code+joken_class_code+class_code,omo_tekisei_code,joken_class_code,class_code,28,23764,74.43,7.07,71.81,False
KEIBAJO_SURFACE_09_ダ,kyori_kubun+ichi_shisu_juni+joshodo_code,kyori_kubun,ichi_shisu_juni,joshodo_code,51,26243,73.72,6.97,71.8,False
KEIBAJO_SURFACE_09_ダ,joken_class_code+nyukyu_nannichimae+umakigo_code,joken_class_code,nyukyu_nannichimae,umakigo_code,40,7112,75.1,10.73,71.77,False
KEIBAJO_SURFACE_09_ダ,kyori_kubun+omo_tekisei_code+joken_class_code,kyori_kubun,omo_tekisei_code,joken_class_code,37,24970,74.51,8.49,71.77,False
KEIBAJO_SURFACE_09_ダ,ten_shisu+umakigo_code+joshodo_code,ten_shisu,umakigo_code,joshodo_code,56,7271,74.85,11.76,71.77,False
KEIBAJO_SURFACE_09_ダ,omo_tekisei_code+kyakushitsu+ten_shisu_juni,omo_tekisei_code,kyakushitsu,ten_shisu_juni,111,22102,73.86,11.2,71.77,False
KEIBAJO_SURFACE_09_ダ,pace_yoso+joken_class_code+nyukyu_nannichimae,pace_yoso,joken_class_code,nyukyu_nannichimae,36,5198,75.2,10.49,71.77,False
KEIBAJO_SURFACE_09_ダ,omo_tekisei_code+uma_deokure_ritsu+kyakushitsu,omo_tekisei_code,uma_deokure_ritsu,kyakushitsu,38,13101,75.01,10.21,71.76,False
KEIBAJO_SURFACE_09_ダ,pace_yoso+rotation+uma_deokure_ritsu,pace_yoso,rotation,uma_deokure_ritsu,36,8985,75.36,11.07,71.75,False
KEIBAJO_SURFACE_09_ダ,pace_yoso+nyukyu_nannichimae+umakigo_code,pace_yoso,nyukyu_nannichimae,umakigo_code,36,8773,75.21,10.61,71.74,False
KEIBAJO_SURFACE_09_ダ,rotation+ichi_shisu_juni+joshodo_code,rotation,ichi_shisu_juni,joshodo_code,51,13842,74.26,9.2,71.74,False
KEIBAJO_SURFACE_09_ダ,kyori_kubun+ichi_shisu_juni+hizume_code,kyori_kubun,ichi_shisu_juni,hizume_code,71,12177,74.3,11.04,71.73,False
KEIBAJO_SURFACE_09_ダ,kyori_kubun+manken_shirushi+uma_deokure_ritsu,kyori_kubun,manken_shirushi,uma_deokure_ritsu,24,5961,75.63,9.78,71.72,False
KEIBAJO_SURFACE_09_ダ,omo_tekisei_code+nyukyu_nannichimae+joshodo_code,omo_tekisei_code,nyukyu_nannichimae,joshodo_code,40,7729,74.88,10.23,71.71,False
KEIBAJO_SURFACE_09_ダ,omo_tekisei_code+rotation+ichi_shisu_juni,omo_tekisei_code,rotation,ichi_shisu_juni,60,8683,74.33,10.33,71.71,False
KEIBAJO_SURFACE_09_ダ,ichi_shisu+pace_yoso+joshodo_code,ichi_shisu,pace_yoso,joshodo_code,93,14796,73.9,10.75,71.71,False
KEIBAJO_SURFACE_09_ダ,kyori_kubun+ichi_shisu_juni+ten_shisu_juni,kyori_kubun,ichi_shisu_juni,ten_shisu_juni,51,7755,74.95,11.91,71.68,False
KEIBAJO_SURFACE_09_ダ,kyori_kubun+hizume_code+manken_shisu,kyori_kubun,hizume_code,manken_shisu,18,2132,76.5,10.42,71.68,False
KEIBAJO_SURFACE_09_ダ,kyori_kubun+omo_tekisei_code+joshodo_code,kyori_kubun,omo_tekisei_code,joshodo_code,13,24885,73.7,3.75,71.66,False
KEIBAJO_SURFACE_09_ダ,rotation+uma_deokure_ritsu+joshodo_code,rotation,uma_deokure_ritsu,joshodo_code,42,12515,74.8,10.38,71.66,False
KEIBAJO_SURFACE_09_ダ,pace_yoso+uma_start_shisu+joshodo_code,pace_yoso,uma_start_shisu,joshodo_code,33,22872,74.38,8.02,71.65,False
KEIBAJO_SURFACE_09_ダ,rotation+uma_start_shisu+umakigo_code,rotation,uma_start_shisu,umakigo_code,50,14838,74.29,9.54,71.64,False
KEIBAJO_SURFACE_09_ダ,omo_tekisei_code+umakigo_code+class_code,omo_tekisei_code,umakigo_code,class_code,32,22776,74.35,7.86,71.63,False
KEIBAJO_SURFACE_09_ダ,pace_yoso+omo_tekisei_code+uma_start_shisu,pace_yoso,omo_tekisei_code,uma_start_shisu,59,21298,74.36,10.76,71.61,False
KEIBAJO_SURFACE_09_ダ,kyori_kubun+joshodo_code+class_code,kyori_kubun,joshodo_code,class_code,30,23542,74.07,6.86,71.61,False
KEIBAJO_SURFACE_09_ダ,omo_tekisei_code+rotation+ten_shisu_juni,omo_tekisei_code,rotation,ten_shisu_juni,61,8794,74.56,11.74,71.61,False
KEIBAJO_SURFACE_09_ダ,ichi_shisu+kyakushitsu+umakigo_code,ichi_shisu,kyakushitsu,umakigo_code,63,10268,74.31,10.99,71.6,False
KEIBAJO_SURFACE_09_ダ,omo_tekisei_code+manken_shisu+kyakushitsu,omo_tekisei_code,manken_shisu,kyakushitsu,27,2960,76.7,13.5,71.6,False
KEIBAJO_SURFACE_09_ダ,omo_tekisei_code+joken_class_code+kyakushitsu,omo_tekisei_code,joken_class_code,kyakushitsu,47,24884,73.97,8.33,71.59,False
KEIBAJO_SURFACE_09_ダ,kyori_kubun+omo_tekisei_code+kyakushitsu,kyori_kubun,omo_tekisei_code,kyakushitsu,36,25311,73.49,5.83,71.59,False
KEIBAJO_SURFACE_09_ダ,kyakushitsu+class_code+ten_shisu_juni,kyakushitsu,class_code,ten_shisu_juni,73,11409,74.23,11.54,71.59,False
KEIBAJO_SURFACE_09_ダ,pace_yoso+manken_shisu+umakigo_code,pace_yoso,manken_shisu,umakigo_code,81,20954,73.68,9.84,71.54,False
KEIBAJO_SURFACE_09_ダ,pace_yoso+uma_start_shisu+umakigo_code,pace_yoso,uma_start_shisu,umakigo_code,34,22163,74.28,8.19,71.52,False
KEIBAJO_SURFACE_09_ダ,kyori_kubun+pace_yoso+uma_deokure_ritsu,kyori_kubun,pace_yoso,uma_deokure_ritsu,65,18630,74.17,10.97,71.51,False
KEIBAJO_SURFACE_09_ダ,manken_shisu+umakigo_code+joshodo_code,manken_shisu,umakigo_code,joshodo_code,47,20857,73.71,7.69,71.51,False
KEIBAJO_SURFACE_09_ダ,pace_yoso+ichi_shisu_juni+class_code,pace_yoso,ichi_shisu_juni,class_code,81,15924,73.93,11.24,71.48,False
KEIBAJO_SURFACE_09_ダ,joken_class_code+uma_deokure_ritsu+umakigo_code,joken_class_code,uma_deokure_ritsu,umakigo_code,46,17914,74.71,11.19,71.47,False
KEIBAJO_SURFACE_09_ダ,ichi_shisu_juni+kyakushitsu+umakigo_code,ichi_shisu_juni,kyakushitsu,umakigo_code,46,24524,73.41,6.77,71.45,False
KEIBAJO_SURFACE_09_ダ,omo_tekisei_code+ichi_shisu_juni+joshodo_code,omo_tekisei_code,ichi_shisu_juni,joshodo_code,49,24469,73.53,7.41,71.45,False
KEIBAJO_SURFACE_09_ダ,kyori_kubun+hizume_code+ten_shisu_juni,kyori_kubun,hizume_code,ten_shisu_juni,68,11781,74.53,12.96,71.44,False
KEIBAJO_SURFACE_09_ダ,ichi_shisu+pace_yoso+umakigo_code,ichi_shisu,pace_yoso,umakigo_code,82,13206,73.59,9.94,71.44,False
KEIBAJO_SURFACE_09_ダ,uma_start_shisu+kyakushitsu+joshodo_code,uma_start_shisu,kyakushitsu,joshodo_code,46,22736,73.76,8.05,71.44,False
KEIBAJO_SURFACE_09_ダ,manken_shisu+kyakushitsu+joshodo_code,manken_shisu,kyakushitsu,joshodo_code,105,18254,73.52,10.89,71.44,False
KEIBAJO_SURFACE_09_ダ,pace_yoso+joken_class_code+class_code,pace_yoso,joken_class_code,class_code,24,24339,74.67,8.08,71.43,False
KEIBAJO_SURFACE_09_ダ,ichi_shisu_juni+kyakushitsu+joshodo_code,ichi_shisu_juni,kyakushitsu,joshodo_code,46,25706,73.29,6.46,71.42,False
KEIBAJO_SURFACE_09_ダ,manken_shisu+joshodo_code+class_code,manken_shisu,joshodo_code,class_code,72,10944,73.83,10.49,71.41,False
KEIBAJO_SURFACE_09_ダ,ichi_shisu+omo_tekisei_code+hizume_code,ichi_shisu,omo_tekisei_code,hizume_code,3,317,80.73,8.24,71.41,False
KEIBAJO_SURFACE_09_ダ,kyori_kubun+hizume_code+nyukyu_nannichimae,kyori_kubun,hizume_code,nyukyu_nannichimae,5,539,87.07,17.86,71.41,False
KEIBAJO_SURFACE_09_ダ,nyukyu_nannichimae+kyakushitsu+joshodo_code,nyukyu_nannichimae,kyakushitsu,joshodo_code,44,7191,74.55,10.63,71.41,False
KEIBAJO_SURFACE_09_ダ,omo_tekisei_code+ichi_shisu_juni+umakigo_code,omo_tekisei_code,ichi_shisu_juni,umakigo_code,49,23176,73.72,8.28,71.4,False
KEIBAJO_SURFACE_09_ダ,hizume_code+kyakushitsu+umakigo_code,hizume_code,kyakushitsu,umakigo_code,36,21960,74.69,10.05,71.4,False
KEIBAJO_SURFACE_09_ダ,rotation+uma_deokure_ritsu+uma_start_shisu,rotation,uma_deokure_ritsu,uma_start_shisu,16,5069,75.72,8.85,71.38,False
KEIBAJO_SURFACE_09_ダ,kyori_kubun+omo_tekisei_code+ten_shisu_juni,kyori_kubun,omo_tekisei_code,ten_shisu_juni,116,23265,73.53,11.85,71.37,False
KEIBAJO_SURFACE_09_ダ,pace_yoso+uma_deokure_ritsu+ichi_shisu_juni,pace_yoso,uma_deokure_ritsu,ichi_shisu_juni,27,8100,73.44,5.49,71.37,False
KEIBAJO_SURFACE_09_ダ,kyori_kubun+uma_start_shisu+nyukyu_nannichimae,kyori_kubun,uma_start_shisu,nyukyu_nannichimae,9,1083,78.69,11.2,71.37,False
KEIBAJO_SURFACE_09_ダ,pace_yoso+joken_class_code+uma_deokure_ritsu,pace_yoso,joken_class_code,uma_deokure_ritsu,52,17320,74.41,11.18,71.37,False
KEIBAJO_SURFACE_09_ダ,pace_yoso+joken_class_code+uma_start_shisu,pace_yoso,joken_class_code,uma_start_shisu,64,20777,73.68,9.49,71.36,False
KEIBAJO_SURFACE_09_ダ,kyori_kubun+manken_shisu+joshodo_code,kyori_kubun,manken_shisu,joshodo_code,95,19936,73.7,11.74,71.34,False
KEIBAJO_SURFACE_09_ダ,joken_class_code+rotation+ichi_shisu_juni,joken_class_code,rotation,ichi_shisu_juni,45,7399,73.91,8.82,71.33,False
KEIBAJO_SURFACE_09_ダ,joken_class_code+uma_deokure_ritsu+joshodo_code,joken_class_code,uma_deokure_ritsu,joshodo_code,45,18505,74.38,10.42,71.33,False
KEIBAJO_SURFACE_09_ダ,omo_tekisei_code+manken_shirushi+rotation,omo_tekisei_code,manken_shirushi,rotation,49,7288,74.38,10.94,71.31,False
KEIBAJO_SURFACE_09_ダ,pace_yoso+ichi_shisu_juni+joshodo_code,pace_yoso,ichi_shisu_juni,joshodo_code,42,25857,73.58,7.6,71.28,False
KEIBAJO_SURFACE_09_ダ,omo_tekisei_code+uma_start_shisu+class_code,omo_tekisei_code,uma_start_shisu,class_code,54,14242,74.67,12.82,71.25,False
KEIBAJO_SURFACE_09_ダ,kyori_kubun+kyakushitsu+class_code,kyori_kubun,kyakushitsu,class_code,67,21704,73.65,10.02,71.25,False
KEIBAJO_SURFACE_09_ダ,omo_tekisei_code+rotation+hizume_code,omo_tekisei_code,rotation,hizume_code,50,12598,74.47,11.62,71.25,False
KEIBAJO_SURFACE_09_ダ,pace_yoso+class_code+ten_shisu_juni,pace_yoso,class_code,ten_shisu_juni,72,15059,73.72,10.73,71.24,False
KEIBAJO_SURFACE_09_ダ,kyori_kubun+hizume_code+umakigo_code,kyori_kubun,hizume_code,umakigo_code,31,22376,74.52,9.34,71.23,False
KEIBAJO_SURFACE_09_ダ,kyori_kubun+uma_start_shisu+class_code,kyori_kubun,uma_start_shisu,class_code,50,13151,74.08,10.3,71.22,False
KEIBAJO_SURFACE_09_ダ,kyori_kubun+ichi_shisu_juni+umakigo_code,kyori_kubun,ichi_shisu_juni,umakigo_code,48,25496,73.28,7.32,71.21,False
KEIBAJO_SURFACE_09_ダ,uma_start_shisu+manken_shisu+joshodo_code,uma_start_shisu,manken_shisu,joshodo_code,35,7620,74.33,9.39,71.21,False
KEIBAJO_SURFACE_09_ダ,pace_yoso+omo_tekisei_code+ichi_shisu_juni,pace_yoso,omo_tekisei_code,ichi_shisu_juni,78,22909,73.25,9.26,71.19,False
KEIBAJO_SURFACE_09_ダ,pace_yoso+omo_tekisei_code+nyukyu_nannichimae,pace_yoso,omo_tekisei_code,nyukyu_nannichimae,31,5082,75.23,11.48,71.19,False
KEIBAJO_SURFACE_09_ダ,joken_class_code+ichi_shisu_juni+kyakushitsu,joken_class_code,ichi_shisu_juni,kyakushitsu,89,20790,73.39,10.59,71.19,False
KEIBAJO_SURFACE_09_ダ,omo_tekisei_code+kyakushitsu+class_code,omo_tekisei_code,kyakushitsu,class_code,53,21282,73.59,8.99,71.17,False
KEIBAJO_SURFACE_09_ダ,pace_yoso+ichi_shisu_juni+hizume_code,pace_yoso,ichi_shisu_juni,hizume_code,71,14633,73.74,11.06,71.17,False
KEIBAJO_SURFACE_09_ダ,kyori_kubun+uma_deokure_ritsu+class_code,kyori_kubun,uma_deokure_ritsu,class_code,36,11038,74.67,10.74,71.16,False
KEIBAJO_SURFACE_09_ダ,ichi_shisu_juni+joshodo_code+ten_shisu_juni,ichi_shisu_juni,joshodo_code,ten_shisu_juni,104,19197,73.21,10.67,71.16,False
KEIBAJO_SURFACE_09_ダ,kyori_kubun+ichi_shisu_juni+class_code,kyori_kubun,ichi_shisu_juni,class_code,81,12469,73.77,11.97,71.16,False
KEIBAJO_SURFACE_09_ダ,pace_yoso+uma_start_shisu+kyakushitsu,pace_yoso,uma_start_shisu,kyakushitsu,61,20893,73.44,9.14,71.15,False
KEIBAJO_SURFACE_09_ダ,pace_yoso+ichi_shisu_juni+kyakushitsu,pace_yoso,ichi_shisu_juni,kyakushitsu,72,24005,72.98,7.98,71.14,False
KEIBAJO_SURFACE_09_ダ,pace_yoso+omo_tekisei_code+joshodo_code,pace_yoso,omo_tekisei_code,joshodo_code,12,25123,74.61,6.12,71.14,False
KEIBAJO_SURFACE_09_ダ,kyori_kubun+pace_yoso+joshodo_code,kyori_kubun,pace_yoso,joshodo_code,17,27233,73.3,4.54,71.14,False
KEIBAJO_SURFACE_09_ダ,pace_yoso+omo_tekisei_code+ten_shisu_juni,pace_yoso,omo_tekisei_code,ten_shisu_juni,73,22344,73.27,9.34,71.13,False
KEIBAJO_SURFACE_09_ダ,kyori_kubun+nyukyu_nannichimae+joshodo_code,kyori_kubun,nyukyu_nannichimae,joshodo_code,40,7798,74.61,11.24,71.12,False
KEIBAJO_SURFACE_09_ダ,joken_class_code+manken_shisu+class_code,joken_class_code,manken_shisu,class_code,74,11298,73.48,10.37,71.12,False
KEIBAJO_SURFACE_09_ダ,omo_tekisei_code+kishu_shisu+joshodo_code,omo_tekisei_code,kishu_shisu,joshodo_code,64,22103,74.08,12.16,71.1,False
KEIBAJO_SURFACE_09_ダ,pace_yoso+hizume_code+kyakushitsu,pace_yoso,hizume_code,kyakushitsu,51,21833,73.12,7.36,71.1,False
KEIBAJO_SURFACE_09_ダ,omo_tekisei_code+ichi_shisu_juni+hizume_code,omo_tekisei_code,ichi_shisu_juni,hizume_code,74,12542,73.72,11.52,71.1,False
KEIBAJO_SURFACE_09_ダ,uma_deokure_ritsu+kyakushitsu+ten_shisu_juni,uma_deokure_ritsu,kyakushitsu,ten_shisu_juni,31,7473,73.83,7.82,71.08,False
KEIBAJO_SURFACE_09_ダ,kyori_kubun+ichi_shisu_juni+kyakushitsu,kyori_kubun,ichi_shisu_juni,kyakushitsu,95,24579,73.08,9.92,71.08,False
KEIBAJO_SURFACE_09_ダ,omo_tekisei_code+joken_class_code+ichi_shisu_juni,omo_tekisei_code,joken_class_code,ichi_shisu_juni,90,19651,73.17,10.27,71.05,False
KEIBAJO_SURFACE_09_ダ,omo_tekisei_code+joken_class_code+nyukyu_nannichimae,omo_tekisei_code,joken_class_code,nyukyu_nannichimae,18,2188,76.17,11.08,71.05,False
KEIBAJO_SURFACE_09_ダ,uma_deokure_ritsu+uma_start_shisu+joshodo_code,uma_deokure_ritsu,uma_start_shisu,joshodo_code,46,14287,73.89,9.84,71.05,False
KEIBAJO_SURFACE_09_ダ,manken_shirushi+rotation+hizume_code,manken_shirushi,rotation,hizume_code,23,3271,75.74,11.48,71.05,False
KEIBAJO_SURFACE_09_ダ,joken_class_code+rotation+kyakushitsu,joken_class_code,rotation,kyakushitsu,46,13942,73.38,8.07,71.04,False
KEIBAJO_SURFACE_09_ダ,ichi_shisu_juni+hizume_code+joshodo_code,ichi_shisu_juni,hizume_code,joshodo_code,76,19716,73.03,8.84,71.04,False
KEIBAJO_SURFACE_09_ダ,pace_yoso+omo_tekisei_code+manken_shisu,pace_yoso,omo_tekisei_code,manken_shisu,88,13591,73.62,12.4,71.03,False
KEIBAJO_SURFACE_09_ダ,omo_tekisei_code+ichi_shisu_juni+class_code,omo_tekisei_code,ichi_shisu_juni,class_code,91,15238,73.43,11.67,71.03,False
KEIBAJO_SURFACE_09_ダ,joken_class_code+rotation+manken_shisu,joken_class_code,rotation,manken_shisu,8,832,76.3,7.62,71.02,False
KEIBAJO_SURFACE_09_ダ,kyori_kubun+uma_start_shisu+ichi_shisu_juni,kyori_kubun,uma_start_shisu,ichi_shisu_juni,37,8836,73.9,8.95,71.02,False
KEIBAJO_SURFACE_09_ダ,kyori_kubun+ichi_shisu+ichi_shisu_juni,kyori_kubun,ichi_shisu,ichi_shisu_juni,3,1787,72.39,1.22,71.01,False
KEIBAJO_SURFACE_09_ダ,kyori_kubun+joken_class_code+joshodo_code,kyori_kubun,joken_class_code,joshodo_code,19,26804,72.36,3.02,71.0,False
KEIBAJO_SURFACE_09_ダ,kyori_kubun+pace_yoso+uma_start_shisu,kyori_kubun,pace_yoso,uma_start_shisu,56,21346,73.11,8.07,70.99,False
KEIBAJO_SURFACE_09_ダ,kyori_kubun+joken_class_code+kyakushitsu,kyori_kubun,joken_class_code,kyakushitsu,53,27211,72.84,6.9,70.99,False
KEIBAJO_SURFACE_09_ダ,kyori_kubun+joken_class_code+ichi_shisu_juni,kyori_kubun,joken_class_code,ichi_shisu_juni,91,20902,73.08,10.19,70.99,False
KEIBAJO_SURFACE_09_ダ,joken_class_code+ichi_shisu_juni+hizume_code,joken_class_code,ichi_shisu_juni,hizume_code,47,9070,73.94,10.32,70.98,False
KEIBAJO_SURFACE_09_ダ,hizume_code+kyakushitsu+joshodo_code,hizume_code,kyakushitsu,joshodo_code,31,22665,74.05,8.73,70.97,False
KEIBAJO_SURFACE_09_ダ,pace_yoso+nyukyu_nannichimae+class_code,pace_yoso,nyukyu_nannichimae,class_code,15,1994,76.56,11.08,70.96,False
KEIBAJO_SURFACE_09_ダ,kyori_kubun+joken_class_code+uma_deokure_ritsu,kyori_kubun,joken_class_code,uma_deokure_ritsu,40,14097,73.97,9.77,70.95,False
KEIBAJO_SURFACE_09_ダ,pace_yoso+ichi_shisu_juni+ten_shisu_juni,pace_yoso,ichi_shisu_juni,ten_shisu_juni,74,12122,73.34,10.49,70.95,False
KEIBAJO_SURFACE_09_ダ,joken_class_code+hizume_code+ten_shisu_juni,joken_class_code,hizume_code,ten_shisu_juni,50,9270,74.02,11.13,70.94,False
KEIBAJO_SURFACE_09_ダ,kyori_kubun+hizume_code+kyakushitsu,kyori_kubun,hizume_code,kyakushitsu,67,21801,72.9,8.2,70.94,False
KEIBAJO_SURFACE_09_ダ,joken_class_code+uma_deokure_ritsu+nyukyu_nannichimae,joken_class_code,uma_deokure_ritsu,nyukyu_nannichimae,9,1147,76.94,9.21,70.92,False
KEIBAJO_SURFACE_09_ダ,omo_tekisei_code+uma_deokure_ritsu+joshodo_code,omo_tekisei_code,uma_deokure_ritsu,joshodo_code,50,19926,73.74,10.2,70.91,False
KEIBAJO_SURFACE_09_ダ,kyori_kubun+uma_start_shisu+joshodo_code,kyori_kubun,uma_start_shisu,joshodo_code,44,23089,73.33,8.23,70.9,False
KEIBAJO_SURFACE_09_ダ,rotation+manken_shisu+joshodo_code,rotation,manken_shisu,joshodo_code,58,8492,73.72,11.05,70.87,False
KEIBAJO_SURFACE_09_ダ,manken_shisu+kyakushitsu+umakigo_code,manken_shisu,kyakushitsu,umakigo_code,101,16968,73.1,11.49,70.86,False
KEIBAJO_SURFACE_09_ダ,pace_yoso+joshodo_code+class_code,pace_yoso,joshodo_code,class_code,26,24220,74.14,8.54,70.86,False
KEIBAJO_SURFACE_09_ダ,kyori_kubun+rotation+class_code,kyori_kubun,rotation,class_code,46,11871,73.81,10.19,70.86,False
KEIBAJO_SURFACE_09_ダ,kyori_kubun+rotation+ten_shisu_juni,kyori_kubun,rotation,ten_shisu_juni,52,8259,73.7,10.48,70.85,False
KEIBAJO_SURFACE_09_ダ,omo_tekisei_code+joken_class_code+uma_deokure_ritsu,omo_tekisei_code,joken_class_code,uma_deokure_ritsu,39,14142,74.08,10.32,70.84,False
KEIBAJO_SURFACE_09_ダ,hizume_code+joshodo_code+class_code,hizume_code,joshodo_code,class_code,48,20102,73.89,10.78,70.84,False
KEIBAJO_SURFACE_09_ダ,pace_yoso+uma_start_shisu+ichi_shisu_juni,pace_yoso,uma_start_shisu,ichi_shisu_juni,49,11020,73.49,9.47,70.84,False
KEIBAJO_SURFACE_09_ダ,manken_shirushi+uma_start_shisu+class_code,manken_shirushi,uma_start_shisu,class_code,22,3739,76.08,12.56,70.83,False
KEIBAJO_SURFACE_09_ダ,joken_class_code+umakigo_code+joshodo_code,joken_class_code,umakigo_code,joshodo_code,16,27085,73.69,5.85,70.83,False
KEIBAJO_SURFACE_09_ダ,pace_yoso+kyakushitsu+ten_shisu_juni,pace_yoso,kyakushitsu,ten_shisu_juni,87,23452,72.76,9.25,70.82,False
KEIBAJO_SURFACE_09_ダ,kyori_kubun+uma_start_shisu+umakigo_code,kyori_kubun,uma_start_shisu,umakigo_code,47,22487,72.99,7.6,70.81,False
KEIBAJO_SURFACE_09_ダ,joken_class_code+uma_start_shisu+umakigo_code,joken_class_code,uma_start_shisu,umakigo_code,52,21393,73.4,9.52,70.81,False
KEIBAJO_SURFACE_09_ダ,nyukyu_nannichimae+umakigo_code+joshodo_code,nyukyu_nannichimae,umakigo_code,joshodo_code,24,8752,73.51,6.79,70.8,False
KEIBAJO_SURFACE_09_ダ,uma_start_shisu+nyukyu_nannichimae+kyakushitsu,uma_start_shisu,nyukyu_nannichimae,kyakushitsu,7,850,77.37,8.91,70.77,False
KEIBAJO_SURFACE_09_ダ,pace_yoso+joho_shisu+umakigo_code,pace_yoso,joho_shisu,umakigo_code,82,23951,73.18,11.15,70.77,False
KEIBAJO_SURFACE_09_ダ,joken_class_code+uma_start_shisu+class_code,joken_class_code,uma_start_shisu,class_code,55,19045,73.64,10.88,70.77,False
KEIBAJO_SURFACE_09_ダ,kyori_kubun+ichi_shisu+joshodo_code,kyori_kubun,ichi_shisu,joshodo_code,44,7153,73.85,10.51,70.75,False
KEIBAJO_SURFACE_09_ダ,joken_class_code+joshodo_code+class_code,joken_class_code,joshodo_code,class_code,18,24290,74.34,7.77,70.75,False
KEIBAJO_SURFACE_09_ダ,omo_tekisei_code+manken_shirushi+uma_deokure_ritsu,omo_tekisei_code,manken_shirushi,uma_deokure_ritsu,24,5882,74.41,9.14,70.75,False
KEIBAJO_SURFACE_09_ダ,kyori_kubun+manken_shisu+umakigo_code,kyori_kubun,manken_shisu,umakigo_code,102,20896,72.98,11.54,70.74,False
KEIBAJO_SURFACE_09_ダ,kyori_kubun+rotation+uma_start_shisu,kyori_kubun,rotation,uma_start_shisu,45,10325,73.71,10.17,70.74,False
KEIBAJO_SURFACE_09_ダ,ichi_shisu_juni+hizume_code+class_code,ichi_shisu_juni,hizume_code,class_code,41,5768,74.6,12.66,70.72,False
KEIBAJO_SURFACE_09_ダ,pace_yoso+joken_class_code+hizume_code,pace_yoso,joken_class_code,hizume_code,51,22202,73.24,9.16,70.72,False
KEIBAJO_SURFACE_09_ダ,joken_class_code+manken_shisu+joshodo_code,joken_class_code,manken_shisu,joshodo_code,92,17434,72.92,10.87,70.7,False
KEIBAJO_SURFACE_09_ダ,kyori_kubun+rotation+hizume_code,kyori_kubun,rotation,hizume_code,46,11886,74.07,11.67,70.7,False
KEIBAJO_SURFACE_09_ダ,ichi_shisu_juni+hizume_code+kyakushitsu,ichi_shisu_juni,hizume_code,kyakushitsu,71,12803,73.13,10.43,70.7,False
KEIBAJO_SURFACE_09_ダ,omo_tekisei_code+joken_class_code+joshodo_code,omo_tekisei_code,joken_class_code,joshodo_code,18,24774,73.2,5.42,70.7,False
KEIBAJO_SURFACE_09_ダ,manken_shirushi+umakigo_code+joshodo_code,manken_shirushi,umakigo_code,joshodo_code,16,15869,75.07,8.92,70.7,False
KEIBAJO_SURFACE_09_ダ,uma_deokure_ritsu+uma_start_shisu+hizume_code,uma_deokure_ritsu,uma_start_shisu,hizume_code,15,5976,75.61,9.72,70.69,False
KEIBAJO_SURFACE_09_ダ,rotation+manken_shisu+umakigo_code,rotation,manken_shisu,umakigo_code,53,7648,73.56,10.67,70.69,False
KEIBAJO_SURFACE_09_ダ,pace_yoso+joshodo_code+ten_shisu_juni,pace_yoso,joshodo_code,ten_shisu_juni,50,25793,73.24,9.23,70.68,False
KEIBAJO_SURFACE_09_ダ,omo_tekisei_code+kyakushitsu+umakigo_code,omo_tekisei_code,kyakushitsu,umakigo_code,26,24865,74.32,9.46,70.68,False
KEIBAJO_SURFACE_09_ダ,kyori_kubun+pace_yoso+hizume_code,kyori_kubun,pace_yoso,hizume_code,44,22552,73.4,9.26,70.67,False
KEIBAJO_SURFACE_09_ダ,omo_tekisei_code+uma_deokure_ritsu+nyukyu_nannichimae,omo_tekisei_code,uma_deokure_ritsu,nyukyu_nannichimae,8,1028,78.7,11.6,70.66,False
KEIBAJO_SURFACE_09_ダ,joken_class_code+rotation+hizume_code,joken_class_code,rotation,hizume_code,44,10794,74.47,12.93,70.64,False
KEIBAJO_SURFACE_09_ダ,kyori_kubun+hizume_code+joshodo_code,kyori_kubun,hizume_code,joshodo_code,28,23216,74.01,9.14,70.62,False
KEIBAJO_SURFACE_09_ダ,omo_tekisei_code+uma_start_shisu+manken_shisu,omo_tekisei_code,uma_start_shisu,manken_shisu,24,2900,75.56,12.35,70.62,False
KEIBAJO_SURFACE_09_ダ,kyori_kubun+rotation+ichi_shisu_juni,kyori_kubun,rotation,ichi_shisu_juni,47,7881,73.04,8.48,70.61,False
KEIBAJO_SURFACE_09_ダ,rotation+ichi_shisu_juni+umakigo_code,rotation,ichi_shisu_juni,umakigo_code,47,12842,73.4,9.79,70.6,False
KEIBAJO_SURFACE_09_ダ,pace_yoso+hizume_code+class_code,pace_yoso,hizume_code,class_code,57,18460,73.31,10.44,70.6,False
KEIBAJO_SURFACE_09_ダ,pace_yoso+kyakushitsu+class_code,pace_yoso,kyakushitsu,class_code,55,22785,73.12,9.61,70.58,False
KEIBAJO_SURFACE_09_ダ,pace_yoso+manken_shisu+kyakushitsu,pace_yoso,manken_shisu,kyakushitsu,59,9047,73.44,11.21,70.58,False
KEIBAJO_SURFACE_09_ダ,kyori_kubun+ichi_shisu+umakigo_code,kyori_kubun,ichi_shisu,umakigo_code,35,6352,74.0,10.32,70.58,False
KEIBAJO_SURFACE_09_ダ,joken_class_code+kyakushitsu+joshodo_code,joken_class_code,kyakushitsu,joshodo_code,21,26697,72.55,4.6,70.58,False
KEIBAJO_SURFACE_09_ダ,joken_class_code+kyakushitsu+ten_shisu_juni,joken_class_code,kyakushitsu,ten_shisu_juni,103,20013,72.49,9.99,70.56,False
KEIBAJO_SURFACE_09_ダ,kishu_shisu+umakigo_code+joshodo_code,kishu_shisu,umakigo_code,joshodo_code,43,23877,74.05,11.7,70.55,False
KEIBAJO_SURFACE_09_ダ,kyori_kubun+pace_yoso+manken_shisu,kyori_kubun,pace_yoso,manken_shisu,100,15305,72.97,12.38,70.54,False
KEIBAJO_SURFACE_09_ダ,omo_tekisei_code+kishu_shisu+umakigo_code,omo_tekisei_code,kishu_shisu,umakigo_code,62,20727,73.54,12.08,70.53,False
KEIBAJO_SURFACE_09_ダ,omo_tekisei_code+uma_start_shisu+umakigo_code,omo_tekisei_code,uma_start_shisu,umakigo_code,47,22307,73.5,10.38,70.53,False
KEIBAJO_SURFACE_09_ダ,pace_yoso+joken_class_code+manken_shisu,pace_yoso,joken_class_code,manken_shisu,96,14314,72.62,10.47,70.53,False
KEIBAJO_SURFACE_09_ダ,joken_class_code+ichi_shisu_juni+joshodo_code,joken_class_code,ichi_shisu_juni,joshodo_code,61,24680,72.75,8.88,70.52,False
KEIBAJO_SURFACE_09_ダ,joken_class_code+manken_shisu+umakigo_code,joken_class_code,manken_shisu,umakigo_code,87,17879,72.88,11.25,70.51,False
KEIBAJO_SURFACE_09_ダ,joken_class_code+hizume_code+joshodo_code,joken_class_code,hizume_code,joshodo_code,39,22742,73.86,10.68,70.5,False
KEIBAJO_SURFACE_09_ダ,kyori_kubun+pace_yoso+ten_shisu_juni,kyori_kubun,pace_yoso,ten_shisu_juni,90,26119,72.72,10.76,70.49,False
KEIBAJO_SURFACE_09_ダ,joken_class_code+hizume_code+class_code,joken_class_code,hizume_code,class_code,48,20432,73.65,11.21,70.48,False
KEIBAJO_SURFACE_09_ダ,ichi_shisu_juni+hizume_code+umakigo_code,ichi_shisu_juni,hizume_code,umakigo_code,68,17893,72.67,9.23,70.47,False
KEIBAJO_SURFACE_09_ダ,ichi_shisu_juni+umakigo_code+ten_shisu_juni,ichi_shisu_juni,umakigo_code,ten_shisu_juni,100,19062,72.65,11.21,70.45,False
KEIBAJO_SURFACE_09_ダ,uma_deokure_ritsu+joshodo_code+class_code,uma_deokure_ritsu,joshodo_code,class_code,44,15624,73.52,10.38,70.45,False
KEIBAJO_SURFACE_09_ダ,pace_yoso+joken_class_code+ten_shisu_juni,pace_yoso,joken_class_code,ten_shisu_juni,95,25097,72.29,9.2,70.44,False
KEIBAJO_SURFACE_09_ダ,joken_class_code+kyakushitsu+class_code,joken_class_code,kyakushitsu,class_code,36,23565,73.54,9.5,70.44,False
KEIBAJO_SURFACE_09_ダ,uma_deokure_ritsu+uma_start_shisu+umakigo_code,uma_deokure_ritsu,uma_start_shisu,umakigo_code,46,13793,73.52,10.65,70.44,False
KEIBAJO_SURFACE_09_ダ,kyakushitsu+joshodo_code+class_code,kyakushitsu,joshodo_code,class_code,35,23061,73.5,9.27,70.43,False
KEIBAJO_SURFACE_09_ダ,uma_deokure_ritsu+uma_start_shisu+nyukyu_nannichimae,uma_deokure_ritsu,uma_start_shisu,nyukyu_nannichimae,9,1341,77.6,10.99,70.42,False
KEIBAJO_SURFACE_09_ダ,joken_class_code+ichi_shisu_juni+umakigo_code,joken_class_code,ichi_shisu_juni,umakigo_code,60,24035,72.89,9.79,70.41,False
KEIBAJO_SURFACE_09_ダ,pace_yoso+umakigo_code+class_code,pace_yoso,umakigo_code,class_code,27,23545,73.67,8.66,70.4,False
KEIBAJO_SURFACE_09_ダ,pace_yoso+joho_shisu+joshodo_code,pace_yoso,joho_shisu,joshodo_code,72,22589,73.24,12.34,70.39,False
KEIBAJO_SURFACE_09_ダ,omo_tekisei_code+uma_start_shisu+nyukyu_nannichimae,omo_tekisei_code,uma_start_shisu,nyukyu_nannichimae,9,1060,78.85,12.98,70.37,False
KEIBAJO_SURFACE_09_ダ,pace_yoso+uma_deokure_ritsu+kyakushitsu,pace_yoso,uma_deokure_ritsu,kyakushitsu,58,16830,72.76,9.32,70.36,False
KEIBAJO_SURFACE_09_ダ,hizume_code+joshodo_code+ten_shisu_juni,hizume_code,joshodo_code,ten_shisu_juni,75,19508,72.76,10.58,70.36,False
KEIBAJO_SURFACE_09_ダ,uma_deokure_ritsu+umakigo_code+class_code,uma_deokure_ritsu,umakigo_code,class_code,46,15072,73.71,11.63,70.35,False
KEIBAJO_SURFACE_09_ダ,rotation+uma_start_shisu+kyakushitsu,rotation,uma_start_shisu,kyakushitsu,45,9607,73.64,11.25,70.35,False
KEIBAJO_SURFACE_09_ダ,omo_tekisei_code+uma_start_shisu+joshodo_code,omo_tekisei_code,uma_start_shisu,joshodo_code,45,23009,73.31,10.13,70.35,False
KEIBAJO_SURFACE_09_ダ,uma_start_shisu+manken_shisu+umakigo_code,uma_start_shisu,manken_shisu,umakigo_code,33,6968,73.62,9.59,70.35,False
KEIBAJO_SURFACE_09_ダ,kyori_kubun+pace_yoso+umakigo_code,kyori_kubun,pace_yoso,umakigo_code,16,27474,73.36,6.15,70.34,False
KEIBAJO_SURFACE_09_ダ,uma_start_shisu+joshodo_code+class_code,uma_start_shisu,joshodo_code,class_code,55,18680,73.24,10.99,70.34,False
KEIBAJO_SURFACE_09_ダ,pace_yoso+rotation+uma_start_shisu,pace_yoso,rotation,uma_start_shisu,46,11968,73.85,12.15,70.34,False
KEIBAJO_SURFACE_09_ダ,pace_yoso+ichi_shisu_juni+umakigo_code,pace_yoso,ichi_shisu_juni,umakigo_code,42,25313,72.72,7.92,70.33,False
KEIBAJO_SURFACE_09_ダ,rotation+ichi_shisu_juni+kyakushitsu,rotation,ichi_shisu_juni,kyakushitsu,60,9591,72.94,10.31,70.33,False
KEIBAJO_SURFACE_09_ダ,pace_yoso+uma_start_shisu+ten_shisu_juni,pace_yoso,uma_start_shisu,ten_shisu_juni,49,10827,73.04,9.82,70.29,False
KEIBAJO_SURFACE_09_ダ,omo_tekisei_code+hizume_code+class_code,omo_tekisei_code,hizume_code,class_code,58,17974,72.93,10.35,70.26,False
KEIBAJO_SURFACE_09_ダ,pace_yoso+rotation+ichi_shisu_juni,pace_yoso,rotation,ichi_shisu_juni,60,10888,72.4,8.47,70.26,False
KEIBAJO_SURFACE_09_ダ,uma_start_shisu+umakigo_code+joshodo_code,uma_start_shisu,umakigo_code,joshodo_code,25,23248,74.57,11.02,70.25,False
KEIBAJO_SURFACE_09_ダ,uma_start_shisu+umakigo_code+class_code,uma_start_shisu,umakigo_code,class_code,52,17591,73.45,11.85,70.23,False
KEIBAJO_SURFACE_09_ダ,manken_shirushi+uma_deokure_ritsu+ichi_shisu_juni,manken_shirushi,uma_deokure_ritsu,ichi_shisu_juni,12,1364,75.62,9.56,70.21,False
KEIBAJO_SURFACE_09_ダ,kyori_kubun+omo_tekisei_code+hizume_code,kyori_kubun,omo_tekisei_code,hizume_code,58,22876,72.77,9.99,70.2,False
KEIBAJO_SURFACE_09_ダ,kyori_kubun+joho_shisu+umakigo_code,kyori_kubun,joho_shisu,umakigo_code,83,21814,72.56,11.0,70.19,False
KEIBAJO_SURFACE_09_ダ,omo_tekisei_code+joken_class_code+ten_shisu_juni,omo_tekisei_code,joken_class_code,ten_shisu_juni,84,19050,72.82,12.39,70.17,False
KEIBAJO_SURFACE_09_ダ,hizume_code+umakigo_code+class_code,hizume_code,umakigo_code,class_code,50,19295,73.33,11.43,70.16,False
KEIBAJO_SURFACE_09_ダ,omo_tekisei_code+nyukyu_nannichimae+kyakushitsu,omo_tekisei_code,nyukyu_nannichimae,kyakushitsu,11,1235,79.11,15.14,70.16,False
KEIBAJO_SURFACE_09_ダ,hizume_code+nyukyu_nannichimae+joshodo_code,hizume_code,nyukyu_nannichimae,joshodo_code,22,3579,75.27,12.26,70.15,False
KEIBAJO_SURFACE_09_ダ,joken_class_code+uma_deokure_ritsu+class_code,joken_class_code,uma_deokure_ritsu,class_code,46,16018,73.59,11.91,70.15,False
KEIBAJO_SURFACE_09_ダ,kyori_kubun+hizume_code+class_code,kyori_kubun,hizume_code,class_code,59,15966,72.72,10.13,70.13,False
KEIBAJO_SURFACE_09_ダ,kyakushitsu+joshodo_code+ten_shisu_juni,kyakushitsu,joshodo_code,ten_shisu_juni,62,25958,72.45,9.38,70.12,False
KEIBAJO_SURFACE_09_ダ,omo_tekisei_code+umakigo_code+ten_shisu_juni,omo_tekisei_code,umakigo_code,ten_shisu_juni,48,23066,72.38,8.01,70.11,False
KEIBAJO_SURFACE_09_ダ,omo_tekisei_code+joshodo_code+ten_shisu_juni,omo_tekisei_code,joshodo_code,ten_shisu_juni,48,24357,72.32,7.93,70.08,False
KEIBAJO_SURFACE_09_ダ,kyakushitsu+umakigo_code+ten_shisu_juni,kyakushitsu,umakigo_code,ten_shisu_juni,61,24684,72.47,9.63,70.06,False
KEIBAJO_SURFACE_09_ダ,joho_shisu+umakigo_code+joshodo_code,joho_shisu,umakigo_code,joshodo_code,50,24206,73.2,11.37,70.05,False
KEIBAJO_SURFACE_09_ダ,kyori_kubun+kishu_shisu+joshodo_code,kyori_kubun,kishu_shisu,joshodo_code,69,22885,73.1,13.03,70.03,False
KEIBAJO_SURFACE_09_ダ,joken_class_code+ichi_shisu_juni+class_code,joken_class_code,ichi_shisu_juni,class_code,74,20045,72.5,10.85,70.03,False
KEIBAJO_SURFACE_09_ダ,manken_shirushi+rotation+uma_start_shisu,manken_shirushi,rotation,uma_start_shisu,17,2805,73.98,8.34,70.01,False
KEIBAJO_SURFACE_09_ダ,joken_class_code+rotation+ten_shisu_juni,joken_class_code,rotation,ten_shisu_juni,49,7777,73.04,10.9,69.99,False
KEIBAJO_SURFACE_09_ダ,omo_tekisei_code+uma_deokure_ritsu+ichi_shisu_juni,omo_tekisei_code,uma_deokure_ritsu,ichi_shisu_juni,31,8008,73.05,8.75,69.97,False
KEIBAJO_SURFACE_09_ダ,kyori_kubun+joken_class_code+class_code,kyori_kubun,joken_class_code,class_code,30,23938,72.7,7.66,69.96,False
KEIBAJO_SURFACE_09_ダ,kyori_kubun+omo_tekisei_code+umakigo_code,kyori_kubun,omo_tekisei_code,umakigo_code,25,25171,74.03,10.37,69.96,False
KEIBAJO_SURFACE_09_ダ,joho_shisu+kyakushitsu+umakigo_code,joho_shisu,kyakushitsu,umakigo_code,75,18180,72.6,11.85,69.92,False
KEIBAJO_SURFACE_09_ダ,pace_yoso+omo_tekisei_code+hizume_code,pace_yoso,omo_tekisei_code,hizume_code,44,22925,72.32,8.19,69.9,False
KEIBAJO_SURFACE_09_ダ,kyori_kubun+umakigo_code+class_code,kyori_kubun,umakigo_code,class_code,34,22917,72.32,7.26,69.88,False
KEIBAJO_SURFACE_09_ダ,joken_class_code+kyakushitsu+umakigo_code,joken_class_code,kyakushitsu,umakigo_code,28,26665,72.52,7.13,69.87,False
KEIBAJO_SURFACE_09_ダ,uma_deokure_ritsu+nyukyu_nannichimae+kyakushitsu,uma_deokure_ritsu,nyukyu_nannichimae,kyakushitsu,6,774,78.02,10.19,69.86,False
KEIBAJO_SURFACE_09_ダ,kyori_kubun+kyakushitsu+joshodo_code,kyori_kubun,kyakushitsu,joshodo_code,18,27048,72.79,6.36,69.85,False
KEIBAJO_SURFACE_09_ダ,rotation+kyakushitsu+class_code,rotation,kyakushitsu,class_code,45,10570,72.49,9.13,69.83,False
KEIBAJO_SURFACE_09_ダ,rotation+joshodo_code+ten_shisu_juni,rotation,joshodo_code,ten_shisu_juni,49,13634,72.5,9.57,69.82,False
KEIBAJO_SURFACE_09_ダ,manken_shirushi+uma_deokure_ritsu+hizume_code,manken_shirushi,uma_deokure_ritsu,hizume_code,16,3408,75.18,10.94,69.82,False
KEIBAJO_SURFACE_09_ダ,rotation+umakigo_code+ten_shisu_juni,rotation,umakigo_code,ten_shisu_juni,47,12848,72.5,9.44,69.8,False
KEIBAJO_SURFACE_09_ダ,joken_class_code+hizume_code+umakigo_code,joken_class_code,hizume_code,umakigo_code,40,21837,73.43,11.73,69.79,False
KEIBAJO_SURFACE_09_ダ,pace_yoso+hizume_code+umakigo_code,pace_yoso,hizume_code,umakigo_code,31,23125,72.95,9.01,69.78,False
KEIBAJO_SURFACE_09_ダ,hizume_code+umakigo_code+ten_shisu_juni,hizume_code,umakigo_code,ten_shisu_juni,69,17895,72.28,10.57,69.78,False
KEIBAJO_SURFACE_09_ダ,omo_tekisei_code+rotation+class_code,omo_tekisei_code,rotation,class_code,43,12400,72.68,9.73,69.77,False
KEIBAJO_SURFACE_09_ダ,gekiso_shisu+umakigo_code+joshodo_code,gekiso_shisu,umakigo_code,joshodo_code,108,16773,72.03,12.05,69.76,False
KEIBAJO_SURFACE_09_ダ,joho_shisu+joken_class_code+umakigo_code,joho_shisu,joken_class_code,umakigo_code,76,20261,72.55,12.4,69.76,False
KEIBAJO_SURFACE_09_ダ,uma_deokure_ritsu+nyukyu_nannichimae+joshodo_code,uma_deokure_ritsu,nyukyu_nannichimae,joshodo_code,15,2972,74.38,9.15,69.75,False
KEIBAJO_SURFACE_09_ダ,kyori_kubun+joshodo_code+ten_shisu_juni,kyori_kubun,joshodo_code,ten_shisu_juni,52,25079,72.21,9.11,69.73,False
KEIBAJO_SURFACE_09_ダ,pace_yoso+omo_tekisei_code+umakigo_code,pace_yoso,omo_tekisei_code,umakigo_code,16,25046,73.33,7.34,69.73,False
KEIBAJO_SURFACE_09_ダ,ichi_shisu_juni+kyakushitsu+class_code,ichi_shisu_juni,kyakushitsu,class_code,77,12870,72.36,11.81,69.72,False
KEIBAJO_SURFACE_09_ダ,ichi_shisu_juni+joshodo_code+class_code,ichi_shisu_juni,joshodo_code,class_code,74,19711,72.24,11.08,69.71,False
KEIBAJO_SURFACE_09_ダ,rotation+hizume_code+kyakushitsu,rotation,hizume_code,kyakushitsu,46,10582,72.86,10.9,69.71,False
KEIBAJO_SURFACE_09_ダ,joho_shisu+joken_class_code+class_code,joho_shisu,joken_class_code,class_code,52,13480,73.63,14.41,69.71,False
KEIBAJO_SURFACE_09_ダ,kakutoku_shokin_ruikei+umakigo_code+joshodo_code,kakutoku_shokin_ruikei,umakigo_code,joshodo_code,19,8129,74.74,11.18,69.71,False
KEIBAJO_SURFACE_09_ダ,rotation+uma_start_shisu+class_code,rotation,uma_start_shisu,class_code,25,5536,74.02,11.14,69.66,False
KEIBAJO_SURFACE_09_ダ,omo_tekisei_code+joken_class_code+umakigo_code,omo_tekisei_code,joken_class_code,umakigo_code,24,24731,72.68,7.6,69.64,False
KEIBAJO_SURFACE_09_ダ,joken_class_code+umakigo_code+class_code,joken_class_code,umakigo_code,class_code,19,23900,73.25,8.08,69.62,False
KEIBAJO_SURFACE_09_ダ,kyakushitsu+umakigo_code+class_code,kyakushitsu,umakigo_code,class_code,38,22316,72.51,9.18,69.59,False
KEIBAJO_SURFACE_09_ダ,pace_yoso+manken_shisu+class_code,pace_yoso,manken_shisu,class_code,42,5346,72.45,9.5,69.58,False
KEIBAJO_SURFACE_09_ダ,omo_tekisei_code+joho_shisu+joshodo_code,omo_tekisei_code,joho_shisu,joshodo_code,97,21880,72.44,14.42,69.57,False
KEIBAJO_SURFACE_09_ダ,joho_shisu+kyakushitsu+joshodo_code,joho_shisu,kyakushitsu,joshodo_code,78,19295,72.33,12.46,69.57,False
KEIBAJO_SURFACE_09_ダ,kyori_kubun+kishu_shisu+umakigo_code,kyori_kubun,kishu_shisu,umakigo_code,67,23511,72.56,12.58,69.55,False
KEIBAJO_SURFACE_09_ダ,omo_tekisei_code+joken_class_code+hizume_code,omo_tekisei_code,joken_class_code,hizume_code,56,21458,72.58,11.58,69.55,False
KEIBAJO_SURFACE_09_ダ,nyukyu_nannichimae+kyakushitsu+umakigo_code,nyukyu_nannichimae,kyakushitsu,umakigo_code,38,6230,73.21,11.6,69.53,False
KEIBAJO_SURFACE_09_ダ,ichi_shisu_juni+umakigo_code+class_code,ichi_shisu_juni,umakigo_code,class_code,74,18679,72.17,11.68,69.51,False
KEIBAJO_SURFACE_09_ダ,pace_yoso+uma_start_shisu+nyukyu_nannichimae,pace_yoso,uma_start_shisu,nyukyu_nannichimae,10,1678,77.12,12.31,69.49,False
KEIBAJO_SURFACE_09_ダ,joken_class_code+uma_start_shisu+joshodo_code,joken_class_code,uma_start_shisu,joshodo_code,51,22078,72.2,9.89,69.48,False
KEIBAJO_SURFACE_09_ダ,pace_yoso+hizume_code+manken_shisu,pace_yoso,hizume_code,manken_shisu,40,5166,73.18,11.98,69.46,False
KEIBAJO_SURFACE_09_ダ,omo_tekisei_code+hizume_code+umakigo_code,omo_tekisei_code,hizume_code,umakigo_code,32,22697,72.73,9.45,69.46,False
KEIBAJO_SURFACE_09_ダ,pace_yoso+gekiso_shisu+umakigo_code,pace_yoso,gekiso_shisu,umakigo_code,69,8436,72.53,13.16,69.43,False
KEIBAJO_SURFACE_09_ダ,kyori_kubun+joken_class_code+ten_shisu_juni,kyori_kubun,joken_class_code,ten_shisu_juni,94,21102,71.83,11.96,69.42,False
KEIBAJO_SURFACE_09_ダ,rotation+uma_start_shisu+ichi_shisu_juni,rotation,uma_start_shisu,ichi_shisu_juni,24,3952,73.47,10.13,69.42,False
KEIBAJO_SURFACE_09_ダ,pace_yoso+umakigo_code+ten_shisu_juni,pace_yoso,umakigo_code,ten_shisu_juni,42,25251,72.01,8.59,69.42,False
KEIBAJO_SURFACE_09_ダ,pace_yoso+gekiso_shisu+joshodo_code,pace_yoso,gekiso_shisu,joshodo_code,76,9741,72.12,12.02,69.42,False
KEIBAJO_SURFACE_09_ダ,kyori_kubun+kyakushitsu+umakigo_code,kyori_kubun,kyakushitsu,umakigo_code,26,26944,73.46,10.59,69.39,False
KEIBAJO_SURFACE_09_ダ,pace_yoso+rotation+ten_shisu_juni,pace_yoso,rotation,ten_shisu_juni,60,10854,71.76,9.47,69.37,False
KEIBAJO_SURFACE_09_ダ,omo_tekisei_code+class_code+ten_shisu_juni,omo_tekisei_code,class_code,ten_shisu_juni,87,14816,72.13,13.11,69.37,False
KEIBAJO_SURFACE_09_ダ,rotation+uma_deokure_ritsu+hizume_code,rotation,uma_deokure_ritsu,hizume_code,25,5315,74.15,12.26,69.34,False
KEIBAJO_SURFACE_09_ダ,pace_yoso+joken_class_code+kyakushitsu,pace_yoso,joken_class_code,kyakushitsu,36,27427,72.07,8.39,69.33,False
KEIBAJO_SURFACE_09_ダ,kyori_kubun+manken_shisu+kyakushitsu,kyori_kubun,manken_shisu,kyakushitsu,35,4211,73.39,12.27,69.32,False
KEIBAJO_SURFACE_09_ダ,uma_deokure_ritsu+manken_shisu+joshodo_code,uma_deokure_ritsu,manken_shisu,joshodo_code,34,7267,72.55,9.6,69.32,False
KEIBAJO_SURFACE_09_ダ,joho_shisu+joken_class_code+joshodo_code,joho_shisu,joken_class_code,joshodo_code,80,19988,72.29,13.58,69.31,False
KEIBAJO_SURFACE_09_ダ,joken_class_code+class_code+ten_shisu_juni,joken_class_code,class_code,ten_shisu_juni,78,20254,71.71,10.77,69.31,False
KEIBAJO_SURFACE_09_ダ,omo_tekisei_code+uma_start_shisu+ichi_shisu_juni,omo_tekisei_code,uma_start_shisu,ichi_shisu_juni,35,8468,72.91,10.88,69.31,False
KEIBAJO_SURFACE_09_ダ,uma_deokure_ritsu+ichi_shisu_juni+joshodo_code,uma_deokure_ritsu,ichi_shisu_juni,joshodo_code,25,9818,71.93,6.7,69.3,False
KEIBAJO_SURFACE_09_ダ,umakigo_code+joshodo_code+class_code,umakigo_code,joshodo_code,class_code,22,23821,72.65,8.04,69.29,False
KEIBAJO_SURFACE_09_ダ,uma_deokure_ritsu+manken_shisu+umakigo_code,uma_deokure_ritsu,manken_shisu,umakigo_code,33,6752,72.68,9.97,69.28,False
KEIBAJO_SURFACE_09_ダ,pace_yoso+uma_deokure_ritsu+class_code,pace_yoso,uma_deokure_ritsu,class_code,48,13770,72.42,11.13,69.27,False
KEIBAJO_SURFACE_09_ダ,kyori_kubun+uma_deokure_ritsu+ichi_shisu_juni,kyori_kubun,uma_deokure_ritsu,ichi_shisu_juni,32,8178,72.25,8.63,69.26,False
KEIBAJO_SURFACE_09_ダ,rotation+ichi_shisu_juni+class_code,rotation,ichi_shisu_juni,class_code,28,3487,73.02,10.15,69.26,False
KEIBAJO_SURFACE_09_ダ,omo_tekisei_code+hizume_code+kyakushitsu,omo_tekisei_code,hizume_code,kyakushitsu,66,22134,71.37,8.8,69.25,False
KEIBAJO_SURFACE_09_ダ,umakigo_code+class_code+ten_shisu_juni,umakigo_code,class_code,ten_shisu_juni,75,18585,71.74,11.05,69.24,False
KEIBAJO_SURFACE_09_ダ,omo_tekisei_code+umakigo_code+joshodo_code,omo_tekisei_code,umakigo_code,joshodo_code,13,25296,73.28,7.49,69.21,False
KEIBAJO_SURFACE_09_ダ,hizume_code+umakigo_code+joshodo_code,hizume_code,umakigo_code,joshodo_code,22,23533,72.82,8.66,69.2,False
KEIBAJO_SURFACE_09_ダ,kyori_kubun+joken_class_code+manken_shisu,kyori_kubun,joken_class_code,manken_shisu,56,7570,72.43,12.36,69.19,False
KEIBAJO_SURFACE_09_ダ,joshodo_code+class_code+ten_shisu_juni,joshodo_code,class_code,ten_shisu_juni,76,19707,71.64,10.9,69.19,False
KEIBAJO_SURFACE_09_ダ,kishu_shisu+joshodo_code+class_code,kishu_shisu,joshodo_code,class_code,64,16050,72.78,14.83,69.15,False
KEIBAJO_SURFACE_09_ダ,pace_yoso+uma_start_shisu+class_code,pace_yoso,uma_start_shisu,class_code,53,15859,72.16,11.24,69.14,False
KEIBAJO_SURFACE_09_ダ,pace_yoso+uma_deokure_ritsu+nyukyu_nannichimae,pace_yoso,uma_deokure_ritsu,nyukyu_nannichimae,9,1454,76.12,10.69,69.13,False
KEIBAJO_SURFACE_09_ダ,omo_tekisei_code+joho_shisu+umakigo_code,omo_tekisei_code,joho_shisu,umakigo_code,90,20192,71.88,13.36,69.12,False
KEIBAJO_SURFACE_09_ダ,rotation+hizume_code+ten_shisu_juni,rotation,hizume_code,ten_shisu_juni,26,3519,72.71,9.37,69.11,False
KEIBAJO_SURFACE_09_ダ,uma_deokure_ritsu+ichi_shisu_juni+umakigo_code,uma_deokure_ritsu,ichi_shisu_juni,umakigo_code,21,8903,71.65,6.02,69.07,False
KEIBAJO_SURFACE_09_ダ,omo_tekisei_code+kyakushitsu+joshodo_code,omo_tekisei_code,kyakushitsu,joshodo_code,16,24841,72.44,6.9,69.06,False
KEIBAJO_SURFACE_09_ダ,omo_tekisei_code+uma_deokure_ritsu+class_code,omo_tekisei_code,uma_deokure_ritsu,class_code,31,11047,72.54,10.02,69.02,False
KEIBAJO_SURFACE_09_ダ,joken_class_code+uma_start_shisu+ichi_shisu_juni,joken_class_code,uma_start_shisu,ichi_shisu_juni,33,7425,72.45,10.06,69.02,False
KEIBAJO_SURFACE_09_ダ,kishu_shisu+kyakushitsu+joshodo_code,kishu_shisu,kyakushitsu,joshodo_code,77,22244,71.72,12.19,69.0,False
KEIBAJO_SURFACE_09_ダ,pace_yoso+uma_start_shisu+manken_shisu,pace_yoso,uma_start_shisu,manken_shisu,27,4515,72.57,9.52,68.98,False
KEIBAJO_SURFACE_09_ダ,pace_yoso+uma_deokure_ritsu+manken_shisu,pace_yoso,uma_deokure_ritsu,manken_shisu,28,3918,72.97,10.77,68.98,False
KEIBAJO_SURFACE_09_ダ,omo_tekisei_code+hizume_code+joshodo_code,omo_tekisei_code,hizume_code,joshodo_code,27,23297,71.86,7.67,68.97,False
KEIBAJO_SURFACE_09_ダ,joken_class_code+hizume_code+nyukyu_nannichimae,joken_class_code,hizume_code,nyukyu_nannichimae,5,544,84.02,17.18,68.96,False
KEIBAJO_SURFACE_09_ダ,kyori_kubun+joken_class_code+umakigo_code,kyori_kubun,joken_class_code,umakigo_code,25,27136,72.39,8.76,68.96,False
KEIBAJO_SURFACE_09_ダ,joken_class_code+umakigo_code+ten_shisu_juni,joken_class_code,umakigo_code,ten_shisu_juni,60,23966,71.3,9.22,68.96,False
KEIBAJO_SURFACE_09_ダ,uma_deokure_ritsu+nyukyu_nannichimae+umakigo_code,uma_deokure_ritsu,nyukyu_nannichimae,umakigo_code,15,2783,74.95,11.88,68.94,False
KEIBAJO_SURFACE_09_ダ,joken_class_code+uma_deokure_ritsu+hizume_code,joken_class_code,uma_deokure_ritsu,hizume_code,29,9815,72.58,10.12,68.9,False
KEIBAJO_SURFACE_09_ダ,hizume_code+nyukyu_nannichimae+umakigo_code,hizume_code,nyukyu_nannichimae,umakigo_code,21,3285,74.73,13.68,68.88,False
KEIBAJO_SURFACE_09_ダ,pace_yoso+rotation+manken_shisu,pace_yoso,rotation,manken_shisu,20,2367,72.26,7.73,68.88,False
KEIBAJO_SURFACE_09_ダ,joken_class_code+uma_start_shisu+manken_shisu,joken_class_code,uma_start_shisu,manken_shisu,19,2423,73.54,10.39,68.87,False
KEIBAJO_SURFACE_09_ダ,kyori_kubun+umakigo_code+joshodo_code,kyori_kubun,umakigo_code,joshodo_code,15,27401,72.02,6.25,68.86,False
KEIBAJO_SURFACE_09_ダ,kyori_kubun+joho_shisu+joshodo_code,kyori_kubun,joho_shisu,joshodo_code,84,21359,71.55,12.6,68.85,False
KEIBAJO_SURFACE_09_ダ,manken_shirushi+uma_deokure_ritsu+class_code,manken_shirushi,uma_deokure_ritsu,class_code,22,4004,73.2,10.49,68.81,False
KEIBAJO_SURFACE_09_ダ,pace_yoso+nyukyu_nannichimae+kyakushitsu,pace_yoso,nyukyu_nannichimae,kyakushitsu,26,3907,74.24,14.14,68.81,False
KEIBAJO_SURFACE_09_ダ,kyori_kubun+joken_class_code+hizume_code,kyori_kubun,joken_class_code,hizume_code,62,20518,71.65,11.47,68.79,False
KEIBAJO_SURFACE_09_ダ,omo_tekisei_code+uma_deokure_ritsu+manken_shisu,omo_tekisei_code,uma_deokure_ritsu,manken_shisu,21,2697,73.71,11.51,68.79,False
KEIBAJO_SURFACE_09_ダ,uma_deokure_ritsu+uma_start_shisu+manken_shisu,uma_deokure_ritsu,uma_start_shisu,manken_shisu,24,3655,72.64,9.61,68.79,False
KEIBAJO_SURFACE_09_ダ,uma_start_shisu+kyakushitsu+ten_shisu_juni,uma_start_shisu,kyakushitsu,ten_shisu_juni,33,7917,72.5,10.96,68.77,False
KEIBAJO_SURFACE_09_ダ,pace_yoso+uma_deokure_ritsu+hizume_code,pace_yoso,uma_deokure_ritsu,hizume_code,40,11659,71.16,7.71,68.77,False
KEIBAJO_SURFACE_09_ダ,joho_shisu+joshodo_code+class_code,joho_shisu,joshodo_code,class_code,43,12348,73.0,14.19,68.76,False
KEIBAJO_SURFACE_09_ダ,pace_yoso+hizume_code+joshodo_code,pace_yoso,hizume_code,joshodo_code,27,23586,71.99,8.56,68.76,False
KEIBAJO_SURFACE_09_ダ,kishu_shisu+joken_class_code+class_code,kishu_shisu,joken_class_code,class_code,65,16462,72.36,14.85,68.75,False
KEIBAJO_SURFACE_09_ダ,rotation+uma_deokure_ritsu+ten_shisu_juni,rotation,uma_deokure_ritsu,ten_shisu_juni,22,3546,73.07,10.38,68.73,False
KEIBAJO_SURFACE_09_ダ,kyori_kubun+umakigo_code+ten_shisu_juni,kyori_kubun,umakigo_code,ten_shisu_juni,48,25496,71.43,9.61,68.71,False
KEIBAJO_SURFACE_09_ダ,uma_start_shisu+ichi_shisu_juni+kyakushitsu,uma_start_shisu,ichi_shisu_juni,kyakushitsu,30,8327,71.85,8.79,68.71,False
KEIBAJO_SURFACE_09_ダ,omo_tekisei_code+joken_class_code+manken_shisu,omo_tekisei_code,joken_class_code,manken_shisu,47,6506,72.52,13.38,68.7,False
KEIBAJO_SURFACE_09_ダ,pace_yoso+joken_class_code+umakigo_code,pace_yoso,joken_class_code,umakigo_code,18,27322,72.07,7.37,68.66,False
KEIBAJO_SURFACE_09_ダ,pace_yoso+kishu_shisu+umakigo_code,pace_yoso,kishu_shisu,umakigo_code,54,23169,71.97,12.39,68.66,False
KEIBAJO_SURFACE_09_ダ,pace_yoso+uma_deokure_ritsu+uma_start_shisu,pace_yoso,uma_deokure_ritsu,uma_start_shisu,36,10958,72.17,10.77,68.65,False
KEIBAJO_SURFACE_09_ダ,joken_class_code+uma_deokure_ritsu+uma_start_shisu,joken_class_code,uma_deokure_ritsu,uma_start_shisu,27,9151,72.23,9.53,68.63,False
KEIBAJO_SURFACE_09_ダ,joho_shisu+umakigo_code+class_code,joho_shisu,umakigo_code,class_code,39,11444,72.98,13.93,68.61,False
KEIBAJO_SURFACE_09_ダ,uma_start_shisu+manken_shisu+kyakushitsu,uma_start_shisu,manken_shisu,kyakushitsu,22,2573,73.59,11.99,68.58,False
KEIBAJO_SURFACE_09_ダ,pace_yoso+uma_deokure_ritsu+ten_shisu_juni,pace_yoso,uma_deokure_ritsu,ten_shisu_juni,28,7986,72.31,10.09,68.57,False
KEIBAJO_SURFACE_09_ダ,kishu_shisu+umakigo_code+class_code,kishu_shisu,umakigo_code,class_code,62,15007,72.24,14.74,68.57,False
KEIBAJO_SURFACE_09_ダ,kishu_shisu+joken_class_code+umakigo_code,kishu_shisu,joken_class_code,umakigo_code,68,21435,71.67,13.04,68.57,False
KEIBAJO_SURFACE_09_ダ,kyori_kubun+uma_start_shisu+ten_shisu_juni,kyori_kubun,uma_start_shisu,ten_shisu_juni,39,8829,72.61,13.05,68.52,False
KEIBAJO_SURFACE_09_ダ,pace_yoso+omo_tekisei_code+kishu_shisu,pace_yoso,omo_tekisei_code,kishu_shisu,73,18564,71.91,14.78,68.52,False
KEIBAJO_SURFACE_09_ダ,kishu_shisu+uma_deokure_ritsu+uma_start_shisu,kishu_shisu,uma_deokure_ritsu,uma_start_shisu,19,4582,74.36,13.05,68.5,False
KEIBAJO_SURFACE_09_ダ,joken_class_code+hizume_code+kyakushitsu,joken_class_code,hizume_code,kyakushitsu,61,18713,70.51,7.99,68.5,False
KEIBAJO_SURFACE_09_ダ,kishu_shisu+kyakushitsu+umakigo_code,kishu_shisu,kyakushitsu,umakigo_code,75,20978,71.25,12.31,68.47,False
KEIBAJO_SURFACE_09_ダ,uma_deokure_ritsu+joshodo_code+ten_shisu_juni,uma_deokure_ritsu,joshodo_code,ten_shisu_juni,27,9982,71.82,8.91,68.46,False
KEIBAJO_SURFACE_09_ダ,kyori_kubun+uma_deokure_ritsu+ten_shisu_juni,kyori_kubun,uma_deokure_ritsu,ten_shisu_juni,34,8120,72.19,11.25,68.41,False
KEIBAJO_SURFACE_09_ダ,uma_deokure_ritsu+hizume_code+kyakushitsu,uma_deokure_ritsu,hizume_code,kyakushitsu,33,9632,71.53,9.16,68.4,False
KEIBAJO_SURFACE_09_ダ,joken_class_code+joshodo_code+ten_shisu_juni,joken_class_code,joshodo_code,ten_shisu_juni,70,24914,70.74,10.09,68.37,False
KEIBAJO_SURFACE_09_ダ,joken_class_code+kakutoku_shokin_ruikei+joshodo_code,joken_class_code,kakutoku_shokin_ruikei,joshodo_code,17,8165,73.12,10.05,68.34,False
KEIBAJO_SURFACE_09_ダ,kyori_kubun+kishu_shisu+uma_start_shisu,kyori_kubun,kishu_shisu,uma_start_shisu,39,7190,72.57,13.74,68.25,False
KEIBAJO_SURFACE_09_ダ,joken_class_code+kakutoku_shokin_ruikei+umakigo_code,joken_class_code,kakutoku_shokin_ruikei,umakigo_code,17,8377,73.74,11.54,68.25,False
KEIBAJO_SURFACE_09_ダ,omo_tekisei_code+uma_deokure_ritsu+hizume_code,omo_tekisei_code,uma_deokure_ritsu,hizume_code,32,10302,71.92,10.71,68.21,False
KEIBAJO_SURFACE_09_ダ,rotation+uma_deokure_ritsu+ichi_shisu_juni,rotation,uma_deokure_ritsu,ichi_shisu_juni,22,3789,71.47,7.96,68.15,False
KEIBAJO_SURFACE_09_ダ,joho_shisu+hizume_code+joshodo_code,joho_shisu,hizume_code,joshodo_code,48,12832,72.1,14.04,68.13,False
KEIBAJO_SURFACE_09_ダ,manken_shirushi+rotation+class_code,manken_shirushi,rotation,class_code,24,3287,73.27,12.86,68.12,False
KEIBAJO_SURFACE_09_ダ,ichi_shisu+pace_yoso+manken_shirushi,ichi_shisu,pace_yoso,manken_shirushi,8,1097,73.64,8.0,68.1,False
KEIBAJO_SURFACE_09_ダ,kishu_shisu+joken_class_code+joshodo_code,kishu_shisu,joken_class_code,joshodo_code,73,21292,71.28,13.9,68.09,False
KEIBAJO_SURFACE_09_ダ,rotation+ichi_shisu_juni+hizume_code,rotation,ichi_shisu_juni,hizume_code,26,3585,71.72,9.47,68.08,False
KEIBAJO_SURFACE_09_ダ,pace_yoso+kishu_shisu+joshodo_code,pace_yoso,kishu_shisu,joshodo_code,55,22749,72.04,15.03,68.07,False
KEIBAJO_SURFACE_09_ダ,uma_deokure_ritsu+ichi_shisu_juni+hizume_code,uma_deokure_ritsu,ichi_shisu_juni,hizume_code,24,5006,72.01,9.85,68.07,False
KEIBAJO_SURFACE_09_ダ,pace_yoso+hizume_code+nyukyu_nannichimae,pace_yoso,hizume_code,nyukyu_nannichimae,14,1884,74.21,11.82,68.02,False
KEIBAJO_SURFACE_09_ダ,joken_class_code+uma_start_shisu+nyukyu_nannichimae,joken_class_code,uma_start_shisu,nyukyu_nannichimae,5,570,79.24,13.01,67.84,False
KEIBAJO_SURFACE_09_ダ,uma_start_shisu+hizume_code+class_code,uma_start_shisu,hizume_code,class_code,33,7835,71.86,11.97,67.78,False
KEIBAJO_SURFACE_09_ダ,uma_start_shisu+hizume_code+ten_shisu_juni,uma_start_shisu,hizume_code,ten_shisu_juni,26,4906,72.06,11.2,67.75,False
KEIBAJO_SURFACE_09_ダ,omo_tekisei_code+manken_shisu+class_code,omo_tekisei_code,manken_shisu,class_code,13,1411,74.79,13.0,67.73,False
KEIBAJO_SURFACE_09_ダ,rotation+uma_start_shisu+ten_shisu_juni,rotation,uma_start_shisu,ten_shisu_juni,28,4212,72.06,11.74,67.72,False
KEIBAJO_SURFACE_09_ダ,ichi_shisu+omo_tekisei_code+joshodo_code,ichi_shisu,omo_tekisei_code,joshodo_code,19,2651,74.12,14.24,67.72,False
KEIBAJO_SURFACE_09_ダ,kyori_kubun+uma_deokure_ritsu+hizume_code,kyori_kubun,uma_deokure_ritsu,hizume_code,34,10311,72.14,13.32,67.66,False
KEIBAJO_SURFACE_09_ダ,uma_deokure_ritsu+manken_shisu+kyakushitsu,uma_deokure_ritsu,manken_shisu,kyakushitsu,16,1936,72.45,9.84,67.63,False
KEIBAJO_SURFACE_09_ダ,manken_shirushi+kishu_shisu+joshodo_code,manken_shirushi,kishu_shisu,joshodo_code,41,7319,71.43,12.48,67.61,False
KEIBAJO_SURFACE_09_ダ,pace_yoso+kishu_shisu+kyakushitsu,pace_yoso,kishu_shisu,kyakushitsu,74,17079,70.26,11.73,67.59,False
KEIBAJO_SURFACE_09_ダ,ichi_shisu+manken_shirushi+umakigo_code,ichi_shisu,manken_shirushi,umakigo_code,8,1300,72.81,7.53,67.59,False
KEIBAJO_SURFACE_09_ダ,joken_class_code+uma_start_shisu+ten_shisu_juni,joken_class_code,uma_start_shisu,ten_shisu_juni,34,7382,71.8,12.57,67.57,False
KEIBAJO_SURFACE_09_ダ,pace_yoso+kishu_shisu+hizume_code,pace_yoso,kishu_shisu,hizume_code,54,10968,70.91,12.53,67.56,False
KEIBAJO_SURFACE_09_ダ,hizume_code+kyakushitsu+class_code,hizume_code,kyakushitsu,class_code,62,14765,70.17,10.57,67.54,False
KEIBAJO_SURFACE_09_ダ,manken_shirushi+rotation+uma_deokure_ritsu,manken_shirushi,rotation,uma_deokure_ritsu,17,2724,71.67,8.74,67.51,False
KEIBAJO_SURFACE_09_ダ,pace_yoso+omo_tekisei_code+joho_shisu,pace_yoso,omo_tekisei_code,joho_shisu,57,14704,70.79,12.74,67.48,False
KEIBAJO_SURFACE_09_ダ,joho_shisu+hizume_code+umakigo_code,joho_shisu,hizume_code,umakigo_code,47,12085,71.51,14.11,67.47,False
KEIBAJO_SURFACE_09_ダ,uma_deokure_ritsu+uma_start_shisu+kyakushitsu,uma_deokure_ritsu,uma_start_shisu,kyakushitsu,22,8067,71.93,10.84,67.41,False
KEIBAJO_SURFACE_09_ダ,kishu_shisu+hizume_code+joshodo_code,kishu_shisu,hizume_code,joshodo_code,59,15134,70.8,13.45,67.37,False
KEIBAJO_SURFACE_09_ダ,kyori_kubun+pace_yoso+kishu_shisu,kyori_kubun,pace_yoso,kishu_shisu,79,20484,70.14,12.68,67.35,False
KEIBAJO_SURFACE_09_ダ,umakigo_code+joshodo_code+ten_shisu_juni,umakigo_code,joshodo_code,ten_shisu_juni,30,24684,71.37,11.27,67.33,False
KEIBAJO_SURFACE_09_ダ,ichi_shisu+manken_shirushi+joken_class_code,ichi_shisu,manken_shirushi,joken_class_code,8,1303,73.72,9.24,67.32,False
KEIBAJO_SURFACE_09_ダ,uma_deokure_ritsu+hizume_code+ten_shisu_juni,uma_deokure_ritsu,hizume_code,ten_shisu_juni,23,4706,72.42,12.56,67.29,False
KEIBAJO_SURFACE_09_ダ,kyori_kubun+uma_deokure_ritsu+uma_start_shisu,kyori_kubun,uma_deokure_ritsu,uma_start_shisu,26,8739,71.43,10.87,67.25,False
KEIBAJO_SURFACE_09_ダ,uma_start_shisu+ichi_shisu_juni+hizume_code,uma_start_shisu,ichi_shisu_juni,hizume_code,23,4766,71.76,11.11,67.22,False
KEIBAJO_SURFACE_09_ダ,kyakushitsu+umakigo_code+joshodo_code,kyakushitsu,umakigo_code,joshodo_code,16,27317,71.58,8.97,67.19,False
KEIBAJO_SURFACE_09_ダ,ichi_shisu+manken_shirushi+ichi_shisu_juni,ichi_shisu,manken_shirushi,ichi_shisu_juni,8,1150,74.64,10.85,67.12,False
KEIBAJO_SURFACE_09_ダ,ichi_shisu+ichi_shisu_juni+ten_shisu_juni,ichi_shisu,ichi_shisu_juni,ten_shisu_juni,9,1715,72.11,7.68,67.09,False
KEIBAJO_SURFACE_09_ダ,pace_yoso+joken_class_code+joshodo_code,pace_yoso,joken_class_code,joshodo_code,17,27186,71.38,9.08,67.06,False
KEIBAJO_SURFACE_09_ダ,joken_class_code+uma_deokure_ritsu+ichi_shisu_juni,joken_class_code,uma_deokure_ritsu,ichi_shisu_juni,27,7467,70.14,8.3,67.01,False
KEIBAJO_SURFACE_09_ダ,omo_tekisei_code+uma_start_shisu+ten_shisu_juni,omo_tekisei_code,uma_start_shisu,ten_shisu_juni,37,8543,71.1,12.94,66.93,False
KEIBAJO_SURFACE_09_ダ,omo_tekisei_code+kishu_shisu+uma_start_shisu,omo_tekisei_code,kishu_shisu,uma_start_shisu,39,6936,71.88,15.89,66.9,False
KEIBAJO_SURFACE_09_ダ,uma_start_shisu+class_code+ten_shisu_juni,uma_start_shisu,class_code,ten_shisu_juni,29,4764,72.27,14.83,66.87,False
KEIBAJO_SURFACE_09_ダ,pace_yoso+kyakushitsu+umakigo_code,pace_yoso,kyakushitsu,umakigo_code,21,27160,71.4,10.58,66.87,False
KEIBAJO_SURFACE_09_ダ,uma_start_shisu+ichi_shisu_juni+class_code,uma_start_shisu,ichi_shisu_juni,class_code,33,5413,71.08,12.35,66.86,False
KEIBAJO_SURFACE_09_ダ,kyori_kubun+uma_deokure_ritsu+manken_shisu,kyori_kubun,uma_deokure_ritsu,manken_shisu,18,2314,72.8,12.9,66.84,False
KEIBAJO_SURFACE_09_ダ,manken_shirushi+ichi_shisu_juni+kakutoku_shokin_ruikei,manken_shirushi,ichi_shisu_juni,kakutoku_shokin_ruikei,8,1287,72.96,8.83,66.84,False
KEIBAJO_SURFACE_09_ダ,uma_deokure_ritsu+umakigo_code+ten_shisu_juni,uma_deokure_ritsu,umakigo_code,ten_shisu_juni,23,9062,70.59,9.23,66.82,False
KEIBAJO_SURFACE_09_ダ,manken_shirushi+kishu_shisu+umakigo_code,manken_shirushi,kishu_shisu,umakigo_code,46,7928,70.3,12.31,66.75,False
KEIBAJO_SURFACE_09_ダ,uma_deokure_ritsu+uma_start_shisu+ichi_shisu_juni,uma_deokure_ritsu,uma_start_shisu,ichi_shisu_juni,14,5280,71.2,8.62,66.69,False
KEIBAJO_SURFACE_09_ダ,kyori_kubun+omo_tekisei_code+kishu_shisu,kyori_kubun,omo_tekisei_code,kishu_shisu,77,15924,69.3,11.8,66.66,False
KEIBAJO_SURFACE_09_ダ,rotation+hizume_code+class_code,rotation,hizume_code,class_code,35,7394,69.94,9.95,66.65,False
KEIBAJO_SURFACE_09_ダ,kyori_kubun+uma_start_shisu+manken_shisu,kyori_kubun,uma_start_shisu,manken_shisu,23,3046,72.53,14.44,66.62,False
KEIBAJO_SURFACE_09_ダ,pace_yoso+kyakushitsu+joshodo_code,pace_yoso,kyakushitsu,joshodo_code,18,27323,70.92,9.32,66.61,False
KEIBAJO_SURFACE_09_ダ,omo_tekisei_code+uma_deokure_ritsu+ten_shisu_juni,omo_tekisei_code,uma_deokure_ritsu,ten_shisu_juni,32,7904,71.04,12.83,66.59,False
KEIBAJO_SURFACE_09_ダ,kishu_shisu+uma_start_shisu+kyakushitsu,kishu_shisu,uma_start_shisu,kyakushitsu,41,6880,71.53,16.28,66.55,False
KEIBAJO_SURFACE_09_ダ,uma_deokure_ritsu+hizume_code+class_code,uma_deokure_ritsu,hizume_code,class_code,27,7425,70.45,10.41,66.53,False
KEIBAJO_SURFACE_09_ダ,ichi_shisu+manken_shirushi+kakutoku_shokin_ruikei,ichi_shisu,manken_shirushi,kakutoku_shokin_ruikei,8,1255,73.69,10.36,66.52,False
KEIBAJO_SURFACE_09_ダ,kishu_shisu+hizume_code+umakigo_code,kishu_shisu,hizume_code,umakigo_code,58,14175,70.01,13.65,66.5,False
KEIBAJO_SURFACE_09_ダ,pace_yoso+kishu_shisu+joken_class_code,pace_yoso,kishu_shisu,joken_class_code,77,19214,69.65,14.21,66.48,False
KEIBAJO_SURFACE_09_ダ,joken_class_code+uma_deokure_ritsu+kakutoku_shokin_ruikei,joken_class_code,uma_deokure_ritsu,kakutoku_shokin_ruikei,11,3997,72.39,10.0,66.48,False
KEIBAJO_SURFACE_09_ダ,ichi_shisu+manken_shirushi+kyakushitsu,ichi_shisu,manken_shirushi,kyakushitsu,8,1211,73.85,10.63,66.48,False
KEIBAJO_SURFACE_09_ダ,manken_shirushi+kyakushitsu+kakutoku_shokin_ruikei,manken_shirushi,kyakushitsu,kakutoku_shokin_ruikei,8,1211,73.85,10.63,66.48,False
KEIBAJO_SURFACE_09_ダ,joho_shisu+uma_deokure_ritsu+joshodo_code,joho_shisu,uma_deokure_ritsu,joshodo_code,58,12077,70.06,14.22,66.4,False
KEIBAJO_SURFACE_09_ダ,pace_yoso+kishu_shisu+uma_start_shisu,pace_yoso,kishu_shisu,uma_start_shisu,41,8844,71.04,15.22,66.38,False
KEIBAJO_SURFACE_09_ダ,omo_tekisei_code+kishu_shisu+joken_class_code,omo_tekisei_code,kishu_shisu,joken_class_code,75,15188,69.51,13.86,66.38,False
KEIBAJO_SURFACE_09_ダ,omo_tekisei_code+hizume_code+nyukyu_nannichimae,omo_tekisei_code,hizume_code,nyukyu_nannichimae,6,724,79.96,17.11,66.27,False
KEIBAJO_SURFACE_09_ダ,pace_yoso+manken_shirushi+kakutoku_shokin_ruikei,pace_yoso,manken_shirushi,kakutoku_shokin_ruikei,8,1887,71.58,7.72,66.23,False
KEIBAJO_SURFACE_09_ダ,omo_tekisei_code+joho_shisu+joken_class_code,omo_tekisei_code,joho_shisu,joken_class_code,32,10788,70.19,11.7,66.14,False
KEIBAJO_SURFACE_09_ダ,kyori_kubun+gekiso_shisu+joshodo_code,kyori_kubun,gekiso_shisu,joshodo_code,16,1703,72.94,13.98,66.09,False
KEIBAJO_SURFACE_09_ダ,pace_yoso+kishu_shisu+class_code,pace_yoso,kishu_shisu,class_code,60,12514,70.04,15.63,66.09,False
KEIBAJO_SURFACE_09_ダ,ichi_shisu+omo_tekisei_code+uma_start_shisu,ichi_shisu,omo_tekisei_code,uma_start_shisu,5,632,75.04,10.25,66.06,False
KEIBAJO_SURFACE_09_ダ,uma_deokure_ritsu+ichi_shisu_juni+class_code,uma_deokure_ritsu,ichi_shisu_juni,class_code,30,5704,69.7,10.3,66.02,False
KEIBAJO_SURFACE_09_ダ,omo_tekisei_code+joken_class_code+kakutoku_shokin_ruikei,omo_tekisei_code,joken_class_code,kakutoku_shokin_ruikei,16,5045,74.02,16.36,66.0,False
KEIBAJO_SURFACE_09_ダ,joho_shisu+uma_deokure_ritsu+umakigo_code,joho_shisu,uma_deokure_ritsu,umakigo_code,57,11311,69.88,15.01,65.98,False
KEIBAJO_SURFACE_09_ダ,kyori_kubun+rotation+manken_shisu,kyori_kubun,rotation,manken_shisu,12,1354,72.28,11.16,65.97,False
KEIBAJO_SURFACE_09_ダ,uma_deokure_ritsu+uma_start_shisu+class_code,uma_deokure_ritsu,uma_start_shisu,class_code,17,6495,71.45,11.94,65.78,False
KEIBAJO_SURFACE_09_ダ,omo_tekisei_code+kishu_shisu+class_code,omo_tekisei_code,kishu_shisu,class_code,53,10253,69.92,15.52,65.74,False
KEIBAJO_SURFACE_09_ダ,joken_class_code+manken_shisu+kyakushitsu,joken_class_code,manken_shisu,kyakushitsu,26,2870,70.33,12.1,65.68,False
KEIBAJO_SURFACE_09_ダ,kishu_shisu+hizume_code+class_code,kishu_shisu,hizume_code,class_code,25,4213,71.93,15.94,65.68,False
KEIBAJO_SURFACE_09_ダ,ichi_shisu+omo_tekisei_code+joken_class_code,ichi_shisu,omo_tekisei_code,joken_class_code,8,1133,71.15,7.95,65.64,False
KEIBAJO_SURFACE_09_ダ,ichi_shisu+manken_shirushi+joshodo_code,ichi_shisu,manken_shirushi,joshodo_code,8,1113,74.52,12.83,65.63,False
KEIBAJO_SURFACE_09_ダ,joken_class_code+uma_deokure_ritsu+manken_shisu,joken_class_code,uma_deokure_ritsu,manken_shisu,22,3302,70.75,12.46,65.55,False
KEIBAJO_SURFACE_09_ダ,rotation+class_code+ten_shisu_juni,rotation,class_code,ten_shisu_juni,31,3906,70.4,14.01,65.47,False
KEIBAJO_SURFACE_09_ダ,joken_class_code+uma_deokure_ritsu+ten_shisu_juni,joken_class_code,uma_deokure_ritsu,ten_shisu_juni,29,7495,69.06,9.87,65.47,False
KEIBAJO_SURFACE_09_ダ,pace_yoso+manken_shirushi+kishu_shisu,pace_yoso,manken_shirushi,kishu_shisu,24,3611,70.83,13.41,65.46,False
KEIBAJO_SURFACE_09_ダ,omo_tekisei_code+uma_deokure_ritsu+uma_start_shisu,omo_tekisei_code,uma_deokure_ritsu,uma_start_shisu,31,9129,70.08,13.24,65.42,False
KEIBAJO_SURFACE_09_ダ,ichi_shisu+pace_yoso+kyakushitsu,ichi_shisu,pace_yoso,kyakushitsu,26,5065,70.07,12.33,65.33,False
KEIBAJO_SURFACE_09_ダ,ichi_shisu_juni+kakutoku_shokin_ruikei+ten_shisu_juni,ichi_shisu_juni,kakutoku_shokin_ruikei,ten_shisu_juni,9,1925,69.88,7.1,65.24,False
KEIBAJO_SURFACE_09_ダ,omo_tekisei_code+kishu_shisu+hizume_code,omo_tekisei_code,kishu_shisu,hizume_code,52,9023,68.69,12.78,65.21,False
KEIBAJO_SURFACE_09_ダ,kyori_kubun+kishu_shisu+joken_class_code,kyori_kubun,kishu_shisu,joken_class_code,74,15684,68.33,13.85,65.17,False
KEIBAJO_SURFACE_09_ダ,kishu_shisu+uma_deokure_ritsu+umakigo_code,kishu_shisu,uma_deokure_ritsu,umakigo_code,34,9054,70.08,14.7,65.14,False
KEIBAJO_SURFACE_09_ダ,manken_shirushi+kakutoku_shokin_ruikei+joshodo_code,manken_shirushi,kakutoku_shokin_ruikei,joshodo_code,16,2829,70.43,10.99,65.05,False
KEIBAJO_SURFACE_09_ダ,kyori_kubun+manken_shisu+class_code,kyori_kubun,manken_shisu,class_code,8,874,74.21,13.32,64.98,False
KEIBAJO_SURFACE_09_ダ,uma_start_shisu+hizume_code+manken_shisu,uma_start_shisu,hizume_code,manken_shisu,7,756,73.44,11.43,64.97,False
KEIBAJO_SURFACE_09_ダ,kyori_kubun+kishu_shisu+hizume_code,kyori_kubun,kishu_shisu,hizume_code,48,8493,68.69,13.16,64.97,False
KEIBAJO_SURFACE_09_ダ,joken_class_code+agari_shisu+ichi_shisu_juni,joken_class_code,agari_shisu,ichi_shisu_juni,5,1725,71.69,7.7,64.95,False
KEIBAJO_SURFACE_09_ダ,uma_deokure_ritsu+kakutoku_shokin_ruikei+joshodo_code,uma_deokure_ritsu,kakutoku_shokin_ruikei,joshodo_code,13,4237,70.93,11.13,64.89,False
KEIBAJO_SURFACE_09_ダ,uma_deokure_ritsu+uma_start_shisu+ten_shisu_juni,uma_deokure_ritsu,uma_start_shisu,ten_shisu_juni,16,5398,70.19,10.83,64.88,False
KEIBAJO_SURFACE_09_ダ,kyori_kubun+ichi_shisu+omo_tekisei_code,kyori_kubun,ichi_shisu,omo_tekisei_code,4,426,75.0,10.33,64.87,False
KEIBAJO_SURFACE_09_ダ,kyori_kubun+kishu_shisu+kyakushitsu,kyori_kubun,kishu_shisu,kyakushitsu,81,14948,67.81,13.64,64.84,False
KEIBAJO_SURFACE_09_ダ,uma_deokure_ritsu+kakutoku_shokin_ruikei+umakigo_code,uma_deokure_ritsu,kakutoku_shokin_ruikei,umakigo_code,11,3869,71.69,11.62,64.82,False
KEIBAJO_SURFACE_09_ダ,omo_tekisei_code+kishu_shisu+kyakushitsu,omo_tekisei_code,kishu_shisu,kyakushitsu,76,13831,67.73,12.92,64.82,False
KEIBAJO_SURFACE_09_ダ,ichi_shisu_juni+nyukyu_nannichimae+umakigo_code,ichi_shisu_juni,nyukyu_nannichimae,umakigo_code,5,578,73.61,10.06,64.79,False
KEIBAJO_SURFACE_09_ダ,nyukyu_nannichimae+kakutoku_shokin_ruikei+joshodo_code,nyukyu_nannichimae,kakutoku_shokin_ruikei,joshodo_code,9,960,72.4,11.71,64.75,False
KEIBAJO_SURFACE_09_ダ,omo_tekisei_code+kakutoku_shokin_ruikei+umakigo_code,omo_tekisei_code,kakutoku_shokin_ruikei,umakigo_code,15,4818,72.55,15.44,64.74,False
KEIBAJO_SURFACE_09_ダ,ichi_shisu+pace_yoso+uma_start_shisu,ichi_shisu,pace_yoso,uma_start_shisu,4,463,71.57,7.2,64.51,False
KEIBAJO_SURFACE_09_ダ,pace_yoso+joho_shisu+joken_class_code,pace_yoso,joho_shisu,joken_class_code,53,14825,68.22,13.85,64.49,False
KEIBAJO_SURFACE_09_ダ,joho_shisu+uma_start_shisu+umakigo_code,joho_shisu,uma_start_shisu,umakigo_code,55,12774,68.13,13.93,64.45,False
KEIBAJO_SURFACE_09_ダ,agari_shisu+ichi_shisu_juni+umakigo_code,agari_shisu,ichi_shisu_juni,umakigo_code,5,1675,70.55,7.04,64.38,False
KEIBAJO_SURFACE_09_ダ,pace_yoso+joken_class_code+kakutoku_shokin_ruikei,pace_yoso,joken_class_code,kakutoku_shokin_ruikei,15,7028,71.0,13.16,64.34,False
KEIBAJO_SURFACE_09_ダ,omo_tekisei_code+kakutoku_shokin_ruikei+joshodo_code,omo_tekisei_code,kakutoku_shokin_ruikei,joshodo_code,15,5035,71.82,15.1,64.18,False
KEIBAJO_SURFACE_09_ダ,joho_shisu+uma_start_shisu+joshodo_code,joho_shisu,uma_start_shisu,joshodo_code,56,13554,68.08,14.93,64.16,False
KEIBAJO_SURFACE_09_ダ,uma_deokure_ritsu+hizume_code+manken_shisu,uma_deokure_ritsu,hizume_code,manken_shisu,5,553,80.39,18.66,64.03,False
KEIBAJO_SURFACE_09_ダ,ichi_shisu+omo_tekisei_code+umakigo_code,ichi_shisu,omo_tekisei_code,umakigo_code,13,1921,68.64,8.49,64.02,False
KEIBAJO_SURFACE_09_ダ,ichi_shisu+nyukyu_nannichimae+joshodo_code,ichi_shisu,nyukyu_nannichimae,joshodo_code,3,310,71.56,6.84,63.82,False
KEIBAJO_SURFACE_09_ダ,kyori_kubun+pace_yoso+joho_shisu,kyori_kubun,pace_yoso,joho_shisu,48,14683,67.3,12.34,63.81,False
KEIBAJO_SURFACE_09_ダ,uma_deokure_ritsu+class_code+ten_shisu_juni,uma_deokure_ritsu,class_code,ten_shisu_juni,31,5435,68.95,14.6,63.81,False
KEIBAJO_SURFACE_09_ダ,kyori_kubun+ichi_shisu+kyakushitsu,kyori_kubun,ichi_shisu,kyakushitsu,10,3116,66.96,5.1,63.8,False
KEIBAJO_SURFACE_09_ダ,agari_shisu+umakigo_code+joshodo_code,agari_shisu,umakigo_code,joshodo_code,8,2220,71.66,11.42,63.74,False
KEIBAJO_SURFACE_09_ダ,pace_yoso+kishu_shisu+uma_deokure_ritsu,pace_yoso,kishu_shisu,uma_deokure_ritsu,31,6519,69.84,17.48,63.69,False
KEIBAJO_SURFACE_09_ダ,joken_class_code+nyukyu_nannichimae+kakutoku_shokin_ruikei,joken_class_code,nyukyu_nannichimae,kakutoku_shokin_ruikei,16,2165,69.99,12.92,63.66,False
KEIBAJO_SURFACE_09_ダ,manken_shirushi+joken_class_code+kakutoku_shokin_ruikei,manken_shirushi,joken_class_code,kakutoku_shokin_ruikei,8,2908,69.27,8.09,63.66,False
KEIBAJO_SURFACE_09_ダ,kyori_kubun+kishu_shisu+class_code,kyori_kubun,kishu_shisu,class_code,50,9057,67.75,14.83,63.63,False
KEIBAJO_SURFACE_09_ダ,kishu_shisu+hizume_code+kyakushitsu,kishu_shisu,hizume_code,kyakushitsu,33,5926,68.74,15.02,63.61,False
KEIBAJO_SURFACE_09_ダ,kishu_shisu+uma_start_shisu+class_code,kishu_shisu,uma_start_shisu,class_code,22,3600,69.49,14.15,63.57,False
KEIBAJO_SURFACE_09_ダ,joken_class_code+kakutoku_shokin_ruikei+class_code,joken_class_code,kakutoku_shokin_ruikei,class_code,14,5133,71.54,15.26,63.55,False
KEIBAJO_SURFACE_09_ダ,joho_shisu+uma_start_shisu+class_code,joho_shisu,uma_start_shisu,class_code,21,4751,70.46,16.28,63.5,False
KEIBAJO_SURFACE_09_ダ,kyori_kubun+ichi_shisu+uma_start_shisu,kyori_kubun,ichi_shisu,uma_start_shisu,4,443,69.32,5.93,63.5,False
KEIBAJO_SURFACE_09_ダ,kishu_shisu+uma_start_shisu+hizume_code,kishu_shisu,uma_start_shisu,hizume_code,19,3290,71.28,17.34,63.49,False
KEIBAJO_SURFACE_09_ダ,ichi_shisu+uma_deokure_ritsu+joshodo_code,ichi_shisu,uma_deokure_ritsu,joshodo_code,17,2562,68.14,9.91,63.43,False
KEIBAJO_SURFACE_09_ダ,kakutoku_shokin_ruikei+joshodo_code+class_code,kakutoku_shokin_ruikei,joshodo_code,class_code,14,5077,71.12,14.71,63.41,False
KEIBAJO_SURFACE_09_ダ,ichi_shisu+uma_deokure_ritsu+umakigo_code,ichi_shisu,uma_deokure_ritsu,umakigo_code,15,2208,68.77,10.67,63.36,False
KEIBAJO_SURFACE_09_ダ,kishu_shisu+uma_deokure_ritsu+joshodo_code,kishu_shisu,uma_deokure_ritsu,joshodo_code,36,9784,68.46,15.95,63.25,False
KEIBAJO_SURFACE_09_ダ,omo_tekisei_code+manken_shirushi+kakutoku_shokin_ruikei,omo_tekisei_code,manken_shirushi,kakutoku_shokin_ruikei,9,1090,68.06,7.37,63.24,False
KEIBAJO_SURFACE_09_ダ,kishu_shisu+joken_class_code+kyakushitsu,kishu_shisu,joken_class_code,kyakushitsu,67,12252,67.06,16.02,63.23,False
KEIBAJO_SURFACE_09_ダ,pace_yoso+umakigo_code+joshodo_code,pace_yoso,umakigo_code,joshodo_code,12,27328,68.42,9.26,63.18,False
KEIBAJO_SURFACE_09_ダ,ichi_shisu+omo_tekisei_code+uma_deokure_ritsu,ichi_shisu,omo_tekisei_code,uma_deokure_ritsu,5,706,73.08,11.35,63.13,False
KEIBAJO_SURFACE_09_ダ,pace_yoso+kakutoku_shokin_ruikei+umakigo_code,pace_yoso,kakutoku_shokin_ruikei,umakigo_code,15,6790,70.33,14.28,63.1,False
KEIBAJO_SURFACE_09_ダ,kishu_shisu+uma_start_shisu+joshodo_code,kishu_shisu,uma_start_shisu,joshodo_code,44,11837,67.88,16.53,63.0,False
KEIBAJO_SURFACE_09_ダ,pace_shisu+ichi_shisu_juni+umakigo_code,pace_shisu,ichi_shisu_juni,umakigo_code,4,1561,70.91,8.14,62.94,False
KEIBAJO_SURFACE_09_ダ,kyori_kubun+ichi_shisu+uma_deokure_ritsu,kyori_kubun,ichi_shisu,uma_deokure_ritsu,4,460,68.07,5.23,62.94,False
KEIBAJO_SURFACE_09_ダ,ichi_shisu+uma_start_shisu+kyakushitsu,ichi_shisu,uma_start_shisu,kyakushitsu,7,966,68.84,8.04,62.88,False
KEIBAJO_SURFACE_09_ダ,ichi_shisu+joken_class_code+kyakushitsu,ichi_shisu,joken_class_code,kyakushitsu,10,3515,68.05,8.37,62.86,False
KEIBAJO_SURFACE_09_ダ,kishu_shisu+rotation+umakigo_code,kishu_shisu,rotation,umakigo_code,55,11262,66.5,13.8,62.85,False
KEIBAJO_SURFACE_09_ダ,kyori_kubun+manken_shirushi+kakutoku_shokin_ruikei,kyori_kubun,manken_shirushi,kakutoku_shokin_ruikei,15,2227,68.92,12.02,62.84,False
KEIBAJO_SURFACE_09_ダ,kishu_shisu+ichi_shisu_juni+joshodo_code,kishu_shisu,ichi_shisu_juni,joshodo_code,60,10018,65.74,11.61,62.8,False
KEIBAJO_SURFACE_09_ダ,ichi_shisu+uma_start_shisu+joshodo_code,ichi_shisu,uma_start_shisu,joshodo_code,14,2124,69.33,12.51,62.78,False
KEIBAJO_SURFACE_09_ダ,kishu_shisu+joken_class_code+hizume_code,kishu_shisu,joken_class_code,hizume_code,39,6905,67.87,16.48,62.7,False
KEIBAJO_SURFACE_09_ダ,pace_yoso+kakutoku_shokin_ruikei+joshodo_code,pace_yoso,kakutoku_shokin_ruikei,joshodo_code,17,6788,68.93,13.2,62.65,False
KEIBAJO_SURFACE_09_ダ,agari_shisu+ichi_shisu_juni+joshodo_code,agari_shisu,ichi_shisu_juni,joshodo_code,4,1478,72.34,9.91,62.63,False
KEIBAJO_SURFACE_09_ダ,pace_shisu+ichi_shisu_juni+joshodo_code,pace_shisu,ichi_shisu_juni,joshodo_code,4,1478,72.34,9.91,62.63,False
KEIBAJO_SURFACE_09_ダ,kishu_shisu+ichi_shisu_juni+umakigo_code,kishu_shisu,ichi_shisu_juni,umakigo_code,63,10888,65.4,11.43,62.58,False
KEIBAJO_SURFACE_09_ダ,ichi_shisu+pace_yoso+ten_shisu_juni,ichi_shisu,pace_yoso,ten_shisu_juni,10,1837,69.49,11.18,62.57,False
KEIBAJO_SURFACE_09_ダ,kishu_shisu+rotation+joshodo_code,kishu_shisu,rotation,joshodo_code,60,12323,66.2,14.41,62.55,False
KEIBAJO_SURFACE_09_ダ,ichi_shisu+uma_deokure_ritsu+kyakushitsu,ichi_shisu,uma_deokure_ritsu,kyakushitsu,7,1095,67.29,6.39,62.55,False
KEIBAJO_SURFACE_09_ダ,kyakushitsu+kakutoku_shokin_ruikei+joshodo_code,kyakushitsu,kakutoku_shokin_ruikei,joshodo_code,11,6023,69.36,11.77,62.4,False
KEIBAJO_SURFACE_09_ダ,ichi_shisu+omo_tekisei_code+kyakushitsu,ichi_shisu,omo_tekisei_code,kyakushitsu,8,1022,69.3,9.98,62.38,False
KEIBAJO_SURFACE_09_ダ,manken_shirushi+kakutoku_shokin_ruikei+umakigo_code,manken_shirushi,kakutoku_shokin_ruikei,umakigo_code,8,2806,67.67,7.75,62.3,False
KEIBAJO_SURFACE_09_ダ,kyori_kubun+kishu_shisu+uma_deokure_ritsu,kyori_kubun,kishu_shisu,uma_deokure_ritsu,36,6392,67.3,15.4,62.27,False
KEIBAJO_SURFACE_09_ダ,kyori_kubun+ichi_shisu+kakutoku_shokin_ruikei,kyori_kubun,ichi_shisu,kakutoku_shokin_ruikei,3,2430,66.6,3.86,62.23,False
KEIBAJO_SURFACE_09_ダ,manken_shirushi+kishu_shisu+joken_class_code,manken_shirushi,kishu_shisu,joken_class_code,13,1640,70.03,14.38,62.22,False
KEIBAJO_SURFACE_09_ダ,kishu_shisu+umakigo_code+ten_shisu_juni,kishu_shisu,umakigo_code,ten_shisu_juni,65,10679,66.37,17.37,62.15,False
KEIBAJO_SURFACE_09_ダ,uma_deokure_ritsu+kakutoku_shokin_ruikei+class_code,uma_deokure_ritsu,kakutoku_shokin_ruikei,class_code,11,3375,68.65,11.01,62.14,False
KEIBAJO_SURFACE_09_ダ,agari_shisu+ichi_shisu_juni+kyakushitsu,agari_shisu,ichi_shisu_juni,kyakushitsu,4,1599,71.39,9.47,62.11,False
KEIBAJO_SURFACE_09_ダ,pace_shisu+ichi_shisu_juni+kyakushitsu,pace_shisu,ichi_shisu_juni,kyakushitsu,4,1599,71.39,9.47,62.11,False
KEIBAJO_SURFACE_09_ダ,ichi_shisu+uma_start_shisu+umakigo_code,ichi_shisu,uma_start_shisu,umakigo_code,11,1698,69.59,12.72,62.07,False
KEIBAJO_SURFACE_09_ダ,ichi_shisu+agari_shisu+ichi_shisu_juni,ichi_shisu,agari_shisu,ichi_shisu_juni,4,1600,71.34,9.47,62.05,False
KEIBAJO_SURFACE_09_ダ,ichi_shisu+pace_shisu+ichi_shisu_juni,ichi_shisu,pace_shisu,ichi_shisu_juni,4,1600,71.34,9.47,62.05,False
KEIBAJO_SURFACE_09_ダ,ichi_shisu+pace_yoso+uma_deokure_ritsu,ichi_shisu,pace_yoso,uma_deokure_ritsu,4,470,66.58,4.64,62.03,False
KEIBAJO_SURFACE_09_ダ,pace_yoso+joho_shisu+kyakushitsu,pace_yoso,joho_shisu,kyakushitsu,32,11987,66.05,11.66,62.01,False
KEIBAJO_SURFACE_09_ダ,pace_shisu+agari_shisu+ichi_shisu_juni,pace_shisu,agari_shisu,ichi_shisu_juni,4,1601,71.27,9.47,61.98,False
KEIBAJO_SURFACE_09_ダ,joho_shisu+rotation+joshodo_code,joho_shisu,rotation,joshodo_code,38,9842,66.45,14.09,61.97,False
KEIBAJO_SURFACE_09_ダ,nyukyu_nannichimae+kakutoku_shokin_ruikei+umakigo_code,nyukyu_nannichimae,kakutoku_shokin_ruikei,umakigo_code,14,1899,69.02,13.45,61.97,False
KEIBAJO_SURFACE_09_ダ,agari_shisu+ichi_shisu_juni+kakutoku_shokin_ruikei,agari_shisu,ichi_shisu_juni,kakutoku_shokin_ruikei,4,1604,71.09,9.38,61.9,False
KEIBAJO_SURFACE_09_ダ,pace_shisu+joken_class_code+ichi_shisu_juni,pace_shisu,joken_class_code,ichi_shisu_juni,4,1627,71.08,9.4,61.86,False
KEIBAJO_SURFACE_09_ダ,joho_shisu+rotation+umakigo_code,joho_shisu,rotation,umakigo_code,35,9007,66.59,14.3,61.85,False
KEIBAJO_SURFACE_09_ダ,kishu_shisu+uma_start_shisu+umakigo_code,kishu_shisu,uma_start_shisu,umakigo_code,42,10972,67.11,17.38,61.85,False
KEIBAJO_SURFACE_09_ダ,manken_shirushi+kishu_shisu+kyakushitsu,manken_shirushi,kishu_shisu,kyakushitsu,4,412,74.73,13.21,61.79,False
KEIBAJO_SURFACE_09_ダ,kishu_shisu+joken_class_code+uma_start_shisu,kishu_shisu,joken_class_code,uma_start_shisu,34,6048,67.06,15.75,61.76,False
KEIBAJO_SURFACE_09_ダ,kyori_kubun+manken_shirushi+kishu_shisu,kyori_kubun,manken_shirushi,kishu_shisu,16,2126,67.59,11.91,61.75,False
KEIBAJO_SURFACE_09_ダ,pace_yoso+pace_shisu+ichi_shisu_juni,pace_yoso,pace_shisu,ichi_shisu_juni,4,1443,71.12,9.63,61.69,False
KEIBAJO_SURFACE_09_ダ,kakutoku_shokin_ruikei+umakigo_code+class_code,kakutoku_shokin_ruikei,umakigo_code,class_code,14,4963,70.18,16.29,61.65,False
KEIBAJO_SURFACE_09_ダ,kishu_shisu+kyakushitsu+class_code,kishu_shisu,kyakushitsu,class_code,38,6699,66.98,16.84,61.63,False
KEIBAJO_SURFACE_09_ダ,pace_shisu+ichi_shisu_juni+kakutoku_shokin_ruikei,pace_shisu,ichi_shisu_juni,kakutoku_shokin_ruikei,4,1607,70.96,9.57,61.58,False
KEIBAJO_SURFACE_09_ダ,joken_class_code+kyakushitsu+kakutoku_shokin_ruikei,joken_class_code,kyakushitsu,kakutoku_shokin_ruikei,11,6133,68.49,11.87,61.47,False
KEIBAJO_SURFACE_09_ダ,kyori_kubun+kakutoku_shokin_ruikei+joshodo_code,kyori_kubun,kakutoku_shokin_ruikei,joshodo_code,13,6305,66.95,10.16,61.43,False
KEIBAJO_SURFACE_09_ダ,pace_yoso+agari_shisu+ichi_shisu_juni,pace_yoso,agari_shisu,ichi_shisu_juni,4,1439,71.1,9.86,61.43,False
KEIBAJO_SURFACE_09_ダ,kishu_shisu+uma_deokure_ritsu+kyakushitsu,kishu_shisu,uma_deokure_ritsu,kyakushitsu,34,5751,66.97,16.98,61.26,False
KEIBAJO_SURFACE_09_ダ,kyori_kubun+kishu_shisu+rotation,kyori_kubun,kishu_shisu,rotation,31,5124,66.31,14.55,61.19,False
KEIBAJO_SURFACE_09_ダ,hizume_code+kyakushitsu+kakutoku_shokin_ruikei,hizume_code,kyakushitsu,kakutoku_shokin_ruikei,7,1926,64.91,5.03,61.18,False
KEIBAJO_SURFACE_09_ダ,pace_yoso+omo_tekisei_code+kakutoku_shokin_ruikei,pace_yoso,omo_tekisei_code,kakutoku_shokin_ruikei,9,3519,64.96,5.83,61.15,False
KEIBAJO_SURFACE_09_ダ,ichi_shisu_juni+manken_shisu+umakigo_code,ichi_shisu_juni,manken_shisu,umakigo_code,14,1627,65.72,8.79,61.11,False
KEIBAJO_SURFACE_09_ダ,ten_shisu+joshodo_code+ten_shisu_juni,ten_shisu,joshodo_code,ten_shisu_juni,5,770,70.52,10.73,61.11,False
KEIBAJO_SURFACE_09_ダ,pace_yoso+kishu_shisu+ichi_shisu_juni,pace_yoso,kishu_shisu,ichi_shisu_juni,38,5807,64.86,12.08,61.02,False
KEIBAJO_SURFACE_09_ダ,ichi_shisu+ichi_shisu_juni+joshodo_code,ichi_shisu,ichi_shisu_juni,joshodo_code,5,2192,67.8,7.83,60.94,False
KEIBAJO_SURFACE_09_ダ,ichi_shisu+joken_class_code+uma_start_shisu,ichi_shisu,joken_class_code,uma_start_shisu,6,839,70.8,12.36,60.92,False
KEIBAJO_SURFACE_09_ダ,omo_tekisei_code+uma_deokure_ritsu+kakutoku_shokin_ruikei,omo_tekisei_code,uma_deokure_ritsu,kakutoku_shokin_ruikei,10,3202,67.24,10.25,60.89,False
KEIBAJO_SURFACE_09_ダ,ichi_shisu+joken_class_code+umakigo_code,ichi_shisu,joken_class_code,umakigo_code,13,4382,67.5,12.18,60.88,False
KEIBAJO_SURFACE_09_ダ,pace_yoso+manken_shisu+kakutoku_shokin_ruikei,pace_yoso,manken_shisu,kakutoku_shokin_ruikei,14,1826,64.88,7.68,60.85,False
KEIBAJO_SURFACE_09_ダ,ichi_shisu+pace_yoso+kishu_shisu,ichi_shisu,pace_yoso,kishu_shisu,4,808,68.29,7.62,60.82,False
KEIBAJO_SURFACE_09_ダ,kishu_shisu+joho_shisu+umakigo_code,kishu_shisu,joho_shisu,umakigo_code,16,9870,66.52,11.83,60.72,False
KEIBAJO_SURFACE_09_ダ,ichi_shisu+joken_class_code+joshodo_code,ichi_shisu,joken_class_code,joshodo_code,16,4551,66.48,11.84,60.68,False
KEIBAJO_SURFACE_09_ダ,pace_yoso+kakutoku_shokin_ruikei+class_code,pace_yoso,kakutoku_shokin_ruikei,class_code,11,3827,69.72,15.45,60.59,False
KEIBAJO_SURFACE_09_ダ,kyori_kubun+joho_shisu+joken_class_code,kyori_kubun,joho_shisu,joken_class_code,33,11711,64.07,10.2,60.59,False
KEIBAJO_SURFACE_09_ダ,kyori_kubun+joken_class_code+kakutoku_shokin_ruikei,kyori_kubun,joken_class_code,kakutoku_shokin_ruikei,10,6396,67.19,10.75,60.53,False
KEIBAJO_SURFACE_09_ダ,ichi_shisu+uma_deokure_ritsu+uma_start_shisu,ichi_shisu,uma_deokure_ritsu,uma_start_shisu,7,1069,67.64,9.68,60.47,False
KEIBAJO_SURFACE_09_ダ,manken_shirushi+kishu_shisu+joho_shisu,manken_shirushi,kishu_shisu,joho_shisu,12,1935,67.87,13.11,60.45,False
KEIBAJO_SURFACE_09_ダ,ichi_shisu+umakigo_code+ten_shisu_juni,ichi_shisu,umakigo_code,ten_shisu_juni,10,2167,66.82,10.38,60.39,False
KEIBAJO_SURFACE_09_ダ,kyori_kubun+ichi_shisu+ten_shisu_juni,kyori_kubun,ichi_shisu,ten_shisu_juni,8,993,69.32,12.91,60.38,False
KEIBAJO_SURFACE_09_ダ,kyori_kubun+kakutoku_shokin_ruikei+ten_shisu_juni,kyori_kubun,kakutoku_shokin_ruikei,ten_shisu_juni,23,3752,66.65,15.5,60.31,False
KEIBAJO_SURFACE_09_ダ,ichi_shisu+hizume_code+umakigo_code,ichi_shisu,hizume_code,umakigo_code,6,770,70.63,12.94,60.28,False
KEIBAJO_SURFACE_09_ダ,ichi_shisu+pace_shisu+kakutoku_shokin_ruikei,ichi_shisu,pace_shisu,kakutoku_shokin_ruikei,6,2321,69.15,11.09,60.27,False
KEIBAJO_SURFACE_09_ダ,ichi_shisu+agari_shisu+kyakushitsu,ichi_shisu,agari_shisu,kyakushitsu,6,2306,69.55,11.59,60.27,False
KEIBAJO_SURFACE_09_ダ,agari_shisu+kyakushitsu+kakutoku_shokin_ruikei,agari_shisu,kyakushitsu,kakutoku_shokin_ruikei,6,2306,69.55,11.59,60.27,False
KEIBAJO_SURFACE_09_ダ,pace_yoso+joho_shisu+class_code,pace_yoso,joho_shisu,class_code,21,9087,65.93,13.22,60.27,False
KEIBAJO_SURFACE_09_ダ,ichi_shisu+agari_shisu+joshodo_code,ichi_shisu,agari_shisu,joshodo_code,6,2112,69.43,11.46,60.26,False
KEIBAJO_SURFACE_09_ダ,agari_shisu+kakutoku_shokin_ruikei+joshodo_code,agari_shisu,kakutoku_shokin_ruikei,joshodo_code,6,2112,69.43,11.46,60.26,False
KEIBAJO_SURFACE_09_ダ,pace_shisu+joken_class_code+kyakushitsu,pace_shisu,joken_class_code,kyakushitsu,6,2304,69.85,12.02,60.23,False
KEIBAJO_SURFACE_09_ダ,pace_shisu+agari_shisu+kyakushitsu,pace_shisu,agari_shisu,kyakushitsu,6,2304,69.85,12.02,60.23,False
KEIBAJO_SURFACE_09_ダ,joken_class_code+agari_shisu+kyakushitsu,joken_class_code,agari_shisu,kyakushitsu,6,2304,69.85,12.02,60.23,False
KEIBAJO_SURFACE_09_ダ,joho_shisu+ichi_shisu_juni+ten_shisu_juni,joho_shisu,ichi_shisu_juni,ten_shisu_juni,5,739,69.45,10.54,60.21,False
KEIBAJO_SURFACE_09_ダ,agari_shisu+kyakushitsu+joshodo_code,agari_shisu,kyakushitsu,joshodo_code,6,2103,69.56,11.73,60.18,False
KEIBAJO_SURFACE_09_ダ,ichi_shisu+pace_shisu+agari_shisu,ichi_shisu,pace_shisu,agari_shisu,6,2307,69.8,12.04,60.17,False
KEIBAJO_SURFACE_09_ダ,omo_tekisei_code+kishu_shisu+rotation,omo_tekisei_code,kishu_shisu,rotation,29,4698,65.57,14.88,60.16,False
KEIBAJO_SURFACE_09_ダ,pace_shisu+joken_class_code+joshodo_code,pace_shisu,joken_class_code,joshodo_code,6,2101,69.9,12.19,60.15,False
KEIBAJO_SURFACE_09_ダ,joken_class_code+agari_shisu+joshodo_code,joken_class_code,agari_shisu,joshodo_code,6,2101,69.9,12.19,60.15,False
KEIBAJO_SURFACE_09_ダ,ichi_shisu+pace_shisu+kyakushitsu,ichi_shisu,pace_shisu,kyakushitsu,6,2305,69.81,12.07,60.15,False
KEIBAJO_SURFACE_09_ダ,pace_shisu+agari_shisu+joshodo_code,pace_shisu,agari_shisu,joshodo_code,6,2101,69.9,12.19,60.15,False
KEIBAJO_SURFACE_09_ダ,pace_shisu+kyakushitsu+kakutoku_shokin_ruikei,pace_shisu,kyakushitsu,kakutoku_shokin_ruikei,6,2305,69.81,12.07,60.15,False
KEIBAJO_SURFACE_09_ダ,joho_shisu+joken_class_code+uma_start_shisu,joho_shisu,joken_class_code,uma_start_shisu,23,5860,66.59,15.81,60.13,False
KEIBAJO_SURFACE_09_ダ,kishu_shisu+joken_class_code+uma_deokure_ritsu,kishu_shisu,joken_class_code,uma_deokure_ritsu,35,6684,65.51,16.24,60.13,False
KEIBAJO_SURFACE_09_ダ,agari_shisu+kyakushitsu+umakigo_code,agari_shisu,kyakushitsu,umakigo_code,6,2209,68.4,10.34,60.12,False
KEIBAJO_SURFACE_09_ダ,pace_shisu+kyakushitsu+umakigo_code,pace_shisu,kyakushitsu,umakigo_code,6,2209,68.4,10.34,60.12,False
KEIBAJO_SURFACE_09_ダ,ichi_shisu+pace_shisu+joshodo_code,ichi_shisu,pace_shisu,joshodo_code,6,2108,69.75,12.05,60.1,False
KEIBAJO_SURFACE_09_ダ,pace_shisu+kakutoku_shokin_ruikei+joshodo_code,pace_shisu,kakutoku_shokin_ruikei,joshodo_code,6,2108,69.75,12.05,60.1,False
KEIBAJO_SURFACE_09_ダ,pace_shisu+agari_shisu+kakutoku_shokin_ruikei,pace_shisu,agari_shisu,kakutoku_shokin_ruikei,6,2313,69.72,12.04,60.09,False
KEIBAJO_SURFACE_09_ダ,pace_shisu+joken_class_code+agari_shisu,pace_shisu,joken_class_code,agari_shisu,6,2313,69.72,12.04,60.09,False
KEIBAJO_SURFACE_09_ダ,ichi_shisu+agari_shisu+kakutoku_shokin_ruikei,ichi_shisu,agari_shisu,kakutoku_shokin_ruikei,6,2328,69.36,11.59,60.09,False
KEIBAJO_SURFACE_09_ダ,omo_tekisei_code+manken_shirushi+joho_shisu,omo_tekisei_code,manken_shirushi,joho_shisu,24,4386,64.69,11.54,60.07,False
KEIBAJO_SURFACE_09_ダ,pace_shisu+kyakushitsu+joshodo_code,pace_shisu,kyakushitsu,joshodo_code,6,2102,69.85,12.25,60.05,False
KEIBAJO_SURFACE_09_ダ,kyori_kubun+manken_shirushi+joho_shisu,kyori_kubun,manken_shirushi,joho_shisu,24,4758,64.55,11.25,60.05,False
KEIBAJO_SURFACE_09_ダ,kishu_shisu+joho_shisu+kyakushitsu,kishu_shisu,joho_shisu,kyakushitsu,28,8218,65.34,14.33,60.04,False
KEIBAJO_SURFACE_09_ダ,ichi_shisu+pace_shisu+joken_class_code,ichi_shisu,pace_shisu,joken_class_code,6,2316,69.49,11.86,60.0,False
KEIBAJO_SURFACE_09_ダ,pace_shisu+agari_shisu+umakigo_code,pace_shisu,agari_shisu,umakigo_code,6,2218,68.27,10.36,59.97,False
KEIBAJO_SURFACE_09_ダ,uma_deokure_ritsu+manken_shisu+class_code,uma_deokure_ritsu,manken_shisu,class_code,4,435,70.98,11.36,59.85,False
KEIBAJO_SURFACE_09_ダ,omo_tekisei_code+kishu_shisu+uma_deokure_ritsu,omo_tekisei_code,kishu_shisu,uma_deokure_ritsu,31,5910,65.81,16.97,59.84,False
KEIBAJO_SURFACE_09_ダ,ichi_shisu_juni+kakutoku_shokin_ruikei+joshodo_code,ichi_shisu_juni,kakutoku_shokin_ruikei,joshodo_code,17,4942,63.17,7.03,59.83,False
KEIBAJO_SURFACE_09_ダ,kishu_shisu+ichi_shisu_juni+kyakushitsu,kishu_shisu,ichi_shisu_juni,kyakushitsu,30,3743,65.28,15.23,59.83,False
KEIBAJO_SURFACE_09_ダ,pace_shisu+joken_class_code+umakigo_code,pace_shisu,joken_class_code,umakigo_code,6,2587,69.31,11.87,59.81,False
KEIBAJO_SURFACE_09_ダ,ichi_shisu+pace_shisu+umakigo_code,ichi_shisu,pace_shisu,umakigo_code,6,2224,67.98,10.21,59.81,False
KEIBAJO_SURFACE_09_ダ,ichi_shisu+joken_class_code+agari_shisu,ichi_shisu,joken_class_code,agari_shisu,6,2313,69.53,12.19,59.78,False
KEIBAJO_SURFACE_09_ダ,kyori_kubun+manken_shisu+kakutoku_shokin_ruikei,kyori_kubun,manken_shisu,kakutoku_shokin_ruikei,4,420,67.72,8.14,59.74,False
KEIBAJO_SURFACE_09_ダ,omo_tekisei_code+joho_shisu+class_code,omo_tekisei_code,joho_shisu,class_code,22,8598,65.26,13.26,59.71,False
KEIBAJO_SURFACE_09_ダ,joken_class_code+ichi_shisu_juni+manken_shisu,joken_class_code,ichi_shisu_juni,manken_shisu,8,868,65.94,9.02,59.69,False
KEIBAJO_SURFACE_09_ダ,ten_shisu+joken_class_code+umakigo_code,ten_shisu,joken_class_code,umakigo_code,9,2639,68.07,12.85,59.67,False
KEIBAJO_SURFACE_09_ダ,ichi_shisu+agari_shisu+umakigo_code,ichi_shisu,agari_shisu,umakigo_code,6,2220,68.03,10.52,59.62,False
KEIBAJO_SURFACE_09_ダ,kyori_kubun+kakutoku_shokin_ruikei+umakigo_code,kyori_kubun,kakutoku_shokin_ruikei,umakigo_code,10,6206,66.75,11.53,59.6,False
KEIBAJO_SURFACE_09_ダ,ichi_shisu+manken_shisu+joshodo_code,ichi_shisu,manken_shisu,joshodo_code,6,612,62.96,4.22,59.58,False
KEIBAJO_SURFACE_09_ダ,kishu_shisu+joshodo_code+ten_shisu_juni,kishu_shisu,joshodo_code,ten_shisu_juni,52,8955,64.74,19.19,59.53,False
KEIBAJO_SURFACE_09_ダ,manken_shirushi+kakutoku_shokin_ruikei+class_code,manken_shirushi,kakutoku_shokin_ruikei,class_code,10,1227,65.84,10.18,59.53,False
KEIBAJO_SURFACE_09_ダ,joho_shisu+uma_start_shisu+kyakushitsu,joho_shisu,uma_start_shisu,kyakushitsu,28,6879,65.54,16.42,59.46,False
KEIBAJO_SURFACE_09_ダ,pace_yoso+joho_shisu+agari_shisu,pace_yoso,joho_shisu,agari_shisu,3,828,64.39,4.37,59.45,False
KEIBAJO_SURFACE_09_ダ,joho_shisu+kyakushitsu+ten_shisu_juni,joho_shisu,kyakushitsu,ten_shisu_juni,39,7243,63.49,12.95,59.43,False
KEIBAJO_SURFACE_09_ダ,pace_yoso+joho_shisu+uma_deokure_ritsu,pace_yoso,joho_shisu,uma_deokure_ritsu,27,6500,64.95,14.79,59.37,False
KEIBAJO_SURFACE_09_ダ,ichi_shisu_juni+kyakushitsu+kakutoku_shokin_ruikei,ichi_shisu_juni,kyakushitsu,kakutoku_shokin_ruikei,15,3410,65.33,11.8,59.35,False
KEIBAJO_SURFACE_09_ダ,pace_shisu+joken_class_code+ten_shisu_juni,pace_shisu,joken_class_code,ten_shisu_juni,10,1457,66.18,11.05,59.33,False
KEIBAJO_SURFACE_09_ダ,omo_tekisei_code+joho_shisu+hizume_code,omo_tekisei_code,joho_shisu,hizume_code,27,8268,64.25,13.06,59.33,False
KEIBAJO_SURFACE_09_ダ,omo_tekisei_code+kishu_shisu+joho_shisu,omo_tekisei_code,kishu_shisu,joho_shisu,27,8411,65.86,17.61,59.22,False
KEIBAJO_SURFACE_09_ダ,kishu_shisu+rotation+kyakushitsu,kishu_shisu,rotation,kyakushitsu,25,3866,65.59,16.36,59.17,False
KEIBAJO_SURFACE_09_ダ,kakutoku_shokin_ruikei+joshodo_code+ten_shisu_juni,kakutoku_shokin_ruikei,joshodo_code,ten_shisu_juni,26,5213,63.8,12.11,59.14,False
KEIBAJO_SURFACE_09_ダ,kyori_kubun+omo_tekisei_code+kakutoku_shokin_ruikei,kyori_kubun,omo_tekisei_code,kakutoku_shokin_ruikei,8,3383,64.85,8.25,59.14,False
KEIBAJO_SURFACE_09_ダ,pace_shisu+umakigo_code+ten_shisu_juni,pace_shisu,umakigo_code,ten_shisu_juni,9,1307,66.0,10.51,59.13,False
KEIBAJO_SURFACE_09_ダ,joken_class_code+manken_shisu+kakutoku_shokin_ruikei,joken_class_code,manken_shisu,kakutoku_shokin_ruikei,26,4233,63.85,12.3,59.12,False
KEIBAJO_SURFACE_09_ダ,kyakushitsu+kakutoku_shokin_ruikei+umakigo_code,kyakushitsu,kakutoku_shokin_ruikei,umakigo_code,10,5847,67.01,12.79,59.08,False
KEIBAJO_SURFACE_09_ダ,joken_class_code+agari_shisu+ten_shisu_juni,joken_class_code,agari_shisu,ten_shisu_juni,9,1320,65.94,10.58,59.03,False
KEIBAJO_SURFACE_09_ダ,kyori_kubun+omo_tekisei_code+joho_shisu,kyori_kubun,omo_tekisei_code,joho_shisu,21,10125,63.43,10.38,58.99,False
KEIBAJO_SURFACE_09_ダ,pace_yoso+nyukyu_nannichimae+kakutoku_shokin_ruikei,pace_yoso,nyukyu_nannichimae,kakutoku_shokin_ruikei,5,569,79.08,23.04,58.88,False
KEIBAJO_SURFACE_09_ダ,ten_shisu+joken_class_code+kakutoku_shokin_ruikei,ten_shisu,joken_class_code,kakutoku_shokin_ruikei,8,2360,68.34,13.79,58.78,False
KEIBAJO_SURFACE_09_ダ,manken_shirushi+joho_shisu+uma_start_shisu,manken_shirushi,joho_shisu,uma_start_shisu,8,1534,66.91,11.76,58.76,False
KEIBAJO_SURFACE_09_ダ,pace_yoso+kishu_shisu+rotation,pace_yoso,kishu_shisu,rotation,39,7085,64.14,17.12,58.76,False
KEIBAJO_SURFACE_09_ダ,agari_shisu+umakigo_code+ten_shisu_juni,agari_shisu,umakigo_code,ten_shisu_juni,7,1077,66.48,10.44,58.75,False
KEIBAJO_SURFACE_09_ダ,joken_class_code+agari_shisu+umakigo_code,joken_class_code,agari_shisu,umakigo_code,6,2459,67.37,10.79,58.74,False
KEIBAJO_SURFACE_09_ダ,joho_shisu+uma_start_shisu+ichi_shisu_juni,joho_shisu,uma_start_shisu,ichi_shisu_juni,13,2564,64.17,10.08,58.69,False
KEIBAJO_SURFACE_09_ダ,omo_tekisei_code+uma_start_shisu+kakutoku_shokin_ruikei,omo_tekisei_code,uma_start_shisu,kakutoku_shokin_ruikei,8,2398,67.0,12.06,58.64,False
KEIBAJO_SURFACE_09_ダ,kyori_kubun+joho_shisu+uma_start_shisu,kyori_kubun,joho_shisu,uma_start_shisu,26,6865,64.42,15.05,58.64,False
KEIBAJO_SURFACE_09_ダ,pace_shisu+joken_class_code+kakutoku_shokin_ruikei,pace_shisu,joken_class_code,kakutoku_shokin_ruikei,6,2419,67.54,11.15,58.62,False
KEIBAJO_SURFACE_09_ダ,pace_yoso+kishu_shisu+joho_shisu,pace_yoso,kishu_shisu,joho_shisu,23,9708,62.69,9.95,58.62,False
KEIBAJO_SURFACE_09_ダ,joken_class_code+agari_shisu+kakutoku_shokin_ruikei,joken_class_code,agari_shisu,kakutoku_shokin_ruikei,6,2405,68.19,11.97,58.61,False
KEIBAJO_SURFACE_09_ダ,ichi_shisu+joken_class_code+uma_deokure_ritsu,ichi_shisu,joken_class_code,uma_deokure_ritsu,8,1184,66.24,11.01,58.61,False
KEIBAJO_SURFACE_09_ダ,omo_tekisei_code+kishu_shisu+ten_shisu_juni,omo_tekisei_code,kishu_shisu,ten_shisu_juni,5,537,66.51,9.03,58.59,False
KEIBAJO_SURFACE_09_ダ,ichi_shisu+kyakushitsu+ten_shisu_juni,ichi_shisu,kyakushitsu,ten_shisu_juni,10,2097,66.09,12.11,58.58,False
KEIBAJO_SURFACE_09_ダ,joho_shisu+nyukyu_nannichimae+umakigo_code,joho_shisu,nyukyu_nannichimae,umakigo_code,16,2950,65.51,14.14,58.58,False
KEIBAJO_SURFACE_09_ダ,kyori_kubun+pace_yoso+kakutoku_shokin_ruikei,kyori_kubun,pace_yoso,kakutoku_shokin_ruikei,9,5671,62.09,5.42,58.55,False
KEIBAJO_SURFACE_09_ダ,uma_start_shisu+kakutoku_shokin_ruikei+ten_shisu_juni,uma_start_shisu,kakutoku_shokin_ruikei,ten_shisu_juni,10,1133,65.28,10.97,58.48,False
KEIBAJO_SURFACE_09_ダ,pace_shisu+kakutoku_shokin_ruikei+ten_shisu_juni,pace_shisu,kakutoku_shokin_ruikei,ten_shisu_juni,9,1312,65.32,10.47,58.48,False
KEIBAJO_SURFACE_09_ダ,ichi_shisu+joshodo_code+ten_shisu_juni,ichi_shisu,joshodo_code,ten_shisu_juni,10,1925,67.63,14.79,58.46,False
KEIBAJO_SURFACE_09_ダ,joho_shisu+hizume_code+kyakushitsu,joho_shisu,hizume_code,kyakushitsu,28,7655,63.3,13.05,58.46,False
KEIBAJO_SURFACE_09_ダ,uma_start_shisu+ichi_shisu_juni+kakutoku_shokin_ruikei,uma_start_shisu,ichi_shisu_juni,kakutoku_shokin_ruikei,9,1215,64.09,8.65,58.44,False
KEIBAJO_SURFACE_09_ダ,kishu_shisu+kakutoku_shokin_ruikei+joshodo_code,kishu_shisu,kakutoku_shokin_ruikei,joshodo_code,14,3767,65.37,13.25,58.43,False
KEIBAJO_SURFACE_09_ダ,agari_shisu+kakutoku_shokin_ruikei+umakigo_code,agari_shisu,kakutoku_shokin_ruikei,umakigo_code,6,2307,66.8,10.5,58.4,False
KEIBAJO_SURFACE_09_ダ,ten_shisu+ichi_shisu_juni+ten_shisu_juni,ten_shisu,ichi_shisu_juni,ten_shisu_juni,4,676,70.25,12.09,58.4,False
KEIBAJO_SURFACE_09_ダ,ten_shisu+pace_yoso+ten_shisu_juni,ten_shisu,pace_yoso,ten_shisu_juni,5,742,70.47,13.8,58.37,False
KEIBAJO_SURFACE_09_ダ,kyori_kubun+joho_shisu+ichi_shisu_juni,kyori_kubun,joho_shisu,ichi_shisu_juni,46,8694,62.46,14.19,58.36,False
KEIBAJO_SURFACE_09_ダ,manken_shirushi+joho_shisu+kyakushitsu,manken_shirushi,joho_shisu,kyakushitsu,24,3952,63.68,13.32,58.35,False
KEIBAJO_SURFACE_09_ダ,uma_start_shisu+kakutoku_shokin_ruikei+joshodo_code,uma_start_shisu,kakutoku_shokin_ruikei,joshodo_code,10,3231,66.18,12.67,58.33,False
KEIBAJO_SURFACE_09_ダ,ichi_shisu+pace_shisu+ten_shisu_juni,ichi_shisu,pace_shisu,ten_shisu_juni,8,1203,66.24,11.47,58.29,False
KEIBAJO_SURFACE_09_ダ,pace_shisu+kakutoku_shokin_ruikei+umakigo_code,pace_shisu,kakutoku_shokin_ruikei,umakigo_code,6,2322,66.26,9.97,58.28,False
KEIBAJO_SURFACE_09_ダ,manken_shirushi+joho_shisu+joken_class_code,manken_shirushi,joho_shisu,joken_class_code,21,3887,65.16,16.12,58.27,False
KEIBAJO_SURFACE_09_ダ,kishu_shisu+joho_shisu+joken_class_code,kishu_shisu,joho_shisu,joken_class_code,30,8823,65.98,21.59,58.26,False
KEIBAJO_SURFACE_09_ダ,uma_start_shisu+kyakushitsu+kakutoku_shokin_ruikei,uma_start_shisu,kyakushitsu,kakutoku_shokin_ruikei,7,2158,62.55,5.85,58.22,False
KEIBAJO_SURFACE_09_ダ,kyori_kubun+joho_shisu+rotation,kyori_kubun,joho_shisu,rotation,26,6138,63.45,13.66,58.2,False
KEIBAJO_SURFACE_09_ダ,joho_shisu+kyakushitsu+class_code,joho_shisu,kyakushitsu,class_code,29,8243,64.3,16.82,58.17,False
KEIBAJO_SURFACE_09_ダ,ten_shisu+kakutoku_shokin_ruikei+ten_shisu_juni,ten_shisu,kakutoku_shokin_ruikei,ten_shisu_juni,6,950,67.31,11.48,58.13,False
KEIBAJO_SURFACE_09_ダ,omo_tekisei_code+joho_shisu+ichi_shisu_juni,omo_tekisei_code,joho_shisu,ichi_shisu_juni,44,7571,62.19,13.73,58.13,False
KEIBAJO_SURFACE_09_ダ,omo_tekisei_code+kyakushitsu+kakutoku_shokin_ruikei,omo_tekisei_code,kyakushitsu,kakutoku_shokin_ruikei,9,3320,63.37,8.1,58.08,False
KEIBAJO_SURFACE_09_ダ,pace_yoso+joho_shisu+uma_start_shisu,pace_yoso,joho_shisu,uma_start_shisu,35,8760,63.15,15.35,58.06,False
KEIBAJO_SURFACE_09_ダ,pace_yoso+joho_shisu+hizume_code,pace_yoso,joho_shisu,hizume_code,22,8433,63.95,14.09,58.06,False
KEIBAJO_SURFACE_09_ダ,ten_shisu+ichi_shisu+ten_shisu_juni,ten_shisu,ichi_shisu,ten_shisu_juni,5,844,68.85,12.32,58.05,False
KEIBAJO_SURFACE_09_ダ,joho_shisu+hizume_code+ten_shisu_juni,joho_shisu,hizume_code,ten_shisu_juni,25,3501,62.93,12.59,58.0,False
KEIBAJO_SURFACE_09_ダ,agari_shisu+kakutoku_shokin_ruikei+ten_shisu_juni,agari_shisu,kakutoku_shokin_ruikei,ten_shisu_juni,8,1201,65.76,11.31,57.92,False
KEIBAJO_SURFACE_09_ダ,joken_class_code+uma_start_shisu+kakutoku_shokin_ruikei,joken_class_code,uma_start_shisu,kakutoku_shokin_ruikei,10,3166,66.31,13.59,57.89,False
KEIBAJO_SURFACE_09_ダ,joho_shisu+joken_class_code+kyakushitsu,joho_shisu,joken_class_code,kyakushitsu,27,10246,62.84,13.19,57.87,False
KEIBAJO_SURFACE_09_ダ,uma_deokure_ritsu+ichi_shisu_juni+kakutoku_shokin_ruikei,uma_deokure_ritsu,ichi_shisu_juni,kakutoku_shokin_ruikei,9,1369,61.21,5.21,57.81,False
KEIBAJO_SURFACE_09_ダ,kishu_shisu+joken_class_code+ichi_shisu_juni,kishu_shisu,joken_class_code,ichi_shisu_juni,22,2954,63.35,13.28,57.81,False
KEIBAJO_SURFACE_09_ダ,kishu_shisu+kakutoku_shokin_ruikei+umakigo_code,kishu_shisu,kakutoku_shokin_ruikei,umakigo_code,14,4713,62.74,9.41,57.81,False
KEIBAJO_SURFACE_09_ダ,agari_shisu+kyakushitsu+ten_shisu_juni,agari_shisu,kyakushitsu,ten_shisu_juni,7,1096,66.55,11.85,57.77,False
KEIBAJO_SURFACE_09_ダ,joho_shisu+rotation+class_code,joho_shisu,rotation,class_code,16,3666,62.74,10.18,57.75,False
KEIBAJO_SURFACE_09_ダ,ichi_shisu+joken_class_code+ten_shisu_juni,ichi_shisu,joken_class_code,ten_shisu_juni,10,2199,66.12,13.5,57.75,False
KEIBAJO_SURFACE_09_ダ,pace_shisu+agari_shisu+ten_shisu_juni,pace_shisu,agari_shisu,ten_shisu_juni,7,1097,66.45,11.77,57.74,False
KEIBAJO_SURFACE_09_ダ,kyori_kubun+hizume_code+kakutoku_shokin_ruikei,kyori_kubun,hizume_code,kakutoku_shokin_ruikei,7,2121,62.93,7.01,57.74,False
KEIBAJO_SURFACE_09_ダ,ichi_shisu+agari_shisu+ten_shisu_juni,ichi_shisu,agari_shisu,ten_shisu_juni,7,1097,66.45,11.77,57.74,False
KEIBAJO_SURFACE_09_ダ,ichi_shisu+kishu_shisu+ichi_shisu_juni,ichi_shisu,kishu_shisu,ichi_shisu_juni,4,650,67.67,10.14,57.73,False
KEIBAJO_SURFACE_09_ダ,kyori_kubun+ichi_shisu_juni+kakutoku_shokin_ruikei,kyori_kubun,ichi_shisu_juni,kakutoku_shokin_ruikei,14,3529,63.56,11.23,57.68,False
KEIBAJO_SURFACE_09_ダ,ten_shisu+ichi_shisu_juni+joshodo_code,ten_shisu,ichi_shisu_juni,joshodo_code,5,1338,69.31,13.39,57.57,False
KEIBAJO_SURFACE_09_ダ,pace_yoso+pace_shisu+joshodo_code,pace_yoso,pace_shisu,joshodo_code,10,2143,67.48,16.01,57.56,False
KEIBAJO_SURFACE_09_ダ,kishu_shisu+joken_class_code+kakutoku_shokin_ruikei,kishu_shisu,joken_class_code,kakutoku_shokin_ruikei,15,4925,62.82,10.44,57.54,False
KEIBAJO_SURFACE_09_ダ,ten_shisu+agari_shisu+ten_shisu_juni,ten_shisu,agari_shisu,ten_shisu_juni,5,810,69.01,13.08,57.54,False
KEIBAJO_SURFACE_09_ダ,pace_shisu+kyakushitsu+ten_shisu_juni,pace_shisu,kyakushitsu,ten_shisu_juni,7,1097,66.43,12.04,57.51,False
KEIBAJO_SURFACE_09_ダ,joho_shisu+rotation+uma_start_shisu,joho_shisu,rotation,uma_start_shisu,14,2658,64.89,14.18,57.47,False
KEIBAJO_SURFACE_09_ダ,omo_tekisei_code+joho_shisu+ten_shisu_juni,omo_tekisei_code,joho_shisu,ten_shisu_juni,43,7503,62.31,16.27,57.45,False
KEIBAJO_SURFACE_09_ダ,joken_class_code+gekiso_shisu+umakigo_code,joken_class_code,gekiso_shisu,umakigo_code,17,1822,61.44,8.42,57.44,False
KEIBAJO_SURFACE_09_ダ,ichi_shisu+kakutoku_shokin_ruikei+ten_shisu_juni,ichi_shisu,kakutoku_shokin_ruikei,ten_shisu_juni,10,2166,65.72,13.42,57.41,False
KEIBAJO_SURFACE_09_ダ,pace_yoso+joho_shisu+rotation,pace_yoso,joho_shisu,rotation,23,6806,62.67,13.01,57.36,False
KEIBAJO_SURFACE_09_ダ,ten_shisu+kyakushitsu+ten_shisu_juni,ten_shisu,kyakushitsu,ten_shisu_juni,5,842,68.63,12.86,57.36,False
KEIBAJO_SURFACE_09_ダ,pace_yoso+joken_class_code+agari_shisu,pace_yoso,joken_class_code,agari_shisu,7,2090,67.19,13.3,57.34,False
KEIBAJO_SURFACE_09_ダ,joho_shisu+joken_class_code+uma_deokure_ritsu,joho_shisu,joken_class_code,uma_deokure_ritsu,19,4942,63.89,14.58,57.34,False
KEIBAJO_SURFACE_09_ダ,kyori_kubun+joho_shisu+class_code,kyori_kubun,joho_shisu,class_code,26,8557,63.32,15.69,57.29,False
KEIBAJO_SURFACE_09_ダ,joho_shisu+ichi_shisu_juni+kyakushitsu,joho_shisu,ichi_shisu_juni,kyakushitsu,33,7634,60.85,10.45,57.28,False
KEIBAJO_SURFACE_09_ダ,ten_shisu+ichi_shisu_juni+umakigo_code,ten_shisu,ichi_shisu_juni,umakigo_code,5,1406,68.35,12.64,57.27,False
KEIBAJO_SURFACE_09_ダ,joken_class_code+ichi_shisu_juni+kakutoku_shokin_ruikei,joken_class_code,ichi_shisu_juni,kakutoku_shokin_ruikei,16,5494,61.04,7.97,57.13,False
KEIBAJO_SURFACE_09_ダ,joho_shisu+joken_class_code+ichi_shisu_juni,joho_shisu,joken_class_code,ichi_shisu_juni,36,6773,61.82,14.37,57.13,False
KEIBAJO_SURFACE_09_ダ,joho_shisu+ichi_shisu_juni+joshodo_code,joho_shisu,ichi_shisu_juni,joshodo_code,29,9788,60.77,10.11,57.1,False
KEIBAJO_SURFACE_09_ダ,pace_yoso+kishu_shisu+ten_shisu_juni,pace_yoso,kishu_shisu,ten_shisu_juni,38,5574,65.11,25.39,57.04,False
KEIBAJO_SURFACE_09_ダ,omo_tekisei_code+kakutoku_shokin_ruikei+class_code,omo_tekisei_code,kakutoku_shokin_ruikei,class_code,9,3722,67.99,16.77,57.04,False
KEIBAJO_SURFACE_09_ダ,joho_shisu+ichi_shisu_juni+umakigo_code,joho_shisu,ichi_shisu_juni,umakigo_code,26,9426,61.04,10.41,57.04,False
KEIBAJO_SURFACE_09_ダ,joho_shisu+ichi_shisu_juni+class_code,joho_shisu,ichi_shisu_juni,class_code,29,3946,62.6,15.5,56.96,False
KEIBAJO_SURFACE_09_ダ,pace_shisu+ichi_shisu_juni+ten_shisu_juni,pace_shisu,ichi_shisu_juni,ten_shisu_juni,5,819,67.47,12.03,56.92,False
KEIBAJO_SURFACE_09_ダ,joho_shisu+joken_class_code+hizume_code,joho_shisu,joken_class_code,hizume_code,25,7016,62.13,13.31,56.91,False
KEIBAJO_SURFACE_09_ダ,kyori_kubun+kishu_shisu+joho_shisu,kyori_kubun,kishu_shisu,joho_shisu,28,9596,63.89,18.85,56.9,False
KEIBAJO_SURFACE_09_ダ,kyori_kubun+kyakushitsu+kakutoku_shokin_ruikei,kyori_kubun,kyakushitsu,kakutoku_shokin_ruikei,14,5578,61.36,8.56,56.88,False
KEIBAJO_SURFACE_09_ダ,ten_shisu+joken_class_code+kyakushitsu,ten_shisu,joken_class_code,kyakushitsu,7,2134,67.63,14.52,56.87,False
KEIBAJO_SURFACE_09_ダ,joho_shisu+agari_shisu+joshodo_code,joho_shisu,agari_shisu,joshodo_code,3,943,57.74,0.78,56.86,False
KEIBAJO_SURFACE_09_ダ,kyori_kubun+joho_shisu+ten_shisu_juni,kyori_kubun,joho_shisu,ten_shisu_juni,44,8464,62.57,19.31,56.86,False
KEIBAJO_SURFACE_09_ダ,ten_shisu+joho_shisu+joshodo_code,ten_shisu,joho_shisu,joshodo_code,3,941,57.87,0.92,56.83,False
KEIBAJO_SURFACE_09_ダ,ten_shisu+ichi_shisu_juni+kyakushitsu,ten_shisu,ichi_shisu_juni,kyakushitsu,5,1442,68.55,13.36,56.83,False
KEIBAJO_SURFACE_09_ダ,pace_shisu+joho_shisu+joshodo_code,pace_shisu,joho_shisu,joshodo_code,3,942,57.86,0.92,56.82,False
KEIBAJO_SURFACE_09_ダ,ten_shisu+pace_shisu+kyakushitsu,ten_shisu,pace_shisu,kyakushitsu,7,2065,67.51,14.43,56.82,False
KEIBAJO_SURFACE_09_ダ,ten_shisu+agari_shisu+kyakushitsu,ten_shisu,agari_shisu,kyakushitsu,7,2065,67.51,14.43,56.82,False
KEIBAJO_SURFACE_09_ダ,manken_shirushi+joho_shisu+class_code,manken_shirushi,joho_shisu,class_code,18,2646,65.29,18.39,56.79,False
KEIBAJO_SURFACE_09_ダ,joho_shisu+uma_start_shisu+hizume_code,joho_shisu,uma_start_shisu,hizume_code,19,4235,65.92,20.35,56.77,False
KEIBAJO_SURFACE_09_ダ,joho_shisu+nyukyu_nannichimae+joshodo_code,joho_shisu,nyukyu_nannichimae,joshodo_code,14,2676,65.31,16.29,56.77,False
KEIBAJO_SURFACE_09_ダ,ichi_shisu+joken_class_code+manken_shisu,ichi_shisu,joken_class_code,manken_shisu,10,1108,59.88,5.01,56.77,False
KEIBAJO_SURFACE_09_ダ,ten_shisu+pace_shisu+agari_shisu,ten_shisu,pace_shisu,agari_shisu,7,2066,67.47,14.48,56.74,False
KEIBAJO_SURFACE_09_ダ,ten_shisu+pace_shisu+kakutoku_shokin_ruikei,ten_shisu,pace_shisu,kakutoku_shokin_ruikei,7,2067,67.3,14.26,56.74,False
KEIBAJO_SURFACE_09_ダ,ten_shisu+ichi_shisu+umakigo_code,ten_shisu,ichi_shisu,umakigo_code,7,2069,66.15,12.7,56.74,False
KEIBAJO_SURFACE_09_ダ,ten_shisu+joken_class_code+agari_shisu,ten_shisu,joken_class_code,agari_shisu,7,2068,67.24,14.18,56.74,False
KEIBAJO_SURFACE_09_ダ,ten_shisu+joken_class_code+ichi_shisu_juni,ten_shisu,joken_class_code,ichi_shisu_juni,5,1463,68.33,13.22,56.74,False
KEIBAJO_SURFACE_09_ダ,ten_shisu+ichi_shisu+pace_shisu,ten_shisu,ichi_shisu,pace_shisu,7,2066,67.47,14.48,56.74,False
KEIBAJO_SURFACE_09_ダ,ten_shisu+agari_shisu+kakutoku_shokin_ruikei,ten_shisu,agari_shisu,kakutoku_shokin_ruikei,7,2068,67.45,14.47,56.73,False
KEIBAJO_SURFACE_09_ダ,ten_shisu+kyakushitsu+umakigo_code,ten_shisu,kyakushitsu,umakigo_code,7,2052,66.55,13.26,56.73,False
KEIBAJO_SURFACE_09_ダ,manken_shirushi+joho_shisu+hizume_code,manken_shirushi,joho_shisu,hizume_code,16,2290,64.78,16.44,56.73,False
KEIBAJO_SURFACE_09_ダ,ten_shisu+ichi_shisu+agari_shisu,ten_shisu,ichi_shisu,agari_shisu,7,2069,67.23,14.18,56.73,False
KEIBAJO_SURFACE_09_ダ,agari_shisu+ichi_shisu_juni+ten_shisu_juni,agari_shisu,ichi_shisu_juni,ten_shisu_juni,5,824,67.13,11.88,56.71,False
KEIBAJO_SURFACE_09_ダ,kishu_shisu+joho_shisu+joshodo_code,kishu_shisu,joho_shisu,joshodo_code,15,9442,64.86,16.14,56.7,False
KEIBAJO_SURFACE_09_ダ,ichi_shisu_juni+kakutoku_shokin_ruikei+umakigo_code,ichi_shisu_juni,kakutoku_shokin_ruikei,umakigo_code,16,5321,60.23,7.2,56.7,False
KEIBAJO_SURFACE_09_ダ,ten_shisu+pace_shisu+ichi_shisu_juni,ten_shisu,pace_shisu,ichi_shisu_juni,5,1387,68.54,13.52,56.69,False
KEIBAJO_SURFACE_09_ダ,ten_shisu+agari_shisu+ichi_shisu_juni,ten_shisu,agari_shisu,ichi_shisu_juni,5,1386,68.62,13.63,56.67,False
KEIBAJO_SURFACE_09_ダ,ten_shisu+ichi_shisu+ichi_shisu_juni,ten_shisu,ichi_shisu,ichi_shisu_juni,5,1443,68.45,13.46,56.65,False
KEIBAJO_SURFACE_09_ダ,ten_shisu+ichi_shisu+joken_class_code,ten_shisu,ichi_shisu,joken_class_code,7,2144,67.07,14.08,56.64,False
KEIBAJO_SURFACE_09_ダ,ten_shisu+kyakushitsu+kakutoku_shokin_ruikei,ten_shisu,kyakushitsu,kakutoku_shokin_ruikei,7,2136,67.38,14.5,56.63,False
KEIBAJO_SURFACE_09_ダ,ten_shisu+ichi_shisu+kyakushitsu,ten_shisu,ichi_shisu,kyakushitsu,7,2136,67.38,14.5,56.63,False
KEIBAJO_SURFACE_09_ダ,ten_shisu+pace_shisu+joken_class_code,ten_shisu,pace_shisu,joken_class_code,7,2070,67.23,14.33,56.61,False
KEIBAJO_SURFACE_09_ダ,ichi_shisu_juni+hizume_code+kakutoku_shokin_ruikei,ichi_shisu_juni,hizume_code,kakutoku_shokin_ruikei,4,430,68.78,12.43,56.6,False
KEIBAJO_SURFACE_09_ダ,ten_shisu+ichi_shisu_juni+kakutoku_shokin_ruikei,ten_shisu,ichi_shisu_juni,kakutoku_shokin_ruikei,5,1447,68.34,13.44,56.56,False
KEIBAJO_SURFACE_09_ダ,ichi_shisu+manken_shisu+kakutoku_shokin_ruikei,ichi_shisu,manken_shisu,kakutoku_shokin_ruikei,10,1109,60.11,5.74,56.55,False
KEIBAJO_SURFACE_09_ダ,pace_yoso+pace_shisu+joho_shisu,pace_yoso,pace_shisu,joho_shisu,3,841,66.29,8.61,56.55,False
KEIBAJO_SURFACE_09_ダ,ten_shisu+agari_shisu+umakigo_code,ten_shisu,agari_shisu,umakigo_code,7,1989,66.0,12.83,56.5,False
KEIBAJO_SURFACE_09_ダ,manken_shirushi+joho_shisu+umakigo_code,manken_shirushi,joho_shisu,umakigo_code,11,4736,61.29,8.1,56.5,False
KEIBAJO_SURFACE_09_ダ,manken_shisu+kakutoku_shokin_ruikei+umakigo_code,manken_shisu,kakutoku_shokin_ruikei,umakigo_code,24,3893,61.06,11.45,56.48,False
KEIBAJO_SURFACE_09_ダ,hizume_code+kakutoku_shokin_ruikei+joshodo_code,hizume_code,kakutoku_shokin_ruikei,joshodo_code,10,3275,65.62,14.74,56.48,False
KEIBAJO_SURFACE_09_ダ,ichi_shisu+hizume_code+joshodo_code,ichi_shisu,hizume_code,joshodo_code,8,1030,64.92,12.24,56.44,False
KEIBAJO_SURFACE_09_ダ,ten_shisu+pace_shisu+umakigo_code,ten_shisu,pace_shisu,umakigo_code,7,1993,65.84,12.73,56.41,False
KEIBAJO_SURFACE_09_ダ,pace_yoso+joho_shisu+ichi_shisu_juni,pace_yoso,joho_shisu,ichi_shisu_juni,35,8821,60.43,12.18,56.4,False
KEIBAJO_SURFACE_09_ダ,pace_yoso+pace_shisu+umakigo_code,pace_yoso,pace_shisu,umakigo_code,9,2325,67.17,16.53,56.37,False
KEIBAJO_SURFACE_09_ダ,ten_shisu+pace_shisu+joshodo_code,ten_shisu,pace_shisu,joshodo_code,7,1885,67.58,15.17,56.34,False
KEIBAJO_SURFACE_09_ダ,ten_shisu+agari_shisu+joshodo_code,ten_shisu,agari_shisu,joshodo_code,7,1887,67.56,15.14,56.34,False
KEIBAJO_SURFACE_09_ダ,ten_shisu+joken_class_code+joshodo_code,ten_shisu,joken_class_code,joshodo_code,7,1949,67.5,15.08,56.33,False
KEIBAJO_SURFACE_09_ダ,ten_shisu+pace_shisu+ten_shisu_juni,ten_shisu,pace_shisu,ten_shisu_juni,6,911,66.68,12.95,56.32,False
KEIBAJO_SURFACE_09_ダ,omo_tekisei_code+joho_shisu+uma_start_shisu,omo_tekisei_code,joho_shisu,uma_start_shisu,26,6726,62.02,14.82,56.32,False
KEIBAJO_SURFACE_09_ダ,kyori_kubun+joho_shisu+hizume_code,kyori_kubun,joho_shisu,hizume_code,26,8058,61.92,14.89,56.2,False
KEIBAJO_SURFACE_09_ダ,ten_shisu+pace_yoso+joshodo_code,ten_shisu,pace_yoso,joshodo_code,9,1809,67.83,17.89,56.14,False
KEIBAJO_SURFACE_09_ダ,ten_shisu+ichi_shisu+kakutoku_shokin_ruikei,ten_shisu,ichi_shisu,kakutoku_shokin_ruikei,7,2163,66.64,14.18,56.13,False
KEIBAJO_SURFACE_09_ダ,joho_shisu+joshodo_code+ten_shisu_juni,joho_shisu,joshodo_code,ten_shisu_juni,30,9506,62.46,17.69,56.13,False
KEIBAJO_SURFACE_09_ダ,ten_shisu+umakigo_code+ten_shisu_juni,ten_shisu,umakigo_code,ten_shisu_juni,6,930,65.35,11.55,56.11,False
KEIBAJO_SURFACE_09_ダ,kishu_shisu+ichi_shisu_juni+kakutoku_shokin_ruikei,kishu_shisu,ichi_shisu_juni,kakutoku_shokin_ruikei,5,859,66.11,11.5,56.03,False
KEIBAJO_SURFACE_09_ダ,ten_shisu+kyakushitsu+joshodo_code,ten_shisu,kyakushitsu,joshodo_code,7,1951,67.22,15.13,56.02,False
KEIBAJO_SURFACE_09_ダ,joho_shisu+ichi_shisu_juni+hizume_code,joho_shisu,ichi_shisu_juni,hizume_code,26,3602,62.66,17.36,55.99,False
KEIBAJO_SURFACE_09_ダ,ten_shisu+joken_class_code+ten_shisu_juni,ten_shisu,joken_class_code,ten_shisu_juni,6,964,66.06,12.62,55.97,False
KEIBAJO_SURFACE_09_ダ,joken_class_code+nyukyu_nannichimae+kyakushitsu,joken_class_code,nyukyu_nannichimae,kyakushitsu,6,661,65.05,11.35,55.96,False
KEIBAJO_SURFACE_09_ダ,kyori_kubun+joho_shisu+kyakushitsu,kyori_kubun,joho_shisu,kyakushitsu,24,10608,60.67,11.78,55.96,False
KEIBAJO_SURFACE_09_ダ,omo_tekisei_code+joho_shisu+rotation,omo_tekisei_code,joho_shisu,rotation,25,5906,60.79,12.33,55.95,False
KEIBAJO_SURFACE_09_ダ,ten_shisu+ichi_shisu+joshodo_code,ten_shisu,ichi_shisu,joshodo_code,7,1960,67.34,15.39,55.94,False
KEIBAJO_SURFACE_09_ダ,ten_shisu+kakutoku_shokin_ruikei+joshodo_code,ten_shisu,kakutoku_shokin_ruikei,joshodo_code,7,1960,67.34,15.39,55.94,False
KEIBAJO_SURFACE_09_ダ,omo_tekisei_code+ichi_shisu_juni+kakutoku_shokin_ruikei,omo_tekisei_code,ichi_shisu_juni,kakutoku_shokin_ruikei,14,1787,61.18,10.12,55.88,False
KEIBAJO_SURFACE_09_ダ,manken_shirushi+uma_start_shisu+kakutoku_shokin_ruikei,manken_shirushi,uma_start_shisu,kakutoku_shokin_ruikei,4,454,65.06,9.37,55.88,False
KEIBAJO_SURFACE_09_ダ,kyori_kubun+kakutoku_shokin_ruikei+class_code,kyori_kubun,kakutoku_shokin_ruikei,class_code,7,3371,61.99,8.27,55.87,False
KEIBAJO_SURFACE_09_ダ,agari_shisu+joshodo_code+ten_shisu_juni,agari_shisu,joshodo_code,ten_shisu_juni,6,891,65.91,12.56,55.86,False
KEIBAJO_SURFACE_09_ダ,joho_shisu+manken_shisu+joshodo_code,joho_shisu,manken_shisu,joshodo_code,34,6231,60.0,12.33,55.86,False
KEIBAJO_SURFACE_09_ダ,joken_class_code+kakutoku_shokin_ruikei+ten_shisu_juni,joken_class_code,kakutoku_shokin_ruikei,ten_shisu_juni,16,5494,60.92,10.35,55.85,False
KEIBAJO_SURFACE_09_ダ,pace_yoso+kishu_shisu+kakutoku_shokin_ruikei,pace_yoso,kishu_shisu,kakutoku_shokin_ruikei,16,3741,63.22,15.12,55.81,False
KEIBAJO_SURFACE_09_ダ,ichi_shisu_juni+kakutoku_shokin_ruikei+class_code,ichi_shisu_juni,kakutoku_shokin_ruikei,class_code,20,2332,60.66,11.07,55.81,False
KEIBAJO_SURFACE_09_ダ,ichi_shisu+manken_shisu+kyakushitsu,ichi_shisu,manken_shisu,kyakushitsu,7,777,59.15,4.53,55.79,False
KEIBAJO_SURFACE_09_ダ,manken_shisu+kyakushitsu+kakutoku_shokin_ruikei,manken_shisu,kyakushitsu,kakutoku_shokin_ruikei,7,777,59.15,4.53,55.79,False
KEIBAJO_SURFACE_09_ダ,uma_deokure_ritsu+kyakushitsu+kakutoku_shokin_ruikei,uma_deokure_ritsu,kyakushitsu,kakutoku_shokin_ruikei,8,2748,63.45,11.07,55.78,False
KEIBAJO_SURFACE_09_ダ,kakutoku_shokin_ruikei+class_code+ten_shisu_juni,kakutoku_shokin_ruikei,class_code,ten_shisu_juni,19,2285,61.98,13.99,55.69,False
KEIBAJO_SURFACE_09_ダ,kyori_kubun+ichi_shisu+joken_class_code,kyori_kubun,ichi_shisu,joken_class_code,8,3036,63.11,10.74,55.66,False
KEIBAJO_SURFACE_09_ダ,omo_tekisei_code+kishu_shisu+ichi_shisu_juni,omo_tekisei_code,kishu_shisu,ichi_shisu_juni,6,632,61.46,7.27,55.65,False
KEIBAJO_SURFACE_09_ダ,kishu_shisu+joho_shisu+class_code,kishu_shisu,joho_shisu,class_code,24,6057,63.49,19.7,55.61,False
KEIBAJO_SURFACE_09_ダ,ten_shisu+pace_yoso+ichi_shisu_juni,ten_shisu,pace_yoso,ichi_shisu_juni,5,1300,68.64,14.89,55.59,False
KEIBAJO_SURFACE_09_ダ,uma_deokure_ritsu+kakutoku_shokin_ruikei+ten_shisu_juni,uma_deokure_ritsu,kakutoku_shokin_ruikei,ten_shisu_juni,11,1405,62.6,11.9,55.57,False
KEIBAJO_SURFACE_09_ダ,joho_shisu+umakigo_code+ten_shisu_juni,joho_shisu,umakigo_code,ten_shisu_juni,28,9606,62.66,19.17,55.56,False
KEIBAJO_SURFACE_09_ダ,kyori_kubun+gekiso_shisu+umakigo_code,kyori_kubun,gekiso_shisu,umakigo_code,11,1164,65.76,17.25,55.56,False
KEIBAJO_SURFACE_09_ダ,kyori_kubun+kishu_shisu+kakutoku_shokin_ruikei,kyori_kubun,kishu_shisu,kakutoku_shokin_ruikei,15,3412,65.11,18.87,55.56,False
KEIBAJO_SURFACE_09_ダ,pace_shisu+joshodo_code+ten_shisu_juni,pace_shisu,joshodo_code,ten_shisu_juni,6,892,65.75,12.75,55.54,False
KEIBAJO_SURFACE_09_ダ,pace_yoso+joho_shisu+manken_shisu,pace_yoso,joho_shisu,manken_shisu,28,4131,60.76,14.12,55.52,False
KEIBAJO_SURFACE_09_ダ,kyori_kubun+joho_shisu+manken_shisu,kyori_kubun,joho_shisu,manken_shisu,17,1917,64.19,18.38,55.46,False
KEIBAJO_SURFACE_09_ダ,ten_shisu+pace_yoso+joken_class_code,ten_shisu,pace_yoso,joken_class_code,9,2101,67.2,17.98,55.45,False
KEIBAJO_SURFACE_09_ダ,kishu_shisu+uma_deokure_ritsu+hizume_code,kishu_shisu,uma_deokure_ritsu,hizume_code,17,3022,64.65,19.38,55.44,False
KEIBAJO_SURFACE_09_ダ,ten_shisu+kakutoku_shokin_ruikei+umakigo_code,ten_shisu,kakutoku_shokin_ruikei,umakigo_code,7,2174,64.72,12.56,55.41,False
KEIBAJO_SURFACE_09_ダ,kyori_kubun+kishu_shisu+ichi_shisu_juni,kyori_kubun,kishu_shisu,ichi_shisu_juni,22,2796,60.81,12.93,55.41,False
KEIBAJO_SURFACE_09_ダ,ichi_shisu+manken_shisu+umakigo_code,ichi_shisu,manken_shisu,umakigo_code,9,981,59.68,6.67,55.32,False
KEIBAJO_SURFACE_09_ダ,kishu_shisu+uma_deokure_ritsu+class_code,kishu_shisu,uma_deokure_ritsu,class_code,20,3630,62.06,15.45,55.29,False
KEIBAJO_SURFACE_09_ダ,ichi_shisu+kishu_shisu+umakigo_code,ichi_shisu,kishu_shisu,umakigo_code,8,1495,61.63,9.18,55.27,False
KEIBAJO_SURFACE_09_ダ,kyori_kubun+ichi_shisu+pace_yoso,kyori_kubun,ichi_shisu,pace_yoso,8,2622,62.92,11.05,55.26,False
KEIBAJO_SURFACE_09_ダ,kakutoku_shokin_ruikei+umakigo_code+ten_shisu_juni,kakutoku_shokin_ruikei,umakigo_code,ten_shisu_juni,16,5321,60.09,9.88,55.25,False
KEIBAJO_SURFACE_09_ダ,omo_tekisei_code+joho_shisu+kyakushitsu,omo_tekisei_code,joho_shisu,kyakushitsu,21,9651,60.9,13.19,55.25,False
KEIBAJO_SURFACE_09_ダ,ichi_shisu+nyukyu_nannichimae+kakutoku_shokin_ruikei,ichi_shisu,nyukyu_nannichimae,kakutoku_shokin_ruikei,5,559,62.09,7.88,55.18,False
KEIBAJO_SURFACE_09_ダ,joho_shisu+joken_class_code+ten_shisu_juni,joho_shisu,joken_class_code,ten_shisu_juni,37,6824,60.28,16.15,55.08,False
KEIBAJO_SURFACE_09_ダ,kyori_kubun+pace_shisu+umakigo_code,kyori_kubun,pace_shisu,umakigo_code,11,2283,63.47,14.27,55.04,False
KEIBAJO_SURFACE_09_ダ,kishu_shisu+joken_class_code+rotation,kishu_shisu,joken_class_code,rotation,26,4249,62.1,18.38,55.03,False
KEIBAJO_SURFACE_09_ダ,ten_shisu+pace_yoso+umakigo_code,ten_shisu,pace_yoso,umakigo_code,9,2106,66.31,17.27,55.03,False
KEIBAJO_SURFACE_09_ダ,kishu_shisu+joho_shisu+uma_start_shisu,kishu_shisu,joho_shisu,uma_start_shisu,20,4512,63.1,18.42,55.02,False
KEIBAJO_SURFACE_09_ダ,ichi_shisu+ichi_shisu_juni+kyakushitsu,ichi_shisu,ichi_shisu_juni,kyakushitsu,3,2068,64.33,8.24,55.0,False
KEIBAJO_SURFACE_09_ダ,pace_yoso+joho_shisu+ten_shisu_juni,pace_yoso,joho_shisu,ten_shisu_juni,33,8542,59.58,13.45,54.99,False
KEIBAJO_SURFACE_09_ダ,joho_shisu+rotation+kyakushitsu,joho_shisu,rotation,kyakushitsu,22,5170,58.91,9.42,54.97,False
KEIBAJO_SURFACE_09_ダ,ichi_shisu+nyukyu_nannichimae+umakigo_code,ichi_shisu,nyukyu_nannichimae,umakigo_code,5,535,60.81,6.66,54.97,False
KEIBAJO_SURFACE_09_ダ,kyori_kubun+pace_shisu+joken_class_code,kyori_kubun,pace_shisu,joken_class_code,11,2253,63.4,14.84,54.62,False
KEIBAJO_SURFACE_09_ダ,omo_tekisei_code+kakutoku_shokin_ruikei+ten_shisu_juni,omo_tekisei_code,kakutoku_shokin_ruikei,ten_shisu_juni,16,1922,60.99,13.03,54.61,False
KEIBAJO_SURFACE_09_ダ,manken_shirushi+joho_shisu+joshodo_code,manken_shirushi,joho_shisu,joshodo_code,11,4630,62.45,13.29,54.6,False
KEIBAJO_SURFACE_09_ダ,kyakushitsu+kakutoku_shokin_ruikei+ten_shisu_juni,kyakushitsu,kakutoku_shokin_ruikei,ten_shisu_juni,17,2838,61.78,15.12,54.59,False
KEIBAJO_SURFACE_09_ダ,pace_yoso+joho_shisu+nyukyu_nannichimae,pace_yoso,joho_shisu,nyukyu_nannichimae,11,1827,64.36,16.65,54.52,False
KEIBAJO_SURFACE_09_ダ,pace_yoso+kakutoku_shokin_ruikei+ten_shisu_juni,pace_yoso,kakutoku_shokin_ruikei,ten_shisu_juni,15,3424,61.72,14.25,54.51,False
KEIBAJO_SURFACE_09_ダ,manken_shisu+kakutoku_shokin_ruikei+joshodo_code,manken_shisu,kakutoku_shokin_ruikei,joshodo_code,18,1948,61.2,14.51,54.49,False
KEIBAJO_SURFACE_09_ダ,kyori_kubun+joho_shisu+nyukyu_nannichimae,kyori_kubun,joho_shisu,nyukyu_nannichimae,8,961,63.22,12.6,54.48,False
KEIBAJO_SURFACE_09_ダ,ichi_shisu+joken_class_code+nyukyu_nannichimae,ichi_shisu,joken_class_code,nyukyu_nannichimae,5,554,61.7,8.25,54.47,False
KEIBAJO_SURFACE_09_ダ,kishu_shisu+nyukyu_nannichimae+umakigo_code,kishu_shisu,nyukyu_nannichimae,umakigo_code,8,910,63.55,13.11,54.46,False
KEIBAJO_SURFACE_09_ダ,pace_yoso+pace_shisu+ten_shisu_juni,pace_yoso,pace_shisu,ten_shisu_juni,6,877,66.45,15.03,54.43,False
KEIBAJO_SURFACE_09_ダ,ichi_shisu+nyukyu_nannichimae+kyakushitsu,ichi_shisu,nyukyu_nannichimae,kyakushitsu,5,549,61.47,8.06,54.4,False
KEIBAJO_SURFACE_09_ダ,nyukyu_nannichimae+kyakushitsu+kakutoku_shokin_ruikei,nyukyu_nannichimae,kyakushitsu,kakutoku_shokin_ruikei,5,549,61.47,8.06,54.4,False
KEIBAJO_SURFACE_09_ダ,kyori_kubun+pace_yoso+pace_shisu,kyori_kubun,pace_yoso,pace_shisu,9,1598,63.22,13.58,54.34,False
KEIBAJO_SURFACE_09_ダ,kishu_shisu+joho_shisu+hizume_code,kishu_shisu,joho_shisu,hizume_code,27,5973,59.56,13.85,54.33,False
KEIBAJO_SURFACE_09_ダ,ten_shisu+ichi_shisu+joho_shisu,ten_shisu,ichi_shisu,joho_shisu,3,1032,58.27,3.5,54.32,False
KEIBAJO_SURFACE_09_ダ,joho_shisu+uma_start_shisu+ten_shisu_juni,joho_shisu,uma_start_shisu,ten_shisu_juni,13,2538,63.37,16.68,54.3,False
KEIBAJO_SURFACE_09_ダ,joho_shisu+manken_shisu+umakigo_code,joho_shisu,manken_shisu,umakigo_code,35,6468,58.67,13.32,54.26,False
KEIBAJO_SURFACE_09_ダ,pace_yoso+agari_shisu+ten_shisu_juni,pace_yoso,agari_shisu,ten_shisu_juni,6,866,66.27,15.08,54.2,False
KEIBAJO_SURFACE_09_ダ,joho_shisu+agari_shisu+kakutoku_shokin_ruikei,joho_shisu,agari_shisu,kakutoku_shokin_ruikei,3,1044,57.14,2.65,54.15,False
KEIBAJO_SURFACE_09_ダ,joho_shisu+agari_shisu+umakigo_code,joho_shisu,agari_shisu,umakigo_code,3,1041,57.05,2.62,54.08,False
KEIBAJO_SURFACE_09_ダ,ichi_shisu+kishu_shisu+kyakushitsu,ichi_shisu,kishu_shisu,kyakushitsu,6,1174,57.98,4.94,54.03,False
KEIBAJO_SURFACE_09_ダ,kyakushitsu+kakutoku_shokin_ruikei+class_code,kyakushitsu,kakutoku_shokin_ruikei,class_code,9,3327,61.55,11.52,54.02,False
KEIBAJO_SURFACE_09_ダ,joho_shisu+class_code+ten_shisu_juni,joho_shisu,class_code,ten_shisu_juni,26,3734,61.05,18.38,53.98,False
KEIBAJO_SURFACE_09_ダ,joho_shisu+joken_class_code+agari_shisu,joho_shisu,joken_class_code,agari_shisu,3,1057,56.5,2.31,53.89,False
KEIBAJO_SURFACE_09_ダ,joken_class_code+hizume_code+kakutoku_shokin_ruikei,joken_class_code,hizume_code,kakutoku_shokin_ruikei,10,3204,64.32,16.87,53.87,False
KEIBAJO_SURFACE_09_ダ,ichi_shisu+pace_shisu+joho_shisu,ichi_shisu,pace_shisu,joho_shisu,3,1030,58.93,4.51,53.83,False
KEIBAJO_SURFACE_09_ダ,kishu_shisu+rotation+hizume_code,kishu_shisu,rotation,hizume_code,12,1853,61.77,14.11,53.78,False
KEIBAJO_SURFACE_09_ダ,kyori_kubun+uma_deokure_ritsu+kakutoku_shokin_ruikei,kyori_kubun,uma_deokure_ritsu,kakutoku_shokin_ruikei,8,2806,59.92,8.86,53.78,False
KEIBAJO_SURFACE_09_ダ,joho_shisu+kakutoku_shokin_ruikei+joshodo_code,joho_shisu,kakutoku_shokin_ruikei,joshodo_code,4,3102,58.52,4.9,53.72,False
KEIBAJO_SURFACE_09_ダ,omo_tekisei_code+kishu_shisu+kakutoku_shokin_ruikei,omo_tekisei_code,kishu_shisu,kakutoku_shokin_ruikei,9,2078,59.21,8.42,53.71,False
KEIBAJO_SURFACE_09_ダ,pace_yoso+agari_shisu+umakigo_code,pace_yoso,agari_shisu,umakigo_code,6,1927,65.5,14.86,53.61,False
KEIBAJO_SURFACE_09_ダ,ten_shisu+pace_yoso+kakutoku_shokin_ruikei,ten_shisu,pace_yoso,kakutoku_shokin_ruikei,8,1885,65.44,17.1,53.59,False
KEIBAJO_SURFACE_09_ダ,kishu_shisu+joho_shisu+rotation,kishu_shisu,joho_shisu,rotation,18,3689,62.02,18.25,53.59,False
KEIBAJO_SURFACE_09_ダ,omo_tekisei_code+hizume_code+kakutoku_shokin_ruikei,omo_tekisei_code,hizume_code,kakutoku_shokin_ruikei,10,2834,61.05,12.19,53.49,False
KEIBAJO_SURFACE_09_ダ,ten_shisu+joho_shisu+agari_shisu,ten_shisu,joho_shisu,agari_shisu,3,1022,58.7,4.64,53.45,False
KEIBAJO_SURFACE_09_ダ,ten_shisu+joho_shisu+kyakushitsu,ten_shisu,joho_shisu,kyakushitsu,3,1022,58.7,4.64,53.45,False
KEIBAJO_SURFACE_09_ダ,pace_yoso+kyakushitsu+kakutoku_shokin_ruikei,pace_yoso,kyakushitsu,kakutoku_shokin_ruikei,14,5621,59.4,11.37,53.45,False
KEIBAJO_SURFACE_09_ダ,joho_shisu+agari_shisu+kyakushitsu,joho_shisu,agari_shisu,kyakushitsu,3,1022,58.7,4.64,53.45,False
KEIBAJO_SURFACE_09_ダ,pace_shisu+joho_shisu+kyakushitsu,pace_shisu,joho_shisu,kyakushitsu,3,1022,58.7,4.64,53.45,False
KEIBAJO_SURFACE_09_ダ,ten_shisu+pace_shisu+joho_shisu,ten_shisu,pace_shisu,joho_shisu,3,1022,58.7,4.64,53.45,False
KEIBAJO_SURFACE_09_ダ,ichi_shisu+joho_shisu+agari_shisu,ichi_shisu,joho_shisu,agari_shisu,3,1025,58.51,4.52,53.39,False
KEIBAJO_SURFACE_09_ダ,ten_shisu+joho_shisu+kakutoku_shokin_ruikei,ten_shisu,joho_shisu,kakutoku_shokin_ruikei,3,1043,57.85,3.99,53.34,False
KEIBAJO_SURFACE_09_ダ,joho_shisu+joken_class_code+rotation,joho_shisu,joken_class_code,rotation,21,4843,58.99,13.29,53.3,False
KEIBAJO_SURFACE_09_ダ,kishu_shisu+joho_shisu+ichi_shisu_juni,kishu_shisu,joho_shisu,ichi_shisu_juni,31,4733,57.35,11.83,53.18,False
KEIBAJO_SURFACE_09_ダ,rotation+kakutoku_shokin_ruikei+joshodo_code,rotation,kakutoku_shokin_ruikei,joshodo_code,11,2729,63.06,16.71,53.18,False
KEIBAJO_SURFACE_09_ダ,pace_shisu+joho_shisu+umakigo_code,pace_shisu,joho_shisu,umakigo_code,3,1058,57.78,4.12,53.12,False
KEIBAJO_SURFACE_09_ダ,joho_shisu+rotation+hizume_code,joho_shisu,rotation,hizume_code,15,3215,60.94,15.47,53.11,False
KEIBAJO_SURFACE_09_ダ,kishu_shisu+nyukyu_nannichimae+joshodo_code,kishu_shisu,nyukyu_nannichimae,joshodo_code,7,810,61.88,11.86,53.09,False
KEIBAJO_SURFACE_09_ダ,pace_shisu+joho_shisu+agari_shisu,pace_shisu,joho_shisu,agari_shisu,3,1024,58.55,4.83,53.09,False
KEIBAJO_SURFACE_09_ダ,ten_shisu+joho_shisu+joken_class_code,ten_shisu,joho_shisu,joken_class_code,3,1053,56.71,3.26,53.02,False
KEIBAJO_SURFACE_09_ダ,kyori_kubun+pace_yoso+agari_shisu,kyori_kubun,pace_yoso,agari_shisu,9,1540,62.08,13.88,53.01,False
KEIBAJO_SURFACE_09_ダ,pace_shisu+joho_shisu+kakutoku_shokin_ruikei,pace_shisu,joho_shisu,kakutoku_shokin_ruikei,3,1054,57.71,4.16,53.01,False
KEIBAJO_SURFACE_09_ダ,ichi_shisu+kishu_shisu+joken_class_code,ichi_shisu,kishu_shisu,joken_class_code,7,1369,60.93,10.83,52.9,False
KEIBAJO_SURFACE_09_ダ,ichi_shisu+ichi_shisu_juni+umakigo_code,ichi_shisu,ichi_shisu_juni,umakigo_code,9,2671,61.11,12.6,52.87,False
KEIBAJO_SURFACE_09_ダ,kyori_kubun+joken_class_code+agari_shisu,kyori_kubun,joken_class_code,agari_shisu,10,2088,62.63,15.79,52.85,False
KEIBAJO_SURFACE_09_ダ,kyori_kubun+agari_shisu+ichi_shisu_juni,kyori_kubun,agari_shisu,ichi_shisu_juni,7,1232,65.11,16.56,52.84,False
KEIBAJO_SURFACE_09_ダ,joho_shisu+hizume_code+class_code,joho_shisu,hizume_code,class_code,24,5855,59.61,16.96,52.83,False
KEIBAJO_SURFACE_09_ダ,pace_yoso+uma_deokure_ritsu+kakutoku_shokin_ruikei,pace_yoso,uma_deokure_ritsu,kakutoku_shokin_ruikei,8,2828,59.3,9.43,52.77,False
KEIBAJO_SURFACE_09_ダ,ten_shisu+joho_shisu+umakigo_code,ten_shisu,joho_shisu,umakigo_code,3,1050,57.56,4.3,52.69,False
KEIBAJO_SURFACE_09_ダ,uma_start_shisu+kakutoku_shokin_ruikei+umakigo_code,uma_start_shisu,kakutoku_shokin_ruikei,umakigo_code,9,2976,61.75,14.05,52.57,False
KEIBAJO_SURFACE_09_ダ,hizume_code+kakutoku_shokin_ruikei+umakigo_code,hizume_code,kakutoku_shokin_ruikei,umakigo_code,10,3130,63.3,17.4,52.52,False
KEIBAJO_SURFACE_09_ダ,pace_yoso+manken_shirushi+joho_shisu,pace_yoso,manken_shirushi,joho_shisu,17,4539,60.22,16.43,52.41,False
KEIBAJO_SURFACE_09_ダ,kyori_kubun+agari_shisu+umakigo_code,kyori_kubun,agari_shisu,umakigo_code,10,2055,61.76,15.26,52.3,False
KEIBAJO_SURFACE_09_ダ,kyori_kubun+pace_shisu+ichi_shisu_juni,kyori_kubun,pace_shisu,ichi_shisu_juni,7,1228,65.07,17.62,52.02,False
KEIBAJO_SURFACE_09_ダ,manken_shirushi+uma_deokure_ritsu+kakutoku_shokin_ruikei,manken_shirushi,uma_deokure_ritsu,kakutoku_shokin_ruikei,6,730,60.86,11.16,51.92,False
KEIBAJO_SURFACE_09_ダ,kishu_shisu+rotation+uma_start_shisu,kishu_shisu,rotation,uma_start_shisu,12,1879,59.03,12.67,51.86,False
KEIBAJO_SURFACE_09_ダ,pace_yoso+pace_shisu+joken_class_code,pace_yoso,pace_shisu,joken_class_code,7,2167,66.85,20.27,51.84,False
KEIBAJO_SURFACE_09_ダ,ichi_shisu+kishu_shisu+joshodo_code,ichi_shisu,kishu_shisu,joshodo_code,5,991,61.52,11.06,51.83,False
KEIBAJO_SURFACE_09_ダ,ichi_shisu+pace_yoso+joken_class_code,ichi_shisu,pace_yoso,joken_class_code,6,2810,61.26,11.8,51.82,False
KEIBAJO_SURFACE_09_ダ,joho_shisu+uma_deokure_ritsu+ichi_shisu_juni,joho_shisu,uma_deokure_ritsu,ichi_shisu_juni,12,2302,56.58,8.55,51.74,False
KEIBAJO_SURFACE_09_ダ,ten_shisu+joho_shisu+ten_shisu_juni,ten_shisu,joho_shisu,ten_shisu_juni,3,410,60.27,7.54,51.73,False
KEIBAJO_SURFACE_09_ダ,kyori_kubun+agari_shisu+joshodo_code,kyori_kubun,agari_shisu,joshodo_code,8,1572,63.13,16.73,51.54,False
KEIBAJO_SURFACE_09_ダ,pace_shisu+joho_shisu+joken_class_code,pace_shisu,joho_shisu,joken_class_code,3,1073,58.55,6.23,51.5,False
KEIBAJO_SURFACE_09_ダ,kyori_kubun+pace_shisu+joshodo_code,kyori_kubun,pace_shisu,joshodo_code,8,1572,63.02,16.8,51.38,False
KEIBAJO_SURFACE_09_ダ,kishu_shisu+rotation+class_code,kishu_shisu,rotation,class_code,14,2270,57.51,11.75,51.36,False
KEIBAJO_SURFACE_09_ダ,pace_yoso+ichi_shisu_juni+kakutoku_shokin_ruikei,pace_yoso,ichi_shisu_juni,kakutoku_shokin_ruikei,16,3733,57.79,13.13,51.35,False
KEIBAJO_SURFACE_09_ダ,joho_shisu+uma_deokure_ritsu+uma_start_shisu,joho_shisu,uma_deokure_ritsu,uma_start_shisu,14,3291,61.43,19.35,51.29,False
KEIBAJO_SURFACE_09_ダ,kyori_kubun+pace_shisu+kakutoku_shokin_ruikei,kyori_kubun,pace_shisu,kakutoku_shokin_ruikei,10,2001,61.84,17.19,51.18,False
KEIBAJO_SURFACE_09_ダ,ichi_shisu+rotation+joshodo_code,ichi_shisu,rotation,joshodo_code,3,329,60.69,8.49,51.08,False
KEIBAJO_SURFACE_09_ダ,uma_deokure_ritsu+uma_start_shisu+kakutoku_shokin_ruikei,uma_deokure_ritsu,uma_start_shisu,kakutoku_shokin_ruikei,9,2520,60.87,15.3,50.87,False
KEIBAJO_SURFACE_09_ダ,joken_class_code+rotation+kakutoku_shokin_ruikei,joken_class_code,rotation,kakutoku_shokin_ruikei,10,2554,60.89,16.35,50.76,False
KEIBAJO_SURFACE_09_ダ,ichi_shisu+kishu_shisu+kakutoku_shokin_ruikei,ichi_shisu,kishu_shisu,kakutoku_shokin_ruikei,6,1257,58.97,10.32,50.71,False
KEIBAJO_SURFACE_09_ダ,kyori_kubun+kishu_shisu+ten_shisu_juni,kyori_kubun,kishu_shisu,ten_shisu_juni,21,2594,58.55,18.45,50.66,False
KEIBAJO_SURFACE_09_ダ,kishu_shisu+uma_deokure_ritsu+ichi_shisu_juni,kishu_shisu,uma_deokure_ritsu,ichi_shisu_juni,4,424,69.21,18.94,50.65,False
KEIBAJO_SURFACE_09_ダ,joho_shisu+kyakushitsu+kakutoku_shokin_ruikei,joho_shisu,kyakushitsu,kakutoku_shokin_ruikei,8,3096,57.16,9.52,50.56,False
KEIBAJO_SURFACE_09_ダ,rotation+hizume_code+kakutoku_shokin_ruikei,rotation,hizume_code,kakutoku_shokin_ruikei,5,979,57.18,7.62,50.5,False
KEIBAJO_SURFACE_09_ダ,joho_shisu+uma_deokure_ritsu+kyakushitsu,joho_shisu,uma_deokure_ritsu,kyakushitsu,12,4038,57.73,12.98,50.38,False
KEIBAJO_SURFACE_09_ダ,kishu_shisu+kyakushitsu+ten_shisu_juni,kishu_shisu,kyakushitsu,ten_shisu_juni,14,1544,59.58,17.92,50.2,False
KEIBAJO_SURFACE_09_ダ,omo_tekisei_code+joho_shisu+uma_deokure_ritsu,omo_tekisei_code,joho_shisu,uma_deokure_ritsu,15,4503,58.6,16.74,50.13,False
KEIBAJO_SURFACE_09_ダ,kyori_kubun+ichi_shisu+pace_shisu,kyori_kubun,ichi_shisu,pace_shisu,9,1848,60.97,16.59,50.13,False
KEIBAJO_SURFACE_09_ダ,manken_shirushi+joho_shisu+rotation,manken_shirushi,joho_shisu,rotation,12,1296,58.39,14.66,50.09,False
KEIBAJO_SURFACE_09_ダ,kishu_shisu+kakutoku_shokin_ruikei+class_code,kishu_shisu,kakutoku_shokin_ruikei,class_code,9,2084,65.47,23.58,50.06,False
KEIBAJO_SURFACE_09_ダ,pace_yoso+hizume_code+kakutoku_shokin_ruikei,pace_yoso,hizume_code,kakutoku_shokin_ruikei,7,2151,58.52,11.49,50.01,False
KEIBAJO_SURFACE_09_ダ,pace_yoso+uma_start_shisu+kakutoku_shokin_ruikei,pace_yoso,uma_start_shisu,kakutoku_shokin_ruikei,8,2308,56.82,9.85,50.0,False
KEIBAJO_SURFACE_09_ダ,kyori_kubun+agari_shisu+kyakushitsu,kyori_kubun,agari_shisu,kyakushitsu,9,1832,60.78,16.58,49.95,False
KEIBAJO_SURFACE_09_ダ,kyori_kubun+ichi_shisu+agari_shisu,kyori_kubun,ichi_shisu,agari_shisu,9,1853,60.6,16.32,49.94,False
KEIBAJO_SURFACE_09_ダ,kyori_kubun+pace_shisu+kyakushitsu,kyori_kubun,pace_shisu,kyakushitsu,9,1832,60.72,16.52,49.93,False
KEIBAJO_SURFACE_09_ダ,kyori_kubun+uma_start_shisu+kakutoku_shokin_ruikei,kyori_kubun,uma_start_shisu,kakutoku_shokin_ruikei,6,2146,58.65,11.03,49.82,False
KEIBAJO_SURFACE_09_ダ,kyori_kubun+pace_shisu+agari_shisu,kyori_kubun,pace_shisu,agari_shisu,9,1838,60.53,16.49,49.76,False
KEIBAJO_SURFACE_09_ダ,uma_start_shisu+kakutoku_shokin_ruikei+class_code,uma_start_shisu,kakutoku_shokin_ruikei,class_code,5,2158,56.98,8.27,49.73,False
KEIBAJO_SURFACE_09_ダ,joho_shisu+rotation+ten_shisu_juni,joho_shisu,rotation,ten_shisu_juni,18,2013,58.66,19.43,49.68,False
KEIBAJO_SURFACE_09_ダ,kishu_shisu+joho_shisu+uma_deokure_ritsu,kishu_shisu,joho_shisu,uma_deokure_ritsu,13,3225,55.2,10.43,49.53,False
KEIBAJO_SURFACE_09_ダ,kishu_shisu+joho_shisu+ten_shisu_juni,kishu_shisu,joho_shisu,ten_shisu_juni,28,4404,57.81,22.47,49.49,False
KEIBAJO_SURFACE_09_ダ,manken_shirushi+joho_shisu+uma_deokure_ritsu,manken_shirushi,joho_shisu,uma_deokure_ritsu,8,1412,59.19,14.03,49.47,False
KEIBAJO_SURFACE_09_ダ,kyori_kubun+joho_shisu+uma_deokure_ritsu,kyori_kubun,joho_shisu,uma_deokure_ritsu,14,4409,54.2,9.28,49.34,False
KEIBAJO_SURFACE_09_ダ,ten_shisu+kyori_kubun+umakigo_code,ten_shisu,kyori_kubun,umakigo_code,9,1824,60.84,17.65,49.31,False
KEIBAJO_SURFACE_09_ダ,kyori_kubun+agari_shisu+kakutoku_shokin_ruikei,kyori_kubun,agari_shisu,kakutoku_shokin_ruikei,9,1903,59.75,16.07,49.25,False
KEIBAJO_SURFACE_09_ダ,ichi_shisu+joho_shisu+ten_shisu_juni,ichi_shisu,joho_shisu,ten_shisu_juni,4,636,61.68,12.79,49.14,False
KEIBAJO_SURFACE_09_ダ,pace_shisu+joho_shisu+ten_shisu_juni,pace_shisu,joho_shisu,ten_shisu_juni,3,416,61.69,11.12,49.11,False
KEIBAJO_SURFACE_09_ダ,manken_shirushi+joho_shisu+kakutoku_shokin_ruikei,manken_shirushi,joho_shisu,kakutoku_shokin_ruikei,8,1146,59.14,14.8,48.89,False
KEIBAJO_SURFACE_09_ダ,rotation+kakutoku_shokin_ruikei+class_code,rotation,kakutoku_shokin_ruikei,class_code,7,1770,56.46,10.26,48.86,False
KEIBAJO_SURFACE_09_ダ,joho_shisu+hizume_code+kakutoku_shokin_ruikei,joho_shisu,hizume_code,kakutoku_shokin_ruikei,7,1637,61.64,17.32,48.82,False
KEIBAJO_SURFACE_09_ダ,joho_shisu+ichi_shisu_juni+kakutoku_shokin_ruikei,joho_shisu,ichi_shisu_juni,kakutoku_shokin_ruikei,11,2132,57.42,14.82,48.66,False
KEIBAJO_SURFACE_09_ダ,joho_shisu+kakutoku_shokin_ruikei+class_code,joho_shisu,kakutoku_shokin_ruikei,class_code,4,2064,63.21,14.91,48.6,False
KEIBAJO_SURFACE_09_ダ,pace_yoso+agari_shisu+kakutoku_shokin_ruikei,pace_yoso,agari_shisu,kakutoku_shokin_ruikei,6,1916,63.26,18.5,48.45,False
KEIBAJO_SURFACE_09_ダ,kishu_shisu+joken_class_code+ten_shisu_juni,kishu_shisu,joken_class_code,ten_shisu_juni,16,2098,56.36,16.3,48.37,False
KEIBAJO_SURFACE_09_ダ,rotation+kakutoku_shokin_ruikei+umakigo_code,rotation,kakutoku_shokin_ruikei,umakigo_code,10,2493,58.76,16.9,48.29,False
KEIBAJO_SURFACE_09_ダ,kishu_shisu+manken_shisu+joshodo_code,kishu_shisu,manken_shisu,joshodo_code,21,2315,57.73,22.47,48.11,False
KEIBAJO_SURFACE_09_ダ,joho_shisu+uma_deokure_ritsu+class_code,joho_shisu,uma_deokure_ritsu,class_code,14,3738,56.58,16.3,48.04,False
KEIBAJO_SURFACE_09_ダ,omo_tekisei_code+rotation+kakutoku_shokin_ruikei,omo_tekisei_code,rotation,kakutoku_shokin_ruikei,6,1653,59.53,14.56,47.88,False
KEIBAJO_SURFACE_09_ダ,ten_shisu+kishu_shisu+umakigo_code,ten_shisu,kishu_shisu,umakigo_code,3,603,62.76,13.15,47.88,False
KEIBAJO_SURFACE_09_ダ,pace_yoso+rotation+kakutoku_shokin_ruikei,pace_yoso,rotation,kakutoku_shokin_ruikei,8,1669,55.42,11.03,47.78,False
KEIBAJO_SURFACE_09_ダ,ichi_shisu+pace_shisu+kishu_shisu,ichi_shisu,pace_shisu,kishu_shisu,3,595,60.65,11.46,47.68,False
KEIBAJO_SURFACE_09_ダ,pace_yoso+joho_shisu+kakutoku_shokin_ruikei,pace_yoso,joho_shisu,kakutoku_shokin_ruikei,5,3155,57.94,11.74,47.65,False
KEIBAJO_SURFACE_09_ダ,ten_shisu+ichi_shisu+kishu_shisu,ten_shisu,ichi_shisu,kishu_shisu,3,593,63.04,13.83,47.38,False
KEIBAJO_SURFACE_09_ダ,rotation+kyakushitsu+kakutoku_shokin_ruikei,rotation,kyakushitsu,kakutoku_shokin_ruikei,8,1499,59.45,17.42,47.38,False
KEIBAJO_SURFACE_09_ダ,kishu_shisu+manken_shisu+umakigo_code,kishu_shisu,manken_shisu,umakigo_code,16,1745,56.42,18.56,47.33,False
KEIBAJO_SURFACE_09_ダ,ten_shisu+kishu_shisu+kyakushitsu,ten_shisu,kishu_shisu,kyakushitsu,3,589,61.12,12.2,47.31,False
KEIBAJO_SURFACE_09_ダ,ten_shisu+pace_shisu+kishu_shisu,ten_shisu,pace_shisu,kishu_shisu,3,589,61.12,12.2,47.31,False
KEIBAJO_SURFACE_09_ダ,ten_shisu+kishu_shisu+agari_shisu,ten_shisu,kishu_shisu,agari_shisu,3,589,61.12,12.2,47.31,False
KEIBAJO_SURFACE_09_ダ,kishu_shisu+agari_shisu+kyakushitsu,kishu_shisu,agari_shisu,kyakushitsu,3,589,61.12,12.2,47.31,False
KEIBAJO_SURFACE_09_ダ,pace_shisu+kishu_shisu+kyakushitsu,pace_shisu,kishu_shisu,kyakushitsu,3,589,61.12,12.2,47.31,False
KEIBAJO_SURFACE_09_ダ,ichi_shisu+kishu_shisu+agari_shisu,ichi_shisu,kishu_shisu,agari_shisu,3,590,61.06,12.27,47.18,False
KEIBAJO_SURFACE_09_ダ,ichi_shisu+joken_class_code+ichi_shisu_juni,ichi_shisu,joken_class_code,ichi_shisu_juni,6,2345,56.3,11.45,47.14,False
KEIBAJO_SURFACE_09_ダ,pace_shisu+kishu_shisu+umakigo_code,pace_shisu,kishu_shisu,umakigo_code,3,607,60.01,11.43,47.07,False
KEIBAJO_SURFACE_09_ダ,kishu_shisu+kyakushitsu+kakutoku_shokin_ruikei,kishu_shisu,kyakushitsu,kakutoku_shokin_ruikei,14,2768,53.98,13.25,47.03,False
KEIBAJO_SURFACE_09_ダ,kishu_shisu+rotation+uma_deokure_ritsu,kishu_shisu,rotation,uma_deokure_ritsu,11,1642,56.62,16.25,47.01,False
KEIBAJO_SURFACE_09_ダ,pace_shisu+kishu_shisu+agari_shisu,pace_shisu,kishu_shisu,agari_shisu,3,591,60.99,12.35,47.01,False
KEIBAJO_SURFACE_09_ダ,joho_shisu+kakutoku_shokin_ruikei+ten_shisu_juni,joho_shisu,kakutoku_shokin_ruikei,ten_shisu_juni,13,2246,53.17,11.48,46.93,False
KEIBAJO_SURFACE_09_ダ,joho_shisu+uma_deokure_ritsu+ten_shisu_juni,joho_shisu,uma_deokure_ritsu,ten_shisu_juni,13,2359,54.67,14.25,46.92,False
KEIBAJO_SURFACE_09_ダ,uma_deokure_ritsu+hizume_code+kakutoku_shokin_ruikei,uma_deokure_ritsu,hizume_code,kakutoku_shokin_ruikei,8,2025,57.24,14.94,46.89,False
KEIBAJO_SURFACE_09_ダ,hizume_code+kakutoku_shokin_ruikei+class_code,hizume_code,kakutoku_shokin_ruikei,class_code,9,2531,57.5,16.36,46.81,False
KEIBAJO_SURFACE_09_ダ,pace_shisu+kishu_shisu+kakutoku_shokin_ruikei,pace_shisu,kishu_shisu,kakutoku_shokin_ruikei,3,611,59.8,11.55,46.74,False
KEIBAJO_SURFACE_09_ダ,joho_shisu+rotation+uma_deokure_ritsu,joho_shisu,rotation,uma_deokure_ritsu,8,1786,54.02,10.72,46.59,False
KEIBAJO_SURFACE_09_ダ,ichi_shisu+joshodo_code+class_code,ichi_shisu,joshodo_code,class_code,6,700,62.49,20.06,46.44,False
KEIBAJO_SURFACE_09_ダ,ten_shisu+kishu_shisu+kakutoku_shokin_ruikei,ten_shisu,kishu_shisu,kakutoku_shokin_ruikei,3,598,62.72,14.42,46.4,False
KEIBAJO_SURFACE_09_ダ,kishu_shisu+agari_shisu+kakutoku_shokin_ruikei,kishu_shisu,agari_shisu,kakutoku_shokin_ruikei,3,597,61.15,13.05,46.38,False
KEIBAJO_SURFACE_09_ダ,kishu_shisu+hizume_code+kakutoku_shokin_ruikei,kishu_shisu,hizume_code,kakutoku_shokin_ruikei,5,1001,57.85,13.2,46.28,False
KEIBAJO_SURFACE_09_ダ,ten_shisu+kyori_kubun+joken_class_code,ten_shisu,kyori_kubun,joken_class_code,8,1635,59.82,19.56,46.27,False
KEIBAJO_SURFACE_09_ダ,kyori_kubun+rotation+kakutoku_shokin_ruikei,kyori_kubun,rotation,kakutoku_shokin_ruikei,7,1559,54.1,10.7,46.18,False
KEIBAJO_SURFACE_09_ダ,ichi_shisu+joho_shisu+umakigo_code,ichi_shisu,joho_shisu,umakigo_code,3,1263,51.94,5.23,46.02,False
KEIBAJO_SURFACE_09_ダ,kishu_shisu+agari_shisu+umakigo_code,kishu_shisu,agari_shisu,umakigo_code,3,591,63.99,15.9,46.0,False
KEIBAJO_SURFACE_09_ダ,pace_shisu+kishu_shisu+joken_class_code,pace_shisu,kishu_shisu,joken_class_code,3,615,59.18,11.71,45.92,False
KEIBAJO_SURFACE_09_ダ,kishu_shisu+joho_shisu+kakutoku_shokin_ruikei,kishu_shisu,joho_shisu,kakutoku_shokin_ruikei,10,2874,60.57,23.77,45.84,False
KEIBAJO_SURFACE_09_ダ,pace_yoso+agari_shisu+joshodo_code,pace_yoso,agari_shisu,joshodo_code,5,1637,63.41,20.14,45.75,False
KEIBAJO_SURFACE_09_ダ,manken_shirushi+kishu_shisu+uma_start_shisu,manken_shirushi,kishu_shisu,uma_start_shisu,4,417,64.92,19.79,45.53,False
KEIBAJO_SURFACE_09_ダ,uma_start_shisu+hizume_code+kakutoku_shokin_ruikei,uma_start_shisu,hizume_code,kakutoku_shokin_ruikei,6,1471,53.62,10.73,45.03,False
KEIBAJO_SURFACE_09_ダ,ten_shisu+kishu_shisu+joken_class_code,ten_shisu,kishu_shisu,joken_class_code,3,608,61.38,14.48,45.0,False
KEIBAJO_SURFACE_09_ダ,ichi_shisu+joho_shisu+joshodo_code,ichi_shisu,joho_shisu,joshodo_code,6,1428,54.3,11.92,44.76,False
KEIBAJO_SURFACE_09_ダ,kishu_shisu+joken_class_code+agari_shisu,kishu_shisu,joken_class_code,agari_shisu,3,600,62.74,15.93,44.72,False
KEIBAJO_SURFACE_09_ダ,pace_yoso+pace_shisu+kakutoku_shokin_ruikei,pace_yoso,pace_shisu,kakutoku_shokin_ruikei,6,1933,62.12,21.94,44.56,False
KEIBAJO_SURFACE_09_ダ,ten_shisu+kyori_kubun+ichi_shisu,ten_shisu,kyori_kubun,ichi_shisu,7,1408,59.1,19.78,44.44,False
KEIBAJO_SURFACE_09_ダ,kishu_shisu+uma_start_shisu+ichi_shisu_juni,kishu_shisu,uma_start_shisu,ichi_shisu_juni,5,540,63.07,21.3,44.4,False
KEIBAJO_SURFACE_09_ダ,ichi_shisu+pace_yoso+pace_shisu,ichi_shisu,pace_yoso,pace_shisu,5,1788,61.77,19.9,44.33,False
KEIBAJO_SURFACE_09_ダ,joho_shisu+rotation+ichi_shisu_juni,joho_shisu,rotation,ichi_shisu_juni,13,1502,53.14,16.43,44.21,False
KEIBAJO_SURFACE_09_ダ,kishu_shisu+uma_deokure_ritsu+kakutoku_shokin_ruikei,kishu_shisu,uma_deokure_ritsu,kakutoku_shokin_ruikei,7,1466,59.28,20.72,43.93,False
KEIBAJO_SURFACE_09_ダ,ten_shisu+ichi_shisu+pace_yoso,ten_shisu,ichi_shisu,pace_yoso,6,1642,60.37,20.83,43.7,False
KEIBAJO_SURFACE_09_ダ,joho_shisu+uma_start_shisu+kakutoku_shokin_ruikei,joho_shisu,uma_start_shisu,kakutoku_shokin_ruikei,4,1333,62.4,19.22,43.56,False
KEIBAJO_SURFACE_09_ダ,joho_shisu+joken_class_code+nyukyu_nannichimae,joho_shisu,joken_class_code,nyukyu_nannichimae,5,572,53.54,11.46,43.5,False
KEIBAJO_SURFACE_09_ダ,rotation+uma_deokure_ritsu+kakutoku_shokin_ruikei,rotation,uma_deokure_ritsu,kakutoku_shokin_ruikei,5,1218,54.77,12.9,43.46,False
KEIBAJO_SURFACE_09_ダ,joho_shisu+uma_start_shisu+manken_shisu,joho_shisu,uma_start_shisu,manken_shisu,3,313,53.66,9.17,43.29,False
KEIBAJO_SURFACE_09_ダ,ten_shisu+kyori_kubun+kyakushitsu,ten_shisu,kyori_kubun,kyakushitsu,7,1391,58.36,20.38,43.27,False
KEIBAJO_SURFACE_09_ダ,ten_shisu+kyori_kubun+kakutoku_shokin_ruikei,ten_shisu,kyori_kubun,kakutoku_shokin_ruikei,7,1446,57.92,20.02,43.09,False
KEIBAJO_SURFACE_09_ダ,joho_shisu+uma_deokure_ritsu+hizume_code,joho_shisu,uma_deokure_ritsu,hizume_code,10,2941,54.77,19.08,42.95,False
KEIBAJO_SURFACE_09_ダ,ten_shisu+kishu_shisu+joho_shisu,ten_shisu,kishu_shisu,joho_shisu,3,454,51.99,8.22,42.69,False
KEIBAJO_SURFACE_09_ダ,joho_shisu+rotation+kakutoku_shokin_ruikei,joho_shisu,rotation,kakutoku_shokin_ruikei,4,932,48.07,5.82,42.36,False
KEIBAJO_SURFACE_09_ダ,ten_shisu+kyori_kubun+pace_yoso,ten_shisu,kyori_kubun,pace_yoso,6,1105,58.88,20.88,42.17,False
KEIBAJO_SURFACE_09_ダ,rotation+uma_start_shisu+kakutoku_shokin_ruikei,rotation,uma_start_shisu,kakutoku_shokin_ruikei,4,933,56.66,15.09,41.87,False
KEIBAJO_SURFACE_09_ダ,joho_shisu+nyukyu_nannichimae+kyakushitsu,joho_shisu,nyukyu_nannichimae,kyakushitsu,3,314,51.62,8.82,41.64,False
KEIBAJO_SURFACE_09_ダ,ichi_shisu+kakutoku_shokin_ruikei+joshodo_code,ichi_shisu,kakutoku_shokin_ruikei,joshodo_code,4,2452,54.04,12.86,41.45,False
KEIBAJO_SURFACE_09_ダ,ten_shisu+pace_yoso+kyakushitsu,ten_shisu,pace_yoso,kyakushitsu,6,1630,59.57,22.68,41.42,False
KEIBAJO_SURFACE_09_ダ,omo_tekisei_code+manken_shirushi+kishu_shisu,omo_tekisei_code,manken_shirushi,kishu_shisu,5,528,62.23,23.76,41.4,False
KEIBAJO_SURFACE_09_ダ,joho_shisu+uma_deokure_ritsu+kakutoku_shokin_ruikei,joho_shisu,uma_deokure_ritsu,kakutoku_shokin_ruikei,4,1628,57.78,16.81,41.31,False
KEIBAJO_SURFACE_09_ダ,kyori_kubun+joho_shisu+kakutoku_shokin_ruikei,kyori_kubun,joho_shisu,kakutoku_shokin_ruikei,6,3229,55.02,17.18,41.28,False
KEIBAJO_SURFACE_09_ダ,ichi_shisu+kishu_shisu+joho_shisu,ichi_shisu,kishu_shisu,joho_shisu,4,704,53.02,11.99,41.26,False
KEIBAJO_SURFACE_09_ダ,ten_shisu+pace_yoso+agari_shisu,ten_shisu,pace_yoso,agari_shisu,6,1577,58.94,22.17,41.2,False
KEIBAJO_SURFACE_09_ダ,ten_shisu+pace_yoso+pace_shisu,ten_shisu,pace_yoso,pace_shisu,6,1577,58.87,22.14,41.15,False
KEIBAJO_SURFACE_09_ダ,ichi_shisu+kakutoku_shokin_ruikei+umakigo_code,ichi_shisu,kakutoku_shokin_ruikei,umakigo_code,3,2513,54.09,11.53,41.04,False
KEIBAJO_SURFACE_09_ダ,ichi_shisu+joken_class_code+class_code,ichi_shisu,joken_class_code,class_code,5,576,59.32,20.97,40.94,False
KEIBAJO_SURFACE_09_ダ,joho_shisu+joken_class_code+manken_shisu,joho_shisu,joken_class_code,manken_shisu,15,1742,50.19,18.34,40.9,False
KEIBAJO_SURFACE_09_ダ,ten_shisu+kyori_kubun+ichi_shisu_juni,ten_shisu,kyori_kubun,ichi_shisu_juni,5,870,59.98,22.34,40.4,False
KEIBAJO_SURFACE_09_ダ,pace_yoso+agari_shisu+kyakushitsu,pace_yoso,agari_shisu,kyakushitsu,5,1777,60.49,22.93,40.39,False
KEIBAJO_SURFACE_09_ダ,pace_yoso+pace_shisu+agari_shisu,pace_yoso,pace_shisu,agari_shisu,5,1780,60.34,22.91,40.27,False
KEIBAJO_SURFACE_09_ダ,ichi_shisu+pace_yoso+agari_shisu,ichi_shisu,pace_yoso,agari_shisu,5,1782,60.28,22.96,40.16,False
KEIBAJO_SURFACE_09_ダ,ichi_shisu+ichi_shisu_juni+kakutoku_shokin_ruikei,ichi_shisu,ichi_shisu_juni,kakutoku_shokin_ruikei,5,2212,52.25,14.08,39.91,False
KEIBAJO_SURFACE_09_ダ,pace_yoso+pace_shisu+kyakushitsu,pace_yoso,pace_shisu,kyakushitsu,5,1777,60.32,23.31,39.89,False
KEIBAJO_SURFACE_09_ダ,omo_tekisei_code+joho_shisu+nyukyu_nannichimae,omo_tekisei_code,joho_shisu,nyukyu_nannichimae,5,525,51.24,13.22,39.65,False
KEIBAJO_SURFACE_09_ダ,ten_shisu+kishu_shisu+joshodo_code,ten_shisu,kishu_shisu,joshodo_code,3,542,62.05,19.81,39.63,False
KEIBAJO_SURFACE_09_ダ,kishu_shisu+agari_shisu+joshodo_code,kishu_shisu,agari_shisu,joshodo_code,3,542,62.05,19.81,39.63,False
KEIBAJO_SURFACE_09_ダ,pace_shisu+kishu_shisu+joshodo_code,pace_shisu,kishu_shisu,joshodo_code,3,543,62.01,19.85,39.54,False
KEIBAJO_SURFACE_09_ダ,ichi_shisu+joken_class_code+kakutoku_shokin_ruikei,ichi_shisu,joken_class_code,kakutoku_shokin_ruikei,3,2619,53.69,12.78,39.22,False
KEIBAJO_SURFACE_09_ダ,ten_shisu+kyori_kubun+agari_shisu,ten_shisu,kyori_kubun,agari_shisu,6,1258,56.7,21.88,39.19,False
KEIBAJO_SURFACE_09_ダ,ten_shisu+kyori_kubun+pace_shisu,ten_shisu,kyori_kubun,pace_shisu,6,1261,56.52,21.97,38.93,False
KEIBAJO_SURFACE_09_ダ,ichi_shisu+pace_yoso+kakutoku_shokin_ruikei,ichi_shisu,pace_yoso,kakutoku_shokin_ruikei,3,2430,58.12,17.96,37.8,False
KEIBAJO_SURFACE_09_ダ,omo_tekisei_code+joho_shisu+kakutoku_shokin_ruikei,omo_tekisei_code,joho_shisu,kakutoku_shokin_ruikei,4,2056,60.07,22.83,37.7,False
KEIBAJO_SURFACE_09_ダ,kyori_kubun+ichi_shisu+kishu_shisu,kyori_kubun,ichi_shisu,kishu_shisu,5,680,51.59,16.91,36.77,False
KEIBAJO_SURFACE_09_ダ,kyori_kubun+ichi_shisu+joho_shisu,kyori_kubun,ichi_shisu,joho_shisu,4,1093,55.79,20.33,35.87,False
KEIBAJO_SURFACE_09_ダ,ten_shisu+kyori_kubun+joshodo_code,ten_shisu,kyori_kubun,joshodo_code,5,1079,56.84,25.28,34.69,False
KEIBAJO_SURFACE_09_ダ,ten_shisu+kyori_kubun+joho_shisu,ten_shisu,kyori_kubun,joho_shisu,4,811,57.8,24.25,34.04,False
KEIBAJO_SURFACE_09_ダ,kyori_kubun+joho_shisu+agari_shisu,kyori_kubun,joho_shisu,agari_shisu,4,796,57.91,24.56,33.84,False
KEIBAJO_SURFACE_09_ダ,ichi_shisu+umakigo_code+class_code,ichi_shisu,umakigo_code,class_code,3,359,51.37,15.61,33.7,False
KEIBAJO_SURFACE_09_ダ,hizume_code+kakutoku_shokin_ruikei+ten_shisu_juni,hizume_code,kakutoku_shokin_ruikei,ten_shisu_juni,3,326,60.01,23.91,32.96,False
KEIBAJO_SURFACE_09_ダ,ichi_shisu+pace_yoso+joho_shisu,ichi_shisu,pace_yoso,joho_shisu,3,1075,52.37,18.27,31.69,False
KEIBAJO_SURFACE_09_ダ,kishu_shisu+uma_start_shisu+kakutoku_shokin_ruikei,kishu_shisu,uma_start_shisu,kakutoku_shokin_ruikei,6,1135,58.15,33.11,31.65,False
KEIBAJO_SURFACE_09_ダ,kishu_shisu+kakutoku_shokin_ruikei+ten_shisu_juni,kishu_shisu,kakutoku_shokin_ruikei,ten_shisu_juni,4,454,51.89,20.97,31.33,False
KEIBAJO_SURFACE_09_ダ,kyori_kubun+pace_shisu+joho_shisu,kyori_kubun,pace_shisu,joho_shisu,4,817,56.61,25.87,31.26,False
KEIBAJO_SURFACE_09_ダ,joho_shisu+manken_shisu+kyakushitsu,joho_shisu,manken_shisu,kyakushitsu,3,312,55.97,21.94,31.14,False
KEIBAJO_SURFACE_09_ダ,kishu_shisu+rotation+kakutoku_shokin_ruikei,kishu_shisu,rotation,kakutoku_shokin_ruikei,4,584,53.9,30.57,23.94,False
