segment,factors,factor1,factor2,factor3,n_bins,n_bets,mean_roi,std_roi,clb,pass
KEIBAJO_SURFACE_04_芝,joken_class_code+rotation+ten_shisu_juni,joken_class_code,rotation,ten_shisu_juni,7,789,82.47,8.09,76.48,False
KEIBAJO_SURFACE_04_芝,kyori_kubun+uma_start_shisu+gekiso_juni,kyori_kubun,uma_start_shisu,gekiso_juni,14,1772,78.45,6.42,75.09,False
KEIBAJO_SURFACE_04_芝,kyori_kubun+uma_start_shisu+manken_shirushi,kyori_kubun,uma_start_shisu,manken_shirushi,12,1449,80.68,10.15,74.94,False
KEIBAJO_SURFACE_04_芝,manken_shirushi+tenkai_kigo_code+agari_shisu_juni,manken_shirushi,tenkai_kigo_code,agari_shisu_juni,19,3155,77.58,6.33,74.73,False
KEIBAJO_SURFACE_04_芝,joshodo_code+manken_shirushi+agari_shisu_juni,joshodo_code,manken_shirushi,agari_shisu_juni,23,3328,77.85,7.74,74.68,False
KEIBAJO_SURFACE_04_芝,joken_class_code+uma_deokure_ritsu+kyakushitsu,joken_class_code,uma_deokure_ritsu,kyakushitsu,19,6275,78.84,9.88,74.4,False
KEIBAJO_SURFACE_04_芝,joshodo_code+ten_shisu_juni+agari_shisu_juni,joshodo_code,ten_shisu_juni,agari_shisu_juni,15,1618,79.72,10.6,74.36,False
KEIBAJO_SURFACE_04_芝,joken_class_code+kyori_kubun+uma_deokure_ritsu,joken_class_code,kyori_kubun,uma_deokure_ritsu,17,5925,76.98,5.94,74.16,False
KEIBAJO_SURFACE_04_芝,kyori_kubun+uma_start_shisu+rotation,kyori_kubun,uma_start_shisu,rotation,11,1906,80.66,11.2,74.04,False
KEIBAJO_SURFACE_04_芝,kyori_kubun+manken_shirushi+gekiso_juni,kyori_kubun,manken_shirushi,gekiso_juni,6,839,81.98,9.99,73.98,False
KEIBAJO_SURFACE_04_芝,kyori_tekisei+ten_shisu_juni+kyakushitsu,kyori_tekisei,ten_shisu_juni,kyakushitsu,48,6782,76.99,11.64,73.69,False
KEIBAJO_SURFACE_04_芝,kyori_tekisei+uma_start_shisu+gekiso_juni,kyori_tekisei,uma_start_shisu,gekiso_juni,11,1359,77.23,6.12,73.61,False
KEIBAJO_SURFACE_04_芝,uma_start_shisu+kyakushitsu+gekiso_juni,uma_start_shisu,kyakushitsu,gekiso_juni,19,2629,78.15,10.24,73.55,False
KEIBAJO_SURFACE_04_芝,kyori_kubun+rotation+uma_deokure_ritsu,kyori_kubun,rotation,uma_deokure_ritsu,10,2062,79.0,8.79,73.55,False
KEIBAJO_SURFACE_04_芝,uma_start_shisu+tenkai_kigo_code+agari_shisu_juni,uma_start_shisu,tenkai_kigo_code,agari_shisu_juni,24,4659,77.29,9.46,73.5,False
KEIBAJO_SURFACE_04_芝,shiba_tekisei_code+joshodo_code+kyori_tekisei,shiba_tekisei_code,joshodo_code,kyori_tekisei,11,14694,75.01,2.8,73.35,False
KEIBAJO_SURFACE_04_芝,pace_yoso+shiba_tekisei_code+joshodo_code,pace_yoso,shiba_tekisei_code,joshodo_code,9,15207,75.53,3.39,73.31,False
KEIBAJO_SURFACE_04_芝,pace_yoso+rotation+uma_deokure_ritsu,pace_yoso,rotation,uma_deokure_ritsu,17,3291,77.86,9.65,73.27,False
KEIBAJO_SURFACE_04_芝,tenkai_kigo_code+agari_shisu_juni+gekiso_juni,tenkai_kigo_code,agari_shisu_juni,gekiso_juni,22,2790,77.35,9.87,73.22,False
KEIBAJO_SURFACE_04_芝,joken_class_code+kyori_kubun+gekiso_juni,joken_class_code,kyori_kubun,gekiso_juni,62,9870,75.77,10.4,73.18,False
KEIBAJO_SURFACE_04_芝,umakigo_code+agari_shisu_juni+gekiso_juni,umakigo_code,agari_shisu_juni,gekiso_juni,45,5475,75.54,8.26,73.12,False
KEIBAJO_SURFACE_04_芝,joshodo_code+agari_shisu_juni+gekiso_juni,joshodo_code,agari_shisu_juni,gekiso_juni,30,3452,76.71,10.02,73.12,False
KEIBAJO_SURFACE_04_芝,kyori_tekisei+uma_start_shisu+rotation,kyori_tekisei,uma_start_shisu,rotation,13,1962,78.62,10.17,73.09,False
KEIBAJO_SURFACE_04_芝,joken_class_code+kyori_kubun+nyukyu_nannichimae,joken_class_code,kyori_kubun,nyukyu_nannichimae,8,868,77.59,6.51,73.08,False
KEIBAJO_SURFACE_04_芝,pace_yoso+kyori_kubun+joshodo_code,pace_yoso,kyori_kubun,joshodo_code,14,17312,73.76,1.45,73.0,False
KEIBAJO_SURFACE_04_芝,shiba_tekisei_code+joshodo_code+tenkai_kigo_code,shiba_tekisei_code,joshodo_code,tenkai_kigo_code,16,15187,76.01,6.32,72.92,False
KEIBAJO_SURFACE_04_芝,pace_yoso+nyukyu_nannichimae+umakigo_code,pace_yoso,nyukyu_nannichimae,umakigo_code,35,7765,75.82,8.82,72.9,False
KEIBAJO_SURFACE_04_芝,pace_yoso+joken_class_code+uma_deokure_ritsu,pace_yoso,joken_class_code,uma_deokure_ritsu,28,8261,76.96,10.96,72.9,False
KEIBAJO_SURFACE_04_芝,shiba_tekisei_code+joshodo_code+ls_shisu_juni,shiba_tekisei_code,joshodo_code,ls_shisu_juni,22,14897,76.09,7.69,72.88,False
KEIBAJO_SURFACE_04_芝,pace_yoso+kyori_tekisei+umakigo_code,pace_yoso,kyori_tekisei,umakigo_code,18,17161,74.89,4.48,72.82,False
KEIBAJO_SURFACE_04_芝,pace_yoso+joken_class_code+rotation,pace_yoso,joken_class_code,rotation,41,9177,75.62,9.21,72.8,False
KEIBAJO_SURFACE_04_芝,uma_start_shisu+manken_shirushi+kyakushitsu,uma_start_shisu,manken_shirushi,kyakushitsu,16,2145,77.98,10.64,72.77,False
KEIBAJO_SURFACE_04_芝,kyori_tekisei+uma_start_shisu+manken_shirushi,kyori_tekisei,uma_start_shisu,manken_shirushi,8,917,78.79,8.75,72.73,False
KEIBAJO_SURFACE_04_芝,umakigo_code+rotation+ten_shisu_juni,umakigo_code,rotation,ten_shisu_juni,30,4393,76.27,9.91,72.73,False
KEIBAJO_SURFACE_04_芝,pace_yoso+joken_class_code+nyukyu_nannichimae,pace_yoso,joken_class_code,nyukyu_nannichimae,25,3680,76.37,9.32,72.72,False
KEIBAJO_SURFACE_04_芝,joshodo_code+ichi_shisu+umakigo_code,joshodo_code,ichi_shisu,umakigo_code,70,11023,75.56,12.13,72.72,False
KEIBAJO_SURFACE_04_芝,joshodo_code+ten_shisu_juni+gekiso_juni,joshodo_code,ten_shisu_juni,gekiso_juni,19,2162,77.35,10.39,72.68,False
KEIBAJO_SURFACE_04_芝,kyori_kubun+shiba_tekisei_code+uma_deokure_ritsu,kyori_kubun,shiba_tekisei_code,uma_deokure_ritsu,18,6208,75.51,6.13,72.68,False
KEIBAJO_SURFACE_04_芝,pace_yoso+joken_class_code+kyori_kubun,pace_yoso,joken_class_code,kyori_kubun,31,17476,73.37,2.13,72.62,False
KEIBAJO_SURFACE_04_芝,shiba_tekisei_code+uma_start_shisu+rotation,shiba_tekisei_code,uma_start_shisu,rotation,17,3049,76.75,8.7,72.62,False
KEIBAJO_SURFACE_04_芝,joken_class_code+ichi_shisu+nyukyu_nannichimae,joken_class_code,ichi_shisu,nyukyu_nannichimae,7,821,79.54,9.39,72.58,False
KEIBAJO_SURFACE_04_芝,joken_class_code+umakigo_code+rotation,joken_class_code,umakigo_code,rotation,39,11068,75.52,9.39,72.57,False
KEIBAJO_SURFACE_04_芝,pace_yoso+joken_class_code+joshodo_code,pace_yoso,joken_class_code,joshodo_code,13,17328,73.46,1.64,72.56,False
KEIBAJO_SURFACE_04_芝,pace_yoso+uma_start_shisu+agari_shisu_juni,pace_yoso,uma_start_shisu,agari_shisu_juni,23,3417,77.01,10.91,72.55,False
KEIBAJO_SURFACE_04_芝,kyori_kubun+ten_shisu_juni+kyakushitsu,kyori_kubun,ten_shisu_juni,kyakushitsu,71,9500,75.24,11.69,72.52,False
KEIBAJO_SURFACE_04_芝,joshodo_code+uma_start_shisu+umakigo_code,joshodo_code,uma_start_shisu,umakigo_code,22,14270,76.49,9.52,72.51,False
KEIBAJO_SURFACE_04_芝,kyori_kubun+shiba_tekisei_code+uma_start_shisu,kyori_kubun,shiba_tekisei_code,uma_start_shisu,38,9041,75.27,8.81,72.47,False
KEIBAJO_SURFACE_04_芝,kyori_kubun+ls_shisu_juni+kyakushitsu,kyori_kubun,ls_shisu_juni,kyakushitsu,67,14466,75.2,11.53,72.44,False
KEIBAJO_SURFACE_04_芝,shiba_tekisei_code+rotation+agari_shisu_juni,shiba_tekisei_code,rotation,agari_shisu_juni,7,768,79.78,9.91,72.44,False
KEIBAJO_SURFACE_04_芝,shiba_tekisei_code+rotation+kyakushitsu,shiba_tekisei_code,rotation,kyakushitsu,47,8753,76.14,12.94,72.44,False
KEIBAJO_SURFACE_04_芝,joken_class_code+tenkai_kigo_code+rotation,joken_class_code,tenkai_kigo_code,rotation,33,7591,76.7,12.57,72.41,False
KEIBAJO_SURFACE_04_芝,pace_yoso+shiba_tekisei_code+rotation,pace_yoso,shiba_tekisei_code,rotation,47,10976,75.1,9.43,72.41,False
KEIBAJO_SURFACE_04_芝,joken_class_code+uma_start_shisu+rotation,joken_class_code,uma_start_shisu,rotation,10,2093,76.96,7.39,72.38,False
KEIBAJO_SURFACE_04_芝,joken_class_code+kyori_kubun+joshodo_code,joken_class_code,kyori_kubun,joshodo_code,22,17549,73.27,2.15,72.38,False
KEIBAJO_SURFACE_04_芝,pace_yoso+tenkai_kigo_code+rotation,pace_yoso,tenkai_kigo_code,rotation,37,9657,75.62,10.17,72.34,False
KEIBAJO_SURFACE_04_芝,umakigo_code+rotation+gekiso_juni,umakigo_code,rotation,gekiso_juni,32,4640,75.46,9.06,72.32,False
KEIBAJO_SURFACE_04_芝,pace_yoso+kyori_kubun+uma_deokure_ritsu,pace_yoso,kyori_kubun,uma_deokure_ritsu,29,7384,75.25,8.13,72.29,False
KEIBAJO_SURFACE_04_芝,shiba_tekisei_code+manken_shirushi+agari_shisu_juni,shiba_tekisei_code,manken_shirushi,agari_shisu_juni,7,912,77.24,6.69,72.28,False
KEIBAJO_SURFACE_04_芝,joken_class_code+tenkai_kigo_code+umakigo_code,joken_class_code,tenkai_kigo_code,umakigo_code,24,17065,75.57,8.29,72.25,False
KEIBAJO_SURFACE_04_芝,uma_start_shisu+umakigo_code+rotation,uma_start_shisu,umakigo_code,rotation,26,5474,75.81,9.34,72.22,False
KEIBAJO_SURFACE_04_芝,joken_class_code+uma_start_shisu+manken_shirushi,joken_class_code,uma_start_shisu,manken_shirushi,15,2090,77.99,11.4,72.22,False
KEIBAJO_SURFACE_04_芝,pace_yoso+joken_class_code+gekiso_juni,pace_yoso,joken_class_code,gekiso_juni,67,13265,74.52,9.67,72.21,False
KEIBAJO_SURFACE_04_芝,pace_yoso+joken_class_code+umakigo_code,pace_yoso,joken_class_code,umakigo_code,14,17422,73.51,2.48,72.21,False
KEIBAJO_SURFACE_04_芝,rotation+uma_deokure_ritsu+kyakushitsu,rotation,uma_deokure_ritsu,kyakushitsu,16,2775,77.63,11.1,72.19,False
KEIBAJO_SURFACE_04_芝,ichi_shisu+kyori_tekisei+nyukyu_nannichimae,ichi_shisu,kyori_tekisei,nyukyu_nannichimae,7,830,79.32,9.62,72.19,False
KEIBAJO_SURFACE_04_芝,pace_yoso+kyori_kubun+tenkai_kigo_code,pace_yoso,kyori_kubun,tenkai_kigo_code,38,17170,74.05,6.03,72.13,False
KEIBAJO_SURFACE_04_芝,umakigo_code+ten_shisu_juni+agari_shisu_juni,umakigo_code,ten_shisu_juni,agari_shisu_juni,24,3048,76.13,9.99,72.13,False
KEIBAJO_SURFACE_04_芝,ichi_shisu+nyukyu_nannichimae+kyakushitsu,ichi_shisu,nyukyu_nannichimae,kyakushitsu,7,816,78.99,9.28,72.12,False
KEIBAJO_SURFACE_04_芝,pace_yoso+joshodo_code+uma_deokure_ritsu,pace_yoso,joshodo_code,uma_deokure_ritsu,37,12437,76.29,12.98,72.11,False
KEIBAJO_SURFACE_04_芝,kyori_kubun+kyakushitsu+gekiso_juni,kyori_kubun,kyakushitsu,gekiso_juni,56,7162,75.46,12.81,72.1,False
KEIBAJO_SURFACE_04_芝,joken_class_code+joshodo_code+rotation,joken_class_code,joshodo_code,rotation,41,12011,74.9,9.13,72.1,False
KEIBAJO_SURFACE_04_芝,ls_shisu_juni+manken_shirushi+umakigo_code,ls_shisu_juni,manken_shirushi,umakigo_code,45,9261,75.04,10.07,72.09,False
KEIBAJO_SURFACE_04_芝,shiba_tekisei_code+uma_deokure_ritsu+kyakushitsu,shiba_tekisei_code,uma_deokure_ritsu,kyakushitsu,22,6847,77.53,13.01,72.09,False
KEIBAJO_SURFACE_04_芝,shiba_tekisei_code+kyori_tekisei+rotation,shiba_tekisei_code,kyori_tekisei,rotation,48,9693,75.48,12.04,72.08,False
KEIBAJO_SURFACE_04_芝,pace_yoso+joshodo_code+kyori_tekisei,pace_yoso,joshodo_code,kyori_tekisei,15,17070,74.53,4.88,72.06,False
KEIBAJO_SURFACE_04_芝,pace_yoso+umakigo_code+uma_deokure_ritsu,pace_yoso,umakigo_code,uma_deokure_ritsu,38,11836,76.44,13.91,72.02,False
KEIBAJO_SURFACE_04_芝,joshodo_code+manken_shisu+kyakushitsu,joshodo_code,manken_shisu,kyakushitsu,61,8219,75.07,12.16,72.02,False
KEIBAJO_SURFACE_04_芝,kyori_tekisei+rotation+uma_deokure_ritsu,kyori_tekisei,rotation,uma_deokure_ritsu,12,2080,77.99,10.57,72.01,False
KEIBAJO_SURFACE_04_芝,joken_class_code+manken_shirushi+kyakushitsu,joken_class_code,manken_shirushi,kyakushitsu,52,7604,74.95,10.88,71.99,False
KEIBAJO_SURFACE_04_芝,shiba_tekisei_code+kyori_tekisei+ls_shisu_juni,shiba_tekisei_code,kyori_tekisei,ls_shisu_juni,39,13045,74.63,8.4,71.99,False
KEIBAJO_SURFACE_04_芝,joken_class_code+uma_start_shisu+gekiso_juni,joken_class_code,uma_start_shisu,gekiso_juni,19,2637,76.68,10.44,71.98,False
KEIBAJO_SURFACE_04_芝,pace_yoso+uma_start_shisu+gekiso_juni,pace_yoso,uma_start_shisu,gekiso_juni,20,3209,75.57,8.2,71.98,False
KEIBAJO_SURFACE_04_芝,shiba_tekisei_code+joshodo_code+gekiso_juni,shiba_tekisei_code,joshodo_code,gekiso_juni,39,14279,74.4,7.82,71.95,False
KEIBAJO_SURFACE_04_芝,manken_shirushi+umakigo_code+agari_shisu_juni,manken_shirushi,umakigo_code,agari_shisu_juni,34,4850,75.38,10.3,71.92,False
KEIBAJO_SURFACE_04_芝,pace_yoso+joken_class_code+ls_shisu_juni,pace_yoso,joken_class_code,ls_shisu_juni,46,16244,74.53,9.02,71.92,False
KEIBAJO_SURFACE_04_芝,kyori_kubun+kyori_tekisei+rotation,kyori_kubun,kyori_tekisei,rotation,47,8281,75.02,10.84,71.92,False
KEIBAJO_SURFACE_04_芝,pace_yoso+shiba_tekisei_code+tenkai_kigo_code,pace_yoso,shiba_tekisei_code,tenkai_kigo_code,27,14771,74.86,7.8,71.92,False
KEIBAJO_SURFACE_04_芝,pace_yoso+uma_start_shisu+rotation,pace_yoso,uma_start_shisu,rotation,17,3103,76.85,10.39,71.91,False
KEIBAJO_SURFACE_04_芝,kyori_kubun+shiba_tekisei_code+ls_shisu_juni,kyori_kubun,shiba_tekisei_code,ls_shisu_juni,49,13465,75.17,11.65,71.91,False
KEIBAJO_SURFACE_04_芝,shiba_tekisei_code+manken_shisu+umakigo_code,shiba_tekisei_code,manken_shisu,umakigo_code,55,10242,74.79,10.97,71.89,False
KEIBAJO_SURFACE_04_芝,joshodo_code+kyori_tekisei+ls_shisu_juni,joshodo_code,kyori_tekisei,ls_shisu_juni,36,16745,74.49,7.97,71.89,False
KEIBAJO_SURFACE_04_芝,shiba_tekisei_code+rotation+uma_deokure_ritsu,shiba_tekisei_code,rotation,uma_deokure_ritsu,20,3721,76.98,11.65,71.88,False
KEIBAJO_SURFACE_04_芝,joken_class_code+kyori_kubun+rotation,joken_class_code,kyori_kubun,rotation,33,6351,75.36,10.24,71.87,False
KEIBAJO_SURFACE_04_芝,pace_yoso+joken_class_code+manken_shirushi,pace_yoso,joken_class_code,manken_shirushi,40,8763,74.5,8.56,71.85,False
KEIBAJO_SURFACE_04_芝,pace_yoso+uma_start_shisu+ls_shisu_juni,pace_yoso,uma_start_shisu,ls_shisu_juni,33,6986,75.04,9.36,71.84,False
KEIBAJO_SURFACE_04_芝,uma_start_shisu+manken_shirushi+umakigo_code,uma_start_shisu,manken_shirushi,umakigo_code,13,3225,76.42,8.43,71.84,False
KEIBAJO_SURFACE_04_芝,joken_class_code+nyukyu_nannichimae+kyakushitsu,joken_class_code,nyukyu_nannichimae,kyakushitsu,13,1501,76.4,8.39,71.84,False
KEIBAJO_SURFACE_04_芝,joshodo_code+uma_start_shisu+rotation,joshodo_code,uma_start_shisu,rotation,28,6015,74.9,8.28,71.83,False
KEIBAJO_SURFACE_04_芝,joken_class_code+joshodo_code+ls_shisu_juni,joken_class_code,joshodo_code,ls_shisu_juni,34,16549,74.6,8.25,71.82,False
KEIBAJO_SURFACE_04_芝,shiba_tekisei_code+umakigo_code+gekiso_juni,shiba_tekisei_code,umakigo_code,gekiso_juni,38,13346,74.34,7.94,71.81,False
KEIBAJO_SURFACE_04_芝,pace_yoso+shiba_tekisei_code+kyori_tekisei,pace_yoso,shiba_tekisei_code,kyori_tekisei,22,14603,74.32,6.03,71.8,False
KEIBAJO_SURFACE_04_芝,pace_yoso+shiba_tekisei_code+kyakushitsu,pace_yoso,shiba_tekisei_code,kyakushitsu,25,15023,74.53,6.99,71.79,False
KEIBAJO_SURFACE_04_芝,joshodo_code+ls_shisu_juni+manken_shirushi,joshodo_code,ls_shisu_juni,manken_shirushi,43,8299,74.81,10.32,71.73,False
KEIBAJO_SURFACE_04_芝,kyori_kubun+kyori_tekisei+manken_shirushi,kyori_kubun,kyori_tekisei,manken_shirushi,43,7997,74.98,10.91,71.72,False
KEIBAJO_SURFACE_04_芝,pace_yoso+kyori_kubun+shiba_tekisei_code,pace_yoso,kyori_kubun,shiba_tekisei_code,24,15050,73.9,5.44,71.72,False
KEIBAJO_SURFACE_04_芝,pace_yoso+joshodo_code+ls_shisu_juni,pace_yoso,joshodo_code,ls_shisu_juni,28,17187,75.05,9.0,71.72,False
KEIBAJO_SURFACE_04_芝,joken_class_code+rotation+agari_shisu_juni,joken_class_code,rotation,agari_shisu_juni,8,912,80.96,13.34,71.72,False
KEIBAJO_SURFACE_04_芝,shiba_tekisei_code+joshodo_code+manken_shisu,shiba_tekisei_code,joshodo_code,manken_shisu,57,11088,74.8,11.87,71.72,False
KEIBAJO_SURFACE_04_芝,joshodo_code+ls_shisu_juni+tenkai_kigo_code,joshodo_code,ls_shisu_juni,tenkai_kigo_code,37,16544,75.15,10.62,71.72,False
KEIBAJO_SURFACE_04_芝,ichi_shisu+nyukyu_nannichimae+umakigo_code,ichi_shisu,nyukyu_nannichimae,umakigo_code,6,701,78.09,7.96,71.72,False
KEIBAJO_SURFACE_04_芝,joshodo_code+manken_shirushi+gekiso_juni,joshodo_code,manken_shirushi,gekiso_juni,41,6362,74.83,10.18,71.71,False
KEIBAJO_SURFACE_04_芝,shiba_tekisei_code+umakigo_code+rotation,shiba_tekisei_code,umakigo_code,rotation,34,12091,74.7,8.93,71.69,False
KEIBAJO_SURFACE_04_芝,pace_yoso+uma_start_shisu+ten_shisu_juni,pace_yoso,uma_start_shisu,ten_shisu_juni,21,3401,76.75,11.83,71.69,False
KEIBAJO_SURFACE_04_芝,pace_yoso+joken_class_code+tenkai_kigo_code,pace_yoso,joken_class_code,tenkai_kigo_code,38,17365,74.97,10.4,71.66,False
KEIBAJO_SURFACE_04_芝,pace_yoso+joshodo_code+nyukyu_nannichimae,pace_yoso,joshodo_code,nyukyu_nannichimae,30,7111,74.99,9.34,71.65,False
KEIBAJO_SURFACE_04_芝,shiba_tekisei_code+joshodo_code+rotation,shiba_tekisei_code,joshodo_code,rotation,35,12931,74.54,8.72,71.65,False
KEIBAJO_SURFACE_04_芝,shiba_tekisei_code+agari_shisu_juni+gekiso_juni,shiba_tekisei_code,agari_shisu_juni,gekiso_juni,4,479,80.41,8.95,71.64,False
KEIBAJO_SURFACE_04_芝,manken_shisu+umakigo_code+kyakushitsu,manken_shisu,umakigo_code,kyakushitsu,53,7058,74.64,11.24,71.61,False
KEIBAJO_SURFACE_04_芝,kyori_kubun+joshodo_code+idm,kyori_kubun,joshodo_code,idm,20,2152,77.16,12.64,71.61,False
KEIBAJO_SURFACE_04_芝,kyori_kubun+umakigo_code+uma_deokure_ritsu,kyori_kubun,umakigo_code,uma_deokure_ritsu,30,9054,75.72,11.49,71.61,False
KEIBAJO_SURFACE_04_芝,joshodo_code+rotation+ten_shisu_juni,joshodo_code,rotation,ten_shisu_juni,33,4929,75.47,11.36,71.6,False
KEIBAJO_SURFACE_04_芝,pace_yoso+kyori_kubun+kyori_tekisei,pace_yoso,kyori_kubun,kyori_tekisei,29,16955,73.76,5.92,71.6,False
KEIBAJO_SURFACE_04_芝,shiba_tekisei_code+kyori_tekisei+tenkai_kigo_code,shiba_tekisei_code,kyori_tekisei,tenkai_kigo_code,28,13653,74.32,7.37,71.59,False
KEIBAJO_SURFACE_04_芝,joshodo_code+rotation+gekiso_juni,joshodo_code,rotation,gekiso_juni,33,4943,74.61,8.88,71.58,False
KEIBAJO_SURFACE_04_芝,pace_yoso+joken_class_code+kyakushitsu,pace_yoso,joken_class_code,kyakushitsu,36,17506,73.38,5.51,71.58,False
KEIBAJO_SURFACE_04_芝,shiba_tekisei_code+joshodo_code+idm,shiba_tekisei_code,joshodo_code,idm,41,6773,75.41,12.58,71.56,False
KEIBAJO_SURFACE_04_芝,kyori_kubun+shiba_tekisei_code+joshodo_code,kyori_kubun,shiba_tekisei_code,joshodo_code,11,14989,74.27,4.58,71.56,False
KEIBAJO_SURFACE_04_芝,kyori_kubun+kyori_tekisei+uma_deokure_ritsu,kyori_kubun,kyori_tekisei,uma_deokure_ritsu,21,6121,75.64,9.55,71.55,False
KEIBAJO_SURFACE_04_芝,joshodo_code+manken_shirushi+rotation,joshodo_code,manken_shirushi,rotation,24,3785,76.12,11.5,71.52,False
KEIBAJO_SURFACE_04_芝,joken_class_code+kyori_tekisei+rotation,joken_class_code,kyori_tekisei,rotation,33,6336,75.08,10.49,71.51,False
KEIBAJO_SURFACE_04_芝,joshodo_code+ls_shisu_juni+kyakushitsu,joshodo_code,ls_shisu_juni,kyakushitsu,36,17293,74.37,8.85,71.48,False
KEIBAJO_SURFACE_04_芝,shiba_tekisei_code+uma_start_shisu+ten_shisu_juni,shiba_tekisei_code,uma_start_shisu,ten_shisu_juni,22,3437,76.99,13.24,71.46,False
KEIBAJO_SURFACE_04_芝,kyori_tekisei+manken_shirushi+kyakushitsu,kyori_tekisei,manken_shirushi,kyakushitsu,37,4964,75.5,12.59,71.45,False
KEIBAJO_SURFACE_04_芝,shiba_tekisei_code+ten_shisu_juni+kyakushitsu,shiba_tekisei_code,ten_shisu_juni,kyakushitsu,65,10408,74.26,11.53,71.45,False
KEIBAJO_SURFACE_04_芝,shiba_tekisei_code+tenkai_kigo_code+rotation,shiba_tekisei_code,tenkai_kigo_code,rotation,35,9043,74.7,9.86,71.43,False
KEIBAJO_SURFACE_04_芝,joshodo_code+manken_shirushi+tenkai_kigo_code,joshodo_code,manken_shirushi,tenkai_kigo_code,30,8973,74.84,9.65,71.39,False
KEIBAJO_SURFACE_04_芝,pace_yoso+kyori_tekisei+tenkai_kigo_code,pace_yoso,kyori_tekisei,tenkai_kigo_code,37,16451,73.79,7.44,71.39,False
KEIBAJO_SURFACE_04_芝,joken_class_code+joshodo_code+tenkai_kigo_code,joken_class_code,joshodo_code,tenkai_kigo_code,25,17359,74.71,8.47,71.39,False
KEIBAJO_SURFACE_04_芝,tenkai_kigo_code+umakigo_code+rotation,tenkai_kigo_code,umakigo_code,rotation,32,11388,74.26,8.32,71.38,False
KEIBAJO_SURFACE_04_芝,kyori_kubun+kyori_tekisei+gekiso_juni,kyori_kubun,kyori_tekisei,gekiso_juni,61,10635,74.03,10.6,71.37,False
KEIBAJO_SURFACE_04_芝,shiba_tekisei_code+ls_shisu_juni+kyakushitsu,shiba_tekisei_code,ls_shisu_juni,kyakushitsu,51,13583,74.24,10.46,71.37,False
KEIBAJO_SURFACE_04_芝,manken_shirushi+umakigo_code+ten_shisu_juni,manken_shirushi,umakigo_code,ten_shisu_juni,37,4205,75.62,13.18,71.37,False
KEIBAJO_SURFACE_04_芝,joshodo_code+umakigo_code+uma_deokure_ritsu,joshodo_code,umakigo_code,uma_deokure_ritsu,32,13315,76.2,13.96,71.36,False
KEIBAJO_SURFACE_04_芝,shiba_tekisei_code+manken_shirushi+gekiso_juni,shiba_tekisei_code,manken_shirushi,gekiso_juni,12,1993,76.17,8.52,71.36,False
KEIBAJO_SURFACE_04_芝,uma_deokure_ritsu+ten_shisu_juni+kyakushitsu,uma_deokure_ritsu,ten_shisu_juni,kyakushitsu,22,3460,75.52,9.98,71.35,False
KEIBAJO_SURFACE_04_芝,joken_class_code+kyori_kubun+ten_shisu_juni,joken_class_code,kyori_kubun,ten_shisu_juni,59,9622,74.67,12.99,71.35,False
KEIBAJO_SURFACE_04_芝,pace_yoso+joshodo_code+manken_shisu,pace_yoso,joshodo_code,manken_shisu,58,11060,73.85,9.74,71.34,False
KEIBAJO_SURFACE_04_芝,shiba_tekisei_code+kyori_tekisei+kyakushitsu,shiba_tekisei_code,kyori_tekisei,kyakushitsu,31,14222,74.33,8.53,71.32,False
KEIBAJO_SURFACE_04_芝,joshodo_code+tenkai_kigo_code+rotation,joshodo_code,tenkai_kigo_code,rotation,32,12032,74.11,8.08,71.31,False
KEIBAJO_SURFACE_04_芝,joken_class_code+manken_shisu+umakigo_code,joken_class_code,manken_shisu,umakigo_code,58,10297,74.24,11.4,71.31,False
KEIBAJO_SURFACE_04_芝,nyukyu_nannichimae+tenkai_kigo_code+kyakushitsu,nyukyu_nannichimae,tenkai_kigo_code,kyakushitsu,15,2298,77.46,12.2,71.28,False
KEIBAJO_SURFACE_04_芝,pace_yoso+joshodo_code+rotation,pace_yoso,joshodo_code,rotation,33,13549,74.21,8.58,71.28,False
KEIBAJO_SURFACE_04_芝,joken_class_code+kyori_kubun+kyakushitsu,joken_class_code,kyori_kubun,kyakushitsu,48,16393,73.68,8.53,71.27,False
KEIBAJO_SURFACE_04_芝,pace_yoso+joshodo_code+manken_shirushi,pace_yoso,joshodo_code,manken_shirushi,30,10493,73.94,7.45,71.27,False
KEIBAJO_SURFACE_04_芝,shiba_tekisei_code+manken_shirushi+umakigo_code,shiba_tekisei_code,manken_shirushi,umakigo_code,21,8699,74.37,7.24,71.27,False
KEIBAJO_SURFACE_04_芝,pace_yoso+kyori_kubun+ten_shisu_juni,pace_yoso,kyori_kubun,ten_shisu_juni,74,13316,73.67,10.6,71.25,False
KEIBAJO_SURFACE_04_芝,kyori_kubun+kyori_tekisei+ten_shisu_juni,kyori_kubun,kyori_tekisei,ten_shisu_juni,63,10529,73.86,10.6,71.25,False
KEIBAJO_SURFACE_04_芝,pace_yoso+shiba_tekisei_code+gekiso_juni,pace_yoso,shiba_tekisei_code,gekiso_juni,56,12265,73.72,9.46,71.24,False
KEIBAJO_SURFACE_04_芝,joshodo_code+kyori_tekisei+tenkai_kigo_code,joshodo_code,kyori_tekisei,tenkai_kigo_code,24,17130,74.03,6.98,71.24,False
KEIBAJO_SURFACE_04_芝,pace_yoso+manken_shirushi+agari_shisu_juni,pace_yoso,manken_shirushi,agari_shisu_juni,6,710,78.08,8.55,71.24,False
KEIBAJO_SURFACE_04_芝,joken_class_code+kyori_kubun+manken_shirushi,joken_class_code,kyori_kubun,manken_shirushi,46,7633,73.98,9.5,71.23,False
KEIBAJO_SURFACE_04_芝,shiba_tekisei_code+nyukyu_nannichimae+uma_deokure_ritsu,shiba_tekisei_code,nyukyu_nannichimae,uma_deokure_ritsu,4,500,77.09,5.97,71.23,False
KEIBAJO_SURFACE_04_芝,kyori_kubun+joshodo_code+manken_shisu,kyori_kubun,joshodo_code,manken_shisu,65,8648,73.87,10.85,71.23,False
KEIBAJO_SURFACE_04_芝,shiba_tekisei_code+uma_start_shisu+kyakushitsu,shiba_tekisei_code,uma_start_shisu,kyakushitsu,42,10116,74.51,10.87,71.23,False
KEIBAJO_SURFACE_04_芝,joshodo_code+uma_deokure_ritsu+kyakushitsu,joshodo_code,uma_deokure_ritsu,kyakushitsu,31,10023,76.02,13.62,71.22,False
KEIBAJO_SURFACE_04_芝,pace_yoso+umakigo_code+rotation,pace_yoso,umakigo_code,rotation,33,12731,73.96,8.04,71.22,False
KEIBAJO_SURFACE_04_芝,pace_yoso+manken_shisu+umakigo_code,pace_yoso,manken_shisu,umakigo_code,64,12197,74.04,11.57,71.21,False
KEIBAJO_SURFACE_04_芝,kyori_kubun+manken_shisu+umakigo_code,kyori_kubun,manken_shisu,umakigo_code,74,10029,73.51,10.18,71.19,False
KEIBAJO_SURFACE_04_芝,shiba_tekisei_code+joshodo_code+manken_shirushi,shiba_tekisei_code,joshodo_code,manken_shirushi,21,9068,74.15,6.95,71.18,False
KEIBAJO_SURFACE_04_芝,pace_yoso+manken_shirushi+umakigo_code,pace_yoso,manken_shirushi,umakigo_code,22,10246,74.05,6.87,71.18,False
KEIBAJO_SURFACE_04_芝,kyori_kubun+joshodo_code+ls_shisu_juni,kyori_kubun,joshodo_code,ls_shisu_juni,38,16875,74.08,9.11,71.18,False
KEIBAJO_SURFACE_04_芝,shiba_tekisei_code+joshodo_code+kyakushitsu,shiba_tekisei_code,joshodo_code,kyakushitsu,12,15074,74.46,5.8,71.18,False
KEIBAJO_SURFACE_04_芝,kyori_kubun+uma_start_shisu+agari_shisu_juni,kyori_kubun,uma_start_shisu,agari_shisu_juni,15,1722,74.75,7.08,71.17,False
KEIBAJO_SURFACE_04_芝,shiba_tekisei_code+joshodo_code+ten_shisu_juni,shiba_tekisei_code,joshodo_code,ten_shisu_juni,36,13725,74.3,9.63,71.15,False
KEIBAJO_SURFACE_04_芝,joshodo_code+nyukyu_nannichimae+umakigo_code,joshodo_code,nyukyu_nannichimae,umakigo_code,24,7984,74.09,7.33,71.15,False
KEIBAJO_SURFACE_04_芝,joken_class_code+shiba_tekisei_code+agari_shisu_juni,joken_class_code,shiba_tekisei_code,agari_shisu_juni,47,10441,73.88,9.59,71.14,False
KEIBAJO_SURFACE_04_芝,kyori_kubun+kyori_tekisei+ls_shisu_juni,kyori_kubun,kyori_tekisei,ls_shisu_juni,57,15444,74.08,11.37,71.13,False
KEIBAJO_SURFACE_04_芝,shiba_tekisei_code+kyori_tekisei+umakigo_code,shiba_tekisei_code,kyori_tekisei,umakigo_code,14,14365,74.64,6.69,71.13,False
KEIBAJO_SURFACE_04_芝,kyori_tekisei+kyakushitsu+gekiso_juni,kyori_tekisei,kyakushitsu,gekiso_juni,47,6321,74.49,11.77,71.12,False
KEIBAJO_SURFACE_04_芝,kyori_kubun+joshodo_code+manken_shirushi,kyori_kubun,joshodo_code,manken_shirushi,32,9570,74.67,10.25,71.12,False
KEIBAJO_SURFACE_04_芝,kyori_kubun+shiba_tekisei_code+rotation,kyori_kubun,shiba_tekisei_code,rotation,52,9320,74.13,11.08,71.12,False
KEIBAJO_SURFACE_04_芝,pace_yoso+kyakushitsu+gekiso_juni,pace_yoso,kyakushitsu,gekiso_juni,74,12033,73.77,11.64,71.12,False
KEIBAJO_SURFACE_04_芝,shiba_tekisei_code+tenkai_kigo_code+umakigo_code,shiba_tekisei_code,tenkai_kigo_code,umakigo_code,17,14675,75.07,8.33,71.11,False
KEIBAJO_SURFACE_04_芝,umakigo_code+ten_shisu_juni+gekiso_juni,umakigo_code,ten_shisu_juni,gekiso_juni,43,5059,74.35,10.84,71.11,False
KEIBAJO_SURFACE_04_芝,joken_class_code+kyori_kubun+tenkai_kigo_code,joken_class_code,kyori_kubun,tenkai_kigo_code,45,16176,73.34,7.68,71.09,False
KEIBAJO_SURFACE_04_芝,kyori_kubun+joshodo_code+agari_shisu_juni,kyori_kubun,joshodo_code,agari_shisu_juni,62,15421,73.48,9.62,71.09,False
KEIBAJO_SURFACE_04_芝,joken_class_code+kyori_kubun+kyori_tekisei,joken_class_code,kyori_kubun,kyori_tekisei,34,16320,73.19,6.28,71.08,False
KEIBAJO_SURFACE_04_芝,kyori_kubun+kyori_tekisei+tenkai_kigo_code,kyori_kubun,kyori_tekisei,tenkai_kigo_code,38,15983,73.97,9.1,71.07,False
KEIBAJO_SURFACE_04_芝,kyori_kubun+joshodo_code+uma_deokure_ritsu,kyori_kubun,joshodo_code,uma_deokure_ritsu,32,9845,75.26,12.09,71.07,False
KEIBAJO_SURFACE_04_芝,pace_yoso+kyori_kubun+rotation,pace_yoso,kyori_kubun,rotation,52,10022,73.97,10.65,71.07,False
KEIBAJO_SURFACE_04_芝,joken_class_code+joshodo_code+uma_start_shisu,joken_class_code,joshodo_code,uma_start_shisu,37,12438,73.51,7.64,71.05,False
KEIBAJO_SURFACE_04_芝,shiba_tekisei_code+uma_start_shisu+umakigo_code,shiba_tekisei_code,uma_start_shisu,umakigo_code,35,12787,74.39,10.07,71.05,False
KEIBAJO_SURFACE_04_芝,joshodo_code+manken_shisu+umakigo_code,joshodo_code,manken_shisu,umakigo_code,44,13179,73.78,9.23,71.05,False
KEIBAJO_SURFACE_04_芝,joken_class_code+kyori_kubun+shiba_tekisei_code,joken_class_code,kyori_kubun,shiba_tekisei_code,28,14478,74.53,9.41,71.04,False
KEIBAJO_SURFACE_04_芝,shiba_tekisei_code+tenkai_kigo_code+agari_shisu_juni,shiba_tekisei_code,tenkai_kigo_code,agari_shisu_juni,33,11521,73.71,7.83,71.04,False
KEIBAJO_SURFACE_04_芝,kyori_kubun+manken_shirushi+kyakushitsu,kyori_kubun,manken_shirushi,kyakushitsu,43,5620,74.83,12.72,71.03,False
KEIBAJO_SURFACE_04_芝,kyori_tekisei+ls_shisu_juni+umakigo_code,kyori_tekisei,ls_shisu_juni,umakigo_code,30,16141,73.84,7.87,71.03,False
KEIBAJO_SURFACE_04_芝,joken_class_code+shiba_tekisei_code+joshodo_code,joken_class_code,shiba_tekisei_code,joshodo_code,11,14856,77.6,11.12,71.02,False
KEIBAJO_SURFACE_04_芝,pace_yoso+manken_shirushi+tenkai_kigo_code,pace_yoso,manken_shirushi,tenkai_kigo_code,42,8069,73.89,9.53,71.01,False
KEIBAJO_SURFACE_04_芝,joshodo_code+kyori_tekisei+manken_shirushi,joshodo_code,kyori_tekisei,manken_shirushi,40,10451,73.43,7.79,71.01,False
KEIBAJO_SURFACE_04_芝,kyori_kubun+tenkai_kigo_code+agari_shisu_juni,kyori_kubun,tenkai_kigo_code,agari_shisu_juni,56,13021,73.57,9.8,71.01,False
KEIBAJO_SURFACE_04_芝,shiba_tekisei_code+kyakushitsu+gekiso_juni,shiba_tekisei_code,kyakushitsu,gekiso_juni,60,9779,73.9,11.45,71.0,False
KEIBAJO_SURFACE_04_芝,kyori_tekisei+rotation+kyakushitsu,kyori_tekisei,rotation,kyakushitsu,34,5183,74.83,11.38,71.0,False
KEIBAJO_SURFACE_04_芝,manken_shirushi+umakigo_code+rotation,manken_shirushi,umakigo_code,rotation,24,3621,75.89,12.25,70.99,False
KEIBAJO_SURFACE_04_芝,joken_class_code+joshodo_code+umakigo_code,joken_class_code,joshodo_code,umakigo_code,11,17396,77.53,11.08,70.98,False
KEIBAJO_SURFACE_04_芝,joken_class_code+kyori_kubun+ls_shisu_juni,joken_class_code,kyori_kubun,ls_shisu_juni,57,14694,73.48,9.62,70.98,False
KEIBAJO_SURFACE_04_芝,pace_yoso+uma_deokure_ritsu+ten_shisu_juni,pace_yoso,uma_deokure_ritsu,ten_shisu_juni,22,3785,75.13,9.92,70.98,False
KEIBAJO_SURFACE_04_芝,kyori_tekisei+agari_shisu_juni+kyakushitsu,kyori_tekisei,agari_shisu_juni,kyakushitsu,49,6441,74.4,12.25,70.97,False
KEIBAJO_SURFACE_04_芝,joshodo_code+manken_shisu+kyori_tekisei,joshodo_code,manken_shisu,kyori_tekisei,72,8674,73.62,11.51,70.96,False
KEIBAJO_SURFACE_04_芝,kyori_kubun+rotation+kyakushitsu,kyori_kubun,rotation,kyakushitsu,40,6416,74.92,12.79,70.95,False
KEIBAJO_SURFACE_04_芝,shiba_tekisei_code+kyori_tekisei+uma_deokure_ritsu,shiba_tekisei_code,kyori_tekisei,uma_deokure_ritsu,23,6863,75.03,9.99,70.95,False
KEIBAJO_SURFACE_04_芝,joken_class_code+uma_deokure_ritsu+ten_shisu_juni,joken_class_code,uma_deokure_ritsu,ten_shisu_juni,19,3418,75.28,9.62,70.95,False
KEIBAJO_SURFACE_04_芝,joken_class_code+nyukyu_nannichimae+umakigo_code,joken_class_code,nyukyu_nannichimae,umakigo_code,35,6172,74.26,10.02,70.94,False
KEIBAJO_SURFACE_04_芝,joken_class_code+kyori_kubun+umakigo_code,joken_class_code,kyori_kubun,umakigo_code,22,17374,73.37,5.84,70.93,False
KEIBAJO_SURFACE_04_芝,kyori_kubun+shiba_tekisei_code+tenkai_kigo_code,kyori_kubun,shiba_tekisei_code,tenkai_kigo_code,35,14244,74.06,9.46,70.93,False
KEIBAJO_SURFACE_04_芝,shiba_tekisei_code+umakigo_code+ten_shisu_juni,shiba_tekisei_code,umakigo_code,ten_shisu_juni,35,12803,74.06,9.44,70.93,False
KEIBAJO_SURFACE_04_芝,kyori_kubun+shiba_tekisei_code+agari_shisu_juni,kyori_kubun,shiba_tekisei_code,agari_shisu_juni,66,10063,74.23,13.67,70.93,False
KEIBAJO_SURFACE_04_芝,kyori_kubun+umakigo_code+rotation,kyori_kubun,umakigo_code,rotation,43,12125,73.69,9.28,70.92,False
KEIBAJO_SURFACE_04_芝,kyori_kubun+kyori_tekisei+uma_start_shisu,kyori_kubun,kyori_tekisei,uma_start_shisu,39,8926,74.07,10.03,70.92,False
KEIBAJO_SURFACE_04_芝,joken_class_code+kyori_kubun+uma_start_shisu,joken_class_code,kyori_kubun,uma_start_shisu,34,7509,73.73,8.37,70.91,False
KEIBAJO_SURFACE_04_芝,shiba_tekisei_code+manken_shirushi+tenkai_kigo_code,shiba_tekisei_code,manken_shirushi,tenkai_kigo_code,25,6033,74.02,7.94,70.91,False
KEIBAJO_SURFACE_04_芝,joken_class_code+kyori_tekisei+tenkai_kigo_code,joken_class_code,kyori_tekisei,tenkai_kigo_code,41,15441,73.77,9.35,70.91,False
KEIBAJO_SURFACE_04_芝,pace_yoso+joshodo_code+tenkai_kigo_code,pace_yoso,joshodo_code,tenkai_kigo_code,19,17584,74.37,7.69,70.91,False
KEIBAJO_SURFACE_04_芝,pace_yoso+uma_deokure_ritsu+kyakushitsu,pace_yoso,uma_deokure_ritsu,kyakushitsu,31,7784,74.76,11.01,70.89,False
KEIBAJO_SURFACE_04_芝,pace_yoso+shiba_tekisei_code+ls_shisu_juni,pace_yoso,shiba_tekisei_code,ls_shisu_juni,38,14298,73.84,9.29,70.89,False
KEIBAJO_SURFACE_04_芝,pace_yoso+rotation+kyakushitsu,pace_yoso,rotation,kyakushitsu,50,9659,74.47,12.88,70.89,False
KEIBAJO_SURFACE_04_芝,joshodo_code+ichi_shisu+nyukyu_nannichimae,joshodo_code,ichi_shisu,nyukyu_nannichimae,6,651,77.72,8.55,70.88,False
KEIBAJO_SURFACE_04_芝,joken_class_code+shiba_tekisei_code+ls_shisu_juni,joken_class_code,shiba_tekisei_code,ls_shisu_juni,34,13023,73.83,8.78,70.88,False
KEIBAJO_SURFACE_04_芝,pace_yoso+joken_class_code+agari_shisu_juni,pace_yoso,joken_class_code,agari_shisu_juni,68,13339,73.61,11.48,70.88,False
KEIBAJO_SURFACE_04_芝,umakigo_code+rotation+kyakushitsu,umakigo_code,rotation,kyakushitsu,42,11856,74.13,10.72,70.88,False
KEIBAJO_SURFACE_04_芝,kyori_tekisei+manken_shirushi+umakigo_code,kyori_tekisei,manken_shirushi,umakigo_code,32,10133,73.69,8.1,70.88,False
KEIBAJO_SURFACE_04_芝,joshodo_code+tenkai_kigo_code+umakigo_code,joshodo_code,tenkai_kigo_code,umakigo_code,13,17370,75.03,7.66,70.87,False
KEIBAJO_SURFACE_04_芝,kyori_kubun+joshodo_code+rotation,kyori_kubun,joshodo_code,rotation,44,13010,73.59,9.19,70.87,False
KEIBAJO_SURFACE_04_芝,joken_class_code+uma_start_shisu+umakigo_code,joken_class_code,uma_start_shisu,umakigo_code,36,11747,73.09,6.79,70.87,False
KEIBAJO_SURFACE_04_芝,pace_yoso+joken_class_code+ten_shisu_juni,pace_yoso,joken_class_code,ten_shisu_juni,65,12978,73.57,11.08,70.87,False
KEIBAJO_SURFACE_04_芝,pace_yoso+kyori_kubun+kyakushitsu,pace_yoso,kyori_kubun,kyakushitsu,37,17159,73.15,7.1,70.86,False
KEIBAJO_SURFACE_04_芝,kyori_kubun+shiba_tekisei_code+kyori_tekisei,kyori_kubun,shiba_tekisei_code,kyori_tekisei,26,14552,74.12,8.51,70.86,False
KEIBAJO_SURFACE_04_芝,uma_start_shisu+agari_shisu_juni+kyakushitsu,uma_start_shisu,agari_shisu_juni,kyakushitsu,20,2684,76.68,13.29,70.86,False
KEIBAJO_SURFACE_04_芝,kyori_kubun+manken_shirushi+umakigo_code,kyori_kubun,manken_shirushi,umakigo_code,31,10328,74.22,9.52,70.86,False
KEIBAJO_SURFACE_04_芝,joken_class_code+joshodo_code+manken_shirushi,joken_class_code,joshodo_code,manken_shirushi,32,9512,73.81,8.54,70.85,False
KEIBAJO_SURFACE_04_芝,joken_class_code+ls_shisu_juni+kyakushitsu,joken_class_code,ls_shisu_juni,kyakushitsu,60,14060,73.61,10.96,70.84,False
KEIBAJO_SURFACE_04_芝,joshodo_code+uma_start_shisu+tenkai_kigo_code,joshodo_code,uma_start_shisu,tenkai_kigo_code,35,12519,73.82,9.0,70.84,False
KEIBAJO_SURFACE_04_芝,kyori_tekisei+umakigo_code+gekiso_juni,kyori_tekisei,umakigo_code,gekiso_juni,59,15600,73.37,9.92,70.84,False
KEIBAJO_SURFACE_04_芝,kyori_kubun+joshodo_code+uma_start_shisu,kyori_kubun,joshodo_code,uma_start_shisu,43,13337,73.23,7.98,70.84,False
KEIBAJO_SURFACE_04_芝,joshodo_code+rotation+kyakushitsu,joshodo_code,rotation,kyakushitsu,47,13093,74.14,11.61,70.82,False
KEIBAJO_SURFACE_04_芝,tenkai_kigo_code+umakigo_code+uma_deokure_ritsu,tenkai_kigo_code,umakigo_code,uma_deokure_ritsu,31,9909,75.99,14.69,70.82,False
KEIBAJO_SURFACE_04_芝,pace_yoso+kyori_kubun+ls_shisu_juni,pace_yoso,kyori_kubun,ls_shisu_juni,53,16447,73.33,9.38,70.81,False
KEIBAJO_SURFACE_04_芝,pace_yoso+kyori_kubun+umakigo_code,pace_yoso,kyori_kubun,umakigo_code,15,17489,72.87,4.09,70.8,False
KEIBAJO_SURFACE_04_芝,joken_class_code+joshodo_code+kyakushitsu,joken_class_code,joshodo_code,kyakushitsu,21,17589,72.92,4.97,70.8,False
KEIBAJO_SURFACE_04_芝,shiba_tekisei_code+uma_deokure_ritsu+ten_shisu_juni,shiba_tekisei_code,uma_deokure_ritsu,ten_shisu_juni,23,4098,75.13,10.63,70.78,False
KEIBAJO_SURFACE_04_芝,shiba_tekisei_code+joshodo_code+agari_shisu_juni,shiba_tekisei_code,joshodo_code,agari_shisu_juni,35,13711,73.39,7.89,70.78,False
KEIBAJO_SURFACE_04_芝,kyori_kubun+uma_deokure_ritsu+gekiso_juni,kyori_kubun,uma_deokure_ritsu,gekiso_juni,24,3077,74.62,9.6,70.78,False
KEIBAJO_SURFACE_04_芝,pace_yoso+joshodo_code+idm,pace_yoso,joshodo_code,idm,36,5867,74.8,12.31,70.78,False
KEIBAJO_SURFACE_04_芝,pace_yoso+joken_class_code+manken_shisu,pace_yoso,joken_class_code,manken_shisu,41,5557,73.83,9.96,70.78,False
KEIBAJO_SURFACE_04_芝,joken_class_code+shiba_tekisei_code+manken_shirushi,joken_class_code,shiba_tekisei_code,manken_shirushi,28,7310,74.36,9.69,70.77,False
KEIBAJO_SURFACE_04_芝,joshodo_code+tenkai_kigo_code+kyakushitsu,joshodo_code,tenkai_kigo_code,kyakushitsu,17,17544,73.98,6.79,70.76,False
KEIBAJO_SURFACE_04_芝,pace_yoso+joken_class_code+kyori_tekisei,pace_yoso,joken_class_code,kyori_tekisei,31,16950,73.32,7.32,70.75,False
KEIBAJO_SURFACE_04_芝,joshodo_code+manken_shirushi+umakigo_code,joshodo_code,manken_shirushi,umakigo_code,16,10129,74.06,6.75,70.75,False
KEIBAJO_SURFACE_04_芝,pace_yoso+kyori_kubun+gekiso_juni,pace_yoso,kyori_kubun,gekiso_juni,73,13045,73.31,11.15,70.75,False
KEIBAJO_SURFACE_04_芝,shiba_tekisei_code+uma_start_shisu+uma_deokure_ritsu,shiba_tekisei_code,uma_start_shisu,uma_deokure_ritsu,13,4164,77.13,11.75,70.74,False
KEIBAJO_SURFACE_04_芝,pace_yoso+kyori_kubun+manken_shirushi,pace_yoso,kyori_kubun,manken_shirushi,46,8845,73.76,10.47,70.73,False
KEIBAJO_SURFACE_04_芝,joken_class_code+kyori_tekisei+gekiso_juni,joken_class_code,kyori_tekisei,gekiso_juni,53,10165,73.84,11.54,70.73,False
KEIBAJO_SURFACE_04_芝,kyori_tekisei+nyukyu_nannichimae+umakigo_code,kyori_tekisei,nyukyu_nannichimae,umakigo_code,39,6022,74.57,12.29,70.72,False
KEIBAJO_SURFACE_04_芝,pace_yoso+joshodo_code+umakigo_code,pace_yoso,joshodo_code,umakigo_code,9,17549,73.89,4.87,70.71,False
KEIBAJO_SURFACE_04_芝,joshodo_code+kyori_tekisei+rotation,joshodo_code,kyori_tekisei,rotation,50,12801,73.55,10.32,70.69,False
KEIBAJO_SURFACE_04_芝,joshodo_code+ls_shisu_juni+agari_shisu_juni,joshodo_code,ls_shisu_juni,agari_shisu_juni,58,11568,73.53,11.06,70.69,False
KEIBAJO_SURFACE_04_芝,joshodo_code+umakigo_code+idm,joshodo_code,umakigo_code,idm,38,8218,74.29,11.38,70.68,False
KEIBAJO_SURFACE_04_芝,kyori_kubun+joshodo_code+ten_shisu_juni,kyori_kubun,joshodo_code,ten_shisu_juni,67,15996,73.06,9.96,70.68,False
KEIBAJO_SURFACE_04_芝,kyori_tekisei+ls_shisu_juni+tenkai_kigo_code,kyori_tekisei,ls_shisu_juni,tenkai_kigo_code,52,12884,73.44,10.17,70.68,False
KEIBAJO_SURFACE_04_芝,manken_shirushi+umakigo_code+gekiso_juni,manken_shirushi,umakigo_code,gekiso_juni,46,7402,73.94,11.3,70.68,False
KEIBAJO_SURFACE_04_芝,kyori_kubun+kyori_tekisei+umakigo_code,kyori_kubun,kyori_tekisei,umakigo_code,17,16729,73.32,5.56,70.67,False
KEIBAJO_SURFACE_04_芝,kyori_tekisei+umakigo_code+rotation,kyori_tekisei,umakigo_code,rotation,49,11972,73.63,10.61,70.66,False
KEIBAJO_SURFACE_04_芝,tenkai_kigo_code+uma_deokure_ritsu+ten_shisu_juni,tenkai_kigo_code,uma_deokure_ritsu,ten_shisu_juni,15,3119,75.3,9.21,70.64,False
KEIBAJO_SURFACE_04_芝,pace_yoso+ls_shisu_juni+tenkai_kigo_code,pace_yoso,ls_shisu_juni,tenkai_kigo_code,50,15417,73.16,9.16,70.62,False
KEIBAJO_SURFACE_04_芝,joken_class_code+joshodo_code+idm,joken_class_code,joshodo_code,idm,37,6247,74.38,11.7,70.61,False
KEIBAJO_SURFACE_04_芝,manken_shisu+kyori_tekisei+umakigo_code,manken_shisu,kyori_tekisei,umakigo_code,70,9507,73.18,11.08,70.58,False
KEIBAJO_SURFACE_04_芝,kyori_kubun+umakigo_code+ten_shisu_juni,kyori_kubun,umakigo_code,ten_shisu_juni,58,16065,73.13,9.9,70.58,False
KEIBAJO_SURFACE_04_芝,kyori_kubun+nyukyu_nannichimae+umakigo_code,kyori_kubun,nyukyu_nannichimae,umakigo_code,34,6019,74.0,10.15,70.58,False
KEIBAJO_SURFACE_04_芝,joken_class_code+shiba_tekisei_code+rotation,joken_class_code,shiba_tekisei_code,rotation,35,9173,74.27,11.16,70.58,False
KEIBAJO_SURFACE_04_芝,shiba_tekisei_code+kyori_tekisei+uma_start_shisu,shiba_tekisei_code,kyori_tekisei,uma_start_shisu,39,9717,73.41,9.06,70.57,False
KEIBAJO_SURFACE_04_芝,kyori_tekisei+uma_start_shisu+umakigo_code,kyori_tekisei,uma_start_shisu,umakigo_code,42,11866,73.2,8.68,70.57,False
KEIBAJO_SURFACE_04_芝,kyori_kubun+shiba_tekisei_code+manken_shirushi,kyori_kubun,shiba_tekisei_code,manken_shirushi,43,7259,73.48,9.77,70.56,False
KEIBAJO_SURFACE_04_芝,kyori_kubun+manken_shirushi+tenkai_kigo_code,kyori_kubun,manken_shirushi,tenkai_kigo_code,34,5710,73.93,10.02,70.56,False
KEIBAJO_SURFACE_04_芝,pace_yoso+shiba_tekisei_code+uma_deokure_ritsu,pace_yoso,shiba_tekisei_code,uma_deokure_ritsu,30,8813,74.59,11.32,70.54,False
KEIBAJO_SURFACE_04_芝,joken_class_code+joshodo_code+kyori_tekisei,joken_class_code,joshodo_code,kyori_tekisei,18,16912,72.82,4.95,70.53,False
KEIBAJO_SURFACE_04_芝,pace_yoso+ls_shisu_juni+kyakushitsu,pace_yoso,ls_shisu_juni,kyakushitsu,53,15603,73.12,9.64,70.53,False
KEIBAJO_SURFACE_04_芝,pace_yoso+umakigo_code+gekiso_juni,pace_yoso,umakigo_code,gekiso_juni,40,16124,72.83,7.4,70.53,False
KEIBAJO_SURFACE_04_芝,kyori_tekisei+ls_shisu_juni+kyakushitsu,kyori_tekisei,ls_shisu_juni,kyakushitsu,67,14098,73.66,13.1,70.53,False
KEIBAJO_SURFACE_04_芝,shiba_tekisei_code+umakigo_code+idm,shiba_tekisei_code,umakigo_code,idm,38,6092,74.79,13.42,70.52,False
KEIBAJO_SURFACE_04_芝,joken_class_code+tenkai_kigo_code+uma_deokure_ritsu,joken_class_code,tenkai_kigo_code,uma_deokure_ritsu,27,7162,74.64,10.92,70.52,False
KEIBAJO_SURFACE_04_芝,joshodo_code+umakigo_code+rotation,joshodo_code,umakigo_code,rotation,20,13587,73.4,6.64,70.49,False
KEIBAJO_SURFACE_04_芝,pace_yoso+kyori_tekisei+rotation,pace_yoso,kyori_tekisei,rotation,51,9289,73.74,11.83,70.49,False
KEIBAJO_SURFACE_04_芝,pace_yoso+tenkai_kigo_code+umakigo_code,pace_yoso,tenkai_kigo_code,umakigo_code,18,17425,73.82,7.21,70.49,False
KEIBAJO_SURFACE_04_芝,pace_yoso+kyori_tekisei+agari_shisu_juni,pace_yoso,kyori_tekisei,agari_shisu_juni,71,12126,73.71,13.91,70.48,False
KEIBAJO_SURFACE_04_芝,shiba_tekisei_code+ls_shisu_juni+umakigo_code,shiba_tekisei_code,ls_shisu_juni,umakigo_code,25,14429,75.32,12.39,70.46,False
KEIBAJO_SURFACE_04_芝,pace_yoso+shiba_tekisei_code+agari_shisu_juni,pace_yoso,shiba_tekisei_code,agari_shisu_juni,55,11894,73.4,11.14,70.45,False
KEIBAJO_SURFACE_04_芝,joken_class_code+kyori_tekisei+kyakushitsu,joken_class_code,kyori_tekisei,kyakushitsu,49,16152,72.98,9.12,70.43,False
KEIBAJO_SURFACE_04_芝,kyori_kubun+umakigo_code+agari_shisu_juni,kyori_kubun,umakigo_code,agari_shisu_juni,56,15940,73.08,10.14,70.43,False
KEIBAJO_SURFACE_04_芝,joshodo_code+kyori_tekisei+uma_start_shisu,joshodo_code,kyori_tekisei,uma_start_shisu,42,12542,72.84,8.03,70.42,False
KEIBAJO_SURFACE_04_芝,ls_shisu_juni+tenkai_kigo_code+umakigo_code,ls_shisu_juni,tenkai_kigo_code,umakigo_code,37,16857,73.81,10.51,70.42,False
KEIBAJO_SURFACE_04_芝,pace_yoso+manken_shirushi+kyakushitsu,pace_yoso,manken_shirushi,kyakushitsu,51,8673,73.6,11.59,70.42,False
KEIBAJO_SURFACE_04_芝,joken_class_code+nyukyu_nannichimae+tenkai_kigo_code,joken_class_code,nyukyu_nannichimae,tenkai_kigo_code,18,2316,76.56,13.33,70.41,False
KEIBAJO_SURFACE_04_芝,joken_class_code+ls_shisu_juni+tenkai_kigo_code,joken_class_code,ls_shisu_juni,tenkai_kigo_code,48,13495,72.98,9.08,70.41,False
KEIBAJO_SURFACE_04_芝,joken_class_code+shiba_tekisei_code+kyakushitsu,joken_class_code,shiba_tekisei_code,kyakushitsu,28,14331,72.92,6.77,70.41,False
KEIBAJO_SURFACE_04_芝,ls_shisu_juni+umakigo_code+ten_shisu_juni,ls_shisu_juni,umakigo_code,ten_shisu_juni,68,13279,73.16,11.57,70.41,False
KEIBAJO_SURFACE_04_芝,joken_class_code+manken_shirushi+umakigo_code,joken_class_code,manken_shirushi,umakigo_code,24,9232,73.8,8.48,70.4,False
KEIBAJO_SURFACE_04_芝,joshodo_code+tenkai_kigo_code+uma_deokure_ritsu,joshodo_code,tenkai_kigo_code,uma_deokure_ritsu,30,10354,75.3,13.7,70.39,False
KEIBAJO_SURFACE_04_芝,joken_class_code+rotation+kyakushitsu,joken_class_code,rotation,kyakushitsu,32,6204,75.16,13.75,70.39,False
KEIBAJO_SURFACE_04_芝,kyori_tekisei+nyukyu_nannichimae+kyakushitsu,kyori_tekisei,nyukyu_nannichimae,kyakushitsu,8,921,77.24,9.92,70.36,False
KEIBAJO_SURFACE_04_芝,uma_start_shisu+rotation+kyakushitsu,uma_start_shisu,rotation,kyakushitsu,13,2184,76.81,11.86,70.36,False
KEIBAJO_SURFACE_04_芝,shiba_tekisei_code+tenkai_kigo_code+kyakushitsu,shiba_tekisei_code,tenkai_kigo_code,kyakushitsu,28,14658,73.82,9.34,70.36,False
KEIBAJO_SURFACE_04_芝,pace_yoso+joken_class_code+shiba_tekisei_code,pace_yoso,joken_class_code,shiba_tekisei_code,18,14718,76.46,13.24,70.35,False
KEIBAJO_SURFACE_04_芝,joken_class_code+kyori_tekisei+uma_deokure_ritsu,joken_class_code,kyori_tekisei,uma_deokure_ritsu,17,5728,74.03,7.76,70.34,False
KEIBAJO_SURFACE_04_芝,kyori_kubun+shiba_tekisei_code+ten_shisu_juni,kyori_kubun,shiba_tekisei_code,ten_shisu_juni,68,9978,73.51,13.34,70.34,False
KEIBAJO_SURFACE_04_芝,kyori_kubun+uma_start_shisu+umakigo_code,kyori_kubun,uma_start_shisu,umakigo_code,43,12608,72.9,8.6,70.33,False
KEIBAJO_SURFACE_04_芝,shiba_tekisei_code+manken_shirushi+kyakushitsu,shiba_tekisei_code,manken_shirushi,kyakushitsu,38,6814,73.52,10.01,70.33,False
KEIBAJO_SURFACE_04_芝,joken_class_code+umakigo_code+kyakushitsu,joken_class_code,umakigo_code,kyakushitsu,24,17408,72.46,5.36,70.32,False
KEIBAJO_SURFACE_04_芝,pace_yoso+kyori_tekisei+ls_shisu_juni,pace_yoso,kyori_tekisei,ls_shisu_juni,49,15621,72.53,7.95,70.3,False
KEIBAJO_SURFACE_04_芝,pace_yoso+umakigo_code+ten_shisu_juni,pace_yoso,umakigo_code,ten_shisu_juni,42,16314,72.41,6.99,70.29,False
KEIBAJO_SURFACE_04_芝,joken_class_code+manken_shirushi+uma_deokure_ritsu,joken_class_code,manken_shirushi,uma_deokure_ritsu,16,2702,75.09,9.8,70.29,False
KEIBAJO_SURFACE_04_芝,kyori_tekisei+tenkai_kigo_code+kyakushitsu,kyori_tekisei,tenkai_kigo_code,kyakushitsu,44,16703,73.63,11.34,70.28,False
KEIBAJO_SURFACE_04_芝,joshodo_code+rotation+uma_deokure_ritsu,joshodo_code,rotation,uma_deokure_ritsu,16,4797,74.09,7.77,70.28,False
KEIBAJO_SURFACE_04_芝,joken_class_code+ls_shisu_juni+umakigo_code,joken_class_code,ls_shisu_juni,umakigo_code,29,16227,73.43,8.66,70.28,False
KEIBAJO_SURFACE_04_芝,shiba_tekisei_code+tenkai_kigo_code+gekiso_juni,shiba_tekisei_code,tenkai_kigo_code,gekiso_juni,39,9137,73.6,10.64,70.26,False
KEIBAJO_SURFACE_04_芝,joken_class_code+kyori_tekisei+uma_start_shisu,joken_class_code,kyori_tekisei,uma_start_shisu,36,7706,72.82,7.85,70.26,False
KEIBAJO_SURFACE_04_芝,ls_shisu_juni+tenkai_kigo_code+agari_shisu_juni,ls_shisu_juni,tenkai_kigo_code,agari_shisu_juni,48,9335,73.29,10.69,70.26,False
KEIBAJO_SURFACE_04_芝,pace_yoso+joshodo_code+agari_shisu_juni,pace_yoso,joshodo_code,agari_shisu_juni,49,16304,72.94,9.59,70.25,False
KEIBAJO_SURFACE_04_芝,joken_class_code+shiba_tekisei_code+tenkai_kigo_code,joken_class_code,shiba_tekisei_code,tenkai_kigo_code,29,14134,73.17,8.05,70.24,False
KEIBAJO_SURFACE_04_芝,pace_yoso+shiba_tekisei_code+ten_shisu_juni,pace_yoso,shiba_tekisei_code,ten_shisu_juni,55,11719,73.34,11.77,70.23,False
KEIBAJO_SURFACE_04_芝,uma_start_shisu+umakigo_code+kyakushitsu,uma_start_shisu,umakigo_code,kyakushitsu,38,12744,73.06,8.89,70.23,False
KEIBAJO_SURFACE_04_芝,uma_start_shisu+umakigo_code+agari_shisu_juni,uma_start_shisu,umakigo_code,agari_shisu_juni,23,4993,74.52,10.49,70.23,False
KEIBAJO_SURFACE_04_芝,pace_yoso+agari_shisu_juni+kyakushitsu,pace_yoso,agari_shisu_juni,kyakushitsu,71,12344,73.23,12.91,70.22,False
KEIBAJO_SURFACE_04_芝,kyori_kubun+shiba_tekisei_code+gekiso_juni,kyori_kubun,shiba_tekisei_code,gekiso_juni,65,10295,73.05,11.69,70.21,False
KEIBAJO_SURFACE_04_芝,kyori_kubun+ls_shisu_juni+umakigo_code,kyori_kubun,ls_shisu_juni,umakigo_code,30,16739,73.34,8.76,70.2,False
KEIBAJO_SURFACE_04_芝,kyori_kubun+uma_deokure_ritsu+ten_shisu_juni,kyori_kubun,uma_deokure_ritsu,ten_shisu_juni,22,3084,74.81,11.04,70.2,False
KEIBAJO_SURFACE_04_芝,shiba_tekisei_code+joshodo_code+uma_start_shisu,shiba_tekisei_code,joshodo_code,uma_start_shisu,35,13462,73.54,10.11,70.19,False
KEIBAJO_SURFACE_04_芝,pace_yoso+ten_shisu_juni+kyakushitsu,pace_yoso,ten_shisu_juni,kyakushitsu,71,12873,72.82,11.3,70.19,False
KEIBAJO_SURFACE_04_芝,joshodo_code+kyori_tekisei+gekiso_juni,joshodo_code,kyori_tekisei,gekiso_juni,69,15880,72.55,10.06,70.18,False
KEIBAJO_SURFACE_04_芝,kyori_kubun+umakigo_code+gekiso_juni,kyori_kubun,umakigo_code,gekiso_juni,57,16073,72.64,9.53,70.17,False
KEIBAJO_SURFACE_04_芝,shiba_tekisei_code+manken_shisu+kyori_tekisei,shiba_tekisei_code,manken_shisu,kyori_tekisei,22,2539,75.4,12.51,70.17,False
KEIBAJO_SURFACE_04_芝,uma_deokure_ritsu+agari_shisu_juni+kyakushitsu,uma_deokure_ritsu,agari_shisu_juni,kyakushitsu,22,3048,74.61,10.63,70.17,False
KEIBAJO_SURFACE_04_芝,uma_start_shisu+ten_shisu_juni+kyakushitsu,uma_start_shisu,ten_shisu_juni,kyakushitsu,19,2805,74.91,10.56,70.16,False
KEIBAJO_SURFACE_04_芝,manken_shirushi+kyakushitsu+gekiso_juni,manken_shirushi,kyakushitsu,gekiso_juni,4,541,81.34,11.42,70.15,False
KEIBAJO_SURFACE_04_芝,joken_class_code+shiba_tekisei_code+kyori_tekisei,joken_class_code,shiba_tekisei_code,kyori_tekisei,26,14130,72.68,6.58,70.15,False
KEIBAJO_SURFACE_04_芝,pace_yoso+kyori_kubun+agari_shisu_juni,pace_yoso,kyori_kubun,agari_shisu_juni,74,13162,72.87,11.99,70.13,False
KEIBAJO_SURFACE_04_芝,kyori_kubun+kyori_tekisei+agari_shisu_juni,kyori_kubun,kyori_tekisei,agari_shisu_juni,65,10642,73.26,12.9,70.13,False
KEIBAJO_SURFACE_04_芝,shiba_tekisei_code+uma_start_shisu+gekiso_juni,shiba_tekisei_code,uma_start_shisu,gekiso_juni,20,3237,74.47,9.92,70.13,False
KEIBAJO_SURFACE_04_芝,pace_yoso+joshodo_code+gekiso_juni,pace_yoso,joshodo_code,gekiso_juni,49,16195,72.54,8.59,70.13,False
KEIBAJO_SURFACE_04_芝,kyori_kubun+tenkai_kigo_code+rotation,kyori_kubun,tenkai_kigo_code,rotation,43,8539,73.35,10.76,70.13,False
KEIBAJO_SURFACE_04_芝,shiba_tekisei_code+ten_shisu_juni+gekiso_juni,shiba_tekisei_code,ten_shisu_juni,gekiso_juni,3,322,85.53,13.63,70.11,False
KEIBAJO_SURFACE_04_芝,joken_class_code+joshodo_code+manken_shisu,joken_class_code,joshodo_code,manken_shisu,56,8877,73.0,11.07,70.1,False
KEIBAJO_SURFACE_04_芝,uma_start_shisu+joho_shisu+manken_shirushi,uma_start_shisu,joho_shisu,manken_shirushi,3,312,81.87,10.43,70.08,False
KEIBAJO_SURFACE_04_芝,umakigo_code+rotation+agari_shisu_juni,umakigo_code,rotation,agari_shisu_juni,30,4506,74.63,12.74,70.07,False
KEIBAJO_SURFACE_04_芝,pace_yoso+joshodo_code+kyakushitsu,pace_yoso,joshodo_code,kyakushitsu,14,17513,73.02,5.66,70.06,False
KEIBAJO_SURFACE_04_芝,shiba_tekisei_code+ls_shisu_juni+tenkai_kigo_code,shiba_tekisei_code,ls_shisu_juni,tenkai_kigo_code,40,12457,73.39,10.73,70.06,False
KEIBAJO_SURFACE_04_芝,joshodo_code+rotation+agari_shisu_juni,joshodo_code,rotation,agari_shisu_juni,32,4941,74.01,11.43,70.05,False
KEIBAJO_SURFACE_04_芝,pace_yoso+joshodo_code+ten_shisu_juni,pace_yoso,joshodo_code,ten_shisu_juni,49,16543,72.32,8.14,70.04,False
KEIBAJO_SURFACE_04_芝,pace_yoso+kyori_tekisei+kyakushitsu,pace_yoso,kyori_tekisei,kyakushitsu,37,16865,72.84,8.67,70.04,False
KEIBAJO_SURFACE_04_芝,kyori_kubun+ls_shisu_juni+tenkai_kigo_code,kyori_kubun,ls_shisu_juni,tenkai_kigo_code,52,13635,73.07,11.18,70.03,False
KEIBAJO_SURFACE_04_芝,joshodo_code+manken_shisu+uma_start_shisu,joshodo_code,manken_shisu,uma_start_shisu,22,2813,74.82,11.45,70.03,False
KEIBAJO_SURFACE_04_芝,uma_start_shisu+tenkai_kigo_code+umakigo_code,uma_start_shisu,tenkai_kigo_code,umakigo_code,32,11629,73.45,9.89,70.03,False
KEIBAJO_SURFACE_04_芝,ichi_shisu+kyori_tekisei+tenkai_kigo_code,ichi_shisu,kyori_tekisei,tenkai_kigo_code,3,2270,73.36,2.95,70.03,False
KEIBAJO_SURFACE_04_芝,ls_shisu_juni+rotation+uma_deokure_ritsu,ls_shisu_juni,rotation,uma_deokure_ritsu,10,1456,78.11,13.06,70.02,False
KEIBAJO_SURFACE_04_芝,manken_shirushi+tenkai_kigo_code+umakigo_code,manken_shirushi,tenkai_kigo_code,umakigo_code,35,10047,72.96,8.89,70.01,False
KEIBAJO_SURFACE_04_芝,kyori_tekisei+umakigo_code+kyakushitsu,kyori_tekisei,umakigo_code,kyakushitsu,18,16380,72.93,6.32,70.01,False
KEIBAJO_SURFACE_04_芝,kyori_tekisei+manken_shirushi+gekiso_juni,kyori_tekisei,manken_shirushi,gekiso_juni,5,706,81.06,12.63,70.0,False
KEIBAJO_SURFACE_04_芝,joken_class_code+shiba_tekisei_code+umakigo_code,joken_class_code,shiba_tekisei_code,umakigo_code,13,14670,76.46,11.92,69.99,False
KEIBAJO_SURFACE_04_芝,joken_class_code+kyori_tekisei+manken_shirushi,joken_class_code,kyori_tekisei,manken_shirushi,38,7061,73.31,10.43,69.99,False
KEIBAJO_SURFACE_04_芝,pace_yoso+umakigo_code+idm,pace_yoso,umakigo_code,idm,34,5279,73.82,11.46,69.97,False
KEIBAJO_SURFACE_04_芝,kyori_tekisei+umakigo_code+uma_deokure_ritsu,kyori_tekisei,umakigo_code,uma_deokure_ritsu,31,8664,73.95,11.31,69.97,False
KEIBAJO_SURFACE_04_芝,shiba_tekisei_code+uma_deokure_ritsu+agari_shisu_juni,shiba_tekisei_code,uma_deokure_ritsu,agari_shisu_juni,27,4243,74.36,11.68,69.96,False
KEIBAJO_SURFACE_04_芝,joshodo_code+manken_shisu+tenkai_kigo_code,joshodo_code,manken_shisu,tenkai_kigo_code,35,7649,73.42,10.43,69.96,False
KEIBAJO_SURFACE_04_芝,nyukyu_nannichimae+umakigo_code+kyakushitsu,nyukyu_nannichimae,umakigo_code,kyakushitsu,33,5392,73.88,11.52,69.95,False
KEIBAJO_SURFACE_04_芝,pace_yoso+joshodo_code+uma_start_shisu,pace_yoso,joshodo_code,uma_start_shisu,30,13846,72.37,6.84,69.92,False
KEIBAJO_SURFACE_04_芝,manken_shisu+tenkai_kigo_code+umakigo_code,manken_shisu,tenkai_kigo_code,umakigo_code,36,7347,73.41,10.72,69.91,False
KEIBAJO_SURFACE_04_芝,umakigo_code+kyakushitsu+gekiso_juni,umakigo_code,kyakushitsu,gekiso_juni,67,15461,72.47,10.7,69.91,False
KEIBAJO_SURFACE_04_芝,umakigo_code+rotation+uma_deokure_ritsu,umakigo_code,rotation,uma_deokure_ritsu,16,4564,73.91,8.21,69.89,False
KEIBAJO_SURFACE_04_芝,shiba_tekisei_code+ls_shisu_juni+rotation,shiba_tekisei_code,ls_shisu_juni,rotation,38,5865,73.55,11.48,69.89,False
KEIBAJO_SURFACE_04_芝,joken_class_code+ten_shisu_juni+kyakushitsu,joken_class_code,ten_shisu_juni,kyakushitsu,63,9732,72.94,12.41,69.88,False
KEIBAJO_SURFACE_04_芝,pace_yoso+joken_class_code+uma_start_shisu,pace_yoso,joken_class_code,uma_start_shisu,40,10175,72.64,8.92,69.88,False
KEIBAJO_SURFACE_04_芝,joshodo_code+ls_shisu_juni+uma_deokure_ritsu,joshodo_code,ls_shisu_juni,uma_deokure_ritsu,28,7977,75.88,16.2,69.88,False
KEIBAJO_SURFACE_04_芝,joho_shisu+manken_shirushi+tenkai_kigo_code,joho_shisu,manken_shirushi,tenkai_kigo_code,8,1609,74.58,6.79,69.88,False
KEIBAJO_SURFACE_04_芝,joken_class_code+joshodo_code+agari_shisu_juni,joken_class_code,joshodo_code,agari_shisu_juni,52,14206,72.63,10.17,69.87,False
KEIBAJO_SURFACE_04_芝,joshodo_code+kyori_tekisei+umakigo_code,joshodo_code,kyori_tekisei,umakigo_code,13,17107,73.08,5.9,69.87,False
KEIBAJO_SURFACE_04_芝,uma_start_shisu+umakigo_code+gekiso_juni,uma_start_shisu,umakigo_code,gekiso_juni,20,4673,73.69,8.76,69.85,False
KEIBAJO_SURFACE_04_芝,joken_class_code+shiba_tekisei_code+manken_shisu,joken_class_code,shiba_tekisei_code,manken_shisu,41,5647,73.75,12.74,69.85,False
KEIBAJO_SURFACE_04_芝,kyori_kubun+joshodo_code+gekiso_juni,kyori_kubun,joshodo_code,gekiso_juni,59,15072,72.67,11.07,69.84,False
KEIBAJO_SURFACE_04_芝,joken_class_code+shiba_tekisei_code+uma_start_shisu,joken_class_code,shiba_tekisei_code,uma_start_shisu,35,9933,73.17,10.06,69.84,False
KEIBAJO_SURFACE_04_芝,joken_class_code+rotation+uma_deokure_ritsu,joken_class_code,rotation,uma_deokure_ritsu,13,2879,74.93,9.35,69.84,False
KEIBAJO_SURFACE_04_芝,joken_class_code+joshodo_code+ten_shisu_juni,joken_class_code,joshodo_code,ten_shisu_juni,53,14604,72.52,9.97,69.83,False
KEIBAJO_SURFACE_04_芝,uma_start_shisu+ls_shisu_juni+rotation,uma_start_shisu,ls_shisu_juni,rotation,7,1053,79.57,13.16,69.82,False
KEIBAJO_SURFACE_04_芝,joshodo_code+manken_shisu+uma_deokure_ritsu,joshodo_code,manken_shisu,uma_deokure_ritsu,24,3443,74.09,10.68,69.82,False
KEIBAJO_SURFACE_04_芝,joken_class_code+umakigo_code+uma_deokure_ritsu,joken_class_code,umakigo_code,uma_deokure_ritsu,26,9347,74.71,12.71,69.82,False
KEIBAJO_SURFACE_04_芝,tenkai_kigo_code+rotation+agari_shisu_juni,tenkai_kigo_code,rotation,agari_shisu_juni,28,4222,74.59,12.92,69.81,False
KEIBAJO_SURFACE_04_芝,joshodo_code+uma_start_shisu+uma_deokure_ritsu,joshodo_code,uma_start_shisu,uma_deokure_ritsu,22,6303,73.94,9.89,69.81,False
KEIBAJO_SURFACE_04_芝,joken_class_code+manken_shirushi+tenkai_kigo_code,joken_class_code,manken_shirushi,tenkai_kigo_code,38,6823,72.77,9.33,69.8,False
KEIBAJO_SURFACE_04_芝,joken_class_code+shiba_tekisei_code+ten_shisu_juni,joken_class_code,shiba_tekisei_code,ten_shisu_juni,47,10218,72.94,10.98,69.8,False
KEIBAJO_SURFACE_04_芝,kyori_kubun+uma_start_shisu+ls_shisu_juni,kyori_kubun,uma_start_shisu,ls_shisu_juni,26,4767,74.29,11.7,69.79,False
KEIBAJO_SURFACE_04_芝,pace_yoso+kyori_tekisei+manken_shirushi,pace_yoso,kyori_tekisei,manken_shirushi,41,8120,72.84,9.94,69.79,False
KEIBAJO_SURFACE_04_芝,pace_yoso+ls_shisu_juni+umakigo_code,pace_yoso,ls_shisu_juni,umakigo_code,23,17024,74.59,11.75,69.79,False
KEIBAJO_SURFACE_04_芝,joshodo_code+uma_start_shisu+kyakushitsu,joshodo_code,uma_start_shisu,kyakushitsu,39,13562,72.67,9.19,69.79,False
KEIBAJO_SURFACE_04_芝,joshodo_code+ls_shisu_juni+ten_shisu_juni,joshodo_code,ls_shisu_juni,ten_shisu_juni,59,11263,72.75,11.65,69.78,False
KEIBAJO_SURFACE_04_芝,shiba_tekisei_code+kyori_tekisei+agari_shisu_juni,shiba_tekisei_code,kyori_tekisei,agari_shisu_juni,53,10339,72.88,11.55,69.77,False
KEIBAJO_SURFACE_04_芝,joken_class_code+kyori_tekisei+ls_shisu_juni,joken_class_code,kyori_tekisei,ls_shisu_juni,54,14106,72.31,9.56,69.76,False
KEIBAJO_SURFACE_04_芝,kyori_kubun+uma_deokure_ritsu+agari_shisu_juni,kyori_kubun,uma_deokure_ritsu,agari_shisu_juni,26,3003,75.32,14.49,69.75,False
KEIBAJO_SURFACE_04_芝,joken_class_code+kyakushitsu+gekiso_juni,joken_class_code,kyakushitsu,gekiso_juni,65,9170,72.91,13.13,69.71,False
KEIBAJO_SURFACE_04_芝,joshodo_code+kyori_tekisei+kyakushitsu,joshodo_code,kyori_tekisei,kyakushitsu,17,17017,72.6,6.09,69.7,False
KEIBAJO_SURFACE_04_芝,pace_yoso+kyori_tekisei+ten_shisu_juni,pace_yoso,kyori_tekisei,ten_shisu_juni,68,11933,72.33,11.12,69.69,False
KEIBAJO_SURFACE_04_芝,kyori_kubun+shiba_tekisei_code+nyukyu_nannichimae,kyori_kubun,shiba_tekisei_code,nyukyu_nannichimae,17,2035,74.55,10.21,69.69,False
KEIBAJO_SURFACE_04_芝,joken_class_code+ls_shisu_juni+rotation,joken_class_code,ls_shisu_juni,rotation,22,3768,74.41,11.34,69.67,False
KEIBAJO_SURFACE_04_芝,joshodo_code+kyori_tekisei+agari_shisu_juni,joshodo_code,kyori_tekisei,agari_shisu_juni,70,15846,72.26,11.07,69.67,False
KEIBAJO_SURFACE_04_芝,ls_shisu_juni+umakigo_code+gekiso_juni,ls_shisu_juni,umakigo_code,gekiso_juni,60,13012,72.47,11.15,69.65,False
KEIBAJO_SURFACE_04_芝,shiba_tekisei_code+tenkai_kigo_code+ten_shisu_juni,shiba_tekisei_code,tenkai_kigo_code,ten_shisu_juni,38,8849,73.36,11.67,69.65,False
KEIBAJO_SURFACE_04_芝,kyori_tekisei+tenkai_kigo_code+umakigo_code,kyori_tekisei,tenkai_kigo_code,umakigo_code,22,16583,73.58,9.4,69.65,False
KEIBAJO_SURFACE_04_芝,joken_class_code+agari_shisu_juni+kyakushitsu,joken_class_code,agari_shisu_juni,kyakushitsu,63,9447,73.28,14.68,69.65,False
KEIBAJO_SURFACE_04_芝,pace_yoso+tenkai_kigo_code+kyakushitsu,pace_yoso,tenkai_kigo_code,kyakushitsu,32,17285,72.57,8.41,69.65,False
KEIBAJO_SURFACE_04_芝,joshodo_code+manken_shirushi+kyakushitsu,joshodo_code,manken_shirushi,kyakushitsu,40,10748,72.66,9.72,69.64,False
KEIBAJO_SURFACE_04_芝,pace_yoso+shiba_tekisei_code+umakigo_code,pace_yoso,shiba_tekisei_code,umakigo_code,12,15034,73.52,6.86,69.64,False
KEIBAJO_SURFACE_04_芝,kyori_kubun+ls_shisu_juni+uma_deokure_ritsu,kyori_kubun,ls_shisu_juni,uma_deokure_ritsu,21,4723,74.79,12.04,69.64,False
KEIBAJO_SURFACE_04_芝,joken_class_code+kyori_tekisei+nyukyu_nannichimae,joken_class_code,kyori_tekisei,nyukyu_nannichimae,19,2521,75.33,12.68,69.63,False
KEIBAJO_SURFACE_04_芝,joshodo_code+ls_shisu_juni+gekiso_juni,joshodo_code,ls_shisu_juni,gekiso_juni,58,11857,72.94,12.85,69.63,False
KEIBAJO_SURFACE_04_芝,shiba_tekisei_code+umakigo_code+agari_shisu_juni,shiba_tekisei_code,umakigo_code,agari_shisu_juni,36,12990,72.35,8.38,69.61,False
KEIBAJO_SURFACE_04_芝,joken_class_code+umakigo_code+agari_shisu_juni,joken_class_code,umakigo_code,agari_shisu_juni,43,14084,72.58,9.96,69.61,False
KEIBAJO_SURFACE_04_芝,joshodo_code+uma_start_shisu+gekiso_juni,joshodo_code,uma_start_shisu,gekiso_juni,22,5150,74.89,12.63,69.61,False
KEIBAJO_SURFACE_04_芝,shiba_tekisei_code+agari_shisu_juni+kyakushitsu,shiba_tekisei_code,agari_shisu_juni,kyakushitsu,59,9952,73.06,13.56,69.6,False
KEIBAJO_SURFACE_04_芝,ls_shisu_juni+umakigo_code+kyakushitsu,ls_shisu_juni,umakigo_code,kyakushitsu,36,16537,72.96,10.36,69.58,False
KEIBAJO_SURFACE_04_芝,kyori_tekisei+umakigo_code+agari_shisu_juni,kyori_tekisei,umakigo_code,agari_shisu_juni,61,15650,72.39,11.2,69.58,False
KEIBAJO_SURFACE_04_芝,shiba_tekisei_code+uma_start_shisu+manken_shirushi,shiba_tekisei_code,uma_start_shisu,manken_shirushi,15,2434,75.55,11.8,69.58,False
KEIBAJO_SURFACE_04_芝,pace_yoso+shiba_tekisei_code+nyukyu_nannichimae,pace_yoso,shiba_tekisei_code,nyukyu_nannichimae,22,3718,74.09,10.84,69.57,False
KEIBAJO_SURFACE_04_芝,kyori_tekisei+uma_deokure_ritsu+gekiso_juni,kyori_tekisei,uma_deokure_ritsu,gekiso_juni,19,2326,74.56,11.11,69.56,False
KEIBAJO_SURFACE_04_芝,shiba_tekisei_code+kyori_tekisei+manken_shirushi,shiba_tekisei_code,kyori_tekisei,manken_shirushi,32,7204,72.59,8.77,69.55,False
KEIBAJO_SURFACE_04_芝,pace_yoso+kyori_kubun+ichi_shisu,pace_yoso,kyori_kubun,ichi_shisu,4,2130,71.8,2.29,69.55,False
KEIBAJO_SURFACE_04_芝,pace_yoso+kyori_kubun+uma_start_shisu,pace_yoso,kyori_kubun,uma_start_shisu,41,10073,72.49,9.7,69.52,False
KEIBAJO_SURFACE_04_芝,kyori_kubun+tenkai_kigo_code+kyakushitsu,kyori_kubun,tenkai_kigo_code,kyakushitsu,46,17309,72.69,11.02,69.51,False
KEIBAJO_SURFACE_04_芝,shiba_tekisei_code+umakigo_code+uma_deokure_ritsu,shiba_tekisei_code,umakigo_code,uma_deokure_ritsu,32,10662,73.59,11.8,69.5,False
KEIBAJO_SURFACE_04_芝,kyori_kubun+shiba_tekisei_code+kyakushitsu,kyori_kubun,shiba_tekisei_code,kyakushitsu,36,14786,72.57,9.39,69.5,False
KEIBAJO_SURFACE_04_芝,nyukyu_nannichimae+tenkai_kigo_code+umakigo_code,nyukyu_nannichimae,tenkai_kigo_code,umakigo_code,32,5843,73.36,11.16,69.49,False
KEIBAJO_SURFACE_04_芝,kyori_kubun+tenkai_kigo_code+gekiso_juni,kyori_kubun,tenkai_kigo_code,gekiso_juni,48,8236,73.13,12.88,69.49,False
KEIBAJO_SURFACE_04_芝,pace_yoso+tenkai_kigo_code+gekiso_juni,pace_yoso,tenkai_kigo_code,gekiso_juni,53,11017,73.15,13.57,69.49,False
KEIBAJO_SURFACE_04_芝,joshodo_code+tenkai_kigo_code+ten_shisu_juni,joshodo_code,tenkai_kigo_code,ten_shisu_juni,49,14217,72.3,10.06,69.48,False
KEIBAJO_SURFACE_04_芝,pace_yoso+manken_shirushi+gekiso_juni,pace_yoso,manken_shirushi,gekiso_juni,12,1802,76.86,13.04,69.48,False
KEIBAJO_SURFACE_04_芝,kyori_kubun+manken_shisu+kyori_tekisei,kyori_kubun,manken_shisu,kyori_tekisei,11,1180,72.77,5.57,69.48,False
KEIBAJO_SURFACE_04_芝,ls_shisu_juni+tenkai_kigo_code+rotation,ls_shisu_juni,tenkai_kigo_code,rotation,30,5506,73.24,10.51,69.48,False
KEIBAJO_SURFACE_04_芝,tenkai_kigo_code+umakigo_code+ten_shisu_juni,tenkai_kigo_code,umakigo_code,ten_shisu_juni,51,14669,72.63,11.46,69.48,False
KEIBAJO_SURFACE_04_芝,joshodo_code+uma_start_shisu+ten_shisu_juni,joshodo_code,uma_start_shisu,ten_shisu_juni,17,4605,73.7,8.91,69.47,False
KEIBAJO_SURFACE_04_芝,joken_class_code+joshodo_code+uma_deokure_ritsu,joken_class_code,joshodo_code,uma_deokure_ritsu,28,10129,73.66,11.31,69.47,False
KEIBAJO_SURFACE_04_芝,joken_class_code+umakigo_code+gekiso_juni,joken_class_code,umakigo_code,gekiso_juni,41,13929,72.58,10.17,69.46,False
KEIBAJO_SURFACE_04_芝,joshodo_code+uma_start_shisu+agari_shisu_juni,joshodo_code,uma_start_shisu,agari_shisu_juni,29,5890,73.53,11.23,69.45,False
KEIBAJO_SURFACE_04_芝,joshodo_code+kyakushitsu+gekiso_juni,joshodo_code,kyakushitsu,gekiso_juni,69,16347,72.03,10.96,69.44,False
KEIBAJO_SURFACE_04_芝,uma_start_shisu+umakigo_code+ten_shisu_juni,uma_start_shisu,umakigo_code,ten_shisu_juni,17,4347,74.0,9.6,69.44,False
KEIBAJO_SURFACE_04_芝,ls_shisu_juni+umakigo_code+rotation,ls_shisu_juni,umakigo_code,rotation,42,9287,73.04,11.95,69.42,False
KEIBAJO_SURFACE_04_芝,joshodo_code+tenkai_kigo_code+agari_shisu_juni,joshodo_code,tenkai_kigo_code,agari_shisu_juni,40,15505,73.09,11.88,69.41,False
KEIBAJO_SURFACE_04_芝,kyori_tekisei+tenkai_kigo_code+uma_deokure_ritsu,kyori_tekisei,tenkai_kigo_code,uma_deokure_ritsu,20,5377,73.03,8.26,69.41,False
KEIBAJO_SURFACE_04_芝,shiba_tekisei_code+manken_shirushi+uma_deokure_ritsu,shiba_tekisei_code,manken_shirushi,uma_deokure_ritsu,16,2926,74.46,10.31,69.4,False
KEIBAJO_SURFACE_04_芝,shiba_tekisei_code+uma_start_shisu+ls_shisu_juni,shiba_tekisei_code,uma_start_shisu,ls_shisu_juni,31,6429,73.25,10.94,69.4,False
KEIBAJO_SURFACE_04_芝,pace_yoso+umakigo_code+agari_shisu_juni,pace_yoso,umakigo_code,agari_shisu_juni,42,16319,72.47,10.18,69.39,False
KEIBAJO_SURFACE_04_芝,joken_class_code+uma_start_shisu+ls_shisu_juni,joken_class_code,uma_start_shisu,ls_shisu_juni,31,5674,73.05,10.39,69.39,False
KEIBAJO_SURFACE_04_芝,joshodo_code+ls_shisu_juni+umakigo_code,joshodo_code,ls_shisu_juni,umakigo_code,18,16812,75.69,13.68,69.38,False
KEIBAJO_SURFACE_04_芝,umakigo_code+uma_deokure_ritsu+kyakushitsu,umakigo_code,uma_deokure_ritsu,kyakushitsu,28,9177,74.57,14.02,69.37,False
KEIBAJO_SURFACE_04_芝,pace_yoso+uma_start_shisu+manken_shirushi,pace_yoso,uma_start_shisu,manken_shirushi,15,2375,77.32,15.72,69.36,False
KEIBAJO_SURFACE_04_芝,tenkai_kigo_code+umakigo_code+gekiso_juni,tenkai_kigo_code,umakigo_code,gekiso_juni,55,14837,72.09,10.37,69.35,False
KEIBAJO_SURFACE_04_芝,shiba_tekisei_code+nyukyu_nannichimae+tenkai_kigo_code,shiba_tekisei_code,nyukyu_nannichimae,tenkai_kigo_code,16,2655,76.05,13.66,69.35,False
KEIBAJO_SURFACE_04_芝,kyori_kubun+uma_start_shisu+ten_shisu_juni,kyori_kubun,uma_start_shisu,ten_shisu_juni,16,1995,76.51,14.67,69.33,False
KEIBAJO_SURFACE_04_芝,manken_shirushi+umakigo_code+kyakushitsu,manken_shirushi,umakigo_code,kyakushitsu,39,10327,72.66,10.65,69.32,False
KEIBAJO_SURFACE_04_芝,pace_yoso+tenkai_kigo_code+ten_shisu_juni,pace_yoso,tenkai_kigo_code,ten_shisu_juni,53,11769,72.2,10.73,69.31,False
KEIBAJO_SURFACE_04_芝,joken_class_code+shiba_tekisei_code+gekiso_juni,joken_class_code,shiba_tekisei_code,gekiso_juni,44,10632,72.35,10.33,69.3,False
KEIBAJO_SURFACE_04_芝,tenkai_kigo_code+agari_shisu_juni+kyakushitsu,tenkai_kigo_code,agari_shisu_juni,kyakushitsu,62,14967,72.47,12.71,69.3,False
KEIBAJO_SURFACE_04_芝,pace_yoso+uma_start_shisu+tenkai_kigo_code,pace_yoso,uma_start_shisu,tenkai_kigo_code,35,9926,72.27,9.02,69.29,False
KEIBAJO_SURFACE_04_芝,joshodo_code+agari_shisu_juni+kyakushitsu,joshodo_code,agari_shisu_juni,kyakushitsu,64,16085,72.24,12.09,69.28,False
KEIBAJO_SURFACE_04_芝,pace_yoso+ichi_shisu+ls_shisu_juni,pace_yoso,ichi_shisu,ls_shisu_juni,7,2001,74.09,6.5,69.27,False
KEIBAJO_SURFACE_04_芝,joshodo_code+kyori_tekisei+uma_deokure_ritsu,joshodo_code,kyori_tekisei,uma_deokure_ritsu,38,9849,73.48,13.32,69.24,False
KEIBAJO_SURFACE_04_芝,joshodo_code+kishu_shisu+umakigo_code,joshodo_code,kishu_shisu,umakigo_code,30,14753,72.62,9.49,69.23,False
KEIBAJO_SURFACE_04_芝,kyori_kubun+joshodo_code+kyori_tekisei,kyori_kubun,joshodo_code,kyori_tekisei,17,16962,71.92,5.69,69.22,False
KEIBAJO_SURFACE_04_芝,joken_class_code+uma_start_shisu+kyakushitsu,joken_class_code,uma_start_shisu,kyakushitsu,41,8644,72.3,10.08,69.22,False
KEIBAJO_SURFACE_04_芝,joshodo_code+joho_shisu+umakigo_code,joshodo_code,joho_shisu,umakigo_code,46,15380,72.28,10.65,69.21,False
KEIBAJO_SURFACE_04_芝,kyori_kubun+umakigo_code+kyakushitsu,kyori_kubun,umakigo_code,kyakushitsu,21,17114,72.43,7.52,69.21,False
KEIBAJO_SURFACE_04_芝,ls_shisu_juni+uma_deokure_ritsu+kyakushitsu,ls_shisu_juni,uma_deokure_ritsu,kyakushitsu,21,4827,74.74,12.93,69.21,False
KEIBAJO_SURFACE_04_芝,shiba_tekisei_code+joshodo_code+kishu_shisu,shiba_tekisei_code,joshodo_code,kishu_shisu,37,12474,73.46,13.2,69.2,False
KEIBAJO_SURFACE_04_芝,joshodo_code+kyori_tekisei+ten_shisu_juni,joshodo_code,kyori_tekisei,ten_shisu_juni,72,16307,71.74,10.96,69.2,False
KEIBAJO_SURFACE_04_芝,joken_class_code+umakigo_code+ten_shisu_juni,joken_class_code,umakigo_code,ten_shisu_juni,42,13961,72.11,9.62,69.2,False
KEIBAJO_SURFACE_04_芝,pace_yoso+shiba_tekisei_code+manken_shirushi,pace_yoso,shiba_tekisei_code,manken_shirushi,35,8104,72.15,8.92,69.2,False
KEIBAJO_SURFACE_04_芝,uma_start_shisu+tenkai_kigo_code+kyakushitsu,uma_start_shisu,tenkai_kigo_code,kyakushitsu,40,10150,72.94,12.14,69.18,False
KEIBAJO_SURFACE_04_芝,joshodo_code+ls_shisu_juni+rotation,joshodo_code,ls_shisu_juni,rotation,44,10102,72.54,11.37,69.18,False
KEIBAJO_SURFACE_04_芝,joshodo_code+umakigo_code+ten_shisu_juni,joshodo_code,umakigo_code,ten_shisu_juni,28,16163,72.13,7.99,69.17,False
KEIBAJO_SURFACE_04_芝,pace_yoso+shiba_tekisei_code+uma_start_shisu,pace_yoso,shiba_tekisei_code,uma_start_shisu,40,11363,72.23,9.9,69.16,False
KEIBAJO_SURFACE_04_芝,pace_yoso+manken_shirushi+uma_deokure_ritsu,pace_yoso,manken_shirushi,uma_deokure_ritsu,16,2700,74.61,11.14,69.15,False
KEIBAJO_SURFACE_04_芝,umakigo_code+agari_shisu_juni+kyakushitsu,umakigo_code,agari_shisu_juni,kyakushitsu,60,14941,72.32,12.56,69.15,False
KEIBAJO_SURFACE_04_芝,pace_yoso+nyukyu_nannichimae+tenkai_kigo_code,pace_yoso,nyukyu_nannichimae,tenkai_kigo_code,18,3156,75.74,14.34,69.11,False
KEIBAJO_SURFACE_04_芝,joken_class_code+uma_start_shisu+ten_shisu_juni,joken_class_code,uma_start_shisu,ten_shisu_juni,17,2483,75.12,12.67,69.1,False
KEIBAJO_SURFACE_04_芝,joken_class_code+kyori_tekisei+umakigo_code,joken_class_code,kyori_tekisei,umakigo_code,21,16883,71.54,5.71,69.1,False
KEIBAJO_SURFACE_04_芝,shiba_tekisei_code+uma_deokure_ritsu+gekiso_juni,shiba_tekisei_code,uma_deokure_ritsu,gekiso_juni,23,4087,73.36,10.45,69.09,False
KEIBAJO_SURFACE_04_芝,pace_yoso+uma_deokure_ritsu+agari_shisu_juni,pace_yoso,uma_deokure_ritsu,agari_shisu_juni,27,4024,73.67,12.14,69.09,False
KEIBAJO_SURFACE_04_芝,pace_yoso+uma_start_shisu+umakigo_code,pace_yoso,uma_start_shisu,umakigo_code,31,13253,71.71,7.46,69.09,False
KEIBAJO_SURFACE_04_芝,pace_yoso+tenkai_kigo_code+agari_shisu_juni,pace_yoso,tenkai_kigo_code,agari_shisu_juni,47,14176,72.53,12.06,69.08,False
KEIBAJO_SURFACE_04_芝,joken_class_code+shiba_tekisei_code+uma_deokure_ritsu,joken_class_code,shiba_tekisei_code,uma_deokure_ritsu,22,7853,74.06,11.92,69.07,False
KEIBAJO_SURFACE_04_芝,joken_class_code+kyori_kubun+agari_shisu_juni,joken_class_code,kyori_kubun,agari_shisu_juni,63,9965,72.17,12.62,69.05,False
KEIBAJO_SURFACE_04_芝,pace_yoso+uma_start_shisu+kyakushitsu,pace_yoso,uma_start_shisu,kyakushitsu,46,11171,72.13,10.66,69.05,False
KEIBAJO_SURFACE_04_芝,kyori_kubun+kyori_tekisei+kyakushitsu,kyori_kubun,kyori_tekisei,kyakushitsu,41,16526,72.6,11.7,69.02,False
KEIBAJO_SURFACE_04_芝,pace_yoso+nyukyu_nannichimae+kyakushitsu,pace_yoso,nyukyu_nannichimae,kyakushitsu,23,3170,73.56,11.13,69.01,False
KEIBAJO_SURFACE_04_芝,shiba_tekisei_code+manken_shisu+tenkai_kigo_code,shiba_tekisei_code,manken_shisu,tenkai_kigo_code,36,5072,73.05,12.41,69.0,False
KEIBAJO_SURFACE_04_芝,pace_yoso+shiba_tekisei_code+manken_shisu,pace_yoso,shiba_tekisei_code,manken_shisu,28,4528,72.41,9.18,69.0,False
KEIBAJO_SURFACE_04_芝,joken_class_code+uma_deokure_ritsu+gekiso_juni,joken_class_code,uma_deokure_ritsu,gekiso_juni,23,3683,74.29,12.96,69.0,False
KEIBAJO_SURFACE_04_芝,kyori_kubun+tenkai_kigo_code+ten_shisu_juni,kyori_kubun,tenkai_kigo_code,ten_shisu_juni,49,8791,72.43,12.31,68.98,False
KEIBAJO_SURFACE_04_芝,pace_yoso+kyori_tekisei+uma_deokure_ritsu,pace_yoso,kyori_tekisei,uma_deokure_ritsu,25,6578,73.19,10.74,68.98,False
KEIBAJO_SURFACE_04_芝,joken_class_code+joshodo_code+nyukyu_nannichimae,joken_class_code,joshodo_code,nyukyu_nannichimae,35,5815,72.55,10.78,68.98,False
KEIBAJO_SURFACE_04_芝,ls_shisu_juni+umakigo_code+agari_shisu_juni,ls_shisu_juni,umakigo_code,agari_shisu_juni,62,13011,72.02,12.25,68.97,False
KEIBAJO_SURFACE_04_芝,ls_shisu_juni+tenkai_kigo_code+kyakushitsu,ls_shisu_juni,tenkai_kigo_code,kyakushitsu,49,14620,72.03,10.91,68.97,False
KEIBAJO_SURFACE_04_芝,kyori_tekisei+uma_deokure_ritsu+kyakushitsu,kyori_tekisei,uma_deokure_ritsu,kyakushitsu,18,5529,72.5,7.65,68.96,False
KEIBAJO_SURFACE_04_芝,tenkai_kigo_code+rotation+uma_deokure_ritsu,tenkai_kigo_code,rotation,uma_deokure_ritsu,14,2999,74.51,10.58,68.96,False
KEIBAJO_SURFACE_04_芝,tenkai_kigo_code+rotation+kyakushitsu,tenkai_kigo_code,rotation,kyakushitsu,44,9804,72.99,13.66,68.95,False
KEIBAJO_SURFACE_04_芝,shiba_tekisei_code+joshodo_code+joho_shisu,shiba_tekisei_code,joshodo_code,joho_shisu,43,10945,72.27,11.15,68.94,False
KEIBAJO_SURFACE_04_芝,joken_class_code+joshodo_code+gekiso_juni,joken_class_code,joshodo_code,gekiso_juni,54,14381,71.78,10.66,68.93,False
KEIBAJO_SURFACE_04_芝,kyori_kubun+uma_start_shisu+kyakushitsu,kyori_kubun,uma_start_shisu,kyakushitsu,42,8743,72.0,10.21,68.91,False
KEIBAJO_SURFACE_04_芝,joshodo_code+uma_start_shisu+manken_shirushi,joshodo_code,uma_start_shisu,manken_shirushi,15,3559,75.15,12.35,68.9,False
KEIBAJO_SURFACE_04_芝,pace_yoso+shiba_tekisei_code+kishu_shisu,pace_yoso,shiba_tekisei_code,kishu_shisu,45,9851,73.12,14.44,68.9,False
KEIBAJO_SURFACE_04_芝,joshodo_code+uma_start_shisu+ls_shisu_juni,joshodo_code,uma_start_shisu,ls_shisu_juni,41,10523,72.2,10.84,68.89,False
KEIBAJO_SURFACE_04_芝,manken_shisu+umakigo_code+uma_deokure_ritsu,manken_shisu,umakigo_code,uma_deokure_ritsu,23,3172,73.31,10.84,68.88,False
KEIBAJO_SURFACE_04_芝,pace_yoso+ls_shisu_juni+rotation,pace_yoso,ls_shisu_juni,rotation,35,5982,72.85,11.99,68.88,False
KEIBAJO_SURFACE_04_芝,pace_yoso+kyori_tekisei+gekiso_juni,pace_yoso,kyori_tekisei,gekiso_juni,71,12612,71.39,10.81,68.87,False
KEIBAJO_SURFACE_04_芝,umakigo_code+ten_shisu_juni+kyakushitsu,umakigo_code,ten_shisu_juni,kyakushitsu,60,15576,71.33,9.87,68.84,False
KEIBAJO_SURFACE_04_芝,kyori_kubun+joshodo_code+umakigo_code,kyori_kubun,joshodo_code,umakigo_code,12,17327,73.67,8.58,68.82,False
KEIBAJO_SURFACE_04_芝,uma_start_shisu+ls_shisu_juni+umakigo_code,uma_start_shisu,ls_shisu_juni,umakigo_code,38,9614,72.21,10.65,68.82,False
KEIBAJO_SURFACE_04_芝,shiba_tekisei_code+joshodo_code+uma_deokure_ritsu,shiba_tekisei_code,joshodo_code,uma_deokure_ritsu,32,11230,72.92,11.86,68.81,False
KEIBAJO_SURFACE_04_芝,joken_class_code+umakigo_code+ten_shisu,joken_class_code,umakigo_code,ten_shisu,9,2335,75.14,9.71,68.79,False
KEIBAJO_SURFACE_04_芝,kyori_kubun+kyori_tekisei+nyukyu_nannichimae,kyori_kubun,kyori_tekisei,nyukyu_nannichimae,15,1934,72.89,8.15,68.77,False
KEIBAJO_SURFACE_04_芝,joshodo_code+kyori_tekisei+nyukyu_nannichimae,joshodo_code,kyori_tekisei,nyukyu_nannichimae,35,5416,72.94,12.6,68.77,False
KEIBAJO_SURFACE_04_芝,joken_class_code+uma_start_shisu+tenkai_kigo_code,joken_class_code,uma_start_shisu,tenkai_kigo_code,35,8356,72.6,11.64,68.75,False
KEIBAJO_SURFACE_04_芝,manken_shirushi+uma_deokure_ritsu+kyakushitsu,manken_shirushi,uma_deokure_ritsu,kyakushitsu,16,2326,75.27,13.32,68.74,False
KEIBAJO_SURFACE_04_芝,pace_yoso+joshodo_code+kishu_shisu,pace_yoso,joshodo_code,kishu_shisu,46,14162,71.84,10.74,68.74,False
KEIBAJO_SURFACE_04_芝,kyori_tekisei+umakigo_code+ten_shisu_juni,kyori_tekisei,umakigo_code,ten_shisu_juni,62,15704,71.67,11.76,68.74,False
KEIBAJO_SURFACE_04_芝,pace_yoso+ls_shisu_juni+uma_deokure_ritsu,pace_yoso,ls_shisu_juni,uma_deokure_ritsu,22,5376,74.19,13.04,68.74,False
KEIBAJO_SURFACE_04_芝,shiba_tekisei_code+joshodo_code+umakigo_code,shiba_tekisei_code,joshodo_code,umakigo_code,8,15163,75.76,10.13,68.74,False
KEIBAJO_SURFACE_04_芝,joshodo_code+gekiso_shisu+umakigo_code,joshodo_code,gekiso_shisu,umakigo_code,45,4919,72.82,14.01,68.73,False
KEIBAJO_SURFACE_04_芝,joshodo_code+nyukyu_nannichimae+kyakushitsu,joshodo_code,nyukyu_nannichimae,kyakushitsu,35,5845,72.95,12.84,68.7,False
KEIBAJO_SURFACE_04_芝,kyori_kubun+joshodo_code+tenkai_kigo_code,kyori_kubun,joshodo_code,tenkai_kigo_code,25,17414,72.18,8.88,68.7,False
KEIBAJO_SURFACE_04_芝,umakigo_code+uma_deokure_ritsu+agari_shisu_juni,umakigo_code,uma_deokure_ritsu,agari_shisu_juni,17,4876,73.25,9.57,68.7,False
KEIBAJO_SURFACE_04_芝,kyori_kubun+joshodo_code+kishu_shisu,kyori_kubun,joshodo_code,kishu_shisu,53,12741,71.71,11.19,68.7,False
KEIBAJO_SURFACE_04_芝,uma_start_shisu+manken_shirushi+tenkai_kigo_code,uma_start_shisu,manken_shirushi,tenkai_kigo_code,8,1596,75.19,9.36,68.7,False
KEIBAJO_SURFACE_04_芝,uma_start_shisu+uma_deokure_ritsu+ten_shisu_juni,uma_start_shisu,uma_deokure_ritsu,ten_shisu_juni,12,2417,74.68,10.61,68.68,False
KEIBAJO_SURFACE_04_芝,joken_class_code+manken_shirushi+gekiso_juni,joken_class_code,manken_shirushi,gekiso_juni,10,1419,75.69,11.33,68.67,False
KEIBAJO_SURFACE_04_芝,joken_class_code+kyori_tekisei+ten_shisu_juni,joken_class_code,kyori_tekisei,ten_shisu_juni,52,9410,72.54,14.27,68.66,False
KEIBAJO_SURFACE_04_芝,shiba_tekisei_code+tenkai_kigo_code+uma_deokure_ritsu,shiba_tekisei_code,tenkai_kigo_code,uma_deokure_ritsu,30,7969,73.35,13.13,68.65,False
KEIBAJO_SURFACE_04_芝,kyori_kubun+joshodo_code+kyakushitsu,kyori_kubun,joshodo_code,kyakushitsu,19,17577,71.68,6.74,68.65,False
KEIBAJO_SURFACE_04_芝,shiba_tekisei_code+joho_shisu+umakigo_code,shiba_tekisei_code,joho_shisu,umakigo_code,42,10362,72.02,11.22,68.63,False
KEIBAJO_SURFACE_04_芝,shiba_tekisei_code+uma_start_shisu+agari_shisu_juni,shiba_tekisei_code,uma_start_shisu,agari_shisu_juni,23,3388,73.82,12.71,68.63,False
KEIBAJO_SURFACE_04_芝,joshodo_code+umakigo_code+gekiso_juni,joshodo_code,umakigo_code,gekiso_juni,29,15856,71.43,7.74,68.62,False
KEIBAJO_SURFACE_04_芝,kyori_tekisei+ls_shisu_juni+uma_deokure_ritsu,kyori_tekisei,ls_shisu_juni,uma_deokure_ritsu,24,4624,73.22,11.56,68.6,False
KEIBAJO_SURFACE_04_芝,pace_yoso+joken_class_code+idm,pace_yoso,joken_class_code,idm,17,2361,74.18,11.75,68.6,False
KEIBAJO_SURFACE_04_芝,kyori_kubun+ichi_shisu+kyakushitsu,kyori_kubun,ichi_shisu,kyakushitsu,3,2193,71.33,2.43,68.59,False
KEIBAJO_SURFACE_04_芝,uma_start_shisu+tenkai_kigo_code+gekiso_juni,uma_start_shisu,tenkai_kigo_code,gekiso_juni,13,2593,73.21,8.52,68.58,False
KEIBAJO_SURFACE_04_芝,shiba_tekisei_code+kyori_tekisei+ten_shisu_juni,shiba_tekisei_code,kyori_tekisei,ten_shisu_juni,57,10445,71.68,11.99,68.57,False
KEIBAJO_SURFACE_04_芝,joken_class_code+tenkai_kigo_code+kyakushitsu,joken_class_code,tenkai_kigo_code,kyakushitsu,40,16745,71.73,10.22,68.57,False
KEIBAJO_SURFACE_04_芝,shiba_tekisei_code+kishu_shisu+umakigo_code,shiba_tekisei_code,kishu_shisu,umakigo_code,38,11814,72.78,13.29,68.56,False
KEIBAJO_SURFACE_04_芝,joken_class_code+tenkai_kigo_code+ten_shisu_juni,joken_class_code,tenkai_kigo_code,ten_shisu_juni,43,9055,72.2,12.21,68.55,False
KEIBAJO_SURFACE_04_芝,shiba_tekisei_code+manken_shirushi+rotation,shiba_tekisei_code,manken_shirushi,rotation,7,823,72.91,5.91,68.52,False
KEIBAJO_SURFACE_04_芝,manken_shisu+uma_start_shisu+umakigo_code,manken_shisu,uma_start_shisu,umakigo_code,20,2466,73.96,12.43,68.51,False
KEIBAJO_SURFACE_04_芝,pace_yoso+kishu_shisu+umakigo_code,pace_yoso,kishu_shisu,umakigo_code,46,14842,71.57,10.72,68.48,False
KEIBAJO_SURFACE_04_芝,joshodo_code+tenkai_kigo_code+gekiso_juni,joshodo_code,tenkai_kigo_code,gekiso_juni,48,13425,71.66,11.27,68.47,False
KEIBAJO_SURFACE_04_芝,joken_class_code+ls_shisu_juni+uma_deokure_ritsu,joken_class_code,ls_shisu_juni,uma_deokure_ritsu,18,4901,74.27,12.6,68.45,False
KEIBAJO_SURFACE_04_芝,pace_yoso+ichi_shisu+nyukyu_nannichimae,pace_yoso,ichi_shisu,nyukyu_nannichimae,5,552,79.42,12.51,68.45,False
KEIBAJO_SURFACE_04_芝,joshodo_code+ichi_shisu+manken_shirushi,joshodo_code,ichi_shisu,manken_shirushi,8,1183,74.34,8.52,68.44,False
KEIBAJO_SURFACE_04_芝,pace_yoso+kyori_tekisei+nyukyu_nannichimae,pace_yoso,kyori_tekisei,nyukyu_nannichimae,30,3827,72.37,11.03,68.43,False
KEIBAJO_SURFACE_04_芝,pace_yoso+joho_shisu+umakigo_code,pace_yoso,joho_shisu,umakigo_code,57,13459,71.19,10.72,68.4,False
KEIBAJO_SURFACE_04_芝,joken_class_code+umakigo_code+idm,joken_class_code,umakigo_code,idm,38,6210,72.66,13.4,68.4,False
KEIBAJO_SURFACE_04_芝,kyori_tekisei+tenkai_kigo_code+ten_shisu_juni,kyori_tekisei,tenkai_kigo_code,ten_shisu_juni,63,10046,71.54,12.74,68.39,False
KEIBAJO_SURFACE_04_芝,joken_class_code+tenkai_kigo_code+agari_shisu_juni,joken_class_code,tenkai_kigo_code,agari_shisu_juni,49,12416,72.18,13.65,68.35,False
KEIBAJO_SURFACE_04_芝,joshodo_code+ten_shisu_juni+kyakushitsu,joshodo_code,ten_shisu_juni,kyakushitsu,62,16485,70.91,10.3,68.35,False
KEIBAJO_SURFACE_04_芝,kyori_kubun+joshodo_code+nyukyu_nannichimae,kyori_kubun,joshodo_code,nyukyu_nannichimae,29,5326,71.58,8.87,68.35,False
KEIBAJO_SURFACE_04_芝,uma_deokure_ritsu+kyakushitsu+gekiso_juni,uma_deokure_ritsu,kyakushitsu,gekiso_juni,21,3056,73.74,12.61,68.34,False
KEIBAJO_SURFACE_04_芝,pace_yoso+kyori_kubun+nyukyu_nannichimae,pace_yoso,kyori_kubun,nyukyu_nannichimae,22,3129,71.82,8.42,68.3,False
KEIBAJO_SURFACE_04_芝,uma_start_shisu+uma_deokure_ritsu+kyakushitsu,uma_start_shisu,uma_deokure_ritsu,kyakushitsu,10,3780,75.75,12.04,68.29,False
KEIBAJO_SURFACE_04_芝,kyori_tekisei+tenkai_kigo_code+agari_shisu_juni,kyori_tekisei,tenkai_kigo_code,agari_shisu_juni,64,13509,71.97,15.15,68.26,False
KEIBAJO_SURFACE_04_芝,pace_yoso+ls_shisu_juni+manken_shirushi,pace_yoso,ls_shisu_juni,manken_shirushi,33,5101,71.98,10.97,68.24,False
KEIBAJO_SURFACE_04_芝,kyori_kubun+manken_shirushi+uma_deokure_ritsu,kyori_kubun,manken_shirushi,uma_deokure_ritsu,24,2920,73.88,14.12,68.23,False
KEIBAJO_SURFACE_04_芝,joken_class_code+manken_shisu+tenkai_kigo_code,joken_class_code,manken_shisu,tenkai_kigo_code,26,3066,71.9,9.6,68.21,False
KEIBAJO_SURFACE_04_芝,manken_shirushi+tenkai_kigo_code+kyakushitsu,manken_shirushi,tenkai_kigo_code,kyakushitsu,47,7779,71.63,11.98,68.21,False
KEIBAJO_SURFACE_04_芝,joshodo_code+uma_deokure_ritsu+agari_shisu_juni,joshodo_code,uma_deokure_ritsu,agari_shisu_juni,17,5119,73.13,10.39,68.19,False
KEIBAJO_SURFACE_04_芝,kyori_kubun+ichi_shisu+ten_shisu_juni,kyori_kubun,ichi_shisu,ten_shisu_juni,9,1320,72.99,7.36,68.19,False
KEIBAJO_SURFACE_04_芝,kyori_tekisei+uma_deokure_ritsu+ten_shisu_juni,kyori_tekisei,uma_deokure_ritsu,ten_shisu_juni,19,2327,73.07,10.84,68.19,False
KEIBAJO_SURFACE_04_芝,kyori_kubun+joshodo_code+ichi_shisu,kyori_kubun,joshodo_code,ichi_shisu,4,2091,73.45,5.38,68.18,False
KEIBAJO_SURFACE_04_芝,joken_class_code+shiba_tekisei_code+idm,joken_class_code,shiba_tekisei_code,idm,29,4046,73.07,13.48,68.16,False
KEIBAJO_SURFACE_04_芝,joken_class_code+joshodo_code+ichi_shisu,joken_class_code,joshodo_code,ichi_shisu,10,3239,73.23,8.22,68.14,False
KEIBAJO_SURFACE_04_芝,shiba_tekisei_code+uma_start_shisu+tenkai_kigo_code,shiba_tekisei_code,uma_start_shisu,tenkai_kigo_code,37,9665,72.02,12.08,68.13,False
KEIBAJO_SURFACE_04_芝,pace_yoso+tenkai_kigo_code+uma_deokure_ritsu,pace_yoso,tenkai_kigo_code,uma_deokure_ritsu,34,8468,71.9,11.2,68.13,False
KEIBAJO_SURFACE_04_芝,pace_yoso+ls_shisu_juni+gekiso_juni,pace_yoso,ls_shisu_juni,gekiso_juni,59,8486,71.31,12.5,68.12,False
KEIBAJO_SURFACE_04_芝,kyori_kubun+kishu_shisu+umakigo_code,kyori_kubun,kishu_shisu,umakigo_code,56,13849,71.02,11.16,68.1,False
KEIBAJO_SURFACE_04_芝,pace_yoso+ls_shisu_juni+agari_shisu_juni,pace_yoso,ls_shisu_juni,agari_shisu_juni,52,7731,71.39,12.11,68.09,False
KEIBAJO_SURFACE_04_芝,shiba_tekisei_code+nyukyu_nannichimae+kyakushitsu,shiba_tekisei_code,nyukyu_nannichimae,kyakushitsu,13,1695,74.5,11.79,68.09,False
KEIBAJO_SURFACE_04_芝,joken_class_code+tenkai_kigo_code+gekiso_juni,joken_class_code,tenkai_kigo_code,gekiso_juni,49,9153,71.59,12.55,68.07,False
KEIBAJO_SURFACE_04_芝,uma_start_shisu+umakigo_code+uma_deokure_ritsu,uma_start_shisu,umakigo_code,uma_deokure_ritsu,20,5822,72.45,10.02,68.06,False
KEIBAJO_SURFACE_04_芝,joshodo_code+idm+kyakushitsu,joshodo_code,idm,kyakushitsu,19,2158,74.2,13.68,68.05,False
KEIBAJO_SURFACE_04_芝,shiba_tekisei_code+manken_shisu+kyakushitsu,shiba_tekisei_code,manken_shisu,kyakushitsu,12,1302,74.25,10.97,68.04,False
KEIBAJO_SURFACE_04_芝,ichi_shisu+ls_shisu_juni+umakigo_code,ichi_shisu,ls_shisu_juni,umakigo_code,7,2263,73.5,7.37,68.04,False
KEIBAJO_SURFACE_04_芝,kyori_kubun+nyukyu_nannichimae+tenkai_kigo_code,kyori_kubun,nyukyu_nannichimae,tenkai_kigo_code,19,2322,73.47,12.09,68.04,False
KEIBAJO_SURFACE_04_芝,nyukyu_nannichimae+umakigo_code+uma_deokure_ritsu,nyukyu_nannichimae,umakigo_code,uma_deokure_ritsu,10,1735,73.61,9.0,68.04,False
KEIBAJO_SURFACE_04_芝,kyori_kubun+agari_shisu_juni+kyakushitsu,kyori_kubun,agari_shisu_juni,kyakushitsu,60,8027,71.35,13.07,68.04,False
KEIBAJO_SURFACE_04_芝,kyori_tekisei+uma_start_shisu+uma_deokure_ritsu,kyori_tekisei,uma_start_shisu,uma_deokure_ritsu,6,3100,72.35,5.42,68.02,False
KEIBAJO_SURFACE_04_芝,joshodo_code+umakigo_code+agari_shisu_juni,joshodo_code,umakigo_code,agari_shisu_juni,27,15703,71.98,10.51,68.02,False
KEIBAJO_SURFACE_04_芝,joshodo_code+manken_shirushi+uma_deokure_ritsu,joshodo_code,manken_shirushi,uma_deokure_ritsu,8,3152,74.01,8.65,68.01,False
KEIBAJO_SURFACE_04_芝,pace_yoso+ls_shisu_juni+ten_shisu_juni,pace_yoso,ls_shisu_juni,ten_shisu_juni,50,7694,71.87,13.95,68.0,False
KEIBAJO_SURFACE_04_芝,shiba_tekisei_code+kyori_tekisei+gekiso_juni,shiba_tekisei_code,kyori_tekisei,gekiso_juni,49,10238,71.0,10.9,67.95,False
KEIBAJO_SURFACE_04_芝,ichi_shisu+ls_shisu_juni+kyakushitsu,ichi_shisu,ls_shisu_juni,kyakushitsu,7,2167,73.23,7.14,67.94,False
KEIBAJO_SURFACE_04_芝,pace_yoso+manken_shisu+tenkai_kigo_code,pace_yoso,manken_shisu,tenkai_kigo_code,29,4378,72.19,11.66,67.94,False
KEIBAJO_SURFACE_04_芝,pace_yoso+uma_start_shisu+uma_deokure_ritsu,pace_yoso,uma_start_shisu,uma_deokure_ritsu,13,4220,73.1,9.5,67.94,False
KEIBAJO_SURFACE_04_芝,kyori_kubun+tenkai_kigo_code+umakigo_code,kyori_kubun,tenkai_kigo_code,umakigo_code,22,17167,72.06,9.84,67.94,False
KEIBAJO_SURFACE_04_芝,joken_class_code+ls_shisu_juni+ten_shisu_juni,joken_class_code,ls_shisu_juni,ten_shisu_juni,41,5576,71.59,11.91,67.94,False
KEIBAJO_SURFACE_04_芝,joshodo_code+manken_shirushi+ten_shisu_juni,joshodo_code,manken_shirushi,ten_shisu_juni,11,1162,74.95,11.92,67.9,False
KEIBAJO_SURFACE_04_芝,kyori_tekisei+uma_start_shisu+tenkai_kigo_code,kyori_tekisei,uma_start_shisu,tenkai_kigo_code,37,7820,71.13,10.01,67.9,False
KEIBAJO_SURFACE_04_芝,kyori_tekisei+uma_start_shisu+kyakushitsu,kyori_tekisei,uma_start_shisu,kyakushitsu,38,7736,70.96,9.68,67.88,False
KEIBAJO_SURFACE_04_芝,shiba_tekisei_code+kyori_tekisei+nyukyu_nannichimae,shiba_tekisei_code,kyori_tekisei,nyukyu_nannichimae,26,3260,73.26,14.01,67.88,False
KEIBAJO_SURFACE_04_芝,joken_class_code+manken_shirushi+agari_shisu_juni,joken_class_code,manken_shirushi,agari_shisu_juni,5,604,78.77,12.47,67.84,False
KEIBAJO_SURFACE_04_芝,joshodo_code+nyukyu_nannichimae+tenkai_kigo_code,joshodo_code,nyukyu_nannichimae,tenkai_kigo_code,21,4766,71.97,9.7,67.82,False
KEIBAJO_SURFACE_04_芝,joken_class_code+ichi_shisu+ls_shisu_juni,joken_class_code,ichi_shisu,ls_shisu_juni,7,2273,73.06,7.07,67.82,False
KEIBAJO_SURFACE_04_芝,pace_yoso+kyori_tekisei+uma_start_shisu,pace_yoso,kyori_tekisei,uma_start_shisu,41,9617,71.01,10.44,67.81,False
KEIBAJO_SURFACE_04_芝,pace_yoso+joshodo_code+ten_shisu,pace_yoso,joshodo_code,ten_shisu,6,1507,76.39,10.77,67.77,False
KEIBAJO_SURFACE_04_芝,joken_class_code+manken_shirushi+rotation,joken_class_code,manken_shirushi,rotation,7,824,76.24,11.51,67.71,False
KEIBAJO_SURFACE_04_芝,shiba_tekisei_code+ls_shisu_juni+uma_deokure_ritsu,shiba_tekisei_code,ls_shisu_juni,uma_deokure_ritsu,18,5195,73.09,11.68,67.7,False
KEIBAJO_SURFACE_04_芝,joken_class_code+ichi_shisu+umakigo_code,joken_class_code,ichi_shisu,umakigo_code,9,3356,73.15,8.38,67.68,False
KEIBAJO_SURFACE_04_芝,manken_shisu+tenkai_kigo_code+kyakushitsu,manken_shisu,tenkai_kigo_code,kyakushitsu,28,3280,71.5,10.37,67.65,False
KEIBAJO_SURFACE_04_芝,joshodo_code+kishu_shisu+kyakushitsu,joshodo_code,kishu_shisu,kyakushitsu,60,13556,70.98,13.2,67.64,False
KEIBAJO_SURFACE_04_芝,joken_class_code+manken_shisu+kyori_tekisei,joken_class_code,manken_shisu,kyori_tekisei,23,3844,73.02,13.19,67.63,False
KEIBAJO_SURFACE_04_芝,manken_shirushi+umakigo_code+uma_deokure_ritsu,manken_shirushi,umakigo_code,uma_deokure_ritsu,8,3029,73.73,8.82,67.62,False
KEIBAJO_SURFACE_04_芝,shiba_tekisei_code+nyukyu_nannichimae+umakigo_code,shiba_tekisei_code,nyukyu_nannichimae,umakigo_code,28,5800,71.24,9.77,67.62,False
KEIBAJO_SURFACE_04_芝,kishu_shisu+tenkai_kigo_code+umakigo_code,kishu_shisu,tenkai_kigo_code,umakigo_code,45,12325,70.52,9.96,67.61,False
KEIBAJO_SURFACE_04_芝,tenkai_kigo_code+ten_shisu_juni+agari_shisu_juni,tenkai_kigo_code,ten_shisu_juni,agari_shisu_juni,13,1404,75.18,13.95,67.6,False
KEIBAJO_SURFACE_04_芝,tenkai_kigo_code+umakigo_code+kyakushitsu,tenkai_kigo_code,umakigo_code,kyakushitsu,21,17362,72.19,10.78,67.58,False
KEIBAJO_SURFACE_04_芝,tenkai_kigo_code+uma_deokure_ritsu+agari_shisu_juni,tenkai_kigo_code,uma_deokure_ritsu,agari_shisu_juni,16,3906,73.19,11.49,67.56,False
KEIBAJO_SURFACE_04_芝,kyori_tekisei+nyukyu_nannichimae+tenkai_kigo_code,kyori_tekisei,nyukyu_nannichimae,tenkai_kigo_code,16,1758,74.77,14.73,67.55,False
KEIBAJO_SURFACE_04_芝,joshodo_code+uma_deokure_ritsu+ten_shisu_juni,joshodo_code,uma_deokure_ritsu,ten_shisu_juni,15,4961,71.94,8.71,67.54,False
KEIBAJO_SURFACE_04_芝,kishu_shisu+uma_start_shisu+tenkai_kigo_code,kishu_shisu,uma_start_shisu,tenkai_kigo_code,14,2408,74.36,13.05,67.53,False
KEIBAJO_SURFACE_04_芝,pace_yoso+umakigo_code+kyakushitsu,pace_yoso,umakigo_code,kyakushitsu,17,17309,71.75,8.92,67.51,False
KEIBAJO_SURFACE_04_芝,joken_class_code+shiba_tekisei_code+nyukyu_nannichimae,joken_class_code,shiba_tekisei_code,nyukyu_nannichimae,18,2970,71.8,9.31,67.5,False
KEIBAJO_SURFACE_04_芝,shiba_tekisei_code+rotation+gekiso_juni,shiba_tekisei_code,rotation,gekiso_juni,11,1343,75.11,12.88,67.5,False
KEIBAJO_SURFACE_04_芝,tenkai_kigo_code+kyakushitsu+gekiso_juni,tenkai_kigo_code,kyakushitsu,gekiso_juni,60,10735,70.45,11.79,67.47,False
KEIBAJO_SURFACE_04_芝,uma_start_shisu+rotation+uma_deokure_ritsu,uma_start_shisu,rotation,uma_deokure_ritsu,11,2225,73.12,9.61,67.44,False
KEIBAJO_SURFACE_04_芝,uma_start_shisu+tenkai_kigo_code+ten_shisu_juni,uma_start_shisu,tenkai_kigo_code,ten_shisu_juni,13,2705,75.5,14.85,67.42,False
KEIBAJO_SURFACE_04_芝,uma_start_shisu+ls_shisu_juni+kyakushitsu,uma_start_shisu,ls_shisu_juni,kyakushitsu,31,5819,72.06,13.22,67.41,False
KEIBAJO_SURFACE_04_芝,kishu_shisu+umakigo_code+kyakushitsu,kishu_shisu,umakigo_code,kyakushitsu,60,12849,70.26,11.37,67.39,False
KEIBAJO_SURFACE_04_芝,joshodo_code+kishu_shisu+tenkai_kigo_code,joshodo_code,kishu_shisu,tenkai_kigo_code,40,11698,70.53,10.18,67.38,False
KEIBAJO_SURFACE_04_芝,kyori_kubun+umakigo_code+idm,kyori_kubun,umakigo_code,idm,11,1180,74.67,12.37,67.36,False
KEIBAJO_SURFACE_04_芝,shiba_tekisei_code+ls_shisu_juni+manken_shirushi,shiba_tekisei_code,ls_shisu_juni,manken_shirushi,31,4307,71.28,11.15,67.36,False
KEIBAJO_SURFACE_04_芝,joshodo_code+kishu_shisu+kyori_tekisei,joshodo_code,kishu_shisu,kyori_tekisei,64,13142,70.6,13.33,67.34,False
KEIBAJO_SURFACE_04_芝,joken_class_code+uma_start_shisu+agari_shisu_juni,joken_class_code,uma_start_shisu,agari_shisu_juni,20,2652,73.11,13.15,67.34,False
KEIBAJO_SURFACE_04_芝,joshodo_code+manken_shisu+ls_shisu_juni,joshodo_code,manken_shisu,ls_shisu_juni,35,4053,71.16,11.6,67.32,False
KEIBAJO_SURFACE_04_芝,joken_class_code+joshodo_code+kishu_shisu,joken_class_code,joshodo_code,kishu_shisu,53,12796,70.71,12.73,67.28,False
KEIBAJO_SURFACE_04_芝,kyori_kubun+ichi_shisu+tenkai_kigo_code,kyori_kubun,ichi_shisu,tenkai_kigo_code,6,2218,73.47,7.77,67.26,False
KEIBAJO_SURFACE_04_芝,joken_class_code+kyori_tekisei+agari_shisu_juni,joken_class_code,kyori_tekisei,agari_shisu_juni,51,9409,71.23,14.47,67.26,False
KEIBAJO_SURFACE_04_芝,uma_start_shisu+manken_shirushi+uma_deokure_ritsu,uma_start_shisu,manken_shirushi,uma_deokure_ritsu,8,1697,74.08,9.91,67.22,False
KEIBAJO_SURFACE_04_芝,joken_class_code+uma_deokure_ritsu+agari_shisu_juni,joken_class_code,uma_deokure_ritsu,agari_shisu_juni,20,3275,72.83,12.89,67.18,False
KEIBAJO_SURFACE_04_芝,ls_shisu_juni+tenkai_kigo_code+gekiso_juni,ls_shisu_juni,tenkai_kigo_code,gekiso_juni,32,5021,71.2,11.7,67.15,False
KEIBAJO_SURFACE_04_芝,pace_yoso+joken_class_code+kishu_shisu,pace_yoso,joken_class_code,kishu_shisu,48,10272,71.48,15.36,67.13,False
KEIBAJO_SURFACE_04_芝,ls_shisu_juni+umakigo_code+uma_deokure_ritsu,ls_shisu_juni,umakigo_code,uma_deokure_ritsu,25,7239,72.87,14.77,67.08,False
KEIBAJO_SURFACE_04_芝,kyori_tekisei+tenkai_kigo_code+rotation,kyori_tekisei,tenkai_kigo_code,rotation,41,7596,70.63,11.65,67.07,False
KEIBAJO_SURFACE_04_芝,tenkai_kigo_code+rotation+ten_shisu_juni,tenkai_kigo_code,rotation,ten_shisu_juni,12,1543,73.94,12.15,67.06,False
KEIBAJO_SURFACE_04_芝,kyori_tekisei+uma_start_shisu+ls_shisu_juni,kyori_tekisei,uma_start_shisu,ls_shisu_juni,22,4135,72.5,13.02,67.06,False
KEIBAJO_SURFACE_04_芝,kyori_tekisei+manken_shirushi+tenkai_kigo_code,kyori_tekisei,manken_shirushi,tenkai_kigo_code,40,5997,70.66,11.66,67.05,False
KEIBAJO_SURFACE_04_芝,joshodo_code+uma_deokure_ritsu+idm,joshodo_code,uma_deokure_ritsu,idm,11,1296,76.57,16.13,67.04,False
KEIBAJO_SURFACE_04_芝,joken_class_code+ls_shisu_juni+agari_shisu_juni,joken_class_code,ls_shisu_juni,agari_shisu_juni,46,5932,71.25,14.65,67.02,False
KEIBAJO_SURFACE_04_芝,kyori_tekisei+manken_shirushi+uma_deokure_ritsu,kyori_tekisei,manken_shirushi,uma_deokure_ritsu,13,1472,73.81,12.48,67.02,False
KEIBAJO_SURFACE_04_芝,joken_class_code+kyori_kubun+kishu_shisu,joken_class_code,kyori_kubun,kishu_shisu,39,6928,71.65,14.78,67.02,False
KEIBAJO_SURFACE_04_芝,joshodo_code+kishu_shisu+ls_shisu_juni,joshodo_code,kishu_shisu,ls_shisu_juni,45,9714,71.96,16.93,67.01,False
KEIBAJO_SURFACE_04_芝,ichi_shisu+kyori_tekisei+ls_shisu_juni,ichi_shisu,kyori_tekisei,ls_shisu_juni,7,2268,72.16,6.97,67.0,False
KEIBAJO_SURFACE_04_芝,pace_yoso+shiba_tekisei_code+idm,pace_yoso,shiba_tekisei_code,idm,16,2411,73.22,12.76,66.97,False
KEIBAJO_SURFACE_04_芝,kyori_tekisei+umakigo_code+ten_shisu,kyori_tekisei,umakigo_code,ten_shisu,8,2129,74.62,11.07,66.95,False
KEIBAJO_SURFACE_04_芝,umakigo_code+uma_deokure_ritsu+ten_shisu_juni,umakigo_code,uma_deokure_ritsu,ten_shisu_juni,15,4710,71.52,9.03,66.95,False
KEIBAJO_SURFACE_04_芝,kyori_kubun+uma_start_shisu+tenkai_kigo_code,kyori_kubun,uma_start_shisu,tenkai_kigo_code,35,8174,70.95,12.22,66.9,False
KEIBAJO_SURFACE_04_芝,joken_class_code+uma_start_shisu+uma_deokure_ritsu,joken_class_code,uma_start_shisu,uma_deokure_ritsu,11,3925,73.32,10.93,66.86,False
KEIBAJO_SURFACE_04_芝,joshodo_code+umakigo_code+kyakushitsu,joshodo_code,umakigo_code,kyakushitsu,12,17509,72.71,10.42,66.81,False
KEIBAJO_SURFACE_04_芝,pace_yoso+ichi_shisu+manken_shirushi,pace_yoso,ichi_shisu,manken_shirushi,8,1248,74.64,11.42,66.72,False
KEIBAJO_SURFACE_04_芝,shiba_tekisei_code+joshodo_code+nyukyu_nannichimae,shiba_tekisei_code,joshodo_code,nyukyu_nannichimae,30,6378,70.34,10.11,66.72,False
KEIBAJO_SURFACE_04_芝,ichi_shisu+manken_shirushi+kyakushitsu,ichi_shisu,manken_shirushi,kyakushitsu,8,1312,74.01,10.56,66.7,False
KEIBAJO_SURFACE_04_芝,ls_shisu_juni+manken_shirushi+tenkai_kigo_code,ls_shisu_juni,manken_shirushi,tenkai_kigo_code,18,2931,71.76,11.01,66.68,False
KEIBAJO_SURFACE_04_芝,uma_start_shisu+tenkai_kigo_code+rotation,uma_start_shisu,tenkai_kigo_code,rotation,18,3340,72.58,12.87,66.64,False
KEIBAJO_SURFACE_04_芝,joshodo_code+ichi_shisu+tenkai_kigo_code,joshodo_code,ichi_shisu,tenkai_kigo_code,18,3940,72.88,13.53,66.63,False
KEIBAJO_SURFACE_04_芝,joken_class_code+shiba_tekisei_code+kishu_shisu,joken_class_code,shiba_tekisei_code,kishu_shisu,40,8721,72.26,18.2,66.62,False
KEIBAJO_SURFACE_04_芝,pace_yoso+kishu_shisu+uma_start_shisu,pace_yoso,kishu_shisu,uma_start_shisu,19,2965,72.19,12.42,66.6,False
KEIBAJO_SURFACE_04_芝,joken_class_code+joho_shisu+manken_shirushi,joken_class_code,joho_shisu,manken_shirushi,16,2197,73.99,15.1,66.59,False
KEIBAJO_SURFACE_04_芝,joho_shisu+nyukyu_nannichimae+tenkai_kigo_code,joho_shisu,nyukyu_nannichimae,tenkai_kigo_code,8,1056,79.58,18.76,66.58,False
KEIBAJO_SURFACE_04_芝,joken_class_code+kishu_shisu+umakigo_code,joken_class_code,kishu_shisu,umakigo_code,51,13393,70.11,12.88,66.57,False
KEIBAJO_SURFACE_04_芝,pace_yoso+uma_deokure_ritsu+gekiso_juni,pace_yoso,uma_deokure_ritsu,gekiso_juni,24,3858,71.56,12.49,66.56,False
KEIBAJO_SURFACE_04_芝,kyori_kubun+tenkai_kigo_code+uma_deokure_ritsu,kyori_kubun,tenkai_kigo_code,uma_deokure_ritsu,24,6202,70.62,10.13,66.56,False
KEIBAJO_SURFACE_04_芝,shiba_tekisei_code+ls_shisu_juni+ten_shisu_juni,shiba_tekisei_code,ls_shisu_juni,ten_shisu_juni,44,5528,70.75,14.18,66.56,False
KEIBAJO_SURFACE_04_芝,kyori_kubun+joho_shisu+manken_shirushi,kyori_kubun,joho_shisu,manken_shirushi,20,2275,72.8,14.25,66.55,False
KEIBAJO_SURFACE_04_芝,ls_shisu_juni+rotation+kyakushitsu,ls_shisu_juni,rotation,kyakushitsu,19,2883,71.64,11.34,66.54,False
KEIBAJO_SURFACE_04_芝,joshodo_code+ichi_shisu+gekiso_juni,joshodo_code,ichi_shisu,gekiso_juni,12,1670,72.36,10.32,66.52,False
KEIBAJO_SURFACE_04_芝,ls_shisu_juni+manken_shirushi+uma_deokure_ritsu,ls_shisu_juni,manken_shirushi,uma_deokure_ritsu,4,453,80.76,14.56,66.49,False
KEIBAJO_SURFACE_04_芝,tenkai_kigo_code+uma_deokure_ritsu+kyakushitsu,tenkai_kigo_code,uma_deokure_ritsu,kyakushitsu,29,7537,71.95,15.05,66.47,False
KEIBAJO_SURFACE_04_芝,joken_class_code+kyori_tekisei+ten_shisu,joken_class_code,kyori_tekisei,ten_shisu,8,2190,73.82,10.59,66.47,False
KEIBAJO_SURFACE_04_芝,joshodo_code+tenkai_kigo_code+idm,joshodo_code,tenkai_kigo_code,idm,28,4623,71.03,12.32,66.46,False
KEIBAJO_SURFACE_04_芝,joken_class_code+gekiso_shisu+umakigo_code,joken_class_code,gekiso_shisu,umakigo_code,7,783,72.32,7.93,66.44,False
KEIBAJO_SURFACE_04_芝,ichi_shisu+umakigo_code+gekiso_juni,ichi_shisu,umakigo_code,gekiso_juni,13,2028,72.49,11.25,66.38,False
KEIBAJO_SURFACE_04_芝,kyori_kubun+shiba_tekisei_code+manken_shisu,kyori_kubun,shiba_tekisei_code,manken_shisu,4,435,75.95,9.76,66.38,False
KEIBAJO_SURFACE_04_芝,ichi_shisu+ls_shisu_juni+tenkai_kigo_code,ichi_shisu,ls_shisu_juni,tenkai_kigo_code,5,1565,69.82,3.94,66.37,False
KEIBAJO_SURFACE_04_芝,uma_start_shisu+nyukyu_nannichimae+umakigo_code,uma_start_shisu,nyukyu_nannichimae,umakigo_code,8,1379,73.42,10.22,66.34,False
KEIBAJO_SURFACE_04_芝,shiba_tekisei_code+umakigo_code+kyakushitsu,shiba_tekisei_code,umakigo_code,kyakushitsu,17,14859,71.91,11.74,66.33,False
KEIBAJO_SURFACE_04_芝,joken_class_code+ichi_shisu+manken_shirushi,joken_class_code,ichi_shisu,manken_shirushi,8,1381,74.04,11.16,66.31,False
KEIBAJO_SURFACE_04_芝,pace_yoso+kyori_kubun+kishu_shisu,pace_yoso,kyori_kubun,kishu_shisu,56,10153,70.34,15.52,66.28,False
KEIBAJO_SURFACE_04_芝,kyori_kubun+shiba_tekisei_code+kishu_shisu,kyori_kubun,shiba_tekisei_code,kishu_shisu,44,7220,70.5,14.37,66.25,False
KEIBAJO_SURFACE_04_芝,pace_yoso+umakigo_code+ten_shisu,pace_yoso,umakigo_code,ten_shisu,7,1837,75.19,12.09,66.23,False
KEIBAJO_SURFACE_04_芝,joshodo_code+kishu_shisu+manken_shirushi,joshodo_code,kishu_shisu,manken_shirushi,22,3003,72.7,15.54,66.2,False
KEIBAJO_SURFACE_04_芝,kyori_kubun+shiba_tekisei_code+umakigo_code,kyori_kubun,shiba_tekisei_code,umakigo_code,14,14638,71.8,10.68,66.2,False
KEIBAJO_SURFACE_04_芝,joken_class_code+joho_shisu+umakigo_code,joken_class_code,joho_shisu,umakigo_code,46,11480,70.04,13.31,66.19,False
KEIBAJO_SURFACE_04_芝,joken_class_code+ichi_shisu+gekiso_juni,joken_class_code,ichi_shisu,gekiso_juni,13,2038,71.94,10.59,66.19,False
KEIBAJO_SURFACE_04_芝,kishu_shisu+ls_shisu_juni+umakigo_code,kishu_shisu,ls_shisu_juni,umakigo_code,50,10904,69.66,12.59,66.17,False
KEIBAJO_SURFACE_04_芝,pace_yoso+joshodo_code+joho_shisu,pace_yoso,joshodo_code,joho_shisu,40,11739,69.36,10.31,66.16,False
KEIBAJO_SURFACE_04_芝,kishu_shisu+kyori_tekisei+umakigo_code,kishu_shisu,kyori_tekisei,umakigo_code,59,13148,68.94,10.94,66.15,False
KEIBAJO_SURFACE_04_芝,ichi_shisu+kyori_tekisei+manken_shirushi,ichi_shisu,kyori_tekisei,manken_shirushi,8,1355,73.53,10.69,66.12,False
KEIBAJO_SURFACE_04_芝,joken_class_code+ls_shisu_juni+gekiso_juni,joken_class_code,ls_shisu_juni,gekiso_juni,48,6215,69.6,12.3,66.12,False
KEIBAJO_SURFACE_04_芝,pace_yoso+joken_class_code+ten_shisu,pace_yoso,joken_class_code,ten_shisu,7,1839,74.89,11.85,66.11,False
KEIBAJO_SURFACE_04_芝,joshodo_code+ichi_shisu+ls_shisu_juni,joshodo_code,ichi_shisu,ls_shisu_juni,7,1959,72.88,9.23,66.05,False
KEIBAJO_SURFACE_04_芝,joken_class_code+kyori_kubun+ichi_shisu,joken_class_code,kyori_kubun,ichi_shisu,3,2297,70.36,3.84,66.02,False
KEIBAJO_SURFACE_04_芝,ichi_shisu+manken_shirushi+umakigo_code,ichi_shisu,manken_shirushi,umakigo_code,8,1378,74.09,11.68,66.0,False
KEIBAJO_SURFACE_04_芝,tenkai_kigo_code+umakigo_code+agari_shisu_juni,tenkai_kigo_code,umakigo_code,agari_shisu_juni,40,15956,71.09,16.57,65.96,False
KEIBAJO_SURFACE_04_芝,shiba_tekisei_code+ls_shisu_juni+agari_shisu_juni,shiba_tekisei_code,ls_shisu_juni,agari_shisu_juni,47,5980,69.62,12.84,65.95,False
KEIBAJO_SURFACE_04_芝,kyori_kubun+ichi_shisu+umakigo_code,kyori_kubun,ichi_shisu,umakigo_code,3,2285,70.71,4.21,65.95,False
KEIBAJO_SURFACE_04_芝,uma_start_shisu+ls_shisu_juni+tenkai_kigo_code,uma_start_shisu,ls_shisu_juni,tenkai_kigo_code,26,5744,70.68,12.32,65.94,False
KEIBAJO_SURFACE_04_芝,tenkai_kigo_code+ten_shisu_juni+kyakushitsu,tenkai_kigo_code,ten_shisu_juni,kyakushitsu,54,11434,69.43,13.14,65.93,False
KEIBAJO_SURFACE_04_芝,kyori_tekisei+uma_start_shisu+ten_shisu_juni,kyori_tekisei,uma_start_shisu,ten_shisu_juni,9,1092,72.05,9.44,65.88,False
KEIBAJO_SURFACE_04_芝,kyori_kubun+ls_shisu_juni+rotation,kyori_kubun,ls_shisu_juni,rotation,18,2789,73.13,15.71,65.88,False
KEIBAJO_SURFACE_04_芝,ls_shisu_juni+ten_shisu_juni+kyakushitsu,ls_shisu_juni,ten_shisu_juni,kyakushitsu,25,2927,72.44,16.75,65.87,False
KEIBAJO_SURFACE_04_芝,manken_shirushi+tenkai_kigo_code+rotation,manken_shirushi,tenkai_kigo_code,rotation,9,1077,73.64,11.89,65.87,False
KEIBAJO_SURFACE_04_芝,kyori_kubun+uma_deokure_ritsu+kyakushitsu,kyori_kubun,uma_deokure_ritsu,kyakushitsu,19,5904,71.28,12.05,65.86,False
KEIBAJO_SURFACE_04_芝,ichi_shisu+umakigo_code+kyakushitsu,ichi_shisu,umakigo_code,kyakushitsu,9,3223,73.42,11.58,65.85,False
KEIBAJO_SURFACE_04_芝,joshodo_code+joho_shisu+tenkai_kigo_code,joshodo_code,joho_shisu,tenkai_kigo_code,41,11286,69.32,11.37,65.84,False
KEIBAJO_SURFACE_04_芝,kyori_kubun+ls_shisu_juni+manken_shirushi,kyori_kubun,ls_shisu_juni,manken_shirushi,27,3106,70.9,13.51,65.81,False
KEIBAJO_SURFACE_04_芝,ichi_shisu+kyakushitsu+gekiso_juni,ichi_shisu,kyakushitsu,gekiso_juni,12,1851,71.32,9.75,65.8,False
KEIBAJO_SURFACE_04_芝,ichi_shisu+kyori_tekisei+ten_shisu,ichi_shisu,kyori_tekisei,ten_shisu,8,2121,72.81,10.16,65.77,False
KEIBAJO_SURFACE_04_芝,joshodo_code+kyori_tekisei+idm,joshodo_code,kyori_tekisei,idm,15,1639,72.59,13.57,65.73,False
KEIBAJO_SURFACE_04_芝,pace_yoso+manken_shisu+kyakushitsu,pace_yoso,manken_shisu,kyakushitsu,15,1635,70.38,9.59,65.53,False
KEIBAJO_SURFACE_04_芝,kyori_tekisei+tenkai_kigo_code+gekiso_juni,kyori_tekisei,tenkai_kigo_code,gekiso_juni,59,9167,69.14,14.22,65.51,False
KEIBAJO_SURFACE_04_芝,shiba_tekisei_code+kishu_shisu+uma_start_shisu,shiba_tekisei_code,kishu_shisu,uma_start_shisu,14,2275,72.21,12.8,65.5,False
KEIBAJO_SURFACE_04_芝,joshodo_code+nyukyu_nannichimae+uma_deokure_ritsu,joshodo_code,nyukyu_nannichimae,uma_deokure_ritsu,12,2045,71.35,10.36,65.49,False
KEIBAJO_SURFACE_04_芝,shiba_tekisei_code+rotation+ten_shisu_juni,shiba_tekisei_code,rotation,ten_shisu_juni,5,557,73.68,9.35,65.48,False
KEIBAJO_SURFACE_04_芝,joken_class_code+ls_shisu_juni+manken_shirushi,joken_class_code,ls_shisu_juni,manken_shirushi,30,4096,69.92,12.41,65.48,False
KEIBAJO_SURFACE_04_芝,manken_shisu+ls_shisu_juni+umakigo_code,manken_shisu,ls_shisu_juni,umakigo_code,38,4411,69.79,13.56,65.48,False
KEIBAJO_SURFACE_04_芝,kyori_kubun+kishu_shisu+tenkai_kigo_code,kyori_kubun,kishu_shisu,tenkai_kigo_code,43,7673,70.15,15.81,65.42,False
KEIBAJO_SURFACE_04_芝,ichi_shisu+kyori_tekisei+gekiso_juni,ichi_shisu,kyori_tekisei,gekiso_juni,13,2022,70.77,9.89,65.39,False
KEIBAJO_SURFACE_04_芝,joken_class_code+tenkai_kigo_code+idm,joken_class_code,tenkai_kigo_code,idm,21,2643,71.67,14.8,65.34,False
KEIBAJO_SURFACE_04_芝,umakigo_code+idm+kyakushitsu,umakigo_code,idm,kyakushitsu,11,1278,72.07,11.44,65.31,False
KEIBAJO_SURFACE_04_芝,joho_shisu+tenkai_kigo_code+umakigo_code,joho_shisu,tenkai_kigo_code,umakigo_code,40,10874,68.88,11.54,65.3,False
KEIBAJO_SURFACE_04_芝,shiba_tekisei_code+joho_shisu+rotation,shiba_tekisei_code,joho_shisu,rotation,22,3330,72.32,16.79,65.3,False
KEIBAJO_SURFACE_04_芝,kyori_kubun+uma_start_shisu+uma_deokure_ritsu,kyori_kubun,uma_start_shisu,uma_deokure_ritsu,10,3631,72.83,12.17,65.28,False
KEIBAJO_SURFACE_04_芝,joshodo_code+ichi_shisu+kyakushitsu,joshodo_code,ichi_shisu,kyakushitsu,13,3556,73.45,15.04,65.27,False
KEIBAJO_SURFACE_04_芝,manken_shirushi+tenkai_kigo_code+uma_deokure_ritsu,manken_shirushi,tenkai_kigo_code,uma_deokure_ritsu,8,1661,75.15,14.27,65.26,False
KEIBAJO_SURFACE_04_芝,pace_yoso+ichi_shisu+tenkai_kigo_code,pace_yoso,ichi_shisu,tenkai_kigo_code,5,2243,72.07,7.78,65.25,False
KEIBAJO_SURFACE_04_芝,joshodo_code+umakigo_code+ten_shisu,joshodo_code,umakigo_code,ten_shisu,7,1752,73.62,11.36,65.2,False
KEIBAJO_SURFACE_04_芝,pace_yoso+kishu_shisu+tenkai_kigo_code,pace_yoso,kishu_shisu,tenkai_kigo_code,39,9168,68.66,11.05,65.19,False
KEIBAJO_SURFACE_04_芝,joken_class_code+ichi_shisu+tenkai_kigo_code,joken_class_code,ichi_shisu,tenkai_kigo_code,5,2486,71.06,6.72,65.17,False
KEIBAJO_SURFACE_04_芝,umakigo_code+uma_deokure_ritsu+idm,umakigo_code,uma_deokure_ritsu,idm,10,1119,74.46,15.0,65.17,False
KEIBAJO_SURFACE_04_芝,shiba_tekisei_code+kishu_shisu+tenkai_kigo_code,shiba_tekisei_code,kishu_shisu,tenkai_kigo_code,35,7579,70.77,16.94,65.16,False
KEIBAJO_SURFACE_04_芝,umakigo_code+ten_shisu+kyakushitsu,umakigo_code,ten_shisu,kyakushitsu,7,1939,73.7,11.52,65.16,False
KEIBAJO_SURFACE_04_芝,joken_class_code+joshodo_code+joho_shisu,joken_class_code,joshodo_code,joho_shisu,30,9299,69.55,12.31,65.14,False
KEIBAJO_SURFACE_04_芝,pace_yoso+manken_shisu+kyori_tekisei,pace_yoso,manken_shisu,kyori_tekisei,18,2222,70.28,11.3,65.06,False
KEIBAJO_SURFACE_04_芝,joshodo_code+uma_deokure_ritsu+gekiso_juni,joshodo_code,uma_deokure_ritsu,gekiso_juni,16,5034,70.57,11.24,65.06,False
KEIBAJO_SURFACE_04_芝,joken_class_code+rotation+gekiso_juni,joken_class_code,rotation,gekiso_juni,5,612,79.85,16.9,65.03,False
KEIBAJO_SURFACE_04_芝,shiba_tekisei_code+uma_start_shisu+nyukyu_nannichimae,shiba_tekisei_code,uma_start_shisu,nyukyu_nannichimae,3,356,69.82,4.24,65.02,False
KEIBAJO_SURFACE_04_芝,pace_yoso+ten_shisu+kyakushitsu,pace_yoso,ten_shisu,kyakushitsu,7,1767,74.65,13.01,65.01,False
KEIBAJO_SURFACE_04_芝,shiba_tekisei_code+ls_shisu_juni+gekiso_juni,shiba_tekisei_code,ls_shisu_juni,gekiso_juni,53,7207,68.79,14.11,64.99,False
KEIBAJO_SURFACE_04_芝,ichi_shisu+umakigo_code+ten_shisu,ichi_shisu,umakigo_code,ten_shisu,7,1947,73.46,11.48,64.96,False
KEIBAJO_SURFACE_04_芝,tenkai_kigo_code+umakigo_code+idm,tenkai_kigo_code,umakigo_code,idm,26,4160,69.12,10.84,64.95,False
KEIBAJO_SURFACE_04_芝,shiba_tekisei_code+kishu_shisu+kyori_tekisei,shiba_tekisei_code,kishu_shisu,kyori_tekisei,49,8348,69.27,15.53,64.92,False
KEIBAJO_SURFACE_04_芝,pace_yoso+kyori_kubun+manken_shisu,pace_yoso,kyori_kubun,manken_shisu,8,894,72.34,10.73,64.9,False
KEIBAJO_SURFACE_04_芝,pace_yoso+ichi_shisu+gekiso_juni,pace_yoso,ichi_shisu,gekiso_juni,12,1714,71.5,11.66,64.9,False
KEIBAJO_SURFACE_04_芝,kishu_shisu+manken_shirushi+umakigo_code,kishu_shisu,manken_shirushi,umakigo_code,23,3370,70.05,12.66,64.88,False
KEIBAJO_SURFACE_04_芝,joshodo_code+ten_shisu+kyakushitsu,joshodo_code,ten_shisu,kyakushitsu,7,1808,72.81,10.71,64.88,False
KEIBAJO_SURFACE_04_芝,joken_class_code+joshodo_code+ten_shisu,joken_class_code,joshodo_code,ten_shisu,7,1808,72.81,10.71,64.88,False
KEIBAJO_SURFACE_04_芝,shiba_tekisei_code+joshodo_code+ichi_shisu,shiba_tekisei_code,joshodo_code,ichi_shisu,12,1481,70.65,10.2,64.87,False
KEIBAJO_SURFACE_04_芝,shiba_tekisei_code+kishu_shisu+kyakushitsu,shiba_tekisei_code,kishu_shisu,kyakushitsu,43,7132,69.56,15.72,64.86,False
KEIBAJO_SURFACE_04_芝,pace_yoso+kyori_tekisei+ten_shisu,pace_yoso,kyori_tekisei,ten_shisu,7,1808,74.39,12.9,64.83,False
KEIBAJO_SURFACE_04_芝,joshodo_code+kishu_shisu+uma_start_shisu,joshodo_code,kishu_shisu,uma_start_shisu,27,5327,72.05,19.2,64.81,False
KEIBAJO_SURFACE_04_芝,kishu_shisu+uma_start_shisu+umakigo_code,kishu_shisu,uma_start_shisu,umakigo_code,24,4663,72.22,18.53,64.81,False
KEIBAJO_SURFACE_04_芝,joshodo_code+kyori_tekisei+ten_shisu,joshodo_code,kyori_tekisei,ten_shisu,7,1811,72.73,10.77,64.76,False
KEIBAJO_SURFACE_04_芝,joshodo_code+ichi_shisu+ten_shisu,joshodo_code,ichi_shisu,ten_shisu,7,1811,72.73,10.77,64.76,False
KEIBAJO_SURFACE_04_芝,joho_shisu+manken_shirushi+umakigo_code,joho_shisu,manken_shirushi,umakigo_code,8,2721,69.7,7.17,64.73,False
KEIBAJO_SURFACE_04_芝,kyori_kubun+joho_shisu+umakigo_code,kyori_kubun,joho_shisu,umakigo_code,19,8050,71.78,15.67,64.73,False
KEIBAJO_SURFACE_04_芝,shiba_tekisei_code+tenkai_kigo_code+idm,shiba_tekisei_code,tenkai_kigo_code,idm,20,2557,71.62,15.81,64.69,False
KEIBAJO_SURFACE_04_芝,kishu_shisu+tenkai_kigo_code+kyakushitsu,kishu_shisu,tenkai_kigo_code,kyakushitsu,46,9085,69.54,16.82,64.68,False
KEIBAJO_SURFACE_04_芝,shiba_tekisei_code+ichi_shisu+umakigo_code,shiba_tekisei_code,ichi_shisu,umakigo_code,8,964,71.08,9.26,64.66,False
KEIBAJO_SURFACE_04_芝,joken_class_code+kishu_shisu+kyakushitsu,joken_class_code,kishu_shisu,kyakushitsu,33,5609,70.14,16.12,64.64,False
KEIBAJO_SURFACE_04_芝,pace_yoso+uma_start_shisu+nyukyu_nannichimae,pace_yoso,uma_start_shisu,nyukyu_nannichimae,6,767,73.65,11.27,64.63,False
KEIBAJO_SURFACE_04_芝,ichi_shisu+ten_shisu+kyakushitsu,ichi_shisu,ten_shisu,kyakushitsu,7,1998,72.73,10.97,64.6,False
KEIBAJO_SURFACE_04_芝,kyori_tekisei+ten_shisu+kyakushitsu,kyori_tekisei,ten_shisu,kyakushitsu,7,1998,72.73,10.97,64.6,False
KEIBAJO_SURFACE_04_芝,joken_class_code+ten_shisu+kyakushitsu,joken_class_code,ten_shisu,kyakushitsu,7,1998,72.73,10.97,64.6,False
KEIBAJO_SURFACE_04_芝,pace_yoso+ichi_shisu+ten_shisu,pace_yoso,ichi_shisu,ten_shisu,7,1776,74.28,13.08,64.59,False
KEIBAJO_SURFACE_04_芝,joken_class_code+ichi_shisu+ten_shisu_juni,joken_class_code,ichi_shisu,ten_shisu_juni,10,2142,70.14,8.96,64.59,False
KEIBAJO_SURFACE_04_芝,kyori_kubun+ichi_shisu+ls_shisu_juni,kyori_kubun,ichi_shisu,ls_shisu_juni,10,1917,72.38,12.58,64.58,False
KEIBAJO_SURFACE_04_芝,tenkai_kigo_code+rotation+gekiso_juni,tenkai_kigo_code,rotation,gekiso_juni,11,1338,72.98,14.23,64.57,False
KEIBAJO_SURFACE_04_芝,kyori_tekisei+ls_shisu_juni+rotation,kyori_tekisei,ls_shisu_juni,rotation,18,2409,70.4,12.66,64.55,False
KEIBAJO_SURFACE_04_芝,pace_yoso+kishu_shisu+kyori_tekisei,pace_yoso,kishu_shisu,kyori_tekisei,50,9272,68.86,15.6,64.53,False
KEIBAJO_SURFACE_04_芝,joken_class_code+ichi_shisu+ten_shisu,joken_class_code,ichi_shisu,ten_shisu,7,2005,72.54,10.92,64.45,False
KEIBAJO_SURFACE_04_芝,joken_class_code+kishu_shisu+kyori_tekisei,joken_class_code,kishu_shisu,kyori_tekisei,28,6508,68.88,12.06,64.42,False
KEIBAJO_SURFACE_04_芝,pace_yoso+ichi_shisu+ten_shisu_juni,pace_yoso,ichi_shisu,ten_shisu_juni,10,1935,70.71,10.29,64.34,False
KEIBAJO_SURFACE_04_芝,pace_yoso+nyukyu_nannichimae+uma_deokure_ritsu,pace_yoso,nyukyu_nannichimae,uma_deokure_ritsu,6,790,71.63,9.11,64.34,False
KEIBAJO_SURFACE_04_芝,pace_yoso+tenkai_kigo_code+idm,pace_yoso,tenkai_kigo_code,idm,16,2198,70.45,12.46,64.34,False
KEIBAJO_SURFACE_04_芝,manken_shisu+ichi_shisu+kyori_tekisei,manken_shisu,ichi_shisu,kyori_tekisei,7,750,70.86,8.84,64.32,False
KEIBAJO_SURFACE_04_芝,uma_start_shisu+tenkai_kigo_code+uma_deokure_ritsu,uma_start_shisu,tenkai_kigo_code,uma_deokure_ritsu,13,3897,70.29,11.01,64.3,False
KEIBAJO_SURFACE_04_芝,tenkai_kigo_code+uma_deokure_ritsu+gekiso_juni,tenkai_kigo_code,uma_deokure_ritsu,gekiso_juni,14,2738,71.42,13.6,64.29,False
KEIBAJO_SURFACE_04_芝,pace_yoso+joho_shisu+manken_shirushi,pace_yoso,joho_shisu,manken_shirushi,16,2729,70.95,13.59,64.29,False
KEIBAJO_SURFACE_04_芝,kyori_kubun+ls_shisu_juni+gekiso_juni,kyori_kubun,ls_shisu_juni,gekiso_juni,29,3263,69.45,14.16,64.29,False
KEIBAJO_SURFACE_04_芝,ls_shisu_juni+manken_shirushi+kyakushitsu,ls_shisu_juni,manken_shirushi,kyakushitsu,13,1481,73.11,16.24,64.28,False
KEIBAJO_SURFACE_04_芝,kyori_kubun+ichi_shisu+manken_shirushi,kyori_kubun,ichi_shisu,manken_shirushi,8,896,75.15,15.75,64.23,False
KEIBAJO_SURFACE_04_芝,ls_shisu_juni+tenkai_kigo_code+ten_shisu_juni,ls_shisu_juni,tenkai_kigo_code,ten_shisu_juni,36,5508,70.26,18.49,64.22,False
KEIBAJO_SURFACE_04_芝,shiba_tekisei_code+kishu_shisu+ls_shisu_juni,shiba_tekisei_code,kishu_shisu,ls_shisu_juni,26,4804,72.54,21.71,64.19,False
KEIBAJO_SURFACE_04_芝,joken_class_code+kyori_kubun+manken_shisu,joken_class_code,kyori_kubun,manken_shisu,12,1306,71.63,13.18,64.17,False
KEIBAJO_SURFACE_04_芝,kyori_kubun+kishu_shisu+kyakushitsu,kyori_kubun,kishu_shisu,kyakushitsu,31,5052,70.66,18.44,64.17,False
KEIBAJO_SURFACE_04_芝,joshodo_code+ichi_shisu+ten_shisu_juni,joshodo_code,ichi_shisu,ten_shisu_juni,10,1881,70.79,10.7,64.16,False
KEIBAJO_SURFACE_04_芝,joken_class_code+shiba_tekisei_code+ichi_shisu,joken_class_code,shiba_tekisei_code,ichi_shisu,5,610,74.37,11.67,64.14,False
KEIBAJO_SURFACE_04_芝,joken_class_code+kishu_shisu+tenkai_kigo_code,joken_class_code,kishu_shisu,tenkai_kigo_code,41,7853,68.29,13.67,64.11,False
KEIBAJO_SURFACE_04_芝,ichi_shisu+umakigo_code+ten_shisu_juni,ichi_shisu,umakigo_code,ten_shisu_juni,10,2107,70.29,10.11,64.02,False
KEIBAJO_SURFACE_04_芝,joshodo_code+kishu_shisu+uma_deokure_ritsu,joshodo_code,kishu_shisu,uma_deokure_ritsu,22,4866,68.51,10.97,63.93,False
KEIBAJO_SURFACE_04_芝,pace_yoso+kishu_shisu+kyakushitsu,pace_yoso,kishu_shisu,kyakushitsu,48,8823,68.71,17.05,63.89,False
KEIBAJO_SURFACE_04_芝,umakigo_code+uma_deokure_ritsu+gekiso_juni,umakigo_code,uma_deokure_ritsu,gekiso_juni,16,4793,69.84,12.14,63.89,False
KEIBAJO_SURFACE_04_芝,joho_shisu+tenkai_kigo_code+ten_shisu_juni,joho_shisu,tenkai_kigo_code,ten_shisu_juni,20,3727,70.86,15.94,63.88,False
KEIBAJO_SURFACE_04_芝,joho_shisu+umakigo_code+kyakushitsu,joho_shisu,umakigo_code,kyakushitsu,17,7582,71.19,15.39,63.87,False
KEIBAJO_SURFACE_04_芝,joshodo_code+joho_shisu+uma_deokure_ritsu,joshodo_code,joho_shisu,uma_deokure_ritsu,15,3851,73.42,18.96,63.82,False
KEIBAJO_SURFACE_04_芝,joshodo_code+uma_start_shisu+nyukyu_nannichimae,joshodo_code,uma_start_shisu,nyukyu_nannichimae,9,1571,70.21,9.81,63.8,False
KEIBAJO_SURFACE_04_芝,joshodo_code+joho_shisu+ls_shisu_juni,joshodo_code,joho_shisu,ls_shisu_juni,15,6804,68.67,9.82,63.7,False
KEIBAJO_SURFACE_04_芝,joshodo_code+kishu_shisu+rotation,joshodo_code,kishu_shisu,rotation,30,4292,70.84,20.0,63.68,False
KEIBAJO_SURFACE_04_芝,shiba_tekisei_code+kishu_shisu+manken_shirushi,shiba_tekisei_code,kishu_shisu,manken_shirushi,3,313,79.41,13.9,63.68,False
KEIBAJO_SURFACE_04_芝,kyori_kubun+ls_shisu_juni+agari_shisu_juni,kyori_kubun,ls_shisu_juni,agari_shisu_juni,28,3190,68.0,11.86,63.61,False
KEIBAJO_SURFACE_04_芝,pace_yoso+joho_shisu+rotation,pace_yoso,joho_shisu,rotation,17,3313,69.33,12.05,63.6,False
KEIBAJO_SURFACE_04_芝,shiba_tekisei_code+joho_shisu+manken_shirushi,shiba_tekisei_code,joho_shisu,manken_shirushi,14,2152,70.46,13.18,63.56,False
KEIBAJO_SURFACE_04_芝,ichi_shisu+ten_shisu_juni+kyakushitsu,ichi_shisu,ten_shisu_juni,kyakushitsu,10,2081,69.38,9.41,63.55,False
KEIBAJO_SURFACE_04_芝,joho_shisu+tenkai_kigo_code+agari_shisu_juni,joho_shisu,tenkai_kigo_code,agari_shisu_juni,23,4559,69.93,15.82,63.46,False
KEIBAJO_SURFACE_04_芝,kyori_kubun+ichi_shisu+kyori_tekisei,kyori_kubun,ichi_shisu,kyori_tekisei,3,2296,69.07,4.97,63.44,False
KEIBAJO_SURFACE_04_芝,uma_start_shisu+ls_shisu_juni+uma_deokure_ritsu,uma_start_shisu,ls_shisu_juni,uma_deokure_ritsu,9,2939,70.88,11.44,63.4,False
KEIBAJO_SURFACE_04_芝,tenkai_kigo_code+ten_shisu+kyakushitsu,tenkai_kigo_code,ten_shisu,kyakushitsu,7,1793,71.9,11.5,63.38,False
KEIBAJO_SURFACE_04_芝,manken_shirushi+tenkai_kigo_code+gekiso_juni,manken_shirushi,tenkai_kigo_code,gekiso_juni,9,1149,72.18,13.49,63.37,False
KEIBAJO_SURFACE_04_芝,kyori_kubun+kishu_shisu+kyori_tekisei,kyori_kubun,kishu_shisu,kyori_tekisei,48,8055,68.29,17.57,63.32,False
KEIBAJO_SURFACE_04_芝,joshodo_code+tenkai_kigo_code+ten_shisu,joshodo_code,tenkai_kigo_code,ten_shisu,6,1529,68.99,7.08,63.32,False
KEIBAJO_SURFACE_04_芝,ichi_shisu+tenkai_kigo_code+ten_shisu,ichi_shisu,tenkai_kigo_code,ten_shisu,7,1817,71.71,11.32,63.32,False
KEIBAJO_SURFACE_04_芝,kishu_shisu+ls_shisu_juni+tenkai_kigo_code,kishu_shisu,ls_shisu_juni,tenkai_kigo_code,27,5302,71.36,21.36,63.31,False
KEIBAJO_SURFACE_04_芝,joken_class_code+tenkai_kigo_code+ten_shisu,joken_class_code,tenkai_kigo_code,ten_shisu,7,1818,71.29,10.86,63.24,False
KEIBAJO_SURFACE_04_芝,kyori_tekisei+tenkai_kigo_code+ten_shisu,kyori_tekisei,tenkai_kigo_code,ten_shisu,7,1815,71.23,10.86,63.19,False
KEIBAJO_SURFACE_04_芝,kishu_shisu+kyori_tekisei+ten_shisu,kishu_shisu,kyori_tekisei,ten_shisu,3,527,64.72,1.39,63.14,False
KEIBAJO_SURFACE_04_芝,ls_shisu_juni+agari_shisu_juni+kyakushitsu,ls_shisu_juni,agari_shisu_juni,kyakushitsu,23,2670,68.45,13.15,63.08,False
KEIBAJO_SURFACE_04_芝,uma_start_shisu+joho_shisu+umakigo_code,uma_start_shisu,joho_shisu,umakigo_code,18,4840,70.36,15.77,63.07,False
KEIBAJO_SURFACE_04_芝,pace_yoso+kishu_shisu+ls_shisu_juni,pace_yoso,kishu_shisu,ls_shisu_juni,34,6739,70.76,22.96,63.04,False
KEIBAJO_SURFACE_04_芝,pace_yoso+tenkai_kigo_code+ten_shisu,pace_yoso,tenkai_kigo_code,ten_shisu,6,1513,70.53,9.4,63.0,False
KEIBAJO_SURFACE_04_芝,shiba_tekisei_code+uma_start_shisu+joho_shisu,shiba_tekisei_code,uma_start_shisu,joho_shisu,16,3414,69.97,14.23,63.0,False
KEIBAJO_SURFACE_04_芝,joken_class_code+kishu_shisu+uma_start_shisu,joken_class_code,kishu_shisu,uma_start_shisu,10,1599,71.08,13.09,62.96,False
KEIBAJO_SURFACE_04_芝,kishu_shisu+kyori_tekisei+tenkai_kigo_code,kishu_shisu,kyori_tekisei,tenkai_kigo_code,38,6855,67.93,15.63,62.95,False
KEIBAJO_SURFACE_04_芝,pace_yoso+joho_shisu+gekiso_juni,pace_yoso,joho_shisu,gekiso_juni,27,4655,68.15,13.89,62.91,False
KEIBAJO_SURFACE_04_芝,kishu_shisu+umakigo_code+agari_shisu_juni,kishu_shisu,umakigo_code,agari_shisu_juni,27,3802,71.43,22.68,62.88,False
KEIBAJO_SURFACE_04_芝,joken_class_code+joho_shisu+ten_shisu_juni,joken_class_code,joho_shisu,ten_shisu_juni,24,3435,69.7,17.05,62.88,False
KEIBAJO_SURFACE_04_芝,uma_start_shisu+uma_deokure_ritsu+agari_shisu_juni,uma_start_shisu,uma_deokure_ritsu,agari_shisu_juni,14,2499,70.34,14.33,62.84,False
KEIBAJO_SURFACE_04_芝,joshodo_code+kishu_shisu+agari_shisu_juni,joshodo_code,kishu_shisu,agari_shisu_juni,26,3432,71.39,22.22,62.84,False
KEIBAJO_SURFACE_04_芝,kishu_shisu+umakigo_code+rotation,kishu_shisu,umakigo_code,rotation,26,3584,70.06,18.84,62.81,False
KEIBAJO_SURFACE_04_芝,pace_yoso+shiba_tekisei_code+joho_shisu,pace_yoso,shiba_tekisei_code,joho_shisu,19,6987,68.58,12.83,62.81,False
KEIBAJO_SURFACE_04_芝,pace_yoso+joho_shisu+ten_shisu_juni,pace_yoso,joho_shisu,ten_shisu_juni,24,4448,68.5,14.44,62.72,False
KEIBAJO_SURFACE_04_芝,ichi_shisu+agari_shisu_juni+kyakushitsu,ichi_shisu,agari_shisu_juni,kyakushitsu,10,1653,71.81,14.75,62.67,False
KEIBAJO_SURFACE_04_芝,kishu_shisu+umakigo_code+uma_deokure_ritsu,kishu_shisu,umakigo_code,uma_deokure_ritsu,20,4417,68.03,12.5,62.55,False
KEIBAJO_SURFACE_04_芝,ichi_shisu+kyori_tekisei+ten_shisu_juni,ichi_shisu,kyori_tekisei,ten_shisu_juni,10,2135,68.94,10.33,62.54,False
KEIBAJO_SURFACE_04_芝,kishu_shisu+ichi_shisu+tenkai_kigo_code,kishu_shisu,ichi_shisu,tenkai_kigo_code,6,1112,65.8,4.18,62.45,False
KEIBAJO_SURFACE_04_芝,pace_yoso+joho_shisu+agari_shisu_juni,pace_yoso,joho_shisu,agari_shisu_juni,25,4452,67.63,13.22,62.45,False
KEIBAJO_SURFACE_04_芝,tenkai_kigo_code+umakigo_code+ten_shisu,tenkai_kigo_code,umakigo_code,ten_shisu,6,1690,68.31,7.34,62.44,False
KEIBAJO_SURFACE_04_芝,joken_class_code+manken_shisu+ichi_shisu,joken_class_code,manken_shisu,ichi_shisu,6,649,69.77,9.19,62.42,False
KEIBAJO_SURFACE_04_芝,kishu_shisu+umakigo_code+gekiso_juni,kishu_shisu,umakigo_code,gekiso_juni,30,4110,68.72,17.62,62.41,False
KEIBAJO_SURFACE_04_芝,kishu_shisu+umakigo_code+ten_shisu,kishu_shisu,umakigo_code,ten_shisu,3,528,67.82,4.86,62.33,False
KEIBAJO_SURFACE_04_芝,manken_shisu+kyori_tekisei+kyakushitsu,manken_shisu,kyori_tekisei,kyakushitsu,5,535,69.8,8.57,62.29,False
KEIBAJO_SURFACE_04_芝,joken_class_code+manken_shisu+kyakushitsu,joken_class_code,manken_shisu,kyakushitsu,5,535,69.8,8.57,62.29,False
KEIBAJO_SURFACE_04_芝,manken_shisu+ichi_shisu+kyakushitsu,manken_shisu,ichi_shisu,kyakushitsu,5,535,69.8,8.57,62.29,False
KEIBAJO_SURFACE_04_芝,joken_class_code+ten_shisu_juni+agari_shisu_juni,joken_class_code,ten_shisu_juni,agari_shisu_juni,7,909,70.7,11.37,62.28,False
KEIBAJO_SURFACE_04_芝,uma_start_shisu+nyukyu_nannichimae+uma_deokure_ritsu,uma_start_shisu,nyukyu_nannichimae,uma_deokure_ritsu,6,695,68.46,7.79,62.23,False
KEIBAJO_SURFACE_04_芝,pace_yoso+ten_shisu_juni+agari_shisu_juni,pace_yoso,ten_shisu_juni,agari_shisu_juni,6,731,70.5,10.33,62.23,False
KEIBAJO_SURFACE_04_芝,kishu_shisu+joho_shisu+kyakushitsu,kishu_shisu,joho_shisu,kyakushitsu,26,4964,70.6,21.81,62.21,False
KEIBAJO_SURFACE_04_芝,kishu_shisu+tenkai_kigo_code+uma_deokure_ritsu,kishu_shisu,tenkai_kigo_code,uma_deokure_ritsu,13,2321,67.64,10.18,62.11,False
KEIBAJO_SURFACE_04_芝,ls_shisu_juni+uma_deokure_ritsu+gekiso_juni,ls_shisu_juni,uma_deokure_ritsu,gekiso_juni,8,852,71.35,13.36,62.09,False
KEIBAJO_SURFACE_04_芝,kyori_kubun+manken_shisu+tenkai_kigo_code,kyori_kubun,manken_shisu,tenkai_kigo_code,6,636,72.87,13.46,62.09,False
KEIBAJO_SURFACE_04_芝,uma_start_shisu+uma_deokure_ritsu+gekiso_juni,uma_start_shisu,uma_deokure_ritsu,gekiso_juni,13,2470,68.16,11.2,62.07,False
KEIBAJO_SURFACE_04_芝,kishu_shisu+kyori_tekisei+uma_deokure_ritsu,kishu_shisu,kyori_tekisei,uma_deokure_ritsu,10,1410,68.34,10.13,62.06,False
KEIBAJO_SURFACE_04_芝,joken_class_code+kishu_shisu+ls_shisu_juni,joken_class_code,kishu_shisu,ls_shisu_juni,26,4868,69.13,18.57,62.0,False
KEIBAJO_SURFACE_04_芝,ichi_shisu+tenkai_kigo_code+umakigo_code,ichi_shisu,tenkai_kigo_code,umakigo_code,14,3674,69.07,13.67,61.91,False
KEIBAJO_SURFACE_04_芝,kishu_shisu+kyori_tekisei+ten_shisu_juni,kishu_shisu,kyori_tekisei,ten_shisu_juni,4,453,72.65,10.99,61.88,False
KEIBAJO_SURFACE_04_芝,joho_shisu+tenkai_kigo_code+rotation,joho_shisu,tenkai_kigo_code,rotation,14,3083,69.18,13.98,61.86,False
KEIBAJO_SURFACE_04_芝,kyori_kubun+nyukyu_nannichimae+kyakushitsu,kyori_kubun,nyukyu_nannichimae,kyakushitsu,3,322,70.94,8.04,61.85,False
KEIBAJO_SURFACE_04_芝,ichi_shisu+joho_shisu+ls_shisu_juni,ichi_shisu,joho_shisu,ls_shisu_juni,3,632,67.93,5.4,61.82,False
KEIBAJO_SURFACE_04_芝,joho_shisu+ls_shisu_juni+umakigo_code,joho_shisu,ls_shisu_juni,umakigo_code,14,6875,67.19,10.41,61.74,False
KEIBAJO_SURFACE_04_芝,nyukyu_nannichimae+tenkai_kigo_code+uma_deokure_ritsu,nyukyu_nannichimae,tenkai_kigo_code,uma_deokure_ritsu,6,723,71.45,12.18,61.7,False
KEIBAJO_SURFACE_04_芝,kishu_shisu+tenkai_kigo_code+ten_shisu,kishu_shisu,tenkai_kigo_code,ten_shisu,3,528,68.15,5.74,61.65,False
KEIBAJO_SURFACE_04_芝,joshodo_code+joho_shisu+kyakushitsu,joshodo_code,joho_shisu,kyakushitsu,15,7872,67.81,12.33,61.57,False
KEIBAJO_SURFACE_04_芝,joken_class_code+joho_shisu+agari_shisu_juni,joken_class_code,joho_shisu,agari_shisu_juni,25,3498,67.56,15.32,61.56,False
KEIBAJO_SURFACE_04_芝,joho_shisu+ten_shisu_juni+kyakushitsu,joho_shisu,ten_shisu_juni,kyakushitsu,25,3115,70.61,23.27,61.49,False
KEIBAJO_SURFACE_04_芝,joho_shisu+tenkai_kigo_code+gekiso_juni,joho_shisu,tenkai_kigo_code,gekiso_juni,17,3078,69.36,16.61,61.47,False
KEIBAJO_SURFACE_04_芝,kishu_shisu+kyori_tekisei+ls_shisu_juni,kishu_shisu,kyori_tekisei,ls_shisu_juni,25,4171,68.52,18.03,61.45,False
KEIBAJO_SURFACE_04_芝,ls_shisu_juni+nyukyu_nannichimae+umakigo_code,ls_shisu_juni,nyukyu_nannichimae,umakigo_code,18,2926,65.99,9.87,61.43,False
KEIBAJO_SURFACE_04_芝,kishu_shisu+umakigo_code+ten_shisu_juni,kishu_shisu,umakigo_code,ten_shisu_juni,27,3774,70.26,23.54,61.38,False
KEIBAJO_SURFACE_04_芝,pace_yoso+ichi_shisu+agari_shisu_juni,pace_yoso,ichi_shisu,agari_shisu_juni,9,1470,71.4,15.37,61.36,False
KEIBAJO_SURFACE_04_芝,shiba_tekisei_code+kishu_shisu+rotation,shiba_tekisei_code,kishu_shisu,rotation,6,735,71.44,12.59,61.36,False
KEIBAJO_SURFACE_04_芝,kishu_shisu+ls_shisu_juni+kyakushitsu,kishu_shisu,ls_shisu_juni,kyakushitsu,19,3351,67.9,14.77,61.26,False
KEIBAJO_SURFACE_04_芝,joken_class_code+kishu_shisu+uma_deokure_ritsu,joken_class_code,kishu_shisu,uma_deokure_ritsu,14,2404,68.85,14.53,61.24,False
KEIBAJO_SURFACE_04_芝,pace_yoso+kishu_shisu+joho_shisu,pace_yoso,kishu_shisu,joho_shisu,24,6575,67.58,15.93,61.21,False
KEIBAJO_SURFACE_04_芝,ls_shisu_juni+kyakushitsu+gekiso_juni,ls_shisu_juni,kyakushitsu,gekiso_juni,13,1456,67.08,10.83,61.19,False
KEIBAJO_SURFACE_04_芝,kyori_kubun+joho_shisu+rotation,kyori_kubun,joho_shisu,rotation,13,1862,67.53,11.67,61.19,False
KEIBAJO_SURFACE_04_芝,ls_shisu_juni+nyukyu_nannichimae+tenkai_kigo_code,ls_shisu_juni,nyukyu_nannichimae,tenkai_kigo_code,10,1152,71.91,17.37,61.14,False
KEIBAJO_SURFACE_04_芝,pace_yoso+joken_class_code+joho_shisu,pace_yoso,joken_class_code,joho_shisu,16,7300,67.5,12.98,61.14,False
KEIBAJO_SURFACE_04_芝,manken_shisu+ichi_shisu+umakigo_code,manken_shisu,ichi_shisu,umakigo_code,4,438,71.9,11.09,61.03,False
KEIBAJO_SURFACE_04_芝,joho_shisu+ls_shisu_juni+manken_shirushi,joho_shisu,ls_shisu_juni,manken_shirushi,16,1892,70.46,19.27,61.01,False
KEIBAJO_SURFACE_04_芝,kyori_kubun+joho_shisu+agari_shisu_juni,kyori_kubun,joho_shisu,agari_shisu_juni,27,3267,67.24,16.73,60.93,False
KEIBAJO_SURFACE_04_芝,kyori_tekisei+joho_shisu+umakigo_code,kyori_tekisei,joho_shisu,umakigo_code,12,7013,70.35,16.69,60.91,False
KEIBAJO_SURFACE_04_芝,joshodo_code+kishu_shisu+gekiso_juni,joshodo_code,kishu_shisu,gekiso_juni,26,3472,69.27,21.8,60.89,False
KEIBAJO_SURFACE_04_芝,joshodo_code+joho_shisu+ten_shisu_juni,joshodo_code,joho_shisu,ten_shisu_juni,29,6187,65.13,11.72,60.87,False
KEIBAJO_SURFACE_04_芝,uma_start_shisu+nyukyu_nannichimae+tenkai_kigo_code,uma_start_shisu,nyukyu_nannichimae,tenkai_kigo_code,6,717,71.8,13.65,60.87,False
KEIBAJO_SURFACE_04_芝,pace_yoso+joken_class_code+ichi_shisu,pace_yoso,joken_class_code,ichi_shisu,3,2314,68.24,6.61,60.76,False
KEIBAJO_SURFACE_04_芝,kyori_tekisei+ls_shisu_juni+ten_shisu_juni,kyori_tekisei,ls_shisu_juni,ten_shisu_juni,14,1803,68.26,14.38,60.72,False
KEIBAJO_SURFACE_04_芝,joho_shisu+ls_shisu_juni+agari_shisu_juni,joho_shisu,ls_shisu_juni,agari_shisu_juni,21,2678,67.42,15.71,60.7,False
KEIBAJO_SURFACE_04_芝,joshodo_code+ichi_shisu+agari_shisu_juni,joshodo_code,ichi_shisu,agari_shisu_juni,9,1403,70.23,14.58,60.7,False
KEIBAJO_SURFACE_04_芝,ichi_shisu+tenkai_kigo_code+ten_shisu_juni,ichi_shisu,tenkai_kigo_code,ten_shisu_juni,11,1913,68.51,13.21,60.7,False
KEIBAJO_SURFACE_04_芝,joken_class_code+ichi_shisu+agari_shisu_juni,joken_class_code,ichi_shisu,agari_shisu_juni,11,1853,69.7,15.23,60.7,False
KEIBAJO_SURFACE_04_芝,shiba_tekisei_code+kishu_shisu+joho_shisu,shiba_tekisei_code,kishu_shisu,joho_shisu,19,4769,69.0,18.52,60.67,False
KEIBAJO_SURFACE_04_芝,ichi_shisu+umakigo_code+agari_shisu_juni,ichi_shisu,umakigo_code,agari_shisu_juni,11,1851,70.23,16.23,60.64,False
KEIBAJO_SURFACE_04_芝,shiba_tekisei_code+joho_shisu+agari_shisu_juni,shiba_tekisei_code,joho_shisu,agari_shisu_juni,26,3585,66.32,14.95,60.57,False
KEIBAJO_SURFACE_04_芝,joshodo_code+joho_shisu+gekiso_juni,joshodo_code,joho_shisu,gekiso_juni,26,5776,66.94,16.66,60.54,False
KEIBAJO_SURFACE_04_芝,joshodo_code+joho_shisu+nyukyu_nannichimae,joshodo_code,joho_shisu,nyukyu_nannichimae,10,1931,67.93,12.03,60.48,False
KEIBAJO_SURFACE_04_芝,kyori_kubun+ichi_shisu+gekiso_juni,kyori_kubun,ichi_shisu,gekiso_juni,8,890,70.34,14.24,60.47,False
KEIBAJO_SURFACE_04_芝,kyori_tekisei+ls_shisu_juni+gekiso_juni,kyori_tekisei,ls_shisu_juni,gekiso_juni,17,1939,67.96,15.82,60.44,False
KEIBAJO_SURFACE_04_芝,joho_shisu+umakigo_code+rotation,joho_shisu,umakigo_code,rotation,19,4432,65.42,11.12,60.41,False
KEIBAJO_SURFACE_04_芝,pace_yoso+manken_shirushi+rotation,pace_yoso,manken_shirushi,rotation,4,414,75.52,15.43,60.4,False
KEIBAJO_SURFACE_04_芝,kishu_shisu+ichi_shisu+kyakushitsu,kishu_shisu,ichi_shisu,kyakushitsu,8,1297,64.35,5.71,60.4,False
KEIBAJO_SURFACE_04_芝,joshodo_code+ichi_shisu+uma_deokure_ritsu,joshodo_code,ichi_shisu,uma_deokure_ritsu,8,1066,72.6,17.65,60.37,False
KEIBAJO_SURFACE_04_芝,kyori_kubun+kishu_shisu+ls_shisu_juni,kyori_kubun,kishu_shisu,ls_shisu_juni,25,4515,66.37,15.43,60.32,False
KEIBAJO_SURFACE_04_芝,kyori_kubun+ichi_shisu+agari_shisu_juni,kyori_kubun,ichi_shisu,agari_shisu_juni,9,1071,70.94,16.33,60.27,False
KEIBAJO_SURFACE_04_芝,joshodo_code+joho_shisu+rotation,joshodo_code,joho_shisu,rotation,23,5261,65.33,12.6,60.18,False
KEIBAJO_SURFACE_04_芝,pace_yoso+kishu_shisu+rotation,pace_yoso,kishu_shisu,rotation,6,773,66.55,7.97,60.18,False
KEIBAJO_SURFACE_04_芝,ls_shisu_juni+tenkai_kigo_code+uma_deokure_ritsu,ls_shisu_juni,tenkai_kigo_code,uma_deokure_ritsu,19,4525,66.55,14.18,60.17,False
KEIBAJO_SURFACE_04_芝,shiba_tekisei_code+joho_shisu+tenkai_kigo_code,shiba_tekisei_code,joho_shisu,tenkai_kigo_code,12,5422,62.83,4.73,60.16,False
KEIBAJO_SURFACE_04_芝,kyori_kubun+ls_shisu_juni+ten_shisu_juni,kyori_kubun,ls_shisu_juni,ten_shisu_juni,28,3334,66.76,17.85,60.15,False
KEIBAJO_SURFACE_04_芝,kishu_shisu+kyori_tekisei+joho_shisu,kishu_shisu,kyori_tekisei,joho_shisu,24,4995,67.15,17.6,60.1,False
KEIBAJO_SURFACE_04_芝,shiba_tekisei_code+kishu_shisu+uma_deokure_ritsu,shiba_tekisei_code,kishu_shisu,uma_deokure_ritsu,15,2611,67.06,13.87,60.04,False
KEIBAJO_SURFACE_04_芝,kishu_shisu+tenkai_kigo_code+rotation,kishu_shisu,tenkai_kigo_code,rotation,9,1320,70.13,15.46,60.03,False
KEIBAJO_SURFACE_04_芝,joken_class_code+joho_shisu+gekiso_juni,joken_class_code,joho_shisu,gekiso_juni,25,3522,65.96,15.18,60.01,False
KEIBAJO_SURFACE_04_芝,joho_shisu+umakigo_code+gekiso_juni,joho_shisu,umakigo_code,gekiso_juni,27,6217,65.08,13.51,59.98,False
KEIBAJO_SURFACE_04_芝,joho_shisu+manken_shirushi+kyakushitsu,joho_shisu,manken_shirushi,kyakushitsu,13,1468,69.16,16.91,59.97,False
KEIBAJO_SURFACE_04_芝,joshodo_code+ls_shisu_juni+nyukyu_nannichimae,joshodo_code,ls_shisu_juni,nyukyu_nannichimae,17,2867,65.18,10.95,59.97,False
KEIBAJO_SURFACE_04_芝,shiba_tekisei_code+ls_shisu_juni+nyukyu_nannichimae,shiba_tekisei_code,ls_shisu_juni,nyukyu_nannichimae,5,536,70.74,12.31,59.94,False
KEIBAJO_SURFACE_04_芝,joho_shisu+ls_shisu_juni+tenkai_kigo_code,joho_shisu,ls_shisu_juni,tenkai_kigo_code,18,5863,65.2,11.39,59.94,False
KEIBAJO_SURFACE_04_芝,uma_start_shisu+ls_shisu_juni+ten_shisu_juni,uma_start_shisu,ls_shisu_juni,ten_shisu_juni,7,738,69.34,12.75,59.89,False
KEIBAJO_SURFACE_04_芝,pace_yoso+uma_start_shisu+joho_shisu,pace_yoso,uma_start_shisu,joho_shisu,18,4015,67.58,16.64,59.89,False
KEIBAJO_SURFACE_04_芝,pace_yoso+joshodo_code+ichi_shisu,pace_yoso,joshodo_code,ichi_shisu,10,2803,68.71,14.32,59.84,False
KEIBAJO_SURFACE_04_芝,kishu_shisu+kyori_tekisei+kyakushitsu,kishu_shisu,kyori_tekisei,kyakushitsu,32,4885,66.98,20.64,59.83,False
KEIBAJO_SURFACE_04_芝,joken_class_code+kishu_shisu+ichi_shisu,joken_class_code,kishu_shisu,ichi_shisu,8,1359,63.3,5.05,59.81,False
KEIBAJO_SURFACE_04_芝,joho_shisu+umakigo_code+ten_shisu_juni,joho_shisu,umakigo_code,ten_shisu_juni,25,6000,64.51,12.18,59.73,False
KEIBAJO_SURFACE_04_芝,kishu_shisu+ichi_shisu+umakigo_code,kishu_shisu,ichi_shisu,umakigo_code,9,1461,63.32,5.58,59.67,False
KEIBAJO_SURFACE_04_芝,pace_yoso+kishu_shisu+ichi_shisu,pace_yoso,kishu_shisu,ichi_shisu,7,1116,64.14,6.1,59.62,False
KEIBAJO_SURFACE_04_芝,pace_yoso+joho_shisu+tenkai_kigo_code,pace_yoso,joho_shisu,tenkai_kigo_code,18,7367,64.67,10.92,59.62,False
KEIBAJO_SURFACE_04_芝,kishu_shisu+joho_shisu+tenkai_kigo_code,kishu_shisu,joho_shisu,tenkai_kigo_code,23,5620,66.85,17.68,59.62,False
KEIBAJO_SURFACE_04_芝,joshodo_code+joho_shisu+manken_shirushi,joshodo_code,joho_shisu,manken_shirushi,9,2731,67.88,12.72,59.56,False
KEIBAJO_SURFACE_04_芝,kyori_kubun+umakigo_code+ten_shisu,kyori_kubun,umakigo_code,ten_shisu,8,1603,68.16,12.43,59.55,False
KEIBAJO_SURFACE_04_芝,uma_start_shisu+joho_shisu+ls_shisu_juni,uma_start_shisu,joho_shisu,ls_shisu_juni,12,2302,69.74,18.2,59.44,False
KEIBAJO_SURFACE_04_芝,shiba_tekisei_code+joho_shisu+ls_shisu_juni,shiba_tekisei_code,joho_shisu,ls_shisu_juni,17,5280,65.39,12.59,59.41,False
KEIBAJO_SURFACE_04_芝,kyori_tekisei+uma_deokure_ritsu+agari_shisu_juni,kyori_tekisei,uma_deokure_ritsu,agari_shisu_juni,8,849,72.41,18.76,59.41,False
KEIBAJO_SURFACE_04_芝,kishu_shisu+joho_shisu+uma_deokure_ritsu,kishu_shisu,joho_shisu,uma_deokure_ritsu,7,1439,67.21,10.55,59.39,False
KEIBAJO_SURFACE_04_芝,pace_yoso+kishu_shisu+uma_deokure_ritsu,pace_yoso,kishu_shisu,uma_deokure_ritsu,13,2360,66.01,12.26,59.34,False
KEIBAJO_SURFACE_04_芝,ls_shisu_juni+uma_deokure_ritsu+ten_shisu_juni,ls_shisu_juni,uma_deokure_ritsu,ten_shisu_juni,9,1074,70.3,16.81,59.32,False
KEIBAJO_SURFACE_04_芝,joken_class_code+kishu_shisu+joho_shisu,joken_class_code,kishu_shisu,joho_shisu,22,5171,66.74,17.84,59.29,False
KEIBAJO_SURFACE_04_芝,joho_shisu+kyakushitsu+gekiso_juni,joho_shisu,kyakushitsu,gekiso_juni,14,1615,67.65,15.95,59.29,False
KEIBAJO_SURFACE_04_芝,ichi_shisu+kyori_tekisei+agari_shisu_juni,ichi_shisu,kyori_tekisei,agari_shisu_juni,11,1833,68.49,15.59,59.27,False
KEIBAJO_SURFACE_04_芝,shiba_tekisei_code+kyori_tekisei+joho_shisu,shiba_tekisei_code,kyori_tekisei,joho_shisu,15,5747,66.26,13.91,59.22,False
KEIBAJO_SURFACE_04_芝,ichi_shisu+tenkai_kigo_code+agari_shisu_juni,ichi_shisu,tenkai_kigo_code,agari_shisu_juni,11,1565,68.03,14.95,59.19,False
KEIBAJO_SURFACE_04_芝,kyori_tekisei+umakigo_code+idm,kyori_tekisei,umakigo_code,idm,14,1575,68.21,17.23,59.18,False
KEIBAJO_SURFACE_04_芝,pace_yoso+kyori_tekisei+joho_shisu,pace_yoso,kyori_tekisei,joho_shisu,14,6846,64.98,11.11,59.16,False
KEIBAJO_SURFACE_04_芝,joho_shisu+ls_shisu_juni+kyakushitsu,joho_shisu,ls_shisu_juni,kyakushitsu,23,5727,66.24,17.42,59.12,False
KEIBAJO_SURFACE_04_芝,joshodo_code+kishu_shisu+joho_shisu,joshodo_code,kishu_shisu,joho_shisu,15,6360,65.62,12.93,59.08,False
KEIBAJO_SURFACE_04_芝,manken_shisu+tenkai_kigo_code+uma_deokure_ritsu,manken_shisu,tenkai_kigo_code,uma_deokure_ritsu,5,528,68.02,10.22,59.06,False
KEIBAJO_SURFACE_04_芝,kyori_tekisei+joho_shisu+ls_shisu_juni,kyori_tekisei,joho_shisu,ls_shisu_juni,21,5664,64.82,13.5,59.04,False
KEIBAJO_SURFACE_04_芝,pace_yoso+ls_shisu_juni+nyukyu_nannichimae,pace_yoso,ls_shisu_juni,nyukyu_nannichimae,14,1751,66.99,15.38,58.93,False
KEIBAJO_SURFACE_04_芝,kishu_shisu+tenkai_kigo_code+agari_shisu_juni,kishu_shisu,tenkai_kigo_code,agari_shisu_juni,17,2038,65.97,14.84,58.92,False
KEIBAJO_SURFACE_04_芝,kishu_shisu+uma_deokure_ritsu+kyakushitsu,kishu_shisu,uma_deokure_ritsu,kyakushitsu,12,1918,66.64,13.67,58.9,False
KEIBAJO_SURFACE_04_芝,kishu_shisu+joho_shisu+umakigo_code,kishu_shisu,joho_shisu,umakigo_code,14,6449,63.31,8.5,58.86,False
KEIBAJO_SURFACE_04_芝,kishu_shisu+ichi_shisu+ls_shisu_juni,kishu_shisu,ichi_shisu,ls_shisu_juni,4,459,68.8,10.2,58.8,False
KEIBAJO_SURFACE_04_芝,shiba_tekisei_code+joho_shisu+ten_shisu_juni,shiba_tekisei_code,joho_shisu,ten_shisu_juni,26,3544,65.32,17.06,58.76,False
KEIBAJO_SURFACE_04_芝,shiba_tekisei_code+joho_shisu+gekiso_juni,shiba_tekisei_code,joho_shisu,gekiso_juni,25,3640,65.58,17.43,58.75,False
KEIBAJO_SURFACE_04_芝,joken_class_code+joho_shisu+rotation,joken_class_code,joho_shisu,rotation,11,1831,69.46,18.21,58.7,False
KEIBAJO_SURFACE_04_芝,ichi_shisu+manken_shirushi+tenkai_kigo_code,ichi_shisu,manken_shirushi,tenkai_kigo_code,5,556,73.04,16.39,58.67,False
KEIBAJO_SURFACE_04_芝,kishu_shisu+ichi_shisu+kyori_tekisei,kishu_shisu,ichi_shisu,kyori_tekisei,8,1376,62.22,5.18,58.62,False
KEIBAJO_SURFACE_04_芝,joken_class_code+ichi_shisu+uma_deokure_ritsu,joken_class_code,ichi_shisu,uma_deokure_ritsu,3,362,69.73,9.85,58.58,False
KEIBAJO_SURFACE_04_芝,kyori_kubun+kishu_shisu+joho_shisu,kyori_kubun,kishu_shisu,joho_shisu,29,5913,65.96,20.41,58.53,False
KEIBAJO_SURFACE_04_芝,joshodo_code+kishu_shisu+ten_shisu_juni,joshodo_code,kishu_shisu,ten_shisu_juni,26,3355,67.83,24.27,58.5,False
KEIBAJO_SURFACE_04_芝,kyori_kubun+joho_shisu+gekiso_juni,kyori_kubun,joho_shisu,gekiso_juni,27,3263,64.75,16.58,58.49,False
KEIBAJO_SURFACE_04_芝,kyori_kubun+joho_shisu+tenkai_kigo_code,kyori_kubun,joho_shisu,tenkai_kigo_code,19,6736,63.68,11.61,58.46,False
KEIBAJO_SURFACE_04_芝,joken_class_code+shiba_tekisei_code+joho_shisu,joken_class_code,shiba_tekisei_code,joho_shisu,12,5673,66.7,14.58,58.45,False
KEIBAJO_SURFACE_04_芝,kishu_shisu+uma_start_shisu+uma_deokure_ritsu,kishu_shisu,uma_start_shisu,uma_deokure_ritsu,10,1766,64.38,9.65,58.4,False
KEIBAJO_SURFACE_04_芝,joken_class_code+kyori_tekisei+gekiso_shisu,joken_class_code,kyori_tekisei,gekiso_shisu,3,338,68.7,9.16,58.33,False
KEIBAJO_SURFACE_04_芝,kyori_tekisei+ls_shisu_juni+manken_shirushi,kyori_tekisei,ls_shisu_juni,manken_shirushi,9,1006,67.01,13.32,58.31,False
KEIBAJO_SURFACE_04_芝,ichi_shisu+tenkai_kigo_code+gekiso_juni,ichi_shisu,tenkai_kigo_code,gekiso_juni,10,1202,64.69,10.35,58.27,False
KEIBAJO_SURFACE_04_芝,kishu_shisu+joho_shisu+ls_shisu_juni,kishu_shisu,joho_shisu,ls_shisu_juni,21,4678,67.66,22.31,58.12,False
KEIBAJO_SURFACE_04_芝,joken_class_code+joho_shisu+tenkai_kigo_code,joken_class_code,joho_shisu,tenkai_kigo_code,17,6390,62.19,8.57,58.12,False
KEIBAJO_SURFACE_04_芝,pace_yoso+ichi_shisu+kyori_tekisei,pace_yoso,ichi_shisu,kyori_tekisei,3,2312,66.48,7.44,58.06,False
KEIBAJO_SURFACE_04_芝,joshodo_code+joho_shisu+agari_shisu_juni,joshodo_code,joho_shisu,agari_shisu_juni,25,5654,64.37,16.16,58.03,False
KEIBAJO_SURFACE_04_芝,joshodo_code+manken_shisu+joho_shisu,joshodo_code,manken_shisu,joho_shisu,22,2818,64.62,15.86,57.99,False
KEIBAJO_SURFACE_04_芝,kyori_kubun+joshodo_code+joho_shisu,kyori_kubun,joshodo_code,joho_shisu,13,7409,64.96,12.97,57.91,False
KEIBAJO_SURFACE_04_芝,joho_shisu+ls_shisu_juni+rotation,joho_shisu,ls_shisu_juni,rotation,11,1569,68.47,17.89,57.9,False
KEIBAJO_SURFACE_04_芝,joken_class_code+uma_start_shisu+joho_shisu,joken_class_code,uma_start_shisu,joho_shisu,14,2842,67.07,17.63,57.83,False
KEIBAJO_SURFACE_04_芝,kyori_tekisei+uma_start_shisu+agari_shisu_juni,kyori_tekisei,uma_start_shisu,agari_shisu_juni,3,324,74.21,14.47,57.83,False
KEIBAJO_SURFACE_04_芝,kishu_shisu+uma_start_shisu+kyakushitsu,kishu_shisu,uma_start_shisu,kyakushitsu,8,1388,76.52,26.98,57.82,False
KEIBAJO_SURFACE_04_芝,ichi_shisu+tenkai_kigo_code+kyakushitsu,ichi_shisu,tenkai_kigo_code,kyakushitsu,6,2584,68.39,13.24,57.8,False
KEIBAJO_SURFACE_04_芝,joho_shisu+umakigo_code+uma_deokure_ritsu,joho_shisu,umakigo_code,uma_deokure_ritsu,12,3267,65.76,14.19,57.73,False
KEIBAJO_SURFACE_04_芝,joshodo_code+joho_shisu+idm,joshodo_code,joho_shisu,idm,11,1191,68.47,18.27,57.67,False
KEIBAJO_SURFACE_04_芝,joken_class_code+kyori_kubun+ten_shisu,joken_class_code,kyori_kubun,ten_shisu,7,1479,66.85,12.49,57.59,False
KEIBAJO_SURFACE_04_芝,kyori_tekisei+joho_shisu+tenkai_kigo_code,kyori_tekisei,joho_shisu,tenkai_kigo_code,21,6598,63.4,13.85,57.48,False
KEIBAJO_SURFACE_04_芝,kyori_kubun+joho_shisu+ten_shisu_juni,kyori_kubun,joho_shisu,ten_shisu_juni,24,3089,66.35,22.24,57.45,False
KEIBAJO_SURFACE_04_芝,kyori_kubun+joho_shisu+ls_shisu_juni,kyori_kubun,joho_shisu,ls_shisu_juni,20,5955,63.77,14.86,57.26,False
KEIBAJO_SURFACE_04_芝,pace_yoso+joho_shisu+ls_shisu_juni,pace_yoso,joho_shisu,ls_shisu_juni,18,6640,63.1,12.75,57.22,False
KEIBAJO_SURFACE_04_芝,joho_shisu+agari_shisu_juni+kyakushitsu,joho_shisu,agari_shisu_juni,kyakushitsu,19,2339,64.97,17.33,57.17,False
KEIBAJO_SURFACE_04_芝,kyori_tekisei+joho_shisu+ten_shisu_juni,kyori_tekisei,joho_shisu,ten_shisu_juni,6,1118,64.5,9.32,57.04,False
KEIBAJO_SURFACE_04_芝,shiba_tekisei_code+joho_shisu+kyakushitsu,shiba_tekisei_code,joho_shisu,kyakushitsu,17,5937,65.63,18.18,56.99,False
KEIBAJO_SURFACE_04_芝,ichi_shisu+umakigo_code+uma_deokure_ritsu,ichi_shisu,umakigo_code,uma_deokure_ritsu,6,838,64.43,9.36,56.94,False
KEIBAJO_SURFACE_04_芝,kyori_tekisei+ls_shisu_juni+agari_shisu_juni,kyori_tekisei,ls_shisu_juni,agari_shisu_juni,14,1564,65.81,17.3,56.75,False
KEIBAJO_SURFACE_04_芝,kyori_kubun+shiba_tekisei_code+joho_shisu,kyori_kubun,shiba_tekisei_code,joho_shisu,17,6018,63.07,13.32,56.74,False
KEIBAJO_SURFACE_04_芝,ichi_shisu+uma_deokure_ritsu+kyakushitsu,ichi_shisu,uma_deokure_ritsu,kyakushitsu,3,361,66.64,8.76,56.73,False
KEIBAJO_SURFACE_04_芝,kishu_shisu+joho_shisu+ten_shisu_juni,kishu_shisu,joho_shisu,ten_shisu_juni,6,751,64.53,9.76,56.72,False
KEIBAJO_SURFACE_04_芝,joken_class_code+manken_shisu+uma_deokure_ritsu,joken_class_code,manken_shisu,uma_deokure_ritsu,5,525,65.23,9.72,56.71,False
KEIBAJO_SURFACE_04_芝,joken_class_code+joho_shisu+ls_shisu_juni,joken_class_code,joho_shisu,ls_shisu_juni,20,5778,63.21,14.97,56.65,False
KEIBAJO_SURFACE_04_芝,joshodo_code+uma_start_shisu+joho_shisu,joshodo_code,uma_start_shisu,joho_shisu,20,5451,63.89,16.62,56.61,False
KEIBAJO_SURFACE_04_芝,joken_class_code+kyori_kubun+joho_shisu,joken_class_code,kyori_kubun,joho_shisu,22,6825,63.23,15.96,56.56,False
KEIBAJO_SURFACE_04_芝,joho_shisu+umakigo_code+agari_shisu_juni,joho_shisu,umakigo_code,agari_shisu_juni,26,6094,63.81,19.21,56.43,False
KEIBAJO_SURFACE_04_芝,joho_shisu+ls_shisu_juni+gekiso_juni,joho_shisu,ls_shisu_juni,gekiso_juni,22,2812,63.3,16.63,56.35,False
KEIBAJO_SURFACE_04_芝,kyori_tekisei+joho_shisu+kyakushitsu,kyori_tekisei,joho_shisu,kyakushitsu,28,6947,63.65,19.77,56.33,False
KEIBAJO_SURFACE_04_芝,joho_shisu+ls_shisu_juni+ten_shisu_juni,joho_shisu,ls_shisu_juni,ten_shisu_juni,22,2819,65.27,21.5,56.29,False
KEIBAJO_SURFACE_04_芝,joken_class_code+joho_shisu+kyakushitsu,joken_class_code,joho_shisu,kyakushitsu,25,6770,62.02,14.72,56.25,False
KEIBAJO_SURFACE_04_芝,ten_shisu_juni+ten_shisu+kyakushitsu,ten_shisu_juni,ten_shisu,kyakushitsu,7,1035,67.23,14.86,56.22,False
KEIBAJO_SURFACE_04_芝,joshodo_code+kishu_shisu+ichi_shisu,joshodo_code,kishu_shisu,ichi_shisu,6,998,66.57,13.1,56.09,False
KEIBAJO_SURFACE_04_芝,kyori_tekisei+joho_shisu+gekiso_juni,kyori_tekisei,joho_shisu,gekiso_juni,14,1799,64.01,15.19,56.06,False
KEIBAJO_SURFACE_04_芝,joshodo_code+kyori_tekisei+joho_shisu,joshodo_code,kyori_tekisei,joho_shisu,10,7064,62.23,10.08,55.99,False
KEIBAJO_SURFACE_04_芝,kyori_kubun+kyori_tekisei+ten_shisu,kyori_kubun,kyori_tekisei,ten_shisu,7,1456,66.42,14.24,55.88,False
KEIBAJO_SURFACE_04_芝,kyori_tekisei+ten_shisu_juni+agari_shisu_juni,kyori_tekisei,ten_shisu_juni,agari_shisu_juni,4,522,67.07,11.44,55.86,False
KEIBAJO_SURFACE_04_芝,joken_class_code+ten_shisu_juni+ten_shisu,joken_class_code,ten_shisu_juni,ten_shisu,7,1043,66.98,15.11,55.79,False
KEIBAJO_SURFACE_04_芝,joken_class_code+kyori_tekisei+joho_shisu,joken_class_code,kyori_tekisei,joho_shisu,22,6624,62.01,14.91,55.78,False
KEIBAJO_SURFACE_04_芝,ichi_shisu+ten_shisu_juni+ten_shisu,ichi_shisu,ten_shisu_juni,ten_shisu,7,1039,66.96,15.12,55.76,False
KEIBAJO_SURFACE_04_芝,pace_yoso+rotation+ten_shisu_juni,pace_yoso,rotation,ten_shisu_juni,3,311,77.61,19.36,55.71,False
KEIBAJO_SURFACE_04_芝,joho_shisu+tenkai_kigo_code+uma_deokure_ritsu,joho_shisu,tenkai_kigo_code,uma_deokure_ritsu,12,2600,64.15,14.99,55.67,False
KEIBAJO_SURFACE_04_芝,kyori_tekisei+ten_shisu_juni+ten_shisu,kyori_tekisei,ten_shisu_juni,ten_shisu,7,1041,66.86,15.11,55.67,False
KEIBAJO_SURFACE_04_芝,joken_class_code+kishu_shisu+ten_shisu_juni,joken_class_code,kishu_shisu,ten_shisu_juni,4,527,68.98,13.72,55.54,False
KEIBAJO_SURFACE_04_芝,uma_start_shisu+joho_shisu+agari_shisu_juni,uma_start_shisu,joho_shisu,agari_shisu_juni,4,442,59.98,4.57,55.5,False
KEIBAJO_SURFACE_04_芝,kyori_kubun+kishu_shisu+uma_deokure_ritsu,kyori_kubun,kishu_shisu,uma_deokure_ritsu,8,1443,67.45,17.36,55.42,False
KEIBAJO_SURFACE_04_芝,joho_shisu+umakigo_code+idm,joho_shisu,umakigo_code,idm,4,466,70.87,15.79,55.39,False
KEIBAJO_SURFACE_04_芝,uma_start_shisu+joho_shisu+rotation,uma_start_shisu,joho_shisu,rotation,3,487,65.0,8.73,55.11,False
KEIBAJO_SURFACE_04_芝,umakigo_code+ten_shisu_juni+ten_shisu,umakigo_code,ten_shisu_juni,ten_shisu,7,1037,66.51,15.41,55.1,False
KEIBAJO_SURFACE_04_芝,ichi_shisu+joho_shisu+ten_shisu_juni,ichi_shisu,joho_shisu,ten_shisu_juni,4,618,68.91,14.13,55.06,False
KEIBAJO_SURFACE_04_芝,pace_yoso+kyori_kubun+joho_shisu,pace_yoso,kyori_kubun,joho_shisu,16,7246,62.12,14.43,55.05,False
KEIBAJO_SURFACE_04_芝,kyori_tekisei+joho_shisu+rotation,kyori_tekisei,joho_shisu,rotation,10,1368,61.73,10.81,55.03,False
KEIBAJO_SURFACE_04_芝,joho_shisu+nyukyu_nannichimae+umakigo_code,joho_shisu,nyukyu_nannichimae,umakigo_code,11,1992,63.07,13.68,54.98,False
KEIBAJO_SURFACE_04_芝,kyori_kubun+joho_shisu+kyakushitsu,kyori_kubun,joho_shisu,kyakushitsu,25,6895,60.68,14.69,54.92,False
KEIBAJO_SURFACE_04_芝,pace_yoso+joho_shisu+kyakushitsu,pace_yoso,joho_shisu,kyakushitsu,19,7251,61.2,14.22,54.8,False
KEIBAJO_SURFACE_04_芝,joho_shisu+uma_deokure_ritsu+gekiso_juni,joho_shisu,uma_deokure_ritsu,gekiso_juni,7,769,68.57,18.69,54.72,False
KEIBAJO_SURFACE_04_芝,kishu_shisu+joho_shisu+manken_shirushi,kishu_shisu,joho_shisu,manken_shirushi,6,645,73.85,23.92,54.71,False
KEIBAJO_SURFACE_04_芝,pace_yoso+ichi_shisu+umakigo_code,pace_yoso,ichi_shisu,umakigo_code,7,2719,66.04,15.37,54.66,False
KEIBAJO_SURFACE_04_芝,ichi_shisu+uma_start_shisu+umakigo_code,ichi_shisu,uma_start_shisu,umakigo_code,5,597,62.87,9.46,54.58,False
KEIBAJO_SURFACE_04_芝,joho_shisu+tenkai_kigo_code+kyakushitsu,joho_shisu,tenkai_kigo_code,kyakushitsu,16,7001,60.38,11.88,54.56,False
KEIBAJO_SURFACE_04_芝,kishu_shisu+ls_shisu_juni+uma_deokure_ritsu,kishu_shisu,ls_shisu_juni,uma_deokure_ritsu,7,1221,60.89,8.67,54.47,False
KEIBAJO_SURFACE_04_芝,kyori_tekisei+joho_shisu+manken_shirushi,kyori_tekisei,joho_shisu,manken_shirushi,7,819,65.41,15.06,54.26,False
KEIBAJO_SURFACE_04_芝,joshodo_code+ichi_shisu+uma_start_shisu,joshodo_code,ichi_shisu,uma_start_shisu,5,632,62.79,9.79,54.2,False
KEIBAJO_SURFACE_04_芝,shiba_tekisei_code+kyori_tekisei+idm,shiba_tekisei_code,kyori_tekisei,idm,4,422,77.86,24.19,54.15,False
KEIBAJO_SURFACE_04_芝,kishu_shisu+ichi_shisu+joho_shisu,kishu_shisu,ichi_shisu,joho_shisu,3,505,66.18,10.62,54.15,False
KEIBAJO_SURFACE_04_芝,pace_yoso+kishu_shisu+ten_shisu_juni,pace_yoso,kishu_shisu,ten_shisu_juni,6,668,64.29,12.82,54.03,False
KEIBAJO_SURFACE_04_芝,pace_yoso+ten_shisu_juni+ten_shisu,pace_yoso,ten_shisu_juni,ten_shisu,6,870,67.13,16.39,54.01,False
KEIBAJO_SURFACE_04_芝,kyori_kubun+kyori_tekisei+joho_shisu,kyori_kubun,kyori_tekisei,joho_shisu,19,6778,59.66,13.13,53.76,False
KEIBAJO_SURFACE_04_芝,uma_start_shisu+joho_shisu+tenkai_kigo_code,uma_start_shisu,joho_shisu,tenkai_kigo_code,16,3597,62.06,16.96,53.75,False
KEIBAJO_SURFACE_04_芝,kyori_tekisei+joho_shisu+agari_shisu_juni,kyori_tekisei,joho_shisu,agari_shisu_juni,10,1355,67.39,22.06,53.72,False
KEIBAJO_SURFACE_04_芝,pace_yoso+joho_shisu+uma_deokure_ritsu,pace_yoso,joho_shisu,uma_deokure_ritsu,13,2839,66.16,22.98,53.67,False
KEIBAJO_SURFACE_04_芝,kyori_kubun+ten_shisu+kyakushitsu,kyori_kubun,ten_shisu,kyakushitsu,6,1329,65.52,15.19,53.37,False
KEIBAJO_SURFACE_04_芝,kyori_kubun+ichi_shisu+ten_shisu,kyori_kubun,ichi_shisu,ten_shisu,6,1343,65.3,15.27,53.08,False
KEIBAJO_SURFACE_04_芝,ls_shisu_juni+uma_deokure_ritsu+agari_shisu_juni,ls_shisu_juni,uma_deokure_ritsu,agari_shisu_juni,5,539,60.29,8.46,52.87,False
KEIBAJO_SURFACE_04_芝,manken_shisu+joho_shisu+umakigo_code,manken_shisu,joho_shisu,umakigo_code,27,3306,60.05,19.04,52.87,False
KEIBAJO_SURFACE_04_芝,joshodo_code+ls_shisu_juni+idm,joshodo_code,ls_shisu_juni,idm,3,305,64.19,10.13,52.73,False
KEIBAJO_SURFACE_04_芝,joho_shisu+rotation+kyakushitsu,joho_shisu,rotation,kyakushitsu,11,1663,62.46,16.54,52.69,False
KEIBAJO_SURFACE_04_芝,kishu_shisu+kyori_tekisei+uma_start_shisu,kishu_shisu,kyori_tekisei,uma_start_shisu,8,1168,60.78,11.85,52.57,False
KEIBAJO_SURFACE_04_芝,joken_class_code+kyori_tekisei+idm,joken_class_code,kyori_tekisei,idm,8,941,67.28,22.03,52.02,False
KEIBAJO_SURFACE_04_芝,kishu_shisu+joho_shisu+gekiso_juni,kishu_shisu,joho_shisu,gekiso_juni,8,888,61.99,14.57,51.9,False
KEIBAJO_SURFACE_04_芝,shiba_tekisei_code+joho_shisu+nyukyu_nannichimae,shiba_tekisei_code,joho_shisu,nyukyu_nannichimae,6,715,64.85,16.35,51.76,False
KEIBAJO_SURFACE_04_芝,pace_yoso+joho_shisu+nyukyu_nannichimae,pace_yoso,joho_shisu,nyukyu_nannichimae,8,1222,64.06,17.84,51.69,False
KEIBAJO_SURFACE_04_芝,pace_yoso+kyori_kubun+ten_shisu,pace_yoso,kyori_kubun,ten_shisu,5,1127,66.48,16.95,51.62,False
KEIBAJO_SURFACE_04_芝,kishu_shisu+uma_start_shisu+ls_shisu_juni,kishu_shisu,uma_start_shisu,ls_shisu_juni,6,1082,66.33,18.47,51.55,False
KEIBAJO_SURFACE_04_芝,tenkai_kigo_code+ten_shisu_juni+ten_shisu,tenkai_kigo_code,ten_shisu_juni,ten_shisu,5,797,59.86,9.54,51.5,False
KEIBAJO_SURFACE_04_芝,shiba_tekisei_code+joho_shisu+uma_deokure_ritsu,shiba_tekisei_code,joho_shisu,uma_deokure_ritsu,6,2124,59.51,10.09,51.43,False
KEIBAJO_SURFACE_04_芝,kishu_shisu+joho_shisu+agari_shisu_juni,kishu_shisu,joho_shisu,agari_shisu_juni,8,891,58.92,11.26,51.12,False
KEIBAJO_SURFACE_04_芝,joshodo_code+ten_shisu_juni+ten_shisu,joshodo_code,ten_shisu_juni,ten_shisu,4,656,68.2,17.57,50.99,False
KEIBAJO_SURFACE_04_芝,joken_class_code+nyukyu_nannichimae+uma_deokure_ritsu,joken_class_code,nyukyu_nannichimae,uma_deokure_ritsu,3,339,72.37,18.96,50.91,False
KEIBAJO_SURFACE_04_芝,kyori_kubun+joshodo_code+ten_shisu,kyori_kubun,joshodo_code,ten_shisu,5,1107,66.13,17.83,50.5,False
KEIBAJO_SURFACE_04_芝,ls_shisu_juni+umakigo_code+ten_shisu,ls_shisu_juni,umakigo_code,ten_shisu,4,780,69.7,19.6,50.49,False
KEIBAJO_SURFACE_04_芝,kyori_kubun+uma_start_shisu+joho_shisu,kyori_kubun,uma_start_shisu,joho_shisu,15,2828,59.19,17.39,50.39,False
KEIBAJO_SURFACE_04_芝,pace_yoso+kishu_shisu+gekiso_juni,pace_yoso,kishu_shisu,gekiso_juni,9,943,57.05,10.26,50.35,False
KEIBAJO_SURFACE_04_芝,kishu_shisu+tenkai_kigo_code+ten_shisu_juni,kishu_shisu,tenkai_kigo_code,ten_shisu_juni,5,530,58.43,9.44,50.15,False
KEIBAJO_SURFACE_04_芝,uma_start_shisu+joho_shisu+kyakushitsu,uma_start_shisu,joho_shisu,kyakushitsu,15,3106,57.82,15.53,49.96,False
KEIBAJO_SURFACE_04_芝,joshodo_code+ichi_shisu+kyori_tekisei,joshodo_code,ichi_shisu,kyori_tekisei,3,2201,60.74,10.23,49.16,False
KEIBAJO_SURFACE_04_芝,joken_class_code+ls_shisu_juni+ten_shisu,joken_class_code,ls_shisu_juni,ten_shisu,4,765,70.31,21.67,49.08,False
KEIBAJO_SURFACE_04_芝,joho_shisu+uma_deokure_ritsu+agari_shisu_juni,joho_shisu,uma_deokure_ritsu,agari_shisu_juni,6,648,61.24,15.45,48.88,False
KEIBAJO_SURFACE_04_芝,joho_shisu+manken_shirushi+uma_deokure_ritsu,joho_shisu,manken_shirushi,uma_deokure_ritsu,4,439,64.44,15.93,48.83,False
KEIBAJO_SURFACE_04_芝,kyori_tekisei+uma_start_shisu+joho_shisu,kyori_tekisei,uma_start_shisu,joho_shisu,11,2241,57.39,15.08,48.48,False
KEIBAJO_SURFACE_04_芝,kishu_shisu+joho_shisu+rotation,kishu_shisu,joho_shisu,rotation,5,666,59.98,13.13,48.47,False
KEIBAJO_SURFACE_04_芝,ls_shisu_juni+tenkai_kigo_code+ten_shisu,ls_shisu_juni,tenkai_kigo_code,ten_shisu,3,659,67.92,17.46,48.16,False
KEIBAJO_SURFACE_04_芝,joho_shisu+uma_deokure_ritsu+ten_shisu_juni,joho_shisu,uma_deokure_ritsu,ten_shisu_juni,7,836,65.54,23.47,48.15,False
KEIBAJO_SURFACE_04_芝,joho_shisu+rotation+uma_deokure_ritsu,joho_shisu,rotation,uma_deokure_ritsu,3,525,65.06,15.34,47.7,False
KEIBAJO_SURFACE_04_芝,ichi_shisu+uma_start_shisu+uma_deokure_ritsu,ichi_shisu,uma_start_shisu,uma_deokure_ritsu,3,328,62.34,13.21,47.39,False
KEIBAJO_SURFACE_04_芝,joshodo_code+ls_shisu_juni+ten_shisu,joshodo_code,ls_shisu_juni,ten_shisu,3,597,67.69,18.18,47.12,False
KEIBAJO_SURFACE_04_芝,ichi_shisu+ls_shisu_juni+ten_shisu,ichi_shisu,ls_shisu_juni,ten_shisu,3,654,67.16,17.83,46.99,False
KEIBAJO_SURFACE_04_芝,joshodo_code+joho_shisu+ten_shisu,joshodo_code,joho_shisu,ten_shisu,3,826,64.14,15.17,46.97,False
KEIBAJO_SURFACE_04_芝,kyori_kubun+kishu_shisu+uma_start_shisu,kyori_kubun,kishu_shisu,uma_start_shisu,7,1218,61.46,20.05,46.6,False
KEIBAJO_SURFACE_04_芝,joho_shisu+tenkai_kigo_code+ten_shisu,joho_shisu,tenkai_kigo_code,ten_shisu,3,916,61.59,13.41,46.41,False
KEIBAJO_SURFACE_04_芝,joken_class_code+kishu_shisu+rotation,joken_class_code,kishu_shisu,rotation,5,576,60.31,15.96,46.32,False
KEIBAJO_SURFACE_04_芝,joken_class_code+uma_deokure_ritsu+idm,joken_class_code,uma_deokure_ritsu,idm,3,304,66.7,18.04,46.28,False
KEIBAJO_SURFACE_04_芝,joken_class_code+joho_shisu+uma_deokure_ritsu,joken_class_code,joho_shisu,uma_deokure_ritsu,7,2157,57.8,15.63,46.22,False
KEIBAJO_SURFACE_04_芝,kyori_kubun+tenkai_kigo_code+ten_shisu,kyori_kubun,tenkai_kigo_code,ten_shisu,4,1022,63.0,17.71,45.64,False
KEIBAJO_SURFACE_04_芝,kyori_tekisei+joho_shisu+uma_deokure_ritsu,kyori_tekisei,joho_shisu,uma_deokure_ritsu,8,1995,58.42,18.45,45.63,False
KEIBAJO_SURFACE_04_芝,joho_shisu+ten_shisu+kyakushitsu,joho_shisu,ten_shisu,kyakushitsu,3,904,61.24,13.95,45.45,False
KEIBAJO_SURFACE_04_芝,joho_shisu+umakigo_code+ten_shisu,joho_shisu,umakigo_code,ten_shisu,3,923,61.25,14.24,45.14,False
KEIBAJO_SURFACE_04_芝,ls_shisu_juni+ten_shisu+kyakushitsu,ls_shisu_juni,ten_shisu,kyakushitsu,3,651,66.37,18.91,44.98,False
KEIBAJO_SURFACE_04_芝,joken_class_code+joho_shisu+ten_shisu,joken_class_code,joho_shisu,ten_shisu,3,920,60.34,13.6,44.95,False
KEIBAJO_SURFACE_04_芝,ichi_shisu+joho_shisu+ten_shisu,ichi_shisu,joho_shisu,ten_shisu,3,910,61.35,14.71,44.7,False
KEIBAJO_SURFACE_04_芝,kyori_tekisei+joho_shisu+ten_shisu,kyori_tekisei,joho_shisu,ten_shisu,3,917,61.7,15.18,44.53,False
KEIBAJO_SURFACE_04_芝,pace_yoso+joho_shisu+ten_shisu,pace_yoso,joho_shisu,ten_shisu,3,815,64.15,17.44,44.42,False
KEIBAJO_SURFACE_04_芝,kyori_tekisei+ls_shisu_juni+ten_shisu,kyori_tekisei,ls_shisu_juni,ten_shisu,3,660,66.0,19.29,44.17,False
KEIBAJO_SURFACE_04_芝,kishu_shisu+uma_start_shisu+joho_shisu,kishu_shisu,uma_start_shisu,joho_shisu,8,1499,58.15,20.18,44.17,False
KEIBAJO_SURFACE_04_芝,manken_shisu+joho_shisu+tenkai_kigo_code,manken_shisu,joho_shisu,tenkai_kigo_code,4,412,65.66,22.21,43.9,False
KEIBAJO_SURFACE_04_芝,kishu_shisu+tenkai_kigo_code+gekiso_juni,kishu_shisu,tenkai_kigo_code,gekiso_juni,7,762,68.82,33.88,43.72,False
KEIBAJO_SURFACE_04_芝,pace_yoso+ls_shisu_juni+ten_shisu,pace_yoso,ls_shisu_juni,ten_shisu,3,599,68.2,22.0,43.31,False
KEIBAJO_SURFACE_04_芝,joho_shisu+uma_deokure_ritsu+kyakushitsu,joho_shisu,uma_deokure_ritsu,kyakushitsu,8,2109,56.23,19.22,42.92,False
KEIBAJO_SURFACE_04_芝,joshodo_code+kishu_shisu+nyukyu_nannichimae,joshodo_code,kishu_shisu,nyukyu_nannichimae,6,671,57.07,19.32,41.61,False
KEIBAJO_SURFACE_04_芝,kyori_kubun+joho_shisu+uma_deokure_ritsu,kyori_kubun,joho_shisu,uma_deokure_ritsu,8,2084,52.64,17.14,40.77,False
KEIBAJO_SURFACE_04_芝,uma_start_shisu+joho_shisu+gekiso_juni,uma_start_shisu,joho_shisu,gekiso_juni,4,420,61.15,21.95,39.64,False
KEIBAJO_SURFACE_04_芝,kyori_kubun+ichi_shisu+joho_shisu,kyori_kubun,ichi_shisu,joho_shisu,3,842,55.37,14.14,39.38,False
KEIBAJO_SURFACE_04_芝,uma_start_shisu+joho_shisu+ten_shisu_juni,uma_start_shisu,joho_shisu,ten_shisu_juni,6,648,66.22,33.89,39.1,False
KEIBAJO_SURFACE_04_芝,kishu_shisu+nyukyu_nannichimae+umakigo_code,kishu_shisu,nyukyu_nannichimae,umakigo_code,5,533,58.43,22.1,39.05,False
KEIBAJO_SURFACE_04_芝,joho_shisu+ls_shisu_juni+uma_deokure_ritsu,joho_shisu,ls_shisu_juni,uma_deokure_ritsu,6,1638,56.19,21.74,38.8,False
KEIBAJO_SURFACE_04_芝,kishu_shisu+manken_shirushi+tenkai_kigo_code,kishu_shisu,manken_shirushi,tenkai_kigo_code,4,430,67.41,30.41,37.6,False
KEIBAJO_SURFACE_04_芝,uma_start_shisu+joho_shisu+uma_deokure_ritsu,uma_start_shisu,joho_shisu,uma_deokure_ritsu,3,1222,45.64,13.43,30.44,False
KEIBAJO_SURFACE_04_芝,kyori_kubun+joho_shisu+ten_shisu,kyori_kubun,joho_shisu,ten_shisu,3,660,52.33,20.56,29.06,False
KEIBAJO_SURFACE_04_芝,pace_yoso+kishu_shisu+agari_shisu_juni,pace_yoso,kishu_shisu,agari_shisu_juni,3,313,47.39,18.83,26.08,False
