segment,factors,factor1,factor2,factor3,n_bins,n_bets,mean_roi,std_roi,clb,pass
COURSE_27_09_ダ_短距離,manken_shirushi+hizume_code+da_tekisei_code,manken_shirushi,hizume_code,da_tekisei_code,3,336,95.68,4.5,90.59,True
COURSE_27_09_ダ_短距離,hizume_code+agari_shisu_juni+da_tekisei_code,hizume_code,agari_shisu_juni,da_tekisei_code,3,329,92.14,3.67,87.99,True
COURSE_27_09_ダ_短距離,hizume_code+agari_shisu_juni+kyori_tekisei,hizume_code,agari_shisu_juni,kyori_tekisei,3,361,88.05,2.65,85.06,True
COURSE_27_09_ダ_短距離,uma_deokure_ritsu+manken_shirushi+da_tekisei_code,uma_deokure_ritsu,manken_shirushi,da_tekisei_code,4,475,89.4,5.02,84.49,True
COURSE_27_09_ダ_短距離,hizume_code+da_tekisei_code+kijun_ninkijun_tansho,hizume_code,da_tekisei_code,kijun_ninkijun_tansho,3,387,84.7,2.76,81.58,True
COURSE_27_09_ダ_短距離,manken_shirushi+hizume_code+kyori_tekisei,manken_shirushi,hizume_code,kyori_tekisei,7,849,85.4,6.26,80.77,True
COURSE_27_09_ダ_短距離,uma_start_shisu+agari_shisu_juni+da_tekisei_code,uma_start_shisu,agari_shisu_juni,da_tekisei_code,3,325,87.2,6.09,80.31,True
COURSE_27_09_ダ_短距離,uma_start_shisu+da_tekisei_code+ten_shisu_juni,uma_start_shisu,da_tekisei_code,ten_shisu_juni,4,460,84.72,5.59,79.24,False
COURSE_27_09_ダ_短距離,manken_shirushi+kyakushitsu+da_tekisei_code,manken_shirushi,kyakushitsu,da_tekisei_code,6,765,87.77,10.93,79.03,False
COURSE_27_09_ダ_短距離,manken_shirushi+class_code+joshodo_code,manken_shirushi,class_code,joshodo_code,14,1729,81.8,6.93,78.17,False
COURSE_27_09_ダ_短距離,manken_shirushi+class_code+kyusha_hyoka_code,manken_shirushi,class_code,kyusha_hyoka_code,14,1703,81.47,7.03,77.79,False
COURSE_27_09_ダ_短距離,class_code+agari_shisu_juni+da_tekisei_code,class_code,agari_shisu_juni,da_tekisei_code,3,318,81.49,3.37,77.68,False
COURSE_27_09_ダ_短距離,manken_shirushi+class_code+kyori_tekisei,manken_shirushi,class_code,kyori_tekisei,7,815,82.51,6.85,77.43,False
COURSE_27_09_ダ_短距離,joken_class_code+pace_shisu_juni+kyakushitsu,joken_class_code,pace_shisu_juni,kyakushitsu,4,423,82.06,4.93,77.23,False
COURSE_27_09_ダ_短距離,uma_deokure_ritsu+uma_start_shisu+ten_shisu_juni,uma_deokure_ritsu,uma_start_shisu,ten_shisu_juni,6,689,80.71,4.6,77.03,False
COURSE_27_09_ダ_短距離,manken_shirushi+class_code+da_tekisei_code,manken_shirushi,class_code,da_tekisei_code,3,358,82.96,5.29,76.97,False
COURSE_27_09_ダ_短距離,uma_deokure_ritsu+da_tekisei_code+gekiso_juni,uma_deokure_ritsu,da_tekisei_code,gekiso_juni,4,592,79.14,2.29,76.89,False
COURSE_27_09_ダ_短距離,ichi_shisu_juni+ten_shisu_juni+kyusha_hyoka_code,ichi_shisu_juni,ten_shisu_juni,kyusha_hyoka_code,3,444,86.12,8.18,76.86,False
COURSE_27_09_ダ_短距離,uma_start_shisu+ichi_shisu_juni+da_tekisei_code,uma_start_shisu,ichi_shisu_juni,da_tekisei_code,6,665,82.89,7.62,76.79,False
COURSE_27_09_ダ_短距離,joken_class_code+omo_tekisei_code+manken_shirushi,joken_class_code,omo_tekisei_code,manken_shirushi,6,668,83.23,8.12,76.73,False
COURSE_27_09_ダ_短距離,joken_class_code+omo_tekisei_code+gekiso_juni,joken_class_code,omo_tekisei_code,gekiso_juni,5,620,79.89,3.64,76.7,False
COURSE_27_09_ダ_短距離,omo_tekisei_code+manken_shirushi+da_tekisei_code,omo_tekisei_code,manken_shirushi,da_tekisei_code,10,1313,84.05,11.87,76.69,False
COURSE_27_09_ダ_短距離,uma_start_shisu+kyakushitsu+ten_shisu_juni,uma_start_shisu,kyakushitsu,ten_shisu_juni,5,532,79.4,3.19,76.61,False
COURSE_27_09_ダ_短距離,kyakushitsu+da_tekisei_code+kijun_ninkijun_tansho,kyakushitsu,da_tekisei_code,kijun_ninkijun_tansho,7,1018,81.81,7.31,76.4,False
COURSE_27_09_ダ_短距離,joken_class_code+manken_shirushi+da_tekisei_code,joken_class_code,manken_shirushi,da_tekisei_code,10,1268,82.89,10.84,76.17,False
COURSE_27_09_ダ_短距離,hizume_code+ls_shisu_juni+da_tekisei_code,hizume_code,ls_shisu_juni,da_tekisei_code,9,1788,80.64,7.06,76.03,False
COURSE_27_09_ダ_短距離,pace_yoso+hizume_code+gekiso_juni,pace_yoso,hizume_code,gekiso_juni,4,426,82.61,6.91,75.84,False
COURSE_27_09_ダ_短距離,hizume_code+agari_shisu_juni+kyusha_hyoka_code,hizume_code,agari_shisu_juni,kyusha_hyoka_code,11,1353,80.26,7.71,75.71,False
COURSE_27_09_ダ_短距離,joken_class_code+manken_shirushi+class_code,joken_class_code,manken_shirushi,class_code,15,1878,80.26,9.43,75.49,False
COURSE_27_09_ダ_短距離,uma_deokure_ritsu+ichi_shisu_juni+da_tekisei_code,uma_deokure_ritsu,ichi_shisu_juni,da_tekisei_code,4,568,78.79,3.61,75.25,False
COURSE_27_09_ダ_短距離,kyakushitsu+da_tekisei_code+ten_shisu_juni,kyakushitsu,da_tekisei_code,ten_shisu_juni,9,1302,78.44,4.94,75.22,False
COURSE_27_09_ダ_短距離,uma_deokure_ritsu+da_tekisei_code+ten_shisu_juni,uma_deokure_ritsu,da_tekisei_code,ten_shisu_juni,4,532,77.47,2.38,75.13,False
COURSE_27_09_ダ_短距離,uma_deokure_ritsu+pace_shisu_juni+da_tekisei_code,uma_deokure_ritsu,pace_shisu_juni,da_tekisei_code,4,535,76.41,1.49,74.95,False
COURSE_27_09_ダ_短距離,manken_shirushi+uma_start_shisu+da_tekisei_code,manken_shirushi,uma_start_shisu,da_tekisei_code,4,476,88.58,13.91,74.94,False
COURSE_27_09_ダ_短距離,pace_yoso+ichi_shisu_juni+da_tekisei_code,pace_yoso,ichi_shisu_juni,da_tekisei_code,15,2761,77.81,5.77,74.89,False
COURSE_27_09_ダ_短距離,ichi_shisu_juni+kyakushitsu+da_tekisei_code,ichi_shisu_juni,kyakushitsu,da_tekisei_code,13,1920,79.13,8.06,74.75,False
COURSE_27_09_ダ_短距離,rotation+joken_class_code+hizume_code,rotation,joken_class_code,hizume_code,7,1010,79.33,6.24,74.71,False
COURSE_27_09_ダ_短距離,joken_class_code+agari_shisu_juni+da_tekisei_code,joken_class_code,agari_shisu_juni,da_tekisei_code,11,1323,81.93,12.31,74.66,False
COURSE_27_09_ダ_短距離,hizume_code+agari_shisu_juni+joshodo_code,hizume_code,agari_shisu_juni,joshodo_code,11,1430,80.39,9.74,74.63,False
COURSE_27_09_ダ_短距離,uma_start_shisu+da_tekisei_code+kyusha_hyoka_code,uma_start_shisu,da_tekisei_code,kyusha_hyoka_code,12,3367,77.65,5.87,74.33,False
COURSE_27_09_ダ_短距離,joken_class_code+manken_shirushi+kyori_tekisei,joken_class_code,manken_shirushi,kyori_tekisei,13,1849,79.6,9.74,74.3,False
COURSE_27_09_ダ_短距離,ichi_shisu_juni+kyori_tekisei+da_tekisei_code,ichi_shisu_juni,kyori_tekisei,da_tekisei_code,13,2483,78.5,7.9,74.21,False
COURSE_27_09_ダ_短距離,joken_class_code+hizume_code+kyakushitsu,joken_class_code,hizume_code,kyakushitsu,9,1777,79.39,8.01,74.16,False
COURSE_27_09_ダ_短距離,pace_yoso+joken_class_code+manken_shirushi,pace_yoso,joken_class_code,manken_shirushi,16,1959,79.0,9.9,74.15,False
COURSE_27_09_ダ_短距離,hizume_code+ichi_shisu_juni+kyori_tekisei,hizume_code,ichi_shisu_juni,kyori_tekisei,6,633,81.62,9.35,74.14,False
COURSE_27_09_ダ_短距離,omo_tekisei_code+hizume_code+kyakushitsu,omo_tekisei_code,hizume_code,kyakushitsu,15,2486,78.31,8.27,74.12,False
COURSE_27_09_ダ_短距離,pace_shisu_juni+kyori_tekisei+da_tekisei_code,pace_shisu_juni,kyori_tekisei,da_tekisei_code,14,2630,78.61,8.92,73.93,False
COURSE_27_09_ダ_短距離,omo_tekisei_code+uma_start_shisu+kyusha_hyoka_code,omo_tekisei_code,uma_start_shisu,kyusha_hyoka_code,12,3119,78.6,8.63,73.72,False
COURSE_27_09_ダ_短距離,hizume_code+kyori_tekisei+kijun_ninkijun_tansho,hizume_code,kyori_tekisei,kijun_ninkijun_tansho,5,626,83.83,11.55,73.7,False
COURSE_27_09_ダ_短距離,uma_deokure_ritsu+kyakushitsu+gekiso_juni,uma_deokure_ritsu,kyakushitsu,gekiso_juni,3,334,77.84,3.68,73.67,False
COURSE_27_09_ダ_短距離,joken_class_code+hizume_code+kyori_tekisei,joken_class_code,hizume_code,kyori_tekisei,13,2805,76.72,5.82,73.55,False
COURSE_27_09_ダ_短距離,class_code+hizume_code+da_tekisei_code,class_code,hizume_code,da_tekisei_code,10,2072,78.78,8.44,73.55,False
COURSE_27_09_ダ_短距離,hizume_code+kyori_tekisei+gekiso_juni,hizume_code,kyori_tekisei,gekiso_juni,7,926,80.12,8.97,73.47,False
COURSE_27_09_ダ_短距離,joken_class_code+da_tekisei_code+ten_shisu_juni,joken_class_code,da_tekisei_code,ten_shisu_juni,12,1378,79.13,10.05,73.45,False
COURSE_27_09_ダ_短距離,omo_tekisei_code+uma_start_shisu+joshodo_code,omo_tekisei_code,uma_start_shisu,joshodo_code,14,3436,77.8,8.45,73.37,False
COURSE_27_09_ダ_短距離,uma_start_shisu+pace_shisu_juni+da_tekisei_code,uma_start_shisu,pace_shisu_juni,da_tekisei_code,4,456,82.37,9.24,73.32,False
COURSE_27_09_ダ_短距離,hizume_code+pace_shisu_juni+kyusha_hyoka_code,hizume_code,pace_shisu_juni,kyusha_hyoka_code,11,1361,79.01,9.66,73.29,False
COURSE_27_09_ダ_短距離,uma_deokure_ritsu+uma_start_shisu+gekiso_juni,uma_deokure_ritsu,uma_start_shisu,gekiso_juni,5,549,79.43,7.01,73.28,False
COURSE_27_09_ダ_短距離,pace_yoso+class_code+kyori_tekisei,pace_yoso,class_code,kyori_tekisei,12,3834,75.78,4.45,73.27,False
COURSE_27_09_ダ_短距離,pace_yoso+omo_tekisei_code+uma_start_shisu,pace_yoso,omo_tekisei_code,uma_start_shisu,14,3000,76.08,5.39,73.26,False
COURSE_27_09_ダ_短距離,omo_tekisei_code+ichi_shisu_juni+joshodo_code,omo_tekisei_code,ichi_shisu_juni,joshodo_code,32,4425,76.66,9.8,73.26,False
COURSE_27_09_ダ_短距離,pace_yoso+hizume_code+da_tekisei_code,pace_yoso,hizume_code,da_tekisei_code,12,3522,77.7,7.93,73.22,False
COURSE_27_09_ダ_短距離,manken_shirushi+ls_shisu_juni+da_tekisei_code,manken_shirushi,ls_shisu_juni,da_tekisei_code,5,652,82.93,11.1,73.2,False
COURSE_27_09_ダ_短距離,pace_yoso+manken_shirushi+joshodo_code,pace_yoso,manken_shirushi,joshodo_code,14,3243,78.23,9.62,73.19,False
COURSE_27_09_ダ_短距離,kyori_tekisei+da_tekisei_code+ten_shisu_juni,kyori_tekisei,da_tekisei_code,ten_shisu_juni,13,2522,78.18,9.21,73.18,False
COURSE_27_09_ダ_短距離,omo_tekisei_code+uma_start_shisu+da_tekisei_code,omo_tekisei_code,uma_start_shisu,da_tekisei_code,10,2252,77.23,6.6,73.14,False
COURSE_27_09_ダ_短距離,omo_tekisei_code+manken_shirushi+kyori_tekisei,omo_tekisei_code,manken_shirushi,kyori_tekisei,16,2215,78.5,11.09,73.07,False
COURSE_27_09_ダ_短距離,pace_yoso+da_tekisei_code+ten_shisu_juni,pace_yoso,da_tekisei_code,ten_shisu_juni,13,2579,76.98,7.22,73.05,False
COURSE_27_09_ダ_短距離,uma_deokure_ritsu+ichi_shisu_juni+kyori_tekisei,uma_deokure_ritsu,ichi_shisu_juni,kyori_tekisei,6,873,78.04,6.29,73.0,False
COURSE_27_09_ダ_短距離,joken_class_code+uma_deokure_ritsu+kyusha_hyoka_code,joken_class_code,uma_deokure_ritsu,kyusha_hyoka_code,7,2475,79.57,8.88,72.99,False
COURSE_27_09_ダ_短距離,omo_tekisei_code+hizume_code+da_tekisei_code,omo_tekisei_code,hizume_code,da_tekisei_code,15,3297,76.34,6.63,72.99,False
COURSE_27_09_ダ_短距離,uma_deokure_ritsu+da_tekisei_code+kijun_ninkijun_tansho,uma_deokure_ritsu,da_tekisei_code,kijun_ninkijun_tansho,5,675,79.19,7.14,72.94,False
COURSE_27_09_ダ_短距離,joken_class_code+kyakushitsu+ten_shisu_juni,joken_class_code,kyakushitsu,ten_shisu_juni,5,531,81.55,9.85,72.91,False
COURSE_27_09_ダ_短距離,kyakushitsu+da_tekisei_code+gekiso_juni,kyakushitsu,da_tekisei_code,gekiso_juni,7,1004,78.54,7.67,72.86,False
COURSE_27_09_ダ_短距離,hizume_code+kyakushitsu+da_tekisei_code,hizume_code,kyakushitsu,da_tekisei_code,15,2739,78.01,10.19,72.86,False
COURSE_27_09_ダ_短距離,rotation+joken_class_code+kyakushitsu,rotation,joken_class_code,kyakushitsu,11,1669,77.3,7.53,72.85,False
COURSE_27_09_ダ_短距離,pace_yoso+class_code+da_tekisei_code,pace_yoso,class_code,da_tekisei_code,13,4317,76.31,6.5,72.78,False
COURSE_27_09_ダ_短距離,joken_class_code+hizume_code+da_tekisei_code,joken_class_code,hizume_code,da_tekisei_code,12,2722,76.8,7.12,72.77,False
COURSE_27_09_ダ_短距離,pace_yoso+manken_shirushi+kyusha_hyoka_code,pace_yoso,manken_shirushi,kyusha_hyoka_code,15,3367,77.58,9.58,72.74,False
COURSE_27_09_ダ_短距離,class_code+kyori_tekisei+da_tekisei_code,class_code,kyori_tekisei,da_tekisei_code,12,3993,76.65,6.97,72.71,False
COURSE_27_09_ダ_短距離,manken_shirushi+kyakushitsu+joshodo_code,manken_shirushi,kyakushitsu,joshodo_code,17,2486,78.11,11.36,72.71,False
COURSE_27_09_ダ_短距離,kishu_minarai_code+joshodo_code+kyusha_hyoka_code,kishu_minarai_code,joshodo_code,kyusha_hyoka_code,3,799,77.07,3.88,72.68,False
COURSE_27_09_ダ_短距離,uma_start_shisu+hizume_code+da_tekisei_code,uma_start_shisu,hizume_code,da_tekisei_code,6,1192,79.42,8.43,72.67,False
COURSE_27_09_ダ_短距離,rotation+hizume_code+kyakushitsu,rotation,hizume_code,kyakushitsu,5,642,82.31,11.08,72.6,False
COURSE_27_09_ダ_短距離,pace_yoso+omo_tekisei_code+joshodo_code,pace_yoso,omo_tekisei_code,joshodo_code,7,5487,74.6,2.71,72.59,False
COURSE_27_09_ダ_短距離,class_code+da_tekisei_code+ten_shisu_juni,class_code,da_tekisei_code,ten_shisu_juni,3,312,78.7,5.4,72.59,False
COURSE_27_09_ダ_短距離,omo_tekisei_code+ichi_shisu_juni+kyusha_hyoka_code,omo_tekisei_code,ichi_shisu_juni,kyusha_hyoka_code,30,4043,76.37,10.56,72.59,False
COURSE_27_09_ダ_短距離,hizume_code+pace_shisu_juni+joshodo_code,hizume_code,pace_shisu_juni,joshodo_code,11,1432,78.69,10.52,72.48,False
COURSE_27_09_ダ_短距離,joken_class_code+omo_tekisei_code+ten_shisu_juni,joken_class_code,omo_tekisei_code,ten_shisu_juni,3,337,74.16,1.5,72.47,False
COURSE_27_09_ダ_短距離,pace_yoso+pace_shisu_juni+da_tekisei_code,pace_yoso,pace_shisu_juni,da_tekisei_code,14,2697,77.74,10.1,72.44,False
COURSE_27_09_ダ_短距離,joken_class_code+class_code+pace_shisu_juni,joken_class_code,class_code,pace_shisu_juni,18,2215,78.19,12.47,72.43,False
COURSE_27_09_ダ_短距離,uma_start_shisu+da_tekisei_code+kijun_ninkijun_tansho,uma_start_shisu,da_tekisei_code,kijun_ninkijun_tansho,5,656,78.84,7.33,72.42,False
COURSE_27_09_ダ_短距離,omo_tekisei_code+ichi_shisu_juni+da_tekisei_code,omo_tekisei_code,ichi_shisu_juni,da_tekisei_code,9,1107,77.22,7.35,72.41,False
COURSE_27_09_ダ_短距離,joken_class_code+uma_deokure_ritsu+joshodo_code,joken_class_code,uma_deokure_ritsu,joshodo_code,7,2590,79.95,10.19,72.4,False
COURSE_27_09_ダ_短距離,uma_deokure_ritsu+kyakushitsu+ten_shisu_juni,uma_deokure_ritsu,kyakushitsu,ten_shisu_juni,5,622,77.21,5.5,72.39,False
COURSE_27_09_ダ_短距離,hizume_code+kyori_tekisei+da_tekisei_code,hizume_code,kyori_tekisei,da_tekisei_code,12,3312,76.43,7.15,72.38,False
COURSE_27_09_ダ_短距離,pace_yoso+manken_shirushi+kyori_tekisei,pace_yoso,manken_shirushi,kyori_tekisei,10,2366,77.54,8.34,72.37,False
COURSE_27_09_ダ_短距離,hizume_code+ichi_shisu_juni+joshodo_code,hizume_code,ichi_shisu_juni,joshodo_code,12,1567,79.54,12.78,72.31,False
COURSE_27_09_ダ_短距離,ls_shisu_juni+kyakushitsu+da_tekisei_code,ls_shisu_juni,kyakushitsu,da_tekisei_code,14,2879,77.84,10.71,72.23,False
COURSE_27_09_ダ_短距離,pace_yoso+manken_shirushi+kyakushitsu,pace_yoso,manken_shirushi,kyakushitsu,8,1006,80.46,11.88,72.23,False
COURSE_27_09_ダ_短距離,uma_start_shisu+kyakushitsu+kyusha_hyoka_code,uma_start_shisu,kyakushitsu,kyusha_hyoka_code,15,3400,77.66,10.82,72.18,False
COURSE_27_09_ダ_短距離,ichi_shisu_juni+joshodo_code+da_tekisei_code,ichi_shisu_juni,joshodo_code,da_tekisei_code,24,4229,76.67,11.29,72.15,False
COURSE_27_09_ダ_短距離,omo_tekisei_code+uma_deokure_ritsu+joshodo_code,omo_tekisei_code,uma_deokure_ritsu,joshodo_code,8,2626,77.09,7.13,72.15,False
COURSE_27_09_ダ_短距離,pace_yoso+uma_start_shisu+kyori_tekisei,pace_yoso,uma_start_shisu,kyori_tekisei,13,3373,76.81,8.56,72.15,False
COURSE_27_09_ダ_短距離,class_code+joshodo_code+ten_shisu_juni,class_code,joshodo_code,ten_shisu_juni,17,2045,77.5,11.36,72.1,False
COURSE_27_09_ダ_短距離,uma_deokure_ritsu+da_tekisei_code+kyusha_hyoka_code,uma_deokure_ritsu,da_tekisei_code,kyusha_hyoka_code,12,2813,80.62,15.1,72.08,False
COURSE_27_09_ダ_短距離,pace_yoso+uma_start_shisu+da_tekisei_code,pace_yoso,uma_start_shisu,da_tekisei_code,11,3002,76.71,7.83,72.08,False
COURSE_27_09_ダ_短距離,pace_yoso+da_tekisei_code+gekiso_juni,pace_yoso,da_tekisei_code,gekiso_juni,14,2778,77.04,9.53,72.05,False
COURSE_27_09_ダ_短距離,ichi_shisu_juni+da_tekisei_code+kyusha_hyoka_code,ichi_shisu_juni,da_tekisei_code,kyusha_hyoka_code,24,4072,76.8,11.88,72.05,False
COURSE_27_09_ダ_短距離,pace_yoso+hizume_code+kyori_tekisei,pace_yoso,hizume_code,kyori_tekisei,14,3952,75.66,7.02,71.98,False
COURSE_27_09_ダ_短距離,joken_class_code+class_code+ichi_shisu_juni,joken_class_code,class_code,ichi_shisu_juni,17,1986,77.79,12.35,71.92,False
COURSE_27_09_ダ_短距離,joken_class_code+uma_deokure_ritsu+ichi_shisu_juni,joken_class_code,uma_deokure_ritsu,ichi_shisu_juni,6,805,79.04,8.93,71.9,False
COURSE_27_09_ダ_短距離,omo_tekisei_code+da_tekisei_code+gekiso_juni,omo_tekisei_code,da_tekisei_code,gekiso_juni,11,1547,77.93,10.28,71.85,False
COURSE_27_09_ダ_短距離,omo_tekisei_code+manken_shirushi+joshodo_code,omo_tekisei_code,manken_shirushi,joshodo_code,23,3442,76.98,12.65,71.81,False
COURSE_27_09_ダ_短距離,omo_tekisei_code+uma_start_shisu+kyori_tekisei,omo_tekisei_code,uma_start_shisu,kyori_tekisei,12,2534,78.75,12.28,71.8,False
COURSE_27_09_ダ_短距離,manken_shirushi+hizume_code+joshodo_code,manken_shirushi,hizume_code,joshodo_code,11,1417,79.81,13.56,71.8,False
COURSE_27_09_ダ_短距離,joken_class_code+kyori_tekisei+gekiso_juni,joken_class_code,kyori_tekisei,gekiso_juni,13,1915,76.99,9.61,71.76,False
COURSE_27_09_ダ_短距離,omo_tekisei_code+joshodo_code+kyusha_hyoka_code,omo_tekisei_code,joshodo_code,kyusha_hyoka_code,5,5426,77.66,6.79,71.71,False
COURSE_27_09_ダ_短距離,pace_yoso+omo_tekisei_code+da_tekisei_code,pace_yoso,omo_tekisei_code,da_tekisei_code,12,4998,75.4,6.53,71.71,False
COURSE_27_09_ダ_短距離,rotation+uma_deokure_ritsu+joshodo_code,rotation,uma_deokure_ritsu,joshodo_code,4,1253,75.91,4.33,71.67,False
COURSE_27_09_ダ_短距離,pace_yoso+joken_class_code+joshodo_code,pace_yoso,joken_class_code,joshodo_code,9,5902,73.79,3.23,71.67,False
COURSE_27_09_ダ_短距離,uma_start_shisu+ls_shisu_juni+da_tekisei_code,uma_start_shisu,ls_shisu_juni,da_tekisei_code,6,1230,76.22,5.7,71.66,False
COURSE_27_09_ダ_短距離,pace_yoso+joken_class_code+kyusha_hyoka_code,pace_yoso,joken_class_code,kyusha_hyoka_code,8,5804,72.89,1.8,71.65,False
COURSE_27_09_ダ_短距離,hizume_code+kyakushitsu+kyori_tekisei,hizume_code,kyakushitsu,kyori_tekisei,16,3039,74.98,6.81,71.65,False
COURSE_27_09_ダ_短距離,joken_class_code+uma_deokure_ritsu+ten_shisu_juni,joken_class_code,uma_deokure_ritsu,ten_shisu_juni,5,614,81.27,10.99,71.64,False
COURSE_27_09_ダ_短距離,pace_yoso+kyori_tekisei+gekiso_juni,pace_yoso,kyori_tekisei,gekiso_juni,15,3195,75.53,7.8,71.59,False
COURSE_27_09_ダ_短距離,rotation+omo_tekisei_code+da_tekisei_code,rotation,omo_tekisei_code,da_tekisei_code,13,2526,76.69,9.41,71.58,False
COURSE_27_09_ダ_短距離,joken_class_code+manken_shirushi+joshodo_code,joken_class_code,manken_shirushi,joshodo_code,16,2664,77.27,11.62,71.57,False
COURSE_27_09_ダ_短距離,manken_shirushi+kyakushitsu+kyusha_hyoka_code,manken_shirushi,kyakushitsu,kyusha_hyoka_code,16,2286,77.33,11.75,71.57,False
COURSE_27_09_ダ_短距離,pace_yoso+hizume_code+kyakushitsu,pace_yoso,hizume_code,kyakushitsu,16,3291,77.09,11.32,71.54,False
COURSE_27_09_ダ_短距離,joken_class_code+kyori_tekisei+kijun_ninkijun_tansho,joken_class_code,kyori_tekisei,kijun_ninkijun_tansho,16,2077,76.14,9.38,71.54,False
COURSE_27_09_ダ_短距離,uma_deokure_ritsu+joshodo_code+da_tekisei_code,uma_deokure_ritsu,joshodo_code,da_tekisei_code,11,2847,78.83,12.34,71.53,False
COURSE_27_09_ダ_短距離,hizume_code+gekiso_juni+kyusha_hyoka_code,hizume_code,gekiso_juni,kyusha_hyoka_code,12,1494,79.69,14.43,71.53,False
COURSE_27_09_ダ_短距離,manken_shirushi+hizume_code+kyusha_hyoka_code,manken_shirushi,hizume_code,kyusha_hyoka_code,9,1145,81.21,14.85,71.51,False
COURSE_27_09_ダ_短距離,manken_shirushi+joshodo_code+kyori_tekisei,manken_shirushi,joshodo_code,kyori_tekisei,8,2822,76.83,7.67,71.51,False
COURSE_27_09_ダ_短距離,rotation+joshodo_code+kyusha_hyoka_code,rotation,joshodo_code,kyusha_hyoka_code,12,4525,75.99,7.93,71.5,False
COURSE_27_09_ダ_短距離,uma_deokure_ritsu+joshodo_code+kyusha_hyoka_code,uma_deokure_ritsu,joshodo_code,kyusha_hyoka_code,13,3881,77.73,11.46,71.5,False
COURSE_27_09_ダ_短距離,manken_shisu+da_tekisei_code+kyusha_hyoka_code,manken_shisu,da_tekisei_code,kyusha_hyoka_code,10,1148,82.8,18.26,71.48,False
COURSE_27_09_ダ_短距離,hizume_code+kyakushitsu+joshodo_code,hizume_code,kyakushitsu,joshodo_code,20,4598,75.5,9.18,71.48,False
COURSE_27_09_ダ_短距離,kyakushitsu+joshodo_code+da_tekisei_code,kyakushitsu,joshodo_code,da_tekisei_code,8,4822,74.51,4.39,71.47,False
COURSE_27_09_ダ_短距離,pace_yoso+joshodo_code+kyusha_hyoka_code,pace_yoso,joshodo_code,kyusha_hyoka_code,6,5969,74.05,3.24,71.46,False
COURSE_27_09_ダ_短距離,pace_yoso+hizume_code+kijun_ninkijun_tansho,pace_yoso,hizume_code,kijun_ninkijun_tansho,6,647,83.66,15.25,71.45,False
COURSE_27_09_ダ_短距離,manken_shisu+joshodo_code+da_tekisei_code,manken_shisu,joshodo_code,da_tekisei_code,11,1321,81.19,16.56,71.4,False
COURSE_27_09_ダ_短距離,class_code+hizume_code+kyori_tekisei,class_code,hizume_code,kyori_tekisei,9,1767,77.13,8.86,71.34,False
COURSE_27_09_ダ_短距離,pace_yoso+joken_class_code+kyakushitsu,pace_yoso,joken_class_code,kyakushitsu,19,5371,75.05,8.41,71.27,False
COURSE_27_09_ダ_短距離,pace_yoso+uma_deokure_ritsu+kyori_tekisei,pace_yoso,uma_deokure_ritsu,kyori_tekisei,9,2355,76.1,7.39,71.27,False
COURSE_27_09_ダ_短距離,manken_shirushi+kyori_tekisei+da_tekisei_code,manken_shirushi,kyori_tekisei,da_tekisei_code,8,2047,79.11,11.36,71.24,False
COURSE_27_09_ダ_短距離,pace_yoso+manken_shirushi+class_code,pace_yoso,manken_shirushi,class_code,6,640,78.01,8.48,71.22,False
COURSE_27_09_ダ_短距離,joken_class_code+omo_tekisei_code+kyori_tekisei,joken_class_code,omo_tekisei_code,kyori_tekisei,16,4891,76.91,11.61,71.22,False
COURSE_27_09_ダ_短距離,rotation+joken_class_code+kyori_tekisei,rotation,joken_class_code,kyori_tekisei,11,2306,75.14,6.63,71.22,False
COURSE_27_09_ダ_短距離,pace_yoso+kyakushitsu+kyori_tekisei,pace_yoso,kyakushitsu,kyori_tekisei,14,5268,74.9,7.05,71.21,False
COURSE_27_09_ダ_短距離,joken_class_code+class_code+ten_shisu_juni,joken_class_code,class_code,ten_shisu_juni,18,2208,76.77,12.06,71.2,False
COURSE_27_09_ダ_短距離,omo_tekisei_code+class_code+joshodo_code,omo_tekisei_code,class_code,joshodo_code,12,4602,77.58,11.32,71.18,False
COURSE_27_09_ダ_短距離,class_code+joshodo_code+da_tekisei_code,class_code,joshodo_code,da_tekisei_code,9,4412,74.97,5.86,71.15,False
COURSE_27_09_ダ_短距離,pace_yoso+kyakushitsu+da_tekisei_code,pace_yoso,kyakushitsu,da_tekisei_code,13,4665,75.11,7.36,71.11,False
COURSE_27_09_ダ_短距離,uma_start_shisu+kyori_tekisei+da_tekisei_code,uma_start_shisu,kyori_tekisei,da_tekisei_code,12,2960,77.8,11.82,71.11,False
COURSE_27_09_ダ_短距離,kyakushitsu+kyori_tekisei+ten_shisu_juni,kyakushitsu,kyori_tekisei,ten_shisu_juni,15,2106,75.29,8.27,71.1,False
COURSE_27_09_ダ_短距離,omo_tekisei_code+kyakushitsu+da_tekisei_code,omo_tekisei_code,kyakushitsu,da_tekisei_code,16,4500,75.76,9.54,71.09,False
COURSE_27_09_ダ_短距離,uma_deokure_ritsu+uma_start_shisu+joshodo_code,uma_deokure_ritsu,uma_start_shisu,joshodo_code,3,1465,72.92,1.61,71.09,False
COURSE_27_09_ダ_短距離,pace_yoso+omo_tekisei_code+kyakushitsu,pace_yoso,omo_tekisei_code,kyakushitsu,17,5195,75.31,8.89,71.08,False
COURSE_27_09_ダ_短距離,joken_class_code+ichi_shisu_juni+joshodo_code,joken_class_code,ichi_shisu_juni,joshodo_code,23,3747,74.73,8.96,71.07,False
COURSE_27_09_ダ_短距離,omo_tekisei_code+pace_shisu_juni+joshodo_code,omo_tekisei_code,pace_shisu_juni,joshodo_code,33,4573,75.41,12.71,71.07,False
COURSE_27_09_ダ_短距離,joken_class_code+manken_shirushi+kyusha_hyoka_code,joken_class_code,manken_shirushi,kyusha_hyoka_code,16,2793,76.5,11.12,71.05,False
COURSE_27_09_ダ_短距離,ichi_shisu_juni+kyakushitsu+kyori_tekisei,ichi_shisu_juni,kyakushitsu,kyori_tekisei,17,2946,75.5,9.41,71.03,False
COURSE_27_09_ダ_短距離,joken_class_code+uma_deokure_ritsu+gekiso_juni,joken_class_code,uma_deokure_ritsu,gekiso_juni,4,476,77.14,6.25,71.02,False
COURSE_27_09_ダ_短距離,kishu_minarai_code+pace_yoso+kyusha_hyoka_code,kishu_minarai_code,pace_yoso,kyusha_hyoka_code,3,633,76.29,4.65,71.02,False
COURSE_27_09_ダ_短距離,pace_yoso+manken_shirushi+da_tekisei_code,pace_yoso,manken_shirushi,da_tekisei_code,8,1899,78.66,11.03,71.02,False
COURSE_27_09_ダ_短距離,omo_tekisei_code+ichi_shisu_juni+kyakushitsu,omo_tekisei_code,ichi_shisu_juni,kyakushitsu,8,979,77.15,8.88,71.0,False
COURSE_27_09_ダ_短距離,rotation+joken_class_code+kyusha_hyoka_code,rotation,joken_class_code,kyusha_hyoka_code,10,2817,74.6,5.83,70.99,False
COURSE_27_09_ダ_短距離,class_code+da_tekisei_code+kyusha_hyoka_code,class_code,da_tekisei_code,kyusha_hyoka_code,9,4285,74.47,5.32,70.99,False
COURSE_27_09_ダ_短距離,omo_tekisei_code+hizume_code+joshodo_code,omo_tekisei_code,hizume_code,joshodo_code,16,4731,75.35,8.95,70.97,False
COURSE_27_09_ダ_短距離,uma_deokure_ritsu+class_code+kyori_tekisei,uma_deokure_ritsu,class_code,kyori_tekisei,6,1332,78.3,9.2,70.94,False
COURSE_27_09_ダ_短距離,joken_class_code+uma_start_shisu+joshodo_code,joken_class_code,uma_start_shisu,joshodo_code,11,2923,77.16,10.56,70.92,False
COURSE_27_09_ダ_短距離,class_code+ten_shisu_juni+kyusha_hyoka_code,class_code,ten_shisu_juni,kyusha_hyoka_code,15,1806,77.35,12.73,70.9,False
COURSE_27_09_ダ_短距離,joken_class_code+class_code+da_tekisei_code,joken_class_code,class_code,da_tekisei_code,9,4548,74.86,6.08,70.89,False
COURSE_27_09_ダ_短距離,pace_yoso+rotation+kyusha_hyoka_code,pace_yoso,rotation,kyusha_hyoka_code,14,4116,75.41,8.68,70.87,False
COURSE_27_09_ダ_短距離,joken_class_code+pace_shisu_juni+kyori_tekisei,joken_class_code,pace_shisu_juni,kyori_tekisei,14,1572,76.34,10.44,70.87,False
COURSE_27_09_ダ_短距離,joken_class_code+da_tekisei_code+gekiso_juni,joken_class_code,da_tekisei_code,gekiso_juni,11,1539,77.35,11.0,70.85,False
COURSE_27_09_ダ_短距離,pace_yoso+uma_deokure_ritsu+ichi_shisu_juni,pace_yoso,uma_deokure_ritsu,ichi_shisu_juni,6,897,78.62,9.73,70.84,False
COURSE_27_09_ダ_短距離,pace_yoso+class_code+joshodo_code,pace_yoso,class_code,joshodo_code,14,5115,74.51,7.0,70.84,False
COURSE_27_09_ダ_短距離,pace_yoso+rotation+joshodo_code,pace_yoso,rotation,joshodo_code,13,4141,75.16,7.96,70.83,False
COURSE_27_09_ダ_短距離,pace_yoso+joken_class_code+class_code,pace_yoso,joken_class_code,class_code,14,5242,74.31,6.64,70.83,False
COURSE_27_09_ダ_短距離,pace_yoso+joshodo_code+da_tekisei_code,pace_yoso,joshodo_code,da_tekisei_code,6,5037,74.71,4.85,70.83,False
COURSE_27_09_ダ_短距離,omo_tekisei_code+joshodo_code+da_tekisei_code,omo_tekisei_code,joshodo_code,da_tekisei_code,7,4985,74.51,4.99,70.81,False
COURSE_27_09_ダ_短距離,joshodo_code+kyori_tekisei+ten_shisu_juni,joshodo_code,kyori_tekisei,ten_shisu_juni,18,4117,75.28,9.72,70.79,False
COURSE_27_09_ダ_短距離,class_code+pace_shisu_juni+kyusha_hyoka_code,class_code,pace_shisu_juni,kyusha_hyoka_code,17,2014,76.16,11.34,70.77,False
COURSE_27_09_ダ_短距離,pace_yoso+kyakushitsu+joshodo_code,pace_yoso,kyakushitsu,joshodo_code,9,5802,73.15,3.67,70.75,False
COURSE_27_09_ダ_短距離,pace_yoso+class_code+kyusha_hyoka_code,pace_yoso,class_code,kyusha_hyoka_code,13,4902,73.93,5.88,70.74,False
COURSE_27_09_ダ_短距離,pace_shisu_juni+joshodo_code+da_tekisei_code,pace_shisu_juni,joshodo_code,da_tekisei_code,23,4230,76.44,14.04,70.7,False
COURSE_27_09_ダ_短距離,uma_deokure_ritsu+uma_start_shisu+kyusha_hyoka_code,uma_deokure_ritsu,uma_start_shisu,kyusha_hyoka_code,3,1408,75.84,4.55,70.69,False
COURSE_27_09_ダ_短距離,joken_class_code+ichi_shisu_juni+kyori_tekisei,joken_class_code,ichi_shisu_juni,kyori_tekisei,14,1917,75.24,8.72,70.68,False
COURSE_27_09_ダ_短距離,omo_tekisei_code+da_tekisei_code+kyusha_hyoka_code,omo_tekisei_code,da_tekisei_code,kyusha_hyoka_code,9,5040,75.58,7.53,70.66,False
COURSE_27_09_ダ_短距離,joken_class_code+ls_shisu_juni+da_tekisei_code,joken_class_code,ls_shisu_juni,da_tekisei_code,17,3446,75.49,10.17,70.66,False
COURSE_27_09_ダ_短距離,pace_yoso+joken_class_code+pace_shisu_juni,pace_yoso,joken_class_code,pace_shisu_juni,22,2640,75.64,11.93,70.66,False
COURSE_27_09_ダ_短距離,pace_yoso+omo_tekisei_code+kyusha_hyoka_code,pace_yoso,omo_tekisei_code,kyusha_hyoka_code,8,5415,73.04,3.46,70.65,False
COURSE_27_09_ダ_短距離,omo_tekisei_code+uma_deokure_ritsu+uma_start_shisu,omo_tekisei_code,uma_deokure_ritsu,uma_start_shisu,3,1210,74.52,3.43,70.64,False
COURSE_27_09_ダ_短距離,ichi_shisu_juni+joshodo_code+kyori_tekisei,ichi_shisu_juni,joshodo_code,kyori_tekisei,19,4490,74.08,7.67,70.63,False
COURSE_27_09_ダ_短距離,omo_tekisei_code+class_code+kyakushitsu,omo_tekisei_code,class_code,kyakushitsu,19,3237,75.81,11.6,70.59,False
COURSE_27_09_ダ_短距離,pace_shisu_juni+da_tekisei_code+kyusha_hyoka_code,pace_shisu_juni,da_tekisei_code,kyusha_hyoka_code,23,4069,76.58,14.66,70.59,False
COURSE_27_09_ダ_短距離,kyori_tekisei+ten_shisu_juni+kyusha_hyoka_code,kyori_tekisei,ten_shisu_juni,kyusha_hyoka_code,18,3956,75.4,10.47,70.57,False
COURSE_27_09_ダ_短距離,manken_shisu+kyori_tekisei+da_tekisei_code,manken_shisu,kyori_tekisei,da_tekisei_code,8,872,82.08,16.62,70.56,False
COURSE_27_09_ダ_短距離,joken_class_code+omo_tekisei_code+class_code,joken_class_code,omo_tekisei_code,class_code,12,4703,76.82,11.13,70.52,False
COURSE_27_09_ダ_短距離,rotation+omo_tekisei_code+joshodo_code,rotation,omo_tekisei_code,joshodo_code,13,3456,75.87,9.91,70.48,False
COURSE_27_09_ダ_短距離,omo_tekisei_code+ichi_shisu_juni+kyori_tekisei,omo_tekisei_code,ichi_shisu_juni,kyori_tekisei,14,1716,74.88,8.4,70.48,False
COURSE_27_09_ダ_短距離,pace_yoso+omo_tekisei_code+class_code,pace_yoso,omo_tekisei_code,class_code,14,4181,76.04,10.63,70.47,False
COURSE_27_09_ダ_短距離,pace_yoso+omo_tekisei_code+ichi_shisu_juni,pace_yoso,omo_tekisei_code,ichi_shisu_juni,18,2182,73.32,6.2,70.46,False
COURSE_27_09_ダ_短距離,omo_tekisei_code+da_tekisei_code+ten_shisu_juni,omo_tekisei_code,da_tekisei_code,ten_shisu_juni,12,1394,77.92,13.21,70.44,False
COURSE_27_09_ダ_短距離,pace_yoso+rotation+joken_class_code,pace_yoso,rotation,joken_class_code,12,2625,74.67,7.56,70.39,False
COURSE_27_09_ダ_短距離,joshodo_code+da_tekisei_code+gekiso_juni,joshodo_code,da_tekisei_code,gekiso_juni,21,4062,75.29,11.48,70.38,False
COURSE_27_09_ダ_短距離,pace_shisu_juni+kyakushitsu+kyusha_hyoka_code,pace_shisu_juni,kyakushitsu,kyusha_hyoka_code,23,3642,74.46,9.98,70.38,False
COURSE_27_09_ダ_短距離,uma_start_shisu+da_tekisei_code+gekiso_juni,uma_start_shisu,da_tekisei_code,gekiso_juni,5,642,80.25,11.28,70.37,False
COURSE_27_09_ダ_短距離,uma_start_shisu+kyakushitsu+joshodo_code,uma_start_shisu,kyakushitsu,joshodo_code,14,3401,76.25,11.27,70.35,False
COURSE_27_09_ダ_短距離,pace_yoso+joken_class_code+da_tekisei_code,pace_yoso,joken_class_code,da_tekisei_code,10,4744,74.34,6.46,70.34,False
COURSE_27_09_ダ_短距離,pace_yoso+uma_start_shisu+kyakushitsu,pace_yoso,uma_start_shisu,kyakushitsu,12,2668,75.36,8.9,70.33,False
COURSE_27_09_ダ_短距離,hizume_code+kyori_tekisei+kyusha_hyoka_code,hizume_code,kyori_tekisei,kyusha_hyoka_code,12,4290,74.05,6.58,70.33,False
COURSE_27_09_ダ_短距離,omo_tekisei_code+agari_shisu_juni+da_tekisei_code,omo_tekisei_code,agari_shisu_juni,da_tekisei_code,10,1281,78.53,13.26,70.31,False
COURSE_27_09_ダ_短距離,rotation+class_code+kyakushitsu,rotation,class_code,kyakushitsu,7,877,75.49,7.02,70.29,False
COURSE_27_09_ダ_短距離,rotation+manken_shirushi+joshodo_code,rotation,manken_shirushi,joshodo_code,6,639,78.7,10.52,70.28,False
COURSE_27_09_ダ_短距離,kyakushitsu+kyori_tekisei+da_tekisei_code,kyakushitsu,kyori_tekisei,da_tekisei_code,12,4289,75.58,9.37,70.28,False
COURSE_27_09_ダ_短距離,class_code+joshodo_code+kyori_tekisei,class_code,joshodo_code,kyori_tekisei,13,4648,73.98,6.83,70.27,False
COURSE_27_09_ダ_短距離,omo_tekisei_code+uma_deokure_ritsu+kyusha_hyoka_code,omo_tekisei_code,uma_deokure_ritsu,kyusha_hyoka_code,7,2410,76.62,8.58,70.26,False
COURSE_27_09_ダ_短距離,omo_tekisei_code+manken_shirushi+kyusha_hyoka_code,omo_tekisei_code,manken_shirushi,kyusha_hyoka_code,23,3282,75.53,12.89,70.26,False
COURSE_27_09_ダ_短距離,class_code+hizume_code+kyakushitsu,class_code,hizume_code,kyakushitsu,7,1051,78.38,10.98,70.25,False
COURSE_27_09_ダ_短距離,manken_shirushi+joshodo_code+da_tekisei_code,manken_shirushi,joshodo_code,da_tekisei_code,13,2854,76.39,11.33,70.24,False
COURSE_27_09_ダ_短距離,joken_class_code+uma_deokure_ritsu+da_tekisei_code,joken_class_code,uma_deokure_ritsu,da_tekisei_code,6,1813,76.34,7.62,70.24,False
COURSE_27_09_ダ_短距離,rotation+omo_tekisei_code+hizume_code,rotation,omo_tekisei_code,hizume_code,5,758,76.78,7.48,70.22,False
COURSE_27_09_ダ_短距離,uma_deokure_ritsu+manken_shirushi+kyori_tekisei,uma_deokure_ritsu,manken_shirushi,kyori_tekisei,7,944,77.11,9.3,70.22,False
COURSE_27_09_ダ_短距離,omo_tekisei_code+pace_shisu_juni+da_tekisei_code,omo_tekisei_code,pace_shisu_juni,da_tekisei_code,13,1492,76.7,11.96,70.2,False
COURSE_27_09_ダ_短距離,pace_yoso+uma_deokure_ritsu+pace_shisu_juni,pace_yoso,uma_deokure_ritsu,pace_shisu_juni,6,814,78.61,10.52,70.2,False
COURSE_27_09_ダ_短距離,class_code+ichi_shisu_juni+kyusha_hyoka_code,class_code,ichi_shisu_juni,kyusha_hyoka_code,13,1508,77.17,12.85,70.19,False
COURSE_27_09_ダ_短距離,class_code+ichi_shisu_juni+joshodo_code,class_code,ichi_shisu_juni,joshodo_code,14,1635,76.86,12.74,70.19,False
COURSE_27_09_ダ_短距離,rotation+uma_deokure_ritsu+kyori_tekisei,rotation,uma_deokure_ritsu,kyori_tekisei,5,973,77.08,7.87,70.19,False
COURSE_27_09_ダ_短距離,pace_yoso+joken_class_code+gekiso_juni,pace_yoso,joken_class_code,gekiso_juni,20,2429,75.52,12.18,70.18,False
COURSE_27_09_ダ_短距離,omo_tekisei_code+agari_shisu_juni+kyori_tekisei,omo_tekisei_code,agari_shisu_juni,kyori_tekisei,16,1985,77.04,14.0,70.18,False
COURSE_27_09_ダ_短距離,omo_tekisei_code+pace_shisu_juni+kyusha_hyoka_code,omo_tekisei_code,pace_shisu_juni,kyusha_hyoka_code,33,4390,74.69,13.23,70.18,False
COURSE_27_09_ダ_短距離,pace_yoso+hizume_code+kyusha_hyoka_code,pace_yoso,hizume_code,kyusha_hyoka_code,11,4513,75.0,8.15,70.18,False
COURSE_27_09_ダ_短距離,rotation+kyakushitsu+joshodo_code,rotation,kyakushitsu,joshodo_code,15,3365,73.62,6.84,70.16,False
COURSE_27_09_ダ_短距離,kyakushitsu+joshodo_code+ten_shisu_juni,kyakushitsu,joshodo_code,ten_shisu_juni,24,3890,73.34,7.98,70.14,False
COURSE_27_09_ダ_短距離,joken_class_code+ichi_shisu_juni+kyakushitsu,joken_class_code,ichi_shisu_juni,kyakushitsu,7,1220,77.27,9.64,70.12,False
COURSE_27_09_ダ_短距離,hizume_code+joshodo_code+kijun_ninkijun_tansho,hizume_code,joshodo_code,kijun_ninkijun_tansho,14,1935,76.65,12.47,70.12,False
COURSE_27_09_ダ_短距離,uma_start_shisu+joshodo_code+da_tekisei_code,uma_start_shisu,joshodo_code,da_tekisei_code,13,3592,75.79,10.46,70.1,False
COURSE_27_09_ダ_短距離,pace_yoso+omo_tekisei_code+hizume_code,pace_yoso,omo_tekisei_code,hizume_code,15,3779,74.23,8.16,70.1,False
COURSE_27_09_ダ_短距離,joken_class_code+omo_tekisei_code+ichi_shisu_juni,joken_class_code,omo_tekisei_code,ichi_shisu_juni,6,705,75.2,6.4,70.08,False
COURSE_27_09_ダ_短距離,da_tekisei_code+ten_shisu_juni+kyusha_hyoka_code,da_tekisei_code,ten_shisu_juni,kyusha_hyoka_code,24,4142,75.88,14.59,70.05,False
COURSE_27_09_ダ_短距離,omo_tekisei_code+kyakushitsu+joshodo_code,omo_tekisei_code,kyakushitsu,joshodo_code,12,5582,74.35,7.6,70.05,False
COURSE_27_09_ダ_短距離,omo_tekisei_code+class_code+kyusha_hyoka_code,omo_tekisei_code,class_code,kyusha_hyoka_code,12,4502,75.93,10.4,70.04,False
COURSE_27_09_ダ_短距離,omo_tekisei_code+ls_shisu_juni+kyori_tekisei,omo_tekisei_code,ls_shisu_juni,kyori_tekisei,16,3621,75.21,10.54,70.04,False
COURSE_27_09_ダ_短距離,rotation+uma_start_shisu+joshodo_code,rotation,uma_start_shisu,joshodo_code,4,1255,74.36,4.42,70.02,False
COURSE_27_09_ダ_短距離,rotation+joken_class_code+joshodo_code,rotation,joken_class_code,joshodo_code,10,2927,74.19,6.73,70.02,False
COURSE_27_09_ダ_短距離,da_tekisei_code+gekiso_juni+kyusha_hyoka_code,da_tekisei_code,gekiso_juni,kyusha_hyoka_code,20,3793,74.88,11.07,70.02,False
COURSE_27_09_ダ_短距離,uma_start_shisu+hizume_code+joshodo_code,uma_start_shisu,hizume_code,joshodo_code,8,1997,74.97,7.2,69.98,False
COURSE_27_09_ダ_短距離,joken_class_code+uma_deokure_ritsu+pace_shisu_juni,joken_class_code,uma_deokure_ritsu,pace_shisu_juni,5,607,80.62,12.15,69.97,False
COURSE_27_09_ダ_短距離,omo_tekisei_code+class_code+kyori_tekisei,omo_tekisei_code,class_code,kyori_tekisei,15,3807,76.4,12.73,69.96,False
COURSE_27_09_ダ_短距離,pace_yoso+uma_start_shisu+ichi_shisu_juni,pace_yoso,uma_start_shisu,ichi_shisu_juni,8,1049,76.24,9.1,69.94,False
COURSE_27_09_ダ_短距離,omo_tekisei_code+pace_shisu_juni+kyori_tekisei,omo_tekisei_code,pace_shisu_juni,kyori_tekisei,17,1949,76.28,13.33,69.94,False
COURSE_27_09_ダ_短距離,manken_shirushi+kyori_tekisei+kyusha_hyoka_code,manken_shirushi,kyori_tekisei,kyusha_hyoka_code,8,2679,75.63,8.23,69.93,False
COURSE_27_09_ダ_短距離,hizume_code+joshodo_code+ten_shisu_juni,hizume_code,joshodo_code,ten_shisu_juni,10,1334,80.61,17.25,69.92,False
COURSE_27_09_ダ_短距離,hizume_code+da_tekisei_code+gekiso_juni,hizume_code,da_tekisei_code,gekiso_juni,3,389,82.9,11.48,69.91,False
COURSE_27_09_ダ_短距離,omo_tekisei_code+joshodo_code+ten_shisu_juni,omo_tekisei_code,joshodo_code,ten_shisu_juni,33,4552,74.96,14.82,69.91,False
COURSE_27_09_ダ_短距離,pace_shisu_juni+joshodo_code+kyori_tekisei,pace_shisu_juni,joshodo_code,kyori_tekisei,17,4062,74.33,9.31,69.9,False
COURSE_27_09_ダ_短距離,joken_class_code+omo_tekisei_code+kyakushitsu,joken_class_code,omo_tekisei_code,kyakushitsu,20,4331,74.43,10.35,69.89,False
COURSE_27_09_ダ_短距離,class_code+pace_shisu_juni+joshodo_code,class_code,pace_shisu_juni,joshodo_code,16,1960,75.94,12.34,69.89,False
COURSE_27_09_ダ_短距離,omo_tekisei_code+kyori_tekisei+gekiso_juni,omo_tekisei_code,kyori_tekisei,gekiso_juni,18,2516,74.26,9.47,69.88,False
COURSE_27_09_ダ_短距離,ichi_shisu_juni+kyori_tekisei+kyusha_hyoka_code,ichi_shisu_juni,kyori_tekisei,kyusha_hyoka_code,19,4335,73.78,8.71,69.86,False
COURSE_27_09_ダ_短距離,rotation+joshodo_code+kyori_tekisei,rotation,joshodo_code,kyori_tekisei,13,3814,74.63,8.79,69.86,False
COURSE_27_09_ダ_短距離,manken_shirushi+kyakushitsu+kyori_tekisei,manken_shirushi,kyakushitsu,kyori_tekisei,11,1519,78.71,14.98,69.85,False
COURSE_27_09_ダ_短距離,uma_deokure_ritsu+kyakushitsu+joshodo_code,uma_deokure_ritsu,kyakushitsu,joshodo_code,6,2319,80.0,12.74,69.81,False
COURSE_27_09_ダ_短距離,uma_start_shisu+ichi_shisu_juni+kyakushitsu,uma_start_shisu,ichi_shisu_juni,kyakushitsu,7,871,79.73,13.39,69.81,False
COURSE_27_09_ダ_短距離,joken_class_code+kyori_tekisei+ten_shisu_juni,joken_class_code,kyori_tekisei,ten_shisu_juni,13,1494,75.94,11.31,69.8,False
COURSE_27_09_ダ_短距離,manken_shirushi+uma_start_shisu+joshodo_code,manken_shirushi,uma_start_shisu,joshodo_code,8,1270,76.47,9.65,69.78,False
COURSE_27_09_ダ_短距離,class_code+kyakushitsu+joshodo_code,class_code,kyakushitsu,joshodo_code,17,4420,74.28,9.49,69.77,False
COURSE_27_09_ダ_短距離,class_code+kyakushitsu+kyori_tekisei,class_code,kyakushitsu,kyori_tekisei,16,3212,74.97,10.68,69.74,False
COURSE_27_09_ダ_短距離,joken_class_code+uma_start_shisu+kyusha_hyoka_code,joken_class_code,uma_start_shisu,kyusha_hyoka_code,10,2743,75.81,9.79,69.74,False
COURSE_27_09_ダ_短距離,rotation+uma_deokure_ritsu+kyakushitsu,rotation,uma_deokure_ritsu,kyakushitsu,5,824,73.81,4.69,69.69,False
COURSE_27_09_ダ_短距離,pace_yoso+ichi_shisu_juni+joshodo_code,pace_yoso,ichi_shisu_juni,joshodo_code,23,5180,73.32,8.92,69.68,False
COURSE_27_09_ダ_短距離,rotation+uma_deokure_ritsu+hizume_code,rotation,uma_deokure_ritsu,hizume_code,3,443,77.55,6.96,69.67,False
COURSE_27_09_ダ_短距離,hizume_code+joshodo_code+gekiso_juni,hizume_code,joshodo_code,gekiso_juni,11,1481,77.48,13.21,69.67,False
COURSE_27_09_ダ_短距離,pace_yoso+joshodo_code+gekiso_juni,pace_yoso,joshodo_code,gekiso_juni,22,4848,73.77,9.8,69.67,False
COURSE_27_09_ダ_短距離,uma_deokure_ritsu+pace_shisu_juni+kyori_tekisei,uma_deokure_ritsu,pace_shisu_juni,kyori_tekisei,7,898,74.49,6.53,69.65,False
COURSE_27_09_ダ_短距離,manken_shirushi+joshodo_code+gekiso_juni,manken_shirushi,joshodo_code,gekiso_juni,4,490,85.25,15.94,69.64,False
COURSE_27_09_ダ_短距離,pace_yoso+rotation+kyori_tekisei,pace_yoso,rotation,kyori_tekisei,14,3244,74.82,9.9,69.63,False
COURSE_27_09_ダ_短距離,rotation+joken_class_code+da_tekisei_code,rotation,joken_class_code,da_tekisei_code,11,2314,75.76,10.39,69.62,False
COURSE_27_09_ダ_短距離,omo_tekisei_code+ls_shisu_juni+kyusha_hyoka_code,omo_tekisei_code,ls_shisu_juni,kyusha_hyoka_code,21,5024,74.33,11.05,69.6,False
COURSE_27_09_ダ_短距離,pace_yoso+pace_shisu_juni+joshodo_code,pace_yoso,pace_shisu_juni,joshodo_code,21,4712,73.75,9.71,69.6,False
COURSE_27_09_ダ_短距離,pace_shisu_juni+kyakushitsu+joshodo_code,pace_shisu_juni,kyakushitsu,joshodo_code,22,3690,74.08,10.77,69.58,False
COURSE_27_09_ダ_短距離,omo_tekisei_code+ls_shisu_juni+da_tekisei_code,omo_tekisei_code,ls_shisu_juni,da_tekisei_code,16,3489,74.43,9.94,69.56,False
COURSE_27_09_ダ_短距離,ls_shisu_juni+kyori_tekisei+da_tekisei_code,ls_shisu_juni,kyori_tekisei,da_tekisei_code,12,3637,75.14,9.88,69.55,False
COURSE_27_09_ダ_短距離,rotation+agari_shisu_juni+kyusha_hyoka_code,rotation,agari_shisu_juni,kyusha_hyoka_code,5,538,78.74,10.49,69.54,False
COURSE_27_09_ダ_短距離,joken_class_code+class_code+kyori_tekisei,joken_class_code,class_code,kyori_tekisei,14,4860,73.06,6.72,69.54,False
COURSE_27_09_ダ_短距離,hizume_code+joshodo_code+kyori_tekisei,hizume_code,joshodo_code,kyori_tekisei,11,4348,74.16,7.81,69.54,False
COURSE_27_09_ダ_短距離,pace_yoso+pace_shisu_juni+kyori_tekisei,pace_yoso,pace_shisu_juni,kyori_tekisei,16,3097,74.55,10.24,69.53,False
COURSE_27_09_ダ_短距離,kyakushitsu+da_tekisei_code+kyusha_hyoka_code,kyakushitsu,da_tekisei_code,kyusha_hyoka_code,9,4777,73.41,5.94,69.53,False
COURSE_27_09_ダ_短距離,manken_shisu+joshodo_code+kyori_tekisei,manken_shisu,joshodo_code,kyori_tekisei,16,2125,77.1,15.45,69.53,False
COURSE_27_09_ダ_短距離,joken_class_code+pace_shisu_juni+da_tekisei_code,joken_class_code,pace_shisu_juni,da_tekisei_code,13,1480,75.08,10.24,69.51,False
COURSE_27_09_ダ_短距離,ls_shisu_juni+kyakushitsu+joshodo_code,ls_shisu_juni,kyakushitsu,joshodo_code,22,5058,74.61,12.23,69.5,False
COURSE_27_09_ダ_短距離,kyakushitsu+ten_shisu_juni+kyusha_hyoka_code,kyakushitsu,ten_shisu_juni,kyusha_hyoka_code,22,3558,73.01,8.42,69.49,False
COURSE_27_09_ダ_短距離,uma_deokure_ritsu+class_code+da_tekisei_code,uma_deokure_ritsu,class_code,da_tekisei_code,6,1527,76.7,9.0,69.49,False
COURSE_27_09_ダ_短距離,joken_class_code+kyakushitsu+da_tekisei_code,joken_class_code,kyakushitsu,da_tekisei_code,18,4519,74.2,10.24,69.47,False
COURSE_27_09_ダ_短距離,joshodo_code+da_tekisei_code+ten_shisu_juni,joshodo_code,da_tekisei_code,ten_shisu_juni,23,4201,75.46,14.66,69.47,False
COURSE_27_09_ダ_短距離,class_code+kyori_tekisei+kyusha_hyoka_code,class_code,kyori_tekisei,kyusha_hyoka_code,13,4517,73.19,6.85,69.47,False
COURSE_27_09_ダ_短距離,manken_shirushi+joshodo_code+kyusha_hyoka_code,manken_shirushi,joshodo_code,kyusha_hyoka_code,8,3292,75.85,9.23,69.45,False
COURSE_27_09_ダ_短距離,uma_start_shisu+ichi_shisu_juni+kyusha_hyoka_code,uma_start_shisu,ichi_shisu_juni,kyusha_hyoka_code,10,1635,75.48,9.75,69.44,False
COURSE_27_09_ダ_短距離,joken_class_code+agari_shisu_juni+joshodo_code,joken_class_code,agari_shisu_juni,joshodo_code,23,3452,74.11,11.45,69.43,False
COURSE_27_09_ダ_短距離,uma_start_shisu+kyakushitsu+kyori_tekisei,uma_start_shisu,kyakushitsu,kyori_tekisei,12,2461,77.2,13.73,69.43,False
COURSE_27_09_ダ_短距離,rotation+uma_deokure_ritsu+kyusha_hyoka_code,rotation,uma_deokure_ritsu,kyusha_hyoka_code,4,1191,75.1,5.8,69.42,False
COURSE_27_09_ダ_短距離,joken_class_code+ichi_shisu_juni+kyusha_hyoka_code,joken_class_code,ichi_shisu_juni,kyusha_hyoka_code,23,3769,73.42,9.82,69.41,False
COURSE_27_09_ダ_短距離,joken_class_code+pace_shisu_juni+joshodo_code,joken_class_code,pace_shisu_juni,joshodo_code,23,3468,73.99,11.28,69.38,False
COURSE_27_09_ダ_短距離,uma_start_shisu+hizume_code+kyusha_hyoka_code,uma_start_shisu,hizume_code,kyusha_hyoka_code,8,1931,74.77,7.79,69.38,False
COURSE_27_09_ダ_短距離,joken_class_code+class_code+kyusha_hyoka_code,joken_class_code,class_code,kyusha_hyoka_code,9,5127,72.39,4.62,69.37,False
COURSE_27_09_ダ_短距離,uma_deokure_ritsu+uma_start_shisu+ichi_shisu_juni,uma_deokure_ritsu,uma_start_shisu,ichi_shisu_juni,6,773,76.33,8.7,69.37,False
COURSE_27_09_ダ_短距離,kyori_tekisei+da_tekisei_code+kijun_ninkijun_tansho,kyori_tekisei,da_tekisei_code,kijun_ninkijun_tansho,11,2446,75.31,10.06,69.36,False
COURSE_27_09_ダ_短距離,pace_yoso+ichi_shisu_juni+kyori_tekisei,pace_yoso,ichi_shisu_juni,kyori_tekisei,16,3349,73.78,9.09,69.33,False
COURSE_27_09_ダ_短距離,pace_yoso+joken_class_code+omo_tekisei_code,pace_yoso,joken_class_code,omo_tekisei_code,14,5200,74.42,9.75,69.31,False
COURSE_27_09_ダ_短距離,class_code+hizume_code+joshodo_code,class_code,hizume_code,joshodo_code,15,3113,74.78,10.79,69.31,False
COURSE_27_09_ダ_短距離,joken_class_code+class_code+kyakushitsu,joken_class_code,class_code,kyakushitsu,17,4533,74.26,10.41,69.31,False
COURSE_27_09_ダ_短距離,uma_deokure_ritsu+kyakushitsu+kyusha_hyoka_code,uma_deokure_ritsu,kyakushitsu,kyusha_hyoka_code,5,2118,74.97,6.48,69.29,False
COURSE_27_09_ダ_短距離,omo_tekisei_code+uma_start_shisu+kyakushitsu,omo_tekisei_code,uma_start_shisu,kyakushitsu,9,1955,75.18,9.04,69.28,False
COURSE_27_09_ダ_短距離,pace_yoso+omo_tekisei_code+kyori_tekisei,pace_yoso,omo_tekisei_code,kyori_tekisei,12,5094,75.37,10.79,69.27,False
COURSE_27_09_ダ_短距離,hizume_code+kyakushitsu+kyusha_hyoka_code,hizume_code,kyakushitsu,kyusha_hyoka_code,19,4311,73.28,8.95,69.26,False
COURSE_27_09_ダ_短距離,omo_tekisei_code+kyori_tekisei+da_tekisei_code,omo_tekisei_code,kyori_tekisei,da_tekisei_code,13,4777,74.62,9.87,69.26,False
COURSE_27_09_ダ_短距離,joken_class_code+kyakushitsu+joshodo_code,joken_class_code,kyakushitsu,joshodo_code,15,5788,73.22,7.87,69.24,False
COURSE_27_09_ダ_短距離,rotation+joken_class_code+class_code,rotation,joken_class_code,class_code,11,2332,73.16,6.67,69.22,False
COURSE_27_09_ダ_短距離,joken_class_code+omo_tekisei_code+da_tekisei_code,joken_class_code,omo_tekisei_code,da_tekisei_code,14,4702,75.21,11.46,69.21,False
COURSE_27_09_ダ_短距離,manken_shirushi+da_tekisei_code+kyusha_hyoka_code,manken_shirushi,da_tekisei_code,kyusha_hyoka_code,13,2713,75.56,11.68,69.21,False
COURSE_27_09_ダ_短距離,rotation+class_code+joshodo_code,rotation,class_code,joshodo_code,11,2252,73.07,6.56,69.19,False
COURSE_27_09_ダ_短距離,ichi_shisu_juni+joshodo_code+kyusha_hyoka_code,ichi_shisu_juni,joshodo_code,kyusha_hyoka_code,17,5570,72.46,6.87,69.19,False
COURSE_27_09_ダ_短距離,joken_class_code+class_code+gekiso_juni,joken_class_code,class_code,gekiso_juni,19,2260,75.2,13.4,69.18,False
COURSE_27_09_ダ_短距離,pace_yoso+joshodo_code+ten_shisu_juni,pace_yoso,joshodo_code,ten_shisu_juni,22,4811,73.68,10.79,69.17,False
COURSE_27_09_ダ_短距離,uma_deokure_ritsu+kyakushitsu+kyori_tekisei,uma_deokure_ritsu,kyakushitsu,kyori_tekisei,6,1782,75.83,8.32,69.17,False
COURSE_27_09_ダ_短距離,rotation+kyori_tekisei+kyusha_hyoka_code,rotation,kyori_tekisei,kyusha_hyoka_code,13,3675,74.49,9.8,69.16,False
COURSE_27_09_ダ_短距離,pace_yoso+kyakushitsu+gekiso_juni,pace_yoso,kyakushitsu,gekiso_juni,12,1546,75.71,11.57,69.16,False
COURSE_27_09_ダ_短距離,omo_tekisei_code+ten_shisu_juni+kyusha_hyoka_code,omo_tekisei_code,ten_shisu_juni,kyusha_hyoka_code,31,4181,74.77,15.97,69.15,False
COURSE_27_09_ダ_短距離,uma_start_shisu+hizume_code+kyori_tekisei,uma_start_shisu,hizume_code,kyori_tekisei,6,1285,77.0,9.83,69.14,False
COURSE_27_09_ダ_短距離,joken_class_code+kyori_tekisei+da_tekisei_code,joken_class_code,kyori_tekisei,da_tekisei_code,11,4511,73.75,7.85,69.12,False
COURSE_27_09_ダ_短距離,pace_yoso+class_code+agari_shisu_juni,pace_yoso,class_code,agari_shisu_juni,5,540,81.03,13.58,69.12,False
COURSE_27_09_ダ_短距離,kishu_minarai_code+omo_tekisei_code+joshodo_code,kishu_minarai_code,omo_tekisei_code,joshodo_code,5,628,76.76,8.73,69.11,False
COURSE_27_09_ダ_短距離,omo_tekisei_code+hizume_code+kyori_tekisei,omo_tekisei_code,hizume_code,kyori_tekisei,15,3426,73.39,8.46,69.11,False
COURSE_27_09_ダ_短距離,uma_deokure_ritsu+hizume_code+kyori_tekisei,uma_deokure_ritsu,hizume_code,kyori_tekisei,6,1259,75.81,8.41,69.09,False
COURSE_27_09_ダ_短距離,omo_tekisei_code+hizume_code+kyusha_hyoka_code,omo_tekisei_code,hizume_code,kyusha_hyoka_code,15,4449,73.95,9.6,69.09,False
COURSE_27_09_ダ_短距離,kyakushitsu+kyori_tekisei+gekiso_juni,kyakushitsu,kyori_tekisei,gekiso_juni,14,1999,75.75,12.74,69.08,False
COURSE_27_09_ダ_短距離,joken_class_code+joshodo_code+kyusha_hyoka_code,joken_class_code,joshodo_code,kyusha_hyoka_code,7,5763,74.67,7.55,69.08,False
COURSE_27_09_ダ_短距離,joken_class_code+da_tekisei_code+kyusha_hyoka_code,joken_class_code,da_tekisei_code,kyusha_hyoka_code,7,4680,73.53,6.01,69.08,False
COURSE_27_09_ダ_短距離,rotation+kyakushitsu+kyori_tekisei,rotation,kyakushitsu,kyori_tekisei,10,2032,73.96,7.9,69.06,False
COURSE_27_09_ダ_短距離,pace_yoso+rotation+uma_deokure_ritsu,pace_yoso,rotation,uma_deokure_ritsu,5,1023,73.46,5.03,69.06,False
COURSE_27_09_ダ_短距離,pace_yoso+kyakushitsu+kyusha_hyoka_code,pace_yoso,kyakushitsu,kyusha_hyoka_code,9,5591,72.0,4.49,69.06,False
COURSE_27_09_ダ_短距離,rotation+class_code+kyusha_hyoka_code,rotation,class_code,kyusha_hyoka_code,11,2236,73.21,7.06,69.04,False
COURSE_27_09_ダ_短距離,pace_yoso+ichi_shisu_juni+kyakushitsu,pace_yoso,ichi_shisu_juni,kyakushitsu,20,3398,73.13,9.33,69.04,False
COURSE_27_09_ダ_短距離,pace_yoso+agari_shisu_juni+kyusha_hyoka_code,pace_yoso,agari_shisu_juni,kyusha_hyoka_code,24,5113,73.94,12.24,69.04,False
COURSE_27_09_ダ_短距離,agari_shisu_juni+joshodo_code+kyusha_hyoka_code,agari_shisu_juni,joshodo_code,kyusha_hyoka_code,16,5229,74.47,11.09,69.03,False
COURSE_27_09_ダ_短距離,kyakushitsu+kyori_tekisei+kijun_ninkijun_tansho,kyakushitsu,kyori_tekisei,kijun_ninkijun_tansho,14,1836,76.23,13.74,69.03,False
COURSE_27_09_ダ_短距離,omo_tekisei_code+class_code+hizume_code,omo_tekisei_code,class_code,hizume_code,12,2031,76.49,13.19,69.03,False
COURSE_27_09_ダ_短距離,pace_shisu_juni+kyori_tekisei+kyusha_hyoka_code,pace_shisu_juni,kyori_tekisei,kyusha_hyoka_code,17,3901,74.11,10.74,69.0,False
COURSE_27_09_ダ_短距離,pace_yoso+uma_deokure_ritsu+joshodo_code,pace_yoso,uma_deokure_ritsu,joshodo_code,14,3563,75.19,11.85,68.98,False
COURSE_27_09_ダ_短距離,joken_class_code+kyakushitsu+kyori_tekisei,joken_class_code,kyakushitsu,kyori_tekisei,20,5105,73.38,10.04,68.98,False
COURSE_27_09_ダ_短距離,uma_deokure_ritsu+kyori_tekisei+kyusha_hyoka_code,uma_deokure_ritsu,kyori_tekisei,kyusha_hyoka_code,10,2844,77.46,13.69,68.97,False
COURSE_27_09_ダ_短距離,kyori_tekisei+gekiso_juni+kyusha_hyoka_code,kyori_tekisei,gekiso_juni,kyusha_hyoka_code,14,3692,77.03,15.44,68.94,False
COURSE_27_09_ダ_短距離,pace_yoso+joken_class_code+uma_start_shisu,pace_yoso,joken_class_code,uma_start_shisu,9,2392,75.24,9.65,68.93,False
COURSE_27_09_ダ_短距離,rotation+agari_shisu_juni+joshodo_code,rotation,agari_shisu_juni,joshodo_code,7,783,78.38,12.76,68.92,False
COURSE_27_09_ダ_短距離,ls_shisu_juni+da_tekisei_code+ten_shisu_juni,ls_shisu_juni,da_tekisei_code,ten_shisu_juni,5,546,79.8,12.43,68.91,False
COURSE_27_09_ダ_短距離,pace_yoso+joken_class_code+uma_deokure_ritsu,pace_yoso,joken_class_code,uma_deokure_ritsu,6,2002,73.58,5.84,68.91,False
COURSE_27_09_ダ_短距離,pace_yoso+agari_shisu_juni+joshodo_code,pace_yoso,agari_shisu_juni,joshodo_code,22,4807,75.07,14.85,68.87,False
COURSE_27_09_ダ_短距離,agari_shisu_juni+kyakushitsu+joshodo_code,agari_shisu_juni,kyakushitsu,joshodo_code,24,3598,73.4,11.33,68.87,False
COURSE_27_09_ダ_短距離,uma_deokure_ritsu+joshodo_code+kyori_tekisei,uma_deokure_ritsu,joshodo_code,kyori_tekisei,10,2988,75.72,11.09,68.85,False
COURSE_27_09_ダ_短距離,class_code+joshodo_code+gekiso_juni,class_code,joshodo_code,gekiso_juni,18,2100,75.42,14.22,68.85,False
COURSE_27_09_ダ_短距離,rotation+hizume_code+kyori_tekisei,rotation,hizume_code,kyori_tekisei,6,1151,75.39,8.17,68.85,False
COURSE_27_09_ダ_短距離,pace_yoso+agari_shisu_juni+da_tekisei_code,pace_yoso,agari_shisu_juni,da_tekisei_code,13,2602,73.68,8.89,68.84,False
COURSE_27_09_ダ_短距離,hizume_code+ichi_shisu_juni+kyusha_hyoka_code,hizume_code,ichi_shisu_juni,kyusha_hyoka_code,10,1306,77.66,14.28,68.81,False
COURSE_27_09_ダ_短距離,pace_yoso+ls_shisu_juni+kyusha_hyoka_code,pace_yoso,ls_shisu_juni,kyusha_hyoka_code,15,5495,73.27,8.9,68.76,False
COURSE_27_09_ダ_短距離,joken_class_code+kyori_tekisei+kyusha_hyoka_code,joken_class_code,kyori_tekisei,kyusha_hyoka_code,9,5468,71.87,4.77,68.76,False
COURSE_27_09_ダ_短距離,joken_class_code+joshodo_code+ten_shisu_juni,joken_class_code,joshodo_code,ten_shisu_juni,23,3472,73.14,10.75,68.75,False
COURSE_27_09_ダ_短距離,joshodo_code+kyori_tekisei+kyusha_hyoka_code,joshodo_code,kyori_tekisei,kyusha_hyoka_code,7,5993,75.6,9.26,68.73,False
COURSE_27_09_ダ_短距離,joshodo_code+da_tekisei_code+kyusha_hyoka_code,joshodo_code,da_tekisei_code,kyusha_hyoka_code,5,5101,74.8,6.93,68.72,False
COURSE_27_09_ダ_短距離,uma_start_shisu+ichi_shisu_juni+joshodo_code,uma_start_shisu,ichi_shisu_juni,joshodo_code,10,1690,74.45,9.24,68.72,False
COURSE_27_09_ダ_短距離,pace_yoso+joken_class_code+ls_shisu_juni,pace_yoso,joken_class_code,ls_shisu_juni,25,4831,73.42,11.99,68.72,False
COURSE_27_09_ダ_短距離,rotation+hizume_code+joshodo_code,rotation,hizume_code,joshodo_code,9,1976,76.34,11.71,68.7,False
COURSE_27_09_ダ_短距離,omo_tekisei_code+hizume_code+ls_shisu_juni,omo_tekisei_code,hizume_code,ls_shisu_juni,10,1748,76.45,12.53,68.69,False
COURSE_27_09_ダ_短距離,pace_yoso+rotation+hizume_code,pace_yoso,rotation,hizume_code,9,1477,74.21,8.45,68.69,False
COURSE_27_09_ダ_短距離,kyori_tekisei+kijun_ninkijun_tansho+kyusha_hyoka_code,kyori_tekisei,kijun_ninkijun_tansho,kyusha_hyoka_code,20,4294,74.48,13.24,68.68,False
COURSE_27_09_ダ_短距離,joken_class_code+class_code+joshodo_code,joken_class_code,class_code,joshodo_code,9,5263,72.65,6.15,68.63,False
COURSE_27_09_ダ_短距離,omo_tekisei_code+ls_shisu_juni+joshodo_code,omo_tekisei_code,ls_shisu_juni,joshodo_code,22,5286,73.63,11.99,68.62,False
COURSE_27_09_ダ_短距離,uma_deokure_ritsu+ichi_shisu_juni+kyakushitsu,uma_deokure_ritsu,ichi_shisu_juni,kyakushitsu,7,1033,75.17,8.84,68.62,False
COURSE_27_09_ダ_短距離,joken_class_code+agari_shisu_juni+kyori_tekisei,joken_class_code,agari_shisu_juni,kyori_tekisei,14,1775,75.68,13.5,68.61,False
COURSE_27_09_ダ_短距離,manken_shirushi+uma_start_shisu+kyori_tekisei,manken_shirushi,uma_start_shisu,kyori_tekisei,7,949,76.23,10.29,68.6,False
COURSE_27_09_ダ_短距離,joshodo_code+kyori_tekisei+da_tekisei_code,joshodo_code,kyori_tekisei,da_tekisei_code,8,5023,74.31,8.25,68.59,False
COURSE_27_09_ダ_短距離,joken_class_code+joshodo_code+kyori_tekisei,joken_class_code,joshodo_code,kyori_tekisei,10,5673,71.58,4.82,68.59,False
COURSE_27_09_ダ_短距離,class_code+kyakushitsu+kyusha_hyoka_code,class_code,kyakushitsu,kyusha_hyoka_code,16,4265,74.11,11.29,68.58,False
COURSE_27_09_ダ_短距離,pace_yoso+joken_class_code+ichi_shisu_juni,pace_yoso,joken_class_code,ichi_shisu_juni,15,2113,73.74,10.22,68.57,False
COURSE_27_09_ダ_短距離,kyakushitsu+kijun_ninkijun_tansho+kyusha_hyoka_code,kyakushitsu,kijun_ninkijun_tansho,kyusha_hyoka_code,22,3361,73.59,12.04,68.56,False
COURSE_27_09_ダ_短距離,agari_shisu_juni+kyakushitsu+kyusha_hyoka_code,agari_shisu_juni,kyakushitsu,kyusha_hyoka_code,22,3283,73.34,11.48,68.54,False
COURSE_27_09_ダ_短距離,omo_tekisei_code+class_code+da_tekisei_code,omo_tekisei_code,class_code,da_tekisei_code,14,3988,75.62,13.52,68.54,False
COURSE_27_09_ダ_短距離,joken_class_code+ichi_shisu_juni+da_tekisei_code,joken_class_code,ichi_shisu_juni,da_tekisei_code,9,1048,74.47,9.09,68.53,False
COURSE_27_09_ダ_短距離,joken_class_code+uma_deokure_ritsu+class_code,joken_class_code,uma_deokure_ritsu,class_code,8,2172,77.79,13.41,68.49,False
COURSE_27_09_ダ_短距離,pace_yoso+uma_start_shisu+gekiso_juni,pace_yoso,uma_start_shisu,gekiso_juni,7,848,75.15,9.03,68.46,False
COURSE_27_09_ダ_短距離,joken_class_code+class_code+hizume_code,joken_class_code,class_code,hizume_code,15,3177,73.98,10.9,68.46,False
COURSE_27_09_ダ_短距離,joken_class_code+joshodo_code+da_tekisei_code,joken_class_code,joshodo_code,da_tekisei_code,7,4844,73.62,6.97,68.46,False
COURSE_27_09_ダ_短距離,ls_shisu_juni+kyakushitsu+kyusha_hyoka_code,ls_shisu_juni,kyakushitsu,kyusha_hyoka_code,19,4618,74.02,12.44,68.43,False
COURSE_27_09_ダ_短距離,pace_yoso+hizume_code+joshodo_code,pace_yoso,hizume_code,joshodo_code,12,4776,73.41,8.81,68.43,False
COURSE_27_09_ダ_短距離,rotation+kyakushitsu+kyusha_hyoka_code,rotation,kyakushitsu,kyusha_hyoka_code,14,3139,71.99,6.82,68.42,False
COURSE_27_09_ダ_短距離,pace_yoso+ls_shisu_juni+da_tekisei_code,pace_yoso,ls_shisu_juni,da_tekisei_code,12,3811,74.54,10.82,68.42,False
COURSE_27_09_ダ_短距離,class_code+hizume_code+ls_shisu_juni,class_code,hizume_code,ls_shisu_juni,6,931,76.4,9.98,68.42,False
COURSE_27_09_ダ_短距離,pace_yoso+da_tekisei_code+kyusha_hyoka_code,pace_yoso,da_tekisei_code,kyusha_hyoka_code,6,4922,72.67,5.34,68.4,False
COURSE_27_09_ダ_短距離,uma_start_shisu+ichi_shisu_juni+kyori_tekisei,uma_start_shisu,ichi_shisu_juni,kyori_tekisei,8,986,75.63,10.43,68.4,False
COURSE_27_09_ダ_短距離,joken_class_code+kyakushitsu+kyusha_hyoka_code,joken_class_code,kyakushitsu,kyusha_hyoka_code,15,5582,72.78,8.67,68.39,False
COURSE_27_09_ダ_短距離,kyakushitsu+gekiso_juni+kyusha_hyoka_code,kyakushitsu,gekiso_juni,kyusha_hyoka_code,20,2888,74.09,12.99,68.39,False
COURSE_27_09_ダ_短距離,pace_yoso+ls_shisu_juni+kyakushitsu,pace_yoso,ls_shisu_juni,kyakushitsu,16,3572,74.42,12.3,68.39,False
COURSE_27_09_ダ_短距離,pace_yoso+class_code+kyakushitsu,pace_yoso,class_code,kyakushitsu,16,3609,73.76,10.96,68.39,False
COURSE_27_09_ダ_短距離,omo_tekisei_code+joshodo_code+gekiso_juni,omo_tekisei_code,joshodo_code,gekiso_juni,31,4431,71.91,10.0,68.39,False
COURSE_27_09_ダ_短距離,class_code+joshodo_code+kyusha_hyoka_code,class_code,joshodo_code,kyusha_hyoka_code,9,4997,72.52,6.33,68.38,False
COURSE_27_09_ダ_短距離,uma_deokure_ritsu+class_code+joshodo_code,uma_deokure_ritsu,class_code,joshodo_code,8,2141,78.17,14.15,68.37,False
COURSE_27_09_ダ_短距離,rotation+kyori_tekisei+da_tekisei_code,rotation,kyori_tekisei,da_tekisei_code,12,2705,74.26,10.46,68.34,False
COURSE_27_09_ダ_短距離,kyori_tekisei+da_tekisei_code+gekiso_juni,kyori_tekisei,da_tekisei_code,gekiso_juni,10,2443,75.08,10.88,68.33,False
COURSE_27_09_ダ_短距離,hizume_code+kyori_tekisei+ten_shisu_juni,hizume_code,kyori_tekisei,ten_shisu_juni,4,427,80.43,12.35,68.32,False
COURSE_27_09_ダ_短距離,hizume_code+pace_shisu_juni+kyori_tekisei,hizume_code,pace_shisu_juni,kyori_tekisei,3,317,78.77,9.24,68.32,False
COURSE_27_09_ダ_短距離,pace_yoso+pace_shisu_juni+kyusha_hyoka_code,pace_yoso,pace_shisu_juni,kyusha_hyoka_code,25,5293,72.49,10.68,68.31,False
COURSE_27_09_ダ_短距離,pace_yoso+kyori_tekisei+kijun_ninkijun_tansho,pace_yoso,kyori_tekisei,kijun_ninkijun_tansho,14,3003,73.8,10.48,68.3,False
COURSE_27_09_ダ_短距離,omo_tekisei_code+kyakushitsu+kyusha_hyoka_code,omo_tekisei_code,kyakushitsu,kyusha_hyoka_code,12,5397,73.28,8.8,68.3,False
COURSE_27_09_ダ_短距離,pace_yoso+omo_tekisei_code+ls_shisu_juni,pace_yoso,omo_tekisei_code,ls_shisu_juni,17,3934,75.56,15.31,68.28,False
COURSE_27_09_ダ_短距離,hizume_code+kijun_ninkijun_tansho+kyusha_hyoka_code,hizume_code,kijun_ninkijun_tansho,kyusha_hyoka_code,13,1756,75.46,13.21,68.27,False
COURSE_27_09_ダ_短距離,pace_yoso+omo_tekisei_code+gekiso_juni,pace_yoso,omo_tekisei_code,gekiso_juni,18,2256,72.45,9.12,68.24,False
COURSE_27_09_ダ_短距離,pace_yoso+uma_start_shisu+joshodo_code,pace_yoso,uma_start_shisu,joshodo_code,13,4173,73.25,9.21,68.24,False
COURSE_27_09_ダ_短距離,omo_tekisei_code+gekiso_juni+kyusha_hyoka_code,omo_tekisei_code,gekiso_juni,kyusha_hyoka_code,30,4127,71.76,9.91,68.21,False
COURSE_27_09_ダ_短距離,omo_tekisei_code+kyori_tekisei+ten_shisu_juni,omo_tekisei_code,kyori_tekisei,ten_shisu_juni,15,1788,75.77,14.95,68.2,False
COURSE_27_09_ダ_短距離,class_code+ls_shisu_juni+joshodo_code,class_code,ls_shisu_juni,joshodo_code,16,3375,73.64,11.11,68.19,False
COURSE_27_09_ダ_短距離,class_code+kyakushitsu+da_tekisei_code,class_code,kyakushitsu,da_tekisei_code,16,3565,73.18,10.18,68.19,False
COURSE_27_09_ダ_短距離,pace_yoso+ls_shisu_juni+joshodo_code,pace_yoso,ls_shisu_juni,joshodo_code,15,5331,72.94,9.41,68.18,False
COURSE_27_09_ダ_短距離,agari_shisu_juni+kyori_tekisei+da_tekisei_code,agari_shisu_juni,kyori_tekisei,da_tekisei_code,13,2574,73.25,9.36,68.16,False
COURSE_27_09_ダ_短距離,omo_tekisei_code+agari_shisu_juni+joshodo_code,omo_tekisei_code,agari_shisu_juni,joshodo_code,34,4610,72.55,13.07,68.15,False
COURSE_27_09_ダ_短距離,class_code+gekiso_juni+kyusha_hyoka_code,class_code,gekiso_juni,kyusha_hyoka_code,16,1852,75.05,14.11,68.14,False
COURSE_27_09_ダ_短距離,rotation+joshodo_code+kijun_ninkijun_tansho,rotation,joshodo_code,kijun_ninkijun_tansho,10,1192,77.65,15.34,68.14,False
COURSE_27_09_ダ_短距離,joken_class_code+class_code+agari_shisu_juni,joken_class_code,class_code,agari_shisu_juni,17,2030,75.44,15.36,68.13,False
COURSE_27_09_ダ_短距離,pace_yoso+rotation+omo_tekisei_code,pace_yoso,rotation,omo_tekisei_code,13,2754,75.01,12.71,68.1,False
COURSE_27_09_ダ_短距離,pace_shisu_juni+kyakushitsu+da_tekisei_code,pace_shisu_juni,kyakushitsu,da_tekisei_code,10,1393,73.13,8.21,68.05,False
COURSE_27_09_ダ_短距離,rotation+joken_class_code+uma_deokure_ritsu,rotation,joken_class_code,uma_deokure_ritsu,4,888,72.35,4.39,68.04,False
COURSE_27_09_ダ_短距離,uma_start_shisu+kyori_tekisei+ten_shisu_juni,uma_start_shisu,kyori_tekisei,ten_shisu_juni,8,938,74.57,9.45,68.03,False
COURSE_27_09_ダ_短距離,omo_tekisei_code+kyori_tekisei+kyusha_hyoka_code,omo_tekisei_code,kyori_tekisei,kyusha_hyoka_code,9,5252,74.88,10.49,68.03,False
COURSE_27_09_ダ_短距離,kyakushitsu+joshodo_code+kyusha_hyoka_code,kyakushitsu,joshodo_code,kyusha_hyoka_code,6,5783,71.29,4.08,68.02,False
COURSE_27_09_ダ_短距離,pace_yoso+omo_tekisei_code+pace_shisu_juni,pace_yoso,omo_tekisei_code,pace_shisu_juni,18,2139,73.87,12.66,68.02,False
COURSE_27_09_ダ_短距離,pace_yoso+ichi_shisu_juni+kyusha_hyoka_code,pace_yoso,ichi_shisu_juni,kyusha_hyoka_code,22,5051,72.12,9.85,68.0,False
COURSE_27_09_ダ_短距離,pace_yoso+joshodo_code+kijun_ninkijun_tansho,pace_yoso,joshodo_code,kijun_ninkijun_tansho,22,4977,72.46,10.71,67.99,False
COURSE_27_09_ダ_短距離,joken_class_code+class_code+ls_shisu_juni,joken_class_code,class_code,ls_shisu_juni,20,3886,72.96,11.39,67.96,False
COURSE_27_09_ダ_短距離,uma_deokure_ritsu+kyori_tekisei+da_tekisei_code,uma_deokure_ritsu,kyori_tekisei,da_tekisei_code,9,2184,78.23,15.73,67.96,False
COURSE_27_09_ダ_短距離,pace_yoso+joken_class_code+ten_shisu_juni,pace_yoso,joken_class_code,ten_shisu_juni,21,2532,73.11,12.13,67.92,False
COURSE_27_09_ダ_短距離,agari_shisu_juni+da_tekisei_code+kyusha_hyoka_code,agari_shisu_juni,da_tekisei_code,kyusha_hyoka_code,20,3698,73.37,12.44,67.92,False
COURSE_27_09_ダ_短距離,pace_yoso+kyori_tekisei+ten_shisu_juni,pace_yoso,kyori_tekisei,ten_shisu_juni,15,2984,73.09,10.23,67.91,False
COURSE_27_09_ダ_短距離,kishu_minarai_code+joshodo_code+da_tekisei_code,kishu_minarai_code,joshodo_code,da_tekisei_code,4,637,75.12,7.36,67.9,False
COURSE_27_09_ダ_短距離,kyakushitsu+joshodo_code+kijun_ninkijun_tansho,kyakushitsu,joshodo_code,kijun_ninkijun_tansho,24,3705,73.11,13.03,67.9,False
COURSE_27_09_ダ_短距離,uma_start_shisu+gekiso_juni+kyusha_hyoka_code,uma_start_shisu,gekiso_juni,kyusha_hyoka_code,12,1728,75.02,12.59,67.9,False
COURSE_27_09_ダ_短距離,kyakushitsu+joshodo_code+gekiso_juni,kyakushitsu,joshodo_code,gekiso_juni,22,3256,73.59,13.64,67.89,False
COURSE_27_09_ダ_短距離,class_code+hizume_code+kyusha_hyoka_code,class_code,hizume_code,kyusha_hyoka_code,14,2944,73.71,11.14,67.88,False
COURSE_27_09_ダ_短距離,joshodo_code+kyori_tekisei+kijun_ninkijun_tansho,joshodo_code,kyori_tekisei,kijun_ninkijun_tansho,20,4421,73.47,12.81,67.85,False
COURSE_27_09_ダ_短距離,omo_tekisei_code+ls_shisu_juni+kijun_ninkijun_tansho,omo_tekisei_code,ls_shisu_juni,kijun_ninkijun_tansho,3,328,79.01,9.87,67.84,False
COURSE_27_09_ダ_短距離,class_code+ls_shisu_juni+kyusha_hyoka_code,class_code,ls_shisu_juni,kyusha_hyoka_code,15,3267,73.74,11.65,67.84,False
COURSE_27_09_ダ_短距離,pace_yoso+omo_tekisei_code+manken_shirushi,pace_yoso,omo_tekisei_code,manken_shirushi,16,1972,75.08,14.79,67.83,False
COURSE_27_09_ダ_短距離,pace_yoso+uma_deokure_ritsu+uma_start_shisu,pace_yoso,uma_deokure_ritsu,uma_start_shisu,3,1266,76.84,7.97,67.82,False
COURSE_27_09_ダ_短距離,hizume_code+ten_shisu_juni+kyusha_hyoka_code,hizume_code,ten_shisu_juni,kyusha_hyoka_code,9,1171,80.61,19.6,67.81,False
COURSE_27_09_ダ_短距離,pace_yoso+rotation+da_tekisei_code,pace_yoso,rotation,da_tekisei_code,14,3035,72.56,9.08,67.81,False
COURSE_27_09_ダ_短距離,class_code+uma_start_shisu+kyakushitsu,class_code,uma_start_shisu,kyakushitsu,8,1313,74.03,9.08,67.74,False
COURSE_27_09_ダ_短距離,pace_yoso+joken_class_code+agari_shisu_juni,pace_yoso,joken_class_code,agari_shisu_juni,19,2282,74.72,15.57,67.72,False
COURSE_27_09_ダ_短距離,pace_yoso+rotation+class_code,pace_yoso,rotation,class_code,10,1754,73.13,8.72,67.72,False
COURSE_27_09_ダ_短距離,omo_tekisei_code+kyakushitsu+kyori_tekisei,omo_tekisei_code,kyakushitsu,kyori_tekisei,18,4824,74.07,13.79,67.7,False
COURSE_27_09_ダ_短距離,omo_tekisei_code+agari_shisu_juni+kyusha_hyoka_code,omo_tekisei_code,agari_shisu_juni,kyusha_hyoka_code,34,4425,72.4,14.05,67.68,False
COURSE_27_09_ダ_短距離,joken_class_code+gekiso_juni+kyusha_hyoka_code,joken_class_code,gekiso_juni,kyusha_hyoka_code,23,3738,72.04,10.77,67.64,False
COURSE_27_09_ダ_短距離,pace_yoso+kyakushitsu+ten_shisu_juni,pace_yoso,kyakushitsu,ten_shisu_juni,16,2299,72.45,9.84,67.63,False
COURSE_27_09_ダ_短距離,kishu_minarai_code+omo_tekisei_code+kyusha_hyoka_code,kishu_minarai_code,omo_tekisei_code,kyusha_hyoka_code,5,619,75.29,8.75,67.62,False
COURSE_27_09_ダ_短距離,pace_yoso+joken_class_code+kijun_ninkijun_tansho,pace_yoso,joken_class_code,kijun_ninkijun_tansho,25,3175,73.33,14.68,67.57,False
COURSE_27_09_ダ_短距離,uma_start_shisu+ls_shisu_juni+joshodo_code,uma_start_shisu,ls_shisu_juni,joshodo_code,14,2833,73.59,11.52,67.56,False
COURSE_27_09_ダ_短距離,pace_yoso+uma_deokure_ritsu+da_tekisei_code,pace_yoso,uma_deokure_ritsu,da_tekisei_code,9,2285,75.82,12.66,67.55,False
COURSE_27_09_ダ_短距離,joshodo_code+kyori_tekisei+gekiso_juni,joshodo_code,kyori_tekisei,gekiso_juni,13,3759,73.27,10.54,67.55,False
COURSE_27_09_ダ_短距離,kyori_tekisei+da_tekisei_code+kyusha_hyoka_code,kyori_tekisei,da_tekisei_code,kyusha_hyoka_code,8,4955,73.64,8.8,67.54,False
COURSE_27_09_ダ_短距離,joken_class_code+uma_start_shisu+da_tekisei_code,joken_class_code,uma_start_shisu,da_tekisei_code,9,2118,74.31,10.35,67.54,False
COURSE_27_09_ダ_短距離,pace_yoso+joken_class_code+kyori_tekisei,pace_yoso,joken_class_code,kyori_tekisei,14,5627,71.39,7.37,67.52,False
COURSE_27_09_ダ_短距離,omo_tekisei_code+da_tekisei_code+kijun_ninkijun_tansho,omo_tekisei_code,da_tekisei_code,kijun_ninkijun_tansho,13,1843,75.06,13.89,67.51,False
COURSE_27_09_ダ_短距離,joken_class_code+ten_shisu_juni+kyusha_hyoka_code,joken_class_code,ten_shisu_juni,kyusha_hyoka_code,23,3769,72.11,11.28,67.5,False
COURSE_27_09_ダ_短距離,manken_shisu+joshodo_code+kyusha_hyoka_code,manken_shisu,joshodo_code,kyusha_hyoka_code,25,3615,73.85,16.2,67.5,False
COURSE_27_09_ダ_短距離,rotation+uma_start_shisu+kyori_tekisei,rotation,uma_start_shisu,kyori_tekisei,5,986,78.29,12.33,67.48,False
COURSE_27_09_ダ_短距離,agari_shisu_juni+joshodo_code+da_tekisei_code,agari_shisu_juni,joshodo_code,da_tekisei_code,21,3945,72.74,12.37,67.45,False
COURSE_27_09_ダ_短距離,rotation+omo_tekisei_code+kyakushitsu,rotation,omo_tekisei_code,kyakushitsu,12,1653,73.2,10.18,67.44,False
COURSE_27_09_ダ_短距離,agari_shisu_juni+kyakushitsu+da_tekisei_code,agari_shisu_juni,kyakushitsu,da_tekisei_code,12,1326,76.74,16.45,67.43,False
COURSE_27_09_ダ_短距離,omo_tekisei_code+kyori_tekisei+kijun_ninkijun_tansho,omo_tekisei_code,kyori_tekisei,kijun_ninkijun_tansho,18,2414,73.44,13.04,67.41,False
COURSE_27_09_ダ_短距離,pace_yoso+agari_shisu_juni+kyakushitsu,pace_yoso,agari_shisu_juni,kyakushitsu,18,2249,73.21,12.55,67.41,False
COURSE_27_09_ダ_短距離,uma_start_shisu+kyakushitsu+da_tekisei_code,uma_start_shisu,kyakushitsu,da_tekisei_code,10,2113,76.4,14.53,67.39,False
COURSE_27_09_ダ_短距離,uma_start_shisu+agari_shisu_juni+kyusha_hyoka_code,uma_start_shisu,agari_shisu_juni,kyusha_hyoka_code,14,1811,72.56,9.89,67.38,False
COURSE_27_09_ダ_短距離,pace_yoso+ten_shisu_juni+kyusha_hyoka_code,pace_yoso,ten_shisu_juni,kyusha_hyoka_code,25,5285,71.81,11.31,67.38,False
COURSE_27_09_ダ_短距離,rotation+da_tekisei_code+kyusha_hyoka_code,rotation,da_tekisei_code,kyusha_hyoka_code,12,3344,71.35,7.01,67.38,False
COURSE_27_09_ダ_短距離,ls_shisu_juni+da_tekisei_code+kijun_ninkijun_tansho,ls_shisu_juni,da_tekisei_code,kijun_ninkijun_tansho,10,1339,73.56,9.98,67.37,False
COURSE_27_09_ダ_短距離,pace_yoso+class_code+ten_shisu_juni,pace_yoso,class_code,ten_shisu_juni,5,538,74.41,8.05,67.35,False
COURSE_27_09_ダ_短距離,pace_yoso+uma_deokure_ritsu+kyusha_hyoka_code,pace_yoso,uma_deokure_ritsu,kyusha_hyoka_code,14,3403,75.33,15.25,67.34,False
COURSE_27_09_ダ_短距離,rotation+joken_class_code+omo_tekisei_code,rotation,joken_class_code,omo_tekisei_code,14,2323,72.71,10.33,67.3,False
COURSE_27_09_ダ_短距離,ichi_shisu_juni+kyakushitsu+joshodo_code,ichi_shisu_juni,kyakushitsu,joshodo_code,26,4962,71.11,9.91,67.3,False
COURSE_27_09_ダ_短距離,agari_shisu_juni+kyakushitsu+kyori_tekisei,agari_shisu_juni,kyakushitsu,kyori_tekisei,17,2137,73.4,12.82,67.3,False
COURSE_27_09_ダ_短距離,uma_deokure_ritsu+kyakushitsu+kijun_ninkijun_tansho,uma_deokure_ritsu,kyakushitsu,kijun_ninkijun_tansho,3,332,76.59,8.24,67.27,False
COURSE_27_09_ダ_短距離,ls_shisu_juni+kyori_tekisei+kyusha_hyoka_code,ls_shisu_juni,kyori_tekisei,kyusha_hyoka_code,12,4693,73.02,10.15,67.27,False
COURSE_27_09_ダ_短距離,pace_yoso+uma_deokure_ritsu+manken_shirushi,pace_yoso,uma_deokure_ritsu,manken_shirushi,8,891,78.64,16.41,67.26,False
COURSE_27_09_ダ_短距離,joken_class_code+omo_tekisei_code+hizume_code,joken_class_code,omo_tekisei_code,hizume_code,15,2953,72.52,10.39,67.26,False
COURSE_27_09_ダ_短距離,joshodo_code+kijun_ninkijun_tansho+kyusha_hyoka_code,joshodo_code,kijun_ninkijun_tansho,kyusha_hyoka_code,15,5232,73.42,12.19,67.25,False
COURSE_27_09_ダ_短距離,pace_yoso+omo_tekisei_code+agari_shisu_juni,pace_yoso,omo_tekisei_code,agari_shisu_juni,21,2470,73.7,15.12,67.23,False
COURSE_27_09_ダ_短距離,rotation+class_code+da_tekisei_code,rotation,class_code,da_tekisei_code,10,1763,74.87,12.39,67.19,False
COURSE_27_09_ダ_短距離,joken_class_code+ls_shisu_juni+kyusha_hyoka_code,joken_class_code,ls_shisu_juni,kyusha_hyoka_code,19,5112,71.71,10.11,67.16,False
COURSE_27_09_ダ_短距離,da_tekisei_code+kijun_ninkijun_tansho+kyusha_hyoka_code,da_tekisei_code,kijun_ninkijun_tansho,kyusha_hyoka_code,20,4080,73.42,14.32,67.14,False
COURSE_27_09_ダ_短距離,manken_shisu+kyori_tekisei+kyusha_hyoka_code,manken_shisu,kyori_tekisei,kyusha_hyoka_code,15,1904,75.05,15.63,67.14,False
COURSE_27_09_ダ_短距離,omo_tekisei_code+joshodo_code+kyori_tekisei,omo_tekisei_code,joshodo_code,kyori_tekisei,8,5318,74.9,11.22,67.12,False
COURSE_27_09_ダ_短距離,pace_yoso+rotation+uma_start_shisu,pace_yoso,rotation,uma_start_shisu,5,1049,71.75,5.31,67.09,False
COURSE_27_09_ダ_短距離,joken_class_code+uma_start_shisu+ichi_shisu_juni,joken_class_code,uma_start_shisu,ichi_shisu_juni,3,323,81.59,12.81,67.09,False
COURSE_27_09_ダ_短距離,joken_class_code+omo_tekisei_code+uma_start_shisu,joken_class_code,omo_tekisei_code,uma_start_shisu,6,1738,73.32,7.81,67.08,False
COURSE_27_09_ダ_短距離,rotation+joshodo_code+da_tekisei_code,rotation,joshodo_code,da_tekisei_code,12,3456,71.61,8.02,67.07,False
COURSE_27_09_ダ_短距離,kyakushitsu+joshodo_code+kyori_tekisei,kyakushitsu,joshodo_code,kyori_tekisei,11,5783,71.74,7.96,67.04,False
COURSE_27_09_ダ_短距離,rotation+ichi_shisu_juni+joshodo_code,rotation,ichi_shisu_juni,joshodo_code,5,567,74.29,8.3,67.02,False
COURSE_27_09_ダ_短距離,joken_class_code+omo_tekisei_code+ls_shisu_juni,joken_class_code,omo_tekisei_code,ls_shisu_juni,13,2787,73.14,11.26,67.01,False
COURSE_27_09_ダ_短距離,uma_deokure_ritsu+class_code+kyusha_hyoka_code,uma_deokure_ritsu,class_code,kyusha_hyoka_code,7,1957,77.21,13.78,67.0,False
COURSE_27_09_ダ_短距離,pace_yoso+joshodo_code+kyori_tekisei,pace_yoso,joshodo_code,kyori_tekisei,10,5997,72.1,8.23,66.99,False
COURSE_27_09_ダ_短距離,class_code+uma_start_shisu+hizume_code,class_code,uma_start_shisu,hizume_code,5,747,75.07,9.22,66.98,False
COURSE_27_09_ダ_短距離,pace_shisu_juni+joshodo_code+kyusha_hyoka_code,pace_shisu_juni,joshodo_code,kyusha_hyoka_code,16,5229,71.68,9.66,66.95,False
COURSE_27_09_ダ_短距離,pace_yoso+class_code+hizume_code,pace_yoso,class_code,hizume_code,13,2391,74.54,13.96,66.95,False
COURSE_27_09_ダ_短距離,uma_start_shisu+joshodo_code+kyusha_hyoka_code,uma_start_shisu,joshodo_code,kyusha_hyoka_code,14,4788,73.83,13.18,66.93,False
COURSE_27_09_ダ_短距離,joken_class_code+joshodo_code+gekiso_juni,joken_class_code,joshodo_code,gekiso_juni,22,3426,71.95,12.05,66.92,False
COURSE_27_09_ダ_短距離,hizume_code+joshodo_code+da_tekisei_code,hizume_code,joshodo_code,da_tekisei_code,13,4270,72.7,10.65,66.91,False
COURSE_27_09_ダ_短距離,pace_yoso+kishu_shisu+da_tekisei_code,pace_yoso,kishu_shisu,da_tekisei_code,13,2265,74.17,13.34,66.91,False
COURSE_27_09_ダ_短距離,uma_start_shisu+pace_shisu_juni+kyori_tekisei,uma_start_shisu,pace_shisu_juni,kyori_tekisei,8,911,75.12,11.88,66.89,False
COURSE_27_09_ダ_短距離,joken_class_code+pace_shisu_juni+kyusha_hyoka_code,joken_class_code,pace_shisu_juni,kyusha_hyoka_code,23,3769,71.89,12.26,66.88,False
COURSE_27_09_ダ_短距離,rotation+kyakushitsu+da_tekisei_code,rotation,kyakushitsu,da_tekisei_code,12,2068,73.61,11.95,66.85,False
COURSE_27_09_ダ_短距離,class_code+agari_shisu_juni+kyusha_hyoka_code,class_code,agari_shisu_juni,kyusha_hyoka_code,15,1740,75.52,17.14,66.85,False
COURSE_27_09_ダ_短距離,uma_start_shisu+kyori_tekisei+gekiso_juni,uma_start_shisu,kyori_tekisei,gekiso_juni,7,998,73.91,9.54,66.84,False
COURSE_27_09_ダ_短距離,pace_yoso+rotation+kyakushitsu,pace_yoso,rotation,kyakushitsu,12,2265,71.51,8.26,66.83,False
COURSE_27_09_ダ_短距離,ichi_shisu_juni+kyakushitsu+kyusha_hyoka_code,ichi_shisu_juni,kyakushitsu,kyusha_hyoka_code,26,4785,71.0,10.95,66.79,False
COURSE_27_09_ダ_短距離,pace_yoso+kijun_ninkijun_tansho+kyusha_hyoka_code,pace_yoso,kijun_ninkijun_tansho,kyusha_hyoka_code,24,5347,71.09,10.77,66.78,False
COURSE_27_09_ダ_短距離,joshodo_code+ten_shisu_juni+kyusha_hyoka_code,joshodo_code,ten_shisu_juni,kyusha_hyoka_code,16,5229,71.59,9.81,66.78,False
COURSE_27_09_ダ_短距離,joken_class_code+omo_tekisei_code+kyusha_hyoka_code,joken_class_code,omo_tekisei_code,kyusha_hyoka_code,11,5243,73.28,11.04,66.75,False
COURSE_27_09_ダ_短距離,pace_yoso+uma_start_shisu+hizume_code,pace_yoso,uma_start_shisu,hizume_code,7,1508,73.85,9.59,66.74,False
COURSE_27_09_ダ_短距離,rotation+ls_shisu_juni+kyori_tekisei,rotation,ls_shisu_juni,kyori_tekisei,6,1162,67.99,1.6,66.71,False
COURSE_27_09_ダ_短距離,class_code+agari_shisu_juni+joshodo_code,class_code,agari_shisu_juni,joshodo_code,16,1867,74.87,16.67,66.7,False
COURSE_27_09_ダ_短距離,hizume_code+da_tekisei_code+kyusha_hyoka_code,hizume_code,da_tekisei_code,kyusha_hyoka_code,13,4109,72.56,10.78,66.7,False
COURSE_27_09_ダ_短距離,joken_class_code+hizume_code+kyusha_hyoka_code,joken_class_code,hizume_code,kyusha_hyoka_code,16,3991,71.61,10.12,66.65,False
COURSE_27_09_ダ_短距離,hizume_code+joshodo_code+kyusha_hyoka_code,hizume_code,joshodo_code,kyusha_hyoka_code,8,4857,71.93,7.64,66.63,False
COURSE_27_09_ダ_短距離,pace_shisu_juni+ten_shisu_juni+kyusha_hyoka_code,pace_shisu_juni,ten_shisu_juni,kyusha_hyoka_code,7,994,76.62,13.51,66.62,False
COURSE_27_09_ダ_短距離,omo_tekisei_code+kijun_ninkijun_tansho+kyusha_hyoka_code,omo_tekisei_code,kijun_ninkijun_tansho,kyusha_hyoka_code,28,4356,71.56,13.54,66.55,False
COURSE_27_09_ダ_短距離,joken_class_code+ls_shisu_juni+joshodo_code,joken_class_code,ls_shisu_juni,joshodo_code,20,4983,71.28,10.8,66.55,False
COURSE_27_09_ダ_短距離,pace_yoso+joken_class_code+hizume_code,pace_yoso,joken_class_code,hizume_code,13,3160,72.92,11.74,66.54,False
COURSE_27_09_ダ_短距離,pace_yoso+uma_start_shisu+ten_shisu_juni,pace_yoso,uma_start_shisu,ten_shisu_juni,8,984,74.05,10.84,66.54,False
COURSE_27_09_ダ_短距離,uma_start_shisu+ls_shisu_juni+kyori_tekisei,uma_start_shisu,ls_shisu_juni,kyori_tekisei,11,1866,73.71,12.15,66.54,False
COURSE_27_09_ダ_短距離,joshodo_code+gekiso_juni+kyusha_hyoka_code,joshodo_code,gekiso_juni,kyusha_hyoka_code,16,5229,71.71,10.57,66.53,False
COURSE_27_09_ダ_短距離,rotation+hizume_code+kyusha_hyoka_code,rotation,hizume_code,kyusha_hyoka_code,8,1785,71.89,7.76,66.51,False
COURSE_27_09_ダ_短距離,ichi_shisu_juni+pace_shisu_juni+joshodo_code,ichi_shisu_juni,pace_shisu_juni,joshodo_code,3,392,83.35,14.89,66.5,False
COURSE_27_09_ダ_短距離,uma_start_shisu+ls_shisu_juni+kyusha_hyoka_code,uma_start_shisu,ls_shisu_juni,kyusha_hyoka_code,14,2778,72.4,11.27,66.5,False
COURSE_27_09_ダ_短距離,omo_tekisei_code+joshodo_code+kijun_ninkijun_tansho,omo_tekisei_code,joshodo_code,kijun_ninkijun_tansho,29,4622,71.66,14.18,66.49,False
COURSE_27_09_ダ_短距離,hizume_code+ls_shisu_juni+kyusha_hyoka_code,hizume_code,ls_shisu_juni,kyusha_hyoka_code,14,3090,73.49,13.44,66.45,False
COURSE_27_09_ダ_短距離,pace_yoso+kyakushitsu+kijun_ninkijun_tansho,pace_yoso,kyakushitsu,kijun_ninkijun_tansho,16,2042,73.02,13.4,66.45,False
COURSE_27_09_ダ_短距離,joshodo_code+da_tekisei_code+kijun_ninkijun_tansho,joshodo_code,da_tekisei_code,kijun_ninkijun_tansho,19,4091,72.62,13.77,66.43,False
COURSE_27_09_ダ_短距離,kishu_minarai_code+class_code+kyusha_hyoka_code,kishu_minarai_code,class_code,kyusha_hyoka_code,4,437,74.1,7.82,66.43,False
COURSE_27_09_ダ_短距離,rotation+class_code+kyori_tekisei,rotation,class_code,kyori_tekisei,8,1406,73.45,10.13,66.43,False
COURSE_27_09_ダ_短距離,pace_yoso+class_code+kijun_ninkijun_tansho,pace_yoso,class_code,kijun_ninkijun_tansho,8,907,72.13,8.23,66.42,False
COURSE_27_09_ダ_短距離,manken_shirushi+uma_start_shisu+kyusha_hyoka_code,manken_shirushi,uma_start_shisu,kyusha_hyoka_code,8,1215,74.71,11.96,66.42,False
COURSE_27_09_ダ_短距離,rotation+omo_tekisei_code+kyusha_hyoka_code,rotation,omo_tekisei_code,kyusha_hyoka_code,13,3334,72.19,10.65,66.4,False
COURSE_27_09_ダ_短距離,ls_shisu_juni+joshodo_code+kyori_tekisei,ls_shisu_juni,joshodo_code,kyori_tekisei,14,4952,72.03,10.79,66.38,False
COURSE_27_09_ダ_短距離,rotation+ls_shisu_juni+joshodo_code,rotation,ls_shisu_juni,joshodo_code,13,2386,72.9,12.0,66.38,False
COURSE_27_09_ダ_短距離,hizume_code+ls_shisu_juni+joshodo_code,hizume_code,ls_shisu_juni,joshodo_code,15,3261,73.35,13.81,66.36,False
COURSE_27_09_ダ_短距離,agari_shisu_juni+kyori_tekisei+kyusha_hyoka_code,agari_shisu_juni,kyori_tekisei,kyusha_hyoka_code,14,3556,71.19,9.25,66.35,False
COURSE_27_09_ダ_短距離,manken_shirushi+ls_shisu_juni+kyori_tekisei,manken_shirushi,ls_shisu_juni,kyori_tekisei,7,1110,74.05,10.4,66.34,False
COURSE_27_09_ダ_短距離,uma_deokure_ritsu+kyakushitsu+da_tekisei_code,uma_deokure_ritsu,kyakushitsu,da_tekisei_code,6,1730,73.62,9.1,66.34,False
COURSE_27_09_ダ_短距離,joken_class_code+omo_tekisei_code+joshodo_code,joken_class_code,omo_tekisei_code,joshodo_code,11,5418,73.74,12.53,66.34,False
COURSE_27_09_ダ_短距離,joken_class_code+uma_start_shisu+kyakushitsu,joken_class_code,uma_start_shisu,kyakushitsu,7,1667,73.05,9.09,66.32,False
COURSE_27_09_ダ_短距離,kyakushitsu+kyori_tekisei+kyusha_hyoka_code,kyakushitsu,kyori_tekisei,kyusha_hyoka_code,12,5679,71.32,8.86,66.31,False
COURSE_27_09_ダ_短距離,joken_class_code+ls_shisu_juni+kyori_tekisei,joken_class_code,ls_shisu_juni,kyori_tekisei,16,3515,72.07,11.78,66.3,False
COURSE_27_09_ダ_短距離,pace_shisu_juni+kyakushitsu+kyori_tekisei,pace_shisu_juni,kyakushitsu,kyori_tekisei,16,2162,71.88,11.41,66.29,False
COURSE_27_09_ダ_短距離,joken_class_code+agari_shisu_juni+kyusha_hyoka_code,joken_class_code,agari_shisu_juni,kyusha_hyoka_code,25,3920,71.24,12.63,66.29,False
COURSE_27_09_ダ_短距離,agari_shisu_juni+joshodo_code+kyori_tekisei,agari_shisu_juni,joshodo_code,kyori_tekisei,14,3705,71.44,9.85,66.28,False
COURSE_27_09_ダ_短距離,uma_deokure_ritsu+hizume_code+da_tekisei_code,uma_deokure_ritsu,hizume_code,da_tekisei_code,5,1106,74.95,9.96,66.22,False
COURSE_27_09_ダ_短距離,pace_yoso+omo_tekisei_code+kijun_ninkijun_tansho,pace_yoso,omo_tekisei_code,kijun_ninkijun_tansho,19,2585,72.8,14.69,66.2,False
COURSE_27_09_ダ_短距離,kishu_minarai_code+joken_class_code+class_code,kishu_minarai_code,joken_class_code,class_code,4,448,73.62,7.58,66.19,False
COURSE_27_09_ダ_短距離,pace_yoso+gekiso_juni+kyusha_hyoka_code,pace_yoso,gekiso_juni,kyusha_hyoka_code,24,5105,70.83,11.67,66.16,False
COURSE_27_09_ダ_短距離,rotation+uma_start_shisu+kyusha_hyoka_code,rotation,uma_start_shisu,kyusha_hyoka_code,4,1213,73.11,7.15,66.11,False
COURSE_27_09_ダ_短距離,uma_start_shisu+joshodo_code+gekiso_juni,uma_start_shisu,joshodo_code,gekiso_juni,12,1794,73.79,13.6,66.1,False
COURSE_27_09_ダ_短距離,rotation+joshodo_code+gekiso_juni,rotation,joshodo_code,gekiso_juni,5,555,74.78,9.91,66.1,False
COURSE_27_09_ダ_短距離,uma_start_shisu+ten_shisu_juni+kyusha_hyoka_code,uma_start_shisu,ten_shisu_juni,kyusha_hyoka_code,11,1652,73.01,11.76,66.07,False
COURSE_27_09_ダ_短距離,joshodo_code+kijun_ninkijun_tansho+gekiso_juni,joshodo_code,kijun_ninkijun_tansho,gekiso_juni,3,379,79.9,12.27,66.02,False
COURSE_27_09_ダ_短距離,uma_start_shisu+joshodo_code+ten_shisu_juni,uma_start_shisu,joshodo_code,ten_shisu_juni,11,1700,72.87,11.69,65.96,False
COURSE_27_09_ダ_短距離,uma_deokure_ritsu+ichi_shisu_juni+joshodo_code,uma_deokure_ritsu,ichi_shisu_juni,joshodo_code,9,1723,72.3,9.71,65.96,False
COURSE_27_09_ダ_短距離,ls_shisu_juni+da_tekisei_code+kyusha_hyoka_code,ls_shisu_juni,da_tekisei_code,kyusha_hyoka_code,14,4487,71.16,9.92,65.96,False
COURSE_27_09_ダ_短距離,ichi_shisu_juni+pace_shisu_juni+kyusha_hyoka_code,ichi_shisu_juni,pace_shisu_juni,kyusha_hyoka_code,4,539,83.63,18.07,65.92,False
COURSE_27_09_ダ_短距離,uma_deokure_ritsu+ls_shisu_juni+da_tekisei_code,uma_deokure_ritsu,ls_shisu_juni,da_tekisei_code,5,1105,77.39,13.09,65.91,False
COURSE_27_09_ダ_短距離,rotation+ls_shisu_juni+kyusha_hyoka_code,rotation,ls_shisu_juni,kyusha_hyoka_code,12,2246,71.81,10.42,65.91,False
COURSE_27_09_ダ_短距離,uma_start_shisu+kyori_tekisei+kyusha_hyoka_code,uma_start_shisu,kyori_tekisei,kyusha_hyoka_code,12,3698,72.72,12.06,65.9,False
COURSE_27_09_ダ_短距離,hizume_code+da_tekisei_code+joho_shisu,hizume_code,da_tekisei_code,joho_shisu,5,921,77.99,13.8,65.89,False
COURSE_27_09_ダ_短距離,joken_class_code+hizume_code+joshodo_code,joken_class_code,hizume_code,joshodo_code,16,4156,71.23,10.9,65.88,False
COURSE_27_09_ダ_短距離,uma_deokure_ritsu+agari_shisu_juni+kyusha_hyoka_code,uma_deokure_ritsu,agari_shisu_juni,kyusha_hyoka_code,13,1719,71.0,9.42,65.88,False
COURSE_27_09_ダ_短距離,pace_yoso+agari_shisu_juni+kyori_tekisei,pace_yoso,agari_shisu_juni,kyori_tekisei,14,2916,71.23,10.27,65.85,False
COURSE_27_09_ダ_短距離,uma_deokure_ritsu+pace_shisu_juni+kyusha_hyoka_code,uma_deokure_ritsu,pace_shisu_juni,kyusha_hyoka_code,10,1625,72.03,10.05,65.8,False
COURSE_27_09_ダ_短距離,joken_class_code+uma_deokure_ritsu+kyakushitsu,joken_class_code,uma_deokure_ritsu,kyakushitsu,8,1937,70.91,7.44,65.75,False
COURSE_27_09_ダ_短距離,uma_deokure_ritsu+ichi_shisu_juni+kyusha_hyoka_code,uma_deokure_ritsu,ichi_shisu_juni,kyusha_hyoka_code,9,1640,72.48,10.3,65.75,False
COURSE_27_09_ダ_短距離,rotation+hizume_code+da_tekisei_code,rotation,hizume_code,da_tekisei_code,7,1129,76.09,13.99,65.73,False
COURSE_27_09_ダ_短距離,uma_deokure_ritsu+class_code+kyakushitsu,uma_deokure_ritsu,class_code,kyakushitsu,6,1222,71.99,7.84,65.72,False
COURSE_27_09_ダ_短距離,uma_deokure_ritsu+manken_shirushi+joshodo_code,uma_deokure_ritsu,manken_shirushi,joshodo_code,8,1339,75.14,13.62,65.71,False
COURSE_27_09_ダ_短距離,pace_yoso+kyori_tekisei+kyusha_hyoka_code,pace_yoso,kyori_tekisei,kyusha_hyoka_code,9,5884,72.39,10.33,65.64,False
COURSE_27_09_ダ_短距離,class_code+da_tekisei_code+gekiso_juni,class_code,da_tekisei_code,gekiso_juni,6,672,75.4,12.25,65.59,False
COURSE_27_09_ダ_短距離,class_code+ls_shisu_juni+da_tekisei_code,class_code,ls_shisu_juni,da_tekisei_code,9,2160,71.96,9.76,65.58,False
COURSE_27_09_ダ_短距離,uma_start_shisu+pace_shisu_juni+joshodo_code,uma_start_shisu,pace_shisu_juni,joshodo_code,11,1703,73.62,13.6,65.58,False
COURSE_27_09_ダ_短距離,uma_deokure_ritsu+pace_shisu_juni+joshodo_code,uma_deokure_ritsu,pace_shisu_juni,joshodo_code,10,1695,71.77,10.05,65.54,False
COURSE_27_09_ダ_短距離,uma_start_shisu+agari_shisu_juni+joshodo_code,uma_start_shisu,agari_shisu_juni,joshodo_code,13,1779,71.4,10.82,65.52,False
COURSE_27_09_ダ_短距離,uma_deokure_ritsu+hizume_code+kyakushitsu,uma_deokure_ritsu,hizume_code,kyakushitsu,5,1046,73.06,8.68,65.45,False
COURSE_27_09_ダ_短距離,rotation+class_code+hizume_code,rotation,class_code,hizume_code,3,353,76.12,9.43,65.45,False
COURSE_27_09_ダ_短距離,uma_deokure_ritsu+uma_start_shisu+pace_shisu_juni,uma_deokure_ritsu,uma_start_shisu,pace_shisu_juni,5,576,74.23,10.02,65.45,False
COURSE_27_09_ダ_短距離,joken_class_code+uma_start_shisu+kijun_ninkijun_tansho,joken_class_code,uma_start_shisu,kijun_ninkijun_tansho,3,316,77.75,10.89,65.44,False
COURSE_27_09_ダ_短距離,ls_shisu_juni+joshodo_code+da_tekisei_code,ls_shisu_juni,joshodo_code,da_tekisei_code,14,4634,70.71,10.09,65.43,False
COURSE_27_09_ダ_短距離,rotation+joken_class_code+uma_start_shisu,rotation,joken_class_code,uma_start_shisu,5,870,73.72,9.47,65.42,False
COURSE_27_09_ダ_短距離,class_code+kyori_tekisei+gekiso_juni,class_code,kyori_tekisei,gekiso_juni,10,1103,74.31,14.38,65.4,False
COURSE_27_09_ダ_短距離,uma_start_shisu+joshodo_code+kyori_tekisei,uma_start_shisu,joshodo_code,kyori_tekisei,13,3940,72.12,12.4,65.38,False
COURSE_27_09_ダ_短距離,rotation+da_tekisei_code+kijun_ninkijun_tansho,rotation,da_tekisei_code,kijun_ninkijun_tansho,4,445,79.08,13.98,65.38,False
COURSE_27_09_ダ_短距離,kishu_minarai_code+kyakushitsu+joshodo_code,kishu_minarai_code,kyakushitsu,joshodo_code,4,499,75.61,10.48,65.34,False
COURSE_27_09_ダ_短距離,omo_tekisei_code+uma_deokure_ritsu+da_tekisei_code,omo_tekisei_code,uma_deokure_ritsu,da_tekisei_code,5,1722,73.2,9.0,65.31,False
COURSE_27_09_ダ_短距離,rotation+ichi_shisu_juni+kyusha_hyoka_code,rotation,ichi_shisu_juni,kyusha_hyoka_code,4,431,70.55,5.39,65.27,False
COURSE_27_09_ダ_短距離,pace_yoso+pace_shisu_juni+kyakushitsu,pace_yoso,pace_shisu_juni,kyakushitsu,17,2369,71.26,12.66,65.24,False
COURSE_27_09_ダ_短距離,uma_deokure_ritsu+pace_shisu_juni+kyakushitsu,uma_deokure_ritsu,pace_shisu_juni,kyakushitsu,6,695,75.12,12.36,65.23,False
COURSE_27_09_ダ_短距離,pace_yoso+uma_start_shisu+ls_shisu_juni,pace_yoso,uma_start_shisu,ls_shisu_juni,12,2134,72.42,12.72,65.23,False
COURSE_27_09_ダ_短距離,pace_yoso+manken_shisu+kyori_tekisei,pace_yoso,manken_shisu,kyori_tekisei,8,927,74.8,13.82,65.22,False
COURSE_27_09_ダ_短距離,ls_shisu_juni+ichi_shisu_juni+da_tekisei_code,ls_shisu_juni,ichi_shisu_juni,da_tekisei_code,7,735,75.23,13.53,65.21,False
COURSE_27_09_ダ_短距離,omo_tekisei_code+uma_deokure_ritsu+kijun_ninkijun_tansho,omo_tekisei_code,uma_deokure_ritsu,kijun_ninkijun_tansho,4,441,72.61,7.55,65.21,False
COURSE_27_09_ダ_短距離,uma_start_shisu+pace_shisu_juni+kyusha_hyoka_code,uma_start_shisu,pace_shisu_juni,kyusha_hyoka_code,11,1649,73.62,14.33,65.15,False
COURSE_27_09_ダ_短距離,joshodo_code+kishu_shisu+kyusha_hyoka_code,joshodo_code,kishu_shisu,kyusha_hyoka_code,17,4482,72.59,15.65,65.14,False
COURSE_27_09_ダ_短距離,omo_tekisei_code+hizume_code+joho_shisu,omo_tekisei_code,hizume_code,joho_shisu,7,1025,71.69,8.85,65.14,False
COURSE_27_09_ダ_短距離,kishu_shisu+da_tekisei_code+kyusha_hyoka_code,kishu_shisu,da_tekisei_code,kyusha_hyoka_code,15,2935,71.39,12.37,65.13,False
COURSE_27_09_ダ_短距離,ls_shisu_juni+kyakushitsu+kyori_tekisei,ls_shisu_juni,kyakushitsu,kyori_tekisei,15,3343,71.38,12.41,65.1,False
COURSE_27_09_ダ_短距離,pace_yoso+manken_shirushi+uma_start_shisu,pace_yoso,manken_shirushi,uma_start_shisu,8,907,76.12,15.92,65.09,False
COURSE_27_09_ダ_短距離,uma_deokure_ritsu+hizume_code+joshodo_code,uma_deokure_ritsu,hizume_code,joshodo_code,8,1983,77.31,17.75,65.01,False
COURSE_27_09_ダ_短距離,ls_shisu_juni+joshodo_code+kyusha_hyoka_code,ls_shisu_juni,joshodo_code,kyusha_hyoka_code,9,5314,71.1,9.34,65.0,False
COURSE_27_09_ダ_短距離,joken_class_code+uma_start_shisu+ls_shisu_juni,joken_class_code,uma_start_shisu,ls_shisu_juni,3,779,68.1,2.79,64.94,False
COURSE_27_09_ダ_短距離,joken_class_code+uma_start_shisu+hizume_code,joken_class_code,uma_start_shisu,hizume_code,4,918,76.06,11.36,64.93,False
COURSE_27_09_ダ_短距離,pace_yoso+uma_start_shisu+pace_shisu_juni,pace_yoso,uma_start_shisu,pace_shisu_juni,10,1163,74.94,16.18,64.91,False
COURSE_27_09_ダ_短距離,joken_class_code+omo_tekisei_code+kijun_ninkijun_tansho,joken_class_code,omo_tekisei_code,kijun_ninkijun_tansho,7,924,74.2,12.54,64.9,False
COURSE_27_09_ダ_短距離,pace_yoso+class_code+pace_shisu_juni,pace_yoso,class_code,pace_shisu_juni,6,632,72.89,10.01,64.88,False
COURSE_27_09_ダ_短距離,pace_yoso+omo_tekisei_code+ten_shisu_juni,pace_yoso,omo_tekisei_code,ten_shisu_juni,18,2144,72.32,16.11,64.88,False
COURSE_27_09_ダ_短距離,pace_yoso+class_code+uma_start_shisu,pace_yoso,class_code,uma_start_shisu,10,1946,70.56,9.24,64.83,False
COURSE_27_09_ダ_短距離,pace_yoso+kyori_tekisei+da_tekisei_code,pace_yoso,kyori_tekisei,da_tekisei_code,9,4664,71.3,10.02,64.76,False
COURSE_27_09_ダ_短距離,pace_yoso+omo_tekisei_code+uma_deokure_ritsu,pace_yoso,omo_tekisei_code,uma_deokure_ritsu,5,1938,71.04,7.27,64.67,False
COURSE_27_09_ダ_短距離,uma_start_shisu+agari_shisu_juni+kyori_tekisei,uma_start_shisu,agari_shisu_juni,kyori_tekisei,7,801,72.73,10.89,64.66,False
COURSE_27_09_ダ_短距離,kishu_minarai_code+da_tekisei_code+kyusha_hyoka_code,kishu_minarai_code,da_tekisei_code,kyusha_hyoka_code,4,631,73.53,9.11,64.61,False
COURSE_27_09_ダ_短距離,class_code+uma_start_shisu+kyusha_hyoka_code,class_code,uma_start_shisu,kyusha_hyoka_code,9,2150,70.81,9.5,64.6,False
COURSE_27_09_ダ_短距離,pace_yoso+manken_shisu+kyusha_hyoka_code,pace_yoso,manken_shisu,kyusha_hyoka_code,18,2188,72.24,16.54,64.6,False
COURSE_27_09_ダ_短距離,ls_shisu_juni+ichi_shisu_juni+kyori_tekisei,ls_shisu_juni,ichi_shisu_juni,kyori_tekisei,13,1651,70.3,10.47,64.6,False
COURSE_27_09_ダ_短距離,joken_class_code+uma_deokure_ritsu+manken_shirushi,joken_class_code,uma_deokure_ritsu,manken_shirushi,3,326,73.91,8.28,64.54,False
COURSE_27_09_ダ_短距離,joken_class_code+class_code+uma_start_shisu,joken_class_code,class_code,uma_start_shisu,9,2226,70.99,9.86,64.54,False
COURSE_27_09_ダ_短距離,pace_yoso+uma_start_shisu+kyusha_hyoka_code,pace_yoso,uma_start_shisu,kyusha_hyoka_code,12,3953,71.2,11.84,64.5,False
COURSE_27_09_ダ_短距離,joshodo_code+kishu_shisu+da_tekisei_code,joshodo_code,kishu_shisu,da_tekisei_code,15,2911,70.92,12.86,64.42,False
COURSE_27_09_ダ_短距離,hizume_code+ls_shisu_juni+kyori_tekisei,hizume_code,ls_shisu_juni,kyori_tekisei,11,2127,71.68,12.36,64.38,False
COURSE_27_09_ダ_短距離,omo_tekisei_code+uma_deokure_ritsu+ichi_shisu_juni,omo_tekisei_code,uma_deokure_ritsu,ichi_shisu_juni,4,490,74.75,10.6,64.36,False
COURSE_27_09_ダ_短距離,uma_deokure_ritsu+manken_shirushi+kyusha_hyoka_code,uma_deokure_ritsu,manken_shirushi,kyusha_hyoka_code,8,1260,74.02,13.94,64.36,False
COURSE_27_09_ダ_短距離,kishu_minarai_code+class_code+joshodo_code,kishu_minarai_code,class_code,joshodo_code,3,336,74.28,8.83,64.29,False
COURSE_27_09_ダ_短距離,uma_deokure_ritsu+kyori_tekisei+ten_shisu_juni,uma_deokure_ritsu,kyori_tekisei,ten_shisu_juni,6,823,75.83,14.43,64.28,False
COURSE_27_09_ダ_短距離,pace_yoso+kishu_shisu+kyori_tekisei,pace_yoso,kishu_shisu,kyori_tekisei,14,2433,71.87,14.57,64.24,False
COURSE_27_09_ダ_短距離,kishu_minarai_code+kyakushitsu+kyusha_hyoka_code,kishu_minarai_code,kyakushitsu,kyusha_hyoka_code,4,490,74.51,10.51,64.22,False
COURSE_27_09_ダ_短距離,ls_shisu_juni+joshodo_code+kijun_ninkijun_tansho,ls_shisu_juni,joshodo_code,kijun_ninkijun_tansho,13,2566,69.46,9.66,64.2,False
COURSE_27_09_ダ_短距離,ls_shisu_juni+da_tekisei_code+gekiso_juni,ls_shisu_juni,da_tekisei_code,gekiso_juni,7,804,73.62,12.85,64.1,False
COURSE_27_09_ダ_短距離,pace_yoso+manken_shisu+joshodo_code,pace_yoso,manken_shisu,joshodo_code,19,2368,71.34,16.19,64.06,False
COURSE_27_09_ダ_短距離,pace_yoso+uma_deokure_ritsu+kyakushitsu,pace_yoso,uma_deokure_ritsu,kyakushitsu,6,1945,70.85,8.58,63.99,False
COURSE_27_09_ダ_短距離,joken_class_code+class_code+kijun_ninkijun_tansho,joken_class_code,class_code,kijun_ninkijun_tansho,18,2392,72.75,18.95,63.99,False
COURSE_27_09_ダ_短距離,joken_class_code+joshodo_code+kijun_ninkijun_tansho,joken_class_code,joshodo_code,kijun_ninkijun_tansho,21,3611,69.97,14.13,63.93,False
COURSE_27_09_ダ_短距離,class_code+uma_start_shisu+joshodo_code,class_code,uma_start_shisu,joshodo_code,9,2163,70.34,9.82,63.92,False
COURSE_27_09_ダ_短距離,ls_shisu_juni+kyakushitsu+ten_shisu_juni,ls_shisu_juni,kyakushitsu,ten_shisu_juni,3,317,82.99,16.86,63.91,False
COURSE_27_09_ダ_短距離,uma_deokure_ritsu+agari_shisu_juni+joshodo_code,uma_deokure_ritsu,agari_shisu_juni,joshodo_code,14,1907,69.58,10.89,63.88,False
COURSE_27_09_ダ_短距離,class_code+da_tekisei_code+kijun_ninkijun_tansho,class_code,da_tekisei_code,kijun_ninkijun_tansho,11,1255,74.66,18.41,63.78,False
COURSE_27_09_ダ_短距離,omo_tekisei_code+joshodo_code+kishu_shisu,omo_tekisei_code,joshodo_code,kishu_shisu,13,2413,69.49,10.56,63.74,False
COURSE_27_09_ダ_短距離,uma_deokure_ritsu+class_code+hizume_code,uma_deokure_ritsu,class_code,hizume_code,4,729,72.86,9.34,63.72,False
COURSE_27_09_ダ_短距離,class_code+joshodo_code+kijun_ninkijun_tansho,class_code,joshodo_code,kijun_ninkijun_tansho,18,2321,72.47,19.06,63.66,False
COURSE_27_09_ダ_短距離,omo_tekisei_code+kishu_shisu+kyusha_hyoka_code,omo_tekisei_code,kishu_shisu,kyusha_hyoka_code,13,2423,69.48,10.74,63.64,False
COURSE_27_09_ダ_短距離,ls_shisu_juni+kyori_tekisei+kijun_ninkijun_tansho,ls_shisu_juni,kyori_tekisei,kijun_ninkijun_tansho,11,1729,69.65,10.24,63.6,False
COURSE_27_09_ダ_短距離,pace_yoso+da_tekisei_code+kijun_ninkijun_tansho,pace_yoso,da_tekisei_code,kijun_ninkijun_tansho,14,2835,71.93,16.02,63.54,False
COURSE_27_09_ダ_短距離,omo_tekisei_code+uma_deokure_ritsu+ls_shisu_juni,omo_tekisei_code,uma_deokure_ritsu,ls_shisu_juni,5,1053,74.93,13.0,63.54,False
COURSE_27_09_ダ_短距離,rotation+omo_tekisei_code+kyori_tekisei,rotation,omo_tekisei_code,kyori_tekisei,11,2410,71.72,13.85,63.53,False
COURSE_27_09_ダ_短距離,omo_tekisei_code+class_code+uma_start_shisu,omo_tekisei_code,class_code,uma_start_shisu,7,1459,70.48,9.44,63.48,False
COURSE_27_09_ダ_短距離,rotation+omo_tekisei_code+class_code,rotation,omo_tekisei_code,class_code,9,1269,72.02,13.08,63.47,False
COURSE_27_09_ダ_短距離,omo_tekisei_code+uma_deokure_ritsu+kyakushitsu,omo_tekisei_code,uma_deokure_ritsu,kyakushitsu,8,1932,70.99,10.92,63.42,False
COURSE_27_09_ダ_短距離,uma_deokure_ritsu+gekiso_juni+kyusha_hyoka_code,uma_deokure_ritsu,gekiso_juni,kyusha_hyoka_code,11,1654,73.84,17.65,63.41,False
COURSE_27_09_ダ_短距離,joken_class_code+uma_start_shisu+kyori_tekisei,joken_class_code,uma_start_shisu,kyori_tekisei,10,2237,71.98,13.9,63.36,False
COURSE_27_09_ダ_短距離,manken_shirushi+ls_shisu_juni+joshodo_code,manken_shirushi,ls_shisu_juni,joshodo_code,8,1447,71.26,11.42,63.34,False
COURSE_27_09_ダ_短距離,uma_deokure_ritsu+ten_shisu_juni+kyusha_hyoka_code,uma_deokure_ritsu,ten_shisu_juni,kyusha_hyoka_code,9,1541,72.23,13.64,63.32,False
COURSE_27_09_ダ_短距離,rotation+omo_tekisei_code+uma_deokure_ritsu,rotation,omo_tekisei_code,uma_deokure_ritsu,6,959,70.1,8.66,63.17,False
COURSE_27_09_ダ_短距離,joken_class_code+uma_deokure_ritsu+hizume_code,joken_class_code,uma_deokure_ritsu,hizume_code,4,1039,72.38,9.45,63.12,False
COURSE_27_09_ダ_短距離,joken_class_code+hizume_code+ls_shisu_juni,joken_class_code,hizume_code,ls_shisu_juni,7,1258,70.82,10.42,63.1,False
COURSE_27_09_ダ_短距離,rotation+kyori_tekisei+kijun_ninkijun_tansho,rotation,kyori_tekisei,kijun_ninkijun_tansho,3,323,75.02,10.58,63.05,False
COURSE_27_09_ダ_短距離,ls_shisu_juni+joshodo_code+gekiso_juni,ls_shisu_juni,joshodo_code,gekiso_juni,15,2351,70.73,15.26,63.01,False
COURSE_27_09_ダ_短距離,kishu_minarai_code+joken_class_code+kyusha_hyoka_code,kishu_minarai_code,joken_class_code,kyusha_hyoka_code,4,654,72.19,9.4,62.97,False
COURSE_27_09_ダ_短距離,manken_shirushi+ls_shisu_juni+kyusha_hyoka_code,manken_shirushi,ls_shisu_juni,kyusha_hyoka_code,8,1548,71.01,11.63,62.95,False
COURSE_27_09_ダ_短距離,pace_yoso+uma_start_shisu+agari_shisu_juni,pace_yoso,uma_start_shisu,agari_shisu_juni,8,862,71.98,13.04,62.94,False
COURSE_27_09_ダ_短距離,class_code+kyori_tekisei+kijun_ninkijun_tansho,class_code,kyori_tekisei,kijun_ninkijun_tansho,4,433,75.61,12.95,62.92,False
COURSE_27_09_ダ_短距離,pace_yoso+uma_deokure_ritsu+hizume_code,pace_yoso,uma_deokure_ritsu,hizume_code,7,1472,69.99,9.59,62.89,False
COURSE_27_09_ダ_短距離,rotation+uma_start_shisu+da_tekisei_code,rotation,uma_start_shisu,da_tekisei_code,5,943,73.32,11.91,62.88,False
COURSE_27_09_ダ_短距離,pace_yoso+class_code+ls_shisu_juni,pace_yoso,class_code,ls_shisu_juni,9,2166,71.81,13.68,62.87,False
COURSE_27_09_ダ_短距離,pace_yoso+uma_deokure_ritsu+gekiso_juni,pace_yoso,uma_deokure_ritsu,gekiso_juni,7,853,72.78,13.38,62.86,False
COURSE_27_09_ダ_短距離,kishu_minarai_code+joken_class_code+joshodo_code,kishu_minarai_code,joken_class_code,joshodo_code,4,607,73.06,10.48,62.78,False
COURSE_27_09_ダ_短距離,class_code+ls_shisu_juni+kyakushitsu,class_code,ls_shisu_juni,kyakushitsu,7,1309,71.12,11.26,62.77,False
COURSE_27_09_ダ_短距離,joken_class_code+ls_shisu_juni+kyakushitsu,joken_class_code,ls_shisu_juni,kyakushitsu,11,2210,69.81,11.94,62.76,False
COURSE_27_09_ダ_短距離,uma_deokure_ritsu+kyori_tekisei+gekiso_juni,uma_deokure_ritsu,kyori_tekisei,gekiso_juni,7,1038,72.68,13.48,62.69,False
COURSE_27_09_ダ_短距離,class_code+uma_start_shisu+kyori_tekisei,class_code,uma_start_shisu,kyori_tekisei,6,1340,76.35,17.08,62.68,False
COURSE_27_09_ダ_短距離,pace_yoso+uma_start_shisu+kijun_ninkijun_tansho,pace_yoso,uma_start_shisu,kijun_ninkijun_tansho,8,1053,73.8,16.08,62.66,False
COURSE_27_09_ダ_短距離,rotation+uma_start_shisu+kyakushitsu,rotation,uma_start_shisu,kyakushitsu,5,815,73.16,12.01,62.63,False
COURSE_27_09_ダ_短距離,pace_yoso+uma_deokure_ritsu+kijun_ninkijun_tansho,pace_yoso,uma_deokure_ritsu,kijun_ninkijun_tansho,8,1020,73.82,16.15,62.63,False
COURSE_27_09_ダ_短距離,joken_class_code+uma_deokure_ritsu+kyori_tekisei,joken_class_code,uma_deokure_ritsu,kyori_tekisei,7,1983,71.31,11.82,62.55,False
COURSE_27_09_ダ_短距離,joken_class_code+omo_tekisei_code+pace_shisu_juni,joken_class_code,omo_tekisei_code,pace_shisu_juni,4,432,72.9,10.62,62.5,False
COURSE_27_09_ダ_短距離,rotation+ls_shisu_juni+da_tekisei_code,rotation,ls_shisu_juni,da_tekisei_code,7,1218,69.01,8.79,62.5,False
COURSE_27_09_ダ_短距離,pace_yoso+ls_shisu_juni+kyori_tekisei,pace_yoso,ls_shisu_juni,kyori_tekisei,13,4138,70.11,14.0,62.5,False
COURSE_27_09_ダ_短距離,ls_shisu_juni+ichi_shisu_juni+joshodo_code,ls_shisu_juni,ichi_shisu_juni,joshodo_code,14,2313,68.59,11.65,62.49,False
COURSE_27_09_ダ_短距離,joken_class_code+kijun_ninkijun_tansho+kyusha_hyoka_code,joken_class_code,kijun_ninkijun_tansho,kyusha_hyoka_code,21,3877,68.91,15.04,62.48,False
COURSE_27_09_ダ_短距離,uma_deokure_ritsu+ls_shisu_juni+joshodo_code,uma_deokure_ritsu,ls_shisu_juni,joshodo_code,10,2262,73.29,17.46,62.47,False
COURSE_27_09_ダ_短距離,uma_deokure_ritsu+joshodo_code+gekiso_juni,uma_deokure_ritsu,joshodo_code,gekiso_juni,11,1753,72.69,17.39,62.41,False
COURSE_27_09_ダ_短距離,joshodo_code+kishu_shisu+kyori_tekisei,joshodo_code,kishu_shisu,kyori_tekisei,16,3215,70.02,15.72,62.32,False
COURSE_27_09_ダ_短距離,uma_deokure_ritsu+joshodo_code+ten_shisu_juni,uma_deokure_ritsu,joshodo_code,ten_shisu_juni,9,1614,71.69,14.36,62.31,False
COURSE_27_09_ダ_短距離,pace_yoso+manken_shisu+da_tekisei_code,pace_yoso,manken_shisu,da_tekisei_code,6,667,76.02,17.16,62.29,False
COURSE_27_09_ダ_短距離,class_code+uma_start_shisu+da_tekisei_code,class_code,uma_start_shisu,da_tekisei_code,6,1488,70.23,9.98,62.25,False
COURSE_27_09_ダ_短距離,ls_shisu_juni+agari_shisu_juni+kyusha_hyoka_code,ls_shisu_juni,agari_shisu_juni,kyusha_hyoka_code,15,2525,67.68,10.81,62.21,False
COURSE_27_09_ダ_短距離,omo_tekisei_code+uma_deokure_ritsu+hizume_code,omo_tekisei_code,uma_deokure_ritsu,hizume_code,7,1299,70.91,11.84,62.14,False
COURSE_27_09_ダ_短距離,class_code+hizume_code+joho_shisu,class_code,hizume_code,joho_shisu,4,521,76.09,14.25,62.13,False
COURSE_27_09_ダ_短距離,ls_shisu_juni+agari_shisu_juni+joshodo_code,ls_shisu_juni,agari_shisu_juni,joshodo_code,15,2314,69.14,14.01,62.05,False
COURSE_27_09_ダ_短距離,omo_tekisei_code+uma_deokure_ritsu+kyori_tekisei,omo_tekisei_code,uma_deokure_ritsu,kyori_tekisei,6,1866,71.12,11.39,62.01,False
COURSE_27_09_ダ_短距離,uma_deokure_ritsu+manken_shirushi+uma_start_shisu,uma_deokure_ritsu,manken_shirushi,uma_start_shisu,4,417,72.88,11.11,61.99,False
COURSE_27_09_ダ_短距離,joken_class_code+omo_tekisei_code+agari_shisu_juni,joken_class_code,omo_tekisei_code,agari_shisu_juni,5,571,74.61,14.48,61.92,False
COURSE_27_09_ダ_短距離,class_code+kijun_ninkijun_tansho+kyusha_hyoka_code,class_code,kijun_ninkijun_tansho,kyusha_hyoka_code,17,2201,71.38,19.92,61.9,False
COURSE_27_09_ダ_短距離,uma_deokure_ritsu+kyori_tekisei+kijun_ninkijun_tansho,uma_deokure_ritsu,kyori_tekisei,kijun_ninkijun_tansho,7,957,71.59,13.22,61.8,False
COURSE_27_09_ダ_短距離,rotation+omo_tekisei_code+uma_start_shisu,rotation,omo_tekisei_code,uma_start_shisu,7,1004,70.73,12.14,61.73,False
COURSE_27_09_ダ_短距離,ls_shisu_juni+ichi_shisu_juni+kyusha_hyoka_code,ls_shisu_juni,ichi_shisu_juni,kyusha_hyoka_code,13,2365,67.97,11.48,61.73,False
COURSE_27_09_ダ_短距離,joken_class_code+da_tekisei_code+kijun_ninkijun_tansho,joken_class_code,da_tekisei_code,kijun_ninkijun_tansho,16,2159,70.95,18.95,61.67,False
COURSE_27_09_ダ_短距離,omo_tekisei_code+uma_start_shisu+hizume_code,omo_tekisei_code,uma_start_shisu,hizume_code,8,1379,74.4,18.39,61.65,False
COURSE_27_09_ダ_短距離,omo_tekisei_code+kyakushitsu+kijun_ninkijun_tansho,omo_tekisei_code,kyakushitsu,kijun_ninkijun_tansho,3,326,71.4,8.65,61.62,False
COURSE_27_09_ダ_短距離,rotation+kijun_ninkijun_tansho+kyusha_hyoka_code,rotation,kijun_ninkijun_tansho,kyusha_hyoka_code,9,1009,69.78,12.58,61.57,False
COURSE_27_09_ダ_短距離,ls_shisu_juni+kijun_ninkijun_tansho+kyusha_hyoka_code,ls_shisu_juni,kijun_ninkijun_tansho,kyusha_hyoka_code,13,2703,69.04,13.74,61.57,False
COURSE_27_09_ダ_短距離,rotation+omo_tekisei_code+joho_shisu,rotation,omo_tekisei_code,joho_shisu,4,460,64.85,3.41,61.5,False
COURSE_27_09_ダ_短距離,pace_yoso+hizume_code+ls_shisu_juni,pace_yoso,hizume_code,ls_shisu_juni,11,2235,69.25,13.16,61.48,False
COURSE_27_09_ダ_短距離,uma_deokure_ritsu+class_code+uma_start_shisu,uma_deokure_ritsu,class_code,uma_start_shisu,3,955,67.34,5.24,61.41,False
COURSE_27_09_ダ_短距離,rotation+uma_deokure_ritsu+uma_start_shisu,rotation,uma_deokure_ritsu,uma_start_shisu,3,702,77.23,13.99,61.39,False
COURSE_27_09_ダ_短距離,uma_start_shisu+joshodo_code+joho_shisu,uma_start_shisu,joshodo_code,joho_shisu,6,1279,68.53,9.04,61.3,False
COURSE_27_09_ダ_短距離,uma_start_shisu+kijun_ninkijun_tansho+kyusha_hyoka_code,uma_start_shisu,kijun_ninkijun_tansho,kyusha_hyoka_code,10,1646,70.79,15.64,61.09,False
COURSE_27_09_ダ_短距離,pace_yoso+uma_deokure_ritsu+ten_shisu_juni,pace_yoso,uma_deokure_ritsu,ten_shisu_juni,6,832,74.84,17.24,61.04,False
COURSE_27_09_ダ_短距離,omo_tekisei_code+ls_shisu_juni+kyakushitsu,omo_tekisei_code,ls_shisu_juni,kyakushitsu,12,2457,68.98,14.35,60.86,False
COURSE_27_09_ダ_短距離,joken_class_code+ls_shisu_juni+kijun_ninkijun_tansho,joken_class_code,ls_shisu_juni,kijun_ninkijun_tansho,6,763,72.35,14.61,60.66,False
COURSE_27_09_ダ_短距離,rotation+uma_deokure_ritsu+da_tekisei_code,rotation,uma_deokure_ritsu,da_tekisei_code,5,927,73.86,15.06,60.66,False
COURSE_27_09_ダ_短距離,uma_deokure_ritsu+ls_shisu_juni+kyusha_hyoka_code,uma_deokure_ritsu,ls_shisu_juni,kyusha_hyoka_code,9,2066,70.38,15.13,60.49,False
COURSE_27_09_ダ_短距離,kyakushitsu+joshodo_code+kishu_shisu,kyakushitsu,joshodo_code,kishu_shisu,11,2006,66.63,10.41,60.48,False
COURSE_27_09_ダ_短距離,kyakushitsu+kishu_shisu+kyusha_hyoka_code,kyakushitsu,kishu_shisu,kyusha_hyoka_code,12,2109,67.22,12.13,60.36,False
COURSE_27_09_ダ_短距離,pace_yoso+uma_deokure_ritsu+class_code,pace_yoso,uma_deokure_ritsu,class_code,6,1525,69.52,11.46,60.35,False
COURSE_27_09_ダ_短距離,pace_yoso+kishu_shisu+kyusha_hyoka_code,pace_yoso,kishu_shisu,kyusha_hyoka_code,16,3750,67.13,13.88,60.33,False
COURSE_27_09_ダ_短距離,kishu_shisu+kyori_tekisei+da_tekisei_code,kishu_shisu,kyori_tekisei,da_tekisei_code,11,1838,70.94,18.02,60.29,False
COURSE_27_09_ダ_短距離,ls_shisu_juni+pace_shisu_juni+joshodo_code,ls_shisu_juni,pace_shisu_juni,joshodo_code,14,2249,67.46,13.72,60.28,False
COURSE_27_09_ダ_短距離,uma_deokure_ritsu+hizume_code+kyusha_hyoka_code,uma_deokure_ritsu,hizume_code,kyusha_hyoka_code,7,1791,74.18,18.84,60.23,False
COURSE_27_09_ダ_短距離,pace_yoso+joshodo_code+kishu_shisu,pace_yoso,joshodo_code,kishu_shisu,15,3468,67.72,14.86,60.2,False
COURSE_27_09_ダ_短距離,ls_shisu_juni+pace_shisu_juni+da_tekisei_code,ls_shisu_juni,pace_shisu_juni,da_tekisei_code,7,733,75.63,20.87,60.17,False
COURSE_27_09_ダ_短距離,uma_start_shisu+joshodo_code+kijun_ninkijun_tansho,uma_start_shisu,joshodo_code,kijun_ninkijun_tansho,10,1702,69.84,15.76,60.07,False
COURSE_27_09_ダ_短距離,omo_tekisei_code+da_tekisei_code+joho_shisu,omo_tekisei_code,da_tekisei_code,joho_shisu,6,1611,73.34,16.6,60.05,False
COURSE_27_09_ダ_短距離,ls_shisu_juni+ten_shisu_juni+kyusha_hyoka_code,ls_shisu_juni,ten_shisu_juni,kyusha_hyoka_code,14,2465,68.17,15.63,59.98,False
COURSE_27_09_ダ_短距離,class_code+ls_shisu_juni+kyori_tekisei,class_code,ls_shisu_juni,kyori_tekisei,8,1862,68.64,12.79,59.78,False
COURSE_27_09_ダ_短距離,hizume_code+ls_shisu_juni+kyakushitsu,hizume_code,ls_shisu_juni,kyakushitsu,7,1253,68.58,11.93,59.75,False
COURSE_27_09_ダ_短距離,ls_shisu_juni+joshodo_code+ten_shisu_juni,ls_shisu_juni,joshodo_code,ten_shisu_juni,13,2152,67.68,14.75,59.66,False
COURSE_27_09_ダ_短距離,pace_yoso+class_code+gekiso_juni,pace_yoso,class_code,gekiso_juni,6,636,73.14,16.95,59.58,False
COURSE_27_09_ダ_短距離,uma_deokure_ritsu+uma_start_shisu+kyakushitsu,uma_deokure_ritsu,uma_start_shisu,kyakushitsu,3,1187,71.8,10.88,59.5,False
COURSE_27_09_ダ_短距離,hizume_code+ls_shisu_juni+joho_shisu,hizume_code,ls_shisu_juni,joho_shisu,3,665,68.62,8.07,59.49,False
COURSE_27_09_ダ_短距離,ls_shisu_juni+kyori_tekisei+gekiso_juni,ls_shisu_juni,kyori_tekisei,gekiso_juni,11,1549,69.9,17.72,59.43,False
COURSE_27_09_ダ_短距離,kishu_shisu+kyori_tekisei+kyusha_hyoka_code,kishu_shisu,kyori_tekisei,kyusha_hyoka_code,17,3373,67.46,17.0,59.38,False
COURSE_27_09_ダ_短距離,uma_start_shisu+joho_shisu+kyusha_hyoka_code,uma_start_shisu,joho_shisu,kyusha_hyoka_code,6,1280,64.76,6.83,59.3,False
COURSE_27_09_ダ_短距離,pace_yoso+ls_shisu_juni+ichi_shisu_juni,pace_yoso,ls_shisu_juni,ichi_shisu_juni,13,1776,67.36,15.04,59.18,False
COURSE_27_09_ダ_短距離,joken_class_code+joshodo_code+kishu_shisu,joken_class_code,joshodo_code,kishu_shisu,11,2034,71.19,20.54,59.05,False
COURSE_27_09_ダ_短距離,ls_shisu_juni+pace_shisu_juni+kyusha_hyoka_code,ls_shisu_juni,pace_shisu_juni,kyusha_hyoka_code,14,2462,66.35,13.99,59.02,False
COURSE_27_09_ダ_短距離,hizume_code+joshodo_code+kishu_shisu,hizume_code,joshodo_code,kishu_shisu,6,1019,68.41,11.83,58.95,False
COURSE_27_09_ダ_短距離,rotation+uma_deokure_ritsu+class_code,rotation,uma_deokure_ritsu,class_code,3,483,66.27,6.51,58.9,False
COURSE_27_09_ダ_短距離,ls_shisu_juni+kyori_tekisei+ten_shisu_juni,ls_shisu_juni,kyori_tekisei,ten_shisu_juni,11,1384,68.63,16.48,58.89,False
COURSE_27_09_ダ_短距離,hizume_code+kishu_shisu+kyusha_hyoka_code,hizume_code,kishu_shisu,kyusha_hyoka_code,6,1017,68.47,12.04,58.83,False
COURSE_27_09_ダ_短距離,ls_shisu_juni+ichi_shisu_juni+kyakushitsu,ls_shisu_juni,ichi_shisu_juni,kyakushitsu,7,870,69.98,15.11,58.78,False
COURSE_27_09_ダ_短距離,kyakushitsu+kishu_shisu+kyori_tekisei,kyakushitsu,kishu_shisu,kyori_tekisei,5,863,66.71,9.08,58.75,False
COURSE_27_09_ダ_短距離,joken_class_code+uma_deokure_ritsu+kijun_ninkijun_tansho,joken_class_code,uma_deokure_ritsu,kijun_ninkijun_tansho,7,859,72.62,18.77,58.71,False
COURSE_27_09_ダ_短距離,joken_class_code+omo_tekisei_code+uma_deokure_ritsu,joken_class_code,omo_tekisei_code,uma_deokure_ritsu,7,1967,69.06,14.01,58.68,False
COURSE_27_09_ダ_短距離,class_code+joshodo_code+kishu_shisu,class_code,joshodo_code,kishu_shisu,8,1396,72.49,19.95,58.66,False
COURSE_27_09_ダ_短距離,manken_shirushi+gekiso_juni+kyusha_hyoka_code,manken_shirushi,gekiso_juni,kyusha_hyoka_code,3,382,80.12,18.98,58.64,False
COURSE_27_09_ダ_短距離,pace_yoso+uma_deokure_ritsu+ls_shisu_juni,pace_yoso,uma_deokure_ritsu,ls_shisu_juni,8,1522,70.58,17.44,58.49,False
COURSE_27_09_ダ_短距離,rotation+joken_class_code+ls_shisu_juni,rotation,joken_class_code,ls_shisu_juni,5,837,64.56,6.95,58.47,False
COURSE_27_09_ダ_短距離,ls_shisu_juni+kishu_shisu+da_tekisei_code,ls_shisu_juni,kishu_shisu,da_tekisei_code,5,960,66.52,9.21,58.45,False
COURSE_27_09_ダ_短距離,ls_shisu_juni+gekiso_juni+kyusha_hyoka_code,ls_shisu_juni,gekiso_juni,kyusha_hyoka_code,16,2643,66.49,16.44,58.44,False
COURSE_27_09_ダ_短距離,hizume_code+kyakushitsu+joho_shisu,hizume_code,kyakushitsu,joho_shisu,4,623,73.38,15.31,58.38,False
COURSE_27_09_ダ_短距離,class_code+kishu_shisu+kyusha_hyoka_code,class_code,kishu_shisu,kyusha_hyoka_code,8,1405,70.08,16.88,58.38,False
COURSE_27_09_ダ_短距離,pace_yoso+ls_shisu_juni+kijun_ninkijun_tansho,pace_yoso,ls_shisu_juni,kijun_ninkijun_tansho,11,1779,65.15,11.98,58.07,False
COURSE_27_09_ダ_短距離,joken_class_code+class_code+kishu_shisu,joken_class_code,class_code,kishu_shisu,8,1437,70.75,18.29,58.07,False
COURSE_27_09_ダ_短距離,uma_deokure_ritsu+uma_start_shisu+hizume_code,uma_deokure_ritsu,uma_start_shisu,hizume_code,3,815,73.86,13.99,58.03,False
COURSE_27_09_ダ_短距離,ls_shisu_juni+agari_shisu_juni+kyori_tekisei,ls_shisu_juni,agari_shisu_juni,kyori_tekisei,11,1369,65.08,12.1,57.92,False
COURSE_27_09_ダ_短距離,uma_deokure_ritsu+uma_start_shisu+kijun_ninkijun_tansho,uma_deokure_ritsu,uma_start_shisu,kijun_ninkijun_tansho,7,829,70.74,17.99,57.41,False
COURSE_27_09_ダ_短距離,omo_tekisei_code+class_code+ls_shisu_juni,omo_tekisei_code,class_code,ls_shisu_juni,8,1818,64.85,10.76,57.39,False
COURSE_27_09_ダ_短距離,rotation+manken_shirushi+kyusha_hyoka_code,rotation,manken_shirushi,kyusha_hyoka_code,3,306,71.22,12.25,57.36,False
COURSE_27_09_ダ_短距離,pace_yoso+ls_shisu_juni+gekiso_juni,pace_yoso,ls_shisu_juni,gekiso_juni,12,1571,64.85,13.32,57.31,False
COURSE_27_09_ダ_短距離,omo_tekisei_code+kishu_shisu+da_tekisei_code,omo_tekisei_code,kishu_shisu,da_tekisei_code,8,1176,65.06,11.22,57.28,False
COURSE_27_09_ダ_短距離,joken_class_code+kishu_shisu+kyusha_hyoka_code,joken_class_code,kishu_shisu,kyusha_hyoka_code,16,2794,66.76,20.07,56.93,False
COURSE_27_09_ダ_短距離,pace_yoso+ls_shisu_juni+agari_shisu_juni,pace_yoso,ls_shisu_juni,agari_shisu_juni,13,1637,62.44,10.27,56.86,False
COURSE_27_09_ダ_短距離,pace_yoso+ls_shisu_juni+ten_shisu_juni,pace_yoso,ls_shisu_juni,ten_shisu_juni,13,1694,65.85,16.54,56.85,False
COURSE_27_09_ダ_短距離,pace_yoso+manken_shirushi+ls_shisu_juni,pace_yoso,manken_shirushi,ls_shisu_juni,8,1106,67.74,15.87,56.74,False
COURSE_27_09_ダ_短距離,joken_class_code+hizume_code+joho_shisu,joken_class_code,hizume_code,joho_shisu,4,670,69.84,13.58,56.53,False
COURSE_27_09_ダ_短距離,omo_tekisei_code+uma_start_shisu+ls_shisu_juni,omo_tekisei_code,uma_start_shisu,ls_shisu_juni,3,872,69.12,11.13,56.52,False
COURSE_27_09_ダ_短距離,uma_start_shisu+kyori_tekisei+kijun_ninkijun_tansho,uma_start_shisu,kyori_tekisei,kijun_ninkijun_tansho,7,938,67.44,14.86,56.43,False
COURSE_27_09_ダ_短距離,omo_tekisei_code+kyori_tekisei+joho_shisu,omo_tekisei_code,kyori_tekisei,joho_shisu,7,1710,65.91,12.83,56.41,False
COURSE_27_09_ダ_短距離,rotation+class_code+uma_start_shisu,rotation,class_code,uma_start_shisu,3,426,65.52,8.07,56.39,False
COURSE_27_09_ダ_短距離,kyakushitsu+da_tekisei_code+joho_shisu,kyakushitsu,da_tekisei_code,joho_shisu,7,1516,65.44,12.43,56.23,False
COURSE_27_09_ダ_短距離,pace_yoso+uma_deokure_ritsu+agari_shisu_juni,pace_yoso,uma_deokure_ritsu,agari_shisu_juni,3,313,63.85,6.77,56.19,False
COURSE_27_09_ダ_短距離,rotation+uma_start_shisu+ls_shisu_juni,rotation,uma_start_shisu,ls_shisu_juni,3,466,65.71,8.53,56.05,False
COURSE_27_09_ダ_短距離,hizume_code+kyori_tekisei+joho_shisu,hizume_code,kyori_tekisei,joho_shisu,4,844,69.27,13.56,55.98,False
COURSE_27_09_ダ_短距離,pace_yoso+ls_shisu_juni+pace_shisu_juni,pace_yoso,ls_shisu_juni,pace_shisu_juni,13,1680,64.81,16.29,55.96,False
COURSE_27_09_ダ_短距離,rotation+da_tekisei_code+joho_shisu,rotation,da_tekisei_code,joho_shisu,5,663,70.38,16.47,55.94,False
COURSE_27_09_ダ_短距離,pace_yoso+kyakushitsu+kishu_shisu,pace_yoso,kyakushitsu,kishu_shisu,8,1325,64.57,12.48,55.92,False
COURSE_27_09_ダ_短距離,ls_shisu_juni+kyakushitsu+kijun_ninkijun_tansho,ls_shisu_juni,kyakushitsu,kijun_ninkijun_tansho,3,310,79.71,21.02,55.92,False
COURSE_27_09_ダ_短距離,uma_start_shisu+kishu_shisu+kyusha_hyoka_code,uma_start_shisu,kishu_shisu,kyusha_hyoka_code,4,810,68.02,12.41,55.86,False
COURSE_27_09_ダ_短距離,uma_deokure_ritsu+ls_shisu_juni+kyori_tekisei,uma_deokure_ritsu,ls_shisu_juni,kyori_tekisei,7,1351,70.34,19.76,55.7,False
COURSE_27_09_ダ_短距離,rotation+ls_shisu_juni+joho_shisu,rotation,ls_shisu_juni,joho_shisu,3,456,60.82,4.54,55.68,False
COURSE_27_09_ダ_短距離,omo_tekisei_code+ls_shisu_juni+kishu_shisu,omo_tekisei_code,ls_shisu_juni,kishu_shisu,6,951,62.4,8.47,55.62,False
COURSE_27_09_ダ_短距離,uma_deokure_ritsu+uma_start_shisu+ls_shisu_juni,uma_deokure_ritsu,uma_start_shisu,ls_shisu_juni,5,949,69.69,16.08,55.59,False
COURSE_27_09_ダ_短距離,pace_yoso+gekiso_juni+joho_shisu,pace_yoso,gekiso_juni,joho_shisu,7,785,68.1,16.9,55.58,False
COURSE_27_09_ダ_短距離,uma_deokure_ritsu+agari_shisu_juni+kyori_tekisei,uma_deokure_ritsu,agari_shisu_juni,kyori_tekisei,5,566,71.08,17.72,55.54,False
COURSE_27_09_ダ_短距離,rotation+class_code+ls_shisu_juni,rotation,class_code,ls_shisu_juni,4,568,62.19,6.82,55.51,False
COURSE_27_09_ダ_短距離,joshodo_code+kishu_shisu+kijun_ninkijun_tansho,joshodo_code,kishu_shisu,kijun_ninkijun_tansho,13,1786,63.35,14.44,55.5,False
COURSE_27_09_ダ_短距離,rotation+ls_shisu_juni+kyakushitsu,rotation,ls_shisu_juni,kyakushitsu,6,882,63.89,10.63,55.38,False
COURSE_27_09_ダ_短距離,rotation+kyori_tekisei+gekiso_juni,rotation,kyori_tekisei,gekiso_juni,3,320,69.65,12.78,55.19,False
COURSE_27_09_ダ_短距離,manken_shirushi+joshodo_code+joho_shisu,manken_shirushi,joshodo_code,joho_shisu,8,939,65.59,15.16,55.09,False
COURSE_27_09_ダ_短距離,rotation+omo_tekisei_code+ls_shisu_juni,rotation,omo_tekisei_code,ls_shisu_juni,8,1151,62.82,11.24,55.03,False
COURSE_27_09_ダ_短距離,pace_yoso+ls_shisu_juni+kishu_shisu,pace_yoso,ls_shisu_juni,kishu_shisu,7,1464,61.14,8.31,54.98,False
COURSE_27_09_ダ_短距離,omo_tekisei_code+ls_shisu_juni+joho_shisu,omo_tekisei_code,ls_shisu_juni,joho_shisu,3,1037,58.88,3.5,54.92,False
COURSE_27_09_ダ_短距離,class_code+da_tekisei_code+joho_shisu,class_code,da_tekisei_code,joho_shisu,5,1354,67.36,14.26,54.87,False
COURSE_27_09_ダ_短距離,pace_yoso+class_code+kishu_shisu,pace_yoso,class_code,kishu_shisu,7,1046,68.85,18.92,54.84,False
COURSE_27_09_ダ_短距離,uma_deokure_ritsu+kijun_ninkijun_tansho+kyusha_hyoka_code,uma_deokure_ritsu,kijun_ninkijun_tansho,kyusha_hyoka_code,10,1697,66.02,18.05,54.83,False
COURSE_27_09_ダ_短距離,ls_shisu_juni+pace_shisu_juni+kyori_tekisei,ls_shisu_juni,pace_shisu_juni,kyori_tekisei,11,1368,66.07,19.09,54.79,False
COURSE_27_09_ダ_短距離,rotation+pace_shisu_juni+joshodo_code,rotation,pace_shisu_juni,joshodo_code,5,566,71.29,18.86,54.76,False
COURSE_27_09_ダ_短距離,kishu_shisu+da_tekisei_code+joho_shisu,kishu_shisu,da_tekisei_code,joho_shisu,5,1038,66.5,13.45,54.71,False
COURSE_27_09_ダ_短距離,joken_class_code+kishu_shisu+da_tekisei_code,joken_class_code,kishu_shisu,da_tekisei_code,8,1265,68.95,20.65,54.64,False
COURSE_27_09_ダ_短距離,uma_start_shisu+joshodo_code+kishu_shisu,uma_start_shisu,joshodo_code,kishu_shisu,4,808,67.05,12.79,54.52,False
COURSE_27_09_ダ_短距離,rotation+hizume_code+ls_shisu_juni,rotation,hizume_code,ls_shisu_juni,3,439,68.75,12.74,54.34,False
COURSE_27_09_ダ_短距離,uma_start_shisu+hizume_code+kyakushitsu,uma_start_shisu,hizume_code,kyakushitsu,5,1003,69.68,17.61,54.25,False
COURSE_27_09_ダ_短距離,uma_deokure_ritsu+uma_start_shisu+kyori_tekisei,uma_deokure_ritsu,uma_start_shisu,kyori_tekisei,5,1393,68.53,16.3,54.25,False
COURSE_27_09_ダ_短距離,uma_deokure_ritsu+joshodo_code+kijun_ninkijun_tansho,uma_deokure_ritsu,joshodo_code,kijun_ninkijun_tansho,10,1784,65.22,17.83,54.17,False
COURSE_27_09_ダ_短距離,pace_yoso+uma_start_shisu+kishu_shisu,pace_yoso,uma_start_shisu,kishu_shisu,3,538,67.07,11.64,53.9,False
COURSE_27_09_ダ_短距離,pace_yoso+omo_tekisei_code+kishu_shisu,pace_yoso,omo_tekisei_code,kishu_shisu,7,1392,62.65,11.86,53.87,False
COURSE_27_09_ダ_短距離,class_code+ls_shisu_juni+kishu_shisu,class_code,ls_shisu_juni,kishu_shisu,4,491,55.94,2.16,53.82,False
COURSE_27_09_ダ_短距離,joken_class_code+uma_deokure_ritsu+ls_shisu_juni,joken_class_code,uma_deokure_ritsu,ls_shisu_juni,7,1264,67.16,18.12,53.73,False
COURSE_27_09_ダ_短距離,pace_yoso+kishu_shisu+joho_shisu,pace_yoso,kishu_shisu,joho_shisu,7,1597,64.82,15.18,53.57,False
COURSE_27_09_ダ_短距離,kishu_shisu+kijun_ninkijun_tansho+kyusha_hyoka_code,kishu_shisu,kijun_ninkijun_tansho,kyusha_hyoka_code,13,1908,62.25,16.16,53.46,False
COURSE_27_09_ダ_短距離,class_code+kyakushitsu+joho_shisu,class_code,kyakushitsu,joho_shisu,5,815,69.49,18.34,53.42,False
COURSE_27_09_ダ_短距離,ichi_shisu_juni+joshodo_code+joho_shisu,ichi_shisu_juni,joshodo_code,joho_shisu,13,1604,60.95,13.91,53.39,False
COURSE_27_09_ダ_短距離,kyakushitsu+kishu_shisu+da_tekisei_code,kyakushitsu,kishu_shisu,da_tekisei_code,8,1014,68.53,21.93,53.33,False
COURSE_27_09_ダ_短距離,ls_shisu_juni+da_tekisei_code+joho_shisu,ls_shisu_juni,da_tekisei_code,joho_shisu,3,1020,69.47,14.33,53.25,False
COURSE_27_09_ダ_短距離,da_tekisei_code+joho_shisu+kyusha_hyoka_code,da_tekisei_code,joho_shisu,kyusha_hyoka_code,4,1908,65.13,12.27,53.11,False
COURSE_27_09_ダ_短距離,kishu_shisu+kyori_tekisei+joho_shisu,kishu_shisu,kyori_tekisei,joho_shisu,7,1269,58.9,7.83,53.1,False
COURSE_27_09_ダ_短距離,ls_shisu_juni+joshodo_code+kishu_shisu,ls_shisu_juni,joshodo_code,kishu_shisu,8,1852,63.36,14.96,52.99,False
COURSE_27_09_ダ_短距離,class_code+uma_start_shisu+ls_shisu_juni,class_code,uma_start_shisu,ls_shisu_juni,4,718,64.73,12.04,52.93,False
COURSE_27_09_ダ_短距離,omo_tekisei_code+uma_deokure_ritsu+class_code,omo_tekisei_code,uma_deokure_ritsu,class_code,6,1436,66.71,17.48,52.72,False
COURSE_27_09_ダ_短距離,manken_shirushi+joho_shisu+kyusha_hyoka_code,manken_shirushi,joho_shisu,kyusha_hyoka_code,8,1017,62.34,13.92,52.69,False
COURSE_27_09_ダ_短距離,pace_yoso+rotation+ls_shisu_juni,pace_yoso,rotation,ls_shisu_juni,8,1421,58.63,8.73,52.58,False
COURSE_27_09_ダ_短距離,omo_tekisei_code+joho_shisu+kyusha_hyoka_code,omo_tekisei_code,joho_shisu,kyusha_hyoka_code,6,2212,63.04,13.15,52.52,False
COURSE_27_09_ダ_短距離,ls_shisu_juni+joshodo_code+joho_shisu,ls_shisu_juni,joshodo_code,joho_shisu,5,1786,58.84,7.33,52.42,False
COURSE_27_09_ダ_短距離,omo_tekisei_code+kyakushitsu+joho_shisu,omo_tekisei_code,kyakushitsu,joho_shisu,9,1594,60.26,12.08,52.37,False
COURSE_27_09_ダ_短距離,rotation+kyori_tekisei+joho_shisu,rotation,kyori_tekisei,joho_shisu,3,557,63.69,10.05,52.31,False
COURSE_27_09_ダ_短距離,ichi_shisu_juni+joho_shisu+kyusha_hyoka_code,ichi_shisu_juni,joho_shisu,kyusha_hyoka_code,13,1736,60.05,14.55,52.14,False
COURSE_27_09_ダ_短距離,omo_tekisei_code+joshodo_code+joho_shisu,omo_tekisei_code,joshodo_code,joho_shisu,6,2219,63.58,14.32,52.11,False
COURSE_27_09_ダ_短距離,rotation+joshodo_code+kishu_shisu,rotation,joshodo_code,kishu_shisu,5,655,61.93,11.24,52.07,False
COURSE_27_09_ダ_短距離,joshodo_code+da_tekisei_code+joho_shisu,joshodo_code,da_tekisei_code,joho_shisu,4,1906,65.43,13.66,52.04,False
COURSE_27_09_ダ_短距離,joken_class_code+kishu_shisu+kyori_tekisei,joken_class_code,kishu_shisu,kyori_tekisei,9,1275,66.05,21.49,52.01,False
COURSE_27_09_ダ_短距離,rotation+kishu_shisu+kyusha_hyoka_code,rotation,kishu_shisu,kyusha_hyoka_code,5,664,60.44,9.69,51.95,False
COURSE_27_09_ダ_短距離,pace_yoso+class_code+ichi_shisu_juni,pace_yoso,class_code,ichi_shisu_juni,4,420,71.54,19.99,51.94,False
COURSE_27_09_ダ_短距離,kyori_tekisei+gekiso_juni+joho_shisu,kyori_tekisei,gekiso_juni,joho_shisu,5,551,60.3,9.96,51.56,False
COURSE_27_09_ダ_短距離,kyori_tekisei+da_tekisei_code+joho_shisu,kyori_tekisei,da_tekisei_code,joho_shisu,5,1584,68.53,19.38,51.54,False
COURSE_27_09_ダ_短距離,pace_yoso+joken_class_code+kishu_shisu,pace_yoso,joken_class_code,kishu_shisu,10,1711,62.29,17.34,51.54,False
COURSE_27_09_ダ_短距離,pace_yoso+hizume_code+joho_shisu,pace_yoso,hizume_code,joho_shisu,6,1240,65.88,17.97,51.5,False
COURSE_27_09_ダ_短距離,ls_shisu_juni+kishu_shisu+kyori_tekisei,ls_shisu_juni,kishu_shisu,kyori_tekisei,6,1147,59.15,9.74,51.36,False
COURSE_27_09_ダ_短距離,ls_shisu_juni+kishu_shisu+joho_shisu,ls_shisu_juni,kishu_shisu,joho_shisu,5,1059,52.85,1.78,51.28,False
COURSE_27_09_ダ_短距離,pace_yoso+ls_shisu_juni+joho_shisu,pace_yoso,ls_shisu_juni,joho_shisu,6,1759,59.66,10.54,51.23,False
COURSE_27_09_ダ_短距離,rotation+pace_shisu_juni+kyusha_hyoka_code,rotation,pace_shisu_juni,kyusha_hyoka_code,4,426,65.07,14.12,51.23,False
COURSE_27_09_ダ_短距離,uma_deokure_ritsu+kishu_shisu+kyusha_hyoka_code,uma_deokure_ritsu,kishu_shisu,kyusha_hyoka_code,5,883,65.56,16.53,51.07,False
COURSE_27_09_ダ_短距離,rotation+joshodo_code+ten_shisu_juni,rotation,joshodo_code,ten_shisu_juni,4,413,68.5,18.02,50.84,False
COURSE_27_09_ダ_短距離,pace_yoso+omo_tekisei_code+joho_shisu,pace_yoso,omo_tekisei_code,joho_shisu,8,2134,60.15,13.6,50.73,False
COURSE_27_09_ダ_短距離,pace_yoso+class_code+joho_shisu,pace_yoso,class_code,joho_shisu,6,1485,61.6,13.65,50.67,False
COURSE_27_09_ダ_短距離,pace_yoso+kyakushitsu+joho_shisu,pace_yoso,kyakushitsu,joho_shisu,9,2156,58.19,11.96,50.38,False
COURSE_27_09_ダ_短距離,pace_shisu_juni+joshodo_code+joho_shisu,pace_shisu_juni,joshodo_code,joho_shisu,12,1466,58.59,14.58,50.33,False
COURSE_27_09_ダ_短距離,joken_class_code+omo_tekisei_code+joho_shisu,joken_class_code,omo_tekisei_code,joho_shisu,7,1575,57.92,10.52,50.13,False
COURSE_27_09_ダ_短距離,uma_start_shisu+kyakushitsu+kishu_shisu,uma_start_shisu,kyakushitsu,kishu_shisu,3,370,57.98,7.08,49.97,False
COURSE_27_09_ダ_短距離,joshodo_code+kijun_ninkijun_tansho+joho_shisu,joshodo_code,kijun_ninkijun_tansho,joho_shisu,7,1428,61.75,15.99,49.9,False
COURSE_27_09_ダ_短距離,joshodo_code+ten_shisu_juni+joho_shisu,joshodo_code,ten_shisu_juni,joho_shisu,12,1453,62.37,22.08,49.87,False
COURSE_27_09_ダ_短距離,uma_deokure_ritsu+ls_shisu_juni+kyakushitsu,uma_deokure_ritsu,ls_shisu_juni,kyakushitsu,3,828,62.82,11.54,49.75,False
COURSE_27_09_ダ_短距離,joshodo_code+gekiso_juni+joho_shisu,joshodo_code,gekiso_juni,joho_shisu,11,1451,59.69,17.07,49.6,False
COURSE_27_09_ダ_短距離,kyakushitsu+kishu_shisu+joho_shisu,kyakushitsu,kishu_shisu,joho_shisu,5,843,57.44,8.96,49.58,False
COURSE_27_09_ダ_短距離,agari_shisu_juni+joshodo_code+joho_shisu,agari_shisu_juni,joshodo_code,joho_shisu,11,1391,61.75,20.67,49.54,False
COURSE_27_09_ダ_短距離,pace_yoso+da_tekisei_code+joho_shisu,pace_yoso,da_tekisei_code,joho_shisu,5,1799,61.28,13.43,49.51,False
COURSE_27_09_ダ_短距離,ls_shisu_juni+joho_shisu+kyusha_hyoka_code,ls_shisu_juni,joho_shisu,kyusha_hyoka_code,5,1955,60.19,12.23,49.47,False
COURSE_27_09_ダ_短距離,joken_class_code+da_tekisei_code+joho_shisu,joken_class_code,da_tekisei_code,joho_shisu,7,1701,60.64,15.09,49.45,False
COURSE_27_09_ダ_短距離,pace_yoso+joho_shisu+kyusha_hyoka_code,pace_yoso,joho_shisu,kyusha_hyoka_code,3,2266,58.39,8.1,49.23,False
COURSE_27_09_ダ_短距離,uma_start_shisu+ls_shisu_juni+kyakushitsu,uma_start_shisu,ls_shisu_juni,kyakushitsu,3,825,64.02,13.09,49.22,False
COURSE_27_09_ダ_短距離,joken_class_code+kyakushitsu+joho_shisu,joken_class_code,kyakushitsu,joho_shisu,10,1650,61.57,20.05,49.14,False
COURSE_27_09_ダ_短距離,class_code+joshodo_code+joho_shisu,class_code,joshodo_code,joho_shisu,6,1722,60.94,14.75,49.14,False
COURSE_27_09_ダ_短距離,class_code+kishu_shisu+kyori_tekisei,class_code,kishu_shisu,kyori_tekisei,6,803,68.98,24.98,48.99,False
COURSE_27_09_ダ_短距離,class_code+joho_shisu+kyusha_hyoka_code,class_code,joho_shisu,kyusha_hyoka_code,6,1728,59.4,13.08,48.93,False
COURSE_27_09_ダ_短距離,omo_tekisei_code+uma_start_shisu+joho_shisu,omo_tekisei_code,uma_start_shisu,joho_shisu,3,631,63.16,12.64,48.85,False
COURSE_27_09_ダ_短距離,pace_yoso+pace_shisu_juni+joho_shisu,pace_yoso,pace_shisu_juni,joho_shisu,5,523,60.13,13.0,48.73,False
COURSE_27_09_ダ_短距離,pace_yoso+hizume_code+kishu_shisu,pace_yoso,hizume_code,kishu_shisu,5,705,64.13,17.99,48.36,False
COURSE_27_09_ダ_短距離,kijun_ninkijun_tansho+joho_shisu+kyusha_hyoka_code,kijun_ninkijun_tansho,joho_shisu,kyusha_hyoka_code,8,1676,56.88,12.69,48.09,False
COURSE_27_09_ダ_短距離,ls_shisu_juni+kyakushitsu+kishu_shisu,ls_shisu_juni,kyakushitsu,kishu_shisu,5,778,62.96,16.99,48.06,False
COURSE_27_09_ダ_短距離,class_code+kishu_shisu+da_tekisei_code,class_code,kishu_shisu,da_tekisei_code,7,1082,64.53,22.5,47.86,False
COURSE_27_09_ダ_短距離,kyakushitsu+joshodo_code+joho_shisu,kyakushitsu,joshodo_code,joho_shisu,7,2304,57.27,12.83,47.76,False
COURSE_27_09_ダ_短距離,omo_tekisei_code+kishu_shisu+joho_shisu,omo_tekisei_code,kishu_shisu,joho_shisu,6,1062,56.27,10.65,47.75,False
COURSE_27_09_ダ_短距離,joshodo_code+joho_shisu+kyusha_hyoka_code,joshodo_code,joho_shisu,kyusha_hyoka_code,6,2607,59.71,14.95,47.74,False
COURSE_27_09_ダ_短距離,hizume_code+kishu_shisu+kyori_tekisei,hizume_code,kishu_shisu,kyori_tekisei,4,516,58.87,11.51,47.59,False
COURSE_27_09_ダ_短距離,rotation+kyakushitsu+joho_shisu,rotation,kyakushitsu,joho_shisu,4,441,62.6,15.34,47.57,False
COURSE_27_09_ダ_短距離,omo_tekisei_code+kishu_shisu+kyori_tekisei,omo_tekisei_code,kishu_shisu,kyori_tekisei,7,1160,62.09,19.64,47.55,False
COURSE_27_09_ダ_短距離,joshodo_code+kishu_shisu+joho_shisu,joshodo_code,kishu_shisu,joho_shisu,6,1683,57.17,12.21,47.4,False
COURSE_27_09_ダ_短距離,pace_yoso+joken_class_code+joho_shisu,pace_yoso,joken_class_code,joho_shisu,6,1973,58.73,14.17,47.39,False
COURSE_27_09_ダ_短距離,omo_tekisei_code+class_code+joho_shisu,omo_tekisei_code,class_code,joho_shisu,8,1419,56.09,12.8,47.22,False
COURSE_27_09_ダ_短距離,hizume_code+joshodo_code+joho_shisu,hizume_code,joshodo_code,joho_shisu,8,1738,61.13,20.23,47.11,False
COURSE_27_09_ダ_短距離,agari_shisu_juni+joho_shisu+kyusha_hyoka_code,agari_shisu_juni,joho_shisu,kyusha_hyoka_code,12,1645,57.86,19.42,46.87,False
COURSE_27_09_ダ_短距離,ls_shisu_juni+kishu_shisu+kyusha_hyoka_code,ls_shisu_juni,kishu_shisu,kyusha_hyoka_code,9,2132,57.54,16.45,46.79,False
COURSE_27_09_ダ_短距離,hizume_code+joho_shisu+kyusha_hyoka_code,hizume_code,joho_shisu,kyusha_hyoka_code,8,1730,59.54,18.49,46.72,False
COURSE_27_09_ダ_短距離,uma_start_shisu+kishu_shisu+da_tekisei_code,uma_start_shisu,kishu_shisu,da_tekisei_code,4,480,61.54,15.12,46.72,False
COURSE_27_09_ダ_短距離,pace_yoso+kishu_shisu+kijun_ninkijun_tansho,pace_yoso,kishu_shisu,kijun_ninkijun_tansho,8,985,61.15,20.92,46.66,False
COURSE_27_09_ダ_短距離,pace_yoso+kijun_ninkijun_tansho+joho_shisu,pace_yoso,kijun_ninkijun_tansho,joho_shisu,6,1040,63.65,21.43,46.5,False
COURSE_27_09_ダ_短距離,class_code+ls_shisu_juni+joho_shisu,class_code,ls_shisu_juni,joho_shisu,4,825,58.9,12.88,46.28,False
COURSE_27_09_ダ_短距離,pace_shisu_juni+joho_shisu+kyusha_hyoka_code,pace_shisu_juni,joho_shisu,kyusha_hyoka_code,12,1635,54.75,15.8,45.81,False
COURSE_27_09_ダ_短距離,kishu_shisu+joho_shisu+kyusha_hyoka_code,kishu_shisu,joho_shisu,kyusha_hyoka_code,7,1935,60.12,19.73,45.5,False
COURSE_27_09_ダ_短距離,uma_deokure_ritsu+class_code+ls_shisu_juni,uma_deokure_ritsu,class_code,ls_shisu_juni,3,643,56.94,10.32,45.26,False
COURSE_27_09_ダ_短距離,joken_class_code+omo_tekisei_code+kishu_shisu,joken_class_code,omo_tekisei_code,kishu_shisu,6,762,53.52,10.36,45.23,False
COURSE_27_09_ダ_短距離,pace_yoso+ichi_shisu_juni+joho_shisu,pace_yoso,ichi_shisu_juni,joho_shisu,6,691,56.52,14.21,45.15,False
COURSE_27_09_ダ_短距離,ten_shisu_juni+joho_shisu+kyusha_hyoka_code,ten_shisu_juni,joho_shisu,kyusha_hyoka_code,12,1625,56.56,20.51,44.96,False
COURSE_27_09_ダ_短距離,uma_start_shisu+ls_shisu_juni+kishu_shisu,uma_start_shisu,ls_shisu_juni,kishu_shisu,3,421,60.04,13.36,44.92,False
COURSE_27_09_ダ_短距離,pace_yoso+kyori_tekisei+joho_shisu,pace_yoso,kyori_tekisei,joho_shisu,7,2134,55.14,13.89,44.85,False
COURSE_27_09_ダ_短距離,pace_yoso+uma_start_shisu+joho_shisu,pace_yoso,uma_start_shisu,joho_shisu,6,1092,58.64,17.46,44.68,False
COURSE_27_09_ダ_短距離,kyakushitsu+kyori_tekisei+joho_shisu,kyakushitsu,kyori_tekisei,joho_shisu,8,1784,56.45,17.32,44.44,False
COURSE_27_09_ダ_短距離,kyakushitsu+joho_shisu+kyusha_hyoka_code,kyakushitsu,joho_shisu,kyusha_hyoka_code,7,2288,55.51,14.98,44.41,False
COURSE_27_09_ダ_短距離,class_code+kyori_tekisei+joho_shisu,class_code,kyori_tekisei,joho_shisu,6,1235,58.8,18.35,44.12,False
COURSE_27_09_ダ_短距離,uma_deokure_ritsu+joshodo_code+kishu_shisu,uma_deokure_ritsu,joshodo_code,kishu_shisu,4,788,62.63,18.9,44.11,False
COURSE_27_09_ダ_短距離,pace_yoso+uma_deokure_ritsu+kishu_shisu,pace_yoso,uma_deokure_ritsu,kishu_shisu,3,482,59.74,13.89,44.03,False
COURSE_27_09_ダ_短距離,gekiso_juni+joho_shisu+kyusha_hyoka_code,gekiso_juni,joho_shisu,kyusha_hyoka_code,11,1586,54.51,17.77,44.0,False
COURSE_27_09_ダ_短距離,joken_class_code+class_code+joho_shisu,joken_class_code,class_code,joho_shisu,7,1880,55.9,16.21,43.89,False
COURSE_27_09_ダ_短距離,joken_class_code+joho_shisu+kyusha_hyoka_code,joken_class_code,joho_shisu,kyusha_hyoka_code,6,2225,55.44,14.49,43.84,False
COURSE_27_09_ダ_短距離,pace_yoso+joshodo_code+joho_shisu,pace_yoso,joshodo_code,joho_shisu,4,2252,55.29,11.75,43.77,False
COURSE_27_09_ダ_短距離,joken_class_code+joshodo_code+joho_shisu,joken_class_code,joshodo_code,joho_shisu,7,2210,55.16,16.08,43.24,False
COURSE_27_09_ダ_短距離,joken_class_code+ls_shisu_juni+kishu_shisu,joken_class_code,ls_shisu_juni,kishu_shisu,6,958,61.82,23.34,43.15,False
COURSE_27_09_ダ_短距離,joken_class_code+kyori_tekisei+joho_shisu,joken_class_code,kyori_tekisei,joho_shisu,8,1879,54.43,16.64,42.9,False
COURSE_27_09_ダ_短距離,kishu_shisu+kyori_tekisei+kijun_ninkijun_tansho,kishu_shisu,kyori_tekisei,kijun_ninkijun_tansho,4,450,61.31,19.61,42.08,False
COURSE_27_09_ダ_短距離,class_code+kishu_shisu+joho_shisu,class_code,kishu_shisu,joho_shisu,4,578,49.4,7.5,42.05,False
COURSE_27_09_ダ_短距離,kyori_tekisei+joho_shisu+kyusha_hyoka_code,kyori_tekisei,joho_shisu,kyusha_hyoka_code,4,2143,56.44,15.11,41.63,False
COURSE_27_09_ダ_短距離,rotation+joken_class_code+joho_shisu,rotation,joken_class_code,joho_shisu,4,484,48.01,6.86,41.29,False
COURSE_27_09_ダ_短距離,ls_shisu_juni+kyori_tekisei+joho_shisu,ls_shisu_juni,kyori_tekisei,joho_shisu,6,1517,55.36,17.69,41.21,False
COURSE_27_09_ダ_短距離,rotation+joho_shisu+kyusha_hyoka_code,rotation,joho_shisu,kyusha_hyoka_code,4,968,55.72,14.85,41.17,False
COURSE_27_09_ダ_短距離,joshodo_code+kyori_tekisei+joho_shisu,joshodo_code,kyori_tekisei,joho_shisu,5,2154,54.61,15.33,41.17,False
COURSE_27_09_ダ_短距離,da_tekisei_code+kijun_ninkijun_tansho+joho_shisu,da_tekisei_code,kijun_ninkijun_tansho,joho_shisu,6,692,58.51,21.91,40.98,False
COURSE_27_09_ダ_短距離,omo_tekisei_code+kyakushitsu+kishu_shisu,omo_tekisei_code,kyakushitsu,kishu_shisu,5,542,60.16,21.88,40.98,False
COURSE_27_09_ダ_短距離,joken_class_code+kishu_shisu+joho_shisu,joken_class_code,kishu_shisu,joho_shisu,6,1034,60.76,24.74,40.96,False
COURSE_27_09_ダ_短距離,pace_yoso+ten_shisu_juni+joho_shisu,pace_yoso,ten_shisu_juni,joho_shisu,5,528,59.3,21.09,40.82,False
COURSE_27_09_ダ_短距離,rotation+joshodo_code+joho_shisu,rotation,joshodo_code,joho_shisu,4,950,56.6,16.21,40.71,False
COURSE_27_09_ダ_短距離,pace_yoso+rotation+joho_shisu,pace_yoso,rotation,joho_shisu,4,726,60.08,19.85,40.63,False
COURSE_27_09_ダ_短距離,uma_deokure_ritsu+uma_start_shisu+kishu_shisu,uma_deokure_ritsu,uma_start_shisu,kishu_shisu,3,424,57.13,14.71,40.49,False
COURSE_27_09_ダ_短距離,uma_start_shisu+kyakushitsu+joho_shisu,uma_start_shisu,kyakushitsu,joho_shisu,3,590,61.02,18.48,40.1,False
COURSE_27_09_ダ_短距離,hizume_code+kishu_shisu+joho_shisu,hizume_code,kishu_shisu,joho_shisu,4,502,54.97,16.0,39.29,False
COURSE_27_09_ダ_短距離,joken_class_code+ls_shisu_juni+joho_shisu,joken_class_code,ls_shisu_juni,joho_shisu,6,1322,54.71,20.11,38.62,False
COURSE_27_09_ダ_短距離,ls_shisu_juni+kijun_ninkijun_tansho+joho_shisu,ls_shisu_juni,kijun_ninkijun_tansho,joho_shisu,5,762,52.79,16.19,38.6,False
COURSE_27_09_ダ_短距離,omo_tekisei_code+uma_deokure_ritsu+joho_shisu,omo_tekisei_code,uma_deokure_ritsu,joho_shisu,3,613,47.65,8.16,38.41,False
COURSE_27_09_ダ_短距離,uma_deokure_ritsu+kishu_shisu+da_tekisei_code,uma_deokure_ritsu,kishu_shisu,da_tekisei_code,3,359,48.14,8.82,38.16,False
COURSE_27_09_ダ_短距離,omo_tekisei_code+uma_deokure_ritsu+kishu_shisu,omo_tekisei_code,uma_deokure_ritsu,kishu_shisu,3,341,51.78,12.98,37.09,False
COURSE_27_09_ダ_短距離,kyori_tekisei+kijun_ninkijun_tansho+joho_shisu,kyori_tekisei,kijun_ninkijun_tansho,joho_shisu,5,759,57.33,23.41,36.81,False
COURSE_27_09_ダ_短距離,hizume_code+kishu_shisu+da_tekisei_code,hizume_code,kishu_shisu,da_tekisei_code,3,319,61.09,21.95,36.25,False
COURSE_27_09_ダ_短距離,pace_yoso+agari_shisu_juni+joho_shisu,pace_yoso,agari_shisu_juni,joho_shisu,5,560,55.64,22.29,36.1,False
COURSE_27_09_ダ_短距離,uma_deokure_ritsu+ls_shisu_juni+kishu_shisu,uma_deokure_ritsu,ls_shisu_juni,kishu_shisu,3,407,50.66,13.47,35.41,False
COURSE_27_09_ダ_短距離,ls_shisu_juni+kyakushitsu+joho_shisu,ls_shisu_juni,kyakushitsu,joho_shisu,6,1274,49.09,17.58,35.02,False
COURSE_27_09_ダ_短距離,joken_class_code+kijun_ninkijun_tansho+joho_shisu,joken_class_code,kijun_ninkijun_tansho,joho_shisu,4,489,45.95,11.17,35.0,False
COURSE_27_09_ダ_短距離,pace_yoso+uma_deokure_ritsu+joho_shisu,pace_yoso,uma_deokure_ritsu,joho_shisu,3,715,43.81,7.84,34.94,False
COURSE_27_09_ダ_短距離,rotation+kishu_shisu+kyori_tekisei,rotation,kishu_shisu,kyori_tekisei,3,309,61.52,23.76,34.64,False
COURSE_27_09_ダ_短距離,joken_class_code+kyakushitsu+kishu_shisu,joken_class_code,kyakushitsu,kishu_shisu,5,540,52.72,20.94,34.36,False
COURSE_27_09_ダ_短距離,kishu_shisu+kijun_ninkijun_tansho+joho_shisu,kishu_shisu,kijun_ninkijun_tansho,joho_shisu,5,616,50.26,18.65,33.91,False
COURSE_27_09_ダ_短距離,ls_shisu_juni+kishu_shisu+kijun_ninkijun_tansho,ls_shisu_juni,kishu_shisu,kijun_ninkijun_tansho,4,480,51.83,18.74,33.47,False
COURSE_27_09_ダ_短距離,uma_deokure_ritsu+class_code+joho_shisu,uma_deokure_ritsu,class_code,joho_shisu,3,502,40.57,6.82,32.85,False
COURSE_27_09_ダ_短距離,uma_deokure_ritsu+kyakushitsu+joho_shisu,uma_deokure_ritsu,kyakushitsu,joho_shisu,3,586,44.16,10.57,32.19,False
