segment,factors,factor1,factor2,factor3,n_bins,n_bets,mean_roi,std_roi,clb,pass
SURFACE_2_ダ_条件戦,kishu_kitai_sanchakunai_ritsu+ten_shisu_juni+kijun_ninkijun_tansho,kishu_kitai_sanchakunai_ritsu,ten_shisu_juni,kijun_ninkijun_tansho,3,342,93.76,1.86,91.65,True
SURFACE_2_ダ_条件戦,manken_shirushi+bataiju_zogen+ten_shisu_juni,manken_shirushi,bataiju_zogen,ten_shisu_juni,4,414,96.3,8.3,88.17,True
SURFACE_2_ダ_条件戦,kyori_kubun+bataiju+gekiso_juni,kyori_kubun,bataiju,gekiso_juni,6,616,95.97,11.38,86.87,True
SURFACE_2_ダ_条件戦,bataiju_zogen+ten_shisu_juni+gekiso_juni,bataiju_zogen,ten_shisu_juni,gekiso_juni,25,3089,89.33,9.13,85.75,True
SURFACE_2_ダ_条件戦,bataiju_zogen+pace_shisu_juni+gekiso_juni,bataiju_zogen,pace_shisu_juni,gekiso_juni,32,4075,87.82,8.49,84.88,True
SURFACE_2_ダ_条件戦,manken_shirushi+bataiju_zogen+pace_shisu_juni,manken_shirushi,bataiju_zogen,pace_shisu_juni,8,835,89.5,7.65,84.2,True
SURFACE_2_ダ_条件戦,ten_shisu_juni+kijun_ninkijun_tansho+gekiso_juni,ten_shisu_juni,kijun_ninkijun_tansho,gekiso_juni,47,8268,85.54,7.28,83.45,True
SURFACE_2_ダ_条件戦,manken_shirushi+keibajo_code+ten_shisu_juni,manken_shirushi,keibajo_code,ten_shisu_juni,54,6357,85.41,9.02,83.01,True
SURFACE_2_ダ_条件戦,ichi_shisu_juni+bataiju_zogen+gekiso_juni,ichi_shisu_juni,bataiju_zogen,gekiso_juni,31,4102,85.02,6.29,82.8,True
SURFACE_2_ダ_条件戦,omo_tekisei_code+bataiju+gekiso_juni,omo_tekisei_code,bataiju,gekiso_juni,8,845,89.63,10.07,82.66,True
SURFACE_2_ダ_条件戦,bataiju_zogen+ten_shisu_juni+kijun_ninkijun_tansho,bataiju_zogen,ten_shisu_juni,kijun_ninkijun_tansho,37,4558,86.19,11.16,82.6,True
SURFACE_2_ダ_条件戦,manken_shirushi+keibajo_code+pace_shisu_juni,manken_shirushi,keibajo_code,pace_shisu_juni,66,7873,85.02,10.11,82.58,True
SURFACE_2_ダ_条件戦,bataiju+ten_shisu_juni+pace_shisu_juni,bataiju,ten_shisu_juni,pace_shisu_juni,12,1333,87.43,9.0,82.34,True
SURFACE_2_ダ_条件戦,bataiju_zogen+kijun_ninkijun_tansho+pace_shisu_juni,bataiju_zogen,kijun_ninkijun_tansho,pace_shisu_juni,42,5425,84.9,8.62,82.29,True
SURFACE_2_ダ_条件戦,kishu_kitai_sanchakunai_ritsu+kijun_ninkijun_tansho+gekiso_juni,kishu_kitai_sanchakunai_ritsu,kijun_ninkijun_tansho,gekiso_juni,7,886,89.62,10.27,82.01,True
SURFACE_2_ダ_条件戦,manken_shirushi+ten_shisu_juni+gekiso_juni,manken_shirushi,ten_shisu_juni,gekiso_juni,57,8439,85.05,12.33,81.85,True
SURFACE_2_ダ_条件戦,manken_shirushi+rotation_bin+ten_shisu_juni,manken_shirushi,rotation_bin,ten_shisu_juni,93,11180,83.73,10.47,81.6,True
SURFACE_2_ダ_条件戦,manken_shirushi+bataiju_zogen+kijun_ninkijun_tansho,manken_shirushi,bataiju_zogen,kijun_ninkijun_tansho,50,6489,84.83,12.34,81.41,True
SURFACE_2_ダ_条件戦,manken_shirushi+hizume_code+ten_shisu_juni,manken_shirushi,hizume_code,ten_shisu_juni,54,6398,84.38,11.38,81.35,True
SURFACE_2_ダ_条件戦,manken_shirushi+pace_shisu_juni+gekiso_juni,manken_shirushi,pace_shisu_juni,gekiso_juni,59,9092,84.03,11.49,81.1,True
SURFACE_2_ダ_条件戦,manken_shirushi+bataiju_zogen+gekiso_juni,manken_shirushi,bataiju_zogen,gekiso_juni,64,9413,83.87,11.76,80.99,True
SURFACE_2_ダ_条件戦,keibajo_code+ten_shisu_juni+gekiso_juni,keibajo_code,ten_shisu_juni,gekiso_juni,66,8651,83.64,11.11,80.96,True
SURFACE_2_ダ_条件戦,bataiju_zogen+ten_shisu_juni+pace_shisu_juni,bataiju_zogen,ten_shisu_juni,pace_shisu_juni,72,10862,83.12,9.41,80.94,True
SURFACE_2_ダ_条件戦,manken_shisu_decile+pace_shisu_juni+gekiso_juni,manken_shisu_decile,pace_shisu_juni,gekiso_juni,63,8761,83.73,11.27,80.94,True
SURFACE_2_ダ_条件戦,keibajo_code+pace_shisu_juni+gekiso_juni,keibajo_code,pace_shisu_juni,gekiso_juni,73,9876,83.08,9.49,80.9,True
SURFACE_2_ダ_条件戦,kijun_ninkijun_tansho+pace_shisu_juni+gekiso_juni,kijun_ninkijun_tansho,pace_shisu_juni,gekiso_juni,52,9272,83.04,7.98,80.87,True
SURFACE_2_ダ_条件戦,ichi_shisu_juni+bataiju_zogen+pace_shisu_juni,ichi_shisu_juni,bataiju_zogen,pace_shisu_juni,55,7859,83.59,10.47,80.83,True
SURFACE_2_ダ_条件戦,ichi_shisu_juni+bataiju_zogen+ten_shisu_juni,ichi_shisu_juni,bataiju_zogen,ten_shisu_juni,42,6322,82.8,7.98,80.39,True
SURFACE_2_ダ_条件戦,bataiju_zogen+kijun_ninkijun_tansho+gekiso_juni,bataiju_zogen,kijun_ninkijun_tansho,gekiso_juni,58,8887,83.05,10.31,80.39,True
SURFACE_2_ダ_条件戦,manken_shisu_decile+ten_shisu_juni+gekiso_juni,manken_shisu_decile,ten_shisu_juni,gekiso_juni,59,7769,83.87,14.33,80.22,True
SURFACE_2_ダ_条件戦,hizume_code+ten_shisu_juni+gekiso_juni,hizume_code,ten_shisu_juni,gekiso_juni,62,8183,82.57,9.67,80.17,True
SURFACE_2_ダ_条件戦,manken_shirushi+rotation_bin+pace_shisu_juni,manken_shirushi,rotation_bin,pace_shisu_juni,105,13050,82.13,10.33,80.16,True
SURFACE_2_ダ_条件戦,rotation_bin+ten_shisu_juni+gekiso_juni,rotation_bin,ten_shisu_juni,gekiso_juni,88,11883,82.31,11.82,79.85,False
SURFACE_2_ダ_条件戦,manken_shirushi+rotation_bin+ichi_shisu_juni,manken_shirushi,rotation_bin,ichi_shisu_juni,96,11885,81.91,10.58,79.79,False
SURFACE_2_ダ_条件戦,manken_shirushi+keibajo_code+bataiju_zogen,manken_shirushi,keibajo_code,bataiju_zogen,89,11503,81.78,9.82,79.74,False
SURFACE_2_ダ_条件戦,rotation_bin+pace_shisu_juni+gekiso_juni,rotation_bin,pace_shisu_juni,gekiso_juni,101,14159,81.34,11.05,79.19,False
SURFACE_2_ダ_条件戦,manken_shirushi+manken_shisu_decile+ten_shisu_juni,manken_shirushi,manken_shisu_decile,ten_shisu_juni,148,19575,80.87,10.6,79.16,False
SURFACE_2_ダ_条件戦,keibajo_code+bataiju_zogen+pace_shisu_juni,keibajo_code,bataiju_zogen,pace_shisu_juni,85,10839,81.27,10.66,79.0,False
SURFACE_2_ダ_条件戦,keibajo_code+bataiju_zogen+ten_shisu_juni,keibajo_code,bataiju_zogen,ten_shisu_juni,80,9854,81.58,12.1,78.93,False
SURFACE_2_ダ_条件戦,manken_shirushi+hizume_code+ichi_shisu_juni,manken_shirushi,hizume_code,ichi_shisu_juni,64,7576,81.44,10.27,78.93,False
SURFACE_2_ダ_条件戦,ichi_shisu_juni+bataiju_zogen+kijun_ninkijun_tansho,ichi_shisu_juni,bataiju_zogen,kijun_ninkijun_tansho,45,6038,81.84,10.05,78.91,False
SURFACE_2_ダ_条件戦,rotation_bin+ichi_shisu_juni+gekiso_juni,rotation_bin,ichi_shisu_juni,gekiso_juni,94,13420,80.83,10.17,78.78,False
SURFACE_2_ダ_条件戦,manken_shirushi+manken_shisu_decile+pace_shisu_juni,manken_shirushi,manken_shisu_decile,pace_shisu_juni,164,21875,80.08,9.64,78.61,False
SURFACE_2_ダ_条件戦,uma_deokure_bin+manken_shirushi+joshodo_code,uma_deokure_bin,manken_shirushi,joshodo_code,32,41764,80.85,7.3,78.32,False
SURFACE_2_ダ_条件戦,hizume_code+pace_shisu_juni+gekiso_juni,hizume_code,pace_shisu_juni,gekiso_juni,77,10040,80.65,10.53,78.29,False
SURFACE_2_ダ_条件戦,rotation_bin+ichi_shisu_juni+ten_shisu_juni,rotation_bin,ichi_shisu_juni,ten_shisu_juni,109,16889,80.1,10.23,78.18,False
SURFACE_2_ダ_条件戦,manken_shirushi+hizume_code+bataiju_zogen,manken_shirushi,hizume_code,bataiju_zogen,101,14797,80.06,10.21,78.07,False
SURFACE_2_ダ_条件戦,manken_shirushi+keibajo_code+gekiso_juni,manken_shirushi,keibajo_code,gekiso_juni,111,16937,80.11,11.67,77.94,False
SURFACE_2_ダ_条件戦,kishu_kitai_sanchakunai_ritsu+ten_shisu_juni+pace_shisu_juni,kishu_kitai_sanchakunai_ritsu,ten_shisu_juni,pace_shisu_juni,3,321,89.05,9.85,77.9,False
SURFACE_2_ダ_条件戦,kyori_kubun+bataiju+ten_shisu_juni,kyori_kubun,bataiju,ten_shisu_juni,3,313,85.23,6.52,77.85,False
SURFACE_2_ダ_条件戦,manken_shirushi+ten_shisu_juni+kijun_ninkijun_tansho,manken_shirushi,ten_shisu_juni,kijun_ninkijun_tansho,46,6298,81.74,13.84,77.74,False
SURFACE_2_ダ_条件戦,manken_shirushi+kyori_tekisei+omo_tekisei_code,manken_shirushi,kyori_tekisei,omo_tekisei_code,78,39668,79.71,9.05,77.7,False
SURFACE_2_ダ_条件戦,manken_shirushi+hizume_code+pace_shisu_juni,manken_shirushi,hizume_code,pace_shisu_juni,54,6459,80.72,11.31,77.7,False
SURFACE_2_ダ_条件戦,rotation_bin+ichi_shisu_juni+bataiju_zogen,rotation_bin,ichi_shisu_juni,bataiju_zogen,155,23967,79.26,9.98,77.69,False
SURFACE_2_ダ_条件戦,uma_deokure_bin+kyori_tekisei+omo_tekisei_code,uma_deokure_bin,kyori_tekisei,omo_tekisei_code,40,59111,80.08,7.84,77.65,False
SURFACE_2_ダ_条件戦,uma_deokure_bin+manken_shirushi+omo_tekisei_code,uma_deokure_bin,manken_shirushi,omo_tekisei_code,49,39021,79.91,8.12,77.64,False
SURFACE_2_ダ_条件戦,uma_deokure_bin+uma_start_shisu_decile+joshodo_code,uma_deokure_bin,uma_start_shisu_decile,joshodo_code,32,62615,80.65,8.75,77.62,False
SURFACE_2_ダ_条件戦,manken_shirushi+rotation_bin+bataiju_zogen,manken_shirushi,rotation_bin,bataiju_zogen,131,21259,79.18,9.75,77.51,False
SURFACE_2_ダ_条件戦,keibajo_code+bataiju_zogen+gekiso_juni,keibajo_code,bataiju_zogen,gekiso_juni,88,11413,80.07,12.57,77.44,False
SURFACE_2_ダ_条件戦,manken_shirushi+uma_start_shisu_decile+bataiju_zogen,manken_shirushi,uma_start_shisu_decile,bataiju_zogen,86,14446,79.73,11.02,77.4,False
SURFACE_2_ダ_条件戦,manken_shirushi+keibajo_code+rotation_bin,manken_shirushi,keibajo_code,rotation_bin,151,24480,78.86,9.51,77.35,False
SURFACE_2_ダ_条件戦,manken_shirushi+kyori_tekisei+ls_shisu_juni,manken_shirushi,kyori_tekisei,ls_shisu_juni,167,42739,79.06,11.38,77.34,False
SURFACE_2_ダ_条件戦,manken_shirushi+manken_shisu_decile+bataiju_zogen,manken_shirushi,manken_shisu_decile,bataiju_zogen,142,24264,78.95,9.92,77.32,False
SURFACE_2_ダ_条件戦,manken_shirushi+manken_shisu_decile+ichi_shisu_juni,manken_shirushi,manken_shisu_decile,ichi_shisu_juni,159,25402,78.88,10.03,77.32,False
SURFACE_2_ダ_条件戦,pace_yoso+bataiju+gekiso_juni,pace_yoso,bataiju,gekiso_juni,8,835,84.91,10.99,77.29,False
SURFACE_2_ダ_条件戦,hizume_code+ichi_shisu_juni+gekiso_juni,hizume_code,ichi_shisu_juni,gekiso_juni,70,9676,79.76,10.59,77.27,False
SURFACE_2_ダ_条件戦,omo_tekisei_code+bataiju+kijun_ninkijun_tansho,omo_tekisei_code,bataiju,kijun_ninkijun_tansho,21,2325,81.92,10.95,77.24,False
SURFACE_2_ダ_条件戦,rotation_bin+ichi_shisu_juni+pace_shisu_juni,rotation_bin,ichi_shisu_juni,pace_shisu_juni,120,19164,78.9,9.36,77.23,False
SURFACE_2_ダ_条件戦,manken_shisu_decile+ichi_shisu_juni+bataiju_zogen,manken_shisu_decile,ichi_shisu_juni,bataiju_zogen,44,5029,81.2,13.44,77.23,False
SURFACE_2_ダ_条件戦,manken_shirushi+joshodo_code+bataiju,manken_shirushi,joshodo_code,bataiju,200,26395,78.8,11.53,77.21,False
SURFACE_2_ダ_条件戦,uma_deokure_bin+kyori_tekisei+kyakushitsu,uma_deokure_bin,kyori_tekisei,kyakushitsu,50,59532,79.88,9.72,77.19,False
SURFACE_2_ダ_条件戦,uma_deokure_bin+uma_start_shisu_decile+omo_tekisei_code,uma_deokure_bin,uma_start_shisu_decile,omo_tekisei_code,57,60592,79.43,8.63,77.19,False
SURFACE_2_ダ_条件戦,manken_shirushi+hizume_code+gekiso_juni,manken_shirushi,hizume_code,gekiso_juni,89,14500,79.56,11.48,77.18,False
SURFACE_2_ダ_条件戦,manken_shirushi+omo_tekisei_code+tenkai_kigo_code,manken_shirushi,omo_tekisei_code,tenkai_kigo_code,83,40439,79.52,10.86,77.18,False
SURFACE_2_ダ_条件戦,manken_shirushi+joshodo_code+omo_tekisei_code,manken_shirushi,joshodo_code,omo_tekisei_code,24,41595,80.08,7.26,77.17,False
SURFACE_2_ダ_条件戦,manken_shirushi+uma_start_shisu_decile+kyori_tekisei,manken_shirushi,uma_start_shisu_decile,kyori_tekisei,160,34070,78.85,11.07,77.14,False
SURFACE_2_ダ_条件戦,manken_shirushi+hizume_code+manken_shisu_decile,manken_shirushi,hizume_code,manken_shisu_decile,121,25520,79.02,10.61,77.13,False
SURFACE_2_ダ_条件戦,manken_shirushi+uma_start_shisu_decile+kyori_kubun,manken_shirushi,uma_start_shisu_decile,kyori_kubun,157,38880,78.78,10.65,77.11,False
SURFACE_2_ダ_条件戦,pace_yoso+manken_shirushi+omo_tekisei_code,pace_yoso,manken_shirushi,omo_tekisei_code,61,41713,78.98,7.69,77.05,False
SURFACE_2_ダ_条件戦,manken_shirushi+kyori_kubun+ichi_shisu_juni,manken_shirushi,kyori_kubun,ichi_shisu_juni,186,36885,78.5,10.25,77.03,False
SURFACE_2_ダ_条件戦,manken_shirushi+ichi_shisu_juni+gekiso_juni,manken_shirushi,ichi_shisu_juni,gekiso_juni,79,12705,79.62,11.73,77.03,False
SURFACE_2_ダ_条件戦,uma_start_shisu_decile+kyori_tekisei+omo_tekisei_code,uma_start_shisu_decile,kyori_tekisei,omo_tekisei_code,78,59021,78.74,7.68,77.03,False
SURFACE_2_ダ_条件戦,hizume_code+ten_shisu_juni+kijun_ninkijun_tansho,hizume_code,ten_shisu_juni,kijun_ninkijun_tansho,86,11319,79.58,12.1,77.02,False
SURFACE_2_ダ_条件戦,pace_yoso+manken_shirushi+bataiju_zogen,pace_yoso,manken_shirushi,bataiju_zogen,127,32307,78.53,8.9,76.98,False
SURFACE_2_ダ_条件戦,rotation_bin+bataiju_zogen+pace_shisu_juni,rotation_bin,bataiju_zogen,pace_shisu_juni,154,24291,78.68,10.81,76.97,False
SURFACE_2_ダ_条件戦,pace_yoso+uma_start_shisu_decile+omo_tekisei_code,pace_yoso,uma_start_shisu_decile,omo_tekisei_code,59,62142,78.76,7.02,76.97,False
SURFACE_2_ダ_条件戦,manken_shisu_decile+bataiju_zogen+pace_shisu_juni,manken_shisu_decile,bataiju_zogen,pace_shisu_juni,44,5070,80.22,11.05,76.96,False
SURFACE_2_ダ_条件戦,manken_shisu_decile+bataiju_zogen+gekiso_juni,manken_shisu_decile,bataiju_zogen,gekiso_juni,110,14172,79.27,12.43,76.95,False
SURFACE_2_ダ_条件戦,hizume_code+ichi_shisu_juni+ten_shisu_juni,hizume_code,ichi_shisu_juni,ten_shisu_juni,86,12770,79.47,11.91,76.95,False
SURFACE_2_ダ_条件戦,manken_shirushi+uma_start_shisu_decile+manken_shisu_decile,manken_shirushi,uma_start_shisu_decile,manken_shisu_decile,156,31221,78.69,11.22,76.93,False
SURFACE_2_ダ_条件戦,manken_shirushi+kyori_tekisei+bataiju_zogen,manken_shirushi,kyori_tekisei,bataiju_zogen,164,28439,78.61,11.07,76.92,False
SURFACE_2_ダ_条件戦,manken_shirushi+uma_start_shisu_decile+joshodo_code,manken_shirushi,uma_start_shisu_decile,joshodo_code,64,42064,78.62,7.11,76.88,False
SURFACE_2_ダ_条件戦,uma_start_shisu_decile+joshodo_code+omo_tekisei_code,uma_start_shisu_decile,joshodo_code,omo_tekisei_code,25,62031,79.63,7.0,76.88,False
SURFACE_2_ダ_条件戦,uma_deokure_bin+joshodo_code+kyakushitsu,uma_deokure_bin,joshodo_code,kyakushitsu,20,62943,79.9,6.91,76.87,False
SURFACE_2_ダ_条件戦,manken_shirushi+kyakushitsu+omo_tekisei_code,manken_shirushi,kyakushitsu,omo_tekisei_code,75,40890,78.69,8.28,76.82,False
SURFACE_2_ダ_条件戦,hizume_code+bataiju_zogen+pace_shisu_juni,hizume_code,bataiju_zogen,pace_shisu_juni,114,16353,78.83,11.04,76.8,False
SURFACE_2_ダ_条件戦,manken_shirushi+manken_shisu_decile+rotation_bin,manken_shirushi,manken_shisu_decile,rotation_bin,146,33284,78.2,8.68,76.79,False
SURFACE_2_ダ_条件戦,manken_shirushi+kyori_kubun+omo_tekisei_code,manken_shirushi,kyori_kubun,omo_tekisei_code,59,40147,78.84,8.07,76.78,False
SURFACE_2_ダ_条件戦,uma_deokure_bin+kyori_tekisei+joshodo_code,uma_deokure_bin,kyori_tekisei,joshodo_code,19,59861,79.62,6.38,76.75,False
SURFACE_2_ダ_条件戦,manken_shirushi+kyori_tekisei+tenkai_kigo_code,manken_shirushi,kyori_tekisei,tenkai_kigo_code,115,45707,78.57,9.95,76.75,False
SURFACE_2_ダ_条件戦,manken_shirushi+bataiju_zogen+tenkai_kigo_code,manken_shirushi,bataiju_zogen,tenkai_kigo_code,119,27011,78.55,10.14,76.73,False
SURFACE_2_ダ_条件戦,uma_deokure_bin+kyakushitsu+omo_tekisei_code,uma_deokure_bin,kyakushitsu,omo_tekisei_code,37,61622,79.54,8.86,76.69,False
SURFACE_2_ダ_条件戦,manken_shirushi+uma_start_shisu_decile+omo_tekisei_code,manken_shirushi,uma_start_shisu_decile,omo_tekisei_code,126,39211,78.28,9.14,76.69,False
SURFACE_2_ダ_条件戦,hizume_code+bataiju_zogen+ten_shisu_juni,hizume_code,bataiju_zogen,ten_shisu_juni,117,16223,78.82,11.81,76.68,False
SURFACE_2_ダ_条件戦,manken_shirushi+hizume_code+rotation_bin,manken_shirushi,hizume_code,rotation_bin,124,23300,78.45,10.15,76.67,False
SURFACE_2_ダ_条件戦,manken_shirushi+kyakushitsu+bataiju_zogen,manken_shirushi,kyakushitsu,bataiju_zogen,164,29750,78.17,9.83,76.67,False
SURFACE_2_ダ_条件戦,uma_deokure_bin+pace_yoso+omo_tekisei_code,uma_deokure_bin,pace_yoso,omo_tekisei_code,29,62141,79.45,7.69,76.65,False
SURFACE_2_ダ_条件戦,manken_shirushi+kyakushitsu+pace_shisu_juni,manken_shirushi,kyakushitsu,pace_shisu_juni,210,31255,78.18,11.29,76.65,False
SURFACE_2_ダ_条件戦,rotation_bin+bataiju_zogen+ten_shisu_juni,rotation_bin,bataiju_zogen,ten_shisu_juni,149,22750,78.34,10.55,76.65,False
SURFACE_2_ダ_条件戦,uma_deokure_bin+omo_tekisei_code+tenkai_kigo_code,uma_deokure_bin,omo_tekisei_code,tenkai_kigo_code,40,61435,80.29,11.78,76.64,False
SURFACE_2_ダ_条件戦,hizume_code+manken_shisu_decile+ten_shisu_juni,hizume_code,manken_shisu_decile,ten_shisu_juni,126,15934,78.83,12.57,76.63,False
SURFACE_2_ダ_条件戦,manken_shirushi+uma_start_shisu_decile+tenkai_kigo_code,manken_shirushi,uma_start_shisu_decile,tenkai_kigo_code,146,36198,78.34,10.87,76.58,False
SURFACE_2_ダ_条件戦,rotation_bin+ten_shisu_juni+kijun_ninkijun_tansho,rotation_bin,ten_shisu_juni,kijun_ninkijun_tansho,117,16332,78.64,11.57,76.55,False
SURFACE_2_ダ_条件戦,uma_deokure_bin+uma_start_shisu_decile+kyakushitsu,uma_deokure_bin,uma_start_shisu_decile,kyakushitsu,68,60874,78.6,8.64,76.54,False
SURFACE_2_ダ_条件戦,keibajo_code+ichi_shisu_juni+bataiju_zogen,keibajo_code,ichi_shisu_juni,bataiju_zogen,86,10993,78.47,9.21,76.52,False
SURFACE_2_ダ_条件戦,manken_shirushi+kyori_kubun+bataiju_zogen,manken_shirushi,kyori_kubun,bataiju_zogen,157,32613,78.06,9.89,76.52,False
SURFACE_2_ダ_条件戦,manken_shirushi+kyakushitsu+ten_shisu_juni,manken_shirushi,kyakushitsu,ten_shisu_juni,222,32510,78.11,12.32,76.49,False
SURFACE_2_ダ_条件戦,uma_deokure_bin+manken_shirushi+kyori_kubun,uma_deokure_bin,manken_shirushi,kyori_kubun,53,38994,78.61,7.98,76.46,False
SURFACE_2_ダ_条件戦,pace_yoso+manken_shirushi+uma_start_shisu_decile,pace_yoso,manken_shirushi,uma_start_shisu_decile,138,40389,78.02,9.49,76.44,False
SURFACE_2_ダ_条件戦,manken_shirushi+uma_start_shisu_decile+kyakushitsu,manken_shirushi,uma_start_shisu_decile,kyakushitsu,142,36928,78.05,9.89,76.42,False
SURFACE_2_ダ_条件戦,uma_deokure_bin+pace_yoso+uma_start_shisu_decile,uma_deokure_bin,pace_yoso,uma_start_shisu_decile,59,61875,78.5,8.17,76.42,False
SURFACE_2_ダ_条件戦,manken_shirushi+uma_start_shisu_decile+gekiso_juni,manken_shirushi,uma_start_shisu_decile,gekiso_juni,91,16699,78.88,12.02,76.41,False
SURFACE_2_ダ_条件戦,joshodo_code+bataiju+ten_shisu_juni,joshodo_code,bataiju,ten_shisu_juni,219,27392,77.91,11.42,76.4,False
SURFACE_2_ダ_条件戦,uma_deokure_bin+uma_start_shisu_decile+kyori_tekisei,uma_deokure_bin,uma_start_shisu_decile,kyori_tekisei,72,57717,78.45,8.94,76.39,False
SURFACE_2_ダ_条件戦,manken_shirushi+hizume_code+tenkai_kigo_code,manken_shirushi,hizume_code,tenkai_kigo_code,125,29799,78.47,11.87,76.39,False
SURFACE_2_ダ_条件戦,uma_start_shisu_decile+kyori_tekisei+kyakushitsu,uma_start_shisu_decile,kyori_tekisei,kyakushitsu,104,59440,78.22,9.64,76.37,False
SURFACE_2_ダ_条件戦,uma_deokure_bin+kyori_kubun+omo_tekisei_code,uma_deokure_bin,kyori_kubun,omo_tekisei_code,38,62087,79.52,9.95,76.35,False
SURFACE_2_ダ_条件戦,pace_yoso+manken_shirushi+rotation_bin,pace_yoso,manken_shirushi,rotation_bin,117,39510,77.98,9.08,76.33,False
SURFACE_2_ダ_条件戦,uma_deokure_bin+manken_shirushi+kyakushitsu,uma_deokure_bin,manken_shirushi,kyakushitsu,69,39769,78.32,8.45,76.33,False
SURFACE_2_ダ_条件戦,manken_shirushi+kyori_kubun+rotation_bin,manken_shirushi,kyori_kubun,rotation_bin,132,39092,78.04,10.11,76.31,False
SURFACE_2_ダ_条件戦,uma_deokure_bin+joshodo_code+omo_tekisei_code,uma_deokure_bin,joshodo_code,omo_tekisei_code,17,62297,80.52,8.88,76.3,False
SURFACE_2_ダ_条件戦,uma_deokure_bin+hizume_code+joshodo_code,uma_deokure_bin,hizume_code,joshodo_code,49,60682,78.61,8.31,76.29,False
SURFACE_2_ダ_条件戦,hizume_code+ten_shisu_juni+pace_shisu_juni,hizume_code,ten_shisu_juni,pace_shisu_juni,102,16531,78.18,9.86,76.27,False
SURFACE_2_ダ_条件戦,manken_shirushi+kyori_tekisei+ten_shisu_juni,manken_shirushi,kyori_tekisei,ten_shisu_juni,195,31649,78.08,13.2,76.22,False
SURFACE_2_ダ_条件戦,pace_yoso+manken_shirushi+kyori_tekisei,pace_yoso,manken_shirushi,kyori_tekisei,80,46890,78.2,9.04,76.21,False
SURFACE_2_ダ_条件戦,uma_start_shisu_decile+kyori_tekisei+tenkai_kigo_code,uma_start_shisu_decile,kyori_tekisei,tenkai_kigo_code,111,57940,78.44,12.12,76.19,False
SURFACE_2_ダ_条件戦,rotation_bin+ten_shisu_juni+pace_shisu_juni,rotation_bin,ten_shisu_juni,pace_shisu_juni,152,24409,77.98,11.33,76.18,False
SURFACE_2_ダ_条件戦,uma_deokure_bin+pace_yoso+kyori_tekisei,uma_deokure_bin,pace_yoso,kyori_tekisei,39,60028,78.44,7.24,76.17,False
SURFACE_2_ダ_条件戦,manken_shirushi+omo_tekisei_code+bataiju_zogen,manken_shirushi,omo_tekisei_code,bataiju_zogen,133,33534,77.72,9.17,76.16,False
SURFACE_2_ダ_条件戦,keibajo_code+hizume_code+bataiju,keibajo_code,hizume_code,bataiju,9,1088,84.18,12.28,76.15,False
SURFACE_2_ダ_条件戦,manken_shirushi+kyori_tekisei+rotation_bin,manken_shirushi,kyori_tekisei,rotation_bin,152,36561,77.83,10.59,76.15,False
SURFACE_2_ダ_条件戦,manken_shirushi+manken_shisu_decile+omo_tekisei_code,manken_shirushi,manken_shisu_decile,omo_tekisei_code,93,39077,77.88,8.7,76.11,False
SURFACE_2_ダ_条件戦,uma_start_shisu_decile+kyori_tekisei+joshodo_code,uma_start_shisu_decile,kyori_tekisei,joshodo_code,33,59974,78.23,6.24,76.1,False
SURFACE_2_ダ_条件戦,manken_shirushi+hizume_code+kyori_tekisei,manken_shirushi,hizume_code,kyori_tekisei,133,29358,77.89,10.71,76.07,False
SURFACE_2_ダ_条件戦,uma_deokure_bin+kyori_kubun+joshodo_code,uma_deokure_bin,kyori_kubun,joshodo_code,18,62981,79.64,7.75,76.06,False
SURFACE_2_ダ_条件戦,manken_shirushi+uma_start_shisu_decile+rotation_bin,manken_shirushi,uma_start_shisu_decile,rotation_bin,157,28205,77.81,11.27,76.05,False
SURFACE_2_ダ_条件戦,ichi_shisu_juni+ten_shisu_juni+pace_shisu_juni,ichi_shisu_juni,ten_shisu_juni,pace_shisu_juni,78,22841,78.67,11.92,76.03,False
SURFACE_2_ダ_条件戦,uma_deokure_bin+pace_yoso+manken_shirushi,uma_deokure_bin,pace_yoso,manken_shirushi,57,40395,77.93,7.31,76.03,False
SURFACE_2_ダ_条件戦,manken_shirushi+idm_decile+ten_shisu_juni,manken_shirushi,idm_decile,ten_shisu_juni,145,19751,78.28,13.87,76.02,False
SURFACE_2_ダ_条件戦,uma_start_shisu_decile+kyakushitsu+omo_tekisei_code,uma_start_shisu_decile,kyakushitsu,omo_tekisei_code,68,61211,77.71,7.12,76.01,False
SURFACE_2_ダ_条件戦,manken_shirushi+rotation_bin+tenkai_kigo_code,manken_shirushi,rotation_bin,tenkai_kigo_code,130,35832,77.94,11.34,75.99,False
SURFACE_2_ダ_条件戦,manken_shirushi+rotation_bin+gekiso_juni,manken_shirushi,rotation_bin,gekiso_juni,127,20676,78.14,12.39,75.99,False
SURFACE_2_ダ_条件戦,manken_shirushi+rotation_bin+ls_shisu_juni,manken_shirushi,rotation_bin,ls_shisu_juni,155,29077,77.71,11.16,75.96,False
SURFACE_2_ダ_条件戦,manken_shirushi+kyori_tekisei+kyakushitsu,manken_shirushi,kyori_tekisei,kyakushitsu,130,47550,77.53,9.17,75.96,False
SURFACE_2_ダ_条件戦,manken_shirushi+uma_start_shisu_decile+hizume_code,manken_shirushi,uma_start_shisu_decile,hizume_code,118,20359,77.74,9.95,75.94,False
SURFACE_2_ダ_条件戦,manken_shirushi+kyori_kubun+ten_shisu_juni,manken_shirushi,kyori_kubun,ten_shisu_juni,237,40666,77.34,11.06,75.93,False
SURFACE_2_ダ_条件戦,manken_shirushi+hizume_code+kyakushitsu,manken_shirushi,hizume_code,kyakushitsu,147,31205,77.56,10.15,75.92,False
SURFACE_2_ダ_条件戦,manken_shirushi+kyori_tekisei+manken_shisu_decile,manken_shirushi,kyori_tekisei,manken_shisu_decile,140,44060,77.52,9.72,75.91,False
SURFACE_2_ダ_条件戦,pace_yoso+uma_start_shisu_decile+joshodo_code,pace_yoso,uma_start_shisu_decile,joshodo_code,26,63055,78.03,5.52,75.9,False
SURFACE_2_ダ_条件戦,uma_deokure_bin+keibajo_code+joshodo_code,uma_deokure_bin,keibajo_code,joshodo_code,40,62425,78.81,9.43,75.88,False
SURFACE_2_ダ_条件戦,manken_shirushi+kyori_kubun+kyori_tekisei,manken_shirushi,kyori_kubun,kyori_tekisei,73,45818,77.87,8.66,75.88,False
SURFACE_2_ダ_条件戦,uma_deokure_bin+manken_shirushi+bataiju_zogen,uma_deokure_bin,manken_shirushi,bataiju_zogen,129,33070,77.26,8.14,75.85,False
SURFACE_2_ダ_条件戦,pace_yoso+manken_shirushi+ichi_shisu_juni,pace_yoso,manken_shirushi,ichi_shisu_juni,201,42260,77.35,10.91,75.85,False
SURFACE_2_ダ_条件戦,manken_shirushi+keibajo_code+kyakushitsu,manken_shirushi,keibajo_code,kyakushitsu,208,38932,77.23,10.35,75.83,False
SURFACE_2_ダ_条件戦,manken_shirushi+uma_start_shisu_decile+keibajo_code,manken_shirushi,uma_start_shisu_decile,keibajo_code,99,17891,77.94,10.69,75.83,False
SURFACE_2_ダ_条件戦,pace_yoso+bataiju+pace_shisu_juni,pace_yoso,bataiju,pace_shisu_juni,18,1997,81.33,11.93,75.82,False
SURFACE_2_ダ_条件戦,uma_deokure_bin+manken_shirushi+kyori_tekisei,uma_deokure_bin,manken_shirushi,kyori_tekisei,64,37619,77.75,7.95,75.8,False
SURFACE_2_ダ_条件戦,manken_shirushi+kyori_kubun+hizume_code,manken_shirushi,kyori_kubun,hizume_code,129,32538,77.45,9.64,75.79,False
SURFACE_2_ダ_条件戦,manken_shirushi+keibajo_code+manken_shisu_decile,manken_shirushi,keibajo_code,manken_shisu_decile,182,34889,77.35,10.82,75.78,False
SURFACE_2_ダ_条件戦,hizume_code+bataiju_zogen+gekiso_juni,hizume_code,bataiju_zogen,gekiso_juni,117,16830,77.95,12.0,75.77,False
SURFACE_2_ダ_条件戦,uma_deokure_bin+manken_shirushi+uma_start_shisu_decile,uma_deokure_bin,manken_shirushi,uma_start_shisu_decile,86,36302,77.74,9.39,75.76,False
SURFACE_2_ダ_条件戦,uma_deokure_bin+keibajo_code+kyori_kubun,uma_deokure_bin,keibajo_code,kyori_kubun,64,61170,77.74,8.1,75.75,False
SURFACE_2_ダ_条件戦,joshodo_code+bataiju+bataiju_zogen,joshodo_code,bataiju,bataiju_zogen,216,36735,77.11,10.29,75.73,False
SURFACE_2_ダ_条件戦,hizume_code+ichi_shisu_juni+bataiju_zogen,hizume_code,ichi_shisu_juni,bataiju_zogen,114,16438,77.42,9.27,75.72,False
SURFACE_2_ダ_条件戦,uma_deokure_bin+manken_shisu_decile+omo_tekisei_code,uma_deokure_bin,manken_shisu_decile,omo_tekisei_code,67,58630,78.14,10.07,75.72,False
SURFACE_2_ダ_条件戦,pace_yoso+manken_shirushi+hizume_code,pace_yoso,manken_shirushi,hizume_code,126,34904,77.47,10.08,75.71,False
SURFACE_2_ダ_条件戦,pace_yoso+uma_start_shisu_decile+kyakushitsu,pace_yoso,uma_start_shisu_decile,kyakushitsu,73,62474,77.35,7.21,75.7,False
SURFACE_2_ダ_条件戦,hizume_code+ichi_shisu_juni+pace_shisu_juni,hizume_code,ichi_shisu_juni,pace_shisu_juni,91,13737,77.62,9.38,75.69,False
SURFACE_2_ダ_条件戦,pace_yoso+uma_start_shisu_decile+kyori_tekisei,pace_yoso,uma_start_shisu_decile,kyori_tekisei,82,59907,77.56,8.73,75.67,False
SURFACE_2_ダ_条件戦,joshodo_code+kyakushitsu+omo_tekisei_code,joshodo_code,kyakushitsu,omo_tekisei_code,16,63307,78.96,6.71,75.67,False
SURFACE_2_ダ_条件戦,manken_shirushi+joshodo_code+bataiju_zogen,manken_shirushi,joshodo_code,bataiju_zogen,89,39149,77.36,8.2,75.66,False
SURFACE_2_ダ_条件戦,uma_deokure_bin+manken_shirushi+ichi_shisu_juni,uma_deokure_bin,manken_shirushi,ichi_shisu_juni,183,35246,77.2,10.69,75.65,False
SURFACE_2_ダ_条件戦,manken_shirushi+kyakushitsu+rotation_bin,manken_shirushi,kyakushitsu,rotation_bin,151,37935,77.21,9.87,75.64,False
SURFACE_2_ダ_条件戦,pace_yoso+bataiju+kijun_ninkijun_tansho,pace_yoso,bataiju,kijun_ninkijun_tansho,32,3386,79.46,11.02,75.64,False
SURFACE_2_ダ_条件戦,manken_shisu_decile+bataiju_zogen+kijun_ninkijun_tansho,manken_shisu_decile,bataiju_zogen,kijun_ninkijun_tansho,105,13022,78.42,14.58,75.63,False
SURFACE_2_ダ_条件戦,kyori_tekisei+kyakushitsu+omo_tekisei_code,kyori_tekisei,kyakushitsu,omo_tekisei_code,43,60669,77.91,7.67,75.62,False
SURFACE_2_ダ_条件戦,manken_shirushi+ten_shisu_juni+pace_shisu_juni,manken_shirushi,ten_shisu_juni,pace_shisu_juni,91,14268,78.13,12.24,75.62,False
SURFACE_2_ダ_条件戦,manken_shirushi+omo_tekisei_code+rotation_bin,manken_shirushi,omo_tekisei_code,rotation_bin,109,39137,77.37,9.31,75.62,False
SURFACE_2_ダ_条件戦,manken_shirushi+kyori_kubun+pace_shisu_juni,manken_shirushi,kyori_kubun,pace_shisu_juni,228,40325,77.03,10.92,75.61,False
SURFACE_2_ダ_条件戦,manken_shirushi+hizume_code+joshodo_code,manken_shirushi,hizume_code,joshodo_code,72,38747,77.6,8.63,75.61,False
SURFACE_2_ダ_条件戦,manken_shirushi+kijun_ninkijun_tansho+pace_shisu_juni,manken_shirushi,kijun_ninkijun_tansho,pace_shisu_juni,47,6722,79.55,13.8,75.6,False
SURFACE_2_ダ_条件戦,uma_deokure_bin+hizume_code+omo_tekisei_code,uma_deokure_bin,hizume_code,omo_tekisei_code,78,59263,77.99,10.9,75.57,False
SURFACE_2_ダ_条件戦,uma_deokure_bin+uma_start_shisu_decile+kyori_kubun,uma_deokure_bin,uma_start_shisu_decile,kyori_kubun,70,61559,77.96,10.23,75.56,False
SURFACE_2_ダ_条件戦,manken_shirushi+kijun_ninkijun_tansho+gekiso_juni,manken_shirushi,kijun_ninkijun_tansho,gekiso_juni,104,17903,78.0,12.81,75.54,False
SURFACE_2_ダ_条件戦,keibajo_code+kyori_tekisei+omo_tekisei_code,keibajo_code,kyori_tekisei,omo_tekisei_code,99,59655,77.26,8.87,75.51,False
SURFACE_2_ダ_条件戦,uma_start_shisu_decile+kyori_tekisei+manken_shisu_decile,uma_start_shisu_decile,kyori_tekisei,manken_shisu_decile,208,52341,77.03,11.24,75.5,False
SURFACE_2_ダ_条件戦,manken_shirushi+keibajo_code+kyori_kubun,manken_shirushi,keibajo_code,kyori_kubun,175,48119,76.86,9.3,75.48,False
SURFACE_2_ダ_条件戦,hizume_code+kijun_ninkijun_tansho+pace_shisu_juni,hizume_code,kijun_ninkijun_tansho,pace_shisu_juni,90,12300,78.11,12.8,75.47,False
SURFACE_2_ダ_条件戦,uma_deokure_bin+manken_shirushi+rotation_bin,uma_deokure_bin,manken_shirushi,rotation_bin,100,38046,77.3,9.33,75.47,False
SURFACE_2_ダ_条件戦,manken_shirushi+omo_tekisei_code+ichi_shisu_juni,manken_shirushi,omo_tekisei_code,ichi_shisu_juni,196,35589,76.98,10.77,75.47,False
SURFACE_2_ダ_条件戦,pace_yoso+manken_shirushi+keibajo_code,pace_yoso,manken_shirushi,keibajo_code,162,45821,76.75,8.35,75.46,False
SURFACE_2_ダ_条件戦,joshodo_code+bataiju+pace_shisu_juni,joshodo_code,bataiju,pace_shisu_juni,226,28687,76.97,11.68,75.45,False
SURFACE_2_ダ_条件戦,keibajo_code+rotation_bin+ten_shisu_juni,keibajo_code,rotation_bin,ten_shisu_juni,187,27844,77.16,11.94,75.45,False
SURFACE_2_ダ_条件戦,uma_start_shisu_decile+kyori_kubun+kyori_tekisei,uma_start_shisu_decile,kyori_kubun,kyori_tekisei,87,59238,77.24,8.61,75.43,False
SURFACE_2_ダ_条件戦,pace_yoso+manken_shirushi+kyakushitsu,pace_yoso,manken_shirushi,kyakushitsu,95,48544,77.04,8.07,75.42,False
SURFACE_2_ダ_条件戦,uma_start_shisu_decile+kyori_kubun+omo_tekisei_code,uma_start_shisu_decile,kyori_kubun,omo_tekisei_code,65,61106,77.3,7.84,75.4,False
SURFACE_2_ダ_条件戦,uma_start_shisu_decile+kyori_kubun+manken_shisu_decile,uma_start_shisu_decile,kyori_kubun,manken_shisu_decile,207,58884,76.96,11.49,75.39,False
SURFACE_2_ダ_条件戦,kyori_kubun+bataiju+bataiju_zogen,kyori_kubun,bataiju,bataiju_zogen,53,6381,78.56,11.8,75.39,False
SURFACE_2_ダ_条件戦,uma_deokure_bin+kyori_tekisei+tenkai_kigo_code,uma_deokure_bin,kyori_tekisei,tenkai_kigo_code,52,59093,78.39,11.14,75.36,False
SURFACE_2_ダ_条件戦,uma_start_shisu_decile+kyori_tekisei+rotation_bin,uma_start_shisu_decile,kyori_tekisei,rotation_bin,164,56843,76.99,10.71,75.35,False
SURFACE_2_ダ_条件戦,manken_shirushi+ichi_shisu_juni+idm_decile,manken_shirushi,ichi_shisu_juni,idm_decile,138,21691,77.4,12.44,75.33,False
SURFACE_2_ダ_条件戦,uma_deokure_bin+manken_shisu_decile+joshodo_code,uma_deokure_bin,manken_shisu_decile,joshodo_code,39,61380,78.23,9.29,75.32,False
SURFACE_2_ダ_条件戦,manken_shirushi+joshodo_code+rotation_bin,manken_shirushi,joshodo_code,rotation_bin,55,41557,77.36,7.74,75.31,False
SURFACE_2_ダ_条件戦,kyori_tekisei+omo_tekisei_code+tenkai_kigo_code,kyori_tekisei,omo_tekisei_code,tenkai_kigo_code,54,60759,78.38,11.51,75.31,False
SURFACE_2_ダ_条件戦,uma_deokure_bin+kyori_tekisei+rotation_bin,uma_deokure_bin,kyori_tekisei,rotation_bin,74,58212,77.43,9.29,75.31,False
SURFACE_2_ダ_条件戦,uma_deokure_bin+pace_yoso+joshodo_code,uma_deokure_bin,pace_yoso,joshodo_code,16,63217,79.76,9.09,75.3,False
SURFACE_2_ダ_条件戦,pace_yoso+manken_shirushi+manken_shisu_decile,pace_yoso,manken_shirushi,manken_shisu_decile,116,46560,76.86,8.63,75.3,False
SURFACE_2_ダ_条件戦,hizume_code+rotation_bin+bataiju,hizume_code,rotation_bin,bataiju,20,2218,80.1,10.95,75.3,False
SURFACE_2_ダ_条件戦,kyakushitsu+rotation_bin+bataiju,kyakushitsu,rotation_bin,bataiju,115,13964,77.66,13.0,75.28,False
SURFACE_2_ダ_条件戦,manken_shirushi+manken_shisu_decile+kyakushitsu,manken_shirushi,manken_shisu_decile,kyakushitsu,159,44839,76.57,8.46,75.26,False
SURFACE_2_ダ_条件戦,uma_deokure_bin+uma_start_shisu_decile+tenkai_kigo_code,uma_deokure_bin,uma_start_shisu_decile,tenkai_kigo_code,77,60501,77.89,11.84,75.24,False
SURFACE_2_ダ_条件戦,omo_tekisei_code+bataiju+bataiju_zogen,omo_tekisei_code,bataiju,bataiju_zogen,103,12276,77.28,10.53,75.24,False
SURFACE_2_ダ_条件戦,rotation_bin+bataiju_zogen+gekiso_juni,rotation_bin,bataiju_zogen,gekiso_juni,162,25054,76.98,11.32,75.24,False
SURFACE_2_ダ_条件戦,joshodo_code+ichi_shisu_juni+bataiju,joshodo_code,ichi_shisu_juni,bataiju,260,36885,76.55,10.89,75.23,False
SURFACE_2_ダ_条件戦,uma_deokure_bin+pace_yoso+hizume_code,uma_deokure_bin,pace_yoso,hizume_code,86,59084,77.2,9.36,75.22,False
SURFACE_2_ダ_条件戦,kyori_tekisei+joshodo_code+omo_tekisei_code,kyori_tekisei,joshodo_code,omo_tekisei_code,14,60292,78.73,6.72,75.21,False
SURFACE_2_ダ_条件戦,pace_yoso+rotation_bin+bataiju,pace_yoso,rotation_bin,bataiju,204,29295,76.64,10.53,75.2,False
SURFACE_2_ダ_条件戦,manken_shirushi+kyori_tekisei+ichi_shisu_juni,manken_shirushi,kyori_tekisei,ichi_shisu_juni,168,29765,77.08,12.51,75.19,False
SURFACE_2_ダ_条件戦,manken_shirushi+kyakushitsu+ichi_shisu_juni,manken_shirushi,kyakushitsu,ichi_shisu_juni,197,39118,76.71,10.92,75.19,False
SURFACE_2_ダ_条件戦,kyori_kubun+bataiju+pace_shisu_juni,kyori_kubun,bataiju,pace_shisu_juni,6,648,85.25,12.58,75.18,False
SURFACE_2_ダ_条件戦,uma_start_shisu_decile+kyori_kubun+bataiju_zogen,uma_start_shisu_decile,kyori_kubun,bataiju_zogen,175,52433,76.48,8.83,75.17,False
SURFACE_2_ダ_条件戦,pace_yoso+keibajo_code+omo_tekisei_code,pace_yoso,keibajo_code,omo_tekisei_code,75,62760,76.58,6.25,75.17,False
SURFACE_2_ダ_条件戦,pace_yoso+manken_shirushi+tenkai_kigo_code,pace_yoso,manken_shirushi,tenkai_kigo_code,92,48020,77.18,9.87,75.16,False
SURFACE_2_ダ_条件戦,pace_yoso+bataiju+bataiju_zogen,pace_yoso,bataiju,bataiju_zogen,93,11011,77.45,11.28,75.16,False
SURFACE_2_ダ_条件戦,uma_start_shisu_decile+rotation_bin+tenkai_kigo_code,uma_start_shisu_decile,rotation_bin,tenkai_kigo_code,138,57008,77.25,12.57,75.15,False
SURFACE_2_ダ_条件戦,uma_start_shisu_decile+kyori_kubun+kyakushitsu,uma_start_shisu_decile,kyori_kubun,kyakushitsu,87,62082,77.07,9.15,75.14,False
SURFACE_2_ダ_条件戦,manken_shisu_decile+rotation_bin+ten_shisu_juni,manken_shisu_decile,rotation_bin,ten_shisu_juni,160,21354,76.94,11.7,75.13,False
SURFACE_2_ダ_条件戦,manken_shirushi+omo_tekisei_code+ls_shisu_juni,manken_shirushi,omo_tekisei_code,ls_shisu_juni,116,38582,77.39,12.57,75.11,False
SURFACE_2_ダ_条件戦,manken_shisu_decile+ichi_shisu_juni+gekiso_juni,manken_shisu_decile,ichi_shisu_juni,gekiso_juni,102,18625,77.67,13.22,75.11,False
SURFACE_2_ダ_条件戦,uma_start_shisu_decile+kyori_tekisei+bataiju_zogen,uma_start_shisu_decile,kyori_tekisei,bataiju_zogen,193,48047,76.68,11.2,75.1,False
SURFACE_2_ダ_条件戦,keibajo_code+rotation_bin+ichi_shisu_juni,keibajo_code,rotation_bin,ichi_shisu_juni,189,28836,76.62,10.68,75.1,False
SURFACE_2_ダ_条件戦,uma_deokure_bin+manken_shirushi+pace_shisu_juni,uma_deokure_bin,manken_shirushi,pace_shisu_juni,191,35307,76.8,12.06,75.09,False
SURFACE_2_ダ_条件戦,uma_start_shisu_decile+omo_tekisei_code+tenkai_kigo_code,uma_start_shisu_decile,omo_tekisei_code,tenkai_kigo_code,83,60912,77.59,11.66,75.09,False
SURFACE_2_ダ_条件戦,uma_start_shisu_decile+kyori_tekisei+ls_shisu_juni,uma_start_shisu_decile,kyori_tekisei,ls_shisu_juni,173,55404,76.89,12.11,75.08,False
SURFACE_2_ダ_条件戦,uma_deokure_bin+bataiju+bataiju_zogen,uma_deokure_bin,bataiju,bataiju_zogen,102,11941,77.18,10.86,75.07,False
SURFACE_2_ダ_条件戦,hizume_code+manken_shisu_decile+pace_shisu_juni,hizume_code,manken_shisu_decile,pace_shisu_juni,128,16489,77.2,12.32,75.07,False
SURFACE_2_ダ_条件戦,manken_shirushi+keibajo_code+kyori_tekisei,manken_shirushi,keibajo_code,kyori_tekisei,158,38055,76.73,10.72,75.06,False
SURFACE_2_ダ_条件戦,keibajo_code+hizume_code+bataiju_zogen,keibajo_code,hizume_code,bataiju_zogen,137,26466,76.8,10.43,75.06,False
SURFACE_2_ダ_条件戦,keibajo_code+kyori_tekisei+tenkai_kigo_code,keibajo_code,kyori_tekisei,tenkai_kigo_code,142,70241,76.97,11.58,75.06,False
SURFACE_2_ダ_条件戦,pace_yoso+manken_shirushi+ten_shisu_juni,pace_yoso,manken_shirushi,ten_shisu_juni,198,41279,76.56,10.92,75.04,False
SURFACE_2_ダ_条件戦,manken_shisu_decile+ten_shisu_juni+pace_shisu_juni,manken_shisu_decile,ten_shisu_juni,pace_shisu_juni,121,22806,77.07,11.46,75.03,False
SURFACE_2_ダ_条件戦,pace_yoso+manken_shirushi+kyori_kubun,pace_yoso,manken_shirushi,kyori_kubun,69,48461,76.45,6.07,75.02,False
SURFACE_2_ダ_条件戦,manken_shirushi+kyori_tekisei+joshodo_code,manken_shirushi,kyori_tekisei,joshodo_code,40,46805,77.13,6.82,75.02,False
SURFACE_2_ダ_条件戦,uma_start_shisu_decile+joshodo_code+kyakushitsu,uma_start_shisu_decile,joshodo_code,kyakushitsu,33,62922,77.15,6.26,75.01,False
SURFACE_2_ダ_条件戦,kyori_tekisei+manken_shisu_decile+tenkai_kigo_code,kyori_tekisei,manken_shisu_decile,tenkai_kigo_code,139,69649,76.78,10.66,75.01,False
SURFACE_2_ダ_条件戦,uma_deokure_bin+hizume_code+kyori_tekisei,uma_deokure_bin,hizume_code,kyori_tekisei,85,53808,77.22,10.43,75.0,False
SURFACE_2_ダ_条件戦,kyori_kubun+manken_shisu_decile+omo_tekisei_code,kyori_kubun,manken_shisu_decile,omo_tekisei_code,80,59996,77.16,9.94,74.99,False
SURFACE_2_ダ_条件戦,uma_deokure_bin+joshodo_code+tenkai_kigo_code,uma_deokure_bin,joshodo_code,tenkai_kigo_code,21,62898,79.45,10.43,74.99,False
SURFACE_2_ダ_条件戦,uma_deokure_bin+omo_tekisei_code+bataiju_zogen,uma_deokure_bin,omo_tekisei_code,bataiju_zogen,87,57808,77.16,10.38,74.98,False
SURFACE_2_ダ_条件戦,manken_shirushi+bataiju_zogen+idm_decile,manken_shirushi,bataiju_zogen,idm_decile,136,21506,77.24,13.44,74.98,False
SURFACE_2_ダ_条件戦,uma_start_shisu_decile+manken_shisu_decile+tenkai_kigo_code,uma_start_shisu_decile,manken_shisu_decile,tenkai_kigo_code,178,54241,76.66,11.48,74.97,False
SURFACE_2_ダ_条件戦,uma_deokure_bin+omo_tekisei_code+rotation_bin,uma_deokure_bin,omo_tekisei_code,rotation_bin,56,60836,77.41,9.38,74.96,False
SURFACE_2_ダ_条件戦,kyori_tekisei+manken_shisu_decile+omo_tekisei_code,kyori_tekisei,manken_shisu_decile,omo_tekisei_code,102,59181,76.97,10.34,74.96,False
SURFACE_2_ダ_条件戦,uma_deokure_bin+sogo_shisu_decile+idm_decile,uma_deokure_bin,sogo_shisu_decile,idm_decile,51,61494,78.45,12.73,74.95,False
SURFACE_2_ダ_条件戦,uma_deokure_bin+manken_shirushi+keibajo_code,uma_deokure_bin,manken_shirushi,keibajo_code,143,37742,76.4,8.91,74.94,False
SURFACE_2_ダ_条件戦,uma_start_shisu_decile+keibajo_code+kyori_kubun,uma_start_shisu_decile,keibajo_code,kyori_kubun,168,61481,76.16,8.02,74.94,False
SURFACE_2_ダ_条件戦,manken_shirushi+kyakushitsu+tenkai_kigo_code,manken_shirushi,kyakushitsu,tenkai_kigo_code,107,47459,77.02,11.04,74.93,False
SURFACE_2_ダ_条件戦,manken_shisu_decile+rotation_bin+pace_shisu_juni,manken_shisu_decile,rotation_bin,pace_shisu_juni,176,24261,76.65,11.71,74.92,False
SURFACE_2_ダ_条件戦,kyakushitsu+bataiju_zogen+ten_shisu_juni,kyakushitsu,bataiju_zogen,ten_shisu_juni,214,39375,76.3,10.32,74.92,False
SURFACE_2_ダ_条件戦,uma_start_shisu_decile+kyakushitsu+tenkai_kigo_code,uma_start_shisu_decile,kyakushitsu,tenkai_kigo_code,84,61920,77.54,12.3,74.91,False
SURFACE_2_ダ_条件戦,uma_deokure_bin+keibajo_code+bataiju,uma_deokure_bin,keibajo_code,bataiju,146,17771,76.92,12.44,74.9,False
SURFACE_2_ダ_条件戦,keibajo_code+joshodo_code+omo_tekisei_code,keibajo_code,joshodo_code,omo_tekisei_code,35,62881,77.05,6.48,74.9,False
SURFACE_2_ダ_条件戦,kyakushitsu+bataiju_zogen+pace_shisu_juni,kyakushitsu,bataiju_zogen,pace_shisu_juni,214,38899,76.37,10.97,74.9,False
SURFACE_2_ダ_条件戦,uma_start_shisu_decile+keibajo_code+bataiju_zogen,uma_start_shisu_decile,keibajo_code,bataiju_zogen,161,30994,76.42,9.87,74.9,False
SURFACE_2_ダ_条件戦,manken_shirushi+uma_start_shisu_decile+ten_shisu_juni,manken_shirushi,uma_start_shisu_decile,ten_shisu_juni,74,10928,77.17,10.01,74.89,False
SURFACE_2_ダ_条件戦,uma_deokure_bin+uma_start_shisu_decile+hizume_code,uma_deokure_bin,uma_start_shisu_decile,hizume_code,107,53095,76.73,9.69,74.89,False
SURFACE_2_ダ_条件戦,pace_yoso+hizume_code+bataiju,pace_yoso,hizume_code,bataiju,159,22758,76.52,10.56,74.88,False
SURFACE_2_ダ_条件戦,keibajo_code+ichi_shisu_juni+pace_shisu_juni,keibajo_code,ichi_shisu_juni,pace_shisu_juni,98,20267,76.96,10.52,74.88,False
SURFACE_2_ダ_条件戦,uma_deokure_bin+pace_yoso+tenkai_kigo_code,uma_deokure_bin,pace_yoso,tenkai_kigo_code,42,62742,78.37,11.59,74.86,False
SURFACE_2_ダ_条件戦,keibajo_code+ichi_shisu_juni+ten_shisu_juni,keibajo_code,ichi_shisu_juni,ten_shisu_juni,95,19605,77.17,11.55,74.85,False
SURFACE_2_ダ_条件戦,kyori_kubun+bataiju_zogen+ten_shisu_juni,kyori_kubun,bataiju_zogen,ten_shisu_juni,217,41208,76.31,10.96,74.85,False
SURFACE_2_ダ_条件戦,hizume_code+ichi_shisu_juni+kijun_ninkijun_tansho,hizume_code,ichi_shisu_juni,kijun_ninkijun_tansho,94,13371,77.41,12.7,74.85,False
SURFACE_2_ダ_条件戦,manken_shirushi+keibajo_code+hizume_code,manken_shirushi,keibajo_code,hizume_code,88,15969,77.0,10.41,74.83,False
SURFACE_2_ダ_条件戦,uma_start_shisu_decile+hizume_code+kyori_tekisei,uma_start_shisu_decile,hizume_code,kyori_tekisei,155,48859,76.43,10.18,74.82,False
SURFACE_2_ダ_条件戦,manken_shirushi+omo_tekisei_code+ten_shisu_juni,manken_shirushi,omo_tekisei_code,ten_shisu_juni,198,35482,76.44,11.66,74.82,False
SURFACE_2_ダ_条件戦,uma_start_shisu_decile+manken_shisu_decile+omo_tekisei_code,uma_start_shisu_decile,manken_shisu_decile,omo_tekisei_code,161,58780,76.35,10.01,74.81,False
SURFACE_2_ダ_条件戦,ichi_shisu_juni+idm_decile+ten_shisu_juni,ichi_shisu_juni,idm_decile,ten_shisu_juni,134,29594,77.0,13.01,74.8,False
SURFACE_2_ダ_条件戦,pace_yoso+ichi_shisu_juni+bataiju_zogen,pace_yoso,ichi_shisu_juni,bataiju_zogen,201,44466,76.28,10.74,74.8,False
SURFACE_2_ダ_条件戦,manken_shisu_decile+bataiju_zogen+ten_shisu_juni,manken_shisu_decile,bataiju_zogen,ten_shisu_juni,39,4311,79.23,14.14,74.8,False
SURFACE_2_ダ_条件戦,manken_shirushi+manken_shisu_decile+ls_shisu_juni,manken_shirushi,manken_shisu_decile,ls_shisu_juni,191,38373,76.54,12.28,74.79,False
SURFACE_2_ダ_条件戦,kyori_tekisei+omo_tekisei_code+rotation_bin,kyori_tekisei,omo_tekisei_code,rotation_bin,72,59116,76.97,9.47,74.78,False
SURFACE_2_ダ_条件戦,uma_deokure_bin+manken_shirushi+manken_shisu_decile,uma_deokure_bin,manken_shirushi,manken_shisu_decile,84,37835,76.72,9.3,74.73,False
SURFACE_2_ダ_条件戦,manken_shirushi+kyori_kubun+ls_shisu_juni,manken_shirushi,kyori_kubun,ls_shisu_juni,164,46992,76.5,11.54,74.73,False
SURFACE_2_ダ_条件戦,keibajo_code+joshodo_code+bataiju,keibajo_code,joshodo_code,bataiju,229,41229,76.04,10.08,74.73,False
SURFACE_2_ダ_条件戦,manken_shirushi+kyori_kubun+manken_shisu_decile,manken_shirushi,kyori_kubun,manken_shisu_decile,132,46048,76.1,8.11,74.72,False
SURFACE_2_ダ_条件戦,uma_start_shisu_decile+kyori_kubun+hizume_code,uma_start_shisu_decile,kyori_kubun,hizume_code,147,52666,76.35,10.12,74.72,False
SURFACE_2_ダ_条件戦,uma_start_shisu_decile+kyakushitsu+rotation_bin,uma_start_shisu_decile,kyakushitsu,rotation_bin,146,59644,76.51,11.07,74.72,False
SURFACE_2_ダ_条件戦,keibajo_code+hizume_code+rotation_bin,keibajo_code,hizume_code,rotation_bin,185,41222,76.18,10.13,74.72,False
SURFACE_2_ダ_条件戦,manken_shirushi+keibajo_code+omo_tekisei_code,manken_shirushi,keibajo_code,omo_tekisei_code,152,38586,76.27,9.81,74.71,False
SURFACE_2_ダ_条件戦,manken_shirushi+ichi_shisu_juni+tenkai_kigo_code,manken_shirushi,ichi_shisu_juni,tenkai_kigo_code,173,34792,76.57,12.47,74.71,False
SURFACE_2_ダ_条件戦,manken_shirushi+kyori_tekisei+pace_shisu_juni,manken_shirushi,kyori_tekisei,pace_shisu_juni,187,31564,76.51,12.62,74.7,False
SURFACE_2_ダ_条件戦,hizume_code+kyakushitsu+bataiju,hizume_code,kyakushitsu,bataiju,90,10751,77.11,11.78,74.67,False
SURFACE_2_ダ_条件戦,uma_deokure_bin+manken_shirushi+hizume_code,uma_deokure_bin,manken_shirushi,hizume_code,123,34724,76.58,10.83,74.67,False
SURFACE_2_ダ_条件戦,kyori_kubun+ichi_shisu_juni+bataiju_zogen,kyori_kubun,ichi_shisu_juni,bataiju_zogen,217,41749,76.02,10.19,74.67,False
SURFACE_2_ダ_条件戦,keibajo_code+kyori_kubun+omo_tekisei_code,keibajo_code,kyori_kubun,omo_tekisei_code,64,62067,76.22,6.33,74.67,False
SURFACE_2_ダ_条件戦,manken_shirushi+keibajo_code+kijun_ninkijun_tansho,manken_shirushi,keibajo_code,kijun_ninkijun_tansho,123,16545,76.97,13.07,74.66,False
SURFACE_2_ダ_条件戦,kyori_kubun+bataiju_zogen+pace_shisu_juni,kyori_kubun,bataiju_zogen,pace_shisu_juni,217,41640,76.06,10.62,74.65,False
SURFACE_2_ダ_条件戦,uma_start_shisu_decile+rotation_bin+bataiju_zogen,uma_start_shisu_decile,rotation_bin,bataiju_zogen,196,42293,76.09,10.32,74.64,False
SURFACE_2_ダ_条件戦,manken_shirushi+hizume_code+omo_tekisei_code,manken_shirushi,hizume_code,omo_tekisei_code,118,35791,76.5,10.27,74.64,False
SURFACE_2_ダ_条件戦,uma_start_shisu_decile+joshodo_code+bataiju,uma_start_shisu_decile,joshodo_code,bataiju,240,48363,76.15,11.91,74.64,False
SURFACE_2_ダ_条件戦,uma_deokure_bin+kyakushitsu+tenkai_kigo_code,uma_deokure_bin,kyakushitsu,tenkai_kigo_code,43,62677,77.95,11.06,74.64,False
SURFACE_2_ダ_条件戦,pace_yoso+uma_start_shisu_decile+keibajo_code,pace_yoso,uma_start_shisu_decile,keibajo_code,166,60533,75.92,8.4,74.64,False
SURFACE_2_ダ_条件戦,manken_shisu_decile+ichi_shisu_juni+ten_shisu_juni,manken_shisu_decile,ichi_shisu_juni,ten_shisu_juni,85,17568,77.31,12.55,74.64,False
SURFACE_2_ダ_条件戦,manken_shirushi+joshodo_code+kyakushitsu,manken_shirushi,joshodo_code,kyakushitsu,40,48480,76.36,5.58,74.63,False
SURFACE_2_ダ_条件戦,uma_deokure_bin+pace_yoso+kyakushitsu,uma_deokure_bin,pace_yoso,kyakushitsu,39,63018,77.06,7.74,74.63,False
SURFACE_2_ダ_条件戦,hizume_code+manken_shisu_decile+bataiju_zogen,hizume_code,manken_shisu_decile,bataiju_zogen,146,24152,76.35,10.6,74.63,False
SURFACE_2_ダ_条件戦,manken_shirushi+keibajo_code+ls_shisu_juni,manken_shirushi,keibajo_code,ls_shisu_juni,173,30581,76.56,13.03,74.62,False
SURFACE_2_ダ_条件戦,uma_deokure_bin+pace_yoso+keibajo_code,uma_deokure_bin,pace_yoso,keibajo_code,69,60865,76.25,6.91,74.62,False
SURFACE_2_ダ_条件戦,manken_shirushi+ichi_shisu_juni+kijun_ninkijun_tansho,manken_shirushi,ichi_shisu_juni,kijun_ninkijun_tansho,63,10270,77.65,12.26,74.62,False
SURFACE_2_ダ_条件戦,uma_deokure_bin+omo_tekisei_code+idm_decile,uma_deokure_bin,omo_tekisei_code,idm_decile,49,60760,78.34,13.3,74.62,False
SURFACE_2_ダ_条件戦,kyakushitsu+omo_tekisei_code+tenkai_kigo_code,kyakushitsu,omo_tekisei_code,tenkai_kigo_code,40,63331,78.31,11.94,74.61,False
SURFACE_2_ダ_条件戦,manken_shirushi+kyakushitsu+ls_shisu_juni,manken_shirushi,kyakushitsu,ls_shisu_juni,191,41551,76.24,11.7,74.58,False
SURFACE_2_ダ_条件戦,pace_yoso+manken_shirushi+pace_shisu_juni,pace_yoso,manken_shirushi,pace_shisu_juni,190,41050,76.27,11.94,74.57,False
SURFACE_2_ダ_条件戦,kishu_kitai_sanchakunai_ritsu+kijun_ninkijun_tansho+pace_shisu_juni,kishu_kitai_sanchakunai_ritsu,kijun_ninkijun_tansho,pace_shisu_juni,6,667,85.34,13.47,74.56,False
SURFACE_2_ダ_条件戦,uma_start_shisu_decile+keibajo_code+joshodo_code,uma_start_shisu_decile,keibajo_code,joshodo_code,80,62804,76.04,6.78,74.55,False
SURFACE_2_ダ_条件戦,kyori_tekisei+tenkai_kigo_code+ls_shisu_juni,kyori_tekisei,tenkai_kigo_code,ls_shisu_juni,117,71112,76.73,12.02,74.55,False
SURFACE_2_ダ_条件戦,pace_yoso+keibajo_code+bataiju_zogen,pace_yoso,keibajo_code,bataiju_zogen,183,52095,75.74,8.32,74.54,False
SURFACE_2_ダ_条件戦,pace_yoso+kyakushitsu+omo_tekisei_code,pace_yoso,kyakushitsu,omo_tekisei_code,33,63461,76.65,6.25,74.52,False
SURFACE_2_ダ_条件戦,joshodo_code+bataiju+gekiso_juni,joshodo_code,bataiju,gekiso_juni,229,29586,76.08,12.16,74.51,False
SURFACE_2_ダ_条件戦,keibajo_code+kyakushitsu+bataiju_zogen,keibajo_code,kyakushitsu,bataiju_zogen,208,46326,75.78,9.55,74.49,False
SURFACE_2_ダ_条件戦,uma_deokure_bin+keibajo_code+omo_tekisei_code,uma_deokure_bin,keibajo_code,omo_tekisei_code,64,59084,77.02,10.39,74.47,False
SURFACE_2_ダ_条件戦,uma_deokure_bin+kyori_kubun+hizume_code,uma_deokure_bin,kyori_kubun,hizume_code,78,56776,76.5,9.23,74.45,False
SURFACE_2_ダ_条件戦,rotation_bin+kijun_ninkijun_tansho+pace_shisu_juni,rotation_bin,kijun_ninkijun_tansho,pace_shisu_juni,135,19348,76.71,13.41,74.45,False
SURFACE_2_ダ_条件戦,keibajo_code+kyakushitsu+omo_tekisei_code,keibajo_code,kyakushitsu,omo_tekisei_code,99,62309,76.05,8.22,74.44,False
SURFACE_2_ダ_条件戦,manken_shisu_decile+bataiju_zogen+tenkai_kigo_code,manken_shisu_decile,bataiju_zogen,tenkai_kigo_code,170,42728,76.13,11.25,74.44,False
SURFACE_2_ダ_条件戦,uma_deokure_bin+hizume_code+kyakushitsu,uma_deokure_bin,hizume_code,kyakushitsu,90,56869,76.58,10.37,74.44,False
SURFACE_2_ダ_条件戦,manken_shirushi+bataiju_zogen+ls_shisu_juni,manken_shirushi,bataiju_zogen,ls_shisu_juni,114,17044,76.61,11.8,74.44,False
SURFACE_2_ダ_条件戦,pace_yoso+manken_shisu_decile+omo_tekisei_code,pace_yoso,manken_shisu_decile,omo_tekisei_code,79,62172,76.35,8.67,74.44,False
SURFACE_2_ダ_条件戦,uma_deokure_bin+pace_yoso+kyori_kubun,uma_deokure_bin,pace_yoso,kyori_kubun,34,62945,76.62,6.52,74.43,False
SURFACE_2_ダ_条件戦,keibajo_code+manken_shisu_decile+ichi_shisu_juni,keibajo_code,manken_shisu_decile,ichi_shisu_juni,119,22859,76.44,11.18,74.43,False
SURFACE_2_ダ_条件戦,uma_deokure_bin+omo_tekisei_code+sogo_shisu_decile,uma_deokure_bin,omo_tekisei_code,sogo_shisu_decile,56,60633,78.22,14.5,74.42,False
SURFACE_2_ダ_条件戦,pace_yoso+manken_shirushi+joshodo_code,pace_yoso,manken_shirushi,joshodo_code,32,47864,76.33,5.51,74.42,False
SURFACE_2_ダ_条件戦,pace_yoso+kyori_tekisei+omo_tekisei_code,pace_yoso,kyori_tekisei,omo_tekisei_code,32,60697,76.95,7.28,74.42,False
SURFACE_2_ダ_条件戦,manken_shisu_decile+kyakushitsu+omo_tekisei_code,manken_shisu_decile,kyakushitsu,omo_tekisei_code,100,61632,76.31,9.69,74.41,False
SURFACE_2_ダ_条件戦,kyori_tekisei+omo_tekisei_code+bataiju_zogen,kyori_tekisei,omo_tekisei_code,bataiju_zogen,108,55306,76.24,9.69,74.41,False
SURFACE_2_ダ_条件戦,kyori_tekisei+ichi_shisu_juni+bataiju_zogen,kyori_tekisei,ichi_shisu_juni,bataiju_zogen,196,33587,75.94,10.99,74.4,False
SURFACE_2_ダ_条件戦,uma_start_shisu_decile+tenkai_kigo_code+ls_shisu_juni,uma_start_shisu_decile,tenkai_kigo_code,ls_shisu_juni,154,56292,76.46,13.07,74.39,False
SURFACE_2_ダ_条件戦,manken_shirushi+idm_decile+pace_shisu_juni,manken_shirushi,idm_decile,pace_shisu_juni,166,22480,76.33,12.75,74.39,False
SURFACE_2_ダ_条件戦,uma_deokure_bin+manken_shirushi+ten_shisu_juni,uma_deokure_bin,manken_shirushi,ten_shisu_juni,198,35574,76.12,12.39,74.39,False
SURFACE_2_ダ_条件戦,kyakushitsu+ichi_shisu_juni+bataiju_zogen,kyakushitsu,ichi_shisu_juni,bataiju_zogen,207,43381,75.8,10.35,74.39,False
SURFACE_2_ダ_条件戦,uma_start_shisu_decile+kyori_kubun+rotation_bin,uma_start_shisu_decile,kyori_kubun,rotation_bin,143,60184,75.95,9.57,74.38,False
SURFACE_2_ダ_条件戦,manken_shisu_decile+joshodo_code+bataiju,manken_shisu_decile,joshodo_code,bataiju,273,42224,75.74,11.61,74.37,False
SURFACE_2_ダ_条件戦,omo_tekisei_code+rotation_bin+tenkai_kigo_code,omo_tekisei_code,rotation_bin,tenkai_kigo_code,74,60933,76.95,11.35,74.36,False
SURFACE_2_ダ_条件戦,uma_deokure_bin+kyori_kubun+bataiju_zogen,uma_deokure_bin,kyori_kubun,bataiju_zogen,95,57307,76.1,8.68,74.36,False
SURFACE_2_ダ_条件戦,pace_yoso+manken_shirushi+bataiju,pace_yoso,manken_shirushi,bataiju,6,616,81.28,8.66,74.35,False
SURFACE_2_ダ_条件戦,uma_start_shisu_decile+manken_shisu_decile+joshodo_code,uma_start_shisu_decile,manken_shisu_decile,joshodo_code,80,61818,76.22,8.5,74.35,False
SURFACE_2_ダ_条件戦,manken_shirushi+hizume_code+ls_shisu_juni,manken_shirushi,hizume_code,ls_shisu_juni,136,22922,76.6,13.45,74.34,False
SURFACE_2_ダ_条件戦,uma_deokure_bin+kyori_kubun+manken_shisu_decile,uma_deokure_bin,kyori_kubun,manken_shisu_decile,77,59034,76.47,9.6,74.33,False
SURFACE_2_ダ_条件戦,manken_shirushi+hizume_code+kijun_ninkijun_tansho,manken_shirushi,hizume_code,kijun_ninkijun_tansho,95,13313,77.16,14.14,74.32,False
SURFACE_2_ダ_条件戦,uma_deokure_bin+manken_shirushi+tenkai_kigo_code,uma_deokure_bin,manken_shirushi,tenkai_kigo_code,83,39720,76.77,11.39,74.32,False
SURFACE_2_ダ_条件戦,manken_shirushi+kyori_tekisei+gekiso_juni,manken_shirushi,kyori_tekisei,gekiso_juni,173,37050,76.11,12.01,74.32,False
SURFACE_2_ダ_条件戦,keibajo_code+manken_shisu_decile+bataiju_zogen,keibajo_code,manken_shisu_decile,bataiju_zogen,169,24447,76.06,11.57,74.32,False
SURFACE_2_ダ_条件戦,kyori_kubun+omo_tekisei_code+bataiju_zogen,kyori_kubun,omo_tekisei_code,bataiju_zogen,97,57951,76.1,8.97,74.32,False
SURFACE_2_ダ_条件戦,kyori_kubun+hizume_code+bataiju,kyori_kubun,hizume_code,bataiju,107,15694,76.09,9.37,74.31,False
SURFACE_2_ダ_条件戦,keibajo_code+kyori_kubun+bataiju_zogen,keibajo_code,kyori_kubun,bataiju_zogen,184,53465,75.56,8.62,74.31,False
SURFACE_2_ダ_条件戦,uma_start_shisu_decile+kyakushitsu+bataiju_zogen,uma_start_shisu_decile,kyakushitsu,bataiju_zogen,174,51342,75.85,10.33,74.31,False
SURFACE_2_ダ_条件戦,uma_start_shisu_decile+omo_tekisei_code+rotation_bin,uma_start_shisu_decile,omo_tekisei_code,rotation_bin,111,59452,75.89,8.5,74.31,False
SURFACE_2_ダ_条件戦,pace_yoso+uma_start_shisu_decile+hizume_code,pace_yoso,uma_start_shisu_decile,hizume_code,139,55037,75.87,9.46,74.3,False
SURFACE_2_ダ_条件戦,uma_start_shisu_decile+hizume_code+joshodo_code,uma_start_shisu_decile,hizume_code,joshodo_code,78,58716,76.11,8.19,74.29,False
SURFACE_2_ダ_条件戦,ichi_shisu_juni+bataiju+pace_shisu_juni,ichi_shisu_juni,bataiju,pace_shisu_juni,5,522,80.41,7.0,74.28,False
SURFACE_2_ダ_条件戦,manken_shirushi+manken_shisu_decile+tenkai_kigo_code,manken_shirushi,manken_shisu_decile,tenkai_kigo_code,151,43361,76.07,11.19,74.28,False
SURFACE_2_ダ_条件戦,uma_start_shisu_decile+kyori_kubun+joshodo_code,uma_start_shisu_decile,kyori_kubun,joshodo_code,31,62852,76.27,5.65,74.28,False
SURFACE_2_ダ_条件戦,uma_deokure_bin+keibajo_code+kyori_tekisei,uma_deokure_bin,keibajo_code,kyori_tekisei,84,56815,76.08,8.41,74.28,False
SURFACE_2_ダ_条件戦,uma_start_shisu_decile+keibajo_code+kyakushitsu,uma_start_shisu_decile,keibajo_code,kyakushitsu,188,57700,75.75,10.3,74.27,False
SURFACE_2_ダ_条件戦,manken_shirushi+keibajo_code+joshodo_code,manken_shirushi,keibajo_code,joshodo_code,112,47118,75.76,8.06,74.27,False
SURFACE_2_ダ_条件戦,manken_shirushi+uma_start_shisu_decile+ichi_shisu_juni,manken_shirushi,uma_start_shisu_decile,ichi_shisu_juni,75,12412,76.49,9.82,74.27,False
SURFACE_2_ダ_条件戦,manken_shirushi+ichi_shisu_juni+pace_shisu_juni,manken_shirushi,ichi_shisu_juni,pace_shisu_juni,62,10472,77.4,12.65,74.26,False
SURFACE_2_ダ_条件戦,manken_shirushi+kyori_kubun+kyakushitsu,manken_shirushi,kyori_kubun,kyakushitsu,119,48630,75.91,9.18,74.26,False
SURFACE_2_ダ_条件戦,manken_shisu_decile+rotation_bin+bataiju_zogen,manken_shisu_decile,rotation_bin,bataiju_zogen,186,33220,75.89,11.37,74.26,False
SURFACE_2_ダ_条件戦,uma_deokure_bin+rotation_bin+bataiju,uma_deokure_bin,rotation_bin,bataiju,214,30891,75.79,11.55,74.25,False
SURFACE_2_ダ_条件戦,kyori_tekisei+rotation_bin+bataiju_zogen,kyori_tekisei,rotation_bin,bataiju_zogen,170,48699,75.86,10.77,74.24,False
SURFACE_2_ダ_条件戦,manken_shisu_decile+rotation_bin+ichi_shisu_juni,manken_shisu_decile,rotation_bin,ichi_shisu_juni,163,22471,75.86,10.57,74.23,False
SURFACE_2_ダ_条件戦,keibajo_code+ten_shisu_juni+pace_shisu_juni,keibajo_code,ten_shisu_juni,pace_shisu_juni,128,25817,76.35,12.25,74.23,False
SURFACE_2_ダ_条件戦,uma_start_shisu_decile+keibajo_code+omo_tekisei_code,uma_start_shisu_decile,keibajo_code,omo_tekisei_code,158,59341,75.67,9.22,74.23,False
SURFACE_2_ダ_条件戦,uma_start_shisu_decile+kyori_kubun+ls_shisu_juni,uma_start_shisu_decile,kyori_kubun,ls_shisu_juni,154,59337,76.02,11.38,74.22,False
SURFACE_2_ダ_条件戦,kyori_kubun+kyakushitsu+omo_tekisei_code,kyori_kubun,kyakushitsu,omo_tekisei_code,43,63487,76.77,8.61,74.2,False
SURFACE_2_ダ_条件戦,manken_shisu_decile+rotation_bin+tenkai_kigo_code,manken_shisu_decile,rotation_bin,tenkai_kigo_code,173,54882,75.94,11.94,74.17,False
SURFACE_2_ダ_条件戦,joshodo_code+rotation_bin+bataiju,joshodo_code,rotation_bin,bataiju,211,49162,75.53,10.08,74.17,False
SURFACE_2_ダ_条件戦,uma_deokure_bin+omo_tekisei_code+ls_shisu_juni,uma_deokure_bin,omo_tekisei_code,ls_shisu_juni,56,59985,77.1,11.19,74.17,False
SURFACE_2_ダ_条件戦,kyori_tekisei+manken_shisu_decile+ls_shisu_juni,kyori_tekisei,manken_shisu_decile,ls_shisu_juni,207,65722,75.94,13.03,74.16,False
SURFACE_2_ダ_条件戦,uma_deokure_bin+kyori_kubun+kyori_tekisei,uma_deokure_bin,kyori_kubun,kyori_tekisei,41,59619,76.47,7.64,74.14,False
SURFACE_2_ダ_条件戦,uma_deokure_bin+kyori_kubun+tenkai_kigo_code,uma_deokure_bin,kyori_kubun,tenkai_kigo_code,47,62229,77.28,11.01,74.14,False
SURFACE_2_ダ_条件戦,ten_shisu_juni+pace_shisu_juni+gekiso_juni,ten_shisu_juni,pace_shisu_juni,gekiso_juni,108,17893,76.89,14.56,74.14,False
SURFACE_2_ダ_条件戦,manken_shisu_decile+omo_tekisei_code+tenkai_kigo_code,manken_shisu_decile,omo_tekisei_code,tenkai_kigo_code,105,60733,76.45,12.1,74.13,False
SURFACE_2_ダ_条件戦,uma_deokure_bin+joshodo_code+rotation_bin,uma_deokure_bin,joshodo_code,rotation_bin,29,62416,77.87,10.27,74.13,False
SURFACE_2_ダ_条件戦,keibajo_code+ichi_shisu_juni+gekiso_juni,keibajo_code,ichi_shisu_juni,gekiso_juni,95,16833,76.52,11.88,74.13,False
SURFACE_2_ダ_条件戦,kyori_tekisei+manken_shisu_decile+bataiju_zogen,kyori_tekisei,manken_shisu_decile,bataiju_zogen,208,43049,75.7,11.63,74.12,False
SURFACE_2_ダ_条件戦,manken_shirushi+kyori_kubun+tenkai_kigo_code,manken_shirushi,kyori_kubun,tenkai_kigo_code,113,48199,75.94,9.9,74.12,False
SURFACE_2_ダ_条件戦,manken_shirushi+manken_shisu_decile+gekiso_juni,manken_shirushi,manken_shisu_decile,gekiso_juni,165,28186,75.85,11.38,74.12,False
SURFACE_2_ダ_条件戦,uma_start_shisu_decile+kyori_kubun+ichi_shisu_juni,uma_start_shisu_decile,kyori_kubun,ichi_shisu_juni,214,53803,75.55,10.86,74.1,False
SURFACE_2_ダ_条件戦,uma_start_shisu_decile+bataiju_zogen+tenkai_kigo_code,uma_start_shisu_decile,bataiju_zogen,tenkai_kigo_code,159,47954,75.87,11.49,74.09,False
SURFACE_2_ダ_条件戦,manken_shirushi+omo_tekisei_code+pace_shisu_juni,manken_shirushi,omo_tekisei_code,pace_shisu_juni,192,35452,75.87,12.54,74.09,False
SURFACE_2_ダ_条件戦,hizume_code+kyori_tekisei+omo_tekisei_code,hizume_code,kyori_tekisei,omo_tekisei_code,86,56693,76.25,10.21,74.09,False
SURFACE_2_ダ_条件戦,kyori_kubun+hizume_code+kyori_tekisei,kyori_kubun,hizume_code,kyori_tekisei,91,54540,76.08,9.79,74.07,False
SURFACE_2_ダ_条件戦,uma_start_shisu_decile+hizume_code+bataiju_zogen,uma_start_shisu_decile,hizume_code,bataiju_zogen,155,31581,75.6,9.8,74.06,False
SURFACE_2_ダ_条件戦,pace_yoso+kyori_kubun+hizume_code,pace_yoso,kyori_kubun,hizume_code,83,58325,75.81,8.14,74.06,False
SURFACE_2_ダ_条件戦,hizume_code+kyori_tekisei+joshodo_code,hizume_code,kyori_tekisei,joshodo_code,48,57420,76.62,9.05,74.06,False
SURFACE_2_ダ_条件戦,uma_deokure_bin+kyori_kubun+kyakushitsu,uma_deokure_bin,kyori_kubun,kyakushitsu,45,62583,76.84,9.52,74.06,False
SURFACE_2_ダ_条件戦,uma_deokure_bin+joshodo_code+ichi_shisu_juni,uma_deokure_bin,joshodo_code,ichi_shisu_juni,52,61836,77.03,10.91,74.06,False
SURFACE_2_ダ_条件戦,pace_yoso+keibajo_code+kyori_tekisei,pace_yoso,keibajo_code,kyori_tekisei,99,72906,75.57,7.71,74.05,False
SURFACE_2_ダ_条件戦,uma_deokure_bin+kyori_tekisei+bataiju,uma_deokure_bin,kyori_tekisei,bataiju,244,42331,75.53,11.88,74.04,False
SURFACE_2_ダ_条件戦,hizume_code+rotation_bin+ten_shisu_juni,hizume_code,rotation_bin,ten_shisu_juni,167,28901,75.74,11.28,74.03,False
SURFACE_2_ダ_条件戦,uma_start_shisu_decile+keibajo_code+kyori_tekisei,uma_start_shisu_decile,keibajo_code,kyori_tekisei,171,50839,75.68,11.05,74.03,False
SURFACE_2_ダ_条件戦,uma_deokure_bin+pace_yoso+manken_shisu_decile,uma_deokure_bin,pace_yoso,manken_shisu_decile,76,60432,76.07,9.05,74.03,False
SURFACE_2_ダ_条件戦,keibajo_code+rotation_bin+bataiju_zogen,keibajo_code,rotation_bin,bataiju_zogen,193,36863,75.62,11.24,74.03,False
SURFACE_2_ダ_条件戦,pace_yoso+uma_start_shisu_decile+kyori_kubun,pace_yoso,uma_start_shisu_decile,kyori_kubun,70,62523,75.69,7.11,74.02,False
SURFACE_2_ダ_条件戦,pace_yoso+manken_shirushi+ls_shisu_juni,pace_yoso,manken_shirushi,ls_shisu_juni,125,45939,75.9,10.76,74.01,False
SURFACE_2_ダ_条件戦,pace_yoso+uma_start_shisu_decile+manken_shisu_decile,pace_yoso,uma_start_shisu_decile,manken_shisu_decile,170,59568,75.52,10.18,73.99,False
SURFACE_2_ダ_条件戦,keibajo_code+kyori_tekisei+ls_shisu_juni,keibajo_code,kyori_tekisei,ls_shisu_juni,185,67343,75.69,11.79,73.99,False
SURFACE_2_ダ_条件戦,keibajo_code+omo_tekisei_code+bataiju_zogen,keibajo_code,omo_tekisei_code,bataiju_zogen,171,51524,75.22,8.24,73.99,False
SURFACE_2_ダ_条件戦,pace_yoso+joshodo_code+omo_tekisei_code,pace_yoso,joshodo_code,omo_tekisei_code,14,63440,80.12,11.7,73.99,False
SURFACE_2_ダ_条件戦,kyori_kubun+manken_shisu_decile+bataiju_zogen,kyori_kubun,manken_shisu_decile,bataiju_zogen,205,48656,75.38,10.18,73.99,False
SURFACE_2_ダ_条件戦,keibajo_code+omo_tekisei_code+bataiju,keibajo_code,omo_tekisei_code,bataiju,142,17503,75.89,11.65,73.98,False
SURFACE_2_ダ_条件戦,pace_yoso+keibajo_code+hizume_code,pace_yoso,keibajo_code,hizume_code,147,53132,75.32,8.31,73.98,False
SURFACE_2_ダ_条件戦,uma_deokure_bin+manken_shisu_decile+tenkai_kigo_code,uma_deokure_bin,manken_shisu_decile,tenkai_kigo_code,100,59328,76.14,11.11,73.97,False
SURFACE_2_ダ_条件戦,keibajo_code+kyori_kubun+bataiju,keibajo_code,kyori_kubun,bataiju,174,26960,75.51,10.39,73.97,False
SURFACE_2_ダ_条件戦,pace_yoso+keibajo_code+kyori_kubun,pace_yoso,keibajo_code,kyori_kubun,66,75961,74.31,1.43,73.97,False
SURFACE_2_ダ_条件戦,hizume_code+rotation_bin+bataiju_zogen,hizume_code,rotation_bin,bataiju_zogen,166,34981,75.5,10.06,73.97,False
SURFACE_2_ダ_条件戦,uma_start_shisu_decile+omo_tekisei_code+ls_shisu_juni,uma_start_shisu_decile,omo_tekisei_code,ls_shisu_juni,122,59193,75.8,10.28,73.97,False
SURFACE_2_ダ_条件戦,manken_shirushi+joshodo_code+ichi_shisu_juni,manken_shirushi,joshodo_code,ichi_shisu_juni,125,47415,75.52,8.91,73.96,False
SURFACE_2_ダ_条件戦,uma_start_shisu_decile+manken_shisu_decile+rotation_bin,uma_start_shisu_decile,manken_shisu_decile,rotation_bin,224,45827,75.55,12.19,73.96,False
SURFACE_2_ダ_条件戦,hizume_code+manken_shisu_decile+ichi_shisu_juni,hizume_code,manken_shisu_decile,ichi_shisu_juni,135,17673,76.18,13.21,73.96,False
SURFACE_2_ダ_条件戦,uma_deokure_bin+manken_shirushi+ls_shisu_juni,uma_deokure_bin,manken_shirushi,ls_shisu_juni,112,38192,76.03,11.21,73.95,False
SURFACE_2_ダ_条件戦,kyori_tekisei+bataiju_zogen+ls_shisu_juni,kyori_tekisei,bataiju_zogen,ls_shisu_juni,186,47686,75.74,12.52,73.94,False
SURFACE_2_ダ_条件戦,kyori_kubun+rotation_bin+bataiju,kyori_kubun,rotation_bin,bataiju,143,20303,75.64,10.48,73.93,False
SURFACE_2_ダ_条件戦,omo_tekisei_code+rotation_bin+bataiju,omo_tekisei_code,rotation_bin,bataiju,222,32267,75.44,11.48,73.93,False
SURFACE_2_ダ_条件戦,pace_yoso+hizume_code+joshodo_code,pace_yoso,hizume_code,joshodo_code,44,61356,75.76,6.22,73.92,False
SURFACE_2_ダ_条件戦,kyori_tekisei+omo_tekisei_code+bataiju,kyori_tekisei,omo_tekisei_code,bataiju,238,42282,75.32,11.07,73.91,False
SURFACE_2_ダ_条件戦,kyori_kubun+hizume_code+tenkai_kigo_code,kyori_kubun,hizume_code,tenkai_kigo_code,112,56315,76.03,11.51,73.9,False
SURFACE_2_ダ_条件戦,uma_start_shisu_decile+keibajo_code+tenkai_kigo_code,uma_start_shisu_decile,keibajo_code,tenkai_kigo_code,173,53953,75.52,10.85,73.9,False
SURFACE_2_ダ_条件戦,pace_yoso+kyori_tekisei+manken_shisu_decile,pace_yoso,kyori_tekisei,manken_shisu_decile,101,71251,75.63,8.88,73.9,False
SURFACE_2_ダ_条件戦,pace_yoso+kyori_kubun+bataiju,pace_yoso,kyori_kubun,bataiju,261,60572,74.98,8.83,73.9,False
SURFACE_2_ダ_条件戦,manken_shirushi+tenkai_kigo_code+pace_shisu_juni,manken_shirushi,tenkai_kigo_code,pace_shisu_juni,189,32947,75.85,13.74,73.89,False
SURFACE_2_ダ_条件戦,kyakushitsu+rotation_bin+bataiju_zogen,kyakushitsu,rotation_bin,bataiju_zogen,188,52533,75.32,10.06,73.89,False
SURFACE_2_ダ_条件戦,uma_deokure_bin+kyakushitsu+rotation_bin,uma_deokure_bin,kyakushitsu,rotation_bin,71,61054,75.94,8.83,73.88,False
SURFACE_2_ダ_条件戦,keibajo_code+kyori_tekisei+kyakushitsu,keibajo_code,kyori_tekisei,kyakushitsu,153,72491,75.49,10.15,73.88,False
SURFACE_2_ダ_条件戦,kyori_tekisei+bataiju_zogen+pace_shisu_juni,kyori_tekisei,bataiju_zogen,pace_shisu_juni,205,34476,75.59,12.49,73.88,False
SURFACE_2_ダ_条件戦,kyori_tekisei+rotation_bin+ichi_shisu_juni,kyori_tekisei,rotation_bin,ichi_shisu_juni,225,49426,75.39,11.59,73.88,False
SURFACE_2_ダ_条件戦,keibajo_code+omo_tekisei_code+ls_shisu_juni,keibajo_code,omo_tekisei_code,ls_shisu_juni,123,57314,75.79,10.78,73.88,False
SURFACE_2_ダ_条件戦,manken_shirushi+sogo_shisu_decile+idm_decile,manken_shirushi,sogo_shisu_decile,idm_decile,94,46331,76.57,13.33,73.87,False
SURFACE_2_ダ_条件戦,kyori_kubun+omo_tekisei_code+bataiju,kyori_kubun,omo_tekisei_code,bataiju,231,49009,75.11,9.78,73.85,False
SURFACE_2_ダ_条件戦,uma_start_shisu_decile+omo_tekisei_code+bataiju_zogen,uma_start_shisu_decile,omo_tekisei_code,bataiju_zogen,153,54019,75.44,10.04,73.85,False
SURFACE_2_ダ_条件戦,hizume_code+kyori_tekisei+kyakushitsu,hizume_code,kyori_tekisei,kyakushitsu,119,54339,75.6,9.75,73.85,False
SURFACE_2_ダ_条件戦,pace_yoso+kyori_tekisei+rotation_bin,pace_yoso,kyori_tekisei,rotation_bin,78,59890,75.98,9.61,73.84,False
SURFACE_2_ダ_条件戦,manken_shirushi+tenkai_kigo_code+ten_shisu_juni,manken_shirushi,tenkai_kigo_code,ten_shisu_juni,192,32248,75.79,13.81,73.84,False
SURFACE_2_ダ_条件戦,uma_deokure_bin+keibajo_code+kyakushitsu,uma_deokure_bin,keibajo_code,kyakushitsu,84,59771,75.86,9.49,73.83,False
SURFACE_2_ダ_条件戦,ichi_shisu_juni+idm_decile+pace_shisu_juni,ichi_shisu_juni,idm_decile,pace_shisu_juni,156,32893,75.91,13.34,73.82,False
SURFACE_2_ダ_条件戦,uma_deokure_bin+keibajo_code+tenkai_kigo_code,uma_deokure_bin,keibajo_code,tenkai_kigo_code,109,60650,75.95,11.33,73.82,False
SURFACE_2_ダ_条件戦,omo_tekisei_code+rotation_bin+bataiju_zogen,omo_tekisei_code,rotation_bin,bataiju_zogen,144,55215,75.41,9.8,73.81,False
SURFACE_2_ダ_条件戦,uma_deokure_bin+pace_yoso+rotation_bin,uma_deokure_bin,pace_yoso,rotation_bin,61,62352,76.31,9.99,73.8,False
SURFACE_2_ダ_条件戦,manken_shirushi+kyori_tekisei+kijun_ninkijun_tansho,manken_shirushi,kyori_tekisei,kijun_ninkijun_tansho,177,36225,75.74,13.13,73.8,False
SURFACE_2_ダ_条件戦,pace_yoso+keibajo_code+bataiju,pace_yoso,keibajo_code,bataiju,195,27288,75.23,10.27,73.79,False
SURFACE_2_ダ_条件戦,manken_shisu_decile+kyakushitsu+bataiju_zogen,manken_shisu_decile,kyakushitsu,bataiju_zogen,223,45498,75.3,11.48,73.79,False
SURFACE_2_ダ_条件戦,manken_shirushi+ichi_shisu_juni+ten_shisu_juni,manken_shirushi,ichi_shisu_juni,ten_shisu_juni,65,10589,76.73,12.1,73.79,False
SURFACE_2_ダ_条件戦,pace_yoso+uma_start_shisu_decile+rotation_bin,pace_yoso,uma_start_shisu_decile,rotation_bin,123,60836,75.21,8.15,73.77,False
SURFACE_2_ダ_条件戦,pace_yoso+kyori_tekisei+bataiju,pace_yoso,kyori_tekisei,bataiju,257,53375,75.11,11.01,73.77,False
SURFACE_2_ダ_条件戦,keibajo_code+rotation_bin+pace_shisu_juni,keibajo_code,rotation_bin,pace_shisu_juni,184,28784,75.5,12.02,73.76,False
SURFACE_2_ダ_条件戦,uma_start_shisu_decile+hizume_code+kyakushitsu,uma_start_shisu_decile,hizume_code,kyakushitsu,155,52923,75.25,9.46,73.76,False
SURFACE_2_ダ_条件戦,kyori_kubun+hizume_code+ichi_shisu_juni,kyori_kubun,hizume_code,ichi_shisu_juni,189,44163,75.15,9.7,73.76,False
SURFACE_2_ダ_条件戦,uma_start_shisu_decile+keibajo_code+rotation_bin,uma_start_shisu_decile,keibajo_code,rotation_bin,199,46371,75.35,11.47,73.76,False
SURFACE_2_ダ_条件戦,pace_yoso+kyori_kubun+omo_tekisei_code,pace_yoso,kyori_kubun,omo_tekisei_code,31,63365,75.91,6.14,73.75,False
SURFACE_2_ダ_条件戦,pace_yoso+uma_start_shisu_decile+ichi_shisu_juni,pace_yoso,uma_start_shisu_decile,ichi_shisu_juni,205,57341,75.11,9.91,73.75,False
SURFACE_2_ダ_条件戦,pace_yoso+uma_start_shisu_decile+tenkai_kigo_code,pace_yoso,uma_start_shisu_decile,tenkai_kigo_code,90,62255,76.34,12.52,73.75,False
SURFACE_2_ダ_条件戦,uma_deokure_bin+uma_start_shisu_decile+ichi_shisu_juni,uma_deokure_bin,uma_start_shisu_decile,ichi_shisu_juni,138,53547,75.44,10.13,73.75,False
SURFACE_2_ダ_条件戦,pace_yoso+kyakushitsu+bataiju,pace_yoso,kyakushitsu,bataiju,280,52032,74.91,9.93,73.75,False
SURFACE_2_ダ_条件戦,keibajo_code+kyori_tekisei+rotation_bin,keibajo_code,kyori_tekisei,rotation_bin,174,54053,75.34,10.77,73.74,False
SURFACE_2_ダ_条件戦,keibajo_code+bataiju_zogen+tenkai_kigo_code,keibajo_code,bataiju_zogen,tenkai_kigo_code,164,42600,75.46,11.25,73.74,False
SURFACE_2_ダ_条件戦,omo_tekisei_code+ichi_shisu_juni+bataiju_zogen,omo_tekisei_code,ichi_shisu_juni,bataiju_zogen,202,45895,75.19,10.47,73.74,False
SURFACE_2_ダ_条件戦,keibajo_code+rotation_bin+tenkai_kigo_code,keibajo_code,rotation_bin,tenkai_kigo_code,170,55150,75.5,11.78,73.73,False
SURFACE_2_ダ_条件戦,manken_shirushi+kyori_tekisei+idm_decile,manken_shirushi,kyori_tekisei,idm_decile,145,44021,75.8,12.69,73.73,False
SURFACE_2_ダ_条件戦,bataiju_zogen+tenkai_kigo_code+gekiso_juni,bataiju_zogen,tenkai_kigo_code,gekiso_juni,170,36125,75.57,12.2,73.73,False
SURFACE_2_ダ_条件戦,uma_start_shisu_decile+hizume_code+rotation_bin,uma_start_shisu_decile,hizume_code,rotation_bin,172,43473,75.32,10.71,73.72,False
SURFACE_2_ダ_条件戦,manken_shisu_decile+joshodo_code+omo_tekisei_code,manken_shisu_decile,joshodo_code,omo_tekisei_code,34,61869,76.48,8.2,73.72,False
SURFACE_2_ダ_条件戦,keibajo_code+rotation_bin+gekiso_juni,keibajo_code,rotation_bin,gekiso_juni,178,28148,75.55,12.51,73.71,False
SURFACE_2_ダ_条件戦,kyori_tekisei+omo_tekisei_code+ichi_shisu_juni,kyori_tekisei,omo_tekisei_code,ichi_shisu_juni,134,58824,75.4,9.96,73.71,False
SURFACE_2_ダ_条件戦,hizume_code+joshodo_code+bataiju,hizume_code,joshodo_code,bataiju,193,40441,75.2,10.55,73.71,False
SURFACE_2_ダ_条件戦,uma_deokure_bin+keibajo_code+bataiju_zogen,uma_deokure_bin,keibajo_code,bataiju_zogen,169,51149,75.18,9.81,73.7,False
SURFACE_2_ダ_条件戦,rotation_bin+ichi_shisu_juni+kijun_ninkijun_tansho,rotation_bin,ichi_shisu_juni,kijun_ninkijun_tansho,133,19326,76.0,13.67,73.68,False
SURFACE_2_ダ_条件戦,hizume_code+omo_tekisei_code+bataiju,hizume_code,omo_tekisei_code,bataiju,161,24685,75.42,11.28,73.68,False
SURFACE_2_ダ_条件戦,kyakushitsu+bataiju_zogen+gekiso_juni,kyakushitsu,bataiju_zogen,gekiso_juni,218,37786,75.19,11.39,73.68,False
SURFACE_2_ダ_条件戦,manken_shisu_decile+ichi_shisu_juni+pace_shisu_juni,manken_shisu_decile,ichi_shisu_juni,pace_shisu_juni,88,18171,76.01,11.16,73.68,False
SURFACE_2_ダ_条件戦,kyori_kubun+kyori_tekisei+omo_tekisei_code,kyori_kubun,kyori_tekisei,omo_tekisei_code,38,60677,76.39,8.55,73.68,False
SURFACE_2_ダ_条件戦,kyori_kubun+rotation_bin+bataiju_zogen,kyori_kubun,rotation_bin,bataiju_zogen,167,53962,75.25,10.32,73.68,False
SURFACE_2_ダ_条件戦,uma_start_shisu_decile+joshodo_code+rotation_bin,uma_start_shisu_decile,joshodo_code,rotation_bin,58,62503,75.51,7.17,73.67,False
SURFACE_2_ダ_条件戦,kyori_tekisei+manken_shisu_decile+rotation_bin,kyori_tekisei,manken_shisu_decile,rotation_bin,188,53825,75.29,11.33,73.67,False
SURFACE_2_ダ_条件戦,pace_yoso+omo_tekisei_code+rotation_bin,pace_yoso,omo_tekisei_code,rotation_bin,51,61849,75.4,6.32,73.66,False
SURFACE_2_ダ_条件戦,kyakushitsu+omo_tekisei_code+bataiju,kyakushitsu,omo_tekisei_code,bataiju,235,44012,75.1,11.27,73.66,False
SURFACE_2_ダ_条件戦,uma_deokure_bin+ichi_shisu_juni+bataiju_zogen,uma_deokure_bin,ichi_shisu_juni,bataiju_zogen,196,45755,75.07,10.09,73.65,False
SURFACE_2_ダ_条件戦,kyori_kubun+kyakushitsu+bataiju,kyori_kubun,kyakushitsu,bataiju,270,43208,74.98,11.23,73.64,False
SURFACE_2_ダ_条件戦,uma_start_shisu_decile+kyori_kubun+tenkai_kigo_code,uma_start_shisu_decile,kyori_kubun,tenkai_kigo_code,101,61440,76.09,12.57,73.64,False
SURFACE_2_ダ_条件戦,hizume_code+bataiju_zogen+tenkai_kigo_code,hizume_code,bataiju_zogen,tenkai_kigo_code,142,40433,75.45,11.02,73.64,False
SURFACE_2_ダ_条件戦,manken_shirushi+idm_decile+ls_shisu_juni,manken_shirushi,idm_decile,ls_shisu_juni,182,38415,75.67,13.97,73.64,False
SURFACE_2_ダ_条件戦,keibajo_code+omo_tekisei_code+tenkai_kigo_code,keibajo_code,omo_tekisei_code,tenkai_kigo_code,110,61300,75.91,12.22,73.63,False
SURFACE_2_ダ_条件戦,uma_deokure_bin+pace_yoso+bataiju,uma_deokure_bin,pace_yoso,bataiju,188,48105,74.87,8.68,73.63,False
SURFACE_2_ダ_条件戦,bataiju_zogen+idm_decile+ten_shisu_juni,bataiju_zogen,idm_decile,ten_shisu_juni,165,23630,75.59,12.8,73.63,False
SURFACE_2_ダ_条件戦,uma_start_shisu_decile+joshodo_code+ichi_shisu_juni,uma_start_shisu_decile,joshodo_code,ichi_shisu_juni,112,62168,75.25,8.86,73.61,False
SURFACE_2_ダ_条件戦,kyori_tekisei+omo_tekisei_code+ls_shisu_juni,kyori_tekisei,omo_tekisei_code,ls_shisu_juni,84,59787,76.07,11.48,73.61,False
SURFACE_2_ダ_条件戦,uma_deokure_bin+uma_start_shisu_decile+rotation_bin,uma_deokure_bin,uma_start_shisu_decile,rotation_bin,101,58898,75.61,10.28,73.6,False
SURFACE_2_ダ_条件戦,uma_start_shisu_decile+manken_shisu_decile+kyakushitsu,uma_start_shisu_decile,manken_shisu_decile,kyakushitsu,189,56187,75.22,11.39,73.6,False
SURFACE_2_ダ_条件戦,pace_yoso+rotation_bin+tenkai_kigo_code,pace_yoso,rotation_bin,tenkai_kigo_code,85,62180,75.97,11.16,73.59,False
SURFACE_2_ダ_条件戦,kyori_kubun+joshodo_code+omo_tekisei_code,kyori_kubun,joshodo_code,omo_tekisei_code,17,63328,77.47,8.16,73.59,False
SURFACE_2_ダ_条件戦,uma_deokure_bin+manken_shisu_decile+kyakushitsu,uma_deokure_bin,manken_shisu_decile,kyakushitsu,85,58837,75.57,9.33,73.59,False
SURFACE_2_ダ_条件戦,keibajo_code+kyori_kubun+hizume_code,keibajo_code,kyori_kubun,hizume_code,148,54184,74.91,8.24,73.58,False
SURFACE_2_ダ_条件戦,manken_shirushi+keibajo_code+tenkai_kigo_code,manken_shirushi,keibajo_code,tenkai_kigo_code,172,37825,75.35,11.96,73.57,False
SURFACE_2_ダ_条件戦,kyori_tekisei+bataiju_zogen+tenkai_kigo_code,kyori_tekisei,bataiju_zogen,tenkai_kigo_code,139,52309,75.62,12.3,73.57,False
SURFACE_2_ダ_条件戦,keibajo_code+kyori_tekisei+bataiju_zogen,keibajo_code,kyori_tekisei,bataiju_zogen,180,42912,75.28,11.73,73.56,False
SURFACE_2_ダ_条件戦,hizume_code+kyakushitsu+pace_shisu_juni,hizume_code,kyakushitsu,pace_shisu_juni,195,42548,75.08,10.86,73.56,False
SURFACE_2_ダ_条件戦,kyori_tekisei+bataiju_zogen+ten_shisu_juni,kyori_tekisei,bataiju_zogen,ten_shisu_juni,218,35249,75.26,12.78,73.56,False
SURFACE_2_ダ_条件戦,pace_yoso+uma_start_shisu_decile+bataiju_zogen,pace_yoso,uma_start_shisu_decile,bataiju_zogen,160,54394,75.03,9.47,73.56,False
SURFACE_2_ダ_条件戦,pace_yoso+hizume_code+omo_tekisei_code,pace_yoso,hizume_code,omo_tekisei_code,75,60523,75.51,8.63,73.55,False
SURFACE_2_ダ_条件戦,kyori_kubun+hizume_code+omo_tekisei_code,kyori_kubun,hizume_code,omo_tekisei_code,83,59428,75.55,9.38,73.54,False
SURFACE_2_ダ_条件戦,kyori_tekisei+kyakushitsu+tenkai_kigo_code,kyori_tekisei,kyakushitsu,tenkai_kigo_code,60,73616,76.64,12.26,73.54,False
SURFACE_2_ダ_条件戦,kyori_tekisei+kyakushitsu+rotation_bin,kyori_tekisei,kyakushitsu,rotation_bin,105,59538,75.49,10.18,73.54,False
SURFACE_2_ダ_条件戦,uma_deokure_bin+kyori_kubun+bataiju,uma_deokure_bin,kyori_kubun,bataiju,232,48815,74.86,10.35,73.53,False
SURFACE_2_ダ_条件戦,kyori_kubun+hizume_code+joshodo_code,kyori_kubun,hizume_code,joshodo_code,54,61112,75.64,7.9,73.53,False
SURFACE_2_ダ_条件戦,uma_start_shisu_decile+joshodo_code+bataiju_zogen,uma_start_shisu_decile,joshodo_code,bataiju_zogen,95,59455,75.42,9.42,73.53,False
SURFACE_2_ダ_条件戦,kyori_tekisei+rotation_bin+tenkai_kigo_code,kyori_tekisei,rotation_bin,tenkai_kigo_code,103,58232,75.9,12.3,73.52,False
SURFACE_2_ダ_条件戦,rotation_bin+bataiju_zogen+tenkai_kigo_code,rotation_bin,bataiju_zogen,tenkai_kigo_code,159,49565,75.31,11.54,73.52,False
SURFACE_2_ダ_条件戦,uma_deokure_bin+uma_start_shisu_decile+pace_shisu_juni,uma_deokure_bin,uma_start_shisu_decile,pace_shisu_juni,138,53158,75.25,10.42,73.51,False
SURFACE_2_ダ_条件戦,pace_yoso+kyori_tekisei+bataiju_zogen,pace_yoso,kyori_tekisei,bataiju_zogen,115,55744,75.28,9.73,73.51,False
SURFACE_2_ダ_条件戦,uma_start_shisu_decile+omo_tekisei_code+ichi_shisu_juni,uma_start_shisu_decile,omo_tekisei_code,ichi_shisu_juni,198,57446,74.89,9.9,73.51,False
SURFACE_2_ダ_条件戦,hizume_code+kyori_tekisei+rotation_bin,hizume_code,kyori_tekisei,rotation_bin,148,49972,75.24,10.75,73.51,False
SURFACE_2_ダ_条件戦,uma_start_shisu_decile+kyori_tekisei+gekiso_juni,uma_start_shisu_decile,kyori_tekisei,gekiso_juni,206,46233,75.34,13.4,73.51,False
SURFACE_2_ダ_条件戦,pace_yoso+rotation_bin+bataiju_zogen,pace_yoso,rotation_bin,bataiju_zogen,154,55610,74.97,9.34,73.5,False
SURFACE_2_ダ_条件戦,uma_start_shisu_decile+kyakushitsu+pace_shisu_juni,uma_start_shisu_decile,kyakushitsu,pace_shisu_juni,211,53047,75.03,11.45,73.49,False
SURFACE_2_ダ_条件戦,uma_start_shisu_decile+hizume_code+omo_tekisei_code,uma_start_shisu_decile,hizume_code,omo_tekisei_code,128,55787,75.2,9.99,73.47,False
SURFACE_2_ダ_条件戦,uma_start_shisu_decile+kyakushitsu+ichi_shisu_juni,uma_start_shisu_decile,kyakushitsu,ichi_shisu_juni,189,54364,74.98,10.62,73.47,False
SURFACE_2_ダ_条件戦,pace_yoso+hizume_code+kyori_tekisei,pace_yoso,hizume_code,kyori_tekisei,89,55339,75.43,9.44,73.47,False
SURFACE_2_ダ_条件戦,joshodo_code+omo_tekisei_code+rotation_bin,joshodo_code,omo_tekisei_code,rotation_bin,23,61893,77.29,9.39,73.45,False
SURFACE_2_ダ_条件戦,kyori_kubun+manken_shisu_decile+rotation_bin,kyori_kubun,manken_shisu_decile,rotation_bin,170,58001,75.11,11.1,73.44,False
SURFACE_2_ダ_条件戦,uma_start_shisu_decile+kyakushitsu+ls_shisu_juni,uma_start_shisu_decile,kyakushitsu,ls_shisu_juni,151,58341,75.31,11.86,73.42,False
SURFACE_2_ダ_条件戦,pace_yoso+bataiju_zogen+pace_shisu_juni,pace_yoso,bataiju_zogen,pace_shisu_juni,196,43739,74.86,10.32,73.42,False
SURFACE_2_ダ_条件戦,kyori_tekisei+manken_shisu_decile+kyakushitsu,kyori_tekisei,manken_shisu_decile,kyakushitsu,157,71669,74.98,10.06,73.41,False
SURFACE_2_ダ_条件戦,manken_shirushi+uma_start_shisu_decile+idm_decile,manken_shirushi,uma_start_shisu_decile,idm_decile,167,30549,75.58,14.32,73.41,False
SURFACE_2_ダ_条件戦,manken_shirushi+kyori_kubun+joshodo_code,manken_shirushi,kyori_kubun,joshodo_code,56,48505,75.48,7.9,73.41,False
SURFACE_2_ダ_条件戦,kyori_tekisei+kyakushitsu+bataiju_zogen,kyori_tekisei,kyakushitsu,bataiju_zogen,148,54393,75.01,9.96,73.41,False
SURFACE_2_ダ_条件戦,kyori_tekisei+joshodo_code+bataiju,kyori_tekisei,joshodo_code,bataiju,225,64053,74.76,10.32,73.41,False
SURFACE_2_ダ_条件戦,pace_yoso+uma_start_shisu_decile+ls_shisu_juni,pace_yoso,uma_start_shisu_decile,ls_shisu_juni,133,60642,75.49,12.25,73.41,False
SURFACE_2_ダ_条件戦,joshodo_code+bataiju+ls_shisu_juni,joshodo_code,bataiju,ls_shisu_juni,249,50000,74.87,11.89,73.4,False
SURFACE_2_ダ_条件戦,manken_shirushi+kyori_tekisei+sogo_shisu_decile,manken_shirushi,kyori_tekisei,sogo_shisu_decile,169,43780,75.47,13.74,73.4,False
SURFACE_2_ダ_条件戦,kyori_kubun+kyori_tekisei+bataiju_zogen,kyori_kubun,kyori_tekisei,bataiju_zogen,114,54797,75.21,9.95,73.39,False
SURFACE_2_ダ_条件戦,pace_yoso+hizume_code+bataiju_zogen,pace_yoso,hizume_code,bataiju_zogen,151,47629,74.92,9.55,73.39,False
SURFACE_2_ダ_条件戦,manken_shirushi+tenkai_kigo_code+ls_shisu_juni,manken_shirushi,tenkai_kigo_code,ls_shisu_juni,160,41467,75.4,13.0,73.39,False
SURFACE_2_ダ_条件戦,manken_shirushi+keibajo_code+ichi_shisu_juni,manken_shirushi,keibajo_code,ichi_shisu_juni,46,9667,76.06,9.33,73.37,False
SURFACE_2_ダ_条件戦,hizume_code+rotation_bin+pace_shisu_juni,hizume_code,rotation_bin,pace_shisu_juni,169,29881,75.11,11.62,73.36,False
SURFACE_2_ダ_条件戦,manken_shirushi+rotation_bin+idm_decile,manken_shirushi,rotation_bin,idm_decile,153,32471,75.62,14.23,73.36,False
SURFACE_2_ダ_条件戦,bataiju+tenkai_kigo_code+ten_shisu_juni,bataiju,tenkai_kigo_code,ten_shisu_juni,7,735,84.64,15.24,73.35,False
SURFACE_2_ダ_条件戦,kyori_kubun+kyori_tekisei+tenkai_kigo_code,kyori_kubun,kyori_tekisei,tenkai_kigo_code,55,72884,76.18,10.76,73.34,False
SURFACE_2_ダ_条件戦,kyori_kubun+hizume_code+kyakushitsu,kyori_kubun,hizume_code,kyakushitsu,109,57520,74.79,7.81,73.33,False
SURFACE_2_ダ_条件戦,uma_deokure_bin+kyori_kubun+rotation_bin,uma_deokure_bin,kyori_kubun,rotation_bin,66,61300,76.11,11.54,73.33,False
SURFACE_2_ダ_条件戦,pace_yoso+hizume_code+ichi_shisu_juni,pace_yoso,hizume_code,ichi_shisu_juni,191,48253,74.81,10.47,73.33,False
SURFACE_2_ダ_条件戦,uma_start_shisu_decile+kyori_kubun+pace_shisu_juni,uma_start_shisu_decile,kyori_kubun,pace_shisu_juni,225,53770,74.87,11.97,73.31,False
SURFACE_2_ダ_条件戦,ichi_shisu_juni+idm_decile+gekiso_juni,ichi_shisu_juni,idm_decile,gekiso_juni,148,27275,75.44,13.19,73.31,False
SURFACE_2_ダ_条件戦,uma_deokure_bin+kyakushitsu+bataiju,uma_deokure_bin,kyakushitsu,bataiju,227,44968,74.68,10.58,73.31,False
SURFACE_2_ダ_条件戦,uma_deokure_bin+uma_start_shisu_decile+keibajo_code,uma_deokure_bin,uma_start_shisu_decile,keibajo_code,118,56597,75.07,9.77,73.3,False
SURFACE_2_ダ_条件戦,kyori_kubun+bataiju_zogen+gekiso_juni,kyori_kubun,bataiju_zogen,gekiso_juni,212,41514,74.83,11.48,73.29,False
SURFACE_2_ダ_条件戦,pace_yoso+hizume_code+kyakushitsu,pace_yoso,hizume_code,kyakushitsu,92,57724,74.94,8.09,73.29,False
SURFACE_2_ダ_条件戦,uma_deokure_bin+keibajo_code+ls_shisu_juni,uma_deokure_bin,keibajo_code,ls_shisu_juni,125,57371,75.07,10.13,73.29,False
SURFACE_2_ダ_条件戦,hizume_code+joshodo_code+omo_tekisei_code,hizume_code,joshodo_code,omo_tekisei_code,37,61301,76.09,8.73,73.28,False
SURFACE_2_ダ_条件戦,uma_deokure_bin+uma_start_shisu_decile+bataiju,uma_deokure_bin,uma_start_shisu_decile,bataiju,164,31991,75.07,11.72,73.28,False
SURFACE_2_ダ_条件戦,keibajo_code+kyakushitsu+rotation_bin,keibajo_code,kyakushitsu,rotation_bin,189,57777,74.72,10.18,73.27,False
SURFACE_2_ダ_条件戦,keibajo_code+kyori_kubun+rotation_bin,keibajo_code,kyori_kubun,rotation_bin,145,61141,74.72,8.9,73.27,False
SURFACE_2_ダ_条件戦,uma_deokure_bin+joshodo_code+ten_shisu_juni,uma_deokure_bin,joshodo_code,ten_shisu_juni,52,61813,76.26,11.05,73.26,False
SURFACE_2_ダ_条件戦,manken_shirushi+uma_start_shisu_decile+pace_shisu_juni,manken_shirushi,uma_start_shisu_decile,pace_shisu_juni,77,11303,75.95,12.08,73.25,False
SURFACE_2_ダ_条件戦,uma_deokure_bin+uma_start_shisu_decile+bataiju_zogen,uma_deokure_bin,uma_start_shisu_decile,bataiju_zogen,127,52964,75.11,10.7,73.25,False
SURFACE_2_ダ_条件戦,uma_deokure_bin+rotation_bin+bataiju_zogen,uma_deokure_bin,rotation_bin,bataiju_zogen,141,54396,74.78,9.24,73.25,False
SURFACE_2_ダ_条件戦,kyakushitsu+omo_tekisei_code+rotation_bin,kyakushitsu,omo_tekisei_code,rotation_bin,70,61537,75.22,8.38,73.25,False
SURFACE_2_ダ_条件戦,kyori_kubun+bataiju_zogen+tenkai_kigo_code,kyori_kubun,bataiju_zogen,tenkai_kigo_code,133,56080,75.2,11.51,73.25,False
SURFACE_2_ダ_条件戦,kyori_kubun+hizume_code+rotation_bin,kyori_kubun,hizume_code,rotation_bin,142,53835,74.83,9.63,73.24,False
SURFACE_2_ダ_条件戦,uma_start_shisu_decile+idm_decile+tenkai_kigo_code,uma_start_shisu_decile,idm_decile,tenkai_kigo_code,136,58352,75.75,14.97,73.23,False
SURFACE_2_ダ_条件戦,omo_tekisei_code+tenkai_kigo_code+ls_shisu_juni,omo_tekisei_code,tenkai_kigo_code,ls_shisu_juni,85,61216,75.85,12.33,73.23,False
SURFACE_2_ダ_条件戦,kyori_kubun+bataiju_zogen+ls_shisu_juni,kyori_kubun,bataiju_zogen,ls_shisu_juni,172,52015,74.87,11.09,73.22,False
SURFACE_2_ダ_条件戦,manken_shirushi+kyakushitsu+gekiso_juni,manken_shirushi,kyakushitsu,gekiso_juni,189,34275,74.94,12.07,73.22,False
SURFACE_2_ダ_条件戦,keibajo_code+joshodo_code+bataiju_zogen,keibajo_code,joshodo_code,bataiju_zogen,113,58533,74.53,7.13,73.22,False
SURFACE_2_ダ_条件戦,hizume_code+joshodo_code+bataiju_zogen,hizume_code,joshodo_code,bataiju_zogen,101,54131,74.78,8.01,73.22,False
SURFACE_2_ダ_条件戦,bataiju+tenkai_kigo_code+pace_shisu_juni,bataiju,tenkai_kigo_code,pace_shisu_juni,24,2569,79.06,14.61,73.22,False
SURFACE_2_ダ_条件戦,manken_shirushi+joshodo_code+ten_shisu_juni,manken_shirushi,joshodo_code,ten_shisu_juni,141,44094,74.88,10.14,73.21,False
SURFACE_2_ダ_条件戦,pace_yoso+kyori_tekisei+tenkai_kigo_code,pace_yoso,kyori_tekisei,tenkai_kigo_code,53,73319,76.06,10.64,73.2,False
SURFACE_2_ダ_条件戦,manken_shirushi+omo_tekisei_code+gekiso_juni,manken_shirushi,omo_tekisei_code,gekiso_juni,144,36125,75.05,11.3,73.2,False
SURFACE_2_ダ_条件戦,hizume_code+kyakushitsu+rotation_bin,hizume_code,kyakushitsu,rotation_bin,160,52882,74.66,9.4,73.2,False
SURFACE_2_ダ_条件戦,uma_deokure_bin+kyori_tekisei+bataiju_zogen,uma_deokure_bin,kyori_tekisei,bataiju_zogen,99,53447,75.24,10.35,73.2,False
SURFACE_2_ダ_条件戦,uma_deokure_bin+idm_decile+tenkai_kigo_code,uma_deokure_bin,idm_decile,tenkai_kigo_code,70,60942,76.39,13.61,73.2,False
SURFACE_2_ダ_条件戦,uma_start_shisu_decile+kyori_tekisei+ichi_shisu_juni,uma_start_shisu_decile,kyori_tekisei,ichi_shisu_juni,192,44849,74.76,11.12,73.19,False
SURFACE_2_ダ_条件戦,manken_shirushi+rotation_bin+kijun_ninkijun_tansho,manken_shirushi,rotation_bin,kijun_ninkijun_tansho,135,20010,75.57,14.1,73.19,False
SURFACE_2_ダ_条件戦,uma_start_shisu_decile+keibajo_code+manken_shisu_decile,uma_start_shisu_decile,keibajo_code,manken_shisu_decile,174,33953,74.92,11.61,73.19,False
SURFACE_2_ダ_条件戦,kyori_kubun+hizume_code+bataiju_zogen,kyori_kubun,hizume_code,bataiju_zogen,161,45390,74.61,9.25,73.18,False
SURFACE_2_ダ_条件戦,joshodo_code+omo_tekisei_code+ichi_shisu_juni,joshodo_code,omo_tekisei_code,ichi_shisu_juni,43,62527,75.7,8.44,73.18,False
SURFACE_2_ダ_条件戦,keibajo_code+hizume_code+kyakushitsu,keibajo_code,hizume_code,kyakushitsu,183,49641,74.67,10.32,73.17,False
SURFACE_2_ダ_条件戦,kyori_kubun+omo_tekisei_code+rotation_bin,kyori_kubun,omo_tekisei_code,rotation_bin,62,61338,75.59,9.74,73.17,False
SURFACE_2_ダ_条件戦,keibajo_code+hizume_code+omo_tekisei_code,keibajo_code,hizume_code,omo_tekisei_code,141,54325,74.92,10.64,73.16,False
SURFACE_2_ダ_条件戦,kyakushitsu+omo_tekisei_code+ls_shisu_juni,kyakushitsu,omo_tekisei_code,ls_shisu_juni,81,62128,75.47,10.66,73.15,False
SURFACE_2_ダ_条件戦,uma_deokure_bin+kyori_tekisei+manken_shisu_decile,uma_deokure_bin,kyori_tekisei,manken_shisu_decile,83,55732,75.26,9.79,73.15,False
SURFACE_2_ダ_条件戦,kyakushitsu+ichi_shisu_juni+ten_shisu_juni,kyakushitsu,ichi_shisu_juni,ten_shisu_juni,236,53637,74.63,11.63,73.15,False
SURFACE_2_ダ_条件戦,uma_start_shisu_decile+keibajo_code+hizume_code,uma_start_shisu_decile,keibajo_code,hizume_code,160,36837,74.79,10.55,73.15,False
SURFACE_2_ダ_条件戦,pace_yoso+keibajo_code+rotation_bin,pace_yoso,keibajo_code,rotation_bin,143,59751,74.48,8.19,73.14,False
SURFACE_2_ダ_条件戦,pace_yoso+omo_tekisei_code+bataiju_zogen,pace_yoso,omo_tekisei_code,bataiju_zogen,89,59326,74.85,8.31,73.13,False
SURFACE_2_ダ_条件戦,kyori_kubun+kyori_tekisei+manken_shisu_decile,kyori_kubun,kyori_tekisei,manken_shisu_decile,104,70606,75.12,10.31,73.13,False
SURFACE_2_ダ_条件戦,kyakushitsu+omo_tekisei_code+bataiju_zogen,kyakushitsu,omo_tekisei_code,bataiju_zogen,109,57878,74.86,9.21,73.13,False
SURFACE_2_ダ_条件戦,omo_tekisei_code+bataiju_zogen+tenkai_kigo_code,omo_tekisei_code,bataiju_zogen,tenkai_kigo_code,112,56667,75.29,11.69,73.12,False
SURFACE_2_ダ_条件戦,manken_shirushi+gekiso_juni+ls_shisu_juni,manken_shirushi,gekiso_juni,ls_shisu_juni,139,24979,75.23,12.72,73.12,False
SURFACE_2_ダ_条件戦,uma_deokure_bin+ichi_shisu_juni+bataiju,uma_deokure_bin,ichi_shisu_juni,bataiju,33,3660,76.45,9.77,73.11,False
SURFACE_2_ダ_条件戦,hizume_code+kyori_tekisei+bataiju_zogen,hizume_code,kyori_tekisei,bataiju_zogen,164,41195,74.81,11.11,73.11,False
SURFACE_2_ダ_条件戦,hizume_code+kyori_tekisei+ichi_shisu_juni,hizume_code,kyori_tekisei,ichi_shisu_juni,187,39456,74.86,12.21,73.11,False
SURFACE_2_ダ_条件戦,bataiju_zogen+tenkai_kigo_code+ls_shisu_juni,bataiju_zogen,tenkai_kigo_code,ls_shisu_juni,171,47911,75.09,13.23,73.11,False
SURFACE_2_ダ_条件戦,pace_yoso+uma_start_shisu_decile+pace_shisu_juni,pace_yoso,uma_start_shisu_decile,pace_shisu_juni,209,57083,74.55,10.66,73.1,False
SURFACE_2_ダ_条件戦,uma_deokure_bin+pace_yoso+bataiju_zogen,uma_deokure_bin,pace_yoso,bataiju_zogen,94,59064,75.29,10.82,73.1,False
SURFACE_2_ダ_条件戦,kyori_tekisei+rotation_bin+ten_shisu_juni,kyori_tekisei,rotation_bin,ten_shisu_juni,229,49855,74.74,12.66,73.1,False
SURFACE_2_ダ_条件戦,hizume_code+kyori_tekisei+tenkai_kigo_code,hizume_code,kyori_tekisei,tenkai_kigo_code,121,53264,75.33,12.59,73.09,False
SURFACE_2_ダ_条件戦,keibajo_code+kyori_kubun+kyori_tekisei,keibajo_code,kyori_kubun,kyori_tekisei,78,72527,74.93,8.32,73.08,False
SURFACE_2_ダ_条件戦,pace_yoso+kyori_kubun+bataiju_zogen,pace_yoso,kyori_kubun,bataiju_zogen,104,59008,74.57,7.73,73.08,False
SURFACE_2_ダ_条件戦,ichi_shisu_juni+kijun_ninkijun_tansho+gekiso_juni,ichi_shisu_juni,kijun_ninkijun_tansho,gekiso_juni,81,14002,76.05,13.68,73.07,False
SURFACE_2_ダ_条件戦,keibajo_code+kijun_ninkijun_tansho+gekiso_juni,keibajo_code,kijun_ninkijun_tansho,gekiso_juni,118,17333,75.43,13.1,73.07,False
SURFACE_2_ダ_条件戦,uma_deokure_bin+keibajo_code+rotation_bin,uma_deokure_bin,keibajo_code,rotation_bin,122,57090,74.77,9.54,73.07,False
SURFACE_2_ダ_条件戦,kyori_tekisei+bataiju_zogen+gekiso_juni,kyori_tekisei,bataiju_zogen,gekiso_juni,196,35487,74.86,12.79,73.07,False
SURFACE_2_ダ_条件戦,hizume_code+kyakushitsu+bataiju_zogen,hizume_code,kyakushitsu,bataiju_zogen,173,43141,74.56,10.01,73.07,False
SURFACE_2_ダ_条件戦,manken_shirushi+sogo_shisu_decile+ten_shisu_juni,manken_shirushi,sogo_shisu_decile,ten_shisu_juni,120,15348,75.55,13.92,73.06,False
SURFACE_2_ダ_条件戦,omo_tekisei_code+bataiju_zogen+ls_shisu_juni,omo_tekisei_code,bataiju_zogen,ls_shisu_juni,144,52871,74.83,10.92,73.04,False
SURFACE_2_ダ_条件戦,keibajo_code+omo_tekisei_code+rotation_bin,keibajo_code,omo_tekisei_code,rotation_bin,126,57985,74.68,9.34,73.04,False
SURFACE_2_ダ_条件戦,uma_deokure_bin+joshodo_code+ls_shisu_juni,uma_deokure_bin,joshodo_code,ls_shisu_juni,32,62210,77.25,12.16,73.04,False
SURFACE_2_ダ_条件戦,uma_deokure_bin+rotation_bin+tenkai_kigo_code,uma_deokure_bin,rotation_bin,tenkai_kigo_code,74,60551,76.0,12.99,73.04,False
SURFACE_2_ダ_条件戦,uma_start_shisu_decile+hizume_code+tenkai_kigo_code,uma_start_shisu_decile,hizume_code,tenkai_kigo_code,148,49881,74.95,11.92,73.03,False
SURFACE_2_ダ_条件戦,uma_deokure_bin+uma_start_shisu_decile+ls_shisu_juni,uma_deokure_bin,uma_start_shisu_decile,ls_shisu_juni,99,57281,75.24,11.29,73.02,False
SURFACE_2_ダ_条件戦,manken_shirushi+manken_shisu_decile+joshodo_code,manken_shirushi,manken_shisu_decile,joshodo_code,75,47089,74.86,8.15,73.02,False
SURFACE_2_ダ_条件戦,manken_shisu_decile+bataiju_zogen+ls_shisu_juni,manken_shisu_decile,bataiju_zogen,ls_shisu_juni,185,30131,74.91,13.11,73.02,False
SURFACE_2_ダ_条件戦,uma_deokure_bin+hizume_code+tenkai_kigo_code,uma_deokure_bin,hizume_code,tenkai_kigo_code,99,56642,75.51,12.69,73.02,False
SURFACE_2_ダ_条件戦,hizume_code+rotation_bin+ichi_shisu_juni,hizume_code,rotation_bin,ichi_shisu_juni,167,29508,74.82,11.96,73.01,False
SURFACE_2_ダ_条件戦,kyori_tekisei+manken_shisu_decile+pace_shisu_juni,kyori_tekisei,manken_shisu_decile,pace_shisu_juni,246,52760,74.64,13.02,73.01,False
SURFACE_2_ダ_条件戦,kyori_kubun+omo_tekisei_code+tenkai_kigo_code,kyori_kubun,omo_tekisei_code,tenkai_kigo_code,47,62987,76.23,11.29,73.01,False
SURFACE_2_ダ_条件戦,hizume_code+kyakushitsu+ten_shisu_juni,hizume_code,kyakushitsu,ten_shisu_juni,188,42132,74.6,11.1,73.01,False
SURFACE_2_ダ_条件戦,pace_yoso+bataiju_zogen+ten_shisu_juni,pace_yoso,bataiju_zogen,ten_shisu_juni,202,44000,74.56,11.33,73.0,False
SURFACE_2_ダ_条件戦,kyori_kubun+manken_shisu_decile+tenkai_kigo_code,kyori_kubun,manken_shisu_decile,tenkai_kigo_code,136,73685,74.71,10.16,73.0,False
SURFACE_2_ダ_条件戦,uma_deokure_bin+hizume_code+bataiju,uma_deokure_bin,hizume_code,bataiju,164,24073,74.68,10.97,73.0,False
SURFACE_2_ダ_条件戦,kyori_kubun+ichi_shisu_juni+ten_shisu_juni,kyori_kubun,ichi_shisu_juni,ten_shisu_juni,234,52166,74.41,10.99,73.0,False
SURFACE_2_ダ_条件戦,uma_start_shisu_decile+omo_tekisei_code+pace_shisu_juni,uma_start_shisu_decile,omo_tekisei_code,pace_shisu_juni,202,57223,74.49,10.89,72.99,False
SURFACE_2_ダ_条件戦,manken_shirushi+joshodo_code+pace_shisu_juni,manken_shirushi,joshodo_code,pace_shisu_juni,134,43804,74.74,10.32,72.99,False
SURFACE_2_ダ_条件戦,pace_yoso+bataiju_zogen+gekiso_juni,pace_yoso,bataiju_zogen,gekiso_juni,200,44380,74.59,11.59,72.98,False
SURFACE_2_ダ_条件戦,hizume_code+rotation_bin+ls_shisu_juni,hizume_code,rotation_bin,ls_shisu_juni,180,44420,74.71,11.86,72.98,False
SURFACE_2_ダ_条件戦,kyori_kubun+rotation_bin+tenkai_kigo_code,kyori_kubun,rotation_bin,tenkai_kigo_code,94,61659,75.29,11.43,72.98,False
SURFACE_2_ダ_条件戦,keibajo_code+hizume_code+kyori_tekisei,keibajo_code,hizume_code,kyori_tekisei,148,45348,74.75,11.08,72.97,False
SURFACE_2_ダ_条件戦,kyakushitsu+ichi_shisu_juni+pace_shisu_juni,kyakushitsu,ichi_shisu_juni,pace_shisu_juni,235,54301,74.44,11.68,72.95,False
SURFACE_2_ダ_条件戦,pace_yoso+omo_tekisei_code+tenkai_kigo_code,pace_yoso,omo_tekisei_code,tenkai_kigo_code,40,63422,76.36,10.98,72.95,False
SURFACE_2_ダ_条件戦,manken_shirushi+joshodo_code+tenkai_kigo_code,manken_shirushi,joshodo_code,tenkai_kigo_code,59,48198,75.53,10.25,72.91,False
SURFACE_2_ダ_条件戦,kyori_tekisei+joshodo_code+bataiju_zogen,kyori_tekisei,joshodo_code,bataiju_zogen,59,58084,75.17,8.93,72.89,False
SURFACE_2_ダ_条件戦,pace_yoso+manken_shisu_decile+tenkai_kigo_code,pace_yoso,manken_shisu_decile,tenkai_kigo_code,116,73798,74.92,11.23,72.88,False
SURFACE_2_ダ_条件戦,manken_shisu_decile+ichi_shisu_juni+kijun_ninkijun_tansho,manken_shisu_decile,ichi_shisu_juni,kijun_ninkijun_tansho,95,17338,76.23,16.65,72.88,False
SURFACE_2_ダ_条件戦,uma_start_shisu_decile+omo_tekisei_code+ten_shisu_juni,uma_start_shisu_decile,omo_tekisei_code,ten_shisu_juni,201,56927,74.55,12.17,72.87,False
SURFACE_2_ダ_条件戦,kyori_kubun+ichi_shisu_juni+bataiju,kyori_kubun,ichi_shisu_juni,bataiju,80,11356,75.26,10.94,72.86,False
SURFACE_2_ダ_条件戦,kyori_tekisei+kyakushitsu+ls_shisu_juni,kyori_tekisei,kyakushitsu,ls_shisu_juni,124,72492,74.81,11.07,72.86,False
SURFACE_2_ダ_条件戦,uma_start_shisu_decile+joshodo_code+pace_shisu_juni,uma_start_shisu_decile,joshodo_code,pace_shisu_juni,112,61919,74.57,9.25,72.86,False
SURFACE_2_ダ_条件戦,pace_yoso+kyori_kubun+kyori_tekisei,pace_yoso,kyori_kubun,kyori_tekisei,39,73614,75.6,8.77,72.85,False
SURFACE_2_ダ_条件戦,keibajo_code+hizume_code+pace_shisu_juni,keibajo_code,hizume_code,pace_shisu_juni,112,19233,74.68,9.98,72.84,False
SURFACE_2_ダ_条件戦,kyakushitsu+omo_tekisei_code+ichi_shisu_juni,kyakushitsu,omo_tekisei_code,ichi_shisu_juni,99,60870,74.51,8.47,72.84,False
SURFACE_2_ダ_条件戦,uma_start_shisu_decile+rotation_bin+pace_shisu_juni,uma_start_shisu_decile,rotation_bin,pace_shisu_juni,192,35959,74.64,12.75,72.84,False
SURFACE_2_ダ_条件戦,keibajo_code+kyori_tekisei+joshodo_code,keibajo_code,kyori_tekisei,joshodo_code,50,71591,74.93,7.51,72.84,False
SURFACE_2_ダ_条件戦,kyori_tekisei+manken_shisu_decile+ten_shisu_juni,kyori_tekisei,manken_shisu_decile,ten_shisu_juni,260,53557,74.55,14.04,72.84,False
SURFACE_2_ダ_条件戦,bataiju_zogen+idm_decile+pace_shisu_juni,bataiju_zogen,idm_decile,pace_shisu_juni,162,24506,74.99,14.0,72.83,False
SURFACE_2_ダ_条件戦,hizume_code+omo_tekisei_code+bataiju_zogen,hizume_code,omo_tekisei_code,bataiju_zogen,144,49182,74.41,9.66,72.83,False
SURFACE_2_ダ_条件戦,rotation_bin+ten_shisu_juni+ls_shisu_juni,rotation_bin,ten_shisu_juni,ls_shisu_juni,202,35899,74.76,13.96,72.83,False
SURFACE_2_ダ_条件戦,uma_deokure_bin+omo_tekisei_code+ichi_shisu_juni,uma_deokure_bin,omo_tekisei_code,ichi_shisu_juni,82,58262,75.04,10.2,72.83,False
SURFACE_2_ダ_条件戦,kyakushitsu+pace_shisu_juni+gekiso_juni,kyakushitsu,pace_shisu_juni,gekiso_juni,239,35969,74.54,13.56,72.82,False
SURFACE_2_ダ_条件戦,uma_start_shisu_decile+kyakushitsu+ten_shisu_juni,uma_start_shisu_decile,kyakushitsu,ten_shisu_juni,202,52385,74.56,12.56,72.82,False
SURFACE_2_ダ_条件戦,keibajo_code+manken_shisu_decile+rotation_bin,keibajo_code,manken_shisu_decile,rotation_bin,222,41260,74.37,11.92,72.81,False
SURFACE_2_ダ_条件戦,keibajo_code+kyakushitsu+ichi_shisu_juni,keibajo_code,kyakushitsu,ichi_shisu_juni,253,62682,74.14,10.89,72.8,False
SURFACE_2_ダ_条件戦,pace_yoso+manken_shirushi+gekiso_juni,pace_yoso,manken_shirushi,gekiso_juni,153,41782,74.58,11.27,72.8,False
SURFACE_2_ダ_条件戦,uma_deokure_bin+keibajo_code+hizume_code,uma_deokure_bin,keibajo_code,hizume_code,131,51317,74.47,9.77,72.8,False
SURFACE_2_ダ_条件戦,uma_deokure_bin+joshodo_code+pace_shisu_juni,uma_deokure_bin,joshodo_code,pace_shisu_juni,52,61946,75.95,11.61,72.8,False
SURFACE_2_ダ_条件戦,uma_deokure_bin+kyakushitsu+ichi_shisu_juni,uma_deokure_bin,kyakushitsu,ichi_shisu_juni,95,58739,74.99,10.87,72.8,False
SURFACE_2_ダ_条件戦,uma_deokure_bin+joshodo_code+idm_decile,uma_deokure_bin,joshodo_code,idm_decile,26,62258,78.07,13.74,72.79,False
SURFACE_2_ダ_条件戦,pace_yoso+joshodo_code+bataiju,pace_yoso,joshodo_code,bataiju,184,66641,74.1,9.01,72.79,False
SURFACE_2_ダ_条件戦,manken_shisu_decile+omo_tekisei_code+rotation_bin,manken_shisu_decile,omo_tekisei_code,rotation_bin,135,57840,74.78,11.8,72.79,False
SURFACE_2_ダ_条件戦,manken_shisu_decile+ten_shisu_juni+kijun_ninkijun_tansho,manken_shisu_decile,ten_shisu_juni,kijun_ninkijun_tansho,77,10361,75.93,14.05,72.79,False
SURFACE_2_ダ_条件戦,keibajo_code+kyori_tekisei+manken_shisu_decile,keibajo_code,kyori_tekisei,manken_shisu_decile,209,62413,74.37,11.7,72.78,False
SURFACE_2_ダ_条件戦,keibajo_code+kyori_kubun+tenkai_kigo_code,keibajo_code,kyori_kubun,tenkai_kigo_code,117,76208,74.66,10.45,72.77,False
SURFACE_2_ダ_条件戦,uma_start_shisu_decile+ten_shisu_juni+gekiso_juni,uma_start_shisu_decile,ten_shisu_juni,gekiso_juni,92,14043,75.03,11.07,72.77,False
SURFACE_2_ダ_条件戦,manken_shirushi+manken_shisu_decile+idm_decile,manken_shirushi,manken_shisu_decile,idm_decile,175,40341,74.84,14.08,72.76,False
SURFACE_2_ダ_条件戦,kyori_tekisei+manken_shisu_decile+gekiso_juni,kyori_tekisei,manken_shisu_decile,gekiso_juni,229,57630,74.33,12.15,72.76,False
SURFACE_2_ダ_条件戦,pace_yoso+kyori_tekisei+ls_shisu_juni,pace_yoso,kyori_tekisei,ls_shisu_juni,84,72608,75.02,10.64,72.75,False
SURFACE_2_ダ_条件戦,uma_deokure_bin+hizume_code+ichi_shisu_juni,uma_deokure_bin,hizume_code,ichi_shisu_juni,176,47966,74.23,10.0,72.75,False
SURFACE_2_ダ_条件戦,rotation_bin+ichi_shisu_juni+ls_shisu_juni,rotation_bin,ichi_shisu_juni,ls_shisu_juni,209,37483,74.5,12.94,72.75,False
SURFACE_2_ダ_条件戦,manken_shirushi+sogo_shisu_decile+ls_shisu_juni,manken_shirushi,sogo_shisu_decile,ls_shisu_juni,192,36738,74.89,15.15,72.75,False
SURFACE_2_ダ_条件戦,pace_yoso+omo_tekisei_code+ichi_shisu_juni,pace_yoso,omo_tekisei_code,ichi_shisu_juni,101,62233,74.42,8.55,72.75,False
SURFACE_2_ダ_条件戦,keibajo_code+hizume_code+ichi_shisu_juni,keibajo_code,hizume_code,ichi_shisu_juni,117,20025,74.82,11.42,72.75,False
SURFACE_2_ダ_条件戦,keibajo_code+hizume_code+tenkai_kigo_code,keibajo_code,hizume_code,tenkai_kigo_code,150,45783,74.63,11.75,72.75,False
SURFACE_2_ダ_条件戦,pace_yoso+keibajo_code+manken_shisu_decile,pace_yoso,keibajo_code,manken_shisu_decile,210,71690,74.19,10.62,72.75,False
SURFACE_2_ダ_条件戦,uma_deokure_bin+omo_tekisei_code+bataiju,uma_deokure_bin,omo_tekisei_code,bataiju,188,50087,74.22,10.37,72.74,False
SURFACE_2_ダ_条件戦,pace_yoso+omo_tekisei_code+bataiju,pace_yoso,omo_tekisei_code,bataiju,191,48930,74.16,10.04,72.74,False
SURFACE_2_ダ_条件戦,kyori_tekisei+joshodo_code+kyakushitsu,kyori_tekisei,joshodo_code,kyakushitsu,17,71551,75.55,5.91,72.74,False
SURFACE_2_ダ_条件戦,hizume_code+kyakushitsu+ichi_shisu_juni,hizume_code,kyakushitsu,ichi_shisu_juni,189,46377,74.28,10.9,72.72,False
SURFACE_2_ダ_条件戦,hizume_code+manken_shisu_decile+joshodo_code,hizume_code,manken_shisu_decile,joshodo_code,88,56584,74.76,9.82,72.71,False
SURFACE_2_ダ_条件戦,kyori_kubun+joshodo_code+bataiju,kyori_kubun,joshodo_code,bataiju,182,60778,74.26,10.69,72.71,False
SURFACE_2_ダ_条件戦,manken_shirushi+bataiju_zogen+sogo_shisu_decile,manken_shirushi,bataiju_zogen,sogo_shisu_decile,133,19048,75.15,14.45,72.7,False
SURFACE_2_ダ_条件戦,uma_deokure_bin+kyakushitsu+sogo_shisu_decile,uma_deokure_bin,kyakushitsu,sogo_shisu_decile,74,61073,76.18,15.31,72.7,False
SURFACE_2_ダ_条件戦,kyori_tekisei+omo_tekisei_code+pace_shisu_juni,kyori_tekisei,omo_tekisei_code,pace_shisu_juni,137,58614,74.57,11.24,72.69,False
SURFACE_2_ダ_条件戦,keibajo_code+kyori_kubun+ls_shisu_juni,keibajo_code,kyori_kubun,ls_shisu_juni,155,74115,74.34,10.47,72.69,False
SURFACE_2_ダ_条件戦,kyori_tekisei+omo_tekisei_code+ten_shisu_juni,kyori_tekisei,omo_tekisei_code,ten_shisu_juni,135,58183,74.45,10.42,72.69,False
SURFACE_2_ダ_条件戦,keibajo_code+hizume_code+joshodo_code,keibajo_code,hizume_code,joshodo_code,95,58668,74.47,8.91,72.68,False
SURFACE_2_ダ_条件戦,uma_deokure_bin+hizume_code+bataiju_zogen,uma_deokure_bin,hizume_code,bataiju_zogen,141,46753,74.3,9.79,72.68,False
SURFACE_2_ダ_条件戦,uma_start_shisu_decile+bataiju_zogen+gekiso_juni,uma_start_shisu_decile,bataiju_zogen,gekiso_juni,101,17515,75.14,12.62,72.68,False
SURFACE_2_ダ_条件戦,manken_shirushi+omo_tekisei_code+idm_decile,manken_shirushi,omo_tekisei_code,idm_decile,103,39606,75.62,15.2,72.68,False
SURFACE_2_ダ_条件戦,kyakushitsu+rotation_bin+ten_shisu_juni,kyakushitsu,rotation_bin,ten_shisu_juni,214,52724,74.11,10.78,72.67,False
SURFACE_2_ダ_条件戦,pace_yoso+manken_shisu_decile+rotation_bin,pace_yoso,manken_shisu_decile,rotation_bin,148,58337,74.42,10.88,72.67,False
SURFACE_2_ダ_条件戦,pace_yoso+manken_shisu_decile+bataiju_zogen,pace_yoso,manken_shisu_decile,bataiju_zogen,188,50500,74.23,10.88,72.67,False
SURFACE_2_ダ_条件戦,kyori_tekisei+tenkai_kigo_code+gekiso_juni,kyori_tekisei,tenkai_kigo_code,gekiso_juni,167,67111,74.49,12.0,72.67,False
SURFACE_2_ダ_条件戦,hizume_code+kyakushitsu+tenkai_kigo_code,hizume_code,kyakushitsu,tenkai_kigo_code,107,57481,75.02,12.47,72.66,False
SURFACE_2_ダ_条件戦,hizume_code+manken_shisu_decile+rotation_bin,hizume_code,manken_shisu_decile,rotation_bin,182,37659,74.27,11.11,72.66,False
SURFACE_2_ダ_条件戦,uma_deokure_bin+uma_start_shisu_decile+manken_shisu_decile,uma_deokure_bin,uma_start_shisu_decile,manken_shisu_decile,118,55237,74.6,10.74,72.66,False
SURFACE_2_ダ_条件戦,hizume_code+rotation_bin+tenkai_kigo_code,hizume_code,rotation_bin,tenkai_kigo_code,145,50795,74.6,11.99,72.65,False
SURFACE_2_ダ_条件戦,keibajo_code+manken_shisu_decile+ten_shisu_juni,keibajo_code,manken_shisu_decile,ten_shisu_juni,179,23372,74.6,13.3,72.65,False
SURFACE_2_ダ_条件戦,manken_shirushi+hizume_code+idm_decile,manken_shirushi,hizume_code,idm_decile,119,23306,75.21,14.28,72.64,False
SURFACE_2_ダ_条件戦,manken_shisu_decile+sogo_shisu_decile+idm_decile,manken_shisu_decile,sogo_shisu_decile,idm_decile,121,71179,75.14,14.04,72.64,False
SURFACE_2_ダ_条件戦,uma_start_shisu_decile+kyori_kubun+ten_shisu_juni,uma_start_shisu_decile,kyori_kubun,ten_shisu_juni,223,53530,74.34,13.0,72.63,False
SURFACE_2_ダ_条件戦,hizume_code+kijun_ninkijun_tansho+gekiso_juni,hizume_code,kijun_ninkijun_tansho,gekiso_juni,98,15240,75.55,14.75,72.63,False
SURFACE_2_ダ_条件戦,kyori_kubun+rotation_bin+ichi_shisu_juni,kyori_kubun,rotation_bin,ichi_shisu_juni,212,54368,74.09,10.93,72.62,False
SURFACE_2_ダ_条件戦,keibajo_code+omo_tekisei_code+ichi_shisu_juni,keibajo_code,omo_tekisei_code,ichi_shisu_juni,255,56472,73.97,11.03,72.62,False
SURFACE_2_ダ_条件戦,pace_yoso+kyori_tekisei+ichi_shisu_juni,pace_yoso,kyori_tekisei,ichi_shisu_juni,138,70757,74.28,9.95,72.62,False
SURFACE_2_ダ_条件戦,hizume_code+joshodo_code+kyakushitsu,hizume_code,joshodo_code,kyakushitsu,56,60784,75.06,9.35,72.61,False
SURFACE_2_ダ_条件戦,manken_shisu_decile+kyakushitsu+tenkai_kigo_code,manken_shisu_decile,kyakushitsu,tenkai_kigo_code,128,73486,74.52,11.0,72.61,False
SURFACE_2_ダ_条件戦,uma_deokure_bin+uma_start_shisu_decile+ten_shisu_juni,uma_deokure_bin,uma_start_shisu_decile,ten_shisu_juni,142,53504,74.58,11.97,72.61,False
SURFACE_2_ダ_条件戦,kyakushitsu+rotation_bin+tenkai_kigo_code,kyakushitsu,rotation_bin,tenkai_kigo_code,86,62269,75.23,12.39,72.61,False
SURFACE_2_ダ_条件戦,hizume_code+kyori_tekisei+gekiso_juni,hizume_code,kyori_tekisei,gekiso_juni,187,40674,74.26,11.54,72.61,False
SURFACE_2_ダ_条件戦,kyori_kubun+kyakushitsu+tenkai_kigo_code,kyori_kubun,kyakushitsu,tenkai_kigo_code,57,76238,75.48,11.1,72.6,False
SURFACE_2_ダ_条件戦,pace_yoso+ichi_shisu_juni+bataiju,pace_yoso,ichi_shisu_juni,bataiju,48,11365,74.75,7.59,72.6,False
SURFACE_2_ダ_条件戦,pace_yoso+uma_start_shisu_decile+ten_shisu_juni,pace_yoso,uma_start_shisu_decile,ten_shisu_juni,212,57180,74.18,11.75,72.6,False
SURFACE_2_ダ_条件戦,manken_shisu_decile+kyakushitsu+rotation_bin,manken_shisu_decile,kyakushitsu,rotation_bin,203,57364,74.24,11.97,72.59,False
SURFACE_2_ダ_条件戦,keibajo_code+ichi_shisu_juni+kijun_ninkijun_tansho,keibajo_code,ichi_shisu_juni,kijun_ninkijun_tansho,102,18576,75.46,14.83,72.59,False
SURFACE_2_ダ_条件戦,omo_tekisei_code+tenkai_kigo_code+gekiso_juni,omo_tekisei_code,tenkai_kigo_code,gekiso_juni,130,58725,74.67,12.12,72.58,False
SURFACE_2_ダ_条件戦,rotation_bin+bataiju+idm_decile,rotation_bin,bataiju,idm_decile,41,4477,76.98,14.39,72.58,False
SURFACE_2_ダ_条件戦,ichi_shisu_juni+bataiju_zogen+idm_decile,ichi_shisu_juni,bataiju_zogen,idm_decile,171,24743,74.69,14.09,72.58,False
SURFACE_2_ダ_条件戦,manken_shirushi+kyori_kubun+gekiso_juni,manken_shirushi,kyori_kubun,gekiso_juni,183,41351,74.25,11.47,72.58,False
SURFACE_2_ダ_条件戦,pace_yoso+kyori_kubun+manken_shisu_decile,pace_yoso,kyori_kubun,manken_shisu_decile,91,74190,74.22,8.05,72.57,False
SURFACE_2_ダ_条件戦,kyori_tekisei+rotation_bin+pace_shisu_juni,kyori_tekisei,rotation_bin,pace_shisu_juni,218,49105,74.39,13.69,72.57,False
SURFACE_2_ダ_条件戦,omo_tekisei_code+bataiju_zogen+pace_shisu_juni,omo_tekisei_code,bataiju_zogen,pace_shisu_juni,201,45632,73.96,10.03,72.57,False
SURFACE_2_ダ_条件戦,uma_start_shisu_decile+kyori_tekisei+pace_shisu_juni,uma_start_shisu_decile,kyori_tekisei,pace_shisu_juni,205,45113,74.27,12.48,72.56,False
SURFACE_2_ダ_条件戦,uma_deokure_bin+joshodo_code+gekiso_juni,uma_deokure_bin,joshodo_code,gekiso_juni,51,61714,75.83,11.92,72.56,False
SURFACE_2_ダ_条件戦,pace_yoso+keibajo_code+tenkai_kigo_code,pace_yoso,keibajo_code,tenkai_kigo_code,119,75069,74.57,11.21,72.55,False
SURFACE_2_ダ_条件戦,uma_deokure_bin+kyori_tekisei+idm_decile,uma_deokure_bin,kyori_tekisei,idm_decile,71,58595,76.19,15.67,72.55,False
SURFACE_2_ダ_条件戦,kyori_tekisei+ichi_shisu_juni+tenkai_kigo_code,kyori_tekisei,ichi_shisu_juni,tenkai_kigo_code,162,66971,74.66,13.68,72.55,False
SURFACE_2_ダ_条件戦,uma_deokure_bin+bataiju_zogen+ten_shisu_juni,uma_deokure_bin,bataiju_zogen,ten_shisu_juni,202,45090,74.19,11.89,72.55,False
SURFACE_2_ダ_条件戦,manken_shirushi+tenkai_kigo_code+gekiso_juni,manken_shirushi,tenkai_kigo_code,gekiso_juni,155,33908,74.71,13.7,72.55,False
SURFACE_2_ダ_条件戦,hizume_code+kyakushitsu+omo_tekisei_code,hizume_code,kyakushitsu,omo_tekisei_code,92,59153,74.41,9.11,72.55,False
SURFACE_2_ダ_条件戦,hizume_code+joshodo_code+rotation_bin,hizume_code,joshodo_code,rotation_bin,77,58979,74.33,7.95,72.55,False
SURFACE_2_ダ_条件戦,keibajo_code+kyakushitsu+ten_shisu_juni,keibajo_code,kyakushitsu,ten_shisu_juni,305,57999,73.96,12.57,72.55,False
SURFACE_2_ダ_条件戦,uma_deokure_bin+kyakushitsu+ls_shisu_juni,uma_deokure_bin,kyakushitsu,ls_shisu_juni,73,60382,75.32,12.14,72.54,False
SURFACE_2_ダ_条件戦,kyori_kubun+kyori_tekisei+joshodo_code,kyori_kubun,kyori_tekisei,joshodo_code,20,71961,75.25,6.21,72.53,False
SURFACE_2_ダ_条件戦,uma_start_shisu_decile+kyori_tekisei+ten_shisu_juni,uma_start_shisu_decile,kyori_tekisei,ten_shisu_juni,204,44861,74.38,13.44,72.53,False
SURFACE_2_ダ_条件戦,keibajo_code+manken_shisu_decile+pace_shisu_juni,keibajo_code,manken_shisu_decile,pace_shisu_juni,185,24528,74.49,13.63,72.53,False
SURFACE_2_ダ_条件戦,uma_start_shisu_decile+joshodo_code+ten_shisu_juni,uma_start_shisu_decile,joshodo_code,ten_shisu_juni,115,62110,74.43,10.45,72.52,False
SURFACE_2_ダ_条件戦,uma_deokure_bin+sogo_shisu_decile+tenkai_kigo_code,uma_deokure_bin,sogo_shisu_decile,tenkai_kigo_code,78,60724,75.9,15.22,72.52,False
SURFACE_2_ダ_条件戦,uma_deokure_bin+tenkai_kigo_code+ls_shisu_juni,uma_deokure_bin,tenkai_kigo_code,ls_shisu_juni,83,60368,75.01,11.58,72.52,False
SURFACE_2_ダ_条件戦,uma_deokure_bin+kyakushitsu+bataiju_zogen,uma_deokure_bin,kyakushitsu,bataiju_zogen,102,56848,74.51,10.22,72.52,False
SURFACE_2_ダ_条件戦,kyori_kubun+kyori_tekisei+ichi_shisu_juni,kyori_kubun,kyori_tekisei,ichi_shisu_juni,131,68871,74.29,10.35,72.51,False
SURFACE_2_ダ_条件戦,pace_yoso+kyakushitsu+rotation_bin,pace_yoso,kyakushitsu,rotation_bin,77,62599,74.12,7.23,72.5,False
SURFACE_2_ダ_条件戦,bataiju_zogen+sogo_shisu_decile+pace_shisu_juni,bataiju_zogen,sogo_shisu_decile,pace_shisu_juni,160,22116,74.65,13.9,72.5,False
SURFACE_2_ダ_条件戦,keibajo_code+bataiju_zogen+kijun_ninkijun_tansho,keibajo_code,bataiju_zogen,kijun_ninkijun_tansho,119,16124,75.04,14.18,72.49,False
SURFACE_2_ダ_条件戦,uma_start_shisu_decile+joshodo_code+ls_shisu_juni,uma_start_shisu_decile,joshodo_code,ls_shisu_juni,64,62427,75.04,10.4,72.49,False
SURFACE_2_ダ_条件戦,uma_start_shisu_decile+manken_shisu_decile+bataiju_zogen,uma_start_shisu_decile,manken_shisu_decile,bataiju_zogen,161,27871,74.49,12.96,72.49,False
SURFACE_2_ダ_条件戦,uma_deokure_bin+kyakushitsu+idm_decile,uma_deokure_bin,kyakushitsu,idm_decile,64,61123,76.0,14.38,72.48,False
SURFACE_2_ダ_条件戦,kyori_tekisei+tenkai_kigo_code+kijun_ninkijun_tansho,kyori_tekisei,tenkai_kigo_code,kijun_ninkijun_tansho,152,67810,74.98,15.68,72.48,False
SURFACE_2_ダ_条件戦,kyori_tekisei+ten_shisu_juni+ls_shisu_juni,kyori_tekisei,ten_shisu_juni,ls_shisu_juni,231,60000,74.17,13.06,72.48,False
SURFACE_2_ダ_条件戦,uma_deokure_bin+joshodo_code+bataiju,uma_deokure_bin,joshodo_code,bataiju,118,56204,73.99,8.43,72.47,False
SURFACE_2_ダ_条件戦,kyori_kubun+kyakushitsu+bataiju_zogen,kyori_kubun,kyakushitsu,bataiju_zogen,127,57297,74.01,8.88,72.47,False
SURFACE_2_ダ_条件戦,pace_yoso+hizume_code+tenkai_kigo_code,pace_yoso,hizume_code,tenkai_kigo_code,109,58291,75.02,13.59,72.47,False
SURFACE_2_ダ_条件戦,bataiju_zogen+pace_shisu_juni+ls_shisu_juni,bataiju_zogen,pace_shisu_juni,ls_shisu_juni,136,20068,74.59,12.61,72.47,False
SURFACE_2_ダ_条件戦,pace_yoso+omo_tekisei_code+ls_shisu_juni,pace_yoso,omo_tekisei_code,ls_shisu_juni,61,62393,74.93,9.87,72.46,False
SURFACE_2_ダ_条件戦,kyori_kubun+omo_tekisei_code+ichi_shisu_juni,kyori_kubun,omo_tekisei_code,ichi_shisu_juni,111,60816,74.29,9.83,72.46,False
SURFACE_2_ダ_条件戦,pace_yoso+keibajo_code+ls_shisu_juni,pace_yoso,keibajo_code,ls_shisu_juni,150,72379,74.15,10.54,72.46,False
SURFACE_2_ダ_条件戦,uma_deokure_bin+kyori_tekisei+ichi_shisu_juni,uma_deokure_bin,kyori_tekisei,ichi_shisu_juni,119,55878,74.43,10.98,72.46,False
SURFACE_2_ダ_条件戦,joshodo_code+kyakushitsu+bataiju,joshodo_code,kyakushitsu,bataiju,233,67099,73.67,9.4,72.46,False
SURFACE_2_ダ_条件戦,omo_tekisei_code+bataiju_zogen+ten_shisu_juni,omo_tekisei_code,bataiju_zogen,ten_shisu_juni,208,45954,73.95,10.99,72.45,False
SURFACE_2_ダ_条件戦,manken_shisu_decile+omo_tekisei_code+ichi_shisu_juni,manken_shisu_decile,omo_tekisei_code,ichi_shisu_juni,264,55213,73.88,11.8,72.45,False
SURFACE_2_ダ_条件戦,hizume_code+omo_tekisei_code+ichi_shisu_juni,hizume_code,omo_tekisei_code,ichi_shisu_juni,187,51086,74.04,11.04,72.45,False
SURFACE_2_ダ_条件戦,keibajo_code+hizume_code+manken_shisu_decile,keibajo_code,hizume_code,manken_shisu_decile,156,29925,74.24,11.44,72.45,False
SURFACE_2_ダ_条件戦,kyori_kubun+hizume_code+ten_shisu_juni,kyori_kubun,hizume_code,ten_shisu_juni,193,43986,74.09,11.66,72.45,False
SURFACE_2_ダ_条件戦,pace_yoso+kyakushitsu+bataiju_zogen,pace_yoso,kyakushitsu,bataiju_zogen,120,58784,73.92,8.26,72.44,False
SURFACE_2_ダ_条件戦,hizume_code+kyori_tekisei+manken_shisu_decile,hizume_code,kyori_tekisei,manken_shisu_decile,170,45073,74.21,11.76,72.44,False
SURFACE_2_ダ_条件戦,uma_start_shisu_decile+rotation_bin+ichi_shisu_juni,uma_start_shisu_decile,rotation_bin,ichi_shisu_juni,190,36714,74.19,12.36,72.43,False
SURFACE_2_ダ_条件戦,uma_deokure_bin+hizume_code+rotation_bin,uma_deokure_bin,hizume_code,rotation_bin,110,52942,74.19,9.54,72.41,False
SURFACE_2_ダ_条件戦,bataiju_zogen+sogo_shisu_decile+ten_shisu_juni,bataiju_zogen,sogo_shisu_decile,ten_shisu_juni,151,20209,74.71,14.45,72.41,False
SURFACE_2_ダ_条件戦,uma_deokure_bin+ichi_shisu_juni+ten_shisu_juni,uma_deokure_bin,ichi_shisu_juni,ten_shisu_juni,230,46322,73.99,12.31,72.4,False
SURFACE_2_ダ_条件戦,uma_start_shisu_decile+rotation_bin+ten_shisu_juni,uma_start_shisu_decile,rotation_bin,ten_shisu_juni,196,35809,74.41,14.42,72.39,False
SURFACE_2_ダ_条件戦,kyori_kubun+hizume_code+ls_shisu_juni,kyori_kubun,hizume_code,ls_shisu_juni,146,52484,74.23,11.35,72.39,False
SURFACE_2_ダ_条件戦,uma_start_shisu_decile+ichi_shisu_juni+pace_shisu_juni,uma_start_shisu_decile,ichi_shisu_juni,pace_shisu_juni,112,19858,74.56,11.74,72.38,False
SURFACE_2_ダ_条件戦,joshodo_code+bataiju+tenkai_kigo_code,joshodo_code,bataiju,tenkai_kigo_code,230,62074,74.01,12.61,72.38,False
SURFACE_2_ダ_条件戦,uma_start_shisu_decile+bataiju_zogen+ten_shisu_juni,uma_start_shisu_decile,bataiju_zogen,ten_shisu_juni,107,18109,74.63,11.93,72.37,False
SURFACE_2_ダ_条件戦,manken_shirushi+manken_shisu_decile+kijun_ninkijun_tansho,manken_shirushi,manken_shisu_decile,kijun_ninkijun_tansho,191,29236,74.44,14.7,72.36,False
SURFACE_2_ダ_条件戦,kyori_kubun+hizume_code+pace_shisu_juni,kyori_kubun,hizume_code,pace_shisu_juni,194,44420,74.04,12.03,72.35,False
SURFACE_2_ダ_条件戦,manken_shirushi+keibajo_code+idm_decile,manken_shirushi,keibajo_code,idm_decile,188,33390,74.35,14.06,72.35,False
SURFACE_2_ダ_条件戦,kyakushitsu+tenkai_kigo_code+ls_shisu_juni,kyakushitsu,tenkai_kigo_code,ls_shisu_juni,113,74843,74.5,11.68,72.35,False
SURFACE_2_ダ_条件戦,kyori_tekisei+manken_shisu_decile+joshodo_code,kyori_tekisei,manken_shisu_decile,joshodo_code,48,70267,74.65,8.19,72.34,False
SURFACE_2_ダ_条件戦,joshodo_code+omo_tekisei_code+bataiju,joshodo_code,omo_tekisei_code,bataiju,120,56661,73.98,9.19,72.34,False
SURFACE_2_ダ_条件戦,kyori_kubun+omo_tekisei_code+ls_shisu_juni,kyori_kubun,omo_tekisei_code,ls_shisu_juni,68,61228,75.11,11.62,72.34,False
SURFACE_2_ダ_条件戦,kyakushitsu+ichi_shisu_juni+bataiju,kyakushitsu,ichi_shisu_juni,bataiju,54,10419,74.6,8.5,72.34,False
SURFACE_2_ダ_条件戦,omo_tekisei_code+bataiju_zogen+gekiso_juni,omo_tekisei_code,bataiju_zogen,gekiso_juni,213,47223,73.92,11.74,72.34,False
SURFACE_2_ダ_条件戦,uma_start_shisu_decile+bataiju_zogen+pace_shisu_juni,uma_start_shisu_decile,bataiju_zogen,pace_shisu_juni,107,18149,74.67,12.37,72.33,False
SURFACE_2_ダ_条件戦,bataiju_zogen+gekiso_juni+ls_shisu_juni,bataiju_zogen,gekiso_juni,ls_shisu_juni,158,23235,74.43,13.47,72.33,False
SURFACE_2_ダ_条件戦,kyori_kubun+hizume_code+manken_shisu_decile,kyori_kubun,hizume_code,manken_shisu_decile,184,50656,74.0,11.56,72.33,False
SURFACE_2_ダ_条件戦,hizume_code+kyori_tekisei+pace_shisu_juni,hizume_code,kyori_tekisei,pace_shisu_juni,191,39569,74.06,12.17,72.33,False
SURFACE_2_ダ_条件戦,kyakushitsu+bataiju_zogen+ls_shisu_juni,kyakushitsu,bataiju_zogen,ls_shisu_juni,190,50155,74.13,12.61,72.33,False
SURFACE_2_ダ_条件戦,keibajo_code+manken_shisu_decile+omo_tekisei_code,keibajo_code,manken_shisu_decile,omo_tekisei_code,178,57140,73.71,9.5,72.32,False
SURFACE_2_ダ_条件戦,omo_tekisei_code+sogo_shisu_decile+idm_decile,omo_tekisei_code,sogo_shisu_decile,idm_decile,51,62532,76.15,13.96,72.32,False
SURFACE_2_ダ_条件戦,rotation_bin+kijun_ninkijun_tansho+gekiso_juni,rotation_bin,kijun_ninkijun_tansho,gekiso_juni,145,22533,74.46,13.22,72.31,False
SURFACE_2_ダ_条件戦,kyori_kubun+manken_shisu_decile+ls_shisu_juni,kyori_kubun,manken_shisu_decile,ls_shisu_juni,207,71269,74.12,13.29,72.31,False
SURFACE_2_ダ_条件戦,pace_yoso+hizume_code+manken_shisu_decile,pace_yoso,hizume_code,manken_shisu_decile,171,53009,73.97,11.21,72.29,False
SURFACE_2_ダ_条件戦,uma_deokure_bin+kyori_kubun+idm_decile,uma_deokure_bin,kyori_kubun,idm_decile,61,61395,75.83,14.09,72.29,False
SURFACE_2_ダ_条件戦,uma_deokure_bin+bataiju_zogen+tenkai_kigo_code,uma_deokure_bin,bataiju_zogen,tenkai_kigo_code,115,56516,74.56,12.46,72.28,False
SURFACE_2_ダ_条件戦,kyakushitsu+sogo_shisu_decile+idm_decile,kyakushitsu,sogo_shisu_decile,idm_decile,73,74858,75.61,14.51,72.28,False
SURFACE_2_ダ_条件戦,uma_start_shisu_decile+rotation_bin+ls_shisu_juni,uma_start_shisu_decile,rotation_bin,ls_shisu_juni,196,51165,74.12,13.22,72.27,False
SURFACE_2_ダ_条件戦,omo_tekisei_code+ichi_shisu_juni+ten_shisu_juni,omo_tekisei_code,ichi_shisu_juni,ten_shisu_juni,254,48351,73.73,11.88,72.27,False
SURFACE_2_ダ_条件戦,keibajo_code+manken_shisu_decile+tenkai_kigo_code,keibajo_code,manken_shisu_decile,tenkai_kigo_code,227,63064,73.87,12.31,72.27,False
SURFACE_2_ダ_条件戦,uma_deokure_bin+bataiju_zogen+pace_shisu_juni,uma_deokure_bin,bataiju_zogen,pace_shisu_juni,202,45351,73.8,11.12,72.27,False
SURFACE_2_ダ_条件戦,kyori_kubun+sogo_shisu_decile+idm_decile,kyori_kubun,sogo_shisu_decile,idm_decile,58,75044,75.91,14.15,72.27,False
SURFACE_2_ダ_条件戦,kyori_tekisei+tenkai_kigo_code+ten_shisu_juni,kyori_tekisei,tenkai_kigo_code,ten_shisu_juni,174,66970,74.32,13.9,72.26,False
SURFACE_2_ダ_条件戦,kyakushitsu+rotation_bin+pace_shisu_juni,kyakushitsu,rotation_bin,pace_shisu_juni,216,53029,73.78,11.46,72.26,False
SURFACE_2_ダ_条件戦,keibajo_code+joshodo_code+rotation_bin,keibajo_code,joshodo_code,rotation_bin,72,62309,74.03,7.67,72.26,False
SURFACE_2_ダ_条件戦,keibajo_code+manken_shisu_decile+kyakushitsu,keibajo_code,manken_shisu_decile,kyakushitsu,272,64499,73.69,12.09,72.25,False
SURFACE_2_ダ_条件戦,ichi_shisu_juni+bataiju_zogen+ls_shisu_juni,ichi_shisu_juni,bataiju_zogen,ls_shisu_juni,147,21282,74.31,12.76,72.25,False
SURFACE_2_ダ_条件戦,kyakushitsu+ten_shisu_juni+gekiso_juni,kyakushitsu,ten_shisu_juni,gekiso_juni,256,37471,73.91,13.65,72.24,False
SURFACE_2_ダ_条件戦,kyori_tekisei+manken_shisu_decile+ichi_shisu_juni,kyori_tekisei,manken_shisu_decile,ichi_shisu_juni,239,52149,73.94,13.44,72.24,False
SURFACE_2_ダ_条件戦,manken_shisu_decile+tenkai_kigo_code+ls_shisu_juni,manken_shisu_decile,tenkai_kigo_code,ls_shisu_juni,227,67665,73.98,13.42,72.24,False
SURFACE_2_ダ_条件戦,kyori_tekisei+rotation_bin+ls_shisu_juni,kyori_tekisei,rotation_bin,ls_shisu_juni,153,55733,74.3,13.08,72.23,False
SURFACE_2_ダ_条件戦,uma_start_shisu_decile+hizume_code+manken_shisu_decile,uma_start_shisu_decile,hizume_code,manken_shisu_decile,187,35734,73.83,11.14,72.23,False
SURFACE_2_ダ_条件戦,kyakushitsu+rotation_bin+ichi_shisu_juni,kyakushitsu,rotation_bin,ichi_shisu_juni,192,54896,73.73,10.63,72.23,False
SURFACE_2_ダ_条件戦,keibajo_code+kyori_kubun+manken_shisu_decile,keibajo_code,kyori_kubun,manken_shisu_decile,206,72978,73.75,11.13,72.23,False
SURFACE_2_ダ_条件戦,uma_deokure_bin+keibajo_code+manken_shisu_decile,uma_deokure_bin,keibajo_code,manken_shisu_decile,173,56432,73.78,10.4,72.23,False
SURFACE_2_ダ_条件戦,joshodo_code+omo_tekisei_code+tenkai_kigo_code,joshodo_code,omo_tekisei_code,tenkai_kigo_code,18,63246,77.03,10.4,72.23,False
SURFACE_2_ダ_条件戦,manken_shisu_decile+omo_tekisei_code+bataiju_zogen,manken_shisu_decile,omo_tekisei_code,bataiju_zogen,179,50953,73.73,10.28,72.22,False
SURFACE_2_ダ_条件戦,omo_tekisei_code+rotation_bin+ls_shisu_juni,omo_tekisei_code,rotation_bin,ls_shisu_juni,110,59158,74.45,11.9,72.22,False
SURFACE_2_ダ_条件戦,keibajo_code+hizume_code+ten_shisu_juni,keibajo_code,hizume_code,ten_shisu_juni,120,19775,74.51,12.76,72.22,False
SURFACE_2_ダ_条件戦,pace_yoso+keibajo_code+ichi_shisu_juni,pace_yoso,keibajo_code,ichi_shisu_juni,257,67670,73.46,10.22,72.21,False
SURFACE_2_ダ_条件戦,uma_deokure_bin+manken_shirushi+gekiso_juni,uma_deokure_bin,manken_shirushi,gekiso_juni,139,35230,74.06,11.13,72.21,False
SURFACE_2_ダ_条件戦,hizume_code+bataiju_zogen+ls_shisu_juni,hizume_code,bataiju_zogen,ls_shisu_juni,154,31532,74.21,12.7,72.2,False
SURFACE_2_ダ_条件戦,kyakushitsu+ten_shisu_juni+pace_shisu_juni,kyakushitsu,ten_shisu_juni,pace_shisu_juni,229,51567,73.82,12.51,72.2,False
SURFACE_2_ダ_条件戦,keibajo_code+kyori_kubun+ichi_shisu_juni,keibajo_code,kyori_kubun,ichi_shisu_juni,256,68680,73.54,10.88,72.2,False
SURFACE_2_ダ_条件戦,pace_yoso+kyori_kubun+rotation_bin,pace_yoso,kyori_kubun,rotation_bin,69,62786,73.78,6.74,72.19,False
SURFACE_2_ダ_条件戦,omo_tekisei_code+ichi_shisu_juni+tenkai_kigo_code,omo_tekisei_code,ichi_shisu_juni,tenkai_kigo_code,132,60374,74.44,13.17,72.19,False
SURFACE_2_ダ_条件戦,pace_yoso+bataiju_zogen+ls_shisu_juni,pace_yoso,bataiju_zogen,ls_shisu_juni,156,53510,73.84,10.59,72.18,False
SURFACE_2_ダ_条件戦,rotation_bin+bataiju_zogen+ls_shisu_juni,rotation_bin,bataiju_zogen,ls_shisu_juni,190,41599,73.93,12.3,72.18,False
SURFACE_2_ダ_条件戦,uma_deokure_bin+ichi_shisu_juni+tenkai_kigo_code,uma_deokure_bin,ichi_shisu_juni,tenkai_kigo_code,132,59033,74.57,13.98,72.18,False
SURFACE_2_ダ_条件戦,uma_deokure_bin+manken_shisu_decile+rotation_bin,uma_deokure_bin,manken_shisu_decile,rotation_bin,125,56257,74.1,10.92,72.18,False
SURFACE_2_ダ_条件戦,uma_deokure_bin+bataiju+tenkai_kigo_code,uma_deokure_bin,bataiju,tenkai_kigo_code,164,37694,73.82,10.73,72.18,False
SURFACE_2_ダ_条件戦,uma_deokure_bin+pace_yoso+sogo_shisu_decile,uma_deokure_bin,pace_yoso,sogo_shisu_decile,61,62059,76.01,15.31,72.17,False
SURFACE_2_ダ_条件戦,kyori_tekisei+kyakushitsu+ten_shisu_juni,kyori_tekisei,kyakushitsu,ten_shisu_juni,186,69820,73.86,11.8,72.17,False
SURFACE_2_ダ_条件戦,uma_deokure_bin+manken_shisu_decile+ichi_shisu_juni,uma_deokure_bin,manken_shisu_decile,ichi_shisu_juni,243,53570,73.6,11.39,72.16,False
SURFACE_2_ダ_条件戦,pace_yoso+hizume_code+pace_shisu_juni,pace_yoso,hizume_code,pace_shisu_juni,195,48524,73.79,11.58,72.16,False
SURFACE_2_ダ_条件戦,hizume_code+kyori_tekisei+ten_shisu_juni,hizume_code,kyori_tekisei,ten_shisu_juni,194,39746,73.94,12.66,72.16,False
SURFACE_2_ダ_条件戦,uma_deokure_bin+kyori_tekisei+ls_shisu_juni,uma_deokure_bin,kyori_tekisei,ls_shisu_juni,75,57488,74.62,10.89,72.16,False
SURFACE_2_ダ_条件戦,kyori_tekisei+ichi_shisu_juni+ls_shisu_juni,kyori_tekisei,ichi_shisu_juni,ls_shisu_juni,216,59551,73.94,13.39,72.16,False
SURFACE_2_ダ_条件戦,uma_start_shisu_decile+ichi_shisu_juni+tenkai_kigo_code,uma_start_shisu_decile,ichi_shisu_juni,tenkai_kigo_code,179,49120,73.95,12.29,72.15,False
SURFACE_2_ダ_条件戦,sogo_shisu_decile+idm_decile+tenkai_kigo_code,sogo_shisu_decile,idm_decile,tenkai_kigo_code,72,75037,75.01,12.38,72.15,False
SURFACE_2_ダ_条件戦,manken_shirushi+omo_tekisei_code+sogo_shisu_decile,manken_shirushi,omo_tekisei_code,sogo_shisu_decile,111,38792,75.11,15.97,72.14,False
SURFACE_2_ダ_条件戦,uma_start_shisu_decile+ichi_shisu_juni+bataiju_zogen,uma_start_shisu_decile,ichi_shisu_juni,bataiju_zogen,106,19625,74.09,10.27,72.14,False
SURFACE_2_ダ_条件戦,pace_yoso+bataiju+ten_shisu_juni,pace_yoso,bataiju,ten_shisu_juni,16,1671,77.51,10.95,72.14,False
SURFACE_2_ダ_条件戦,hizume_code+omo_tekisei_code+tenkai_kigo_code,hizume_code,omo_tekisei_code,tenkai_kigo_code,96,58876,74.67,12.68,72.14,False
SURFACE_2_ダ_条件戦,kyori_tekisei+joshodo_code+tenkai_kigo_code,kyori_tekisei,joshodo_code,tenkai_kigo_code,26,71950,76.06,10.22,72.13,False
SURFACE_2_ダ_条件戦,kyori_kubun+ichi_shisu_juni+gekiso_juni,kyori_kubun,ichi_shisu_juni,gekiso_juni,245,48959,73.8,13.3,72.13,False
SURFACE_2_ダ_条件戦,rotation_bin+gekiso_juni+ls_shisu_juni,rotation_bin,gekiso_juni,ls_shisu_juni,200,37722,73.9,12.86,72.12,False
SURFACE_2_ダ_条件戦,uma_deokure_bin+pace_yoso+ls_shisu_juni,uma_deokure_bin,pace_yoso,ls_shisu_juni,61,61439,74.76,10.56,72.11,False
SURFACE_2_ダ_条件戦,keibajo_code+omo_tekisei_code+pace_shisu_juni,keibajo_code,omo_tekisei_code,pace_shisu_juni,247,55263,73.48,10.94,72.11,False
SURFACE_2_ダ_条件戦,hizume_code+joshodo_code+tenkai_kigo_code,hizume_code,joshodo_code,tenkai_kigo_code,58,60396,75.46,13.07,72.1,False
SURFACE_2_ダ_条件戦,uma_start_shisu_decile+omo_tekisei_code+gekiso_juni,uma_start_shisu_decile,omo_tekisei_code,gekiso_juni,206,57064,73.68,11.57,72.1,False
SURFACE_2_ダ_条件戦,hizume_code+manken_shisu_decile+gekiso_juni,hizume_code,manken_shisu_decile,gekiso_juni,170,25474,73.97,12.45,72.1,False
SURFACE_2_ダ_条件戦,hizume_code+omo_tekisei_code+rotation_bin,hizume_code,omo_tekisei_code,rotation_bin,115,55798,74.0,10.5,72.09,False
SURFACE_2_ダ_条件戦,uma_deokure_bin+pace_yoso+idm_decile,uma_deokure_bin,pace_yoso,idm_decile,53,62191,75.92,14.24,72.09,False
SURFACE_2_ダ_条件戦,uma_start_shisu_decile+sogo_shisu_decile+tenkai_kigo_code,uma_start_shisu_decile,sogo_shisu_decile,tenkai_kigo_code,143,56938,74.72,16.11,72.08,False
SURFACE_2_ダ_条件戦,manken_shirushi+joshodo_code+ls_shisu_juni,manken_shirushi,joshodo_code,ls_shisu_juni,84,45203,74.76,12.49,72.08,False
SURFACE_2_ダ_条件戦,pace_yoso+hizume_code+rotation_bin,pace_yoso,hizume_code,rotation_bin,124,54743,73.7,9.26,72.07,False
SURFACE_2_ダ_条件戦,ichi_shisu_juni+sogo_shisu_decile+pace_shisu_juni,ichi_shisu_juni,sogo_shisu_decile,pace_shisu_juni,142,29690,74.39,14.11,72.07,False
SURFACE_2_ダ_条件戦,pace_yoso+kyori_tekisei+kyakushitsu,pace_yoso,kyori_tekisei,kyakushitsu,49,73628,74.58,8.97,72.07,False
SURFACE_2_ダ_条件戦,pace_yoso+hizume_code+ten_shisu_juni,pace_yoso,hizume_code,ten_shisu_juni,199,48620,73.69,11.65,72.07,False
SURFACE_2_ダ_条件戦,keibajo_code+tenkai_kigo_code+ls_shisu_juni,keibajo_code,tenkai_kigo_code,ls_shisu_juni,200,67264,73.81,12.57,72.07,False
SURFACE_2_ダ_条件戦,uma_start_shisu_decile+rotation_bin+gekiso_juni,uma_start_shisu_decile,rotation_bin,gekiso_juni,197,35695,74.01,13.99,72.06,False
SURFACE_2_ダ_条件戦,pace_yoso+uma_start_shisu_decile+gekiso_juni,pace_yoso,uma_start_shisu_decile,gekiso_juni,212,56734,73.67,11.97,72.06,False
SURFACE_2_ダ_条件戦,uma_start_shisu_decile+kyakushitsu+idm_decile,uma_start_shisu_decile,kyakushitsu,idm_decile,133,59780,74.51,14.43,72.05,False
SURFACE_2_ダ_条件戦,manken_shirushi+kyakushitsu+idm_decile,manken_shirushi,kyakushitsu,idm_decile,182,45197,74.1,14.12,72.05,False
SURFACE_2_ダ_条件戦,uma_start_shisu_decile+pace_shisu_juni+gekiso_juni,uma_start_shisu_decile,pace_shisu_juni,gekiso_juni,95,14604,74.5,12.17,72.05,False
SURFACE_2_ダ_条件戦,kyori_tekisei+omo_tekisei_code+gekiso_juni,kyori_tekisei,omo_tekisei_code,gekiso_juni,126,57950,73.75,9.75,72.04,False
SURFACE_2_ダ_条件戦,hizume_code+manken_shisu_decile+omo_tekisei_code,hizume_code,manken_shisu_decile,omo_tekisei_code,152,53867,73.88,11.57,72.04,False
SURFACE_2_ダ_条件戦,manken_shisu_decile+rotation_bin+ls_shisu_juni,manken_shisu_decile,rotation_bin,ls_shisu_juni,231,47036,73.73,13.13,72.04,False
SURFACE_2_ダ_条件戦,pace_yoso+kyori_tekisei+ten_shisu_juni,pace_yoso,kyori_tekisei,ten_shisu_juni,143,71218,73.8,10.81,72.03,False
SURFACE_2_ダ_条件戦,hizume_code+rotation_bin+gekiso_juni,hizume_code,rotation_bin,gekiso_juni,164,29319,73.86,12.05,72.02,False
SURFACE_2_ダ_条件戦,joshodo_code+omo_tekisei_code+ten_shisu_juni,joshodo_code,omo_tekisei_code,ten_shisu_juni,47,62175,74.65,9.24,72.01,False
SURFACE_2_ダ_条件戦,keibajo_code+kyori_kubun+kyakushitsu,keibajo_code,kyori_kubun,kyakushitsu,112,75978,73.28,6.94,72.0,False
SURFACE_2_ダ_条件戦,kyori_kubun+manken_shisu_decile+kyakushitsu,kyori_kubun,manken_shisu_decile,kyakushitsu,140,73582,73.46,8.81,72.0,False
SURFACE_2_ダ_条件戦,manken_shisu_decile+joshodo_code+bataiju_zogen,manken_shisu_decile,joshodo_code,bataiju_zogen,116,57662,73.83,10.08,71.99,False
SURFACE_2_ダ_条件戦,uma_deokure_bin+keibajo_code+ichi_shisu_juni,uma_deokure_bin,keibajo_code,ichi_shisu_juni,228,54197,73.48,11.44,71.99,False
SURFACE_2_ダ_条件戦,kyori_tekisei+bataiju_zogen+kijun_ninkijun_tansho,kyori_tekisei,bataiju_zogen,kijun_ninkijun_tansho,200,37817,73.88,13.68,71.98,False
SURFACE_2_ダ_条件戦,kyori_kubun+rotation_bin+pace_shisu_juni,kyori_kubun,rotation_bin,pace_shisu_juni,220,55517,73.47,11.23,71.98,False
SURFACE_2_ダ_条件戦,rotation_bin+pace_shisu_juni+ls_shisu_juni,rotation_bin,pace_shisu_juni,ls_shisu_juni,208,37759,73.81,13.46,71.98,False
SURFACE_2_ダ_条件戦,joshodo_code+rotation_bin+bataiju_zogen,joshodo_code,rotation_bin,bataiju_zogen,85,59701,73.88,8.95,71.98,False
SURFACE_2_ダ_条件戦,keibajo_code+kyakushitsu+pace_shisu_juni,keibajo_code,kyakushitsu,pace_shisu_juni,304,57149,73.31,11.86,71.98,False
SURFACE_2_ダ_条件戦,hizume_code+manken_shisu_decile+tenkai_kigo_code,hizume_code,manken_shisu_decile,tenkai_kigo_code,171,46706,73.86,12.59,71.97,False
SURFACE_2_ダ_条件戦,uma_start_shisu_decile+joshodo_code+tenkai_kigo_code,uma_start_shisu_decile,joshodo_code,tenkai_kigo_code,41,62959,75.97,13.06,71.97,False
SURFACE_2_ダ_条件戦,omo_tekisei_code+bataiju+tenkai_kigo_code,omo_tekisei_code,bataiju,tenkai_kigo_code,159,37654,73.65,10.84,71.96,False
SURFACE_2_ダ_条件戦,kyakushitsu+idm_decile+tenkai_kigo_code,kyakushitsu,idm_decile,tenkai_kigo_code,85,75020,74.99,14.26,71.96,False
SURFACE_2_ダ_条件戦,bataiju_zogen+ten_shisu_juni+ls_shisu_juni,bataiju_zogen,ten_shisu_juni,ls_shisu_juni,137,19471,74.28,13.82,71.96,False
SURFACE_2_ダ_条件戦,pace_yoso+joshodo_code+rotation_bin,pace_yoso,joshodo_code,rotation_bin,23,62814,73.84,4.64,71.95,False
SURFACE_2_ダ_条件戦,kyori_kubun+kyori_tekisei+kyakushitsu,kyori_kubun,kyori_tekisei,kyakushitsu,54,73452,74.0,7.69,71.95,False
SURFACE_2_ダ_条件戦,uma_deokure_bin+bataiju_zogen+ls_shisu_juni,uma_deokure_bin,bataiju_zogen,ls_shisu_juni,143,52333,73.81,11.38,71.94,False
SURFACE_2_ダ_条件戦,uma_start_shisu_decile+kyori_kubun+gekiso_juni,uma_start_shisu_decile,kyori_kubun,gekiso_juni,219,52678,73.59,12.43,71.94,False
SURFACE_2_ダ_条件戦,manken_shirushi+uma_start_shisu_decile+ls_shisu_juni,manken_shirushi,uma_start_shisu_decile,ls_shisu_juni,134,24722,74.01,12.21,71.94,False
SURFACE_2_ダ_条件戦,manken_shirushi+rotation_bin+sogo_shisu_decile,manken_shirushi,rotation_bin,sogo_shisu_decile,165,31214,74.21,14.88,71.94,False
SURFACE_2_ダ_条件戦,uma_deokure_bin+uma_start_shisu_decile+gekiso_juni,uma_deokure_bin,uma_start_shisu_decile,gekiso_juni,136,52550,73.86,11.41,71.94,False
SURFACE_2_ダ_条件戦,rotation_bin+tenkai_kigo_code+ls_shisu_juni,rotation_bin,tenkai_kigo_code,ls_shisu_juni,152,57492,74.13,13.79,71.93,False
SURFACE_2_ダ_条件戦,ichi_shisu_juni+sogo_shisu_decile+ten_shisu_juni,ichi_shisu_juni,sogo_shisu_decile,ten_shisu_juni,131,27596,74.33,13.99,71.93,False
SURFACE_2_ダ_条件戦,uma_deokure_bin+manken_shisu_decile+bataiju_zogen,uma_deokure_bin,manken_shisu_decile,bataiju_zogen,176,50270,73.4,10.0,71.93,False
SURFACE_2_ダ_条件戦,manken_shisu_decile+joshodo_code+kyakushitsu,manken_shisu_decile,joshodo_code,kyakushitsu,48,73170,73.98,7.27,71.93,False
SURFACE_2_ダ_条件戦,kyori_kubun+rotation_bin+ten_shisu_juni,kyori_kubun,rotation_bin,ten_shisu_juni,226,55480,73.54,12.51,71.91,False
SURFACE_2_ダ_条件戦,joshodo_code+sogo_shisu_decile+idm_decile,joshodo_code,sogo_shisu_decile,idm_decile,36,74475,76.18,13.07,71.91,False
SURFACE_2_ダ_条件戦,kyakushitsu+sogo_shisu_decile+tenkai_kigo_code,kyakushitsu,sogo_shisu_decile,tenkai_kigo_code,96,74916,74.81,14.49,71.91,False
SURFACE_2_ダ_条件戦,ichi_shisu_juni+bataiju_zogen+tenkai_kigo_code,ichi_shisu_juni,bataiju_zogen,tenkai_kigo_code,162,36762,73.73,11.86,71.9,False
SURFACE_2_ダ_条件戦,uma_deokure_bin+hizume_code+ten_shisu_juni,uma_deokure_bin,hizume_code,ten_shisu_juni,185,47907,73.67,12.27,71.9,False
SURFACE_2_ダ_条件戦,kyori_tekisei+pace_shisu_juni+ls_shisu_juni,kyori_tekisei,pace_shisu_juni,ls_shisu_juni,226,59988,73.61,13.26,71.88,False
SURFACE_2_ダ_条件戦,manken_shirushi+kyakushitsu+sogo_shisu_decile,manken_shirushi,kyakushitsu,sogo_shisu_decile,186,42605,73.87,13.87,71.88,False
SURFACE_2_ダ_条件戦,uma_deokure_bin+omo_tekisei_code+ten_shisu_juni,uma_deokure_bin,omo_tekisei_code,ten_shisu_juni,82,58084,74.33,11.37,71.87,False
SURFACE_2_ダ_条件戦,rotation_bin+bataiju_zogen+kijun_ninkijun_tansho,rotation_bin,bataiju_zogen,kijun_ninkijun_tansho,170,28498,73.86,13.25,71.87,False
SURFACE_2_ダ_条件戦,pace_yoso+bataiju_zogen+tenkai_kigo_code,pace_yoso,bataiju_zogen,tenkai_kigo_code,123,57500,74.02,12.13,71.87,False
SURFACE_2_ダ_条件戦,uma_deokure_bin+kyori_kubun+ls_shisu_juni,uma_deokure_bin,kyori_kubun,ls_shisu_juni,65,60315,74.81,12.08,71.87,False
SURFACE_2_ダ_条件戦,pace_yoso+bataiju+tenkai_kigo_code,pace_yoso,bataiju,tenkai_kigo_code,209,47017,73.39,11.22,71.87,False
SURFACE_2_ダ_条件戦,manken_shisu_decile+omo_tekisei_code+ls_shisu_juni,manken_shisu_decile,omo_tekisei_code,ls_shisu_juni,143,56957,73.89,12.38,71.86,False
SURFACE_2_ダ_条件戦,hizume_code+kyori_tekisei+ls_shisu_juni,hizume_code,kyori_tekisei,ls_shisu_juni,149,48227,73.77,11.96,71.85,False
SURFACE_2_ダ_条件戦,keibajo_code+kyori_kubun+pace_shisu_juni,keibajo_code,kyori_kubun,pace_shisu_juni,277,70207,73.09,10.62,71.84,False
SURFACE_2_ダ_条件戦,ichi_shisu_juni+bataiju_zogen+sogo_shisu_decile,ichi_shisu_juni,bataiju_zogen,sogo_shisu_decile,155,21126,74.07,14.16,71.84,False
SURFACE_2_ダ_条件戦,keibajo_code+kyakushitsu+tenkai_kigo_code,keibajo_code,kyakushitsu,tenkai_kigo_code,137,74283,73.91,12.35,71.84,False
SURFACE_2_ダ_条件戦,manken_shirushi+manken_shisu_decile+sogo_shisu_decile,manken_shirushi,manken_shisu_decile,sogo_shisu_decile,186,38485,73.93,14.63,71.83,False
SURFACE_2_ダ_条件戦,omo_tekisei_code+idm_decile+tenkai_kigo_code,omo_tekisei_code,idm_decile,tenkai_kigo_code,72,62217,75.03,13.85,71.83,False
SURFACE_2_ダ_条件戦,uma_deokure_bin+pace_yoso+ichi_shisu_juni,uma_deokure_bin,pace_yoso,ichi_shisu_juni,97,59971,73.9,10.42,71.83,False
SURFACE_2_ダ_条件戦,kyori_kubun+kyori_tekisei+bataiju,kyori_kubun,kyori_tekisei,bataiju,242,53204,73.23,11.27,71.81,False
SURFACE_2_ダ_条件戦,pace_yoso+rotation_bin+ichi_shisu_juni,pace_yoso,rotation_bin,ichi_shisu_juni,186,55756,73.28,10.24,71.81,False
SURFACE_2_ダ_条件戦,pace_yoso+omo_tekisei_code+pace_shisu_juni,pace_yoso,omo_tekisei_code,pace_shisu_juni,105,62006,73.83,10.56,71.81,False
SURFACE_2_ダ_条件戦,bataiju+bataiju_zogen+tenkai_kigo_code,bataiju,bataiju_zogen,tenkai_kigo_code,82,10463,74.42,12.05,71.81,False
SURFACE_2_ダ_条件戦,manken_shirushi+sogo_shisu_decile+tenkai_kigo_code,manken_shirushi,sogo_shisu_decile,tenkai_kigo_code,155,43008,74.1,14.6,71.81,False
SURFACE_2_ダ_条件戦,kyori_tekisei+sogo_shisu_decile+idm_decile,kyori_tekisei,sogo_shisu_decile,idm_decile,64,72155,75.21,13.92,71.8,False
SURFACE_2_ダ_条件戦,hizume_code+manken_shisu_decile+kyakushitsu,hizume_code,manken_shisu_decile,kyakushitsu,203,48599,73.46,12.11,71.8,False
SURFACE_2_ダ_条件戦,kyori_tekisei+rotation_bin+gekiso_juni,kyori_tekisei,rotation_bin,gekiso_juni,198,48169,73.49,12.14,71.8,False
SURFACE_2_ダ_条件戦,kyori_tekisei+sogo_shisu_decile+tenkai_kigo_code,kyori_tekisei,sogo_shisu_decile,tenkai_kigo_code,117,72059,74.71,16.11,71.79,False
SURFACE_2_ダ_条件戦,kyori_kubun+ten_shisu_juni+pace_shisu_juni,kyori_kubun,ten_shisu_juni,pace_shisu_juni,240,57986,73.27,11.69,71.79,False
SURFACE_2_ダ_条件戦,bataiju_zogen+tenkai_kigo_code+kijun_ninkijun_tansho,bataiju_zogen,tenkai_kigo_code,kijun_ninkijun_tansho,170,39041,73.86,13.74,71.79,False
SURFACE_2_ダ_条件戦,keibajo_code+kyakushitsu+ls_shisu_juni,keibajo_code,kyakushitsu,ls_shisu_juni,229,69102,73.34,12.0,71.79,False
SURFACE_2_ダ_条件戦,pace_yoso+kyori_tekisei+pace_shisu_juni,pace_yoso,kyori_tekisei,pace_shisu_juni,141,71051,73.71,11.72,71.78,False
SURFACE_2_ダ_条件戦,uma_start_shisu_decile+manken_shisu_decile+idm_decile,uma_start_shisu_decile,manken_shisu_decile,idm_decile,238,50062,73.56,14.18,71.76,False
SURFACE_2_ダ_条件戦,uma_start_shisu_decile+tenkai_kigo_code+gekiso_juni,uma_start_shisu_decile,tenkai_kigo_code,gekiso_juni,203,48936,73.56,13.07,71.76,False
SURFACE_2_ダ_条件戦,pace_yoso+ichi_shisu_juni+ten_shisu_juni,pace_yoso,ichi_shisu_juni,ten_shisu_juni,258,59198,73.31,12.72,71.75,False
SURFACE_2_ダ_条件戦,hizume_code+joshodo_code+ichi_shisu_juni,hizume_code,joshodo_code,ichi_shisu_juni,128,56662,73.58,10.55,71.75,False
SURFACE_2_ダ_条件戦,uma_deokure_bin+hizume_code+manken_shisu_decile,uma_deokure_bin,hizume_code,manken_shisu_decile,158,51913,73.49,11.17,71.75,False
SURFACE_2_ダ_条件戦,keibajo_code+joshodo_code+kyakushitsu,keibajo_code,joshodo_code,kyakushitsu,50,74495,73.28,5.55,71.74,False
SURFACE_2_ダ_条件戦,manken_shirushi+joshodo_code+gekiso_juni,manken_shirushi,joshodo_code,gekiso_juni,102,42306,73.69,10.07,71.73,False
SURFACE_2_ダ_条件戦,kyori_kubun+kyori_tekisei+ten_shisu_juni,kyori_kubun,kyori_tekisei,ten_shisu_juni,135,69361,73.68,11.55,71.73,False
SURFACE_2_ダ_条件戦,joshodo_code+bataiju+kijun_ninkijun_tansho,joshodo_code,bataiju,kijun_ninkijun_tansho,256,35822,73.49,14.42,71.73,False
SURFACE_2_ダ_条件戦,manken_shirushi+sogo_shisu_decile+pace_shisu_juni,manken_shirushi,sogo_shisu_decile,pace_shisu_juni,134,17044,73.95,13.12,71.73,False
SURFACE_2_ダ_条件戦,uma_deokure_bin+kyori_tekisei+ten_shisu_juni,uma_deokure_bin,kyori_tekisei,ten_shisu_juni,119,55771,73.61,10.54,71.72,False
SURFACE_2_ダ_条件戦,kyori_kubun+rotation_bin+ls_shisu_juni,kyori_kubun,rotation_bin,ls_shisu_juni,131,58863,73.79,12.08,71.72,False
SURFACE_2_ダ_条件戦,ten_shisu_juni+kijun_ninkijun_tansho+pace_shisu_juni,ten_shisu_juni,kijun_ninkijun_tansho,pace_shisu_juni,111,20818,74.39,14.41,71.71,False
SURFACE_2_ダ_条件戦,kyori_kubun+kyori_tekisei+pace_shisu_juni,kyori_kubun,kyori_tekisei,pace_shisu_juni,134,69064,73.78,12.23,71.71,False
SURFACE_2_ダ_条件戦,manken_shirushi+ichi_shisu_juni+sogo_shisu_decile,manken_shirushi,ichi_shisu_juni,sogo_shisu_decile,117,17588,74.22,13.85,71.71,False
SURFACE_2_ダ_条件戦,omo_tekisei_code+sogo_shisu_decile+tenkai_kigo_code,omo_tekisei_code,sogo_shisu_decile,tenkai_kigo_code,81,62162,74.91,14.67,71.71,False
SURFACE_2_ダ_条件戦,uma_deokure_bin+joshodo_code+bataiju_zogen,uma_deokure_bin,joshodo_code,bataiju_zogen,52,60867,75.01,12.15,71.71,False
SURFACE_2_ダ_条件戦,kyori_kubun+rotation_bin+gekiso_juni,kyori_kubun,rotation_bin,gekiso_juni,212,54585,73.26,11.55,71.7,False
SURFACE_2_ダ_条件戦,uma_deokure_bin+kyori_tekisei+sogo_shisu_decile,uma_deokure_bin,kyori_tekisei,sogo_shisu_decile,76,58055,75.3,15.98,71.7,False
SURFACE_2_ダ_条件戦,manken_shirushi+ten_shisu_juni+ls_shisu_juni,manken_shirushi,ten_shisu_juni,ls_shisu_juni,116,16065,74.13,13.4,71.69,False
SURFACE_2_ダ_条件戦,uma_deokure_bin+manken_shirushi+sogo_shisu_decile,uma_deokure_bin,manken_shirushi,sogo_shisu_decile,103,37477,74.46,14.37,71.68,False
SURFACE_2_ダ_条件戦,kyori_tekisei+idm_decile+tenkai_kigo_code,kyori_tekisei,idm_decile,tenkai_kigo_code,101,71898,74.6,15.0,71.68,False
SURFACE_2_ダ_条件戦,manken_shisu_decile+kyakushitsu+ls_shisu_juni,manken_shisu_decile,kyakushitsu,ls_shisu_juni,262,68272,73.25,13.08,71.67,False
SURFACE_2_ダ_条件戦,hizume_code+kyakushitsu+ls_shisu_juni,hizume_code,kyakushitsu,ls_shisu_juni,165,51486,73.45,11.64,71.67,False
SURFACE_2_ダ_条件戦,kyori_kubun+tenkai_kigo_code+ls_shisu_juni,kyori_kubun,tenkai_kigo_code,ls_shisu_juni,113,74725,73.77,11.39,71.67,False
SURFACE_2_ダ_条件戦,pace_yoso+kyori_tekisei+gekiso_juni,pace_yoso,kyori_tekisei,gekiso_juni,138,71039,73.5,10.93,71.67,False
SURFACE_2_ダ_条件戦,uma_start_shisu_decile+kyakushitsu+gekiso_juni,uma_start_shisu_decile,kyakushitsu,gekiso_juni,215,52020,73.42,13.19,71.66,False
SURFACE_2_ダ_条件戦,pace_yoso+sogo_shisu_decile+idm_decile,pace_yoso,sogo_shisu_decile,idm_decile,52,75859,75.56,14.38,71.66,False
SURFACE_2_ダ_条件戦,uma_start_shisu_decile+idm_decile+ls_shisu_juni,uma_start_shisu_decile,idm_decile,ls_shisu_juni,194,53780,73.71,14.71,71.65,False
SURFACE_2_ダ_条件戦,hizume_code+omo_tekisei_code+ls_shisu_juni,hizume_code,omo_tekisei_code,ls_shisu_juni,120,55077,73.86,12.38,71.65,False
SURFACE_2_ダ_条件戦,kyori_kubun+kyori_tekisei+rotation_bin,kyori_kubun,kyori_tekisei,rotation_bin,78,58988,73.78,9.56,71.65,False
SURFACE_2_ダ_条件戦,pace_yoso+kyori_kubun+tenkai_kigo_code,pace_yoso,kyori_kubun,tenkai_kigo_code,47,76169,74.45,9.81,71.65,False
SURFACE_2_ダ_条件戦,manken_shirushi+pace_shisu_juni+ls_shisu_juni,manken_shirushi,pace_shisu_juni,ls_shisu_juni,122,17169,73.85,12.47,71.64,False
SURFACE_2_ダ_条件戦,kyori_tekisei+joshodo_code+rotation_bin,kyori_tekisei,joshodo_code,rotation_bin,32,59899,75.08,9.93,71.64,False
SURFACE_2_ダ_条件戦,pace_yoso+tenkai_kigo_code+ls_shisu_juni,pace_yoso,tenkai_kigo_code,ls_shisu_juni,101,75436,73.99,12.08,71.63,False
SURFACE_2_ダ_条件戦,uma_start_shisu_decile+hizume_code+ichi_shisu_juni,uma_start_shisu_decile,hizume_code,ichi_shisu_juni,146,27530,73.44,11.2,71.62,False
SURFACE_2_ダ_条件戦,pace_yoso+hizume_code+gekiso_juni,pace_yoso,hizume_code,gekiso_juni,198,49051,73.27,11.82,71.62,False
SURFACE_2_ダ_条件戦,pace_yoso+manken_shisu_decile+kyakushitsu,pace_yoso,manken_shisu_decile,kyakushitsu,123,74300,73.41,10.12,71.62,False
SURFACE_2_ダ_条件戦,uma_start_shisu_decile+ichi_shisu_juni+ten_shisu_juni,uma_start_shisu_decile,ichi_shisu_juni,ten_shisu_juni,104,18713,74.05,12.69,71.61,False
SURFACE_2_ダ_条件戦,pace_yoso+omo_tekisei_code+ten_shisu_juni,pace_yoso,omo_tekisei_code,ten_shisu_juni,104,61622,73.49,9.76,71.61,False
SURFACE_2_ダ_条件戦,pace_yoso+hizume_code+ls_shisu_juni,pace_yoso,hizume_code,ls_shisu_juni,135,54570,73.56,11.58,71.61,False
SURFACE_2_ダ_条件戦,pace_yoso+manken_shirushi+idm_decile,pace_yoso,manken_shirushi,idm_decile,116,46957,74.17,14.06,71.61,False
SURFACE_2_ダ_条件戦,kyori_tekisei+manken_shisu_decile+sogo_shisu_decile,kyori_tekisei,manken_shisu_decile,sogo_shisu_decile,203,67112,73.6,14.56,71.6,False
SURFACE_2_ダ_条件戦,uma_start_shisu_decile+hizume_code+ls_shisu_juni,uma_start_shisu_decile,hizume_code,ls_shisu_juni,181,42342,73.43,12.52,71.6,False
SURFACE_2_ダ_条件戦,uma_deokure_bin+keibajo_code+pace_shisu_juni,uma_deokure_bin,keibajo_code,pace_shisu_juni,243,54663,73.08,11.8,71.6,False
SURFACE_2_ダ_条件戦,kyori_tekisei+omo_tekisei_code+kijun_ninkijun_tansho,kyori_tekisei,omo_tekisei_code,kijun_ninkijun_tansho,113,57723,74.76,17.13,71.6,False
SURFACE_2_ダ_条件戦,pace_yoso+kyakushitsu+tenkai_kigo_code,pace_yoso,kyakushitsu,tenkai_kigo_code,49,76522,75.09,12.51,71.59,False
SURFACE_2_ダ_条件戦,uma_deokure_bin+uma_start_shisu_decile+idm_decile,uma_deokure_bin,uma_start_shisu_decile,idm_decile,91,58807,74.45,13.89,71.59,False
SURFACE_2_ダ_条件戦,joshodo_code+rotation_bin+tenkai_kigo_code,joshodo_code,rotation_bin,tenkai_kigo_code,39,62878,75.65,12.95,71.59,False
SURFACE_2_ダ_条件戦,uma_start_shisu_decile+sogo_shisu_decile+idm_decile,uma_start_shisu_decile,sogo_shisu_decile,idm_decile,101,60450,74.64,15.65,71.59,False
SURFACE_2_ダ_条件戦,ten_shisu_juni+gekiso_juni+ls_shisu_juni,ten_shisu_juni,gekiso_juni,ls_shisu_juni,163,23233,73.94,15.38,71.58,False
SURFACE_2_ダ_条件戦,keibajo_code+kyori_kubun+ten_shisu_juni,keibajo_code,kyori_kubun,ten_shisu_juni,278,70054,72.99,12.02,71.58,False
SURFACE_2_ダ_条件戦,manken_shirushi+ichi_shisu_juni+ls_shisu_juni,manken_shirushi,ichi_shisu_juni,ls_shisu_juni,117,18853,73.53,10.77,71.58,False
SURFACE_2_ダ_条件戦,uma_deokure_bin+kyori_tekisei+pace_shisu_juni,uma_deokure_bin,kyori_tekisei,pace_shisu_juni,121,55928,73.52,10.88,71.58,False
SURFACE_2_ダ_条件戦,kyori_kubun+hizume_code+gekiso_juni,kyori_kubun,hizume_code,gekiso_juni,194,44726,73.22,11.66,71.58,False
SURFACE_2_ダ_条件戦,kyori_tekisei+kyakushitsu+pace_shisu_juni,kyori_tekisei,kyakushitsu,pace_shisu_juni,193,70333,73.3,12.32,71.57,False
SURFACE_2_ダ_条件戦,uma_deokure_bin+kyori_kubun+sogo_shisu_decile,uma_deokure_bin,kyori_kubun,sogo_shisu_decile,66,60946,75.2,15.1,71.56,False
SURFACE_2_ダ_条件戦,kyori_tekisei+gekiso_juni+ls_shisu_juni,kyori_tekisei,gekiso_juni,ls_shisu_juni,215,60941,73.23,12.52,71.56,False
SURFACE_2_ダ_条件戦,manken_shisu_decile+joshodo_code+rotation_bin,manken_shisu_decile,joshodo_code,rotation_bin,72,61308,73.78,9.66,71.55,False
SURFACE_2_ダ_条件戦,uma_start_shisu_decile+joshodo_code+gekiso_juni,uma_start_shisu_decile,joshodo_code,gekiso_juni,119,62252,73.33,9.94,71.55,False
SURFACE_2_ダ_条件戦,omo_tekisei_code+bataiju+idm_decile,omo_tekisei_code,bataiju,idm_decile,237,34843,73.31,13.88,71.54,False
SURFACE_2_ダ_条件戦,pace_yoso+manken_shisu_decile+bataiju,pace_yoso,manken_shisu_decile,bataiju,135,15736,73.43,11.22,71.54,False
SURFACE_2_ダ_条件戦,joshodo_code+kyakushitsu+tenkai_kigo_code,joshodo_code,kyakushitsu,tenkai_kigo_code,20,74829,76.2,10.66,71.53,False
SURFACE_2_ダ_条件戦,kyori_tekisei+ichi_shisu_juni+ten_shisu_juni,kyori_tekisei,ichi_shisu_juni,ten_shisu_juni,208,45040,73.41,13.89,71.53,False
SURFACE_2_ダ_条件戦,kyakushitsu+bataiju+bataiju_zogen,kyakushitsu,bataiju,bataiju_zogen,9,968,78.79,11.15,71.51,False
SURFACE_2_ダ_条件戦,manken_shirushi+uma_start_shisu_decile+kijun_ninkijun_tansho,manken_shirushi,uma_start_shisu_decile,kijun_ninkijun_tansho,89,15133,74.64,15.09,71.51,False
SURFACE_2_ダ_条件戦,omo_tekisei_code+ichi_shisu_juni+ls_shisu_juni,omo_tekisei_code,ichi_shisu_juni,ls_shisu_juni,188,55716,73.31,12.63,71.51,False
SURFACE_2_ダ_条件戦,uma_deokure_bin+ichi_shisu_juni+pace_shisu_juni,uma_deokure_bin,ichi_shisu_juni,pace_shisu_juni,231,47669,73.07,12.15,71.5,False
SURFACE_2_ダ_条件戦,kyakushitsu+rotation_bin+ls_shisu_juni,kyakushitsu,rotation_bin,ls_shisu_juni,153,58502,73.36,11.71,71.5,False
SURFACE_2_ダ_条件戦,kyori_tekisei+kyakushitsu+gekiso_juni,kyori_tekisei,kyakushitsu,gekiso_juni,191,69108,73.06,11.06,71.49,False
SURFACE_2_ダ_条件戦,uma_deokure_bin+joshodo_code+kijun_ninkijun_tansho,uma_deokure_bin,joshodo_code,kijun_ninkijun_tansho,51,61931,75.23,13.65,71.49,False
SURFACE_2_ダ_条件戦,kyakushitsu+omo_tekisei_code+gekiso_juni,kyakushitsu,omo_tekisei_code,gekiso_juni,127,60811,73.21,9.95,71.48,False
SURFACE_2_ダ_条件戦,keibajo_code+kijun_ninkijun_tansho+pace_shisu_juni,keibajo_code,kijun_ninkijun_tansho,pace_shisu_juni,123,17000,73.9,13.72,71.47,False
SURFACE_2_ダ_条件戦,omo_tekisei_code+ichi_shisu_juni+gekiso_juni,omo_tekisei_code,ichi_shisu_juni,gekiso_juni,264,45937,72.92,11.99,71.47,False
SURFACE_2_ダ_条件戦,kyakushitsu+bataiju_zogen+tenkai_kigo_code,kyakushitsu,bataiju_zogen,tenkai_kigo_code,127,57361,73.57,12.11,71.47,False
SURFACE_2_ダ_条件戦,rotation_bin+tenkai_kigo_code+gekiso_juni,rotation_bin,tenkai_kigo_code,gekiso_juni,181,48427,73.41,13.39,71.46,False
SURFACE_2_ダ_条件戦,kyori_kubun+kyakushitsu+rotation_bin,kyori_kubun,kyakushitsu,rotation_bin,86,61939,73.31,8.75,71.46,False
SURFACE_2_ダ_条件戦,omo_tekisei_code+kijun_ninkijun_tansho+ls_shisu_juni,omo_tekisei_code,kijun_ninkijun_tansho,ls_shisu_juni,150,56300,73.84,14.9,71.46,False
SURFACE_2_ダ_条件戦,joshodo_code+omo_tekisei_code+gekiso_juni,joshodo_code,omo_tekisei_code,gekiso_juni,39,61575,74.05,8.26,71.46,False
SURFACE_2_ダ_条件戦,manken_shisu_decile+rotation_bin+gekiso_juni,manken_shisu_decile,rotation_bin,gekiso_juni,223,34418,73.2,13.36,71.45,False
SURFACE_2_ダ_条件戦,bataiju_zogen+idm_decile+gekiso_juni,bataiju_zogen,idm_decile,gekiso_juni,173,26095,73.58,14.29,71.45,False
SURFACE_2_ダ_条件戦,manken_shirushi+idm_decile+tenkai_kigo_code,manken_shirushi,idm_decile,tenkai_kigo_code,147,44534,73.76,14.3,71.45,False
SURFACE_2_ダ_条件戦,omo_tekisei_code+rotation_bin+ichi_shisu_juni,omo_tekisei_code,rotation_bin,ichi_shisu_juni,175,56010,73.05,10.8,71.45,False
SURFACE_2_ダ_条件戦,pace_yoso+manken_shisu_decile+ichi_shisu_juni,pace_yoso,manken_shisu_decile,ichi_shisu_juni,268,66109,72.93,12.5,71.44,False
SURFACE_2_ダ_条件戦,uma_deokure_bin+omo_tekisei_code+pace_shisu_juni,uma_deokure_bin,omo_tekisei_code,pace_shisu_juni,82,58329,73.91,11.44,71.44,False
SURFACE_2_ダ_条件戦,keibajo_code+hizume_code+gekiso_juni,keibajo_code,hizume_code,gekiso_juni,120,20433,73.7,12.58,71.44,False
SURFACE_2_ダ_条件戦,kyori_tekisei+kyakushitsu+bataiju,kyori_tekisei,kyakushitsu,bataiju,236,38699,72.9,11.39,71.44,False
SURFACE_2_ダ_条件戦,hizume_code+ichi_shisu_juni+tenkai_kigo_code,hizume_code,ichi_shisu_juni,tenkai_kigo_code,165,40738,73.31,12.26,71.43,False
SURFACE_2_ダ_条件戦,kyori_kubun+manken_shisu_decile+ten_shisu_juni,kyori_kubun,manken_shisu_decile,ten_shisu_juni,317,63634,72.89,13.23,71.43,False
SURFACE_2_ダ_条件戦,kyori_kubun+bataiju+kijun_ninkijun_tansho,kyori_kubun,bataiju,kijun_ninkijun_tansho,15,1568,78.1,13.22,71.42,False
SURFACE_2_ダ_条件戦,kyori_kubun+ten_shisu_juni+gekiso_juni,kyori_kubun,ten_shisu_juni,gekiso_juni,305,50911,72.86,12.83,71.42,False
SURFACE_2_ダ_条件戦,kyori_kubun+omo_tekisei_code+pace_shisu_juni,kyori_kubun,omo_tekisei_code,pace_shisu_juni,108,59973,73.45,10.79,71.41,False
SURFACE_2_ダ_条件戦,omo_tekisei_code+rotation_bin+pace_shisu_juni,omo_tekisei_code,rotation_bin,pace_shisu_juni,177,56390,73.07,11.23,71.41,False
SURFACE_2_ダ_条件戦,hizume_code+tenkai_kigo_code+gekiso_juni,hizume_code,tenkai_kigo_code,gekiso_juni,167,39583,73.21,11.84,71.41,False
SURFACE_2_ダ_条件戦,hizume_code+kyakushitsu+gekiso_juni,hizume_code,kyakushitsu,gekiso_juni,193,41000,73.09,11.88,71.41,False
SURFACE_2_ダ_条件戦,manken_shirushi+kyori_kubun+bataiju,manken_shirushi,kyori_kubun,bataiju,4,414,84.7,13.56,71.41,False
SURFACE_2_ダ_条件戦,kyori_tekisei+sogo_shisu_decile+ls_shisu_juni,kyori_tekisei,sogo_shisu_decile,ls_shisu_juni,162,69321,73.68,14.84,71.4,False
SURFACE_2_ダ_条件戦,manken_shirushi+kijun_ninkijun_tansho+ls_shisu_juni,manken_shirushi,kijun_ninkijun_tansho,ls_shisu_juni,156,27485,73.67,14.46,71.4,False
SURFACE_2_ダ_条件戦,kyori_kubun+ichi_shisu_juni+ls_shisu_juni,kyori_kubun,ichi_shisu_juni,ls_shisu_juni,223,66094,72.9,11.5,71.39,False
SURFACE_2_ダ_条件戦,pace_yoso+omo_tekisei_code+gekiso_juni,pace_yoso,omo_tekisei_code,gekiso_juni,97,61513,73.22,9.19,71.39,False
SURFACE_2_ダ_条件戦,uma_start_shisu_decile+bataiju_zogen+ls_shisu_juni,uma_start_shisu_decile,bataiju_zogen,ls_shisu_juni,175,37043,73.34,13.19,71.39,False
SURFACE_2_ダ_条件戦,uma_deokure_bin+omo_tekisei_code+kijun_ninkijun_tansho,uma_deokure_bin,omo_tekisei_code,kijun_ninkijun_tansho,76,58461,75.04,16.32,71.38,False
SURFACE_2_ダ_条件戦,keibajo_code+ten_shisu_juni+kijun_ninkijun_tansho,keibajo_code,ten_shisu_juni,kijun_ninkijun_tansho,112,15196,74.11,14.72,71.38,False
SURFACE_2_ダ_条件戦,manken_shisu_decile+kyakushitsu+ten_shisu_juni,manken_shisu_decile,kyakushitsu,ten_shisu_juni,335,58012,72.86,13.74,71.38,False
SURFACE_2_ダ_条件戦,keibajo_code+kyori_tekisei+idm_decile,keibajo_code,kyori_tekisei,idm_decile,171,68813,73.56,14.65,71.37,False
SURFACE_2_ダ_条件戦,uma_start_shisu_decile+hizume_code+bataiju,uma_start_shisu_decile,hizume_code,bataiju,48,6427,74.43,10.81,71.37,False
SURFACE_2_ダ_条件戦,joshodo_code+ichi_shisu_juni+bataiju_zogen,joshodo_code,ichi_shisu_juni,bataiju_zogen,151,56097,72.84,9.28,71.36,False
SURFACE_2_ダ_条件戦,kyori_kubun+ichi_shisu_juni+pace_shisu_juni,kyori_kubun,ichi_shisu_juni,pace_shisu_juni,244,54236,72.86,11.89,71.36,False
SURFACE_2_ダ_条件戦,manken_shirushi+hizume_code+sogo_shisu_decile,manken_shirushi,hizume_code,sogo_shisu_decile,118,21393,73.82,13.64,71.36,False
SURFACE_2_ダ_条件戦,uma_deokure_bin+omo_tekisei_code+gekiso_juni,uma_deokure_bin,omo_tekisei_code,gekiso_juni,79,58334,73.58,10.11,71.35,False
SURFACE_2_ダ_条件戦,hizume_code+manken_shisu_decile+ls_shisu_juni,hizume_code,manken_shisu_decile,ls_shisu_juni,183,35709,73.12,12.21,71.35,False
SURFACE_2_ダ_条件戦,pace_yoso+ichi_shisu_juni+tenkai_kigo_code,pace_yoso,ichi_shisu_juni,tenkai_kigo_code,150,73489,73.68,14.62,71.34,False
SURFACE_2_ダ_条件戦,kyori_tekisei+tenkai_kigo_code+pace_shisu_juni,kyori_tekisei,tenkai_kigo_code,pace_shisu_juni,174,67337,73.53,14.75,71.34,False
SURFACE_2_ダ_条件戦,hizume_code+ichi_shisu_juni+ls_shisu_juni,hizume_code,ichi_shisu_juni,ls_shisu_juni,166,28493,73.2,12.3,71.33,False
SURFACE_2_ダ_条件戦,keibajo_code+sogo_shisu_decile+idm_decile,keibajo_code,sogo_shisu_decile,idm_decile,121,72597,73.96,14.76,71.33,False
SURFACE_2_ダ_条件戦,uma_deokure_bin+hizume_code+pace_shisu_juni,uma_deokure_bin,hizume_code,pace_shisu_juni,189,48486,73.09,12.37,71.33,False
SURFACE_2_ダ_条件戦,uma_start_shisu_decile+sogo_shisu_decile+ls_shisu_juni,uma_start_shisu_decile,sogo_shisu_decile,ls_shisu_juni,210,52816,73.37,15.06,71.33,False
SURFACE_2_ダ_条件戦,uma_deokure_bin+kyori_kubun+ichi_shisu_juni,uma_deokure_bin,kyori_kubun,ichi_shisu_juni,99,58298,73.52,11.19,71.32,False
SURFACE_2_ダ_条件戦,uma_deokure_bin+bataiju_zogen+gekiso_juni,uma_deokure_bin,bataiju_zogen,gekiso_juni,201,45489,72.88,11.36,71.31,False
SURFACE_2_ダ_条件戦,rotation_bin+ichi_shisu_juni+tenkai_kigo_code,rotation_bin,ichi_shisu_juni,tenkai_kigo_code,181,49853,73.36,14.13,71.3,False
SURFACE_2_ダ_条件戦,uma_start_shisu_decile+hizume_code+ten_shisu_juni,uma_start_shisu_decile,hizume_code,ten_shisu_juni,147,26130,73.6,14.28,71.29,False
SURFACE_2_ダ_条件戦,manken_shisu_decile+kyakushitsu+ichi_shisu_juni,manken_shisu_decile,kyakushitsu,ichi_shisu_juni,282,62908,72.71,12.26,71.28,False
SURFACE_2_ダ_条件戦,uma_start_shisu_decile+tenkai_kigo_code+kijun_ninkijun_tansho,uma_start_shisu_decile,tenkai_kigo_code,kijun_ninkijun_tansho,197,51871,73.53,16.07,71.28,False
SURFACE_2_ダ_条件戦,kyakushitsu+ichi_shisu_juni+gekiso_juni,kyakushitsu,ichi_shisu_juni,gekiso_juni,251,50559,72.87,12.9,71.28,False
SURFACE_2_ダ_条件戦,keibajo_code+joshodo_code+ichi_shisu_juni,keibajo_code,joshodo_code,ichi_shisu_juni,159,72452,72.74,9.46,71.27,False
SURFACE_2_ダ_条件戦,kyori_tekisei+ichi_shisu_juni+pace_shisu_juni,kyori_tekisei,ichi_shisu_juni,pace_shisu_juni,216,46644,73.06,13.47,71.27,False
SURFACE_2_ダ_条件戦,uma_start_shisu_decile+kyori_tekisei+sogo_shisu_decile,uma_start_shisu_decile,kyori_tekisei,sogo_shisu_decile,170,56617,73.65,15.81,71.27,False
SURFACE_2_ダ_条件戦,hizume_code+tenkai_kigo_code+ten_shisu_juni,hizume_code,tenkai_kigo_code,ten_shisu_juni,159,38818,73.22,12.53,71.27,False
SURFACE_2_ダ_条件戦,manken_shisu_decile+joshodo_code+tenkai_kigo_code,manken_shisu_decile,joshodo_code,tenkai_kigo_code,63,72697,73.49,9.0,71.27,False
SURFACE_2_ダ_条件戦,ichi_shisu_juni+kijun_ninkijun_tansho+pace_shisu_juni,ichi_shisu_juni,kijun_ninkijun_tansho,pace_shisu_juni,84,17090,74.58,15.56,71.26,False
SURFACE_2_ダ_条件戦,kyori_kubun+manken_shisu_decile+idm_decile,kyori_kubun,manken_shisu_decile,idm_decile,159,71415,73.36,13.53,71.26,False
SURFACE_2_ダ_条件戦,omo_tekisei_code+ichi_shisu_juni+pace_shisu_juni,omo_tekisei_code,ichi_shisu_juni,pace_shisu_juni,245,48938,72.7,11.51,71.26,False
SURFACE_2_ダ_条件戦,kyori_kubun+manken_shisu_decile+ichi_shisu_juni,kyori_kubun,manken_shisu_decile,ichi_shisu_juni,284,61719,72.69,12.34,71.26,False
SURFACE_2_ダ_条件戦,keibajo_code+omo_tekisei_code+gekiso_juni,keibajo_code,omo_tekisei_code,gekiso_juni,255,56201,72.75,12.18,71.25,False
SURFACE_2_ダ_条件戦,kyori_kubun+kyori_tekisei+ls_shisu_juni,kyori_kubun,kyori_tekisei,ls_shisu_juni,85,71702,73.87,12.31,71.25,False
SURFACE_2_ダ_条件戦,kyori_tekisei+idm_decile+ls_shisu_juni,kyori_tekisei,idm_decile,ls_shisu_juni,147,69538,73.59,14.47,71.25,False
SURFACE_2_ダ_条件戦,ichi_shisu_juni+ten_shisu_juni+gekiso_juni,ichi_shisu_juni,ten_shisu_juni,gekiso_juni,87,14112,74.43,15.18,71.24,False
SURFACE_2_ダ_条件戦,joshodo_code+omo_tekisei_code+pace_shisu_juni,joshodo_code,omo_tekisei_code,pace_shisu_juni,47,62339,74.01,9.72,71.23,False
SURFACE_2_ダ_条件戦,pace_yoso+uma_start_shisu_decile+bataiju,pace_yoso,uma_start_shisu_decile,bataiju,112,19769,73.26,10.98,71.23,False
SURFACE_2_ダ_条件戦,keibajo_code+omo_tekisei_code+ten_shisu_juni,keibajo_code,omo_tekisei_code,ten_shisu_juni,250,55214,72.71,12.03,71.22,False
SURFACE_2_ダ_条件戦,uma_start_shisu_decile+hizume_code+gekiso_juni,uma_start_shisu_decile,hizume_code,gekiso_juni,150,26369,73.31,13.07,71.21,False
SURFACE_2_ダ_条件戦,manken_shirushi+kyori_kubun+idm_decile,manken_shirushi,kyori_kubun,idm_decile,137,47081,73.65,14.57,71.21,False
SURFACE_2_ダ_条件戦,omo_tekisei_code+gekiso_juni+ls_shisu_juni,omo_tekisei_code,gekiso_juni,ls_shisu_juni,183,55916,73.04,12.65,71.21,False
SURFACE_2_ダ_条件戦,pace_yoso+kyori_kubun+ichi_shisu_juni,pace_yoso,kyori_kubun,ichi_shisu_juni,118,73673,72.84,9.04,71.21,False
SURFACE_2_ダ_条件戦,uma_start_shisu_decile+kyakushitsu+sogo_shisu_decile,uma_start_shisu_decile,kyakushitsu,sogo_shisu_decile,143,58696,73.65,14.9,71.21,False
SURFACE_2_ダ_条件戦,pace_yoso+rotation_bin+pace_shisu_juni,pace_yoso,rotation_bin,pace_shisu_juni,187,56068,72.9,11.89,71.19,False
SURFACE_2_ダ_条件戦,manken_shisu_decile+idm_decile+tenkai_kigo_code,manken_shisu_decile,idm_decile,tenkai_kigo_code,181,69402,73.19,13.68,71.19,False
SURFACE_2_ダ_条件戦,keibajo_code+rotation_bin+ls_shisu_juni,keibajo_code,rotation_bin,ls_shisu_juni,206,50075,72.81,11.86,71.19,False
SURFACE_2_ダ_条件戦,pace_yoso+manken_shirushi+sogo_shisu_decile,pace_yoso,manken_shirushi,sogo_shisu_decile,128,46370,73.71,14.59,71.18,False
SURFACE_2_ダ_条件戦,kyori_kubun+joshodo_code+rotation_bin,kyori_kubun,joshodo_code,rotation_bin,29,62705,73.29,5.81,71.18,False
SURFACE_2_ダ_条件戦,kyakushitsu+omo_tekisei_code+idm_decile,kyakushitsu,omo_tekisei_code,idm_decile,68,62676,74.56,14.2,71.18,False
SURFACE_2_ダ_条件戦,manken_shirushi+tenkai_kigo_code+kijun_ninkijun_tansho,manken_shirushi,tenkai_kigo_code,kijun_ninkijun_tansho,178,36998,73.25,14.14,71.17,False
SURFACE_2_ダ_条件戦,uma_start_shisu_decile+rotation_bin+bataiju,uma_start_shisu_decile,rotation_bin,bataiju,55,6857,74.29,11.77,71.17,False
SURFACE_2_ダ_条件戦,ichi_shisu_juni+sogo_shisu_decile+gekiso_juni,ichi_shisu_juni,sogo_shisu_decile,gekiso_juni,142,24573,73.48,14.05,71.17,False
SURFACE_2_ダ_条件戦,manken_shisu_decile+omo_tekisei_code+gekiso_juni,manken_shisu_decile,omo_tekisei_code,gekiso_juni,208,55923,72.66,11.06,71.16,False
SURFACE_2_ダ_条件戦,kyori_tekisei+manken_shisu_decile+kijun_ninkijun_tansho,kyori_tekisei,manken_shisu_decile,kijun_ninkijun_tansho,231,57482,73.1,15.1,71.16,False
SURFACE_2_ダ_条件戦,uma_deokure_bin+ichi_shisu_juni+ls_shisu_juni,uma_deokure_bin,ichi_shisu_juni,ls_shisu_juni,177,54613,72.99,12.38,71.16,False
SURFACE_2_ダ_条件戦,hizume_code+ten_shisu_juni+ls_shisu_juni,hizume_code,ten_shisu_juni,ls_shisu_juni,165,27408,73.48,15.28,71.15,False
SURFACE_2_ダ_条件戦,kyori_tekisei+omo_tekisei_code+idm_decile,kyori_tekisei,omo_tekisei_code,idm_decile,66,59927,74.91,15.63,71.14,False
SURFACE_2_ダ_条件戦,uma_deokure_bin+manken_shisu_decile+ten_shisu_juni,uma_deokure_bin,manken_shisu_decile,ten_shisu_juni,263,54151,72.8,13.74,71.14,False
SURFACE_2_ダ_条件戦,kyori_kubun+omo_tekisei_code+gekiso_juni,kyori_kubun,omo_tekisei_code,gekiso_juni,105,60132,73.11,10.3,71.14,False
SURFACE_2_ダ_条件戦,sogo_shisu_decile+idm_decile+kijun_ninkijun_tansho,sogo_shisu_decile,idm_decile,kijun_ninkijun_tansho,118,72887,73.83,14.93,71.14,False
SURFACE_2_ダ_条件戦,pace_yoso+keibajo_code+pace_shisu_juni,pace_yoso,keibajo_code,pace_shisu_juni,265,67735,72.4,10.58,71.13,False
SURFACE_2_ダ_条件戦,kyori_tekisei+omo_tekisei_code+sogo_shisu_decile,kyori_tekisei,omo_tekisei_code,sogo_shisu_decile,76,59963,74.66,15.71,71.13,False
SURFACE_2_ダ_条件戦,uma_deokure_bin+manken_shisu_decile+ls_shisu_juni,uma_deokure_bin,manken_shisu_decile,ls_shisu_juni,140,56383,73.18,12.4,71.13,False
SURFACE_2_ダ_条件戦,omo_tekisei_code+pace_shisu_juni+ls_shisu_juni,omo_tekisei_code,pace_shisu_juni,ls_shisu_juni,190,55758,72.85,12.13,71.12,False
SURFACE_2_ダ_条件戦,kyori_kubun+pace_shisu_juni+gekiso_juni,kyori_kubun,pace_shisu_juni,gekiso_juni,294,50724,72.56,12.76,71.1,False
SURFACE_2_ダ_条件戦,uma_deokure_bin+kyori_tekisei+gekiso_juni,uma_deokure_bin,kyori_tekisei,gekiso_juni,118,55780,73.02,10.7,71.09,False
SURFACE_2_ダ_条件戦,kyori_kubun+kyori_tekisei+gekiso_juni,kyori_kubun,kyori_tekisei,gekiso_juni,127,68665,73.07,11.49,71.08,False
SURFACE_2_ダ_条件戦,kyori_kubun+joshodo_code+bataiju_zogen,kyori_kubun,joshodo_code,bataiju_zogen,54,60880,73.3,8.33,71.08,False
SURFACE_2_ダ_条件戦,kyakushitsu+rotation_bin+gekiso_juni,kyakushitsu,rotation_bin,gekiso_juni,230,52471,72.82,13.46,71.08,False
SURFACE_2_ダ_条件戦,manken_shirushi+kyakushitsu+kijun_ninkijun_tansho,manken_shirushi,kyakushitsu,kijun_ninkijun_tansho,200,33951,73.14,14.93,71.07,False
SURFACE_2_ダ_条件戦,kyori_tekisei+kyakushitsu+ichi_shisu_juni,kyori_tekisei,kyakushitsu,ichi_shisu_juni,156,70559,73.03,12.46,71.07,False
SURFACE_2_ダ_条件戦,omo_tekisei_code+bataiju+ls_shisu_juni,omo_tekisei_code,bataiju,ls_shisu_juni,171,26165,72.91,12.26,71.07,False
SURFACE_2_ダ_条件戦,omo_tekisei_code+rotation_bin+ten_shisu_juni,omo_tekisei_code,rotation_bin,ten_shisu_juni,176,55841,72.77,11.56,71.07,False
SURFACE_2_ダ_条件戦,manken_shirushi+keibajo_code+sogo_shisu_decile,manken_shirushi,keibajo_code,sogo_shisu_decile,188,30108,73.23,15.11,71.07,False
SURFACE_2_ダ_条件戦,hizume_code+omo_tekisei_code+ten_shisu_juni,hizume_code,omo_tekisei_code,ten_shisu_juni,189,50990,72.89,12.84,71.06,False
SURFACE_2_ダ_条件戦,joshodo_code+sogo_shisu_decile+tenkai_kigo_code,joshodo_code,sogo_shisu_decile,tenkai_kigo_code,50,74082,74.69,13.12,71.05,False
SURFACE_2_ダ_条件戦,uma_start_shisu_decile+kyori_kubun+bataiju,uma_start_shisu_decile,kyori_kubun,bataiju,122,19434,72.85,10.17,71.05,False
SURFACE_2_ダ_条件戦,ten_shisu_juni+pace_shisu_juni+ls_shisu_juni,ten_shisu_juni,pace_shisu_juni,ls_shisu_juni,178,36106,72.95,12.95,71.04,False
SURFACE_2_ダ_条件戦,uma_start_shisu_decile+keibajo_code+idm_decile,uma_start_shisu_decile,keibajo_code,idm_decile,204,48467,73.12,15.2,71.04,False
SURFACE_2_ダ_条件戦,ichi_shisu_juni+ten_shisu_juni+kijun_ninkijun_tansho,ichi_shisu_juni,ten_shisu_juni,kijun_ninkijun_tansho,79,16174,74.49,15.67,71.04,False
SURFACE_2_ダ_条件戦,uma_start_shisu_decile+keibajo_code+pace_shisu_juni,uma_start_shisu_decile,keibajo_code,pace_shisu_juni,131,23303,73.35,13.51,71.04,False
SURFACE_2_ダ_条件戦,hizume_code+omo_tekisei_code+pace_shisu_juni,hizume_code,omo_tekisei_code,pace_shisu_juni,189,51460,72.75,12.07,71.03,False
SURFACE_2_ダ_条件戦,manken_shisu_decile+omo_tekisei_code+sogo_shisu_decile,manken_shisu_decile,omo_tekisei_code,sogo_shisu_decile,140,58637,73.58,15.36,71.03,False
SURFACE_2_ダ_条件戦,keibajo_code+joshodo_code+tenkai_kigo_code,keibajo_code,joshodo_code,tenkai_kigo_code,70,74266,73.35,9.91,71.03,False
SURFACE_2_ダ_条件戦,uma_start_shisu_decile+kyori_tekisei+idm_decile,uma_start_shisu_decile,kyori_tekisei,idm_decile,148,56820,73.49,15.28,71.03,False
SURFACE_2_ダ_条件戦,pace_yoso+rotation_bin+ten_shisu_juni,pace_yoso,rotation_bin,ten_shisu_juni,190,55858,72.68,11.63,71.03,False
SURFACE_2_ダ_条件戦,kyori_kubun+omo_tekisei_code+ten_shisu_juni,kyori_kubun,omo_tekisei_code,ten_shisu_juni,108,59763,73.1,10.95,71.03,False
SURFACE_2_ダ_条件戦,kyori_kubun+manken_shisu_decile+sogo_shisu_decile,kyori_kubun,manken_shisu_decile,sogo_shisu_decile,180,70974,73.05,13.89,71.02,False
SURFACE_2_ダ_条件戦,pace_yoso+keibajo_code+ten_shisu_juni,pace_yoso,keibajo_code,ten_shisu_juni,267,67651,72.35,11.03,71.02,False
SURFACE_2_ダ_条件戦,manken_shisu_decile+sogo_shisu_decile+tenkai_kigo_code,manken_shisu_decile,sogo_shisu_decile,tenkai_kigo_code,202,68587,73.03,14.61,71.02,False
SURFACE_2_ダ_条件戦,kyori_kubun+manken_shisu_decile+joshodo_code,kyori_kubun,manken_shisu_decile,joshodo_code,58,72808,73.1,8.1,71.01,False
SURFACE_2_ダ_条件戦,uma_start_shisu_decile+kyori_tekisei+kijun_ninkijun_tansho,uma_start_shisu_decile,kyori_tekisei,kijun_ninkijun_tansho,199,47175,73.14,15.37,71.01,False
SURFACE_2_ダ_条件戦,kyori_kubun+manken_shisu_decile+pace_shisu_juni,kyori_kubun,manken_shisu_decile,pace_shisu_juni,317,64136,72.45,13.18,71.0,False
SURFACE_2_ダ_条件戦,kyori_tekisei+ten_shisu_juni+pace_shisu_juni,kyori_tekisei,ten_shisu_juni,pace_shisu_juni,212,49626,72.91,14.24,71.0,False
SURFACE_2_ダ_条件戦,uma_deokure_bin+hizume_code+ls_shisu_juni,uma_deokure_bin,hizume_code,ls_shisu_juni,129,53553,73.06,11.92,71.0,False
SURFACE_2_ダ_条件戦,kyori_kubun+omo_tekisei_code+idm_decile,kyori_kubun,omo_tekisei_code,idm_decile,60,62152,74.75,14.89,70.99,False
SURFACE_2_ダ_条件戦,pace_yoso+ichi_shisu_juni+pace_shisu_juni,pace_yoso,ichi_shisu_juni,pace_shisu_juni,249,59573,72.54,12.43,70.99,False
SURFACE_2_ダ_条件戦,kyori_tekisei+idm_decile+pace_shisu_juni,kyori_tekisei,idm_decile,pace_shisu_juni,217,64089,72.92,14.55,70.99,False
SURFACE_2_ダ_条件戦,keibajo_code+hizume_code+ls_shisu_juni,keibajo_code,hizume_code,ls_shisu_juni,168,39662,72.76,11.83,70.97,False
SURFACE_2_ダ_条件戦,uma_start_shisu_decile+keibajo_code+ten_shisu_juni,uma_start_shisu_decile,keibajo_code,ten_shisu_juni,136,23965,73.27,13.7,70.97,False
SURFACE_2_ダ_条件戦,manken_shisu_decile+bataiju+tenkai_kigo_code,manken_shisu_decile,bataiju,tenkai_kigo_code,96,11166,73.49,12.61,70.97,False
SURFACE_2_ダ_条件戦,uma_deokure_bin+ichi_shisu_juni+gekiso_juni,uma_deokure_bin,ichi_shisu_juni,gekiso_juni,252,45773,72.56,13.02,70.96,False
SURFACE_2_ダ_条件戦,keibajo_code+kyori_tekisei+sogo_shisu_decile,keibajo_code,kyori_tekisei,sogo_shisu_decile,186,67153,73.19,15.47,70.96,False
SURFACE_2_ダ_条件戦,uma_start_shisu_decile+manken_shisu_decile+pace_shisu_juni,uma_start_shisu_decile,manken_shisu_decile,pace_shisu_juni,120,19585,73.0,11.46,70.95,False
SURFACE_2_ダ_条件戦,rotation_bin+bataiju+tenkai_kigo_code,rotation_bin,bataiju,tenkai_kigo_code,138,22007,72.81,11.21,70.94,False
SURFACE_2_ダ_条件戦,manken_shirushi+idm_decile+kijun_ninkijun_tansho,manken_shirushi,idm_decile,kijun_ninkijun_tansho,190,32662,73.11,15.49,70.91,False
SURFACE_2_ダ_条件戦,uma_deokure_bin+joshodo_code+sogo_shisu_decile,uma_deokure_bin,joshodo_code,sogo_shisu_decile,27,61953,76.64,15.22,70.9,False
SURFACE_2_ダ_条件戦,uma_deokure_bin+rotation_bin+ls_shisu_juni,uma_deokure_bin,rotation_bin,ls_shisu_juni,104,57907,73.0,10.93,70.9,False
SURFACE_2_ダ_条件戦,uma_deokure_bin+keibajo_code+ten_shisu_juni,uma_deokure_bin,keibajo_code,ten_shisu_juni,242,54437,72.42,12.16,70.89,False
SURFACE_2_ダ_条件戦,bataiju_zogen+tenkai_kigo_code+ten_shisu_juni,bataiju_zogen,tenkai_kigo_code,ten_shisu_juni,159,35033,72.97,13.38,70.89,False
SURFACE_2_ダ_条件戦,manken_shirushi+kyori_kubun+sogo_shisu_decile,manken_shirushi,kyori_kubun,sogo_shisu_decile,155,46643,73.27,15.11,70.89,False
SURFACE_2_ダ_条件戦,omo_tekisei_code+tenkai_kigo_code+ten_shisu_juni,omo_tekisei_code,tenkai_kigo_code,ten_shisu_juni,134,58937,73.39,14.77,70.89,False
SURFACE_2_ダ_条件戦,uma_start_shisu_decile+omo_tekisei_code+idm_decile,uma_start_shisu_decile,omo_tekisei_code,idm_decile,99,59685,73.75,14.53,70.89,False
SURFACE_2_ダ_条件戦,joshodo_code+rotation_bin+ichi_shisu_juni,joshodo_code,rotation_bin,ichi_shisu_juni,108,61836,72.61,9.15,70.89,False
SURFACE_2_ダ_条件戦,kyakushitsu+pace_shisu_juni+ls_shisu_juni,kyakushitsu,pace_shisu_juni,ls_shisu_juni,261,60745,72.43,12.79,70.88,False
SURFACE_2_ダ_条件戦,hizume_code+tenkai_kigo_code+ls_shisu_juni,hizume_code,tenkai_kigo_code,ls_shisu_juni,152,49514,73.08,13.81,70.88,False
SURFACE_2_ダ_条件戦,uma_deokure_bin+rotation_bin+ichi_shisu_juni,uma_deokure_bin,rotation_bin,ichi_shisu_juni,163,54740,72.51,10.67,70.87,False
SURFACE_2_ダ_条件戦,kyakushitsu+omo_tekisei_code+pace_shisu_juni,kyakushitsu,omo_tekisei_code,pace_shisu_juni,127,61145,72.66,10.36,70.86,False
SURFACE_2_ダ_条件戦,sogo_shisu_decile+idm_decile+ls_shisu_juni,sogo_shisu_decile,idm_decile,ls_shisu_juni,101,73604,73.5,13.54,70.86,False
SURFACE_2_ダ_条件戦,kyori_kubun+omo_tekisei_code+sogo_shisu_decile,kyori_kubun,omo_tekisei_code,sogo_shisu_decile,67,61980,74.65,15.82,70.86,False
SURFACE_2_ダ_条件戦,manken_shisu_decile+omo_tekisei_code+idm_decile,manken_shisu_decile,omo_tekisei_code,idm_decile,123,58764,73.36,14.16,70.85,False
SURFACE_2_ダ_条件戦,hizume_code+joshodo_code+ten_shisu_juni,hizume_code,joshodo_code,ten_shisu_juni,134,56993,72.73,11.1,70.85,False
SURFACE_2_ダ_条件戦,manken_shisu_decile+kyakushitsu+pace_shisu_juni,manken_shisu_decile,kyakushitsu,pace_shisu_juni,328,56632,72.35,14.02,70.83,False
SURFACE_2_ダ_条件戦,omo_tekisei_code+ten_shisu_juni+gekiso_juni,omo_tekisei_code,ten_shisu_juni,gekiso_juni,279,46358,72.45,13.84,70.82,False
SURFACE_2_ダ_条件戦,pace_yoso+rotation_bin+gekiso_juni,pace_yoso,rotation_bin,gekiso_juni,189,56084,72.52,11.91,70.82,False
SURFACE_2_ダ_条件戦,kyori_tekisei+idm_decile+ten_shisu_juni,kyori_tekisei,idm_decile,ten_shisu_juni,223,64168,72.75,14.78,70.81,False
SURFACE_2_ダ_条件戦,uma_start_shisu_decile+omo_tekisei_code+sogo_shisu_decile,uma_start_shisu_decile,omo_tekisei_code,sogo_shisu_decile,112,59422,73.71,15.64,70.81,False
SURFACE_2_ダ_条件戦,uma_deokure_bin+manken_shisu_decile+pace_shisu_juni,uma_deokure_bin,manken_shisu_decile,pace_shisu_juni,258,54042,72.49,13.76,70.81,False
SURFACE_2_ダ_条件戦,kyori_kubun+pace_shisu_juni+ls_shisu_juni,kyori_kubun,pace_shisu_juni,ls_shisu_juni,237,66712,72.37,12.25,70.81,False
SURFACE_2_ダ_条件戦,keibajo_code+manken_shisu_decile+joshodo_code,keibajo_code,manken_shisu_decile,joshodo_code,129,71649,72.49,9.81,70.8,False
SURFACE_2_ダ_条件戦,pace_yoso+manken_shisu_decile+ls_shisu_juni,pace_yoso,manken_shisu_decile,ls_shisu_juni,169,70988,72.72,12.69,70.8,False
SURFACE_2_ダ_条件戦,keibajo_code+bataiju_zogen+ls_shisu_juni,keibajo_code,bataiju_zogen,ls_shisu_juni,191,35822,72.73,13.6,70.8,False
SURFACE_2_ダ_条件戦,rotation_bin+sogo_shisu_decile+tenkai_kigo_code,rotation_bin,sogo_shisu_decile,tenkai_kigo_code,142,57963,73.44,16.01,70.8,False
SURFACE_2_ダ_条件戦,omo_tekisei_code+rotation_bin+gekiso_juni,omo_tekisei_code,rotation_bin,gekiso_juni,181,57064,72.45,11.37,70.8,False
SURFACE_2_ダ_条件戦,uma_start_shisu_decile+keibajo_code+ls_shisu_juni,uma_start_shisu_decile,keibajo_code,ls_shisu_juni,178,44713,72.65,12.58,70.8,False
SURFACE_2_ダ_条件戦,joshodo_code+kyakushitsu+rotation_bin,joshodo_code,kyakushitsu,rotation_bin,32,62835,72.98,6.27,70.8,False
SURFACE_2_ダ_条件戦,kyori_kubun+joshodo_code+kyakushitsu,kyori_kubun,joshodo_code,kyakushitsu,22,74853,73.83,7.27,70.79,False
SURFACE_2_ダ_条件戦,kyakushitsu+omo_tekisei_code+kijun_ninkijun_tansho,kyakushitsu,omo_tekisei_code,kijun_ninkijun_tansho,113,60437,73.62,15.35,70.79,False
SURFACE_2_ダ_条件戦,bataiju_zogen+tenkai_kigo_code+pace_shisu_juni,bataiju_zogen,tenkai_kigo_code,pace_shisu_juni,158,35660,72.77,12.76,70.78,False
SURFACE_2_ダ_条件戦,hizume_code+sogo_shisu_decile+idm_decile,hizume_code,sogo_shisu_decile,idm_decile,111,55430,73.7,15.72,70.77,False
SURFACE_2_ダ_条件戦,hizume_code+pace_shisu_juni+ls_shisu_juni,hizume_code,pace_shisu_juni,ls_shisu_juni,166,27923,72.83,13.6,70.77,False
SURFACE_2_ダ_条件戦,keibajo_code+kyori_kubun+joshodo_code,keibajo_code,kyori_kubun,joshodo_code,45,74234,72.14,4.7,70.77,False
SURFACE_2_ダ_条件戦,pace_yoso+idm_decile+tenkai_kigo_code,pace_yoso,idm_decile,tenkai_kigo_code,78,75536,74.0,14.52,70.77,False
SURFACE_2_ダ_条件戦,kyakushitsu+ten_shisu_juni+ls_shisu_juni,kyakushitsu,ten_shisu_juni,ls_shisu_juni,263,61146,72.46,13.93,70.77,False
SURFACE_2_ダ_条件戦,bataiju_zogen+sogo_shisu_decile+gekiso_juni,bataiju_zogen,sogo_shisu_decile,gekiso_juni,167,23642,73.06,15.17,70.76,False
SURFACE_2_ダ_条件戦,ichi_shisu_juni+pace_shisu_juni+gekiso_juni,ichi_shisu_juni,pace_shisu_juni,gekiso_juni,85,14299,73.84,14.5,70.76,False
SURFACE_2_ダ_条件戦,pace_yoso+manken_shirushi+kijun_ninkijun_tansho,pace_yoso,manken_shirushi,kijun_ninkijun_tansho,161,42351,73.01,14.58,70.76,False
SURFACE_2_ダ_条件戦,joshodo_code+idm_decile+tenkai_kigo_code,joshodo_code,idm_decile,tenkai_kigo_code,43,74079,74.43,12.3,70.76,False
SURFACE_2_ダ_条件戦,hizume_code+omo_tekisei_code+gekiso_juni,hizume_code,omo_tekisei_code,gekiso_juni,188,51677,72.45,11.88,70.75,False
SURFACE_2_ダ_条件戦,kyakushitsu+omo_tekisei_code+sogo_shisu_decile,kyakushitsu,omo_tekisei_code,sogo_shisu_decile,75,62414,74.12,14.86,70.75,False
SURFACE_2_ダ_条件戦,kyori_tekisei+manken_shisu_decile+idm_decile,kyori_tekisei,manken_shisu_decile,idm_decile,186,68209,72.89,14.96,70.74,False
SURFACE_2_ダ_条件戦,omo_tekisei_code+ten_shisu_juni+ls_shisu_juni,omo_tekisei_code,ten_shisu_juni,ls_shisu_juni,193,55536,72.5,12.56,70.73,False
SURFACE_2_ダ_条件戦,kyakushitsu+tenkai_kigo_code+gekiso_juni,kyakushitsu,tenkai_kigo_code,gekiso_juni,180,71803,72.69,13.4,70.73,False
SURFACE_2_ダ_条件戦,uma_start_shisu_decile+hizume_code+pace_shisu_juni,uma_start_shisu_decile,hizume_code,pace_shisu_juni,148,26089,72.85,13.21,70.72,False
SURFACE_2_ダ_条件戦,uma_deokure_bin+ten_shisu_juni+pace_shisu_juni,uma_deokure_bin,ten_shisu_juni,pace_shisu_juni,219,48509,72.38,12.53,70.72,False
SURFACE_2_ダ_条件戦,keibajo_code+manken_shisu_decile+ls_shisu_juni,keibajo_code,manken_shisu_decile,ls_shisu_juni,271,55239,72.34,13.64,70.72,False
SURFACE_2_ダ_条件戦,hizume_code+gekiso_juni+ls_shisu_juni,hizume_code,gekiso_juni,ls_shisu_juni,159,28431,72.68,12.61,70.72,False
SURFACE_2_ダ_条件戦,joshodo_code+kyakushitsu+bataiju_zogen,joshodo_code,kyakushitsu,bataiju_zogen,61,60994,72.62,7.59,70.71,False
SURFACE_2_ダ_条件戦,uma_deokure_bin+ten_shisu_juni+gekiso_juni,uma_deokure_bin,ten_shisu_juni,gekiso_juni,267,44851,72.37,13.91,70.7,False
SURFACE_2_ダ_条件戦,keibajo_code+kyori_tekisei+ten_shisu_juni,keibajo_code,kyori_tekisei,ten_shisu_juni,221,53460,72.48,13.5,70.7,False
SURFACE_2_ダ_条件戦,manken_shisu_decile+omo_tekisei_code+pace_shisu_juni,manken_shisu_decile,omo_tekisei_code,pace_shisu_juni,267,55333,72.22,12.73,70.69,False
SURFACE_2_ダ_条件戦,pace_yoso+manken_shisu_decile+gekiso_juni,pace_yoso,manken_shisu_decile,gekiso_juni,222,66466,72.08,10.64,70.68,False
SURFACE_2_ダ_条件戦,kyori_kubun+kyakushitsu+ls_shisu_juni,kyori_kubun,kyakushitsu,ls_shisu_juni,121,75019,72.69,11.26,70.68,False
SURFACE_2_ダ_条件戦,manken_shisu_decile+kijun_ninkijun_tansho+pace_shisu_juni,manken_shisu_decile,kijun_ninkijun_tansho,pace_shisu_juni,91,12444,73.7,14.74,70.67,False
SURFACE_2_ダ_条件戦,uma_deokure_bin+pace_yoso+ten_shisu_juni,uma_deokure_bin,pace_yoso,ten_shisu_juni,98,59917,72.71,10.32,70.67,False
SURFACE_2_ダ_条件戦,joshodo_code+ichi_shisu_juni+ten_shisu_juni,joshodo_code,ichi_shisu_juni,ten_shisu_juni,197,69125,72.13,10.66,70.65,False
SURFACE_2_ダ_条件戦,omo_tekisei_code+pace_shisu_juni+gekiso_juni,omo_tekisei_code,pace_shisu_juni,gekiso_juni,267,46351,72.22,13.11,70.64,False
SURFACE_2_ダ_条件戦,uma_start_shisu_decile+keibajo_code+ichi_shisu_juni,uma_start_shisu_decile,keibajo_code,ichi_shisu_juni,126,24684,72.47,10.46,70.64,False
SURFACE_2_ダ_条件戦,kyori_kubun+joshodo_code+tenkai_kigo_code,kyori_kubun,joshodo_code,tenkai_kigo_code,30,74796,73.69,8.55,70.64,False
SURFACE_2_ダ_条件戦,manken_shisu_decile+idm_decile+ls_shisu_juni,manken_shisu_decile,idm_decile,ls_shisu_juni,258,63846,72.47,14.99,70.64,False
SURFACE_2_ダ_条件戦,uma_start_shisu_decile+kyori_kubun+idm_decile,uma_start_shisu_decile,kyori_kubun,idm_decile,122,59439,73.14,14.12,70.63,False
SURFACE_2_ダ_条件戦,hizume_code+bataiju+ls_shisu_juni,hizume_code,bataiju,ls_shisu_juni,32,4244,74.58,11.43,70.62,False
SURFACE_2_ダ_条件戦,pace_yoso+kyori_kubun+ls_shisu_juni,pace_yoso,kyori_kubun,ls_shisu_juni,74,75297,72.88,9.94,70.62,False
SURFACE_2_ダ_条件戦,kyori_tekisei+idm_decile+gekiso_juni,kyori_tekisei,idm_decile,gekiso_juni,204,63706,72.59,14.3,70.62,False
SURFACE_2_ダ_条件戦,joshodo_code+omo_tekisei_code+kijun_ninkijun_tansho,joshodo_code,omo_tekisei_code,kijun_ninkijun_tansho,38,61635,74.53,12.32,70.62,False
SURFACE_2_ダ_条件戦,uma_start_shisu_decile+tenkai_kigo_code+ten_shisu_juni,uma_start_shisu_decile,tenkai_kigo_code,ten_shisu_juni,195,48802,72.61,14.19,70.62,False
SURFACE_2_ダ_条件戦,pace_yoso+omo_tekisei_code+idm_decile,pace_yoso,omo_tekisei_code,idm_decile,50,62866,74.56,14.19,70.62,False
SURFACE_2_ダ_条件戦,omo_tekisei_code+sogo_shisu_decile+ls_shisu_juni,omo_tekisei_code,sogo_shisu_decile,ls_shisu_juni,112,59813,73.3,14.51,70.61,False
SURFACE_2_ダ_条件戦,omo_tekisei_code+ten_shisu_juni+pace_shisu_juni,omo_tekisei_code,ten_shisu_juni,pace_shisu_juni,225,49716,72.12,11.56,70.61,False
SURFACE_2_ダ_条件戦,keibajo_code+manken_shisu_decile+gekiso_juni,keibajo_code,manken_shisu_decile,gekiso_juni,255,35737,72.29,13.66,70.61,False
SURFACE_2_ダ_条件戦,kyori_kubun+manken_shisu_decile+gekiso_juni,kyori_kubun,manken_shisu_decile,gekiso_juni,287,67786,71.96,11.67,70.61,False
SURFACE_2_ダ_条件戦,kyori_kubun+ten_shisu_juni+ls_shisu_juni,kyori_kubun,ten_shisu_juni,ls_shisu_juni,243,66743,72.24,13.03,70.6,False
SURFACE_2_ダ_条件戦,keibajo_code+kyakushitsu+gekiso_juni,keibajo_code,kyakushitsu,gekiso_juni,305,53778,72.04,12.85,70.59,False
SURFACE_2_ダ_条件戦,rotation_bin+tenkai_kigo_code+ten_shisu_juni,rotation_bin,tenkai_kigo_code,ten_shisu_juni,185,48744,72.66,14.35,70.59,False
SURFACE_2_ダ_条件戦,pace_yoso+bataiju+ls_shisu_juni,pace_yoso,bataiju,ls_shisu_juni,202,32984,72.21,11.69,70.59,False
SURFACE_2_ダ_条件戦,kyori_tekisei+ichi_shisu_juni+gekiso_juni,kyori_tekisei,ichi_shisu_juni,gekiso_juni,216,44114,72.51,14.42,70.59,False
SURFACE_2_ダ_条件戦,uma_deokure_bin+hizume_code+gekiso_juni,uma_deokure_bin,hizume_code,gekiso_juni,183,48150,72.31,11.99,70.57,False
SURFACE_2_ダ_条件戦,manken_shisu_decile+omo_tekisei_code+ten_shisu_juni,manken_shisu_decile,omo_tekisei_code,ten_shisu_juni,275,55647,72.13,13.25,70.57,False
SURFACE_2_ダ_条件戦,uma_start_shisu_decile+idm_decile+pace_shisu_juni,uma_start_shisu_decile,idm_decile,pace_shisu_juni,225,41277,72.53,15.01,70.57,False
SURFACE_2_ダ_条件戦,uma_start_shisu_decile+bataiju_zogen+idm_decile,uma_start_shisu_decile,bataiju_zogen,idm_decile,201,43601,72.53,14.41,70.54,False
SURFACE_2_ダ_条件戦,idm_decile+ten_shisu_juni+gekiso_juni,idm_decile,ten_shisu_juni,gekiso_juni,167,24088,72.9,15.51,70.54,False
SURFACE_2_ダ_条件戦,pace_yoso+keibajo_code+kyakushitsu,pace_yoso,keibajo_code,kyakushitsu,117,75068,72.47,10.66,70.54,False
SURFACE_2_ダ_条件戦,sogo_shisu_decile+tenkai_kigo_code+ls_shisu_juni,sogo_shisu_decile,tenkai_kigo_code,ls_shisu_juni,171,71376,72.74,14.7,70.54,False
SURFACE_2_ダ_条件戦,kyori_tekisei+joshodo_code+ls_shisu_juni,kyori_tekisei,joshodo_code,ls_shisu_juni,42,71256,73.35,9.29,70.54,False
SURFACE_2_ダ_条件戦,kyakushitsu+omo_tekisei_code+ten_shisu_juni,kyakushitsu,omo_tekisei_code,ten_shisu_juni,121,60436,72.35,10.22,70.52,False
SURFACE_2_ダ_条件戦,joshodo_code+tenkai_kigo_code+ls_shisu_juni,joshodo_code,tenkai_kigo_code,ls_shisu_juni,59,74004,73.06,9.94,70.52,False
SURFACE_2_ダ_条件戦,keibajo_code+kyori_tekisei+ichi_shisu_juni,keibajo_code,kyori_tekisei,ichi_shisu_juni,204,52893,72.27,12.77,70.51,False
SURFACE_2_ダ_条件戦,joshodo_code+omo_tekisei_code+kishu_kitai_sanchakunai_ritsu,joshodo_code,omo_tekisei_code,kishu_kitai_sanchakunai_ritsu,100,33520,72.92,12.27,70.51,False
SURFACE_2_ダ_条件戦,pace_yoso+rotation_bin+ls_shisu_juni,pace_yoso,rotation_bin,ls_shisu_juni,119,59897,72.56,11.42,70.51,False
SURFACE_2_ダ_条件戦,ichi_shisu_juni+idm_decile+kijun_ninkijun_tansho,ichi_shisu_juni,idm_decile,kijun_ninkijun_tansho,199,37876,72.64,15.34,70.51,False
SURFACE_2_ダ_条件戦,pace_yoso+ichi_shisu_juni+gekiso_juni,pace_yoso,ichi_shisu_juni,gekiso_juni,282,57493,72.05,13.25,70.5,False
SURFACE_2_ダ_条件戦,joshodo_code+ichi_shisu_juni+pace_shisu_juni,joshodo_code,ichi_shisu_juni,pace_shisu_juni,186,68896,71.96,10.16,70.5,False
SURFACE_2_ダ_条件戦,keibajo_code+kyori_tekisei+pace_shisu_juni,keibajo_code,kyori_tekisei,pace_shisu_juni,218,53477,72.15,12.4,70.5,False
SURFACE_2_ダ_条件戦,hizume_code+joshodo_code+gekiso_juni,hizume_code,joshodo_code,gekiso_juni,129,56745,72.22,9.92,70.5,False
SURFACE_2_ダ_条件戦,uma_start_shisu_decile+kyakushitsu+bataiju,uma_start_shisu_decile,kyakushitsu,bataiju,104,17232,72.63,11.15,70.49,False
SURFACE_2_ダ_条件戦,kyori_kubun+idm_decile+tenkai_kigo_code,kyori_kubun,idm_decile,tenkai_kigo_code,88,74914,73.41,14.0,70.48,False
SURFACE_2_ダ_条件戦,rotation_bin+idm_decile+tenkai_kigo_code,rotation_bin,idm_decile,tenkai_kigo_code,130,58550,73.12,15.36,70.48,False
SURFACE_2_ダ_条件戦,omo_tekisei_code+sogo_shisu_decile+kijun_ninkijun_tansho,omo_tekisei_code,sogo_shisu_decile,kijun_ninkijun_tansho,139,58373,73.43,17.76,70.48,False
SURFACE_2_ダ_条件戦,manken_shirushi+kyori_kubun+kijun_ninkijun_tansho,manken_shirushi,kyori_kubun,kijun_ninkijun_tansho,204,42944,72.37,13.83,70.47,False
SURFACE_2_ダ_条件戦,uma_start_shisu_decile+omo_tekisei_code+bataiju,uma_start_shisu_decile,omo_tekisei_code,bataiju,114,21251,72.56,11.37,70.47,False
SURFACE_2_ダ_条件戦,uma_deokure_bin+bataiju+kijun_ninkijun_tansho,uma_deokure_bin,bataiju,kijun_ninkijun_tansho,5,527,79.76,10.59,70.47,False
SURFACE_2_ダ_条件戦,uma_deokure_bin+bataiju+idm_decile,uma_deokure_bin,bataiju,idm_decile,231,33581,72.29,14.1,70.47,False
SURFACE_2_ダ_条件戦,kyakushitsu+bataiju_zogen+kijun_ninkijun_tansho,kyakushitsu,bataiju_zogen,kijun_ninkijun_tansho,213,40771,72.38,14.29,70.46,False
SURFACE_2_ダ_条件戦,omo_tekisei_code+idm_decile+ls_shisu_juni,omo_tekisei_code,idm_decile,ls_shisu_juni,105,60311,73.19,14.25,70.46,False
SURFACE_2_ダ_条件戦,pace_yoso+sogo_shisu_decile+tenkai_kigo_code,pace_yoso,sogo_shisu_decile,tenkai_kigo_code,89,75427,73.59,15.07,70.46,False
SURFACE_2_ダ_条件戦,joshodo_code+bataiju_zogen+ten_shisu_juni,joshodo_code,bataiju_zogen,ten_shisu_juni,158,56499,72.12,10.61,70.46,False
SURFACE_2_ダ_条件戦,ichi_shisu_juni+pace_shisu_juni+ls_shisu_juni,ichi_shisu_juni,pace_shisu_juni,ls_shisu_juni,169,32193,72.33,12.45,70.45,False
SURFACE_2_ダ_条件戦,joshodo_code+bataiju_zogen+gekiso_juni,joshodo_code,bataiju_zogen,gekiso_juni,154,56388,72.25,11.37,70.45,False
SURFACE_2_ダ_条件戦,keibajo_code+kyori_kubun+gekiso_juni,keibajo_code,kyori_kubun,gekiso_juni,285,70395,71.85,12.09,70.44,False
SURFACE_2_ダ_条件戦,keibajo_code+kyori_tekisei+gekiso_juni,keibajo_code,kyori_tekisei,gekiso_juni,229,56464,72.01,12.14,70.44,False
SURFACE_2_ダ_条件戦,kyori_tekisei+sogo_shisu_decile+gekiso_juni,kyori_tekisei,sogo_shisu_decile,gekiso_juni,221,62806,72.29,14.06,70.44,False
SURFACE_2_ダ_条件戦,kyori_tekisei+rotation_bin+idm_decile,kyori_tekisei,rotation_bin,idm_decile,139,57225,73.19,16.56,70.43,False
SURFACE_2_ダ_条件戦,uma_start_shisu_decile+rotation_bin+idm_decile,uma_start_shisu_decile,rotation_bin,idm_decile,184,55096,72.73,15.94,70.43,False
SURFACE_2_ダ_条件戦,uma_deokure_bin+rotation_bin+pace_shisu_juni,uma_deokure_bin,rotation_bin,pace_shisu_juni,169,55048,72.06,10.95,70.41,False
SURFACE_2_ダ_条件戦,kyori_kubun+sogo_shisu_decile+tenkai_kigo_code,kyori_kubun,sogo_shisu_decile,tenkai_kigo_code,99,74725,73.26,14.5,70.41,False
SURFACE_2_ダ_条件戦,joshodo_code+rotation_bin+pace_shisu_juni,joshodo_code,rotation_bin,pace_shisu_juni,103,61403,72.34,10.06,70.4,False
SURFACE_2_ダ_条件戦,uma_deokure_bin+tenkai_kigo_code+gekiso_juni,uma_deokure_bin,tenkai_kigo_code,gekiso_juni,134,58000,72.67,13.39,70.4,False
SURFACE_2_ダ_条件戦,kyori_tekisei+ichi_shisu_juni+idm_decile,kyori_tekisei,ichi_shisu_juni,idm_decile,221,63882,72.41,15.27,70.4,False
SURFACE_2_ダ_条件戦,uma_deokure_bin+pace_shisu_juni+ls_shisu_juni,uma_deokure_bin,pace_shisu_juni,ls_shisu_juni,184,54622,72.15,12.13,70.4,False
SURFACE_2_ダ_条件戦,uma_deokure_bin+kyakushitsu+ten_shisu_juni,uma_deokure_bin,kyakushitsu,ten_shisu_juni,113,58877,72.49,11.36,70.39,False
SURFACE_2_ダ_条件戦,uma_deokure_bin+ten_shisu_juni+ls_shisu_juni,uma_deokure_bin,ten_shisu_juni,ls_shisu_juni,188,54651,72.19,12.59,70.39,False
SURFACE_2_ダ_条件戦,manken_shirushi+idm_decile+gekiso_juni,manken_shirushi,idm_decile,gekiso_juni,182,29914,72.68,15.79,70.39,False
SURFACE_2_ダ_条件戦,manken_shirushi+ichi_shisu_juni+bataiju_zogen,manken_shirushi,ichi_shisu_juni,bataiju_zogen,6,650,78.03,9.54,70.39,False
SURFACE_2_ダ_条件戦,hizume_code+tenkai_kigo_code+kijun_ninkijun_tansho,hizume_code,tenkai_kigo_code,kijun_ninkijun_tansho,165,42209,72.74,15.44,70.38,False
SURFACE_2_ダ_条件戦,uma_deokure_bin+pace_yoso+pace_shisu_juni,uma_deokure_bin,pace_yoso,pace_shisu_juni,98,60014,72.54,10.87,70.38,False
SURFACE_2_ダ_条件戦,uma_deokure_bin+uma_start_shisu_decile+sogo_shisu_decile,uma_deokure_bin,uma_start_shisu_decile,sogo_shisu_decile,98,58025,73.44,15.43,70.38,False
SURFACE_2_ダ_条件戦,rotation_bin+tenkai_kigo_code+kijun_ninkijun_tansho,rotation_bin,tenkai_kigo_code,kijun_ninkijun_tansho,177,51373,72.75,16.12,70.38,False
SURFACE_2_ダ_条件戦,kyori_tekisei+rotation_bin+bataiju,kyori_tekisei,rotation_bin,bataiju,99,12598,72.89,12.81,70.37,False
SURFACE_2_ダ_条件戦,manken_shirushi+uma_start_shisu_decile+sogo_shisu_decile,manken_shirushi,uma_start_shisu_decile,sogo_shisu_decile,149,26381,72.51,13.43,70.36,False
SURFACE_2_ダ_条件戦,uma_deokure_bin+kyori_kubun+ten_shisu_juni,uma_deokure_bin,kyori_kubun,ten_shisu_juni,102,58475,72.65,11.82,70.35,False
SURFACE_2_ダ_条件戦,uma_deokure_bin+pace_yoso+gekiso_juni,uma_deokure_bin,pace_yoso,gekiso_juni,98,60099,72.39,10.35,70.34,False
SURFACE_2_ダ_条件戦,idm_decile+ten_shisu_juni+pace_shisu_juni,idm_decile,ten_shisu_juni,pace_shisu_juni,197,40149,72.36,14.42,70.34,False
SURFACE_2_ダ_条件戦,joshodo_code+bataiju_zogen+ls_shisu_juni,joshodo_code,bataiju_zogen,ls_shisu_juni,94,58947,72.67,11.6,70.33,False
SURFACE_2_ダ_条件戦,bataiju_zogen+idm_decile+tenkai_kigo_code,bataiju_zogen,idm_decile,tenkai_kigo_code,159,50064,72.79,15.89,70.32,False
SURFACE_2_ダ_条件戦,keibajo_code+gekiso_juni+ls_shisu_juni,keibajo_code,gekiso_juni,ls_shisu_juni,253,44538,71.99,13.58,70.32,False
SURFACE_2_ダ_条件戦,omo_tekisei_code+tenkai_kigo_code+kijun_ninkijun_tansho,omo_tekisei_code,tenkai_kigo_code,kijun_ninkijun_tansho,121,59787,73.04,15.34,70.31,False
SURFACE_2_ダ_条件戦,manken_shisu_decile+sogo_shisu_decile+ls_shisu_juni,manken_shisu_decile,sogo_shisu_decile,ls_shisu_juni,264,61232,72.16,15.4,70.3,False
SURFACE_2_ダ_条件戦,keibajo_code+bataiju+tenkai_kigo_code,keibajo_code,bataiju,tenkai_kigo_code,100,13422,72.53,11.37,70.3,False
SURFACE_2_ダ_条件戦,ichi_shisu_juni+gekiso_juni+ls_shisu_juni,ichi_shisu_juni,gekiso_juni,ls_shisu_juni,175,28059,72.36,13.89,70.3,False
SURFACE_2_ダ_条件戦,manken_shirushi+sogo_shisu_decile+kijun_ninkijun_tansho,manken_shirushi,sogo_shisu_decile,kijun_ninkijun_tansho,192,32394,72.58,16.18,70.29,False
SURFACE_2_ダ_条件戦,keibajo_code+ichi_shisu_juni+tenkai_kigo_code,keibajo_code,ichi_shisu_juni,tenkai_kigo_code,219,55795,71.99,12.8,70.29,False
SURFACE_2_ダ_条件戦,bataiju_zogen+sogo_shisu_decile+idm_decile,bataiju_zogen,sogo_shisu_decile,idm_decile,129,55337,73.19,16.85,70.28,False
SURFACE_2_ダ_条件戦,keibajo_code+bataiju_zogen+idm_decile,keibajo_code,bataiju_zogen,idm_decile,195,36717,72.39,15.04,70.28,False
SURFACE_2_ダ_条件戦,rotation_bin+idm_decile+pace_shisu_juni,rotation_bin,idm_decile,pace_shisu_juni,229,44208,72.25,15.33,70.27,False
SURFACE_2_ダ_条件戦,hizume_code+joshodo_code+pace_shisu_juni,hizume_code,joshodo_code,pace_shisu_juni,129,56649,72.23,11.34,70.27,False
SURFACE_2_ダ_条件戦,pace_yoso+manken_shisu_decile+ten_shisu_juni,pace_yoso,manken_shisu_decile,ten_shisu_juni,274,65546,71.87,13.53,70.27,False
SURFACE_2_ダ_条件戦,uma_deokure_bin+keibajo_code+gekiso_juni,uma_deokure_bin,keibajo_code,gekiso_juni,233,53733,71.74,11.56,70.26,False
SURFACE_2_ダ_条件戦,kyori_kubun+kyori_tekisei+sogo_shisu_decile,kyori_kubun,kyori_tekisei,sogo_shisu_decile,82,72174,73.66,15.8,70.24,False
SURFACE_2_ダ_条件戦,pace_yoso+manken_shisu_decile+pace_shisu_juni,pace_yoso,manken_shisu_decile,pace_shisu_juni,274,65965,71.86,13.69,70.24,False
SURFACE_2_ダ_条件戦,kyori_kubun+manken_shisu_decile+bataiju,kyori_kubun,manken_shisu_decile,bataiju,71,8054,73.2,12.78,70.23,False
SURFACE_2_ダ_条件戦,hizume_code+kyori_tekisei+idm_decile,hizume_code,kyori_tekisei,idm_decile,143,50942,72.58,14.37,70.23,False
SURFACE_2_ダ_条件戦,manken_shirushi+joshodo_code+kijun_ninkijun_tansho,manken_shirushi,joshodo_code,kijun_ninkijun_tansho,105,42638,73.07,14.87,70.22,False
SURFACE_2_ダ_条件戦,joshodo_code+rotation_bin+ten_shisu_juni,joshodo_code,rotation_bin,ten_shisu_juni,107,61718,72.04,9.66,70.21,False
SURFACE_2_ダ_条件戦,uma_deokure_bin+manken_shirushi+idm_decile,uma_deokure_bin,manken_shirushi,idm_decile,93,37965,73.18,14.59,70.21,False
SURFACE_2_ダ_条件戦,pace_yoso+sogo_shisu_decile+ls_shisu_juni,pace_yoso,sogo_shisu_decile,ls_shisu_juni,132,73983,72.74,14.81,70.21,False
SURFACE_2_ダ_条件戦,keibajo_code+joshodo_code+ls_shisu_juni,keibajo_code,joshodo_code,ls_shisu_juni,111,72330,72.28,11.12,70.21,False
SURFACE_2_ダ_条件戦,uma_start_shisu_decile+kijun_ninkijun_tansho+gekiso_juni,uma_start_shisu_decile,kijun_ninkijun_tansho,gekiso_juni,109,19438,73.0,14.81,70.21,False
SURFACE_2_ダ_条件戦,sogo_shisu_decile+ten_shisu_juni+gekiso_juni,sogo_shisu_decile,ten_shisu_juni,gekiso_juni,143,19820,72.91,16.46,70.21,False
SURFACE_2_ダ_条件戦,pace_yoso+uma_start_shisu_decile+sogo_shisu_decile,pace_yoso,uma_start_shisu_decile,sogo_shisu_decile,125,60675,73.05,16.19,70.21,False
SURFACE_2_ダ_条件戦,pace_yoso+omo_tekisei_code+sogo_shisu_decile,pace_yoso,omo_tekisei_code,sogo_shisu_decile,56,62693,74.21,15.41,70.18,False
SURFACE_2_ダ_条件戦,uma_start_shisu_decile+bataiju+bataiju_zogen,uma_start_shisu_decile,bataiju,bataiju_zogen,6,628,78.44,10.32,70.18,False
SURFACE_2_ダ_条件戦,uma_deokure_bin+manken_shisu_decile+gekiso_juni,uma_deokure_bin,manken_shisu_decile,gekiso_juni,198,54321,71.67,10.71,70.17,False
SURFACE_2_ダ_条件戦,keibajo_code+kyakushitsu+bataiju,keibajo_code,kyakushitsu,bataiju,18,1921,76.04,12.7,70.17,False
SURFACE_2_ダ_条件戦,uma_start_shisu_decile+manken_shisu_decile+ls_shisu_juni,uma_start_shisu_decile,manken_shisu_decile,ls_shisu_juni,194,40669,71.89,12.18,70.17,False
SURFACE_2_ダ_条件戦,pace_yoso+kyakushitsu+ls_shisu_juni,pace_yoso,kyakushitsu,ls_shisu_juni,98,74903,72.59,12.27,70.16,False
SURFACE_2_ダ_条件戦,uma_start_shisu_decile+keibajo_code+gekiso_juni,uma_start_shisu_decile,keibajo_code,gekiso_juni,132,23591,72.4,13.15,70.16,False
SURFACE_2_ダ_条件戦,hizume_code+kyori_tekisei+bataiju,hizume_code,kyori_tekisei,bataiju,87,11218,72.62,11.71,70.16,False
SURFACE_2_ダ_条件戦,bataiju_zogen+kijun_ninkijun_tansho+ls_shisu_juni,bataiju_zogen,kijun_ninkijun_tansho,ls_shisu_juni,172,29860,72.44,15.23,70.16,False
SURFACE_2_ダ_条件戦,bataiju_zogen+idm_decile+ls_shisu_juni,bataiju_zogen,idm_decile,ls_shisu_juni,194,43218,72.42,16.06,70.16,False
SURFACE_2_ダ_条件戦,uma_start_shisu_decile+ten_shisu_juni+pace_shisu_juni,uma_start_shisu_decile,ten_shisu_juni,pace_shisu_juni,124,22262,72.55,13.69,70.15,False
SURFACE_2_ダ_条件戦,kyakushitsu+ichi_shisu_juni+ls_shisu_juni,kyakushitsu,ichi_shisu_juni,ls_shisu_juni,208,64749,71.91,13.03,70.14,False
SURFACE_2_ダ_条件戦,uma_deokure_bin+rotation_bin+idm_decile,uma_deokure_bin,rotation_bin,idm_decile,98,59643,73.25,15.75,70.13,False
SURFACE_2_ダ_条件戦,uma_deokure_bin+rotation_bin+ten_shisu_juni,uma_deokure_bin,rotation_bin,ten_shisu_juni,171,54987,71.87,11.62,70.13,False
SURFACE_2_ダ_条件戦,uma_deokure_bin+kyakushitsu+pace_shisu_juni,uma_deokure_bin,kyakushitsu,pace_shisu_juni,112,58775,72.08,10.56,70.13,False
SURFACE_2_ダ_条件戦,pace_yoso+joshodo_code+kishu_kitai_sanchakunai_ritsu,pace_yoso,joshodo_code,kishu_kitai_sanchakunai_ritsu,137,37696,72.21,12.43,70.13,False
SURFACE_2_ダ_条件戦,uma_deokure_bin+manken_shisu_decile+bataiju,uma_deokure_bin,manken_shisu_decile,bataiju,47,5075,73.33,11.25,70.12,False
SURFACE_2_ダ_条件戦,uma_start_shisu_decile+manken_shisu_decile+ichi_shisu_juni,uma_start_shisu_decile,manken_shisu_decile,ichi_shisu_juni,120,21648,72.11,11.11,70.12,False
SURFACE_2_ダ_条件戦,manken_shirushi+sogo_shisu_decile+gekiso_juni,manken_shirushi,sogo_shisu_decile,gekiso_juni,165,26541,72.65,16.64,70.11,False
SURFACE_2_ダ_条件戦,pace_yoso+keibajo_code+gekiso_juni,pace_yoso,keibajo_code,gekiso_juni,276,68512,71.47,11.47,70.11,False
SURFACE_2_ダ_条件戦,pace_yoso+pace_shisu_juni+ls_shisu_juni,pace_yoso,pace_shisu_juni,ls_shisu_juni,209,68445,71.64,11.31,70.11,False
SURFACE_2_ダ_条件戦,kyori_tekisei+joshodo_code+idm_decile,kyori_tekisei,joshodo_code,idm_decile,35,71465,75.1,15.08,70.1,False
SURFACE_2_ダ_条件戦,kyori_kubun+kyori_tekisei+idm_decile,kyori_kubun,kyori_tekisei,idm_decile,77,72675,73.62,15.83,70.09,False
SURFACE_2_ダ_条件戦,manken_shisu_decile+bataiju_zogen+idm_decile,manken_shisu_decile,bataiju_zogen,idm_decile,220,36955,72.09,15.12,70.09,False
SURFACE_2_ダ_条件戦,keibajo_code+idm_decile+tenkai_kigo_code,keibajo_code,idm_decile,tenkai_kigo_code,179,69570,72.26,14.88,70.08,False
SURFACE_2_ダ_条件戦,kyori_kubun+sogo_shisu_decile+ls_shisu_juni,kyori_kubun,sogo_shisu_decile,ls_shisu_juni,146,72571,72.35,13.97,70.08,False
SURFACE_2_ダ_条件戦,uma_start_shisu_decile+joshodo_code+kijun_ninkijun_tansho,uma_start_shisu_decile,joshodo_code,kijun_ninkijun_tansho,105,61744,72.89,14.69,70.08,False
SURFACE_2_ダ_条件戦,joshodo_code+omo_tekisei_code+idm_decile,joshodo_code,omo_tekisei_code,idm_decile,24,62725,76.22,15.33,70.08,False
SURFACE_2_ダ_条件戦,manken_shisu_decile+omo_tekisei_code+bataiju,manken_shisu_decile,omo_tekisei_code,bataiju,58,6380,72.89,10.98,70.07,False
SURFACE_2_ダ_条件戦,keibajo_code+joshodo_code+ten_shisu_juni,keibajo_code,joshodo_code,ten_shisu_juni,194,71555,71.52,10.35,70.07,False
SURFACE_2_ダ_条件戦,uma_start_shisu_decile+gekiso_juni+ls_shisu_juni,uma_start_shisu_decile,gekiso_juni,ls_shisu_juni,189,34410,72.12,14.38,70.07,False
SURFACE_2_ダ_条件戦,manken_shirushi+omo_tekisei_code+kijun_ninkijun_tansho,manken_shirushi,omo_tekisei_code,kijun_ninkijun_tansho,153,36372,72.55,15.63,70.07,False
SURFACE_2_ダ_条件戦,uma_start_shisu_decile+kyori_kubun+kijun_ninkijun_tansho,uma_start_shisu_decile,kyori_kubun,kijun_ninkijun_tansho,216,55019,72.16,15.67,70.07,False
SURFACE_2_ダ_条件戦,uma_start_shisu_decile+kyori_kubun+sogo_shisu_decile,uma_start_shisu_decile,kyori_kubun,sogo_shisu_decile,138,59072,72.61,15.17,70.07,False
SURFACE_2_ダ_条件戦,manken_shisu_decile+kyakushitsu+gekiso_juni,manken_shisu_decile,kyakushitsu,gekiso_juni,315,60402,71.48,12.9,70.06,False
SURFACE_2_ダ_条件戦,uma_deokure_bin+joshodo_code+kishu_kitai_sanchakunai_ritsu,uma_deokure_bin,joshodo_code,kishu_kitai_sanchakunai_ritsu,105,33229,72.53,12.95,70.05,False
SURFACE_2_ダ_条件戦,manken_shisu_decile+rotation_bin+idm_decile,manken_shisu_decile,rotation_bin,idm_decile,214,51160,72.09,15.22,70.05,False
SURFACE_2_ダ_条件戦,uma_start_shisu_decile+ichi_shisu_juni+gekiso_juni,uma_start_shisu_decile,ichi_shisu_juni,gekiso_juni,96,16448,72.47,12.09,70.05,False
SURFACE_2_ダ_条件戦,kyori_tekisei+sogo_shisu_decile+pace_shisu_juni,kyori_tekisei,sogo_shisu_decile,pace_shisu_juni,237,63207,72.06,15.77,70.05,False
SURFACE_2_ダ_条件戦,pace_yoso+kyori_tekisei+joshodo_code,pace_yoso,kyori_tekisei,joshodo_code,18,71930,74.95,10.62,70.04,False
SURFACE_2_ダ_条件戦,kyori_tekisei+ten_shisu_juni+gekiso_juni,kyori_tekisei,ten_shisu_juni,gekiso_juni,250,44813,71.84,14.57,70.03,False
SURFACE_2_ダ_条件戦,kyori_tekisei+kyakushitsu+idm_decile,kyori_tekisei,kyakushitsu,idm_decile,102,72622,72.95,15.06,70.02,False
SURFACE_2_ダ_条件戦,omo_tekisei_code+tenkai_kigo_code+pace_shisu_juni,omo_tekisei_code,tenkai_kigo_code,pace_shisu_juni,130,58971,72.58,14.9,70.02,False
SURFACE_2_ダ_条件戦,pace_yoso+ichi_shisu_juni+ls_shisu_juni,pace_yoso,ichi_shisu_juni,ls_shisu_juni,202,68530,71.67,12.04,70.01,False
SURFACE_2_ダ_条件戦,uma_deokure_bin+kyori_kubun+pace_shisu_juni,uma_deokure_bin,kyori_kubun,pace_shisu_juni,103,58648,72.2,11.35,70.01,False
SURFACE_2_ダ_条件戦,uma_deokure_bin+pace_shisu_juni+gekiso_juni,uma_deokure_bin,pace_shisu_juni,gekiso_juni,258,44731,71.62,13.2,70.0,False
SURFACE_2_ダ_条件戦,pace_yoso+ten_shisu_juni+pace_shisu_juni,pace_yoso,ten_shisu_juni,pace_shisu_juni,233,61154,71.54,12.03,70.0,False
SURFACE_2_ダ_条件戦,rotation_bin+sogo_shisu_decile+idm_decile,rotation_bin,sogo_shisu_decile,idm_decile,91,60382,73.33,16.19,70.0,False
SURFACE_2_ダ_条件戦,uma_start_shisu_decile+ichi_shisu_juni+idm_decile,uma_start_shisu_decile,ichi_shisu_juni,idm_decile,211,40804,72.02,14.96,70.0,False
SURFACE_2_ダ_条件戦,pace_shisu_juni+gekiso_juni+ls_shisu_juni,pace_shisu_juni,gekiso_juni,ls_shisu_juni,165,24198,72.23,14.72,69.99,False
SURFACE_2_ダ_条件戦,hizume_code+joshodo_code+ls_shisu_juni,hizume_code,joshodo_code,ls_shisu_juni,75,58124,72.69,11.93,69.99,False
SURFACE_2_ダ_条件戦,kyori_tekisei+pace_shisu_juni+gekiso_juni,kyori_tekisei,pace_shisu_juni,gekiso_juni,246,45537,71.74,14.03,69.98,False
SURFACE_2_ダ_条件戦,joshodo_code+omo_tekisei_code+bataiju_zogen,joshodo_code,omo_tekisei_code,bataiju_zogen,45,60539,73.19,10.99,69.98,False
SURFACE_2_ダ_条件戦,kyori_kubun+gekiso_juni+ls_shisu_juni,kyori_kubun,gekiso_juni,ls_shisu_juni,232,66174,71.62,12.75,69.98,False
SURFACE_2_ダ_条件戦,ichi_shisu_juni+ten_shisu_juni+ls_shisu_juni,ichi_shisu_juni,ten_shisu_juni,ls_shisu_juni,167,31003,72.07,13.83,69.97,False
SURFACE_2_ダ_条件戦,kyori_tekisei+ten_shisu_juni+kijun_ninkijun_tansho,kyori_tekisei,ten_shisu_juni,kijun_ninkijun_tansho,235,46311,72.04,16.13,69.97,False
SURFACE_2_ダ_条件戦,kyori_tekisei+kijun_ninkijun_tansho+ls_shisu_juni,kyori_tekisei,kijun_ninkijun_tansho,ls_shisu_juni,189,62482,72.16,15.42,69.96,False
SURFACE_2_ダ_条件戦,uma_deokure_bin+gekiso_juni+ls_shisu_juni,uma_deokure_bin,gekiso_juni,ls_shisu_juni,174,54228,71.7,11.75,69.95,False
SURFACE_2_ダ_条件戦,uma_deokure_bin+kyori_kubun+gekiso_juni,uma_deokure_bin,kyori_kubun,gekiso_juni,103,58615,72.09,11.06,69.95,False
SURFACE_2_ダ_条件戦,pace_yoso+ten_shisu_juni+ls_shisu_juni,pace_yoso,ten_shisu_juni,ls_shisu_juni,217,68691,71.63,12.6,69.95,False
SURFACE_2_ダ_条件戦,uma_deokure_bin+tenkai_kigo_code+ten_shisu_juni,uma_deokure_bin,tenkai_kigo_code,ten_shisu_juni,143,58852,72.47,15.48,69.93,False
SURFACE_2_ダ_条件戦,kyori_kubun+omo_tekisei_code+kijun_ninkijun_tansho,kyori_kubun,omo_tekisei_code,kijun_ninkijun_tansho,93,59632,72.93,14.8,69.93,False
SURFACE_2_ダ_条件戦,manken_shirushi+joshodo_code+idm_decile,manken_shirushi,joshodo_code,idm_decile,85,47439,72.9,14.02,69.92,False
SURFACE_2_ダ_条件戦,rotation_bin+ichi_shisu_juni+idm_decile,rotation_bin,ichi_shisu_juni,idm_decile,238,43996,71.82,14.94,69.92,False
SURFACE_2_ダ_条件戦,uma_start_shisu_decile+joshodo_code+sogo_shisu_decile,uma_start_shisu_decile,joshodo_code,sogo_shisu_decile,60,62306,74.31,17.36,69.92,False
SURFACE_2_ダ_条件戦,uma_deokure_bin+kyakushitsu+gekiso_juni,uma_deokure_bin,kyakushitsu,gekiso_juni,118,58841,72.15,12.36,69.92,False
SURFACE_2_ダ_条件戦,keibajo_code+joshodo_code+pace_shisu_juni,keibajo_code,joshodo_code,pace_shisu_juni,192,71413,71.3,9.86,69.91,False
SURFACE_2_ダ_条件戦,joshodo_code+bataiju_zogen+pace_shisu_juni,joshodo_code,bataiju_zogen,pace_shisu_juni,159,56697,71.7,11.52,69.91,False
SURFACE_2_ダ_条件戦,pace_yoso+uma_start_shisu_decile+idm_decile,pace_yoso,uma_start_shisu_decile,idm_decile,113,61192,72.64,14.91,69.9,False
SURFACE_2_ダ_条件戦,manken_shisu_decile+ichi_shisu_juni+tenkai_kigo_code,manken_shisu_decile,ichi_shisu_juni,tenkai_kigo_code,234,56513,71.64,13.55,69.9,False
SURFACE_2_ダ_条件戦,joshodo_code+rotation_bin+gekiso_juni,joshodo_code,rotation_bin,gekiso_juni,107,61722,71.83,10.18,69.9,False
SURFACE_2_ダ_条件戦,kyori_tekisei+sogo_shisu_decile+ten_shisu_juni,kyori_tekisei,sogo_shisu_decile,ten_shisu_juni,237,62453,71.81,15.11,69.89,False
SURFACE_2_ダ_条件戦,pace_yoso+kyakushitsu+ichi_shisu_juni,pace_yoso,kyakushitsu,ichi_shisu_juni,126,73899,71.95,11.78,69.89,False
SURFACE_2_ダ_条件戦,kyakushitsu+gekiso_juni+ls_shisu_juni,kyakushitsu,gekiso_juni,ls_shisu_juni,272,59150,71.44,13.05,69.89,False
SURFACE_2_ダ_条件戦,kyakushitsu+ichi_shisu_juni+tenkai_kigo_code,kyakushitsu,ichi_shisu_juni,tenkai_kigo_code,144,73075,72.25,14.52,69.88,False
SURFACE_2_ダ_条件戦,uma_start_shisu_decile+ten_shisu_juni+ls_shisu_juni,uma_start_shisu_decile,ten_shisu_juni,ls_shisu_juni,176,32922,71.83,13.3,69.87,False
SURFACE_2_ダ_条件戦,rotation_bin+tenkai_kigo_code+pace_shisu_juni,rotation_bin,tenkai_kigo_code,pace_shisu_juni,178,49002,72.15,15.51,69.87,False
SURFACE_2_ダ_条件戦,uma_deokure_bin+kyori_kubun+kijun_ninkijun_tansho,uma_deokure_bin,kyori_kubun,kijun_ninkijun_tansho,92,58147,72.69,13.83,69.87,False
SURFACE_2_ダ_条件戦,sogo_shisu_decile+idm_decile+pace_shisu_juni,sogo_shisu_decile,idm_decile,pace_shisu_juni,145,69898,72.12,13.92,69.86,False
SURFACE_2_ダ_条件戦,manken_shisu_decile+joshodo_code+ichi_shisu_juni,manken_shisu_decile,joshodo_code,ichi_shisu_juni,163,71182,71.68,11.92,69.85,False
SURFACE_2_ダ_条件戦,pace_yoso+joshodo_code+bataiju_zogen,pace_yoso,joshodo_code,bataiju_zogen,46,61276,72.3,8.46,69.85,False
SURFACE_2_ダ_条件戦,omo_tekisei_code+bataiju_zogen+idm_decile,omo_tekisei_code,bataiju_zogen,idm_decile,136,55076,72.46,15.49,69.85,False
SURFACE_2_ダ_条件戦,pace_yoso+ten_shisu_juni+gekiso_juni,pace_yoso,ten_shisu_juni,gekiso_juni,309,57500,71.28,12.9,69.84,False
SURFACE_2_ダ_条件戦,joshodo_code+sogo_shisu_decile+kijun_ninkijun_tansho,joshodo_code,sogo_shisu_decile,kijun_ninkijun_tansho,113,72223,72.76,15.81,69.84,False
SURFACE_2_ダ_条件戦,kyori_tekisei+rotation_bin+kijun_ninkijun_tansho,kyori_tekisei,rotation_bin,kijun_ninkijun_tansho,193,49807,71.9,14.57,69.84,False
SURFACE_2_ダ_条件戦,joshodo_code+rotation_bin+kijun_ninkijun_tansho,joshodo_code,rotation_bin,kijun_ninkijun_tansho,94,61116,73.37,17.54,69.83,False
SURFACE_2_ダ_条件戦,idm_decile+tenkai_kigo_code+ls_shisu_juni,idm_decile,tenkai_kigo_code,ls_shisu_juni,154,71504,72.1,14.37,69.83,False
SURFACE_2_ダ_条件戦,keibajo_code+pace_shisu_juni+ls_shisu_juni,keibajo_code,pace_shisu_juni,ls_shisu_juni,248,43892,71.45,12.95,69.83,False
SURFACE_2_ダ_条件戦,bataiju_zogen+sogo_shisu_decile+tenkai_kigo_code,bataiju_zogen,sogo_shisu_decile,tenkai_kigo_code,165,48365,72.36,16.64,69.82,False
SURFACE_2_ダ_条件戦,kyori_kubun+idm_decile+ls_shisu_juni,kyori_kubun,idm_decile,ls_shisu_juni,136,73141,72.19,14.06,69.82,False
SURFACE_2_ダ_条件戦,kyori_tekisei+kyakushitsu+sogo_shisu_decile,kyori_tekisei,kyakushitsu,sogo_shisu_decile,115,72517,72.64,15.49,69.81,False
SURFACE_2_ダ_条件戦,uma_start_shisu_decile+rotation_bin+sogo_shisu_decile,uma_start_shisu_decile,rotation_bin,sogo_shisu_decile,195,53377,72.03,15.82,69.81,False
SURFACE_2_ダ_条件戦,omo_tekisei_code+rotation_bin+kijun_ninkijun_tansho,omo_tekisei_code,rotation_bin,kijun_ninkijun_tansho,153,56300,72.36,16.11,69.81,False
SURFACE_2_ダ_条件戦,manken_shisu_decile+tenkai_kigo_code+kijun_ninkijun_tansho,manken_shisu_decile,tenkai_kigo_code,kijun_ninkijun_tansho,252,60570,71.81,16.25,69.8,False
SURFACE_2_ダ_条件戦,uma_start_shisu_decile+omo_tekisei_code+kijun_ninkijun_tansho,uma_start_shisu_decile,omo_tekisei_code,kijun_ninkijun_tansho,182,57085,72.24,16.79,69.8,False
SURFACE_2_ダ_条件戦,hizume_code+kyakushitsu+kijun_ninkijun_tansho,hizume_code,kyakushitsu,kijun_ninkijun_tansho,194,43854,71.78,14.19,69.79,False
SURFACE_2_ダ_条件戦,hizume_code+joshodo_code+idm_decile,hizume_code,joshodo_code,idm_decile,72,58944,73.35,15.42,69.78,False
SURFACE_2_ダ_条件戦,keibajo_code+tenkai_kigo_code+gekiso_juni,keibajo_code,tenkai_kigo_code,gekiso_juni,273,55509,71.36,13.42,69.77,False
SURFACE_2_ダ_条件戦,uma_start_shisu_decile+joshodo_code+idm_decile,uma_start_shisu_decile,joshodo_code,idm_decile,53,62321,74.15,16.29,69.76,False
SURFACE_2_ダ_条件戦,pace_yoso+bataiju+idm_decile,pace_yoso,bataiju,idm_decile,284,44712,71.24,12.79,69.76,False
SURFACE_2_ダ_条件戦,pace_yoso+gekiso_juni+ls_shisu_juni,pace_yoso,gekiso_juni,ls_shisu_juni,214,68904,71.41,12.32,69.76,False
SURFACE_2_ダ_条件戦,bataiju_zogen+sogo_shisu_decile+kijun_ninkijun_tansho,bataiju_zogen,sogo_shisu_decile,kijun_ninkijun_tansho,189,32226,72.1,16.49,69.75,False
SURFACE_2_ダ_条件戦,kyori_tekisei+joshodo_code+gekiso_juni,kyori_tekisei,joshodo_code,gekiso_juni,79,71506,71.81,9.38,69.75,False
SURFACE_2_ダ_条件戦,omo_tekisei_code+idm_decile+kijun_ninkijun_tansho,omo_tekisei_code,idm_decile,kijun_ninkijun_tansho,141,58632,72.62,17.42,69.74,False
SURFACE_2_ダ_条件戦,keibajo_code+tenkai_kigo_code+kijun_ninkijun_tansho,keibajo_code,tenkai_kigo_code,kijun_ninkijun_tansho,249,57876,71.56,14.61,69.74,False
SURFACE_2_ダ_条件戦,keibajo_code+hizume_code+idm_decile,keibajo_code,hizume_code,idm_decile,188,42403,71.98,15.67,69.74,False
SURFACE_2_ダ_条件戦,kyori_kubun+joshodo_code+sogo_shisu_decile,kyori_kubun,joshodo_code,sogo_shisu_decile,52,74328,73.62,14.34,69.73,False
SURFACE_2_ダ_条件戦,joshodo_code+omo_tekisei_code+sogo_shisu_decile,joshodo_code,omo_tekisei_code,sogo_shisu_decile,27,62715,75.9,16.36,69.73,False
SURFACE_2_ダ_条件戦,kyori_kubun+tenkai_kigo_code+gekiso_juni,kyori_kubun,tenkai_kigo_code,gekiso_juni,185,71946,71.57,12.84,69.72,False
SURFACE_2_ダ_条件戦,keibajo_code+rotation_bin+kijun_ninkijun_tansho,keibajo_code,rotation_bin,kijun_ninkijun_tansho,205,34060,71.59,13.65,69.72,False
SURFACE_2_ダ_条件戦,keibajo_code+manken_shisu_decile+kijun_ninkijun_tansho,keibajo_code,manken_shisu_decile,kijun_ninkijun_tansho,251,35278,71.7,16.11,69.71,False
SURFACE_2_ダ_条件戦,pace_yoso+pace_shisu_juni+gekiso_juni,pace_yoso,pace_shisu_juni,gekiso_juni,303,57919,71.13,12.65,69.7,False
SURFACE_2_ダ_条件戦,ichi_shisu_juni+tenkai_kigo_code+gekiso_juni,ichi_shisu_juni,tenkai_kigo_code,gekiso_juni,213,46632,71.52,13.53,69.7,False
SURFACE_2_ダ_条件戦,hizume_code+bataiju_zogen+kijun_ninkijun_tansho,hizume_code,bataiju_zogen,kijun_ninkijun_tansho,136,20618,72.29,15.43,69.7,False
SURFACE_2_ダ_条件戦,hizume_code+kyori_tekisei+sogo_shisu_decile,hizume_code,kyori_tekisei,sogo_shisu_decile,153,49762,72.16,15.68,69.68,False
SURFACE_2_ダ_条件戦,keibajo_code+omo_tekisei_code+sogo_shisu_decile,keibajo_code,omo_tekisei_code,sogo_shisu_decile,140,59170,72.35,16.12,69.68,False
SURFACE_2_ダ_条件戦,uma_deokure_bin+idm_decile+kijun_ninkijun_tansho,uma_deokure_bin,idm_decile,kijun_ninkijun_tansho,134,56709,72.86,18.86,69.67,False
SURFACE_2_ダ_条件戦,joshodo_code+ten_shisu_juni+pace_shisu_juni,joshodo_code,ten_shisu_juni,pace_shisu_juni,180,68646,71.24,10.73,69.67,False
SURFACE_2_ダ_条件戦,joshodo_code+ichi_shisu_juni+gekiso_juni,joshodo_code,ichi_shisu_juni,gekiso_juni,227,69917,71.25,12.26,69.66,False
SURFACE_2_ダ_条件戦,rotation_bin+bataiju_zogen+idm_decile,rotation_bin,bataiju_zogen,idm_decile,192,45216,71.97,16.33,69.66,False
SURFACE_2_ダ_条件戦,pace_yoso+idm_decile+ls_shisu_juni,pace_yoso,idm_decile,ls_shisu_juni,121,74344,72.22,14.41,69.66,False
SURFACE_2_ダ_条件戦,uma_start_shisu_decile+hizume_code+idm_decile,uma_start_shisu_decile,hizume_code,idm_decile,177,45490,71.88,15.13,69.65,False
SURFACE_2_ダ_条件戦,keibajo_code+ichi_shisu_juni+ls_shisu_juni,keibajo_code,ichi_shisu_juni,ls_shisu_juni,219,43753,71.38,13.05,69.65,False
SURFACE_2_ダ_条件戦,kyori_kubun+kyakushitsu+sogo_shisu_decile,kyori_kubun,kyakushitsu,sogo_shisu_decile,114,75335,72.42,15.2,69.63,False
SURFACE_2_ダ_条件戦,kyori_tekisei+kijun_ninkijun_tansho+pace_shisu_juni,kyori_tekisei,kijun_ninkijun_tansho,pace_shisu_juni,230,46921,71.88,17.45,69.63,False
SURFACE_2_ダ_条件戦,uma_deokure_bin+sogo_shisu_decile+ls_shisu_juni,uma_deokure_bin,sogo_shisu_decile,ls_shisu_juni,107,58407,72.39,14.6,69.62,False
SURFACE_2_ダ_条件戦,kyori_kubun+ichi_shisu_juni+tenkai_kigo_code,kyori_kubun,ichi_shisu_juni,tenkai_kigo_code,169,72141,71.83,14.74,69.61,False
SURFACE_2_ダ_条件戦,joshodo_code+bataiju_zogen+tenkai_kigo_code,joshodo_code,bataiju_zogen,tenkai_kigo_code,67,60477,72.68,12.8,69.61,False
SURFACE_2_ダ_条件戦,keibajo_code+idm_decile+ls_shisu_juni,keibajo_code,idm_decile,ls_shisu_juni,216,64482,71.54,14.47,69.61,False
SURFACE_2_ダ_条件戦,uma_deokure_bin+hizume_code+idm_decile,uma_deokure_bin,hizume_code,idm_decile,110,53843,72.65,16.34,69.6,False
SURFACE_2_ダ_条件戦,kyori_tekisei+ichi_shisu_juni+bataiju,kyori_tekisei,ichi_shisu_juni,bataiju,47,11413,72.22,9.16,69.6,False
SURFACE_2_ダ_条件戦,pace_yoso+omo_tekisei_code+kijun_ninkijun_tansho,pace_yoso,omo_tekisei_code,kijun_ninkijun_tansho,88,61316,72.79,15.31,69.59,False
SURFACE_2_ダ_条件戦,kyori_kubun+tenkai_kigo_code+ten_shisu_juni,kyori_kubun,tenkai_kigo_code,ten_shisu_juni,186,71986,71.64,14.29,69.59,False
SURFACE_2_ダ_条件戦,pace_yoso+tenkai_kigo_code+ten_shisu_juni,pace_yoso,tenkai_kigo_code,ten_shisu_juni,169,73822,71.85,15.07,69.58,False
SURFACE_2_ダ_条件戦,joshodo_code+idm_decile+kijun_ninkijun_tansho,joshodo_code,idm_decile,kijun_ninkijun_tansho,112,72450,72.54,16.02,69.57,False
SURFACE_2_ダ_条件戦,pace_yoso+kyori_kubun+ten_shisu_juni,pace_yoso,kyori_kubun,ten_shisu_juni,125,74146,71.4,10.51,69.56,False
SURFACE_2_ダ_条件戦,manken_shisu_decile+gekiso_juni+ls_shisu_juni,manken_shisu_decile,gekiso_juni,ls_shisu_juni,261,44492,71.3,14.27,69.56,False
SURFACE_2_ダ_条件戦,keibajo_code+tenkai_kigo_code+ten_shisu_juni,keibajo_code,tenkai_kigo_code,ten_shisu_juni,248,54326,71.25,13.58,69.56,False
SURFACE_2_ダ_条件戦,kyori_kubun+kyakushitsu+idm_decile,kyori_kubun,kyakushitsu,idm_decile,98,75391,72.33,14.02,69.56,False
SURFACE_2_ダ_条件戦,kyori_tekisei+rotation_bin+sogo_shisu_decile,kyori_tekisei,rotation_bin,sogo_shisu_decile,145,56122,72.27,16.73,69.55,False
SURFACE_2_ダ_条件戦,pace_yoso+kyori_tekisei+kijun_ninkijun_tansho,pace_yoso,kyori_tekisei,kijun_ninkijun_tansho,123,70559,72.18,14.9,69.55,False
SURFACE_2_ダ_条件戦,keibajo_code+kyori_tekisei+bataiju,keibajo_code,kyori_tekisei,bataiju,91,17100,71.64,10.23,69.54,False
SURFACE_2_ダ_条件戦,kyori_kubun+bataiju_zogen+kijun_ninkijun_tansho,kyori_kubun,bataiju_zogen,kijun_ninkijun_tansho,205,44040,71.44,13.87,69.54,False
SURFACE_2_ダ_条件戦,pace_yoso+kyori_kubun+pace_shisu_juni,pace_yoso,kyori_kubun,pace_shisu_juni,125,74191,71.49,11.13,69.54,False
SURFACE_2_ダ_条件戦,sogo_shisu_decile+idm_decile+gekiso_juni,sogo_shisu_decile,idm_decile,gekiso_juni,144,70037,71.7,13.25,69.54,False
SURFACE_2_ダ_条件戦,manken_shisu_decile+kyakushitsu+sogo_shisu_decile,manken_shisu_decile,kyakushitsu,sogo_shisu_decile,244,69597,71.39,14.76,69.54,False
SURFACE_2_ダ_条件戦,keibajo_code+sogo_shisu_decile+tenkai_kigo_code,keibajo_code,sogo_shisu_decile,tenkai_kigo_code,196,68473,71.7,15.41,69.54,False
SURFACE_2_ダ_条件戦,kyori_tekisei+bataiju_zogen+idm_decile,kyori_tekisei,bataiju_zogen,idm_decile,174,49688,71.89,15.84,69.54,False
SURFACE_2_ダ_条件戦,uma_deokure_bin+manken_shisu_decile+sogo_shisu_decile,uma_deokure_bin,manken_shisu_decile,sogo_shisu_decile,128,56520,72.1,14.8,69.54,False
SURFACE_2_ダ_条件戦,kyori_kubun+hizume_code+idm_decile,kyori_kubun,hizume_code,idm_decile,137,54271,72.07,15.16,69.53,False
SURFACE_2_ダ_条件戦,kyori_tekisei+sogo_shisu_decile+kijun_ninkijun_tansho,kyori_tekisei,sogo_shisu_decile,kijun_ninkijun_tansho,196,66561,71.92,17.09,69.53,False
SURFACE_2_ダ_条件戦,uma_deokure_bin+kijun_ninkijun_tansho+ls_shisu_juni,uma_deokure_bin,kijun_ninkijun_tansho,ls_shisu_juni,144,54747,72.28,16.81,69.53,False
SURFACE_2_ダ_条件戦,joshodo_code+bataiju+idm_decile,joshodo_code,bataiju,idm_decile,252,54498,71.43,15.37,69.53,False
SURFACE_2_ダ_条件戦,uma_start_shisu_decile+manken_shisu_decile+gekiso_juni,uma_start_shisu_decile,manken_shisu_decile,gekiso_juni,157,27325,71.94,15.46,69.52,False
SURFACE_2_ダ_条件戦,keibajo_code+joshodo_code+gekiso_juni,keibajo_code,joshodo_code,gekiso_juni,205,70890,70.93,10.35,69.52,False
SURFACE_2_ダ_条件戦,uma_start_shisu_decile+sogo_shisu_decile+kijun_ninkijun_tansho,uma_start_shisu_decile,sogo_shisu_decile,kijun_ninkijun_tansho,226,46488,71.8,17.48,69.52,False
SURFACE_2_ダ_条件戦,joshodo_code+kyakushitsu+sogo_shisu_decile,joshodo_code,kyakushitsu,sogo_shisu_decile,39,74278,74.05,14.49,69.51,False
SURFACE_2_ダ_条件戦,hizume_code+omo_tekisei_code+idm_decile,hizume_code,omo_tekisei_code,idm_decile,100,55635,72.44,14.95,69.51,False
SURFACE_2_ダ_条件戦,manken_shisu_decile+tenkai_kigo_code+gekiso_juni,manken_shisu_decile,tenkai_kigo_code,gekiso_juni,252,58653,71.33,14.74,69.51,False
SURFACE_2_ダ_条件戦,uma_start_shisu_decile+manken_shisu_decile+ten_shisu_juni,uma_start_shisu_decile,manken_shisu_decile,ten_shisu_juni,121,19706,71.96,13.79,69.5,False
SURFACE_2_ダ_条件戦,omo_tekisei_code+rotation_bin+idm_decile,omo_tekisei_code,rotation_bin,idm_decile,97,60542,72.56,15.42,69.49,False
SURFACE_2_ダ_条件戦,hizume_code+tenkai_kigo_code+pace_shisu_juni,hizume_code,tenkai_kigo_code,pace_shisu_juni,155,39104,71.8,14.79,69.47,False
SURFACE_2_ダ_条件戦,uma_deokure_bin+idm_decile+ls_shisu_juni,uma_deokure_bin,idm_decile,ls_shisu_juni,101,58909,72.34,14.7,69.47,False
SURFACE_2_ダ_条件戦,bataiju_zogen+sogo_shisu_decile+ls_shisu_juni,bataiju_zogen,sogo_shisu_decile,ls_shisu_juni,194,41110,71.82,16.74,69.46,False
SURFACE_2_ダ_条件戦,hizume_code+manken_shisu_decile+idm_decile,hizume_code,manken_shisu_decile,idm_decile,194,40274,71.63,15.41,69.46,False
SURFACE_2_ダ_条件戦,pace_yoso+manken_shisu_decile+sogo_shisu_decile,pace_yoso,manken_shisu_decile,sogo_shisu_decile,161,71955,71.76,14.97,69.45,False
SURFACE_2_ダ_条件戦,kyakushitsu+sogo_shisu_decile+ls_shisu_juni,kyakushitsu,sogo_shisu_decile,ls_shisu_juni,201,71555,71.48,14.69,69.45,False
SURFACE_2_ダ_条件戦,uma_deokure_bin+rotation_bin+gekiso_juni,uma_deokure_bin,rotation_bin,gekiso_juni,170,55001,71.27,12.13,69.45,False
SURFACE_2_ダ_条件戦,keibajo_code+omo_tekisei_code+idm_decile,keibajo_code,omo_tekisei_code,idm_decile,122,59249,72.11,15.02,69.44,False
SURFACE_2_ダ_条件戦,kyori_kubun+bataiju+tenkai_kigo_code,kyori_kubun,bataiju,tenkai_kigo_code,233,43736,71.06,12.62,69.44,False
SURFACE_2_ダ_条件戦,uma_deokure_bin+bataiju+ls_shisu_juni,uma_deokure_bin,bataiju,ls_shisu_juni,151,23479,71.42,12.43,69.44,False
SURFACE_2_ダ_条件戦,pace_yoso+manken_shisu_decile+idm_decile,pace_yoso,manken_shisu_decile,idm_decile,146,72610,71.74,14.35,69.42,False
SURFACE_2_ダ_条件戦,manken_shisu_decile+bataiju_zogen+sogo_shisu_decile,manken_shisu_decile,bataiju_zogen,sogo_shisu_decile,206,32624,71.46,14.93,69.42,False
SURFACE_2_ダ_条件戦,keibajo_code+manken_shisu_decile+idm_decile,keibajo_code,manken_shisu_decile,idm_decile,261,58570,71.14,14.23,69.41,False
SURFACE_2_ダ_条件戦,pace_yoso+hizume_code+kijun_ninkijun_tansho,pace_yoso,hizume_code,kijun_ninkijun_tansho,181,49819,71.59,15.0,69.41,False
SURFACE_2_ダ_条件戦,kyori_kubun+hizume_code+kijun_ninkijun_tansho,kyori_kubun,hizume_code,kijun_ninkijun_tansho,182,46133,71.56,14.85,69.4,False
SURFACE_2_ダ_条件戦,uma_start_shisu_decile+manken_shisu_decile+sogo_shisu_decile,uma_start_shisu_decile,manken_shisu_decile,sogo_shisu_decile,218,44740,71.26,13.99,69.4,False
SURFACE_2_ダ_条件戦,pace_yoso+tenkai_kigo_code+gekiso_juni,pace_yoso,tenkai_kigo_code,gekiso_juni,163,73055,71.4,12.99,69.4,False
SURFACE_2_ダ_条件戦,kyori_tekisei+idm_decile+kijun_ninkijun_tansho,kyori_tekisei,idm_decile,kijun_ninkijun_tansho,194,66511,71.81,17.15,69.4,False
SURFACE_2_ダ_条件戦,tenkai_kigo_code+gekiso_juni+ls_shisu_juni,tenkai_kigo_code,gekiso_juni,ls_shisu_juni,233,59157,71.25,14.47,69.39,False
SURFACE_2_ダ_条件戦,ichi_shisu_juni+idm_decile+ls_shisu_juni,ichi_shisu_juni,idm_decile,ls_shisu_juni,234,53652,71.37,15.48,69.39,False
SURFACE_2_ダ_条件戦,joshodo_code+kyakushitsu+idm_decile,joshodo_code,kyakushitsu,idm_decile,34,74247,73.96,13.61,69.39,False
SURFACE_2_ダ_条件戦,manken_shirushi+joshodo_code+sogo_shisu_decile,manken_shirushi,joshodo_code,sogo_shisu_decile,87,46278,72.58,15.23,69.38,False
SURFACE_2_ダ_条件戦,pace_yoso+kyakushitsu+gekiso_juni,pace_yoso,kyakushitsu,gekiso_juni,167,73300,71.15,11.67,69.38,False
SURFACE_2_ダ_条件戦,kyori_kubun+kyakushitsu+ichi_shisu_juni,kyori_kubun,kyakushitsu,ichi_shisu_juni,130,72200,71.58,12.89,69.37,False
SURFACE_2_ダ_条件戦,joshodo_code+sogo_shisu_decile+ls_shisu_juni,joshodo_code,sogo_shisu_decile,ls_shisu_juni,92,72657,72.22,13.91,69.37,False
SURFACE_2_ダ_条件戦,kyori_tekisei+bataiju_zogen+sogo_shisu_decile,kyori_tekisei,bataiju_zogen,sogo_shisu_decile,181,47983,71.8,16.71,69.37,False
SURFACE_2_ダ_条件戦,uma_deokure_bin+pace_yoso+kijun_ninkijun_tansho,uma_deokure_bin,pace_yoso,kijun_ninkijun_tansho,89,59809,72.97,17.31,69.37,False
SURFACE_2_ダ_条件戦,sogo_shisu_decile+idm_decile+ten_shisu_juni,sogo_shisu_decile,idm_decile,ten_shisu_juni,150,69670,71.76,14.96,69.36,False
SURFACE_2_ダ_条件戦,uma_deokure_bin+tenkai_kigo_code+pace_shisu_juni,uma_deokure_bin,tenkai_kigo_code,pace_shisu_juni,140,58926,71.98,15.8,69.36,False
SURFACE_2_ダ_条件戦,uma_start_shisu_decile+kyakushitsu+kijun_ninkijun_tansho,uma_start_shisu_decile,kyakushitsu,kijun_ninkijun_tansho,198,52911,71.46,15.24,69.34,False
SURFACE_2_ダ_条件戦,manken_shisu_decile+kyakushitsu+idm_decile,manken_shisu_decile,kyakushitsu,idm_decile,219,70501,71.25,14.44,69.34,False
SURFACE_2_ダ_条件戦,kyori_kubun+kyakushitsu+ten_shisu_juni,kyori_kubun,kyakushitsu,ten_shisu_juni,183,72665,70.97,11.29,69.34,False
SURFACE_2_ダ_条件戦,hizume_code+bataiju_zogen+idm_decile,hizume_code,bataiju_zogen,idm_decile,168,35105,71.65,15.26,69.34,False
SURFACE_2_ダ_条件戦,kyakushitsu+bataiju_zogen+idm_decile,kyakushitsu,bataiju_zogen,idm_decile,183,52490,71.51,15.09,69.33,False
SURFACE_2_ダ_条件戦,keibajo_code+omo_tekisei_code+kijun_ninkijun_tansho,keibajo_code,omo_tekisei_code,kijun_ninkijun_tansho,216,55391,71.25,14.35,69.33,False
SURFACE_2_ダ_条件戦,manken_shisu_decile+rotation_bin+kijun_ninkijun_tansho,manken_shisu_decile,rotation_bin,kijun_ninkijun_tansho,224,33870,71.37,15.71,69.32,False
SURFACE_2_ダ_条件戦,tenkai_kigo_code+kijun_ninkijun_tansho+ls_shisu_juni,tenkai_kigo_code,kijun_ninkijun_tansho,ls_shisu_juni,209,63670,71.59,16.81,69.31,False
SURFACE_2_ダ_条件戦,uma_start_shisu_decile+keibajo_code+bataiju,uma_start_shisu_decile,keibajo_code,bataiju,19,2042,74.13,10.71,69.31,False
SURFACE_2_ダ_条件戦,kyakushitsu+idm_decile+ls_shisu_juni,kyakushitsu,idm_decile,ls_shisu_juni,184,72236,71.35,14.09,69.31,False
SURFACE_2_ダ_条件戦,keibajo_code+ichi_shisu_juni+idm_decile,keibajo_code,ichi_shisu_juni,idm_decile,231,44031,71.31,15.58,69.3,False
SURFACE_2_ダ_条件戦,kyakushitsu+tenkai_kigo_code+ten_shisu_juni,kyakushitsu,tenkai_kigo_code,ten_shisu_juni,177,72795,71.56,15.33,69.3,False
SURFACE_2_ダ_条件戦,kyori_tekisei+ichi_shisu_juni+sogo_shisu_decile,kyori_tekisei,ichi_shisu_juni,sogo_shisu_decile,234,62326,71.27,15.37,69.3,False
SURFACE_2_ダ_条件戦,pace_yoso+kyori_kubun+idm_decile,pace_yoso,kyori_kubun,idm_decile,62,75758,73.28,16.0,69.3,False
SURFACE_2_ダ_条件戦,hizume_code+bataiju+tenkai_kigo_code,hizume_code,bataiju,tenkai_kigo_code,98,15830,71.49,11.13,69.29,False
SURFACE_2_ダ_条件戦,keibajo_code+tenkai_kigo_code+pace_shisu_juni,keibajo_code,tenkai_kigo_code,pace_shisu_juni,248,54824,70.97,13.43,69.29,False
SURFACE_2_ダ_条件戦,uma_deokure_bin+kyori_tekisei+kijun_ninkijun_tansho,uma_deokure_bin,kyori_tekisei,kijun_ninkijun_tansho,103,55280,72.3,15.57,69.29,False
SURFACE_2_ダ_条件戦,uma_deokure_bin+manken_shirushi+kijun_ninkijun_tansho,uma_deokure_bin,manken_shirushi,kijun_ninkijun_tansho,149,35744,71.75,15.31,69.29,False
SURFACE_2_ダ_条件戦,hizume_code+omo_tekisei_code+kijun_ninkijun_tansho,hizume_code,omo_tekisei_code,kijun_ninkijun_tansho,166,51966,71.72,15.94,69.29,False
SURFACE_2_ダ_条件戦,uma_start_shisu_decile+ten_shisu_juni+kijun_ninkijun_tansho,uma_start_shisu_decile,ten_shisu_juni,kijun_ninkijun_tansho,107,17144,72.13,15.11,69.27,False
SURFACE_2_ダ_条件戦,manken_shisu_decile+tenkai_kigo_code+pace_shisu_juni,manken_shisu_decile,tenkai_kigo_code,pace_shisu_juni,265,56302,70.99,14.26,69.27,False
SURFACE_2_ダ_条件戦,idm_decile+pace_shisu_juni+gekiso_juni,idm_decile,pace_shisu_juni,gekiso_juni,183,26493,71.42,14.9,69.26,False
SURFACE_2_ダ_条件戦,kyori_tekisei+kyakushitsu+kijun_ninkijun_tansho,kyori_tekisei,kyakushitsu,kijun_ninkijun_tansho,181,70034,71.41,14.76,69.26,False
SURFACE_2_ダ_条件戦,pace_yoso+uma_start_shisu_decile+kijun_ninkijun_tansho,pace_yoso,uma_start_shisu_decile,kijun_ninkijun_tansho,191,57147,71.55,16.14,69.26,False
SURFACE_2_ダ_条件戦,joshodo_code+tenkai_kigo_code+kijun_ninkijun_tansho,joshodo_code,tenkai_kigo_code,kijun_ninkijun_tansho,89,73627,72.55,15.82,69.26,False
SURFACE_2_ダ_条件戦,hizume_code+idm_decile+tenkai_kigo_code,hizume_code,idm_decile,tenkai_kigo_code,135,50885,71.88,15.49,69.26,False
SURFACE_2_ダ_条件戦,hizume_code+omo_tekisei_code+sogo_shisu_decile,hizume_code,omo_tekisei_code,sogo_shisu_decile,112,55366,72.18,15.75,69.26,False
SURFACE_2_ダ_条件戦,uma_start_shisu_decile+tenkai_kigo_code+pace_shisu_juni,uma_start_shisu_decile,tenkai_kigo_code,pace_shisu_juni,188,48751,71.38,15.03,69.23,False
SURFACE_2_ダ_条件戦,kyakushitsu+bataiju+idm_decile,kyakushitsu,bataiju,idm_decile,150,18469,71.72,15.56,69.23,False
SURFACE_2_ダ_条件戦,joshodo_code+ten_shisu_juni+gekiso_juni,joshodo_code,ten_shisu_juni,gekiso_juni,244,63637,70.86,12.99,69.23,False
SURFACE_2_ダ_条件戦,uma_deokure_bin+manken_shisu_decile+idm_decile,uma_deokure_bin,manken_shisu_decile,idm_decile,113,56759,71.89,14.48,69.22,False
SURFACE_2_ダ_条件戦,pace_yoso+bataiju_zogen+kijun_ninkijun_tansho,pace_yoso,bataiju_zogen,kijun_ninkijun_tansho,189,45963,71.29,14.55,69.22,False
SURFACE_2_ダ_条件戦,keibajo_code+sogo_shisu_decile+ls_shisu_juni,keibajo_code,sogo_shisu_decile,ls_shisu_juni,224,62563,71.17,14.85,69.22,False
SURFACE_2_ダ_条件戦,keibajo_code+kyakushitsu+idm_decile,keibajo_code,kyakushitsu,idm_decile,214,70704,71.21,14.9,69.21,False
SURFACE_2_ダ_条件戦,manken_shisu_decile+joshodo_code+ls_shisu_juni,manken_shisu_decile,joshodo_code,ls_shisu_juni,117,71475,71.32,11.63,69.21,False
SURFACE_2_ダ_条件戦,kyori_kubun+bataiju+idm_decile,kyori_kubun,bataiju,idm_decile,245,33860,70.99,14.34,69.2,False
SURFACE_2_ダ_条件戦,ichi_shisu_juni+sogo_shisu_decile+kijun_ninkijun_tansho,ichi_shisu_juni,sogo_shisu_decile,kijun_ninkijun_tansho,207,38332,71.25,15.14,69.19,False
SURFACE_2_ダ_条件戦,kyori_tekisei+joshodo_code+sogo_shisu_decile,kyori_tekisei,joshodo_code,sogo_shisu_decile,38,71313,73.95,14.99,69.18,False
SURFACE_2_ダ_条件戦,pace_yoso+kijun_ninkijun_tansho+ls_shisu_juni,pace_yoso,kijun_ninkijun_tansho,ls_shisu_juni,179,69675,71.57,16.41,69.17,False
SURFACE_2_ダ_条件戦,ichi_shisu_juni+sogo_shisu_decile+idm_decile,ichi_shisu_juni,sogo_shisu_decile,idm_decile,146,69850,71.63,15.16,69.17,False
SURFACE_2_ダ_条件戦,uma_start_shisu_decile+kijun_ninkijun_tansho+pace_shisu_juni,uma_start_shisu_decile,kijun_ninkijun_tansho,pace_shisu_juni,102,16968,71.86,13.89,69.17,False
SURFACE_2_ダ_条件戦,pace_yoso+keibajo_code+kijun_ninkijun_tansho,pace_yoso,keibajo_code,kijun_ninkijun_tansho,243,67845,71.15,15.88,69.15,False
SURFACE_2_ダ_条件戦,kyori_kubun+kyakushitsu+pace_shisu_juni,kyori_kubun,kyakushitsu,pace_shisu_juni,183,72649,70.74,11.02,69.14,False
SURFACE_2_ダ_条件戦,hizume_code+manken_shisu_decile+kijun_ninkijun_tansho,hizume_code,manken_shisu_decile,kijun_ninkijun_tansho,175,25095,71.37,15.02,69.14,False
SURFACE_2_ダ_条件戦,uma_deokure_bin+sogo_shisu_decile+kijun_ninkijun_tansho,uma_deokure_bin,sogo_shisu_decile,kijun_ninkijun_tansho,133,56594,72.19,18.09,69.12,False
SURFACE_2_ダ_条件戦,sogo_shisu_decile+tenkai_kigo_code+kijun_ninkijun_tansho,sogo_shisu_decile,tenkai_kigo_code,kijun_ninkijun_tansho,193,67786,71.45,16.51,69.12,False
SURFACE_2_ダ_条件戦,kyori_kubun+tenkai_kigo_code+kijun_ninkijun_tansho,kyori_kubun,tenkai_kigo_code,kijun_ninkijun_tansho,160,72024,71.35,14.48,69.11,False
SURFACE_2_ダ_条件戦,kyori_kubun+rotation_bin+idm_decile,kyori_kubun,rotation_bin,idm_decile,113,59693,71.86,14.91,69.11,False
SURFACE_2_ダ_条件戦,manken_shisu_decile+rotation_bin+sogo_shisu_decile,manken_shisu_decile,rotation_bin,sogo_shisu_decile,226,49307,71.16,15.74,69.11,False
SURFACE_2_ダ_条件戦,rotation_bin+idm_decile+gekiso_juni,rotation_bin,idm_decile,gekiso_juni,229,44258,71.09,15.34,69.1,False
SURFACE_2_ダ_条件戦,kyori_kubun+bataiju_zogen+idm_decile,kyori_kubun,bataiju_zogen,idm_decile,157,53260,71.53,15.5,69.1,False
SURFACE_2_ダ_条件戦,uma_start_shisu_decile+keibajo_code+sogo_shisu_decile,uma_start_shisu_decile,keibajo_code,sogo_shisu_decile,195,44545,71.14,14.55,69.09,False
SURFACE_2_ダ_条件戦,bataiju_zogen+idm_decile+kijun_ninkijun_tansho,bataiju_zogen,idm_decile,kijun_ninkijun_tansho,188,32243,71.34,15.72,69.09,False
SURFACE_2_ダ_条件戦,manken_shisu_decile+tenkai_kigo_code+ten_shisu_juni,manken_shisu_decile,tenkai_kigo_code,ten_shisu_juni,268,55782,70.78,14.14,69.09,False
SURFACE_2_ダ_条件戦,uma_start_shisu_decile+ichi_shisu_juni+kijun_ninkijun_tansho,uma_start_shisu_decile,ichi_shisu_juni,kijun_ninkijun_tansho,104,19101,71.59,13.02,69.08,False
SURFACE_2_ダ_条件戦,kyakushitsu+bataiju+tenkai_kigo_code,kyakushitsu,bataiju,tenkai_kigo_code,218,45314,70.62,11.57,69.08,False
SURFACE_2_ダ_条件戦,kyori_kubun+kyori_tekisei+kijun_ninkijun_tansho,kyori_kubun,kyori_tekisei,kijun_ninkijun_tansho,129,69882,71.8,15.75,69.08,False
SURFACE_2_ダ_条件戦,pace_yoso+kyakushitsu+ten_shisu_juni,pace_yoso,kyakushitsu,ten_shisu_juni,157,73242,71.02,12.37,69.08,False
SURFACE_2_ダ_条件戦,idm_decile+kijun_ninkijun_tansho+pace_shisu_juni,idm_decile,kijun_ninkijun_tansho,pace_shisu_juni,235,39082,71.07,15.55,69.08,False
SURFACE_2_ダ_条件戦,rotation_bin+kijun_ninkijun_tansho+ls_shisu_juni,rotation_bin,kijun_ninkijun_tansho,ls_shisu_juni,196,43216,71.08,14.38,69.07,False
SURFACE_2_ダ_条件戦,hizume_code+bataiju+idm_decile,hizume_code,bataiju,idm_decile,13,1412,76.8,14.22,69.07,False
SURFACE_2_ダ_条件戦,kyori_kubun+idm_decile+kijun_ninkijun_tansho,kyori_kubun,idm_decile,kijun_ninkijun_tansho,186,70930,71.54,17.19,69.07,False
SURFACE_2_ダ_条件戦,rotation_bin+sogo_shisu_decile+pace_shisu_juni,rotation_bin,sogo_shisu_decile,pace_shisu_juni,235,42139,70.96,14.83,69.07,False
SURFACE_2_ダ_条件戦,keibajo_code+rotation_bin+idm_decile,keibajo_code,rotation_bin,idm_decile,207,52324,71.27,16.31,69.04,False
SURFACE_2_ダ_条件戦,uma_deokure_bin+keibajo_code+idm_decile,uma_deokure_bin,keibajo_code,idm_decile,116,57800,71.82,15.28,69.04,False
SURFACE_2_ダ_条件戦,pace_yoso+kyori_tekisei+sogo_shisu_decile,pace_yoso,kyori_tekisei,sogo_shisu_decile,78,72597,72.57,15.94,69.04,False
SURFACE_2_ダ_条件戦,sogo_shisu_decile+pace_shisu_juni+gekiso_juni,sogo_shisu_decile,pace_shisu_juni,gekiso_juni,167,22869,71.4,15.63,69.03,False
SURFACE_2_ダ_条件戦,uma_start_shisu_decile+idm_decile+kijun_ninkijun_tansho,uma_start_shisu_decile,idm_decile,kijun_ninkijun_tansho,219,46068,71.2,16.5,69.02,False
SURFACE_2_ダ_条件戦,hizume_code+idm_decile+ls_shisu_juni,hizume_code,idm_decile,ls_shisu_juni,171,45351,71.41,15.97,69.02,False
SURFACE_2_ダ_条件戦,uma_deokure_bin+kyakushitsu+kijun_ninkijun_tansho,uma_deokure_bin,kyakushitsu,kijun_ninkijun_tansho,101,58048,71.42,12.31,69.02,False
SURFACE_2_ダ_条件戦,pace_yoso+kyori_kubun+gekiso_juni,pace_yoso,kyori_kubun,gekiso_juni,126,74290,70.72,9.75,69.02,False
SURFACE_2_ダ_条件戦,joshodo_code+pace_shisu_juni+gekiso_juni,joshodo_code,pace_shisu_juni,gekiso_juni,232,62925,70.68,12.96,69.01,False
SURFACE_2_ダ_条件戦,manken_shisu_decile+joshodo_code+pace_shisu_juni,manken_shisu_decile,joshodo_code,pace_shisu_juni,196,70457,70.65,11.77,69.0,False
SURFACE_2_ダ_条件戦,omo_tekisei_code+bataiju_zogen+sogo_shisu_decile,omo_tekisei_code,bataiju_zogen,sogo_shisu_decile,147,54267,71.77,17.12,69.0,False
SURFACE_2_ダ_条件戦,joshodo_code+ten_shisu_juni+ls_shisu_juni,joshodo_code,ten_shisu_juni,ls_shisu_juni,163,70980,70.75,11.42,69.0,False
SURFACE_2_ダ_条件戦,joshodo_code+rotation_bin+ls_shisu_juni,joshodo_code,rotation_bin,ls_shisu_juni,58,62029,72.1,12.03,69.0,False
SURFACE_2_ダ_条件戦,uma_start_shisu_decile+ichi_shisu_juni+ls_shisu_juni,uma_start_shisu_decile,ichi_shisu_juni,ls_shisu_juni,170,34410,70.79,11.88,69.0,False
SURFACE_2_ダ_条件戦,keibajo_code+kyori_kubun+sogo_shisu_decile,keibajo_code,kyori_kubun,sogo_shisu_decile,154,74139,71.33,14.85,68.98,False
SURFACE_2_ダ_条件戦,uma_deokure_bin+rotation_bin+sogo_shisu_decile,uma_deokure_bin,rotation_bin,sogo_shisu_decile,104,58755,72.14,16.49,68.97,False
SURFACE_2_ダ_条件戦,manken_shisu_decile+joshodo_code+ten_shisu_juni,manken_shisu_decile,joshodo_code,ten_shisu_juni,201,70872,70.65,12.14,68.97,False
SURFACE_2_ダ_条件戦,joshodo_code+omo_tekisei_code+ls_shisu_juni,joshodo_code,omo_tekisei_code,ls_shisu_juni,29,62453,72.91,10.84,68.96,False
SURFACE_2_ダ_条件戦,kyori_kubun+bataiju+ls_shisu_juni,kyori_kubun,bataiju,ls_shisu_juni,177,27300,70.76,12.19,68.96,False
SURFACE_2_ダ_条件戦,kyori_kubun+rotation_bin+kijun_ninkijun_tansho,kyori_kubun,rotation_bin,kijun_ninkijun_tansho,189,55181,71.05,14.69,68.95,False
SURFACE_2_ダ_条件戦,keibajo_code+kyori_tekisei+kijun_ninkijun_tansho,keibajo_code,kyori_tekisei,kijun_ninkijun_tansho,225,57546,71.06,16.21,68.94,False
SURFACE_2_ダ_条件戦,uma_start_shisu_decile+idm_decile+gekiso_juni,uma_start_shisu_decile,idm_decile,gekiso_juni,217,40301,71.03,15.73,68.94,False
SURFACE_2_ダ_条件戦,pace_yoso+kyori_tekisei+idm_decile,pace_yoso,kyori_tekisei,idm_decile,71,72954,72.65,15.98,68.93,False
SURFACE_2_ダ_条件戦,ichi_shisu_juni+tenkai_kigo_code+ls_shisu_juni,ichi_shisu_juni,tenkai_kigo_code,ls_shisu_juni,204,60917,70.85,14.06,68.92,False
SURFACE_2_ダ_条件戦,keibajo_code+joshodo_code+idm_decile,keibajo_code,joshodo_code,idm_decile,93,72821,71.75,13.92,68.92,False
SURFACE_2_ダ_条件戦,hizume_code+ichi_shisu_juni+idm_decile,hizume_code,ichi_shisu_juni,idm_decile,171,30650,71.31,15.93,68.92,False
SURFACE_2_ダ_条件戦,joshodo_code+pace_shisu_juni+ls_shisu_juni,joshodo_code,pace_shisu_juni,ls_shisu_juni,156,70409,70.75,11.76,68.91,False
SURFACE_2_ダ_条件戦,kyori_kubun+bataiju_zogen+sogo_shisu_decile,kyori_kubun,bataiju_zogen,sogo_shisu_decile,173,52600,71.33,16.31,68.9,False
SURFACE_2_ダ_条件戦,uma_deokure_bin+hizume_code+kijun_ninkijun_tansho,uma_deokure_bin,hizume_code,kijun_ninkijun_tansho,170,49217,71.19,15.25,68.9,False
SURFACE_2_ダ_条件戦,kyori_kubun+tenkai_kigo_code+pace_shisu_juni,kyori_kubun,tenkai_kigo_code,pace_shisu_juni,191,72761,71.07,15.34,68.9,False
SURFACE_2_ダ_条件戦,manken_shisu_decile+joshodo_code+sogo_shisu_decile,manken_shisu_decile,joshodo_code,sogo_shisu_decile,106,71938,71.6,14.23,68.89,False
SURFACE_2_ダ_条件戦,pace_yoso+rotation_bin+kijun_ninkijun_tansho,pace_yoso,rotation_bin,kijun_ninkijun_tansho,161,55423,71.09,14.32,68.88,False
SURFACE_2_ダ_条件戦,kyori_kubun+joshodo_code+kishu_kitai_sanchakunai_ritsu,kyori_kubun,joshodo_code,kishu_kitai_sanchakunai_ritsu,122,32596,71.2,13.08,68.88,False
SURFACE_2_ダ_条件戦,joshodo_code+idm_decile+ls_shisu_juni,joshodo_code,idm_decile,ls_shisu_juni,83,73070,71.73,13.27,68.87,False
SURFACE_2_ダ_条件戦,kyori_kubun+kijun_ninkijun_tansho+ls_shisu_juni,kyori_kubun,kijun_ninkijun_tansho,ls_shisu_juni,199,67944,71.27,17.29,68.87,False
SURFACE_2_ダ_条件戦,keibajo_code+ten_shisu_juni+ls_shisu_juni,keibajo_code,ten_shisu_juni,ls_shisu_juni,249,43373,70.72,14.86,68.87,False
SURFACE_2_ダ_条件戦,joshodo_code+ichi_shisu_juni+ls_shisu_juni,joshodo_code,ichi_shisu_juni,ls_shisu_juni,128,71772,71.0,12.34,68.86,False
SURFACE_2_ダ_条件戦,rotation_bin+sogo_shisu_decile+ls_shisu_juni,rotation_bin,sogo_shisu_decile,ls_shisu_juni,189,53544,71.26,16.84,68.86,False
SURFACE_2_ダ_条件戦,manken_shirushi+kishu_kitai_sanchakunai_ritsu+kijun_ninkijun_tansho,manken_shirushi,kishu_kitai_sanchakunai_ritsu,kijun_ninkijun_tansho,3,393,75.08,5.51,68.85,False
SURFACE_2_ダ_条件戦,manken_shisu_decile+idm_decile+pace_shisu_juni,manken_shisu_decile,idm_decile,pace_shisu_juni,285,45729,70.63,15.37,68.84,False
SURFACE_2_ダ_条件戦,tenkai_kigo_code+pace_shisu_juni+gekiso_juni,tenkai_kigo_code,pace_shisu_juni,gekiso_juni,230,41637,70.77,15.11,68.82,False
SURFACE_2_ダ_条件戦,kyori_kubun+hizume_code+sogo_shisu_decile,kyori_kubun,hizume_code,sogo_shisu_decile,146,53155,71.29,15.28,68.81,False
SURFACE_2_ダ_条件戦,rotation_bin+idm_decile+ten_shisu_juni,rotation_bin,idm_decile,ten_shisu_juni,240,43672,70.89,16.42,68.81,False
SURFACE_2_ダ_条件戦,uma_start_shisu_decile+rotation_bin+kijun_ninkijun_tansho,uma_start_shisu_decile,rotation_bin,kijun_ninkijun_tansho,211,40286,70.98,16.08,68.81,False
SURFACE_2_ダ_条件戦,tenkai_kigo_code+pace_shisu_juni+ls_shisu_juni,tenkai_kigo_code,pace_shisu_juni,ls_shisu_juni,229,59861,70.72,14.81,68.8,False
SURFACE_2_ダ_条件戦,keibajo_code+kyakushitsu+kijun_ninkijun_tansho,keibajo_code,kyakushitsu,kijun_ninkijun_tansho,296,57261,70.5,14.91,68.8,False
SURFACE_2_ダ_条件戦,manken_shisu_decile+ichi_shisu_juni+ls_shisu_juni,manken_shisu_decile,ichi_shisu_juni,ls_shisu_juni,195,35140,70.58,12.68,68.8,False
SURFACE_2_ダ_条件戦,kyakushitsu+ten_shisu_juni+kijun_ninkijun_tansho,kyakushitsu,ten_shisu_juni,kijun_ninkijun_tansho,287,47852,70.71,16.51,68.8,False
SURFACE_2_ダ_条件戦,kyakushitsu+rotation_bin+idm_decile,kyakushitsu,rotation_bin,idm_decile,132,59301,71.4,15.31,68.78,False
SURFACE_2_ダ_条件戦,uma_start_shisu_decile+pace_shisu_juni+ls_shisu_juni,uma_start_shisu_decile,pace_shisu_juni,ls_shisu_juni,182,33546,70.75,13.59,68.77,False
SURFACE_2_ダ_条件戦,manken_shisu_decile+idm_decile+ten_shisu_juni,manken_shisu_decile,idm_decile,ten_shisu_juni,272,42944,70.66,15.92,68.76,False
SURFACE_2_ダ_条件戦,uma_start_shisu_decile+idm_decile+ten_shisu_juni,uma_start_shisu_decile,idm_decile,ten_shisu_juni,217,39791,70.88,15.94,68.76,False
SURFACE_2_ダ_条件戦,hizume_code+rotation_bin+idm_decile,hizume_code,rotation_bin,idm_decile,169,46903,71.04,15.21,68.75,False
SURFACE_2_ダ_条件戦,manken_shisu_decile+ichi_shisu_juni+idm_decile,manken_shisu_decile,ichi_shisu_juni,idm_decile,252,42951,70.76,16.3,68.75,False
SURFACE_2_ダ_条件戦,pace_yoso+tenkai_kigo_code+pace_shisu_juni,pace_yoso,tenkai_kigo_code,pace_shisu_juni,161,73261,71.19,15.75,68.75,False
SURFACE_2_ダ_条件戦,ten_shisu_juni+kijun_ninkijun_tansho+ls_shisu_juni,ten_shisu_juni,kijun_ninkijun_tansho,ls_shisu_juni,202,33634,70.89,15.58,68.74,False
SURFACE_2_ダ_条件戦,pace_yoso+kyori_kubun+kyakushitsu,pace_yoso,kyori_kubun,kyakushitsu,50,76478,71.5,9.98,68.74,False
SURFACE_2_ダ_条件戦,uma_deokure_bin+tenkai_kigo_code+kijun_ninkijun_tansho,uma_deokure_bin,tenkai_kigo_code,kijun_ninkijun_tansho,117,58153,71.2,13.58,68.74,False
SURFACE_2_ダ_条件戦,manken_shisu_decile+joshodo_code+gekiso_juni,manken_shisu_decile,joshodo_code,gekiso_juni,171,69421,70.36,10.86,68.73,False
SURFACE_2_ダ_条件戦,keibajo_code+kyakushitsu+sogo_shisu_decile,keibajo_code,kyakushitsu,sogo_shisu_decile,232,68984,70.68,15.16,68.73,False
SURFACE_2_ダ_条件戦,uma_deokure_bin+uma_start_shisu_decile+kijun_ninkijun_tansho,uma_deokure_bin,uma_start_shisu_decile,kijun_ninkijun_tansho,135,53888,71.3,15.21,68.73,False
SURFACE_2_ダ_条件戦,idm_decile+tenkai_kigo_code+kijun_ninkijun_tansho,idm_decile,tenkai_kigo_code,kijun_ninkijun_tansho,190,67768,71.08,16.51,68.73,False
SURFACE_2_ダ_条件戦,uma_start_shisu_decile+kijun_ninkijun_tansho+ls_shisu_juni,uma_start_shisu_decile,kijun_ninkijun_tansho,ls_shisu_juni,189,39944,71.06,16.39,68.72,False
SURFACE_2_ダ_条件戦,kyakushitsu+rotation_bin+sogo_shisu_decile,kyakushitsu,rotation_bin,sogo_shisu_decile,148,59043,71.24,15.73,68.71,False
SURFACE_2_ダ_条件戦,hizume_code+kyori_tekisei+kijun_ninkijun_tansho,hizume_code,kyori_tekisei,kijun_ninkijun_tansho,181,41916,70.91,15.13,68.71,False
SURFACE_2_ダ_条件戦,omo_tekisei_code+bataiju_zogen+kijun_ninkijun_tansho,omo_tekisei_code,bataiju_zogen,kijun_ninkijun_tansho,190,47777,70.76,14.4,68.71,False
SURFACE_2_ダ_条件戦,kyori_kubun+ichi_shisu_juni+kijun_ninkijun_tansho,kyori_kubun,ichi_shisu_juni,kijun_ninkijun_tansho,255,53975,70.63,15.7,68.7,False
SURFACE_2_ダ_条件戦,kyori_kubun+sogo_shisu_decile+kijun_ninkijun_tansho,kyori_kubun,sogo_shisu_decile,kijun_ninkijun_tansho,184,70666,71.19,17.32,68.69,False
SURFACE_2_ダ_条件戦,rotation_bin+idm_decile+ls_shisu_juni,rotation_bin,idm_decile,ls_shisu_juni,172,53739,71.07,15.95,68.69,False
SURFACE_2_ダ_条件戦,pace_yoso+keibajo_code+idm_decile,pace_yoso,keibajo_code,idm_decile,137,73314,71.19,14.99,68.68,False
SURFACE_2_ダ_条件戦,pace_yoso+keibajo_code+sogo_shisu_decile,pace_yoso,keibajo_code,sogo_shisu_decile,156,73024,71.1,15.37,68.68,False
SURFACE_2_ダ_条件戦,kyori_kubun+kyakushitsu+gekiso_juni,kyori_kubun,kyakushitsu,gekiso_juni,210,73379,70.25,11.68,68.67,False
SURFACE_2_ダ_条件戦,kyori_kubun+joshodo_code+idm_decile,kyori_kubun,joshodo_code,idm_decile,42,74195,72.72,13.4,68.67,False
SURFACE_2_ダ_条件戦,omo_tekisei_code+rotation_bin+sogo_shisu_decile,omo_tekisei_code,rotation_bin,sogo_shisu_decile,103,59784,71.94,16.98,68.66,False
SURFACE_2_ダ_条件戦,idm_decile+ten_shisu_juni+kijun_ninkijun_tansho,idm_decile,ten_shisu_juni,kijun_ninkijun_tansho,229,37119,70.82,16.76,68.65,False
SURFACE_2_ダ_条件戦,uma_start_shisu_decile+bataiju_zogen+kijun_ninkijun_tansho,uma_start_shisu_decile,bataiju_zogen,kijun_ninkijun_tansho,119,21129,71.34,15.01,68.64,False
SURFACE_2_ダ_条件戦,tenkai_kigo_code+ten_shisu_juni+gekiso_juni,tenkai_kigo_code,ten_shisu_juni,gekiso_juni,247,42168,70.56,15.39,68.64,False
SURFACE_2_ダ_条件戦,keibajo_code+kyori_kubun+idm_decile,keibajo_code,kyori_kubun,idm_decile,135,74408,71.05,14.37,68.63,False
SURFACE_2_ダ_条件戦,manken_shisu_decile+joshodo_code+idm_decile,manken_shisu_decile,joshodo_code,idm_decile,91,71954,71.37,13.35,68.63,False
SURFACE_2_ダ_条件戦,sogo_shisu_decile+ten_shisu_juni+pace_shisu_juni,sogo_shisu_decile,ten_shisu_juni,pace_shisu_juni,172,35737,70.89,15.11,68.63,False
SURFACE_2_ダ_条件戦,joshodo_code+kijun_ninkijun_tansho+ls_shisu_juni,joshodo_code,kijun_ninkijun_tansho,ls_shisu_juni,136,69553,71.18,15.12,68.63,False
SURFACE_2_ダ_条件戦,kyakushitsu+kijun_ninkijun_tansho+pace_shisu_juni,kyakushitsu,kijun_ninkijun_tansho,pace_shisu_juni,274,46365,70.47,15.57,68.62,False
SURFACE_2_ダ_条件戦,omo_tekisei_code+bataiju+sogo_shisu_decile,omo_tekisei_code,bataiju,sogo_shisu_decile,211,29798,70.56,14.46,68.61,False
SURFACE_2_ダ_条件戦,joshodo_code+kishu_kitai_sanchakunai_ritsu+kijun_ninkijun_tansho,joshodo_code,kishu_kitai_sanchakunai_ritsu,kijun_ninkijun_tansho,133,30440,71.56,17.41,68.61,False
SURFACE_2_ダ_条件戦,kyori_kubun+rotation_bin+sogo_shisu_decile,kyori_kubun,rotation_bin,sogo_shisu_decile,125,59256,71.53,16.69,68.6,False
SURFACE_2_ダ_条件戦,hizume_code+kyakushitsu+idm_decile,hizume_code,kyakushitsu,idm_decile,153,53154,71.06,15.54,68.6,False
SURFACE_2_ダ_条件戦,keibajo_code+kyori_kubun+kijun_ninkijun_tansho,keibajo_code,kyori_kubun,kijun_ninkijun_tansho,254,70370,70.53,15.71,68.6,False
SURFACE_2_ダ_条件戦,pace_yoso+joshodo_code+kyakushitsu,pace_yoso,joshodo_code,kyakushitsu,18,74848,73.35,10.31,68.59,False
SURFACE_2_ダ_条件戦,kyori_tekisei+kijun_ninkijun_tansho+gekiso_juni,kyori_tekisei,kijun_ninkijun_tansho,gekiso_juni,233,49390,70.64,15.92,68.59,False
SURFACE_2_ダ_条件戦,kyori_tekisei+joshodo_code+kijun_ninkijun_tansho,kyori_tekisei,joshodo_code,kijun_ninkijun_tansho,72,71093,72.16,15.47,68.59,False
SURFACE_2_ダ_条件戦,pace_yoso+kyori_kubun+kijun_ninkijun_tansho,pace_yoso,kyori_kubun,kijun_ninkijun_tansho,116,73997,71.19,14.39,68.58,False
SURFACE_2_ダ_条件戦,pace_yoso+kyakushitsu+pace_shisu_juni,pace_yoso,kyakushitsu,pace_shisu_juni,157,73045,70.65,13.34,68.56,False
SURFACE_2_ダ_条件戦,rotation_bin+ichi_shisu_juni+sogo_shisu_decile,rotation_bin,ichi_shisu_juni,sogo_shisu_decile,242,41599,70.45,15.02,68.55,False
SURFACE_2_ダ_条件戦,joshodo_code+bataiju_zogen+kijun_ninkijun_tansho,joshodo_code,bataiju_zogen,kijun_ninkijun_tansho,136,56159,71.07,15.12,68.53,False
SURFACE_2_ダ_条件戦,kyakushitsu+kijun_ninkijun_tansho+gekiso_juni,kyakushitsu,kijun_ninkijun_tansho,gekiso_juni,241,40034,70.44,15.27,68.52,False
SURFACE_2_ダ_条件戦,manken_shisu_decile+ten_shisu_juni+ls_shisu_juni,manken_shisu_decile,ten_shisu_juni,ls_shisu_juni,220,33571,70.48,14.83,68.52,False
SURFACE_2_ダ_条件戦,uma_start_shisu_decile+bataiju_zogen+sogo_shisu_decile,uma_start_shisu_decile,bataiju_zogen,sogo_shisu_decile,196,40245,70.61,14.89,68.52,False
SURFACE_2_ダ_条件戦,kyakushitsu+bataiju_zogen+sogo_shisu_decile,kyakushitsu,bataiju_zogen,sogo_shisu_decile,193,51022,70.73,15.66,68.52,False
SURFACE_2_ダ_条件戦,kyori_tekisei+bataiju+tenkai_kigo_code,kyori_tekisei,bataiju,tenkai_kigo_code,208,41317,70.09,11.5,68.52,False
SURFACE_2_ダ_条件戦,ichi_shisu_juni+kijun_ninkijun_tansho+ls_shisu_juni,ichi_shisu_juni,kijun_ninkijun_tansho,ls_shisu_juni,190,35634,70.71,15.49,68.51,False
SURFACE_2_ダ_条件戦,joshodo_code+kyakushitsu+kijun_ninkijun_tansho,joshodo_code,kyakushitsu,kijun_ninkijun_tansho,72,74010,71.57,13.23,68.51,False
SURFACE_2_ダ_条件戦,kyakushitsu+tenkai_kigo_code+kijun_ninkijun_tansho,kyakushitsu,tenkai_kigo_code,kijun_ninkijun_tansho,156,73119,70.85,14.99,68.5,False
SURFACE_2_ダ_条件戦,uma_deokure_bin+keibajo_code+kijun_ninkijun_tansho,uma_deokure_bin,keibajo_code,kijun_ninkijun_tansho,210,54323,70.42,14.26,68.5,False
SURFACE_2_ダ_条件戦,uma_start_shisu_decile+hizume_code+kijun_ninkijun_tansho,uma_start_shisu_decile,hizume_code,kijun_ninkijun_tansho,166,29993,70.99,16.37,68.5,False
SURFACE_2_ダ_条件戦,hizume_code+joshodo_code+kijun_ninkijun_tansho,hizume_code,joshodo_code,kijun_ninkijun_tansho,112,56297,71.21,14.73,68.48,False
SURFACE_2_ダ_条件戦,uma_start_shisu_decile+kyori_tekisei+bataiju,uma_start_shisu_decile,kyori_tekisei,bataiju,103,14944,70.76,11.82,68.48,False
SURFACE_2_ダ_条件戦,joshodo_code+tenkai_kigo_code+gekiso_juni,joshodo_code,tenkai_kigo_code,gekiso_juni,102,73374,70.84,12.34,68.45,False
SURFACE_2_ダ_条件戦,pace_yoso+kyakushitsu+kijun_ninkijun_tansho,pace_yoso,kyakushitsu,kijun_ninkijun_tansho,151,72834,71.17,17.06,68.45,False
SURFACE_2_ダ_条件戦,sogo_shisu_decile+kijun_ninkijun_tansho+pace_shisu_juni,sogo_shisu_decile,kijun_ninkijun_tansho,pace_shisu_juni,239,39079,70.44,15.72,68.45,False
SURFACE_2_ダ_条件戦,kyori_kubun+ten_shisu_juni+kijun_ninkijun_tansho,kyori_kubun,ten_shisu_juni,kijun_ninkijun_tansho,295,55299,70.16,15.04,68.44,False
SURFACE_2_ダ_条件戦,keibajo_code+joshodo_code+sogo_shisu_decile,keibajo_code,joshodo_code,sogo_shisu_decile,102,72177,71.32,14.94,68.42,False
SURFACE_2_ダ_条件戦,kyakushitsu+kijun_ninkijun_tansho+ls_shisu_juni,kyakushitsu,kijun_ninkijun_tansho,ls_shisu_juni,243,63217,70.28,14.92,68.41,False
SURFACE_2_ダ_条件戦,pace_yoso+tenkai_kigo_code+kijun_ninkijun_tansho,pace_yoso,tenkai_kigo_code,kijun_ninkijun_tansho,143,73375,70.9,15.17,68.41,False
SURFACE_2_ダ_条件戦,idm_decile+tenkai_kigo_code+gekiso_juni,idm_decile,tenkai_kigo_code,gekiso_juni,218,65391,70.49,15.66,68.41,False
SURFACE_2_ダ_条件戦,omo_tekisei_code+idm_decile+gekiso_juni,omo_tekisei_code,idm_decile,gekiso_juni,171,58654,70.75,15.68,68.4,False
SURFACE_2_ダ_条件戦,manken_shisu_decile+pace_shisu_juni+ls_shisu_juni,manken_shisu_decile,pace_shisu_juni,ls_shisu_juni,235,35715,70.21,14.23,68.39,False
SURFACE_2_ダ_条件戦,uma_start_shisu_decile+hizume_code+sogo_shisu_decile,uma_start_shisu_decile,hizume_code,sogo_shisu_decile,176,42879,70.69,15.6,68.38,False
SURFACE_2_ダ_条件戦,rotation_bin+sogo_shisu_decile+gekiso_juni,rotation_bin,sogo_shisu_decile,gekiso_juni,235,42656,70.3,15.02,68.38,False
SURFACE_2_ダ_条件戦,hizume_code+rotation_bin+kijun_ninkijun_tansho,hizume_code,rotation_bin,kijun_ninkijun_tansho,169,32567,70.63,14.92,68.38,False
SURFACE_2_ダ_条件戦,pace_yoso+kyori_kubun+sogo_shisu_decile,pace_yoso,kyori_kubun,sogo_shisu_decile,70,75557,72.13,16.06,68.37,False
SURFACE_2_ダ_条件戦,keibajo_code+ichi_shisu_juni+bataiju,keibajo_code,ichi_shisu_juni,bataiju,5,529,75.39,8.01,68.37,False
SURFACE_2_ダ_条件戦,uma_deokure_bin+keibajo_code+sogo_shisu_decile,uma_deokure_bin,keibajo_code,sogo_shisu_decile,128,57170,71.09,15.81,68.35,False
SURFACE_2_ダ_条件戦,manken_shisu_decile+kijun_ninkijun_tansho+ls_shisu_juni,manken_shisu_decile,kijun_ninkijun_tansho,ls_shisu_juni,255,47180,70.38,16.59,68.34,False
SURFACE_2_ダ_条件戦,kyori_tekisei+joshodo_code+ten_shisu_juni,kyori_tekisei,joshodo_code,ten_shisu_juni,76,71383,71.02,11.92,68.34,False
SURFACE_2_ダ_条件戦,pace_yoso+manken_shisu_decile+kijun_ninkijun_tansho,pace_yoso,manken_shisu_decile,kijun_ninkijun_tansho,221,65325,70.41,15.82,68.33,False
SURFACE_2_ダ_条件戦,kyori_kubun+joshodo_code+ls_shisu_juni,kyori_kubun,joshodo_code,ls_shisu_juni,57,74170,71.03,10.47,68.32,False
SURFACE_2_ダ_条件戦,pace_yoso+hizume_code+idm_decile,pace_yoso,hizume_code,idm_decile,119,55327,71.23,16.27,68.31,False
SURFACE_2_ダ_条件戦,idm_decile+tenkai_kigo_code+ten_shisu_juni,idm_decile,tenkai_kigo_code,ten_shisu_juni,219,65922,70.44,16.1,68.31,False
SURFACE_2_ダ_条件戦,keibajo_code+rotation_bin+sogo_shisu_decile,keibajo_code,rotation_bin,sogo_shisu_decile,218,50413,70.5,16.56,68.3,False
SURFACE_2_ダ_条件戦,hizume_code+joshodo_code+sogo_shisu_decile,hizume_code,joshodo_code,sogo_shisu_decile,76,58384,71.83,15.72,68.3,False
SURFACE_2_ダ_条件戦,joshodo_code+kyakushitsu+gekiso_juni,joshodo_code,kyakushitsu,gekiso_juni,78,74359,70.31,9.11,68.28,False
SURFACE_2_ダ_条件戦,kyori_tekisei+joshodo_code+ichi_shisu_juni,kyori_tekisei,joshodo_code,ichi_shisu_juni,72,71422,71.27,12.93,68.28,False
SURFACE_2_ダ_条件戦,hizume_code+sogo_shisu_decile+tenkai_kigo_code,hizume_code,sogo_shisu_decile,tenkai_kigo_code,141,49614,70.93,16.23,68.25,False
SURFACE_2_ダ_条件戦,kijun_ninkijun_tansho+pace_shisu_juni+ls_shisu_juni,kijun_ninkijun_tansho,pace_shisu_juni,ls_shisu_juni,195,33960,70.41,15.35,68.25,False
SURFACE_2_ダ_条件戦,hizume_code+idm_decile+pace_shisu_juni,hizume_code,idm_decile,pace_shisu_juni,180,31833,70.59,16.08,68.24,False
SURFACE_2_ダ_条件戦,kyakushitsu+rotation_bin+kijun_ninkijun_tansho,kyakushitsu,rotation_bin,kijun_ninkijun_tansho,201,52934,70.25,14.76,68.21,False
SURFACE_2_ダ_条件戦,keibajo_code+idm_decile+ten_shisu_juni,keibajo_code,idm_decile,ten_shisu_juni,250,44332,70.16,15.83,68.2,False
SURFACE_2_ダ_条件戦,kyori_kubun+kyakushitsu+kijun_ninkijun_tansho,kyori_kubun,kyakushitsu,kijun_ninkijun_tansho,180,72277,70.5,15.92,68.18,False
SURFACE_2_ダ_条件戦,kyori_tekisei+ichi_shisu_juni+kijun_ninkijun_tansho,kyori_tekisei,ichi_shisu_juni,kijun_ninkijun_tansho,213,46413,70.34,16.11,68.18,False
SURFACE_2_ダ_条件戦,ichi_shisu_juni+tenkai_kigo_code+kijun_ninkijun_tansho,ichi_shisu_juni,tenkai_kigo_code,kijun_ninkijun_tansho,203,50560,70.43,16.34,68.18,False
SURFACE_2_ダ_条件戦,idm_decile+gekiso_juni+ls_shisu_juni,idm_decile,gekiso_juni,ls_shisu_juni,258,54626,70.12,16.19,68.15,False
SURFACE_2_ダ_条件戦,pace_yoso+rotation_bin+sogo_shisu_decile,pace_yoso,rotation_bin,sogo_shisu_decile,121,61137,71.17,16.92,68.15,False
SURFACE_2_ダ_条件戦,keibajo_code+sogo_shisu_decile+kijun_ninkijun_tansho,keibajo_code,sogo_shisu_decile,kijun_ninkijun_tansho,263,52509,70.28,17.73,68.14,False
SURFACE_2_ダ_条件戦,bataiju+tenkai_kigo_code+kijun_ninkijun_tansho,bataiju,tenkai_kigo_code,kijun_ninkijun_tansho,17,1792,73.05,10.32,68.14,False
SURFACE_2_ダ_条件戦,sogo_shisu_decile+ten_shisu_juni+kijun_ninkijun_tansho,sogo_shisu_decile,ten_shisu_juni,kijun_ninkijun_tansho,230,36787,70.35,17.2,68.13,False
SURFACE_2_ダ_条件戦,omo_tekisei_code+ichi_shisu_juni+idm_decile,omo_tekisei_code,ichi_shisu_juni,idm_decile,181,59198,70.29,14.88,68.12,False
SURFACE_2_ダ_条件戦,ichi_shisu_juni+tenkai_kigo_code+ten_shisu_juni,ichi_shisu_juni,tenkai_kigo_code,ten_shisu_juni,167,45599,70.12,13.18,68.12,False
SURFACE_2_ダ_条件戦,hizume_code+idm_decile+gekiso_juni,hizume_code,idm_decile,gekiso_juni,169,31278,70.52,15.89,68.12,False
SURFACE_2_ダ_条件戦,keibajo_code+bataiju_zogen+sogo_shisu_decile,keibajo_code,bataiju_zogen,sogo_shisu_decile,182,32624,70.3,15.09,68.11,False
SURFACE_2_ダ_条件戦,kyori_tekisei+joshodo_code+pace_shisu_juni,kyori_tekisei,joshodo_code,pace_shisu_juni,77,71429,70.95,12.74,68.1,False
SURFACE_2_ダ_条件戦,uma_deokure_bin+bataiju_zogen+idm_decile,uma_deokure_bin,bataiju_zogen,idm_decile,131,53781,70.82,16.02,68.08,False
SURFACE_2_ダ_条件戦,ichi_shisu_juni+sogo_shisu_decile+ls_shisu_juni,ichi_shisu_juni,sogo_shisu_decile,ls_shisu_juni,233,51149,70.1,15.69,68.08,False
SURFACE_2_ダ_条件戦,joshodo_code+bataiju+sogo_shisu_decile,joshodo_code,bataiju,sogo_shisu_decile,254,51551,70.0,15.75,68.06,False
SURFACE_2_ダ_条件戦,keibajo_code+idm_decile+pace_shisu_juni,keibajo_code,idm_decile,pace_shisu_juni,253,45794,69.76,13.84,68.06,False
SURFACE_2_ダ_条件戦,pace_yoso+hizume_code+sogo_shisu_decile,pace_yoso,hizume_code,sogo_shisu_decile,130,54627,70.87,16.39,68.05,False
SURFACE_2_ダ_条件戦,omo_tekisei_code+sogo_shisu_decile+gekiso_juni,omo_tekisei_code,sogo_shisu_decile,gekiso_juni,179,57742,70.32,15.53,68.04,False
SURFACE_2_ダ_条件戦,kyori_tekisei+joshodo_code+kishu_kitai_sanchakunai_ritsu,kyori_tekisei,joshodo_code,kishu_kitai_sanchakunai_ritsu,140,32422,70.19,13.02,68.03,False
SURFACE_2_ダ_条件戦,keibajo_code+kijun_ninkijun_tansho+ls_shisu_juni,keibajo_code,kijun_ninkijun_tansho,ls_shisu_juni,259,53742,69.88,15.17,68.03,False
SURFACE_2_ダ_条件戦,joshodo_code+kyakushitsu+kishu_kitai_sanchakunai_ritsu,joshodo_code,kyakushitsu,kishu_kitai_sanchakunai_ritsu,146,35024,70.33,14.27,68.02,False
SURFACE_2_ダ_条件戦,uma_deokure_bin+rotation_bin+kijun_ninkijun_tansho,uma_deokure_bin,rotation_bin,kijun_ninkijun_tansho,144,54335,70.47,15.05,68.01,False
SURFACE_2_ダ_条件戦,idm_decile+kijun_ninkijun_tansho+ls_shisu_juni,idm_decile,kijun_ninkijun_tansho,ls_shisu_juni,228,60199,70.24,17.26,68.0,False
SURFACE_2_ダ_条件戦,kyori_kubun+manken_shisu_decile+kijun_ninkijun_tansho,kyori_kubun,manken_shisu_decile,kijun_ninkijun_tansho,276,66018,69.94,16.42,68.0,False
SURFACE_2_ダ_条件戦,pace_yoso+kyakushitsu+sogo_shisu_decile,pace_yoso,kyakushitsu,sogo_shisu_decile,94,75502,71.3,16.41,67.99,False
SURFACE_2_ダ_条件戦,manken_shisu_decile+kijun_ninkijun_tansho+gekiso_juni,manken_shisu_decile,kijun_ninkijun_tansho,gekiso_juni,182,25303,70.55,17.61,67.99,False
SURFACE_2_ダ_条件戦,ichi_shisu_juni+idm_decile+tenkai_kigo_code,ichi_shisu_juni,idm_decile,tenkai_kigo_code,199,65888,70.3,16.63,67.99,False
SURFACE_2_ダ_条件戦,uma_start_shisu_decile+bataiju+tenkai_kigo_code,uma_start_shisu_decile,bataiju,tenkai_kigo_code,84,15134,70.6,12.18,67.99,False
SURFACE_2_ダ_条件戦,keibajo_code+joshodo_code+kijun_ninkijun_tansho,keibajo_code,joshodo_code,kijun_ninkijun_tansho,175,69443,70.29,15.6,67.98,False
SURFACE_2_ダ_条件戦,joshodo_code+bataiju_zogen+sogo_shisu_decile,joshodo_code,bataiju_zogen,sogo_shisu_decile,93,59372,71.5,17.34,67.98,False
SURFACE_2_ダ_条件戦,keibajo_code+idm_decile+kijun_ninkijun_tansho,keibajo_code,idm_decile,kijun_ninkijun_tansho,254,52220,70.17,17.77,67.98,False
SURFACE_2_ダ_条件戦,sogo_shisu_decile+kijun_ninkijun_tansho+ls_shisu_juni,sogo_shisu_decile,kijun_ninkijun_tansho,ls_shisu_juni,236,60669,70.17,17.21,67.97,False
SURFACE_2_ダ_条件戦,joshodo_code+rotation_bin+idm_decile,joshodo_code,rotation_bin,idm_decile,49,62240,72.3,15.54,67.95,False
SURFACE_2_ダ_条件戦,keibajo_code+ichi_shisu_juni+sogo_shisu_decile,keibajo_code,ichi_shisu_juni,sogo_shisu_decile,216,39675,69.9,14.61,67.95,False
SURFACE_2_ダ_条件戦,sogo_shisu_decile+tenkai_kigo_code+gekiso_juni,sogo_shisu_decile,tenkai_kigo_code,gekiso_juni,228,63914,70.0,15.82,67.95,False
SURFACE_2_ダ_条件戦,pace_yoso+joshodo_code+tenkai_kigo_code,pace_yoso,joshodo_code,tenkai_kigo_code,23,74839,72.66,11.55,67.94,False
SURFACE_2_ダ_条件戦,rotation_bin+sogo_shisu_decile+ten_shisu_juni,rotation_bin,sogo_shisu_decile,ten_shisu_juni,246,41311,69.96,16.14,67.94,False
SURFACE_2_ダ_条件戦,pace_yoso+bataiju_zogen+sogo_shisu_decile,pace_yoso,bataiju_zogen,sogo_shisu_decile,157,54011,70.53,16.56,67.94,False
SURFACE_2_ダ_条件戦,tenkai_kigo_code+kijun_ninkijun_tansho+pace_shisu_juni,tenkai_kigo_code,kijun_ninkijun_tansho,pace_shisu_juni,240,49904,70.12,17.21,67.94,False
SURFACE_2_ダ_条件戦,joshodo_code+bataiju_zogen+idm_decile,joshodo_code,bataiju_zogen,idm_decile,87,59892,71.28,15.95,67.93,False
SURFACE_2_ダ_条件戦,keibajo_code+manken_shisu_decile+sogo_shisu_decile,keibajo_code,manken_shisu_decile,sogo_shisu_decile,258,54078,69.67,14.37,67.92,False
SURFACE_2_ダ_条件戦,pace_yoso+kijun_ninkijun_tansho+pace_shisu_juni,pace_yoso,kijun_ninkijun_tansho,pace_shisu_juni,275,60245,69.88,16.63,67.92,False
SURFACE_2_ダ_条件戦,pace_yoso+kishu_kitai_sanchakunai_ritsu+kijun_ninkijun_tansho,pace_yoso,kishu_kitai_sanchakunai_ritsu,kijun_ninkijun_tansho,146,24629,70.78,17.71,67.91,False
SURFACE_2_ダ_条件戦,hizume_code+sogo_shisu_decile+kijun_ninkijun_tansho,hizume_code,sogo_shisu_decile,kijun_ninkijun_tansho,189,37518,70.49,18.2,67.89,False
SURFACE_2_ダ_条件戦,uma_deokure_bin+bataiju+sogo_shisu_decile,uma_deokure_bin,bataiju,sogo_shisu_decile,201,28019,69.91,14.62,67.89,False
SURFACE_2_ダ_条件戦,joshodo_code+rotation_bin+sogo_shisu_decile,joshodo_code,rotation_bin,sogo_shisu_decile,56,62315,72.27,16.8,67.87,False
SURFACE_2_ダ_条件戦,idm_decile+ten_shisu_juni+ls_shisu_juni,idm_decile,ten_shisu_juni,ls_shisu_juni,246,52751,69.86,15.92,67.87,False
SURFACE_2_ダ_条件戦,hizume_code+rotation_bin+sogo_shisu_decile,hizume_code,rotation_bin,sogo_shisu_decile,178,45503,70.22,16.05,67.86,False
SURFACE_2_ダ_条件戦,omo_tekisei_code+idm_decile+pace_shisu_juni,omo_tekisei_code,idm_decile,pace_shisu_juni,176,58723,70.24,16.07,67.86,False
SURFACE_2_ダ_条件戦,uma_deokure_bin+bataiju_zogen+kijun_ninkijun_tansho,uma_deokure_bin,bataiju_zogen,kijun_ninkijun_tansho,185,46697,69.96,14.69,67.84,False
SURFACE_2_ダ_条件戦,joshodo_code+kyakushitsu+ls_shisu_juni,joshodo_code,kyakushitsu,ls_shisu_juni,42,74162,71.2,11.2,67.82,False
SURFACE_2_ダ_条件戦,uma_deokure_bin+ichi_shisu_juni+idm_decile,uma_deokure_bin,ichi_shisu_juni,idm_decile,163,56761,70.18,15.48,67.8,False
SURFACE_2_ダ_条件戦,hizume_code+kyakushitsu+sogo_shisu_decile,hizume_code,kyakushitsu,sogo_shisu_decile,156,51393,70.16,15.06,67.8,False
SURFACE_2_ダ_条件戦,sogo_shisu_decile+gekiso_juni+ls_shisu_juni,sogo_shisu_decile,gekiso_juni,ls_shisu_juni,256,52324,69.82,16.5,67.8,False
SURFACE_2_ダ_条件戦,idm_decile+tenkai_kigo_code+pace_shisu_juni,idm_decile,tenkai_kigo_code,pace_shisu_juni,206,66249,70.08,16.7,67.8,False
SURFACE_2_ダ_条件戦,kyakushitsu+tenkai_kigo_code+pace_shisu_juni,kyakushitsu,tenkai_kigo_code,pace_shisu_juni,173,72873,70.17,15.97,67.79,False
SURFACE_2_ダ_条件戦,keibajo_code+hizume_code+kijun_ninkijun_tansho,keibajo_code,hizume_code,kijun_ninkijun_tansho,125,22727,70.3,14.36,67.78,False
SURFACE_2_ダ_条件戦,hizume_code+kijun_ninkijun_tansho+ls_shisu_juni,hizume_code,kijun_ninkijun_tansho,ls_shisu_juni,167,34059,70.12,15.49,67.78,False
SURFACE_2_ダ_条件戦,pace_yoso+rotation_bin+idm_decile,pace_yoso,rotation_bin,idm_decile,107,61291,70.72,15.54,67.78,False
SURFACE_2_ダ_条件戦,kyakushitsu+ichi_shisu_juni+kijun_ninkijun_tansho,kyakushitsu,ichi_shisu_juni,kijun_ninkijun_tansho,254,55452,69.62,14.98,67.78,False
SURFACE_2_ダ_条件戦,hizume_code+ichi_shisu_juni+sogo_shisu_decile,hizume_code,ichi_shisu_juni,sogo_shisu_decile,161,27669,70.22,15.76,67.78,False
SURFACE_2_ダ_条件戦,manken_shisu_decile+omo_tekisei_code+kijun_ninkijun_tansho,manken_shisu_decile,omo_tekisei_code,kijun_ninkijun_tansho,211,55087,70.0,16.5,67.78,False
SURFACE_2_ダ_条件戦,joshodo_code+gekiso_juni+ls_shisu_juni,joshodo_code,gekiso_juni,ls_shisu_juni,154,68416,69.79,12.76,67.78,False
SURFACE_2_ダ_条件戦,hizume_code+sogo_shisu_decile+ten_shisu_juni,hizume_code,sogo_shisu_decile,ten_shisu_juni,169,27851,70.19,16.05,67.77,False
SURFACE_2_ダ_条件戦,pace_yoso+sogo_shisu_decile+kijun_ninkijun_tansho,pace_yoso,sogo_shisu_decile,kijun_ninkijun_tansho,171,72712,70.45,17.89,67.77,False
SURFACE_2_ダ_条件戦,pace_yoso+kyakushitsu+idm_decile,pace_yoso,kyakushitsu,idm_decile,85,75874,71.19,16.06,67.77,False
SURFACE_2_ダ_条件戦,tenkai_kigo_code+ten_shisu_juni+ls_shisu_juni,tenkai_kigo_code,ten_shisu_juni,ls_shisu_juni,224,58462,69.74,14.99,67.77,False
SURFACE_2_ダ_条件戦,hizume_code+bataiju_zogen+sogo_shisu_decile,hizume_code,bataiju_zogen,sogo_shisu_decile,160,32081,70.31,16.42,67.77,False
SURFACE_2_ダ_条件戦,rotation_bin+sogo_shisu_decile+kijun_ninkijun_tansho,rotation_bin,sogo_shisu_decile,kijun_ninkijun_tansho,216,48244,69.99,16.77,67.75,False
SURFACE_2_ダ_条件戦,hizume_code+idm_decile+ten_shisu_juni,hizume_code,idm_decile,ten_shisu_juni,168,29843,70.16,15.97,67.74,False
SURFACE_2_ダ_条件戦,kijun_ninkijun_tansho+gekiso_juni+ls_shisu_juni,kijun_ninkijun_tansho,gekiso_juni,ls_shisu_juni,185,33658,69.92,15.24,67.72,False
SURFACE_2_ダ_条件戦,pace_yoso+idm_decile+kijun_ninkijun_tansho,pace_yoso,idm_decile,kijun_ninkijun_tansho,166,72357,70.46,18.12,67.7,False
SURFACE_2_ダ_条件戦,uma_deokure_bin+hizume_code+sogo_shisu_decile,uma_deokure_bin,hizume_code,sogo_shisu_decile,115,52607,70.74,16.62,67.7,False
SURFACE_2_ダ_条件戦,uma_deokure_bin+ichi_shisu_juni+sogo_shisu_decile,uma_deokure_bin,ichi_shisu_juni,sogo_shisu_decile,176,56095,70.09,16.2,67.7,False
SURFACE_2_ダ_条件戦,kyori_kubun+joshodo_code+ten_shisu_juni,kyori_kubun,joshodo_code,ten_shisu_juni,91,73645,69.95,10.91,67.7,False
SURFACE_2_ダ_条件戦,kyori_kubun+joshodo_code+gekiso_juni,kyori_kubun,joshodo_code,gekiso_juni,104,73972,69.78,10.87,67.69,False
SURFACE_2_ダ_条件戦,keibajo_code+hizume_code+sogo_shisu_decile,keibajo_code,hizume_code,sogo_shisu_decile,190,39976,70.03,16.55,67.68,False
SURFACE_2_ダ_条件戦,omo_tekisei_code+ichi_shisu_juni+sogo_shisu_decile,omo_tekisei_code,ichi_shisu_juni,sogo_shisu_decile,189,57860,69.92,15.66,67.68,False
SURFACE_2_ダ_条件戦,omo_tekisei_code+ichi_shisu_juni+kijun_ninkijun_tansho,omo_tekisei_code,ichi_shisu_juni,kijun_ninkijun_tansho,242,48732,69.6,15.4,67.66,False
SURFACE_2_ダ_条件戦,sogo_shisu_decile+tenkai_kigo_code+pace_shisu_juni,sogo_shisu_decile,tenkai_kigo_code,pace_shisu_juni,214,64818,69.83,16.4,67.63,False
SURFACE_2_ダ_条件戦,ichi_shisu_juni+bataiju+tenkai_kigo_code,ichi_shisu_juni,bataiju,tenkai_kigo_code,43,7215,71.61,13.38,67.62,False
SURFACE_2_ダ_条件戦,kyori_kubun+joshodo_code+ichi_shisu_juni,kyori_kubun,joshodo_code,ichi_shisu_juni,66,73025,70.52,12.0,67.62,False
SURFACE_2_ダ_条件戦,kyakushitsu+idm_decile+ten_shisu_juni,kyakushitsu,idm_decile,ten_shisu_juni,245,67104,69.64,16.11,67.62,False
SURFACE_2_ダ_条件戦,pace_yoso+bataiju_zogen+idm_decile,pace_yoso,bataiju_zogen,idm_decile,149,55288,70.18,15.99,67.62,False
SURFACE_2_ダ_条件戦,omo_tekisei_code+idm_decile+ten_shisu_juni,omo_tekisei_code,idm_decile,ten_shisu_juni,178,58333,69.97,16.04,67.61,False
SURFACE_2_ダ_条件戦,kyakushitsu+bataiju+ls_shisu_juni,kyakushitsu,bataiju,ls_shisu_juni,109,14342,70.37,14.69,67.61,False
SURFACE_2_ダ_条件戦,kyakushitsu+sogo_shisu_decile+pace_shisu_juni,kyakushitsu,sogo_shisu_decile,pace_shisu_juni,258,65816,69.5,15.6,67.6,False
SURFACE_2_ダ_条件戦,ichi_shisu_juni+tenkai_kigo_code+pace_shisu_juni,ichi_shisu_juni,tenkai_kigo_code,pace_shisu_juni,170,47175,69.71,14.24,67.57,False
SURFACE_2_ダ_条件戦,idm_decile+pace_shisu_juni+ls_shisu_juni,idm_decile,pace_shisu_juni,ls_shisu_juni,250,54200,69.44,15.11,67.57,False
SURFACE_2_ダ_条件戦,tenkai_kigo_code+ten_shisu_juni+kijun_ninkijun_tansho,tenkai_kigo_code,ten_shisu_juni,kijun_ninkijun_tansho,246,48968,69.67,16.82,67.57,False
SURFACE_2_ダ_条件戦,hizume_code+idm_decile+kijun_ninkijun_tansho,hizume_code,idm_decile,kijun_ninkijun_tansho,182,36823,70.37,19.45,67.55,False
SURFACE_2_ダ_条件戦,joshodo_code+tenkai_kigo_code+ten_shisu_juni,joshodo_code,tenkai_kigo_code,ten_shisu_juni,93,74003,70.61,15.15,67.54,False
SURFACE_2_ダ_条件戦,manken_shisu_decile+sogo_shisu_decile+ten_shisu_juni,manken_shisu_decile,sogo_shisu_decile,ten_shisu_juni,242,36938,69.48,15.43,67.53,False
SURFACE_2_ダ_条件戦,kyakushitsu+idm_decile+pace_shisu_juni,kyakushitsu,idm_decile,pace_shisu_juni,249,67855,69.47,15.89,67.5,False
SURFACE_2_ダ_条件戦,omo_tekisei_code+sogo_shisu_decile+pace_shisu_juni,omo_tekisei_code,sogo_shisu_decile,pace_shisu_juni,184,57487,69.83,16.24,67.49,False
SURFACE_2_ダ_条件戦,manken_shirushi+kyori_kubun+kishu_kitai_sanchakunai_ritsu,manken_shirushi,kyori_kubun,kishu_kitai_sanchakunai_ritsu,9,1076,77.78,15.75,67.49,False
SURFACE_2_ダ_条件戦,joshodo_code+sogo_shisu_decile+ten_shisu_juni,joshodo_code,sogo_shisu_decile,ten_shisu_juni,134,72513,70.22,16.2,67.48,False
SURFACE_2_ダ_条件戦,pace_yoso+bataiju+sogo_shisu_decile,pace_yoso,bataiju,sogo_shisu_decile,255,38021,69.13,13.6,67.47,False
SURFACE_2_ダ_条件戦,kyori_kubun+kijun_ninkijun_tansho+pace_shisu_juni,kyori_kubun,kijun_ninkijun_tansho,pace_shisu_juni,285,55486,69.26,15.38,67.47,False
SURFACE_2_ダ_条件戦,hizume_code+sogo_shisu_decile+ls_shisu_juni,hizume_code,sogo_shisu_decile,ls_shisu_juni,173,43788,69.84,15.97,67.46,False
SURFACE_2_ダ_条件戦,uma_start_shisu_decile+ichi_shisu_juni+sogo_shisu_decile,uma_start_shisu_decile,ichi_shisu_juni,sogo_shisu_decile,201,37579,69.59,15.48,67.45,False
SURFACE_2_ダ_条件戦,kyakushitsu+ichi_shisu_juni+idm_decile,kyakushitsu,ichi_shisu_juni,idm_decile,204,68623,69.6,15.82,67.43,False
SURFACE_2_ダ_条件戦,kyakushitsu+sogo_shisu_decile+ten_shisu_juni,kyakushitsu,sogo_shisu_decile,ten_shisu_juni,254,64994,69.38,15.86,67.43,False
SURFACE_2_ダ_条件戦,kyori_kubun+sogo_shisu_decile+gekiso_juni,kyori_kubun,sogo_shisu_decile,gekiso_juni,246,70186,69.33,15.31,67.42,False
SURFACE_2_ダ_条件戦,hizume_code+manken_shisu_decile+sogo_shisu_decile,hizume_code,manken_shisu_decile,sogo_shisu_decile,188,37213,69.68,15.82,67.42,False
SURFACE_2_ダ_条件戦,pace_yoso+manken_shisu_decile+joshodo_code,pace_yoso,manken_shisu_decile,joshodo_code,46,72957,70.81,11.81,67.4,False
SURFACE_2_ダ_条件戦,kyori_kubun+joshodo_code+kijun_ninkijun_tansho,kyori_kubun,joshodo_code,kijun_ninkijun_tansho,96,73690,70.59,16.03,67.39,False
SURFACE_2_ダ_条件戦,sogo_shisu_decile+pace_shisu_juni+ls_shisu_juni,sogo_shisu_decile,pace_shisu_juni,ls_shisu_juni,243,51292,69.36,15.69,67.38,False
SURFACE_2_ダ_条件戦,manken_shisu_decile+idm_decile+gekiso_juni,manken_shisu_decile,idm_decile,gekiso_juni,312,53763,69.17,16.18,67.37,False
SURFACE_2_ダ_条件戦,joshodo_code+idm_decile+pace_shisu_juni,joshodo_code,idm_decile,pace_shisu_juni,118,72790,70.09,15.26,67.34,False
SURFACE_2_ダ_条件戦,kyakushitsu+sogo_shisu_decile+kijun_ninkijun_tansho,kyakushitsu,sogo_shisu_decile,kijun_ninkijun_tansho,230,68039,69.47,16.49,67.34,False
SURFACE_2_ダ_条件戦,uma_deokure_bin+bataiju_zogen+sogo_shisu_decile,uma_deokure_bin,bataiju_zogen,sogo_shisu_decile,141,52794,70.15,17.08,67.33,False
SURFACE_2_ダ_条件戦,kyori_kubun+idm_decile+gekiso_juni,kyori_kubun,idm_decile,gekiso_juni,229,70972,69.27,15.09,67.32,False
SURFACE_2_ダ_条件戦,omo_tekisei_code+ten_shisu_juni+kijun_ninkijun_tansho,omo_tekisei_code,ten_shisu_juni,kijun_ninkijun_tansho,258,49135,69.22,15.63,67.31,False
SURFACE_2_ダ_条件戦,joshodo_code+sogo_shisu_decile+pace_shisu_juni,joshodo_code,sogo_shisu_decile,pace_shisu_juni,131,72645,70.11,16.39,67.31,False
SURFACE_2_ダ_条件戦,manken_shisu_decile+joshodo_code+kijun_ninkijun_tansho,manken_shisu_decile,joshodo_code,kijun_ninkijun_tansho,177,69848,69.86,17.34,67.3,False
SURFACE_2_ダ_条件戦,uma_deokure_bin+ten_shisu_juni+kijun_ninkijun_tansho,uma_deokure_bin,ten_shisu_juni,kijun_ninkijun_tansho,250,47651,69.21,15.61,67.27,False
SURFACE_2_ダ_条件戦,manken_shisu_decile+kyakushitsu+kijun_ninkijun_tansho,manken_shisu_decile,kyakushitsu,kijun_ninkijun_tansho,319,60080,69.13,16.93,67.27,False
SURFACE_2_ダ_条件戦,manken_shisu_decile+sogo_shisu_decile+pace_shisu_juni,manken_shisu_decile,sogo_shisu_decile,pace_shisu_juni,262,40276,69.01,14.64,67.24,False
SURFACE_2_ダ_条件戦,sogo_shisu_decile+ten_shisu_juni+ls_shisu_juni,sogo_shisu_decile,ten_shisu_juni,ls_shisu_juni,242,49979,69.29,16.4,67.23,False
SURFACE_2_ダ_条件戦,uma_start_shisu_decile+bataiju+idm_decile,uma_start_shisu_decile,bataiju,idm_decile,62,7511,70.61,13.59,67.23,False
SURFACE_2_ダ_条件戦,joshodo_code+ichi_shisu_juni+tenkai_kigo_code,joshodo_code,ichi_shisu_juni,tenkai_kigo_code,79,74006,70.55,15.14,67.21,False
SURFACE_2_ダ_条件戦,kyori_kubun+kishu_kitai_sanchakunai_ritsu+kijun_ninkijun_tansho,kyori_kubun,kishu_kitai_sanchakunai_ritsu,kijun_ninkijun_tansho,131,20269,70.01,16.43,67.2,False
SURFACE_2_ダ_条件戦,kyori_kubun+idm_decile+pace_shisu_juni,kyori_kubun,idm_decile,pace_shisu_juni,220,70563,69.2,15.12,67.2,False
SURFACE_2_ダ_条件戦,joshodo_code+idm_decile+ten_shisu_juni,joshodo_code,idm_decile,ten_shisu_juni,120,72644,69.96,15.38,67.2,False
SURFACE_2_ダ_条件戦,kyori_kubun+joshodo_code+pace_shisu_juni,kyori_kubun,joshodo_code,pace_shisu_juni,90,73559,69.35,10.43,67.19,False
SURFACE_2_ダ_条件戦,pace_yoso+ichi_shisu_juni+kishu_kitai_sanchakunai_ritsu,pace_yoso,ichi_shisu_juni,kishu_kitai_sanchakunai_ritsu,27,5118,72.56,14.25,67.18,False
SURFACE_2_ダ_条件戦,rotation_bin+bataiju_zogen+sogo_shisu_decile,rotation_bin,bataiju_zogen,sogo_shisu_decile,194,42792,69.52,16.68,67.17,False
SURFACE_2_ダ_条件戦,pace_yoso+idm_decile+pace_shisu_juni,pace_yoso,idm_decile,pace_shisu_juni,189,71205,69.42,15.87,67.16,False
SURFACE_2_ダ_条件戦,pace_yoso+omo_tekisei_code+kishu_kitai_sanchakunai_ritsu,pace_yoso,omo_tekisei_code,kishu_kitai_sanchakunai_ritsu,111,24954,69.83,14.36,67.16,False
SURFACE_2_ダ_条件戦,sogo_shisu_decile+tenkai_kigo_code+ten_shisu_juni,sogo_shisu_decile,tenkai_kigo_code,ten_shisu_juni,216,63039,69.32,16.17,67.16,False
SURFACE_2_ダ_条件戦,omo_tekisei_code+kijun_ninkijun_tansho+pace_shisu_juni,omo_tekisei_code,kijun_ninkijun_tansho,pace_shisu_juni,247,49216,69.12,15.82,67.15,False
SURFACE_2_ダ_条件戦,kyori_kubun+sogo_shisu_decile+pace_shisu_juni,kyori_kubun,sogo_shisu_decile,pace_shisu_juni,236,69495,69.05,14.96,67.14,False
SURFACE_2_ダ_条件戦,pace_yoso+joshodo_code+kijun_ninkijun_tansho,pace_yoso,joshodo_code,kijun_ninkijun_tansho,60,72601,71.1,15.76,67.11,False
SURFACE_2_ダ_条件戦,uma_start_shisu_decile+sogo_shisu_decile+pace_shisu_juni,uma_start_shisu_decile,sogo_shisu_decile,pace_shisu_juni,202,36445,69.2,15.18,67.1,False
SURFACE_2_ダ_条件戦,pace_yoso+ten_shisu_juni+kijun_ninkijun_tansho,pace_yoso,ten_shisu_juni,kijun_ninkijun_tansho,276,59318,69.0,16.36,67.07,False
SURFACE_2_ダ_条件戦,uma_deokure_bin+ichi_shisu_juni+kijun_ninkijun_tansho,uma_deokure_bin,ichi_shisu_juni,kijun_ninkijun_tansho,223,47275,68.94,14.41,67.05,False
SURFACE_2_ダ_条件戦,pace_yoso+sogo_shisu_decile+pace_shisu_juni,pace_yoso,sogo_shisu_decile,pace_shisu_juni,207,70560,69.29,16.49,67.05,False
SURFACE_2_ダ_条件戦,joshodo_code+kijun_ninkijun_tansho+gekiso_juni,joshodo_code,kijun_ninkijun_tansho,gekiso_juni,172,59779,69.11,13.78,67.05,False
SURFACE_2_ダ_条件戦,bataiju+sogo_shisu_decile+idm_decile,bataiju,sogo_shisu_decile,idm_decile,256,49150,68.9,15.15,67.05,False
SURFACE_2_ダ_条件戦,joshodo_code+ichi_shisu_juni+kijun_ninkijun_tansho,joshodo_code,ichi_shisu_juni,kijun_ninkijun_tansho,186,68519,69.11,14.44,67.04,False
SURFACE_2_ダ_条件戦,uma_start_shisu_decile+keibajo_code+kijun_ninkijun_tansho,uma_start_shisu_decile,keibajo_code,kijun_ninkijun_tansho,137,26122,69.63,15.53,67.03,False
SURFACE_2_ダ_条件戦,hizume_code+sogo_shisu_decile+gekiso_juni,hizume_code,sogo_shisu_decile,gekiso_juni,166,29343,69.45,16.03,67.01,False
SURFACE_2_ダ_条件戦,joshodo_code+ichi_shisu_juni+sogo_shisu_decile,joshodo_code,ichi_shisu_juni,sogo_shisu_decile,119,72611,70.07,17.15,66.99,False
SURFACE_2_ダ_条件戦,pace_yoso+idm_decile+gekiso_juni,pace_yoso,idm_decile,gekiso_juni,201,72237,69.16,15.85,66.97,False
SURFACE_2_ダ_条件戦,kyori_kubun+ichi_shisu_juni+sogo_shisu_decile,kyori_kubun,ichi_shisu_juni,sogo_shisu_decile,236,68650,69.01,16.16,66.95,False
SURFACE_2_ダ_条件戦,uma_deokure_bin+idm_decile+pace_shisu_juni,uma_deokure_bin,idm_decile,pace_shisu_juni,159,56536,69.35,15.48,66.94,False
SURFACE_2_ダ_条件戦,joshodo_code+rotation_bin+kishu_kitai_sanchakunai_ritsu,joshodo_code,rotation_bin,kishu_kitai_sanchakunai_ritsu,123,24193,69.67,15.45,66.94,False
SURFACE_2_ダ_条件戦,uma_start_shisu_decile+sogo_shisu_decile+gekiso_juni,uma_start_shisu_decile,sogo_shisu_decile,gekiso_juni,208,37010,69.06,15.73,66.93,False
SURFACE_2_ダ_条件戦,keibajo_code+idm_decile+gekiso_juni,keibajo_code,idm_decile,gekiso_juni,276,46728,68.79,15.76,66.93,False
SURFACE_2_ダ_条件戦,uma_deokure_bin+idm_decile+ten_shisu_juni,uma_deokure_bin,idm_decile,ten_shisu_juni,168,56804,69.39,16.29,66.93,False
SURFACE_2_ダ_条件戦,uma_deokure_bin+omo_tekisei_code+kishu_kitai_sanchakunai_ritsu,uma_deokure_bin,omo_tekisei_code,kishu_kitai_sanchakunai_ritsu,109,25442,69.46,13.46,66.93,False
SURFACE_2_ダ_条件戦,tenkai_kigo_code+ten_shisu_juni+pace_shisu_juni,tenkai_kigo_code,ten_shisu_juni,pace_shisu_juni,191,49314,68.92,14.03,66.93,False
SURFACE_2_ダ_条件戦,kyori_tekisei+manken_shisu_decile+bataiju,kyori_tekisei,manken_shisu_decile,bataiju,130,17194,68.83,11.2,66.91,False
SURFACE_2_ダ_条件戦,kyori_kubun+ichi_shisu_juni+idm_decile,kyori_kubun,ichi_shisu_juni,idm_decile,221,69908,68.97,15.93,66.87,False
SURFACE_2_ダ_条件戦,rotation_bin+idm_decile+kijun_ninkijun_tansho,rotation_bin,idm_decile,kijun_ninkijun_tansho,205,47285,69.14,16.58,66.87,False
SURFACE_2_ダ_条件戦,kyori_tekisei+omo_tekisei_code+kishu_kitai_sanchakunai_ritsu,kyori_tekisei,omo_tekisei_code,kishu_kitai_sanchakunai_ritsu,101,17942,69.92,15.63,66.87,False
SURFACE_2_ダ_条件戦,joshodo_code+sogo_shisu_decile+gekiso_juni,joshodo_code,sogo_shisu_decile,gekiso_juni,150,71080,69.27,15.04,66.86,False
SURFACE_2_ダ_条件戦,kyakushitsu+idm_decile+kijun_ninkijun_tansho,kyakushitsu,idm_decile,kijun_ninkijun_tansho,226,68056,68.99,16.5,66.84,False
SURFACE_2_ダ_条件戦,kyori_kubun+idm_decile+ten_shisu_juni,kyori_kubun,idm_decile,ten_shisu_juni,232,70840,68.84,15.59,66.83,False
SURFACE_2_ダ_条件戦,joshodo_code+kyakushitsu+ichi_shisu_juni,joshodo_code,kyakushitsu,ichi_shisu_juni,58,73830,69.93,12.04,66.83,False
SURFACE_2_ダ_条件戦,joshodo_code+idm_decile+gekiso_juni,joshodo_code,idm_decile,gekiso_juni,141,71973,69.16,14.18,66.82,False
SURFACE_2_ダ_条件戦,kyakushitsu+idm_decile+gekiso_juni,kyakushitsu,idm_decile,gekiso_juni,287,66976,68.63,15.7,66.82,False
SURFACE_2_ダ_条件戦,pace_yoso+ichi_shisu_juni+kijun_ninkijun_tansho,pace_yoso,ichi_shisu_juni,kijun_ninkijun_tansho,257,59924,68.63,14.93,66.81,False
SURFACE_2_ダ_条件戦,joshodo_code+ichi_shisu_juni+idm_decile,joshodo_code,ichi_shisu_juni,idm_decile,107,72642,69.81,16.12,66.76,False
SURFACE_2_ダ_条件戦,pace_yoso+ichi_shisu_juni+idm_decile,pace_yoso,ichi_shisu_juni,idm_decile,196,71407,69.04,16.36,66.75,False
SURFACE_2_ダ_条件戦,manken_shisu_decile+sogo_shisu_decile+gekiso_juni,manken_shisu_decile,sogo_shisu_decile,gekiso_juni,310,50521,68.52,15.89,66.75,False
SURFACE_2_ダ_条件戦,kyakushitsu+sogo_shisu_decile+gekiso_juni,kyakushitsu,sogo_shisu_decile,gekiso_juni,291,64207,68.56,16.11,66.71,False
SURFACE_2_ダ_条件戦,omo_tekisei_code+sogo_shisu_decile+ten_shisu_juni,omo_tekisei_code,sogo_shisu_decile,ten_shisu_juni,195,57727,69.04,16.68,66.7,False
SURFACE_2_ダ_条件戦,joshodo_code+kishu_kitai_sanchakunai_ritsu+idm_decile,joshodo_code,kishu_kitai_sanchakunai_ritsu,idm_decile,133,29200,69.34,15.61,66.69,False
SURFACE_2_ダ_条件戦,uma_deokure_bin+idm_decile+gekiso_juni,uma_deokure_bin,idm_decile,gekiso_juni,164,56938,69.13,15.9,66.69,False
SURFACE_2_ダ_条件戦,keibajo_code+sogo_shisu_decile+pace_shisu_juni,keibajo_code,sogo_shisu_decile,pace_shisu_juni,246,42034,68.46,14.27,66.68,False
SURFACE_2_ダ_条件戦,kyakushitsu+ichi_shisu_juni+sogo_shisu_decile,kyakushitsu,ichi_shisu_juni,sogo_shisu_decile,215,67236,68.87,16.51,66.66,False
SURFACE_2_ダ_条件戦,bataiju+idm_decile+tenkai_kigo_code,bataiju,idm_decile,tenkai_kigo_code,194,30279,68.8,15.24,66.66,False
SURFACE_2_ダ_条件戦,tenkai_kigo_code+kijun_ninkijun_tansho+gekiso_juni,tenkai_kigo_code,kijun_ninkijun_tansho,gekiso_juni,245,47742,68.72,16.54,66.65,False
SURFACE_2_ダ_条件戦,uma_deokure_bin+pace_yoso+kishu_kitai_sanchakunai_ritsu,uma_deokure_bin,pace_yoso,kishu_kitai_sanchakunai_ritsu,105,23309,69.43,14.57,66.64,False
SURFACE_2_ダ_条件戦,joshodo_code+kishu_kitai_sanchakunai_ritsu+ls_shisu_juni,joshodo_code,kishu_kitai_sanchakunai_ritsu,ls_shisu_juni,109,24928,69.37,14.51,66.64,False
SURFACE_2_ダ_条件戦,pace_yoso+sogo_shisu_decile+gekiso_juni,pace_yoso,sogo_shisu_decile,gekiso_juni,211,71006,68.76,15.81,66.63,False
SURFACE_2_ダ_条件戦,kyori_kubun+kijun_ninkijun_tansho+gekiso_juni,kyori_kubun,kijun_ninkijun_tansho,gekiso_juni,284,55646,68.34,14.97,66.59,False
SURFACE_2_ダ_条件戦,omo_tekisei_code+kijun_ninkijun_tansho+gekiso_juni,omo_tekisei_code,kijun_ninkijun_tansho,gekiso_juni,231,49335,68.49,14.84,66.58,False
SURFACE_2_ダ_条件戦,kyori_kubun+kyori_tekisei+kishu_kitai_sanchakunai_ritsu,kyori_kubun,kyori_tekisei,kishu_kitai_sanchakunai_ritsu,120,24287,68.98,13.36,66.58,False
SURFACE_2_ダ_条件戦,kyori_kubun+bataiju+sogo_shisu_decile,kyori_kubun,bataiju,sogo_shisu_decile,195,26331,68.62,14.55,66.58,False
SURFACE_2_ダ_条件戦,manken_shirushi+manken_shisu_decile+kishu_kitai_sanchakunai_ritsu,manken_shirushi,manken_shisu_decile,kishu_kitai_sanchakunai_ritsu,4,547,73.84,7.41,66.57,False
SURFACE_2_ダ_条件戦,uma_deokure_bin+manken_shisu_decile+kijun_ninkijun_tansho,uma_deokure_bin,manken_shisu_decile,kijun_ninkijun_tansho,199,53433,68.76,15.9,66.55,False
SURFACE_2_ダ_条件戦,uma_deokure_bin+kijun_ninkijun_tansho+pace_shisu_juni,uma_deokure_bin,kijun_ninkijun_tansho,pace_shisu_juni,243,47719,68.64,16.67,66.54,False
SURFACE_2_ダ_条件戦,pace_yoso+kijun_ninkijun_tansho+gekiso_juni,pace_yoso,kijun_ninkijun_tansho,gekiso_juni,268,59849,68.33,15.14,66.52,False
SURFACE_2_ダ_条件戦,manken_shisu_decile+idm_decile+kijun_ninkijun_tansho,manken_shisu_decile,idm_decile,kijun_ninkijun_tansho,287,55768,68.5,17.26,66.5,False
SURFACE_2_ダ_条件戦,hizume_code+sogo_shisu_decile+pace_shisu_juni,hizume_code,sogo_shisu_decile,pace_shisu_juni,169,28739,68.87,15.77,66.49,False
SURFACE_2_ダ_条件戦,omo_tekisei_code+kishu_kitai_sanchakunai_ritsu+kijun_ninkijun_tansho,omo_tekisei_code,kishu_kitai_sanchakunai_ritsu,kijun_ninkijun_tansho,113,18802,69.36,15.81,66.45,False
SURFACE_2_ダ_条件戦,uma_deokure_bin+sogo_shisu_decile+pace_shisu_juni,uma_deokure_bin,sogo_shisu_decile,pace_shisu_juni,175,56097,68.86,16.28,66.45,False
SURFACE_2_ダ_条件戦,manken_shisu_decile+sogo_shisu_decile+kijun_ninkijun_tansho,manken_shisu_decile,sogo_shisu_decile,kijun_ninkijun_tansho,290,55600,68.42,17.43,66.42,False
SURFACE_2_ダ_条件戦,kyori_kubun+sogo_shisu_decile+ten_shisu_juni,kyori_kubun,sogo_shisu_decile,ten_shisu_juni,253,70013,68.41,16.11,66.42,False
SURFACE_2_ダ_条件戦,joshodo_code+tenkai_kigo_code+pace_shisu_juni,joshodo_code,tenkai_kigo_code,pace_shisu_juni,91,74052,69.63,15.6,66.42,False
SURFACE_2_ダ_条件戦,uma_deokure_bin+sogo_shisu_decile+ten_shisu_juni,uma_deokure_bin,sogo_shisu_decile,ten_shisu_juni,183,56073,68.83,16.75,66.41,False
SURFACE_2_ダ_条件戦,pace_yoso+keibajo_code+joshodo_code,pace_yoso,keibajo_code,joshodo_code,49,74109,69.85,12.47,66.36,False
SURFACE_2_ダ_条件戦,joshodo_code+kyakushitsu+ten_shisu_juni,joshodo_code,kyakushitsu,ten_shisu_juni,74,74205,68.98,11.46,66.36,False
SURFACE_2_ダ_条件戦,ichi_shisu_juni+sogo_shisu_decile+tenkai_kigo_code,ichi_shisu_juni,sogo_shisu_decile,tenkai_kigo_code,200,63640,68.74,17.17,66.36,False
SURFACE_2_ダ_条件戦,kyori_kubun+omo_tekisei_code+kishu_kitai_sanchakunai_ritsu,kyori_kubun,omo_tekisei_code,kishu_kitai_sanchakunai_ritsu,117,23236,68.78,13.36,66.35,False
SURFACE_2_ダ_条件戦,joshodo_code+kyakushitsu+pace_shisu_juni,joshodo_code,kyakushitsu,pace_shisu_juni,72,74016,69.06,11.8,66.34,False
SURFACE_2_ダ_条件戦,joshodo_code+ten_shisu_juni+kijun_ninkijun_tansho,joshodo_code,ten_shisu_juni,kijun_ninkijun_tansho,222,66784,68.14,13.83,66.33,False
SURFACE_2_ダ_条件戦,uma_start_shisu_decile+sogo_shisu_decile+ten_shisu_juni,uma_start_shisu_decile,sogo_shisu_decile,ten_shisu_juni,198,35513,68.4,15.33,66.27,False
SURFACE_2_ダ_条件戦,keibajo_code+sogo_shisu_decile+ten_shisu_juni,keibajo_code,sogo_shisu_decile,ten_shisu_juni,237,39977,68.22,15.76,66.22,False
SURFACE_2_ダ_条件戦,manken_shisu_decile+ichi_shisu_juni+sogo_shisu_decile,manken_shisu_decile,ichi_shisu_juni,sogo_shisu_decile,215,36324,68.36,16.12,66.21,False
SURFACE_2_ダ_条件戦,pace_yoso+sogo_shisu_decile+ten_shisu_juni,pace_yoso,sogo_shisu_decile,ten_shisu_juni,218,70629,68.44,16.96,66.19,False
SURFACE_2_ダ_条件戦,joshodo_code+kishu_kitai_sanchakunai_ritsu+tenkai_kigo_code,joshodo_code,kishu_kitai_sanchakunai_ritsu,tenkai_kigo_code,125,32196,68.45,13.05,66.17,False
SURFACE_2_ダ_条件戦,uma_deokure_bin+sogo_shisu_decile+gekiso_juni,uma_deokure_bin,sogo_shisu_decile,gekiso_juni,174,56233,68.58,16.33,66.15,False
SURFACE_2_ダ_条件戦,pace_yoso+ichi_shisu_juni+sogo_shisu_decile,pace_yoso,ichi_shisu_juni,sogo_shisu_decile,210,70395,68.42,17.11,66.11,False
SURFACE_2_ダ_条件戦,keibajo_code+sogo_shisu_decile+gekiso_juni,keibajo_code,sogo_shisu_decile,gekiso_juni,277,43800,68.06,16.64,66.1,False
SURFACE_2_ダ_条件戦,bataiju+sogo_shisu_decile+tenkai_kigo_code,bataiju,sogo_shisu_decile,tenkai_kigo_code,164,25931,68.26,14.18,66.09,False
SURFACE_2_ダ_条件戦,omo_tekisei_code+kishu_kitai_sanchakunai_ritsu+tenkai_kigo_code,omo_tekisei_code,kishu_kitai_sanchakunai_ritsu,tenkai_kigo_code,78,18788,69.11,13.64,66.08,False
SURFACE_2_ダ_条件戦,uma_start_shisu_decile+bataiju+ls_shisu_juni,uma_start_shisu_decile,bataiju,ls_shisu_juni,37,5452,69.61,11.1,66.04,False
SURFACE_2_ダ_条件戦,pace_yoso+joshodo_code+sogo_shisu_decile,pace_yoso,joshodo_code,sogo_shisu_decile,38,74184,71.63,17.75,65.99,False
SURFACE_2_ダ_条件戦,pace_yoso+joshodo_code+pace_shisu_juni,pace_yoso,joshodo_code,pace_shisu_juni,63,73108,69.32,13.59,65.96,False
SURFACE_2_ダ_条件戦,joshodo_code+kishu_kitai_sanchakunai_ritsu+sogo_shisu_decile,joshodo_code,kishu_kitai_sanchakunai_ritsu,sogo_shisu_decile,130,29142,68.61,15.43,65.96,False
SURFACE_2_ダ_条件戦,kishu_kitai_sanchakunai_ritsu+sogo_shisu_decile+idm_decile,kishu_kitai_sanchakunai_ritsu,sogo_shisu_decile,idm_decile,113,27635,68.69,14.91,65.94,False
SURFACE_2_ダ_条件戦,pace_yoso+idm_decile+ten_shisu_juni,pace_yoso,idm_decile,ten_shisu_juni,200,71504,68.24,16.79,65.92,False
SURFACE_2_ダ_条件戦,ichi_shisu_juni+bataiju+ls_shisu_juni,ichi_shisu_juni,bataiju,ls_shisu_juni,21,2611,71.16,12.28,65.91,False
SURFACE_2_ダ_条件戦,joshodo_code+kijun_ninkijun_tansho+pace_shisu_juni,joshodo_code,kijun_ninkijun_tansho,pace_shisu_juni,213,66194,67.88,14.93,65.87,False
SURFACE_2_ダ_条件戦,hizume_code+joshodo_code+kishu_kitai_sanchakunai_ritsu,hizume_code,joshodo_code,kishu_kitai_sanchakunai_ritsu,96,18658,68.67,14.39,65.79,False
SURFACE_2_ダ_条件戦,rotation_bin+kishu_kitai_sanchakunai_ritsu+kijun_ninkijun_tansho,rotation_bin,kishu_kitai_sanchakunai_ritsu,kijun_ninkijun_tansho,23,2809,71.41,13.83,65.76,False
SURFACE_2_ダ_条件戦,pace_yoso+kyori_kubun+kishu_kitai_sanchakunai_ritsu,pace_yoso,kyori_kubun,kishu_kitai_sanchakunai_ritsu,139,28831,68.07,13.98,65.75,False
SURFACE_2_ダ_条件戦,uma_deokure_bin+kijun_ninkijun_tansho+gekiso_juni,uma_deokure_bin,kijun_ninkijun_tansho,gekiso_juni,220,47392,67.71,15.06,65.72,False
SURFACE_2_ダ_条件戦,uma_deokure_bin+kishu_kitai_sanchakunai_ritsu+kijun_ninkijun_tansho,uma_deokure_bin,kishu_kitai_sanchakunai_ritsu,kijun_ninkijun_tansho,114,18336,68.45,15.32,65.64,False
SURFACE_2_ダ_条件戦,kyakushitsu+omo_tekisei_code+kishu_kitai_sanchakunai_ritsu,kyakushitsu,omo_tekisei_code,kishu_kitai_sanchakunai_ritsu,113,20774,68.47,16.0,65.52,False
SURFACE_2_ダ_条件戦,pace_yoso+kyori_tekisei+kishu_kitai_sanchakunai_ritsu,pace_yoso,kyori_tekisei,kishu_kitai_sanchakunai_ritsu,109,22903,68.22,14.48,65.5,False
SURFACE_2_ダ_条件戦,kishu_kitai_sanchakunai_ritsu+tenkai_kigo_code+ten_shisu_juni,kishu_kitai_sanchakunai_ritsu,tenkai_kigo_code,ten_shisu_juni,5,529,77.56,13.81,65.45,False
SURFACE_2_ダ_条件戦,bataiju+tenkai_kigo_code+ls_shisu_juni,bataiju,tenkai_kigo_code,ls_shisu_juni,122,20652,67.46,12.2,65.3,False
SURFACE_2_ダ_条件戦,idm_decile+kijun_ninkijun_tansho+gekiso_juni,idm_decile,kijun_ninkijun_tansho,gekiso_juni,251,39994,67.38,17.56,65.21,False
SURFACE_2_ダ_条件戦,pace_yoso+joshodo_code+idm_decile,pace_yoso,joshodo_code,idm_decile,34,74281,71.13,17.71,65.18,False
SURFACE_2_ダ_条件戦,pace_yoso+joshodo_code+ichi_shisu_juni,pace_yoso,joshodo_code,ichi_shisu_juni,56,73752,68.43,12.66,65.12,False
SURFACE_2_ダ_条件戦,uma_start_shisu_decile+manken_shisu_decile+kijun_ninkijun_tansho,uma_start_shisu_decile,manken_shisu_decile,kijun_ninkijun_tansho,146,25509,67.93,17.39,65.11,False
SURFACE_2_ダ_条件戦,sogo_shisu_decile+kijun_ninkijun_tansho+gekiso_juni,sogo_shisu_decile,kijun_ninkijun_tansho,gekiso_juni,251,39665,67.18,17.84,64.98,False
SURFACE_2_ダ_条件戦,pace_yoso+joshodo_code+ls_shisu_juni,pace_yoso,joshodo_code,ls_shisu_juni,39,73618,69.06,13.15,64.94,False
SURFACE_2_ダ_条件戦,pace_yoso+joshodo_code+gekiso_juni,pace_yoso,joshodo_code,gekiso_juni,67,73272,67.76,11.82,64.93,False
SURFACE_2_ダ_条件戦,kyakushitsu+bataiju+sogo_shisu_decile,kyakushitsu,bataiju,sogo_shisu_decile,115,14092,67.82,15.95,64.9,False
SURFACE_2_ダ_条件戦,kyakushitsu+ichi_shisu_juni+kishu_kitai_sanchakunai_ritsu,kyakushitsu,ichi_shisu_juni,kishu_kitai_sanchakunai_ritsu,21,4080,71.02,14.42,64.85,False
SURFACE_2_ダ_条件戦,pace_yoso+kyakushitsu+kishu_kitai_sanchakunai_ritsu,pace_yoso,kyakushitsu,kishu_kitai_sanchakunai_ritsu,130,23430,67.35,15.38,64.71,False
SURFACE_2_ダ_条件戦,kyori_kubun+kyakushitsu+kishu_kitai_sanchakunai_ritsu,kyori_kubun,kyakushitsu,kishu_kitai_sanchakunai_ritsu,110,17801,67.6,15.62,64.68,False
SURFACE_2_ダ_条件戦,kyori_tekisei+bataiju+idm_decile,kyori_tekisei,bataiju,idm_decile,172,28610,66.68,13.52,64.66,False
SURFACE_2_ダ_条件戦,uma_deokure_bin+kyori_kubun+kishu_kitai_sanchakunai_ritsu,uma_deokure_bin,kyori_kubun,kishu_kitai_sanchakunai_ritsu,114,22070,67.34,14.79,64.63,False
SURFACE_2_ダ_条件戦,kyakushitsu+kishu_kitai_sanchakunai_ritsu+kijun_ninkijun_tansho,kyakushitsu,kishu_kitai_sanchakunai_ritsu,kijun_ninkijun_tansho,84,11178,68.04,16.2,64.57,False
SURFACE_2_ダ_条件戦,pace_yoso+joshodo_code+ten_shisu_juni,pace_yoso,joshodo_code,ten_shisu_juni,66,73453,68.06,14.51,64.56,False
SURFACE_2_ダ_条件戦,kyori_tekisei+bataiju+ls_shisu_juni,kyori_tekisei,bataiju,ls_shisu_juni,130,22103,66.79,13.48,64.47,False
SURFACE_2_ダ_条件戦,keibajo_code+joshodo_code+kishu_kitai_sanchakunai_ritsu,keibajo_code,joshodo_code,kishu_kitai_sanchakunai_ritsu,125,19589,66.9,13.93,64.46,False
SURFACE_2_ダ_条件戦,pace_yoso+kishu_kitai_sanchakunai_ritsu+tenkai_kigo_code,pace_yoso,kishu_kitai_sanchakunai_ritsu,tenkai_kigo_code,97,22672,67.22,14.1,64.41,False
SURFACE_2_ダ_条件戦,ichi_shisu_juni+kishu_kitai_sanchakunai_ritsu+kijun_ninkijun_tansho,ichi_shisu_juni,kishu_kitai_sanchakunai_ritsu,kijun_ninkijun_tansho,16,1946,72.03,15.63,64.37,False
SURFACE_2_ダ_条件戦,pace_yoso+kyori_kubun+joshodo_code,pace_yoso,kyori_kubun,joshodo_code,24,74991,69.18,12.08,64.34,False
SURFACE_2_ダ_条件戦,kyakushitsu+kishu_kitai_sanchakunai_ritsu+tenkai_kigo_code,kyakushitsu,kishu_kitai_sanchakunai_ritsu,tenkai_kigo_code,107,22893,67.38,16.12,64.33,False
SURFACE_2_ダ_条件戦,kishu_kitai_sanchakunai_ritsu+tenkai_kigo_code+pace_shisu_juni,kishu_kitai_sanchakunai_ritsu,tenkai_kigo_code,pace_shisu_juni,12,1273,69.79,9.65,64.33,False
SURFACE_2_ダ_条件戦,kyori_kubun+hizume_code+kishu_kitai_sanchakunai_ritsu,kyori_kubun,hizume_code,kishu_kitai_sanchakunai_ritsu,42,6345,67.96,12.0,64.33,False
SURFACE_2_ダ_条件戦,uma_start_shisu_decile+joshodo_code+kishu_kitai_sanchakunai_ritsu,uma_start_shisu_decile,joshodo_code,kishu_kitai_sanchakunai_ritsu,117,22458,66.95,14.64,64.29,False
SURFACE_2_ダ_条件戦,joshodo_code+kishu_kitai_sanchakunai_ritsu+bataiju_zogen,joshodo_code,kishu_kitai_sanchakunai_ritsu,bataiju_zogen,96,14919,67.24,14.76,64.28,False
SURFACE_2_ダ_条件戦,uma_deokure_bin+kyakushitsu+kishu_kitai_sanchakunai_ritsu,uma_deokure_bin,kyakushitsu,kishu_kitai_sanchakunai_ritsu,107,20269,67.01,14.49,64.26,False
SURFACE_2_ダ_条件戦,pace_yoso+hizume_code+kishu_kitai_sanchakunai_ritsu,pace_yoso,hizume_code,kishu_kitai_sanchakunai_ritsu,60,8702,68.71,17.95,64.17,False
SURFACE_2_ダ_条件戦,uma_deokure_bin+kyori_tekisei+kishu_kitai_sanchakunai_ritsu,uma_deokure_bin,kyori_tekisei,kishu_kitai_sanchakunai_ritsu,95,16635,67.47,16.94,64.06,False
SURFACE_2_ダ_条件戦,uma_start_shisu_decile+bataiju+sogo_shisu_decile,uma_start_shisu_decile,bataiju,sogo_shisu_decile,49,5830,67.81,13.5,64.03,False
SURFACE_2_ダ_条件戦,hizume_code+omo_tekisei_code+kishu_kitai_sanchakunai_ritsu,hizume_code,omo_tekisei_code,kishu_kitai_sanchakunai_ritsu,71,11011,67.84,16.58,63.98,False
SURFACE_2_ダ_条件戦,kyori_tekisei+ichi_shisu_juni+kishu_kitai_sanchakunai_ritsu,kyori_tekisei,ichi_shisu_juni,kishu_kitai_sanchakunai_ritsu,24,5035,68.72,12.23,63.82,False
SURFACE_2_ダ_条件戦,omo_tekisei_code+kishu_kitai_sanchakunai_ritsu+ls_shisu_juni,omo_tekisei_code,kishu_kitai_sanchakunai_ritsu,ls_shisu_juni,87,15803,66.87,14.8,63.76,False
SURFACE_2_ダ_条件戦,kishu_kitai_sanchakunai_ritsu+kijun_ninkijun_tansho+ls_shisu_juni,kishu_kitai_sanchakunai_ritsu,kijun_ninkijun_tansho,ls_shisu_juni,75,11858,68.17,19.66,63.72,False
SURFACE_2_ダ_条件戦,pace_yoso+rotation_bin+kishu_kitai_sanchakunai_ritsu,pace_yoso,rotation_bin,kishu_kitai_sanchakunai_ritsu,85,11618,66.79,14.66,63.68,False
SURFACE_2_ダ_条件戦,uma_deokure_bin+manken_shirushi+kishu_kitai_sanchakunai_ritsu,uma_deokure_bin,manken_shirushi,kishu_kitai_sanchakunai_ritsu,6,729,72.32,10.94,63.57,False
SURFACE_2_ダ_条件戦,omo_tekisei_code+kishu_kitai_sanchakunai_ritsu+idm_decile,omo_tekisei_code,kishu_kitai_sanchakunai_ritsu,idm_decile,107,17300,66.93,17.84,63.55,False
SURFACE_2_ダ_条件戦,uma_deokure_bin+hizume_code+kishu_kitai_sanchakunai_ritsu,uma_deokure_bin,hizume_code,kishu_kitai_sanchakunai_ritsu,64,9497,66.66,12.84,63.52,False
SURFACE_2_ダ_条件戦,kyori_tekisei+kishu_kitai_sanchakunai_ritsu+kijun_ninkijun_tansho,kyori_tekisei,kishu_kitai_sanchakunai_ritsu,kijun_ninkijun_tansho,92,15555,67.04,18.35,63.29,False
SURFACE_2_ダ_条件戦,pace_yoso+kishu_kitai_sanchakunai_ritsu+pace_shisu_juni,pace_yoso,kishu_kitai_sanchakunai_ritsu,pace_shisu_juni,23,2537,70.07,16.74,63.23,False
SURFACE_2_ダ_条件戦,kishu_kitai_sanchakunai_ritsu+tenkai_kigo_code+kijun_ninkijun_tansho,kishu_kitai_sanchakunai_ritsu,tenkai_kigo_code,kijun_ninkijun_tansho,102,16592,67.08,19.91,63.21,False
SURFACE_2_ダ_条件戦,omo_tekisei_code+kishu_kitai_sanchakunai_ritsu+sogo_shisu_decile,omo_tekisei_code,kishu_kitai_sanchakunai_ritsu,sogo_shisu_decile,103,17342,66.78,18.51,63.2,False
SURFACE_2_ダ_条件戦,joshodo_code+ichi_shisu_juni+kishu_kitai_sanchakunai_ritsu,joshodo_code,ichi_shisu_juni,kishu_kitai_sanchakunai_ritsu,112,14556,65.79,14.67,63.08,False
SURFACE_2_ダ_条件戦,kyori_tekisei+kishu_kitai_sanchakunai_ritsu+tenkai_kigo_code,kyori_tekisei,kishu_kitai_sanchakunai_ritsu,tenkai_kigo_code,92,19762,65.99,14.34,63.06,False
SURFACE_2_ダ_条件戦,kyori_tekisei+bataiju+pace_shisu_juni,kyori_tekisei,bataiju,pace_shisu_juni,11,1140,71.12,13.64,63.06,False
SURFACE_2_ダ_条件戦,rotation_bin+bataiju+ls_shisu_juni,rotation_bin,bataiju,ls_shisu_juni,40,4626,67.82,15.48,63.03,False
SURFACE_2_ダ_条件戦,uma_deokure_bin+kishu_kitai_sanchakunai_ritsu+idm_decile,uma_deokure_bin,kishu_kitai_sanchakunai_ritsu,idm_decile,112,17070,66.53,19.0,63.01,False
SURFACE_2_ダ_条件戦,pace_yoso+kishu_kitai_sanchakunai_ritsu+idm_decile,pace_yoso,kishu_kitai_sanchakunai_ritsu,idm_decile,133,22679,66.07,18.36,62.95,False
SURFACE_2_ダ_条件戦,pace_yoso+kishu_kitai_sanchakunai_ritsu+sogo_shisu_decile,pace_yoso,kishu_kitai_sanchakunai_ritsu,sogo_shisu_decile,131,22813,66.04,18.78,62.82,False
SURFACE_2_ダ_条件戦,kyori_tekisei+bataiju+sogo_shisu_decile,kyori_tekisei,bataiju,sogo_shisu_decile,156,25654,64.95,13.74,62.79,False
SURFACE_2_ダ_条件戦,pace_yoso+kishu_kitai_sanchakunai_ritsu+ls_shisu_juni,pace_yoso,kishu_kitai_sanchakunai_ritsu,ls_shisu_juni,100,19445,65.82,15.58,62.77,False
SURFACE_2_ダ_条件戦,uma_deokure_bin+kishu_kitai_sanchakunai_ritsu+tenkai_kigo_code,uma_deokure_bin,kishu_kitai_sanchakunai_ritsu,tenkai_kigo_code,75,17661,65.97,14.43,62.7,False
SURFACE_2_ダ_条件戦,manken_shisu_decile+joshodo_code+kishu_kitai_sanchakunai_ritsu,manken_shisu_decile,joshodo_code,kishu_kitai_sanchakunai_ritsu,124,20172,65.72,17.23,62.69,False
SURFACE_2_ダ_条件戦,keibajo_code+bataiju+ls_shisu_juni,keibajo_code,bataiju,ls_shisu_juni,37,4234,67.85,16.02,62.69,False
SURFACE_2_ダ_条件戦,omo_tekisei_code+ichi_shisu_juni+bataiju,omo_tekisei_code,ichi_shisu_juni,bataiju,4,414,74.08,11.8,62.52,False
SURFACE_2_ダ_条件戦,kyori_kubun+kishu_kitai_sanchakunai_ritsu+tenkai_kigo_code,kyori_kubun,kishu_kitai_sanchakunai_ritsu,tenkai_kigo_code,114,22001,65.38,15.73,62.49,False
SURFACE_2_ダ_条件戦,kyori_kubun+ichi_shisu_juni+kishu_kitai_sanchakunai_ritsu,kyori_kubun,ichi_shisu_juni,kishu_kitai_sanchakunai_ritsu,19,2292,67.8,11.84,62.47,False
SURFACE_2_ダ_条件戦,pace_yoso+keibajo_code+kishu_kitai_sanchakunai_ritsu,pace_yoso,keibajo_code,kishu_kitai_sanchakunai_ritsu,81,10465,66.12,16.99,62.42,False
SURFACE_2_ダ_条件戦,ichi_shisu_juni+kishu_kitai_sanchakunai_ritsu+tenkai_kigo_code,ichi_shisu_juni,kishu_kitai_sanchakunai_ritsu,tenkai_kigo_code,30,4872,67.78,15.12,62.37,False
SURFACE_2_ダ_条件戦,uma_deokure_bin+kishu_kitai_sanchakunai_ritsu+ls_shisu_juni,uma_deokure_bin,kishu_kitai_sanchakunai_ritsu,ls_shisu_juni,79,14423,65.73,15.77,62.25,False
SURFACE_2_ダ_条件戦,hizume_code+kishu_kitai_sanchakunai_ritsu+kijun_ninkijun_tansho,hizume_code,kishu_kitai_sanchakunai_ritsu,kijun_ninkijun_tansho,23,2828,68.22,15.03,62.08,False
SURFACE_2_ダ_条件戦,keibajo_code+kyori_kubun+kishu_kitai_sanchakunai_ritsu,keibajo_code,kyori_kubun,kishu_kitai_sanchakunai_ritsu,83,11158,65.68,16.78,62.07,False
SURFACE_2_ダ_条件戦,manken_shirushi+joshodo_code+kishu_kitai_sanchakunai_ritsu,manken_shirushi,joshodo_code,kishu_kitai_sanchakunai_ritsu,65,8983,66.14,16.82,62.05,False
SURFACE_2_ダ_条件戦,omo_tekisei_code+rotation_bin+kishu_kitai_sanchakunai_ritsu,omo_tekisei_code,rotation_bin,kishu_kitai_sanchakunai_ritsu,91,13138,65.25,15.76,62.01,False
SURFACE_2_ダ_条件戦,kyori_kubun+kishu_kitai_sanchakunai_ritsu+ls_shisu_juni,kyori_kubun,kishu_kitai_sanchakunai_ritsu,ls_shisu_juni,92,16799,65.51,17.11,62.01,False
SURFACE_2_ダ_条件戦,joshodo_code+kishu_kitai_sanchakunai_ritsu+gekiso_juni,joshodo_code,kishu_kitai_sanchakunai_ritsu,gekiso_juni,93,11697,65.47,17.12,61.99,False
SURFACE_2_ダ_条件戦,uma_deokure_bin+bataiju+ten_shisu_juni,uma_deokure_bin,bataiju,ten_shisu_juni,4,426,75.66,13.97,61.96,False
SURFACE_2_ダ_条件戦,kishu_kitai_sanchakunai_ritsu+sogo_shisu_decile+kijun_ninkijun_tansho,kishu_kitai_sanchakunai_ritsu,sogo_shisu_decile,kijun_ninkijun_tansho,101,12849,65.44,18.25,61.89,False
SURFACE_2_ダ_条件戦,uma_deokure_bin+rotation_bin+kishu_kitai_sanchakunai_ritsu,uma_deokure_bin,rotation_bin,kishu_kitai_sanchakunai_ritsu,91,12574,65.24,17.66,61.61,False
SURFACE_2_ダ_条件戦,uma_deokure_bin+uma_start_shisu_decile+kishu_kitai_sanchakunai_ritsu,uma_deokure_bin,uma_start_shisu_decile,kishu_kitai_sanchakunai_ritsu,83,15220,64.71,14.57,61.58,False
SURFACE_2_ダ_条件戦,hizume_code+bataiju+sogo_shisu_decile,hizume_code,bataiju,sogo_shisu_decile,8,865,72.84,16.27,61.57,False
SURFACE_2_ダ_条件戦,joshodo_code+kishu_kitai_sanchakunai_ritsu+ten_shisu_juni,joshodo_code,kishu_kitai_sanchakunai_ritsu,ten_shisu_juni,86,10137,65.09,17.01,61.49,False
SURFACE_2_ダ_条件戦,kishu_kitai_sanchakunai_ritsu+idm_decile+kijun_ninkijun_tansho,kishu_kitai_sanchakunai_ritsu,idm_decile,kijun_ninkijun_tansho,101,12696,65.16,18.84,61.49,False
SURFACE_2_ダ_条件戦,kyori_tekisei+kyakushitsu+kishu_kitai_sanchakunai_ritsu,kyori_tekisei,kyakushitsu,kishu_kitai_sanchakunai_ritsu,84,15409,64.58,15.16,61.34,False
SURFACE_2_ダ_条件戦,joshodo_code+kishu_kitai_sanchakunai_ritsu+pace_shisu_juni,joshodo_code,kishu_kitai_sanchakunai_ritsu,pace_shisu_juni,86,10288,64.43,14.67,61.33,False
SURFACE_2_ダ_条件戦,bataiju+idm_decile+ls_shisu_juni,bataiju,idm_decile,ls_shisu_juni,93,11898,64.24,15.56,61.08,False
SURFACE_2_ダ_条件戦,uma_deokure_bin+kishu_kitai_sanchakunai_ritsu+sogo_shisu_decile,uma_deokure_bin,kishu_kitai_sanchakunai_ritsu,sogo_shisu_decile,106,16906,64.36,17.74,60.99,False
SURFACE_2_ダ_条件戦,kyori_kubun+rotation_bin+kishu_kitai_sanchakunai_ritsu,kyori_kubun,rotation_bin,kishu_kitai_sanchakunai_ritsu,58,8034,64.38,13.2,60.99,False
SURFACE_2_ダ_条件戦,kishu_kitai_sanchakunai_ritsu+idm_decile+tenkai_kigo_code,kishu_kitai_sanchakunai_ritsu,idm_decile,tenkai_kigo_code,91,17386,64.41,17.22,60.87,False
SURFACE_2_ダ_条件戦,kyakushitsu+rotation_bin+kishu_kitai_sanchakunai_ritsu,kyakushitsu,rotation_bin,kishu_kitai_sanchakunai_ritsu,42,5027,65.87,16.54,60.87,False
SURFACE_2_ダ_条件戦,ichi_shisu_juni+kishu_kitai_sanchakunai_ritsu+idm_decile,ichi_shisu_juni,kishu_kitai_sanchakunai_ritsu,idm_decile,20,3211,67.11,14.47,60.77,False
SURFACE_2_ダ_条件戦,ichi_shisu_juni+bataiju+sogo_shisu_decile,ichi_shisu_juni,bataiju,sogo_shisu_decile,21,2505,66.52,13.74,60.64,False
SURFACE_2_ダ_条件戦,pace_yoso+kishu_kitai_sanchakunai_ritsu+bataiju_zogen,pace_yoso,kishu_kitai_sanchakunai_ritsu,bataiju_zogen,25,2905,65.53,12.56,60.61,False
SURFACE_2_ダ_条件戦,pace_yoso+manken_shirushi+kishu_kitai_sanchakunai_ritsu,pace_yoso,manken_shirushi,kishu_kitai_sanchakunai_ritsu,10,1262,69.26,14.05,60.55,False
SURFACE_2_ダ_条件戦,rotation_bin+kishu_kitai_sanchakunai_ritsu+sogo_shisu_decile,rotation_bin,kishu_kitai_sanchakunai_ritsu,sogo_shisu_decile,24,2819,66.58,15.15,60.52,False
SURFACE_2_ダ_条件戦,kyori_kubun+kishu_kitai_sanchakunai_ritsu+idm_decile,kyori_kubun,kishu_kitai_sanchakunai_ritsu,idm_decile,128,19053,63.53,18.02,60.4,False
SURFACE_2_ダ_条件戦,hizume_code+kyakushitsu+kishu_kitai_sanchakunai_ritsu,hizume_code,kyakushitsu,kishu_kitai_sanchakunai_ritsu,38,4748,66.1,18.35,60.27,False
SURFACE_2_ダ_条件戦,kyori_kubun+kishu_kitai_sanchakunai_ritsu+sogo_shisu_decile,kyori_kubun,kishu_kitai_sanchakunai_ritsu,sogo_shisu_decile,121,18715,63.25,16.82,60.25,False
SURFACE_2_ダ_条件戦,keibajo_code+kyori_tekisei+kishu_kitai_sanchakunai_ritsu,keibajo_code,kyori_tekisei,kishu_kitai_sanchakunai_ritsu,60,9224,64.47,16.83,60.21,False
SURFACE_2_ダ_条件戦,kishu_kitai_sanchakunai_ritsu+sogo_shisu_decile+tenkai_kigo_code,kishu_kitai_sanchakunai_ritsu,sogo_shisu_decile,tenkai_kigo_code,89,17509,63.65,16.66,60.19,False
SURFACE_2_ダ_条件戦,uma_start_shisu_decile+kishu_kitai_sanchakunai_ritsu+kijun_ninkijun_tansho,uma_start_shisu_decile,kishu_kitai_sanchakunai_ritsu,kijun_ninkijun_tansho,36,4925,64.85,14.28,60.18,False
SURFACE_2_ダ_条件戦,kyori_tekisei+bataiju+kijun_ninkijun_tansho,kyori_tekisei,bataiju,kijun_ninkijun_tansho,30,3170,65.84,15.99,60.11,False
SURFACE_2_ダ_条件戦,rotation_bin+kishu_kitai_sanchakunai_ritsu+idm_decile,rotation_bin,kishu_kitai_sanchakunai_ritsu,idm_decile,19,2149,66.59,14.64,60.0,False
SURFACE_2_ダ_条件戦,rotation_bin+kishu_kitai_sanchakunai_ritsu+tenkai_kigo_code,rotation_bin,kishu_kitai_sanchakunai_ritsu,tenkai_kigo_code,65,10613,63.93,16.62,59.89,False
SURFACE_2_ダ_条件戦,kyori_tekisei+kishu_kitai_sanchakunai_ritsu+ls_shisu_juni,kyori_tekisei,kishu_kitai_sanchakunai_ritsu,ls_shisu_juni,75,14658,63.41,15.56,59.89,False
SURFACE_2_ダ_条件戦,hizume_code+kishu_kitai_sanchakunai_ritsu+tenkai_kigo_code,hizume_code,kishu_kitai_sanchakunai_ritsu,tenkai_kigo_code,44,7578,64.36,15.45,59.79,False
SURFACE_2_ダ_条件戦,hizume_code+kishu_kitai_sanchakunai_ritsu+sogo_shisu_decile,hizume_code,kishu_kitai_sanchakunai_ritsu,sogo_shisu_decile,23,2731,67.65,19.34,59.75,False
SURFACE_2_ダ_条件戦,kyakushitsu+kishu_kitai_sanchakunai_ritsu+sogo_shisu_decile,kyakushitsu,kishu_kitai_sanchakunai_ritsu,sogo_shisu_decile,85,12592,63.64,18.51,59.7,False
SURFACE_2_ダ_条件戦,pace_yoso+manken_shisu_decile+kishu_kitai_sanchakunai_ritsu,pace_yoso,manken_shisu_decile,kishu_kitai_sanchakunai_ritsu,82,10847,63.7,18.53,59.69,False
SURFACE_2_ダ_条件戦,kyori_tekisei+bataiju+bataiju_zogen,kyori_tekisei,bataiju,bataiju_zogen,13,1441,64.6,9.22,59.59,False
SURFACE_2_ダ_条件戦,kishu_kitai_sanchakunai_ritsu+tenkai_kigo_code+ls_shisu_juni,kishu_kitai_sanchakunai_ritsu,tenkai_kigo_code,ls_shisu_juni,69,14230,63.71,18.14,59.43,False
SURFACE_2_ダ_条件戦,ichi_shisu_juni+bataiju+idm_decile,ichi_shisu_juni,bataiju,idm_decile,21,2546,65.42,14.14,59.37,False
SURFACE_2_ダ_条件戦,rotation_bin+bataiju+sogo_shisu_decile,rotation_bin,bataiju,sogo_shisu_decile,19,2022,67.28,17.75,59.29,False
SURFACE_2_ダ_条件戦,kyakushitsu+kishu_kitai_sanchakunai_ritsu+idm_decile,kyakushitsu,kishu_kitai_sanchakunai_ritsu,idm_decile,86,12245,62.99,18.25,59.13,False
SURFACE_2_ダ_条件戦,ichi_shisu_juni+kishu_kitai_sanchakunai_ritsu+sogo_shisu_decile,ichi_shisu_juni,kishu_kitai_sanchakunai_ritsu,sogo_shisu_decile,17,2869,66.62,15.79,59.11,False
SURFACE_2_ダ_条件戦,keibajo_code+omo_tekisei_code+kishu_kitai_sanchakunai_ritsu,keibajo_code,omo_tekisei_code,kishu_kitai_sanchakunai_ritsu,47,5732,63.24,14.64,59.05,False
SURFACE_2_ダ_条件戦,rotation_bin+kishu_kitai_sanchakunai_ritsu+ls_shisu_juni,rotation_bin,kishu_kitai_sanchakunai_ritsu,ls_shisu_juni,32,4578,63.66,13.41,59.01,False
SURFACE_2_ダ_条件戦,hizume_code+kishu_kitai_sanchakunai_ritsu+idm_decile,hizume_code,kishu_kitai_sanchakunai_ritsu,idm_decile,20,2318,67.41,19.65,58.8,False
SURFACE_2_ダ_条件戦,kyori_tekisei+kishu_kitai_sanchakunai_ritsu+sogo_shisu_decile,kyori_tekisei,kishu_kitai_sanchakunai_ritsu,sogo_shisu_decile,74,14411,61.88,13.62,58.78,False
SURFACE_2_ダ_条件戦,kyori_kubun+manken_shisu_decile+kishu_kitai_sanchakunai_ritsu,kyori_kubun,manken_shisu_decile,kishu_kitai_sanchakunai_ritsu,63,7817,63.09,17.79,58.7,False
SURFACE_2_ダ_条件戦,keibajo_code+kyakushitsu+kishu_kitai_sanchakunai_ritsu,keibajo_code,kyakushitsu,kishu_kitai_sanchakunai_ritsu,7,774,65.73,9.73,58.52,False
SURFACE_2_ダ_条件戦,bataiju+sogo_shisu_decile+ls_shisu_juni,bataiju,sogo_shisu_decile,ls_shisu_juni,88,11103,61.24,13.34,58.45,False
SURFACE_2_ダ_条件戦,manken_shisu_decile+omo_tekisei_code+kishu_kitai_sanchakunai_ritsu,manken_shisu_decile,omo_tekisei_code,kishu_kitai_sanchakunai_ritsu,45,5502,63.24,16.61,58.38,False
SURFACE_2_ダ_条件戦,uma_start_shisu_decile+omo_tekisei_code+kishu_kitai_sanchakunai_ritsu,uma_start_shisu_decile,omo_tekisei_code,kishu_kitai_sanchakunai_ritsu,75,11778,61.81,15.43,58.32,False
SURFACE_2_ダ_条件戦,uma_start_shisu_decile+kishu_kitai_sanchakunai_ritsu+tenkai_kigo_code,uma_start_shisu_decile,kishu_kitai_sanchakunai_ritsu,tenkai_kigo_code,50,8543,62.58,15.68,58.23,False
SURFACE_2_ダ_条件戦,manken_shirushi+kishu_kitai_sanchakunai_ritsu+ls_shisu_juni,manken_shirushi,kishu_kitai_sanchakunai_ritsu,ls_shisu_juni,7,783,68.32,13.63,58.22,False
SURFACE_2_ダ_条件戦,omo_tekisei_code+kishu_kitai_sanchakunai_ritsu+bataiju_zogen,omo_tekisei_code,kishu_kitai_sanchakunai_ritsu,bataiju_zogen,38,4396,63.37,16.32,58.18,False
SURFACE_2_ダ_条件戦,uma_deokure_bin+keibajo_code+kishu_kitai_sanchakunai_ritsu,uma_deokure_bin,keibajo_code,kishu_kitai_sanchakunai_ritsu,46,5487,62.6,15.55,58.1,False
SURFACE_2_ダ_条件戦,kyakushitsu+kishu_kitai_sanchakunai_ritsu+ls_shisu_juni,kyakushitsu,kishu_kitai_sanchakunai_ritsu,ls_shisu_juni,69,11210,61.63,16.64,57.71,False
SURFACE_2_ダ_条件戦,pace_yoso+uma_start_shisu_decile+kishu_kitai_sanchakunai_ritsu,pace_yoso,uma_start_shisu_decile,kishu_kitai_sanchakunai_ritsu,59,9292,61.77,16.13,57.66,False
SURFACE_2_ダ_条件戦,kyori_tekisei+kishu_kitai_sanchakunai_ritsu+idm_decile,kyori_tekisei,kishu_kitai_sanchakunai_ritsu,idm_decile,70,13827,60.99,14.3,57.64,False
SURFACE_2_ダ_条件戦,kyori_tekisei+rotation_bin+kishu_kitai_sanchakunai_ritsu,kyori_tekisei,rotation_bin,kishu_kitai_sanchakunai_ritsu,37,5133,62.76,16.17,57.55,False
SURFACE_2_ダ_条件戦,manken_shirushi+omo_tekisei_code+kishu_kitai_sanchakunai_ritsu,manken_shirushi,omo_tekisei_code,kishu_kitai_sanchakunai_ritsu,8,946,67.69,14.89,57.38,False
SURFACE_2_ダ_条件戦,kishu_kitai_sanchakunai_ritsu+sogo_shisu_decile+ls_shisu_juni,kishu_kitai_sanchakunai_ritsu,sogo_shisu_decile,ls_shisu_juni,71,11844,61.36,17.16,57.37,False
SURFACE_2_ダ_条件戦,uma_start_shisu_decile+hizume_code+kishu_kitai_sanchakunai_ritsu,uma_start_shisu_decile,hizume_code,kishu_kitai_sanchakunai_ritsu,18,2493,64.12,14.72,57.32,False
SURFACE_2_ダ_条件戦,uma_start_shisu_decile+kyori_kubun+kishu_kitai_sanchakunai_ritsu,uma_start_shisu_decile,kyori_kubun,kishu_kitai_sanchakunai_ritsu,50,7725,61.06,13.58,57.3,False
SURFACE_2_ダ_条件戦,keibajo_code+kishu_kitai_sanchakunai_ritsu+kijun_ninkijun_tansho,keibajo_code,kishu_kitai_sanchakunai_ritsu,kijun_ninkijun_tansho,11,1223,66.13,15.45,57.0,False
SURFACE_2_ダ_条件戦,uma_start_shisu_decile+kyakushitsu+kishu_kitai_sanchakunai_ritsu,uma_start_shisu_decile,kyakushitsu,kishu_kitai_sanchakunai_ritsu,45,7360,61.68,16.29,56.92,False
SURFACE_2_ダ_条件戦,pace_yoso+kishu_kitai_sanchakunai_ritsu+ten_shisu_juni,pace_yoso,kishu_kitai_sanchakunai_ritsu,ten_shisu_juni,14,1571,64.56,14.84,56.79,False
SURFACE_2_ダ_条件戦,kyori_tekisei+manken_shisu_decile+kishu_kitai_sanchakunai_ritsu,kyori_tekisei,manken_shisu_decile,kishu_kitai_sanchakunai_ritsu,60,9549,62.15,21.21,56.78,False
SURFACE_2_ダ_条件戦,keibajo_code+kishu_kitai_sanchakunai_ritsu+tenkai_kigo_code,keibajo_code,kishu_kitai_sanchakunai_ritsu,tenkai_kigo_code,57,7555,61.07,16.67,56.75,False
SURFACE_2_ダ_条件戦,manken_shirushi+kishu_kitai_sanchakunai_ritsu+tenkai_kigo_code,manken_shirushi,kishu_kitai_sanchakunai_ritsu,tenkai_kigo_code,10,1099,68.43,19.16,56.56,False
SURFACE_2_ダ_条件戦,keibajo_code+kishu_kitai_sanchakunai_ritsu+ls_shisu_juni,keibajo_code,kishu_kitai_sanchakunai_ritsu,ls_shisu_juni,48,7032,60.32,14.88,56.11,False
SURFACE_2_ダ_条件戦,kishu_kitai_sanchakunai_ritsu+idm_decile+ls_shisu_juni,kishu_kitai_sanchakunai_ritsu,idm_decile,ls_shisu_juni,67,11165,60.31,17.59,56.1,False
SURFACE_2_ダ_条件戦,kishu_kitai_sanchakunai_ritsu+bataiju_zogen+tenkai_kigo_code,kishu_kitai_sanchakunai_ritsu,bataiju_zogen,tenkai_kigo_code,39,5158,60.3,13.46,56.08,False
SURFACE_2_ダ_条件戦,keibajo_code+bataiju+idm_decile,keibajo_code,bataiju,idm_decile,6,641,64.35,10.51,55.94,False
SURFACE_2_ダ_条件戦,uma_deokure_bin+kishu_kitai_sanchakunai_ritsu+bataiju_zogen,uma_deokure_bin,kishu_kitai_sanchakunai_ritsu,bataiju_zogen,31,3469,61.23,15.29,55.85,False
SURFACE_2_ダ_条件戦,manken_shisu_decile+kishu_kitai_sanchakunai_ritsu+tenkai_kigo_code,manken_shisu_decile,kishu_kitai_sanchakunai_ritsu,tenkai_kigo_code,74,10460,59.99,18.32,55.82,False
SURFACE_2_ダ_条件戦,uma_start_shisu_decile+kyori_tekisei+kishu_kitai_sanchakunai_ritsu,uma_start_shisu_decile,kyori_tekisei,kishu_kitai_sanchakunai_ritsu,40,5909,60.67,16.12,55.67,False
SURFACE_2_ダ_条件戦,manken_shirushi+kyori_tekisei+kishu_kitai_sanchakunai_ritsu,manken_shirushi,kyori_tekisei,kishu_kitai_sanchakunai_ritsu,10,1143,67.07,18.71,55.47,False
SURFACE_2_ダ_条件戦,uma_deokure_bin+manken_shisu_decile+kishu_kitai_sanchakunai_ritsu,uma_deokure_bin,manken_shisu_decile,kishu_kitai_sanchakunai_ritsu,45,5248,61.12,20.02,55.27,False
SURFACE_2_ダ_条件戦,uma_start_shisu_decile+rotation_bin+kishu_kitai_sanchakunai_ritsu,uma_start_shisu_decile,rotation_bin,kishu_kitai_sanchakunai_ritsu,17,1980,63.01,16.29,55.27,False
SURFACE_2_ダ_条件戦,uma_start_shisu_decile+kishu_kitai_sanchakunai_ritsu+idm_decile,uma_start_shisu_decile,kishu_kitai_sanchakunai_ritsu,idm_decile,30,3949,61.21,16.59,55.27,False
SURFACE_2_ダ_条件戦,kyori_tekisei+kishu_kitai_sanchakunai_ritsu+bataiju_zogen,kyori_tekisei,kishu_kitai_sanchakunai_ritsu,bataiju_zogen,13,1527,60.49,10.16,54.97,False
SURFACE_2_ダ_条件戦,hizume_code+kyori_tekisei+kishu_kitai_sanchakunai_ritsu,hizume_code,kyori_tekisei,kishu_kitai_sanchakunai_ritsu,35,4736,60.04,15.4,54.94,False
SURFACE_2_ダ_条件戦,hizume_code+kishu_kitai_sanchakunai_ritsu+ls_shisu_juni,hizume_code,kishu_kitai_sanchakunai_ritsu,ls_shisu_juni,22,3684,61.19,15.43,54.75,False
SURFACE_2_ダ_条件戦,kyori_tekisei+kishu_kitai_sanchakunai_ritsu+ten_shisu_juni,kyori_tekisei,kishu_kitai_sanchakunai_ritsu,ten_shisu_juni,24,2770,62.37,19.19,54.69,False
SURFACE_2_ダ_条件戦,kyori_tekisei+kishu_kitai_sanchakunai_ritsu+pace_shisu_juni,kyori_tekisei,kishu_kitai_sanchakunai_ritsu,pace_shisu_juni,27,3055,61.8,19.8,54.33,False
SURFACE_2_ダ_条件戦,uma_start_shisu_decile+keibajo_code+kishu_kitai_sanchakunai_ritsu,uma_start_shisu_decile,keibajo_code,kishu_kitai_sanchakunai_ritsu,6,708,61.29,8.72,54.31,False
SURFACE_2_ダ_条件戦,keibajo_code+hizume_code+kishu_kitai_sanchakunai_ritsu,keibajo_code,hizume_code,kishu_kitai_sanchakunai_ritsu,7,800,60.19,9.25,53.34,False
SURFACE_2_ダ_条件戦,kyori_kubun+kishu_kitai_sanchakunai_ritsu+bataiju_zogen,kyori_kubun,kishu_kitai_sanchakunai_ritsu,bataiju_zogen,18,2114,60.73,16.54,53.09,False
SURFACE_2_ダ_条件戦,uma_start_shisu_decile+kishu_kitai_sanchakunai_ritsu+sogo_shisu_decile,uma_start_shisu_decile,kishu_kitai_sanchakunai_ritsu,sogo_shisu_decile,30,4076,58.46,15.57,52.88,False
SURFACE_2_ダ_条件戦,uma_start_shisu_decile+kishu_kitai_sanchakunai_ritsu+ls_shisu_juni,uma_start_shisu_decile,kishu_kitai_sanchakunai_ritsu,ls_shisu_juni,29,4656,57.98,14.34,52.76,False
SURFACE_2_ダ_条件戦,manken_shisu_decile+kishu_kitai_sanchakunai_ritsu+ls_shisu_juni,manken_shisu_decile,kishu_kitai_sanchakunai_ritsu,ls_shisu_juni,38,5098,57.93,16.7,52.62,False
SURFACE_2_ダ_条件戦,kishu_kitai_sanchakunai_ritsu+bataiju_zogen+ls_shisu_juni,kishu_kitai_sanchakunai_ritsu,bataiju_zogen,ls_shisu_juni,12,1365,62.55,17.91,52.42,False
SURFACE_2_ダ_条件戦,kyori_tekisei+kishu_kitai_sanchakunai_ritsu+gekiso_juni,kyori_tekisei,kishu_kitai_sanchakunai_ritsu,gekiso_juni,10,1072,59.69,13.96,51.03,False
SURFACE_2_ダ_条件戦,ichi_shisu_juni+kishu_kitai_sanchakunai_ritsu+ls_shisu_juni,ichi_shisu_juni,kishu_kitai_sanchakunai_ritsu,ls_shisu_juni,11,1744,61.18,17.35,50.93,False
SURFACE_2_ダ_条件戦,kyori_kubun+kishu_kitai_sanchakunai_ritsu+pace_shisu_juni,kyori_kubun,kishu_kitai_sanchakunai_ritsu,pace_shisu_juni,4,439,62.2,13.14,49.32,False
SURFACE_2_ダ_条件戦,manken_shisu_decile+kishu_kitai_sanchakunai_ritsu+sogo_shisu_decile,manken_shisu_decile,kishu_kitai_sanchakunai_ritsu,sogo_shisu_decile,21,3275,58.4,21.34,49.27,False
SURFACE_2_ダ_条件戦,manken_shisu_decile+kishu_kitai_sanchakunai_ritsu+idm_decile,manken_shisu_decile,kishu_kitai_sanchakunai_ritsu,idm_decile,23,3420,56.59,21.25,47.9,False
SURFACE_2_ダ_条件戦,hizume_code+rotation_bin+kishu_kitai_sanchakunai_ritsu,hizume_code,rotation_bin,kishu_kitai_sanchakunai_ritsu,5,556,56.32,11.82,45.97,False
SURFACE_2_ダ_条件戦,kishu_kitai_sanchakunai_ritsu+pace_shisu_juni+ls_shisu_juni,kishu_kitai_sanchakunai_ritsu,pace_shisu_juni,ls_shisu_juni,7,802,58.27,17.1,45.6,False
SURFACE_2_ダ_条件戦,manken_shisu_decile+kyakushitsu+kishu_kitai_sanchakunai_ritsu,manken_shisu_decile,kyakushitsu,kishu_kitai_sanchakunai_ritsu,14,1920,54.56,18.03,45.12,False
SURFACE_2_ダ_条件戦,kishu_kitai_sanchakunai_ritsu+ten_shisu_juni+ls_shisu_juni,kishu_kitai_sanchakunai_ritsu,ten_shisu_juni,ls_shisu_juni,6,689,58.23,16.68,44.88,False
SURFACE_2_ダ_条件戦,keibajo_code+kishu_kitai_sanchakunai_ritsu+sogo_shisu_decile,keibajo_code,kishu_kitai_sanchakunai_ritsu,sogo_shisu_decile,16,1811,53.19,22.29,42.26,False
SURFACE_2_ダ_条件戦,kyakushitsu+kishu_kitai_sanchakunai_ritsu+bataiju_zogen,kyakushitsu,kishu_kitai_sanchakunai_ritsu,bataiju_zogen,5,562,65.14,26.59,41.84,False
SURFACE_2_ダ_条件戦,manken_shisu_decile+ichi_shisu_juni+kishu_kitai_sanchakunai_ritsu,manken_shisu_decile,ichi_shisu_juni,kishu_kitai_sanchakunai_ritsu,5,673,59.3,21.18,40.73,False
SURFACE_2_ダ_条件戦,keibajo_code+kishu_kitai_sanchakunai_ritsu+idm_decile,keibajo_code,kishu_kitai_sanchakunai_ritsu,idm_decile,13,1503,52.62,23.45,39.87,False
SURFACE_2_ダ_条件戦,kishu_kitai_sanchakunai_ritsu+sogo_shisu_decile+ten_shisu_juni,kishu_kitai_sanchakunai_ritsu,sogo_shisu_decile,ten_shisu_juni,3,315,60.97,19.44,38.96,False
SURFACE_2_ダ_条件戦,kyori_kubun+kishu_kitai_sanchakunai_ritsu+ten_shisu_juni,kyori_kubun,kishu_kitai_sanchakunai_ritsu,ten_shisu_juni,5,531,50.57,15.35,37.12,False
SURFACE_2_ダ_条件戦,kishu_kitai_sanchakunai_ritsu+tenkai_kigo_code+gekiso_juni,kishu_kitai_sanchakunai_ritsu,tenkai_kigo_code,gekiso_juni,6,625,60.79,33.35,34.11,False
SURFACE_2_ダ_条件戦,manken_shisu_decile+kishu_kitai_sanchakunai_ritsu+kijun_ninkijun_tansho,manken_shisu_decile,kishu_kitai_sanchakunai_ritsu,kijun_ninkijun_tansho,6,688,43.01,17.71,28.84,False
SURFACE_2_ダ_条件戦,kyori_tekisei+bataiju+ten_shisu_juni,kyori_tekisei,bataiju,ten_shisu_juni,3,326,48.9,17.79,28.77,False
