segment,factors,factor1,factor2,factor3,n_bins,n_bets,mean_roi,std_roi,clb,pass
KEIBAJO_SURFACE_09_ダ_条件戦,manken_shirushi+joho_shisu_decile+kishu_shisu_decile,manken_shirushi,joho_shisu_decile,kishu_shisu_decile,5,862,95.67,4.11,92.07,True
KEIBAJO_SURFACE_09_ダ_条件戦,manken_shisu_decile+gekiso_juni+joho_shisu_decile,manken_shisu_decile,gekiso_juni,joho_shisu_decile,3,429,96.49,4.29,91.64,True
KEIBAJO_SURFACE_09_ダ_条件戦,manken_shirushi+gekiso_juni+kishu_shisu_decile,manken_shirushi,gekiso_juni,kishu_shisu_decile,3,463,97.98,5.95,91.25,True
KEIBAJO_SURFACE_09_ダ_条件戦,manken_shirushi+gekiso_juni+joho_shisu_decile,manken_shirushi,gekiso_juni,joho_shisu_decile,3,419,97.88,6.02,91.06,True
KEIBAJO_SURFACE_09_ダ_条件戦,manken_shirushi+kijun_ninkijun_tansho+joho_shisu_decile,manken_shirushi,kijun_ninkijun_tansho,joho_shisu_decile,4,594,96.0,5.33,90.78,True
KEIBAJO_SURFACE_09_ダ_条件戦,manken_shisu_decile+gekiso_juni+kishu_shisu_decile,manken_shisu_decile,gekiso_juni,kishu_shisu_decile,4,574,94.66,4.69,90.06,True
KEIBAJO_SURFACE_09_ダ_条件戦,hizume_code+manken_shisu_decile+kishu_shisu_decile,hizume_code,manken_shisu_decile,kishu_shisu_decile,4,437,92.45,2.47,90.03,True
KEIBAJO_SURFACE_09_ダ_条件戦,manken_shirushi+joshodo_code+ten_shisu_juni,manken_shirushi,joshodo_code,ten_shisu_juni,3,312,97.74,7.48,89.27,True
KEIBAJO_SURFACE_09_ダ_条件戦,kijun_ninkijun_tansho+gekiso_juni+idm_decile,kijun_ninkijun_tansho,gekiso_juni,idm_decile,4,536,91.81,2.87,88.99,True
KEIBAJO_SURFACE_09_ダ_条件戦,bataiju_zogen+kijun_ninkijun_tansho+joho_shisu_decile,bataiju_zogen,kijun_ninkijun_tansho,joho_shisu_decile,3,404,92.51,3.15,88.94,True
KEIBAJO_SURFACE_09_ダ_条件戦,ten_shisu_juni+gekiso_juni+kishu_shisu_decile,ten_shisu_juni,gekiso_juni,kishu_shisu_decile,3,385,92.55,3.32,88.79,True
KEIBAJO_SURFACE_09_ダ_条件戦,pace_shisu_juni+gekiso_juni+kishu_shisu_decile,pace_shisu_juni,gekiso_juni,kishu_shisu_decile,3,424,92.67,3.98,88.17,True
KEIBAJO_SURFACE_09_ダ_条件戦,pace_yoso+manken_shirushi+kijun_ninkijun_tansho,pace_yoso,manken_shirushi,kijun_ninkijun_tansho,3,397,92.89,4.18,88.16,True
KEIBAJO_SURFACE_09_ダ_条件戦,gekiso_juni+idm_decile+kishu_shisu_decile,gekiso_juni,idm_decile,kishu_shisu_decile,4,703,91.68,4.32,87.45,True
KEIBAJO_SURFACE_09_ダ_条件戦,kyakushitsu+kijun_ninkijun_tansho+gekiso_juni,kyakushitsu,kijun_ninkijun_tansho,gekiso_juni,5,639,89.05,2.12,87.19,True
KEIBAJO_SURFACE_09_ダ_条件戦,omo_tekisei_code+pace_shisu_juni+ten_shisu_juni,omo_tekisei_code,pace_shisu_juni,ten_shisu_juni,3,620,90.82,3.26,87.13,True
KEIBAJO_SURFACE_09_ダ_条件戦,bataiju+kyakushitsu+joshodo_code,bataiju,kyakushitsu,joshodo_code,3,320,93.59,5.83,86.99,True
KEIBAJO_SURFACE_09_ダ_条件戦,manken_shirushi+hizume_code+idm_decile,manken_shirushi,hizume_code,idm_decile,3,337,89.41,2.27,86.83,True
KEIBAJO_SURFACE_09_ダ_条件戦,omo_tekisei_code+kijun_ninkijun_tansho+gekiso_juni,omo_tekisei_code,kijun_ninkijun_tansho,gekiso_juni,4,744,90.33,3.86,86.55,True
KEIBAJO_SURFACE_09_ダ_条件戦,manken_shirushi+kijun_ninkijun_tansho+kishu_shisu_decile,manken_shirushi,kijun_ninkijun_tansho,kishu_shisu_decile,6,939,92.54,8.04,86.1,True
KEIBAJO_SURFACE_09_ダ_条件戦,ten_shisu_juni+tenkai_kigo_code+kishu_shisu_decile,ten_shisu_juni,tenkai_kigo_code,kishu_shisu_decile,4,458,89.81,3.97,85.92,True
KEIBAJO_SURFACE_09_ダ_条件戦,omo_tekisei_code+gekiso_juni+kishu_shisu_decile,omo_tekisei_code,gekiso_juni,kishu_shisu_decile,7,1246,90.2,5.86,85.86,True
KEIBAJO_SURFACE_09_ダ_条件戦,kyakushitsu+gekiso_juni+kishu_shisu_decile,kyakushitsu,gekiso_juni,kishu_shisu_decile,5,806,90.41,5.26,85.8,True
KEIBAJO_SURFACE_09_ダ_条件戦,ichi_shisu_juni+gekiso_juni+kishu_shisu_decile,ichi_shisu_juni,gekiso_juni,kishu_shisu_decile,3,456,92.03,5.52,85.78,True
KEIBAJO_SURFACE_09_ダ_条件戦,pace_yoso+gekiso_juni+kishu_shisu_decile,pace_yoso,gekiso_juni,kishu_shisu_decile,9,1479,89.87,6.37,85.71,True
KEIBAJO_SURFACE_09_ダ_条件戦,kijun_ninkijun_tansho+gekiso_juni+joho_shisu_decile,kijun_ninkijun_tansho,gekiso_juni,joho_shisu_decile,6,1066,89.59,4.89,85.68,True
KEIBAJO_SURFACE_09_ダ_条件戦,bataiju_zogen+kijun_ninkijun_tansho+kishu_shisu_decile,bataiju_zogen,kijun_ninkijun_tansho,kishu_shisu_decile,5,725,91.06,6.39,85.46,True
KEIBAJO_SURFACE_09_ダ_条件戦,manken_shirushi+kyori_tekisei+kishu_shisu_decile,manken_shirushi,kyori_tekisei,kishu_shisu_decile,4,434,93.02,7.73,85.44,True
KEIBAJO_SURFACE_09_ダ_条件戦,sogo_shisu_decile+gekiso_juni+kishu_shisu_decile,sogo_shisu_decile,gekiso_juni,kishu_shisu_decile,5,761,90.22,5.54,85.37,True
KEIBAJO_SURFACE_09_ダ_条件戦,pace_yoso+kijun_ninkijun_tansho+gekiso_juni,pace_yoso,kijun_ninkijun_tansho,gekiso_juni,5,847,88.89,4.06,85.33,True
KEIBAJO_SURFACE_09_ダ_条件戦,omo_tekisei_code+manken_shirushi+kishu_shisu_decile,omo_tekisei_code,manken_shirushi,kishu_shisu_decile,8,950,92.46,10.47,85.2,True
KEIBAJO_SURFACE_09_ダ_条件戦,uma_deokure_bin+ten_shisu_juni+kishu_shisu_decile,uma_deokure_bin,ten_shisu_juni,kishu_shisu_decile,3,416,87.33,2.11,84.94,True
KEIBAJO_SURFACE_09_ダ_条件戦,kijun_ninkijun_tansho+gekiso_juni+kishu_shisu_decile,kijun_ninkijun_tansho,gekiso_juni,kishu_shisu_decile,8,1493,88.78,5.65,84.87,True
KEIBAJO_SURFACE_09_ダ_条件戦,hizume_code+gekiso_juni+kishu_shisu_decile,hizume_code,gekiso_juni,kishu_shisu_decile,3,514,89.97,4.57,84.8,True
KEIBAJO_SURFACE_09_ダ_条件戦,omo_tekisei_code+manken_shirushi+gekiso_juni,omo_tekisei_code,manken_shirushi,gekiso_juni,5,674,91.13,7.27,84.75,True
KEIBAJO_SURFACE_09_ダ_条件戦,kyakushitsu+ten_shisu_juni+kishu_shisu_decile,kyakushitsu,ten_shisu_juni,kishu_shisu_decile,3,427,89.68,4.38,84.72,True
KEIBAJO_SURFACE_09_ダ_条件戦,kyori_tekisei+gekiso_juni+kishu_shisu_decile,kyori_tekisei,gekiso_juni,kishu_shisu_decile,5,883,90.25,6.38,84.66,True
KEIBAJO_SURFACE_09_ダ_条件戦,hizume_code+manken_shisu_decile+gekiso_juni,hizume_code,manken_shisu_decile,gekiso_juni,3,373,91.51,6.57,84.08,True
KEIBAJO_SURFACE_09_ダ_条件戦,kijun_ninkijun_tansho+manken_shisu_decile+kishu_shisu_decile,kijun_ninkijun_tansho,manken_shisu_decile,kishu_shisu_decile,7,1104,90.02,8.03,84.07,True
KEIBAJO_SURFACE_09_ダ_条件戦,uma_deokure_bin+manken_shirushi+kishu_shisu_decile,uma_deokure_bin,manken_shirushi,kishu_shisu_decile,4,453,86.48,2.48,84.05,True
KEIBAJO_SURFACE_09_ダ_条件戦,pace_yoso+manken_shirushi+kishu_shisu_decile,pace_yoso,manken_shirushi,kishu_shisu_decile,9,1117,88.75,7.24,84.03,True
KEIBAJO_SURFACE_09_ダ_条件戦,manken_shirushi+rotation_bin+manken_shisu_decile,manken_shirushi,rotation_bin,manken_shisu_decile,9,1168,87.08,4.83,83.93,True
KEIBAJO_SURFACE_09_ダ_条件戦,kyori_kubun+ten_shisu_juni+kishu_shisu_decile,kyori_kubun,ten_shisu_juni,kishu_shisu_decile,6,786,89.34,6.86,83.85,True
KEIBAJO_SURFACE_09_ダ_条件戦,kyori_tekisei+pace_shisu_juni+kishu_shisu_decile,kyori_tekisei,pace_shisu_juni,kishu_shisu_decile,3,474,86.67,2.54,83.8,True
KEIBAJO_SURFACE_09_ダ_条件戦,kyakushitsu+pace_shisu_juni+kishu_shisu_decile,kyakushitsu,pace_shisu_juni,kishu_shisu_decile,4,549,87.88,4.3,83.66,True
KEIBAJO_SURFACE_09_ダ_条件戦,uma_deokure_bin+pace_shisu_juni+kishu_shisu_decile,uma_deokure_bin,pace_shisu_juni,kishu_shisu_decile,5,623,88.34,5.44,83.57,True
KEIBAJO_SURFACE_09_ダ_条件戦,kyori_kubun+gekiso_juni+kishu_shisu_decile,kyori_kubun,gekiso_juni,kishu_shisu_decile,8,1335,88.33,6.89,83.55,True
KEIBAJO_SURFACE_09_ダ_条件戦,omo_tekisei_code+kijun_ninkijun_tansho+manken_shisu_decile,omo_tekisei_code,kijun_ninkijun_tansho,manken_shisu_decile,10,1156,87.98,7.38,83.41,True
KEIBAJO_SURFACE_09_ダ_条件戦,tenkai_kigo_code+kijun_ninkijun_tansho+gekiso_juni,tenkai_kigo_code,kijun_ninkijun_tansho,gekiso_juni,4,533,92.52,9.38,83.33,True
KEIBAJO_SURFACE_09_ダ_条件戦,rotation_bin+kyori_tekisei+ten_shisu_juni,rotation_bin,kyori_tekisei,ten_shisu_juni,4,444,87.63,4.91,82.81,True
KEIBAJO_SURFACE_09_ダ_条件戦,omo_tekisei_code+manken_shisu_decile+gekiso_juni,omo_tekisei_code,manken_shisu_decile,gekiso_juni,11,1412,87.19,7.41,82.81,True
KEIBAJO_SURFACE_09_ダ_条件戦,manken_shirushi+rotation_bin+hizume_code,manken_shirushi,rotation_bin,hizume_code,8,886,87.79,7.24,82.77,True
KEIBAJO_SURFACE_09_ダ_条件戦,kyori_kubun+kijun_ninkijun_tansho+gekiso_juni,kyori_kubun,kijun_ninkijun_tansho,gekiso_juni,6,914,89.48,8.57,82.62,True
KEIBAJO_SURFACE_09_ダ_条件戦,kyori_tekisei+manken_shisu_decile+gekiso_juni,kyori_tekisei,manken_shisu_decile,gekiso_juni,6,743,87.95,6.67,82.61,True
KEIBAJO_SURFACE_09_ダ_条件戦,rotation_bin+gekiso_juni+joho_shisu_decile,rotation_bin,gekiso_juni,joho_shisu_decile,3,464,87.66,4.72,82.31,True
KEIBAJO_SURFACE_09_ダ_条件戦,ls_shisu_juni+gekiso_juni+kishu_shisu_decile,ls_shisu_juni,gekiso_juni,kishu_shisu_decile,5,805,89.2,7.88,82.3,True
KEIBAJO_SURFACE_09_ダ_条件戦,omo_tekisei_code+pace_shisu_juni+kishu_shisu_decile,omo_tekisei_code,pace_shisu_juni,kishu_shisu_decile,4,579,85.37,3.36,82.07,True
KEIBAJO_SURFACE_09_ダ_条件戦,hizume_code+gekiso_juni+idm_decile,hizume_code,gekiso_juni,idm_decile,6,673,86.23,5.29,82.0,True
KEIBAJO_SURFACE_09_ダ_条件戦,kyori_tekisei+kijun_ninkijun_tansho+gekiso_juni,kyori_tekisei,kijun_ninkijun_tansho,gekiso_juni,6,814,88.24,8.04,81.81,True
KEIBAJO_SURFACE_09_ダ_条件戦,rotation_bin+kyakushitsu+ten_shisu_juni,rotation_bin,kyakushitsu,ten_shisu_juni,6,679,86.66,6.21,81.7,True
KEIBAJO_SURFACE_09_ダ_条件戦,manken_shirushi+bataiju_zogen+manken_shisu_decile,manken_shirushi,bataiju_zogen,manken_shisu_decile,3,378,91.21,8.4,81.7,True
KEIBAJO_SURFACE_09_ダ_条件戦,joshodo_code+ten_shisu_juni+gekiso_juni,joshodo_code,ten_shisu_juni,gekiso_juni,12,1470,88.54,12.31,81.58,True
KEIBAJO_SURFACE_09_ダ_条件戦,joshodo_code+pace_shisu_juni+manken_shisu_decile,joshodo_code,pace_shisu_juni,manken_shisu_decile,31,3669,84.57,8.99,81.4,True
KEIBAJO_SURFACE_09_ダ_条件戦,ichi_shisu_juni+gekiso_juni+joho_shisu_decile,ichi_shisu_juni,gekiso_juni,joho_shisu_decile,3,401,89.94,7.65,81.28,True
KEIBAJO_SURFACE_09_ダ_条件戦,joshodo_code+ten_shisu_juni+kijun_ninkijun_tansho,joshodo_code,ten_shisu_juni,kijun_ninkijun_tansho,14,1715,84.34,5.86,81.27,True
KEIBAJO_SURFACE_09_ダ_条件戦,manken_shirushi+kyakushitsu+hizume_code,manken_shirushi,kyakushitsu,hizume_code,14,1629,86.32,10.21,80.97,True
KEIBAJO_SURFACE_09_ダ_条件戦,pace_shisu_juni+tenkai_kigo_code+kishu_shisu_decile,pace_shisu_juni,tenkai_kigo_code,kishu_shisu_decile,6,715,86.01,6.49,80.82,True
KEIBAJO_SURFACE_09_ダ_条件戦,uma_deokure_bin+gekiso_juni+kishu_shisu_decile,uma_deokure_bin,gekiso_juni,kishu_shisu_decile,7,1236,87.44,8.95,80.81,True
KEIBAJO_SURFACE_09_ダ_条件戦,ls_shisu_juni+kijun_ninkijun_tansho+gekiso_juni,ls_shisu_juni,kijun_ninkijun_tansho,gekiso_juni,5,700,87.3,7.46,80.76,True
KEIBAJO_SURFACE_09_ダ_条件戦,rotation_bin+kijun_ninkijun_tansho+idm_decile,rotation_bin,kijun_ninkijun_tansho,idm_decile,4,496,88.65,8.25,80.57,True
KEIBAJO_SURFACE_09_ダ_条件戦,uma_deokure_bin+kijun_ninkijun_tansho+gekiso_juni,uma_deokure_bin,kijun_ninkijun_tansho,gekiso_juni,6,909,87.45,9.37,79.96,False
KEIBAJO_SURFACE_09_ダ_条件戦,manken_shirushi+joshodo_code+kijun_ninkijun_tansho,manken_shirushi,joshodo_code,kijun_ninkijun_tansho,22,2834,84.83,11.78,79.91,False
KEIBAJO_SURFACE_09_ダ_条件戦,omo_tekisei_code+ichi_shisu_juni+ten_shisu_juni,omo_tekisei_code,ichi_shisu_juni,ten_shisu_juni,3,427,87.56,6.77,79.9,False
KEIBAJO_SURFACE_09_ダ_条件戦,kyori_kubun+kijun_ninkijun_tansho+manken_shisu_decile,kyori_kubun,kijun_ninkijun_tansho,manken_shisu_decile,5,543,90.08,11.63,79.89,False
KEIBAJO_SURFACE_09_ダ_条件戦,manken_shirushi+bataiju_zogen+joshodo_code,manken_shirushi,bataiju_zogen,joshodo_code,25,3304,83.01,8.53,79.67,False
KEIBAJO_SURFACE_09_ダ_条件戦,omo_tekisei_code+ten_shisu_juni+kishu_shisu_decile,omo_tekisei_code,ten_shisu_juni,kishu_shisu_decile,6,712,84.84,6.47,79.66,False
KEIBAJO_SURFACE_09_ダ_条件戦,manken_shirushi+manken_shisu_decile+kishu_shisu_decile,manken_shirushi,manken_shisu_decile,kishu_shisu_decile,5,662,88.5,10.08,79.66,False
KEIBAJO_SURFACE_09_ダ_条件戦,uma_deokure_bin+pace_shisu_juni+ten_shisu_juni,uma_deokure_bin,pace_shisu_juni,ten_shisu_juni,5,863,84.7,5.86,79.57,False
KEIBAJO_SURFACE_09_ダ_条件戦,omo_tekisei_code+ichi_shisu_juni+kishu_shisu_decile,omo_tekisei_code,ichi_shisu_juni,kishu_shisu_decile,6,867,85.33,7.24,79.54,False
KEIBAJO_SURFACE_09_ダ_条件戦,rotation_bin+kijun_ninkijun_tansho+sogo_shisu_decile,rotation_bin,kijun_ninkijun_tansho,sogo_shisu_decile,4,456,87.98,8.67,79.48,False
KEIBAJO_SURFACE_09_ダ_条件戦,manken_shirushi+joshodo_code+pace_shisu_juni,manken_shirushi,joshodo_code,pace_shisu_juni,4,416,88.91,9.63,79.47,False
KEIBAJO_SURFACE_09_ダ_条件戦,omo_tekisei_code+manken_shirushi+hizume_code,omo_tekisei_code,manken_shirushi,hizume_code,12,2427,83.76,7.61,79.45,False
KEIBAJO_SURFACE_09_ダ_条件戦,kyakushitsu+gekiso_juni+idm_decile,kyakushitsu,gekiso_juni,idm_decile,4,465,88.52,9.34,79.37,False
KEIBAJO_SURFACE_09_ダ_条件戦,rotation_bin+gekiso_juni+kishu_shisu_decile,rotation_bin,gekiso_juni,kishu_shisu_decile,3,534,85.82,6.07,78.95,False
KEIBAJO_SURFACE_09_ダ_条件戦,omo_tekisei_code+manken_shirushi+kyori_tekisei,omo_tekisei_code,manken_shirushi,kyori_tekisei,29,4245,81.8,8.42,78.73,False
KEIBAJO_SURFACE_09_ダ_条件戦,bataiju_zogen+joshodo_code+ten_shisu_juni,bataiju_zogen,joshodo_code,ten_shisu_juni,22,2824,82.49,9.73,78.42,False
KEIBAJO_SURFACE_09_ダ_条件戦,uma_deokure_bin+kijun_ninkijun_tansho+manken_shisu_decile,uma_deokure_bin,kijun_ninkijun_tansho,manken_shisu_decile,5,573,86.47,9.25,78.36,False
KEIBAJO_SURFACE_09_ダ_条件戦,pace_yoso+manken_shirushi+hizume_code,pace_yoso,manken_shirushi,hizume_code,15,2183,82.68,8.66,78.29,False
KEIBAJO_SURFACE_09_ダ_条件戦,joshodo_code+pace_shisu_juni+gekiso_juni,joshodo_code,pace_shisu_juni,gekiso_juni,14,1757,84.58,12.01,78.29,False
KEIBAJO_SURFACE_09_ダ_条件戦,rotation_bin+hizume_code+gekiso_juni,rotation_bin,hizume_code,gekiso_juni,8,905,82.28,5.83,78.24,False
KEIBAJO_SURFACE_09_ダ_条件戦,kyakushitsu+hizume_code+pace_shisu_juni,kyakushitsu,hizume_code,pace_shisu_juni,14,1692,85.13,13.27,78.17,False
KEIBAJO_SURFACE_09_ダ_条件戦,kyakushitsu+hizume_code+gekiso_juni,kyakushitsu,hizume_code,gekiso_juni,15,1804,83.78,11.11,78.16,False
KEIBAJO_SURFACE_09_ダ_条件戦,joshodo_code+ten_shisu_juni+manken_shisu_decile,joshodo_code,ten_shisu_juni,manken_shisu_decile,26,3075,82.02,10.27,78.07,False
KEIBAJO_SURFACE_09_ダ_条件戦,pace_shisu_juni+ten_shisu_juni+manken_shisu_decile,pace_shisu_juni,ten_shisu_juni,manken_shisu_decile,3,361,84.35,5.64,77.97,False
KEIBAJO_SURFACE_09_ダ_条件戦,kyakushitsu+hizume_code+ten_shisu_juni,kyakushitsu,hizume_code,ten_shisu_juni,13,1672,84.58,12.18,77.96,False
KEIBAJO_SURFACE_09_ダ_条件戦,kyori_kubun+omo_tekisei_code+manken_shirushi,kyori_kubun,omo_tekisei_code,manken_shirushi,32,5159,80.72,8.73,77.69,False
KEIBAJO_SURFACE_09_ダ_条件戦,uma_deokure_bin+ichi_shisu_juni+gekiso_juni,uma_deokure_bin,ichi_shisu_juni,gekiso_juni,3,400,85.14,6.59,77.68,False
KEIBAJO_SURFACE_09_ダ_条件戦,omo_tekisei_code+manken_shirushi+rotation_bin,omo_tekisei_code,manken_shirushi,rotation_bin,18,2303,82.36,10.14,77.67,False
KEIBAJO_SURFACE_09_ダ_条件戦,manken_shirushi+rotation_bin+joshodo_code,manken_shirushi,rotation_bin,joshodo_code,29,5275,80.9,10.01,77.26,False
KEIBAJO_SURFACE_09_ダ_条件戦,manken_shirushi+kyori_tekisei+idm_decile,manken_shirushi,kyori_tekisei,idm_decile,5,585,84.67,8.45,77.26,False
KEIBAJO_SURFACE_09_ダ_条件戦,kyori_kubun+pace_yoso+manken_shirushi,kyori_kubun,pace_yoso,manken_shirushi,43,6623,80.09,9.77,77.17,False
KEIBAJO_SURFACE_09_ダ_条件戦,kyori_kubun+manken_shirushi+kishu_shisu_decile,kyori_kubun,manken_shirushi,kishu_shisu_decile,7,831,87.63,14.17,77.14,False
KEIBAJO_SURFACE_09_ダ_条件戦,omo_tekisei_code+hizume_code+ten_shisu_juni,omo_tekisei_code,hizume_code,ten_shisu_juni,18,3156,81.9,10.31,77.13,False
KEIBAJO_SURFACE_09_ダ_条件戦,kyori_kubun+manken_shirushi+kijun_ninkijun_tansho,kyori_kubun,manken_shirushi,kijun_ninkijun_tansho,3,360,86.45,8.32,77.04,False
KEIBAJO_SURFACE_09_ダ_条件戦,omo_tekisei_code+ichi_shisu_juni+pace_shisu_juni,omo_tekisei_code,ichi_shisu_juni,pace_shisu_juni,3,415,86.78,8.62,77.03,False
KEIBAJO_SURFACE_09_ダ_条件戦,manken_shirushi+joshodo_code+tenkai_kigo_code,manken_shirushi,joshodo_code,tenkai_kigo_code,20,5764,82.25,11.93,77.02,False
KEIBAJO_SURFACE_09_ダ_条件戦,uma_start_shisu_decile+manken_shirushi+joshodo_code,uma_start_shisu_decile,manken_shirushi,joshodo_code,17,3658,83.2,13.26,76.9,False
KEIBAJO_SURFACE_09_ダ_条件戦,pace_yoso+hizume_code+pace_shisu_juni,pace_yoso,hizume_code,pace_shisu_juni,16,2233,81.98,10.4,76.88,False
KEIBAJO_SURFACE_09_ダ_条件戦,pace_yoso+manken_shirushi+gekiso_juni,pace_yoso,manken_shirushi,gekiso_juni,7,922,85.18,11.21,76.88,False
KEIBAJO_SURFACE_09_ダ_条件戦,manken_shirushi+joshodo_code+ls_shisu_juni,manken_shirushi,joshodo_code,ls_shisu_juni,22,4084,82.6,14.08,76.72,False
KEIBAJO_SURFACE_09_ダ_条件戦,pace_yoso+manken_shirushi+kyori_tekisei,pace_yoso,manken_shirushi,kyori_tekisei,32,4644,80.99,12.48,76.67,False
KEIBAJO_SURFACE_09_ダ_条件戦,kyori_kubun+manken_shirushi+hizume_code,kyori_kubun,manken_shirushi,hizume_code,12,1852,81.98,9.43,76.64,False
KEIBAJO_SURFACE_09_ダ_条件戦,uma_deokure_bin+manken_shirushi+kyori_tekisei,uma_deokure_bin,manken_shirushi,kyori_tekisei,32,4457,81.07,12.79,76.64,False
KEIBAJO_SURFACE_09_ダ_条件戦,manken_shirushi+kyakushitsu+manken_shisu_decile,manken_shirushi,kyakushitsu,manken_shisu_decile,15,2027,82.4,11.4,76.63,False
KEIBAJO_SURFACE_09_ダ_条件戦,uma_deokure_bin+kyori_kubun+manken_shirushi,uma_deokure_bin,kyori_kubun,manken_shirushi,33,5233,80.06,10.1,76.61,False
KEIBAJO_SURFACE_09_ダ_条件戦,bataiju_zogen+joshodo_code+pace_shisu_juni,bataiju_zogen,joshodo_code,pace_shisu_juni,24,3092,80.11,8.75,76.61,False
KEIBAJO_SURFACE_09_ダ_条件戦,uma_deokure_bin+manken_shisu_decile+gekiso_juni,uma_deokure_bin,manken_shisu_decile,gekiso_juni,11,1344,83.19,11.2,76.57,False
KEIBAJO_SURFACE_09_ダ_条件戦,kijun_ninkijun_tansho+manken_shisu_decile+joho_shisu_decile,kijun_ninkijun_tansho,manken_shisu_decile,joho_shisu_decile,8,1037,87.72,16.16,76.53,False
KEIBAJO_SURFACE_09_ダ_条件戦,omo_tekisei_code+kyori_tekisei+ten_shisu_juni,omo_tekisei_code,kyori_tekisei,ten_shisu_juni,30,4120,80.87,12.19,76.51,False
KEIBAJO_SURFACE_09_ダ_条件戦,uma_deokure_bin+manken_shisu_decile+kishu_shisu_decile,uma_deokure_bin,manken_shisu_decile,kishu_shisu_decile,19,2152,82.1,12.87,76.31,False
KEIBAJO_SURFACE_09_ダ_条件戦,hizume_code+kijun_ninkijun_tansho+idm_decile,hizume_code,kijun_ninkijun_tansho,idm_decile,12,1370,81.91,9.97,76.27,False
KEIBAJO_SURFACE_09_ダ_条件戦,uma_start_shisu_decile+ichi_shisu_juni+hizume_code,uma_start_shisu_decile,ichi_shisu_juni,hizume_code,9,1462,79.83,5.51,76.24,False
KEIBAJO_SURFACE_09_ダ_条件戦,manken_shirushi+joshodo_code+gekiso_juni,manken_shirushi,joshodo_code,gekiso_juni,21,3128,82.35,14.42,76.19,False
KEIBAJO_SURFACE_09_ダ_条件戦,uma_deokure_bin+manken_shirushi+hizume_code,uma_deokure_bin,manken_shirushi,hizume_code,16,2664,80.7,9.29,76.14,False
KEIBAJO_SURFACE_09_ダ_条件戦,rotation_bin+ichi_shisu_juni+joshodo_code,rotation_bin,ichi_shisu_juni,joshodo_code,39,6454,79.21,9.78,76.14,False
KEIBAJO_SURFACE_09_ダ_条件戦,rotation_bin+kijun_ninkijun_tansho+kishu_shisu_decile,rotation_bin,kijun_ninkijun_tansho,kishu_shisu_decile,12,2047,82.7,11.63,76.12,False
KEIBAJO_SURFACE_09_ダ_条件戦,pace_shisu_juni+kijun_ninkijun_tansho+kishu_shisu_decile,pace_shisu_juni,kijun_ninkijun_tansho,kishu_shisu_decile,5,936,84.89,10.16,75.98,False
KEIBAJO_SURFACE_09_ダ_条件戦,kyori_kubun+bataiju_zogen+kyori_tekisei,kyori_kubun,bataiju_zogen,kyori_tekisei,21,5046,79.6,8.65,75.9,False
KEIBAJO_SURFACE_09_ダ_条件戦,uma_deokure_bin+omo_tekisei_code+joshodo_code,uma_deokure_bin,omo_tekisei_code,joshodo_code,8,9309,81.85,8.63,75.87,False
KEIBAJO_SURFACE_09_ダ_条件戦,kyakushitsu+kyori_tekisei+ichi_shisu_juni,kyakushitsu,kyori_tekisei,ichi_shisu_juni,26,5248,79.97,10.72,75.85,False
KEIBAJO_SURFACE_09_ダ_条件戦,uma_start_shisu_decile+joshodo_code+manken_shisu_decile,uma_start_shisu_decile,joshodo_code,manken_shisu_decile,33,6873,79.61,11.45,75.71,False
KEIBAJO_SURFACE_09_ダ_条件戦,kyori_kubun+manken_shirushi+manken_shisu_decile,kyori_kubun,manken_shirushi,manken_shisu_decile,19,3034,79.7,8.86,75.71,False
KEIBAJO_SURFACE_09_ダ_条件戦,uma_deokure_bin+kyori_tekisei+ten_shisu_juni,uma_deokure_bin,kyori_tekisei,ten_shisu_juni,35,4626,79.12,10.61,75.61,False
KEIBAJO_SURFACE_09_ダ_条件戦,manken_shirushi+hizume_code+tenkai_kigo_code,manken_shirushi,hizume_code,tenkai_kigo_code,14,2048,82.16,12.56,75.57,False
KEIBAJO_SURFACE_09_ダ_条件戦,manken_shirushi+kyori_tekisei+manken_shisu_decile,manken_shirushi,kyori_tekisei,manken_shisu_decile,14,2213,79.99,8.46,75.55,False
KEIBAJO_SURFACE_09_ダ_条件戦,manken_shirushi+hizume_code+manken_shisu_decile,manken_shirushi,hizume_code,manken_shisu_decile,12,1792,81.84,11.18,75.51,False
KEIBAJO_SURFACE_09_ダ_条件戦,joshodo_code+pace_shisu_juni+kijun_ninkijun_tansho,joshodo_code,pace_shisu_juni,kijun_ninkijun_tansho,15,1933,80.47,9.81,75.5,False
KEIBAJO_SURFACE_09_ダ_条件戦,omo_tekisei_code+bataiju+joshodo_code,omo_tekisei_code,bataiju,joshodo_code,31,3948,78.77,9.36,75.48,False
KEIBAJO_SURFACE_09_ダ_条件戦,manken_shirushi+kyakushitsu+joshodo_code,manken_shirushi,kyakushitsu,joshodo_code,38,7713,78.54,9.69,75.46,False
KEIBAJO_SURFACE_09_ダ_条件戦,omo_tekisei_code+manken_shirushi+kyakushitsu,omo_tekisei_code,manken_shirushi,kyakushitsu,36,4736,79.21,11.56,75.44,False
KEIBAJO_SURFACE_09_ダ_条件戦,pace_yoso+omo_tekisei_code+manken_shirushi,pace_yoso,omo_tekisei_code,manken_shirushi,34,5656,79.09,11.02,75.39,False
KEIBAJO_SURFACE_09_ダ_条件戦,kyori_kubun+manken_shirushi+joshodo_code,kyori_kubun,manken_shirushi,joshodo_code,24,6777,79.59,10.51,75.39,False
KEIBAJO_SURFACE_09_ダ_条件戦,manken_shirushi+rotation_bin+kyori_tekisei,manken_shirushi,rotation_bin,kyori_tekisei,8,988,80.31,7.32,75.23,False
KEIBAJO_SURFACE_09_ダ_条件戦,uma_start_shisu_decile+kyori_tekisei+gekiso_juni,uma_start_shisu_decile,kyori_tekisei,gekiso_juni,11,1597,80.69,9.26,75.22,False
KEIBAJO_SURFACE_09_ダ_条件戦,kyori_tekisei+hizume_code+ten_shisu_juni,kyori_tekisei,hizume_code,ten_shisu_juni,12,1506,82.07,12.13,75.2,False
KEIBAJO_SURFACE_09_ダ_条件戦,uma_deokure_bin+pace_yoso+manken_shirushi,uma_deokure_bin,pace_yoso,manken_shirushi,32,5485,78.98,10.98,75.18,False
KEIBAJO_SURFACE_09_ダ_条件戦,bataiju_zogen+ichi_shisu_juni+joshodo_code,bataiju_zogen,ichi_shisu_juni,joshodo_code,26,3296,78.12,7.68,75.16,False
KEIBAJO_SURFACE_09_ダ_条件戦,pace_yoso+manken_shirushi+joshodo_code,pace_yoso,manken_shirushi,joshodo_code,31,7656,78.44,9.35,75.15,False
KEIBAJO_SURFACE_09_ダ_条件戦,rotation_bin+joshodo_code+tenkai_kigo_code,rotation_bin,joshodo_code,tenkai_kigo_code,23,9377,79.18,9.98,75.11,False
KEIBAJO_SURFACE_09_ダ_条件戦,kyori_kubun+kyori_tekisei+ichi_shisu_juni,kyori_kubun,kyori_tekisei,ichi_shisu_juni,28,6480,78.67,9.63,75.1,False
KEIBAJO_SURFACE_09_ダ_条件戦,pace_yoso+hizume_code+ten_shisu_juni,pace_yoso,hizume_code,ten_shisu_juni,17,2312,80.97,12.37,75.09,False
KEIBAJO_SURFACE_09_ダ_条件戦,uma_start_shisu_decile+gekiso_juni+idm_decile,uma_start_shisu_decile,gekiso_juni,idm_decile,5,578,82.86,8.9,75.06,False
KEIBAJO_SURFACE_09_ダ_条件戦,uma_start_shisu_decile+omo_tekisei_code+rotation_bin,uma_start_shisu_decile,omo_tekisei_code,rotation_bin,28,5828,79.36,11.64,75.05,False
KEIBAJO_SURFACE_09_ダ_条件戦,rotation_bin+kyori_tekisei+hizume_code,rotation_bin,kyori_tekisei,hizume_code,21,4168,79.66,10.89,75.01,False
KEIBAJO_SURFACE_09_ダ_条件戦,kyori_tekisei+hizume_code+pace_shisu_juni,kyori_tekisei,hizume_code,pace_shisu_juni,10,1409,81.74,10.86,75.01,False
KEIBAJO_SURFACE_09_ダ_条件戦,uma_start_shisu_decile+pace_yoso+joshodo_code,uma_start_shisu_decile,pace_yoso,joshodo_code,22,9669,78.14,7.56,74.99,False
KEIBAJO_SURFACE_09_ダ_条件戦,bataiju_zogen+hizume_code+kishu_shisu_decile,bataiju_zogen,hizume_code,kishu_shisu_decile,3,338,83.22,7.3,74.96,False
KEIBAJO_SURFACE_09_ダ_条件戦,hizume_code+manken_shisu_decile+idm_decile,hizume_code,manken_shisu_decile,idm_decile,17,2071,80.92,12.59,74.93,False
KEIBAJO_SURFACE_09_ダ_条件戦,omo_tekisei_code+kyakushitsu+ten_shisu_juni,omo_tekisei_code,kyakushitsu,ten_shisu_juni,38,5383,78.7,11.91,74.92,False
KEIBAJO_SURFACE_09_ダ_条件戦,manken_shirushi+joshodo_code+manken_shisu_decile,manken_shirushi,joshodo_code,manken_shisu_decile,24,6107,78.79,9.68,74.92,False
KEIBAJO_SURFACE_09_ダ_条件戦,kyori_kubun+manken_shirushi+kyori_tekisei,kyori_kubun,manken_shirushi,kyori_tekisei,27,5395,79.26,11.58,74.89,False
KEIBAJO_SURFACE_09_ダ_条件戦,omo_tekisei_code+pace_shisu_juni+kijun_ninkijun_tansho,omo_tekisei_code,pace_shisu_juni,kijun_ninkijun_tansho,3,360,86.77,10.51,74.88,False
KEIBAJO_SURFACE_09_ダ_条件戦,joshodo_code+pace_shisu_juni+ten_shisu_juni,joshodo_code,pace_shisu_juni,ten_shisu_juni,26,4162,79.5,12.01,74.88,False
KEIBAJO_SURFACE_09_ダ_条件戦,pace_yoso+kijun_ninkijun_tansho+manken_shisu_decile,pace_yoso,kijun_ninkijun_tansho,manken_shisu_decile,5,539,88.52,15.57,74.87,False
KEIBAJO_SURFACE_09_ダ_条件戦,uma_start_shisu_decile+kyakushitsu+joshodo_code,uma_start_shisu_decile,kyakushitsu,joshodo_code,25,9457,77.99,8.01,74.85,False
KEIBAJO_SURFACE_09_ダ_条件戦,kyakushitsu+hizume_code+kijun_ninkijun_tansho,kyakushitsu,hizume_code,kijun_ninkijun_tansho,17,2207,79.55,9.91,74.84,False
KEIBAJO_SURFACE_09_ダ_条件戦,ten_shisu_juni+kijun_ninkijun_tansho+joho_shisu_decile,ten_shisu_juni,kijun_ninkijun_tansho,joho_shisu_decile,3,493,87.53,11.24,74.82,False
KEIBAJO_SURFACE_09_ダ_条件戦,pace_yoso+manken_shirushi+kyakushitsu,pace_yoso,manken_shirushi,kyakushitsu,37,4703,78.55,11.7,74.78,False
KEIBAJO_SURFACE_09_ダ_条件戦,uma_deokure_bin+manken_shirushi+tenkai_kigo_code,uma_deokure_bin,manken_shirushi,tenkai_kigo_code,28,4735,79.13,11.75,74.78,False
KEIBAJO_SURFACE_09_ダ_条件戦,uma_start_shisu_decile+pace_yoso+ichi_shisu_juni,uma_start_shisu_decile,pace_yoso,ichi_shisu_juni,16,2634,78.07,6.73,74.78,False
KEIBAJO_SURFACE_09_ダ_条件戦,ichi_shisu_juni+joshodo_code+manken_shisu_decile,ichi_shisu_juni,joshodo_code,manken_shisu_decile,38,5284,78.46,11.6,74.77,False
KEIBAJO_SURFACE_09_ダ_条件戦,pace_yoso+bataiju+joshodo_code,pace_yoso,bataiju,joshodo_code,25,2914,78.56,9.77,74.73,False
KEIBAJO_SURFACE_09_ダ_条件戦,uma_deokure_bin+manken_shirushi+kyakushitsu,uma_deokure_bin,manken_shirushi,kyakushitsu,31,4608,78.46,10.64,74.72,False
KEIBAJO_SURFACE_09_ダ_条件戦,kyori_tekisei+hizume_code+manken_shisu_decile,kyori_tekisei,hizume_code,manken_shisu_decile,22,3276,79.52,11.58,74.68,False
KEIBAJO_SURFACE_09_ダ_条件戦,kyori_kubun+uma_start_shisu_decile+joshodo_code,kyori_kubun,uma_start_shisu_decile,joshodo_code,24,9787,77.26,6.51,74.66,False
KEIBAJO_SURFACE_09_ダ_条件戦,kyori_kubun+manken_shirushi+kyakushitsu,kyori_kubun,manken_shirushi,kyakushitsu,22,2931,79.8,12.34,74.64,False
KEIBAJO_SURFACE_09_ダ_条件戦,omo_tekisei_code+manken_shirushi+joshodo_code,omo_tekisei_code,manken_shirushi,joshodo_code,16,6312,78.87,8.64,74.64,False
KEIBAJO_SURFACE_09_ダ_条件戦,pace_yoso+manken_shirushi+manken_shisu_decile,pace_yoso,manken_shirushi,manken_shisu_decile,26,3846,79.11,11.68,74.62,False
KEIBAJO_SURFACE_09_ダ_条件戦,uma_deokure_bin+uma_start_shisu_decile+kyori_tekisei,uma_deokure_bin,uma_start_shisu_decile,kyori_tekisei,28,7840,78.17,9.6,74.62,False
KEIBAJO_SURFACE_09_ダ_条件戦,hizume_code+kijun_ninkijun_tansho+sogo_shisu_decile,hizume_code,kijun_ninkijun_tansho,sogo_shisu_decile,13,1412,82.85,15.15,74.61,False
KEIBAJO_SURFACE_09_ダ_条件戦,kyori_kubun+pace_yoso+bataiju_zogen,kyori_kubun,pace_yoso,bataiju_zogen,37,6726,77.11,7.74,74.61,False
KEIBAJO_SURFACE_09_ダ_条件戦,kyori_kubun+pace_shisu_juni+kishu_shisu_decile,kyori_kubun,pace_shisu_juni,kishu_shisu_decile,8,1094,81.16,9.44,74.61,False
KEIBAJO_SURFACE_09_ダ_条件戦,omo_tekisei_code+manken_shirushi+idm_decile,omo_tekisei_code,manken_shirushi,idm_decile,19,2171,79.96,11.94,74.6,False
KEIBAJO_SURFACE_09_ダ_条件戦,rotation_bin+kyakushitsu+kyori_tekisei,rotation_bin,kyakushitsu,kyori_tekisei,36,6412,78.32,11.46,74.58,False
KEIBAJO_SURFACE_09_ダ_条件戦,uma_start_shisu_decile+joshodo_code+tenkai_kigo_code,uma_start_shisu_decile,joshodo_code,tenkai_kigo_code,21,8866,79.35,11.17,74.57,False
KEIBAJO_SURFACE_09_ダ_条件戦,pace_yoso+rotation_bin+kyori_tekisei,pace_yoso,rotation_bin,kyori_tekisei,34,7437,77.82,9.67,74.57,False
KEIBAJO_SURFACE_09_ダ_条件戦,manken_shirushi+kyori_tekisei+hizume_code,manken_shirushi,kyori_tekisei,hizume_code,11,1533,81.48,11.71,74.56,False
KEIBAJO_SURFACE_09_ダ_条件戦,uma_deokure_bin+kyori_kubun+uma_start_shisu_decile,uma_deokure_bin,kyori_kubun,uma_start_shisu_decile,27,8566,77.17,6.9,74.56,False
KEIBAJO_SURFACE_09_ダ_条件戦,uma_start_shisu_decile+omo_tekisei_code+joshodo_code,uma_start_shisu_decile,omo_tekisei_code,joshodo_code,17,9290,77.12,5.41,74.55,False
KEIBAJO_SURFACE_09_ダ_条件戦,uma_deokure_bin+kyori_tekisei+gekiso_juni,uma_deokure_bin,kyori_tekisei,gekiso_juni,28,4260,79.17,12.58,74.51,False
KEIBAJO_SURFACE_09_ダ_条件戦,pace_yoso+manken_shirushi+tenkai_kigo_code,pace_yoso,manken_shirushi,tenkai_kigo_code,27,4434,79.02,11.97,74.5,False
KEIBAJO_SURFACE_09_ダ_条件戦,uma_deokure_bin+manken_shirushi+joshodo_code,uma_deokure_bin,manken_shirushi,joshodo_code,16,6381,78.95,9.15,74.47,False
KEIBAJO_SURFACE_09_ダ_条件戦,omo_tekisei_code+rotation_bin+ten_shisu_juni,omo_tekisei_code,rotation_bin,ten_shisu_juni,20,2376,79.17,10.87,74.41,False
KEIBAJO_SURFACE_09_ダ_条件戦,kyori_kubun+omo_tekisei_code+tenkai_kigo_code,kyori_kubun,omo_tekisei_code,tenkai_kigo_code,22,8890,79.08,11.21,74.39,False
KEIBAJO_SURFACE_09_ダ_条件戦,pace_yoso+ichi_shisu_juni+hizume_code,pace_yoso,ichi_shisu_juni,hizume_code,15,2193,80.62,12.32,74.38,False
KEIBAJO_SURFACE_09_ダ_条件戦,ichi_shisu_juni+joshodo_code+ten_shisu_juni,ichi_shisu_juni,joshodo_code,ten_shisu_juni,22,3535,78.34,9.46,74.38,False
KEIBAJO_SURFACE_09_ダ_条件戦,bataiju_zogen+kyakushitsu+kyori_tekisei,bataiju_zogen,kyakushitsu,kyori_tekisei,28,3830,77.82,9.34,74.36,False
KEIBAJO_SURFACE_09_ダ_条件戦,pace_shisu_juni+ten_shisu_juni+tenkai_kigo_code,pace_shisu_juni,ten_shisu_juni,tenkai_kigo_code,15,2287,78.99,9.28,74.3,False
KEIBAJO_SURFACE_09_ダ_条件戦,bataiju+joshodo_code+hizume_code,bataiju,joshodo_code,hizume_code,8,967,83.43,13.22,74.27,False
KEIBAJO_SURFACE_09_ダ_条件戦,omo_tekisei_code+bataiju_zogen+kyori_tekisei,omo_tekisei_code,bataiju_zogen,kyori_tekisei,34,5909,77.3,9.04,74.26,False
KEIBAJO_SURFACE_09_ダ_条件戦,uma_deokure_bin+omo_tekisei_code+manken_shirushi,uma_deokure_bin,omo_tekisei_code,manken_shirushi,32,6090,78.43,12.07,74.25,False
KEIBAJO_SURFACE_09_ダ_条件戦,bataiju_zogen+rotation_bin+kyakushitsu,bataiju_zogen,rotation_bin,kyakushitsu,18,2430,78.76,9.79,74.24,False
KEIBAJO_SURFACE_09_ダ_条件戦,manken_shirushi+kyakushitsu+kyori_tekisei,manken_shirushi,kyakushitsu,kyori_tekisei,23,3027,78.81,11.22,74.22,False
KEIBAJO_SURFACE_09_ダ_条件戦,pace_yoso+omo_tekisei_code+rotation_bin,pace_yoso,omo_tekisei_code,rotation_bin,27,8509,76.71,6.62,74.22,False
KEIBAJO_SURFACE_09_ダ_条件戦,uma_deokure_bin+manken_shirushi+manken_shisu_decile,uma_deokure_bin,manken_shirushi,manken_shisu_decile,29,4513,78.63,12.15,74.21,False
KEIBAJO_SURFACE_09_ダ_条件戦,uma_deokure_bin+kyori_kubun+joshodo_code,uma_deokure_bin,kyori_kubun,joshodo_code,8,9536,79.1,7.06,74.2,False
KEIBAJO_SURFACE_09_ダ_条件戦,bataiju_zogen+kyakushitsu+hizume_code,bataiju_zogen,kyakushitsu,hizume_code,17,2558,79.14,10.46,74.16,False
KEIBAJO_SURFACE_09_ダ_条件戦,omo_tekisei_code+kyakushitsu+joshodo_code,omo_tekisei_code,kyakushitsu,joshodo_code,11,9591,77.13,5.04,74.15,False
KEIBAJO_SURFACE_09_ダ_条件戦,kyori_kubun+uma_start_shisu_decile+omo_tekisei_code,kyori_kubun,uma_start_shisu_decile,omo_tekisei_code,29,7904,76.78,7.34,74.11,False
KEIBAJO_SURFACE_09_ダ_条件戦,pace_yoso+omo_tekisei_code+joshodo_code,pace_yoso,omo_tekisei_code,joshodo_code,9,9669,77.17,4.77,74.05,False
KEIBAJO_SURFACE_09_ダ_条件戦,pace_yoso+bataiju_zogen+kyori_tekisei,pace_yoso,bataiju_zogen,kyori_tekisei,32,5239,77.24,9.21,74.05,False
KEIBAJO_SURFACE_09_ダ_条件戦,kyori_kubun+omo_tekisei_code+joshodo_code,kyori_kubun,omo_tekisei_code,joshodo_code,8,9488,78.57,6.52,74.05,False
KEIBAJO_SURFACE_09_ダ_条件戦,manken_shirushi+kyori_tekisei+joshodo_code,manken_shirushi,kyori_tekisei,joshodo_code,34,7311,78.05,11.89,74.05,False
KEIBAJO_SURFACE_09_ダ_条件戦,omo_tekisei_code+bataiju_zogen+manken_shisu_decile,omo_tekisei_code,bataiju_zogen,manken_shisu_decile,9,1078,82.0,12.29,73.97,False
KEIBAJO_SURFACE_09_ダ_条件戦,kyori_kubun+pace_yoso+rotation_bin,kyori_kubun,pace_yoso,rotation_bin,34,8687,76.23,6.79,73.95,False
KEIBAJO_SURFACE_09_ダ_条件戦,bataiju_zogen+kyori_tekisei+idm_decile,bataiju_zogen,kyori_tekisei,idm_decile,14,1742,80.79,13.05,73.95,False
KEIBAJO_SURFACE_09_ダ_条件戦,kyori_kubun+uma_start_shisu_decile+pace_yoso,kyori_kubun,uma_start_shisu_decile,pace_yoso,30,7643,77.03,8.71,73.91,False
KEIBAJO_SURFACE_09_ダ_条件戦,rotation_bin+sogo_shisu_decile+kishu_shisu_decile,rotation_bin,sogo_shisu_decile,kishu_shisu_decile,9,1123,80.73,10.48,73.88,False
KEIBAJO_SURFACE_09_ダ_条件戦,kyori_kubun+pace_yoso+omo_tekisei_code,kyori_kubun,pace_yoso,omo_tekisei_code,17,9375,75.41,3.23,73.87,False
KEIBAJO_SURFACE_09_ダ_条件戦,omo_tekisei_code+kyori_tekisei+ichi_shisu_juni,omo_tekisei_code,kyori_tekisei,ichi_shisu_juni,29,4177,77.8,10.79,73.87,False
KEIBAJO_SURFACE_09_ダ_条件戦,uma_deokure_bin+kyori_kubun+tenkai_kigo_code,uma_deokure_bin,kyori_kubun,tenkai_kigo_code,19,8680,78.88,11.15,73.86,False
KEIBAJO_SURFACE_09_ダ_条件戦,omo_tekisei_code+manken_shirushi+manken_shisu_decile,omo_tekisei_code,manken_shirushi,manken_shisu_decile,29,4533,78.56,12.98,73.84,False
KEIBAJO_SURFACE_09_ダ_条件戦,pace_yoso+kyori_tekisei+ichi_shisu_juni,pace_yoso,kyori_tekisei,ichi_shisu_juni,25,4996,77.89,10.34,73.84,False
KEIBAJO_SURFACE_09_ダ_条件戦,uma_start_shisu_decile+omo_tekisei_code+kyakushitsu,uma_start_shisu_decile,omo_tekisei_code,kyakushitsu,32,7979,77.46,10.52,73.81,False
KEIBAJO_SURFACE_09_ダ_条件戦,ichi_shisu_juni+joshodo_code+pace_shisu_juni,ichi_shisu_juni,joshodo_code,pace_shisu_juni,22,3592,77.45,8.73,73.8,False
KEIBAJO_SURFACE_09_ダ_条件戦,uma_deokure_bin+kyori_tekisei+ichi_shisu_juni,uma_deokure_bin,kyori_tekisei,ichi_shisu_juni,28,4168,77.76,10.7,73.8,False
KEIBAJO_SURFACE_09_ダ_条件戦,omo_tekisei_code+manken_shirushi+tenkai_kigo_code,omo_tekisei_code,manken_shirushi,tenkai_kigo_code,24,4436,78.21,11.1,73.77,False
KEIBAJO_SURFACE_09_ダ_条件戦,uma_deokure_bin+kyakushitsu+ten_shisu_juni,uma_deokure_bin,kyakushitsu,ten_shisu_juni,39,5879,76.84,9.9,73.73,False
KEIBAJO_SURFACE_09_ダ_条件戦,kyori_kubun+uma_start_shisu_decile+rotation_bin,kyori_kubun,uma_start_shisu_decile,rotation_bin,26,5272,77.69,10.4,73.7,False
KEIBAJO_SURFACE_09_ダ_条件戦,pace_yoso+pace_shisu_juni+manken_shisu_decile,pace_yoso,pace_shisu_juni,manken_shisu_decile,4,472,79.94,6.37,73.69,False
KEIBAJO_SURFACE_09_ダ_条件戦,omo_tekisei_code+rotation_bin+kyakushitsu,omo_tekisei_code,rotation_bin,kyakushitsu,35,8320,76.43,8.3,73.67,False
KEIBAJO_SURFACE_09_ダ_条件戦,omo_tekisei_code+rotation_bin+pace_shisu_juni,omo_tekisei_code,rotation_bin,pace_shisu_juni,21,2564,78.89,12.21,73.67,False
KEIBAJO_SURFACE_09_ダ_条件戦,uma_deokure_bin+kyori_kubun+pace_yoso,uma_deokure_bin,kyori_kubun,pace_yoso,17,9423,75.73,4.34,73.66,False
KEIBAJO_SURFACE_09_ダ_条件戦,rotation_bin+kyakushitsu+kijun_ninkijun_tansho,rotation_bin,kyakushitsu,kijun_ninkijun_tansho,9,1062,78.13,6.87,73.64,False
KEIBAJO_SURFACE_09_ダ_条件戦,kyakushitsu+kyori_tekisei+manken_shisu_decile,kyakushitsu,kyori_tekisei,manken_shisu_decile,38,6420,77.88,13.46,73.6,False
KEIBAJO_SURFACE_09_ダ_条件戦,kyori_kubun+omo_tekisei_code+rotation_bin,kyori_kubun,omo_tekisei_code,rotation_bin,30,8668,76.49,8.13,73.57,False
KEIBAJO_SURFACE_09_ダ_条件戦,kyori_kubun+rotation_bin+joshodo_code,kyori_kubun,rotation_bin,joshodo_code,19,9539,75.81,4.98,73.57,False
KEIBAJO_SURFACE_09_ダ_条件戦,omo_tekisei_code+rotation_bin+joshodo_code,omo_tekisei_code,rotation_bin,joshodo_code,14,9112,76.0,4.65,73.56,False
KEIBAJO_SURFACE_09_ダ_条件戦,kyori_kubun+pace_yoso+kyakushitsu,kyori_kubun,pace_yoso,kyakushitsu,32,11570,75.33,5.28,73.5,False
KEIBAJO_SURFACE_09_ダ_条件戦,pace_yoso+omo_tekisei_code+kyakushitsu,pace_yoso,omo_tekisei_code,kyakushitsu,24,9508,76.08,6.45,73.5,False
KEIBAJO_SURFACE_09_ダ_条件戦,uma_deokure_bin+bataiju+joshodo_code,uma_deokure_bin,bataiju,joshodo_code,40,4732,76.92,11.08,73.48,False
KEIBAJO_SURFACE_09_ダ_条件戦,omo_tekisei_code+bataiju_zogen+rotation_bin,omo_tekisei_code,bataiju_zogen,rotation_bin,24,4181,77.24,9.4,73.48,False
KEIBAJO_SURFACE_09_ダ_条件戦,kyori_kubun+pace_yoso+pace_shisu_juni,kyori_kubun,pace_yoso,pace_shisu_juni,52,8176,76.4,10.81,73.46,False
KEIBAJO_SURFACE_09_ダ_条件戦,rotation_bin+joshodo_code+pace_shisu_juni,rotation_bin,joshodo_code,pace_shisu_juni,32,5798,77.46,11.55,73.46,False
KEIBAJO_SURFACE_09_ダ_条件戦,uma_deokure_bin+pace_yoso+tenkai_kigo_code,uma_deokure_bin,pace_yoso,tenkai_kigo_code,20,8853,77.98,10.31,73.46,False
KEIBAJO_SURFACE_09_ダ_条件戦,bataiju_zogen+kyori_tekisei+hizume_code,bataiju_zogen,kyori_tekisei,hizume_code,18,2784,77.55,8.88,73.45,False
KEIBAJO_SURFACE_09_ダ_条件戦,uma_start_shisu_decile+kyori_tekisei+joshodo_code,uma_start_shisu_decile,kyori_tekisei,joshodo_code,27,9198,77.06,9.61,73.44,False
KEIBAJO_SURFACE_09_ダ_条件戦,rotation_bin+joshodo_code+ten_shisu_juni,rotation_bin,joshodo_code,ten_shisu_juni,37,6119,77.73,13.35,73.43,False
KEIBAJO_SURFACE_09_ダ_条件戦,kyori_kubun+bataiju_zogen+kyakushitsu,kyori_kubun,bataiju_zogen,kyakushitsu,33,5219,75.98,7.52,73.41,False
KEIBAJO_SURFACE_09_ダ_条件戦,uma_deokure_bin+pace_yoso+joshodo_code,uma_deokure_bin,pace_yoso,joshodo_code,8,9549,78.04,6.78,73.35,False
KEIBAJO_SURFACE_09_ダ_条件戦,rotation_bin+kyakushitsu+hizume_code,rotation_bin,kyakushitsu,hizume_code,24,4459,77.46,10.33,73.33,False
KEIBAJO_SURFACE_09_ダ_条件戦,uma_deokure_bin+uma_start_shisu_decile+tenkai_kigo_code,uma_deokure_bin,uma_start_shisu_decile,tenkai_kigo_code,24,7846,77.77,11.13,73.31,False
KEIBAJO_SURFACE_09_ダ_条件戦,uma_deokure_bin+kyakushitsu+ichi_shisu_juni,uma_deokure_bin,kyakushitsu,ichi_shisu_juni,40,6844,76.88,11.54,73.31,False
KEIBAJO_SURFACE_09_ダ_条件戦,bataiju_zogen+rotation_bin+idm_decile,bataiju_zogen,rotation_bin,idm_decile,9,1073,79.99,10.23,73.3,False
KEIBAJO_SURFACE_09_ダ_条件戦,bataiju_zogen+rotation_bin+joshodo_code,bataiju_zogen,rotation_bin,joshodo_code,30,6780,76.48,8.9,73.29,False
KEIBAJO_SURFACE_09_ダ_条件戦,omo_tekisei_code+kyakushitsu+tenkai_kigo_code,omo_tekisei_code,kyakushitsu,tenkai_kigo_code,23,9257,78.43,12.64,73.26,False
KEIBAJO_SURFACE_09_ダ_条件戦,kyori_tekisei+kijun_ninkijun_tansho+manken_shisu_decile,kyori_tekisei,kijun_ninkijun_tansho,manken_shisu_decile,4,427,87.35,14.38,73.26,False
KEIBAJO_SURFACE_09_ダ_条件戦,kyori_kubun+bataiju_zogen+manken_shisu_decile,kyori_kubun,bataiju_zogen,manken_shisu_decile,7,786,81.94,11.72,73.26,False
KEIBAJO_SURFACE_09_ダ_条件戦,omo_tekisei_code+kyori_tekisei+manken_shisu_decile,omo_tekisei_code,kyori_tekisei,manken_shisu_decile,40,6770,77.59,13.96,73.26,False
KEIBAJO_SURFACE_09_ダ_条件戦,uma_deokure_bin+kyori_tekisei+pace_shisu_juni,uma_deokure_bin,kyori_tekisei,pace_shisu_juni,26,3803,78.6,13.89,73.26,False
KEIBAJO_SURFACE_09_ダ_条件戦,uma_deokure_bin+manken_shirushi+rotation_bin,uma_deokure_bin,manken_shirushi,rotation_bin,20,2399,78.76,12.56,73.25,False
KEIBAJO_SURFACE_09_ダ_条件戦,uma_start_shisu_decile+bataiju_zogen+joshodo_code,uma_start_shisu_decile,bataiju_zogen,joshodo_code,33,6586,76.45,9.43,73.23,False
KEIBAJO_SURFACE_09_ダ_条件戦,uma_start_shisu_decile+omo_tekisei_code+kyori_tekisei,uma_start_shisu_decile,omo_tekisei_code,kyori_tekisei,32,7238,76.53,9.59,73.21,False
KEIBAJO_SURFACE_09_ダ_条件戦,uma_start_shisu_decile+manken_shirushi+hizume_code,uma_start_shisu_decile,manken_shirushi,hizume_code,8,1197,80.45,10.48,73.19,False
KEIBAJO_SURFACE_09_ダ_条件戦,bataiju_zogen+joshodo_code+manken_shisu_decile,bataiju_zogen,joshodo_code,manken_shisu_decile,36,5619,77.04,11.82,73.18,False
KEIBAJO_SURFACE_09_ダ_条件戦,kyori_kubun+rotation_bin+kyori_tekisei,kyori_kubun,rotation_bin,kyori_tekisei,28,7309,77.28,11.08,73.18,False
KEIBAJO_SURFACE_09_ダ_条件戦,pace_yoso+manken_shirushi+rotation_bin,pace_yoso,manken_shirushi,rotation_bin,13,1621,79.76,12.17,73.15,False
KEIBAJO_SURFACE_09_ダ_条件戦,ichi_shisu_juni+joshodo_code+gekiso_juni,ichi_shisu_juni,joshodo_code,gekiso_juni,25,3271,78.16,12.81,73.14,False
KEIBAJO_SURFACE_09_ダ_条件戦,rotation_bin+kyakushitsu+joshodo_code,rotation_bin,kyakushitsu,joshodo_code,24,9449,76.06,7.3,73.13,False
KEIBAJO_SURFACE_09_ダ_条件戦,pace_yoso+ichi_shisu_juni+joshodo_code,pace_yoso,ichi_shisu_juni,joshodo_code,39,10808,76.1,9.48,73.12,False
KEIBAJO_SURFACE_09_ダ_条件戦,uma_deokure_bin+kyori_kubun+rotation_bin,uma_deokure_bin,kyori_kubun,rotation_bin,31,8793,76.05,8.34,73.11,False
KEIBAJO_SURFACE_09_ダ_条件戦,uma_start_shisu_decile+pace_yoso+rotation_bin,uma_start_shisu_decile,pace_yoso,rotation_bin,22,4843,77.5,10.54,73.09,False
KEIBAJO_SURFACE_09_ダ_条件戦,pace_yoso+rotation_bin+joshodo_code,pace_yoso,rotation_bin,joshodo_code,18,9467,75.4,5.03,73.07,False
KEIBAJO_SURFACE_09_ダ_条件戦,omo_tekisei_code+kyori_tekisei+ls_shisu_juni,omo_tekisei_code,kyori_tekisei,ls_shisu_juni,33,7170,77.23,12.26,73.05,False
KEIBAJO_SURFACE_09_ダ_条件戦,pace_yoso+rotation_bin+pace_shisu_juni,pace_yoso,rotation_bin,pace_shisu_juni,16,1912,78.38,10.91,73.03,False
KEIBAJO_SURFACE_09_ダ_条件戦,uma_deokure_bin+pace_yoso+pace_shisu_juni,uma_deokure_bin,pace_yoso,pace_shisu_juni,44,6701,76.59,12.08,73.03,False
KEIBAJO_SURFACE_09_ダ_条件戦,kyori_kubun+pace_yoso+ten_shisu_juni,kyori_kubun,pace_yoso,ten_shisu_juni,48,7673,76.51,12.43,72.99,False
KEIBAJO_SURFACE_09_ダ_条件戦,rotation_bin+kyori_tekisei+kijun_ninkijun_tansho,rotation_bin,kyori_tekisei,kijun_ninkijun_tansho,8,1088,80.37,10.68,72.97,False
KEIBAJO_SURFACE_09_ダ_条件戦,kyori_tekisei+hizume_code+kijun_ninkijun_tansho,kyori_tekisei,hizume_code,kijun_ninkijun_tansho,17,2260,78.85,12.43,72.94,False
KEIBAJO_SURFACE_09_ダ_条件戦,rotation_bin+manken_shisu_decile+idm_decile,rotation_bin,manken_shisu_decile,idm_decile,5,566,81.49,9.76,72.94,False
KEIBAJO_SURFACE_09_ダ_条件戦,kyori_kubun+rotation_bin+kyakushitsu,kyori_kubun,rotation_bin,kyakushitsu,39,7918,76.01,9.77,72.94,False
KEIBAJO_SURFACE_09_ダ_条件戦,uma_deokure_bin+rotation_bin+pace_shisu_juni,uma_deokure_bin,rotation_bin,pace_shisu_juni,19,2360,77.84,10.95,72.92,False
KEIBAJO_SURFACE_09_ダ_条件戦,uma_start_shisu_decile+hizume_code+pace_shisu_juni,uma_start_shisu_decile,hizume_code,pace_shisu_juni,10,1417,79.44,10.54,72.91,False
KEIBAJO_SURFACE_09_ダ_条件戦,omo_tekisei_code+rotation_bin+kyori_tekisei,omo_tekisei_code,rotation_bin,kyori_tekisei,34,7984,77.09,12.44,72.91,False
KEIBAJO_SURFACE_09_ダ_条件戦,kyakushitsu+hizume_code+manken_shisu_decile,kyakushitsu,hizume_code,manken_shisu_decile,20,2886,80.07,16.37,72.9,False
KEIBAJO_SURFACE_09_ダ_条件戦,pace_yoso+omo_tekisei_code+tenkai_kigo_code,pace_yoso,omo_tekisei_code,tenkai_kigo_code,23,9136,77.97,12.45,72.89,False
KEIBAJO_SURFACE_09_ダ_条件戦,kyori_kubun+uma_start_shisu_decile+kyori_tekisei,kyori_kubun,uma_start_shisu_decile,kyori_tekisei,28,7365,77.33,12.01,72.88,False
KEIBAJO_SURFACE_09_ダ_条件戦,pace_yoso+rotation_bin+kyakushitsu,pace_yoso,rotation_bin,kyakushitsu,38,7998,76.03,9.98,72.85,False
KEIBAJO_SURFACE_09_ダ_条件戦,uma_deokure_bin+kyori_tekisei+ls_shisu_juni,uma_deokure_bin,kyori_tekisei,ls_shisu_juni,31,6919,77.45,13.06,72.85,False
KEIBAJO_SURFACE_09_ダ_条件戦,ten_shisu_juni+kijun_ninkijun_tansho+kishu_shisu_decile,ten_shisu_juni,kijun_ninkijun_tansho,kishu_shisu_decile,7,1024,81.65,11.9,72.83,False
KEIBAJO_SURFACE_09_ダ_条件戦,bataiju_zogen+joshodo_code+gekiso_juni,bataiju_zogen,joshodo_code,gekiso_juni,28,3646,78.29,14.78,72.82,False
KEIBAJO_SURFACE_09_ダ_条件戦,pace_yoso+kyori_tekisei+pace_shisu_juni,pace_yoso,kyori_tekisei,pace_shisu_juni,30,5090,77.62,13.5,72.78,False
KEIBAJO_SURFACE_09_ダ_条件戦,uma_deokure_bin+uma_start_shisu_decile+kyakushitsu,uma_deokure_bin,uma_start_shisu_decile,kyakushitsu,23,7837,77.1,10.58,72.78,False
KEIBAJO_SURFACE_09_ダ_条件戦,uma_deokure_bin+bataiju_zogen+kyori_tekisei,uma_deokure_bin,bataiju_zogen,kyori_tekisei,35,5950,76.12,10.1,72.78,False
KEIBAJO_SURFACE_09_ダ_条件戦,uma_deokure_bin+manken_shirushi+idm_decile,uma_deokure_bin,manken_shirushi,idm_decile,18,1982,78.58,12.59,72.77,False
KEIBAJO_SURFACE_09_ダ_条件戦,kyori_kubun+kyori_tekisei+pace_shisu_juni,kyori_kubun,kyori_tekisei,pace_shisu_juni,35,6187,76.49,11.23,72.77,False
KEIBAJO_SURFACE_09_ダ_条件戦,uma_deokure_bin+pace_yoso+omo_tekisei_code,uma_deokure_bin,pace_yoso,omo_tekisei_code,12,8940,75.84,5.45,72.76,False
KEIBAJO_SURFACE_09_ダ_条件戦,kyori_kubun+ichi_shisu_juni+joshodo_code,kyori_kubun,ichi_shisu_juni,joshodo_code,42,10780,75.27,8.36,72.75,False
KEIBAJO_SURFACE_09_ダ_条件戦,omo_tekisei_code+hizume_code+pace_shisu_juni,omo_tekisei_code,hizume_code,pace_shisu_juni,19,3239,78.49,12.77,72.75,False
KEIBAJO_SURFACE_09_ダ_条件戦,pace_yoso+rotation_bin+manken_shisu_decile,pace_yoso,rotation_bin,manken_shisu_decile,23,3337,77.68,12.05,72.75,False
KEIBAJO_SURFACE_09_ダ_条件戦,uma_start_shisu_decile+pace_yoso+omo_tekisei_code,uma_start_shisu_decile,pace_yoso,omo_tekisei_code,32,8500,75.54,8.1,72.73,False
KEIBAJO_SURFACE_09_ダ_条件戦,uma_deokure_bin+rotation_bin+manken_shisu_decile,uma_deokure_bin,rotation_bin,manken_shisu_decile,34,4849,76.99,12.69,72.72,False
KEIBAJO_SURFACE_09_ダ_条件戦,kyori_kubun+pace_yoso+ichi_shisu_juni,kyori_kubun,pace_yoso,ichi_shisu_juni,43,7666,75.64,9.8,72.72,False
KEIBAJO_SURFACE_09_ダ_条件戦,omo_tekisei_code+ichi_shisu_juni+joshodo_code,omo_tekisei_code,ichi_shisu_juni,joshodo_code,31,9134,75.81,8.84,72.69,False
KEIBAJO_SURFACE_09_ダ_条件戦,rotation_bin+hizume_code+manken_shisu_decile,rotation_bin,hizume_code,manken_shisu_decile,13,1796,79.76,13.01,72.69,False
KEIBAJO_SURFACE_09_ダ_条件戦,bataiju_zogen+kyakushitsu+joshodo_code,bataiju_zogen,kyakushitsu,joshodo_code,31,8223,75.13,6.95,72.68,False
KEIBAJO_SURFACE_09_ダ_条件戦,pace_yoso+rotation_bin+tenkai_kigo_code,pace_yoso,rotation_bin,tenkai_kigo_code,30,7608,76.54,10.83,72.66,False
KEIBAJO_SURFACE_09_ダ_条件戦,bataiju_zogen+joshodo_code+tenkai_kigo_code,bataiju_zogen,joshodo_code,tenkai_kigo_code,25,7773,77.53,12.42,72.66,False
KEIBAJO_SURFACE_09_ダ_条件戦,omo_tekisei_code+ichi_shisu_juni+kijun_ninkijun_tansho,omo_tekisei_code,ichi_shisu_juni,kijun_ninkijun_tansho,4,492,84.41,11.99,72.66,False
KEIBAJO_SURFACE_09_ダ_条件戦,manken_shirushi+tenkai_kigo_code+manken_shisu_decile,manken_shirushi,tenkai_kigo_code,manken_shisu_decile,21,3262,77.98,12.45,72.66,False
KEIBAJO_SURFACE_09_ダ_条件戦,bataiju+kyori_tekisei+joshodo_code,bataiju,kyori_tekisei,joshodo_code,6,675,80.3,9.57,72.64,False
KEIBAJO_SURFACE_09_ダ_条件戦,pace_yoso+kyakushitsu+pace_shisu_juni,pace_yoso,kyakushitsu,pace_shisu_juni,41,5912,75.45,9.23,72.62,False
KEIBAJO_SURFACE_09_ダ_条件戦,kyori_kubun+bataiju_zogen+hizume_code,kyori_kubun,bataiju_zogen,hizume_code,22,3624,76.54,9.38,72.62,False
KEIBAJO_SURFACE_09_ダ_条件戦,uma_deokure_bin+kyori_tekisei+manken_shisu_decile,uma_deokure_bin,kyori_tekisei,manken_shisu_decile,41,6915,76.65,13.24,72.6,False
KEIBAJO_SURFACE_09_ダ_条件戦,uma_deokure_bin+rotation_bin+kyakushitsu,uma_deokure_bin,rotation_bin,kyakushitsu,30,7974,76.02,9.61,72.58,False
KEIBAJO_SURFACE_09_ダ_条件戦,kyori_kubun+kyakushitsu+ten_shisu_juni,kyori_kubun,kyakushitsu,ten_shisu_juni,41,5314,76.49,12.79,72.57,False
KEIBAJO_SURFACE_09_ダ_条件戦,omo_tekisei_code+bataiju_zogen+joshodo_code,omo_tekisei_code,bataiju_zogen,joshodo_code,20,8302,75.62,6.99,72.56,False
KEIBAJO_SURFACE_09_ダ_条件戦,kyori_kubun+rotation_bin+tenkai_kigo_code,kyori_kubun,rotation_bin,tenkai_kigo_code,30,7496,76.48,10.97,72.56,False
KEIBAJO_SURFACE_09_ダ_条件戦,uma_deokure_bin+pace_yoso+bataiju_zogen,uma_deokure_bin,pace_yoso,bataiju_zogen,35,7088,75.0,7.4,72.55,False
KEIBAJO_SURFACE_09_ダ_条件戦,pace_yoso+bataiju_zogen+rotation_bin,pace_yoso,bataiju_zogen,rotation_bin,21,3444,76.7,9.74,72.53,False
KEIBAJO_SURFACE_09_ダ_条件戦,omo_tekisei_code+kyakushitsu+manken_shisu_decile,omo_tekisei_code,kyakushitsu,manken_shisu_decile,45,7287,76.37,13.31,72.49,False
KEIBAJO_SURFACE_09_ダ_条件戦,uma_deokure_bin+kyori_kubun+omo_tekisei_code,uma_deokure_bin,kyori_kubun,omo_tekisei_code,12,8940,75.89,6.04,72.47,False
KEIBAJO_SURFACE_09_ダ_条件戦,pace_yoso+kyori_tekisei+ten_shisu_juni,pace_yoso,kyori_tekisei,ten_shisu_juni,33,5311,76.94,13.13,72.46,False
KEIBAJO_SURFACE_09_ダ_条件戦,bataiju_zogen+rotation_bin+kyori_tekisei,bataiju_zogen,rotation_bin,kyori_tekisei,18,2589,78.48,13.04,72.46,False
KEIBAJO_SURFACE_09_ダ_条件戦,uma_deokure_bin+kyakushitsu+manken_shisu_decile,uma_deokure_bin,kyakushitsu,manken_shisu_decile,44,7561,76.3,12.97,72.46,False
KEIBAJO_SURFACE_09_ダ_条件戦,uma_deokure_bin+kyori_tekisei+tenkai_kigo_code,uma_deokure_bin,kyori_tekisei,tenkai_kigo_code,22,8224,78.0,13.27,72.45,False
KEIBAJO_SURFACE_09_ダ_条件戦,kyori_kubun+kyori_tekisei+ten_shisu_juni,kyori_kubun,kyori_tekisei,ten_shisu_juni,38,6395,76.1,11.46,72.45,False
KEIBAJO_SURFACE_09_ダ_条件戦,omo_tekisei_code+kyori_tekisei+pace_shisu_juni,omo_tekisei_code,kyori_tekisei,pace_shisu_juni,27,3892,77.5,13.43,72.44,False
KEIBAJO_SURFACE_09_ダ_条件戦,omo_tekisei_code+ichi_shisu_juni+hizume_code,omo_tekisei_code,ichi_shisu_juni,hizume_code,15,2908,78.69,12.4,72.41,False
KEIBAJO_SURFACE_09_ダ_条件戦,pace_yoso+kyakushitsu+ichi_shisu_juni,pace_yoso,kyakushitsu,ichi_shisu_juni,38,7352,75.73,10.49,72.4,False
KEIBAJO_SURFACE_09_ダ_条件戦,omo_tekisei_code+kyakushitsu+pace_shisu_juni,omo_tekisei_code,kyakushitsu,pace_shisu_juni,41,5556,76.4,13.06,72.4,False
KEIBAJO_SURFACE_09_ダ_条件戦,pace_shisu_juni+sogo_shisu_decile+kishu_shisu_decile,pace_shisu_juni,sogo_shisu_decile,kishu_shisu_decile,3,425,85.35,11.46,72.39,False
KEIBAJO_SURFACE_09_ダ_条件戦,uma_deokure_bin+uma_start_shisu_decile+joshodo_code,uma_deokure_bin,uma_start_shisu_decile,joshodo_code,15,9188,75.82,6.79,72.38,False
KEIBAJO_SURFACE_09_ダ_条件戦,pace_yoso+omo_tekisei_code+pace_shisu_juni,pace_yoso,omo_tekisei_code,pace_shisu_juni,44,6744,75.71,11.28,72.38,False
KEIBAJO_SURFACE_09_ダ_条件戦,kyori_kubun+manken_shirushi+idm_decile,kyori_kubun,manken_shirushi,idm_decile,18,2152,79.12,14.61,72.37,False
KEIBAJO_SURFACE_09_ダ_条件戦,ichi_shisu_juni+joshodo_code+kijun_ninkijun_tansho,ichi_shisu_juni,joshodo_code,kijun_ninkijun_tansho,26,3593,76.68,11.24,72.36,False
KEIBAJO_SURFACE_09_ダ_条件戦,manken_shirushi+joshodo_code+joho_shisu_decile,manken_shirushi,joshodo_code,joho_shisu_decile,39,6030,77.53,16.5,72.35,False
KEIBAJO_SURFACE_09_ダ_条件戦,uma_deokure_bin+uma_start_shisu_decile+pace_yoso,uma_deokure_bin,uma_start_shisu_decile,pace_yoso,24,8382,75.3,7.37,72.35,False
KEIBAJO_SURFACE_09_ダ_条件戦,uma_deokure_bin+bataiju_zogen+kyakushitsu,uma_deokure_bin,bataiju_zogen,kyakushitsu,31,5950,75.07,7.74,72.34,False
KEIBAJO_SURFACE_09_ダ_条件戦,uma_deokure_bin+ichi_shisu_juni+pace_shisu_juni,uma_deokure_bin,ichi_shisu_juni,pace_shisu_juni,5,713,77.99,6.46,72.33,False
KEIBAJO_SURFACE_09_ダ_条件戦,pace_yoso+kyakushitsu+ten_shisu_juni,pace_yoso,kyakushitsu,ten_shisu_juni,43,6236,75.85,11.77,72.33,False
KEIBAJO_SURFACE_09_ダ_条件戦,uma_deokure_bin+uma_start_shisu_decile+bataiju_zogen,uma_deokure_bin,uma_start_shisu_decile,bataiju_zogen,23,4548,76.62,10.51,72.32,False
KEIBAJO_SURFACE_09_ダ_条件戦,uma_start_shisu_decile+rotation_bin+gekiso_juni,uma_start_shisu_decile,rotation_bin,gekiso_juni,5,606,77.98,6.45,72.32,False
KEIBAJO_SURFACE_09_ダ_条件戦,uma_start_shisu_decile+pace_yoso+manken_shirushi,uma_start_shisu_decile,pace_yoso,manken_shirushi,16,2317,78.21,12.07,72.3,False
KEIBAJO_SURFACE_09_ダ_条件戦,uma_start_shisu_decile+kyakushitsu+pace_shisu_juni,uma_start_shisu_decile,kyakushitsu,pace_shisu_juni,16,2194,78.04,11.72,72.3,False
KEIBAJO_SURFACE_09_ダ_条件戦,uma_deokure_bin+kyakushitsu+tenkai_kigo_code,uma_deokure_bin,kyakushitsu,tenkai_kigo_code,20,9009,77.61,12.11,72.3,False
KEIBAJO_SURFACE_09_ダ_条件戦,kyori_kubun+omo_tekisei_code+ichi_shisu_juni,kyori_kubun,omo_tekisei_code,ichi_shisu_juni,36,5782,75.69,10.42,72.29,False
KEIBAJO_SURFACE_09_ダ_条件戦,uma_deokure_bin+bataiju_zogen+manken_shisu_decile,uma_deokure_bin,bataiju_zogen,manken_shisu_decile,10,1114,81.18,14.35,72.28,False
KEIBAJO_SURFACE_09_ダ_条件戦,kyori_kubun+bataiju_zogen+joshodo_code,kyori_kubun,bataiju_zogen,joshodo_code,26,8528,75.39,8.1,72.27,False
KEIBAJO_SURFACE_09_ダ_条件戦,uma_deokure_bin+rotation_bin+ten_shisu_juni,uma_deokure_bin,rotation_bin,ten_shisu_juni,13,1704,79.39,13.09,72.27,False
KEIBAJO_SURFACE_09_ダ_条件戦,kyori_kubun+omo_tekisei_code+kyakushitsu,kyori_kubun,omo_tekisei_code,kyakushitsu,24,9417,76.11,9.69,72.23,False
KEIBAJO_SURFACE_09_ダ_条件戦,omo_tekisei_code+tenkai_kigo_code+manken_shisu_decile,omo_tekisei_code,tenkai_kigo_code,manken_shisu_decile,30,6961,76.84,12.93,72.21,False
KEIBAJO_SURFACE_09_ダ_条件戦,uma_start_shisu_decile+rotation_bin+kyori_tekisei,uma_start_shisu_decile,rotation_bin,kyori_tekisei,20,3844,78.08,13.43,72.2,False
KEIBAJO_SURFACE_09_ダ_条件戦,uma_deokure_bin+pace_yoso+ichi_shisu_juni,uma_deokure_bin,pace_yoso,ichi_shisu_juni,42,6758,75.54,11.08,72.19,False
KEIBAJO_SURFACE_09_ダ_条件戦,omo_tekisei_code+rotation_bin+tenkai_kigo_code,omo_tekisei_code,rotation_bin,tenkai_kigo_code,25,7644,76.24,10.32,72.19,False
KEIBAJO_SURFACE_09_ダ_条件戦,uma_deokure_bin+omo_tekisei_code+tenkai_kigo_code,uma_deokure_bin,omo_tekisei_code,tenkai_kigo_code,16,8621,78.1,12.08,72.18,False
KEIBAJO_SURFACE_09_ダ_条件戦,uma_deokure_bin+kyori_kubun+bataiju_zogen,uma_deokure_bin,kyori_kubun,bataiju_zogen,36,7139,75.21,9.25,72.18,False
KEIBAJO_SURFACE_09_ダ_条件戦,uma_deokure_bin+kyori_kubun+kyakushitsu,uma_deokure_bin,kyori_kubun,kyakushitsu,21,9262,75.3,7.39,72.15,False
KEIBAJO_SURFACE_09_ダ_条件戦,kyori_kubun+omo_tekisei_code+ten_shisu_juni,kyori_kubun,omo_tekisei_code,ten_shisu_juni,39,5845,76.41,13.58,72.15,False
KEIBAJO_SURFACE_09_ダ_条件戦,uma_start_shisu_decile+omo_tekisei_code+ichi_shisu_juni,uma_start_shisu_decile,omo_tekisei_code,ichi_shisu_juni,17,3096,76.02,8.13,72.15,False
KEIBAJO_SURFACE_09_ダ_条件戦,uma_deokure_bin+kyori_kubun+ten_shisu_juni,uma_deokure_bin,kyori_kubun,ten_shisu_juni,37,5782,75.91,11.69,72.15,False
KEIBAJO_SURFACE_09_ダ_条件戦,bataiju_zogen+joshodo_code+ls_shisu_juni,bataiju_zogen,joshodo_code,ls_shisu_juni,29,6006,77.51,14.74,72.15,False
KEIBAJO_SURFACE_09_ダ_条件戦,kyori_kubun+kyakushitsu+pace_shisu_juni,kyori_kubun,kyakushitsu,pace_shisu_juni,36,4673,76.12,12.21,72.13,False
KEIBAJO_SURFACE_09_ダ_条件戦,pace_yoso+bataiju_zogen+joshodo_code,pace_yoso,bataiju_zogen,joshodo_code,25,8478,75.29,8.06,72.12,False
KEIBAJO_SURFACE_09_ダ_条件戦,omo_tekisei_code+kyakushitsu+ichi_shisu_juni,omo_tekisei_code,kyakushitsu,ichi_shisu_juni,39,6354,75.12,9.58,72.11,False
KEIBAJO_SURFACE_09_ダ_条件戦,uma_deokure_bin+kyakushitsu+joshodo_code,uma_deokure_bin,kyakushitsu,joshodo_code,9,9410,76.1,6.1,72.11,False
KEIBAJO_SURFACE_09_ダ_条件戦,uma_start_shisu_decile+pace_yoso+pace_shisu_juni,uma_start_shisu_decile,pace_yoso,pace_shisu_juni,16,2357,77.14,10.3,72.1,False
KEIBAJO_SURFACE_09_ダ_条件戦,pace_yoso+hizume_code+gekiso_juni,pace_yoso,hizume_code,gekiso_juni,16,2350,79.05,14.28,72.05,False
KEIBAJO_SURFACE_09_ダ_条件戦,omo_tekisei_code+kyori_tekisei+tenkai_kigo_code,omo_tekisei_code,kyori_tekisei,tenkai_kigo_code,25,8482,77.23,13.25,72.04,False
KEIBAJO_SURFACE_09_ダ_条件戦,uma_deokure_bin+pace_yoso+ten_shisu_juni,uma_deokure_bin,pace_yoso,ten_shisu_juni,42,6484,75.52,11.51,72.04,False
KEIBAJO_SURFACE_09_ダ_条件戦,omo_tekisei_code+rotation_bin+ichi_shisu_juni,omo_tekisei_code,rotation_bin,ichi_shisu_juni,15,2021,76.15,8.13,72.04,False
KEIBAJO_SURFACE_09_ダ_条件戦,kyori_tekisei+joshodo_code+tenkai_kigo_code,kyori_tekisei,joshodo_code,tenkai_kigo_code,20,11436,76.96,11.25,72.03,False
KEIBAJO_SURFACE_09_ダ_条件戦,uma_deokure_bin+kyakushitsu+pace_shisu_juni,uma_deokure_bin,kyakushitsu,pace_shisu_juni,38,5599,76.14,12.98,72.02,False
KEIBAJO_SURFACE_09_ダ_条件戦,manken_shirushi+joshodo_code+idm_decile,manken_shirushi,joshodo_code,idm_decile,31,5573,76.7,13.31,72.01,False
KEIBAJO_SURFACE_09_ダ_条件戦,kyori_kubun+kyakushitsu+joshodo_code,kyori_kubun,kyakushitsu,joshodo_code,15,11894,74.56,5.03,72.01,False
KEIBAJO_SURFACE_09_ダ_条件戦,uma_deokure_bin+uma_start_shisu_decile+manken_shirushi,uma_deokure_bin,uma_start_shisu_decile,manken_shirushi,10,2415,77.73,9.23,72.01,False
KEIBAJO_SURFACE_09_ダ_条件戦,pace_yoso+omo_tekisei_code+ichi_shisu_juni,pace_yoso,omo_tekisei_code,ichi_shisu_juni,42,6601,75.15,10.41,72.0,False
KEIBAJO_SURFACE_09_ダ_条件戦,rotation_bin+kyori_tekisei+gekiso_juni,rotation_bin,kyori_tekisei,gekiso_juni,9,1143,77.63,8.63,71.99,False
KEIBAJO_SURFACE_09_ダ_条件戦,uma_deokure_bin+rotation_bin+tenkai_kigo_code,uma_deokure_bin,rotation_bin,tenkai_kigo_code,27,7859,76.71,12.52,71.99,False
KEIBAJO_SURFACE_09_ダ_条件戦,uma_deokure_bin+uma_start_shisu_decile+omo_tekisei_code,uma_deokure_bin,uma_start_shisu_decile,omo_tekisei_code,22,8395,75.5,8.45,71.97,False
KEIBAJO_SURFACE_09_ダ_条件戦,omo_tekisei_code+bataiju_zogen+kyakushitsu,omo_tekisei_code,bataiju_zogen,kyakushitsu,36,6142,75.28,10.14,71.97,False
KEIBAJO_SURFACE_09_ダ_条件戦,uma_deokure_bin+tenkai_kigo_code+manken_shisu_decile,uma_deokure_bin,tenkai_kigo_code,manken_shisu_decile,34,7342,76.5,13.51,71.96,False
KEIBAJO_SURFACE_09_ダ_条件戦,omo_tekisei_code+rotation_bin+manken_shisu_decile,omo_tekisei_code,rotation_bin,manken_shisu_decile,34,4910,76.06,12.22,71.95,False
KEIBAJO_SURFACE_09_ダ_条件戦,uma_deokure_bin+kyori_kubun+ichi_shisu_juni,uma_deokure_bin,kyori_kubun,ichi_shisu_juni,34,5870,75.11,9.45,71.93,False
KEIBAJO_SURFACE_09_ダ_条件戦,kyori_kubun+ichi_shisu_juni+gekiso_juni,kyori_kubun,ichi_shisu_juni,gekiso_juni,7,977,80.68,11.81,71.93,False
KEIBAJO_SURFACE_09_ダ_条件戦,kyori_kubun+manken_shirushi+rotation_bin,kyori_kubun,manken_shirushi,rotation_bin,13,1679,77.1,9.51,71.93,False
KEIBAJO_SURFACE_09_ダ_条件戦,uma_start_shisu_decile+rotation_bin+joshodo_code,uma_start_shisu_decile,rotation_bin,joshodo_code,33,8563,75.85,11.47,71.93,False
KEIBAJO_SURFACE_09_ダ_条件戦,kyori_kubun+uma_start_shisu_decile+kyakushitsu,kyori_kubun,uma_start_shisu_decile,kyakushitsu,30,7210,75.49,10.04,71.9,False
KEIBAJO_SURFACE_09_ダ_条件戦,pace_yoso+kyori_tekisei+manken_shisu_decile,pace_yoso,kyori_tekisei,manken_shisu_decile,50,8805,75.87,14.36,71.89,False
KEIBAJO_SURFACE_09_ダ_条件戦,kyori_kubun+manken_shirushi+ichi_shisu_juni,kyori_kubun,manken_shirushi,ichi_shisu_juni,6,747,78.88,8.75,71.88,False
KEIBAJO_SURFACE_09_ダ_条件戦,ichi_shisu_juni+joshodo_code+ls_shisu_juni,ichi_shisu_juni,joshodo_code,ls_shisu_juni,34,6714,76.27,13.12,71.87,False
KEIBAJO_SURFACE_09_ダ_条件戦,rotation_bin+hizume_code+pace_shisu_juni,rotation_bin,hizume_code,pace_shisu_juni,8,861,78.42,9.46,71.86,False
KEIBAJO_SURFACE_09_ダ_条件戦,bataiju_zogen+rotation_bin+hizume_code,bataiju_zogen,rotation_bin,hizume_code,10,1670,77.59,9.25,71.86,False
KEIBAJO_SURFACE_09_ダ_条件戦,omo_tekisei_code+ten_shisu_juni+idm_decile,omo_tekisei_code,ten_shisu_juni,idm_decile,12,1301,80.08,14.55,71.84,False
KEIBAJO_SURFACE_09_ダ_条件戦,kyori_kubun+hizume_code+manken_shisu_decile,kyori_kubun,hizume_code,manken_shisu_decile,26,4083,77.28,14.13,71.84,False
KEIBAJO_SURFACE_09_ダ_条件戦,uma_deokure_bin+hizume_code+ten_shisu_juni,uma_deokure_bin,hizume_code,ten_shisu_juni,23,3361,77.09,12.87,71.82,False
KEIBAJO_SURFACE_09_ダ_条件戦,joshodo_code+kijun_ninkijun_tansho+gekiso_juni,joshodo_code,kijun_ninkijun_tansho,gekiso_juni,20,3086,77.93,13.94,71.82,False
KEIBAJO_SURFACE_09_ダ_条件戦,pace_yoso+bataiju_zogen+kyakushitsu,pace_yoso,bataiju_zogen,kyakushitsu,29,4917,75.74,10.87,71.78,False
KEIBAJO_SURFACE_09_ダ_条件戦,uma_deokure_bin+pace_yoso+rotation_bin,uma_deokure_bin,pace_yoso,rotation_bin,27,8503,74.72,7.8,71.78,False
KEIBAJO_SURFACE_09_ダ_条件戦,kyori_kubun+pace_yoso+ls_shisu_juni,kyori_kubun,pace_yoso,ls_shisu_juni,48,11178,75.23,12.24,71.77,False
KEIBAJO_SURFACE_09_ダ_条件戦,kyakushitsu+joshodo_code+tenkai_kigo_code,kyakushitsu,joshodo_code,tenkai_kigo_code,17,11838,76.99,10.99,71.76,False
KEIBAJO_SURFACE_09_ダ_条件戦,uma_deokure_bin+tenkai_kigo_code+joho_shisu_decile,uma_deokure_bin,tenkai_kigo_code,joho_shisu_decile,31,8266,77.17,15.43,71.74,False
KEIBAJO_SURFACE_09_ダ_条件戦,uma_deokure_bin+omo_tekisei_code+ichi_shisu_juni,uma_deokure_bin,omo_tekisei_code,ichi_shisu_juni,42,7545,74.43,8.95,71.73,False
KEIBAJO_SURFACE_09_ダ_条件戦,uma_deokure_bin+pace_yoso+kyakushitsu,uma_deokure_bin,pace_yoso,kyakushitsu,22,9392,75.09,8.06,71.72,False
KEIBAJO_SURFACE_09_ダ_条件戦,kyori_kubun+hizume_code+kijun_ninkijun_tansho,kyori_kubun,hizume_code,kijun_ninkijun_tansho,20,2919,77.75,13.8,71.7,False
KEIBAJO_SURFACE_09_ダ_条件戦,uma_deokure_bin+omo_tekisei_code+bataiju_zogen,uma_deokure_bin,omo_tekisei_code,bataiju_zogen,30,7306,75.09,9.49,71.69,False
KEIBAJO_SURFACE_09_ダ_条件戦,pace_yoso+omo_tekisei_code+bataiju_zogen,pace_yoso,omo_tekisei_code,bataiju_zogen,35,7150,74.12,7.33,71.69,False
KEIBAJO_SURFACE_09_ダ_条件戦,uma_deokure_bin+manken_shirushi+gekiso_juni,uma_deokure_bin,manken_shirushi,gekiso_juni,7,841,84.74,17.61,71.69,False
KEIBAJO_SURFACE_09_ダ_条件戦,uma_deokure_bin+rotation_bin+ls_shisu_juni,uma_deokure_bin,rotation_bin,ls_shisu_juni,27,5529,76.17,11.92,71.67,False
KEIBAJO_SURFACE_09_ダ_条件戦,pace_yoso+omo_tekisei_code+ten_shisu_juni,pace_yoso,omo_tekisei_code,ten_shisu_juni,41,6390,75.71,13.24,71.66,False
KEIBAJO_SURFACE_09_ダ_条件戦,ichi_shisu_juni+pace_shisu_juni+tenkai_kigo_code,ichi_shisu_juni,pace_shisu_juni,tenkai_kigo_code,17,2495,76.59,10.44,71.63,False
KEIBAJO_SURFACE_09_ダ_条件戦,kyori_kubun+pace_yoso+tenkai_kigo_code,kyori_kubun,pace_yoso,tenkai_kigo_code,35,11880,75.71,12.32,71.63,False
KEIBAJO_SURFACE_09_ダ_条件戦,pace_yoso+kyakushitsu+ls_shisu_juni,pace_yoso,kyakushitsu,ls_shisu_juni,45,8979,75.37,12.9,71.61,False
KEIBAJO_SURFACE_09_ダ_条件戦,uma_deokure_bin+ichi_shisu_juni+ten_shisu_juni,uma_deokure_bin,ichi_shisu_juni,ten_shisu_juni,4,639,79.25,7.8,71.61,False
KEIBAJO_SURFACE_09_ダ_条件戦,pace_yoso+rotation_bin+gekiso_juni,pace_yoso,rotation_bin,gekiso_juni,14,1730,79.14,14.46,71.57,False
KEIBAJO_SURFACE_09_ダ_条件戦,kyori_kubun+uma_start_shisu_decile+ichi_shisu_juni,kyori_kubun,uma_start_shisu_decile,ichi_shisu_juni,17,2620,76.51,10.41,71.56,False
KEIBAJO_SURFACE_09_ダ_条件戦,uma_deokure_bin+bataiju_zogen+rotation_bin,uma_deokure_bin,bataiju_zogen,rotation_bin,24,4103,75.68,10.33,71.55,False
KEIBAJO_SURFACE_09_ダ_条件戦,rotation_bin+kyakushitsu+pace_shisu_juni,rotation_bin,kyakushitsu,pace_shisu_juni,6,670,77.13,7.0,71.53,False
KEIBAJO_SURFACE_09_ダ_条件戦,kyori_kubun+pace_yoso+manken_shisu_decile,kyori_kubun,pace_yoso,manken_shisu_decile,58,10736,74.8,12.73,71.53,False
KEIBAJO_SURFACE_09_ダ_条件戦,kyori_kubun+bataiju+joshodo_code,kyori_kubun,bataiju,joshodo_code,21,2613,76.83,12.39,71.53,False
KEIBAJO_SURFACE_09_ダ_条件戦,uma_start_shisu_decile+pace_yoso+kyori_tekisei,uma_start_shisu_decile,pace_yoso,kyori_tekisei,28,6406,75.36,10.42,71.5,False
KEIBAJO_SURFACE_09_ダ_条件戦,kyakushitsu+ichi_shisu_juni+hizume_code,kyakushitsu,ichi_shisu_juni,hizume_code,18,2595,76.89,11.71,71.48,False
KEIBAJO_SURFACE_09_ダ_条件戦,pace_yoso+omo_tekisei_code+kyori_tekisei,pace_yoso,omo_tekisei_code,kyori_tekisei,24,9289,74.63,7.91,71.47,False
KEIBAJO_SURFACE_09_ダ_条件戦,pace_yoso+omo_tekisei_code+manken_shisu_decile,pace_yoso,omo_tekisei_code,manken_shisu_decile,39,8107,75.24,12.08,71.45,False
KEIBAJO_SURFACE_09_ダ_条件戦,uma_start_shisu_decile+pace_yoso+kyakushitsu,uma_start_shisu_decile,pace_yoso,kyakushitsu,34,7718,74.67,9.57,71.45,False
KEIBAJO_SURFACE_09_ダ_条件戦,kyori_tekisei+ichi_shisu_juni+joshodo_code,kyori_tekisei,ichi_shisu_juni,joshodo_code,43,9742,74.7,10.92,71.44,False
KEIBAJO_SURFACE_09_ダ_条件戦,kyakushitsu+kyori_tekisei+tenkai_kigo_code,kyakushitsu,kyori_tekisei,tenkai_kigo_code,31,10820,76.11,13.31,71.43,False
KEIBAJO_SURFACE_09_ダ_条件戦,kyori_kubun+omo_tekisei_code+bataiju_zogen,kyori_kubun,omo_tekisei_code,bataiju_zogen,33,6810,74.93,10.31,71.42,False
KEIBAJO_SURFACE_09_ダ_条件戦,kyori_kubun+pace_yoso+joshodo_code,kyori_kubun,pace_yoso,joshodo_code,13,11623,74.01,4.76,71.42,False
KEIBAJO_SURFACE_09_ダ_条件戦,uma_deokure_bin+uma_start_shisu_decile+rotation_bin,uma_deokure_bin,uma_start_shisu_decile,rotation_bin,27,6589,75.59,11.08,71.41,False
KEIBAJO_SURFACE_09_ダ_条件戦,kyakushitsu+ichi_shisu_juni+joshodo_code,kyakushitsu,ichi_shisu_juni,joshodo_code,35,10553,74.53,9.46,71.4,False
KEIBAJO_SURFACE_09_ダ_条件戦,kyori_kubun+ichi_shisu_juni+kishu_shisu_decile,kyori_kubun,ichi_shisu_juni,kishu_shisu_decile,12,1816,78.12,11.92,71.38,False
KEIBAJO_SURFACE_09_ダ_条件戦,uma_deokure_bin+kyori_kubun+pace_shisu_juni,uma_deokure_bin,kyori_kubun,pace_shisu_juni,35,5637,75.35,12.02,71.37,False
KEIBAJO_SURFACE_09_ダ_条件戦,hizume_code+ls_shisu_juni+kishu_shisu_decile,hizume_code,ls_shisu_juni,kishu_shisu_decile,12,2365,77.79,11.37,71.36,False
KEIBAJO_SURFACE_09_ダ_条件戦,pace_yoso+kyori_tekisei+hizume_code,pace_yoso,kyori_tekisei,hizume_code,25,6346,75.19,9.77,71.36,False
KEIBAJO_SURFACE_09_ダ_条件戦,uma_deokure_bin+uma_start_shisu_decile+manken_shisu_decile,uma_deokure_bin,uma_start_shisu_decile,manken_shisu_decile,20,4487,76.33,11.35,71.36,False
KEIBAJO_SURFACE_09_ダ_条件戦,pace_yoso+manken_shisu_decile+gekiso_juni,pace_yoso,manken_shisu_decile,gekiso_juni,8,988,82.72,16.4,71.36,False
KEIBAJO_SURFACE_09_ダ_条件戦,rotation_bin+joshodo_code+gekiso_juni,rotation_bin,joshodo_code,gekiso_juni,34,6165,76.23,14.56,71.34,False
KEIBAJO_SURFACE_09_ダ_条件戦,uma_deokure_bin+omo_tekisei_code+rotation_bin,uma_deokure_bin,omo_tekisei_code,rotation_bin,23,8537,74.98,9.01,71.3,False
KEIBAJO_SURFACE_09_ダ_条件戦,kyori_kubun+kyakushitsu+ichi_shisu_juni,kyori_kubun,kyakushitsu,ichi_shisu_juni,40,7382,74.55,10.48,71.3,False
KEIBAJO_SURFACE_09_ダ_条件戦,manken_shirushi+ichi_shisu_juni+joshodo_code,manken_shirushi,ichi_shisu_juni,joshodo_code,12,1487,78.09,12.02,71.29,False
KEIBAJO_SURFACE_09_ダ_条件戦,uma_deokure_bin+omo_tekisei_code+pace_shisu_juni,uma_deokure_bin,omo_tekisei_code,pace_shisu_juni,45,7717,74.97,12.65,71.27,False
KEIBAJO_SURFACE_09_ダ_条件戦,kyori_kubun+joshodo_code+hizume_code,kyori_kubun,joshodo_code,hizume_code,19,8673,74.66,7.56,71.26,False
KEIBAJO_SURFACE_09_ダ_条件戦,kyori_kubun+pace_yoso+hizume_code,kyori_kubun,pace_yoso,hizume_code,23,7013,74.73,8.52,71.24,False
KEIBAJO_SURFACE_09_ダ_条件戦,kyori_kubun+omo_tekisei_code+pace_shisu_juni,kyori_kubun,omo_tekisei_code,pace_shisu_juni,38,5814,74.94,11.74,71.21,False
KEIBAJO_SURFACE_09_ダ_条件戦,kyori_kubun+kyori_tekisei+hizume_code,kyori_kubun,kyori_tekisei,hizume_code,21,6422,75.67,10.46,71.2,False
KEIBAJO_SURFACE_09_ダ_条件戦,uma_deokure_bin+hizume_code+pace_shisu_juni,uma_deokure_bin,hizume_code,pace_shisu_juni,24,3468,76.47,13.19,71.2,False
KEIBAJO_SURFACE_09_ダ_条件戦,rotation_bin+kyori_tekisei+ls_shisu_juni,rotation_bin,kyori_tekisei,ls_shisu_juni,19,3492,76.75,12.35,71.19,False
KEIBAJO_SURFACE_09_ダ_条件戦,kyori_kubun+manken_shirushi+tenkai_kigo_code,kyori_kubun,manken_shirushi,tenkai_kigo_code,24,3859,76.11,12.32,71.18,False
KEIBAJO_SURFACE_09_ダ_条件戦,pace_yoso+kyori_tekisei+gekiso_juni,pace_yoso,kyori_tekisei,gekiso_juni,40,5950,75.76,14.79,71.18,False
KEIBAJO_SURFACE_09_ダ_条件戦,uma_deokure_bin+omo_tekisei_code+kyakushitsu,uma_deokure_bin,omo_tekisei_code,kyakushitsu,16,8936,74.7,7.22,71.17,False
KEIBAJO_SURFACE_09_ダ_条件戦,uma_deokure_bin+bataiju_zogen+joshodo_code,uma_deokure_bin,bataiju_zogen,joshodo_code,21,8467,75.4,9.89,71.17,False
KEIBAJO_SURFACE_09_ダ_条件戦,rotation_bin+kyakushitsu+ichi_shisu_juni,rotation_bin,kyakushitsu,ichi_shisu_juni,9,1280,76.0,7.43,71.15,False
KEIBAJO_SURFACE_09_ダ_条件戦,ichi_shisu_juni+joshodo_code+tenkai_kigo_code,ichi_shisu_juni,joshodo_code,tenkai_kigo_code,34,9675,74.83,10.99,71.14,False
KEIBAJO_SURFACE_09_ダ_条件戦,manken_shirushi+manken_shisu_decile+gekiso_juni,manken_shirushi,manken_shisu_decile,gekiso_juni,4,663,85.3,14.47,71.13,False
KEIBAJO_SURFACE_09_ダ_条件戦,kyori_kubun+pace_yoso+gekiso_juni,kyori_kubun,pace_yoso,gekiso_juni,50,7861,75.08,14.26,71.12,False
KEIBAJO_SURFACE_09_ダ_条件戦,pace_yoso+kyori_tekisei+tenkai_kigo_code,pace_yoso,kyori_tekisei,tenkai_kigo_code,34,10982,76.13,14.95,71.11,False
KEIBAJO_SURFACE_09_ダ_条件戦,uma_deokure_bin+rotation_bin+kyori_tekisei,uma_deokure_bin,rotation_bin,kyori_tekisei,35,8073,75.46,13.18,71.1,False
KEIBAJO_SURFACE_09_ダ_条件戦,pace_yoso+kyakushitsu+manken_shisu_decile,pace_yoso,kyakushitsu,manken_shisu_decile,43,7517,74.74,12.2,71.09,False
KEIBAJO_SURFACE_09_ダ_条件戦,manken_shirushi+kyori_tekisei+tenkai_kigo_code,manken_shirushi,kyori_tekisei,tenkai_kigo_code,26,3546,77.06,15.68,71.03,False
KEIBAJO_SURFACE_09_ダ_条件戦,kyori_kubun+rotation_bin+manken_shisu_decile,kyori_kubun,rotation_bin,manken_shisu_decile,20,3013,76.23,11.93,71.01,False
KEIBAJO_SURFACE_09_ダ_条件戦,omo_tekisei_code+kyakushitsu+kyori_tekisei,omo_tekisei_code,kyakushitsu,kyori_tekisei,30,9139,74.54,9.88,71.01,False
KEIBAJO_SURFACE_09_ダ_条件戦,uma_start_shisu_decile+omo_tekisei_code+tenkai_kigo_code,uma_start_shisu_decile,omo_tekisei_code,tenkai_kigo_code,27,7539,75.94,13.08,71.0,False
KEIBAJO_SURFACE_09_ダ_条件戦,uma_deokure_bin+ichi_shisu_juni+joshodo_code,uma_deokure_bin,ichi_shisu_juni,joshodo_code,29,9060,74.87,10.66,71.0,False
KEIBAJO_SURFACE_09_ダ_条件戦,pace_yoso+rotation_bin+ls_shisu_juni,pace_yoso,rotation_bin,ls_shisu_juni,25,4918,75.65,11.9,70.99,False
KEIBAJO_SURFACE_09_ダ_条件戦,joshodo_code+ls_shisu_juni+joho_shisu_decile,joshodo_code,ls_shisu_juni,joho_shisu_decile,32,9503,75.59,13.33,70.97,False
KEIBAJO_SURFACE_09_ダ_条件戦,manken_shirushi+joshodo_code+hizume_code,manken_shirushi,joshodo_code,hizume_code,16,4066,76.41,11.12,70.96,False
KEIBAJO_SURFACE_09_ダ_条件戦,joshodo_code+ls_shisu_juni+gekiso_juni,joshodo_code,ls_shisu_juni,gekiso_juni,29,5703,76.97,16.55,70.95,False
KEIBAJO_SURFACE_09_ダ_条件戦,rotation_bin+kyakushitsu+manken_shisu_decile,rotation_bin,kyakushitsu,manken_shisu_decile,13,1594,76.42,10.08,70.94,False
KEIBAJO_SURFACE_09_ダ_条件戦,pace_yoso+rotation_bin+ichi_shisu_juni,pace_yoso,rotation_bin,ichi_shisu_juni,12,1503,75.65,8.33,70.94,False
KEIBAJO_SURFACE_09_ダ_条件戦,pace_yoso+kyori_tekisei+kijun_ninkijun_tansho,pace_yoso,kyori_tekisei,kijun_ninkijun_tansho,41,6401,74.86,12.85,70.92,False
KEIBAJO_SURFACE_09_ダ_条件戦,pace_yoso+pace_shisu_juni+kijun_ninkijun_tansho,pace_yoso,pace_shisu_juni,kijun_ninkijun_tansho,4,607,79.74,9.01,70.91,False
KEIBAJO_SURFACE_09_ダ_条件戦,kyakushitsu+kyori_tekisei+ten_shisu_juni,kyakushitsu,kyori_tekisei,ten_shisu_juni,27,4155,75.96,13.39,70.91,False
KEIBAJO_SURFACE_09_ダ_条件戦,uma_deokure_bin+ichi_shisu_juni+hizume_code,uma_deokure_bin,ichi_shisu_juni,hizume_code,21,3341,75.66,11.2,70.87,False
KEIBAJO_SURFACE_09_ダ_条件戦,uma_start_shisu_decile+omo_tekisei_code+ten_shisu_juni,uma_start_shisu_decile,omo_tekisei_code,ten_shisu_juni,20,3219,75.83,11.33,70.86,False
KEIBAJO_SURFACE_09_ダ_条件戦,pace_yoso+joshodo_code+ten_shisu_juni,pace_yoso,joshodo_code,ten_shisu_juni,50,11003,73.8,10.66,70.85,False
KEIBAJO_SURFACE_09_ダ_条件戦,kyori_kubun+omo_tekisei_code+manken_shisu_decile,kyori_kubun,omo_tekisei_code,manken_shisu_decile,43,8176,74.75,13.06,70.85,False
KEIBAJO_SURFACE_09_ダ_条件戦,pace_yoso+manken_shirushi+ichi_shisu_juni,pace_yoso,manken_shirushi,ichi_shisu_juni,8,1380,76.26,7.82,70.84,False
KEIBAJO_SURFACE_09_ダ_条件戦,omo_tekisei_code+kyakushitsu+ls_shisu_juni,omo_tekisei_code,kyakushitsu,ls_shisu_juni,36,7581,75.17,13.28,70.83,False
KEIBAJO_SURFACE_09_ダ_条件戦,kyakushitsu+kyori_tekisei+gekiso_juni,kyakushitsu,kyori_tekisei,gekiso_juni,35,4761,75.28,13.47,70.81,False
KEIBAJO_SURFACE_09_ダ_条件戦,uma_start_shisu_decile+pace_yoso+hizume_code,uma_start_shisu_decile,pace_yoso,hizume_code,24,5065,74.35,8.85,70.81,False
KEIBAJO_SURFACE_09_ダ_条件戦,rotation_bin+joshodo_code+manken_shisu_decile,rotation_bin,joshodo_code,manken_shisu_decile,39,8135,74.83,12.92,70.78,False
KEIBAJO_SURFACE_09_ダ_条件戦,manken_shirushi+joshodo_code+sogo_shisu_decile,manken_shirushi,joshodo_code,sogo_shisu_decile,34,5352,75.24,13.28,70.77,False
KEIBAJO_SURFACE_09_ダ_条件戦,pace_yoso+kyakushitsu+kyori_tekisei,pace_yoso,kyakushitsu,kyori_tekisei,37,11273,74.89,12.82,70.76,False
KEIBAJO_SURFACE_09_ダ_条件戦,joshodo_code+ls_shisu_juni+tenkai_kigo_code,joshodo_code,ls_shisu_juni,tenkai_kigo_code,30,10414,75.94,14.57,70.73,False
KEIBAJO_SURFACE_09_ダ_条件戦,kyori_kubun+kyakushitsu+tenkai_kigo_code,kyori_kubun,kyakushitsu,tenkai_kigo_code,28,10991,75.51,12.95,70.71,False
KEIBAJO_SURFACE_09_ダ_条件戦,uma_deokure_bin+ls_shisu_juni+tenkai_kigo_code,uma_deokure_bin,ls_shisu_juni,tenkai_kigo_code,29,7340,75.79,14.01,70.69,False
KEIBAJO_SURFACE_09_ダ_条件戦,tenkai_kigo_code+kijun_ninkijun_tansho+manken_shisu_decile,tenkai_kigo_code,kijun_ninkijun_tansho,manken_shisu_decile,4,436,82.22,11.76,70.69,False
KEIBAJO_SURFACE_09_ダ_条件戦,kyakushitsu+kyori_tekisei+hizume_code,kyakushitsu,kyori_tekisei,hizume_code,25,5520,74.24,9.1,70.67,False
KEIBAJO_SURFACE_09_ダ_条件戦,uma_start_shisu_decile+hizume_code+kijun_ninkijun_tansho,uma_start_shisu_decile,hizume_code,kijun_ninkijun_tansho,9,1524,79.84,14.05,70.66,False
KEIBAJO_SURFACE_09_ダ_条件戦,sogo_shisu_decile+joho_shisu_decile+idm_decile,sogo_shisu_decile,joho_shisu_decile,idm_decile,31,10511,75.93,14.97,70.66,False
KEIBAJO_SURFACE_09_ダ_条件戦,pace_yoso+rotation_bin+ten_shisu_juni,pace_yoso,rotation_bin,ten_shisu_juni,13,1526,78.34,14.15,70.65,False
KEIBAJO_SURFACE_09_ダ_条件戦,ichi_shisu_juni+joshodo_code+idm_decile,ichi_shisu_juni,joshodo_code,idm_decile,46,8284,74.49,13.31,70.64,False
KEIBAJO_SURFACE_09_ダ_条件戦,omo_tekisei_code+kyori_tekisei+joshodo_code,omo_tekisei_code,kyori_tekisei,joshodo_code,11,9405,75.91,8.93,70.64,False
KEIBAJO_SURFACE_09_ダ_条件戦,pace_yoso+kyori_tekisei+ls_shisu_juni,pace_yoso,kyori_tekisei,ls_shisu_juni,41,9084,74.74,13.46,70.62,False
KEIBAJO_SURFACE_09_ダ_条件戦,rotation_bin+ichi_shisu_juni+hizume_code,rotation_bin,ichi_shisu_juni,hizume_code,6,697,77.75,8.91,70.62,False
KEIBAJO_SURFACE_09_ダ_条件戦,uma_deokure_bin+joshodo_code+tenkai_kigo_code,uma_deokure_bin,joshodo_code,tenkai_kigo_code,12,9555,77.17,11.61,70.6,False
KEIBAJO_SURFACE_09_ダ_条件戦,kyori_kubun+hizume_code+ten_shisu_juni,kyori_kubun,hizume_code,ten_shisu_juni,16,2233,76.42,11.89,70.59,False
KEIBAJO_SURFACE_09_ダ_条件戦,uma_deokure_bin+rotation_bin+ichi_shisu_juni,uma_deokure_bin,rotation_bin,ichi_shisu_juni,14,1971,74.37,7.24,70.58,False
KEIBAJO_SURFACE_09_ダ_条件戦,kyakushitsu+hizume_code+kishu_shisu_decile,kyakushitsu,hizume_code,kishu_shisu_decile,22,3236,76.65,14.68,70.51,False
KEIBAJO_SURFACE_09_ダ_条件戦,kyakushitsu+joshodo_code+ls_shisu_juni,kyakushitsu,joshodo_code,ls_shisu_juni,36,11438,74.89,13.48,70.49,False
KEIBAJO_SURFACE_09_ダ_条件戦,uma_start_shisu_decile+joshodo_code+kishu_shisu_decile,uma_start_shisu_decile,joshodo_code,kishu_shisu_decile,35,7183,76.19,17.26,70.48,False
KEIBAJO_SURFACE_09_ダ_条件戦,uma_start_shisu_decile+kyori_tekisei+ten_shisu_juni,uma_start_shisu_decile,kyori_tekisei,ten_shisu_juni,12,1601,78.95,14.98,70.48,False
KEIBAJO_SURFACE_09_ダ_条件戦,kyakushitsu+joshodo_code+pace_shisu_juni,kyakushitsu,joshodo_code,pace_shisu_juni,52,10792,73.68,11.82,70.47,False
KEIBAJO_SURFACE_09_ダ_条件戦,uma_deokure_bin+rotation_bin+joshodo_code,uma_deokure_bin,rotation_bin,joshodo_code,15,9267,73.87,6.75,70.45,False
KEIBAJO_SURFACE_09_ダ_条件戦,kyakushitsu+ichi_shisu_juni+pace_shisu_juni,kyakushitsu,ichi_shisu_juni,pace_shisu_juni,13,2262,75.83,9.91,70.44,False
KEIBAJO_SURFACE_09_ダ_条件戦,kyori_kubun+kyakushitsu+gekiso_juni,kyori_kubun,kyakushitsu,gekiso_juni,28,3752,76.07,15.25,70.42,False
KEIBAJO_SURFACE_09_ダ_条件戦,kyori_kubun+kyakushitsu+hizume_code,kyori_kubun,kyakushitsu,hizume_code,26,6453,74.16,9.75,70.42,False
KEIBAJO_SURFACE_09_ダ_条件戦,pace_yoso+joshodo_code+ls_shisu_juni,pace_yoso,joshodo_code,ls_shisu_juni,30,11259,75.11,13.18,70.39,False
KEIBAJO_SURFACE_09_ダ_条件戦,joshodo_code+kijun_ninkijun_tansho+manken_shisu_decile,joshodo_code,kijun_ninkijun_tansho,manken_shisu_decile,39,5560,75.1,15.05,70.38,False
KEIBAJO_SURFACE_09_ダ_条件戦,kyori_tekisei+joshodo_code+ten_shisu_juni,kyori_tekisei,joshodo_code,ten_shisu_juni,51,9875,73.74,12.24,70.38,False
KEIBAJO_SURFACE_09_ダ_条件戦,uma_deokure_bin+omo_tekisei_code+ten_shisu_juni,uma_deokure_bin,omo_tekisei_code,ten_shisu_juni,47,7881,74.44,14.28,70.36,False
KEIBAJO_SURFACE_09_ダ_条件戦,uma_deokure_bin+kyakushitsu+gekiso_juni,uma_deokure_bin,kyakushitsu,gekiso_juni,42,5898,74.48,13.68,70.35,False
KEIBAJO_SURFACE_09_ダ_条件戦,manken_shirushi+joshodo_code+kishu_shisu_decile,manken_shirushi,joshodo_code,kishu_shisu_decile,30,4101,76.37,16.89,70.33,False
KEIBAJO_SURFACE_09_ダ_条件戦,uma_start_shisu_decile+joshodo_code+ten_shisu_juni,uma_start_shisu_decile,joshodo_code,ten_shisu_juni,20,4486,75.53,11.99,70.28,False
KEIBAJO_SURFACE_09_ダ_条件戦,kyakushitsu+joshodo_code+ten_shisu_juni,kyakushitsu,joshodo_code,ten_shisu_juni,50,10636,73.35,11.16,70.26,False
KEIBAJO_SURFACE_09_ダ_条件戦,kyori_kubun+kyakushitsu+kyori_tekisei,kyori_kubun,kyakushitsu,kyori_tekisei,32,11255,73.74,10.06,70.25,False
KEIBAJO_SURFACE_09_ダ_条件戦,pace_yoso+kyakushitsu+hizume_code,pace_yoso,kyakushitsu,hizume_code,27,6620,73.26,8.01,70.24,False
KEIBAJO_SURFACE_09_ダ_条件戦,uma_start_shisu_decile+kyori_tekisei+kishu_shisu_decile,uma_start_shisu_decile,kyori_tekisei,kishu_shisu_decile,17,2641,74.71,9.41,70.24,False
KEIBAJO_SURFACE_09_ダ_条件戦,uma_start_shisu_decile+joshodo_code+hizume_code,uma_start_shisu_decile,joshodo_code,hizume_code,20,6905,74.72,10.29,70.21,False
KEIBAJO_SURFACE_09_ダ_条件戦,uma_start_shisu_decile+bataiju_zogen+kyori_tekisei,uma_start_shisu_decile,bataiju_zogen,kyori_tekisei,14,2244,75.41,9.92,70.21,False
KEIBAJO_SURFACE_09_ダ_条件戦,joshodo_code+pace_shisu_juni+kishu_shisu_decile,joshodo_code,pace_shisu_juni,kishu_shisu_decile,21,2956,76.09,13.81,70.18,False
KEIBAJO_SURFACE_09_ダ_条件戦,uma_deokure_bin+hizume_code+manken_shisu_decile,uma_deokure_bin,hizume_code,manken_shisu_decile,25,4591,75.09,12.54,70.18,False
KEIBAJO_SURFACE_09_ダ_条件戦,kyakushitsu+kyori_tekisei+joshodo_code,kyakushitsu,kyori_tekisei,joshodo_code,17,11667,73.8,7.61,70.18,False
KEIBAJO_SURFACE_09_ダ_条件戦,uma_deokure_bin+omo_tekisei_code+ls_shisu_juni,uma_deokure_bin,omo_tekisei_code,ls_shisu_juni,31,8740,74.73,12.93,70.17,False
KEIBAJO_SURFACE_09_ダ_条件戦,uma_deokure_bin+manken_shirushi+kijun_ninkijun_tansho,uma_deokure_bin,manken_shirushi,kijun_ninkijun_tansho,3,333,82.28,10.72,70.16,False
KEIBAJO_SURFACE_09_ダ_条件戦,uma_deokure_bin+kyori_tekisei+kijun_ninkijun_tansho,uma_deokure_bin,kyori_tekisei,kijun_ninkijun_tansho,39,5612,75.34,16.51,70.16,False
KEIBAJO_SURFACE_09_ダ_条件戦,uma_deokure_bin+kyori_tekisei+hizume_code,uma_deokure_bin,kyori_tekisei,hizume_code,26,6806,74.9,12.31,70.16,False
KEIBAJO_SURFACE_09_ダ_条件戦,pace_yoso+bataiju_zogen+manken_shisu_decile,pace_yoso,bataiju_zogen,manken_shisu_decile,6,671,80.95,13.5,70.15,False
KEIBAJO_SURFACE_09_ダ_条件戦,pace_yoso+bataiju_zogen+hizume_code,pace_yoso,bataiju_zogen,hizume_code,23,3709,73.59,8.42,70.15,False
KEIBAJO_SURFACE_09_ダ_条件戦,joshodo_code+hizume_code+pace_shisu_juni,joshodo_code,hizume_code,pace_shisu_juni,25,5341,73.52,8.59,70.15,False
KEIBAJO_SURFACE_09_ダ_条件戦,omo_tekisei_code+pace_shisu_juni+idm_decile,omo_tekisei_code,pace_shisu_juni,idm_decile,15,1678,77.17,13.91,70.13,False
KEIBAJO_SURFACE_09_ダ_条件戦,uma_start_shisu_decile+omo_tekisei_code+manken_shirushi,uma_start_shisu_decile,omo_tekisei_code,manken_shirushi,16,2598,75.6,11.18,70.12,False
KEIBAJO_SURFACE_09_ダ_条件戦,rotation_bin+kyori_tekisei+tenkai_kigo_code,rotation_bin,kyori_tekisei,tenkai_kigo_code,27,6345,74.45,11.52,70.11,False
KEIBAJO_SURFACE_09_ダ_条件戦,uma_start_shisu_decile+omo_tekisei_code+hizume_code,uma_start_shisu_decile,omo_tekisei_code,hizume_code,20,5399,74.3,9.61,70.09,False
KEIBAJO_SURFACE_09_ダ_条件戦,omo_tekisei_code+joshodo_code+hizume_code,omo_tekisei_code,joshodo_code,hizume_code,15,8669,75.65,10.99,70.08,False
KEIBAJO_SURFACE_09_ダ_条件戦,ichi_shisu_juni+ten_shisu_juni+tenkai_kigo_code,ichi_shisu_juni,ten_shisu_juni,tenkai_kigo_code,12,1938,75.52,9.62,70.08,False
KEIBAJO_SURFACE_09_ダ_条件戦,uma_deokure_bin+rotation_bin+gekiso_juni,uma_deokure_bin,rotation_bin,gekiso_juni,22,2638,77.07,16.76,70.07,False
KEIBAJO_SURFACE_09_ダ_条件戦,uma_start_shisu_decile+kyakushitsu+gekiso_juni,uma_start_shisu_decile,kyakushitsu,gekiso_juni,15,2080,75.14,10.02,70.07,False
KEIBAJO_SURFACE_09_ダ_条件戦,pace_yoso+joshodo_code+hizume_code,pace_yoso,joshodo_code,hizume_code,18,8645,73.54,7.54,70.06,False
KEIBAJO_SURFACE_09_ダ_条件戦,uma_deokure_bin+pace_yoso+manken_shisu_decile,uma_deokure_bin,pace_yoso,manken_shisu_decile,37,7898,73.98,12.26,70.03,False
KEIBAJO_SURFACE_09_ダ_条件戦,kyori_kubun+joshodo_code+pace_shisu_juni,kyori_kubun,joshodo_code,pace_shisu_juni,44,9683,73.59,12.04,70.03,False
KEIBAJO_SURFACE_09_ダ_条件戦,uma_deokure_bin+bataiju_zogen+tenkai_kigo_code,uma_deokure_bin,bataiju_zogen,tenkai_kigo_code,29,6173,74.55,12.44,70.02,False
KEIBAJO_SURFACE_09_ダ_条件戦,pace_yoso+hizume_code+manken_shisu_decile,pace_yoso,hizume_code,manken_shisu_decile,26,4164,75.8,15.05,70.02,False
KEIBAJO_SURFACE_09_ダ_条件戦,pace_yoso+omo_tekisei_code+hizume_code,pace_yoso,omo_tekisei_code,hizume_code,24,7810,73.69,9.26,69.99,False
KEIBAJO_SURFACE_09_ダ_条件戦,rotation_bin+kyori_tekisei+joshodo_code,rotation_bin,kyori_tekisei,joshodo_code,23,9095,74.81,11.82,69.98,False
KEIBAJO_SURFACE_09_ダ_条件戦,pace_yoso+bataiju_zogen+tenkai_kigo_code,pace_yoso,bataiju_zogen,tenkai_kigo_code,26,5363,74.68,12.22,69.98,False
KEIBAJO_SURFACE_09_ダ_条件戦,uma_start_shisu_decile+kyakushitsu+manken_shisu_decile,uma_start_shisu_decile,kyakushitsu,manken_shisu_decile,15,2604,76.66,13.21,69.98,False
KEIBAJO_SURFACE_09_ダ_条件戦,kyori_tekisei+hizume_code+kishu_shisu_decile,kyori_tekisei,hizume_code,kishu_shisu_decile,20,3063,75.92,13.57,69.97,False
KEIBAJO_SURFACE_09_ダ_条件戦,joshodo_code+manken_shisu_decile+gekiso_juni,joshodo_code,manken_shisu_decile,gekiso_juni,39,5884,74.97,15.94,69.97,False
KEIBAJO_SURFACE_09_ダ_条件戦,uma_deokure_bin+pace_yoso+hizume_code,uma_deokure_bin,pace_yoso,hizume_code,26,7748,73.81,9.99,69.97,False
KEIBAJO_SURFACE_09_ダ_条件戦,kyori_kubun+uma_start_shisu_decile+hizume_code,kyori_kubun,uma_start_shisu_decile,hizume_code,21,4757,74.05,9.54,69.97,False
KEIBAJO_SURFACE_09_ダ_条件戦,kyori_kubun+manken_shisu_decile+gekiso_juni,kyori_kubun,manken_shisu_decile,gekiso_juni,7,879,82.84,17.39,69.96,False
KEIBAJO_SURFACE_09_ダ_条件戦,kyori_kubun+ichi_shisu_juni+ten_shisu_juni,kyori_kubun,ichi_shisu_juni,ten_shisu_juni,12,1759,75.5,9.81,69.95,False
KEIBAJO_SURFACE_09_ダ_条件戦,kyori_kubun+rotation_bin+hizume_code,kyori_kubun,rotation_bin,hizume_code,29,5591,74.16,11.6,69.94,False
KEIBAJO_SURFACE_09_ダ_条件戦,pace_yoso+omo_tekisei_code+ls_shisu_juni,pace_yoso,omo_tekisei_code,ls_shisu_juni,35,8639,73.77,11.57,69.94,False
KEIBAJO_SURFACE_09_ダ_条件戦,uma_deokure_bin+pace_yoso+ls_shisu_juni,uma_deokure_bin,pace_yoso,ls_shisu_juni,32,8328,74.23,12.4,69.93,False
KEIBAJO_SURFACE_09_ダ_条件戦,uma_deokure_bin+joshodo_code+hizume_code,uma_deokure_bin,joshodo_code,hizume_code,14,8382,74.07,7.9,69.93,False
KEIBAJO_SURFACE_09_ダ_条件戦,uma_start_shisu_decile+rotation_bin+ichi_shisu_juni,uma_start_shisu_decile,rotation_bin,ichi_shisu_juni,7,930,72.46,3.43,69.92,False
KEIBAJO_SURFACE_09_ダ_条件戦,kyori_kubun+kyakushitsu+manken_shisu_decile,kyori_kubun,kyakushitsu,manken_shisu_decile,48,7364,73.76,13.54,69.92,False
KEIBAJO_SURFACE_09_ダ_条件戦,pace_yoso+kyori_tekisei+joho_shisu_decile,pace_yoso,kyori_tekisei,joho_shisu_decile,47,10751,74.14,14.84,69.9,False
KEIBAJO_SURFACE_09_ダ_条件戦,uma_start_shisu_decile+kyori_tekisei+manken_shisu_decile,uma_start_shisu_decile,kyori_tekisei,manken_shisu_decile,18,2719,75.16,11.38,69.9,False
KEIBAJO_SURFACE_09_ダ_条件戦,uma_start_shisu_decile+manken_shirushi+kyakushitsu,uma_start_shisu_decile,manken_shirushi,kyakushitsu,16,2032,75.94,12.32,69.9,False
KEIBAJO_SURFACE_09_ダ_条件戦,uma_start_shisu_decile+kyakushitsu+kyori_tekisei,uma_start_shisu_decile,kyakushitsu,kyori_tekisei,30,6199,73.52,10.14,69.89,False
KEIBAJO_SURFACE_09_ダ_条件戦,uma_start_shisu_decile+kyakushitsu+ichi_shisu_juni,uma_start_shisu_decile,kyakushitsu,ichi_shisu_juni,17,2962,74.61,9.92,69.89,False
KEIBAJO_SURFACE_09_ダ_条件戦,rotation_bin+joshodo_code+hizume_code,rotation_bin,joshodo_code,hizume_code,25,7571,73.41,8.99,69.88,False
KEIBAJO_SURFACE_09_ダ_条件戦,kyori_tekisei+joshodo_code+pace_shisu_juni,kyori_tekisei,joshodo_code,pace_shisu_juni,51,9927,73.31,12.63,69.85,False
KEIBAJO_SURFACE_09_ダ_条件戦,pace_yoso+tenkai_kigo_code+manken_shisu_decile,pace_yoso,tenkai_kigo_code,manken_shisu_decile,41,8349,74.06,13.77,69.84,False
KEIBAJO_SURFACE_09_ダ_条件戦,rotation_bin+hizume_code+ten_shisu_juni,rotation_bin,hizume_code,ten_shisu_juni,7,730,77.45,10.26,69.84,False
KEIBAJO_SURFACE_09_ダ_条件戦,joshodo_code+tenkai_kigo_code+joho_shisu_decile,joshodo_code,tenkai_kigo_code,joho_shisu_decile,28,11151,74.67,13.07,69.83,False
KEIBAJO_SURFACE_09_ダ_条件戦,joshodo_code+tenkai_kigo_code+sogo_shisu_decile,joshodo_code,tenkai_kigo_code,sogo_shisu_decile,29,10845,75.17,14.69,69.82,False
KEIBAJO_SURFACE_09_ダ_条件戦,omo_tekisei_code+bataiju_zogen+tenkai_kigo_code,omo_tekisei_code,bataiju_zogen,tenkai_kigo_code,25,5816,74.12,11.0,69.81,False
KEIBAJO_SURFACE_09_ダ_条件戦,kyakushitsu+ichi_shisu_juni+kishu_shisu_decile,kyakushitsu,ichi_shisu_juni,kishu_shisu_decile,14,2427,75.53,10.98,69.78,False
KEIBAJO_SURFACE_09_ダ_条件戦,omo_tekisei_code+bataiju_zogen+gekiso_juni,omo_tekisei_code,bataiju_zogen,gekiso_juni,4,461,85.17,15.73,69.76,False
KEIBAJO_SURFACE_09_ダ_条件戦,kyori_kubun+bataiju_zogen+rotation_bin,kyori_kubun,bataiju_zogen,rotation_bin,21,3349,74.45,11.02,69.74,False
KEIBAJO_SURFACE_09_ダ_条件戦,pace_yoso+manken_shirushi+idm_decile,pace_yoso,manken_shirushi,idm_decile,23,2842,75.75,14.72,69.73,False
KEIBAJO_SURFACE_09_ダ_条件戦,uma_deokure_bin+kyori_kubun+manken_shisu_decile,uma_deokure_bin,kyori_kubun,manken_shisu_decile,46,8538,73.88,14.38,69.73,False
KEIBAJO_SURFACE_09_ダ_条件戦,kyori_tekisei+ichi_shisu_juni+hizume_code,kyori_tekisei,ichi_shisu_juni,hizume_code,10,1402,80.39,17.2,69.73,False
KEIBAJO_SURFACE_09_ダ_条件戦,bataiju_zogen+joshodo_code+kijun_ninkijun_tansho,bataiju_zogen,joshodo_code,kijun_ninkijun_tansho,31,4301,75.04,15.11,69.72,False
KEIBAJO_SURFACE_09_ダ_条件戦,uma_deokure_bin+kyori_tekisei+joho_shisu_decile,uma_deokure_bin,kyori_tekisei,joho_shisu_decile,39,8705,74.7,15.92,69.71,False
KEIBAJO_SURFACE_09_ダ_条件戦,uma_deokure_bin+pace_yoso+kyori_tekisei,uma_deokure_bin,pace_yoso,kyori_tekisei,24,9297,73.28,8.95,69.69,False
KEIBAJO_SURFACE_09_ダ_条件戦,pace_yoso+kyakushitsu+gekiso_juni,pace_yoso,kyakushitsu,gekiso_juni,39,5161,74.25,14.56,69.69,False
KEIBAJO_SURFACE_09_ダ_条件戦,kyakushitsu+joshodo_code+hizume_code,kyakushitsu,joshodo_code,hizume_code,21,8309,72.33,6.2,69.68,False
KEIBAJO_SURFACE_09_ダ_条件戦,omo_tekisei_code+bataiju_zogen+hizume_code,omo_tekisei_code,bataiju_zogen,hizume_code,22,4266,73.8,9.91,69.66,False
KEIBAJO_SURFACE_09_ダ_条件戦,omo_tekisei_code+kyori_tekisei+kijun_ninkijun_tansho,omo_tekisei_code,kyori_tekisei,kijun_ninkijun_tansho,35,5316,73.71,12.27,69.64,False
KEIBAJO_SURFACE_09_ダ_条件戦,ichi_shisu_juni+pace_shisu_juni+ten_shisu_juni,ichi_shisu_juni,pace_shisu_juni,ten_shisu_juni,11,1948,75.5,9.92,69.64,False
KEIBAJO_SURFACE_09_ダ_条件戦,omo_tekisei_code+joshodo_code+ls_shisu_juni,omo_tekisei_code,joshodo_code,ls_shisu_juni,16,9070,74.67,10.27,69.64,False
KEIBAJO_SURFACE_09_ダ_条件戦,uma_start_shisu_decile+pace_yoso+bataiju_zogen,uma_start_shisu_decile,pace_yoso,bataiju_zogen,14,2690,74.09,8.52,69.63,False
KEIBAJO_SURFACE_09_ダ_条件戦,rotation_bin+hizume_code+kijun_ninkijun_tansho,rotation_bin,hizume_code,kijun_ninkijun_tansho,10,1243,76.32,10.8,69.63,False
KEIBAJO_SURFACE_09_ダ_条件戦,uma_start_shisu_decile+hizume_code+ten_shisu_juni,uma_start_shisu_decile,hizume_code,ten_shisu_juni,9,1329,77.81,12.56,69.61,False
KEIBAJO_SURFACE_09_ダ_条件戦,uma_deokure_bin+kyori_kubun+ls_shisu_juni,uma_deokure_bin,kyori_kubun,ls_shisu_juni,39,8778,74.14,14.44,69.61,False
KEIBAJO_SURFACE_09_ダ_条件戦,joshodo_code+hizume_code+tenkai_kigo_code,joshodo_code,hizume_code,tenkai_kigo_code,18,7989,74.61,10.87,69.59,False
KEIBAJO_SURFACE_09_ダ_条件戦,kyori_kubun+uma_start_shisu_decile+tenkai_kigo_code,kyori_kubun,uma_start_shisu_decile,tenkai_kigo_code,28,6977,73.77,11.3,69.58,False
KEIBAJO_SURFACE_09_ダ_条件戦,pace_yoso+kyakushitsu+tenkai_kigo_code,pace_yoso,kyakushitsu,tenkai_kigo_code,29,11295,74.82,14.42,69.57,False
KEIBAJO_SURFACE_09_ダ_条件戦,kyori_kubun+uma_start_shisu_decile+bataiju_zogen,kyori_kubun,uma_start_shisu_decile,bataiju_zogen,20,3253,73.29,8.47,69.57,False
KEIBAJO_SURFACE_09_ダ_条件戦,uma_start_shisu_decile+pace_yoso+ten_shisu_juni,uma_start_shisu_decile,pace_yoso,ten_shisu_juni,18,2615,75.49,12.84,69.56,False
KEIBAJO_SURFACE_09_ダ_条件戦,omo_tekisei_code+bataiju_zogen+kijun_ninkijun_tansho,omo_tekisei_code,bataiju_zogen,kijun_ninkijun_tansho,6,708,81.36,14.79,69.53,False
KEIBAJO_SURFACE_09_ダ_条件戦,uma_start_shisu_decile+kyori_tekisei+hizume_code,uma_start_shisu_decile,kyori_tekisei,hizume_code,19,3933,75.19,12.59,69.52,False
KEIBAJO_SURFACE_09_ダ_条件戦,kyori_tekisei+ichi_shisu_juni+idm_decile,kyori_tekisei,ichi_shisu_juni,idm_decile,8,2213,75.53,8.66,69.52,False
KEIBAJO_SURFACE_09_ダ_条件戦,kyori_tekisei+pace_shisu_juni+ten_shisu_juni,kyori_tekisei,pace_shisu_juni,ten_shisu_juni,12,2040,76.07,11.65,69.48,False
KEIBAJO_SURFACE_09_ダ_条件戦,pace_yoso+omo_tekisei_code+gekiso_juni,pace_yoso,omo_tekisei_code,gekiso_juni,45,7010,73.95,15.3,69.48,False
KEIBAJO_SURFACE_09_ダ_条件戦,uma_deokure_bin+ichi_shisu_juni+kijun_ninkijun_tansho,uma_deokure_bin,ichi_shisu_juni,kijun_ninkijun_tansho,5,630,78.5,10.3,69.47,False
KEIBAJO_SURFACE_09_ダ_条件戦,uma_deokure_bin+kyakushitsu+joho_shisu_decile,uma_deokure_bin,kyakushitsu,joho_shisu_decile,34,8642,74.18,14.07,69.46,False
KEIBAJO_SURFACE_09_ダ_条件戦,kyakushitsu+ichi_shisu_juni+ten_shisu_juni,kyakushitsu,ichi_shisu_juni,ten_shisu_juni,11,2077,74.94,9.28,69.46,False
KEIBAJO_SURFACE_09_ダ_条件戦,omo_tekisei_code+manken_shirushi+sogo_shisu_decile,omo_tekisei_code,manken_shirushi,sogo_shisu_decile,12,1295,75.93,11.45,69.45,False
KEIBAJO_SURFACE_09_ダ_条件戦,kyakushitsu+kyori_tekisei+ls_shisu_juni,kyakushitsu,kyori_tekisei,ls_shisu_juni,35,7319,74.54,15.43,69.43,False
KEIBAJO_SURFACE_09_ダ_条件戦,ichi_shisu_juni+ten_shisu_juni+kishu_shisu_decile,ichi_shisu_juni,ten_shisu_juni,kishu_shisu_decile,3,522,78.73,8.23,69.42,False
KEIBAJO_SURFACE_09_ダ_条件戦,joshodo_code+ten_shisu_juni+kishu_shisu_decile,joshodo_code,ten_shisu_juni,kishu_shisu_decile,18,2520,76.6,15.54,69.42,False
KEIBAJO_SURFACE_09_ダ_条件戦,uma_start_shisu_decile+kyori_tekisei+pace_shisu_juni,uma_start_shisu_decile,kyori_tekisei,pace_shisu_juni,12,1598,77.74,14.7,69.42,False
KEIBAJO_SURFACE_09_ダ_条件戦,kyori_kubun+omo_tekisei_code+ls_shisu_juni,kyori_kubun,omo_tekisei_code,ls_shisu_juni,33,8235,74.33,14.45,69.4,False
KEIBAJO_SURFACE_09_ダ_条件戦,uma_start_shisu_decile+kyakushitsu+hizume_code,uma_start_shisu_decile,kyakushitsu,hizume_code,22,4525,74.11,11.26,69.4,False
KEIBAJO_SURFACE_09_ダ_条件戦,omo_tekisei_code+kyori_tekisei+gekiso_juni,omo_tekisei_code,kyori_tekisei,gekiso_juni,28,4328,75.55,16.65,69.39,False
KEIBAJO_SURFACE_09_ダ_条件戦,omo_tekisei_code+joshodo_code+joho_shisu_decile,omo_tekisei_code,joshodo_code,joho_shisu_decile,13,9351,76.59,13.25,69.38,False
KEIBAJO_SURFACE_09_ダ_条件戦,rotation_bin+kyakushitsu+tenkai_kigo_code,rotation_bin,kyakushitsu,tenkai_kigo_code,30,7697,74.07,13.12,69.37,False
KEIBAJO_SURFACE_09_ダ_条件戦,uma_deokure_bin+kyakushitsu+kyori_tekisei,uma_deokure_bin,kyakushitsu,kyori_tekisei,27,8966,73.49,10.93,69.36,False
KEIBAJO_SURFACE_09_ダ_条件戦,kyori_kubun+uma_start_shisu_decile+manken_shirushi,kyori_kubun,uma_start_shisu_decile,manken_shirushi,11,1687,76.85,12.69,69.35,False
KEIBAJO_SURFACE_09_ダ_条件戦,kyori_kubun+kyakushitsu+ls_shisu_juni,kyori_kubun,kyakushitsu,ls_shisu_juni,38,7838,73.9,14.31,69.35,False
KEIBAJO_SURFACE_09_ダ_条件戦,omo_tekisei_code+joshodo_code+pace_shisu_juni,omo_tekisei_code,joshodo_code,pace_shisu_juni,29,8962,73.5,11.41,69.35,False
KEIBAJO_SURFACE_09_ダ_条件戦,uma_start_shisu_decile+kyakushitsu+ten_shisu_juni,uma_start_shisu_decile,kyakushitsu,ten_shisu_juni,15,2200,75.43,12.06,69.32,False
KEIBAJO_SURFACE_09_ダ_条件戦,ls_shisu_juni+pace_shisu_juni+kishu_shisu_decile,ls_shisu_juni,pace_shisu_juni,kishu_shisu_decile,5,683,80.76,13.05,69.32,False
KEIBAJO_SURFACE_09_ダ_条件戦,omo_tekisei_code+tenkai_kigo_code+joho_shisu_decile,omo_tekisei_code,tenkai_kigo_code,joho_shisu_decile,26,7741,74.62,13.84,69.3,False
KEIBAJO_SURFACE_09_ダ_条件戦,uma_deokure_bin+omo_tekisei_code+kyori_tekisei,uma_deokure_bin,omo_tekisei_code,kyori_tekisei,16,8721,73.64,8.89,69.28,False
KEIBAJO_SURFACE_09_ダ_条件戦,kyori_kubun+uma_start_shisu_decile+manken_shisu_decile,kyori_kubun,uma_start_shisu_decile,manken_shisu_decile,20,3359,73.73,10.16,69.27,False
KEIBAJO_SURFACE_09_ダ_条件戦,uma_deokure_bin+kyori_kubun+gekiso_juni,uma_deokure_bin,kyori_kubun,gekiso_juni,39,6140,74.01,15.17,69.25,False
KEIBAJO_SURFACE_09_ダ_条件戦,kyori_tekisei+hizume_code+gekiso_juni,kyori_tekisei,hizume_code,gekiso_juni,13,1831,78.84,17.67,69.23,False
KEIBAJO_SURFACE_09_ダ_条件戦,omo_tekisei_code+kyakushitsu+gekiso_juni,omo_tekisei_code,kyakushitsu,gekiso_juni,36,4927,74.11,15.02,69.21,False
KEIBAJO_SURFACE_09_ダ_条件戦,pace_yoso+hizume_code+kishu_shisu_decile,pace_yoso,hizume_code,kishu_shisu_decile,24,4068,74.26,12.66,69.2,False
KEIBAJO_SURFACE_09_ダ_条件戦,uma_start_shisu_decile+kyakushitsu+tenkai_kigo_code,uma_start_shisu_decile,kyakushitsu,tenkai_kigo_code,28,7426,74.06,13.12,69.2,False
KEIBAJO_SURFACE_09_ダ_条件戦,uma_deokure_bin+kyakushitsu+ls_shisu_juni,uma_deokure_bin,kyakushitsu,ls_shisu_juni,37,7979,74.24,15.69,69.19,False
KEIBAJO_SURFACE_09_ダ_条件戦,rotation_bin+joshodo_code+ls_shisu_juni,rotation_bin,joshodo_code,ls_shisu_juni,37,8769,73.56,13.55,69.19,False
KEIBAJO_SURFACE_09_ダ_条件戦,uma_deokure_bin+joshodo_code+ls_shisu_juni,uma_deokure_bin,joshodo_code,ls_shisu_juni,16,9178,74.36,10.57,69.18,False
KEIBAJO_SURFACE_09_ダ_条件戦,uma_deokure_bin+kyori_tekisei+joshodo_code,uma_deokure_bin,kyori_tekisei,joshodo_code,9,9197,74.68,8.42,69.18,False
KEIBAJO_SURFACE_09_ダ_条件戦,uma_deokure_bin+omo_tekisei_code+manken_shisu_decile,uma_deokure_bin,omo_tekisei_code,manken_shisu_decile,35,8455,73.31,12.45,69.18,False
KEIBAJO_SURFACE_09_ダ_条件戦,uma_start_shisu_decile+rotation_bin+kyakushitsu,uma_start_shisu_decile,rotation_bin,kyakushitsu,22,4420,73.71,10.82,69.18,False
KEIBAJO_SURFACE_09_ダ_条件戦,uma_start_shisu_decile+omo_tekisei_code+pace_shisu_juni,uma_start_shisu_decile,omo_tekisei_code,pace_shisu_juni,20,3166,74.75,12.69,69.18,False
KEIBAJO_SURFACE_09_ダ_条件戦,uma_start_shisu_decile+kyori_tekisei+ichi_shisu_juni,uma_start_shisu_decile,kyori_tekisei,ichi_shisu_juni,12,1755,76.94,13.75,69.16,False
KEIBAJO_SURFACE_09_ダ_条件戦,kyakushitsu+pace_shisu_juni+ten_shisu_juni,kyakushitsu,pace_shisu_juni,ten_shisu_juni,11,1901,76.79,12.94,69.15,False
KEIBAJO_SURFACE_09_ダ_条件戦,joshodo_code+sogo_shisu_decile+joho_shisu_decile,joshodo_code,sogo_shisu_decile,joho_shisu_decile,31,10795,74.2,14.39,69.14,False
KEIBAJO_SURFACE_09_ダ_条件戦,kyori_tekisei+joshodo_code+hizume_code,kyori_tekisei,joshodo_code,hizume_code,21,8109,74.29,12.06,69.14,False
KEIBAJO_SURFACE_09_ダ_条件戦,uma_deokure_bin+kyori_kubun+joho_shisu_decile,uma_deokure_bin,kyori_kubun,joho_shisu_decile,36,9518,74.32,15.89,69.13,False
KEIBAJO_SURFACE_09_ダ_条件戦,pace_yoso+pace_shisu_juni+ten_shisu_juni,pace_yoso,pace_shisu_juni,ten_shisu_juni,15,2830,74.56,10.75,69.12,False
KEIBAJO_SURFACE_09_ダ_条件戦,kyori_kubun+hizume_code+pace_shisu_juni,kyori_kubun,hizume_code,pace_shisu_juni,14,2080,75.67,12.5,69.12,False
KEIBAJO_SURFACE_09_ダ_条件戦,rotation_bin+joshodo_code+joho_shisu_decile,rotation_bin,joshodo_code,joho_shisu_decile,32,9291,73.88,13.87,69.07,False
KEIBAJO_SURFACE_09_ダ_条件戦,joshodo_code+tenkai_kigo_code+manken_shisu_decile,joshodo_code,tenkai_kigo_code,manken_shisu_decile,32,10222,73.42,12.67,69.03,False
KEIBAJO_SURFACE_09_ダ_条件戦,uma_deokure_bin+kyakushitsu+kijun_ninkijun_tansho,uma_deokure_bin,kyakushitsu,kijun_ninkijun_tansho,39,6212,73.13,13.09,69.02,False
KEIBAJO_SURFACE_09_ダ_条件戦,rotation_bin+kyori_tekisei+ichi_shisu_juni,rotation_bin,kyori_tekisei,ichi_shisu_juni,6,792,77.44,10.53,69.01,False
KEIBAJO_SURFACE_09_ダ_条件戦,omo_tekisei_code+bataiju_zogen+idm_decile,omo_tekisei_code,bataiju_zogen,idm_decile,30,4365,73.45,12.43,69.01,False
KEIBAJO_SURFACE_09_ダ_条件戦,rotation_bin+kyori_tekisei+manken_shisu_decile,rotation_bin,kyori_tekisei,manken_shisu_decile,13,1865,76.41,13.67,68.98,False
KEIBAJO_SURFACE_09_ダ_条件戦,uma_start_shisu_decile+rotation_bin+hizume_code,uma_start_shisu_decile,rotation_bin,hizume_code,14,2817,75.79,13.0,68.98,False
KEIBAJO_SURFACE_09_ダ_条件戦,omo_tekisei_code+ls_shisu_juni+tenkai_kigo_code,omo_tekisei_code,ls_shisu_juni,tenkai_kigo_code,29,7494,74.06,14.01,68.97,False
KEIBAJO_SURFACE_09_ダ_条件戦,manken_shirushi+sogo_shisu_decile+idm_decile,manken_shirushi,sogo_shisu_decile,idm_decile,29,4292,74.14,14.26,68.95,False
KEIBAJO_SURFACE_09_ダ_条件戦,uma_start_shisu_decile+rotation_bin+tenkai_kigo_code,uma_start_shisu_decile,rotation_bin,tenkai_kigo_code,25,4965,73.21,10.92,68.93,False
KEIBAJO_SURFACE_09_ダ_条件戦,kyori_kubun+pace_yoso+kijun_ninkijun_tansho,kyori_kubun,pace_yoso,kijun_ninkijun_tansho,60,9620,72.4,13.77,68.91,False
KEIBAJO_SURFACE_09_ダ_条件戦,pace_yoso+hizume_code+tenkai_kigo_code,pace_yoso,hizume_code,tenkai_kigo_code,25,6740,74.02,13.08,68.9,False
KEIBAJO_SURFACE_09_ダ_条件戦,uma_deokure_bin+uma_start_shisu_decile+idm_decile,uma_deokure_bin,uma_start_shisu_decile,idm_decile,31,7180,73.38,12.87,68.84,False
KEIBAJO_SURFACE_09_ダ_条件戦,hizume_code+idm_decile+kishu_shisu_decile,hizume_code,idm_decile,kishu_shisu_decile,19,2508,77.28,18.8,68.82,False
KEIBAJO_SURFACE_09_ダ_条件戦,kyori_kubun+rotation_bin+pace_shisu_juni,kyori_kubun,rotation_bin,pace_shisu_juni,15,1926,75.55,13.34,68.8,False
KEIBAJO_SURFACE_09_ダ_条件戦,kyakushitsu+kyori_tekisei+pace_shisu_juni,kyakushitsu,kyori_tekisei,pace_shisu_juni,27,4197,74.16,14.29,68.77,False
KEIBAJO_SURFACE_09_ダ_条件戦,hizume_code+kijun_ninkijun_tansho+kishu_shisu_decile,hizume_code,kijun_ninkijun_tansho,kishu_shisu_decile,17,2831,74.71,12.52,68.76,False
KEIBAJO_SURFACE_09_ダ_条件戦,bataiju_zogen+kyori_tekisei+joshodo_code,bataiju_zogen,kyori_tekisei,joshodo_code,30,7924,73.49,13.23,68.76,False
KEIBAJO_SURFACE_09_ダ_条件戦,uma_deokure_bin+manken_shisu_decile+idm_decile,uma_deokure_bin,manken_shisu_decile,idm_decile,45,6052,73.37,15.81,68.75,False
KEIBAJO_SURFACE_09_ダ_条件戦,uma_deokure_bin+pace_yoso+gekiso_juni,uma_deokure_bin,pace_yoso,gekiso_juni,41,6589,73.24,14.8,68.71,False
KEIBAJO_SURFACE_09_ダ_条件戦,pace_yoso+joshodo_code+pace_shisu_juni,pace_yoso,joshodo_code,pace_shisu_juni,49,10961,72.49,13.53,68.7,False
KEIBAJO_SURFACE_09_ダ_条件戦,uma_start_shisu_decile+pace_yoso+manken_shisu_decile,uma_start_shisu_decile,pace_yoso,manken_shisu_decile,18,3324,73.78,10.98,68.7,False
KEIBAJO_SURFACE_09_ダ_条件戦,kyakushitsu+joshodo_code+manken_shisu_decile,kyakushitsu,joshodo_code,manken_shisu_decile,40,11185,72.54,12.37,68.7,False
KEIBAJO_SURFACE_09_ダ_条件戦,pace_yoso+joshodo_code+manken_shisu_decile,pace_yoso,joshodo_code,manken_shisu_decile,32,10900,72.51,11.01,68.69,False
KEIBAJO_SURFACE_09_ダ_条件戦,uma_deokure_bin+bataiju_zogen+hizume_code,uma_deokure_bin,bataiju_zogen,hizume_code,24,4291,72.82,10.32,68.69,False
KEIBAJO_SURFACE_09_ダ_条件戦,kyori_kubun+kyori_tekisei+tenkai_kigo_code,kyori_kubun,kyori_tekisei,tenkai_kigo_code,30,11051,73.55,13.62,68.68,False
KEIBAJO_SURFACE_09_ダ_条件戦,manken_shirushi+kyakushitsu+tenkai_kigo_code,manken_shirushi,kyakushitsu,tenkai_kigo_code,23,3484,73.64,12.17,68.67,False
KEIBAJO_SURFACE_09_ダ_条件戦,kyakushitsu+kyori_tekisei+joho_shisu_decile,kyakushitsu,kyori_tekisei,joho_shisu_decile,47,9443,72.99,15.16,68.66,False
KEIBAJO_SURFACE_09_ダ_条件戦,uma_start_shisu_decile+pace_yoso+tenkai_kigo_code,uma_start_shisu_decile,pace_yoso,tenkai_kigo_code,27,7081,72.82,11.04,68.65,False
KEIBAJO_SURFACE_09_ダ_条件戦,manken_shirushi+manken_shisu_decile+idm_decile,manken_shirushi,manken_shisu_decile,idm_decile,4,631,76.99,8.51,68.65,False
KEIBAJO_SURFACE_09_ダ_条件戦,uma_start_shisu_decile+joshodo_code+joho_shisu_decile,uma_start_shisu_decile,joshodo_code,joho_shisu_decile,35,8787,74.3,17.1,68.63,False
KEIBAJO_SURFACE_09_ダ_条件戦,kyori_kubun+omo_tekisei_code+joho_shisu_decile,kyori_kubun,omo_tekisei_code,joho_shisu_decile,32,9108,73.34,13.63,68.62,False
KEIBAJO_SURFACE_09_ダ_条件戦,joshodo_code+joho_shisu_decile+idm_decile,joshodo_code,joho_shisu_decile,idm_decile,35,11302,73.85,15.8,68.61,False
KEIBAJO_SURFACE_09_ダ_条件戦,omo_tekisei_code+rotation_bin+ls_shisu_juni,omo_tekisei_code,rotation_bin,ls_shisu_juni,23,5270,73.82,12.75,68.61,False
KEIBAJO_SURFACE_09_ダ_条件戦,uma_deokure_bin+kyori_kubun+hizume_code,uma_deokure_bin,kyori_kubun,hizume_code,22,7218,73.46,11.61,68.6,False
KEIBAJO_SURFACE_09_ダ_条件戦,kyori_kubun+kyakushitsu+kijun_ninkijun_tansho,kyori_kubun,kyakushitsu,kijun_ninkijun_tansho,34,4674,73.26,13.96,68.57,False
KEIBAJO_SURFACE_09_ダ_条件戦,kyori_kubun+ichi_shisu_juni+pace_shisu_juni,kyori_kubun,ichi_shisu_juni,pace_shisu_juni,12,1799,75.32,11.95,68.56,False
KEIBAJO_SURFACE_09_ダ_条件戦,uma_deokure_bin+joho_shisu_decile+idm_decile,uma_deokure_bin,joho_shisu_decile,idm_decile,39,8037,73.42,15.69,68.5,False
KEIBAJO_SURFACE_09_ダ_条件戦,uma_deokure_bin+kijun_ninkijun_tansho+sogo_shisu_decile,uma_deokure_bin,kijun_ninkijun_tansho,sogo_shisu_decile,40,5017,73.57,16.41,68.49,False
KEIBAJO_SURFACE_09_ダ_条件戦,kyori_kubun+omo_tekisei_code+kyori_tekisei,kyori_kubun,omo_tekisei_code,kyori_tekisei,21,9149,72.86,10.24,68.48,False
KEIBAJO_SURFACE_09_ダ_条件戦,omo_tekisei_code+joshodo_code+ten_shisu_juni,omo_tekisei_code,joshodo_code,ten_shisu_juni,30,9015,72.89,12.3,68.48,False
KEIBAJO_SURFACE_09_ダ_条件戦,uma_start_shisu_decile+manken_shirushi+kyori_tekisei,uma_start_shisu_decile,manken_shirushi,kyori_tekisei,9,1240,76.29,11.97,68.47,False
KEIBAJO_SURFACE_09_ダ_条件戦,kyori_kubun+hizume_code+tenkai_kigo_code,kyori_kubun,hizume_code,tenkai_kigo_code,24,6462,73.78,13.34,68.44,False
KEIBAJO_SURFACE_09_ダ_条件戦,uma_start_shisu_decile+kyori_tekisei+kijun_ninkijun_tansho,uma_start_shisu_decile,kyori_tekisei,kijun_ninkijun_tansho,15,2073,74.85,12.67,68.43,False
KEIBAJO_SURFACE_09_ダ_条件戦,omo_tekisei_code+joshodo_code+tenkai_kigo_code,omo_tekisei_code,joshodo_code,tenkai_kigo_code,13,9564,75.2,12.48,68.42,False
KEIBAJO_SURFACE_09_ダ_条件戦,pace_yoso+joshodo_code+gekiso_juni,pace_yoso,joshodo_code,gekiso_juni,47,10479,72.04,12.79,68.39,False
KEIBAJO_SURFACE_09_ダ_条件戦,uma_start_shisu_decile+bataiju+joshodo_code,uma_start_shisu_decile,bataiju,joshodo_code,11,1181,75.76,12.48,68.38,False
KEIBAJO_SURFACE_09_ダ_条件戦,uma_start_shisu_decile+ichi_shisu_juni+joshodo_code,uma_start_shisu_decile,ichi_shisu_juni,joshodo_code,18,4452,72.51,8.92,68.38,False
KEIBAJO_SURFACE_09_ダ_条件戦,uma_deokure_bin+omo_tekisei_code+joho_shisu_decile,uma_deokure_bin,omo_tekisei_code,joho_shisu_decile,24,8940,74.56,15.45,68.38,False
KEIBAJO_SURFACE_09_ダ_条件戦,omo_tekisei_code+joshodo_code+manken_shisu_decile,omo_tekisei_code,joshodo_code,manken_shisu_decile,19,8922,73.21,10.76,68.37,False
KEIBAJO_SURFACE_09_ダ_条件戦,joshodo_code+ls_shisu_juni+manken_shisu_decile,joshodo_code,ls_shisu_juni,manken_shisu_decile,39,7612,74.32,18.97,68.37,False
KEIBAJO_SURFACE_09_ダ_条件戦,kyori_kubun+pace_shisu_juni+ten_shisu_juni,kyori_kubun,pace_shisu_juni,ten_shisu_juni,12,1954,76.06,13.6,68.36,False
KEIBAJO_SURFACE_09_ダ_条件戦,kyori_kubun+joshodo_code+ls_shisu_juni,kyori_kubun,joshodo_code,ls_shisu_juni,28,10655,72.87,12.2,68.35,False
KEIBAJO_SURFACE_09_ダ_条件戦,kyori_kubun+kyori_tekisei+manken_shisu_decile,kyori_kubun,kyori_tekisei,manken_shisu_decile,39,8811,72.43,13.0,68.35,False
KEIBAJO_SURFACE_09_ダ_条件戦,uma_deokure_bin+joshodo_code+pace_shisu_juni,uma_deokure_bin,joshodo_code,pace_shisu_juni,31,9192,72.9,12.93,68.34,False
KEIBAJO_SURFACE_09_ダ_条件戦,uma_deokure_bin+hizume_code+gekiso_juni,uma_deokure_bin,hizume_code,gekiso_juni,20,3179,74.69,14.53,68.32,False
KEIBAJO_SURFACE_09_ダ_条件戦,kyori_kubun+joshodo_code+ten_shisu_juni,kyori_kubun,joshodo_code,ten_shisu_juni,45,9774,72.38,13.9,68.32,False
KEIBAJO_SURFACE_09_ダ_条件戦,omo_tekisei_code+kyakushitsu+hizume_code,omo_tekisei_code,kyakushitsu,hizume_code,25,7152,71.99,9.38,68.32,False
KEIBAJO_SURFACE_09_ダ_条件戦,uma_start_shisu_decile+bataiju_zogen+kyakushitsu,uma_start_shisu_decile,bataiju_zogen,kyakushitsu,15,2498,74.19,11.68,68.28,False
KEIBAJO_SURFACE_09_ダ_条件戦,omo_tekisei_code+joshodo_code+kishu_shisu_decile,omo_tekisei_code,joshodo_code,kishu_shisu_decile,20,9288,74.46,14.1,68.28,False
KEIBAJO_SURFACE_09_ダ_条件戦,kyori_kubun+kyori_tekisei+kijun_ninkijun_tansho,kyori_kubun,kyori_tekisei,kijun_ninkijun_tansho,36,6713,72.32,12.41,68.27,False
KEIBAJO_SURFACE_09_ダ_条件戦,kyori_kubun+kyori_tekisei+ls_shisu_juni,kyori_kubun,kyori_tekisei,ls_shisu_juni,35,9168,72.77,13.61,68.26,False
KEIBAJO_SURFACE_09_ダ_条件戦,pace_yoso+omo_tekisei_code+joho_shisu_decile,pace_yoso,omo_tekisei_code,joho_shisu_decile,30,9051,72.7,12.45,68.25,False
KEIBAJO_SURFACE_09_ダ_条件戦,kyori_kubun+omo_tekisei_code+hizume_code,kyori_kubun,omo_tekisei_code,hizume_code,25,7799,72.22,10.13,68.25,False
KEIBAJO_SURFACE_09_ダ_条件戦,kyakushitsu+ichi_shisu_juni+idm_decile,kyakushitsu,ichi_shisu_juni,idm_decile,15,2934,74.42,12.23,68.23,False
KEIBAJO_SURFACE_09_ダ_条件戦,uma_start_shisu_decile+kyori_tekisei+tenkai_kigo_code,uma_start_shisu_decile,kyori_tekisei,tenkai_kigo_code,24,5734,72.48,10.63,68.22,False
KEIBAJO_SURFACE_09_ダ_条件戦,uma_deokure_bin+kijun_ninkijun_tansho+idm_decile,uma_deokure_bin,kijun_ninkijun_tansho,idm_decile,36,4639,73.02,14.71,68.22,False
KEIBAJO_SURFACE_09_ダ_条件戦,ichi_shisu_juni+joshodo_code+hizume_code,ichi_shisu_juni,joshodo_code,hizume_code,24,5274,72.45,10.6,68.21,False
KEIBAJO_SURFACE_09_ダ_条件戦,rotation_bin+kyori_tekisei+idm_decile,rotation_bin,kyori_tekisei,idm_decile,30,4692,73.72,15.39,68.21,False
KEIBAJO_SURFACE_09_ダ_条件戦,kyakushitsu+joshodo_code+joho_shisu_decile,kyakushitsu,joshodo_code,joho_shisu_decile,30,11894,72.86,12.99,68.21,False
KEIBAJO_SURFACE_09_ダ_条件戦,kyori_kubun+omo_tekisei_code+gekiso_juni,kyori_kubun,omo_tekisei_code,gekiso_juni,36,5894,73.27,15.52,68.2,False
KEIBAJO_SURFACE_09_ダ_条件戦,kyori_kubun+joshodo_code+manken_shisu_decile,kyori_kubun,joshodo_code,manken_shisu_decile,36,10691,71.86,11.2,68.2,False
KEIBAJO_SURFACE_09_ダ_条件戦,omo_tekisei_code+kyakushitsu+joho_shisu_decile,omo_tekisei_code,kyakushitsu,joho_shisu_decile,36,8611,72.66,13.67,68.2,False
KEIBAJO_SURFACE_09_ダ_条件戦,omo_tekisei_code+kyori_tekisei+joho_shisu_decile,omo_tekisei_code,kyori_tekisei,joho_shisu_decile,36,8445,73.02,14.79,68.19,False
KEIBAJO_SURFACE_09_ダ_条件戦,rotation_bin+joshodo_code+kijun_ninkijun_tansho,rotation_bin,joshodo_code,kijun_ninkijun_tansho,43,7482,72.24,13.55,68.19,False
KEIBAJO_SURFACE_09_ダ_条件戦,uma_start_shisu_decile+omo_tekisei_code+manken_shisu_decile,uma_start_shisu_decile,omo_tekisei_code,manken_shisu_decile,17,3621,73.52,11.22,68.18,False
KEIBAJO_SURFACE_09_ダ_条件戦,kyori_kubun+rotation_bin+ten_shisu_juni,kyori_kubun,rotation_bin,ten_shisu_juni,11,1392,76.43,13.96,68.18,False
KEIBAJO_SURFACE_09_ダ_条件戦,joshodo_code+hizume_code+ten_shisu_juni,joshodo_code,hizume_code,ten_shisu_juni,25,5329,72.56,11.18,68.17,False
KEIBAJO_SURFACE_09_ダ_条件戦,bataiju_zogen+joshodo_code+hizume_code,bataiju_zogen,joshodo_code,hizume_code,20,5456,74.09,13.55,68.15,False
KEIBAJO_SURFACE_09_ダ_条件戦,kyori_tekisei+joshodo_code+ls_shisu_juni,kyori_tekisei,joshodo_code,ls_shisu_juni,36,11173,72.95,14.71,68.14,False
KEIBAJO_SURFACE_09_ダ_条件戦,kyori_kubun+pace_yoso+joho_shisu_decile,kyori_kubun,pace_yoso,joho_shisu_decile,43,11881,72.36,14.11,68.14,False
KEIBAJO_SURFACE_09_ダ_条件戦,tenkai_kigo_code+sogo_shisu_decile+idm_decile,tenkai_kigo_code,sogo_shisu_decile,idm_decile,29,10178,73.81,15.6,68.13,False
KEIBAJO_SURFACE_09_ダ_条件戦,omo_tekisei_code+bataiju_zogen+kishu_shisu_decile,omo_tekisei_code,bataiju_zogen,kishu_shisu_decile,9,1216,77.71,14.68,68.12,False
KEIBAJO_SURFACE_09_ダ_条件戦,kyori_kubun+tenkai_kigo_code+joho_shisu_decile,kyori_kubun,tenkai_kigo_code,joho_shisu_decile,39,9783,73.46,17.05,68.11,False
KEIBAJO_SURFACE_09_ダ_条件戦,omo_tekisei_code+rotation_bin+hizume_code,omo_tekisei_code,rotation_bin,hizume_code,24,5914,73.48,13.44,68.11,False
KEIBAJO_SURFACE_09_ダ_条件戦,pace_yoso+bataiju_zogen+idm_decile,pace_yoso,bataiju_zogen,idm_decile,25,3432,73.64,14.13,68.1,False
KEIBAJO_SURFACE_09_ダ_条件戦,uma_deokure_bin+hizume_code+kijun_ninkijun_tansho,uma_deokure_bin,hizume_code,kijun_ninkijun_tansho,21,3572,74.4,14.72,68.1,False
KEIBAJO_SURFACE_09_ダ_条件戦,pace_yoso+ichi_shisu_juni+ten_shisu_juni,pace_yoso,ichi_shisu_juni,ten_shisu_juni,11,2221,75.15,11.98,68.07,False
KEIBAJO_SURFACE_09_ダ_条件戦,uma_start_shisu_decile+omo_tekisei_code+bataiju_zogen,uma_start_shisu_decile,omo_tekisei_code,bataiju_zogen,16,3245,71.84,7.71,68.06,False
KEIBAJO_SURFACE_09_ダ_条件戦,kyakushitsu+kijun_ninkijun_tansho+idm_decile,kyakushitsu,kijun_ninkijun_tansho,idm_decile,13,1566,76.64,15.81,68.05,False
KEIBAJO_SURFACE_09_ダ_条件戦,kyori_kubun+uma_start_shisu_decile+pace_shisu_juni,kyori_kubun,uma_start_shisu_decile,pace_shisu_juni,16,2245,75.04,14.28,68.04,False
KEIBAJO_SURFACE_09_ダ_条件戦,omo_tekisei_code+manken_shisu_decile+kishu_shisu_decile,omo_tekisei_code,manken_shisu_decile,kishu_shisu_decile,17,2130,77.44,19.77,68.04,False
KEIBAJO_SURFACE_09_ダ_条件戦,kyori_kubun+joshodo_code+tenkai_kigo_code,kyori_kubun,joshodo_code,tenkai_kigo_code,18,11510,74.46,13.9,68.04,False
KEIBAJO_SURFACE_09_ダ_条件戦,omo_tekisei_code+hizume_code+manken_shisu_decile,omo_tekisei_code,hizume_code,manken_shisu_decile,22,4458,73.58,13.32,68.02,False
KEIBAJO_SURFACE_09_ダ_条件戦,kyori_tekisei+ichi_shisu_juni+kishu_shisu_decile,kyori_tekisei,ichi_shisu_juni,kishu_shisu_decile,12,2274,74.58,11.63,68.0,False
KEIBAJO_SURFACE_09_ダ_条件戦,pace_yoso+manken_shisu_decile+idm_decile,pace_yoso,manken_shisu_decile,idm_decile,50,7318,72.22,15.28,67.99,False
KEIBAJO_SURFACE_09_ダ_条件戦,rotation_bin+kyakushitsu+idm_decile,rotation_bin,kyakushitsu,idm_decile,35,5124,73.58,16.9,67.98,False
KEIBAJO_SURFACE_09_ダ_条件戦,rotation_bin+kyori_tekisei+pace_shisu_juni,rotation_bin,kyori_tekisei,pace_shisu_juni,7,877,76.7,11.79,67.97,False
KEIBAJO_SURFACE_09_ダ_条件戦,pace_yoso+ten_shisu_juni+kijun_ninkijun_tansho,pace_yoso,ten_shisu_juni,kijun_ninkijun_tansho,4,571,78.57,10.83,67.96,False
KEIBAJO_SURFACE_09_ダ_条件戦,kyori_tekisei+hizume_code+joho_shisu_decile,kyori_tekisei,hizume_code,joho_shisu_decile,27,4879,73.57,14.99,67.92,False
KEIBAJO_SURFACE_09_ダ_条件戦,bataiju_zogen+kyakushitsu+idm_decile,bataiju_zogen,kyakushitsu,idm_decile,12,1442,76.24,14.7,67.92,False
KEIBAJO_SURFACE_09_ダ_条件戦,pace_yoso+omo_tekisei_code+kishu_shisu_decile,pace_yoso,omo_tekisei_code,kishu_shisu_decile,37,8104,72.08,12.95,67.91,False
KEIBAJO_SURFACE_09_ダ_条件戦,kyakushitsu+sogo_shisu_decile+idm_decile,kyakushitsu,sogo_shisu_decile,idm_decile,38,10482,72.37,14.03,67.91,False
KEIBAJO_SURFACE_09_ダ_条件戦,kyori_tekisei+hizume_code+tenkai_kigo_code,kyori_tekisei,hizume_code,tenkai_kigo_code,24,5784,73.86,14.87,67.91,False
KEIBAJO_SURFACE_09_ダ_条件戦,kyakushitsu+kyori_tekisei+kijun_ninkijun_tansho,kyakushitsu,kyori_tekisei,kijun_ninkijun_tansho,32,4578,72.78,14.08,67.9,False
KEIBAJO_SURFACE_09_ダ_条件戦,omo_tekisei_code+kyakushitsu+idm_decile,omo_tekisei_code,kyakushitsu,idm_decile,33,8300,73.12,15.32,67.89,False
KEIBAJO_SURFACE_09_ダ_条件戦,uma_start_shisu_decile+rotation_bin+ls_shisu_juni,uma_start_shisu_decile,rotation_bin,ls_shisu_juni,13,2350,73.31,9.96,67.89,False
KEIBAJO_SURFACE_09_ダ_条件戦,kyakushitsu+kyori_tekisei+kishu_shisu_decile,kyakushitsu,kyori_tekisei,kishu_shisu_decile,44,6850,72.77,16.54,67.88,False
KEIBAJO_SURFACE_09_ダ_条件戦,joshodo_code+ten_shisu_juni+idm_decile,joshodo_code,ten_shisu_juni,idm_decile,50,7756,72.09,15.22,67.87,False
KEIBAJO_SURFACE_09_ダ_条件戦,kyori_kubun+ichi_shisu_juni+kijun_ninkijun_tansho,kyori_kubun,ichi_shisu_juni,kijun_ninkijun_tansho,8,1135,76.39,12.3,67.87,False
KEIBAJO_SURFACE_09_ダ_条件戦,kyori_tekisei+hizume_code+ls_shisu_juni,kyori_tekisei,hizume_code,ls_shisu_juni,16,3446,76.04,16.69,67.86,False
KEIBAJO_SURFACE_09_ダ_条件戦,omo_tekisei_code+hizume_code+tenkai_kigo_code,omo_tekisei_code,hizume_code,tenkai_kigo_code,22,7055,72.85,11.95,67.86,False
KEIBAJO_SURFACE_09_ダ_条件戦,kyori_kubun+pace_yoso+kyori_tekisei,kyori_kubun,pace_yoso,kyori_tekisei,24,11472,71.48,9.05,67.86,False
KEIBAJO_SURFACE_09_ダ_条件戦,uma_deokure_bin+joshodo_code+ten_shisu_juni,uma_deokure_bin,joshodo_code,ten_shisu_juni,32,9290,71.92,11.76,67.85,False
KEIBAJO_SURFACE_09_ダ_条件戦,ichi_shisu_juni+joshodo_code+kishu_shisu_decile,ichi_shisu_juni,joshodo_code,kishu_shisu_decile,33,5008,72.9,14.82,67.85,False
KEIBAJO_SURFACE_09_ダ_条件戦,uma_deokure_bin+uma_start_shisu_decile+pace_shisu_juni,uma_deokure_bin,uma_start_shisu_decile,pace_shisu_juni,15,3266,73.42,11.0,67.85,False
KEIBAJO_SURFACE_09_ダ_条件戦,kyori_kubun+rotation_bin+ls_shisu_juni,kyori_kubun,rotation_bin,ls_shisu_juni,24,4770,71.86,10.05,67.84,False
KEIBAJO_SURFACE_09_ダ_条件戦,ichi_shisu_juni+kijun_ninkijun_tansho+joho_shisu_decile,ichi_shisu_juni,kijun_ninkijun_tansho,joho_shisu_decile,10,1443,77.09,14.93,67.83,False
KEIBAJO_SURFACE_09_ダ_条件戦,omo_tekisei_code+tenkai_kigo_code+sogo_shisu_decile,omo_tekisei_code,tenkai_kigo_code,sogo_shisu_decile,25,7289,74.41,16.82,67.82,False
KEIBAJO_SURFACE_09_ダ_条件戦,pace_yoso+ichi_shisu_juni+pace_shisu_juni,pace_yoso,ichi_shisu_juni,pace_shisu_juni,10,2143,75.45,12.3,67.82,False
KEIBAJO_SURFACE_09_ダ_条件戦,uma_deokure_bin+tenkai_kigo_code+kishu_shisu_decile,uma_deokure_bin,tenkai_kigo_code,kishu_shisu_decile,30,7090,73.07,14.68,67.82,False
KEIBAJO_SURFACE_09_ダ_条件戦,omo_tekisei_code+kijun_ninkijun_tansho+sogo_shisu_decile,omo_tekisei_code,kijun_ninkijun_tansho,sogo_shisu_decile,35,4713,72.46,14.06,67.81,False
KEIBAJO_SURFACE_09_ダ_条件戦,rotation_bin+kyakushitsu+ls_shisu_juni,rotation_bin,kyakushitsu,ls_shisu_juni,22,3854,72.01,10.11,67.79,False
KEIBAJO_SURFACE_09_ダ_条件戦,pace_yoso+ichi_shisu_juni+kishu_shisu_decile,pace_yoso,ichi_shisu_juni,kishu_shisu_decile,13,2467,73.7,10.92,67.77,False
KEIBAJO_SURFACE_09_ダ_条件戦,uma_start_shisu_decile+rotation_bin+ten_shisu_juni,uma_start_shisu_decile,rotation_bin,ten_shisu_juni,7,796,75.56,10.54,67.75,False
KEIBAJO_SURFACE_09_ダ_条件戦,ichi_shisu_juni+joshodo_code+sogo_shisu_decile,ichi_shisu_juni,joshodo_code,sogo_shisu_decile,47,7777,71.37,12.69,67.75,False
KEIBAJO_SURFACE_09_ダ_条件戦,uma_deokure_bin+tenkai_kigo_code+gekiso_juni,uma_deokure_bin,tenkai_kigo_code,gekiso_juni,34,5977,73.68,17.68,67.74,False
KEIBAJO_SURFACE_09_ダ_条件戦,uma_deokure_bin+kyori_kubun+kyori_tekisei,uma_deokure_bin,kyori_kubun,kyori_tekisei,21,9189,72.27,10.61,67.73,False
KEIBAJO_SURFACE_09_ダ_条件戦,pace_yoso+rotation_bin+hizume_code,pace_yoso,rotation_bin,hizume_code,24,5259,72.48,11.9,67.72,False
KEIBAJO_SURFACE_09_ダ_条件戦,uma_deokure_bin+kyakushitsu+hizume_code,uma_deokure_bin,kyakushitsu,hizume_code,27,7189,71.38,9.71,67.72,False
KEIBAJO_SURFACE_09_ダ_条件戦,joshodo_code+tenkai_kigo_code+idm_decile,joshodo_code,tenkai_kigo_code,idm_decile,26,10969,73.53,15.13,67.71,False
KEIBAJO_SURFACE_09_ダ_条件戦,uma_deokure_bin+pace_yoso+joho_shisu_decile,uma_deokure_bin,pace_yoso,joho_shisu_decile,30,8993,72.83,14.35,67.69,False
KEIBAJO_SURFACE_09_ダ_条件戦,omo_tekisei_code+bataiju_zogen+sogo_shisu_decile,omo_tekisei_code,bataiju_zogen,sogo_shisu_decile,28,3889,72.73,13.66,67.67,False
KEIBAJO_SURFACE_09_ダ_条件戦,joshodo_code+hizume_code+manken_shisu_decile,joshodo_code,hizume_code,manken_shisu_decile,24,6283,72.77,12.76,67.67,False
KEIBAJO_SURFACE_09_ダ_条件戦,kyori_kubun+kyori_tekisei+joshodo_code,kyori_kubun,kyori_tekisei,joshodo_code,14,11601,71.29,6.94,67.66,False
KEIBAJO_SURFACE_09_ダ_条件戦,ichi_shisu_juni+tenkai_kigo_code+kishu_shisu_decile,ichi_shisu_juni,tenkai_kigo_code,kishu_shisu_decile,13,1982,74.11,11.87,67.66,False
KEIBAJO_SURFACE_09_ダ_条件戦,uma_deokure_bin+uma_start_shisu_decile+hizume_code,uma_deokure_bin,uma_start_shisu_decile,hizume_code,19,5694,73.01,11.91,67.66,False
KEIBAJO_SURFACE_09_ダ_条件戦,uma_start_shisu_decile+ichi_shisu_juni+ls_shisu_juni,uma_start_shisu_decile,ichi_shisu_juni,ls_shisu_juni,8,1088,70.24,3.72,67.66,False
KEIBAJO_SURFACE_09_ダ_条件戦,kyori_tekisei+ichi_shisu_juni+ten_shisu_juni,kyori_tekisei,ichi_shisu_juni,ten_shisu_juni,11,2058,73.11,9.23,67.65,False
KEIBAJO_SURFACE_09_ダ_条件戦,uma_deokure_bin+omo_tekisei_code+kishu_shisu_decile,uma_deokure_bin,omo_tekisei_code,kishu_shisu_decile,34,8551,72.52,14.52,67.64,False
KEIBAJO_SURFACE_09_ダ_条件戦,rotation_bin+kyakushitsu+gekiso_juni,rotation_bin,kyakushitsu,gekiso_juni,4,473,75.79,8.33,67.63,False
KEIBAJO_SURFACE_09_ダ_条件戦,uma_deokure_bin+pace_shisu_juni+idm_decile,uma_deokure_bin,pace_shisu_juni,idm_decile,13,1514,74.5,12.71,67.6,False
KEIBAJO_SURFACE_09_ダ_条件戦,omo_tekisei_code+kyori_tekisei+hizume_code,omo_tekisei_code,kyori_tekisei,hizume_code,25,6951,71.78,10.74,67.57,False
KEIBAJO_SURFACE_09_ダ_条件戦,joshodo_code+ls_shisu_juni+kijun_ninkijun_tansho,joshodo_code,ls_shisu_juni,kijun_ninkijun_tansho,27,6420,72.91,14.15,67.57,False
KEIBAJO_SURFACE_09_ダ_条件戦,kyakushitsu+joshodo_code+gekiso_juni,kyakushitsu,joshodo_code,gekiso_juni,57,10712,71.25,14.25,67.56,False
KEIBAJO_SURFACE_09_ダ_条件戦,pace_yoso+hizume_code+kijun_ninkijun_tansho,pace_yoso,hizume_code,kijun_ninkijun_tansho,18,2782,75.48,17.19,67.54,False
KEIBAJO_SURFACE_09_ダ_条件戦,manken_shirushi+sogo_shisu_decile+manken_shisu_decile,manken_shirushi,sogo_shisu_decile,manken_shisu_decile,3,473,78.71,9.88,67.53,False
KEIBAJO_SURFACE_09_ダ_条件戦,pace_yoso+joho_shisu_decile+idm_decile,pace_yoso,joho_shisu_decile,idm_decile,39,9512,72.37,15.45,67.52,False
KEIBAJO_SURFACE_09_ダ_条件戦,uma_deokure_bin+pace_yoso+kishu_shisu_decile,uma_deokure_bin,pace_yoso,kishu_shisu_decile,36,7972,71.95,13.74,67.47,False
KEIBAJO_SURFACE_09_ダ_条件戦,ls_shisu_juni+sogo_shisu_decile+idm_decile,ls_shisu_juni,sogo_shisu_decile,idm_decile,41,9341,71.83,14.34,67.44,False
KEIBAJO_SURFACE_09_ダ_条件戦,kyori_kubun+ichi_shisu_juni+tenkai_kigo_code,kyori_kubun,ichi_shisu_juni,tenkai_kigo_code,35,6781,71.44,12.11,67.43,False
KEIBAJO_SURFACE_09_ダ_条件戦,uma_deokure_bin+sogo_shisu_decile+joho_shisu_decile,uma_deokure_bin,sogo_shisu_decile,joho_shisu_decile,39,8100,72.31,15.56,67.42,False
KEIBAJO_SURFACE_09_ダ_条件戦,omo_tekisei_code+rotation_bin+gekiso_juni,omo_tekisei_code,rotation_bin,gekiso_juni,21,2682,74.9,17.52,67.41,False
KEIBAJO_SURFACE_09_ダ_条件戦,pace_yoso+kyakushitsu+kijun_ninkijun_tansho,pace_yoso,kyakushitsu,kijun_ninkijun_tansho,49,6775,71.51,14.65,67.41,False
KEIBAJO_SURFACE_09_ダ_条件戦,pace_yoso+tenkai_kigo_code+kishu_shisu_decile,pace_yoso,tenkai_kigo_code,kishu_shisu_decile,38,8293,71.76,13.69,67.41,False
KEIBAJO_SURFACE_09_ダ_条件戦,omo_tekisei_code+sogo_shisu_decile+manken_shisu_decile,omo_tekisei_code,sogo_shisu_decile,manken_shisu_decile,37,4907,72.45,15.68,67.4,False
KEIBAJO_SURFACE_09_ダ_条件戦,omo_tekisei_code+hizume_code+gekiso_juni,omo_tekisei_code,hizume_code,gekiso_juni,16,3048,74.3,14.13,67.38,False
KEIBAJO_SURFACE_09_ダ_条件戦,kyori_kubun+hizume_code+gekiso_juni,kyori_kubun,hizume_code,gekiso_juni,17,2470,75.34,16.78,67.36,False
KEIBAJO_SURFACE_09_ダ_条件戦,joshodo_code+sogo_shisu_decile+idm_decile,joshodo_code,sogo_shisu_decile,idm_decile,21,11324,74.65,17.07,67.35,False
KEIBAJO_SURFACE_09_ダ_条件戦,bataiju_zogen+joshodo_code+joho_shisu_decile,bataiju_zogen,joshodo_code,joho_shisu_decile,37,7553,72.07,14.71,67.34,False
KEIBAJO_SURFACE_09_ダ_条件戦,omo_tekisei_code+joshodo_code+gekiso_juni,omo_tekisei_code,joshodo_code,gekiso_juni,29,8999,72.58,14.39,67.34,False
KEIBAJO_SURFACE_09_ダ_条件戦,kyori_tekisei+joshodo_code+manken_shisu_decile,kyori_tekisei,joshodo_code,manken_shisu_decile,38,10843,71.61,13.43,67.34,False
KEIBAJO_SURFACE_09_ダ_条件戦,uma_start_shisu_decile+joshodo_code+pace_shisu_juni,uma_start_shisu_decile,joshodo_code,pace_shisu_juni,20,4505,74.04,15.32,67.33,False
KEIBAJO_SURFACE_09_ダ_条件戦,pace_yoso+ten_shisu_juni+sogo_shisu_decile,pace_yoso,ten_shisu_juni,sogo_shisu_decile,21,3042,72.87,12.99,67.32,False
KEIBAJO_SURFACE_09_ダ_条件戦,kyori_kubun+pace_shisu_juni+kijun_ninkijun_tansho,kyori_kubun,pace_shisu_juni,kijun_ninkijun_tansho,3,424,79.89,11.11,67.32,False
KEIBAJO_SURFACE_09_ダ_条件戦,kyori_tekisei+joshodo_code+joho_shisu_decile,kyori_tekisei,joshodo_code,joho_shisu_decile,29,11590,72.09,13.2,67.28,False
KEIBAJO_SURFACE_09_ダ_条件戦,uma_deokure_bin+tenkai_kigo_code+idm_decile,uma_deokure_bin,tenkai_kigo_code,idm_decile,25,7709,73.56,16.02,67.28,False
KEIBAJO_SURFACE_09_ダ_条件戦,uma_start_shisu_decile+ls_shisu_juni+kishu_shisu_decile,uma_start_shisu_decile,ls_shisu_juni,kishu_shisu_decile,10,1914,74.3,11.32,67.28,False
KEIBAJO_SURFACE_09_ダ_条件戦,pace_yoso+ls_shisu_juni+tenkai_kigo_code,pace_yoso,ls_shisu_juni,tenkai_kigo_code,37,8964,72.32,15.68,67.27,False
KEIBAJO_SURFACE_09_ダ_条件戦,omo_tekisei_code+rotation_bin+idm_decile,omo_tekisei_code,rotation_bin,idm_decile,38,7402,72.68,17.05,67.26,False
KEIBAJO_SURFACE_09_ダ_条件戦,pace_yoso+omo_tekisei_code+kijun_ninkijun_tansho,pace_yoso,omo_tekisei_code,kijun_ninkijun_tansho,41,7239,71.76,14.74,67.24,False
KEIBAJO_SURFACE_09_ダ_条件戦,kyakushitsu+hizume_code+ls_shisu_juni,kyakushitsu,hizume_code,ls_shisu_juni,18,3628,75.2,17.23,67.24,False
KEIBAJO_SURFACE_09_ダ_条件戦,omo_tekisei_code+hizume_code+kijun_ninkijun_tansho,omo_tekisei_code,hizume_code,kijun_ninkijun_tansho,20,3758,72.32,11.6,67.23,False
KEIBAJO_SURFACE_09_ダ_条件戦,uma_start_shisu_decile+hizume_code+tenkai_kigo_code,uma_start_shisu_decile,hizume_code,tenkai_kigo_code,20,4540,72.14,11.22,67.22,False
KEIBAJO_SURFACE_09_ダ_条件戦,uma_deokure_bin+ten_shisu_juni+idm_decile,uma_deokure_bin,ten_shisu_juni,idm_decile,17,1910,73.57,13.35,67.22,False
KEIBAJO_SURFACE_09_ダ_条件戦,pace_shisu_juni+ten_shisu_juni+idm_decile,pace_shisu_juni,ten_shisu_juni,idm_decile,10,1606,75.74,13.76,67.21,False
KEIBAJO_SURFACE_09_ダ_条件戦,uma_deokure_bin+pace_yoso+idm_decile,uma_deokure_bin,pace_yoso,idm_decile,30,8965,72.57,14.98,67.21,False
KEIBAJO_SURFACE_09_ダ_条件戦,kyori_tekisei+tenkai_kigo_code+joho_shisu_decile,kyori_tekisei,tenkai_kigo_code,joho_shisu_decile,32,8407,72.87,16.35,67.2,False
KEIBAJO_SURFACE_09_ダ_条件戦,pace_yoso+ichi_shisu_juni+manken_shisu_decile,pace_yoso,ichi_shisu_juni,manken_shisu_decile,8,1894,75.66,12.21,67.2,False
KEIBAJO_SURFACE_09_ダ_条件戦,omo_tekisei_code+joho_shisu_decile+idm_decile,omo_tekisei_code,joho_shisu_decile,idm_decile,35,7705,71.98,14.41,67.2,False
KEIBAJO_SURFACE_09_ダ_条件戦,uma_deokure_bin+omo_tekisei_code+hizume_code,uma_deokure_bin,omo_tekisei_code,hizume_code,19,7614,72.14,11.11,67.14,False
KEIBAJO_SURFACE_09_ダ_条件戦,omo_tekisei_code+joho_shisu_decile+kishu_shisu_decile,omo_tekisei_code,joho_shisu_decile,kishu_shisu_decile,35,7704,72.34,15.69,67.14,False
KEIBAJO_SURFACE_09_ダ_条件戦,kyakushitsu+hizume_code+tenkai_kigo_code,kyakushitsu,hizume_code,tenkai_kigo_code,24,6610,72.02,12.24,67.12,False
KEIBAJO_SURFACE_09_ダ_条件戦,kyori_kubun+rotation_bin+ichi_shisu_juni,kyori_kubun,rotation_bin,ichi_shisu_juni,14,1804,72.06,9.48,67.1,False
KEIBAJO_SURFACE_09_ダ_条件戦,kyakushitsu+joshodo_code+kijun_ninkijun_tansho,kyakushitsu,joshodo_code,kijun_ninkijun_tansho,47,10466,70.81,13.0,67.1,False
KEIBAJO_SURFACE_09_ダ_条件戦,hizume_code+sogo_shisu_decile+kishu_shisu_decile,hizume_code,sogo_shisu_decile,kishu_shisu_decile,19,2490,75.52,18.72,67.1,False
KEIBAJO_SURFACE_09_ダ_条件戦,omo_tekisei_code+tenkai_kigo_code+gekiso_juni,omo_tekisei_code,tenkai_kigo_code,gekiso_juni,30,5667,73.33,17.44,67.09,False
KEIBAJO_SURFACE_09_ダ_条件戦,kyori_kubun+ls_shisu_juni+tenkai_kigo_code,kyori_kubun,ls_shisu_juni,tenkai_kigo_code,38,8648,71.65,14.38,67.08,False
KEIBAJO_SURFACE_09_ダ_条件戦,omo_tekisei_code+joshodo_code+sogo_shisu_decile,omo_tekisei_code,joshodo_code,sogo_shisu_decile,16,9238,76.06,18.33,67.08,False
KEIBAJO_SURFACE_09_ダ_条件戦,manken_shirushi+kyakushitsu+ichi_shisu_juni,manken_shirushi,kyakushitsu,ichi_shisu_juni,8,1149,74.75,11.09,67.07,False
KEIBAJO_SURFACE_09_ダ_条件戦,pace_yoso+rotation_bin+kijun_ninkijun_tansho,pace_yoso,rotation_bin,kijun_ninkijun_tansho,21,2726,73.13,14.21,67.05,False
KEIBAJO_SURFACE_09_ダ_条件戦,kyakushitsu+tenkai_kigo_code+manken_shisu_decile,kyakushitsu,tenkai_kigo_code,manken_shisu_decile,45,8623,71.11,13.92,67.04,False
KEIBAJO_SURFACE_09_ダ_条件戦,uma_start_shisu_decile+manken_shirushi+manken_shisu_decile,uma_start_shisu_decile,manken_shirushi,manken_shisu_decile,13,1799,75.63,15.8,67.04,False
KEIBAJO_SURFACE_09_ダ_条件戦,uma_deokure_bin+omo_tekisei_code+gekiso_juni,uma_deokure_bin,omo_tekisei_code,gekiso_juni,43,7648,71.84,16.17,67.0,False
KEIBAJO_SURFACE_09_ダ_条件戦,uma_deokure_bin+rotation_bin+hizume_code,uma_deokure_bin,rotation_bin,hizume_code,23,5549,72.57,13.65,67.0,False
KEIBAJO_SURFACE_09_ダ_条件戦,pace_yoso+joshodo_code+tenkai_kigo_code,pace_yoso,joshodo_code,tenkai_kigo_code,19,11808,73.22,13.84,67.0,False
KEIBAJO_SURFACE_09_ダ_条件戦,uma_start_shisu_decile+bataiju_zogen+rotation_bin,uma_start_shisu_decile,bataiju_zogen,rotation_bin,9,1498,73.23,9.55,66.99,False
KEIBAJO_SURFACE_09_ダ_条件戦,pace_yoso+rotation_bin+idm_decile,pace_yoso,rotation_bin,idm_decile,39,6606,72.31,16.96,66.99,False
KEIBAJO_SURFACE_09_ダ_条件戦,pace_yoso+kyakushitsu+kishu_shisu_decile,pace_yoso,kyakushitsu,kishu_shisu_decile,51,8444,70.91,14.29,66.99,False
KEIBAJO_SURFACE_09_ダ_条件戦,uma_deokure_bin+joho_shisu_decile+kishu_shisu_decile,uma_deokure_bin,joho_shisu_decile,kishu_shisu_decile,37,7861,72.16,16.08,66.99,False
KEIBAJO_SURFACE_09_ダ_条件戦,uma_deokure_bin+tenkai_kigo_code+sogo_shisu_decile,uma_deokure_bin,tenkai_kigo_code,sogo_shisu_decile,26,7336,73.72,17.55,66.97,False
KEIBAJO_SURFACE_09_ダ_条件戦,uma_start_shisu_decile+joshodo_code+ls_shisu_juni,uma_start_shisu_decile,joshodo_code,ls_shisu_juni,23,7067,73.18,15.22,66.96,False
KEIBAJO_SURFACE_09_ダ_条件戦,uma_start_shisu_decile+manken_shirushi+tenkai_kigo_code,uma_start_shisu_decile,manken_shirushi,tenkai_kigo_code,10,1624,75.42,13.7,66.94,False
KEIBAJO_SURFACE_09_ダ_条件戦,kyori_kubun+ls_shisu_juni+joho_shisu_decile,kyori_kubun,ls_shisu_juni,joho_shisu_decile,35,8017,72.01,15.3,66.94,False
KEIBAJO_SURFACE_09_ダ_条件戦,kyori_kubun+uma_start_shisu_decile+kijun_ninkijun_tansho,kyori_kubun,uma_start_shisu_decile,kijun_ninkijun_tansho,19,2874,73.45,14.48,66.94,False
KEIBAJO_SURFACE_09_ダ_条件戦,joshodo_code+ls_shisu_juni+sogo_shisu_decile,joshodo_code,ls_shisu_juni,sogo_shisu_decile,41,9692,71.95,16.39,66.93,False
KEIBAJO_SURFACE_09_ダ_条件戦,joshodo_code+pace_shisu_juni+idm_decile,joshodo_code,pace_shisu_juni,idm_decile,52,8162,70.78,14.22,66.92,False
KEIBAJO_SURFACE_09_ダ_条件戦,joshodo_code+pace_shisu_juni+tenkai_kigo_code,joshodo_code,pace_shisu_juni,tenkai_kigo_code,40,9413,71.29,14.13,66.91,False
KEIBAJO_SURFACE_09_ダ_条件戦,manken_shirushi+ls_shisu_juni+kishu_shisu_decile,manken_shirushi,ls_shisu_juni,kishu_shisu_decile,5,559,80.1,15.07,66.89,False
KEIBAJO_SURFACE_09_ダ_条件戦,kyori_kubun+hizume_code+kishu_shisu_decile,kyori_kubun,hizume_code,kishu_shisu_decile,26,4202,73.07,16.12,66.88,False
KEIBAJO_SURFACE_09_ダ_条件戦,pace_yoso+kyakushitsu+joshodo_code,pace_yoso,kyakushitsu,joshodo_code,15,11894,72.0,10.14,66.87,False
KEIBAJO_SURFACE_09_ダ_条件戦,kyakushitsu+ichi_shisu_juni+manken_shisu_decile,kyakushitsu,ichi_shisu_juni,manken_shisu_decile,7,1687,75.56,11.72,66.87,False
KEIBAJO_SURFACE_09_ダ_条件戦,pace_yoso+ls_shisu_juni+joho_shisu_decile,pace_yoso,ls_shisu_juni,joho_shisu_decile,33,8084,71.43,13.38,66.86,False
KEIBAJO_SURFACE_09_ダ_条件戦,omo_tekisei_code+ls_shisu_juni+sogo_shisu_decile,omo_tekisei_code,ls_shisu_juni,sogo_shisu_decile,27,5452,72.52,15.04,66.84,False
KEIBAJO_SURFACE_09_ダ_条件戦,uma_start_shisu_decile+omo_tekisei_code+idm_decile,uma_start_shisu_decile,omo_tekisei_code,idm_decile,28,5900,72.6,15.53,66.84,False
KEIBAJO_SURFACE_09_ダ_条件戦,kyori_kubun+tenkai_kigo_code+manken_shisu_decile,kyori_kubun,tenkai_kigo_code,manken_shisu_decile,40,7581,70.71,12.51,66.83,False
KEIBAJO_SURFACE_09_ダ_条件戦,kyakushitsu+joho_shisu_decile+idm_decile,kyakushitsu,joho_shisu_decile,idm_decile,39,7731,71.63,15.29,66.83,False
KEIBAJO_SURFACE_09_ダ_条件戦,kyakushitsu+kijun_ninkijun_tansho+kishu_shisu_decile,kyakushitsu,kijun_ninkijun_tansho,kishu_shisu_decile,28,4205,72.0,13.95,66.83,False
KEIBAJO_SURFACE_09_ダ_条件戦,joshodo_code+gekiso_juni+idm_decile,joshodo_code,gekiso_juni,idm_decile,40,7070,73.07,20.17,66.82,False
KEIBAJO_SURFACE_09_ダ_条件戦,kyakushitsu+tenkai_kigo_code+joho_shisu_decile,kyakushitsu,tenkai_kigo_code,joho_shisu_decile,38,10011,71.7,15.36,66.81,False
KEIBAJO_SURFACE_09_ダ_条件戦,kyakushitsu+kyori_tekisei+idm_decile,kyakushitsu,kyori_tekisei,idm_decile,42,8930,71.33,14.95,66.81,False
KEIBAJO_SURFACE_09_ダ_条件戦,manken_shirushi+tenkai_kigo_code+kijun_ninkijun_tansho,manken_shirushi,tenkai_kigo_code,kijun_ninkijun_tansho,3,330,81.83,13.28,66.8,False
KEIBAJO_SURFACE_09_ダ_条件戦,kyori_kubun+joshodo_code+gekiso_juni,kyori_kubun,joshodo_code,gekiso_juni,37,9060,71.45,14.49,66.79,False
KEIBAJO_SURFACE_09_ダ_条件戦,manken_shirushi+kyori_tekisei+ichi_shisu_juni,manken_shirushi,kyori_tekisei,ichi_shisu_juni,8,1206,73.95,10.35,66.78,False
KEIBAJO_SURFACE_09_ダ_条件戦,pace_yoso+sogo_shisu_decile+joho_shisu_decile,pace_yoso,sogo_shisu_decile,joho_shisu_decile,39,9573,71.48,15.06,66.75,False
KEIBAJO_SURFACE_09_ダ_条件戦,uma_start_shisu_decile+kyakushitsu+kijun_ninkijun_tansho,uma_start_shisu_decile,kyakushitsu,kijun_ninkijun_tansho,17,2537,74.8,16.97,66.73,False
KEIBAJO_SURFACE_09_ダ_条件戦,uma_deokure_bin+bataiju_zogen+idm_decile,uma_deokure_bin,bataiju_zogen,idm_decile,30,4300,71.88,14.38,66.73,False
KEIBAJO_SURFACE_09_ダ_条件戦,rotation_bin+kyori_tekisei+sogo_shisu_decile,rotation_bin,kyori_tekisei,sogo_shisu_decile,30,4267,72.03,14.83,66.72,False
KEIBAJO_SURFACE_09_ダ_条件戦,joshodo_code+tenkai_kigo_code+kijun_ninkijun_tansho,joshodo_code,tenkai_kigo_code,kijun_ninkijun_tansho,37,9503,71.1,13.6,66.72,False
KEIBAJO_SURFACE_09_ダ_条件戦,kyakushitsu+ichi_shisu_juni+gekiso_juni,kyakushitsu,ichi_shisu_juni,gekiso_juni,12,1711,74.51,13.77,66.72,False
KEIBAJO_SURFACE_09_ダ_条件戦,uma_start_shisu_decile+kyori_tekisei+ls_shisu_juni,uma_start_shisu_decile,kyori_tekisei,ls_shisu_juni,20,3648,72.58,13.38,66.71,False
KEIBAJO_SURFACE_09_ダ_条件戦,joshodo_code+sogo_shisu_decile+gekiso_juni,joshodo_code,sogo_shisu_decile,gekiso_juni,40,6722,72.16,17.58,66.71,False
KEIBAJO_SURFACE_09_ダ_条件戦,uma_start_shisu_decile+tenkai_kigo_code+manken_shisu_decile,uma_start_shisu_decile,tenkai_kigo_code,manken_shisu_decile,14,2857,74.55,14.97,66.71,False
KEIBAJO_SURFACE_09_ダ_条件戦,kyori_kubun+joshodo_code+kijun_ninkijun_tansho,kyori_kubun,joshodo_code,kijun_ninkijun_tansho,33,9170,71.29,13.45,66.7,False
KEIBAJO_SURFACE_09_ダ_条件戦,uma_deokure_bin+uma_start_shisu_decile+ichi_shisu_juni,uma_deokure_bin,uma_start_shisu_decile,ichi_shisu_juni,14,3372,71.56,9.33,66.68,False
KEIBAJO_SURFACE_09_ダ_条件戦,tenkai_kigo_code+joho_shisu_decile+idm_decile,tenkai_kigo_code,joho_shisu_decile,idm_decile,36,8415,72.08,16.62,66.65,False
KEIBAJO_SURFACE_09_ダ_条件戦,bataiju_zogen+hizume_code+tenkai_kigo_code,bataiju_zogen,hizume_code,tenkai_kigo_code,17,3159,72.88,13.09,66.65,False
KEIBAJO_SURFACE_09_ダ_条件戦,joshodo_code+ls_shisu_juni+idm_decile,joshodo_code,ls_shisu_juni,idm_decile,37,9681,71.87,16.21,66.64,False
KEIBAJO_SURFACE_09_ダ_条件戦,pace_yoso+kyakushitsu+joho_shisu_decile,pace_yoso,kyakushitsu,joho_shisu_decile,42,9777,71.51,16.1,66.64,False
KEIBAJO_SURFACE_09_ダ_条件戦,sogo_shisu_decile+manken_shisu_decile+idm_decile,sogo_shisu_decile,manken_shisu_decile,idm_decile,42,8163,71.54,16.23,66.63,False
KEIBAJO_SURFACE_09_ダ_条件戦,pace_yoso+manken_shisu_decile+kishu_shisu_decile,pace_yoso,manken_shisu_decile,kishu_shisu_decile,25,3030,73.67,17.94,66.63,False
KEIBAJO_SURFACE_09_ダ_条件戦,pace_shisu_juni+ten_shisu_juni+sogo_shisu_decile,pace_shisu_juni,ten_shisu_juni,sogo_shisu_decile,11,1591,75.12,14.38,66.62,False
KEIBAJO_SURFACE_09_ダ_条件戦,omo_tekisei_code+kyakushitsu+kishu_shisu_decile,omo_tekisei_code,kyakushitsu,kishu_shisu_decile,44,7622,71.2,15.52,66.62,False
KEIBAJO_SURFACE_09_ダ_条件戦,kyakushitsu+joshodo_code+sogo_shisu_decile,kyakushitsu,joshodo_code,sogo_shisu_decile,31,11383,72.28,16.12,66.6,False
KEIBAJO_SURFACE_09_ダ_条件戦,pace_yoso+joshodo_code+kishu_shisu_decile,pace_yoso,joshodo_code,kishu_shisu_decile,37,11365,70.61,12.59,66.56,False
KEIBAJO_SURFACE_09_ダ_条件戦,pace_yoso+tenkai_kigo_code+joho_shisu_decile,pace_yoso,tenkai_kigo_code,joho_shisu_decile,36,9791,71.42,14.91,66.55,False
KEIBAJO_SURFACE_09_ダ_条件戦,kyori_kubun+kijun_ninkijun_tansho+kishu_shisu_decile,kyori_kubun,kijun_ninkijun_tansho,kishu_shisu_decile,44,7612,70.83,14.52,66.54,False
KEIBAJO_SURFACE_09_ダ_条件戦,uma_deokure_bin+ls_shisu_juni+idm_decile,uma_deokure_bin,ls_shisu_juni,idm_decile,30,5808,72.65,17.06,66.54,False
KEIBAJO_SURFACE_09_ダ_条件戦,bataiju_zogen+hizume_code+idm_decile,bataiju_zogen,hizume_code,idm_decile,14,1717,74.95,16.11,66.51,False
KEIBAJO_SURFACE_09_ダ_条件戦,joshodo_code+tenkai_kigo_code+kishu_shisu_decile,joshodo_code,tenkai_kigo_code,kishu_shisu_decile,33,10196,71.61,14.94,66.51,False
KEIBAJO_SURFACE_09_ダ_条件戦,joshodo_code+joho_shisu_decile+kishu_shisu_decile,joshodo_code,joho_shisu_decile,kishu_shisu_decile,31,10076,71.8,15.04,66.51,False
KEIBAJO_SURFACE_09_ダ_条件戦,kyori_kubun+pace_shisu_juni+tenkai_kigo_code,kyori_kubun,pace_shisu_juni,tenkai_kigo_code,35,5562,70.61,12.36,66.51,False
KEIBAJO_SURFACE_09_ダ_条件戦,omo_tekisei_code+tenkai_kigo_code+kishu_shisu_decile,omo_tekisei_code,tenkai_kigo_code,kishu_shisu_decile,25,6598,71.91,13.81,66.5,False
KEIBAJO_SURFACE_09_ダ_条件戦,kyori_kubun+kyakushitsu+joho_shisu_decile,kyori_kubun,kyakushitsu,joho_shisu_decile,45,9483,71.15,15.99,66.48,False
KEIBAJO_SURFACE_09_ダ_条件戦,kyori_tekisei+kijun_ninkijun_tansho+kishu_shisu_decile,kyori_tekisei,kijun_ninkijun_tansho,kishu_shisu_decile,38,5660,70.75,13.51,66.46,False
KEIBAJO_SURFACE_09_ダ_条件戦,uma_deokure_bin+uma_start_shisu_decile+ten_shisu_juni,uma_deokure_bin,uma_start_shisu_decile,ten_shisu_juni,15,3292,72.19,11.33,66.45,False
KEIBAJO_SURFACE_09_ダ_条件戦,kyori_kubun+rotation_bin+gekiso_juni,kyori_kubun,rotation_bin,gekiso_juni,16,2027,73.46,14.33,66.43,False
KEIBAJO_SURFACE_09_ダ_条件戦,pace_yoso+joshodo_code+kijun_ninkijun_tansho,pace_yoso,joshodo_code,kijun_ninkijun_tansho,42,10607,70.37,13.05,66.42,False
KEIBAJO_SURFACE_09_ダ_条件戦,uma_start_shisu_decile+manken_shisu_decile+idm_decile,uma_start_shisu_decile,manken_shisu_decile,idm_decile,15,1894,73.49,13.96,66.42,False
KEIBAJO_SURFACE_09_ダ_条件戦,uma_deokure_bin+kyori_kubun+kijun_ninkijun_tansho,uma_deokure_bin,kyori_kubun,kijun_ninkijun_tansho,43,7101,70.8,14.86,66.36,False
KEIBAJO_SURFACE_09_ダ_条件戦,kyori_kubun+rotation_bin+sogo_shisu_decile,kyori_kubun,rotation_bin,sogo_shisu_decile,32,5231,71.71,15.45,66.36,False
KEIBAJO_SURFACE_09_ダ_条件戦,rotation_bin+idm_decile+kishu_shisu_decile,rotation_bin,idm_decile,kishu_shisu_decile,9,1176,78.98,19.33,66.36,False
KEIBAJO_SURFACE_09_ダ_条件戦,omo_tekisei_code+kyori_tekisei+kishu_shisu_decile,omo_tekisei_code,kyori_tekisei,kishu_shisu_decile,41,6980,71.17,15.74,66.35,False
KEIBAJO_SURFACE_09_ダ_条件戦,uma_deokure_bin+tenkai_kigo_code+kijun_ninkijun_tansho,uma_deokure_bin,tenkai_kigo_code,kijun_ninkijun_tansho,33,6367,71.9,16.32,66.33,False
KEIBAJO_SURFACE_09_ダ_条件戦,kyori_tekisei+ichi_shisu_juni+tenkai_kigo_code,kyori_tekisei,ichi_shisu_juni,tenkai_kigo_code,27,5464,71.59,13.97,66.32,False
KEIBAJO_SURFACE_09_ダ_条件戦,manken_shirushi+ls_shisu_juni+sogo_shisu_decile,manken_shirushi,ls_shisu_juni,sogo_shisu_decile,6,703,71.26,6.17,66.32,False
KEIBAJO_SURFACE_09_ダ_条件戦,tenkai_kigo_code+sogo_shisu_decile+joho_shisu_decile,tenkai_kigo_code,sogo_shisu_decile,joho_shisu_decile,32,8032,71.54,15.09,66.31,False
KEIBAJO_SURFACE_09_ダ_条件戦,uma_deokure_bin+hizume_code+tenkai_kigo_code,uma_deokure_bin,hizume_code,tenkai_kigo_code,21,6772,71.82,12.88,66.31,False
KEIBAJO_SURFACE_09_ダ_条件戦,uma_deokure_bin+joshodo_code+joho_shisu_decile,uma_deokure_bin,joshodo_code,joho_shisu_decile,12,9290,73.77,13.19,66.3,False
KEIBAJO_SURFACE_09_ダ_条件戦,hizume_code+sogo_shisu_decile+manken_shisu_decile,hizume_code,sogo_shisu_decile,manken_shisu_decile,10,1207,75.97,15.61,66.3,False
KEIBAJO_SURFACE_09_ダ_条件戦,pace_yoso+ichi_shisu_juni+sogo_shisu_decile,pace_yoso,ichi_shisu_juni,sogo_shisu_decile,12,2572,73.49,12.73,66.29,False
KEIBAJO_SURFACE_09_ダ_条件戦,bataiju+joshodo_code+tenkai_kigo_code,bataiju,joshodo_code,tenkai_kigo_code,28,3732,70.44,11.32,66.25,False
KEIBAJO_SURFACE_09_ダ_条件戦,uma_deokure_bin+pace_yoso+kijun_ninkijun_tansho,uma_deokure_bin,pace_yoso,kijun_ninkijun_tansho,39,7018,71.56,16.91,66.25,False
KEIBAJO_SURFACE_09_ダ_条件戦,kyori_kubun+pace_yoso+kishu_shisu_decile,kyori_kubun,pace_yoso,kishu_shisu_decile,56,11002,70.37,15.79,66.23,False
KEIBAJO_SURFACE_09_ダ_条件戦,uma_start_shisu_decile+joshodo_code+sogo_shisu_decile,uma_start_shisu_decile,joshodo_code,sogo_shisu_decile,31,8137,71.19,14.12,66.22,False
KEIBAJO_SURFACE_09_ダ_条件戦,joshodo_code+manken_shisu_decile+joho_shisu_decile,joshodo_code,manken_shisu_decile,joho_shisu_decile,46,9632,71.05,16.78,66.2,False
KEIBAJO_SURFACE_09_ダ_条件戦,kyori_kubun+uma_start_shisu_decile+idm_decile,kyori_kubun,uma_start_shisu_decile,idm_decile,29,5616,71.74,15.22,66.2,False
KEIBAJO_SURFACE_09_ダ_条件戦,pace_yoso+sogo_shisu_decile+kishu_shisu_decile,pace_yoso,sogo_shisu_decile,kishu_shisu_decile,44,7590,70.9,15.91,66.2,False
KEIBAJO_SURFACE_09_ダ_条件戦,bataiju_zogen+rotation_bin+sogo_shisu_decile,bataiju_zogen,rotation_bin,sogo_shisu_decile,8,879,74.62,12.16,66.19,False
KEIBAJO_SURFACE_09_ダ_条件戦,uma_start_shisu_decile+hizume_code+manken_shisu_decile,uma_start_shisu_decile,hizume_code,manken_shisu_decile,11,1918,74.09,13.36,66.19,False
KEIBAJO_SURFACE_09_ダ_条件戦,uma_deokure_bin+rotation_bin+idm_decile,uma_deokure_bin,rotation_bin,idm_decile,37,7140,71.85,17.57,66.18,False
KEIBAJO_SURFACE_09_ダ_条件戦,tenkai_kigo_code+manken_shisu_decile+gekiso_juni,tenkai_kigo_code,manken_shisu_decile,gekiso_juni,5,549,78.05,13.54,66.18,False
KEIBAJO_SURFACE_09_ダ_条件戦,kyori_kubun+omo_tekisei_code+idm_decile,kyori_kubun,omo_tekisei_code,idm_decile,29,8812,72.22,16.66,66.16,False
KEIBAJO_SURFACE_09_ダ_条件戦,omo_tekisei_code+ls_shisu_juni+kishu_shisu_decile,omo_tekisei_code,ls_shisu_juni,kishu_shisu_decile,22,4796,72.34,14.82,66.15,False
KEIBAJO_SURFACE_09_ダ_条件戦,pace_yoso+kyori_tekisei+kishu_shisu_decile,pace_yoso,kyori_tekisei,kishu_shisu_decile,50,8758,71.35,18.79,66.15,False
KEIBAJO_SURFACE_09_ダ_条件戦,omo_tekisei_code+manken_shisu_decile+idm_decile,omo_tekisei_code,manken_shisu_decile,idm_decile,44,6027,71.2,17.12,66.14,False
KEIBAJO_SURFACE_09_ダ_条件戦,uma_deokure_bin+ls_shisu_juni+joho_shisu_decile,uma_deokure_bin,ls_shisu_juni,joho_shisu_decile,28,6420,71.86,15.46,66.14,False
KEIBAJO_SURFACE_09_ダ_条件戦,kyori_tekisei+joshodo_code+kijun_ninkijun_tansho,kyori_tekisei,joshodo_code,kijun_ninkijun_tansho,48,10200,69.51,11.94,66.13,False
KEIBAJO_SURFACE_09_ダ_条件戦,omo_tekisei_code+tenkai_kigo_code+idm_decile,omo_tekisei_code,tenkai_kigo_code,idm_decile,23,7462,73.04,16.9,66.13,False
KEIBAJO_SURFACE_09_ダ_条件戦,omo_tekisei_code+kijun_ninkijun_tansho+idm_decile,omo_tekisei_code,kijun_ninkijun_tansho,idm_decile,32,4409,71.48,15.6,66.07,False
KEIBAJO_SURFACE_09_ダ_条件戦,kyori_kubun+tenkai_kigo_code+kijun_ninkijun_tansho,kyori_kubun,tenkai_kigo_code,kijun_ninkijun_tansho,38,6375,70.95,15.38,66.06,False
KEIBAJO_SURFACE_09_ダ_条件戦,uma_start_shisu_decile+joshodo_code+idm_decile,uma_start_shisu_decile,joshodo_code,idm_decile,33,8825,72.04,17.57,66.04,False
KEIBAJO_SURFACE_09_ダ_条件戦,kyori_tekisei+joho_shisu_decile+idm_decile,kyori_tekisei,joho_shisu_decile,idm_decile,42,8405,70.94,16.2,66.04,False
KEIBAJO_SURFACE_09_ダ_条件戦,ichi_shisu_juni+pace_shisu_juni+sogo_shisu_decile,ichi_shisu_juni,pace_shisu_juni,sogo_shisu_decile,10,1401,72.37,10.25,66.02,False
KEIBAJO_SURFACE_09_ダ_条件戦,rotation_bin+joshodo_code+kishu_shisu_decile,rotation_bin,joshodo_code,kishu_shisu_decile,40,8403,70.66,15.05,66.0,False
KEIBAJO_SURFACE_09_ダ_条件戦,kyori_tekisei+ls_shisu_juni+tenkai_kigo_code,kyori_tekisei,ls_shisu_juni,tenkai_kigo_code,32,7311,71.06,14.62,65.99,False
KEIBAJO_SURFACE_09_ダ_条件戦,kyori_kubun+kyakushitsu+kishu_shisu_decile,kyori_kubun,kyakushitsu,kishu_shisu_decile,50,7394,70.54,16.41,65.99,False
KEIBAJO_SURFACE_09_ダ_条件戦,kyori_kubun+omo_tekisei_code+kijun_ninkijun_tansho,kyori_kubun,omo_tekisei_code,kijun_ninkijun_tansho,39,6749,70.13,13.17,65.99,False
KEIBAJO_SURFACE_09_ダ_条件戦,rotation_bin+pace_shisu_juni+tenkai_kigo_code,rotation_bin,pace_shisu_juni,tenkai_kigo_code,22,2872,71.53,13.28,65.98,False
KEIBAJO_SURFACE_09_ダ_条件戦,kyori_tekisei+pace_shisu_juni+kijun_ninkijun_tansho,kyori_tekisei,pace_shisu_juni,kijun_ninkijun_tansho,3,353,85.74,17.49,65.94,False
KEIBAJO_SURFACE_09_ダ_条件戦,uma_deokure_bin+omo_tekisei_code+kijun_ninkijun_tansho,uma_deokure_bin,omo_tekisei_code,kijun_ninkijun_tansho,41,8064,70.19,13.88,65.94,False
KEIBAJO_SURFACE_09_ダ_条件戦,uma_deokure_bin+kyori_tekisei+sogo_shisu_decile,uma_deokure_bin,kyori_tekisei,sogo_shisu_decile,37,8007,70.94,15.5,65.94,False
KEIBAJO_SURFACE_09_ダ_条件戦,kyori_kubun+tenkai_kigo_code+kishu_shisu_decile,kyori_kubun,tenkai_kigo_code,kishu_shisu_decile,44,8272,71.05,17.36,65.92,False
KEIBAJO_SURFACE_09_ダ_条件戦,uma_deokure_bin+pace_yoso+sogo_shisu_decile,uma_deokure_bin,pace_yoso,sogo_shisu_decile,33,8788,71.1,15.19,65.92,False
KEIBAJO_SURFACE_09_ダ_条件戦,hizume_code+joho_shisu_decile+kishu_shisu_decile,hizume_code,joho_shisu_decile,kishu_shisu_decile,24,4229,72.9,17.49,65.91,False
KEIBAJO_SURFACE_09_ダ_条件戦,joshodo_code+idm_decile+kishu_shisu_decile,joshodo_code,idm_decile,kishu_shisu_decile,42,9710,70.74,15.96,65.91,False
KEIBAJO_SURFACE_09_ダ_条件戦,tenkai_kigo_code+joho_shisu_decile+kishu_shisu_decile,tenkai_kigo_code,joho_shisu_decile,kishu_shisu_decile,38,8153,71.16,16.54,65.9,False
KEIBAJO_SURFACE_09_ダ_条件戦,joshodo_code+ls_shisu_juni+pace_shisu_juni,joshodo_code,ls_shisu_juni,pace_shisu_juni,28,5277,71.5,15.11,65.9,False
KEIBAJO_SURFACE_09_ダ_条件戦,pace_yoso+ten_shisu_juni+kishu_shisu_decile,pace_yoso,ten_shisu_juni,kishu_shisu_decile,10,1288,77.7,19.06,65.89,False
KEIBAJO_SURFACE_09_ダ_条件戦,ls_shisu_juni+tenkai_kigo_code+joho_shisu_decile,ls_shisu_juni,tenkai_kigo_code,joho_shisu_decile,29,6710,71.55,15.57,65.89,False
KEIBAJO_SURFACE_09_ダ_条件戦,kyori_tekisei+ichi_shisu_juni+manken_shisu_decile,kyori_tekisei,ichi_shisu_juni,manken_shisu_decile,7,1770,71.58,7.69,65.88,False
KEIBAJO_SURFACE_09_ダ_条件戦,kyori_kubun+rotation_bin+idm_decile,kyori_kubun,rotation_bin,idm_decile,36,6030,71.38,16.88,65.87,False
KEIBAJO_SURFACE_09_ダ_条件戦,rotation_bin+hizume_code+tenkai_kigo_code,rotation_bin,hizume_code,tenkai_kigo_code,22,4802,72.17,15.09,65.86,False
KEIBAJO_SURFACE_09_ダ_条件戦,joshodo_code+tenkai_kigo_code+gekiso_juni,joshodo_code,tenkai_kigo_code,gekiso_juni,41,9187,70.71,15.9,65.85,False
KEIBAJO_SURFACE_09_ダ_条件戦,omo_tekisei_code+sogo_shisu_decile+idm_decile,omo_tekisei_code,sogo_shisu_decile,idm_decile,20,8566,72.84,16.18,65.75,False
KEIBAJO_SURFACE_09_ダ_条件戦,joshodo_code+hizume_code+ls_shisu_juni,joshodo_code,hizume_code,ls_shisu_juni,21,6830,71.04,12.38,65.75,False
KEIBAJO_SURFACE_09_ダ_条件戦,uma_deokure_bin+pace_shisu_juni+sogo_shisu_decile,uma_deokure_bin,pace_shisu_juni,sogo_shisu_decile,10,1078,73.92,13.18,65.75,False
KEIBAJO_SURFACE_09_ダ_条件戦,pace_yoso+kijun_ninkijun_tansho+sogo_shisu_decile,pace_yoso,kijun_ninkijun_tansho,sogo_shisu_decile,40,5771,71.43,18.35,65.74,False
KEIBAJO_SURFACE_09_ダ_条件戦,ichi_shisu_juni+tenkai_kigo_code+kijun_ninkijun_tansho,ichi_shisu_juni,tenkai_kigo_code,kijun_ninkijun_tansho,10,1352,74.69,14.44,65.74,False
KEIBAJO_SURFACE_09_ダ_条件戦,ichi_shisu_juni+joshodo_code+joho_shisu_decile,ichi_shisu_juni,joshodo_code,joho_shisu_decile,48,8840,70.24,15.92,65.74,False
KEIBAJO_SURFACE_09_ダ_条件戦,kyori_kubun+uma_start_shisu_decile+ten_shisu_juni,kyori_kubun,uma_start_shisu_decile,ten_shisu_juni,15,2145,73.44,15.25,65.73,False
KEIBAJO_SURFACE_09_ダ_条件戦,ichi_shisu_juni+kijun_ninkijun_tansho+kishu_shisu_decile,ichi_shisu_juni,kijun_ninkijun_tansho,kishu_shisu_decile,9,1541,75.78,15.39,65.72,False
KEIBAJO_SURFACE_09_ダ_条件戦,kyori_kubun+tenkai_kigo_code+idm_decile,kyori_kubun,tenkai_kigo_code,idm_decile,37,9859,71.3,17.32,65.72,False
KEIBAJO_SURFACE_09_ダ_条件戦,bataiju_zogen+hizume_code+sogo_shisu_decile,bataiju_zogen,hizume_code,sogo_shisu_decile,11,1319,73.95,13.96,65.7,False
KEIBAJO_SURFACE_09_ダ_条件戦,joshodo_code+ten_shisu_juni+joho_shisu_decile,joshodo_code,ten_shisu_juni,joho_shisu_decile,46,7576,70.88,17.98,65.68,False
KEIBAJO_SURFACE_09_ダ_条件戦,pace_yoso+ten_shisu_juni+manken_shisu_decile,pace_yoso,ten_shisu_juni,manken_shisu_decile,3,335,80.45,13.06,65.67,False
KEIBAJO_SURFACE_09_ダ_条件戦,pace_yoso+ls_shisu_juni+kishu_shisu_decile,pace_yoso,ls_shisu_juni,kishu_shisu_decile,32,6390,70.34,13.55,65.64,False
KEIBAJO_SURFACE_09_ダ_条件戦,kyori_kubun+ten_shisu_juni+idm_decile,kyori_kubun,ten_shisu_juni,idm_decile,21,2724,72.1,15.11,65.63,False
KEIBAJO_SURFACE_09_ダ_条件戦,kyori_kubun+bataiju_zogen+kishu_shisu_decile,kyori_kubun,bataiju_zogen,kishu_shisu_decile,6,720,75.06,11.79,65.63,False
KEIBAJO_SURFACE_09_ダ_条件戦,kyori_kubun+sogo_shisu_decile+idm_decile,kyori_kubun,sogo_shisu_decile,idm_decile,29,11166,71.13,15.11,65.63,False
KEIBAJO_SURFACE_09_ダ_条件戦,pace_yoso+ichi_shisu_juni+ls_shisu_juni,pace_yoso,ichi_shisu_juni,ls_shisu_juni,24,4313,69.94,10.8,65.62,False
KEIBAJO_SURFACE_09_ダ_条件戦,bataiju_zogen+joshodo_code+kishu_shisu_decile,bataiju_zogen,joshodo_code,kishu_shisu_decile,38,5899,70.93,16.75,65.6,False
KEIBAJO_SURFACE_09_ダ_条件戦,kyori_kubun+pace_yoso+idm_decile,kyori_kubun,pace_yoso,idm_decile,37,11302,70.71,15.86,65.6,False
KEIBAJO_SURFACE_09_ダ_条件戦,omo_tekisei_code+joshodo_code+kijun_ninkijun_tansho,omo_tekisei_code,joshodo_code,kijun_ninkijun_tansho,25,8932,71.18,14.22,65.6,False
KEIBAJO_SURFACE_09_ダ_条件戦,pace_yoso+sogo_shisu_decile+idm_decile,pace_yoso,sogo_shisu_decile,idm_decile,29,11270,71.43,16.06,65.59,False
KEIBAJO_SURFACE_09_ダ_条件戦,tenkai_kigo_code+gekiso_juni+kishu_shisu_decile,tenkai_kigo_code,gekiso_juni,kishu_shisu_decile,8,1139,80.41,21.39,65.59,False
KEIBAJO_SURFACE_09_ダ_条件戦,uma_deokure_bin+omo_tekisei_code+idm_decile,uma_deokure_bin,omo_tekisei_code,idm_decile,21,8561,72.99,17.29,65.59,False
KEIBAJO_SURFACE_09_ダ_条件戦,pace_yoso+ten_shisu_juni+idm_decile,pace_yoso,ten_shisu_juni,idm_decile,22,3460,71.18,13.36,65.59,False
KEIBAJO_SURFACE_09_ダ_条件戦,pace_yoso+ten_shisu_juni+tenkai_kigo_code,pace_yoso,ten_shisu_juni,tenkai_kigo_code,38,6596,70.55,15.61,65.58,False
KEIBAJO_SURFACE_09_ダ_条件戦,hizume_code+tenkai_kigo_code+manken_shisu_decile,hizume_code,tenkai_kigo_code,manken_shisu_decile,21,3779,72.97,17.35,65.55,False
KEIBAJO_SURFACE_09_ダ_条件戦,kyori_kubun+kyori_tekisei+gekiso_juni,kyori_kubun,kyori_tekisei,gekiso_juni,33,6438,71.13,16.38,65.54,False
KEIBAJO_SURFACE_09_ダ_条件戦,hizume_code+ls_shisu_juni+pace_shisu_juni,hizume_code,ls_shisu_juni,pace_shisu_juni,11,1463,71.46,10.01,65.54,False
KEIBAJO_SURFACE_09_ダ_条件戦,kyori_kubun+ten_shisu_juni+tenkai_kigo_code,kyori_kubun,ten_shisu_juni,tenkai_kigo_code,34,5404,70.06,13.62,65.48,False
KEIBAJO_SURFACE_09_ダ_条件戦,uma_deokure_bin+joshodo_code+manken_shisu_decile,uma_deokure_bin,joshodo_code,manken_shisu_decile,19,9030,71.21,12.79,65.46,False
KEIBAJO_SURFACE_09_ダ_条件戦,omo_tekisei_code+ls_shisu_juni+joho_shisu_decile,omo_tekisei_code,ls_shisu_juni,joho_shisu_decile,25,6333,71.22,14.78,65.43,False
KEIBAJO_SURFACE_09_ダ_条件戦,kyakushitsu+ls_shisu_juni+tenkai_kigo_code,kyakushitsu,ls_shisu_juni,tenkai_kigo_code,36,8565,70.02,14.08,65.42,False
KEIBAJO_SURFACE_09_ダ_条件戦,kyakushitsu+kyori_tekisei+sogo_shisu_decile,kyakushitsu,kyori_tekisei,sogo_shisu_decile,43,8373,69.87,14.99,65.39,False
KEIBAJO_SURFACE_09_ダ_条件戦,omo_tekisei_code+pace_shisu_juni+sogo_shisu_decile,omo_tekisei_code,pace_shisu_juni,sogo_shisu_decile,9,962,78.0,19.31,65.38,False
KEIBAJO_SURFACE_09_ダ_条件戦,omo_tekisei_code+tenkai_kigo_code+kijun_ninkijun_tansho,omo_tekisei_code,tenkai_kigo_code,kijun_ninkijun_tansho,28,6037,70.78,14.64,65.36,False
KEIBAJO_SURFACE_09_ダ_条件戦,bataiju_zogen+kyakushitsu+tenkai_kigo_code,bataiju_zogen,kyakushitsu,tenkai_kigo_code,28,5506,69.99,12.57,65.34,False
KEIBAJO_SURFACE_09_ダ_条件戦,joshodo_code+pace_shisu_juni+sogo_shisu_decile,joshodo_code,pace_shisu_juni,sogo_shisu_decile,48,7213,68.93,12.72,65.33,False
KEIBAJO_SURFACE_09_ダ_条件戦,pace_yoso+kijun_ninkijun_tansho+kishu_shisu_decile,pace_yoso,kijun_ninkijun_tansho,kishu_shisu_decile,43,7974,70.59,17.64,65.32,False
KEIBAJO_SURFACE_09_ダ_条件戦,uma_deokure_bin+bataiju_zogen+kishu_shisu_decile,uma_deokure_bin,bataiju_zogen,kishu_shisu_decile,7,883,77.26,16.12,65.32,False
KEIBAJO_SURFACE_09_ダ_条件戦,kyori_kubun+joho_shisu_decile+idm_decile,kyori_kubun,joho_shisu_decile,idm_decile,41,9386,70.16,15.8,65.32,False
KEIBAJO_SURFACE_09_ダ_条件戦,sogo_shisu_decile+idm_decile+kishu_shisu_decile,sogo_shisu_decile,idm_decile,kishu_shisu_decile,45,10188,69.84,15.45,65.32,False
KEIBAJO_SURFACE_09_ダ_条件戦,kyori_kubun+ls_shisu_juni+kishu_shisu_decile,kyori_kubun,ls_shisu_juni,kishu_shisu_decile,31,6065,70.78,15.51,65.32,False
KEIBAJO_SURFACE_09_ダ_条件戦,uma_deokure_bin+ls_shisu_juni+kishu_shisu_decile,uma_deokure_bin,ls_shisu_juni,kishu_shisu_decile,23,4781,70.56,12.81,65.32,False
KEIBAJO_SURFACE_09_ダ_条件戦,omo_tekisei_code+ichi_shisu_juni+idm_decile,omo_tekisei_code,ichi_shisu_juni,idm_decile,19,2136,73.28,17.75,65.3,False
KEIBAJO_SURFACE_09_ダ_条件戦,kyori_kubun+ten_shisu_juni+sogo_shisu_decile,kyori_kubun,ten_shisu_juni,sogo_shisu_decile,16,1978,70.86,11.4,65.28,False
KEIBAJO_SURFACE_09_ダ_条件戦,kyakushitsu+joshodo_code+idm_decile,kyakushitsu,joshodo_code,idm_decile,28,11613,71.01,15.47,65.28,False
KEIBAJO_SURFACE_09_ダ_条件戦,omo_tekisei_code+sogo_shisu_decile+kishu_shisu_decile,omo_tekisei_code,sogo_shisu_decile,kishu_shisu_decile,39,6307,70.71,17.36,65.26,False
KEIBAJO_SURFACE_09_ダ_条件戦,pace_yoso+ls_shisu_juni+idm_decile,pace_yoso,ls_shisu_juni,idm_decile,38,7883,70.31,15.94,65.24,False
KEIBAJO_SURFACE_09_ダ_条件戦,omo_tekisei_code+sogo_shisu_decile+joho_shisu_decile,omo_tekisei_code,sogo_shisu_decile,joho_shisu_decile,33,7616,70.39,15.09,65.24,False
KEIBAJO_SURFACE_09_ダ_条件戦,uma_deokure_bin+kyakushitsu+idm_decile,uma_deokure_bin,kyakushitsu,idm_decile,31,8327,70.69,15.49,65.24,False
KEIBAJO_SURFACE_09_ダ_条件戦,pace_yoso+joshodo_code+joho_shisu_decile,pace_yoso,joshodo_code,joho_shisu_decile,25,11619,71.17,15.21,65.21,False
KEIBAJO_SURFACE_09_ダ_条件戦,joshodo_code+kijun_ninkijun_tansho+joho_shisu_decile,joshodo_code,kijun_ninkijun_tansho,joho_shisu_decile,37,9553,71.32,18.98,65.2,False
KEIBAJO_SURFACE_09_ダ_条件戦,kijun_ninkijun_tansho+sogo_shisu_decile+idm_decile,kijun_ninkijun_tansho,sogo_shisu_decile,idm_decile,47,8915,69.78,16.04,65.2,False
KEIBAJO_SURFACE_09_ダ_条件戦,kyori_kubun+joshodo_code+kishu_shisu_decile,kyori_kubun,joshodo_code,kishu_shisu_decile,33,10236,70.52,15.63,65.19,False
KEIBAJO_SURFACE_09_ダ_条件戦,joshodo_code+ten_shisu_juni+sogo_shisu_decile,joshodo_code,ten_shisu_juni,sogo_shisu_decile,47,6952,69.76,16.03,65.18,False
KEIBAJO_SURFACE_09_ダ_条件戦,kyori_kubun+tenkai_kigo_code+gekiso_juni,kyori_kubun,tenkai_kigo_code,gekiso_juni,30,4867,71.6,18.01,65.16,False
KEIBAJO_SURFACE_09_ダ_条件戦,omo_tekisei_code+kijun_ninkijun_tansho+kishu_shisu_decile,omo_tekisei_code,kijun_ninkijun_tansho,kishu_shisu_decile,38,6646,70.27,16.09,65.15,False
KEIBAJO_SURFACE_09_ダ_条件戦,uma_deokure_bin+sogo_shisu_decile+manken_shisu_decile,uma_deokure_bin,sogo_shisu_decile,manken_shisu_decile,38,4875,69.4,13.38,65.14,False
KEIBAJO_SURFACE_09_ダ_条件戦,uma_deokure_bin+kyori_kubun+idm_decile,uma_deokure_bin,kyori_kubun,idm_decile,31,9036,70.84,16.18,65.14,False
KEIBAJO_SURFACE_09_ダ_条件戦,joshodo_code+manken_shisu_decile+kishu_shisu_decile,joshodo_code,manken_shisu_decile,kishu_shisu_decile,49,7832,70.26,18.31,65.14,False
KEIBAJO_SURFACE_09_ダ_条件戦,joshodo_code+hizume_code+gekiso_juni,joshodo_code,hizume_code,gekiso_juni,23,5274,70.25,12.51,65.14,False
KEIBAJO_SURFACE_09_ダ_条件戦,kyori_kubun+bataiju_zogen+idm_decile,kyori_kubun,bataiju_zogen,idm_decile,18,2613,72.49,15.93,65.13,False
KEIBAJO_SURFACE_09_ダ_条件戦,pace_yoso+ls_shisu_juni+kijun_ninkijun_tansho,pace_yoso,ls_shisu_juni,kijun_ninkijun_tansho,29,5192,70.37,14.42,65.12,False
KEIBAJO_SURFACE_09_ダ_条件戦,uma_start_shisu_decile+joshodo_code+gekiso_juni,uma_start_shisu_decile,joshodo_code,gekiso_juni,18,4335,72.15,15.25,65.1,False
KEIBAJO_SURFACE_09_ダ_条件戦,omo_tekisei_code+ichi_shisu_juni+tenkai_kigo_code,omo_tekisei_code,ichi_shisu_juni,tenkai_kigo_code,28,5637,68.44,9.05,65.09,False
KEIBAJO_SURFACE_09_ダ_条件戦,uma_start_shisu_decile+pace_yoso+kishu_shisu_decile,uma_start_shisu_decile,pace_yoso,kishu_shisu_decile,18,3481,70.77,12.29,65.09,False
KEIBAJO_SURFACE_09_ダ_条件戦,kyori_kubun+joho_shisu_decile+kishu_shisu_decile,kyori_kubun,joho_shisu_decile,kishu_shisu_decile,44,9391,69.67,15.53,65.08,False
KEIBAJO_SURFACE_09_ダ_条件戦,kyori_tekisei+ichi_shisu_juni+gekiso_juni,kyori_tekisei,ichi_shisu_juni,gekiso_juni,12,1778,72.77,13.59,65.08,False
KEIBAJO_SURFACE_09_ダ_条件戦,joshodo_code+ten_shisu_juni+tenkai_kigo_code,joshodo_code,ten_shisu_juni,tenkai_kigo_code,37,9035,69.85,14.85,65.06,False
KEIBAJO_SURFACE_09_ダ_条件戦,kyori_tekisei+ichi_shisu_juni+pace_shisu_juni,kyori_tekisei,ichi_shisu_juni,pace_shisu_juni,10,1958,70.79,9.25,65.06,False
KEIBAJO_SURFACE_09_ダ_条件戦,kyori_kubun+bataiju_zogen+tenkai_kigo_code,kyori_kubun,bataiju_zogen,tenkai_kigo_code,24,5145,69.78,11.82,65.06,False
KEIBAJO_SURFACE_09_ダ_条件戦,kyori_kubun+kyakushitsu+idm_decile,kyori_kubun,kyakushitsu,idm_decile,44,9488,69.61,15.42,65.06,False
KEIBAJO_SURFACE_09_ダ_条件戦,uma_deokure_bin+rotation_bin+kijun_ninkijun_tansho,uma_deokure_bin,rotation_bin,kijun_ninkijun_tansho,28,3643,71.0,16.04,65.06,False
KEIBAJO_SURFACE_09_ダ_条件戦,uma_deokure_bin+joshodo_code+gekiso_juni,uma_deokure_bin,joshodo_code,gekiso_juni,29,9077,69.93,13.4,65.05,False
KEIBAJO_SURFACE_09_ダ_条件戦,rotation_bin+hizume_code+kishu_shisu_decile,rotation_bin,hizume_code,kishu_shisu_decile,14,1932,72.27,13.78,65.05,False
KEIBAJO_SURFACE_09_ダ_条件戦,omo_tekisei_code+ls_shisu_juni+idm_decile,omo_tekisei_code,ls_shisu_juni,idm_decile,28,5843,71.03,16.21,65.03,False
KEIBAJO_SURFACE_09_ダ_条件戦,kyori_tekisei+sogo_shisu_decile+idm_decile,kyori_tekisei,sogo_shisu_decile,idm_decile,34,10651,70.57,16.51,65.02,False
KEIBAJO_SURFACE_09_ダ_条件戦,uma_deokure_bin+uma_start_shisu_decile+kishu_shisu_decile,uma_deokure_bin,uma_start_shisu_decile,kishu_shisu_decile,20,4616,72.54,17.16,65.02,False
KEIBAJO_SURFACE_09_ダ_条件戦,kyori_tekisei+joshodo_code+gekiso_juni,kyori_tekisei,joshodo_code,gekiso_juni,51,9853,69.28,15.58,65.01,False
KEIBAJO_SURFACE_09_ダ_条件戦,ichi_shisu_juni+tenkai_kigo_code+idm_decile,ichi_shisu_juni,tenkai_kigo_code,idm_decile,28,4528,70.76,15.6,64.98,False
KEIBAJO_SURFACE_09_ダ_条件戦,kyori_tekisei+hizume_code+idm_decile,kyori_tekisei,hizume_code,idm_decile,23,4376,71.18,15.2,64.96,False
KEIBAJO_SURFACE_09_ダ_条件戦,uma_deokure_bin+kyori_kubun+sogo_shisu_decile,uma_deokure_bin,kyori_kubun,sogo_shisu_decile,34,8776,70.85,17.54,64.95,False
KEIBAJO_SURFACE_09_ダ_条件戦,ichi_shisu_juni+hizume_code+ls_shisu_juni,ichi_shisu_juni,hizume_code,ls_shisu_juni,10,1367,71.58,10.7,64.95,False
KEIBAJO_SURFACE_09_ダ_条件戦,uma_deokure_bin+bataiju_zogen+kijun_ninkijun_tansho,uma_deokure_bin,bataiju_zogen,kijun_ninkijun_tansho,3,328,78.81,12.26,64.94,False
KEIBAJO_SURFACE_09_ダ_条件戦,pace_yoso+manken_shirushi+sogo_shisu_decile,pace_yoso,manken_shirushi,sogo_shisu_decile,17,1944,71.11,12.98,64.94,False
KEIBAJO_SURFACE_09_ダ_条件戦,uma_start_shisu_decile+pace_yoso+gekiso_juni,uma_start_shisu_decile,pace_yoso,gekiso_juni,18,2628,72.25,15.85,64.93,False
KEIBAJO_SURFACE_09_ダ_条件戦,kyori_kubun+joshodo_code+joho_shisu_decile,kyori_kubun,joshodo_code,joho_shisu_decile,23,11014,71.29,15.59,64.92,False
KEIBAJO_SURFACE_09_ダ_条件戦,kyori_kubun+ls_shisu_juni+kijun_ninkijun_tansho,kyori_kubun,ls_shisu_juni,kijun_ninkijun_tansho,31,5167,69.25,12.33,64.91,False
KEIBAJO_SURFACE_09_ダ_条件戦,kyori_tekisei+ten_shisu_juni+tenkai_kigo_code,kyori_tekisei,ten_shisu_juni,tenkai_kigo_code,35,5522,69.2,12.96,64.9,False
KEIBAJO_SURFACE_09_ダ_条件戦,omo_tekisei_code+rotation_bin+sogo_shisu_decile,omo_tekisei_code,rotation_bin,sogo_shisu_decile,40,7143,70.88,19.33,64.89,False
KEIBAJO_SURFACE_09_ダ_条件戦,kyori_kubun+omo_tekisei_code+kishu_shisu_decile,kyori_kubun,omo_tekisei_code,kishu_shisu_decile,42,8321,70.02,16.95,64.89,False
KEIBAJO_SURFACE_09_ダ_条件戦,kyori_kubun+ichi_shisu_juni+manken_shisu_decile,kyori_kubun,ichi_shisu_juni,manken_shisu_decile,12,1705,72.91,14.22,64.86,False
KEIBAJO_SURFACE_09_ダ_条件戦,uma_deokure_bin+omo_tekisei_code+sogo_shisu_decile,uma_deokure_bin,omo_tekisei_code,sogo_shisu_decile,24,8499,71.96,17.74,64.86,False
KEIBAJO_SURFACE_09_ダ_条件戦,kyori_tekisei+tenkai_kigo_code+manken_shisu_decile,kyori_tekisei,tenkai_kigo_code,manken_shisu_decile,41,7545,69.39,14.82,64.85,False
KEIBAJO_SURFACE_09_ダ_条件戦,rotation_bin+hizume_code+sogo_shisu_decile,rotation_bin,hizume_code,sogo_shisu_decile,16,2612,73.74,18.14,64.85,False
KEIBAJO_SURFACE_09_ダ_条件戦,uma_start_shisu_decile+joshodo_code+kijun_ninkijun_tansho,uma_start_shisu_decile,joshodo_code,kijun_ninkijun_tansho,24,5228,71.72,17.24,64.82,False
KEIBAJO_SURFACE_09_ダ_条件戦,uma_deokure_bin+manken_shirushi+sogo_shisu_decile,uma_deokure_bin,manken_shirushi,sogo_shisu_decile,6,672,72.46,9.56,64.81,False
KEIBAJO_SURFACE_09_ダ_条件戦,pace_yoso+kyori_tekisei+joshodo_code,pace_yoso,kyori_tekisei,joshodo_code,15,11675,70.66,11.56,64.81,False
KEIBAJO_SURFACE_09_ダ_条件戦,ls_shisu_juni+pace_shisu_juni+ten_shisu_juni,ls_shisu_juni,pace_shisu_juni,ten_shisu_juni,10,1406,75.36,17.04,64.8,False
KEIBAJO_SURFACE_09_ダ_条件戦,kyori_kubun+omo_tekisei_code+sogo_shisu_decile,kyori_kubun,omo_tekisei_code,sogo_shisu_decile,33,8743,70.78,17.5,64.8,False
KEIBAJO_SURFACE_09_ダ_条件戦,pace_yoso+joho_shisu_decile+kishu_shisu_decile,pace_yoso,joho_shisu_decile,kishu_shisu_decile,41,9432,69.35,14.91,64.79,False
KEIBAJO_SURFACE_09_ダ_条件戦,hizume_code+tenkai_kigo_code+gekiso_juni,hizume_code,tenkai_kigo_code,gekiso_juni,17,2588,73.85,19.08,64.78,False
KEIBAJO_SURFACE_09_ダ_条件戦,joshodo_code+kijun_ninkijun_tansho+kishu_shisu_decile,joshodo_code,kijun_ninkijun_tansho,kishu_shisu_decile,29,8387,69.37,12.61,64.78,False
KEIBAJO_SURFACE_09_ダ_条件戦,uma_deokure_bin+kyakushitsu+sogo_shisu_decile,uma_deokure_bin,kyakushitsu,sogo_shisu_decile,35,8220,70.29,16.61,64.78,False
KEIBAJO_SURFACE_09_ダ_条件戦,omo_tekisei_code+manken_shisu_decile+joho_shisu_decile,omo_tekisei_code,manken_shisu_decile,joho_shisu_decile,35,5280,71.44,20.16,64.76,False
KEIBAJO_SURFACE_09_ダ_条件戦,pace_yoso+ichi_shisu_juni+tenkai_kigo_code,pace_yoso,ichi_shisu_juni,tenkai_kigo_code,32,6890,68.93,12.02,64.76,False
KEIBAJO_SURFACE_09_ダ_条件戦,kyakushitsu+ichi_shisu_juni+kijun_ninkijun_tansho,kyakushitsu,ichi_shisu_juni,kijun_ninkijun_tansho,11,1710,73.57,14.91,64.76,False
KEIBAJO_SURFACE_09_ダ_条件戦,kyori_tekisei+joshodo_code+kishu_shisu_decile,kyori_tekisei,joshodo_code,kishu_shisu_decile,42,11134,68.8,13.41,64.74,False
KEIBAJO_SURFACE_09_ダ_条件戦,kyori_kubun+ten_shisu_juni+kijun_ninkijun_tansho,kyori_kubun,ten_shisu_juni,kijun_ninkijun_tansho,3,370,78.84,12.47,64.73,False
KEIBAJO_SURFACE_09_ダ_条件戦,uma_deokure_bin+sogo_shisu_decile+idm_decile,uma_deokure_bin,sogo_shisu_decile,idm_decile,21,8705,71.77,16.48,64.72,False
KEIBAJO_SURFACE_09_ダ_条件戦,uma_start_shisu_decile+idm_decile+kishu_shisu_decile,uma_start_shisu_decile,idm_decile,kishu_shisu_decile,22,2831,71.18,15.47,64.71,False
KEIBAJO_SURFACE_09_ダ_条件戦,rotation_bin+joshodo_code+idm_decile,rotation_bin,joshodo_code,idm_decile,28,8789,71.14,17.34,64.71,False
KEIBAJO_SURFACE_09_ダ_条件戦,pace_yoso+idm_decile+kishu_shisu_decile,pace_yoso,idm_decile,kishu_shisu_decile,45,7713,69.36,16.05,64.67,False
KEIBAJO_SURFACE_09_ダ_条件戦,ichi_shisu_juni+tenkai_kigo_code+manken_shisu_decile,ichi_shisu_juni,tenkai_kigo_code,manken_shisu_decile,7,1267,68.96,5.84,64.64,False
KEIBAJO_SURFACE_09_ダ_条件戦,uma_deokure_bin+joshodo_code+kishu_shisu_decile,uma_deokure_bin,joshodo_code,kishu_shisu_decile,20,9290,71.39,15.43,64.63,False
KEIBAJO_SURFACE_09_ダ_条件戦,uma_deokure_bin+sogo_shisu_decile+kishu_shisu_decile,uma_deokure_bin,sogo_shisu_decile,kishu_shisu_decile,45,6769,69.91,18.08,64.62,False
KEIBAJO_SURFACE_09_ダ_条件戦,kyori_kubun+manken_shirushi+sogo_shisu_decile,kyori_kubun,manken_shirushi,sogo_shisu_decile,12,1357,72.19,13.39,64.61,False
KEIBAJO_SURFACE_09_ダ_条件戦,kyori_kubun+kijun_ninkijun_tansho+idm_decile,kyori_kubun,kijun_ninkijun_tansho,idm_decile,33,4564,70.32,16.72,64.61,False
KEIBAJO_SURFACE_09_ダ_条件戦,omo_tekisei_code+ls_shisu_juni+kijun_ninkijun_tansho,omo_tekisei_code,ls_shisu_juni,kijun_ninkijun_tansho,23,4198,69.66,12.4,64.59,False
KEIBAJO_SURFACE_09_ダ_条件戦,pace_yoso+tenkai_kigo_code+gekiso_juni,pace_yoso,tenkai_kigo_code,gekiso_juni,39,6196,69.51,15.68,64.59,False
KEIBAJO_SURFACE_09_ダ_条件戦,hizume_code+ls_shisu_juni+kijun_ninkijun_tansho,hizume_code,ls_shisu_juni,kijun_ninkijun_tansho,11,1955,71.82,12.25,64.58,False
KEIBAJO_SURFACE_09_ダ_条件戦,kyori_tekisei+ichi_shisu_juni+ls_shisu_juni,kyori_tekisei,ichi_shisu_juni,ls_shisu_juni,17,2973,71.49,14.63,64.54,False
KEIBAJO_SURFACE_09_ダ_条件戦,kyakushitsu+hizume_code+joho_shisu_decile,kyakushitsu,hizume_code,joho_shisu_decile,24,4609,71.77,18.07,64.54,False
KEIBAJO_SURFACE_09_ダ_条件戦,uma_deokure_bin+kyakushitsu+kishu_shisu_decile,uma_deokure_bin,kyakushitsu,kishu_shisu_decile,41,7642,69.87,17.44,64.53,False
KEIBAJO_SURFACE_09_ダ_条件戦,pace_shisu_juni+ten_shisu_juni+joho_shisu_decile,pace_shisu_juni,ten_shisu_juni,joho_shisu_decile,9,1645,72.05,11.51,64.53,False
KEIBAJO_SURFACE_09_ダ_条件戦,uma_start_shisu_decile+omo_tekisei_code+ls_shisu_juni,uma_start_shisu_decile,omo_tekisei_code,ls_shisu_juni,26,5634,68.59,10.55,64.53,False
KEIBAJO_SURFACE_09_ダ_条件戦,kyakushitsu+joshodo_code+kishu_shisu_decile,kyakushitsu,joshodo_code,kishu_shisu_decile,40,11192,69.13,14.83,64.53,False
KEIBAJO_SURFACE_09_ダ_条件戦,rotation_bin+hizume_code+ls_shisu_juni,rotation_bin,hizume_code,ls_shisu_juni,14,2733,73.15,16.48,64.52,False
KEIBAJO_SURFACE_09_ダ_条件戦,kyori_kubun+ls_shisu_juni+idm_decile,kyori_kubun,ls_shisu_juni,idm_decile,33,6980,69.6,14.9,64.51,False
KEIBAJO_SURFACE_09_ダ_条件戦,uma_deokure_bin+kyori_kubun+kishu_shisu_decile,uma_deokure_bin,kyori_kubun,kishu_shisu_decile,45,8638,69.19,16.04,64.51,False
KEIBAJO_SURFACE_09_ダ_条件戦,uma_deokure_bin+uma_start_shisu_decile+sogo_shisu_decile,uma_deokure_bin,uma_start_shisu_decile,sogo_shisu_decile,28,6501,68.58,10.99,64.51,False
KEIBAJO_SURFACE_09_ダ_条件戦,omo_tekisei_code+kyakushitsu+kijun_ninkijun_tansho,omo_tekisei_code,kyakushitsu,kijun_ninkijun_tansho,42,6156,69.03,14.96,64.51,False
KEIBAJO_SURFACE_09_ダ_条件戦,uma_deokure_bin+ichi_shisu_juni+kishu_shisu_decile,uma_deokure_bin,ichi_shisu_juni,kishu_shisu_decile,6,869,75.54,13.8,64.5,False
KEIBAJO_SURFACE_09_ダ_条件戦,pace_yoso+rotation_bin+sogo_shisu_decile,pace_yoso,rotation_bin,sogo_shisu_decile,35,5789,70.13,17.06,64.48,False
KEIBAJO_SURFACE_09_ダ_条件戦,rotation_bin+joshodo_code+sogo_shisu_decile,rotation_bin,joshodo_code,sogo_shisu_decile,32,8758,70.7,17.95,64.48,False
KEIBAJO_SURFACE_09_ダ_条件戦,joshodo_code+hizume_code+joho_shisu_decile,joshodo_code,hizume_code,joho_shisu_decile,23,7565,71.15,16.34,64.47,False
KEIBAJO_SURFACE_09_ダ_条件戦,joshodo_code+sogo_shisu_decile+manken_shisu_decile,joshodo_code,sogo_shisu_decile,manken_shisu_decile,46,9090,69.78,18.39,64.47,False
KEIBAJO_SURFACE_09_ダ_条件戦,pace_yoso+pace_shisu_juni+tenkai_kigo_code,pace_yoso,pace_shisu_juni,tenkai_kigo_code,37,6625,68.43,12.29,64.47,False
KEIBAJO_SURFACE_09_ダ_条件戦,rotation_bin+tenkai_kigo_code+manken_shisu_decile,rotation_bin,tenkai_kigo_code,manken_shisu_decile,23,3607,70.42,14.61,64.45,False
KEIBAJO_SURFACE_09_ダ_条件戦,uma_start_shisu_decile+rotation_bin+manken_shisu_decile,uma_start_shisu_decile,rotation_bin,manken_shisu_decile,12,1650,70.47,10.65,64.44,False
KEIBAJO_SURFACE_09_ダ_条件戦,kijun_ninkijun_tansho+sogo_shisu_decile+kishu_shisu_decile,kijun_ninkijun_tansho,sogo_shisu_decile,kishu_shisu_decile,38,5218,69.68,16.5,64.43,False
KEIBAJO_SURFACE_09_ダ_条件戦,joshodo_code+ls_shisu_juni+kishu_shisu_decile,joshodo_code,ls_shisu_juni,kishu_shisu_decile,29,7620,70.34,16.25,64.42,False
KEIBAJO_SURFACE_09_ダ_条件戦,kyori_kubun+hizume_code+joho_shisu_decile,kyori_kubun,hizume_code,joho_shisu_decile,30,5875,70.77,17.77,64.41,False
KEIBAJO_SURFACE_09_ダ_条件戦,pace_yoso+kyakushitsu+sogo_shisu_decile,pace_yoso,kyakushitsu,sogo_shisu_decile,42,9064,68.92,14.94,64.4,False
KEIBAJO_SURFACE_09_ダ_条件戦,omo_tekisei_code+kyakushitsu+sogo_shisu_decile,omo_tekisei_code,kyakushitsu,sogo_shisu_decile,33,7844,70.08,16.65,64.4,False
KEIBAJO_SURFACE_09_ダ_条件戦,uma_start_shisu_decile+tenkai_kigo_code+idm_decile,uma_start_shisu_decile,tenkai_kigo_code,idm_decile,26,5295,70.43,15.72,64.39,False
KEIBAJO_SURFACE_09_ダ_条件戦,pace_yoso+kyori_tekisei+sogo_shisu_decile,pace_yoso,kyori_tekisei,sogo_shisu_decile,45,9986,68.88,15.38,64.38,False
KEIBAJO_SURFACE_09_ダ_条件戦,omo_tekisei_code+kyori_tekisei+idm_decile,omo_tekisei_code,kyori_tekisei,idm_decile,33,8204,69.77,15.82,64.37,False
KEIBAJO_SURFACE_09_ダ_条件戦,joshodo_code+ls_shisu_juni+ten_shisu_juni,joshodo_code,ls_shisu_juni,ten_shisu_juni,25,4896,70.6,15.89,64.37,False
KEIBAJO_SURFACE_09_ダ_条件戦,kyakushitsu+ichi_shisu_juni+tenkai_kigo_code,kyakushitsu,ichi_shisu_juni,tenkai_kigo_code,31,7473,67.87,9.93,64.37,False
KEIBAJO_SURFACE_09_ダ_条件戦,kyori_kubun+hizume_code+idm_decile,kyori_kubun,hizume_code,idm_decile,24,5095,70.6,15.59,64.36,False
KEIBAJO_SURFACE_09_ダ_条件戦,uma_deokure_bin+rotation_bin+sogo_shisu_decile,uma_deokure_bin,rotation_bin,sogo_shisu_decile,39,6843,70.3,18.97,64.35,False
KEIBAJO_SURFACE_09_ダ_条件戦,pace_yoso+bataiju_zogen+sogo_shisu_decile,pace_yoso,bataiju_zogen,sogo_shisu_decile,20,2684,70.89,14.96,64.33,False
KEIBAJO_SURFACE_09_ダ_条件戦,kyori_kubun+pace_yoso+sogo_shisu_decile,kyori_kubun,pace_yoso,sogo_shisu_decile,40,10929,69.13,15.46,64.33,False
KEIBAJO_SURFACE_09_ダ_条件戦,kyakushitsu+sogo_shisu_decile+kishu_shisu_decile,kyakushitsu,sogo_shisu_decile,kishu_shisu_decile,34,4406,70.1,17.2,64.32,False
KEIBAJO_SURFACE_09_ダ_条件戦,joshodo_code+gekiso_juni+joho_shisu_decile,joshodo_code,gekiso_juni,joho_shisu_decile,42,7707,69.6,17.49,64.31,False
KEIBAJO_SURFACE_09_ダ_条件戦,kyori_tekisei+pace_shisu_juni+tenkai_kigo_code,kyori_tekisei,pace_shisu_juni,tenkai_kigo_code,33,5475,68.79,13.1,64.31,False
KEIBAJO_SURFACE_09_ダ_条件戦,bataiju_zogen+kyakushitsu+sogo_shisu_decile,bataiju_zogen,kyakushitsu,sogo_shisu_decile,10,1179,72.89,13.87,64.29,False
KEIBAJO_SURFACE_09_ダ_条件戦,bataiju_zogen+rotation_bin+tenkai_kigo_code,bataiju_zogen,rotation_bin,tenkai_kigo_code,21,3480,70.55,14.7,64.27,False
KEIBAJO_SURFACE_09_ダ_条件戦,kyakushitsu+tenkai_kigo_code+kishu_shisu_decile,kyakushitsu,tenkai_kigo_code,kishu_shisu_decile,45,8906,68.68,15.11,64.27,False
KEIBAJO_SURFACE_09_ダ_条件戦,rotation_bin+ls_shisu_juni+tenkai_kigo_code,rotation_bin,ls_shisu_juni,tenkai_kigo_code,23,4520,68.26,9.79,64.26,False
KEIBAJO_SURFACE_09_ダ_条件戦,ichi_shisu_juni+ten_shisu_juni+joho_shisu_decile,ichi_shisu_juni,ten_shisu_juni,joho_shisu_decile,7,1238,72.46,11.06,64.26,False
KEIBAJO_SURFACE_09_ダ_条件戦,rotation_bin+sogo_shisu_decile+idm_decile,rotation_bin,sogo_shisu_decile,idm_decile,30,6965,70.68,18.04,64.22,False
KEIBAJO_SURFACE_09_ダ_条件戦,joshodo_code+sogo_shisu_decile+kishu_shisu_decile,joshodo_code,sogo_shisu_decile,kishu_shisu_decile,38,9330,69.25,15.9,64.2,False
KEIBAJO_SURFACE_09_ダ_条件戦,kyori_tekisei+ls_shisu_juni+joho_shisu_decile,kyori_tekisei,ls_shisu_juni,joho_shisu_decile,30,6376,69.69,15.4,64.18,False
KEIBAJO_SURFACE_09_ダ_条件戦,omo_tekisei_code+idm_decile+kishu_shisu_decile,omo_tekisei_code,idm_decile,kishu_shisu_decile,41,6464,69.53,17.52,64.17,False
KEIBAJO_SURFACE_09_ダ_条件戦,kyori_kubun+ichi_shisu_juni+ls_shisu_juni,kyori_kubun,ichi_shisu_juni,ls_shisu_juni,18,3267,68.82,10.08,64.17,False
KEIBAJO_SURFACE_09_ダ_条件戦,kyakushitsu+ichi_shisu_juni+ls_shisu_juni,kyakushitsu,ichi_shisu_juni,ls_shisu_juni,23,3860,69.35,12.67,64.17,False
KEIBAJO_SURFACE_09_ダ_条件戦,pace_yoso+kyakushitsu+idm_decile,pace_yoso,kyakushitsu,idm_decile,43,9816,69.29,17.16,64.16,False
KEIBAJO_SURFACE_09_ダ_条件戦,kyori_kubun+kyakushitsu+sogo_shisu_decile,kyori_kubun,kyakushitsu,sogo_shisu_decile,41,8549,68.3,13.58,64.15,False
KEIBAJO_SURFACE_09_ダ_条件戦,kyori_tekisei+joho_shisu_decile+kishu_shisu_decile,kyori_tekisei,joho_shisu_decile,kishu_shisu_decile,40,7577,68.82,15.05,64.15,False
KEIBAJO_SURFACE_09_ダ_条件戦,uma_deokure_bin+kijun_ninkijun_tansho+kishu_shisu_decile,uma_deokure_bin,kijun_ninkijun_tansho,kishu_shisu_decile,36,6542,68.79,14.2,64.15,False
KEIBAJO_SURFACE_09_ダ_条件戦,kyori_kubun+bataiju_zogen+sogo_shisu_decile,kyori_kubun,bataiju_zogen,sogo_shisu_decile,16,2221,70.47,12.9,64.14,False
KEIBAJO_SURFACE_09_ダ_条件戦,kyori_kubun+hizume_code+ls_shisu_juni,kyori_kubun,hizume_code,ls_shisu_juni,21,4439,71.05,16.18,64.13,False
KEIBAJO_SURFACE_09_ダ_条件戦,kyori_tekisei+idm_decile+kishu_shisu_decile,kyori_tekisei,idm_decile,kishu_shisu_decile,38,5464,69.45,16.77,64.12,False
KEIBAJO_SURFACE_09_ダ_条件戦,uma_deokure_bin+uma_start_shisu_decile+ls_shisu_juni,uma_deokure_bin,uma_start_shisu_decile,ls_shisu_juni,18,5506,69.76,12.21,64.12,False
KEIBAJO_SURFACE_09_ダ_条件戦,kyakushitsu+tenkai_kigo_code+idm_decile,kyakushitsu,tenkai_kigo_code,idm_decile,32,9607,69.35,15.13,64.1,False
KEIBAJO_SURFACE_09_ダ_条件戦,kyori_kubun+hizume_code+sogo_shisu_decile,kyori_kubun,hizume_code,sogo_shisu_decile,23,4669,70.28,15.11,64.1,False
KEIBAJO_SURFACE_09_ダ_条件戦,kyakushitsu+hizume_code+idm_decile,kyakushitsu,hizume_code,idm_decile,26,4654,69.97,15.26,64.1,False
KEIBAJO_SURFACE_09_ダ_条件戦,ls_shisu_juni+joho_shisu_decile+kishu_shisu_decile,ls_shisu_juni,joho_shisu_decile,kishu_shisu_decile,32,6672,69.38,15.29,64.08,False
KEIBAJO_SURFACE_09_ダ_条件戦,kyori_tekisei+tenkai_kigo_code+idm_decile,kyori_tekisei,tenkai_kigo_code,idm_decile,34,8888,70.14,18.01,64.08,False
KEIBAJO_SURFACE_09_ダ_条件戦,uma_start_shisu_decile+pace_yoso+kijun_ninkijun_tansho,uma_start_shisu_decile,pace_yoso,kijun_ninkijun_tansho,18,2953,71.99,17.16,64.07,False
KEIBAJO_SURFACE_09_ダ_条件戦,manken_shirushi+hizume_code+ls_shisu_juni,manken_shirushi,hizume_code,ls_shisu_juni,8,1191,70.77,9.67,64.06,False
KEIBAJO_SURFACE_09_ダ_条件戦,kyori_kubun+rotation_bin+kishu_shisu_decile,kyori_kubun,rotation_bin,kishu_shisu_decile,21,3206,71.52,17.45,64.06,False
KEIBAJO_SURFACE_09_ダ_条件戦,uma_deokure_bin+idm_decile+kishu_shisu_decile,uma_deokure_bin,idm_decile,kishu_shisu_decile,47,6949,69.1,17.61,64.06,False
KEIBAJO_SURFACE_09_ダ_条件戦,kyori_kubun+uma_start_shisu_decile+ls_shisu_juni,kyori_kubun,uma_start_shisu_decile,ls_shisu_juni,23,4652,69.42,13.15,64.04,False
KEIBAJO_SURFACE_09_ダ_条件戦,kyori_tekisei+hizume_code+sogo_shisu_decile,kyori_tekisei,hizume_code,sogo_shisu_decile,24,4143,69.5,13.68,64.03,False
KEIBAJO_SURFACE_09_ダ_条件戦,omo_tekisei_code+rotation_bin+joho_shisu_decile,omo_tekisei_code,rotation_bin,joho_shisu_decile,33,6873,68.86,14.22,64.01,False
KEIBAJO_SURFACE_09_ダ_条件戦,uma_deokure_bin+joshodo_code+sogo_shisu_decile,uma_deokure_bin,joshodo_code,sogo_shisu_decile,14,9117,73.33,17.84,63.99,False
KEIBAJO_SURFACE_09_ダ_条件戦,hizume_code+ls_shisu_juni+tenkai_kigo_code,hizume_code,ls_shisu_juni,tenkai_kigo_code,19,4203,70.74,15.02,63.98,False
KEIBAJO_SURFACE_09_ダ_条件戦,kyakushitsu+manken_shisu_decile+idm_decile,kyakushitsu,manken_shisu_decile,idm_decile,19,2514,70.86,15.34,63.97,False
KEIBAJO_SURFACE_09_ダ_条件戦,bataiju_zogen+kyori_tekisei+tenkai_kigo_code,bataiju_zogen,kyori_tekisei,tenkai_kigo_code,23,4242,69.33,13.15,63.96,False
KEIBAJO_SURFACE_09_ダ_条件戦,omo_tekisei_code+kyori_tekisei+sogo_shisu_decile,omo_tekisei_code,kyori_tekisei,sogo_shisu_decile,37,8111,69.37,16.82,63.95,False
KEIBAJO_SURFACE_09_ダ_条件戦,pace_yoso+tenkai_kigo_code+kijun_ninkijun_tansho,pace_yoso,tenkai_kigo_code,kijun_ninkijun_tansho,40,7236,68.26,13.98,63.92,False
KEIBAJO_SURFACE_09_ダ_条件戦,kijun_ninkijun_tansho+joho_shisu_decile+kishu_shisu_decile,kijun_ninkijun_tansho,joho_shisu_decile,kishu_shisu_decile,38,7451,68.69,15.02,63.91,False
KEIBAJO_SURFACE_09_ダ_条件戦,uma_deokure_bin+hizume_code+ls_shisu_juni,uma_deokure_bin,hizume_code,ls_shisu_juni,24,5221,70.14,15.58,63.91,False
KEIBAJO_SURFACE_09_ダ_条件戦,uma_deokure_bin+kyori_tekisei+kishu_shisu_decile,uma_deokure_bin,kyori_tekisei,kishu_shisu_decile,45,7340,69.54,19.31,63.9,False
KEIBAJO_SURFACE_09_ダ_条件戦,uma_start_shisu_decile+pace_yoso+idm_decile,uma_start_shisu_decile,pace_yoso,idm_decile,25,5103,69.61,14.57,63.9,False
KEIBAJO_SURFACE_09_ダ_条件戦,kyori_kubun+kyori_tekisei+joho_shisu_decile,kyori_kubun,kyori_tekisei,joho_shisu_decile,38,10470,68.43,14.28,63.89,False
KEIBAJO_SURFACE_09_ダ_条件戦,kyakushitsu+sogo_shisu_decile+joho_shisu_decile,kyakushitsu,sogo_shisu_decile,joho_shisu_decile,37,7425,68.65,14.84,63.86,False
KEIBAJO_SURFACE_09_ダ_条件戦,kyori_tekisei+joshodo_code+sogo_shisu_decile,kyori_tekisei,joshodo_code,sogo_shisu_decile,30,11200,70.3,18.0,63.86,False
KEIBAJO_SURFACE_09_ダ_条件戦,bataiju_zogen+joshodo_code+sogo_shisu_decile,bataiju_zogen,joshodo_code,sogo_shisu_decile,34,6617,69.42,16.6,63.84,False
KEIBAJO_SURFACE_09_ダ_条件戦,omo_tekisei_code+pace_shisu_juni+tenkai_kigo_code,omo_tekisei_code,pace_shisu_juni,tenkai_kigo_code,25,5198,68.65,12.29,63.83,False
KEIBAJO_SURFACE_09_ダ_条件戦,pace_yoso+ichi_shisu_juni+kijun_ninkijun_tansho,pace_yoso,ichi_shisu_juni,kijun_ninkijun_tansho,10,1830,70.8,11.26,63.83,False
KEIBAJO_SURFACE_09_ダ_条件戦,tenkai_kigo_code+idm_decile+kishu_shisu_decile,tenkai_kigo_code,idm_decile,kishu_shisu_decile,40,6701,69.48,18.27,63.82,False
KEIBAJO_SURFACE_09_ダ_条件戦,omo_tekisei_code+rotation_bin+kijun_ninkijun_tansho,omo_tekisei_code,rotation_bin,kijun_ninkijun_tansho,23,3285,70.2,15.65,63.81,False
KEIBAJO_SURFACE_09_ダ_条件戦,uma_start_shisu_decile+ls_shisu_juni+kijun_ninkijun_tansho,uma_start_shisu_decile,ls_shisu_juni,kijun_ninkijun_tansho,9,1530,73.24,14.44,63.81,False
KEIBAJO_SURFACE_09_ダ_条件戦,uma_start_shisu_decile+kyakushitsu+idm_decile,uma_start_shisu_decile,kyakushitsu,idm_decile,26,4874,69.36,14.44,63.81,False
KEIBAJO_SURFACE_09_ダ_条件戦,pace_yoso+sogo_shisu_decile+manken_shisu_decile,pace_yoso,sogo_shisu_decile,manken_shisu_decile,41,5826,68.06,13.89,63.81,False
KEIBAJO_SURFACE_09_ダ_条件戦,joshodo_code+manken_shisu_decile+idm_decile,joshodo_code,manken_shisu_decile,idm_decile,44,9452,69.15,18.08,63.8,False
KEIBAJO_SURFACE_09_ダ_条件戦,kyori_kubun+joshodo_code+sogo_shisu_decile,kyori_kubun,joshodo_code,sogo_shisu_decile,27,10962,71.29,19.84,63.8,False
KEIBAJO_SURFACE_09_ダ_条件戦,pace_yoso+ls_shisu_juni+gekiso_juni,pace_yoso,ls_shisu_juni,gekiso_juni,23,3590,69.89,14.92,63.79,False
KEIBAJO_SURFACE_09_ダ_条件戦,kyori_tekisei+ichi_shisu_juni+kijun_ninkijun_tansho,kyori_tekisei,ichi_shisu_juni,kijun_ninkijun_tansho,11,1785,72.39,14.57,63.78,False
KEIBAJO_SURFACE_09_ダ_条件戦,uma_start_shisu_decile+kyakushitsu+ls_shisu_juni,uma_start_shisu_decile,kyakushitsu,ls_shisu_juni,25,4672,69.1,13.64,63.75,False
KEIBAJO_SURFACE_09_ダ_条件戦,uma_start_shisu_decile+kyori_tekisei+idm_decile,uma_start_shisu_decile,kyori_tekisei,idm_decile,20,3900,70.75,15.97,63.75,False
KEIBAJO_SURFACE_09_ダ_条件戦,kyakushitsu+pace_shisu_juni+tenkai_kigo_code,kyakushitsu,pace_shisu_juni,tenkai_kigo_code,39,7077,67.41,11.72,63.74,False
KEIBAJO_SURFACE_09_ダ_条件戦,pace_yoso+kyori_tekisei+idm_decile,pace_yoso,kyori_tekisei,idm_decile,42,10405,68.86,16.97,63.73,False
KEIBAJO_SURFACE_09_ダ_条件戦,kyori_tekisei+ls_shisu_juni+kishu_shisu_decile,kyori_tekisei,ls_shisu_juni,kishu_shisu_decile,30,4866,69.41,15.87,63.73,False
KEIBAJO_SURFACE_09_ダ_条件戦,pace_yoso+hizume_code+joho_shisu_decile,pace_yoso,hizume_code,joho_shisu_decile,29,5840,70.21,17.83,63.72,False
KEIBAJO_SURFACE_09_ダ_条件戦,kyori_tekisei+sogo_shisu_decile+gekiso_juni,kyori_tekisei,sogo_shisu_decile,gekiso_juni,8,859,75.53,17.05,63.71,False
KEIBAJO_SURFACE_09_ダ_条件戦,rotation_bin+hizume_code+idm_decile,rotation_bin,hizume_code,idm_decile,20,3234,72.84,20.89,63.68,False
KEIBAJO_SURFACE_09_ダ_条件戦,uma_start_shisu_decile+omo_tekisei_code+kijun_ninkijun_tansho,uma_start_shisu_decile,omo_tekisei_code,kijun_ninkijun_tansho,16,3119,71.51,16.0,63.67,False
KEIBAJO_SURFACE_09_ダ_条件戦,omo_tekisei_code+joshodo_code+idm_decile,omo_tekisei_code,joshodo_code,idm_decile,13,9184,73.38,17.92,63.64,False
KEIBAJO_SURFACE_09_ダ_条件戦,kyori_kubun+kyori_tekisei+idm_decile,kyori_kubun,kyori_tekisei,idm_decile,39,10602,68.88,16.68,63.64,False
KEIBAJO_SURFACE_09_ダ_条件戦,uma_start_shisu_decile+omo_tekisei_code+gekiso_juni,uma_start_shisu_decile,omo_tekisei_code,gekiso_juni,20,3200,70.25,15.07,63.64,False
KEIBAJO_SURFACE_09_ダ_条件戦,ichi_shisu_juni+ten_shisu_juni+sogo_shisu_decile,ichi_shisu_juni,ten_shisu_juni,sogo_shisu_decile,11,1481,71.49,13.28,63.64,False
KEIBAJO_SURFACE_09_ダ_条件戦,joshodo_code+pace_shisu_juni+joho_shisu_decile,joshodo_code,pace_shisu_juni,joho_shisu_decile,48,7946,68.29,16.48,63.63,False
KEIBAJO_SURFACE_09_ダ_条件戦,omo_tekisei_code+kijun_ninkijun_tansho+joho_shisu_decile,omo_tekisei_code,kijun_ninkijun_tansho,joho_shisu_decile,38,6833,69.11,17.24,63.63,False
KEIBAJO_SURFACE_09_ダ_条件戦,uma_start_shisu_decile+rotation_bin+pace_shisu_juni,uma_start_shisu_decile,rotation_bin,pace_shisu_juni,7,805,71.92,11.19,63.63,False
KEIBAJO_SURFACE_09_ダ_条件戦,kyakushitsu+joho_shisu_decile+kishu_shisu_decile,kyakushitsu,joho_shisu_decile,kishu_shisu_decile,35,6601,69.3,17.15,63.62,False
KEIBAJO_SURFACE_09_ダ_条件戦,tenkai_kigo_code+sogo_shisu_decile+kishu_shisu_decile,tenkai_kigo_code,sogo_shisu_decile,kishu_shisu_decile,37,6396,69.26,17.67,63.57,False
KEIBAJO_SURFACE_09_ダ_条件戦,tenkai_kigo_code+kijun_ninkijun_tansho+kishu_shisu_decile,tenkai_kigo_code,kijun_ninkijun_tansho,kishu_shisu_decile,34,6292,68.88,15.78,63.57,False
KEIBAJO_SURFACE_09_ダ_条件戦,kyori_kubun+tenkai_kigo_code+sogo_shisu_decile,kyori_kubun,tenkai_kigo_code,sogo_shisu_decile,37,9308,69.2,17.47,63.57,False
KEIBAJO_SURFACE_09_ダ_条件戦,omo_tekisei_code+gekiso_juni+idm_decile,omo_tekisei_code,gekiso_juni,idm_decile,21,2581,72.39,20.64,63.56,False
KEIBAJO_SURFACE_09_ダ_条件戦,kyori_kubun+kijun_ninkijun_tansho+sogo_shisu_decile,kyori_kubun,kijun_ninkijun_tansho,sogo_shisu_decile,30,4206,69.34,16.16,63.56,False
KEIBAJO_SURFACE_09_ダ_条件戦,kyori_tekisei+tenkai_kigo_code+kijun_ninkijun_tansho,kyori_tekisei,tenkai_kigo_code,kijun_ninkijun_tansho,35,5638,68.57,15.12,63.56,False
KEIBAJO_SURFACE_09_ダ_条件戦,kyori_kubun+ichi_shisu_juni+hizume_code,kyori_kubun,ichi_shisu_juni,hizume_code,14,2125,73.06,18.15,63.55,False
KEIBAJO_SURFACE_09_ダ_条件戦,manken_shirushi+kyakushitsu+ls_shisu_juni,manken_shirushi,kyakushitsu,ls_shisu_juni,10,1141,69.95,10.35,63.54,False
KEIBAJO_SURFACE_09_ダ_条件戦,kyakushitsu+tenkai_kigo_code+kijun_ninkijun_tansho,kyakushitsu,tenkai_kigo_code,kijun_ninkijun_tansho,44,7438,68.11,15.47,63.54,False
KEIBAJO_SURFACE_09_ダ_条件戦,pace_yoso+tenkai_kigo_code+idm_decile,pace_yoso,tenkai_kigo_code,idm_decile,32,9611,69.31,16.64,63.54,False
KEIBAJO_SURFACE_09_ダ_条件戦,omo_tekisei_code+manken_shirushi+ls_shisu_juni,omo_tekisei_code,manken_shirushi,ls_shisu_juni,16,2435,68.59,10.33,63.53,False
KEIBAJO_SURFACE_09_ダ_条件戦,pace_yoso+kijun_ninkijun_tansho+idm_decile,pace_yoso,kijun_ninkijun_tansho,idm_decile,37,5585,69.55,18.69,63.53,False
KEIBAJO_SURFACE_09_ダ_条件戦,ichi_shisu_juni+ten_shisu_juni+idm_decile,ichi_shisu_juni,ten_shisu_juni,idm_decile,11,1646,70.25,11.36,63.53,False
KEIBAJO_SURFACE_09_ダ_条件戦,kyori_tekisei+joshodo_code+idm_decile,kyori_tekisei,joshodo_code,idm_decile,27,11404,70.35,18.1,63.52,False
KEIBAJO_SURFACE_09_ダ_条件戦,hizume_code+tenkai_kigo_code+kishu_shisu_decile,hizume_code,tenkai_kigo_code,kishu_shisu_decile,18,3555,70.15,14.37,63.52,False
KEIBAJO_SURFACE_09_ダ_条件戦,uma_deokure_bin+ls_shisu_juni+kijun_ninkijun_tansho,uma_deokure_bin,ls_shisu_juni,kijun_ninkijun_tansho,22,3996,68.67,12.35,63.51,False
KEIBAJO_SURFACE_09_ダ_条件戦,rotation_bin+kyakushitsu+sogo_shisu_decile,rotation_bin,kyakushitsu,sogo_shisu_decile,33,4555,69.54,17.71,63.5,False
KEIBAJO_SURFACE_09_ダ_条件戦,joshodo_code+kijun_ninkijun_tansho+sogo_shisu_decile,joshodo_code,kijun_ninkijun_tansho,sogo_shisu_decile,44,8415,68.57,17.17,63.49,False
KEIBAJO_SURFACE_09_ダ_条件戦,pace_yoso+rotation_bin+kishu_shisu_decile,pace_yoso,rotation_bin,kishu_shisu_decile,29,4010,70.07,18.11,63.48,False
KEIBAJO_SURFACE_09_ダ_条件戦,kyori_tekisei+ichi_shisu_juni+sogo_shisu_decile,kyori_tekisei,ichi_shisu_juni,sogo_shisu_decile,6,1830,71.56,10.11,63.47,False
KEIBAJO_SURFACE_09_ダ_条件戦,kyakushitsu+ls_shisu_juni+joho_shisu_decile,kyakushitsu,ls_shisu_juni,joho_shisu_decile,33,6345,69.43,17.5,63.46,False
KEIBAJO_SURFACE_09_ダ_条件戦,uma_start_shisu_decile+kijun_ninkijun_tansho+kishu_shisu_decile,uma_start_shisu_decile,kijun_ninkijun_tansho,kishu_shisu_decile,17,2795,69.9,13.57,63.45,False
KEIBAJO_SURFACE_09_ダ_条件戦,hizume_code+sogo_shisu_decile+joho_shisu_decile,hizume_code,sogo_shisu_decile,joho_shisu_decile,25,4278,70.75,18.64,63.44,False
KEIBAJO_SURFACE_09_ダ_条件戦,hizume_code+ten_shisu_juni+tenkai_kigo_code,hizume_code,ten_shisu_juni,tenkai_kigo_code,17,2647,69.27,12.26,63.44,False
KEIBAJO_SURFACE_09_ダ_条件戦,pace_yoso+hizume_code+ls_shisu_juni,pace_yoso,hizume_code,ls_shisu_juni,20,4408,70.99,17.25,63.43,False
KEIBAJO_SURFACE_09_ダ_条件戦,uma_start_shisu_decile+kyakushitsu+kishu_shisu_decile,uma_start_shisu_decile,kyakushitsu,kishu_shisu_decile,19,3259,69.45,13.41,63.42,False
KEIBAJO_SURFACE_09_ダ_条件戦,pace_yoso+tenkai_kigo_code+sogo_shisu_decile,pace_yoso,tenkai_kigo_code,sogo_shisu_decile,33,9219,69.33,17.35,63.41,False
KEIBAJO_SURFACE_09_ダ_条件戦,kyori_tekisei+tenkai_kigo_code+kishu_shisu_decile,kyori_tekisei,tenkai_kigo_code,kishu_shisu_decile,40,7539,68.24,15.57,63.41,False
KEIBAJO_SURFACE_09_ダ_条件戦,kyori_kubun+kyori_tekisei+sogo_shisu_decile,kyori_kubun,kyori_tekisei,sogo_shisu_decile,38,9982,68.12,14.81,63.41,False
KEIBAJO_SURFACE_09_ダ_条件戦,rotation_bin+tenkai_kigo_code+joho_shisu_decile,rotation_bin,tenkai_kigo_code,joho_shisu_decile,24,5324,69.74,15.96,63.35,False
KEIBAJO_SURFACE_09_ダ_条件戦,uma_deokure_bin+rotation_bin+joho_shisu_decile,uma_deokure_bin,rotation_bin,joho_shisu_decile,34,6849,68.86,16.44,63.34,False
KEIBAJO_SURFACE_09_ダ_条件戦,kyori_kubun+ichi_shisu_juni+idm_decile,kyori_kubun,ichi_shisu_juni,idm_decile,25,3807,69.91,16.75,63.34,False
KEIBAJO_SURFACE_09_ダ_条件戦,uma_start_shisu_decile+bataiju_zogen+tenkai_kigo_code,uma_start_shisu_decile,bataiju_zogen,tenkai_kigo_code,13,2518,70.28,12.82,63.31,False
KEIBAJO_SURFACE_09_ダ_条件戦,kyori_kubun+kyori_tekisei+kishu_shisu_decile,kyori_kubun,kyori_tekisei,kishu_shisu_decile,44,8756,67.91,15.57,63.31,False
KEIBAJO_SURFACE_09_ダ_条件戦,kyori_kubun+manken_shisu_decile+idm_decile,kyori_kubun,manken_shisu_decile,idm_decile,42,5848,68.13,15.98,63.29,False
KEIBAJO_SURFACE_09_ダ_条件戦,kyori_kubun+ls_shisu_juni+sogo_shisu_decile,kyori_kubun,ls_shisu_juni,sogo_shisu_decile,29,6289,69.29,16.52,63.28,False
KEIBAJO_SURFACE_09_ダ_条件戦,uma_start_shisu_decile+joho_shisu_decile+idm_decile,uma_start_shisu_decile,joho_shisu_decile,idm_decile,25,4240,70.41,18.24,63.26,False
KEIBAJO_SURFACE_09_ダ_条件戦,pace_yoso+kijun_ninkijun_tansho+joho_shisu_decile,pace_yoso,kijun_ninkijun_tansho,joho_shisu_decile,46,8466,68.23,17.26,63.25,False
KEIBAJO_SURFACE_09_ダ_条件戦,pace_yoso+bataiju_zogen+kishu_shisu_decile,pace_yoso,bataiju_zogen,kishu_shisu_decile,5,622,77.53,16.29,63.25,False
KEIBAJO_SURFACE_09_ダ_条件戦,pace_yoso+joshodo_code+sogo_shisu_decile,pace_yoso,joshodo_code,sogo_shisu_decile,26,11241,70.27,18.3,63.23,False
KEIBAJO_SURFACE_09_ダ_条件戦,hizume_code+kijun_ninkijun_tansho+joho_shisu_decile,hizume_code,kijun_ninkijun_tansho,joho_shisu_decile,18,2854,71.33,17.58,63.2,False
KEIBAJO_SURFACE_09_ダ_条件戦,kyakushitsu+kijun_ninkijun_tansho+sogo_shisu_decile,kyakushitsu,kijun_ninkijun_tansho,sogo_shisu_decile,12,1452,72.47,16.38,63.2,False
KEIBAJO_SURFACE_09_ダ_条件戦,uma_deokure_bin+ichi_shisu_juni+idm_decile,uma_deokure_bin,ichi_shisu_juni,idm_decile,16,2077,69.61,13.1,63.19,False
KEIBAJO_SURFACE_09_ダ_条件戦,ten_shisu_juni+tenkai_kigo_code+sogo_shisu_decile,ten_shisu_juni,tenkai_kigo_code,sogo_shisu_decile,26,3457,69.07,15.3,63.19,False
KEIBAJO_SURFACE_09_ダ_条件戦,pace_yoso+joshodo_code+idm_decile,pace_yoso,joshodo_code,idm_decile,23,11388,70.48,17.86,63.18,False
KEIBAJO_SURFACE_09_ダ_条件戦,joshodo_code+kijun_ninkijun_tansho+idm_decile,joshodo_code,kijun_ninkijun_tansho,idm_decile,43,8321,68.59,18.13,63.17,False
KEIBAJO_SURFACE_09_ダ_条件戦,omo_tekisei_code+ichi_shisu_juni+sogo_shisu_decile,omo_tekisei_code,ichi_shisu_juni,sogo_shisu_decile,9,983,70.11,10.63,63.17,False
KEIBAJO_SURFACE_09_ダ_条件戦,kyori_kubun+sogo_shisu_decile+joho_shisu_decile,kyori_kubun,sogo_shisu_decile,joho_shisu_decile,41,9341,67.93,15.57,63.16,False
KEIBAJO_SURFACE_09_ダ_条件戦,uma_deokure_bin+ichi_shisu_juni+ls_shisu_juni,uma_deokure_bin,ichi_shisu_juni,ls_shisu_juni,22,3098,67.57,10.58,63.15,False
KEIBAJO_SURFACE_09_ダ_条件戦,ls_shisu_juni+tenkai_kigo_code+idm_decile,ls_shisu_juni,tenkai_kigo_code,idm_decile,30,6285,69.7,18.33,63.14,False
KEIBAJO_SURFACE_09_ダ_条件戦,kyori_tekisei+sogo_shisu_decile+kishu_shisu_decile,kyori_tekisei,sogo_shisu_decile,kishu_shisu_decile,36,5032,68.53,16.56,63.12,False
KEIBAJO_SURFACE_09_ダ_条件戦,ten_shisu_juni+tenkai_kigo_code+idm_decile,ten_shisu_juni,tenkai_kigo_code,idm_decile,30,3985,68.52,15.11,63.12,False
KEIBAJO_SURFACE_09_ダ_条件戦,uma_start_shisu_decile+ls_shisu_juni+ten_shisu_juni,uma_start_shisu_decile,ls_shisu_juni,ten_shisu_juni,8,986,74.29,16.15,63.1,False
KEIBAJO_SURFACE_09_ダ_条件戦,joshodo_code+hizume_code+idm_decile,joshodo_code,hizume_code,idm_decile,26,7796,70.12,18.29,63.09,False
KEIBAJO_SURFACE_09_ダ_条件戦,joshodo_code+gekiso_juni+kishu_shisu_decile,joshodo_code,gekiso_juni,kishu_shisu_decile,33,4848,69.83,19.76,63.09,False
KEIBAJO_SURFACE_09_ダ_条件戦,rotation_bin+tenkai_kigo_code+idm_decile,rotation_bin,tenkai_kigo_code,idm_decile,26,5575,70.62,19.65,63.07,False
KEIBAJO_SURFACE_09_ダ_条件戦,pace_yoso+pace_shisu_juni+kishu_shisu_decile,pace_yoso,pace_shisu_juni,kishu_shisu_decile,10,1411,75.33,19.81,63.05,False
KEIBAJO_SURFACE_09_ダ_条件戦,kyakushitsu+tenkai_kigo_code+sogo_shisu_decile,kyakushitsu,tenkai_kigo_code,sogo_shisu_decile,31,9040,68.56,15.71,63.03,False
KEIBAJO_SURFACE_09_ダ_条件戦,pace_yoso+omo_tekisei_code+idm_decile,pace_yoso,omo_tekisei_code,idm_decile,27,8706,69.88,18.17,63.03,False
KEIBAJO_SURFACE_09_ダ_条件戦,uma_start_shisu_decile+omo_tekisei_code+kishu_shisu_decile,uma_start_shisu_decile,omo_tekisei_code,kishu_shisu_decile,19,3967,69.71,14.91,63.0,False
KEIBAJO_SURFACE_09_ダ_条件戦,hizume_code+ls_shisu_juni+idm_decile,hizume_code,ls_shisu_juni,idm_decile,14,2728,71.91,17.02,63.0,False
KEIBAJO_SURFACE_09_ダ_条件戦,uma_deokure_bin+manken_shirushi+ls_shisu_juni,uma_deokure_bin,manken_shirushi,ls_shisu_juni,16,2394,68.04,10.28,63.0,False
KEIBAJO_SURFACE_09_ダ_条件戦,omo_tekisei_code+sogo_shisu_decile+gekiso_juni,omo_tekisei_code,sogo_shisu_decile,gekiso_juni,20,2290,71.84,20.18,62.99,False
KEIBAJO_SURFACE_09_ダ_条件戦,uma_deokure_bin+joshodo_code+kijun_ninkijun_tansho,uma_deokure_bin,joshodo_code,kijun_ninkijun_tansho,24,8891,68.84,14.61,62.99,False
KEIBAJO_SURFACE_09_ダ_条件戦,uma_deokure_bin+ichi_shisu_juni+manken_shisu_decile,uma_deokure_bin,ichi_shisu_juni,manken_shisu_decile,4,422,76.09,13.39,62.97,False
KEIBAJO_SURFACE_09_ダ_条件戦,omo_tekisei_code+rotation_bin+kishu_shisu_decile,omo_tekisei_code,rotation_bin,kishu_shisu_decile,35,5164,68.9,18.0,62.93,False
KEIBAJO_SURFACE_09_ダ_条件戦,rotation_bin+ichi_shisu_juni+tenkai_kigo_code,rotation_bin,ichi_shisu_juni,tenkai_kigo_code,22,2804,67.82,11.78,62.9,False
KEIBAJO_SURFACE_09_ダ_条件戦,bataiju_zogen+joshodo_code+idm_decile,bataiju_zogen,joshodo_code,idm_decile,34,7090,68.56,16.84,62.9,False
KEIBAJO_SURFACE_09_ダ_条件戦,uma_deokure_bin+ten_shisu_juni+sogo_shisu_decile,uma_deokure_bin,ten_shisu_juni,sogo_shisu_decile,8,868,73.2,14.87,62.89,False
KEIBAJO_SURFACE_09_ダ_条件戦,pace_shisu_juni+tenkai_kigo_code+idm_decile,pace_shisu_juni,tenkai_kigo_code,idm_decile,31,4253,68.22,15.19,62.88,False
KEIBAJO_SURFACE_09_ダ_条件戦,ichi_shisu_juni+pace_shisu_juni+joho_shisu_decile,ichi_shisu_juni,pace_shisu_juni,joho_shisu_decile,8,1370,70.3,10.73,62.87,False
KEIBAJO_SURFACE_09_ダ_条件戦,omo_tekisei_code+hizume_code+idm_decile,omo_tekisei_code,hizume_code,idm_decile,25,6245,70.0,18.2,62.87,False
KEIBAJO_SURFACE_09_ダ_条件戦,ls_shisu_juni+idm_decile+kishu_shisu_decile,ls_shisu_juni,idm_decile,kishu_shisu_decile,25,4280,69.15,16.06,62.86,False
KEIBAJO_SURFACE_09_ダ_条件戦,kyori_tekisei+sogo_shisu_decile+joho_shisu_decile,kyori_tekisei,sogo_shisu_decile,joho_shisu_decile,37,7828,67.86,15.53,62.86,False
KEIBAJO_SURFACE_09_ダ_条件戦,ls_shisu_juni+kijun_ninkijun_tansho+kishu_shisu_decile,ls_shisu_juni,kijun_ninkijun_tansho,kishu_shisu_decile,29,5290,68.2,14.67,62.86,False
KEIBAJO_SURFACE_09_ダ_条件戦,omo_tekisei_code+ichi_shisu_juni+ls_shisu_juni,omo_tekisei_code,ichi_shisu_juni,ls_shisu_juni,20,2834,67.61,10.89,62.84,False
KEIBAJO_SURFACE_09_ダ_条件戦,omo_tekisei_code+ls_shisu_juni+gekiso_juni,omo_tekisei_code,ls_shisu_juni,gekiso_juni,26,3659,69.68,17.81,62.84,False
KEIBAJO_SURFACE_09_ダ_条件戦,uma_start_shisu_decile+pace_yoso+sogo_shisu_decile,uma_start_shisu_decile,pace_yoso,sogo_shisu_decile,23,4663,69.29,15.81,62.83,False
KEIBAJO_SURFACE_09_ダ_条件戦,uma_start_shisu_decile+kyori_tekisei+sogo_shisu_decile,uma_start_shisu_decile,kyori_tekisei,sogo_shisu_decile,20,3602,68.88,13.81,62.83,False
KEIBAJO_SURFACE_09_ダ_条件戦,uma_start_shisu_decile+pace_yoso+ls_shisu_juni,uma_start_shisu_decile,pace_yoso,ls_shisu_juni,26,5162,67.29,11.69,62.79,False
KEIBAJO_SURFACE_09_ダ_条件戦,uma_deokure_bin+rotation_bin+kishu_shisu_decile,uma_deokure_bin,rotation_bin,kishu_shisu_decile,37,5215,68.56,17.94,62.78,False
KEIBAJO_SURFACE_09_ダ_条件戦,uma_start_shisu_decile+manken_shirushi+rotation_bin,uma_start_shisu_decile,manken_shirushi,rotation_bin,6,664,74.7,14.91,62.77,False
KEIBAJO_SURFACE_09_ダ_条件戦,uma_deokure_bin+joshodo_code+idm_decile,uma_deokure_bin,joshodo_code,idm_decile,12,9128,72.72,17.64,62.74,False
KEIBAJO_SURFACE_09_ダ_条件戦,ichi_shisu_juni+pace_shisu_juni+idm_decile,ichi_shisu_juni,pace_shisu_juni,idm_decile,10,1567,69.11,10.32,62.71,False
KEIBAJO_SURFACE_09_ダ_条件戦,pace_yoso+ls_shisu_juni+sogo_shisu_decile,pace_yoso,ls_shisu_juni,sogo_shisu_decile,33,7000,68.74,17.68,62.71,False
KEIBAJO_SURFACE_09_ダ_条件戦,rotation_bin+tenkai_kigo_code+kijun_ninkijun_tansho,rotation_bin,tenkai_kigo_code,kijun_ninkijun_tansho,22,2987,68.61,14.14,62.7,False
KEIBAJO_SURFACE_09_ダ_条件戦,uma_start_shisu_decile+ls_shisu_juni+pace_shisu_juni,uma_start_shisu_decile,ls_shisu_juni,pace_shisu_juni,9,1084,69.15,9.9,62.69,False
KEIBAJO_SURFACE_09_ダ_条件戦,manken_shirushi+manken_shisu_decile+joho_shisu_decile,manken_shirushi,manken_shisu_decile,joho_shisu_decile,7,866,75.76,17.66,62.67,False
KEIBAJO_SURFACE_09_ダ_条件戦,ichi_shisu_juni+joho_shisu_decile+kishu_shisu_decile,ichi_shisu_juni,joho_shisu_decile,kishu_shisu_decile,15,2399,71.71,17.87,62.67,False
KEIBAJO_SURFACE_09_ダ_条件戦,omo_tekisei_code+hizume_code+kishu_shisu_decile,omo_tekisei_code,hizume_code,kishu_shisu_decile,26,5036,68.58,15.53,62.61,False
KEIBAJO_SURFACE_09_ダ_条件戦,kyori_kubun+joshodo_code+idm_decile,kyori_kubun,joshodo_code,idm_decile,26,11291,69.29,17.4,62.6,False
KEIBAJO_SURFACE_09_ダ_条件戦,uma_deokure_bin+bataiju_zogen+sogo_shisu_decile,uma_deokure_bin,bataiju_zogen,sogo_shisu_decile,27,3707,67.81,13.87,62.58,False
KEIBAJO_SURFACE_09_ダ_条件戦,kijun_ninkijun_tansho+idm_decile+kishu_shisu_decile,kijun_ninkijun_tansho,idm_decile,kishu_shisu_decile,33,4856,68.01,16.01,62.55,False
KEIBAJO_SURFACE_09_ダ_条件戦,kyori_kubun+manken_shirushi+gekiso_juni,kyori_kubun,manken_shirushi,gekiso_juni,4,556,85.24,23.17,62.52,False
KEIBAJO_SURFACE_09_ダ_条件戦,pace_yoso+hizume_code+idm_decile,pace_yoso,hizume_code,idm_decile,27,5589,68.96,17.11,62.51,False
KEIBAJO_SURFACE_09_ダ_条件戦,joshodo_code+hizume_code+kishu_shisu_decile,joshodo_code,hizume_code,kishu_shisu_decile,22,6184,68.71,14.84,62.51,False
KEIBAJO_SURFACE_09_ダ_条件戦,uma_start_shisu_decile+hizume_code+ls_shisu_juni,uma_start_shisu_decile,hizume_code,ls_shisu_juni,13,2760,70.5,14.72,62.5,False
KEIBAJO_SURFACE_09_ダ_条件戦,uma_start_shisu_decile+bataiju_zogen+idm_decile,uma_start_shisu_decile,bataiju_zogen,idm_decile,13,1561,71.32,16.23,62.49,False
KEIBAJO_SURFACE_09_ダ_条件戦,pace_yoso+ichi_shisu_juni+gekiso_juni,pace_yoso,ichi_shisu_juni,gekiso_juni,10,1728,70.04,12.19,62.49,False
KEIBAJO_SURFACE_09_ダ_条件戦,omo_tekisei_code+ten_shisu_juni+tenkai_kigo_code,omo_tekisei_code,ten_shisu_juni,tenkai_kigo_code,27,5301,67.74,13.99,62.46,False
KEIBAJO_SURFACE_09_ダ_条件戦,uma_start_shisu_decile+ichi_shisu_juni+idm_decile,uma_start_shisu_decile,ichi_shisu_juni,idm_decile,7,797,72.5,13.58,62.43,False
KEIBAJO_SURFACE_09_ダ_条件戦,omo_tekisei_code+hizume_code+ls_shisu_juni,omo_tekisei_code,hizume_code,ls_shisu_juni,21,5292,68.56,14.36,62.42,False
KEIBAJO_SURFACE_09_ダ_条件戦,ichi_shisu_juni+tenkai_kigo_code+sogo_shisu_decile,ichi_shisu_juni,tenkai_kigo_code,sogo_shisu_decile,24,3910,67.44,12.58,62.4,False
KEIBAJO_SURFACE_09_ダ_条件戦,uma_deokure_bin+kyori_tekisei+idm_decile,uma_deokure_bin,kyori_tekisei,idm_decile,36,8465,68.16,17.7,62.38,False
KEIBAJO_SURFACE_09_ダ_条件戦,sogo_shisu_decile+joho_shisu_decile+kishu_shisu_decile,sogo_shisu_decile,joho_shisu_decile,kishu_shisu_decile,39,7414,67.8,17.39,62.34,False
KEIBAJO_SURFACE_09_ダ_条件戦,kyori_tekisei+ls_shisu_juni+kijun_ninkijun_tansho,kyori_tekisei,ls_shisu_juni,kijun_ninkijun_tansho,25,3584,68.02,14.51,62.33,False
KEIBAJO_SURFACE_09_ダ_条件戦,pace_yoso+ichi_shisu_juni+idm_decile,pace_yoso,ichi_shisu_juni,idm_decile,13,2868,70.47,15.0,62.32,False
KEIBAJO_SURFACE_09_ダ_条件戦,uma_deokure_bin+ls_shisu_juni+pace_shisu_juni,uma_deokure_bin,ls_shisu_juni,pace_shisu_juni,23,3088,68.64,15.51,62.3,False
KEIBAJO_SURFACE_09_ダ_条件戦,uma_deokure_bin+ichi_shisu_juni+sogo_shisu_decile,uma_deokure_bin,ichi_shisu_juni,sogo_shisu_decile,14,1675,66.65,8.31,62.3,False
KEIBAJO_SURFACE_09_ダ_条件戦,uma_start_shisu_decile+kijun_ninkijun_tansho+idm_decile,uma_start_shisu_decile,kijun_ninkijun_tansho,idm_decile,14,1626,69.6,13.96,62.29,False
KEIBAJO_SURFACE_09_ダ_条件戦,kyori_kubun+manken_shisu_decile+kishu_shisu_decile,kyori_kubun,manken_shisu_decile,kishu_shisu_decile,18,2113,72.69,22.53,62.29,False
KEIBAJO_SURFACE_09_ダ_条件戦,pace_yoso+ls_shisu_juni+pace_shisu_juni,pace_yoso,ls_shisu_juni,pace_shisu_juni,22,3588,67.47,12.4,62.29,False
KEIBAJO_SURFACE_09_ダ_条件戦,pace_yoso+pace_shisu_juni+idm_decile,pace_yoso,pace_shisu_juni,idm_decile,22,3514,67.25,11.9,62.28,False
KEIBAJO_SURFACE_09_ダ_条件戦,pace_yoso+rotation_bin+joho_shisu_decile,pace_yoso,rotation_bin,joho_shisu_decile,31,5951,67.47,14.93,62.22,False
KEIBAJO_SURFACE_09_ダ_条件戦,uma_start_shisu_decile+omo_tekisei_code+sogo_shisu_decile,uma_start_shisu_decile,omo_tekisei_code,sogo_shisu_decile,25,5345,67.96,14.69,62.2,False
KEIBAJO_SURFACE_09_ダ_条件戦,uma_start_shisu_decile+sogo_shisu_decile+idm_decile,uma_start_shisu_decile,sogo_shisu_decile,idm_decile,28,6612,67.89,15.45,62.17,False
KEIBAJO_SURFACE_09_ダ_条件戦,uma_deokure_bin+hizume_code+kishu_shisu_decile,uma_deokure_bin,hizume_code,kishu_shisu_decile,24,4638,69.04,17.24,62.15,False
KEIBAJO_SURFACE_09_ダ_条件戦,omo_tekisei_code+ls_shisu_juni+pace_shisu_juni,omo_tekisei_code,ls_shisu_juni,pace_shisu_juni,23,3166,68.73,16.13,62.14,False
KEIBAJO_SURFACE_09_ダ_条件戦,manken_shirushi+rotation_bin+tenkai_kigo_code,manken_shirushi,rotation_bin,tenkai_kigo_code,11,1392,69.05,11.73,62.12,False
KEIBAJO_SURFACE_09_ダ_条件戦,kyori_kubun+uma_start_shisu_decile+sogo_shisu_decile,kyori_kubun,uma_start_shisu_decile,sogo_shisu_decile,25,4877,68.99,17.53,62.12,False
KEIBAJO_SURFACE_09_ダ_条件戦,kyori_kubun+idm_decile+kishu_shisu_decile,kyori_kubun,idm_decile,kishu_shisu_decile,44,6954,67.46,18.09,62.11,False
KEIBAJO_SURFACE_09_ダ_条件戦,ls_shisu_juni+joho_shisu_decile+idm_decile,ls_shisu_juni,joho_shisu_decile,idm_decile,27,6045,68.68,17.47,62.09,False
KEIBAJO_SURFACE_09_ダ_条件戦,uma_start_shisu_decile+kyakushitsu+joho_shisu_decile,uma_start_shisu_decile,kyakushitsu,joho_shisu_decile,25,5137,67.59,14.06,62.08,False
KEIBAJO_SURFACE_09_ダ_条件戦,kyori_kubun+pace_shisu_juni+idm_decile,kyori_kubun,pace_shisu_juni,idm_decile,24,3139,68.37,15.75,62.07,False
KEIBAJO_SURFACE_09_ダ_条件戦,uma_deokure_bin+uma_start_shisu_decile+gekiso_juni,uma_deokure_bin,uma_start_shisu_decile,gekiso_juni,14,3223,69.44,14.16,62.03,False
KEIBAJO_SURFACE_09_ダ_条件戦,uma_start_shisu_decile+tenkai_kigo_code+sogo_shisu_decile,uma_start_shisu_decile,tenkai_kigo_code,sogo_shisu_decile,23,4772,68.71,16.39,62.02,False
KEIBAJO_SURFACE_09_ダ_条件戦,uma_deokure_bin+hizume_code+sogo_shisu_decile,uma_deokure_bin,hizume_code,sogo_shisu_decile,25,5507,68.86,17.44,62.02,False
KEIBAJO_SURFACE_09_ダ_条件戦,bataiju_zogen+tenkai_kigo_code+idm_decile,bataiju_zogen,tenkai_kigo_code,idm_decile,20,3333,68.1,13.87,62.02,False
KEIBAJO_SURFACE_09_ダ_条件戦,rotation_bin+ls_shisu_juni+joho_shisu_decile,rotation_bin,ls_shisu_juni,joho_shisu_decile,17,3251,68.36,13.39,62.0,False
KEIBAJO_SURFACE_09_ダ_条件戦,rotation_bin+kyakushitsu+kishu_shisu_decile,rotation_bin,kyakushitsu,kishu_shisu_decile,13,1772,71.04,16.66,61.99,False
KEIBAJO_SURFACE_09_ダ_条件戦,joshodo_code+hizume_code+kijun_ninkijun_tansho,joshodo_code,hizume_code,kijun_ninkijun_tansho,21,5350,67.92,13.94,61.96,False
KEIBAJO_SURFACE_09_ダ_条件戦,uma_deokure_bin+uma_start_shisu_decile+joho_shisu_decile,uma_deokure_bin,uma_start_shisu_decile,joho_shisu_decile,22,6165,68.11,14.71,61.96,False
KEIBAJO_SURFACE_09_ダ_条件戦,pace_yoso+pace_shisu_juni+sogo_shisu_decile,pace_yoso,pace_shisu_juni,sogo_shisu_decile,21,3106,67.27,12.48,61.93,False
KEIBAJO_SURFACE_09_ダ_条件戦,uma_deokure_bin+kijun_ninkijun_tansho+joho_shisu_decile,uma_deokure_bin,kijun_ninkijun_tansho,joho_shisu_decile,39,6935,67.52,17.87,61.91,False
KEIBAJO_SURFACE_09_ダ_条件戦,bataiju_zogen+kyori_tekisei+sogo_shisu_decile,bataiju_zogen,kyori_tekisei,sogo_shisu_decile,9,1108,71.69,14.97,61.91,False
KEIBAJO_SURFACE_09_ダ_条件戦,pace_yoso+omo_tekisei_code+sogo_shisu_decile,pace_yoso,omo_tekisei_code,sogo_shisu_decile,30,8572,68.84,19.39,61.9,False
KEIBAJO_SURFACE_09_ダ_条件戦,kyori_kubun+uma_start_shisu_decile+kishu_shisu_decile,kyori_kubun,uma_start_shisu_decile,kishu_shisu_decile,24,3911,68.34,16.12,61.89,False
KEIBAJO_SURFACE_09_ダ_条件戦,kyakushitsu+idm_decile+kishu_shisu_decile,kyakushitsu,idm_decile,kishu_shisu_decile,32,4242,67.68,16.75,61.88,False
KEIBAJO_SURFACE_09_ダ_条件戦,uma_deokure_bin+ichi_shisu_juni+tenkai_kigo_code,uma_deokure_bin,ichi_shisu_juni,tenkai_kigo_code,26,5517,66.18,11.25,61.86,False
KEIBAJO_SURFACE_09_ダ_条件戦,kyakushitsu+ls_shisu_juni+pace_shisu_juni,kyakushitsu,ls_shisu_juni,pace_shisu_juni,15,1786,68.62,13.4,61.84,False
KEIBAJO_SURFACE_09_ダ_条件戦,uma_start_shisu_decile+sogo_shisu_decile+joho_shisu_decile,uma_start_shisu_decile,sogo_shisu_decile,joho_shisu_decile,28,4589,68.96,19.25,61.83,False
KEIBAJO_SURFACE_09_ダ_条件戦,omo_tekisei_code+ls_shisu_juni+ten_shisu_juni,omo_tekisei_code,ls_shisu_juni,ten_shisu_juni,23,3119,68.48,16.35,61.8,False
KEIBAJO_SURFACE_09_ダ_条件戦,rotation_bin+ten_shisu_juni+tenkai_kigo_code,rotation_bin,ten_shisu_juni,tenkai_kigo_code,17,2205,69.03,15.29,61.76,False
KEIBAJO_SURFACE_09_ダ_条件戦,uma_deokure_bin+pace_shisu_juni+tenkai_kigo_code,uma_deokure_bin,pace_shisu_juni,tenkai_kigo_code,26,5285,66.89,13.36,61.75,False
KEIBAJO_SURFACE_09_ダ_条件戦,uma_start_shisu_decile+hizume_code+kishu_shisu_decile,uma_start_shisu_decile,hizume_code,kishu_shisu_decile,10,1891,71.54,15.8,61.75,False
KEIBAJO_SURFACE_09_ダ_条件戦,kyori_tekisei+ls_shisu_juni+idm_decile,kyori_tekisei,ls_shisu_juni,idm_decile,25,5321,68.3,16.79,61.72,False
KEIBAJO_SURFACE_09_ダ_条件戦,kyori_kubun+uma_start_shisu_decile+gekiso_juni,kyori_kubun,uma_start_shisu_decile,gekiso_juni,15,2250,71.24,18.88,61.68,False
KEIBAJO_SURFACE_09_ダ_条件戦,kyakushitsu+ten_shisu_juni+tenkai_kigo_code,kyakushitsu,ten_shisu_juni,tenkai_kigo_code,37,6788,65.85,12.97,61.67,False
KEIBAJO_SURFACE_09_ダ_条件戦,pace_yoso+ls_shisu_juni+manken_shisu_decile,pace_yoso,ls_shisu_juni,manken_shisu_decile,20,3999,67.8,14.02,61.66,False
KEIBAJO_SURFACE_09_ダ_条件戦,hizume_code+joho_shisu_decile+idm_decile,hizume_code,joho_shisu_decile,idm_decile,22,3931,69.97,19.88,61.66,False
KEIBAJO_SURFACE_09_ダ_条件戦,rotation_bin+kyakushitsu+joho_shisu_decile,rotation_bin,kyakushitsu,joho_shisu_decile,29,4813,67.09,14.98,61.64,False
KEIBAJO_SURFACE_09_ダ_条件戦,uma_start_shisu_decile+kijun_ninkijun_tansho+joho_shisu_decile,uma_start_shisu_decile,kijun_ninkijun_tansho,joho_shisu_decile,19,2980,70.61,20.04,61.6,False
KEIBAJO_SURFACE_09_ダ_条件戦,rotation_bin+hizume_code+joho_shisu_decile,rotation_bin,hizume_code,joho_shisu_decile,20,3413,68.07,14.79,61.59,False
KEIBAJO_SURFACE_09_ダ_条件戦,uma_start_shisu_decile+sogo_shisu_decile+kishu_shisu_decile,uma_start_shisu_decile,sogo_shisu_decile,kishu_shisu_decile,21,2725,68.88,17.15,61.55,False
KEIBAJO_SURFACE_09_ダ_条件戦,pace_shisu_juni+kijun_ninkijun_tansho+joho_shisu_decile,pace_shisu_juni,kijun_ninkijun_tansho,joho_shisu_decile,5,771,80.71,21.99,61.43,False
KEIBAJO_SURFACE_09_ダ_条件戦,kyakushitsu+ls_shisu_juni+kishu_shisu_decile,kyakushitsu,ls_shisu_juni,kishu_shisu_decile,27,4370,67.22,15.35,61.43,False
KEIBAJO_SURFACE_09_ダ_条件戦,omo_tekisei_code+bataiju_zogen+ls_shisu_juni,omo_tekisei_code,bataiju_zogen,ls_shisu_juni,18,3321,68.46,15.25,61.41,False
KEIBAJO_SURFACE_09_ダ_条件戦,hizume_code+tenkai_kigo_code+idm_decile,hizume_code,tenkai_kigo_code,idm_decile,20,4675,68.13,15.32,61.41,False
KEIBAJO_SURFACE_09_ダ_条件戦,uma_start_shisu_decile+ichi_shisu_juni+tenkai_kigo_code,uma_start_shisu_decile,ichi_shisu_juni,tenkai_kigo_code,13,2524,66.7,9.76,61.39,False
KEIBAJO_SURFACE_09_ダ_条件戦,ichi_shisu_juni+sogo_shisu_decile+idm_decile,ichi_shisu_juni,sogo_shisu_decile,idm_decile,39,6524,66.4,16.09,61.35,False
KEIBAJO_SURFACE_09_ダ_条件戦,hizume_code+ls_shisu_juni+ten_shisu_juni,hizume_code,ls_shisu_juni,ten_shisu_juni,11,1454,70.9,16.2,61.33,False
KEIBAJO_SURFACE_09_ダ_条件戦,kyori_kubun+rotation_bin+kijun_ninkijun_tansho,kyori_kubun,rotation_bin,kijun_ninkijun_tansho,17,2368,68.92,15.95,61.33,False
KEIBAJO_SURFACE_09_ダ_条件戦,kyori_tekisei+kijun_ninkijun_tansho+joho_shisu_decile,kyori_tekisei,kijun_ninkijun_tansho,joho_shisu_decile,37,5672,66.97,17.6,61.29,False
KEIBAJO_SURFACE_09_ダ_条件戦,kyori_kubun+sogo_shisu_decile+kishu_shisu_decile,kyori_kubun,sogo_shisu_decile,kishu_shisu_decile,44,6840,66.79,18.61,61.29,False
KEIBAJO_SURFACE_09_ダ_条件戦,rotation_bin+joho_shisu_decile+idm_decile,rotation_bin,joho_shisu_decile,idm_decile,28,4220,68.16,18.54,61.29,False
KEIBAJO_SURFACE_09_ダ_条件戦,sogo_shisu_decile+gekiso_juni+idm_decile,sogo_shisu_decile,gekiso_juni,idm_decile,48,7145,67.03,20.33,61.28,False
KEIBAJO_SURFACE_09_ダ_条件戦,pace_shisu_juni+sogo_shisu_decile+idm_decile,pace_shisu_juni,sogo_shisu_decile,idm_decile,40,6472,65.98,15.17,61.27,False
KEIBAJO_SURFACE_09_ダ_条件戦,kyori_kubun+kijun_ninkijun_tansho+joho_shisu_decile,kyori_kubun,kijun_ninkijun_tansho,joho_shisu_decile,41,7527,66.59,17.42,61.26,False
KEIBAJO_SURFACE_09_ダ_条件戦,kijun_ninkijun_tansho+sogo_shisu_decile+joho_shisu_decile,kijun_ninkijun_tansho,sogo_shisu_decile,joho_shisu_decile,39,5997,66.44,16.55,61.25,False
KEIBAJO_SURFACE_09_ダ_条件戦,uma_start_shisu_decile+ls_shisu_juni+tenkai_kigo_code,uma_start_shisu_decile,ls_shisu_juni,tenkai_kigo_code,19,4410,66.73,12.21,61.24,False
KEIBAJO_SURFACE_09_ダ_条件戦,manken_shirushi+ls_shisu_juni+manken_shisu_decile,manken_shirushi,ls_shisu_juni,manken_shisu_decile,10,1415,70.2,14.49,61.23,False
KEIBAJO_SURFACE_09_ダ_条件戦,kyori_kubun+manken_shirushi+ls_shisu_juni,kyori_kubun,manken_shirushi,ls_shisu_juni,16,2378,67.47,12.79,61.2,False
KEIBAJO_SURFACE_09_ダ_条件戦,tenkai_kigo_code+kijun_ninkijun_tansho+joho_shisu_decile,tenkai_kigo_code,kijun_ninkijun_tansho,joho_shisu_decile,36,6780,66.88,17.47,61.18,False
KEIBAJO_SURFACE_09_ダ_条件戦,rotation_bin+kyori_tekisei+kishu_shisu_decile,rotation_bin,kyori_tekisei,kishu_shisu_decile,16,2140,70.27,18.54,61.18,False
KEIBAJO_SURFACE_09_ダ_条件戦,uma_deokure_bin+ten_shisu_juni+tenkai_kigo_code,uma_deokure_bin,ten_shisu_juni,tenkai_kigo_code,26,5221,66.42,13.64,61.17,False
KEIBAJO_SURFACE_09_ダ_条件戦,kyori_tekisei+tenkai_kigo_code+sogo_shisu_decile,kyori_tekisei,tenkai_kigo_code,sogo_shisu_decile,33,8290,67.51,18.69,61.13,False
KEIBAJO_SURFACE_09_ダ_条件戦,pace_yoso+manken_shirushi+ls_shisu_juni,pace_yoso,manken_shirushi,ls_shisu_juni,14,2349,68.39,13.88,61.12,False
KEIBAJO_SURFACE_09_ダ_条件戦,kyakushitsu+kijun_ninkijun_tansho+joho_shisu_decile,kyakushitsu,kijun_ninkijun_tansho,joho_shisu_decile,37,5338,66.82,17.78,61.09,False
KEIBAJO_SURFACE_09_ダ_条件戦,hizume_code+ls_shisu_juni+gekiso_juni,hizume_code,ls_shisu_juni,gekiso_juni,11,1520,70.82,16.49,61.07,False
KEIBAJO_SURFACE_09_ダ_条件戦,kyori_tekisei+tenkai_kigo_code+gekiso_juni,kyori_tekisei,tenkai_kigo_code,gekiso_juni,36,5130,66.95,18.06,61.04,False
KEIBAJO_SURFACE_09_ダ_条件戦,rotation_bin+tenkai_kigo_code+kishu_shisu_decile,rotation_bin,tenkai_kigo_code,kishu_shisu_decile,28,4400,68.31,19.71,61.01,False
KEIBAJO_SURFACE_09_ダ_条件戦,kyakushitsu+sogo_shisu_decile+manken_shisu_decile,kyakushitsu,sogo_shisu_decile,manken_shisu_decile,14,1940,66.72,10.94,60.99,False
KEIBAJO_SURFACE_09_ダ_条件戦,uma_deokure_bin+hizume_code+idm_decile,uma_deokure_bin,hizume_code,idm_decile,24,5755,68.27,18.2,60.98,False
KEIBAJO_SURFACE_09_ダ_条件戦,uma_start_shisu_decile+hizume_code+gekiso_juni,uma_start_shisu_decile,hizume_code,gekiso_juni,8,1283,73.88,18.67,60.94,False
KEIBAJO_SURFACE_09_ダ_条件戦,uma_deokure_bin+uma_start_shisu_decile+kijun_ninkijun_tansho,uma_deokure_bin,uma_start_shisu_decile,kijun_ninkijun_tansho,17,3755,68.24,15.51,60.87,False
KEIBAJO_SURFACE_09_ダ_条件戦,tenkai_kigo_code+kijun_ninkijun_tansho+sogo_shisu_decile,tenkai_kigo_code,kijun_ninkijun_tansho,sogo_shisu_decile,35,4916,67.9,21.31,60.84,False
KEIBAJO_SURFACE_09_ダ_条件戦,kyori_tekisei+ls_shisu_juni+ten_shisu_juni,kyori_tekisei,ls_shisu_juni,ten_shisu_juni,14,1782,68.95,15.5,60.83,False
KEIBAJO_SURFACE_09_ダ_条件戦,hizume_code+tenkai_kigo_code+kijun_ninkijun_tansho,hizume_code,tenkai_kigo_code,kijun_ninkijun_tansho,19,3056,68.83,17.81,60.82,False
KEIBAJO_SURFACE_09_ダ_条件戦,kyakushitsu+hizume_code+sogo_shisu_decile,kyakushitsu,hizume_code,sogo_shisu_decile,22,3944,67.87,17.0,60.77,False
KEIBAJO_SURFACE_09_ダ_条件戦,omo_tekisei_code+ls_shisu_juni+manken_shisu_decile,omo_tekisei_code,ls_shisu_juni,manken_shisu_decile,19,3620,68.38,16.94,60.77,False
KEIBAJO_SURFACE_09_ダ_条件戦,kyori_kubun+rotation_bin+joho_shisu_decile,kyori_kubun,rotation_bin,joho_shisu_decile,30,5629,66.06,14.86,60.74,False
KEIBAJO_SURFACE_09_ダ_条件戦,omo_tekisei_code+manken_shirushi+joho_shisu_decile,omo_tekisei_code,manken_shirushi,joho_shisu_decile,20,2303,70.05,21.33,60.7,False
KEIBAJO_SURFACE_09_ダ_条件戦,hizume_code+tenkai_kigo_code+joho_shisu_decile,hizume_code,tenkai_kigo_code,joho_shisu_decile,20,4792,68.57,17.99,60.69,False
KEIBAJO_SURFACE_09_ダ_条件戦,rotation_bin+kijun_ninkijun_tansho+joho_shisu_decile,rotation_bin,kijun_ninkijun_tansho,joho_shisu_decile,14,1992,70.0,17.79,60.68,False
KEIBAJO_SURFACE_09_ダ_条件戦,manken_shirushi+kyori_tekisei+ls_shisu_juni,manken_shirushi,kyori_tekisei,ls_shisu_juni,9,1171,66.81,9.38,60.68,False
KEIBAJO_SURFACE_09_ダ_条件戦,kyori_kubun+sogo_shisu_decile+manken_shisu_decile,kyori_kubun,sogo_shisu_decile,manken_shisu_decile,37,4895,65.47,14.94,60.65,False
KEIBAJO_SURFACE_09_ダ_条件戦,kyori_kubun+ten_shisu_juni+joho_shisu_decile,kyori_kubun,ten_shisu_juni,joho_shisu_decile,24,3419,68.81,20.47,60.62,False
KEIBAJO_SURFACE_09_ダ_条件戦,kyori_tekisei+ls_shisu_juni+manken_shisu_decile,kyori_tekisei,ls_shisu_juni,manken_shisu_decile,24,3744,66.43,14.53,60.62,False
KEIBAJO_SURFACE_09_ダ_条件戦,omo_tekisei_code+ten_shisu_juni+sogo_shisu_decile,omo_tekisei_code,ten_shisu_juni,sogo_shisu_decile,5,528,80.12,22.24,60.62,False
KEIBAJO_SURFACE_09_ダ_条件戦,kyori_kubun+gekiso_juni+idm_decile,kyori_kubun,gekiso_juni,idm_decile,24,2925,69.79,22.95,60.61,False
KEIBAJO_SURFACE_09_ダ_条件戦,hizume_code+sogo_shisu_decile+idm_decile,hizume_code,sogo_shisu_decile,idm_decile,26,6272,67.42,17.76,60.6,False
KEIBAJO_SURFACE_09_ダ_条件戦,rotation_bin+sogo_shisu_decile+joho_shisu_decile,rotation_bin,sogo_shisu_decile,joho_shisu_decile,27,4167,67.3,17.81,60.59,False
KEIBAJO_SURFACE_09_ダ_条件戦,uma_deokure_bin+ls_shisu_juni+sogo_shisu_decile,uma_deokure_bin,ls_shisu_juni,sogo_shisu_decile,19,4446,66.27,12.63,60.59,False
KEIBAJO_SURFACE_09_ダ_条件戦,rotation_bin+ls_shisu_juni+sogo_shisu_decile,rotation_bin,ls_shisu_juni,sogo_shisu_decile,14,2510,67.6,13.39,60.58,False
KEIBAJO_SURFACE_09_ダ_条件戦,kyakushitsu+ten_shisu_juni+idm_decile,kyakushitsu,ten_shisu_juni,idm_decile,11,1533,67.68,12.08,60.54,False
KEIBAJO_SURFACE_09_ダ_条件戦,omo_tekisei_code+bataiju_zogen+joho_shisu_decile,omo_tekisei_code,bataiju_zogen,joho_shisu_decile,26,4115,67.65,18.5,60.54,False
KEIBAJO_SURFACE_09_ダ_条件戦,uma_deokure_bin+gekiso_juni+idm_decile,uma_deokure_bin,gekiso_juni,idm_decile,21,2506,69.51,21.02,60.52,False
KEIBAJO_SURFACE_09_ダ_条件戦,kyakushitsu+tenkai_kigo_code+gekiso_juni,kyakushitsu,tenkai_kigo_code,gekiso_juni,45,6642,64.77,14.61,60.5,False
KEIBAJO_SURFACE_09_ダ_条件戦,ls_shisu_juni+sogo_shisu_decile+kishu_shisu_decile,ls_shisu_juni,sogo_shisu_decile,kishu_shisu_decile,25,4260,67.06,16.77,60.48,False
KEIBAJO_SURFACE_09_ダ_条件戦,joshodo_code+hizume_code+sogo_shisu_decile,joshodo_code,hizume_code,sogo_shisu_decile,25,7351,66.98,16.58,60.47,False
KEIBAJO_SURFACE_09_ダ_条件戦,kyori_kubun+pace_shisu_juni+joho_shisu_decile,kyori_kubun,pace_shisu_juni,joho_shisu_decile,26,3773,66.64,16.23,60.4,False
KEIBAJO_SURFACE_09_ダ_条件戦,hizume_code+pace_shisu_juni+tenkai_kigo_code,hizume_code,pace_shisu_juni,tenkai_kigo_code,17,2671,67.66,15.25,60.4,False
KEIBAJO_SURFACE_09_ダ_条件戦,ichi_shisu_juni+sogo_shisu_decile+kishu_shisu_decile,ichi_shisu_juni,sogo_shisu_decile,kishu_shisu_decile,11,1478,68.58,13.86,60.38,False
KEIBAJO_SURFACE_09_ダ_条件戦,pace_yoso+sogo_shisu_decile+gekiso_juni,pace_yoso,sogo_shisu_decile,gekiso_juni,27,3107,68.1,20.51,60.37,False
KEIBAJO_SURFACE_09_ダ_条件戦,uma_start_shisu_decile+rotation_bin+sogo_shisu_decile,uma_start_shisu_decile,rotation_bin,sogo_shisu_decile,17,2737,69.92,20.1,60.37,False
KEIBAJO_SURFACE_09_ダ_条件戦,kyori_tekisei+manken_shisu_decile+idm_decile,kyori_tekisei,manken_shisu_decile,idm_decile,31,4438,65.75,15.41,60.33,False
KEIBAJO_SURFACE_09_ダ_条件戦,kyakushitsu+ls_shisu_juni+ten_shisu_juni,kyakushitsu,ls_shisu_juni,ten_shisu_juni,15,1850,68.27,15.7,60.32,False
KEIBAJO_SURFACE_09_ダ_条件戦,pace_shisu_juni+tenkai_kigo_code+sogo_shisu_decile,pace_shisu_juni,tenkai_kigo_code,sogo_shisu_decile,24,3386,66.02,14.26,60.31,False
KEIBAJO_SURFACE_09_ダ_条件戦,pace_yoso+hizume_code+sogo_shisu_decile,pace_yoso,hizume_code,sogo_shisu_decile,25,5020,66.36,15.46,60.3,False
KEIBAJO_SURFACE_09_ダ_条件戦,kyori_kubun+ichi_shisu_juni+sogo_shisu_decile,kyori_kubun,ichi_shisu_juni,sogo_shisu_decile,19,2904,66.24,13.38,60.22,False
KEIBAJO_SURFACE_09_ダ_条件戦,rotation_bin+ls_shisu_juni+kishu_shisu_decile,rotation_bin,ls_shisu_juni,kishu_shisu_decile,20,2707,67.97,17.79,60.17,False
KEIBAJO_SURFACE_09_ダ_条件戦,tenkai_kigo_code+kijun_ninkijun_tansho+idm_decile,tenkai_kigo_code,kijun_ninkijun_tansho,idm_decile,36,5017,66.77,20.27,60.15,False
KEIBAJO_SURFACE_09_ダ_条件戦,kyori_kubun+uma_start_shisu_decile+joho_shisu_decile,kyori_kubun,uma_start_shisu_decile,joho_shisu_decile,25,5359,66.28,15.64,60.15,False
KEIBAJO_SURFACE_09_ダ_条件戦,ls_shisu_juni+tenkai_kigo_code+kishu_shisu_decile,ls_shisu_juni,tenkai_kigo_code,kishu_shisu_decile,27,5064,66.39,16.61,60.12,False
KEIBAJO_SURFACE_09_ダ_条件戦,uma_start_shisu_decile+tenkai_kigo_code+kijun_ninkijun_tansho,uma_start_shisu_decile,tenkai_kigo_code,kijun_ninkijun_tansho,13,2464,69.93,18.07,60.11,False
KEIBAJO_SURFACE_09_ダ_条件戦,kyakushitsu+ichi_shisu_juni+sogo_shisu_decile,kyakushitsu,ichi_shisu_juni,sogo_shisu_decile,11,2268,66.26,10.4,60.11,False
KEIBAJO_SURFACE_09_ダ_条件戦,manken_shirushi+ls_shisu_juni+gekiso_juni,manken_shirushi,ls_shisu_juni,gekiso_juni,3,327,76.72,14.69,60.1,False
KEIBAJO_SURFACE_09_ダ_条件戦,kyori_tekisei+pace_shisu_juni+idm_decile,kyori_tekisei,pace_shisu_juni,idm_decile,17,2425,66.14,12.78,60.07,False
KEIBAJO_SURFACE_09_ダ_条件戦,uma_start_shisu_decile+tenkai_kigo_code+gekiso_juni,uma_start_shisu_decile,tenkai_kigo_code,gekiso_juni,15,2460,69.25,18.18,60.05,False
KEIBAJO_SURFACE_09_ダ_条件戦,ichi_shisu_juni+ls_shisu_juni+tenkai_kigo_code,ichi_shisu_juni,ls_shisu_juni,tenkai_kigo_code,17,3368,67.07,14.93,59.98,False
KEIBAJO_SURFACE_09_ダ_条件戦,manken_shirushi+tenkai_kigo_code+idm_decile,manken_shirushi,tenkai_kigo_code,idm_decile,14,1700,68.66,16.62,59.95,False
KEIBAJO_SURFACE_09_ダ_条件戦,rotation_bin+tenkai_kigo_code+gekiso_juni,rotation_bin,tenkai_kigo_code,gekiso_juni,20,2450,66.46,14.87,59.95,False
KEIBAJO_SURFACE_09_ダ_条件戦,ten_shisu_juni+sogo_shisu_decile+idm_decile,ten_shisu_juni,sogo_shisu_decile,idm_decile,40,6288,65.16,16.93,59.92,False
KEIBAJO_SURFACE_09_ダ_条件戦,kyori_kubun+pace_shisu_juni+sogo_shisu_decile,kyori_kubun,pace_shisu_juni,sogo_shisu_decile,18,2295,66.15,13.48,59.92,False
KEIBAJO_SURFACE_09_ダ_条件戦,tenkai_kigo_code+manken_shisu_decile+idm_decile,tenkai_kigo_code,manken_shisu_decile,idm_decile,35,5563,65.73,17.66,59.88,False
KEIBAJO_SURFACE_09_ダ_条件戦,uma_deokure_bin+manken_shisu_decile+joho_shisu_decile,uma_deokure_bin,manken_shisu_decile,joho_shisu_decile,27,4236,67.12,19.23,59.87,False
KEIBAJO_SURFACE_09_ダ_条件戦,kyori_tekisei+gekiso_juni+idm_decile,kyori_tekisei,gekiso_juni,idm_decile,13,1496,71.23,20.92,59.86,False
KEIBAJO_SURFACE_09_ダ_条件戦,uma_start_shisu_decile+bataiju_zogen+hizume_code,uma_start_shisu_decile,bataiju_zogen,hizume_code,9,1619,69.56,14.85,59.86,False
KEIBAJO_SURFACE_09_ダ_条件戦,uma_deokure_bin+ls_shisu_juni+gekiso_juni,uma_deokure_bin,ls_shisu_juni,gekiso_juni,23,3224,66.85,17.17,59.84,False
KEIBAJO_SURFACE_09_ダ_条件戦,bataiju_zogen+pace_shisu_juni+tenkai_kigo_code,bataiju_zogen,pace_shisu_juni,tenkai_kigo_code,3,329,70.17,9.13,59.84,False
KEIBAJO_SURFACE_09_ダ_条件戦,kyori_tekisei+ten_shisu_juni+joho_shisu_decile,kyori_tekisei,ten_shisu_juni,joho_shisu_decile,11,1797,68.89,15.32,59.83,False
KEIBAJO_SURFACE_09_ダ_条件戦,pace_yoso+gekiso_juni+idm_decile,pace_yoso,gekiso_juni,idm_decile,33,4099,66.79,20.41,59.82,False
KEIBAJO_SURFACE_09_ダ_条件戦,kijun_ninkijun_tansho+joho_shisu_decile+idm_decile,kijun_ninkijun_tansho,joho_shisu_decile,idm_decile,37,5777,64.9,15.84,59.8,False
KEIBAJO_SURFACE_09_ダ_条件戦,ls_shisu_juni+tenkai_kigo_code+sogo_shisu_decile,ls_shisu_juni,tenkai_kigo_code,sogo_shisu_decile,23,5485,66.94,17.59,59.75,False
KEIBAJO_SURFACE_09_ダ_条件戦,kyakushitsu+ls_shisu_juni+idm_decile,kyakushitsu,ls_shisu_juni,idm_decile,22,4736,67.12,17.67,59.74,False
KEIBAJO_SURFACE_09_ダ_条件戦,kyakushitsu+pace_shisu_juni+idm_decile,kyakushitsu,pace_shisu_juni,idm_decile,12,1649,66.6,12.21,59.69,False
KEIBAJO_SURFACE_09_ダ_条件戦,kyori_tekisei+kijun_ninkijun_tansho+idm_decile,kyori_tekisei,kijun_ninkijun_tansho,idm_decile,26,3314,66.66,18.22,59.66,False
KEIBAJO_SURFACE_09_ダ_条件戦,kyori_tekisei+ten_shisu_juni+idm_decile,kyori_tekisei,ten_shisu_juni,idm_decile,12,1864,65.71,10.81,59.6,False
KEIBAJO_SURFACE_09_ダ_条件戦,manken_shirushi+ls_shisu_juni+tenkai_kigo_code,manken_shirushi,ls_shisu_juni,tenkai_kigo_code,9,1608,65.65,9.3,59.58,False
KEIBAJO_SURFACE_09_ダ_条件戦,ichi_shisu_juni+idm_decile+kishu_shisu_decile,ichi_shisu_juni,idm_decile,kishu_shisu_decile,9,1373,68.07,13.06,59.54,False
KEIBAJO_SURFACE_09_ダ_条件戦,ls_shisu_juni+kijun_ninkijun_tansho+joho_shisu_decile,ls_shisu_juni,kijun_ninkijun_tansho,joho_shisu_decile,27,5110,65.74,16.45,59.53,False
KEIBAJO_SURFACE_09_ダ_条件戦,joho_shisu_decile+idm_decile+kishu_shisu_decile,joho_shisu_decile,idm_decile,kishu_shisu_decile,33,6835,65.48,17.6,59.48,False
KEIBAJO_SURFACE_09_ダ_条件戦,omo_tekisei_code+hizume_code+sogo_shisu_decile,omo_tekisei_code,hizume_code,sogo_shisu_decile,24,5860,66.18,16.84,59.45,False
KEIBAJO_SURFACE_09_ダ_条件戦,uma_start_shisu_decile+gekiso_juni+joho_shisu_decile,uma_start_shisu_decile,gekiso_juni,joho_shisu_decile,10,1262,70.34,17.6,59.43,False
KEIBAJO_SURFACE_09_ダ_条件戦,uma_start_shisu_decile+kyori_tekisei+joho_shisu_decile,uma_start_shisu_decile,kyori_tekisei,joho_shisu_decile,25,4564,65.58,15.74,59.41,False
KEIBAJO_SURFACE_09_ダ_条件戦,rotation_bin+ls_shisu_juni+idm_decile,rotation_bin,ls_shisu_juni,idm_decile,15,2659,66.87,14.75,59.4,False
KEIBAJO_SURFACE_09_ダ_条件戦,kyori_kubun+ichi_shisu_juni+joho_shisu_decile,kyori_kubun,ichi_shisu_juni,joho_shisu_decile,25,4109,66.06,17.12,59.35,False
KEIBAJO_SURFACE_09_ダ_条件戦,uma_deokure_bin+hizume_code+joho_shisu_decile,uma_deokure_bin,hizume_code,joho_shisu_decile,28,6273,66.32,19.21,59.2,False
KEIBAJO_SURFACE_09_ダ_条件戦,uma_start_shisu_decile+bataiju_zogen+sogo_shisu_decile,uma_start_shisu_decile,bataiju_zogen,sogo_shisu_decile,11,1264,68.87,16.38,59.18,False
KEIBAJO_SURFACE_09_ダ_条件戦,kyori_kubun+ls_shisu_juni+gekiso_juni,kyori_kubun,ls_shisu_juni,gekiso_juni,24,3407,66.23,17.69,59.15,False
KEIBAJO_SURFACE_09_ダ_条件戦,pace_yoso+manken_shisu_decile+joho_shisu_decile,pace_yoso,manken_shisu_decile,joho_shisu_decile,33,5475,67.11,23.37,59.14,False
KEIBAJO_SURFACE_09_ダ_条件戦,kyakushitsu+ls_shisu_juni+kijun_ninkijun_tansho,kyakushitsu,ls_shisu_juni,kijun_ninkijun_tansho,25,3349,65.38,16.04,59.1,False
KEIBAJO_SURFACE_09_ダ_条件戦,bataiju_zogen+sogo_shisu_decile+idm_decile,bataiju_zogen,sogo_shisu_decile,idm_decile,25,4378,65.69,16.8,59.1,False
KEIBAJO_SURFACE_09_ダ_条件戦,uma_start_shisu_decile+omo_tekisei_code+joho_shisu_decile,uma_start_shisu_decile,omo_tekisei_code,joho_shisu_decile,25,5947,64.73,14.37,59.09,False
KEIBAJO_SURFACE_09_ダ_条件戦,kyakushitsu+ten_shisu_juni+sogo_shisu_decile,kyakushitsu,ten_shisu_juni,sogo_shisu_decile,8,1160,66.16,10.22,59.07,False
KEIBAJO_SURFACE_09_ダ_条件戦,pace_yoso+manken_shirushi+joho_shisu_decile,pace_yoso,manken_shirushi,joho_shisu_decile,16,2183,69.94,22.38,58.98,False
KEIBAJO_SURFACE_09_ダ_条件戦,tenkai_kigo_code+gekiso_juni+idm_decile,tenkai_kigo_code,gekiso_juni,idm_decile,26,3165,67.17,21.37,58.96,False
KEIBAJO_SURFACE_09_ダ_条件戦,kyori_kubun+gekiso_juni+joho_shisu_decile,kyori_kubun,gekiso_juni,joho_shisu_decile,27,3928,67.37,22.31,58.96,False
KEIBAJO_SURFACE_09_ダ_条件戦,ls_shisu_juni+tenkai_kigo_code+kijun_ninkijun_tansho,ls_shisu_juni,tenkai_kigo_code,kijun_ninkijun_tansho,20,3699,65.36,14.63,58.95,False
KEIBAJO_SURFACE_09_ダ_条件戦,kyakushitsu+ls_shisu_juni+sogo_shisu_decile,kyakushitsu,ls_shisu_juni,sogo_shisu_decile,19,4316,66.47,16.72,58.95,False
KEIBAJO_SURFACE_09_ダ_条件戦,kyori_tekisei+sogo_shisu_decile+manken_shisu_decile,kyori_tekisei,sogo_shisu_decile,manken_shisu_decile,23,3222,63.55,11.28,58.94,False
KEIBAJO_SURFACE_09_ダ_条件戦,uma_deokure_bin+ls_shisu_juni+ten_shisu_juni,uma_deokure_bin,ls_shisu_juni,ten_shisu_juni,22,2931,65.81,16.46,58.93,False
KEIBAJO_SURFACE_09_ダ_条件戦,rotation_bin+kyori_tekisei+joho_shisu_decile,rotation_bin,kyori_tekisei,joho_shisu_decile,30,4740,64.68,16.1,58.92,False
KEIBAJO_SURFACE_09_ダ_条件戦,uma_start_shisu_decile+kyakushitsu+sogo_shisu_decile,uma_start_shisu_decile,kyakushitsu,sogo_shisu_decile,24,4420,65.36,16.14,58.9,False
KEIBAJO_SURFACE_09_ダ_条件戦,rotation_bin+tenkai_kigo_code+sogo_shisu_decile,rotation_bin,tenkai_kigo_code,sogo_shisu_decile,25,5119,66.61,19.72,58.89,False
KEIBAJO_SURFACE_09_ダ_条件戦,ls_shisu_juni+sogo_shisu_decile+joho_shisu_decile,ls_shisu_juni,sogo_shisu_decile,joho_shisu_decile,26,5990,65.61,17.49,58.89,False
KEIBAJO_SURFACE_09_ダ_条件戦,bataiju_zogen+tenkai_kigo_code+manken_shisu_decile,bataiju_zogen,tenkai_kigo_code,manken_shisu_decile,10,1214,70.38,18.6,58.85,False
KEIBAJO_SURFACE_09_ダ_条件戦,kyori_kubun+ls_shisu_juni+manken_shisu_decile,kyori_kubun,ls_shisu_juni,manken_shisu_decile,25,4271,65.25,16.48,58.79,False
KEIBAJO_SURFACE_09_ダ_条件戦,ls_shisu_juni+ten_shisu_juni+idm_decile,ls_shisu_juni,ten_shisu_juni,idm_decile,12,1475,66.42,13.52,58.78,False
KEIBAJO_SURFACE_09_ダ_条件戦,kyori_tekisei+ichi_shisu_juni+joho_shisu_decile,kyori_tekisei,ichi_shisu_juni,joho_shisu_decile,13,2722,68.96,18.8,58.74,False
KEIBAJO_SURFACE_09_ダ_条件戦,kyori_kubun+manken_shirushi+joho_shisu_decile,kyori_kubun,manken_shirushi,joho_shisu_decile,13,1687,68.41,17.82,58.73,False
KEIBAJO_SURFACE_09_ダ_条件戦,rotation_bin+joho_shisu_decile+kishu_shisu_decile,rotation_bin,joho_shisu_decile,kishu_shisu_decile,22,3839,67.28,20.63,58.66,False
KEIBAJO_SURFACE_09_ダ_条件戦,kyori_kubun+ls_shisu_juni+ten_shisu_juni,kyori_kubun,ls_shisu_juni,ten_shisu_juni,19,2872,65.21,14.6,58.65,False
KEIBAJO_SURFACE_09_ダ_条件戦,uma_start_shisu_decile+tenkai_kigo_code+joho_shisu_decile,uma_start_shisu_decile,tenkai_kigo_code,joho_shisu_decile,18,4693,66.32,16.66,58.62,False
KEIBAJO_SURFACE_09_ダ_条件戦,uma_start_shisu_decile+rotation_bin+kijun_ninkijun_tansho,uma_start_shisu_decile,rotation_bin,kijun_ninkijun_tansho,10,1240,66.72,13.09,58.61,False
KEIBAJO_SURFACE_09_ダ_条件戦,hizume_code+ls_shisu_juni+manken_shisu_decile,hizume_code,ls_shisu_juni,manken_shisu_decile,8,1609,69.67,15.96,58.61,False
KEIBAJO_SURFACE_09_ダ_条件戦,gekiso_juni+joho_shisu_decile+kishu_shisu_decile,gekiso_juni,joho_shisu_decile,kishu_shisu_decile,18,2674,68.96,22.42,58.61,False
KEIBAJO_SURFACE_09_ダ_条件戦,manken_shirushi+ls_shisu_juni+idm_decile,manken_shirushi,ls_shisu_juni,idm_decile,10,1108,67.21,13.89,58.6,False
KEIBAJO_SURFACE_09_ダ_条件戦,manken_shirushi+tenkai_kigo_code+sogo_shisu_decile,manken_shirushi,tenkai_kigo_code,sogo_shisu_decile,13,1550,68.55,18.34,58.58,False
KEIBAJO_SURFACE_09_ダ_条件戦,pace_yoso+ls_shisu_juni+ten_shisu_juni,pace_yoso,ls_shisu_juni,ten_shisu_juni,20,3290,65.61,16.14,58.54,False
KEIBAJO_SURFACE_09_ダ_条件戦,kyori_tekisei+pace_shisu_juni+sogo_shisu_decile,kyori_tekisei,pace_shisu_juni,sogo_shisu_decile,13,1830,64.82,11.62,58.5,False
KEIBAJO_SURFACE_09_ダ_条件戦,uma_start_shisu_decile+tenkai_kigo_code+kishu_shisu_decile,uma_start_shisu_decile,tenkai_kigo_code,kishu_shisu_decile,15,3167,67.77,18.39,58.47,False
KEIBAJO_SURFACE_09_ダ_条件戦,kyori_tekisei+ten_shisu_juni+sogo_shisu_decile,kyori_tekisei,ten_shisu_juni,sogo_shisu_decile,11,1611,66.89,14.27,58.46,False
KEIBAJO_SURFACE_09_ダ_条件戦,uma_start_shisu_decile+joho_shisu_decile+kishu_shisu_decile,uma_start_shisu_decile,joho_shisu_decile,kishu_shisu_decile,24,4148,67.91,23.73,58.42,False
KEIBAJO_SURFACE_09_ダ_条件戦,kyori_tekisei+kijun_ninkijun_tansho+sogo_shisu_decile,kyori_tekisei,kijun_ninkijun_tansho,sogo_shisu_decile,20,2610,67.05,19.76,58.39,False
KEIBAJO_SURFACE_09_ダ_条件戦,ls_shisu_juni+kijun_ninkijun_tansho+sogo_shisu_decile,ls_shisu_juni,kijun_ninkijun_tansho,sogo_shisu_decile,26,3569,64.81,16.7,58.39,False
KEIBAJO_SURFACE_09_ダ_条件戦,uma_start_shisu_decile+ten_shisu_juni+tenkai_kigo_code,uma_start_shisu_decile,ten_shisu_juni,tenkai_kigo_code,12,2205,67.1,15.4,58.38,False
KEIBAJO_SURFACE_09_ダ_条件戦,kyori_tekisei+pace_shisu_juni+joho_shisu_decile,kyori_tekisei,pace_shisu_juni,joho_shisu_decile,13,2093,67.02,16.09,58.27,False
KEIBAJO_SURFACE_09_ダ_条件戦,ichi_shisu_juni+tenkai_kigo_code+joho_shisu_decile,ichi_shisu_juni,tenkai_kigo_code,joho_shisu_decile,24,4524,65.4,18.03,58.19,False
KEIBAJO_SURFACE_09_ダ_条件戦,tenkai_kigo_code+manken_shisu_decile+joho_shisu_decile,tenkai_kigo_code,manken_shisu_decile,joho_shisu_decile,27,4945,65.63,20.12,58.04,False
KEIBAJO_SURFACE_09_ダ_条件戦,bataiju_zogen+tenkai_kigo_code+sogo_shisu_decile,bataiju_zogen,tenkai_kigo_code,sogo_shisu_decile,17,2944,64.91,14.46,58.04,False
KEIBAJO_SURFACE_09_ダ_条件戦,ichi_shisu_juni+hizume_code+tenkai_kigo_code,ichi_shisu_juni,hizume_code,tenkai_kigo_code,20,3030,64.79,15.58,57.96,False
KEIBAJO_SURFACE_09_ダ_条件戦,bataiju_zogen+ls_shisu_juni+idm_decile,bataiju_zogen,ls_shisu_juni,idm_decile,9,1266,69.1,17.07,57.95,False
KEIBAJO_SURFACE_09_ダ_条件戦,kyori_kubun+sogo_shisu_decile+gekiso_juni,kyori_kubun,sogo_shisu_decile,gekiso_juni,16,1920,68.9,22.39,57.93,False
KEIBAJO_SURFACE_09_ダ_条件戦,ichi_shisu_juni+ls_shisu_juni+kishu_shisu_decile,ichi_shisu_juni,ls_shisu_juni,kishu_shisu_decile,9,1291,68.85,16.73,57.92,False
KEIBAJO_SURFACE_09_ダ_条件戦,uma_start_shisu_decile+kijun_ninkijun_tansho+sogo_shisu_decile,uma_start_shisu_decile,kijun_ninkijun_tansho,sogo_shisu_decile,13,1470,68.74,19.99,57.87,False
KEIBAJO_SURFACE_09_ダ_条件戦,hizume_code+tenkai_kigo_code+sogo_shisu_decile,hizume_code,tenkai_kigo_code,sogo_shisu_decile,20,4456,66.11,18.81,57.87,False
KEIBAJO_SURFACE_09_ダ_条件戦,kyori_tekisei+manken_shisu_decile+joho_shisu_decile,kyori_tekisei,manken_shisu_decile,joho_shisu_decile,22,3531,64.87,16.82,57.84,False
KEIBAJO_SURFACE_09_ダ_条件戦,uma_start_shisu_decile+sogo_shisu_decile+manken_shisu_decile,uma_start_shisu_decile,sogo_shisu_decile,manken_shisu_decile,12,1457,64.69,12.15,57.81,False
KEIBAJO_SURFACE_09_ダ_条件戦,kyakushitsu+ls_shisu_juni+manken_shisu_decile,kyakushitsu,ls_shisu_juni,manken_shisu_decile,24,3470,64.23,16.28,57.71,False
KEIBAJO_SURFACE_09_ダ_条件戦,uma_deokure_bin+ichi_shisu_juni+joho_shisu_decile,uma_deokure_bin,ichi_shisu_juni,joho_shisu_decile,29,3730,63.82,17.04,57.62,False
KEIBAJO_SURFACE_09_ダ_条件戦,uma_start_shisu_decile+pace_shisu_juni+tenkai_kigo_code,uma_start_shisu_decile,pace_shisu_juni,tenkai_kigo_code,12,2190,66.04,14.91,57.6,False
KEIBAJO_SURFACE_09_ダ_条件戦,uma_deokure_bin+ls_shisu_juni+manken_shisu_decile,uma_deokure_bin,ls_shisu_juni,manken_shisu_decile,16,3242,65.25,15.67,57.58,False
KEIBAJO_SURFACE_09_ダ_条件戦,ls_shisu_juni+kijun_ninkijun_tansho+idm_decile,ls_shisu_juni,kijun_ninkijun_tansho,idm_decile,24,3406,65.17,19.01,57.56,False
KEIBAJO_SURFACE_09_ダ_条件戦,pace_yoso+bataiju_zogen+ls_shisu_juni,pace_yoso,bataiju_zogen,ls_shisu_juni,15,2612,63.83,12.4,57.56,False
KEIBAJO_SURFACE_09_ダ_条件戦,ichi_shisu_juni+ls_shisu_juni+ten_shisu_juni,ichi_shisu_juni,ls_shisu_juni,ten_shisu_juni,6,800,69.09,14.52,57.47,False
KEIBAJO_SURFACE_09_ダ_条件戦,bataiju_zogen+kyori_tekisei+ls_shisu_juni,bataiju_zogen,kyori_tekisei,ls_shisu_juni,13,1926,65.89,15.51,57.46,False
KEIBAJO_SURFACE_09_ダ_条件戦,kyori_kubun+ls_shisu_juni+pace_shisu_juni,kyori_kubun,ls_shisu_juni,pace_shisu_juni,22,3279,64.14,16.16,57.39,False
KEIBAJO_SURFACE_09_ダ_条件戦,ls_shisu_juni+ten_shisu_juni+kishu_shisu_decile,ls_shisu_juni,ten_shisu_juni,kishu_shisu_decile,4,527,74.22,17.17,57.39,False
KEIBAJO_SURFACE_09_ダ_条件戦,uma_start_shisu_decile+manken_shirushi+ls_shisu_juni,uma_start_shisu_decile,manken_shirushi,ls_shisu_juni,8,1007,68.97,16.72,57.39,False
KEIBAJO_SURFACE_09_ダ_条件戦,uma_start_shisu_decile+ichi_shisu_juni+joho_shisu_decile,uma_start_shisu_decile,ichi_shisu_juni,joho_shisu_decile,8,932,70.4,18.84,57.35,False
KEIBAJO_SURFACE_09_ダ_条件戦,kyori_tekisei+manken_shisu_decile+kishu_shisu_decile,kyori_tekisei,manken_shisu_decile,kishu_shisu_decile,9,1196,70.47,20.2,57.27,False
KEIBAJO_SURFACE_09_ダ_条件戦,uma_start_shisu_decile+rotation_bin+idm_decile,uma_start_shisu_decile,rotation_bin,idm_decile,15,2738,66.78,18.92,57.21,False
KEIBAJO_SURFACE_09_ダ_条件戦,uma_deokure_bin+bataiju_zogen+joho_shisu_decile,uma_deokure_bin,bataiju_zogen,joho_shisu_decile,23,3616,66.53,22.84,57.2,False
KEIBAJO_SURFACE_09_ダ_条件戦,tenkai_kigo_code+sogo_shisu_decile+manken_shisu_decile,tenkai_kigo_code,sogo_shisu_decile,manken_shisu_decile,28,4666,62.99,15.69,57.18,False
KEIBAJO_SURFACE_09_ダ_条件戦,ichi_shisu_juni+ls_shisu_juni+pace_shisu_juni,ichi_shisu_juni,ls_shisu_juni,pace_shisu_juni,7,928,67.49,14.01,57.12,False
KEIBAJO_SURFACE_09_ダ_条件戦,bataiju_zogen+hizume_code+ls_shisu_juni,bataiju_zogen,hizume_code,ls_shisu_juni,6,1288,67.03,12.39,57.11,False
KEIBAJO_SURFACE_09_ダ_条件戦,omo_tekisei_code+hizume_code+joho_shisu_decile,omo_tekisei_code,hizume_code,joho_shisu_decile,22,6017,64.52,18.12,56.95,False
KEIBAJO_SURFACE_09_ダ_条件戦,ls_shisu_juni+manken_shisu_decile+joho_shisu_decile,ls_shisu_juni,manken_shisu_decile,joho_shisu_decile,18,3156,65.17,17.88,56.91,False
KEIBAJO_SURFACE_09_ダ_条件戦,kyakushitsu+ichi_shisu_juni+joho_shisu_decile,kyakushitsu,ichi_shisu_juni,joho_shisu_decile,31,4778,63.78,19.53,56.9,False
KEIBAJO_SURFACE_09_ダ_条件戦,uma_deokure_bin+bataiju_zogen+ls_shisu_juni,uma_deokure_bin,bataiju_zogen,ls_shisu_juni,14,2832,63.95,13.48,56.89,False
KEIBAJO_SURFACE_09_ダ_条件戦,uma_start_shisu_decile+rotation_bin+kishu_shisu_decile,uma_start_shisu_decile,rotation_bin,kishu_shisu_decile,12,1656,68.12,20.06,56.77,False
KEIBAJO_SURFACE_09_ダ_条件戦,kyori_kubun+manken_shisu_decile+joho_shisu_decile,kyori_kubun,manken_shisu_decile,joho_shisu_decile,36,5497,64.23,23.02,56.71,False
KEIBAJO_SURFACE_09_ダ_条件戦,uma_deokure_bin+gekiso_juni+joho_shisu_decile,uma_deokure_bin,gekiso_juni,joho_shisu_decile,27,3784,64.35,20.45,56.63,False
KEIBAJO_SURFACE_09_ダ_条件戦,bataiju_zogen+ls_shisu_juni+sogo_shisu_decile,bataiju_zogen,ls_shisu_juni,sogo_shisu_decile,10,1348,64.83,13.26,56.61,False
KEIBAJO_SURFACE_09_ダ_条件戦,pace_yoso+gekiso_juni+joho_shisu_decile,pace_yoso,gekiso_juni,joho_shisu_decile,31,4717,63.98,21.11,56.55,False
KEIBAJO_SURFACE_09_ダ_条件戦,uma_start_shisu_decile+ls_shisu_juni+sogo_shisu_decile,uma_start_shisu_decile,ls_shisu_juni,sogo_shisu_decile,16,2683,64.78,16.79,56.55,False
KEIBAJO_SURFACE_09_ダ_条件戦,ichi_shisu_juni+kijun_ninkijun_tansho+sogo_shisu_decile,ichi_shisu_juni,kijun_ninkijun_tansho,sogo_shisu_decile,6,686,74.8,22.97,56.42,False
KEIBAJO_SURFACE_09_ダ_条件戦,tenkai_kigo_code+manken_shisu_decile+kishu_shisu_decile,tenkai_kigo_code,manken_shisu_decile,kishu_shisu_decile,21,2673,66.23,23.07,56.36,False
KEIBAJO_SURFACE_09_ダ_条件戦,kyori_kubun+bataiju_zogen+joho_shisu_decile,kyori_kubun,bataiju_zogen,joho_shisu_decile,21,2989,65.39,21.17,56.33,False
KEIBAJO_SURFACE_09_ダ_条件戦,bataiju_zogen+rotation_bin+ls_shisu_juni,bataiju_zogen,rotation_bin,ls_shisu_juni,10,1432,64.01,12.47,56.28,False
KEIBAJO_SURFACE_09_ダ_条件戦,ls_shisu_juni+tenkai_kigo_code+manken_shisu_decile,ls_shisu_juni,tenkai_kigo_code,manken_shisu_decile,17,3506,63.0,14.15,56.27,False
KEIBAJO_SURFACE_09_ダ_条件戦,uma_start_shisu_decile+rotation_bin+joho_shisu_decile,uma_start_shisu_decile,rotation_bin,joho_shisu_decile,19,3193,63.45,15.99,56.26,False
KEIBAJO_SURFACE_09_ダ_条件戦,rotation_bin+ls_shisu_juni+kijun_ninkijun_tansho,rotation_bin,ls_shisu_juni,kijun_ninkijun_tansho,10,1343,65.85,15.59,56.18,False
KEIBAJO_SURFACE_09_ダ_条件戦,bataiju_zogen+ls_shisu_juni+tenkai_kigo_code,bataiju_zogen,ls_shisu_juni,tenkai_kigo_code,9,2182,62.39,9.53,56.16,False
KEIBAJO_SURFACE_09_ダ_条件戦,pace_shisu_juni+sogo_shisu_decile+joho_shisu_decile,pace_shisu_juni,sogo_shisu_decile,joho_shisu_decile,13,2085,66.5,19.06,56.14,False
KEIBAJO_SURFACE_09_ダ_条件戦,manken_shirushi+ls_shisu_juni+kijun_ninkijun_tansho,manken_shirushi,ls_shisu_juni,kijun_ninkijun_tansho,3,349,78.83,20.05,56.14,False
KEIBAJO_SURFACE_09_ダ_条件戦,kyori_kubun+bataiju_zogen+ls_shisu_juni,kyori_kubun,bataiju_zogen,ls_shisu_juni,16,2634,63.51,15.09,56.11,False
KEIBAJO_SURFACE_09_ダ_条件戦,omo_tekisei_code+ichi_shisu_juni+joho_shisu_decile,omo_tekisei_code,ichi_shisu_juni,joho_shisu_decile,27,3393,62.64,17.87,55.9,False
KEIBAJO_SURFACE_09_ダ_条件戦,ichi_shisu_juni+ls_shisu_juni+sogo_shisu_decile,ichi_shisu_juni,ls_shisu_juni,sogo_shisu_decile,6,1163,68.86,16.22,55.88,False
KEIBAJO_SURFACE_09_ダ_条件戦,tenkai_kigo_code+gekiso_juni+joho_shisu_decile,tenkai_kigo_code,gekiso_juni,joho_shisu_decile,21,3408,64.26,19.81,55.78,False
KEIBAJO_SURFACE_09_ダ_条件戦,hizume_code+ls_shisu_juni+joho_shisu_decile,hizume_code,ls_shisu_juni,joho_shisu_decile,18,3507,64.47,18.83,55.77,False
KEIBAJO_SURFACE_09_ダ_条件戦,omo_tekisei_code+gekiso_juni+joho_shisu_decile,omo_tekisei_code,gekiso_juni,joho_shisu_decile,27,3847,63.87,21.82,55.64,False
KEIBAJO_SURFACE_09_ダ_条件戦,uma_start_shisu_decile+pace_yoso+joho_shisu_decile,uma_start_shisu_decile,pace_yoso,joho_shisu_decile,27,5660,62.92,19.37,55.61,False
KEIBAJO_SURFACE_09_ダ_条件戦,ls_shisu_juni+pace_shisu_juni+tenkai_kigo_code,ls_shisu_juni,pace_shisu_juni,tenkai_kigo_code,15,2672,61.73,12.32,55.5,False
KEIBAJO_SURFACE_09_ダ_条件戦,kyakushitsu+ls_shisu_juni+gekiso_juni,kyakushitsu,ls_shisu_juni,gekiso_juni,10,1157,65.5,16.15,55.49,False
KEIBAJO_SURFACE_09_ダ_条件戦,bataiju_zogen+kyakushitsu+ls_shisu_juni,bataiju_zogen,kyakushitsu,ls_shisu_juni,14,2093,62.8,13.97,55.48,False
KEIBAJO_SURFACE_09_ダ_条件戦,kyori_tekisei+gekiso_juni+joho_shisu_decile,kyori_tekisei,gekiso_juni,joho_shisu_decile,20,2715,65.14,22.03,55.48,False
KEIBAJO_SURFACE_09_ダ_条件戦,uma_deokure_bin+sogo_shisu_decile+gekiso_juni,uma_deokure_bin,sogo_shisu_decile,gekiso_juni,14,1591,66.13,20.37,55.46,False
KEIBAJO_SURFACE_09_ダ_条件戦,uma_start_shisu_decile+ls_shisu_juni+idm_decile,uma_start_shisu_decile,ls_shisu_juni,idm_decile,15,2617,64.98,18.85,55.44,False
KEIBAJO_SURFACE_09_ダ_条件戦,ichi_shisu_juni+manken_shisu_decile+joho_shisu_decile,ichi_shisu_juni,manken_shisu_decile,joho_shisu_decile,6,848,67.08,14.56,55.43,False
KEIBAJO_SURFACE_09_ダ_条件戦,uma_start_shisu_decile+ls_shisu_juni+joho_shisu_decile,uma_start_shisu_decile,ls_shisu_juni,joho_shisu_decile,18,3575,62.98,16.35,55.42,False
KEIBAJO_SURFACE_09_ダ_条件戦,kyori_tekisei+ls_shisu_juni+sogo_shisu_decile,kyori_tekisei,ls_shisu_juni,sogo_shisu_decile,21,4743,62.31,16.14,55.41,False
KEIBAJO_SURFACE_09_ダ_条件戦,uma_start_shisu_decile+hizume_code+joho_shisu_decile,uma_start_shisu_decile,hizume_code,joho_shisu_decile,16,3167,64.88,19.5,55.32,False
KEIBAJO_SURFACE_09_ダ_条件戦,uma_deokure_bin+pace_shisu_juni+joho_shisu_decile,uma_deokure_bin,pace_shisu_juni,joho_shisu_decile,23,2818,61.74,15.86,55.26,False
KEIBAJO_SURFACE_09_ダ_条件戦,bataiju+joshodo_code+ls_shisu_juni,bataiju,joshodo_code,ls_shisu_juni,7,729,65.85,14.37,55.2,False
KEIBAJO_SURFACE_09_ダ_条件戦,uma_start_shisu_decile+manken_shisu_decile+joho_shisu_decile,uma_start_shisu_decile,manken_shisu_decile,joho_shisu_decile,9,1346,67.59,19.0,55.17,False
KEIBAJO_SURFACE_09_ダ_条件戦,kyakushitsu+ten_shisu_juni+joho_shisu_decile,kyakushitsu,ten_shisu_juni,joho_shisu_decile,21,2698,62.83,18.11,55.09,False
KEIBAJO_SURFACE_09_ダ_条件戦,uma_start_shisu_decile+ls_shisu_juni+gekiso_juni,uma_start_shisu_decile,ls_shisu_juni,gekiso_juni,9,1147,66.03,16.84,55.03,False
KEIBAJO_SURFACE_09_ダ_条件戦,kyakushitsu+pace_shisu_juni+joho_shisu_decile,kyakushitsu,pace_shisu_juni,joho_shisu_decile,18,2372,62.42,16.02,55.01,False
KEIBAJO_SURFACE_09_ダ_条件戦,pace_yoso+bataiju_zogen+joho_shisu_decile,pace_yoso,bataiju_zogen,joho_shisu_decile,20,3026,64.02,20.98,54.83,False
KEIBAJO_SURFACE_09_ダ_条件戦,ichi_shisu_juni+manken_shisu_decile+idm_decile,ichi_shisu_juni,manken_shisu_decile,idm_decile,5,702,64.36,10.93,54.78,False
KEIBAJO_SURFACE_09_ダ_条件戦,kyori_tekisei+ls_shisu_juni+pace_shisu_juni,kyori_tekisei,ls_shisu_juni,pace_shisu_juni,18,2290,62.34,16.37,54.78,False
KEIBAJO_SURFACE_09_ダ_条件戦,pace_shisu_juni+joho_shisu_decile+kishu_shisu_decile,pace_shisu_juni,joho_shisu_decile,kishu_shisu_decile,14,2065,65.85,21.19,54.75,False
KEIBAJO_SURFACE_09_ダ_条件戦,manken_shisu_decile+idm_decile+kishu_shisu_decile,manken_shisu_decile,idm_decile,kishu_shisu_decile,5,694,71.9,19.59,54.74,False
KEIBAJO_SURFACE_09_ダ_条件戦,hizume_code+ls_shisu_juni+sogo_shisu_decile,hizume_code,ls_shisu_juni,sogo_shisu_decile,9,2183,65.24,16.11,54.71,False
KEIBAJO_SURFACE_09_ダ_条件戦,hizume_code+pace_shisu_juni+joho_shisu_decile,hizume_code,pace_shisu_juni,joho_shisu_decile,5,537,67.58,14.71,54.69,False
KEIBAJO_SURFACE_09_ダ_条件戦,ls_shisu_juni+manken_shisu_decile+idm_decile,ls_shisu_juni,manken_shisu_decile,idm_decile,22,3243,62.64,19.22,54.61,False
KEIBAJO_SURFACE_09_ダ_条件戦,hizume_code+manken_shisu_decile+joho_shisu_decile,hizume_code,manken_shisu_decile,joho_shisu_decile,12,1600,66.57,21.29,54.52,False
KEIBAJO_SURFACE_09_ダ_条件戦,pace_yoso+pace_shisu_juni+joho_shisu_decile,pace_yoso,pace_shisu_juni,joho_shisu_decile,28,4371,61.09,17.82,54.49,False
KEIBAJO_SURFACE_09_ダ_条件戦,ten_shisu_juni+joho_shisu_decile+kishu_shisu_decile,ten_shisu_juni,joho_shisu_decile,kishu_shisu_decile,16,2182,65.12,21.77,54.45,False
KEIBAJO_SURFACE_09_ダ_条件戦,uma_start_shisu_decile+bataiju_zogen+ls_shisu_juni,uma_start_shisu_decile,bataiju_zogen,ls_shisu_juni,7,1179,64.21,13.24,54.4,False
KEIBAJO_SURFACE_09_ダ_条件戦,uma_start_shisu_decile+hizume_code+sogo_shisu_decile,uma_start_shisu_decile,hizume_code,sogo_shisu_decile,13,2543,62.74,15.44,54.35,False
KEIBAJO_SURFACE_09_ダ_条件戦,ls_shisu_juni+kijun_ninkijun_tansho+manken_shisu_decile,ls_shisu_juni,kijun_ninkijun_tansho,manken_shisu_decile,3,333,83.17,25.57,54.24,False
KEIBAJO_SURFACE_09_ダ_条件戦,manken_shirushi+tenkai_kigo_code+joho_shisu_decile,manken_shirushi,tenkai_kigo_code,joho_shisu_decile,11,1592,67.3,22.14,54.21,False
KEIBAJO_SURFACE_09_ダ_条件戦,rotation_bin+ls_shisu_juni+manken_shisu_decile,rotation_bin,ls_shisu_juni,manken_shisu_decile,13,1552,63.24,16.82,54.1,False
KEIBAJO_SURFACE_09_ダ_条件戦,pace_shisu_juni+tenkai_kigo_code+joho_shisu_decile,pace_shisu_juni,tenkai_kigo_code,joho_shisu_decile,23,3852,60.37,15.58,54.0,False
KEIBAJO_SURFACE_09_ダ_条件戦,manken_shisu_decile+joho_shisu_decile+kishu_shisu_decile,manken_shisu_decile,joho_shisu_decile,kishu_shisu_decile,20,3352,63.69,22.67,53.75,False
KEIBAJO_SURFACE_09_ダ_条件戦,bataiju_zogen+tenkai_kigo_code+joho_shisu_decile,bataiju_zogen,tenkai_kigo_code,joho_shisu_decile,19,3321,62.13,18.8,53.68,False
KEIBAJO_SURFACE_09_ダ_条件戦,kyakushitsu+pace_shisu_juni+sogo_shisu_decile,kyakushitsu,pace_shisu_juni,sogo_shisu_decile,5,834,57.37,4.31,53.59,False
KEIBAJO_SURFACE_09_ダ_条件戦,ten_shisu_juni+tenkai_kigo_code+joho_shisu_decile,ten_shisu_juni,tenkai_kigo_code,joho_shisu_decile,21,3553,60.6,16.4,53.59,False
KEIBAJO_SURFACE_09_ダ_条件戦,ls_shisu_juni+sogo_shisu_decile+manken_shisu_decile,ls_shisu_juni,sogo_shisu_decile,manken_shisu_decile,22,3177,61.01,17.81,53.57,False
KEIBAJO_SURFACE_09_ダ_条件戦,ten_shisu_juni+sogo_shisu_decile+joho_shisu_decile,ten_shisu_juni,sogo_shisu_decile,joho_shisu_decile,11,1844,64.79,19.2,53.44,False
KEIBAJO_SURFACE_09_ダ_条件戦,uma_start_shisu_decile+ls_shisu_juni+manken_shisu_decile,uma_start_shisu_decile,ls_shisu_juni,manken_shisu_decile,7,1274,66.68,17.86,53.44,False
KEIBAJO_SURFACE_09_ダ_条件戦,ls_shisu_juni+ten_shisu_juni+sogo_shisu_decile,ls_shisu_juni,ten_shisu_juni,sogo_shisu_decile,8,1041,65.36,17.28,53.38,False
KEIBAJO_SURFACE_09_ダ_条件戦,tenkai_kigo_code+sogo_shisu_decile+gekiso_juni,tenkai_kigo_code,sogo_shisu_decile,gekiso_juni,21,2590,61.57,19.15,53.38,False
KEIBAJO_SURFACE_09_ダ_条件戦,bataiju_zogen+rotation_bin+joho_shisu_decile,bataiju_zogen,rotation_bin,joho_shisu_decile,9,1103,62.26,13.64,53.34,False
KEIBAJO_SURFACE_09_ダ_条件戦,uma_start_shisu_decile+bataiju_zogen+joho_shisu_decile,uma_start_shisu_decile,bataiju_zogen,joho_shisu_decile,8,1150,69.03,22.8,53.23,False
KEIBAJO_SURFACE_09_ダ_条件戦,ls_shisu_juni+tenkai_kigo_code+gekiso_juni,ls_shisu_juni,tenkai_kigo_code,gekiso_juni,13,2251,63.07,18.14,53.21,False
KEIBAJO_SURFACE_09_ダ_条件戦,ichi_shisu_juni+ls_shisu_juni+kijun_ninkijun_tansho,ichi_shisu_juni,ls_shisu_juni,kijun_ninkijun_tansho,6,839,66.13,16.25,53.12,False
KEIBAJO_SURFACE_09_ダ_条件戦,omo_tekisei_code+pace_shisu_juni+joho_shisu_decile,omo_tekisei_code,pace_shisu_juni,joho_shisu_decile,26,3250,59.49,16.71,53.07,False
KEIBAJO_SURFACE_09_ダ_条件戦,pace_yoso+ten_shisu_juni+joho_shisu_decile,pace_yoso,ten_shisu_juni,joho_shisu_decile,26,4111,61.34,21.54,53.06,False
KEIBAJO_SURFACE_09_ダ_条件戦,kyori_tekisei+ls_shisu_juni+gekiso_juni,kyori_tekisei,ls_shisu_juni,gekiso_juni,16,2051,61.22,16.84,52.97,False
KEIBAJO_SURFACE_09_ダ_条件戦,ls_shisu_juni+ten_shisu_juni+tenkai_kigo_code,ls_shisu_juni,ten_shisu_juni,tenkai_kigo_code,15,2655,60.81,15.66,52.89,False
KEIBAJO_SURFACE_09_ダ_条件戦,ichi_shisu_juni+ls_shisu_juni+idm_decile,ichi_shisu_juni,ls_shisu_juni,idm_decile,7,1321,68.82,21.59,52.82,False
KEIBAJO_SURFACE_09_ダ_条件戦,uma_deokure_bin+manken_shirushi+joho_shisu_decile,uma_deokure_bin,manken_shirushi,joho_shisu_decile,14,1626,62.51,18.72,52.7,False
KEIBAJO_SURFACE_09_ダ_条件戦,ls_shisu_juni+manken_shisu_decile+gekiso_juni,ls_shisu_juni,manken_shisu_decile,gekiso_juni,3,321,82.85,26.67,52.67,False
KEIBAJO_SURFACE_09_ダ_条件戦,bataiju_zogen+tenkai_kigo_code+kijun_ninkijun_tansho,bataiju_zogen,tenkai_kigo_code,kijun_ninkijun_tansho,3,323,64.83,11.17,52.19,False
KEIBAJO_SURFACE_09_ダ_条件戦,sogo_shisu_decile+manken_shisu_decile+kishu_shisu_decile,sogo_shisu_decile,manken_shisu_decile,kishu_shisu_decile,5,692,73.13,23.89,52.18,False
KEIBAJO_SURFACE_09_ダ_条件戦,hizume_code+gekiso_juni+joho_shisu_decile,hizume_code,gekiso_juni,joho_shisu_decile,10,1260,64.69,20.22,52.16,False
KEIBAJO_SURFACE_09_ダ_条件戦,uma_deokure_bin+ten_shisu_juni+joho_shisu_decile,uma_deokure_bin,ten_shisu_juni,joho_shisu_decile,24,2954,59.91,19.63,52.06,False
KEIBAJO_SURFACE_09_ダ_条件戦,kyakushitsu+gekiso_juni+joho_shisu_decile,kyakushitsu,gekiso_juni,joho_shisu_decile,13,1613,65.37,24.72,51.93,False
KEIBAJO_SURFACE_09_ダ_条件戦,pace_yoso+ichi_shisu_juni+joho_shisu_decile,pace_yoso,ichi_shisu_juni,joho_shisu_decile,24,4359,59.72,19.52,51.91,False
KEIBAJO_SURFACE_09_ダ_条件戦,ls_shisu_juni+manken_shisu_decile+kishu_shisu_decile,ls_shisu_juni,manken_shisu_decile,kishu_shisu_decile,15,1780,63.27,22.53,51.86,False
KEIBAJO_SURFACE_09_ダ_条件戦,bataiju_zogen+kyori_tekisei+joho_shisu_decile,bataiju_zogen,kyori_tekisei,joho_shisu_decile,12,1625,65.32,23.89,51.8,False
KEIBAJO_SURFACE_09_ダ_条件戦,ichi_shisu_juni+tenkai_kigo_code+gekiso_juni,ichi_shisu_juni,tenkai_kigo_code,gekiso_juni,6,667,60.3,10.97,51.52,False
KEIBAJO_SURFACE_09_ダ_条件戦,ichi_shisu_juni+sogo_shisu_decile+joho_shisu_decile,ichi_shisu_juni,sogo_shisu_decile,joho_shisu_decile,13,2523,63.04,21.21,51.5,False
KEIBAJO_SURFACE_09_ダ_条件戦,uma_start_shisu_decile+hizume_code+idm_decile,uma_start_shisu_decile,hizume_code,idm_decile,12,2604,62.02,18.58,51.5,False
KEIBAJO_SURFACE_09_ダ_条件戦,ichi_shisu_juni+ls_shisu_juni+joho_shisu_decile,ichi_shisu_juni,ls_shisu_juni,joho_shisu_decile,17,2819,59.32,16.89,51.29,False
KEIBAJO_SURFACE_09_ダ_条件戦,kyori_kubun+pace_yoso+bataiju,kyori_kubun,pace_yoso,bataiju,3,310,71.92,18.43,51.07,False
KEIBAJO_SURFACE_09_ダ_条件戦,bataiju_zogen+hizume_code+joho_shisu_decile,bataiju_zogen,hizume_code,joho_shisu_decile,9,1279,63.5,19.14,51.0,False
KEIBAJO_SURFACE_09_ダ_条件戦,sogo_shisu_decile+manken_shisu_decile+joho_shisu_decile,sogo_shisu_decile,manken_shisu_decile,joho_shisu_decile,20,3465,58.62,17.66,50.88,False
KEIBAJO_SURFACE_09_ダ_条件戦,kyakushitsu+manken_shisu_decile+kishu_shisu_decile,kyakushitsu,manken_shisu_decile,kishu_shisu_decile,5,587,70.22,22.16,50.79,False
KEIBAJO_SURFACE_09_ダ_条件戦,uma_start_shisu_decile+ten_shisu_juni+joho_shisu_decile,uma_start_shisu_decile,ten_shisu_juni,joho_shisu_decile,6,650,70.01,24.03,50.78,False
KEIBAJO_SURFACE_09_ダ_条件戦,manken_shirushi+kyori_tekisei+joho_shisu_decile,manken_shirushi,kyori_tekisei,joho_shisu_decile,4,449,69.58,19.29,50.68,False
KEIBAJO_SURFACE_09_ダ_条件戦,ls_shisu_juni+gekiso_juni+joho_shisu_decile,ls_shisu_juni,gekiso_juni,joho_shisu_decile,17,2734,60.24,20.69,50.4,False
KEIBAJO_SURFACE_09_ダ_条件戦,ichi_shisu_juni+sogo_shisu_decile+manken_shisu_decile,ichi_shisu_juni,sogo_shisu_decile,manken_shisu_decile,4,592,64.77,14.78,50.28,False
KEIBAJO_SURFACE_09_ダ_条件戦,ichi_shisu_juni+kijun_ninkijun_tansho+idm_decile,ichi_shisu_juni,kijun_ninkijun_tansho,idm_decile,5,638,64.53,16.69,49.9,False
KEIBAJO_SURFACE_09_ダ_条件戦,ichi_shisu_juni+ls_shisu_juni+manken_shisu_decile,ichi_shisu_juni,ls_shisu_juni,manken_shisu_decile,5,717,57.47,8.76,49.79,False
KEIBAJO_SURFACE_09_ダ_条件戦,uma_start_shisu_decile+ichi_shisu_juni+sogo_shisu_decile,uma_start_shisu_decile,ichi_shisu_juni,sogo_shisu_decile,4,427,63.85,14.35,49.78,False
KEIBAJO_SURFACE_09_ダ_条件戦,bataiju_zogen+joho_shisu_decile+kishu_shisu_decile,bataiju_zogen,joho_shisu_decile,kishu_shisu_decile,13,1851,63.68,25.79,49.67,False
KEIBAJO_SURFACE_09_ダ_条件戦,kyakushitsu+manken_shisu_decile+joho_shisu_decile,kyakushitsu,manken_shisu_decile,joho_shisu_decile,23,3365,58.63,22.1,49.6,False
KEIBAJO_SURFACE_09_ダ_条件戦,ls_shisu_juni+pace_shisu_juni+idm_decile,ls_shisu_juni,pace_shisu_juni,idm_decile,14,1775,58.92,17.79,49.6,False
KEIBAJO_SURFACE_09_ダ_条件戦,ten_shisu_juni+joho_shisu_decile+idm_decile,ten_shisu_juni,joho_shisu_decile,idm_decile,9,1664,61.95,19.01,49.53,False
KEIBAJO_SURFACE_09_ダ_条件戦,pace_shisu_juni+joho_shisu_decile+idm_decile,pace_shisu_juni,joho_shisu_decile,idm_decile,13,2118,59.53,18.45,49.5,False
KEIBAJO_SURFACE_09_ダ_条件戦,bataiju_zogen+ls_shisu_juni+joho_shisu_decile,bataiju_zogen,ls_shisu_juni,joho_shisu_decile,11,1762,62.67,22.28,49.5,False
KEIBAJO_SURFACE_09_ダ_条件戦,ls_shisu_juni+ten_shisu_juni+joho_shisu_decile,ls_shisu_juni,ten_shisu_juni,joho_shisu_decile,16,2506,59.17,19.86,49.44,False
KEIBAJO_SURFACE_09_ダ_条件戦,ls_shisu_juni+pace_shisu_juni+sogo_shisu_decile,ls_shisu_juni,pace_shisu_juni,sogo_shisu_decile,13,1580,58.94,17.66,49.34,False
KEIBAJO_SURFACE_09_ダ_条件戦,omo_tekisei_code+ten_shisu_juni+joho_shisu_decile,omo_tekisei_code,ten_shisu_juni,joho_shisu_decile,22,2740,58.33,22.18,49.06,False
KEIBAJO_SURFACE_09_ダ_条件戦,manken_shirushi+ls_shisu_juni+joho_shisu_decile,manken_shirushi,ls_shisu_juni,joho_shisu_decile,10,1409,57.43,13.75,48.91,False
KEIBAJO_SURFACE_09_ダ_条件戦,bataiju_zogen+kyakushitsu+joho_shisu_decile,bataiju_zogen,kyakushitsu,joho_shisu_decile,13,1912,57.62,16.08,48.88,False
KEIBAJO_SURFACE_09_ダ_条件戦,bataiju_zogen+sogo_shisu_decile+joho_shisu_decile,bataiju_zogen,sogo_shisu_decile,joho_shisu_decile,9,1260,57.47,13.27,48.8,False
KEIBAJO_SURFACE_09_ダ_条件戦,gekiso_juni+joho_shisu_decile+idm_decile,gekiso_juni,joho_shisu_decile,idm_decile,21,2713,56.83,21.13,47.8,False
KEIBAJO_SURFACE_09_ダ_条件戦,ls_shisu_juni+gekiso_juni+idm_decile,ls_shisu_juni,gekiso_juni,idm_decile,11,1197,57.55,16.52,47.79,False
KEIBAJO_SURFACE_09_ダ_条件戦,hizume_code+ten_shisu_juni+joho_shisu_decile,hizume_code,ten_shisu_juni,joho_shisu_decile,6,640,63.72,20.04,47.69,False
KEIBAJO_SURFACE_09_ダ_条件戦,ichi_shisu_juni+joho_shisu_decile+idm_decile,ichi_shisu_juni,joho_shisu_decile,idm_decile,11,2396,59.98,21.3,47.4,False
KEIBAJO_SURFACE_09_ダ_条件戦,rotation_bin+manken_shisu_decile+joho_shisu_decile,rotation_bin,manken_shisu_decile,joho_shisu_decile,7,753,63.61,22.2,47.16,False
KEIBAJO_SURFACE_09_ダ_条件戦,manken_shisu_decile+joho_shisu_decile+idm_decile,manken_shisu_decile,joho_shisu_decile,idm_decile,18,3186,54.33,15.75,47.06,False
KEIBAJO_SURFACE_09_ダ_条件戦,ls_shisu_juni+pace_shisu_juni+joho_shisu_decile,ls_shisu_juni,pace_shisu_juni,joho_shisu_decile,14,2350,54.67,15.71,46.44,False
KEIBAJO_SURFACE_09_ダ_条件戦,manken_shirushi+joho_shisu_decile+idm_decile,manken_shirushi,joho_shisu_decile,idm_decile,3,323,78.18,28.16,46.32,False
KEIBAJO_SURFACE_09_ダ_条件戦,sogo_shisu_decile+gekiso_juni+joho_shisu_decile,sogo_shisu_decile,gekiso_juni,joho_shisu_decile,19,2487,55.68,24.02,44.88,False
KEIBAJO_SURFACE_09_ダ_条件戦,bataiju_zogen+tenkai_kigo_code+kishu_shisu_decile,bataiju_zogen,tenkai_kigo_code,kishu_shisu_decile,13,1582,54.88,20.28,43.86,False
KEIBAJO_SURFACE_09_ダ_条件戦,uma_start_shisu_decile+pace_shisu_juni+joho_shisu_decile,uma_start_shisu_decile,pace_shisu_juni,joho_shisu_decile,5,526,60.09,18.65,43.74,False
KEIBAJO_SURFACE_09_ダ_条件戦,bataiju_zogen+joho_shisu_decile+idm_decile,bataiju_zogen,joho_shisu_decile,idm_decile,8,1122,52.95,15.01,42.55,False
KEIBAJO_SURFACE_09_ダ_条件戦,bataiju_zogen+ls_shisu_juni+kishu_shisu_decile,bataiju_zogen,ls_shisu_juni,kishu_shisu_decile,5,566,65.15,26.14,42.23,False
KEIBAJO_SURFACE_09_ダ_条件戦,ichi_shisu_juni+hizume_code+joho_shisu_decile,ichi_shisu_juni,hizume_code,joho_shisu_decile,5,587,58.6,18.76,42.15,False
KEIBAJO_SURFACE_09_ダ_条件戦,ls_shisu_juni+sogo_shisu_decile+gekiso_juni,ls_shisu_juni,sogo_shisu_decile,gekiso_juni,6,667,56.0,20.11,39.91,False
