segment,factors,factor1,factor2,factor3,factor4,n_bins,n_bets,mean_roi,std_roi,clb,pass
KEIBAJO_SURFACE_07_ダ_条件戦,pace_yoso+manken_shirushi+kyakushitsu+joshodo_code,pace_yoso,manken_shirushi,kyakushitsu,joshodo_code,4,405,100.41,9.29,91.3,True
KEIBAJO_SURFACE_07_ダ_条件戦,kyori_kubun+pace_yoso+uma_deokure_ritsu+ichi_shisu_juni,kyori_kubun,pace_yoso,uma_deokure_ritsu,ichi_shisu_juni,3,360,84.14,2.05,81.82,True
KEIBAJO_SURFACE_07_ダ_条件戦,kyori_kubun+manken_shirushi+kyori_tekisei+uma_deokure_ritsu,kyori_kubun,manken_shirushi,kyori_tekisei,uma_deokure_ritsu,4,443,82.8,1.72,81.11,True
KEIBAJO_SURFACE_07_ダ_条件戦,pace_yoso+uma_start_shisu+uma_deokure_ritsu+ichi_shisu_juni,pace_yoso,uma_start_shisu,uma_deokure_ritsu,ichi_shisu_juni,5,601,80.81,2.48,78.64,False
KEIBAJO_SURFACE_07_ダ_条件戦,manken_shirushi+omo_tekisei_code+kyakushitsu+joshodo_code,manken_shirushi,omo_tekisei_code,kyakushitsu,joshodo_code,8,872,87.65,13.98,77.96,False
KEIBAJO_SURFACE_07_ダ_条件戦,kyori_kubun+uma_start_shisu+uma_deokure_ritsu+ichi_shisu_juni,kyori_kubun,uma_start_shisu,uma_deokure_ritsu,ichi_shisu_juni,4,540,79.25,3.18,76.13,False
KEIBAJO_SURFACE_07_ダ_条件戦,kyori_kubun+omo_tekisei_code+kyori_tekisei+ichi_shisu_juni,kyori_kubun,omo_tekisei_code,kyori_tekisei,ichi_shisu_juni,4,503,81.06,5.14,76.02,False
KEIBAJO_SURFACE_07_ダ_条件戦,omo_tekisei_code+kyori_tekisei+ichi_shisu_juni+joshodo_code,omo_tekisei_code,kyori_tekisei,ichi_shisu_juni,joshodo_code,5,664,81.48,6.28,75.97,False
KEIBAJO_SURFACE_07_ダ_条件戦,pace_yoso+manken_shirushi+omo_tekisei_code+joshodo_code,pace_yoso,manken_shirushi,omo_tekisei_code,joshodo_code,22,2817,79.57,9.25,75.7,False
KEIBAJO_SURFACE_07_ダ_条件戦,kyori_kubun+omo_tekisei_code+rotation+joshodo_code,kyori_kubun,omo_tekisei_code,rotation,joshodo_code,15,3488,79.7,8.27,75.51,False
KEIBAJO_SURFACE_07_ダ_条件戦,kyori_tekisei+uma_deokure_ritsu+ichi_shisu_juni+joshodo_code,kyori_tekisei,uma_deokure_ritsu,ichi_shisu_juni,joshodo_code,7,901,79.32,5.19,75.48,False
KEIBAJO_SURFACE_07_ダ_条件戦,pace_yoso+rotation+kyakushitsu+uma_deokure_ritsu,pace_yoso,rotation,kyakushitsu,uma_deokure_ritsu,4,566,81.5,6.45,75.18,False
KEIBAJO_SURFACE_07_ダ_条件戦,kyori_kubun+kyori_tekisei+hizume_code+kyakushitsu,kyori_kubun,kyori_tekisei,hizume_code,kyakushitsu,9,1509,80.35,7.93,75.17,False
KEIBAJO_SURFACE_07_ダ_条件戦,kyori_tekisei+uma_start_shisu+ichi_shisu_juni+joshodo_code,kyori_tekisei,uma_start_shisu,ichi_shisu_juni,joshodo_code,3,362,77.04,1.71,75.1,False
KEIBAJO_SURFACE_07_ダ_条件戦,kyori_kubun+pace_yoso+manken_shirushi+kyori_tekisei,kyori_kubun,pace_yoso,manken_shirushi,kyori_tekisei,4,564,85.13,10.47,74.86,False
KEIBAJO_SURFACE_07_ダ_条件戦,kyori_kubun+kyori_tekisei+rotation+uma_deokure_ritsu,kyori_kubun,kyori_tekisei,rotation,uma_deokure_ritsu,4,733,77.55,2.74,74.86,False
KEIBAJO_SURFACE_07_ダ_条件戦,kyori_kubun+kyori_tekisei+uma_deokure_ritsu+ichi_shisu_juni,kyori_kubun,kyori_tekisei,uma_deokure_ritsu,ichi_shisu_juni,3,422,78.41,3.28,74.7,False
KEIBAJO_SURFACE_07_ダ_条件戦,manken_shirushi+omo_tekisei_code+kyori_tekisei+joshodo_code,manken_shirushi,omo_tekisei_code,kyori_tekisei,joshodo_code,10,1194,80.23,9.16,74.55,False
KEIBAJO_SURFACE_07_ダ_条件戦,kyori_kubun+pace_yoso+kyori_tekisei+hizume_code,kyori_kubun,pace_yoso,kyori_tekisei,hizume_code,11,2017,80.1,9.76,74.34,False
KEIBAJO_SURFACE_07_ダ_条件戦,kyori_kubun+manken_shirushi+kyakushitsu+joshodo_code,kyori_kubun,manken_shirushi,kyakushitsu,joshodo_code,7,832,80.62,8.69,74.18,False
KEIBAJO_SURFACE_07_ダ_条件戦,kyori_kubun+pace_yoso+rotation+joshodo_code,kyori_kubun,pace_yoso,rotation,joshodo_code,18,3653,77.72,7.71,74.16,False
KEIBAJO_SURFACE_07_ダ_条件戦,rotation+kyakushitsu+uma_start_shisu+uma_deokure_ritsu,rotation,kyakushitsu,uma_start_shisu,uma_deokure_ritsu,5,797,78.19,5.14,73.69,False
KEIBAJO_SURFACE_07_ダ_条件戦,pace_yoso+rotation+uma_deokure_ritsu+joshodo_code,pace_yoso,rotation,uma_deokure_ritsu,joshodo_code,8,1828,75.79,3.07,73.66,False
KEIBAJO_SURFACE_07_ダ_条件戦,kyori_kubun+manken_shirushi+kyori_tekisei+joshodo_code,kyori_kubun,manken_shirushi,kyori_tekisei,joshodo_code,11,1968,78.69,8.61,73.6,False
KEIBAJO_SURFACE_07_ダ_条件戦,pace_yoso+kyori_tekisei+kyakushitsu+uma_start_shisu,pace_yoso,kyori_tekisei,kyakushitsu,uma_start_shisu,7,913,75.99,3.87,73.12,False
KEIBAJO_SURFACE_07_ダ_条件戦,kyori_kubun+omo_tekisei_code+kyori_tekisei+hizume_code,kyori_kubun,omo_tekisei_code,kyori_tekisei,hizume_code,13,2457,78.59,10.21,73.04,False
KEIBAJO_SURFACE_07_ダ_条件戦,kyori_kubun+pace_yoso+omo_tekisei_code+joshodo_code,kyori_kubun,pace_yoso,omo_tekisei_code,joshodo_code,15,6397,74.61,3.21,72.99,False
KEIBAJO_SURFACE_07_ダ_条件戦,kyori_kubun+kyori_tekisei+ichi_shisu_juni+joshodo_code,kyori_kubun,kyori_tekisei,ichi_shisu_juni,joshodo_code,13,2574,77.02,7.47,72.96,False
KEIBAJO_SURFACE_07_ダ_条件戦,pace_yoso+omo_tekisei_code+kyori_tekisei+joshodo_code,pace_yoso,omo_tekisei_code,kyori_tekisei,joshodo_code,19,5989,76.56,8.0,72.96,False
KEIBAJO_SURFACE_07_ダ_条件戦,kyori_kubun+uma_deokure_ritsu+ichi_shisu_juni+joshodo_code,kyori_kubun,uma_deokure_ritsu,ichi_shisu_juni,joshodo_code,11,1645,80.56,12.89,72.94,False
KEIBAJO_SURFACE_07_ダ_条件戦,kyori_kubun+hizume_code+kyakushitsu+joshodo_code,kyori_kubun,hizume_code,kyakushitsu,joshodo_code,17,3386,76.65,7.96,72.87,False
KEIBAJO_SURFACE_07_ダ_条件戦,kyori_kubun+manken_shirushi+omo_tekisei_code+kyori_tekisei,kyori_kubun,manken_shirushi,omo_tekisei_code,kyori_tekisei,9,1061,78.42,8.57,72.82,False
KEIBAJO_SURFACE_07_ダ_条件戦,kyori_kubun+omo_tekisei_code+hizume_code+joshodo_code,kyori_kubun,omo_tekisei_code,hizume_code,joshodo_code,18,4583,76.96,9.31,72.66,False
KEIBAJO_SURFACE_07_ダ_条件戦,kyori_kubun+rotation+ls_shisu_juni+joshodo_code,kyori_kubun,rotation,ls_shisu_juni,joshodo_code,13,2386,77.94,9.81,72.6,False
KEIBAJO_SURFACE_07_ダ_条件戦,kyori_kubun+pace_yoso+kyori_tekisei+rotation,kyori_kubun,pace_yoso,kyori_tekisei,rotation,9,1610,76.34,5.73,72.59,False
KEIBAJO_SURFACE_07_ダ_条件戦,kyori_kubun+pace_yoso+omo_tekisei_code+kyakushitsu,kyori_kubun,pace_yoso,omo_tekisei_code,kyakushitsu,26,4657,75.5,7.63,72.57,False
KEIBAJO_SURFACE_07_ダ_条件戦,rotation+kyakushitsu+uma_start_shisu+joshodo_code,rotation,kyakushitsu,uma_start_shisu,joshodo_code,5,964,77.18,5.38,72.47,False
KEIBAJO_SURFACE_07_ダ_条件戦,hizume_code+kyakushitsu+ichi_shisu_juni+joshodo_code,hizume_code,kyakushitsu,ichi_shisu_juni,joshodo_code,4,497,78.16,5.88,72.4,False
KEIBAJO_SURFACE_07_ダ_条件戦,pace_yoso+kyakushitsu+uma_deokure_ritsu+ichi_shisu_juni,pace_yoso,kyakushitsu,uma_deokure_ritsu,ichi_shisu_juni,5,590,76.34,4.55,72.35,False
KEIBAJO_SURFACE_07_ダ_条件戦,kyori_kubun+omo_tekisei_code+kyakushitsu+joshodo_code,kyori_kubun,omo_tekisei_code,kyakushitsu,joshodo_code,20,6176,75.37,7.02,72.3,False
KEIBAJO_SURFACE_07_ダ_条件戦,kyori_kubun+rotation+kyakushitsu+uma_deokure_ritsu,kyori_kubun,rotation,kyakushitsu,uma_deokure_ritsu,4,579,77.26,5.21,72.15,False
KEIBAJO_SURFACE_07_ダ_条件戦,pace_yoso+kyori_tekisei+kyakushitsu+joshodo_code,pace_yoso,kyori_tekisei,kyakushitsu,joshodo_code,30,6598,75.89,10.47,72.15,False
KEIBAJO_SURFACE_07_ダ_条件戦,omo_tekisei_code+kyori_tekisei+rotation+joshodo_code,omo_tekisei_code,kyori_tekisei,rotation,joshodo_code,17,3064,75.74,7.57,72.14,False
KEIBAJO_SURFACE_07_ダ_条件戦,pace_yoso+kyori_tekisei+kyakushitsu+uma_deokure_ritsu,pace_yoso,kyori_tekisei,kyakushitsu,uma_deokure_ritsu,13,1814,76.08,7.28,72.13,False
KEIBAJO_SURFACE_07_ダ_条件戦,kyori_kubun+pace_yoso+kyakushitsu+joshodo_code,kyori_kubun,pace_yoso,kyakushitsu,joshodo_code,27,7188,74.9,7.47,72.08,False
KEIBAJO_SURFACE_07_ダ_条件戦,manken_shirushi+uma_start_shisu+uma_deokure_ritsu+joshodo_code,manken_shirushi,uma_start_shisu,uma_deokure_ritsu,joshodo_code,8,1274,78.39,9.16,72.04,False
KEIBAJO_SURFACE_07_ダ_条件戦,kyori_kubun+pace_yoso+rotation+uma_deokure_ritsu,kyori_kubun,pace_yoso,rotation,uma_deokure_ritsu,5,785,75.03,3.44,72.02,False
KEIBAJO_SURFACE_07_ダ_条件戦,pace_yoso+kyori_tekisei+ichi_shisu_juni+joshodo_code,pace_yoso,kyori_tekisei,ichi_shisu_juni,joshodo_code,6,1338,78.46,8.06,72.01,False
KEIBAJO_SURFACE_07_ダ_条件戦,kyori_kubun+pace_yoso+kyori_tekisei+joshodo_code,kyori_kubun,pace_yoso,kyori_tekisei,joshodo_code,24,6879,75.08,7.71,71.99,False
KEIBAJO_SURFACE_07_ダ_条件戦,pace_yoso+omo_tekisei_code+rotation+kyakushitsu,pace_yoso,omo_tekisei_code,rotation,kyakushitsu,9,1125,78.47,9.95,71.97,False
KEIBAJO_SURFACE_07_ダ_条件戦,kyori_kubun+hizume_code+uma_start_shisu+uma_deokure_ritsu,kyori_kubun,hizume_code,uma_start_shisu,uma_deokure_ritsu,5,1137,73.99,2.44,71.86,False
KEIBAJO_SURFACE_07_ダ_条件戦,pace_yoso+manken_shirushi+uma_deokure_ritsu+joshodo_code,pace_yoso,manken_shirushi,uma_deokure_ritsu,joshodo_code,14,1627,78.47,12.7,71.82,False
KEIBAJO_SURFACE_07_ダ_条件戦,kyori_kubun+pace_yoso+ichi_shisu_juni+joshodo_code,kyori_kubun,pace_yoso,ichi_shisu_juni,joshodo_code,14,2368,76.16,8.28,71.82,False
KEIBAJO_SURFACE_07_ダ_条件戦,omo_tekisei_code+kyori_tekisei+kyakushitsu+joshodo_code,omo_tekisei_code,kyori_tekisei,kyakushitsu,joshodo_code,25,5765,75.79,10.16,71.81,False
KEIBAJO_SURFACE_07_ダ_条件戦,kyori_tekisei+hizume_code+kyakushitsu+joshodo_code,kyori_tekisei,hizume_code,kyakushitsu,joshodo_code,13,2421,76.52,8.72,71.78,False
KEIBAJO_SURFACE_07_ダ_条件戦,kyori_kubun+pace_yoso+manken_shirushi+joshodo_code,kyori_kubun,pace_yoso,manken_shirushi,joshodo_code,9,1388,78.73,10.74,71.71,False
KEIBAJO_SURFACE_07_ダ_条件戦,pace_yoso+kyakushitsu+uma_start_shisu+joshodo_code,pace_yoso,kyakushitsu,uma_start_shisu,joshodo_code,14,2993,76.01,8.5,71.56,False
KEIBAJO_SURFACE_07_ダ_条件戦,kyori_kubun+kyori_tekisei+kyakushitsu+uma_start_shisu,kyori_kubun,kyori_tekisei,kyakushitsu,uma_start_shisu,6,1071,75.96,5.49,71.56,False
KEIBAJO_SURFACE_07_ダ_条件戦,kyori_kubun+kyori_tekisei+kyakushitsu+uma_deokure_ritsu,kyori_kubun,kyori_tekisei,kyakushitsu,uma_deokure_ritsu,11,1920,78.51,11.77,71.55,False
KEIBAJO_SURFACE_07_ダ_条件戦,kyori_tekisei+rotation+kyakushitsu+joshodo_code,kyori_tekisei,rotation,kyakushitsu,joshodo_code,12,1813,76.63,9.0,71.54,False
KEIBAJO_SURFACE_07_ダ_条件戦,kyori_kubun+rotation+kyakushitsu+joshodo_code,kyori_kubun,rotation,kyakushitsu,joshodo_code,15,2784,76.68,10.16,71.54,False
KEIBAJO_SURFACE_07_ダ_条件戦,kyori_tekisei+rotation+uma_deokure_ritsu+joshodo_code,kyori_tekisei,rotation,uma_deokure_ritsu,joshodo_code,9,1542,74.26,4.2,71.52,False
KEIBAJO_SURFACE_07_ダ_条件戦,pace_yoso+kyori_tekisei+rotation+joshodo_code,pace_yoso,kyori_tekisei,rotation,joshodo_code,17,2815,75.3,8.05,71.47,False
KEIBAJO_SURFACE_07_ダ_条件戦,pace_yoso+omo_tekisei_code+rotation+joshodo_code,pace_yoso,omo_tekisei_code,rotation,joshodo_code,16,3694,75.2,7.61,71.47,False
KEIBAJO_SURFACE_07_ダ_条件戦,pace_yoso+omo_tekisei_code+ls_shisu_juni+joshodo_code,pace_yoso,omo_tekisei_code,ls_shisu_juni,joshodo_code,19,5488,75.87,9.87,71.43,False
KEIBAJO_SURFACE_07_ダ_条件戦,kyori_kubun+rotation+uma_start_shisu+uma_deokure_ritsu,kyori_kubun,rotation,uma_start_shisu,uma_deokure_ritsu,5,848,74.66,3.73,71.39,False
KEIBAJO_SURFACE_07_ダ_条件戦,omo_tekisei_code+kyori_tekisei+kyakushitsu+uma_deokure_ritsu,omo_tekisei_code,kyori_tekisei,kyakushitsu,uma_deokure_ritsu,12,1918,75.9,8.0,71.38,False
KEIBAJO_SURFACE_07_ダ_条件戦,pace_yoso+kyori_tekisei+uma_start_shisu+uma_deokure_ritsu,pace_yoso,kyori_tekisei,uma_start_shisu,uma_deokure_ritsu,9,1855,76.58,7.98,71.37,False
KEIBAJO_SURFACE_07_ダ_条件戦,omo_tekisei_code+rotation+kyakushitsu+joshodo_code,omo_tekisei_code,rotation,kyakushitsu,joshodo_code,17,3231,76.69,11.25,71.34,False
KEIBAJO_SURFACE_07_ダ_条件戦,pace_yoso+omo_tekisei_code+ichi_shisu_juni+joshodo_code,pace_yoso,omo_tekisei_code,ichi_shisu_juni,joshodo_code,21,2763,74.58,7.69,71.29,False
KEIBAJO_SURFACE_07_ダ_条件戦,kyori_kubun+pace_yoso+kyakushitsu+uma_deokure_ritsu,kyori_kubun,pace_yoso,kyakushitsu,uma_deokure_ritsu,16,2747,74.33,6.36,71.21,False
KEIBAJO_SURFACE_07_ダ_条件戦,kyori_kubun+manken_shirushi+omo_tekisei_code+joshodo_code,kyori_kubun,manken_shirushi,omo_tekisei_code,joshodo_code,15,2142,76.03,9.54,71.2,False
KEIBAJO_SURFACE_07_ダ_条件戦,manken_shirushi+omo_tekisei_code+hizume_code+joshodo_code,manken_shirushi,omo_tekisei_code,hizume_code,joshodo_code,8,1148,76.64,7.88,71.18,False
KEIBAJO_SURFACE_07_ダ_条件戦,kyori_kubun+omo_tekisei_code+kyori_tekisei+rotation,kyori_kubun,omo_tekisei_code,kyori_tekisei,rotation,8,1573,75.44,6.21,71.13,False
KEIBAJO_SURFACE_07_ダ_条件戦,kyori_kubun+kyori_tekisei+hizume_code+uma_start_shisu,kyori_kubun,kyori_tekisei,hizume_code,uma_start_shisu,5,865,77.32,7.08,71.11,False
KEIBAJO_SURFACE_07_ダ_条件戦,kyori_kubun+kyori_tekisei+hizume_code+ls_shisu_juni,kyori_kubun,kyori_tekisei,hizume_code,ls_shisu_juni,6,1097,78.03,8.66,71.1,False
KEIBAJO_SURFACE_07_ダ_条件戦,kyori_kubun+kyakushitsu+uma_start_shisu+joshodo_code,kyori_kubun,kyakushitsu,uma_start_shisu,joshodo_code,14,3108,73.75,5.06,71.1,False
KEIBAJO_SURFACE_07_ダ_条件戦,pace_yoso+kyori_tekisei+hizume_code+joshodo_code,pace_yoso,kyori_tekisei,hizume_code,joshodo_code,18,3497,76.59,11.96,71.07,False
KEIBAJO_SURFACE_07_ダ_条件戦,pace_yoso+rotation+kyakushitsu+joshodo_code,pace_yoso,rotation,kyakushitsu,joshodo_code,16,2835,76.25,10.67,71.02,False
KEIBAJO_SURFACE_07_ダ_条件戦,omo_tekisei_code+kyori_tekisei+ls_shisu_juni+joshodo_code,omo_tekisei_code,kyori_tekisei,ls_shisu_juni,joshodo_code,17,4501,75.0,8.44,70.99,False
KEIBAJO_SURFACE_07_ダ_条件戦,kyori_kubun+pace_yoso+kyakushitsu+uma_start_shisu,kyori_kubun,pace_yoso,kyakushitsu,uma_start_shisu,11,1690,74.45,5.94,70.94,False
KEIBAJO_SURFACE_07_ダ_条件戦,kyori_kubun+omo_tekisei_code+kyori_tekisei+joshodo_code,kyori_kubun,omo_tekisei_code,kyori_tekisei,joshodo_code,21,6242,75.46,10.59,70.94,False
KEIBAJO_SURFACE_07_ダ_条件戦,kyori_kubun+omo_tekisei_code+ichi_shisu_juni+joshodo_code,kyori_kubun,omo_tekisei_code,ichi_shisu_juni,joshodo_code,23,3056,75.84,12.11,70.89,False
KEIBAJO_SURFACE_07_ダ_条件戦,kyori_kubun+kyori_tekisei+kyakushitsu+joshodo_code,kyori_kubun,kyori_tekisei,kyakushitsu,joshodo_code,27,6539,75.92,13.47,70.84,False
KEIBAJO_SURFACE_07_ダ_条件戦,kyakushitsu+uma_start_shisu+uma_deokure_ritsu+ichi_shisu_juni,kyakushitsu,uma_start_shisu,uma_deokure_ritsu,ichi_shisu_juni,5,729,74.45,4.12,70.84,False
KEIBAJO_SURFACE_07_ダ_条件戦,manken_shirushi+kyori_tekisei+uma_deokure_ritsu+joshodo_code,manken_shirushi,kyori_tekisei,uma_deokure_ritsu,joshodo_code,6,669,78.08,9.11,70.79,False
KEIBAJO_SURFACE_07_ダ_条件戦,omo_tekisei_code+hizume_code+kyakushitsu+joshodo_code,omo_tekisei_code,hizume_code,kyakushitsu,joshodo_code,18,4063,75.77,11.03,70.68,False
KEIBAJO_SURFACE_07_ダ_条件戦,kyori_kubun+pace_yoso+omo_tekisei_code+rotation,kyori_kubun,pace_yoso,omo_tekisei_code,rotation,13,2062,73.54,5.3,70.66,False
KEIBAJO_SURFACE_07_ダ_条件戦,kyori_tekisei+kyakushitsu+uma_start_shisu+uma_deokure_ritsu,kyori_tekisei,kyakushitsu,uma_start_shisu,uma_deokure_ritsu,10,1746,75.19,7.4,70.6,False
KEIBAJO_SURFACE_07_ダ_条件戦,pace_yoso+omo_tekisei_code+kyakushitsu+joshodo_code,pace_yoso,omo_tekisei_code,kyakushitsu,joshodo_code,19,6210,74.0,7.57,70.6,False
KEIBAJO_SURFACE_07_ダ_条件戦,kyori_kubun+rotation+uma_start_shisu+joshodo_code,kyori_kubun,rotation,uma_start_shisu,joshodo_code,7,1292,75.09,6.08,70.59,False
KEIBAJO_SURFACE_07_ダ_条件戦,pace_yoso+omo_tekisei_code+kyakushitsu+uma_start_shisu,pace_yoso,omo_tekisei_code,kyakushitsu,uma_start_shisu,10,1809,74.98,7.09,70.59,False
KEIBAJO_SURFACE_07_ダ_条件戦,kyori_kubun+pace_yoso+ls_shisu_juni+joshodo_code,kyori_kubun,pace_yoso,ls_shisu_juni,joshodo_code,18,5170,73.79,7.06,70.53,False
KEIBAJO_SURFACE_07_ダ_条件戦,pace_yoso+omo_tekisei_code+hizume_code+joshodo_code,pace_yoso,omo_tekisei_code,hizume_code,joshodo_code,17,4679,75.46,10.45,70.49,False
KEIBAJO_SURFACE_07_ダ_条件戦,omo_tekisei_code+hizume_code+rotation+joshodo_code,omo_tekisei_code,hizume_code,rotation,joshodo_code,10,2032,78.33,12.67,70.48,False
KEIBAJO_SURFACE_07_ダ_条件戦,kyori_kubun+rotation+uma_deokure_ritsu+joshodo_code,kyori_kubun,rotation,uma_deokure_ritsu,joshodo_code,12,2188,73.84,5.98,70.45,False
KEIBAJO_SURFACE_07_ダ_条件戦,kyori_kubun+pace_yoso+kyori_tekisei+ichi_shisu_juni,kyori_kubun,pace_yoso,kyori_tekisei,ichi_shisu_juni,8,1501,76.5,8.75,70.44,False
KEIBAJO_SURFACE_07_ダ_条件戦,omo_tekisei_code+kyakushitsu+uma_start_shisu+joshodo_code,omo_tekisei_code,kyakushitsu,uma_start_shisu,joshodo_code,12,3032,77.41,12.39,70.4,False
KEIBAJO_SURFACE_07_ダ_条件戦,kyori_kubun+omo_tekisei_code+uma_start_shisu+joshodo_code,kyori_kubun,omo_tekisei_code,uma_start_shisu,joshodo_code,11,3194,74.12,6.31,70.39,False
KEIBAJO_SURFACE_07_ダ_条件戦,kyori_tekisei+kyakushitsu+uma_deokure_ritsu+joshodo_code,kyori_tekisei,kyakushitsu,uma_deokure_ritsu,joshodo_code,16,3458,73.4,6.15,70.39,False
KEIBAJO_SURFACE_07_ダ_条件戦,kyori_kubun+pace_yoso+hizume_code+joshodo_code,kyori_kubun,pace_yoso,hizume_code,joshodo_code,18,4246,74.72,9.4,70.37,False
KEIBAJO_SURFACE_07_ダ_条件戦,kyakushitsu+uma_deokure_ritsu+ichi_shisu_juni+joshodo_code,kyakushitsu,uma_deokure_ritsu,ichi_shisu_juni,joshodo_code,11,1894,73.99,6.13,70.36,False
KEIBAJO_SURFACE_07_ダ_条件戦,kyori_kubun+pace_yoso+omo_tekisei_code+kyori_tekisei,kyori_kubun,pace_yoso,omo_tekisei_code,kyori_tekisei,24,4644,74.56,10.51,70.35,False
KEIBAJO_SURFACE_07_ダ_条件戦,kyori_kubun+omo_tekisei_code+uma_deokure_ritsu+ichi_shisu_juni,kyori_kubun,omo_tekisei_code,uma_deokure_ritsu,ichi_shisu_juni,4,516,79.64,9.48,70.34,False
KEIBAJO_SURFACE_07_ダ_条件戦,pace_yoso+omo_tekisei_code+kyori_tekisei+uma_deokure_ritsu,pace_yoso,omo_tekisei_code,kyori_tekisei,uma_deokure_ritsu,15,2595,73.1,5.54,70.3,False
KEIBAJO_SURFACE_07_ダ_条件戦,omo_tekisei_code+kyori_tekisei+uma_start_shisu+joshodo_code,omo_tekisei_code,kyori_tekisei,uma_start_shisu,joshodo_code,11,2736,76.0,9.69,70.28,False
KEIBAJO_SURFACE_07_ダ_条件戦,pace_yoso+omo_tekisei_code+kyakushitsu+uma_deokure_ritsu,pace_yoso,omo_tekisei_code,kyakushitsu,uma_deokure_ritsu,15,2889,74.43,8.26,70.25,False
KEIBAJO_SURFACE_07_ダ_条件戦,kyori_tekisei+hizume_code+kyakushitsu+uma_deokure_ritsu,kyori_tekisei,hizume_code,kyakushitsu,uma_deokure_ritsu,4,588,78.57,8.52,70.22,False
KEIBAJO_SURFACE_07_ダ_条件戦,kyori_kubun+pace_yoso+omo_tekisei_code+ichi_shisu_juni,kyori_kubun,pace_yoso,omo_tekisei_code,ichi_shisu_juni,4,430,79.64,9.61,70.22,False
KEIBAJO_SURFACE_07_ダ_条件戦,kyori_kubun+omo_tekisei_code+rotation+uma_start_shisu,kyori_kubun,omo_tekisei_code,rotation,uma_start_shisu,4,641,75.43,5.35,70.19,False
KEIBAJO_SURFACE_07_ダ_条件戦,kyori_tekisei+kyakushitsu+uma_start_shisu+joshodo_code,kyori_tekisei,kyakushitsu,uma_start_shisu,joshodo_code,11,2262,74.12,6.74,70.13,False
KEIBAJO_SURFACE_07_ダ_条件戦,pace_yoso+omo_tekisei_code+kyori_tekisei+kyakushitsu,pace_yoso,omo_tekisei_code,kyori_tekisei,kyakushitsu,23,3120,74.02,9.71,70.05,False
KEIBAJO_SURFACE_07_ダ_条件戦,kyori_kubun+uma_start_shisu+ichi_shisu_juni+joshodo_code,kyori_kubun,uma_start_shisu,ichi_shisu_juni,joshodo_code,6,855,74.38,5.43,70.04,False
KEIBAJO_SURFACE_07_ダ_条件戦,kyori_tekisei+hizume_code+ichi_shisu_juni+joshodo_code,kyori_tekisei,hizume_code,ichi_shisu_juni,joshodo_code,3,335,75.66,4.97,70.03,False
KEIBAJO_SURFACE_07_ダ_条件戦,omo_tekisei_code+kyakushitsu+uma_start_shisu+uma_deokure_ritsu,omo_tekisei_code,kyakushitsu,uma_start_shisu,uma_deokure_ritsu,7,2003,74.69,6.48,69.89,False
KEIBAJO_SURFACE_07_ダ_条件戦,kishu_minarai_code+kyakushitsu+ls_shisu_juni+joshodo_code,kishu_minarai_code,kyakushitsu,ls_shisu_juni,joshodo_code,3,413,74.84,4.38,69.88,False
KEIBAJO_SURFACE_07_ダ_条件戦,pace_yoso+kyakushitsu+ichi_shisu_juni+joshodo_code,pace_yoso,kyakushitsu,ichi_shisu_juni,joshodo_code,18,2934,74.44,9.93,69.85,False
KEIBAJO_SURFACE_07_ダ_条件戦,kyori_kubun+hizume_code+ls_shisu_juni+joshodo_code,kyori_kubun,hizume_code,ls_shisu_juni,joshodo_code,14,3016,75.05,9.93,69.85,False
KEIBAJO_SURFACE_07_ダ_条件戦,kyori_kubun+kyori_tekisei+rotation+kyakushitsu,kyori_kubun,kyori_tekisei,rotation,kyakushitsu,6,1054,77.78,9.94,69.83,False
KEIBAJO_SURFACE_07_ダ_条件戦,pace_yoso+rotation+uma_start_shisu+joshodo_code,pace_yoso,rotation,uma_start_shisu,joshodo_code,7,1307,77.38,10.24,69.8,False
KEIBAJO_SURFACE_07_ダ_条件戦,omo_tekisei_code+kishu_minarai_code+ls_shisu_juni+joshodo_code,omo_tekisei_code,kishu_minarai_code,ls_shisu_juni,joshodo_code,4,762,79.27,9.67,69.79,False
KEIBAJO_SURFACE_07_ダ_条件戦,pace_yoso+kyori_tekisei+ls_shisu_juni+joshodo_code,pace_yoso,kyori_tekisei,ls_shisu_juni,joshodo_code,18,4616,73.32,7.71,69.76,False
KEIBAJO_SURFACE_07_ダ_条件戦,omo_tekisei_code+kyori_tekisei+kyakushitsu+uma_start_shisu,omo_tekisei_code,kyori_tekisei,kyakushitsu,uma_start_shisu,11,1447,75.36,9.53,69.73,False
KEIBAJO_SURFACE_07_ダ_条件戦,omo_tekisei_code+hizume_code+uma_start_shisu+uma_deokure_ritsu,omo_tekisei_code,hizume_code,uma_start_shisu,uma_deokure_ritsu,7,1586,73.44,5.03,69.71,False
KEIBAJO_SURFACE_07_ダ_条件戦,pace_yoso+kyakushitsu+uma_deokure_ritsu+joshodo_code,pace_yoso,kyakushitsu,uma_deokure_ritsu,joshodo_code,15,3969,72.26,5.12,69.67,False
KEIBAJO_SURFACE_07_ダ_条件戦,omo_tekisei_code+kyori_tekisei+uma_start_shisu+uma_deokure_ritsu,omo_tekisei_code,kyori_tekisei,uma_start_shisu,uma_deokure_ritsu,8,1921,76.04,9.21,69.66,False
KEIBAJO_SURFACE_07_ダ_条件戦,kyori_kubun+kyori_tekisei+hizume_code+rotation,kyori_kubun,kyori_tekisei,hizume_code,rotation,4,731,82.79,13.5,69.56,False
KEIBAJO_SURFACE_07_ダ_条件戦,pace_yoso+omo_tekisei_code+uma_deokure_ritsu+ichi_shisu_juni,pace_yoso,omo_tekisei_code,uma_deokure_ritsu,ichi_shisu_juni,5,613,76.26,7.69,69.52,False
KEIBAJO_SURFACE_07_ダ_条件戦,omo_tekisei_code+rotation+uma_start_shisu+joshodo_code,omo_tekisei_code,rotation,uma_start_shisu,joshodo_code,5,1245,75.62,6.99,69.5,False
KEIBAJO_SURFACE_07_ダ_条件戦,kyori_kubun+pace_yoso+omo_tekisei_code+hizume_code,kyori_kubun,pace_yoso,omo_tekisei_code,hizume_code,17,3075,75.09,11.82,69.47,False
KEIBAJO_SURFACE_07_ダ_条件戦,pace_yoso+omo_tekisei_code+rotation+uma_deokure_ritsu,pace_yoso,omo_tekisei_code,rotation,uma_deokure_ritsu,9,1324,76.15,10.24,69.46,False
KEIBAJO_SURFACE_07_ダ_条件戦,kyori_kubun+pace_yoso+kyori_tekisei+kyakushitsu,kyori_kubun,pace_yoso,kyori_tekisei,kyakushitsu,19,3956,74.47,11.25,69.42,False
KEIBAJO_SURFACE_07_ダ_条件戦,kyori_kubun+pace_yoso+omo_tekisei_code+uma_deokure_ritsu,kyori_kubun,pace_yoso,omo_tekisei_code,uma_deokure_ritsu,13,3040,72.99,6.57,69.42,False
KEIBAJO_SURFACE_07_ダ_条件戦,kyori_kubun+pace_yoso+kyori_tekisei+uma_deokure_ritsu,kyori_kubun,pace_yoso,kyori_tekisei,uma_deokure_ritsu,14,2497,73.47,7.85,69.36,False
KEIBAJO_SURFACE_07_ダ_条件戦,kyori_kubun+omo_tekisei_code+ls_shisu_juni+joshodo_code,kyori_kubun,omo_tekisei_code,ls_shisu_juni,joshodo_code,16,5095,73.81,9.13,69.34,False
KEIBAJO_SURFACE_07_ダ_条件戦,omo_tekisei_code+kyakushitsu+ichi_shisu_juni+joshodo_code,omo_tekisei_code,kyakushitsu,ichi_shisu_juni,joshodo_code,20,2721,74.82,12.78,69.22,False
KEIBAJO_SURFACE_07_ダ_条件戦,kyori_kubun+pace_yoso+omo_tekisei_code+uma_start_shisu,kyori_kubun,pace_yoso,omo_tekisei_code,uma_start_shisu,12,2274,73.65,7.85,69.21,False
KEIBAJO_SURFACE_07_ダ_条件戦,kyori_kubun+omo_tekisei_code+kyakushitsu+uma_start_shisu,kyori_kubun,omo_tekisei_code,kyakushitsu,uma_start_shisu,12,1969,73.43,7.57,69.15,False
KEIBAJO_SURFACE_07_ダ_条件戦,pace_yoso+rotation+uma_start_shisu+uma_deokure_ritsu,pace_yoso,rotation,uma_start_shisu,uma_deokure_ritsu,5,873,77.16,9.21,69.09,False
KEIBAJO_SURFACE_07_ダ_条件戦,kyori_kubun+hizume_code+uma_start_shisu+joshodo_code,kyori_kubun,hizume_code,uma_start_shisu,joshodo_code,8,1773,72.18,4.48,69.08,False
KEIBAJO_SURFACE_07_ダ_条件戦,kyori_kubun+pace_yoso+kyori_tekisei+uma_start_shisu,kyori_kubun,pace_yoso,kyori_tekisei,uma_start_shisu,9,1562,75.64,10.07,69.07,False
KEIBAJO_SURFACE_07_ダ_条件戦,kyori_kubun+hizume_code+uma_deokure_ritsu+ls_shisu_juni,kyori_kubun,hizume_code,uma_deokure_ritsu,ls_shisu_juni,5,883,77.04,9.11,69.05,False
KEIBAJO_SURFACE_07_ダ_条件戦,pace_yoso+omo_tekisei_code+rotation+uma_start_shisu,pace_yoso,omo_tekisei_code,rotation,uma_start_shisu,5,692,78.48,10.78,69.03,False
KEIBAJO_SURFACE_07_ダ_条件戦,rotation+kyakushitsu+uma_deokure_ritsu+ls_shisu_juni,rotation,kyakushitsu,uma_deokure_ritsu,ls_shisu_juni,4,498,74.74,5.84,69.02,False
KEIBAJO_SURFACE_07_ダ_条件戦,kyori_kubun+kyori_tekisei+kyakushitsu+ichi_shisu_juni,kyori_kubun,kyori_tekisei,kyakushitsu,ichi_shisu_juni,5,1198,74.29,6.12,68.93,False
KEIBAJO_SURFACE_07_ダ_条件戦,kyori_tekisei+hizume_code+rotation+joshodo_code,kyori_tekisei,hizume_code,rotation,joshodo_code,9,1422,76.68,11.89,68.92,False
KEIBAJO_SURFACE_07_ダ_条件戦,pace_yoso+manken_shirushi+kyori_tekisei+joshodo_code,pace_yoso,manken_shirushi,kyori_tekisei,joshodo_code,6,771,78.92,12.53,68.9,False
KEIBAJO_SURFACE_07_ダ_条件戦,kyori_kubun+pace_yoso+hizume_code+kyakushitsu,kyori_kubun,pace_yoso,hizume_code,kyakushitsu,10,1474,73.57,7.54,68.89,False
KEIBAJO_SURFACE_07_ダ_条件戦,kyori_kubun+kyori_tekisei+uma_start_shisu+joshodo_code,kyori_kubun,kyori_tekisei,uma_start_shisu,joshodo_code,16,3284,74.76,12.02,68.87,False
KEIBAJO_SURFACE_07_ダ_条件戦,omo_tekisei_code+rotation+uma_start_shisu+uma_deokure_ritsu,omo_tekisei_code,rotation,uma_start_shisu,uma_deokure_ritsu,5,1022,76.29,8.52,68.82,False
KEIBAJO_SURFACE_07_ダ_条件戦,omo_tekisei_code+uma_deokure_ritsu+ichi_shisu_juni+joshodo_code,omo_tekisei_code,uma_deokure_ritsu,ichi_shisu_juni,joshodo_code,13,2214,74.75,10.96,68.79,False
KEIBAJO_SURFACE_07_ダ_条件戦,pace_yoso+uma_start_shisu+ichi_shisu_juni+joshodo_code,pace_yoso,uma_start_shisu,ichi_shisu_juni,joshodo_code,10,1213,74.41,9.08,68.78,False
KEIBAJO_SURFACE_07_ダ_条件戦,kyori_kubun+kyori_tekisei+hizume_code+uma_deokure_ritsu,kyori_kubun,kyori_tekisei,hizume_code,uma_deokure_ritsu,4,888,78.02,9.44,68.77,False
KEIBAJO_SURFACE_07_ダ_条件戦,pace_yoso+omo_tekisei_code+kyori_tekisei+rotation,pace_yoso,omo_tekisei_code,kyori_tekisei,rotation,7,949,71.69,3.98,68.74,False
KEIBAJO_SURFACE_07_ダ_条件戦,pace_yoso+rotation+uma_deokure_ritsu+ls_shisu_juni,pace_yoso,rotation,uma_deokure_ritsu,ls_shisu_juni,4,574,74.41,5.78,68.74,False
KEIBAJO_SURFACE_07_ダ_条件戦,pace_yoso+rotation+kyakushitsu+uma_start_shisu,pace_yoso,rotation,kyakushitsu,uma_start_shisu,4,445,80.91,12.43,68.73,False
KEIBAJO_SURFACE_07_ダ_条件戦,kyori_kubun+kyori_tekisei+rotation+joshodo_code,kyori_kubun,kyori_tekisei,rotation,joshodo_code,11,2684,73.23,7.7,68.69,False
KEIBAJO_SURFACE_07_ダ_条件戦,pace_yoso+uma_deokure_ritsu+ichi_shisu_juni+joshodo_code,pace_yoso,uma_deokure_ritsu,ichi_shisu_juni,joshodo_code,12,1876,73.45,8.44,68.68,False
KEIBAJO_SURFACE_07_ダ_条件戦,pace_yoso+omo_tekisei_code+hizume_code+kyakushitsu,pace_yoso,omo_tekisei_code,hizume_code,kyakushitsu,14,2175,73.53,9.29,68.67,False
KEIBAJO_SURFACE_07_ダ_条件戦,pace_yoso+hizume_code+kyakushitsu+joshodo_code,pace_yoso,hizume_code,kyakushitsu,joshodo_code,19,3681,71.82,7.0,68.67,False
KEIBAJO_SURFACE_07_ダ_条件戦,pace_yoso+kyakushitsu+uma_start_shisu+uma_deokure_ritsu,pace_yoso,kyakushitsu,uma_start_shisu,uma_deokure_ritsu,9,1992,73.97,8.12,68.67,False
KEIBAJO_SURFACE_07_ダ_条件戦,kyori_kubun+pace_yoso+kyakushitsu+ls_shisu_juni,kyori_kubun,pace_yoso,kyakushitsu,ls_shisu_juni,18,3232,72.83,9.18,68.59,False
KEIBAJO_SURFACE_07_ダ_条件戦,pace_yoso+omo_tekisei_code+uma_start_shisu+joshodo_code,pace_yoso,omo_tekisei_code,uma_start_shisu,joshodo_code,11,3170,75.88,12.48,68.51,False
KEIBAJO_SURFACE_07_ダ_条件戦,hizume_code+uma_start_shisu+uma_deokure_ritsu+joshodo_code,hizume_code,uma_start_shisu,uma_deokure_ritsu,joshodo_code,6,1820,74.23,7.17,68.49,False
KEIBAJO_SURFACE_07_ダ_条件戦,omo_tekisei_code+kyori_tekisei+kyakushitsu+ls_shisu_juni,omo_tekisei_code,kyori_tekisei,kyakushitsu,ls_shisu_juni,19,2633,74.69,13.8,68.49,False
KEIBAJO_SURFACE_07_ダ_条件戦,kyori_kubun+pace_yoso+hizume_code+uma_start_shisu,kyori_kubun,pace_yoso,hizume_code,uma_start_shisu,8,1120,73.4,7.12,68.47,False
KEIBAJO_SURFACE_07_ダ_条件戦,pace_yoso+hizume_code+rotation+joshodo_code,pace_yoso,hizume_code,rotation,joshodo_code,9,1647,74.06,8.67,68.39,False
KEIBAJO_SURFACE_07_ダ_条件戦,pace_yoso+kyori_tekisei+uma_deokure_ritsu+joshodo_code,pace_yoso,kyori_tekisei,uma_deokure_ritsu,joshodo_code,13,3416,72.89,8.34,68.35,False
KEIBAJO_SURFACE_07_ダ_条件戦,pace_yoso+kyakushitsu+ls_shisu_juni+joshodo_code,pace_yoso,kyakushitsu,ls_shisu_juni,joshodo_code,21,5038,72.06,8.71,68.34,False
KEIBAJO_SURFACE_07_ダ_条件戦,kyori_kubun+omo_tekisei_code+hizume_code+ls_shisu_juni,kyori_kubun,omo_tekisei_code,hizume_code,ls_shisu_juni,13,2229,74.74,11.81,68.32,False
KEIBAJO_SURFACE_07_ダ_条件戦,pace_yoso+omo_tekisei_code+uma_start_shisu+uma_deokure_ritsu,pace_yoso,omo_tekisei_code,uma_start_shisu,uma_deokure_ritsu,6,2056,74.48,7.74,68.28,False
KEIBAJO_SURFACE_07_ダ_条件戦,kyori_kubun+kyori_tekisei+hizume_code+joshodo_code,kyori_kubun,kyori_tekisei,hizume_code,joshodo_code,17,3648,74.32,12.71,68.28,False
KEIBAJO_SURFACE_07_ダ_条件戦,pace_yoso+kyori_tekisei+kyakushitsu+ls_shisu_juni,pace_yoso,kyori_tekisei,kyakushitsu,ls_shisu_juni,18,2818,72.61,9.75,68.11,False
KEIBAJO_SURFACE_07_ダ_条件戦,omo_tekisei_code+kyakushitsu+uma_deokure_ritsu+ichi_shisu_juni,omo_tekisei_code,kyakushitsu,uma_deokure_ritsu,ichi_shisu_juni,5,742,74.83,7.7,68.07,False
KEIBAJO_SURFACE_07_ダ_条件戦,kyakushitsu+uma_start_shisu+uma_deokure_ritsu+joshodo_code,kyakushitsu,uma_start_shisu,uma_deokure_ritsu,joshodo_code,6,2453,72.7,5.86,68.01,False
KEIBAJO_SURFACE_07_ダ_条件戦,kyori_kubun+omo_tekisei_code+kyakushitsu+uma_deokure_ritsu,kyori_kubun,omo_tekisei_code,kyakushitsu,uma_deokure_ritsu,20,3337,72.11,9.37,68.0,False
KEIBAJO_SURFACE_07_ダ_条件戦,kyori_kubun+omo_tekisei_code+kyori_tekisei+kyakushitsu,kyori_kubun,omo_tekisei_code,kyori_tekisei,kyakushitsu,19,3449,73.61,12.53,67.98,False
KEIBAJO_SURFACE_07_ダ_条件戦,kyori_tekisei+kyakushitsu+ichi_shisu_juni+joshodo_code,kyori_tekisei,kyakushitsu,ichi_shisu_juni,joshodo_code,6,1398,73.96,7.49,67.96,False
KEIBAJO_SURFACE_07_ダ_条件戦,omo_tekisei_code+kishu_minarai_code+kyakushitsu+joshodo_code,omo_tekisei_code,kishu_minarai_code,kyakushitsu,joshodo_code,5,585,79.74,13.45,67.95,False
KEIBAJO_SURFACE_07_ダ_条件戦,hizume_code+rotation+uma_deokure_ritsu+joshodo_code,hizume_code,rotation,uma_deokure_ritsu,joshodo_code,5,978,74.78,7.83,67.91,False
KEIBAJO_SURFACE_07_ダ_条件戦,kyori_kubun+hizume_code+kyakushitsu+uma_start_shisu,kyori_kubun,hizume_code,kyakushitsu,uma_start_shisu,6,806,74.01,7.67,67.88,False
KEIBAJO_SURFACE_07_ダ_条件戦,omo_tekisei_code+kyori_tekisei+hizume_code+joshodo_code,omo_tekisei_code,kyori_tekisei,hizume_code,joshodo_code,16,3740,74.25,13.06,67.85,False
KEIBAJO_SURFACE_07_ダ_条件戦,pace_yoso+uma_start_shisu+ls_shisu_juni+joshodo_code,pace_yoso,uma_start_shisu,ls_shisu_juni,joshodo_code,13,2642,75.46,14.02,67.84,False
KEIBAJO_SURFACE_07_ダ_条件戦,omo_tekisei_code+hizume_code+uma_start_shisu+ls_shisu_juni,omo_tekisei_code,hizume_code,uma_start_shisu,ls_shisu_juni,4,805,72.04,4.3,67.83,False
KEIBAJO_SURFACE_07_ダ_条件戦,kyori_kubun+hizume_code+rotation+joshodo_code,kyori_kubun,hizume_code,rotation,joshodo_code,9,1691,75.16,11.24,67.82,False
KEIBAJO_SURFACE_07_ダ_条件戦,kyori_tekisei+uma_start_shisu+uma_deokure_ritsu+joshodo_code,kyori_tekisei,uma_start_shisu,uma_deokure_ritsu,joshodo_code,5,2161,73.37,6.34,67.81,False
KEIBAJO_SURFACE_07_ダ_条件戦,pace_yoso+hizume_code+ls_shisu_juni+joshodo_code,pace_yoso,hizume_code,ls_shisu_juni,joshodo_code,17,3302,72.11,9.07,67.8,False
KEIBAJO_SURFACE_07_ダ_条件戦,manken_shirushi+omo_tekisei_code+uma_start_shisu+joshodo_code,manken_shirushi,omo_tekisei_code,uma_start_shisu,joshodo_code,7,857,75.75,10.73,67.8,False
KEIBAJO_SURFACE_07_ダ_条件戦,kyori_tekisei+hizume_code+kyakushitsu+ls_shisu_juni,kyori_tekisei,hizume_code,kyakushitsu,ls_shisu_juni,5,677,71.09,3.77,67.79,False
KEIBAJO_SURFACE_07_ダ_条件戦,pace_yoso+uma_start_shisu+uma_deokure_ritsu+ls_shisu_juni,pace_yoso,uma_start_shisu,uma_deokure_ritsu,ls_shisu_juni,7,1537,78.82,14.91,67.77,False
KEIBAJO_SURFACE_07_ダ_条件戦,pace_yoso+omo_tekisei_code+kyori_tekisei+hizume_code,pace_yoso,omo_tekisei_code,kyori_tekisei,hizume_code,11,1926,74.75,11.9,67.72,False
KEIBAJO_SURFACE_07_ダ_条件戦,pace_yoso+omo_tekisei_code+hizume_code+uma_start_shisu,pace_yoso,omo_tekisei_code,hizume_code,uma_start_shisu,7,1272,73.63,8.01,67.7,False
KEIBAJO_SURFACE_07_ダ_条件戦,omo_tekisei_code+rotation+uma_deokure_ritsu+joshodo_code,omo_tekisei_code,rotation,uma_deokure_ritsu,joshodo_code,7,1851,74.24,8.94,67.62,False
KEIBAJO_SURFACE_07_ダ_条件戦,hizume_code+rotation+kyakushitsu+uma_deokure_ritsu,hizume_code,rotation,kyakushitsu,uma_deokure_ritsu,3,333,73.74,5.41,67.61,False
KEIBAJO_SURFACE_07_ダ_条件戦,kyori_kubun+manken_shirushi+uma_deokure_ritsu+joshodo_code,kyori_kubun,manken_shirushi,uma_deokure_ritsu,joshodo_code,6,855,76.71,11.38,67.6,False
KEIBAJO_SURFACE_07_ダ_条件戦,kyori_tekisei+uma_deokure_ritsu+ls_shisu_juni+joshodo_code,kyori_tekisei,uma_deokure_ritsu,ls_shisu_juni,joshodo_code,13,2730,72.97,10.09,67.49,False
KEIBAJO_SURFACE_07_ダ_条件戦,uma_start_shisu+uma_deokure_ritsu+ichi_shisu_juni+joshodo_code,uma_start_shisu,uma_deokure_ritsu,ichi_shisu_juni,joshodo_code,9,1740,74.74,11.11,67.48,False
KEIBAJO_SURFACE_07_ダ_条件戦,pace_yoso+kyori_tekisei+uma_start_shisu+joshodo_code,pace_yoso,kyori_tekisei,uma_start_shisu,joshodo_code,12,2620,74.18,11.93,67.43,False
KEIBAJO_SURFACE_07_ダ_条件戦,pace_yoso+omo_tekisei_code+rotation+ls_shisu_juni,pace_yoso,omo_tekisei_code,rotation,ls_shisu_juni,8,1248,71.88,6.43,67.42,False
KEIBAJO_SURFACE_07_ダ_条件戦,kyori_kubun+omo_tekisei_code+rotation+uma_deokure_ritsu,kyori_kubun,omo_tekisei_code,rotation,uma_deokure_ritsu,8,1250,72.29,7.06,67.4,False
KEIBAJO_SURFACE_07_ダ_条件戦,omo_tekisei_code+rotation+uma_deokure_ritsu+ls_shisu_juni,omo_tekisei_code,rotation,uma_deokure_ritsu,ls_shisu_juni,5,788,75.2,8.9,67.4,False
KEIBAJO_SURFACE_07_ダ_条件戦,kyori_kubun+kyakushitsu+uma_deokure_ritsu+joshodo_code,kyori_kubun,kyakushitsu,uma_deokure_ritsu,joshodo_code,15,4099,70.63,6.42,67.38,False
KEIBAJO_SURFACE_07_ダ_条件戦,kyori_kubun+pace_yoso+uma_start_shisu+joshodo_code,kyori_kubun,pace_yoso,uma_start_shisu,joshodo_code,11,3054,72.78,9.17,67.36,False
KEIBAJO_SURFACE_07_ダ_条件戦,kyori_kubun+kyakushitsu+ichi_shisu_juni+joshodo_code,kyori_kubun,kyakushitsu,ichi_shisu_juni,joshodo_code,20,3073,74.48,16.3,67.33,False
KEIBAJO_SURFACE_07_ダ_条件戦,pace_yoso+omo_tekisei_code+kishu_minarai_code+joshodo_code,pace_yoso,omo_tekisei_code,kishu_minarai_code,joshodo_code,8,1172,73.08,8.32,67.31,False
KEIBAJO_SURFACE_07_ダ_条件戦,kyori_kubun+pace_yoso+omo_tekisei_code+ls_shisu_juni,kyori_kubun,pace_yoso,omo_tekisei_code,ls_shisu_juni,17,3757,71.57,8.98,67.31,False
KEIBAJO_SURFACE_07_ダ_条件戦,kyori_kubun+hizume_code+kyakushitsu+uma_deokure_ritsu,kyori_kubun,hizume_code,kyakushitsu,uma_deokure_ritsu,9,1290,71.77,6.89,67.27,False
KEIBAJO_SURFACE_07_ダ_条件戦,rotation+kyakushitsu+ls_shisu_juni+joshodo_code,rotation,kyakushitsu,ls_shisu_juni,joshodo_code,9,1692,76.92,14.79,67.26,False
KEIBAJO_SURFACE_07_ダ_条件戦,omo_tekisei_code+kyori_tekisei+rotation+kyakushitsu,omo_tekisei_code,kyori_tekisei,rotation,kyakushitsu,3,312,77.92,9.46,67.21,False
KEIBAJO_SURFACE_07_ダ_条件戦,manken_shirushi+omo_tekisei_code+uma_deokure_ritsu+joshodo_code,manken_shirushi,omo_tekisei_code,uma_deokure_ritsu,joshodo_code,8,1253,76.53,13.58,67.13,False
KEIBAJO_SURFACE_07_ダ_条件戦,pace_yoso+manken_shirushi+uma_start_shisu+joshodo_code,pace_yoso,manken_shirushi,uma_start_shisu,joshodo_code,3,309,87.67,18.19,67.09,False
KEIBAJO_SURFACE_07_ダ_条件戦,kyori_kubun+uma_start_shisu+ls_shisu_juni+joshodo_code,kyori_kubun,uma_start_shisu,ls_shisu_juni,joshodo_code,11,2471,74.1,11.94,67.04,False
KEIBAJO_SURFACE_07_ダ_条件戦,omo_tekisei_code+kyori_tekisei+uma_deokure_ritsu+joshodo_code,omo_tekisei_code,kyori_tekisei,uma_deokure_ritsu,joshodo_code,13,3624,70.95,7.19,67.04,False
KEIBAJO_SURFACE_07_ダ_条件戦,pace_yoso+manken_shirushi+hizume_code+joshodo_code,pace_yoso,manken_shirushi,hizume_code,joshodo_code,5,536,78.83,13.46,67.03,False
KEIBAJO_SURFACE_07_ダ_条件戦,kyakushitsu+uma_start_shisu+ichi_shisu_juni+joshodo_code,kyakushitsu,uma_start_shisu,ichi_shisu_juni,joshodo_code,7,1035,71.92,6.6,67.03,False
KEIBAJO_SURFACE_07_ダ_条件戦,kyori_kubun+omo_tekisei_code+hizume_code+uma_start_shisu,kyori_kubun,omo_tekisei_code,hizume_code,uma_start_shisu,6,1183,70.24,4.03,67.01,False
KEIBAJO_SURFACE_07_ダ_条件戦,kyori_kubun+omo_tekisei_code+uma_start_shisu+ichi_shisu_juni,kyori_kubun,omo_tekisei_code,uma_start_shisu,ichi_shisu_juni,3,314,77.55,9.31,67.01,False
KEIBAJO_SURFACE_07_ダ_条件戦,pace_yoso+kyori_tekisei+hizume_code+kyakushitsu,pace_yoso,kyori_tekisei,hizume_code,kyakushitsu,6,799,74.41,9.31,66.96,False
KEIBAJO_SURFACE_07_ダ_条件戦,omo_tekisei_code+kyori_tekisei+rotation+ls_shisu_juni,omo_tekisei_code,kyori_tekisei,rotation,ls_shisu_juni,5,654,73.13,7.08,66.92,False
KEIBAJO_SURFACE_07_ダ_条件戦,kyori_kubun+pace_yoso+hizume_code+uma_deokure_ritsu,kyori_kubun,pace_yoso,hizume_code,uma_deokure_ritsu,9,1479,73.34,9.86,66.9,False
KEIBAJO_SURFACE_07_ダ_条件戦,kyori_kubun+hizume_code+uma_deokure_ritsu+joshodo_code,kyori_kubun,hizume_code,uma_deokure_ritsu,joshodo_code,12,2680,72.95,10.72,66.88,False
KEIBAJO_SURFACE_07_ダ_条件戦,pace_yoso+omo_tekisei_code+kyori_tekisei+uma_start_shisu,pace_yoso,omo_tekisei_code,kyori_tekisei,uma_start_shisu,12,1765,73.14,11.13,66.85,False
KEIBAJO_SURFACE_07_ダ_条件戦,kyori_kubun+pace_yoso+kyakushitsu+ichi_shisu_juni,kyori_kubun,pace_yoso,kyakushitsu,ichi_shisu_juni,3,866,71.33,3.99,66.82,False
KEIBAJO_SURFACE_07_ダ_条件戦,omo_tekisei_code+hizume_code+uma_start_shisu+joshodo_code,omo_tekisei_code,hizume_code,uma_start_shisu,joshodo_code,9,2188,72.24,8.44,66.73,False
KEIBAJO_SURFACE_07_ダ_条件戦,kyori_kubun+kyori_tekisei+ls_shisu_juni+joshodo_code,kyori_kubun,kyori_tekisei,ls_shisu_juni,joshodo_code,19,5075,71.17,9.94,66.7,False
KEIBAJO_SURFACE_07_ダ_条件戦,omo_tekisei_code+kyakushitsu+uma_deokure_ritsu+joshodo_code,omo_tekisei_code,kyakushitsu,uma_deokure_ritsu,joshodo_code,15,4264,70.01,6.57,66.69,False
KEIBAJO_SURFACE_07_ダ_条件戦,omo_tekisei_code+kyakushitsu+ls_shisu_juni+joshodo_code,omo_tekisei_code,kyakushitsu,ls_shisu_juni,joshodo_code,18,4808,73.23,14.18,66.68,False
KEIBAJO_SURFACE_07_ダ_条件戦,kyori_kubun+omo_tekisei_code+uma_deokure_ritsu+ls_shisu_juni,kyori_kubun,omo_tekisei_code,uma_deokure_ritsu,ls_shisu_juni,13,2477,72.29,10.31,66.68,False
KEIBAJO_SURFACE_07_ダ_条件戦,manken_shirushi+omo_tekisei_code+ls_shisu_juni+joshodo_code,manken_shirushi,omo_tekisei_code,ls_shisu_juni,joshodo_code,16,2082,72.53,12.01,66.64,False
KEIBAJO_SURFACE_07_ダ_条件戦,pace_yoso+rotation+ls_shisu_juni+joshodo_code,pace_yoso,rotation,ls_shisu_juni,joshodo_code,10,2058,73.59,11.21,66.64,False
KEIBAJO_SURFACE_07_ダ_条件戦,kyori_kubun+omo_tekisei_code+kyori_tekisei+uma_start_shisu,kyori_kubun,omo_tekisei_code,kyori_tekisei,uma_start_shisu,9,1692,74.58,12.38,66.5,False
KEIBAJO_SURFACE_07_ダ_条件戦,pace_yoso+kyori_tekisei+hizume_code+uma_deokure_ritsu,pace_yoso,kyori_tekisei,hizume_code,uma_deokure_ritsu,6,937,73.94,9.35,66.46,False
KEIBAJO_SURFACE_07_ダ_条件戦,kyori_kubun+kyori_tekisei+uma_deokure_ritsu+joshodo_code,kyori_kubun,kyori_tekisei,uma_deokure_ritsu,joshodo_code,15,3886,71.77,10.75,66.33,False
KEIBAJO_SURFACE_07_ダ_条件戦,manken_shirushi+omo_tekisei_code+uma_start_shisu+uma_deokure_ritsu,manken_shirushi,omo_tekisei_code,uma_start_shisu,uma_deokure_ritsu,5,549,78.8,14.26,66.31,False
KEIBAJO_SURFACE_07_ダ_条件戦,pace_yoso+hizume_code+uma_start_shisu+joshodo_code,pace_yoso,hizume_code,uma_start_shisu,joshodo_code,9,1840,72.01,8.75,66.3,False
KEIBAJO_SURFACE_07_ダ_条件戦,kyori_kubun+omo_tekisei_code+kyori_tekisei+uma_deokure_ritsu,kyori_kubun,omo_tekisei_code,kyori_tekisei,uma_deokure_ritsu,15,2703,71.03,9.45,66.25,False
KEIBAJO_SURFACE_07_ダ_条件戦,kyori_kubun+manken_shirushi+uma_start_shisu+joshodo_code,kyori_kubun,manken_shirushi,uma_start_shisu,joshodo_code,6,683,72.91,8.32,66.25,False
KEIBAJO_SURFACE_07_ダ_条件戦,kyori_kubun+kyakushitsu+uma_start_shisu+uma_deokure_ritsu,kyori_kubun,kyakushitsu,uma_start_shisu,uma_deokure_ritsu,9,2035,72.16,9.06,66.24,False
KEIBAJO_SURFACE_07_ダ_条件戦,omo_tekisei_code+hizume_code+kyakushitsu+uma_deokure_ritsu,omo_tekisei_code,hizume_code,kyakushitsu,uma_deokure_ritsu,9,1606,71.39,8.07,66.12,False
KEIBAJO_SURFACE_07_ダ_条件戦,rotation+uma_deokure_ritsu+ichi_shisu_juni+joshodo_code,rotation,uma_deokure_ritsu,ichi_shisu_juni,joshodo_code,3,343,72.18,5.39,66.09,False
KEIBAJO_SURFACE_07_ダ_条件戦,pace_yoso+hizume_code+uma_deokure_ritsu+joshodo_code,pace_yoso,hizume_code,uma_deokure_ritsu,joshodo_code,11,2599,71.26,8.79,66.06,False
KEIBAJO_SURFACE_07_ダ_条件戦,kyori_kubun+manken_shirushi+ls_shisu_juni+joshodo_code,kyori_kubun,manken_shirushi,ls_shisu_juni,joshodo_code,9,1204,74.69,13.26,66.03,False
KEIBAJO_SURFACE_07_ダ_条件戦,hizume_code+rotation+ls_shisu_juni+joshodo_code,hizume_code,rotation,ls_shisu_juni,joshodo_code,5,957,81.29,17.48,65.97,False
KEIBAJO_SURFACE_07_ダ_条件戦,pace_yoso+kyori_tekisei+rotation+kyakushitsu,pace_yoso,kyori_tekisei,rotation,kyakushitsu,3,334,76.63,9.5,65.88,False
KEIBAJO_SURFACE_07_ダ_条件戦,omo_tekisei_code+kishu_minarai_code+uma_deokure_ritsu+joshodo_code,omo_tekisei_code,kishu_minarai_code,uma_deokure_ritsu,joshodo_code,4,614,70.11,4.36,65.84,False
KEIBAJO_SURFACE_07_ダ_条件戦,pace_yoso+hizume_code+kyakushitsu+uma_deokure_ritsu,pace_yoso,hizume_code,kyakushitsu,uma_deokure_ritsu,8,1207,69.71,5.63,65.81,False
KEIBAJO_SURFACE_07_ダ_条件戦,kyori_kubun+pace_yoso+kyori_tekisei+ls_shisu_juni,kyori_kubun,pace_yoso,kyori_tekisei,ls_shisu_juni,21,4094,71.16,12.53,65.8,False
KEIBAJO_SURFACE_07_ダ_条件戦,pace_yoso+omo_tekisei_code+hizume_code+uma_deokure_ritsu,pace_yoso,omo_tekisei_code,hizume_code,uma_deokure_ritsu,10,1900,70.62,7.8,65.78,False
KEIBAJO_SURFACE_07_ダ_条件戦,kyori_kubun+pace_yoso+rotation+kyakushitsu,kyori_kubun,pace_yoso,rotation,kyakushitsu,7,1043,72.77,9.45,65.77,False
KEIBAJO_SURFACE_07_ダ_条件戦,omo_tekisei_code+uma_start_shisu+uma_deokure_ritsu+ichi_shisu_juni,omo_tekisei_code,uma_start_shisu,uma_deokure_ritsu,ichi_shisu_juni,6,915,74.16,10.52,65.74,False
KEIBAJO_SURFACE_07_ダ_条件戦,kyori_kubun+rotation+kyakushitsu+uma_start_shisu,kyori_kubun,rotation,kyakushitsu,uma_start_shisu,4,476,77.07,11.58,65.72,False
KEIBAJO_SURFACE_07_ダ_条件戦,kyori_kubun+pace_yoso+uma_start_shisu+uma_deokure_ritsu,kyori_kubun,pace_yoso,uma_start_shisu,uma_deokure_ritsu,8,2130,72.76,10.17,65.71,False
KEIBAJO_SURFACE_07_ダ_条件戦,pace_yoso+omo_tekisei_code+uma_deokure_ritsu+joshodo_code,pace_yoso,omo_tekisei_code,uma_deokure_ritsu,joshodo_code,15,4427,69.18,6.87,65.7,False
KEIBAJO_SURFACE_07_ダ_条件戦,kyori_kubun+omo_tekisei_code+rotation+kyakushitsu,kyori_kubun,omo_tekisei_code,rotation,kyakushitsu,10,1499,74.13,13.62,65.7,False
KEIBAJO_SURFACE_07_ダ_条件戦,manken_shirushi+kyori_tekisei+kyakushitsu+joshodo_code,manken_shirushi,kyori_tekisei,kyakushitsu,joshodo_code,3,312,78.95,11.73,65.67,False
KEIBAJO_SURFACE_07_ダ_条件戦,kyori_kubun+omo_tekisei_code+uma_start_shisu+uma_deokure_ritsu,kyori_kubun,omo_tekisei_code,uma_start_shisu,uma_deokure_ritsu,7,2137,73.66,10.81,65.65,False
KEIBAJO_SURFACE_07_ダ_条件戦,pace_yoso+omo_tekisei_code+kyori_tekisei+ls_shisu_juni,pace_yoso,omo_tekisei_code,kyori_tekisei,ls_shisu_juni,16,2935,71.46,11.92,65.62,False
KEIBAJO_SURFACE_07_ダ_条件戦,pace_yoso+hizume_code+uma_deokure_ritsu+ls_shisu_juni,pace_yoso,hizume_code,uma_deokure_ritsu,ls_shisu_juni,4,819,74.7,9.26,65.62,False
KEIBAJO_SURFACE_07_ダ_条件戦,omo_tekisei_code+uma_start_shisu+ichi_shisu_juni+joshodo_code,omo_tekisei_code,uma_start_shisu,ichi_shisu_juni,joshodo_code,7,1124,71.88,8.45,65.61,False
KEIBAJO_SURFACE_07_ダ_条件戦,pace_yoso+rotation+kyakushitsu+ls_shisu_juni,pace_yoso,rotation,kyakushitsu,ls_shisu_juni,5,604,73.89,9.51,65.55,False
KEIBAJO_SURFACE_07_ダ_条件戦,pace_yoso+kyori_tekisei+uma_deokure_ritsu+ls_shisu_juni,pace_yoso,kyori_tekisei,uma_deokure_ritsu,ls_shisu_juni,8,1425,69.64,6.04,65.46,False
KEIBAJO_SURFACE_07_ダ_条件戦,omo_tekisei_code+rotation+kyakushitsu+uma_deokure_ritsu,omo_tekisei_code,rotation,kyakushitsu,uma_deokure_ritsu,5,778,73.41,9.12,65.42,False
KEIBAJO_SURFACE_07_ダ_条件戦,hizume_code+kyakushitsu+uma_deokure_ritsu+joshodo_code,hizume_code,kyakushitsu,uma_deokure_ritsu,joshodo_code,9,2148,70.21,7.35,65.4,False
KEIBAJO_SURFACE_07_ダ_条件戦,pace_yoso+omo_tekisei_code+hizume_code+ls_shisu_juni,pace_yoso,omo_tekisei_code,hizume_code,ls_shisu_juni,10,1885,71.75,10.41,65.3,False
KEIBAJO_SURFACE_07_ダ_条件戦,kyori_kubun+pace_yoso+uma_deokure_ritsu+joshodo_code,kyori_kubun,pace_yoso,uma_deokure_ritsu,joshodo_code,13,4080,69.58,7.95,65.26,False
KEIBAJO_SURFACE_07_ダ_条件戦,kyori_tekisei+uma_start_shisu+ls_shisu_juni+joshodo_code,kyori_tekisei,uma_start_shisu,ls_shisu_juni,joshodo_code,9,1882,72.89,11.78,65.19,False
KEIBAJO_SURFACE_07_ダ_条件戦,pace_yoso+kyori_tekisei+hizume_code+uma_start_shisu,pace_yoso,kyori_tekisei,hizume_code,uma_start_shisu,5,682,75.76,12.13,65.13,False
KEIBAJO_SURFACE_07_ダ_条件戦,omo_tekisei_code+kyori_tekisei+hizume_code+kyakushitsu,omo_tekisei_code,kyori_tekisei,hizume_code,kyakushitsu,9,1366,72.93,12.06,65.04,False
KEIBAJO_SURFACE_07_ダ_条件戦,hizume_code+rotation+uma_start_shisu+joshodo_code,hizume_code,rotation,uma_start_shisu,joshodo_code,4,712,71.23,6.31,65.04,False
KEIBAJO_SURFACE_07_ダ_条件戦,pace_yoso+omo_tekisei_code+hizume_code+rotation,pace_yoso,omo_tekisei_code,hizume_code,rotation,5,792,71.18,7.06,64.99,False
KEIBAJO_SURFACE_07_ダ_条件戦,hizume_code+kyakushitsu+uma_start_shisu+joshodo_code,hizume_code,kyakushitsu,uma_start_shisu,joshodo_code,8,1609,71.45,9.33,64.98,False
KEIBAJO_SURFACE_07_ダ_条件戦,rotation+kyakushitsu+uma_deokure_ritsu+joshodo_code,rotation,kyakushitsu,uma_deokure_ritsu,joshodo_code,10,1798,70.57,9.03,64.98,False
KEIBAJO_SURFACE_07_ダ_条件戦,kyakushitsu+uma_start_shisu+ls_shisu_juni+joshodo_code,kyakushitsu,uma_start_shisu,ls_shisu_juni,joshodo_code,12,2378,74.76,17.38,64.93,False
KEIBAJO_SURFACE_07_ダ_条件戦,kyori_kubun+omo_tekisei_code+uma_deokure_ritsu+joshodo_code,kyori_kubun,omo_tekisei_code,uma_deokure_ritsu,joshodo_code,14,4370,69.14,8.09,64.9,False
KEIBAJO_SURFACE_07_ダ_条件戦,omo_tekisei_code+kyakushitsu+uma_deokure_ritsu+ls_shisu_juni,omo_tekisei_code,kyakushitsu,uma_deokure_ritsu,ls_shisu_juni,11,2073,73.09,13.98,64.83,False
KEIBAJO_SURFACE_07_ダ_条件戦,manken_shirushi+hizume_code+ls_shisu_juni+joshodo_code,manken_shirushi,hizume_code,ls_shisu_juni,joshodo_code,4,448,76.07,11.5,64.8,False
KEIBAJO_SURFACE_07_ダ_条件戦,kyori_tekisei+ls_shisu_juni+ichi_shisu_juni+joshodo_code,kyori_tekisei,ls_shisu_juni,ichi_shisu_juni,joshodo_code,4,785,69.42,4.77,64.75,False
KEIBAJO_SURFACE_07_ダ_条件戦,kyori_kubun+omo_tekisei_code+kyakushitsu+ls_shisu_juni,kyori_kubun,omo_tekisei_code,kyakushitsu,ls_shisu_juni,17,3111,71.76,14.77,64.74,False
KEIBAJO_SURFACE_07_ダ_条件戦,kyori_kubun+kyakushitsu+ls_shisu_juni+joshodo_code,kyori_kubun,kyakushitsu,ls_shisu_juni,joshodo_code,22,5007,70.33,13.4,64.73,False
KEIBAJO_SURFACE_07_ダ_条件戦,omo_tekisei_code+kyori_tekisei+rotation+uma_deokure_ritsu,omo_tekisei_code,kyori_tekisei,rotation,uma_deokure_ritsu,3,457,71.35,5.89,64.68,False
KEIBAJO_SURFACE_07_ダ_条件戦,pace_yoso+ls_shisu_juni+ichi_shisu_juni+joshodo_code,pace_yoso,ls_shisu_juni,ichi_shisu_juni,joshodo_code,19,2475,70.55,13.21,64.61,False
KEIBAJO_SURFACE_07_ダ_条件戦,omo_tekisei_code+hizume_code+ichi_shisu_juni+joshodo_code,omo_tekisei_code,hizume_code,ichi_shisu_juni,joshodo_code,8,1221,70.83,8.98,64.61,False
KEIBAJO_SURFACE_07_ダ_条件戦,hizume_code+uma_deokure_ritsu+ichi_shisu_juni+joshodo_code,hizume_code,uma_deokure_ritsu,ichi_shisu_juni,joshodo_code,5,736,73.01,9.66,64.55,False
KEIBAJO_SURFACE_07_ダ_条件戦,hizume_code+kyakushitsu+uma_start_shisu+uma_deokure_ritsu,hizume_code,kyakushitsu,uma_start_shisu,uma_deokure_ritsu,5,1049,68.87,4.98,64.51,False
KEIBAJO_SURFACE_07_ダ_条件戦,kyori_tekisei+kyakushitsu+ls_shisu_juni+joshodo_code,kyori_tekisei,kyakushitsu,ls_shisu_juni,joshodo_code,18,4179,68.79,9.26,64.51,False
KEIBAJO_SURFACE_07_ダ_条件戦,pace_yoso+uma_deokure_ritsu+ls_shisu_juni+joshodo_code,pace_yoso,uma_deokure_ritsu,ls_shisu_juni,joshodo_code,17,3777,70.13,11.88,64.48,False
KEIBAJO_SURFACE_07_ダ_条件戦,pace_yoso+omo_tekisei_code+uma_start_shisu+joho_shisu,pace_yoso,omo_tekisei_code,uma_start_shisu,joho_shisu,4,582,69.78,5.45,64.43,False
KEIBAJO_SURFACE_07_ダ_条件戦,pace_yoso+manken_shirushi+ls_shisu_juni+joshodo_code,pace_yoso,manken_shirushi,ls_shisu_juni,joshodo_code,16,1879,73.11,17.77,64.41,False
KEIBAJO_SURFACE_07_ダ_条件戦,kyori_kubun+joho_shisu+ls_shisu_juni+kishu_kitai_tansho_ritsu,kyori_kubun,joho_shisu,ls_shisu_juni,kishu_kitai_tansho_ritsu,3,424,77.03,11.21,64.34,False
KEIBAJO_SURFACE_07_ダ_条件戦,kyori_tekisei+hizume_code+ls_shisu_juni+joshodo_code,kyori_tekisei,hizume_code,ls_shisu_juni,joshodo_code,11,2298,72.65,14.06,64.34,False
KEIBAJO_SURFACE_07_ダ_条件戦,omo_tekisei_code+hizume_code+uma_deokure_ritsu+joshodo_code,omo_tekisei_code,hizume_code,uma_deokure_ritsu,joshodo_code,12,3084,69.32,8.98,64.24,False
KEIBAJO_SURFACE_07_ダ_条件戦,omo_tekisei_code+hizume_code+ls_shisu_juni+joshodo_code,omo_tekisei_code,hizume_code,ls_shisu_juni,joshodo_code,12,3434,71.1,12.14,64.23,False
KEIBAJO_SURFACE_07_ダ_条件戦,kyori_kubun+hizume_code+kyakushitsu+ls_shisu_juni,kyori_kubun,hizume_code,kyakushitsu,ls_shisu_juni,8,1167,75.3,15.96,64.23,False
KEIBAJO_SURFACE_07_ダ_条件戦,kyori_kubun+pace_yoso+hizume_code+ls_shisu_juni,kyori_kubun,pace_yoso,hizume_code,ls_shisu_juni,9,1538,69.85,8.65,64.2,False
KEIBAJO_SURFACE_07_ダ_条件戦,kyori_tekisei+hizume_code+uma_start_shisu+joshodo_code,kyori_tekisei,hizume_code,uma_start_shisu,joshodo_code,8,1491,72.54,12.12,64.14,False
KEIBAJO_SURFACE_07_ダ_条件戦,kyori_kubun+pace_yoso+uma_deokure_ritsu+ls_shisu_juni,kyori_kubun,pace_yoso,uma_deokure_ritsu,ls_shisu_juni,9,1879,69.11,7.63,64.13,False
KEIBAJO_SURFACE_07_ダ_条件戦,omo_tekisei_code+rotation+ls_shisu_juni+joshodo_code,omo_tekisei_code,rotation,ls_shisu_juni,joshodo_code,14,2752,70.72,12.6,64.12,False
KEIBAJO_SURFACE_07_ダ_条件戦,kyori_kubun+omo_tekisei_code+rotation+ls_shisu_juni,kyori_kubun,omo_tekisei_code,rotation,ls_shisu_juni,5,1015,71.03,7.89,64.11,False
KEIBAJO_SURFACE_07_ダ_条件戦,pace_yoso+hizume_code+kyakushitsu+uma_start_shisu,pace_yoso,hizume_code,kyakushitsu,uma_start_shisu,4,651,73.56,9.65,64.1,False
KEIBAJO_SURFACE_07_ダ_条件戦,kyori_tekisei+hizume_code+uma_deokure_ritsu+joshodo_code,kyori_tekisei,hizume_code,uma_deokure_ritsu,joshodo_code,9,1944,71.45,11.26,64.09,False
KEIBAJO_SURFACE_07_ダ_条件戦,kyori_kubun+pace_yoso+kishu_minarai_code+joshodo_code,kyori_kubun,pace_yoso,kishu_minarai_code,joshodo_code,6,846,74.7,13.32,64.04,False
KEIBAJO_SURFACE_07_ダ_条件戦,omo_tekisei_code+rotation+kyakushitsu+uma_start_shisu,omo_tekisei_code,rotation,kyakushitsu,uma_start_shisu,4,524,72.63,8.81,64.0,False
KEIBAJO_SURFACE_07_ダ_条件戦,kyakushitsu+uma_deokure_ritsu+ls_shisu_juni+joshodo_code,kyakushitsu,uma_deokure_ritsu,ls_shisu_juni,joshodo_code,13,3151,71.45,13.75,63.97,False
KEIBAJO_SURFACE_07_ダ_条件戦,kyori_kubun+kyori_tekisei+uma_start_shisu+uma_deokure_ritsu,kyori_kubun,kyori_tekisei,uma_start_shisu,uma_deokure_ritsu,8,1807,71.66,11.11,63.96,False
KEIBAJO_SURFACE_07_ダ_条件戦,omo_tekisei_code+kyori_tekisei+uma_deokure_ritsu+ls_shisu_juni,omo_tekisei_code,kyori_tekisei,uma_deokure_ritsu,ls_shisu_juni,9,1682,70.22,9.58,63.96,False
KEIBAJO_SURFACE_07_ダ_条件戦,kyori_kubun+omo_tekisei_code+kyori_tekisei+ls_shisu_juni,kyori_kubun,omo_tekisei_code,kyori_tekisei,ls_shisu_juni,18,3359,70.33,13.78,63.96,False
KEIBAJO_SURFACE_07_ダ_条件戦,kyori_kubun+kyakushitsu+uma_deokure_ritsu+ls_shisu_juni,kyori_kubun,kyakushitsu,uma_deokure_ritsu,ls_shisu_juni,11,1875,70.73,11.49,63.94,False
KEIBAJO_SURFACE_07_ダ_条件戦,rotation+uma_start_shisu+uma_deokure_ritsu+ls_shisu_juni,rotation,uma_start_shisu,uma_deokure_ritsu,ls_shisu_juni,3,568,73.55,8.51,63.92,False
KEIBAJO_SURFACE_07_ダ_条件戦,pace_yoso+kishu_minarai_code+kyakushitsu+joshodo_code,pace_yoso,kishu_minarai_code,kyakushitsu,joshodo_code,5,554,74.75,12.41,63.87,False
KEIBAJO_SURFACE_07_ダ_条件戦,kyori_kubun+uma_start_shisu+uma_deokure_ritsu+joshodo_code,kyori_kubun,uma_start_shisu,uma_deokure_ritsu,joshodo_code,5,2409,71.08,8.34,63.77,False
KEIBAJO_SURFACE_07_ダ_条件戦,pace_yoso+hizume_code+kyakushitsu+ls_shisu_juni,pace_yoso,hizume_code,kyakushitsu,ls_shisu_juni,6,1035,70.1,7.95,63.73,False
KEIBAJO_SURFACE_07_ダ_条件戦,pace_yoso+kishu_minarai_code+ls_shisu_juni+joshodo_code,pace_yoso,kishu_minarai_code,ls_shisu_juni,joshodo_code,4,687,77.29,13.91,63.66,False
KEIBAJO_SURFACE_07_ダ_条件戦,omo_tekisei_code+hizume_code+uma_deokure_ritsu+ichi_shisu_juni,omo_tekisei_code,hizume_code,uma_deokure_ritsu,ichi_shisu_juni,4,488,73.07,9.62,63.65,False
KEIBAJO_SURFACE_07_ダ_条件戦,omo_tekisei_code+kishu_shisu+kishu_kitai_tansho_ritsu+joshodo_code,omo_tekisei_code,kishu_shisu,kishu_kitai_tansho_ritsu,joshodo_code,14,2468,70.56,13.25,63.62,False
KEIBAJO_SURFACE_07_ダ_条件戦,uma_start_shisu+uma_deokure_ritsu+ls_shisu_juni+joshodo_code,uma_start_shisu,uma_deokure_ritsu,ls_shisu_juni,joshodo_code,6,2190,74.55,13.68,63.61,False
KEIBAJO_SURFACE_07_ダ_条件戦,omo_tekisei_code+hizume_code+kyakushitsu+uma_start_shisu,omo_tekisei_code,hizume_code,kyakushitsu,uma_start_shisu,6,1023,72.26,10.82,63.6,False
KEIBAJO_SURFACE_07_ダ_条件戦,kyori_kubun+kyori_tekisei+uma_deokure_ritsu+ls_shisu_juni,kyori_kubun,kyori_tekisei,uma_deokure_ritsu,ls_shisu_juni,11,1829,71.67,13.84,63.49,False
KEIBAJO_SURFACE_07_ダ_条件戦,kyori_kubun+kishu_minarai_code+kyakushitsu+joshodo_code,kyori_kubun,kishu_minarai_code,kyakushitsu,joshodo_code,4,500,72.45,9.15,63.48,False
KEIBAJO_SURFACE_07_ダ_条件戦,kyori_kubun+omo_tekisei_code+hizume_code+kyakushitsu,kyori_kubun,omo_tekisei_code,hizume_code,kyakushitsu,12,2066,71.39,14.0,63.47,False
KEIBAJO_SURFACE_07_ダ_条件戦,pace_yoso+hizume_code+uma_start_shisu+uma_deokure_ritsu,pace_yoso,hizume_code,uma_start_shisu,uma_deokure_ritsu,5,1164,71.84,9.61,63.42,False
KEIBAJO_SURFACE_07_ダ_条件戦,pace_yoso+omo_tekisei_code+kyakushitsu+ls_shisu_juni,pace_yoso,omo_tekisei_code,kyakushitsu,ls_shisu_juni,13,2802,71.3,14.54,63.4,False
KEIBAJO_SURFACE_07_ダ_条件戦,kyori_tekisei+hizume_code+uma_start_shisu+uma_deokure_ritsu,kyori_tekisei,hizume_code,uma_start_shisu,uma_deokure_ritsu,5,939,74.42,12.63,63.35,False
KEIBAJO_SURFACE_07_ダ_条件戦,manken_shirushi+kyakushitsu+uma_deokure_ritsu+joshodo_code,manken_shirushi,kyakushitsu,uma_deokure_ritsu,joshodo_code,6,696,75.88,15.73,63.3,False
KEIBAJO_SURFACE_07_ダ_条件戦,uma_deokure_ritsu+ls_shisu_juni+ichi_shisu_juni+joshodo_code,uma_deokure_ritsu,ls_shisu_juni,ichi_shisu_juni,joshodo_code,9,1317,71.14,12.01,63.29,False
KEIBAJO_SURFACE_07_ダ_条件戦,kyori_kubun+uma_deokure_ritsu+ls_shisu_juni+joshodo_code,kyori_kubun,uma_deokure_ritsu,ls_shisu_juni,joshodo_code,12,3225,69.8,11.56,63.27,False
KEIBAJO_SURFACE_07_ダ_条件戦,pace_yoso+kyakushitsu+uma_start_shisu+ls_shisu_juni,pace_yoso,kyakushitsu,uma_start_shisu,ls_shisu_juni,5,958,66.03,3.2,63.22,False
KEIBAJO_SURFACE_07_ダ_条件戦,omo_tekisei_code+ls_shisu_juni+ichi_shisu_juni+joshodo_code,omo_tekisei_code,ls_shisu_juni,ichi_shisu_juni,joshodo_code,19,2453,68.94,12.8,63.19,False
KEIBAJO_SURFACE_07_ダ_条件戦,kyori_kubun+uma_start_shisu+uma_deokure_ritsu+ls_shisu_juni,kyori_kubun,uma_start_shisu,uma_deokure_ritsu,ls_shisu_juni,7,1575,73.75,14.28,63.17,False
KEIBAJO_SURFACE_07_ダ_条件戦,omo_tekisei_code+uma_start_shisu+ls_shisu_juni+joshodo_code,omo_tekisei_code,uma_start_shisu,ls_shisu_juni,joshodo_code,12,2806,70.91,13.69,63.17,False
KEIBAJO_SURFACE_07_ダ_条件戦,omo_tekisei_code+kyori_tekisei+hizume_code+rotation,omo_tekisei_code,kyori_tekisei,hizume_code,rotation,4,573,69.75,7.0,62.88,False
KEIBAJO_SURFACE_07_ダ_条件戦,omo_tekisei_code+uma_start_shisu+uma_deokure_ritsu+joshodo_code,omo_tekisei_code,uma_start_shisu,uma_deokure_ritsu,joshodo_code,6,2546,70.34,9.35,62.86,False
KEIBAJO_SURFACE_07_ダ_条件戦,pace_yoso+kyakushitsu+uma_deokure_ritsu+ls_shisu_juni,pace_yoso,kyakushitsu,uma_deokure_ritsu,ls_shisu_juni,8,1541,71.32,12.23,62.85,False
KEIBAJO_SURFACE_07_ダ_条件戦,kyori_kubun+hizume_code+ichi_shisu_juni+joshodo_code,kyori_kubun,hizume_code,ichi_shisu_juni,joshodo_code,7,840,71.25,11.62,62.64,False
KEIBAJO_SURFACE_07_ダ_条件戦,kyori_kubun+kyori_tekisei+kyakushitsu+ls_shisu_juni,kyori_kubun,kyori_tekisei,kyakushitsu,ls_shisu_juni,13,2473,69.77,13.24,62.57,False
KEIBAJO_SURFACE_07_ダ_条件戦,pace_yoso+omo_tekisei_code+uma_deokure_ritsu+ls_shisu_juni,pace_yoso,omo_tekisei_code,uma_deokure_ritsu,ls_shisu_juni,10,2164,67.91,8.79,62.47,False
KEIBAJO_SURFACE_07_ダ_条件戦,hizume_code+kyakushitsu+ls_shisu_juni+joshodo_code,hizume_code,kyakushitsu,ls_shisu_juni,joshodo_code,12,2352,72.66,18.23,62.34,False
KEIBAJO_SURFACE_07_ダ_条件戦,kyori_tekisei+kyakushitsu+uma_deokure_ritsu+ls_shisu_juni,kyori_tekisei,kyakushitsu,uma_deokure_ritsu,ls_shisu_juni,10,1394,67.94,9.12,62.29,False
KEIBAJO_SURFACE_07_ダ_条件戦,omo_tekisei_code+hizume_code+rotation+kyakushitsu,omo_tekisei_code,hizume_code,rotation,kyakushitsu,4,514,71.63,9.73,62.1,False
KEIBAJO_SURFACE_07_ダ_条件戦,kyori_kubun+manken_shirushi+hizume_code+joshodo_code,kyori_kubun,manken_shirushi,hizume_code,joshodo_code,6,719,72.24,12.69,62.09,False
KEIBAJO_SURFACE_07_ダ_条件戦,omo_tekisei_code+kyori_tekisei+hizume_code+uma_deokure_ritsu,omo_tekisei_code,kyori_tekisei,hizume_code,uma_deokure_ritsu,7,1280,71.62,12.89,62.07,False
KEIBAJO_SURFACE_07_ダ_条件戦,rotation+uma_deokure_ritsu+ls_shisu_juni+joshodo_code,rotation,uma_deokure_ritsu,ls_shisu_juni,joshodo_code,8,1405,70.73,12.64,61.97,False
KEIBAJO_SURFACE_07_ダ_条件戦,ls_shisu_juni+kishu_shisu+kishu_kitai_tansho_ritsu+joshodo_code,ls_shisu_juni,kishu_shisu,kishu_kitai_tansho_ritsu,joshodo_code,9,2059,69.46,11.56,61.91,False
KEIBAJO_SURFACE_07_ダ_条件戦,kyori_tekisei+rotation+uma_start_shisu+joshodo_code,kyori_tekisei,rotation,uma_start_shisu,joshodo_code,6,954,72.12,12.81,61.87,False
KEIBAJO_SURFACE_07_ダ_条件戦,kyori_kubun+pace_yoso+rotation+ls_shisu_juni,kyori_kubun,pace_yoso,rotation,ls_shisu_juni,6,963,68.1,7.85,61.82,False
KEIBAJO_SURFACE_07_ダ_条件戦,hizume_code+ls_shisu_juni+kishu_kitai_tansho_ritsu+joshodo_code,hizume_code,ls_shisu_juni,kishu_kitai_tansho_ritsu,joshodo_code,3,469,66.33,4.06,61.74,False
KEIBAJO_SURFACE_07_ダ_条件戦,kyori_kubun+kyori_tekisei+uma_start_shisu+ls_shisu_juni,kyori_kubun,kyori_tekisei,uma_start_shisu,ls_shisu_juni,8,1199,74.38,18.34,61.67,False
KEIBAJO_SURFACE_07_ダ_条件戦,kyori_kubun+omo_tekisei_code+joho_shisu+uma_deokure_ritsu,kyori_kubun,omo_tekisei_code,joho_shisu,uma_deokure_ritsu,4,643,65.82,4.3,61.61,False
KEIBAJO_SURFACE_07_ダ_条件戦,kyori_kubun+rotation+kyakushitsu+ls_shisu_juni,kyori_kubun,rotation,kyakushitsu,ls_shisu_juni,4,674,71.27,9.92,61.55,False
KEIBAJO_SURFACE_07_ダ_条件戦,hizume_code+rotation+kyakushitsu+joshodo_code,hizume_code,rotation,kyakushitsu,joshodo_code,7,1158,68.94,10.15,61.42,False
KEIBAJO_SURFACE_07_ダ_条件戦,kyori_kubun+pace_yoso+hizume_code+rotation,kyori_kubun,pace_yoso,hizume_code,rotation,4,582,68.62,7.45,61.32,False
KEIBAJO_SURFACE_07_ダ_条件戦,kyakushitsu+uma_start_shisu+uma_deokure_ritsu+ls_shisu_juni,kyakushitsu,uma_start_shisu,uma_deokure_ritsu,ls_shisu_juni,8,1570,73.94,18.25,61.3,False
KEIBAJO_SURFACE_07_ダ_条件戦,kyori_kubun+kyori_tekisei+kishu_minarai_code+joshodo_code,kyori_kubun,kyori_tekisei,kishu_minarai_code,joshodo_code,4,576,68.69,7.62,61.22,False
KEIBAJO_SURFACE_07_ダ_条件戦,pace_yoso+kyori_tekisei+hizume_code+ls_shisu_juni,pace_yoso,kyori_tekisei,hizume_code,ls_shisu_juni,6,973,73.39,15.34,61.11,False
KEIBAJO_SURFACE_07_ダ_条件戦,omo_tekisei_code+uma_deokure_ritsu+ls_shisu_juni+ichi_shisu_juni,omo_tekisei_code,uma_deokure_ritsu,ls_shisu_juni,ichi_shisu_juni,3,317,75.93,13.13,61.08,False
KEIBAJO_SURFACE_07_ダ_条件戦,kyori_kubun+hizume_code+uma_start_shisu+ls_shisu_juni,kyori_kubun,hizume_code,uma_start_shisu,ls_shisu_juni,4,647,71.16,10.34,61.03,False
KEIBAJO_SURFACE_07_ダ_条件戦,kyori_kubun+ls_shisu_juni+ichi_shisu_juni+joshodo_code,kyori_kubun,ls_shisu_juni,ichi_shisu_juni,joshodo_code,12,1767,70.3,16.44,61.0,False
KEIBAJO_SURFACE_07_ダ_条件戦,kyori_kubun+kyakushitsu+uma_start_shisu+ls_shisu_juni,kyori_kubun,kyakushitsu,uma_start_shisu,ls_shisu_juni,7,1151,66.16,7.09,60.91,False
KEIBAJO_SURFACE_07_ダ_条件戦,hizume_code+uma_deokure_ritsu+ls_shisu_juni+joshodo_code,hizume_code,uma_deokure_ritsu,ls_shisu_juni,joshodo_code,11,2181,68.67,13.21,60.86,False
KEIBAJO_SURFACE_07_ダ_条件戦,manken_shirushi+hizume_code+uma_deokure_ritsu+joshodo_code,manken_shirushi,hizume_code,uma_deokure_ritsu,joshodo_code,6,638,76.34,19.51,60.73,False
KEIBAJO_SURFACE_07_ダ_条件戦,omo_tekisei_code+kyakushitsu+uma_start_shisu+ichi_shisu_juni,omo_tekisei_code,kyakushitsu,uma_start_shisu,ichi_shisu_juni,3,359,74.57,12.25,60.71,False
KEIBAJO_SURFACE_07_ダ_条件戦,pace_yoso+kishu_minarai_code+uma_start_shisu+joshodo_code,pace_yoso,kishu_minarai_code,uma_start_shisu,joshodo_code,3,346,73.96,11.73,60.69,False
KEIBAJO_SURFACE_07_ダ_条件戦,hizume_code+uma_start_shisu+ichi_shisu_juni+joshodo_code,hizume_code,uma_start_shisu,ichi_shisu_juni,joshodo_code,5,570,68.82,9.28,60.69,False
KEIBAJO_SURFACE_07_ダ_条件戦,omo_tekisei_code+ls_shisu_juni+kishu_shisu+joshodo_code,omo_tekisei_code,ls_shisu_juni,kishu_shisu,joshodo_code,9,2087,69.27,13.31,60.58,False
KEIBAJO_SURFACE_07_ダ_条件戦,pace_yoso+kishu_minarai_code+uma_deokure_ritsu+joshodo_code,pace_yoso,kishu_minarai_code,uma_deokure_ritsu,joshodo_code,4,580,68.59,8.25,60.51,False
KEIBAJO_SURFACE_07_ダ_条件戦,kyori_kubun+omo_tekisei_code+kishu_minarai_code+joshodo_code,kyori_kubun,omo_tekisei_code,kishu_minarai_code,joshodo_code,4,703,68.2,7.87,60.49,False
KEIBAJO_SURFACE_07_ダ_条件戦,kyakushitsu+ls_shisu_juni+ichi_shisu_juni+joshodo_code,kyakushitsu,ls_shisu_juni,ichi_shisu_juni,joshodo_code,14,2087,70.14,18.46,60.48,False
KEIBAJO_SURFACE_07_ダ_条件戦,uma_start_shisu+kishu_shisu+kishu_kitai_tansho_ritsu+joshodo_code,uma_start_shisu,kishu_shisu,kishu_kitai_tansho_ritsu,joshodo_code,5,752,65.38,5.84,60.27,False
KEIBAJO_SURFACE_07_ダ_条件戦,pace_yoso+omo_tekisei_code+uma_start_shisu+ls_shisu_juni,pace_yoso,omo_tekisei_code,uma_start_shisu,ls_shisu_juni,7,1463,66.6,8.6,60.23,False
KEIBAJO_SURFACE_07_ダ_条件戦,joho_shisu+ls_shisu_juni+kishu_kitai_tansho_ritsu+joshodo_code,joho_shisu,ls_shisu_juni,kishu_kitai_tansho_ritsu,joshodo_code,5,868,68.03,8.89,60.23,False
KEIBAJO_SURFACE_07_ダ_条件戦,pace_yoso+joho_shisu+kishu_shisu+kishu_kitai_tansho_ritsu,pace_yoso,joho_shisu,kishu_shisu,kishu_kitai_tansho_ritsu,6,923,76.53,20.38,60.22,False
KEIBAJO_SURFACE_07_ダ_条件戦,kyori_kubun+pace_yoso+uma_start_shisu+ls_shisu_juni,kyori_kubun,pace_yoso,uma_start_shisu,ls_shisu_juni,8,1384,68.44,11.88,60.21,False
KEIBAJO_SURFACE_07_ダ_条件戦,kyori_kubun+kishu_minarai_code+uma_deokure_ritsu+joshodo_code,kyori_kubun,kishu_minarai_code,uma_deokure_ritsu,joshodo_code,3,423,72.58,10.93,60.21,False
KEIBAJO_SURFACE_07_ダ_条件戦,omo_tekisei_code+uma_deokure_ritsu+ls_shisu_juni+joshodo_code,omo_tekisei_code,uma_deokure_ritsu,ls_shisu_juni,joshodo_code,13,3688,69.1,16.42,60.18,False
KEIBAJO_SURFACE_07_ダ_条件戦,omo_tekisei_code+uma_start_shisu+uma_deokure_ritsu+ls_shisu_juni,omo_tekisei_code,uma_start_shisu,uma_deokure_ritsu,ls_shisu_juni,7,1795,69.89,13.24,60.08,False
KEIBAJO_SURFACE_07_ダ_条件戦,manken_shirushi+kyakushitsu+ls_shisu_juni+joshodo_code,manken_shirushi,kyakushitsu,ls_shisu_juni,joshodo_code,3,328,80.02,17.85,59.82,False
KEIBAJO_SURFACE_07_ダ_条件戦,hizume_code+ls_shisu_juni+kishu_shisu+kishu_kitai_tansho_ritsu,hizume_code,ls_shisu_juni,kishu_shisu,kishu_kitai_tansho_ritsu,3,479,65.03,4.63,59.79,False
KEIBAJO_SURFACE_07_ダ_条件戦,kyori_kubun+omo_tekisei_code+hizume_code+uma_deokure_ritsu,kyori_kubun,omo_tekisei_code,hizume_code,uma_deokure_ritsu,8,1670,66.61,10.07,59.64,False
KEIBAJO_SURFACE_07_ダ_条件戦,pace_yoso+uma_start_shisu+uma_deokure_ritsu+joshodo_code,pace_yoso,uma_start_shisu,uma_deokure_ritsu,joshodo_code,5,2411,68.7,10.38,59.6,False
KEIBAJO_SURFACE_07_ダ_条件戦,kyori_tekisei+hizume_code+uma_deokure_ritsu+ls_shisu_juni,kyori_tekisei,hizume_code,uma_deokure_ritsu,ls_shisu_juni,4,658,71.74,12.49,59.5,False
KEIBAJO_SURFACE_07_ダ_条件戦,omo_tekisei_code+kyakushitsu+uma_start_shisu+ls_shisu_juni,omo_tekisei_code,kyakushitsu,uma_start_shisu,ls_shisu_juni,7,1288,72.06,16.96,59.5,False
KEIBAJO_SURFACE_07_ダ_条件戦,kyori_kubun+pace_yoso+kishu_shisu+joshodo_code,kyori_kubun,pace_yoso,kishu_shisu,joshodo_code,13,1972,69.94,19.26,59.47,False
KEIBAJO_SURFACE_07_ダ_条件戦,pace_yoso+uma_start_shisu+uma_deokure_ritsu+kishu_shisu,pace_yoso,uma_start_shisu,uma_deokure_ritsu,kishu_shisu,4,490,71.43,12.33,59.35,False
KEIBAJO_SURFACE_07_ダ_条件戦,hizume_code+uma_start_shisu+ls_shisu_juni+joshodo_code,hizume_code,uma_start_shisu,ls_shisu_juni,joshodo_code,8,1453,66.61,10.57,59.29,False
KEIBAJO_SURFACE_07_ダ_条件戦,pace_yoso+hizume_code+rotation+uma_deokure_ritsu,pace_yoso,hizume_code,rotation,uma_deokure_ritsu,4,490,68.41,9.39,59.2,False
KEIBAJO_SURFACE_07_ダ_条件戦,kyori_tekisei+uma_start_shisu+uma_deokure_ritsu+ls_shisu_juni,kyori_tekisei,uma_start_shisu,uma_deokure_ritsu,ls_shisu_juni,5,1163,65.64,7.46,59.1,False
KEIBAJO_SURFACE_07_ダ_条件戦,omo_tekisei_code+kyori_tekisei+hizume_code+ls_shisu_juni,omo_tekisei_code,kyori_tekisei,hizume_code,ls_shisu_juni,10,1567,68.28,14.88,59.06,False
KEIBAJO_SURFACE_07_ダ_条件戦,omo_tekisei_code+hizume_code+kyakushitsu+ls_shisu_juni,omo_tekisei_code,hizume_code,kyakushitsu,ls_shisu_juni,8,1386,69.24,14.73,59.03,False
KEIBAJO_SURFACE_07_ダ_条件戦,kishu_minarai_code+kyakushitsu+uma_deokure_ritsu+joshodo_code,kishu_minarai_code,kyakushitsu,uma_deokure_ritsu,joshodo_code,3,359,70.27,9.94,59.02,False
KEIBAJO_SURFACE_07_ダ_条件戦,pace_yoso+hizume_code+ichi_shisu_juni+joshodo_code,pace_yoso,hizume_code,ichi_shisu_juni,joshodo_code,4,423,68.21,9.41,58.99,False
KEIBAJO_SURFACE_07_ダ_条件戦,omo_tekisei_code+uma_start_shisu+joho_shisu+uma_deokure_ritsu,omo_tekisei_code,uma_start_shisu,joho_shisu,uma_deokure_ritsu,3,657,65.12,5.43,58.97,False
KEIBAJO_SURFACE_07_ダ_条件戦,omo_tekisei_code+kyori_tekisei+hizume_code+uma_start_shisu,omo_tekisei_code,kyori_tekisei,hizume_code,uma_start_shisu,4,765,69.38,10.75,58.85,False
KEIBAJO_SURFACE_07_ダ_条件戦,kyori_tekisei+joho_shisu+kishu_shisu+kishu_kitai_tansho_ritsu,kyori_tekisei,joho_shisu,kishu_shisu,kishu_kitai_tansho_ritsu,3,414,68.67,8.7,58.82,False
KEIBAJO_SURFACE_07_ダ_条件戦,kyori_tekisei+hizume_code+kyakushitsu+uma_start_shisu,kyori_tekisei,hizume_code,kyakushitsu,uma_start_shisu,3,386,70.13,10.04,58.76,False
KEIBAJO_SURFACE_07_ダ_条件戦,kyori_tekisei+kishu_minarai_code+ls_shisu_juni+joshodo_code,kyori_tekisei,kishu_minarai_code,ls_shisu_juni,joshodo_code,4,490,72.91,14.65,58.56,False
KEIBAJO_SURFACE_07_ダ_条件戦,kyakushitsu+uma_start_shisu+joho_shisu+joshodo_code,kyakushitsu,uma_start_shisu,joho_shisu,joshodo_code,5,865,67.42,10.13,58.54,False
KEIBAJO_SURFACE_07_ダ_条件戦,uma_deokure_ritsu+kishu_shisu+kishu_kitai_tansho_ritsu+joshodo_code,uma_deokure_ritsu,kishu_shisu,kishu_kitai_tansho_ritsu,joshodo_code,8,1285,64.82,9.07,58.54,False
KEIBAJO_SURFACE_07_ダ_条件戦,kyori_tekisei+kyakushitsu+uma_start_shisu+ls_shisu_juni,kyori_tekisei,kyakushitsu,uma_start_shisu,ls_shisu_juni,5,694,62.59,4.63,58.54,False
KEIBAJO_SURFACE_07_ダ_条件戦,omo_tekisei_code+joho_shisu+ls_shisu_juni+kishu_kitai_tansho_ritsu,omo_tekisei_code,joho_shisu,ls_shisu_juni,kishu_kitai_tansho_ritsu,4,504,71.95,13.75,58.47,False
KEIBAJO_SURFACE_07_ダ_条件戦,manken_shirushi+uma_deokure_ritsu+ls_shisu_juni+joshodo_code,manken_shirushi,uma_deokure_ritsu,ls_shisu_juni,joshodo_code,8,986,72.09,19.78,58.39,False
KEIBAJO_SURFACE_07_ダ_条件戦,kyori_kubun+omo_tekisei_code+hizume_code+rotation,kyori_kubun,omo_tekisei_code,hizume_code,rotation,6,926,66.82,10.61,58.32,False
KEIBAJO_SURFACE_07_ダ_条件戦,omo_tekisei_code+hizume_code+uma_deokure_ritsu+ls_shisu_juni,omo_tekisei_code,hizume_code,uma_deokure_ritsu,ls_shisu_juni,8,1427,68.98,15.7,58.1,False
KEIBAJO_SURFACE_07_ダ_条件戦,kyori_kubun+omo_tekisei_code+uma_start_shisu+ls_shisu_juni,kyori_kubun,omo_tekisei_code,uma_start_shisu,ls_shisu_juni,8,1533,66.39,12.02,58.07,False
KEIBAJO_SURFACE_07_ダ_条件戦,pace_yoso+kyori_tekisei+uma_start_shisu+ls_shisu_juni,pace_yoso,kyori_tekisei,uma_start_shisu,ls_shisu_juni,7,1028,64.69,9.07,57.97,False
KEIBAJO_SURFACE_07_ダ_条件戦,kyori_kubun+ls_shisu_juni+kishu_shisu+joshodo_code,kyori_kubun,ls_shisu_juni,kishu_shisu,joshodo_code,11,2071,65.87,13.37,57.96,False
KEIBAJO_SURFACE_07_ダ_条件戦,rotation+uma_start_shisu+ls_shisu_juni+joshodo_code,rotation,uma_start_shisu,ls_shisu_juni,joshodo_code,3,698,71.86,12.34,57.89,False
KEIBAJO_SURFACE_07_ダ_条件戦,kyori_tekisei+rotation+ls_shisu_juni+joshodo_code,kyori_tekisei,rotation,ls_shisu_juni,joshodo_code,10,1696,68.35,16.92,57.86,False
KEIBAJO_SURFACE_07_ダ_条件戦,pace_yoso+kishu_shisu+kishu_kitai_tansho_ritsu+joshodo_code,pace_yoso,kishu_shisu,kishu_kitai_tansho_ritsu,joshodo_code,13,2174,67.16,17.13,57.85,False
KEIBAJO_SURFACE_07_ダ_条件戦,omo_tekisei_code+hizume_code+rotation+uma_deokure_ritsu,omo_tekisei_code,hizume_code,rotation,uma_deokure_ritsu,3,567,71.2,11.88,57.75,False
KEIBAJO_SURFACE_07_ダ_条件戦,kyori_kubun+joho_shisu+kishu_shisu+kishu_kitai_tansho_ritsu,kyori_kubun,joho_shisu,kishu_shisu,kishu_kitai_tansho_ritsu,5,750,70.85,15.02,57.68,False
KEIBAJO_SURFACE_07_ダ_条件戦,kishu_minarai_code+joho_shisu+ls_shisu_juni+joshodo_code,kishu_minarai_code,joho_shisu,ls_shisu_juni,joshodo_code,3,413,76.47,16.74,57.53,False
KEIBAJO_SURFACE_07_ダ_条件戦,pace_yoso+ls_shisu_juni+kishu_shisu+joshodo_code,pace_yoso,ls_shisu_juni,kishu_shisu,joshodo_code,8,1820,69.97,18.01,57.49,False
KEIBAJO_SURFACE_07_ダ_条件戦,kyori_kubun+kishu_shisu+kishu_kitai_tansho_ritsu+joshodo_code,kyori_kubun,kishu_shisu,kishu_kitai_tansho_ritsu,joshodo_code,12,1958,65.37,14.04,57.42,False
KEIBAJO_SURFACE_07_ダ_条件戦,kyori_tekisei+ls_shisu_juni+kishu_shisu+kishu_kitai_tansho_ritsu,kyori_tekisei,ls_shisu_juni,kishu_shisu,kishu_kitai_tansho_ritsu,7,1108,68.42,14.88,57.39,False
KEIBAJO_SURFACE_07_ダ_条件戦,pace_yoso+kyori_tekisei+ls_shisu_juni+kishu_shisu,pace_yoso,kyori_tekisei,ls_shisu_juni,kishu_shisu,6,943,66.71,12.08,57.04,False
KEIBAJO_SURFACE_07_ダ_条件戦,kyori_kubun+omo_tekisei_code+ls_shisu_juni+kishu_shisu,kyori_kubun,omo_tekisei_code,ls_shisu_juni,kishu_shisu,7,1045,67.45,14.05,57.04,False
KEIBAJO_SURFACE_07_ダ_条件戦,pace_yoso+kyakushitsu+uma_start_shisu+joho_shisu,pace_yoso,kyakushitsu,uma_start_shisu,joho_shisu,4,452,72.26,15.6,56.97,False
KEIBAJO_SURFACE_07_ダ_条件戦,kyakushitsu+ls_shisu_juni+kishu_shisu+kishu_kitai_tansho_ritsu,kyakushitsu,ls_shisu_juni,kishu_shisu,kishu_kitai_tansho_ritsu,7,927,67.09,13.7,56.94,False
KEIBAJO_SURFACE_07_ダ_条件戦,omo_tekisei_code+uma_start_shisu+joho_shisu+ls_shisu_juni,omo_tekisei_code,uma_start_shisu,joho_shisu,ls_shisu_juni,3,589,61.03,3.69,56.86,False
KEIBAJO_SURFACE_07_ダ_条件戦,pace_yoso+hizume_code+kishu_minarai_code+joshodo_code,pace_yoso,hizume_code,kishu_minarai_code,joshodo_code,3,324,64.04,6.37,56.83,False
KEIBAJO_SURFACE_07_ダ_条件戦,kyori_kubun+omo_tekisei_code+uma_start_shisu+joho_shisu,kyori_kubun,omo_tekisei_code,uma_start_shisu,joho_shisu,3,421,70.96,12.52,56.8,False
KEIBAJO_SURFACE_07_ダ_条件戦,rotation+uma_start_shisu+uma_deokure_ritsu+joshodo_code,rotation,uma_start_shisu,uma_deokure_ritsu,joshodo_code,4,1258,70.64,14.18,56.75,False
KEIBAJO_SURFACE_07_ダ_条件戦,kyori_tekisei+rotation+uma_start_shisu+uma_deokure_ritsu,kyori_tekisei,rotation,uma_start_shisu,uma_deokure_ritsu,4,577,67.28,10.77,56.73,False
KEIBAJO_SURFACE_07_ダ_条件戦,joho_shisu+kishu_shisu+kishu_kitai_tansho_ritsu+joshodo_code,joho_shisu,kishu_shisu,kishu_kitai_tansho_ritsu,joshodo_code,8,1509,65.71,13.0,56.7,False
KEIBAJO_SURFACE_07_ダ_条件戦,omo_tekisei_code+rotation+kyakushitsu+ls_shisu_juni,omo_tekisei_code,rotation,kyakushitsu,ls_shisu_juni,7,872,72.38,21.29,56.61,False
KEIBAJO_SURFACE_07_ダ_条件戦,pace_yoso+kyakushitsu+joho_shisu+ls_shisu_juni,pace_yoso,kyakushitsu,joho_shisu,ls_shisu_juni,11,1762,62.19,9.56,56.54,False
KEIBAJO_SURFACE_07_ダ_条件戦,uma_start_shisu+uma_deokure_ritsu+kishu_shisu+joshodo_code,uma_start_shisu,uma_deokure_ritsu,kishu_shisu,joshodo_code,5,936,67.0,12.07,56.42,False
KEIBAJO_SURFACE_07_ダ_条件戦,omo_tekisei_code+ls_shisu_juni+kishu_shisu+kishu_kitai_tansho_ritsu,omo_tekisei_code,ls_shisu_juni,kishu_shisu,kishu_kitai_tansho_ritsu,8,1346,66.37,14.37,56.42,False
KEIBAJO_SURFACE_07_ダ_条件戦,kyori_kubun+kyori_tekisei+kishu_shisu+joshodo_code,kyori_kubun,kyori_tekisei,kishu_shisu,joshodo_code,8,1207,66.72,14.89,56.4,False
KEIBAJO_SURFACE_07_ダ_条件戦,pace_yoso+kyori_tekisei+kishu_shisu+kishu_kitai_tansho_ritsu,pace_yoso,kyori_tekisei,kishu_shisu,kishu_kitai_tansho_ritsu,4,513,67.83,11.66,56.4,False
KEIBAJO_SURFACE_07_ダ_条件戦,omo_tekisei_code+joho_shisu+ls_shisu_juni+kishu_shisu,omo_tekisei_code,joho_shisu,ls_shisu_juni,kishu_shisu,8,1212,65.19,12.76,56.35,False
KEIBAJO_SURFACE_07_ダ_条件戦,hizume_code+ls_shisu_juni+kishu_shisu+joshodo_code,hizume_code,ls_shisu_juni,kishu_shisu,joshodo_code,4,777,70.07,14.07,56.28,False
KEIBAJO_SURFACE_07_ダ_条件戦,pace_yoso+ls_shisu_juni+kishu_shisu+kishu_kitai_tansho_ritsu,pace_yoso,ls_shisu_juni,kishu_shisu,kishu_kitai_tansho_ritsu,9,1588,67.61,17.37,56.27,False
KEIBAJO_SURFACE_07_ダ_条件戦,kyori_kubun+pace_yoso+joho_shisu+uma_deokure_ritsu,kyori_kubun,pace_yoso,joho_shisu,uma_deokure_ritsu,4,589,69.82,13.84,56.26,False
KEIBAJO_SURFACE_07_ダ_条件戦,kyori_kubun+pace_yoso+ls_shisu_juni+kishu_shisu,kyori_kubun,pace_yoso,ls_shisu_juni,kishu_shisu,11,1576,69.21,21.94,56.24,False
KEIBAJO_SURFACE_07_ダ_条件戦,pace_yoso+hizume_code+rotation+ls_shisu_juni,pace_yoso,hizume_code,rotation,ls_shisu_juni,4,508,65.48,9.57,56.1,False
KEIBAJO_SURFACE_07_ダ_条件戦,hizume_code+uma_start_shisu+uma_deokure_ritsu+ls_shisu_juni,hizume_code,uma_start_shisu,uma_deokure_ritsu,ls_shisu_juni,4,835,68.99,13.19,56.06,False
KEIBAJO_SURFACE_07_ダ_条件戦,hizume_code+kishu_shisu+kishu_kitai_tansho_ritsu+joshodo_code,hizume_code,kishu_shisu,kishu_kitai_tansho_ritsu,joshodo_code,3,617,63.69,6.77,56.03,False
KEIBAJO_SURFACE_07_ダ_条件戦,kyori_kubun+uma_start_shisu+joho_shisu+joshodo_code,kyori_kubun,uma_start_shisu,joho_shisu,joshodo_code,5,920,65.72,11.27,55.84,False
KEIBAJO_SURFACE_07_ダ_条件戦,omo_tekisei_code+hizume_code+rotation+ls_shisu_juni,omo_tekisei_code,hizume_code,rotation,ls_shisu_juni,4,592,66.06,10.5,55.77,False
KEIBAJO_SURFACE_07_ダ_条件戦,hizume_code+ls_shisu_juni+ichi_shisu_juni+joshodo_code,hizume_code,ls_shisu_juni,ichi_shisu_juni,joshodo_code,4,447,63.28,7.67,55.76,False
KEIBAJO_SURFACE_07_ダ_条件戦,kyakushitsu+kishu_shisu+kishu_kitai_tansho_ritsu+joshodo_code,kyakushitsu,kishu_shisu,kishu_kitai_tansho_ritsu,joshodo_code,12,1704,64.32,15.14,55.75,False
KEIBAJO_SURFACE_07_ダ_条件戦,kyori_tekisei+hizume_code+uma_start_shisu+ls_shisu_juni,kyori_tekisei,hizume_code,uma_start_shisu,ls_shisu_juni,3,455,76.27,18.22,55.66,False
KEIBAJO_SURFACE_07_ダ_条件戦,kyori_kubun+pace_yoso+ls_shisu_juni+kishu_kitai_tansho_ritsu,kyori_kubun,pace_yoso,ls_shisu_juni,kishu_kitai_tansho_ritsu,3,408,65.78,8.97,55.63,False
KEIBAJO_SURFACE_07_ダ_条件戦,uma_start_shisu+uma_deokure_ritsu+kishu_kitai_tansho_ritsu+joshodo_code,uma_start_shisu,uma_deokure_ritsu,kishu_kitai_tansho_ritsu,joshodo_code,3,435,62.45,6.06,55.59,False
KEIBAJO_SURFACE_07_ダ_条件戦,omo_tekisei_code+joho_shisu+kishu_kitai_tansho_ritsu+joshodo_code,omo_tekisei_code,joho_shisu,kishu_kitai_tansho_ritsu,joshodo_code,5,723,69.31,15.82,55.44,False
KEIBAJO_SURFACE_07_ダ_条件戦,omo_tekisei_code+joho_shisu+kishu_shisu+joshodo_code,omo_tekisei_code,joho_shisu,kishu_shisu,joshodo_code,8,1602,64.33,12.9,55.4,False
KEIBAJO_SURFACE_07_ダ_条件戦,uma_deokure_ritsu+ls_shisu_juni+kishu_shisu+kishu_kitai_tansho_ritsu,uma_deokure_ritsu,ls_shisu_juni,kishu_shisu,kishu_kitai_tansho_ritsu,4,642,65.69,10.52,55.38,False
KEIBAJO_SURFACE_07_ダ_条件戦,omo_tekisei_code+ls_shisu_juni+kishu_kitai_tansho_ritsu+joshodo_code,omo_tekisei_code,ls_shisu_juni,kishu_kitai_tansho_ritsu,joshodo_code,8,1336,65.79,15.06,55.35,False
KEIBAJO_SURFACE_07_ダ_条件戦,kyakushitsu+uma_start_shisu+kishu_shisu+joshodo_code,kyakushitsu,uma_start_shisu,kishu_shisu,joshodo_code,4,502,67.94,13.04,55.16,False
KEIBAJO_SURFACE_07_ダ_条件戦,pace_yoso+omo_tekisei_code+kyakushitsu+joho_shisu,pace_yoso,omo_tekisei_code,kyakushitsu,joho_shisu,12,1530,63.75,15.29,55.1,False
KEIBAJO_SURFACE_07_ダ_条件戦,kyakushitsu+ls_shisu_juni+kishu_kitai_tansho_ritsu+joshodo_code,kyakushitsu,ls_shisu_juni,kishu_kitai_tansho_ritsu,joshodo_code,6,813,66.51,14.29,55.08,False
KEIBAJO_SURFACE_07_ダ_条件戦,kyori_kubun+kyakushitsu+joho_shisu+joshodo_code,kyori_kubun,kyakushitsu,joho_shisu,joshodo_code,13,2386,66.38,21.0,54.96,False
KEIBAJO_SURFACE_07_ダ_条件戦,pace_yoso+omo_tekisei_code+joho_shisu+kishu_shisu,pace_yoso,omo_tekisei_code,joho_shisu,kishu_shisu,7,846,73.48,25.04,54.93,False
KEIBAJO_SURFACE_07_ダ_条件戦,omo_tekisei_code+kyori_tekisei+kishu_minarai_code+joshodo_code,omo_tekisei_code,kyori_tekisei,kishu_minarai_code,joshodo_code,3,314,72.66,15.71,54.88,False
KEIBAJO_SURFACE_07_ダ_条件戦,kyori_kubun+uma_deokure_ritsu+ls_shisu_juni+kishu_shisu,kyori_kubun,uma_deokure_ritsu,ls_shisu_juni,kishu_shisu,4,525,67.46,12.88,54.84,False
KEIBAJO_SURFACE_07_ダ_条件戦,pace_yoso+uma_start_shisu+joho_shisu+ls_shisu_juni,pace_yoso,uma_start_shisu,joho_shisu,ls_shisu_juni,3,528,61.2,5.63,54.83,False
KEIBAJO_SURFACE_07_ダ_条件戦,pace_yoso+ls_shisu_juni+kishu_kitai_tansho_ritsu+joshodo_code,pace_yoso,ls_shisu_juni,kishu_kitai_tansho_ritsu,joshodo_code,7,1120,68.81,18.96,54.76,False
KEIBAJO_SURFACE_07_ダ_条件戦,rotation+ls_shisu_juni+kishu_shisu+joshodo_code,rotation,ls_shisu_juni,kishu_shisu,joshodo_code,3,444,59.7,4.52,54.59,False
KEIBAJO_SURFACE_07_ダ_条件戦,omo_tekisei_code+joho_shisu+ls_shisu_juni+joshodo_code,omo_tekisei_code,joho_shisu,ls_shisu_juni,joshodo_code,5,2022,59.18,5.26,54.56,False
KEIBAJO_SURFACE_07_ダ_条件戦,pace_yoso+hizume_code+joho_shisu+ls_shisu_juni,pace_yoso,hizume_code,joho_shisu,ls_shisu_juni,3,554,61.55,6.29,54.44,False
KEIBAJO_SURFACE_07_ダ_条件戦,pace_yoso+joho_shisu+kishu_shisu+joshodo_code,pace_yoso,joho_shisu,kishu_shisu,joshodo_code,8,1454,66.73,17.78,54.42,False
KEIBAJO_SURFACE_07_ダ_条件戦,omo_tekisei_code+uma_deokure_ritsu+ls_shisu_juni+kishu_shisu,omo_tekisei_code,uma_deokure_ritsu,ls_shisu_juni,kishu_shisu,5,758,63.09,10.1,54.23,False
KEIBAJO_SURFACE_07_ダ_条件戦,omo_tekisei_code+uma_deokure_ritsu+kishu_shisu+joshodo_code,omo_tekisei_code,uma_deokure_ritsu,kishu_shisu,joshodo_code,8,1314,64.04,14.28,54.15,False
KEIBAJO_SURFACE_07_ダ_条件戦,omo_tekisei_code+hizume_code+ls_shisu_juni+kishu_shisu,omo_tekisei_code,hizume_code,ls_shisu_juni,kishu_shisu,4,522,57.0,2.93,54.14,False
KEIBAJO_SURFACE_07_ダ_条件戦,hizume_code+joho_shisu+uma_deokure_ritsu+ls_shisu_juni,hizume_code,joho_shisu,uma_deokure_ritsu,ls_shisu_juni,3,445,60.57,5.85,53.95,False
KEIBAJO_SURFACE_07_ダ_条件戦,kyori_tekisei+uma_start_shisu+joho_shisu+uma_deokure_ritsu,kyori_tekisei,uma_start_shisu,joho_shisu,uma_deokure_ritsu,3,423,58.69,4.28,53.84,False
KEIBAJO_SURFACE_07_ダ_条件戦,kyori_kubun+ls_shisu_juni+kishu_shisu+kishu_kitai_tansho_ritsu,kyori_kubun,ls_shisu_juni,kishu_shisu,kishu_kitai_tansho_ritsu,11,1685,63.06,15.73,53.77,False
KEIBAJO_SURFACE_07_ダ_条件戦,kyori_tekisei+joho_shisu+ls_shisu_juni+joshodo_code,kyori_tekisei,joho_shisu,ls_shisu_juni,joshodo_code,9,2191,57.9,6.36,53.74,False
KEIBAJO_SURFACE_07_ダ_条件戦,pace_yoso+kyakushitsu+joho_shisu+joshodo_code,pace_yoso,kyakushitsu,joho_shisu,joshodo_code,12,2460,62.22,15.02,53.72,False
KEIBAJO_SURFACE_07_ダ_条件戦,omo_tekisei_code+kyori_tekisei+uma_start_shisu+ls_shisu_juni,omo_tekisei_code,kyori_tekisei,uma_start_shisu,ls_shisu_juni,7,1166,62.51,11.87,53.72,False
KEIBAJO_SURFACE_07_ダ_条件戦,uma_deokure_ritsu+ls_shisu_juni+kishu_kitai_tansho_ritsu+joshodo_code,uma_deokure_ritsu,ls_shisu_juni,kishu_kitai_tansho_ritsu,joshodo_code,5,741,61.96,9.43,53.7,False
KEIBAJO_SURFACE_07_ダ_条件戦,kyori_kubun+kyori_tekisei+ls_shisu_juni+kishu_shisu,kyori_kubun,kyori_tekisei,ls_shisu_juni,kishu_shisu,8,1189,62.56,12.8,53.69,False
KEIBAJO_SURFACE_07_ダ_条件戦,uma_start_shisu+uma_deokure_ritsu+kishu_shisu+kishu_kitai_tansho_ritsu,uma_start_shisu,uma_deokure_ritsu,kishu_shisu,kishu_kitai_tansho_ritsu,3,434,63.92,9.08,53.65,False
KEIBAJO_SURFACE_07_ダ_条件戦,kyori_kubun+joho_shisu+ls_shisu_juni+kishu_shisu,kyori_kubun,joho_shisu,ls_shisu_juni,kishu_shisu,9,1336,65.9,18.95,53.52,False
KEIBAJO_SURFACE_07_ダ_条件戦,omo_tekisei_code+joho_shisu+kishu_shisu+kishu_kitai_tansho_ritsu,omo_tekisei_code,joho_shisu,kishu_shisu,kishu_kitai_tansho_ritsu,5,724,68.24,16.85,53.47,False
KEIBAJO_SURFACE_07_ダ_条件戦,uma_start_shisu+ls_shisu_juni+ichi_shisu_juni+joshodo_code,uma_start_shisu,ls_shisu_juni,ichi_shisu_juni,joshodo_code,6,758,58.43,6.2,53.47,False
KEIBAJO_SURFACE_07_ダ_条件戦,pace_yoso+omo_tekisei_code+kishu_shisu+joshodo_code,pace_yoso,omo_tekisei_code,kishu_shisu,joshodo_code,11,2029,66.07,21.37,53.44,False
KEIBAJO_SURFACE_07_ダ_条件戦,kyori_kubun+rotation+joho_shisu+joshodo_code,kyori_kubun,rotation,joho_shisu,joshodo_code,4,708,63.89,10.81,53.29,False
KEIBAJO_SURFACE_07_ダ_条件戦,kyori_kubun+pace_yoso+kishu_shisu+kishu_kitai_tansho_ritsu,kyori_kubun,pace_yoso,kishu_shisu,kishu_kitai_tansho_ritsu,6,852,64.56,14.14,53.25,False
KEIBAJO_SURFACE_07_ダ_条件戦,kyori_tekisei+kishu_shisu+kishu_kitai_tansho_ritsu+joshodo_code,kyori_tekisei,kishu_shisu,kishu_kitai_tansho_ritsu,joshodo_code,11,1452,63.04,16.63,53.22,False
KEIBAJO_SURFACE_07_ダ_条件戦,kyori_tekisei+ls_shisu_juni+kishu_kitai_tansho_ritsu+joshodo_code,kyori_tekisei,ls_shisu_juni,kishu_kitai_tansho_ritsu,joshodo_code,5,627,73.82,23.58,53.15,False
KEIBAJO_SURFACE_07_ダ_条件戦,kyakushitsu+joho_shisu+kishu_shisu+joshodo_code,kyakushitsu,joho_shisu,kishu_shisu,joshodo_code,8,1235,69.56,23.88,53.01,False
KEIBAJO_SURFACE_07_ダ_条件戦,pace_yoso+kyori_tekisei+joho_shisu+kishu_shisu,pace_yoso,kyori_tekisei,joho_shisu,kishu_shisu,3,380,68.47,13.69,52.98,False
KEIBAJO_SURFACE_07_ダ_条件戦,uma_start_shisu+joho_shisu+kishu_shisu+joshodo_code,uma_start_shisu,joho_shisu,kishu_shisu,joshodo_code,3,481,67.3,12.7,52.93,False
KEIBAJO_SURFACE_07_ダ_条件戦,kyori_kubun+joho_shisu+uma_deokure_ritsu+joshodo_code,kyori_kubun,joho_shisu,uma_deokure_ritsu,joshodo_code,7,1402,57.35,6.23,52.73,False
KEIBAJO_SURFACE_07_ダ_条件戦,kyori_kubun+omo_tekisei_code+kishu_shisu+joshodo_code,kyori_kubun,omo_tekisei_code,kishu_shisu,joshodo_code,13,2058,61.24,15.8,52.65,False
KEIBAJO_SURFACE_07_ダ_条件戦,kyori_kubun+pace_yoso+kishu_kitai_tansho_ritsu+joshodo_code,kyori_kubun,pace_yoso,kishu_kitai_tansho_ritsu,joshodo_code,4,509,63.02,10.98,52.27,False
KEIBAJO_SURFACE_07_ダ_条件戦,joho_shisu+ls_shisu_juni+kishu_shisu+kishu_kitai_tansho_ritsu,joho_shisu,ls_shisu_juni,kishu_shisu,kishu_kitai_tansho_ritsu,7,1290,63.59,15.37,52.2,False
KEIBAJO_SURFACE_07_ダ_条件戦,kyori_tekisei+kyakushitsu+joho_shisu+joshodo_code,kyori_tekisei,kyakushitsu,joho_shisu,joshodo_code,12,1983,60.1,13.97,52.19,False
KEIBAJO_SURFACE_07_ダ_条件戦,pace_yoso+kyakushitsu+joho_shisu+uma_deokure_ritsu,pace_yoso,kyakushitsu,joho_shisu,uma_deokure_ritsu,4,553,64.09,12.2,52.13,False
KEIBAJO_SURFACE_07_ダ_条件戦,omo_tekisei_code+kyori_tekisei+ls_shisu_juni+kishu_shisu,omo_tekisei_code,kyori_tekisei,ls_shisu_juni,kishu_shisu,7,825,65.3,17.89,52.05,False
KEIBAJO_SURFACE_07_ダ_条件戦,pace_yoso+omo_tekisei_code+hizume_code+joho_shisu,pace_yoso,omo_tekisei_code,hizume_code,joho_shisu,4,595,61.79,10.01,51.98,False
KEIBAJO_SURFACE_07_ダ_条件戦,kyori_kubun+kyori_tekisei+rotation+ls_shisu_juni,kyori_kubun,kyori_tekisei,rotation,ls_shisu_juni,4,755,64.56,12.85,51.97,False
KEIBAJO_SURFACE_07_ダ_条件戦,kyori_kubun+kyakushitsu+joho_shisu+ls_shisu_juni,kyori_kubun,kyakushitsu,joho_shisu,ls_shisu_juni,11,1618,60.05,13.68,51.97,False
KEIBAJO_SURFACE_07_ダ_条件戦,omo_tekisei_code+hizume_code+kishu_shisu+joshodo_code,omo_tekisei_code,hizume_code,kishu_shisu,joshodo_code,5,794,57.97,6.87,51.95,False
KEIBAJO_SURFACE_07_ダ_条件戦,pace_yoso+kyori_tekisei+joho_shisu+ls_shisu_juni,pace_yoso,kyori_tekisei,joho_shisu,ls_shisu_juni,9,1670,59.13,11.08,51.89,False
KEIBAJO_SURFACE_07_ダ_条件戦,omo_tekisei_code+kyori_tekisei+hizume_code+joho_shisu,omo_tekisei_code,kyori_tekisei,hizume_code,joho_shisu,3,354,57.76,5.26,51.81,False
KEIBAJO_SURFACE_07_ダ_条件戦,omo_tekisei_code+kyori_tekisei+kishu_shisu+joshodo_code,omo_tekisei_code,kyori_tekisei,kishu_shisu,joshodo_code,8,1152,64.73,18.75,51.73,False
KEIBAJO_SURFACE_07_ダ_条件戦,rotation+joho_shisu+ls_shisu_juni+joshodo_code,rotation,joho_shisu,ls_shisu_juni,joshodo_code,5,895,68.79,19.46,51.73,False
KEIBAJO_SURFACE_07_ダ_条件戦,pace_yoso+kyakushitsu+kishu_shisu+joshodo_code,pace_yoso,kyakushitsu,kishu_shisu,joshodo_code,12,1671,60.92,16.28,51.71,False
KEIBAJO_SURFACE_07_ダ_条件戦,kyori_tekisei+hizume_code+joho_shisu+ls_shisu_juni,kyori_tekisei,hizume_code,joho_shisu,ls_shisu_juni,3,414,66.16,12.81,51.67,False
KEIBAJO_SURFACE_07_ダ_条件戦,uma_start_shisu+ls_shisu_juni+kishu_shisu+joshodo_code,uma_start_shisu,ls_shisu_juni,kishu_shisu,joshodo_code,3,672,57.74,5.45,51.57,False
KEIBAJO_SURFACE_07_ダ_条件戦,kyori_kubun+uma_deokure_ritsu+kishu_shisu+joshodo_code,kyori_kubun,uma_deokure_ritsu,kishu_shisu,joshodo_code,7,1006,61.15,13.0,51.52,False
KEIBAJO_SURFACE_07_ダ_条件戦,kyori_kubun+uma_start_shisu+kishu_shisu+joshodo_code,kyori_kubun,uma_start_shisu,kishu_shisu,joshodo_code,4,545,66.17,14.95,51.51,False
KEIBAJO_SURFACE_07_ダ_条件戦,pace_yoso+kyori_tekisei+joho_shisu+joshodo_code,pace_yoso,kyori_tekisei,joho_shisu,joshodo_code,14,2429,59.24,14.77,51.5,False
KEIBAJO_SURFACE_07_ダ_条件戦,kyori_kubun+omo_tekisei_code+hizume_code+joho_shisu,kyori_kubun,omo_tekisei_code,hizume_code,joho_shisu,5,663,59.36,9.16,51.33,False
KEIBAJO_SURFACE_07_ダ_条件戦,kyori_kubun+omo_tekisei_code+joho_shisu+kishu_shisu,kyori_kubun,omo_tekisei_code,joho_shisu,kishu_shisu,3,450,65.72,12.83,51.21,False
KEIBAJO_SURFACE_07_ダ_条件戦,kyakushitsu+joho_shisu+uma_deokure_ritsu+ls_shisu_juni,kyakushitsu,joho_shisu,uma_deokure_ritsu,ls_shisu_juni,5,804,62.61,13.09,51.13,False
KEIBAJO_SURFACE_07_ダ_条件戦,kyori_kubun+hizume_code+rotation+kyakushitsu,kyori_kubun,hizume_code,rotation,kyakushitsu,4,487,61.69,10.83,51.08,False
KEIBAJO_SURFACE_07_ダ_条件戦,kyori_kubun+omo_tekisei_code+kishu_shisu+kishu_kitai_tansho_ritsu,kyori_kubun,omo_tekisei_code,kishu_shisu,kishu_kitai_tansho_ritsu,5,678,60.91,11.26,51.04,False
KEIBAJO_SURFACE_07_ダ_条件戦,omo_tekisei_code+kyori_tekisei+joho_shisu+uma_deokure_ritsu,omo_tekisei_code,kyori_tekisei,joho_shisu,uma_deokure_ritsu,4,470,54.41,3.49,51.0,False
KEIBAJO_SURFACE_07_ダ_条件戦,uma_start_shisu+uma_deokure_ritsu+ls_shisu_juni+kishu_shisu,uma_start_shisu,uma_deokure_ritsu,ls_shisu_juni,kishu_shisu,3,555,58.38,6.59,50.93,False
KEIBAJO_SURFACE_07_ダ_条件戦,pace_yoso+uma_start_shisu+kishu_shisu+joshodo_code,pace_yoso,uma_start_shisu,kishu_shisu,joshodo_code,4,618,68.48,17.93,50.91,False
KEIBAJO_SURFACE_07_ダ_条件戦,kyori_kubun+joho_shisu+ls_shisu_juni+joshodo_code,kyori_kubun,joho_shisu,ls_shisu_juni,joshodo_code,8,2183,61.78,15.77,50.85,False
KEIBAJO_SURFACE_07_ダ_条件戦,kyori_kubun+ls_shisu_juni+kishu_kitai_tansho_ritsu+joshodo_code,kyori_kubun,ls_shisu_juni,kishu_kitai_tansho_ritsu,joshodo_code,7,1044,62.35,15.54,50.83,False
KEIBAJO_SURFACE_07_ダ_条件戦,kyakushitsu+uma_deokure_ritsu+kishu_shisu+joshodo_code,kyakushitsu,uma_deokure_ritsu,kishu_shisu,joshodo_code,6,828,61.74,13.68,50.8,False
KEIBAJO_SURFACE_07_ダ_条件戦,kyakushitsu+ls_shisu_juni+kishu_shisu+joshodo_code,kyakushitsu,ls_shisu_juni,kishu_shisu,joshodo_code,10,1820,62.81,19.72,50.58,False
KEIBAJO_SURFACE_07_ダ_条件戦,omo_tekisei_code+hizume_code+joho_shisu+ls_shisu_juni,omo_tekisei_code,hizume_code,joho_shisu,ls_shisu_juni,4,753,57.18,6.78,50.53,False
KEIBAJO_SURFACE_07_ダ_条件戦,pace_yoso+kyakushitsu+ls_shisu_juni+kishu_shisu,pace_yoso,kyakushitsu,ls_shisu_juni,kishu_shisu,8,941,61.92,16.59,50.42,False
KEIBAJO_SURFACE_07_ダ_条件戦,omo_tekisei_code+kyori_tekisei+joho_shisu+joshodo_code,omo_tekisei_code,kyori_tekisei,joho_shisu,joshodo_code,11,2142,57.61,12.2,50.41,False
KEIBAJO_SURFACE_07_ダ_条件戦,kyori_kubun+joho_shisu+kishu_kitai_tansho_ritsu+joshodo_code,kyori_kubun,joho_shisu,kishu_kitai_tansho_ritsu,joshodo_code,4,540,73.0,23.1,50.37,False
KEIBAJO_SURFACE_07_ダ_条件戦,pace_yoso+omo_tekisei_code+kyori_tekisei+joho_shisu,pace_yoso,omo_tekisei_code,kyori_tekisei,joho_shisu,8,945,60.87,15.39,50.21,False
KEIBAJO_SURFACE_07_ダ_条件戦,pace_yoso+kyori_tekisei+rotation+ls_shisu_juni,pace_yoso,kyori_tekisei,rotation,ls_shisu_juni,3,405,64.42,12.57,50.2,False
KEIBAJO_SURFACE_07_ダ_条件戦,kyori_kubun+kyakushitsu+kishu_shisu+joshodo_code,kyori_kubun,kyakushitsu,kishu_shisu,joshodo_code,5,895,67.31,19.61,50.12,False
KEIBAJO_SURFACE_07_ダ_条件戦,kyori_kubun+joho_shisu+kishu_shisu+joshodo_code,kyori_kubun,joho_shisu,kishu_shisu,joshodo_code,9,1477,59.92,15.01,50.11,False
KEIBAJO_SURFACE_07_ダ_条件戦,kyakushitsu+uma_start_shisu+joho_shisu+uma_deokure_ritsu,kyakushitsu,uma_start_shisu,joho_shisu,uma_deokure_ritsu,3,525,72.93,20.24,50.03,False
KEIBAJO_SURFACE_07_ダ_条件戦,uma_start_shisu+uma_deokure_ritsu+ls_shisu_juni+ichi_shisu_juni,uma_start_shisu,uma_deokure_ritsu,ls_shisu_juni,ichi_shisu_juni,5,559,61.35,12.93,50.02,False
KEIBAJO_SURFACE_07_ダ_条件戦,kyakushitsu+joho_shisu+ls_shisu_juni+joshodo_code,kyakushitsu,joho_shisu,ls_shisu_juni,joshodo_code,9,2297,56.18,9.46,50.0,False
KEIBAJO_SURFACE_07_ダ_条件戦,joho_shisu+ls_shisu_juni+kishu_shisu+joshodo_code,joho_shisu,ls_shisu_juni,kishu_shisu,joshodo_code,6,1494,58.91,11.16,49.98,False
KEIBAJO_SURFACE_07_ダ_条件戦,kyori_kubun+uma_start_shisu+joho_shisu+ls_shisu_juni,kyori_kubun,uma_start_shisu,joho_shisu,ls_shisu_juni,3,494,62.05,10.74,49.9,False
KEIBAJO_SURFACE_07_ダ_条件戦,kyori_kubun+pace_yoso+kyori_tekisei+joho_shisu,kyori_kubun,pace_yoso,kyori_tekisei,joho_shisu,7,1238,60.12,13.9,49.83,False
KEIBAJO_SURFACE_07_ダ_条件戦,kyori_tekisei+ls_shisu_juni+kishu_shisu+joshodo_code,kyori_tekisei,ls_shisu_juni,kishu_shisu,joshodo_code,11,1772,57.91,13.81,49.75,False
KEIBAJO_SURFACE_07_ダ_条件戦,kyori_tekisei+uma_deokure_ritsu+kishu_shisu+joshodo_code,kyori_tekisei,uma_deokure_ritsu,kishu_shisu,joshodo_code,3,417,59.15,8.3,49.75,False
KEIBAJO_SURFACE_07_ダ_条件戦,kyori_kubun+uma_start_shisu+joho_shisu+uma_deokure_ritsu,kyori_kubun,uma_start_shisu,joho_shisu,uma_deokure_ritsu,4,649,64.27,14.93,49.64,False
KEIBAJO_SURFACE_07_ダ_条件戦,pace_yoso+joho_shisu+ls_shisu_juni+kishu_shisu,pace_yoso,joho_shisu,ls_shisu_juni,kishu_shisu,8,1340,66.57,24.48,49.6,False
KEIBAJO_SURFACE_07_ダ_条件戦,pace_yoso+uma_start_shisu+joho_shisu+uma_deokure_ritsu,pace_yoso,uma_start_shisu,joho_shisu,uma_deokure_ritsu,3,594,64.24,12.97,49.56,False
KEIBAJO_SURFACE_07_ダ_条件戦,pace_yoso+omo_tekisei_code+joho_shisu+uma_deokure_ritsu,pace_yoso,omo_tekisei_code,joho_shisu,uma_deokure_ritsu,4,720,62.48,13.23,49.52,False
KEIBAJO_SURFACE_07_ダ_条件戦,joho_shisu+ls_shisu_juni+ichi_shisu_juni+joshodo_code,joho_shisu,ls_shisu_juni,ichi_shisu_juni,joshodo_code,6,756,67.48,22.47,49.5,False
KEIBAJO_SURFACE_07_ダ_条件戦,kyori_kubun+joho_shisu+uma_deokure_ritsu+ls_shisu_juni,kyori_kubun,joho_shisu,uma_deokure_ritsu,ls_shisu_juni,5,864,57.92,9.66,49.45,False
KEIBAJO_SURFACE_07_ダ_条件戦,omo_tekisei_code+uma_start_shisu+uma_deokure_ritsu+kishu_shisu,omo_tekisei_code,uma_start_shisu,uma_deokure_ritsu,kishu_shisu,4,537,64.76,15.75,49.33,False
KEIBAJO_SURFACE_07_ダ_条件戦,kyori_kubun+pace_yoso+hizume_code+joho_shisu,kyori_kubun,pace_yoso,hizume_code,joho_shisu,3,404,62.33,11.49,49.33,False
KEIBAJO_SURFACE_07_ダ_条件戦,uma_start_shisu+ls_shisu_juni+kishu_shisu+kishu_kitai_tansho_ritsu,uma_start_shisu,ls_shisu_juni,kishu_shisu,kishu_kitai_tansho_ritsu,3,434,55.92,5.85,49.31,False
KEIBAJO_SURFACE_07_ダ_条件戦,omo_tekisei_code+kyakushitsu+joho_shisu+joshodo_code,omo_tekisei_code,kyakushitsu,joho_shisu,joshodo_code,10,2278,62.21,20.86,49.28,False
KEIBAJO_SURFACE_07_ダ_条件戦,pace_yoso+omo_tekisei_code+kishu_shisu+kishu_kitai_tansho_ritsu,pace_yoso,omo_tekisei_code,kishu_shisu,kishu_kitai_tansho_ritsu,6,765,62.91,17.07,49.26,False
KEIBAJO_SURFACE_07_ダ_条件戦,kyori_tekisei+kyakushitsu+joho_shisu+ls_shisu_juni,kyori_tekisei,kyakushitsu,joho_shisu,ls_shisu_juni,8,1209,56.47,10.42,49.25,False
KEIBAJO_SURFACE_07_ダ_条件戦,kyori_kubun+omo_tekisei_code+joho_shisu+joshodo_code,kyori_kubun,omo_tekisei_code,joho_shisu,joshodo_code,11,2552,58.18,15.23,49.17,False
KEIBAJO_SURFACE_07_ダ_条件戦,kyori_kubun+omo_tekisei_code+kishu_kitai_tansho_ritsu+joshodo_code,kyori_kubun,omo_tekisei_code,kishu_kitai_tansho_ritsu,joshodo_code,5,673,57.04,9.01,49.14,False
KEIBAJO_SURFACE_07_ダ_条件戦,uma_start_shisu+joho_shisu+ls_shisu_juni+joshodo_code,uma_start_shisu,joho_shisu,ls_shisu_juni,joshodo_code,4,959,59.31,10.39,49.13,False
KEIBAJO_SURFACE_07_ダ_条件戦,omo_tekisei_code+rotation+uma_start_shisu+ls_shisu_juni,omo_tekisei_code,rotation,uma_start_shisu,ls_shisu_juni,3,445,69.88,18.36,49.11,False
KEIBAJO_SURFACE_07_ダ_条件戦,pace_yoso+omo_tekisei_code+ls_shisu_juni+kishu_shisu,pace_yoso,omo_tekisei_code,ls_shisu_juni,kishu_shisu,8,1254,66.22,24.73,49.08,False
KEIBAJO_SURFACE_07_ダ_条件戦,pace_yoso+joho_shisu+uma_deokure_ritsu+joshodo_code,pace_yoso,joho_shisu,uma_deokure_ritsu,joshodo_code,6,1315,57.49,10.55,49.05,False
KEIBAJO_SURFACE_07_ダ_条件戦,pace_yoso+kyori_tekisei+kishu_shisu+joshodo_code,pace_yoso,kyori_tekisei,kishu_shisu,joshodo_code,11,1368,65.02,27.2,48.94,False
KEIBAJO_SURFACE_07_ダ_条件戦,hizume_code+joho_shisu+ls_shisu_juni+joshodo_code,hizume_code,joho_shisu,ls_shisu_juni,joshodo_code,6,1285,59.95,13.82,48.89,False
KEIBAJO_SURFACE_07_ダ_条件戦,hizume_code+kyakushitsu+joho_shisu+joshodo_code,hizume_code,kyakushitsu,joho_shisu,joshodo_code,7,1037,61.07,16.48,48.86,False
KEIBAJO_SURFACE_07_ダ_条件戦,kyori_kubun+kyori_tekisei+joho_shisu+kishu_shisu,kyori_kubun,kyori_tekisei,joho_shisu,kishu_shisu,3,397,77.79,25.57,48.86,False
KEIBAJO_SURFACE_07_ダ_条件戦,kyori_tekisei+joho_shisu+ls_shisu_juni+kishu_shisu,kyori_tekisei,joho_shisu,ls_shisu_juni,kishu_shisu,5,814,61.59,14.66,48.74,False
KEIBAJO_SURFACE_07_ダ_条件戦,kyori_kubun+kyori_tekisei+joho_shisu+joshodo_code,kyori_kubun,kyori_tekisei,joho_shisu,joshodo_code,12,2176,59.39,18.84,48.73,False
KEIBAJO_SURFACE_07_ダ_条件戦,kyakushitsu+uma_deokure_ritsu+ls_shisu_juni+kishu_shisu,kyakushitsu,uma_deokure_ritsu,ls_shisu_juni,kishu_shisu,3,375,64.51,14.06,48.6,False
KEIBAJO_SURFACE_07_ダ_条件戦,hizume_code+kyakushitsu+uma_deokure_ritsu+ls_shisu_juni,hizume_code,kyakushitsu,uma_deokure_ritsu,ls_shisu_juni,4,695,60.52,12.28,48.48,False
KEIBAJO_SURFACE_07_ダ_条件戦,pace_yoso+omo_tekisei_code+kishu_kitai_tansho_ritsu+joshodo_code,pace_yoso,omo_tekisei_code,kishu_kitai_tansho_ritsu,joshodo_code,6,759,62.53,17.76,48.32,False
KEIBAJO_SURFACE_07_ダ_条件戦,pace_yoso+joho_shisu+ls_shisu_juni+joshodo_code,pace_yoso,joho_shisu,ls_shisu_juni,joshodo_code,6,2104,58.22,12.38,48.31,False
KEIBAJO_SURFACE_07_ダ_条件戦,pace_yoso+omo_tekisei_code+joho_shisu+ls_shisu_juni,pace_yoso,omo_tekisei_code,joho_shisu,ls_shisu_juni,8,1694,56.75,12.25,48.26,False
KEIBAJO_SURFACE_07_ダ_条件戦,omo_tekisei_code+kyakushitsu+joho_shisu+ls_shisu_juni,omo_tekisei_code,kyakushitsu,joho_shisu,ls_shisu_juni,10,1659,59.12,17.56,48.24,False
KEIBAJO_SURFACE_07_ダ_条件戦,pace_yoso+omo_tekisei_code+joho_shisu+joshodo_code,pace_yoso,omo_tekisei_code,joho_shisu,joshodo_code,9,2458,57.15,13.8,48.14,False
KEIBAJO_SURFACE_07_ダ_条件戦,omo_tekisei_code+kyakushitsu+kishu_shisu+joshodo_code,omo_tekisei_code,kyakushitsu,kishu_shisu,joshodo_code,10,1575,61.98,22.59,47.98,False
KEIBAJO_SURFACE_07_ダ_条件戦,hizume_code+kyakushitsu+joho_shisu+ls_shisu_juni,hizume_code,kyakushitsu,joho_shisu,ls_shisu_juni,3,467,62.54,12.98,47.85,False
KEIBAJO_SURFACE_07_ダ_条件戦,pace_yoso+joho_shisu+kishu_kitai_tansho_ritsu+joshodo_code,pace_yoso,joho_shisu,kishu_kitai_tansho_ritsu,joshodo_code,4,562,73.61,26.34,47.8,False
KEIBAJO_SURFACE_07_ダ_条件戦,omo_tekisei_code+uma_start_shisu+kishu_shisu+joshodo_code,omo_tekisei_code,uma_start_shisu,kishu_shisu,joshodo_code,5,783,60.5,14.5,47.79,False
KEIBAJO_SURFACE_07_ダ_条件戦,kyori_tekisei+kyakushitsu+ls_shisu_juni+kishu_shisu,kyori_tekisei,kyakushitsu,ls_shisu_juni,kishu_shisu,3,396,57.25,8.41,47.73,False
KEIBAJO_SURFACE_07_ダ_条件戦,kyori_kubun+pace_yoso+ls_shisu_juni+ichi_shisu_juni,kyori_kubun,pace_yoso,ls_shisu_juni,ichi_shisu_juni,3,614,67.36,17.42,47.65,False
KEIBAJO_SURFACE_07_ダ_条件戦,pace_yoso+kyakushitsu+kishu_shisu+kishu_kitai_tansho_ritsu,pace_yoso,kyakushitsu,kishu_shisu,kishu_kitai_tansho_ritsu,4,418,73.04,26.01,47.56,False
KEIBAJO_SURFACE_07_ダ_条件戦,omo_tekisei_code+hizume_code+kishu_kitai_tansho_ritsu+joshodo_code,omo_tekisei_code,hizume_code,kishu_kitai_tansho_ritsu,joshodo_code,3,393,54.25,5.91,47.55,False
KEIBAJO_SURFACE_07_ダ_条件戦,omo_tekisei_code+hizume_code+kishu_shisu+kishu_kitai_tansho_ritsu,omo_tekisei_code,hizume_code,kishu_shisu,kishu_kitai_tansho_ritsu,3,398,53.47,5.34,47.43,False
KEIBAJO_SURFACE_07_ダ_条件戦,kyori_kubun+pace_yoso+kyakushitsu+joho_shisu,kyori_kubun,pace_yoso,kyakushitsu,joho_shisu,8,1149,62.37,21.58,47.42,False
KEIBAJO_SURFACE_07_ダ_条件戦,kyori_kubun+pace_yoso+joho_shisu+joshodo_code,kyori_kubun,pace_yoso,joho_shisu,joshodo_code,12,2569,59.46,21.44,47.33,False
KEIBAJO_SURFACE_07_ダ_条件戦,pace_yoso+uma_start_shisu+joho_shisu+joshodo_code,pace_yoso,uma_start_shisu,joho_shisu,joshodo_code,4,852,60.88,13.82,47.33,False
KEIBAJO_SURFACE_07_ダ_条件戦,pace_yoso+omo_tekisei_code+ls_shisu_juni+kishu_kitai_tansho_ritsu,pace_yoso,omo_tekisei_code,ls_shisu_juni,kishu_kitai_tansho_ritsu,4,422,59.69,12.68,47.26,False
KEIBAJO_SURFACE_07_ダ_条件戦,uma_deokure_ritsu+ls_shisu_juni+kishu_shisu+joshodo_code,uma_deokure_ritsu,ls_shisu_juni,kishu_shisu,joshodo_code,5,1082,59.31,13.97,47.06,False
KEIBAJO_SURFACE_07_ダ_条件戦,omo_tekisei_code+uma_start_shisu+joho_shisu+joshodo_code,omo_tekisei_code,uma_start_shisu,joho_shisu,joshodo_code,5,1060,58.26,12.78,47.06,False
KEIBAJO_SURFACE_07_ダ_条件戦,pace_yoso+uma_deokure_ritsu+kishu_kitai_tansho_ritsu+joshodo_code,pace_yoso,uma_deokure_ritsu,kishu_kitai_tansho_ritsu,joshodo_code,3,341,61.61,13.03,46.87,False
KEIBAJO_SURFACE_07_ダ_条件戦,kyori_kubun+pace_yoso+omo_tekisei_code+joho_shisu,kyori_kubun,pace_yoso,omo_tekisei_code,joho_shisu,11,1648,56.85,16.91,46.85,False
KEIBAJO_SURFACE_07_ダ_条件戦,omo_tekisei_code+hizume_code+joho_shisu+joshodo_code,omo_tekisei_code,hizume_code,joho_shisu,joshodo_code,8,1503,57.26,15.29,46.67,False
KEIBAJO_SURFACE_07_ダ_条件戦,pace_yoso+joho_shisu+ls_shisu_juni+kishu_kitai_tansho_ritsu,pace_yoso,joho_shisu,ls_shisu_juni,kishu_kitai_tansho_ritsu,4,571,71.75,25.69,46.57,False
KEIBAJO_SURFACE_07_ダ_条件戦,omo_tekisei_code+kyakushitsu+joho_shisu+uma_deokure_ritsu,omo_tekisei_code,kyakushitsu,joho_shisu,uma_deokure_ritsu,5,717,60.28,15.84,46.39,False
KEIBAJO_SURFACE_07_ダ_条件戦,kyori_kubun+omo_tekisei_code+joho_shisu+ls_shisu_juni,kyori_kubun,omo_tekisei_code,joho_shisu,ls_shisu_juni,9,1702,55.5,14.03,46.34,False
KEIBAJO_SURFACE_07_ダ_条件戦,omo_tekisei_code+kyori_tekisei+kyakushitsu+joho_shisu,omo_tekisei_code,kyori_tekisei,kyakushitsu,joho_shisu,3,326,48.66,2.1,46.29,False
KEIBAJO_SURFACE_07_ダ_条件戦,joho_shisu+uma_deokure_ritsu+kishu_shisu+joshodo_code,joho_shisu,uma_deokure_ritsu,kishu_shisu,joshodo_code,6,905,56.45,13.02,46.03,False
KEIBAJO_SURFACE_07_ダ_条件戦,kyori_tekisei+hizume_code+joho_shisu+joshodo_code,kyori_tekisei,hizume_code,joho_shisu,joshodo_code,6,871,65.46,24.33,45.99,False
KEIBAJO_SURFACE_07_ダ_条件戦,kyori_kubun+kyori_tekisei+kishu_shisu+kishu_kitai_tansho_ritsu,kyori_kubun,kyori_tekisei,kishu_shisu,kishu_kitai_tansho_ritsu,6,764,61.0,18.78,45.97,False
KEIBAJO_SURFACE_07_ダ_条件戦,omo_tekisei_code+joho_shisu+uma_deokure_ritsu+joshodo_code,omo_tekisei_code,joho_shisu,uma_deokure_ritsu,joshodo_code,6,1444,54.26,10.64,45.74,False
KEIBAJO_SURFACE_07_ダ_条件戦,omo_tekisei_code+joho_shisu+uma_deokure_ritsu+ls_shisu_juni,omo_tekisei_code,joho_shisu,uma_deokure_ritsu,ls_shisu_juni,5,1000,54.61,10.13,45.73,False
KEIBAJO_SURFACE_07_ダ_条件戦,pace_yoso+uma_deokure_ritsu+kishu_shisu+joshodo_code,pace_yoso,uma_deokure_ritsu,kishu_shisu,joshodo_code,6,984,60.45,18.4,45.73,False
KEIBAJO_SURFACE_07_ダ_条件戦,kyori_kubun+kyakushitsu+joho_shisu+uma_deokure_ritsu,kyori_kubun,kyakushitsu,joho_shisu,uma_deokure_ritsu,4,519,61.33,16.12,45.53,False
KEIBAJO_SURFACE_07_ダ_条件戦,pace_yoso+uma_deokure_ritsu+ls_shisu_juni+kishu_shisu,pace_yoso,uma_deokure_ritsu,ls_shisu_juni,kishu_shisu,4,586,67.93,22.89,45.49,False
KEIBAJO_SURFACE_07_ダ_条件戦,kyakushitsu+joho_shisu+ls_shisu_juni+kishu_shisu,kyakushitsu,joho_shisu,ls_shisu_juni,kishu_shisu,5,662,62.93,20.06,45.35,False
KEIBAJO_SURFACE_07_ダ_条件戦,omo_tekisei_code+kyori_tekisei+joho_shisu+ls_shisu_juni,omo_tekisei_code,kyori_tekisei,joho_shisu,ls_shisu_juni,9,1391,54.29,13.77,45.29,False
KEIBAJO_SURFACE_07_ダ_条件戦,manken_shirushi+uma_start_shisu+ls_shisu_juni+joshodo_code,manken_shirushi,uma_start_shisu,ls_shisu_juni,joshodo_code,3,348,51.68,5.93,44.98,False
KEIBAJO_SURFACE_07_ダ_条件戦,kyakushitsu+joho_shisu+uma_deokure_ritsu+joshodo_code,kyakushitsu,joho_shisu,uma_deokure_ritsu,joshodo_code,8,1418,58.33,19.53,44.8,False
KEIBAJO_SURFACE_07_ダ_条件戦,kyori_kubun+hizume_code+kishu_shisu+joshodo_code,kyori_kubun,hizume_code,kishu_shisu,joshodo_code,3,471,55.73,9.69,44.76,False
KEIBAJO_SURFACE_07_ダ_条件戦,uma_start_shisu+ls_shisu_juni+kishu_kitai_tansho_ritsu+joshodo_code,uma_start_shisu,ls_shisu_juni,kishu_kitai_tansho_ritsu,joshodo_code,3,431,54.27,8.41,44.75,False
KEIBAJO_SURFACE_07_ダ_条件戦,kyori_kubun+kyori_tekisei+joho_shisu+ls_shisu_juni,kyori_kubun,kyori_tekisei,joho_shisu,ls_shisu_juni,9,1731,54.35,15.49,44.23,False
KEIBAJO_SURFACE_07_ダ_条件戦,omo_tekisei_code+uma_deokure_ritsu+kishu_kitai_tansho_ritsu+joshodo_code,omo_tekisei_code,uma_deokure_ritsu,kishu_kitai_tansho_ritsu,joshodo_code,4,502,60.36,16.81,43.88,False
KEIBAJO_SURFACE_07_ダ_条件戦,omo_tekisei_code+rotation+joho_shisu+joshodo_code,omo_tekisei_code,rotation,joho_shisu,joshodo_code,5,844,58.61,17.14,43.59,False
KEIBAJO_SURFACE_07_ダ_条件戦,kyori_tekisei+joho_shisu+kishu_shisu+joshodo_code,kyori_tekisei,joho_shisu,kishu_shisu,joshodo_code,7,946,61.16,23.79,43.54,False
KEIBAJO_SURFACE_07_ダ_条件戦,kyori_kubun+hizume_code+joho_shisu+joshodo_code,kyori_kubun,hizume_code,joho_shisu,joshodo_code,5,999,59.46,18.16,43.54,False
KEIBAJO_SURFACE_07_ダ_条件戦,omo_tekisei_code+uma_start_shisu+ls_shisu_juni+kishu_shisu,omo_tekisei_code,uma_start_shisu,ls_shisu_juni,kishu_shisu,3,414,57.66,12.6,43.4,False
KEIBAJO_SURFACE_07_ダ_条件戦,kyori_kubun+omo_tekisei_code+kyakushitsu+joho_shisu,kyori_kubun,omo_tekisei_code,kyakushitsu,joho_shisu,4,759,63.48,20.51,43.38,False
KEIBAJO_SURFACE_07_ダ_条件戦,kyori_tekisei+uma_start_shisu+joho_shisu+joshodo_code,kyori_tekisei,uma_start_shisu,joho_shisu,joshodo_code,5,757,60.7,19.95,43.22,False
KEIBAJO_SURFACE_07_ダ_条件戦,kyori_kubun+rotation+kishu_shisu+joshodo_code,kyori_kubun,rotation,kishu_shisu,joshodo_code,3,384,58.56,14.03,42.68,False
KEIBAJO_SURFACE_07_ダ_条件戦,kyori_tekisei+kyakushitsu+kishu_shisu+joshodo_code,kyori_tekisei,kyakushitsu,kishu_shisu,joshodo_code,5,676,54.7,13.87,42.55,False
KEIBAJO_SURFACE_07_ダ_条件戦,kyori_kubun+pace_yoso+joho_shisu+ls_shisu_juni,kyori_kubun,pace_yoso,joho_shisu,ls_shisu_juni,12,2233,57.23,26.13,42.44,False
KEIBAJO_SURFACE_07_ダ_条件戦,uma_start_shisu+joho_shisu+uma_deokure_ritsu+ls_shisu_juni,uma_start_shisu,joho_shisu,uma_deokure_ritsu,ls_shisu_juni,3,685,52.26,8.69,42.43,False
KEIBAJO_SURFACE_07_ダ_条件戦,omo_tekisei_code+kyakushitsu+ls_shisu_juni+kishu_shisu,omo_tekisei_code,kyakushitsu,ls_shisu_juni,kishu_shisu,8,1005,56.71,21.23,42.0,False
KEIBAJO_SURFACE_07_ダ_条件戦,omo_tekisei_code+kyakushitsu+kishu_kitai_tansho_ritsu+joshodo_code,omo_tekisei_code,kyakushitsu,kishu_kitai_tansho_ritsu,joshodo_code,4,443,57.18,16.18,41.33,False
KEIBAJO_SURFACE_07_ダ_条件戦,pace_yoso+rotation+joho_shisu+ls_shisu_juni,pace_yoso,rotation,joho_shisu,ls_shisu_juni,3,357,49.3,7.05,41.32,False
KEIBAJO_SURFACE_07_ダ_条件戦,joho_shisu+uma_deokure_ritsu+ls_shisu_juni+joshodo_code,joho_shisu,uma_deokure_ritsu,ls_shisu_juni,joshodo_code,4,1236,50.71,9.66,41.25,False
KEIBAJO_SURFACE_07_ダ_条件戦,hizume_code+joho_shisu+uma_deokure_ritsu+joshodo_code,hizume_code,joho_shisu,uma_deokure_ritsu,joshodo_code,5,807,51.54,11.89,41.12,False
KEIBAJO_SURFACE_07_ダ_条件戦,pace_yoso+uma_start_shisu+ls_shisu_juni+kishu_shisu,pace_yoso,uma_start_shisu,ls_shisu_juni,kishu_shisu,3,370,64.34,20.96,40.62,False
KEIBAJO_SURFACE_07_ダ_条件戦,kyori_kubun+kyakushitsu+ls_shisu_juni+kishu_shisu,kyori_kubun,kyakushitsu,ls_shisu_juni,kishu_shisu,3,486,60.8,17.84,40.6,False
KEIBAJO_SURFACE_07_ダ_条件戦,pace_yoso+rotation+uma_start_shisu+ls_shisu_juni,pace_yoso,rotation,uma_start_shisu,ls_shisu_juni,3,368,66.77,23.3,40.41,False
KEIBAJO_SURFACE_07_ダ_条件戦,hizume_code+uma_start_shisu+joho_shisu+joshodo_code,hizume_code,uma_start_shisu,joho_shisu,joshodo_code,3,489,57.75,15.33,40.4,False
KEIBAJO_SURFACE_07_ダ_条件戦,omo_tekisei_code+kyakushitsu+kishu_shisu+kishu_kitai_tansho_ritsu,omo_tekisei_code,kyakushitsu,kishu_shisu,kishu_kitai_tansho_ritsu,4,444,57.32,17.39,40.27,False
KEIBAJO_SURFACE_07_ダ_条件戦,kyori_tekisei+joho_shisu+uma_deokure_ritsu+ls_shisu_juni,kyori_tekisei,joho_shisu,uma_deokure_ritsu,ls_shisu_juni,4,618,48.72,9.17,39.73,False
KEIBAJO_SURFACE_07_ダ_条件戦,omo_tekisei_code+joho_shisu+uma_deokure_ritsu+kishu_shisu,omo_tekisei_code,joho_shisu,uma_deokure_ritsu,kishu_shisu,3,345,64.35,21.88,39.6,False
KEIBAJO_SURFACE_07_ダ_条件戦,kyori_kubun+omo_tekisei_code+kyori_tekisei+joho_shisu,kyori_kubun,omo_tekisei_code,kyori_tekisei,joho_shisu,5,840,55.74,18.43,39.58,False
KEIBAJO_SURFACE_07_ダ_条件戦,omo_tekisei_code+uma_deokure_ritsu+kishu_shisu+kishu_kitai_tansho_ritsu,omo_tekisei_code,uma_deokure_ritsu,kishu_shisu,kishu_kitai_tansho_ritsu,3,402,59.33,17.51,39.51,False
KEIBAJO_SURFACE_07_ダ_条件戦,kyori_kubun+hizume_code+joho_shisu+ls_shisu_juni,kyori_kubun,hizume_code,joho_shisu,ls_shisu_juni,5,737,57.33,20.37,39.47,False
KEIBAJO_SURFACE_07_ダ_条件戦,kyori_kubun+pace_yoso+omo_tekisei_code+kishu_shisu,kyori_kubun,pace_yoso,omo_tekisei_code,kishu_shisu,4,499,47.84,8.89,39.13,False
KEIBAJO_SURFACE_07_ダ_条件戦,pace_yoso+rotation+joho_shisu+joshodo_code,pace_yoso,rotation,joho_shisu,joshodo_code,4,641,51.19,12.41,39.03,False
KEIBAJO_SURFACE_07_ダ_条件戦,kyori_tekisei+joho_shisu+uma_deokure_ritsu+joshodo_code,kyori_tekisei,joho_shisu,uma_deokure_ritsu,joshodo_code,7,1142,51.01,16.5,38.79,False
KEIBAJO_SURFACE_07_ダ_条件戦,uma_start_shisu+joho_shisu+uma_deokure_ritsu+joshodo_code,uma_start_shisu,joho_shisu,uma_deokure_ritsu,joshodo_code,3,916,53.79,13.44,38.58,False
KEIBAJO_SURFACE_07_ダ_条件戦,pace_yoso+hizume_code+joho_shisu+joshodo_code,pace_yoso,hizume_code,joho_shisu,joshodo_code,7,1232,52.13,18.41,38.49,False
KEIBAJO_SURFACE_07_ダ_条件戦,pace_yoso+joho_shisu+uma_deokure_ritsu+ls_shisu_juni,pace_yoso,joho_shisu,uma_deokure_ritsu,ls_shisu_juni,4,794,53.9,15.93,38.29,False
KEIBAJO_SURFACE_07_ダ_条件戦,omo_tekisei_code+rotation+kishu_shisu+joshodo_code,omo_tekisei_code,rotation,kishu_shisu,joshodo_code,4,416,57.23,19.69,37.94,False
KEIBAJO_SURFACE_07_ダ_条件戦,kyori_kubun+rotation+kyakushitsu+joho_shisu,kyori_kubun,rotation,kyakushitsu,joho_shisu,3,339,47.82,8.99,37.64,False
KEIBAJO_SURFACE_07_ダ_条件戦,kyori_kubun+kyori_tekisei+kyakushitsu+joho_shisu,kyori_kubun,kyori_tekisei,kyakushitsu,joho_shisu,5,831,58.17,23.5,37.57,False
KEIBAJO_SURFACE_07_ダ_条件戦,pace_yoso+kyori_tekisei+kyakushitsu+joho_shisu,pace_yoso,kyori_tekisei,kyakushitsu,joho_shisu,3,561,57.44,17.69,37.42,False
KEIBAJO_SURFACE_07_ダ_条件戦,kyori_kubun+pace_yoso+kyori_tekisei+kishu_shisu,kyori_kubun,pace_yoso,kyori_tekisei,kishu_shisu,4,503,63.82,27.08,37.28,False
KEIBAJO_SURFACE_07_ダ_条件戦,kyori_kubun+omo_tekisei_code+rotation+joho_shisu,kyori_kubun,omo_tekisei_code,rotation,joho_shisu,4,487,58.51,23.24,35.74,False
KEIBAJO_SURFACE_07_ダ_条件戦,kyori_tekisei+rotation+joho_shisu+joshodo_code,kyori_tekisei,rotation,joho_shisu,joshodo_code,4,471,52.96,18.43,34.9,False
KEIBAJO_SURFACE_07_ダ_条件戦,pace_yoso+hizume_code+ls_shisu_juni+kishu_shisu,pace_yoso,hizume_code,ls_shisu_juni,kishu_shisu,4,463,63.79,29.93,34.46,False
KEIBAJO_SURFACE_07_ダ_条件戦,pace_yoso+hizume_code+kishu_shisu+joshodo_code,pace_yoso,hizume_code,kishu_shisu,joshodo_code,4,603,64.27,30.61,34.27,False
KEIBAJO_SURFACE_07_ダ_条件戦,omo_tekisei_code+rotation+joho_shisu+ls_shisu_juni,omo_tekisei_code,rotation,joho_shisu,ls_shisu_juni,4,513,49.74,16.01,34.05,False
KEIBAJO_SURFACE_07_ダ_条件戦,kyori_kubun+kyori_tekisei+kishu_kitai_tansho_ritsu+joshodo_code,kyori_kubun,kyori_tekisei,kishu_kitai_tansho_ritsu,joshodo_code,3,403,65.22,27.78,33.79,False
KEIBAJO_SURFACE_07_ダ_条件戦,rotation+joho_shisu+kishu_shisu+joshodo_code,rotation,joho_shisu,kishu_shisu,joshodo_code,3,353,50.51,15.24,33.27,False
KEIBAJO_SURFACE_07_ダ_条件戦,rotation+kyakushitsu+joho_shisu+joshodo_code,rotation,kyakushitsu,joho_shisu,joshodo_code,4,547,52.98,20.24,33.14,False
KEIBAJO_SURFACE_07_ダ_条件戦,joho_shisu+uma_deokure_ritsu+ls_shisu_juni+kishu_shisu,joho_shisu,uma_deokure_ritsu,ls_shisu_juni,kishu_shisu,3,463,61.97,25.59,33.01,False
KEIBAJO_SURFACE_07_ダ_条件戦,kyori_kubun+pace_yoso+joho_shisu+kishu_shisu,kyori_kubun,pace_yoso,joho_shisu,kishu_shisu,4,554,83.52,51.74,32.82,False
KEIBAJO_SURFACE_07_ダ_条件戦,kyori_kubun+omo_tekisei_code+kyori_tekisei+kishu_shisu,kyori_kubun,omo_tekisei_code,kyori_tekisei,kishu_shisu,3,393,48.48,13.85,32.81,False
KEIBAJO_SURFACE_07_ダ_条件戦,kyori_kubun+kyakushitsu+joho_shisu+kishu_shisu,kyori_kubun,kyakushitsu,joho_shisu,kishu_shisu,3,381,69.42,32.92,32.16,False
KEIBAJO_SURFACE_07_ダ_条件戦,omo_tekisei_code+kyakushitsu+uma_start_shisu+joho_shisu,omo_tekisei_code,kyakushitsu,uma_start_shisu,joho_shisu,3,388,61.68,26.84,31.31,False
KEIBAJO_SURFACE_07_ダ_条件戦,hizume_code+kyakushitsu+kishu_shisu+joshodo_code,hizume_code,kyakushitsu,kishu_shisu,joshodo_code,3,383,54.64,22.17,29.55,False
KEIBAJO_SURFACE_07_ダ_条件戦,omo_tekisei_code+kyakushitsu+joho_shisu+kishu_shisu,omo_tekisei_code,kyakushitsu,joho_shisu,kishu_shisu,3,318,71.2,37.57,28.69,False
KEIBAJO_SURFACE_07_ダ_条件戦,hizume_code+joho_shisu+kishu_shisu+joshodo_code,hizume_code,joho_shisu,kishu_shisu,joshodo_code,3,484,53.66,22.51,28.19,False
KEIBAJO_SURFACE_07_ダ_条件戦,omo_tekisei_code+hizume_code+kyakushitsu+joho_shisu,omo_tekisei_code,hizume_code,kyakushitsu,joho_shisu,3,377,61.7,30.46,27.23,False
KEIBAJO_SURFACE_07_ダ_条件戦,pace_yoso+omo_tekisei_code+uma_deokure_ritsu+kishu_shisu,pace_yoso,omo_tekisei_code,uma_deokure_ritsu,kishu_shisu,3,350,70.66,40.97,24.29,False
KEIBAJO_SURFACE_07_ダ_条件戦,kyori_kubun+omo_tekisei_code+kyakushitsu+kishu_shisu,kyori_kubun,omo_tekisei_code,kyakushitsu,kishu_shisu,4,466,38.36,19.46,19.3,False
