segment,factors,factor1,factor2,factor3,n_bins,n_bets,mean_roi,std_roi,clb,pass
KEIBAJO_SURFACE_10_芝_新馬,manken_shirushi+kyakushitsu+manken_shisu_decile,manken_shirushi,kyakushitsu,manken_shisu_decile,3,369,87.17,4.99,81.53,True
KEIBAJO_SURFACE_10_芝_新馬,kyori_tekisei+kyakushitsu+manken_shisu_decile,kyori_tekisei,kyakushitsu,manken_shisu_decile,16,1836,80.02,6.5,76.83,False
KEIBAJO_SURFACE_10_芝_新馬,kyori_kubun+rotation_bin+manken_shisu_decile,kyori_kubun,rotation_bin,manken_shisu_decile,6,728,82.06,6.55,76.82,False
KEIBAJO_SURFACE_10_芝_新馬,kyori_tekisei_2+kyakushitsu+kishu_minarai_code,kyori_tekisei_2,kyakushitsu,kishu_minarai_code,4,474,81.52,5.21,76.41,False
KEIBAJO_SURFACE_10_芝_新馬,manken_shirushi+kyakushitsu+kishu_minarai_code,manken_shirushi,kyakushitsu,kishu_minarai_code,14,1736,81.52,11.23,75.64,False
KEIBAJO_SURFACE_10_芝_新馬,kyori_tekisei_2+kyori_tekisei+kishu_minarai_code,kyori_tekisei_2,kyori_tekisei,kishu_minarai_code,3,775,76.25,0.87,75.27,False
KEIBAJO_SURFACE_10_芝_新馬,kyori_kubun+kyakushitsu+manken_shisu_decile,kyori_kubun,kyakushitsu,manken_shisu_decile,20,2687,77.07,5.17,74.8,False
KEIBAJO_SURFACE_10_芝_新馬,kyori_tekisei_2+umakigo_code+kishu_minarai_code,kyori_tekisei_2,umakigo_code,kishu_minarai_code,3,771,76.3,1.48,74.62,False
KEIBAJO_SURFACE_10_芝_新馬,manken_shirushi+kyakushitsu+class_code,manken_shirushi,kyakushitsu,class_code,11,1318,82.42,13.24,74.6,False
KEIBAJO_SURFACE_10_芝_新馬,uma_deokure_bin+manken_shirushi+manken_shisu_decile,uma_deokure_bin,manken_shirushi,manken_shisu_decile,4,469,78.94,4.48,74.55,False
KEIBAJO_SURFACE_10_芝_新馬,pace_yoso+ichi_shisu_juni+kyori_tekisei,pace_yoso,ichi_shisu_juni,kyori_tekisei,8,876,81.54,10.31,74.39,False
KEIBAJO_SURFACE_10_芝_新馬,kyori_tekisei_2+kyori_kubun+kishu_minarai_code,kyori_tekisei_2,kyori_kubun,kishu_minarai_code,3,637,75.33,1.28,73.89,False
KEIBAJO_SURFACE_10_芝_新馬,uma_deokure_bin+kyakushitsu+ninki_shisu_decile,uma_deokure_bin,kyakushitsu,ninki_shisu_decile,4,412,80.23,6.99,73.38,False
KEIBAJO_SURFACE_10_芝_新馬,manken_shirushi+umakigo_code+kyakushitsu,manken_shirushi,umakigo_code,kyakushitsu,16,2042,79.11,11.75,73.35,False
KEIBAJO_SURFACE_10_芝_新馬,pace_yoso+kyori_tekisei+kishu_minarai_code,pace_yoso,kyori_tekisei,kishu_minarai_code,7,4358,74.34,1.43,73.28,False
KEIBAJO_SURFACE_10_芝_新馬,kyori_tekisei_2+pace_yoso+kishu_minarai_code,kyori_tekisei_2,pace_yoso,kishu_minarai_code,3,575,74.5,1.25,73.09,False
KEIBAJO_SURFACE_10_芝_新馬,kyori_tekisei_2+umakigo_code+kyori_tekisei,kyori_tekisei_2,umakigo_code,kyori_tekisei,3,868,76.32,2.88,73.06,False
KEIBAJO_SURFACE_10_芝_新馬,pace_shisu_juni+kyakushitsu+kishu_minarai_code,pace_shisu_juni,kyakushitsu,kishu_minarai_code,18,2324,76.63,8.08,72.9,False
KEIBAJO_SURFACE_10_芝_新馬,kyori_tekisei_2+omo_tekisei_code+class_code,kyori_tekisei_2,omo_tekisei_code,class_code,3,459,74.47,1.73,72.51,False
KEIBAJO_SURFACE_10_芝_新馬,kyori_tekisei+chokyo_shisu_decile+ninki_shisu_decile,kyori_tekisei,chokyo_shisu_decile,ninki_shisu_decile,4,489,78.83,6.63,72.33,False
KEIBAJO_SURFACE_10_芝_新馬,pace_yoso+uma_deokure_bin+manken_shirushi,pace_yoso,uma_deokure_bin,manken_shirushi,4,435,80.75,8.65,72.28,False
KEIBAJO_SURFACE_10_芝_新馬,kyori_tekisei_2+kyori_tekisei+class_code,kyori_tekisei_2,kyori_tekisei,class_code,3,706,74.56,2.05,72.25,False
KEIBAJO_SURFACE_10_芝_新馬,manken_shirushi+umakigo_code+manken_shisu_decile,manken_shirushi,umakigo_code,manken_shisu_decile,14,2375,77.35,9.73,72.25,False
KEIBAJO_SURFACE_10_芝_新馬,kyori_kubun+kyori_tekisei+kishu_minarai_code,kyori_kubun,kyori_tekisei,kishu_minarai_code,8,4544,74.7,3.58,72.23,False
KEIBAJO_SURFACE_10_芝_新馬,pace_yoso+uma_start_shisu_decile+kyori_tekisei,pace_yoso,uma_start_shisu_decile,kyori_tekisei,19,3611,75.69,7.72,72.22,False
KEIBAJO_SURFACE_10_芝_新馬,uma_deokure_bin+kyori_tekisei+kyakushitsu,uma_deokure_bin,kyori_tekisei,kyakushitsu,17,3236,76.79,9.68,72.19,False
KEIBAJO_SURFACE_10_芝_新馬,kyori_kubun+uma_deokure_bin+kyakushitsu,kyori_kubun,uma_deokure_bin,kyakushitsu,20,4187,76.01,8.73,72.18,False
KEIBAJO_SURFACE_10_芝_新馬,ten_shisu_juni+kyakushitsu+kishu_minarai_code,ten_shisu_juni,kyakushitsu,kishu_minarai_code,15,2079,77.08,9.78,72.13,False
KEIBAJO_SURFACE_10_芝_新馬,kyori_tekisei+hizume_code+kyakushitsu,kyori_tekisei,hizume_code,kyakushitsu,13,1782,78.59,11.91,72.12,False
KEIBAJO_SURFACE_10_芝_新馬,manken_shirushi+class_code+manken_shisu_decile,manken_shirushi,class_code,manken_shisu_decile,12,1871,78.48,11.33,72.07,False
KEIBAJO_SURFACE_10_芝_新馬,kyori_tekisei_2+pace_yoso+umakigo_code,kyori_tekisei_2,pace_yoso,umakigo_code,3,646,74.68,2.41,71.95,False
KEIBAJO_SURFACE_10_芝_新馬,kyori_kubun+kyusha_shisu_decile+kyakushitsu,kyori_kubun,kyusha_shisu_decile,kyakushitsu,14,1895,76.49,8.82,71.87,False
KEIBAJO_SURFACE_10_芝_新馬,pace_yoso+pace_shisu_juni+kyori_tekisei,pace_yoso,pace_shisu_juni,kyori_tekisei,7,797,79.33,10.13,71.83,False
KEIBAJO_SURFACE_10_芝_新馬,manken_shirushi+kyori_tekisei+manken_shisu_decile,manken_shirushi,kyori_tekisei,manken_shisu_decile,4,599,82.26,10.69,71.78,False
KEIBAJO_SURFACE_10_芝_新馬,manken_shirushi+manken_shisu_decile+kishu_minarai_code,manken_shirushi,manken_shisu_decile,kishu_minarai_code,13,2125,77.38,10.36,71.75,False
KEIBAJO_SURFACE_10_芝_新馬,umakigo_code+kyori_tekisei+kishu_minarai_code,umakigo_code,kyori_tekisei,kishu_minarai_code,8,4484,73.78,3.03,71.68,False
KEIBAJO_SURFACE_10_芝_新馬,pace_yoso+ten_shisu_juni+kyakushitsu,pace_yoso,ten_shisu_juni,kyakushitsu,12,1499,77.66,10.73,71.59,False
KEIBAJO_SURFACE_10_芝_新馬,kyori_tekisei+manken_shisu_decile+kishu_minarai_code,kyori_tekisei,manken_shisu_decile,kishu_minarai_code,18,3716,74.25,5.87,71.53,False
KEIBAJO_SURFACE_10_芝_新馬,ichi_shisu_juni+kyakushitsu+kishu_minarai_code,ichi_shisu_juni,kyakushitsu,kishu_minarai_code,18,2720,75.74,9.22,71.48,False
KEIBAJO_SURFACE_10_芝_新馬,uma_start_shisu_decile+kyori_tekisei+kyakushitsu,uma_start_shisu_decile,kyori_tekisei,kyakushitsu,15,2402,76.36,9.77,71.42,False
KEIBAJO_SURFACE_10_芝_新馬,kyori_tekisei+kijun_ninkijun_tansho+ninki_shisu_decile,kyori_tekisei,kijun_ninkijun_tansho,ninki_shisu_decile,5,592,77.57,7.04,71.4,False
KEIBAJO_SURFACE_10_芝_新馬,kyori_kubun+uma_deokure_bin+class_code,kyori_kubun,uma_deokure_bin,class_code,13,4423,75.09,6.8,71.39,False
KEIBAJO_SURFACE_10_芝_新馬,uma_deokure_bin+uma_start_shisu_decile+hizume_code,uma_deokure_bin,uma_start_shisu_decile,hizume_code,3,499,79.0,6.79,71.32,False
KEIBAJO_SURFACE_10_芝_新馬,kyori_tekisei+kijun_ninkijun_tansho+kishu_minarai_code,kyori_tekisei,kijun_ninkijun_tansho,kishu_minarai_code,20,2677,76.05,10.79,71.32,False
KEIBAJO_SURFACE_10_芝_新馬,pace_yoso+kyori_kubun+kyori_tekisei,pace_yoso,kyori_kubun,kyori_tekisei,11,5092,73.75,4.18,71.28,False
KEIBAJO_SURFACE_10_芝_新馬,umakigo_code+ten_shisu_juni+kyakushitsu,umakigo_code,ten_shisu_juni,kyakushitsu,19,2706,75.13,8.58,71.27,False
KEIBAJO_SURFACE_10_芝_新馬,pace_yoso+umakigo_code+kyori_tekisei,pace_yoso,umakigo_code,kyori_tekisei,9,4962,75.65,6.74,71.25,False
KEIBAJO_SURFACE_10_芝_新馬,kyori_tekisei_2+umakigo_code+class_code,kyori_tekisei_2,umakigo_code,class_code,3,703,73.71,2.18,71.24,False
KEIBAJO_SURFACE_10_芝_新馬,kyori_kubun+kyusha_shisu_decile+ninki_shisu_decile,kyori_kubun,kyusha_shisu_decile,ninki_shisu_decile,4,549,75.7,4.62,71.17,False
KEIBAJO_SURFACE_10_芝_新馬,kyori_tekisei_2+kyori_kubun+kyori_tekisei,kyori_tekisei_2,kyori_kubun,kyori_tekisei,3,743,73.73,2.32,71.1,False
KEIBAJO_SURFACE_10_芝_新馬,kyori_kubun+uma_start_shisu_decile+kyori_tekisei,kyori_kubun,uma_start_shisu_decile,kyori_tekisei,18,3971,75.68,9.91,71.1,False
KEIBAJO_SURFACE_10_芝_新馬,uma_deokure_bin+uma_start_shisu_decile+kyori_tekisei,uma_deokure_bin,uma_start_shisu_decile,kyori_tekisei,15,2261,75.74,9.19,71.09,False
KEIBAJO_SURFACE_10_芝_新馬,umakigo_code+uma_start_shisu_decile+chokyo_shisu_decile,umakigo_code,uma_start_shisu_decile,chokyo_shisu_decile,10,1556,76.31,8.5,71.04,False
KEIBAJO_SURFACE_10_芝_新馬,uma_deokure_bin+omo_tekisei_code+uma_start_shisu_decile,uma_deokure_bin,omo_tekisei_code,uma_start_shisu_decile,17,2938,74.9,8.34,70.94,False
KEIBAJO_SURFACE_10_芝_新馬,ichi_shisu_juni+kyori_tekisei+kishu_minarai_code,ichi_shisu_juni,kyori_tekisei,kishu_minarai_code,19,2353,75.92,11.13,70.92,False
KEIBAJO_SURFACE_10_芝_新馬,omo_tekisei_code+kyori_tekisei+kishu_minarai_code,omo_tekisei_code,kyori_tekisei,kishu_minarai_code,10,4427,76.85,9.64,70.88,False
KEIBAJO_SURFACE_10_芝_新馬,pace_yoso+uma_start_shisu_decile+kyakushitsu,pace_yoso,uma_start_shisu_decile,kyakushitsu,20,3871,75.48,10.59,70.84,False
KEIBAJO_SURFACE_10_芝_新馬,umakigo_code+pace_shisu_juni+kyakushitsu,umakigo_code,pace_shisu_juni,kyakushitsu,20,2699,75.35,10.32,70.82,False
KEIBAJO_SURFACE_10_芝_新馬,omo_tekisei_code+umakigo_code+kyakushitsu,omo_tekisei_code,umakigo_code,kyakushitsu,12,5035,75.71,8.65,70.82,False
KEIBAJO_SURFACE_10_芝_新馬,kyori_kubun+uma_start_shisu_decile+kishu_minarai_code,kyori_kubun,uma_start_shisu_decile,kishu_minarai_code,15,4151,73.53,5.43,70.78,False
KEIBAJO_SURFACE_10_芝_新馬,kyori_kubun+chokyo_shisu_decile+ninki_shisu_decile,kyori_kubun,chokyo_shisu_decile,ninki_shisu_decile,7,940,77.07,8.55,70.73,False
KEIBAJO_SURFACE_10_芝_新馬,kyori_kubun+uma_deokure_bin+kishu_minarai_code,kyori_kubun,uma_deokure_bin,kishu_minarai_code,11,4389,74.58,6.61,70.67,False
KEIBAJO_SURFACE_10_芝_新馬,uma_start_shisu_decile+hizume_code+kishu_minarai_code,uma_start_shisu_decile,hizume_code,kishu_minarai_code,11,1912,74.7,6.9,70.62,False
KEIBAJO_SURFACE_10_芝_新馬,uma_deokure_bin+omo_tekisei_code+kyakushitsu,uma_deokure_bin,omo_tekisei_code,kyakushitsu,19,3995,75.04,9.91,70.59,False
KEIBAJO_SURFACE_10_芝_新馬,omo_tekisei_code+kyakushitsu+manken_shisu_decile,omo_tekisei_code,kyakushitsu,manken_shisu_decile,20,2501,75.44,11.1,70.58,False
KEIBAJO_SURFACE_10_芝_新馬,uma_start_shisu_decile+kyori_tekisei+kishu_minarai_code,uma_start_shisu_decile,kyori_tekisei,kishu_minarai_code,18,3900,74.33,8.13,70.57,False
KEIBAJO_SURFACE_10_芝_新馬,kyori_tekisei+hizume_code+class_code,kyori_tekisei,hizume_code,class_code,17,3490,73.41,6.01,70.56,False
KEIBAJO_SURFACE_10_芝_新馬,uma_deokure_bin+kyori_tekisei+kishu_minarai_code,uma_deokure_bin,kyori_tekisei,kishu_minarai_code,15,4320,74.03,6.88,70.55,False
KEIBAJO_SURFACE_10_芝_新馬,pace_yoso+rotation_bin+kishu_minarai_code,pace_yoso,rotation_bin,kishu_minarai_code,13,4340,73.53,5.55,70.51,False
KEIBAJO_SURFACE_10_芝_新馬,uma_start_shisu_decile+kyori_tekisei+manken_shisu_decile,uma_start_shisu_decile,kyori_tekisei,manken_shisu_decile,5,569,79.59,10.37,70.5,False
KEIBAJO_SURFACE_10_芝_新馬,uma_deokure_bin+manken_shirushi+umakigo_code,uma_deokure_bin,manken_shirushi,umakigo_code,15,1926,74.66,8.25,70.49,False
KEIBAJO_SURFACE_10_芝_新馬,agari_shisu_juni+kyori_tekisei+kishu_minarai_code,agari_shisu_juni,kyori_tekisei,kishu_minarai_code,22,2658,75.61,12.25,70.49,False
KEIBAJO_SURFACE_10_芝_新馬,pace_yoso+omo_tekisei_code+class_code,pace_yoso,omo_tekisei_code,class_code,9,4813,74.44,6.05,70.48,False
KEIBAJO_SURFACE_10_芝_新馬,omo_tekisei_code+kyori_tekisei+manken_shisu_decile,omo_tekisei_code,kyori_tekisei,manken_shisu_decile,17,2522,75.35,10.3,70.45,False
KEIBAJO_SURFACE_10_芝_新馬,uma_start_shisu_decile+manken_shisu_decile+kishu_minarai_code,uma_start_shisu_decile,manken_shisu_decile,kishu_minarai_code,12,1898,75.56,9.04,70.45,False
KEIBAJO_SURFACE_10_芝_新馬,pace_yoso+kyori_kubun+kishu_minarai_code,pace_yoso,kyori_kubun,kishu_minarai_code,10,5028,72.5,3.39,70.4,False
KEIBAJO_SURFACE_10_芝_新馬,uma_start_shisu_decile+class_code+kishu_minarai_code,uma_start_shisu_decile,class_code,kishu_minarai_code,10,3818,73.92,5.7,70.39,False
KEIBAJO_SURFACE_10_芝_新馬,uma_start_shisu_decile+hizume_code+kyakushitsu,uma_start_shisu_decile,hizume_code,kyakushitsu,6,821,75.62,6.57,70.36,False
KEIBAJO_SURFACE_10_芝_新馬,ichi_shisu_juni+kyori_tekisei+class_code,ichi_shisu_juni,kyori_tekisei,class_code,16,1927,77.03,13.66,70.34,False
KEIBAJO_SURFACE_10_芝_新馬,kyakushitsu+manken_shisu_decile+kishu_minarai_code,kyakushitsu,manken_shisu_decile,kishu_minarai_code,20,3680,74.34,9.18,70.32,False
KEIBAJO_SURFACE_10_芝_新馬,umakigo_code+ichi_shisu_juni+kyori_tekisei,umakigo_code,ichi_shisu_juni,kyori_tekisei,20,2680,75.76,12.46,70.3,False
KEIBAJO_SURFACE_10_芝_新馬,uma_deokure_bin+pace_shisu_juni+kishu_minarai_code,uma_deokure_bin,pace_shisu_juni,kishu_minarai_code,16,1931,74.57,8.71,70.3,False
KEIBAJO_SURFACE_10_芝_新馬,umakigo_code+pace_shisu_juni+kyori_tekisei,umakigo_code,pace_shisu_juni,kyori_tekisei,22,2891,74.73,10.6,70.3,False
KEIBAJO_SURFACE_10_芝_新馬,uma_deokure_bin+manken_shirushi+class_code,uma_deokure_bin,manken_shirushi,class_code,9,1059,78.67,12.84,70.28,False
KEIBAJO_SURFACE_10_芝_新馬,rotation_bin+kyori_tekisei+kishu_minarai_code,rotation_bin,kyori_tekisei,kishu_minarai_code,15,3765,74.37,8.1,70.27,False
KEIBAJO_SURFACE_10_芝_新馬,rotation_bin+hizume_code+kishu_minarai_code,rotation_bin,hizume_code,kishu_minarai_code,14,2336,74.52,8.21,70.22,False
KEIBAJO_SURFACE_10_芝_新馬,kyori_tekisei_2+pace_yoso+kyori_tekisei,kyori_tekisei_2,pace_yoso,kyori_tekisei,4,755,74.73,4.62,70.21,False
KEIBAJO_SURFACE_10_芝_新馬,kyori_kubun+uma_deokure_bin+hizume_code,kyori_kubun,uma_deokure_bin,hizume_code,12,2039,74.85,8.23,70.2,False
KEIBAJO_SURFACE_10_芝_新馬,pace_yoso+rotation_bin+kyori_tekisei,pace_yoso,rotation_bin,kyori_tekisei,22,4004,74.69,10.85,70.16,False
KEIBAJO_SURFACE_10_芝_新馬,umakigo_code+rotation_bin+kishu_minarai_code,umakigo_code,rotation_bin,kishu_minarai_code,8,4075,73.52,4.87,70.14,False
KEIBAJO_SURFACE_10_芝_新馬,kyori_kubun+omo_tekisei_code+umakigo_code,kyori_kubun,omo_tekisei_code,umakigo_code,10,5236,74.62,7.22,70.14,False
KEIBAJO_SURFACE_10_芝_新馬,omo_tekisei_code+uma_start_shisu_decile+kyori_tekisei,omo_tekisei_code,uma_start_shisu_decile,kyori_tekisei,18,2967,75.21,11.0,70.13,False
KEIBAJO_SURFACE_10_芝_新馬,pace_yoso+kyori_tekisei+kyakushitsu,pace_yoso,kyori_tekisei,kyakushitsu,18,4747,73.04,6.34,70.12,False
KEIBAJO_SURFACE_10_芝_新馬,pace_yoso+uma_deokure_bin+hizume_code,pace_yoso,uma_deokure_bin,hizume_code,17,2789,73.96,8.13,70.09,False
KEIBAJO_SURFACE_10_芝_新馬,uma_deokure_bin+manken_shirushi+kishu_minarai_code,uma_deokure_bin,manken_shirushi,kishu_minarai_code,15,1826,75.49,10.73,70.06,False
KEIBAJO_SURFACE_10_芝_新馬,pace_yoso+kyori_kubun+umakigo_code,pace_yoso,kyori_kubun,umakigo_code,9,5310,73.0,4.53,70.04,False
KEIBAJO_SURFACE_10_芝_新馬,pace_yoso+omo_tekisei_code+kyakushitsu,pace_yoso,omo_tekisei_code,kyakushitsu,16,5069,73.42,6.88,70.04,False
KEIBAJO_SURFACE_10_芝_新馬,kyori_kubun+rotation_bin+kyakushitsu,kyori_kubun,rotation_bin,kyakushitsu,19,3126,73.34,7.37,70.02,False
KEIBAJO_SURFACE_10_芝_新馬,pace_yoso+omo_tekisei_code+manken_shisu_decile,pace_yoso,omo_tekisei_code,manken_shisu_decile,22,4082,74.53,10.86,69.99,False
KEIBAJO_SURFACE_10_芝_新馬,pace_shisu_juni+class_code+kishu_minarai_code,pace_shisu_juni,class_code,kishu_minarai_code,15,3409,72.85,5.66,69.99,False
KEIBAJO_SURFACE_10_芝_新馬,kyori_kubun+joho_shisu_decile+kyori_tekisei,kyori_kubun,joho_shisu_decile,kyori_tekisei,15,4205,73.79,7.59,69.94,False
KEIBAJO_SURFACE_10_芝_新馬,pace_yoso+kyori_kubun+uma_deokure_bin,pace_yoso,kyori_kubun,uma_deokure_bin,16,4814,73.08,6.42,69.93,False
KEIBAJO_SURFACE_10_芝_新馬,umakigo_code+agari_shisu_juni+manken_shisu_decile,umakigo_code,agari_shisu_juni,manken_shisu_decile,3,357,82.52,11.14,69.92,False
KEIBAJO_SURFACE_10_芝_新馬,kyori_kubun+omo_tekisei_code+class_code,kyori_kubun,omo_tekisei_code,class_code,12,4882,73.65,6.63,69.91,False
KEIBAJO_SURFACE_10_芝_新馬,joho_shisu_decile+kyori_tekisei+kishu_minarai_code,joho_shisu_decile,kyori_tekisei,kishu_minarai_code,18,4349,74.73,10.46,69.9,False
KEIBAJO_SURFACE_10_芝_新馬,pace_yoso+uma_deokure_bin+pace_shisu_juni,pace_yoso,uma_deokure_bin,pace_shisu_juni,8,861,76.34,9.35,69.86,False
KEIBAJO_SURFACE_10_芝_新馬,kyori_kubun+umakigo_code+kyori_tekisei,kyori_kubun,umakigo_code,kyori_tekisei,6,4766,73.85,5.02,69.83,False
KEIBAJO_SURFACE_10_芝_新馬,uma_deokure_bin+omo_tekisei_code+kishu_minarai_code,uma_deokure_bin,omo_tekisei_code,kishu_minarai_code,12,4467,72.96,5.58,69.81,False
KEIBAJO_SURFACE_10_芝_新馬,uma_deokure_bin+rotation_bin+kishu_minarai_code,uma_deokure_bin,rotation_bin,kishu_minarai_code,15,3257,75.55,11.39,69.79,False
KEIBAJO_SURFACE_10_芝_新馬,omo_tekisei_code+kyakushitsu+kishu_minarai_code,omo_tekisei_code,kyakushitsu,kishu_minarai_code,10,4467,73.91,6.64,69.79,False
KEIBAJO_SURFACE_10_芝_新馬,pace_yoso+kyori_kubun+omo_tekisei_code,pace_yoso,kyori_kubun,omo_tekisei_code,13,5278,73.91,7.59,69.78,False
KEIBAJO_SURFACE_10_芝_新馬,umakigo_code+uma_start_shisu_decile+kishu_minarai_code,umakigo_code,uma_start_shisu_decile,kishu_minarai_code,10,4325,72.19,3.9,69.77,False
KEIBAJO_SURFACE_10_芝_新馬,pace_yoso+uma_deokure_bin+kyakushitsu,pace_yoso,uma_deokure_bin,kyakushitsu,16,4151,74.07,8.8,69.76,False
KEIBAJO_SURFACE_10_芝_新馬,uma_deokure_bin+manken_shisu_decile+kishu_minarai_code,uma_deokure_bin,manken_shisu_decile,kishu_minarai_code,15,2893,72.74,5.91,69.75,False
KEIBAJO_SURFACE_10_芝_新馬,kyori_kubun+uma_deokure_bin+uma_start_shisu_decile,kyori_kubun,uma_deokure_bin,uma_start_shisu_decile,17,2994,73.8,8.53,69.75,False
KEIBAJO_SURFACE_10_芝_新馬,umakigo_code+uma_start_shisu_decile+class_code,umakigo_code,uma_start_shisu_decile,class_code,11,4308,73.39,6.19,69.73,False
KEIBAJO_SURFACE_10_芝_新馬,kyori_kubun+umakigo_code+kishu_minarai_code,kyori_kubun,umakigo_code,kishu_minarai_code,10,5153,73.81,6.6,69.72,False
KEIBAJO_SURFACE_10_芝_新馬,manken_shirushi+kyori_tekisei+class_code,manken_shirushi,kyori_tekisei,class_code,16,2061,75.97,12.78,69.71,False
KEIBAJO_SURFACE_10_芝_新馬,pace_yoso+kyori_tekisei+class_code,pace_yoso,kyori_tekisei,class_code,10,4547,72.83,5.05,69.7,False
KEIBAJO_SURFACE_10_芝_新馬,kyori_kubun+uma_start_shisu_decile+class_code,kyori_kubun,uma_start_shisu_decile,class_code,16,4104,73.83,8.45,69.69,False
KEIBAJO_SURFACE_10_芝_新馬,kyori_kubun+chokyo_shisu_decile+kyakushitsu,kyori_kubun,chokyo_shisu_decile,kyakushitsu,15,1751,76.79,14.03,69.69,False
KEIBAJO_SURFACE_10_芝_新馬,kyori_kubun+joho_shisu_decile+kishu_minarai_code,kyori_kubun,joho_shisu_decile,kishu_minarai_code,15,4642,74.51,9.56,69.67,False
KEIBAJO_SURFACE_10_芝_新馬,pace_yoso+kyori_kubun+hizume_code,pace_yoso,kyori_kubun,hizume_code,19,4106,72.49,6.28,69.67,False
KEIBAJO_SURFACE_10_芝_新馬,joho_shisu_decile+ninki_shisu_decile+kishu_minarai_code,joho_shisu_decile,ninki_shisu_decile,kishu_minarai_code,19,3915,74.71,11.28,69.64,False
KEIBAJO_SURFACE_10_芝_新馬,pace_yoso+umakigo_code+agari_shisu_juni,pace_yoso,umakigo_code,agari_shisu_juni,23,4214,74.1,11.06,69.58,False
KEIBAJO_SURFACE_10_芝_新馬,pace_yoso+manken_shirushi+manken_shisu_decile,pace_yoso,manken_shirushi,manken_shisu_decile,9,1394,78.59,13.8,69.57,False
KEIBAJO_SURFACE_10_芝_新馬,uma_deokure_bin+hizume_code+kyakushitsu,uma_deokure_bin,hizume_code,kyakushitsu,11,1580,76.28,11.42,69.53,False
KEIBAJO_SURFACE_10_芝_新馬,uma_start_shisu_decile+kyori_tekisei+hizume_code,uma_start_shisu_decile,kyori_tekisei,hizume_code,6,765,79.43,12.38,69.52,False
KEIBAJO_SURFACE_10_芝_新馬,kyori_kubun+kyakushitsu+ninki_shisu_decile,kyori_kubun,kyakushitsu,ninki_shisu_decile,16,1917,74.92,11.03,69.52,False
KEIBAJO_SURFACE_10_芝_新馬,pace_yoso+omo_tekisei_code+umakigo_code,pace_yoso,omo_tekisei_code,umakigo_code,8,5199,73.65,6.02,69.48,False
KEIBAJO_SURFACE_10_芝_新馬,uma_deokure_bin+uma_start_shisu_decile+kishu_minarai_code,uma_deokure_bin,uma_start_shisu_decile,kishu_minarai_code,15,3528,72.09,5.15,69.48,False
KEIBAJO_SURFACE_10_芝_新馬,kyori_kubun+omo_tekisei_code+joho_shisu_decile,kyori_kubun,omo_tekisei_code,joho_shisu_decile,25,4859,74.66,13.24,69.47,False
KEIBAJO_SURFACE_10_芝_新馬,uma_deokure_bin+kyori_tekisei+manken_shisu_decile,uma_deokure_bin,kyori_tekisei,manken_shisu_decile,12,1370,75.69,11.17,69.38,False
KEIBAJO_SURFACE_10_芝_新馬,omo_tekisei_code+manken_shisu_decile+kishu_minarai_code,omo_tekisei_code,manken_shisu_decile,kishu_minarai_code,15,3913,72.26,5.75,69.35,False
KEIBAJO_SURFACE_10_芝_新馬,joho_shisu_decile+kyakushitsu+class_code,joho_shisu_decile,kyakushitsu,class_code,18,4170,74.82,11.84,69.35,False
KEIBAJO_SURFACE_10_芝_新馬,kyori_kubun+uma_deokure_bin+kyori_tekisei,kyori_kubun,uma_deokure_bin,kyori_tekisei,16,4552,73.77,9.06,69.33,False
KEIBAJO_SURFACE_10_芝_新馬,pace_yoso+kyori_tekisei+manken_shisu_decile,pace_yoso,kyori_tekisei,manken_shisu_decile,20,3313,72.74,7.78,69.33,False
KEIBAJO_SURFACE_10_芝_新馬,omo_tekisei_code+uma_start_shisu_decile+manken_shisu_decile,omo_tekisei_code,uma_start_shisu_decile,manken_shisu_decile,9,1055,74.42,7.79,69.33,False
KEIBAJO_SURFACE_10_芝_新馬,umakigo_code+kyori_tekisei+manken_shisu_decile,umakigo_code,kyori_tekisei,manken_shisu_decile,19,4170,72.75,7.61,69.33,False
KEIBAJO_SURFACE_10_芝_新馬,manken_shirushi+umakigo_code+kishu_minarai_code,manken_shirushi,umakigo_code,kishu_minarai_code,8,2628,75.47,8.88,69.32,False
KEIBAJO_SURFACE_10_芝_新馬,rotation_bin+hizume_code+class_code,rotation_bin,hizume_code,class_code,13,2113,73.86,8.39,69.3,False
KEIBAJO_SURFACE_10_芝_新馬,umakigo_code+pace_shisu_juni+kishu_minarai_code,umakigo_code,pace_shisu_juni,kishu_minarai_code,15,3906,72.67,6.66,69.3,False
KEIBAJO_SURFACE_10_芝_新馬,ten_shisu_juni+kyori_tekisei+kishu_minarai_code,ten_shisu_juni,kyori_tekisei,kishu_minarai_code,20,2368,75.14,13.4,69.27,False
KEIBAJO_SURFACE_10_芝_新馬,pace_yoso+uma_deokure_bin+class_code,pace_yoso,uma_deokure_bin,class_code,13,4670,73.31,7.42,69.27,False
KEIBAJO_SURFACE_10_芝_新馬,umakigo_code+rotation_bin+kyori_tekisei,umakigo_code,rotation_bin,kyori_tekisei,16,4264,72.76,7.15,69.26,False
KEIBAJO_SURFACE_10_芝_新馬,pace_yoso+manken_shirushi+umakigo_code,pace_yoso,manken_shirushi,umakigo_code,14,2832,76.13,13.11,69.26,False
KEIBAJO_SURFACE_10_芝_新馬,pace_yoso+uma_deokure_bin+manken_shisu_decile,pace_yoso,uma_deokure_bin,manken_shisu_decile,14,2281,72.76,6.7,69.25,False
KEIBAJO_SURFACE_10_芝_新馬,pace_yoso+kyori_kubun+uma_start_shisu_decile,pace_yoso,kyori_kubun,uma_start_shisu_decile,17,4101,73.79,9.55,69.25,False
KEIBAJO_SURFACE_10_芝_新馬,kyori_kubun+agari_shisu_juni+kyori_tekisei,kyori_kubun,agari_shisu_juni,kyori_tekisei,22,2756,73.11,9.28,69.24,False
KEIBAJO_SURFACE_10_芝_新馬,kyori_kubun+hizume_code+class_code,kyori_kubun,hizume_code,class_code,13,3530,72.05,5.19,69.23,False
KEIBAJO_SURFACE_10_芝_新馬,kyori_tekisei_2+class_code+kishu_minarai_code,kyori_tekisei_2,class_code,kishu_minarai_code,3,627,73.85,4.09,69.22,False
KEIBAJO_SURFACE_10_芝_新馬,pace_yoso+joho_shisu_decile+class_code,pace_yoso,joho_shisu_decile,class_code,15,4857,73.32,8.09,69.22,False
KEIBAJO_SURFACE_10_芝_新馬,kyori_kubun+uma_deokure_bin+umakigo_code,kyori_kubun,uma_deokure_bin,umakigo_code,12,4848,73.13,6.94,69.2,False
KEIBAJO_SURFACE_10_芝_新馬,omo_tekisei_code+manken_shirushi+kishu_minarai_code,omo_tekisei_code,manken_shirushi,kishu_minarai_code,16,2609,74.75,11.4,69.16,False
KEIBAJO_SURFACE_10_芝_新馬,kyori_tekisei+kyakushitsu+kishu_minarai_code,kyori_tekisei,kyakushitsu,kishu_minarai_code,12,4320,72.22,5.43,69.15,False
KEIBAJO_SURFACE_10_芝_新馬,omo_tekisei_code+uma_start_shisu_decile+chokyo_shisu_decile,omo_tekisei_code,uma_start_shisu_decile,chokyo_shisu_decile,3,312,77.07,7.0,69.15,False
KEIBAJO_SURFACE_10_芝_新馬,pace_yoso+pace_shisu_juni+kyakushitsu,pace_yoso,pace_shisu_juni,kyakushitsu,13,1510,74.86,10.54,69.13,False
KEIBAJO_SURFACE_10_芝_新馬,uma_deokure_bin+uma_start_shisu_decile+kyakushitsu,uma_deokure_bin,uma_start_shisu_decile,kyakushitsu,17,2753,74.14,10.53,69.13,False
KEIBAJO_SURFACE_10_芝_新馬,kyori_kubun+umakigo_code+uma_start_shisu_decile,kyori_kubun,umakigo_code,uma_start_shisu_decile,16,4629,72.68,7.25,69.13,False
KEIBAJO_SURFACE_10_芝_新馬,omo_tekisei_code+uma_start_shisu_decile+hizume_code,omo_tekisei_code,uma_start_shisu_decile,hizume_code,8,1232,74.77,8.15,69.12,False
KEIBAJO_SURFACE_10_芝_新馬,ninki_shisu_decile+manken_shisu_decile+kishu_minarai_code,ninki_shisu_decile,manken_shisu_decile,kishu_minarai_code,7,948,76.26,9.66,69.1,False
KEIBAJO_SURFACE_10_芝_新馬,pace_yoso+uma_start_shisu_decile+class_code,pace_yoso,uma_start_shisu_decile,class_code,15,4304,72.64,7.11,69.05,False
KEIBAJO_SURFACE_10_芝_新馬,kyori_kubun+rotation_bin+kishu_minarai_code,kyori_kubun,rotation_bin,kishu_minarai_code,11,3777,74.38,9.04,69.04,False
KEIBAJO_SURFACE_10_芝_新馬,pace_yoso+uma_deokure_bin+kishu_minarai_code,pace_yoso,uma_deokure_bin,kishu_minarai_code,10,4510,73.77,7.64,69.04,False
KEIBAJO_SURFACE_10_芝_新馬,rotation_bin+kyori_tekisei+kyakushitsu,rotation_bin,kyori_tekisei,kyakushitsu,16,2210,73.95,10.07,69.02,False
KEIBAJO_SURFACE_10_芝_新馬,omo_tekisei_code+manken_shirushi+umakigo_code,omo_tekisei_code,manken_shirushi,umakigo_code,16,2779,74.31,10.82,69.0,False
KEIBAJO_SURFACE_10_芝_新馬,pace_yoso+kyakushitsu+kishu_minarai_code,pace_yoso,kyakushitsu,kishu_minarai_code,9,4616,72.06,4.68,69.0,False
KEIBAJO_SURFACE_10_芝_新馬,pace_yoso+hizume_code+class_code,pace_yoso,hizume_code,class_code,12,3687,73.23,7.5,68.99,False
KEIBAJO_SURFACE_10_芝_新馬,manken_shirushi+uma_start_shisu_decile+kishu_minarai_code,manken_shirushi,uma_start_shisu_decile,kishu_minarai_code,7,807,77.43,11.41,68.98,False
KEIBAJO_SURFACE_10_芝_新馬,pace_yoso+pace_shisu_juni+kishu_minarai_code,pace_yoso,pace_shisu_juni,kishu_minarai_code,22,3796,72.74,9.03,68.97,False
KEIBAJO_SURFACE_10_芝_新馬,agari_shisu_juni+kyori_tekisei+class_code,agari_shisu_juni,kyori_tekisei,class_code,19,2232,73.71,10.55,68.96,False
KEIBAJO_SURFACE_10_芝_新馬,uma_start_shisu_decile+kyori_tekisei+class_code,uma_start_shisu_decile,kyori_tekisei,class_code,18,3758,73.29,9.41,68.94,False
KEIBAJO_SURFACE_10_芝_新馬,uma_deokure_bin+uma_start_shisu_decile+class_code,uma_deokure_bin,uma_start_shisu_decile,class_code,15,3379,71.64,5.34,68.94,False
KEIBAJO_SURFACE_10_芝_新馬,kyori_kubun+manken_shirushi+kyori_tekisei,kyori_kubun,manken_shirushi,kyori_tekisei,16,2338,74.81,12.0,68.93,False
KEIBAJO_SURFACE_10_芝_新馬,omo_tekisei_code+uma_start_shisu_decile+kishu_minarai_code,omo_tekisei_code,uma_start_shisu_decile,kishu_minarai_code,15,4154,72.65,7.34,68.93,False
KEIBAJO_SURFACE_10_芝_新馬,pace_yoso+joho_shisu_decile+kyori_tekisei,pace_yoso,joho_shisu_decile,kyori_tekisei,21,4362,73.43,10.52,68.93,False
KEIBAJO_SURFACE_10_芝_新馬,kyori_tekisei+chokyo_shisu_decile+kishu_minarai_code,kyori_tekisei,chokyo_shisu_decile,kishu_minarai_code,25,3948,73.45,11.54,68.93,False
KEIBAJO_SURFACE_10_芝_新馬,rotation_bin+uma_start_shisu_decile+kishu_minarai_code,rotation_bin,uma_start_shisu_decile,kishu_minarai_code,16,2641,74.67,11.76,68.91,False
KEIBAJO_SURFACE_10_芝_新馬,pace_yoso+hizume_code+kishu_minarai_code,pace_yoso,hizume_code,kishu_minarai_code,13,3998,72.61,6.8,68.91,False
KEIBAJO_SURFACE_10_芝_新馬,pace_yoso+chokyo_shisu_decile+ninki_shisu_decile,pace_yoso,chokyo_shisu_decile,ninki_shisu_decile,13,1759,75.28,11.74,68.9,False
KEIBAJO_SURFACE_10_芝_新馬,omo_tekisei_code+ichi_shisu_juni+kishu_minarai_code,omo_tekisei_code,ichi_shisu_juni,kishu_minarai_code,23,3449,72.98,10.0,68.89,False
KEIBAJO_SURFACE_10_芝_新馬,hizume_code+kyakushitsu+kishu_minarai_code,hizume_code,kyakushitsu,kishu_minarai_code,19,3650,73.34,9.91,68.89,False
KEIBAJO_SURFACE_10_芝_新馬,kyori_kubun+hizume_code+kishu_minarai_code,kyori_kubun,hizume_code,kishu_minarai_code,13,3688,73.07,7.73,68.87,False
KEIBAJO_SURFACE_10_芝_新馬,uma_deokure_bin+umakigo_code+pace_shisu_juni,uma_deokure_bin,umakigo_code,pace_shisu_juni,18,2234,73.79,10.64,68.87,False
KEIBAJO_SURFACE_10_芝_新馬,pace_yoso+agari_shisu_juni+kishu_minarai_code,pace_yoso,agari_shisu_juni,kishu_minarai_code,21,3728,73.67,11.24,68.86,False
KEIBAJO_SURFACE_10_芝_新馬,omo_tekisei_code+umakigo_code+kyori_tekisei,omo_tekisei_code,umakigo_code,kyori_tekisei,10,4871,75.58,10.86,68.85,False
KEIBAJO_SURFACE_10_芝_新馬,pace_yoso+ten_shisu_juni+kishu_minarai_code,pace_yoso,ten_shisu_juni,kishu_minarai_code,21,3622,73.41,10.66,68.84,False
KEIBAJO_SURFACE_10_芝_新馬,uma_deokure_bin+omo_tekisei_code+manken_shisu_decile,uma_deokure_bin,omo_tekisei_code,manken_shisu_decile,18,2228,74.21,11.62,68.84,False
KEIBAJO_SURFACE_10_芝_新馬,pace_yoso+uma_deokure_bin+uma_start_shisu_decile,pace_yoso,uma_deokure_bin,uma_start_shisu_decile,17,3413,72.92,8.59,68.84,False
KEIBAJO_SURFACE_10_芝_新馬,omo_tekisei_code+rotation_bin+kishu_minarai_code,omo_tekisei_code,rotation_bin,kishu_minarai_code,13,3953,73.57,8.74,68.83,False
KEIBAJO_SURFACE_10_芝_新馬,uma_deokure_bin+rotation_bin+class_code,uma_deokure_bin,rotation_bin,class_code,15,3059,73.3,8.87,68.81,False
KEIBAJO_SURFACE_10_芝_新馬,kyori_tekisei+hizume_code+kishu_minarai_code,kyori_tekisei,hizume_code,kishu_minarai_code,17,3632,73.8,10.53,68.8,False
KEIBAJO_SURFACE_10_芝_新馬,pace_yoso+kyori_tekisei+hizume_code,pace_yoso,kyori_tekisei,hizume_code,21,3621,72.37,8.38,68.79,False
KEIBAJO_SURFACE_10_芝_新馬,kyori_kubun+omo_tekisei_code+kyori_tekisei,kyori_kubun,omo_tekisei_code,kyori_tekisei,12,4951,72.83,7.18,68.76,False
KEIBAJO_SURFACE_10_芝_新馬,pace_yoso+umakigo_code+kyakushitsu,pace_yoso,umakigo_code,kyakushitsu,10,5105,73.83,8.19,68.75,False
KEIBAJO_SURFACE_10_芝_新馬,omo_tekisei_code+uma_start_shisu_decile+class_code,omo_tekisei_code,uma_start_shisu_decile,class_code,16,4078,72.91,8.49,68.75,False
KEIBAJO_SURFACE_10_芝_新馬,rotation_bin+joho_shisu_decile+kishu_minarai_code,rotation_bin,joho_shisu_decile,kishu_minarai_code,16,3005,76.01,14.82,68.74,False
KEIBAJO_SURFACE_10_芝_新馬,omo_tekisei_code+uma_start_shisu_decile+kyakushitsu,omo_tekisei_code,uma_start_shisu_decile,kyakushitsu,21,3441,73.32,10.69,68.74,False
KEIBAJO_SURFACE_10_芝_新馬,uma_deokure_bin+class_code+kishu_minarai_code,uma_deokure_bin,class_code,kishu_minarai_code,10,4207,72.58,6.24,68.72,False
KEIBAJO_SURFACE_10_芝_新馬,kyori_kubun+hizume_code+kyakushitsu,kyori_kubun,hizume_code,kyakushitsu,18,2803,74.03,11.58,68.68,False
KEIBAJO_SURFACE_10_芝_新馬,uma_deokure_bin+joho_shisu_decile+class_code,uma_deokure_bin,joho_shisu_decile,class_code,17,3878,73.61,10.39,68.67,False
KEIBAJO_SURFACE_10_芝_新馬,pace_yoso+uma_start_shisu_decile+kishu_minarai_code,pace_yoso,uma_start_shisu_decile,kishu_minarai_code,14,4362,72.96,8.2,68.67,False
KEIBAJO_SURFACE_10_芝_新馬,kyori_kubun+manken_shirushi+kishu_minarai_code,kyori_kubun,manken_shirushi,kishu_minarai_code,16,2621,74.74,12.42,68.66,False
KEIBAJO_SURFACE_10_芝_新馬,pace_yoso+umakigo_code+hizume_code,pace_yoso,umakigo_code,hizume_code,14,4413,72.33,7.0,68.66,False
KEIBAJO_SURFACE_10_芝_新馬,kyori_kubun+uma_start_shisu_decile+kyakushitsu,kyori_kubun,uma_start_shisu_decile,kyakushitsu,20,3487,72.7,9.21,68.66,False
KEIBAJO_SURFACE_10_芝_新馬,pace_yoso+ichi_shisu_juni+kishu_minarai_code,pace_yoso,ichi_shisu_juni,kishu_minarai_code,22,3793,73.75,12.22,68.64,False
KEIBAJO_SURFACE_10_芝_新馬,hizume_code+manken_shisu_decile+kishu_minarai_code,hizume_code,manken_shisu_decile,kishu_minarai_code,15,2095,76.74,16.01,68.64,False
KEIBAJO_SURFACE_10_芝_新馬,uma_deokure_bin+umakigo_code+uma_start_shisu_decile,uma_deokure_bin,umakigo_code,uma_start_shisu_decile,16,3908,71.93,6.73,68.63,False
KEIBAJO_SURFACE_10_芝_新馬,pace_yoso+omo_tekisei_code+kyori_tekisei,pace_yoso,omo_tekisei_code,kyori_tekisei,15,5058,72.8,8.27,68.62,False
KEIBAJO_SURFACE_10_芝_新馬,pace_yoso+agari_shisu_juni+class_code,pace_yoso,agari_shisu_juni,class_code,19,3354,72.99,9.7,68.62,False
KEIBAJO_SURFACE_10_芝_新馬,umakigo_code+agari_shisu_juni+kyori_tekisei,umakigo_code,agari_shisu_juni,kyori_tekisei,25,3196,73.12,11.51,68.61,False
KEIBAJO_SURFACE_10_芝_新馬,umakigo_code+kyakushitsu+manken_shisu_decile,umakigo_code,kyakushitsu,manken_shisu_decile,21,4042,72.68,9.52,68.61,False
KEIBAJO_SURFACE_10_芝_新馬,pace_yoso+umakigo_code+rotation_bin,pace_yoso,umakigo_code,rotation_bin,13,4655,72.5,7.19,68.59,False
KEIBAJO_SURFACE_10_芝_新馬,omo_tekisei_code+pace_shisu_juni+kishu_minarai_code,omo_tekisei_code,pace_shisu_juni,kishu_minarai_code,23,3451,73.66,12.42,68.58,False
KEIBAJO_SURFACE_10_芝_新馬,pace_yoso+omo_tekisei_code+rotation_bin,pace_yoso,omo_tekisei_code,rotation_bin,20,4418,73.5,11.2,68.58,False
KEIBAJO_SURFACE_10_芝_新馬,uma_deokure_bin+rotation_bin+kyori_tekisei,uma_deokure_bin,rotation_bin,kyori_tekisei,16,2086,74.48,12.04,68.58,False
KEIBAJO_SURFACE_10_芝_新馬,rotation_bin+kyori_tekisei+class_code,rotation_bin,kyori_tekisei,class_code,16,3700,72.83,8.68,68.57,False
KEIBAJO_SURFACE_10_芝_新馬,kyori_kubun+uma_deokure_bin+rotation_bin,kyori_kubun,uma_deokure_bin,rotation_bin,16,2617,74.52,12.14,68.57,False
KEIBAJO_SURFACE_10_芝_新馬,uma_deokure_bin+kyori_tekisei+class_code,uma_deokure_bin,kyori_tekisei,class_code,14,4047,72.96,8.41,68.56,False
KEIBAJO_SURFACE_10_芝_新馬,kyori_kubun+agari_shisu_juni+class_code,kyori_kubun,agari_shisu_juni,class_code,25,3547,72.15,9.16,68.56,False
KEIBAJO_SURFACE_10_芝_新馬,uma_deokure_bin+omo_tekisei_code+hizume_code,uma_deokure_bin,omo_tekisei_code,hizume_code,15,2358,73.84,10.46,68.54,False
KEIBAJO_SURFACE_10_芝_新馬,omo_tekisei_code+kyakushitsu+ninki_shisu_decile,omo_tekisei_code,kyakushitsu,ninki_shisu_decile,15,1750,76.67,16.06,68.54,False
KEIBAJO_SURFACE_10_芝_新馬,ten_shisu_juni+kyakushitsu+class_code,ten_shisu_juni,kyakushitsu,class_code,15,1983,74.63,12.04,68.54,False
KEIBAJO_SURFACE_10_芝_新馬,kyori_kubun+umakigo_code+rotation_bin,kyori_kubun,umakigo_code,rotation_bin,13,4301,73.23,8.7,68.51,False
KEIBAJO_SURFACE_10_芝_新馬,pace_shisu_juni+kyori_tekisei+class_code,pace_shisu_juni,kyori_tekisei,class_code,14,1731,74.58,11.6,68.51,False
KEIBAJO_SURFACE_10_芝_新馬,pace_yoso+manken_shirushi+kishu_minarai_code,pace_yoso,manken_shirushi,kishu_minarai_code,14,2649,76.09,14.49,68.5,False
KEIBAJO_SURFACE_10_芝_新馬,kyori_kubun+umakigo_code+hizume_code,kyori_kubun,umakigo_code,hizume_code,14,4124,73.73,10.01,68.49,False
KEIBAJO_SURFACE_10_芝_新馬,omo_tekisei_code+rotation_bin+kyakushitsu,omo_tekisei_code,rotation_bin,kyakushitsu,20,3203,72.98,10.26,68.48,False
KEIBAJO_SURFACE_10_芝_新馬,umakigo_code+uma_start_shisu_decile+ten_shisu_juni,umakigo_code,uma_start_shisu_decile,ten_shisu_juni,9,1128,77.07,13.16,68.48,False
KEIBAJO_SURFACE_10_芝_新馬,omo_tekisei_code+umakigo_code+ichi_shisu_juni,omo_tekisei_code,umakigo_code,ichi_shisu_juni,23,3710,72.31,9.4,68.47,False
KEIBAJO_SURFACE_10_芝_新馬,uma_deokure_bin+kyakushitsu+class_code,uma_deokure_bin,kyakushitsu,class_code,13,3888,74.08,10.39,68.43,False
KEIBAJO_SURFACE_10_芝_新馬,uma_deokure_bin+umakigo_code+manken_shisu_decile,uma_deokure_bin,umakigo_code,manken_shisu_decile,18,3382,73.43,10.84,68.42,False
KEIBAJO_SURFACE_10_芝_新馬,pace_yoso+uma_deokure_bin+rotation_bin,pace_yoso,uma_deokure_bin,rotation_bin,19,3201,72.93,10.04,68.42,False
KEIBAJO_SURFACE_10_芝_新馬,manken_shirushi+umakigo_code+kyori_tekisei,manken_shirushi,umakigo_code,kyori_tekisei,16,2370,74.59,12.61,68.41,False
KEIBAJO_SURFACE_10_芝_新馬,pace_yoso+manken_shisu_decile+kishu_minarai_code,pace_yoso,manken_shisu_decile,kishu_minarai_code,14,4151,73.3,9.34,68.41,False
KEIBAJO_SURFACE_10_芝_新馬,kyakushitsu+class_code+kishu_minarai_code,kyakushitsu,class_code,kishu_minarai_code,10,4323,71.66,5.26,68.4,False
KEIBAJO_SURFACE_10_芝_新馬,pace_yoso+kyori_kubun+kyakushitsu,pace_yoso,kyori_kubun,kyakushitsu,16,5105,72.2,7.76,68.4,False
KEIBAJO_SURFACE_10_芝_新馬,uma_start_shisu_decile+ichi_shisu_juni+kishu_minarai_code,uma_start_shisu_decile,ichi_shisu_juni,kishu_minarai_code,8,1033,77.49,13.13,68.39,False
KEIBAJO_SURFACE_10_芝_新馬,umakigo_code+ichi_shisu_juni+kyakushitsu,umakigo_code,ichi_shisu_juni,kyakushitsu,20,3157,73.3,11.24,68.37,False
KEIBAJO_SURFACE_10_芝_新馬,kyori_kubun+ichi_shisu_juni+kyori_tekisei,kyori_kubun,ichi_shisu_juni,kyori_tekisei,21,2677,74.47,14.32,68.35,False
KEIBAJO_SURFACE_10_芝_新馬,umakigo_code+uma_start_shisu_decile+kijun_ninkijun_tansho,umakigo_code,uma_start_shisu_decile,kijun_ninkijun_tansho,9,1179,74.39,9.27,68.34,False
KEIBAJO_SURFACE_10_芝_新馬,pace_yoso+hizume_code+manken_shisu_decile,pace_yoso,hizume_code,manken_shisu_decile,11,1299,74.11,9.79,68.32,False
KEIBAJO_SURFACE_10_芝_新馬,kyori_kubun+kyori_tekisei+class_code,kyori_kubun,kyori_tekisei,class_code,8,4481,72.3,5.83,68.26,False
KEIBAJO_SURFACE_10_芝_新馬,pace_shisu_juni+kyori_tekisei+kishu_minarai_code,pace_shisu_juni,kyori_tekisei,kishu_minarai_code,19,2372,73.62,11.96,68.24,False
KEIBAJO_SURFACE_10_芝_新馬,omo_tekisei_code+chokyo_shisu_decile+ninki_shisu_decile,omo_tekisei_code,chokyo_shisu_decile,ninki_shisu_decile,6,853,77.4,11.45,68.24,False
KEIBAJO_SURFACE_10_芝_新馬,umakigo_code+joho_shisu_decile+ninki_shisu_decile,umakigo_code,joho_shisu_decile,ninki_shisu_decile,19,4223,72.39,9.22,68.24,False
KEIBAJO_SURFACE_10_芝_新馬,uma_deokure_bin+omo_tekisei_code+kyori_tekisei,uma_deokure_bin,omo_tekisei_code,kyori_tekisei,20,4040,72.98,10.84,68.23,False
KEIBAJO_SURFACE_10_芝_新馬,umakigo_code+pace_shisu_juni+uma_start_shisu_decile,umakigo_code,pace_shisu_juni,uma_start_shisu_decile,7,928,75.17,9.38,68.22,False
KEIBAJO_SURFACE_10_芝_新馬,kyori_kubun+class_code+kishu_minarai_code,kyori_kubun,class_code,kishu_minarai_code,11,4842,72.31,6.92,68.22,False
KEIBAJO_SURFACE_10_芝_新馬,kyori_kubun+kyori_tekisei+kyusha_shisu_decile,kyori_kubun,kyori_tekisei,kyusha_shisu_decile,21,3722,73.67,12.84,68.18,False
KEIBAJO_SURFACE_10_芝_新馬,pace_yoso+omo_tekisei_code+pace_shisu_juni,pace_yoso,omo_tekisei_code,pace_shisu_juni,20,2567,73.13,11.33,68.16,False
KEIBAJO_SURFACE_10_芝_新馬,uma_deokure_bin+umakigo_code+kyori_tekisei,uma_deokure_bin,umakigo_code,kyori_tekisei,15,4779,72.11,7.83,68.15,False
KEIBAJO_SURFACE_10_芝_新馬,kyori_kubun+kyori_tekisei+hizume_code,kyori_kubun,kyori_tekisei,hizume_code,18,3763,71.12,6.44,68.14,False
KEIBAJO_SURFACE_10_芝_新馬,uma_deokure_bin+joho_shisu_decile+kishu_minarai_code,uma_deokure_bin,joho_shisu_decile,kishu_minarai_code,15,3785,72.75,9.15,68.12,False
KEIBAJO_SURFACE_10_芝_新馬,kyori_kubun+rotation_bin+kyori_tekisei,kyori_kubun,rotation_bin,kyori_tekisei,16,3854,73.62,11.28,68.1,False
KEIBAJO_SURFACE_10_芝_新馬,umakigo_code+kyori_tekisei+hizume_code,umakigo_code,kyori_tekisei,hizume_code,17,4020,71.9,7.98,68.1,False
KEIBAJO_SURFACE_10_芝_新馬,pace_yoso+manken_shirushi+kyori_tekisei,pace_yoso,manken_shirushi,kyori_tekisei,13,1485,75.89,14.36,68.09,False
KEIBAJO_SURFACE_10_芝_新馬,pace_yoso+kyori_kubun+rotation_bin,pace_yoso,kyori_kubun,rotation_bin,19,4370,72.72,10.3,68.09,False
KEIBAJO_SURFACE_10_芝_新馬,omo_tekisei_code+rotation_bin+kyori_tekisei,omo_tekisei_code,rotation_bin,kyori_tekisei,21,3472,72.86,11.22,68.06,False
KEIBAJO_SURFACE_10_芝_新馬,uma_start_shisu_decile+kyakushitsu+kishu_minarai_code,uma_start_shisu_decile,kyakushitsu,kishu_minarai_code,17,3984,72.11,8.53,68.06,False
KEIBAJO_SURFACE_10_芝_新馬,uma_deokure_bin+omo_tekisei_code+umakigo_code,uma_deokure_bin,omo_tekisei_code,umakigo_code,13,4960,71.06,5.55,68.05,False
KEIBAJO_SURFACE_10_芝_新馬,omo_tekisei_code+kyori_tekisei+kyakushitsu,omo_tekisei_code,kyori_tekisei,kyakushitsu,21,4606,71.86,8.95,68.04,False
KEIBAJO_SURFACE_10_芝_新馬,kyori_tekisei+chokyo_shisu_decile+class_code,kyori_tekisei,chokyo_shisu_decile,class_code,25,3763,71.71,9.37,68.04,False
KEIBAJO_SURFACE_10_芝_新馬,hizume_code+class_code+manken_shisu_decile,hizume_code,class_code,manken_shisu_decile,15,1931,73.86,11.57,68.01,False
KEIBAJO_SURFACE_10_芝_新馬,umakigo_code+ten_shisu_juni+kishu_minarai_code,umakigo_code,ten_shisu_juni,kishu_minarai_code,16,3954,73.17,10.53,68.01,False
KEIBAJO_SURFACE_10_芝_新馬,pace_shisu_juni+kyakushitsu+class_code,pace_shisu_juni,kyakushitsu,class_code,15,1905,73.86,11.58,68.0,False
KEIBAJO_SURFACE_10_芝_新馬,omo_tekisei_code+joho_shisu_decile+class_code,omo_tekisei_code,joho_shisu_decile,class_code,16,4680,73.69,11.64,67.99,False
KEIBAJO_SURFACE_10_芝_新馬,umakigo_code+manken_shisu_decile+kishu_minarai_code,umakigo_code,manken_shisu_decile,kishu_minarai_code,9,4007,72.12,6.36,67.97,False
KEIBAJO_SURFACE_10_芝_新馬,pace_yoso+kyori_kubun+joho_shisu_decile,pace_yoso,kyori_kubun,joho_shisu_decile,15,4435,73.26,10.46,67.97,False
KEIBAJO_SURFACE_10_芝_新馬,kyori_kubun+omo_tekisei_code+hizume_code,kyori_kubun,omo_tekisei_code,hizume_code,20,3889,71.16,7.32,67.95,False
KEIBAJO_SURFACE_10_芝_新馬,omo_tekisei_code+umakigo_code+uma_start_shisu_decile,omo_tekisei_code,umakigo_code,uma_start_shisu_decile,16,4638,72.34,8.97,67.94,False
KEIBAJO_SURFACE_10_芝_新馬,rotation_bin+chokyo_shisu_decile+kishu_minarai_code,rotation_bin,chokyo_shisu_decile,kishu_minarai_code,20,2300,73.22,12.04,67.94,False
KEIBAJO_SURFACE_10_芝_新馬,umakigo_code+uma_start_shisu_decile+joho_shisu_decile,umakigo_code,uma_start_shisu_decile,joho_shisu_decile,14,3273,73.32,10.28,67.94,False
KEIBAJO_SURFACE_10_芝_新馬,omo_tekisei_code+hizume_code+kyakushitsu,omo_tekisei_code,hizume_code,kyakushitsu,16,2646,72.55,9.43,67.93,False
KEIBAJO_SURFACE_10_芝_新馬,pace_yoso+uma_start_shisu_decile+chokyo_shisu_decile,pace_yoso,uma_start_shisu_decile,chokyo_shisu_decile,8,1047,72.68,6.87,67.92,False
KEIBAJO_SURFACE_10_芝_新馬,uma_start_shisu_decile+hizume_code+class_code,uma_start_shisu_decile,hizume_code,class_code,12,1949,72.54,8.18,67.91,False
KEIBAJO_SURFACE_10_芝_新馬,rotation_bin+uma_start_shisu_decile+kyakushitsu,rotation_bin,uma_start_shisu_decile,kyakushitsu,9,1171,73.59,8.69,67.91,False
KEIBAJO_SURFACE_10_芝_新馬,pace_yoso+rotation_bin+class_code,pace_yoso,rotation_bin,class_code,14,4244,73.41,10.52,67.9,False
KEIBAJO_SURFACE_10_芝_新馬,umakigo_code+uma_start_shisu_decile+manken_shisu_decile,umakigo_code,uma_start_shisu_decile,manken_shisu_decile,13,2143,72.36,8.2,67.9,False
KEIBAJO_SURFACE_10_芝_新馬,ichi_shisu_juni+kyakushitsu+class_code,ichi_shisu_juni,kyakushitsu,class_code,17,2509,74.06,12.94,67.9,False
KEIBAJO_SURFACE_10_芝_新馬,uma_deokure_bin+kyori_tekisei+hizume_code,uma_deokure_bin,kyori_tekisei,hizume_code,12,1590,75.12,12.77,67.9,False
KEIBAJO_SURFACE_10_芝_新馬,kyori_kubun+pace_shisu_juni+kyori_tekisei,kyori_kubun,pace_shisu_juni,kyori_tekisei,22,2779,72.65,11.41,67.88,False
KEIBAJO_SURFACE_10_芝_新馬,pace_yoso+uma_deokure_bin+kyori_tekisei,pace_yoso,uma_deokure_bin,kyori_tekisei,20,4562,71.95,9.3,67.87,False
KEIBAJO_SURFACE_10_芝_新馬,pace_yoso+uma_deokure_bin+omo_tekisei_code,pace_yoso,uma_deokure_bin,omo_tekisei_code,18,4934,71.08,6.95,67.87,False
KEIBAJO_SURFACE_10_芝_新馬,manken_shirushi+kyori_tekisei+kishu_minarai_code,manken_shirushi,kyori_tekisei,kishu_minarai_code,16,2193,74.74,14.04,67.86,False
KEIBAJO_SURFACE_10_芝_新馬,omo_tekisei_code+kyori_tekisei+hizume_code,omo_tekisei_code,kyori_tekisei,hizume_code,21,3324,72.54,10.93,67.86,False
KEIBAJO_SURFACE_10_芝_新馬,uma_deokure_bin+rotation_bin+kyakushitsu,uma_deokure_bin,rotation_bin,kyakushitsu,12,1773,73.34,9.69,67.86,False
KEIBAJO_SURFACE_10_芝_新馬,kyori_kubun+class_code+manken_shisu_decile,kyori_kubun,class_code,manken_shisu_decile,14,3680,71.21,6.41,67.85,False
KEIBAJO_SURFACE_10_芝_新馬,uma_deokure_bin+umakigo_code+ten_shisu_juni,uma_deokure_bin,umakigo_code,ten_shisu_juni,16,2062,72.25,8.97,67.85,False
KEIBAJO_SURFACE_10_芝_新馬,chokyo_shisu_decile+kyakushitsu+class_code,chokyo_shisu_decile,kyakushitsu,class_code,21,3230,72.84,11.69,67.84,False
KEIBAJO_SURFACE_10_芝_新馬,kyakushitsu+class_code+kijun_ninkijun_tansho,kyakushitsu,class_code,kijun_ninkijun_tansho,14,1873,74.86,13.43,67.83,False
KEIBAJO_SURFACE_10_芝_新馬,chokyo_shisu_decile+class_code+ninki_shisu_decile,chokyo_shisu_decile,class_code,ninki_shisu_decile,20,2750,73.92,13.92,67.81,False
KEIBAJO_SURFACE_10_芝_新馬,kyori_kubun+pace_shisu_juni+kishu_minarai_code,kyori_kubun,pace_shisu_juni,kishu_minarai_code,25,3687,72.08,10.9,67.8,False
KEIBAJO_SURFACE_10_芝_新馬,kyori_kubun+omo_tekisei_code+kijun_ninkijun_tansho,kyori_kubun,omo_tekisei_code,kijun_ninkijun_tansho,16,1752,73.32,11.3,67.78,False
KEIBAJO_SURFACE_10_芝_新馬,pace_yoso+uma_deokure_bin+joho_shisu_decile,pace_yoso,uma_deokure_bin,joho_shisu_decile,17,3681,72.76,10.49,67.77,False
KEIBAJO_SURFACE_10_芝_新馬,kyori_kubun+rotation_bin+class_code,kyori_kubun,rotation_bin,class_code,15,4025,73.29,10.96,67.74,False
KEIBAJO_SURFACE_10_芝_新馬,uma_start_shisu_decile+joho_shisu_decile+kishu_minarai_code,uma_start_shisu_decile,joho_shisu_decile,kishu_minarai_code,13,2877,75.21,13.74,67.74,False
KEIBAJO_SURFACE_10_芝_新馬,uma_deokure_bin+umakigo_code+rotation_bin,uma_deokure_bin,umakigo_code,rotation_bin,17,3715,71.99,8.95,67.74,False
KEIBAJO_SURFACE_10_芝_新馬,pace_yoso+hizume_code+kyakushitsu,pace_yoso,hizume_code,kyakushitsu,18,3114,73.57,12.63,67.73,False
KEIBAJO_SURFACE_10_芝_新馬,kyori_tekisei_2+kyori_kubun+umakigo_code,kyori_tekisei_2,kyori_kubun,umakigo_code,3,713,73.22,4.85,67.73,False
KEIBAJO_SURFACE_10_芝_新馬,omo_tekisei_code+manken_shirushi+class_code,omo_tekisei_code,manken_shirushi,class_code,16,2421,73.54,11.92,67.7,False
KEIBAJO_SURFACE_10_芝_新馬,pace_yoso+omo_tekisei_code+hizume_code,pace_yoso,omo_tekisei_code,hizume_code,19,4163,72.05,9.72,67.68,False
KEIBAJO_SURFACE_10_芝_新馬,uma_start_shisu_decile+chokyo_shisu_decile+kishu_minarai_code,uma_start_shisu_decile,chokyo_shisu_decile,kishu_minarai_code,9,1363,77.77,15.45,67.68,False
KEIBAJO_SURFACE_10_芝_新馬,kyori_kubun+umakigo_code+agari_shisu_juni,kyori_kubun,umakigo_code,agari_shisu_juni,25,3999,72.08,11.29,67.66,False
KEIBAJO_SURFACE_10_芝_新馬,kyori_kubun+kyakushitsu+kishu_minarai_code,kyori_kubun,kyakushitsu,kishu_minarai_code,10,4523,71.72,6.55,67.66,False
KEIBAJO_SURFACE_10_芝_新馬,kyori_kubun+manken_shirushi+class_code,kyori_kubun,manken_shirushi,class_code,16,2457,74.08,13.11,67.66,False
KEIBAJO_SURFACE_10_芝_新馬,kyori_tekisei+class_code+kishu_minarai_code,kyori_tekisei,class_code,kishu_minarai_code,10,4251,71.67,6.48,67.65,False
KEIBAJO_SURFACE_10_芝_新馬,pace_yoso+chokyo_shisu_decile+kishu_minarai_code,pace_yoso,chokyo_shisu_decile,kishu_minarai_code,18,4379,72.61,10.73,67.65,False
KEIBAJO_SURFACE_10_芝_新馬,kyori_kubun+ichi_shisu_juni+kishu_minarai_code,kyori_kubun,ichi_shisu_juni,kishu_minarai_code,25,3663,72.29,11.85,67.64,False
KEIBAJO_SURFACE_10_芝_新馬,omo_tekisei_code+hizume_code+kishu_minarai_code,omo_tekisei_code,hizume_code,kishu_minarai_code,14,3913,72.28,8.86,67.64,False
KEIBAJO_SURFACE_10_芝_新馬,kyori_kubun+agari_shisu_juni+kishu_minarai_code,kyori_kubun,agari_shisu_juni,kishu_minarai_code,25,3705,72.88,13.38,67.63,False
KEIBAJO_SURFACE_10_芝_新馬,umakigo_code+chokyo_shisu_decile+manken_shisu_decile,umakigo_code,chokyo_shisu_decile,manken_shisu_decile,8,960,72.78,7.47,67.61,False
KEIBAJO_SURFACE_10_芝_新馬,pace_yoso+umakigo_code+kishu_minarai_code,pace_yoso,umakigo_code,kishu_minarai_code,7,4926,70.98,4.56,67.61,False
KEIBAJO_SURFACE_10_芝_新馬,pace_yoso+omo_tekisei_code+manken_shirushi,pace_yoso,omo_tekisei_code,manken_shirushi,15,1993,73.62,11.9,67.6,False
KEIBAJO_SURFACE_10_芝_新馬,pace_shisu_juni+uma_start_shisu_decile+kishu_minarai_code,pace_shisu_juni,uma_start_shisu_decile,kishu_minarai_code,7,870,75.01,10.02,67.59,False
KEIBAJO_SURFACE_10_芝_新馬,pace_yoso+kyakushitsu+ninki_shisu_decile,pace_yoso,kyakushitsu,ninki_shisu_decile,20,2835,72.56,11.34,67.59,False
KEIBAJO_SURFACE_10_芝_新馬,pace_yoso+kyusha_shisu_decile+kijun_ninkijun_tansho,pace_yoso,kyusha_shisu_decile,kijun_ninkijun_tansho,4,545,77.22,9.84,67.58,False
KEIBAJO_SURFACE_10_芝_新馬,kyori_tekisei_2+kyori_kubun+omo_tekisei_code,kyori_tekisei_2,kyori_kubun,omo_tekisei_code,3,495,72.1,4.0,67.58,False
KEIBAJO_SURFACE_10_芝_新馬,kyori_kubun+pace_shisu_juni+class_code,kyori_kubun,pace_shisu_juni,class_code,25,3482,71.75,10.69,67.55,False
KEIBAJO_SURFACE_10_芝_新馬,kyori_kubun+uma_deokure_bin+manken_shisu_decile,kyori_kubun,uma_deokure_bin,manken_shisu_decile,18,2342,71.95,9.58,67.52,False
KEIBAJO_SURFACE_10_芝_新馬,kyori_kubun+manken_shirushi+umakigo_code,kyori_kubun,manken_shirushi,umakigo_code,16,2823,73.4,12.02,67.51,False
KEIBAJO_SURFACE_10_芝_新馬,umakigo_code+agari_shisu_juni+kishu_minarai_code,umakigo_code,agari_shisu_juni,kishu_minarai_code,15,3913,72.64,10.13,67.51,False
KEIBAJO_SURFACE_10_芝_新馬,uma_start_shisu_decile+class_code+manken_shisu_decile,uma_start_shisu_decile,class_code,manken_shisu_decile,10,1600,73.1,9.04,67.5,False
KEIBAJO_SURFACE_10_芝_新馬,umakigo_code+pace_shisu_juni+class_code,umakigo_code,pace_shisu_juni,class_code,15,3717,71.16,7.24,67.5,False
KEIBAJO_SURFACE_10_芝_新馬,omo_tekisei_code+ten_shisu_juni+kishu_minarai_code,omo_tekisei_code,ten_shisu_juni,kishu_minarai_code,25,3572,72.73,13.38,67.49,False
KEIBAJO_SURFACE_10_芝_新馬,umakigo_code+hizume_code+manken_shisu_decile,umakigo_code,hizume_code,manken_shisu_decile,16,2317,74.99,15.29,67.49,False
KEIBAJO_SURFACE_10_芝_新馬,pace_yoso+umakigo_code+pace_shisu_juni,pace_yoso,umakigo_code,pace_shisu_juni,24,4288,71.36,9.7,67.48,False
KEIBAJO_SURFACE_10_芝_新馬,umakigo_code+ichi_shisu_juni+kishu_minarai_code,umakigo_code,ichi_shisu_juni,kishu_minarai_code,15,3880,73.79,12.52,67.45,False
KEIBAJO_SURFACE_10_芝_新馬,omo_tekisei_code+class_code+kishu_minarai_code,omo_tekisei_code,class_code,kishu_minarai_code,11,4819,71.36,6.64,67.43,False
KEIBAJO_SURFACE_10_芝_新馬,uma_start_shisu_decile+joho_shisu_decile+chokyo_shisu_decile,uma_start_shisu_decile,joho_shisu_decile,chokyo_shisu_decile,7,955,74.09,8.99,67.42,False
KEIBAJO_SURFACE_10_芝_新馬,kyori_tekisei+class_code+manken_shisu_decile,kyori_tekisei,class_code,manken_shisu_decile,19,3622,71.82,9.79,67.42,False
KEIBAJO_SURFACE_10_芝_新馬,uma_deokure_bin+umakigo_code+ichi_shisu_juni,uma_deokure_bin,umakigo_code,ichi_shisu_juni,15,2031,75.24,15.46,67.42,False
KEIBAJO_SURFACE_10_芝_新馬,umakigo_code+rotation_bin+uma_start_shisu_decile,umakigo_code,rotation_bin,uma_start_shisu_decile,17,2985,73.06,11.88,67.41,False
KEIBAJO_SURFACE_10_芝_新馬,rotation_bin+class_code+manken_shisu_decile,rotation_bin,class_code,manken_shisu_decile,18,2360,72.55,11.18,67.39,False
KEIBAJO_SURFACE_10_芝_新馬,rotation_bin+manken_shisu_decile+kishu_minarai_code,rotation_bin,manken_shisu_decile,kishu_minarai_code,18,2525,73.02,12.21,67.38,False
KEIBAJO_SURFACE_10_芝_新馬,kyori_tekisei_2+pace_yoso+omo_tekisei_code,kyori_tekisei_2,pace_yoso,omo_tekisei_code,3,410,76.12,7.74,67.37,False
KEIBAJO_SURFACE_10_芝_新馬,agari_shisu_juni+kyakushitsu+class_code,agari_shisu_juni,kyakushitsu,class_code,15,2020,73.96,13.06,67.35,False
KEIBAJO_SURFACE_10_芝_新馬,omo_tekisei_code+umakigo_code+hizume_code,omo_tekisei_code,umakigo_code,hizume_code,15,4351,72.45,10.1,67.34,False
KEIBAJO_SURFACE_10_芝_新馬,uma_start_shisu_decile+ten_shisu_juni+class_code,uma_start_shisu_decile,ten_shisu_juni,class_code,8,915,75.85,12.27,67.34,False
KEIBAJO_SURFACE_10_芝_新馬,pace_yoso+umakigo_code+uma_start_shisu_decile,pace_yoso,umakigo_code,uma_start_shisu_decile,15,4868,71.93,9.11,67.32,False
KEIBAJO_SURFACE_10_芝_新馬,hizume_code+kyakushitsu+class_code,hizume_code,kyakushitsu,class_code,16,3180,71.94,9.47,67.3,False
KEIBAJO_SURFACE_10_芝_新馬,pace_yoso+chokyo_shisu_decile+class_code,pace_yoso,chokyo_shisu_decile,class_code,18,4187,71.83,9.82,67.29,False
KEIBAJO_SURFACE_10_芝_新馬,joho_shisu_decile+kyori_tekisei+class_code,joho_shisu_decile,kyori_tekisei,class_code,22,4632,72.31,12.07,67.27,False
KEIBAJO_SURFACE_10_芝_新馬,pace_yoso+uma_start_shisu_decile+kyusha_shisu_decile,pace_yoso,uma_start_shisu_decile,kyusha_shisu_decile,8,1111,73.13,8.46,67.27,False
KEIBAJO_SURFACE_10_芝_新馬,kyori_kubun+uma_deokure_bin+omo_tekisei_code,kyori_kubun,uma_deokure_bin,omo_tekisei_code,20,4724,71.56,9.85,67.25,False
KEIBAJO_SURFACE_10_芝_新馬,umakigo_code+uma_start_shisu_decile+kyori_tekisei,umakigo_code,uma_start_shisu_decile,kyori_tekisei,20,4538,71.99,10.81,67.25,False
KEIBAJO_SURFACE_10_芝_新馬,omo_tekisei_code+class_code+manken_shisu_decile,omo_tekisei_code,class_code,manken_shisu_decile,15,3707,71.99,9.44,67.21,False
KEIBAJO_SURFACE_10_芝_新馬,uma_start_shisu_decile+kyakushitsu+class_code,uma_start_shisu_decile,kyakushitsu,class_code,15,3613,72.34,10.18,67.19,False
KEIBAJO_SURFACE_10_芝_新馬,omo_tekisei_code+ichi_shisu_juni+class_code,omo_tekisei_code,ichi_shisu_juni,class_code,24,3343,71.97,11.98,67.18,False
KEIBAJO_SURFACE_10_芝_新馬,umakigo_code+joho_shisu_decile+kyori_tekisei,umakigo_code,joho_shisu_decile,kyori_tekisei,18,4779,72.36,11.23,67.17,False
KEIBAJO_SURFACE_10_芝_新馬,omo_tekisei_code+rotation_bin+class_code,omo_tekisei_code,rotation_bin,class_code,12,3663,71.95,8.46,67.16,False
KEIBAJO_SURFACE_10_芝_新馬,uma_deokure_bin+ten_shisu_juni+kishu_minarai_code,uma_deokure_bin,ten_shisu_juni,kishu_minarai_code,15,1828,72.46,10.51,67.14,False
KEIBAJO_SURFACE_10_芝_新馬,pace_yoso+uma_deokure_bin+ichi_shisu_juni,pace_yoso,uma_deokure_bin,ichi_shisu_juni,6,711,79.17,15.07,67.11,False
KEIBAJO_SURFACE_10_芝_新馬,pace_yoso+kyori_kubun+agari_shisu_juni,pace_yoso,kyori_kubun,agari_shisu_juni,24,3092,71.87,11.95,67.1,False
KEIBAJO_SURFACE_10_芝_新馬,kyori_kubun+ten_shisu_juni+kyori_tekisei,kyori_kubun,ten_shisu_juni,kyori_tekisei,23,2824,72.78,13.92,67.09,False
KEIBAJO_SURFACE_10_芝_新馬,ten_shisu_juni+class_code+kishu_minarai_code,ten_shisu_juni,class_code,kishu_minarai_code,16,3461,72.98,12.03,67.08,False
KEIBAJO_SURFACE_10_芝_新馬,omo_tekisei_code+agari_shisu_juni+kishu_minarai_code,omo_tekisei_code,agari_shisu_juni,kishu_minarai_code,22,3398,72.57,13.17,67.07,False
KEIBAJO_SURFACE_10_芝_新馬,uma_start_shisu_decile+kijun_ninkijun_tansho+kishu_minarai_code,uma_start_shisu_decile,kijun_ninkijun_tansho,kishu_minarai_code,7,912,76.39,12.59,67.06,False
KEIBAJO_SURFACE_10_芝_新馬,omo_tekisei_code+umakigo_code+manken_shisu_decile,omo_tekisei_code,umakigo_code,manken_shisu_decile,15,4181,71.01,7.8,67.06,False
KEIBAJO_SURFACE_10_芝_新馬,agari_shisu_juni+kyakushitsu+kishu_minarai_code,agari_shisu_juni,kyakushitsu,kishu_minarai_code,18,2376,74.11,15.24,67.06,False
KEIBAJO_SURFACE_10_芝_新馬,uma_deokure_bin+hizume_code+kishu_minarai_code,uma_deokure_bin,hizume_code,kishu_minarai_code,16,3031,72.01,10.14,67.04,False
KEIBAJO_SURFACE_10_芝_新馬,pace_yoso+umakigo_code+ten_shisu_juni,pace_yoso,umakigo_code,ten_shisu_juni,24,4226,71.23,10.47,67.04,False
KEIBAJO_SURFACE_10_芝_新馬,umakigo_code+ten_shisu_juni+kyori_tekisei,umakigo_code,ten_shisu_juni,kyori_tekisei,24,3015,71.7,11.65,67.04,False
KEIBAJO_SURFACE_10_芝_新馬,pace_yoso+rotation_bin+hizume_code,pace_yoso,rotation_bin,hizume_code,12,1783,73.05,10.64,67.03,False
KEIBAJO_SURFACE_10_芝_新馬,pace_yoso+uma_deokure_bin+ten_shisu_juni,pace_yoso,uma_deokure_bin,ten_shisu_juni,5,578,69.84,3.21,67.03,False
KEIBAJO_SURFACE_10_芝_新馬,uma_start_shisu_decile+ten_shisu_juni+kishu_minarai_code,uma_start_shisu_decile,ten_shisu_juni,kishu_minarai_code,8,950,75.61,12.38,67.03,False
KEIBAJO_SURFACE_10_芝_新馬,pace_yoso+umakigo_code+manken_shisu_decile,pace_yoso,umakigo_code,manken_shisu_decile,14,4453,71.46,8.48,67.01,False
KEIBAJO_SURFACE_10_芝_新馬,omo_tekisei_code+kyakushitsu+class_code,omo_tekisei_code,kyakushitsu,class_code,12,4470,73.11,10.78,67.01,False
KEIBAJO_SURFACE_10_芝_新馬,joho_shisu_decile+chokyo_shisu_decile+kishu_minarai_code,joho_shisu_decile,chokyo_shisu_decile,kishu_minarai_code,17,3950,72.01,10.55,66.99,False
KEIBAJO_SURFACE_10_芝_新馬,manken_shirushi+umakigo_code+class_code,manken_shirushi,umakigo_code,class_code,8,2450,74.54,10.9,66.99,False
KEIBAJO_SURFACE_10_芝_新馬,uma_start_shisu_decile+kyakushitsu+manken_shisu_decile,uma_start_shisu_decile,kyakushitsu,manken_shisu_decile,4,468,74.05,7.21,66.98,False
KEIBAJO_SURFACE_10_芝_新馬,manken_shirushi+class_code+kishu_minarai_code,manken_shirushi,class_code,kishu_minarai_code,8,2267,74.25,10.51,66.97,False
KEIBAJO_SURFACE_10_芝_新馬,uma_start_shisu_decile+joho_shisu_decile+kyakushitsu,uma_start_shisu_decile,joho_shisu_decile,kyakushitsu,11,1834,73.32,10.77,66.96,False
KEIBAJO_SURFACE_10_芝_新馬,chokyo_shisu_decile+class_code+kishu_minarai_code,chokyo_shisu_decile,class_code,kishu_minarai_code,11,3732,72.97,10.17,66.96,False
KEIBAJO_SURFACE_10_芝_新馬,umakigo_code+uma_start_shisu_decile+ichi_shisu_juni,umakigo_code,uma_start_shisu_decile,ichi_shisu_juni,9,1206,75.21,12.63,66.96,False
KEIBAJO_SURFACE_10_芝_新馬,omo_tekisei_code+hizume_code+class_code,omo_tekisei_code,hizume_code,class_code,13,3640,71.46,8.3,66.95,False
KEIBAJO_SURFACE_10_芝_新馬,kyakushitsu+kijun_ninkijun_tansho+kishu_minarai_code,kyakushitsu,kijun_ninkijun_tansho,kishu_minarai_code,16,2224,73.33,13.04,66.94,False
KEIBAJO_SURFACE_10_芝_新馬,uma_deokure_bin+kyakushitsu+kishu_minarai_code,uma_deokure_bin,kyakushitsu,kishu_minarai_code,14,4208,72.88,11.35,66.94,False
KEIBAJO_SURFACE_10_芝_新馬,omo_tekisei_code+umakigo_code+rotation_bin,omo_tekisei_code,umakigo_code,rotation_bin,14,4343,72.44,10.51,66.93,False
KEIBAJO_SURFACE_10_芝_新馬,kyori_kubun+omo_tekisei_code+uma_start_shisu_decile,kyori_kubun,omo_tekisei_code,uma_start_shisu_decile,20,3848,70.89,9.05,66.92,False
KEIBAJO_SURFACE_10_芝_新馬,pace_yoso+uma_start_shisu_decile+ten_shisu_juni,pace_yoso,uma_start_shisu_decile,ten_shisu_juni,3,323,75.54,7.62,66.92,False
KEIBAJO_SURFACE_10_芝_新馬,bataiju+umakigo_code+kishu_minarai_code,bataiju,umakigo_code,kishu_minarai_code,12,1410,72.64,10.13,66.91,False
KEIBAJO_SURFACE_10_芝_新馬,umakigo_code+ten_shisu_juni+class_code,umakigo_code,ten_shisu_juni,class_code,16,3788,71.89,10.19,66.9,False
KEIBAJO_SURFACE_10_芝_新馬,kyori_kubun+joho_shisu_decile+class_code,kyori_kubun,joho_shisu_decile,class_code,16,4681,72.39,11.23,66.89,False
KEIBAJO_SURFACE_10_芝_新馬,pace_yoso+umakigo_code+kijun_ninkijun_tansho,pace_yoso,umakigo_code,kijun_ninkijun_tansho,21,4168,72.42,12.97,66.87,False
KEIBAJO_SURFACE_10_芝_新馬,omo_tekisei_code+rotation_bin+manken_shisu_decile,omo_tekisei_code,rotation_bin,manken_shisu_decile,5,565,75.67,10.06,66.85,False
KEIBAJO_SURFACE_10_芝_新馬,umakigo_code+joho_shisu_decile+kishu_minarai_code,umakigo_code,joho_shisu_decile,kishu_minarai_code,9,4659,71.62,7.3,66.85,False
KEIBAJO_SURFACE_10_芝_新馬,uma_deokure_bin+ichi_shisu_juni+kishu_minarai_code,uma_deokure_bin,ichi_shisu_juni,kishu_minarai_code,15,1917,75.06,16.24,66.84,False
KEIBAJO_SURFACE_10_芝_新馬,omo_tekisei_code+pace_shisu_juni+class_code,omo_tekisei_code,pace_shisu_juni,class_code,23,3243,71.97,12.58,66.83,False
KEIBAJO_SURFACE_10_芝_新馬,pace_yoso+omo_tekisei_code+uma_start_shisu_decile,pace_yoso,omo_tekisei_code,uma_start_shisu_decile,20,4315,72.22,12.3,66.83,False
KEIBAJO_SURFACE_10_芝_新馬,umakigo_code+uma_start_shisu_decile+hizume_code,umakigo_code,uma_start_shisu_decile,hizume_code,13,2314,71.47,8.55,66.82,False
KEIBAJO_SURFACE_10_芝_新馬,pace_yoso+uma_start_shisu_decile+hizume_code,pace_yoso,uma_start_shisu_decile,hizume_code,10,1546,73.99,11.57,66.82,False
KEIBAJO_SURFACE_10_芝_新馬,umakigo_code+kyori_tekisei+kijun_ninkijun_tansho,umakigo_code,kyori_tekisei,kijun_ninkijun_tansho,27,3625,70.58,9.96,66.82,False
KEIBAJO_SURFACE_10_芝_新馬,uma_start_shisu_decile+joho_shisu_decile+class_code,uma_start_shisu_decile,joho_shisu_decile,class_code,13,2879,73.03,11.44,66.81,False
KEIBAJO_SURFACE_10_芝_新馬,kyakushitsu+class_code+manken_shisu_decile,kyakushitsu,class_code,manken_shisu_decile,20,3473,71.04,9.68,66.8,False
KEIBAJO_SURFACE_10_芝_新馬,pace_yoso+uma_deokure_bin+umakigo_code,pace_yoso,uma_deokure_bin,umakigo_code,11,5008,71.54,8.03,66.79,False
KEIBAJO_SURFACE_10_芝_新馬,pace_yoso+class_code+kishu_minarai_code,pace_yoso,class_code,kishu_minarai_code,8,4669,69.5,3.92,66.78,False
KEIBAJO_SURFACE_10_芝_新馬,umakigo_code+kyakushitsu+kishu_minarai_code,umakigo_code,kyakushitsu,kishu_minarai_code,11,4891,73.21,10.92,66.76,False
KEIBAJO_SURFACE_10_芝_新馬,kyori_tekisei+class_code+kijun_ninkijun_tansho,kyori_tekisei,class_code,kijun_ninkijun_tansho,17,2193,72.4,11.86,66.76,False
KEIBAJO_SURFACE_10_芝_新馬,umakigo_code+joho_shisu_decile+hizume_code,umakigo_code,joho_shisu_decile,hizume_code,17,3175,73.26,13.69,66.76,False
KEIBAJO_SURFACE_10_芝_新馬,umakigo_code+kyakushitsu+kijun_ninkijun_tansho,umakigo_code,kyakushitsu,kijun_ninkijun_tansho,17,2467,72.01,11.03,66.76,False
KEIBAJO_SURFACE_10_芝_新馬,rotation_bin+class_code+kishu_minarai_code,rotation_bin,class_code,kishu_minarai_code,10,3814,72.17,8.75,66.75,False
KEIBAJO_SURFACE_10_芝_新馬,pace_yoso+kyori_kubun+manken_shirushi,pace_yoso,kyori_kubun,manken_shirushi,16,2192,72.42,11.56,66.75,False
KEIBAJO_SURFACE_10_芝_新馬,uma_deokure_bin+kyakushitsu+manken_shisu_decile,uma_deokure_bin,kyakushitsu,manken_shisu_decile,10,1174,73.72,11.28,66.73,False
KEIBAJO_SURFACE_10_芝_新馬,omo_tekisei_code+agari_shisu_juni+class_code,omo_tekisei_code,agari_shisu_juni,class_code,23,3324,71.75,12.31,66.72,False
KEIBAJO_SURFACE_10_芝_新馬,pace_yoso+joho_shisu_decile+kishu_minarai_code,pace_yoso,joho_shisu_decile,kishu_minarai_code,14,4805,72.14,10.37,66.71,False
KEIBAJO_SURFACE_10_芝_新馬,omo_tekisei_code+umakigo_code+ten_shisu_juni,omo_tekisei_code,umakigo_code,ten_shisu_juni,24,3749,71.49,11.94,66.71,False
KEIBAJO_SURFACE_10_芝_新馬,umakigo_code+chokyo_shisu_decile+class_code,umakigo_code,chokyo_shisu_decile,class_code,11,4060,71.59,8.3,66.69,False
KEIBAJO_SURFACE_10_芝_新馬,joho_shisu_decile+kyusha_shisu_decile+kishu_minarai_code,joho_shisu_decile,kyusha_shisu_decile,kishu_minarai_code,13,3483,74.36,14.17,66.66,False
KEIBAJO_SURFACE_10_芝_新馬,kyori_tekisei_2+umakigo_code+kyakushitsu,kyori_tekisei_2,umakigo_code,kyakushitsu,5,632,76.53,11.28,66.64,False
KEIBAJO_SURFACE_10_芝_新馬,pace_yoso+umakigo_code+ichi_shisu_juni,pace_yoso,umakigo_code,ichi_shisu_juni,22,4093,71.92,12.73,66.61,False
KEIBAJO_SURFACE_10_芝_新馬,kyori_kubun+kyakushitsu+class_code,kyori_kubun,kyakushitsu,class_code,12,4564,72.68,10.76,66.59,False
KEIBAJO_SURFACE_10_芝_新馬,kyori_kubun+omo_tekisei_code+manken_shisu_decile,kyori_kubun,omo_tekisei_code,manken_shisu_decile,23,3856,70.48,9.55,66.58,False
KEIBAJO_SURFACE_10_芝_新馬,kyori_kubun+kyori_tekisei+manken_shisu_decile,kyori_kubun,kyori_tekisei,manken_shisu_decile,16,3550,71.47,10.0,66.57,False
KEIBAJO_SURFACE_10_芝_新馬,omo_tekisei_code+umakigo_code+joho_shisu_decile,omo_tekisei_code,umakigo_code,joho_shisu_decile,14,4936,72.03,10.45,66.56,False
KEIBAJO_SURFACE_10_芝_新馬,rotation_bin+kyakushitsu+kishu_minarai_code,rotation_bin,kyakushitsu,kishu_minarai_code,17,3782,71.58,10.56,66.56,False
KEIBAJO_SURFACE_10_芝_新馬,pace_yoso+manken_shirushi+class_code,pace_yoso,manken_shirushi,class_code,13,2368,76.56,18.41,66.55,False
KEIBAJO_SURFACE_10_芝_新馬,pace_yoso+uma_deokure_bin+kijun_ninkijun_tansho,pace_yoso,uma_deokure_bin,kijun_ninkijun_tansho,9,1013,74.46,12.11,66.55,False
KEIBAJO_SURFACE_10_芝_新馬,umakigo_code+rotation_bin+joho_shisu_decile,umakigo_code,rotation_bin,joho_shisu_decile,20,3674,72.68,14.01,66.54,False
KEIBAJO_SURFACE_10_芝_新馬,kyori_kubun+umakigo_code+pace_shisu_juni,kyori_kubun,umakigo_code,pace_shisu_juni,26,4104,70.6,10.62,66.52,False
KEIBAJO_SURFACE_10_芝_新馬,kyori_kubun+ichi_shisu_juni+class_code,kyori_kubun,ichi_shisu_juni,class_code,24,3367,72.01,13.76,66.51,False
KEIBAJO_SURFACE_10_芝_新馬,umakigo_code+kyusha_shisu_decile+kijun_ninkijun_tansho,umakigo_code,kyusha_shisu_decile,kijun_ninkijun_tansho,9,1296,72.23,8.77,66.5,False
KEIBAJO_SURFACE_10_芝_新馬,pace_yoso+kyakushitsu+class_code,pace_yoso,kyakushitsu,class_code,10,4573,71.89,8.72,66.49,False
KEIBAJO_SURFACE_10_芝_新馬,agari_shisu_juni+class_code+kishu_minarai_code,agari_shisu_juni,class_code,kishu_minarai_code,15,3450,73.6,14.08,66.48,False
KEIBAJO_SURFACE_10_芝_新馬,umakigo_code+kyori_tekisei+chokyo_shisu_decile,umakigo_code,kyori_tekisei,chokyo_shisu_decile,26,4445,70.27,9.94,66.45,False
KEIBAJO_SURFACE_10_芝_新馬,class_code+ninki_shisu_decile+kishu_minarai_code,class_code,ninki_shisu_decile,kishu_minarai_code,10,3679,73.41,11.22,66.45,False
KEIBAJO_SURFACE_10_芝_新馬,pace_yoso+umakigo_code+chokyo_shisu_decile,pace_yoso,umakigo_code,chokyo_shisu_decile,18,4704,70.75,9.34,66.44,False
KEIBAJO_SURFACE_10_芝_新馬,umakigo_code+agari_shisu_juni+kyakushitsu,umakigo_code,agari_shisu_juni,kyakushitsu,21,2825,71.83,12.63,66.43,False
KEIBAJO_SURFACE_10_芝_新馬,umakigo_code+rotation_bin+kyakushitsu,umakigo_code,rotation_bin,kyakushitsu,19,4267,72.03,12.46,66.43,False
KEIBAJO_SURFACE_10_芝_新馬,manken_shirushi+umakigo_code+uma_start_shisu_decile,manken_shirushi,umakigo_code,uma_start_shisu_decile,8,963,74.9,12.22,66.43,False
KEIBAJO_SURFACE_10_芝_新馬,umakigo_code+rotation_bin+chokyo_shisu_decile,umakigo_code,rotation_bin,chokyo_shisu_decile,21,2585,70.86,10.38,66.42,False
KEIBAJO_SURFACE_10_芝_新馬,pace_yoso+ten_shisu_juni+kyori_tekisei,pace_yoso,ten_shisu_juni,kyori_tekisei,4,436,77.27,11.07,66.42,False
KEIBAJO_SURFACE_10_芝_新馬,kyori_kubun+kyusha_shisu_decile+kishu_minarai_code,kyori_kubun,kyusha_shisu_decile,kishu_minarai_code,18,4112,71.6,11.22,66.41,False
KEIBAJO_SURFACE_10_芝_新馬,kyori_kubun+manken_shirushi+manken_shisu_decile,kyori_kubun,manken_shirushi,manken_shisu_decile,6,898,75.8,11.74,66.4,False
KEIBAJO_SURFACE_10_芝_新馬,umakigo_code+joho_shisu_decile+kijun_ninkijun_tansho,umakigo_code,joho_shisu_decile,kijun_ninkijun_tansho,17,3101,72.06,11.95,66.38,False
KEIBAJO_SURFACE_10_芝_新馬,pace_yoso+manken_shirushi+kyakushitsu,pace_yoso,manken_shirushi,kyakushitsu,6,648,79.36,16.22,66.38,False
KEIBAJO_SURFACE_10_芝_新馬,kyori_kubun+kyori_tekisei+kyakushitsu,kyori_kubun,kyori_tekisei,kyakushitsu,16,4881,71.8,11.06,66.38,False
KEIBAJO_SURFACE_10_芝_新馬,rotation_bin+uma_start_shisu_decile+class_code,rotation_bin,uma_start_shisu_decile,class_code,13,2241,73.19,12.55,66.37,False
KEIBAJO_SURFACE_10_芝_新馬,kyori_kubun+rotation_bin+uma_start_shisu_decile,kyori_kubun,rotation_bin,uma_start_shisu_decile,9,1375,72.65,9.62,66.37,False
KEIBAJO_SURFACE_10_芝_新馬,kyusha_shisu_decile+class_code+kijun_ninkijun_tansho,kyusha_shisu_decile,class_code,kijun_ninkijun_tansho,8,994,72.97,9.52,66.37,False
KEIBAJO_SURFACE_10_芝_新馬,kyori_kubun+omo_tekisei_code+rotation_bin,kyori_kubun,omo_tekisei_code,rotation_bin,18,3894,71.56,11.26,66.36,False
KEIBAJO_SURFACE_10_芝_新馬,hizume_code+chokyo_shisu_decile+kishu_minarai_code,hizume_code,chokyo_shisu_decile,kishu_minarai_code,14,1641,74.03,14.66,66.35,False
KEIBAJO_SURFACE_10_芝_新馬,omo_tekisei_code+kyusha_shisu_decile+class_code,omo_tekisei_code,kyusha_shisu_decile,class_code,19,3979,71.65,11.81,66.34,False
KEIBAJO_SURFACE_10_芝_新馬,pace_yoso+umakigo_code+joho_shisu_decile,pace_yoso,umakigo_code,joho_shisu_decile,13,5097,71.02,8.61,66.34,False
KEIBAJO_SURFACE_10_芝_新馬,chokyo_shisu_decile+kyakushitsu+kishu_minarai_code,chokyo_shisu_decile,kyakushitsu,kishu_minarai_code,22,3466,72.17,13.95,66.34,False
KEIBAJO_SURFACE_10_芝_新馬,pace_yoso+class_code+manken_shisu_decile,pace_yoso,class_code,manken_shisu_decile,14,3927,71.82,10.47,66.33,False
KEIBAJO_SURFACE_10_芝_新馬,kyori_kubun+umakigo_code+ten_shisu_juni,kyori_kubun,umakigo_code,ten_shisu_juni,26,4012,71.22,12.74,66.32,False
KEIBAJO_SURFACE_10_芝_新馬,kyori_kubun+class_code+ninki_shisu_decile,kyori_kubun,class_code,ninki_shisu_decile,18,3941,71.58,11.46,66.29,False
KEIBAJO_SURFACE_10_芝_新馬,kyori_tekisei+kyusha_shisu_decile+class_code,kyori_tekisei,kyusha_shisu_decile,class_code,23,3720,71.92,13.8,66.28,False
KEIBAJO_SURFACE_10_芝_新馬,chokyo_shisu_decile+manken_shisu_decile+kishu_minarai_code,chokyo_shisu_decile,manken_shisu_decile,kishu_minarai_code,6,709,72.14,7.33,66.28,False
KEIBAJO_SURFACE_10_芝_新馬,uma_start_shisu_decile+class_code+kijun_ninkijun_tansho,uma_start_shisu_decile,class_code,kijun_ninkijun_tansho,7,847,75.55,12.52,66.27,False
KEIBAJO_SURFACE_10_芝_新馬,uma_start_shisu_decile+chokyo_shisu_decile+class_code,uma_start_shisu_decile,chokyo_shisu_decile,class_code,8,1210,70.78,6.54,66.24,False
KEIBAJO_SURFACE_10_芝_新馬,chokyo_shisu_decile+ninki_shisu_decile+kishu_minarai_code,chokyo_shisu_decile,ninki_shisu_decile,kishu_minarai_code,19,2809,73.25,15.6,66.24,False
KEIBAJO_SURFACE_10_芝_新馬,umakigo_code+uma_start_shisu_decile+kyakushitsu,umakigo_code,uma_start_shisu_decile,kyakushitsu,17,4302,70.87,9.76,66.23,False
KEIBAJO_SURFACE_10_芝_新馬,pace_yoso+kyori_kubun+pace_shisu_juni,pace_yoso,kyori_kubun,pace_shisu_juni,24,3103,71.16,12.34,66.22,False
KEIBAJO_SURFACE_10_芝_新馬,umakigo_code+kyori_tekisei+kyusha_shisu_decile,umakigo_code,kyori_tekisei,kyusha_shisu_decile,24,4411,72.12,14.79,66.21,False
KEIBAJO_SURFACE_10_芝_新馬,pace_yoso+class_code+ninki_shisu_decile,pace_yoso,class_code,ninki_shisu_decile,17,4182,71.65,11.45,66.21,False
KEIBAJO_SURFACE_10_芝_新馬,uma_deokure_bin+umakigo_code+class_code,uma_deokure_bin,umakigo_code,class_code,10,4625,70.57,7.04,66.21,False
KEIBAJO_SURFACE_10_芝_新馬,omo_tekisei_code+kyusha_shisu_decile+kishu_minarai_code,omo_tekisei_code,kyusha_shisu_decile,kishu_minarai_code,18,4081,71.23,10.92,66.19,False
KEIBAJO_SURFACE_10_芝_新馬,pace_yoso+kijun_ninkijun_tansho+kishu_minarai_code,pace_yoso,kijun_ninkijun_tansho,kishu_minarai_code,21,3897,75.04,20.71,66.18,False
KEIBAJO_SURFACE_10_芝_新馬,pace_yoso+ichi_shisu_juni+class_code,pace_yoso,ichi_shisu_juni,class_code,20,3392,71.96,13.18,66.18,False
KEIBAJO_SURFACE_10_芝_新馬,chokyo_shisu_decile+kijun_ninkijun_tansho+kishu_minarai_code,chokyo_shisu_decile,kijun_ninkijun_tansho,kishu_minarai_code,7,1148,75.63,12.75,66.18,False
KEIBAJO_SURFACE_10_芝_新馬,kyori_tekisei+kyusha_shisu_decile+chokyo_shisu_decile,kyori_tekisei,kyusha_shisu_decile,chokyo_shisu_decile,3,396,71.21,4.46,66.16,False
KEIBAJO_SURFACE_10_芝_新馬,uma_deokure_bin+class_code+manken_shisu_decile,uma_deokure_bin,class_code,manken_shisu_decile,15,2670,70.63,8.88,66.14,False
KEIBAJO_SURFACE_10_芝_新馬,omo_tekisei_code+umakigo_code+kyusha_shisu_decile,omo_tekisei_code,umakigo_code,kyusha_shisu_decile,18,4367,71.35,11.29,66.14,False
KEIBAJO_SURFACE_10_芝_新馬,pace_yoso+kyakushitsu+kijun_ninkijun_tansho,pace_yoso,kyakushitsu,kijun_ninkijun_tansho,14,1607,73.1,13.31,66.12,False
KEIBAJO_SURFACE_10_芝_新馬,pace_yoso+kyori_kubun+ten_shisu_juni,pace_yoso,kyori_kubun,ten_shisu_juni,24,3044,71.47,13.36,66.12,False
KEIBAJO_SURFACE_10_芝_新馬,umakigo_code+rotation_bin+hizume_code,umakigo_code,rotation_bin,hizume_code,15,2613,71.13,9.92,66.11,False
KEIBAJO_SURFACE_10_芝_新馬,pace_yoso+kyakushitsu+manken_shisu_decile,pace_yoso,kyakushitsu,manken_shisu_decile,16,2650,71.44,10.9,66.1,False
KEIBAJO_SURFACE_10_芝_新馬,ichi_shisu_juni+class_code+kishu_minarai_code,ichi_shisu_juni,class_code,kishu_minarai_code,14,3292,71.9,11.09,66.09,False
KEIBAJO_SURFACE_10_芝_新馬,kyori_kubun+ten_shisu_juni+kishu_minarai_code,kyori_kubun,ten_shisu_juni,kishu_minarai_code,25,3598,71.73,14.42,66.08,False
KEIBAJO_SURFACE_10_芝_新馬,pace_yoso+class_code+kijun_ninkijun_tansho,pace_yoso,class_code,kijun_ninkijun_tansho,20,3605,70.86,10.89,66.08,False
KEIBAJO_SURFACE_10_芝_新馬,umakigo_code+ninki_shisu_decile+manken_shisu_decile,umakigo_code,ninki_shisu_decile,manken_shisu_decile,11,1442,76.09,16.94,66.08,False
KEIBAJO_SURFACE_10_芝_新馬,kyori_kubun+umakigo_code+kyakushitsu,kyori_kubun,umakigo_code,kyakushitsu,11,4974,73.18,12.03,66.07,False
KEIBAJO_SURFACE_10_芝_新馬,umakigo_code+kyori_tekisei+kyakushitsu,umakigo_code,kyori_tekisei,kyakushitsu,12,4779,70.23,7.36,66.06,False
KEIBAJO_SURFACE_10_芝_新馬,manken_shirushi+uma_start_shisu_decile+class_code,manken_shirushi,uma_start_shisu_decile,class_code,6,676,75.94,12.35,66.06,False
KEIBAJO_SURFACE_10_芝_新馬,uma_deokure_bin+chokyo_shisu_decile+kishu_minarai_code,uma_deokure_bin,chokyo_shisu_decile,kishu_minarai_code,16,2686,72.11,12.38,66.05,False
KEIBAJO_SURFACE_10_芝_新馬,kyori_kubun+rotation_bin+hizume_code,kyori_kubun,rotation_bin,hizume_code,11,1351,73.22,12.13,66.05,False
KEIBAJO_SURFACE_10_芝_新馬,umakigo_code+agari_shisu_juni+class_code,umakigo_code,agari_shisu_juni,class_code,15,3758,71.74,11.26,66.04,False
KEIBAJO_SURFACE_10_芝_新馬,umakigo_code+rotation_bin+manken_shisu_decile,umakigo_code,rotation_bin,manken_shisu_decile,20,2929,71.39,12.28,66.01,False
KEIBAJO_SURFACE_10_芝_新馬,umakigo_code+class_code+kishu_minarai_code,umakigo_code,class_code,kishu_minarai_code,8,4883,71.24,7.55,66.01,False
KEIBAJO_SURFACE_10_芝_新馬,pace_yoso+kyori_kubun+manken_shisu_decile,pace_yoso,kyori_kubun,manken_shisu_decile,19,3923,72.09,13.52,66.01,False
KEIBAJO_SURFACE_10_芝_新馬,pace_yoso+kyori_kubun+class_code,pace_yoso,kyori_kubun,class_code,10,4947,71.92,9.53,66.01,False
KEIBAJO_SURFACE_10_芝_新馬,uma_start_shisu_decile+joho_shisu_decile+kyori_tekisei,uma_start_shisu_decile,joho_shisu_decile,kyori_tekisei,10,1606,71.44,8.8,65.98,False
KEIBAJO_SURFACE_10_芝_新馬,pace_yoso+omo_tekisei_code+kishu_minarai_code,pace_yoso,omo_tekisei_code,kishu_minarai_code,10,4968,71.53,8.97,65.97,False
KEIBAJO_SURFACE_10_芝_新馬,pace_yoso+rotation_bin+kyakushitsu,pace_yoso,rotation_bin,kyakushitsu,20,3598,71.32,12.2,65.97,False
KEIBAJO_SURFACE_10_芝_新馬,kyusha_shisu_decile+kijun_ninkijun_tansho+kishu_minarai_code,kyusha_shisu_decile,kijun_ninkijun_tansho,kishu_minarai_code,6,934,74.85,11.1,65.97,False
KEIBAJO_SURFACE_10_芝_新馬,pace_yoso+chokyo_shisu_decile+kyakushitsu,pace_yoso,chokyo_shisu_decile,kyakushitsu,19,2642,72.23,13.98,65.94,False
KEIBAJO_SURFACE_10_芝_新馬,pace_yoso+omo_tekisei_code+ichi_shisu_juni,pace_yoso,omo_tekisei_code,ichi_shisu_juni,22,2759,72.31,15.27,65.93,False
KEIBAJO_SURFACE_10_芝_新馬,omo_tekisei_code+kyori_tekisei+class_code,omo_tekisei_code,kyori_tekisei,class_code,10,4277,70.97,8.14,65.93,False
KEIBAJO_SURFACE_10_芝_新馬,pace_yoso+kyori_tekisei+ninki_shisu_decile,pace_yoso,kyori_tekisei,ninki_shisu_decile,22,3162,70.64,11.27,65.93,False
KEIBAJO_SURFACE_10_芝_新馬,kyori_kubun+omo_tekisei_code+kishu_minarai_code,kyori_kubun,omo_tekisei_code,kishu_minarai_code,10,4781,71.24,8.58,65.92,False
KEIBAJO_SURFACE_10_芝_新馬,omo_tekisei_code+umakigo_code+class_code,omo_tekisei_code,umakigo_code,class_code,8,4946,71.16,7.56,65.92,False
KEIBAJO_SURFACE_10_芝_新馬,uma_deokure_bin+hizume_code+class_code,uma_deokure_bin,hizume_code,class_code,16,2871,70.74,9.85,65.91,False
KEIBAJO_SURFACE_10_芝_新馬,kyori_kubun+ninki_shisu_decile+kishu_minarai_code,kyori_kubun,ninki_shisu_decile,kishu_minarai_code,17,4012,71.36,11.53,65.88,False
KEIBAJO_SURFACE_10_芝_新馬,kyori_kubun+umakigo_code+ichi_shisu_juni,kyori_kubun,umakigo_code,ichi_shisu_juni,25,3974,70.8,12.56,65.88,False
KEIBAJO_SURFACE_10_芝_新馬,pace_yoso+ten_shisu_juni+class_code,pace_yoso,ten_shisu_juni,class_code,18,3156,71.03,11.18,65.87,False
KEIBAJO_SURFACE_10_芝_新馬,class_code+kijun_ninkijun_tansho+ninki_shisu_decile,class_code,kijun_ninkijun_tansho,ninki_shisu_decile,15,2327,72.6,13.3,65.87,False
KEIBAJO_SURFACE_10_芝_新馬,umakigo_code+ninki_shisu_decile+kishu_minarai_code,umakigo_code,ninki_shisu_decile,kishu_minarai_code,9,3994,70.95,7.8,65.85,False
KEIBAJO_SURFACE_10_芝_新馬,omo_tekisei_code+rotation_bin+uma_start_shisu_decile,omo_tekisei_code,rotation_bin,uma_start_shisu_decile,9,1338,74.01,12.55,65.81,False
KEIBAJO_SURFACE_10_芝_新馬,rotation_bin+uma_start_shisu_decile+kyori_tekisei,rotation_bin,uma_start_shisu_decile,kyori_tekisei,8,982,72.11,9.1,65.81,False
KEIBAJO_SURFACE_10_芝_新馬,pace_yoso+kyori_kubun+ichi_shisu_juni,pace_yoso,kyori_kubun,ichi_shisu_juni,23,2989,72.24,15.77,65.8,False
KEIBAJO_SURFACE_10_芝_新馬,pace_yoso+ninki_shisu_decile+kishu_minarai_code,pace_yoso,ninki_shisu_decile,kishu_minarai_code,17,4352,71.98,13.02,65.8,False
KEIBAJO_SURFACE_10_芝_新馬,umakigo_code+ichi_shisu_juni+class_code,umakigo_code,ichi_shisu_juni,class_code,15,3699,71.62,11.56,65.77,False
KEIBAJO_SURFACE_10_芝_新馬,omo_tekisei_code+umakigo_code+pace_shisu_juni,omo_tekisei_code,umakigo_code,pace_shisu_juni,25,3904,70.53,12.16,65.76,False
KEIBAJO_SURFACE_10_芝_新馬,omo_tekisei_code+manken_shirushi+manken_shisu_decile,omo_tekisei_code,manken_shirushi,manken_shisu_decile,6,865,74.35,10.77,65.73,False
KEIBAJO_SURFACE_10_芝_新馬,kyori_kubun+umakigo_code+manken_shisu_decile,kyori_kubun,umakigo_code,manken_shisu_decile,15,4278,69.37,7.24,65.71,False
KEIBAJO_SURFACE_10_芝_新馬,pace_yoso+ichi_shisu_juni+kyakushitsu,pace_yoso,ichi_shisu_juni,kyakushitsu,15,2049,73.73,15.84,65.71,False
KEIBAJO_SURFACE_10_芝_新馬,pace_yoso+kyori_tekisei+kijun_ninkijun_tansho,pace_yoso,kyori_tekisei,kijun_ninkijun_tansho,13,1455,71.67,11.0,65.69,False
KEIBAJO_SURFACE_10_芝_新馬,pace_yoso+umakigo_code+ninki_shisu_decile,pace_yoso,umakigo_code,ninki_shisu_decile,17,4681,69.92,8.91,65.68,False
KEIBAJO_SURFACE_10_芝_新馬,omo_tekisei_code+joho_shisu_decile+kyori_tekisei,omo_tekisei_code,joho_shisu_decile,kyori_tekisei,15,3236,71.52,11.55,65.68,False
KEIBAJO_SURFACE_10_芝_新馬,uma_deokure_bin+omo_tekisei_code+class_code,uma_deokure_bin,omo_tekisei_code,class_code,13,4339,69.9,7.76,65.68,False
KEIBAJO_SURFACE_10_芝_新馬,uma_deokure_bin+umakigo_code+kijun_ninkijun_tansho,uma_deokure_bin,umakigo_code,kijun_ninkijun_tansho,17,2334,70.9,11.0,65.67,False
KEIBAJO_SURFACE_10_芝_新馬,uma_deokure_bin+pace_shisu_juni+class_code,uma_deokure_bin,pace_shisu_juni,class_code,12,1416,72.88,12.74,65.67,False
KEIBAJO_SURFACE_10_芝_新馬,kijun_ninkijun_tansho+ninki_shisu_decile+kishu_minarai_code,kijun_ninkijun_tansho,ninki_shisu_decile,kishu_minarai_code,13,2276,72.57,12.71,65.66,False
KEIBAJO_SURFACE_10_芝_新馬,kyori_kubun+omo_tekisei_code+kyakushitsu,kyori_kubun,omo_tekisei_code,kyakushitsu,16,4715,70.13,9.14,65.65,False
KEIBAJO_SURFACE_10_芝_新馬,joho_shisu_decile+class_code+kijun_ninkijun_tansho,joho_shisu_decile,class_code,kijun_ninkijun_tansho,16,2663,72.02,13.05,65.62,False
KEIBAJO_SURFACE_10_芝_新馬,kyori_tekisei+ninki_shisu_decile+kishu_minarai_code,kyori_tekisei,ninki_shisu_decile,kishu_minarai_code,24,4020,70.19,11.44,65.61,False
KEIBAJO_SURFACE_10_芝_新馬,umakigo_code+hizume_code+kishu_minarai_code,umakigo_code,hizume_code,kishu_minarai_code,9,3920,72.61,10.72,65.61,False
KEIBAJO_SURFACE_10_芝_新馬,pace_yoso+rotation_bin+joho_shisu_decile,pace_yoso,rotation_bin,joho_shisu_decile,10,2297,69.47,6.25,65.6,False
KEIBAJO_SURFACE_10_芝_新馬,kyori_kubun+kyori_tekisei+chokyo_shisu_decile,kyori_kubun,kyori_tekisei,chokyo_shisu_decile,19,3384,70.89,11.78,65.59,False
KEIBAJO_SURFACE_10_芝_新馬,omo_tekisei_code+umakigo_code+agari_shisu_juni,omo_tekisei_code,umakigo_code,agari_shisu_juni,24,3812,70.58,12.52,65.57,False
KEIBAJO_SURFACE_10_芝_新馬,uma_deokure_bin+chokyo_shisu_decile+class_code,uma_deokure_bin,chokyo_shisu_decile,class_code,17,2553,70.8,11.01,65.56,False
KEIBAJO_SURFACE_10_芝_新馬,umakigo_code+rotation_bin+class_code,umakigo_code,rotation_bin,class_code,10,4166,72.24,10.79,65.55,False
KEIBAJO_SURFACE_10_芝_新馬,kyori_tekisei_2+kyori_tekisei+kyakushitsu,kyori_tekisei_2,kyori_tekisei,kyakushitsu,5,635,76.08,12.08,65.5,False
KEIBAJO_SURFACE_10_芝_新馬,joho_shisu_decile+kyakushitsu+kishu_minarai_code,joho_shisu_decile,kyakushitsu,kishu_minarai_code,18,4232,72.15,14.45,65.48,False
KEIBAJO_SURFACE_10_芝_新馬,pace_yoso+kyori_kubun+ninki_shisu_decile,pace_yoso,kyori_kubun,ninki_shisu_decile,17,3512,70.67,10.94,65.47,False
KEIBAJO_SURFACE_10_芝_新馬,pace_yoso+rotation_bin+uma_start_shisu_decile,pace_yoso,rotation_bin,uma_start_shisu_decile,14,2094,70.28,9.18,65.47,False
KEIBAJO_SURFACE_10_芝_新馬,pace_yoso+agari_shisu_juni+kyori_tekisei,pace_yoso,agari_shisu_juni,kyori_tekisei,5,551,75.81,11.79,65.47,False
KEIBAJO_SURFACE_10_芝_新馬,uma_deokure_bin+omo_tekisei_code+rotation_bin,uma_deokure_bin,omo_tekisei_code,rotation_bin,16,2583,72.79,15.05,65.42,False
KEIBAJO_SURFACE_10_芝_新馬,kyori_kubun+umakigo_code+kyusha_shisu_decile,kyori_kubun,umakigo_code,kyusha_shisu_decile,18,4441,71.09,12.36,65.38,False
KEIBAJO_SURFACE_10_芝_新馬,kyori_kubun+uma_start_shisu_decile+kyusha_shisu_decile,kyori_kubun,uma_start_shisu_decile,kyusha_shisu_decile,6,736,75.0,12.03,65.38,False
KEIBAJO_SURFACE_10_芝_新馬,umakigo_code+kyusha_shisu_decile+kyakushitsu,umakigo_code,kyusha_shisu_decile,kyakushitsu,23,3979,70.88,13.48,65.37,False
KEIBAJO_SURFACE_10_芝_新馬,uma_deokure_bin+kijun_ninkijun_tansho+kishu_minarai_code,uma_deokure_bin,kijun_ninkijun_tansho,kishu_minarai_code,17,2240,70.62,11.06,65.36,False
KEIBAJO_SURFACE_10_芝_新馬,joho_shisu_decile+kyori_tekisei+kyusha_shisu_decile,joho_shisu_decile,kyori_tekisei,kyusha_shisu_decile,16,2711,73.4,16.4,65.36,False
KEIBAJO_SURFACE_10_芝_新馬,kyori_tekisei+kyusha_shisu_decile+kishu_minarai_code,kyori_tekisei,kyusha_shisu_decile,kishu_minarai_code,23,3894,71.72,15.57,65.35,False
KEIBAJO_SURFACE_10_芝_新馬,uma_deokure_bin+umakigo_code+joho_shisu_decile,uma_deokure_bin,umakigo_code,joho_shisu_decile,17,4292,71.26,12.47,65.33,False
KEIBAJO_SURFACE_10_芝_新馬,pace_yoso+omo_tekisei_code+agari_shisu_juni,pace_yoso,omo_tekisei_code,agari_shisu_juni,21,2685,70.39,11.86,65.32,False
KEIBAJO_SURFACE_10_芝_新馬,pace_yoso+kyori_tekisei+chokyo_shisu_decile,pace_yoso,kyori_tekisei,chokyo_shisu_decile,22,3048,70.5,12.49,65.28,False
KEIBAJO_SURFACE_10_芝_新馬,umakigo_code+hizume_code+kyakushitsu,umakigo_code,hizume_code,kyakushitsu,20,4030,70.49,11.91,65.27,False
KEIBAJO_SURFACE_10_芝_新馬,umakigo_code+hizume_code+chokyo_shisu_decile,umakigo_code,hizume_code,chokyo_shisu_decile,18,2136,71.61,13.76,65.25,False
KEIBAJO_SURFACE_10_芝_新馬,umakigo_code+kijun_ninkijun_tansho+ninki_shisu_decile,umakigo_code,kijun_ninkijun_tansho,ninki_shisu_decile,16,2731,70.98,11.69,65.25,False
KEIBAJO_SURFACE_10_芝_新馬,joho_shisu_decile+class_code+ninki_shisu_decile,joho_shisu_decile,class_code,ninki_shisu_decile,19,3799,71.53,14.05,65.21,False
KEIBAJO_SURFACE_10_芝_新馬,pace_yoso+omo_tekisei_code+joho_shisu_decile,pace_yoso,omo_tekisei_code,joho_shisu_decile,17,4549,71.76,13.81,65.19,False
KEIBAJO_SURFACE_10_芝_新馬,kyori_kubun+umakigo_code+joho_shisu_decile,kyori_kubun,umakigo_code,joho_shisu_decile,15,5027,70.28,10.06,65.19,False
KEIBAJO_SURFACE_10_芝_新馬,pace_yoso+joho_shisu_decile+kyusha_shisu_decile,pace_yoso,joho_shisu_decile,kyusha_shisu_decile,15,3493,73.98,17.4,65.18,False
KEIBAJO_SURFACE_10_芝_新馬,umakigo_code+class_code+manken_shisu_decile,umakigo_code,class_code,manken_shisu_decile,8,3724,69.83,6.72,65.17,False
KEIBAJO_SURFACE_10_芝_新馬,umakigo_code+rotation_bin+ninki_shisu_decile,umakigo_code,rotation_bin,ninki_shisu_decile,23,2859,70.39,12.81,65.16,False
KEIBAJO_SURFACE_10_芝_新馬,kyori_kubun+kyori_tekisei+kijun_ninkijun_tansho,kyori_kubun,kyori_tekisei,kijun_ninkijun_tansho,20,2759,70.55,12.34,65.14,False
KEIBAJO_SURFACE_10_芝_新馬,kyori_kubun+ten_shisu_juni+class_code,kyori_kubun,ten_shisu_juni,class_code,24,3326,71.19,15.19,65.11,False
KEIBAJO_SURFACE_10_芝_新馬,ten_shisu_juni+kyori_tekisei+class_code,ten_shisu_juni,kyori_tekisei,class_code,17,1959,72.22,15.01,65.09,False
KEIBAJO_SURFACE_10_芝_新馬,umakigo_code+kyori_tekisei+class_code,umakigo_code,kyori_tekisei,class_code,11,4791,70.09,8.45,65.09,False
KEIBAJO_SURFACE_10_芝_新馬,pace_yoso+omo_tekisei_code+ten_shisu_juni,pace_yoso,omo_tekisei_code,ten_shisu_juni,21,2640,70.72,13.21,65.07,False
KEIBAJO_SURFACE_10_芝_新馬,umakigo_code+joho_shisu_decile+kyakushitsu,umakigo_code,joho_shisu_decile,kyakushitsu,19,4669,70.62,12.35,65.06,False
KEIBAJO_SURFACE_10_芝_新馬,kyori_kubun+kyusha_shisu_decile+class_code,kyori_kubun,kyusha_shisu_decile,class_code,18,3921,70.93,12.72,65.06,False
KEIBAJO_SURFACE_10_芝_新馬,umakigo_code+kyusha_shisu_decile+kishu_minarai_code,umakigo_code,kyusha_shisu_decile,kishu_minarai_code,9,3985,70.71,8.73,65.01,False
KEIBAJO_SURFACE_10_芝_新馬,pace_yoso+joho_shisu_decile+chokyo_shisu_decile,pace_yoso,joho_shisu_decile,chokyo_shisu_decile,18,3670,70.11,11.07,65.0,False
KEIBAJO_SURFACE_10_芝_新馬,joho_shisu_decile+class_code+kishu_minarai_code,joho_shisu_decile,class_code,kishu_minarai_code,10,4395,71.05,9.78,64.99,False
KEIBAJO_SURFACE_10_芝_新馬,umakigo_code+chokyo_shisu_decile+kijun_ninkijun_tansho,umakigo_code,chokyo_shisu_decile,kijun_ninkijun_tansho,9,1391,73.11,12.43,64.99,False
KEIBAJO_SURFACE_10_芝_新馬,omo_tekisei_code+ten_shisu_juni+class_code,omo_tekisei_code,ten_shisu_juni,class_code,24,3291,71.35,15.93,64.98,False
KEIBAJO_SURFACE_10_芝_新馬,kyori_kubun+joho_shisu_decile+kyusha_shisu_decile,kyori_kubun,joho_shisu_decile,kyusha_shisu_decile,15,3097,71.17,12.25,64.97,False
KEIBAJO_SURFACE_10_芝_新馬,pace_yoso+kyori_tekisei+kyusha_shisu_decile,pace_yoso,kyori_tekisei,kyusha_shisu_decile,21,3125,70.26,12.44,64.94,False
KEIBAJO_SURFACE_10_芝_新馬,pace_yoso+pace_shisu_juni+class_code,pace_yoso,pace_shisu_juni,class_code,18,3199,70.36,11.75,64.94,False
KEIBAJO_SURFACE_10_芝_新馬,uma_deokure_bin+ichi_shisu_juni+kyakushitsu,uma_deokure_bin,ichi_shisu_juni,kyakushitsu,3,375,67.74,2.48,64.93,False
KEIBAJO_SURFACE_10_芝_新馬,pace_yoso+uma_deokure_bin+chokyo_shisu_decile,pace_yoso,uma_deokure_bin,chokyo_shisu_decile,16,2185,71.66,13.77,64.91,False
KEIBAJO_SURFACE_10_芝_新馬,uma_deokure_bin+class_code+kijun_ninkijun_tansho,uma_deokure_bin,class_code,kijun_ninkijun_tansho,13,1608,71.09,11.4,64.9,False
KEIBAJO_SURFACE_10_芝_新馬,kyori_tekisei_2+omo_tekisei_code+kyori_tekisei,kyori_tekisei_2,omo_tekisei_code,kyori_tekisei,4,683,70.17,5.38,64.89,False
KEIBAJO_SURFACE_10_芝_新馬,kyusha_shisu_decile+kyakushitsu+class_code,kyusha_shisu_decile,kyakushitsu,class_code,21,3350,71.1,14.54,64.88,False
KEIBAJO_SURFACE_10_芝_新馬,kyori_tekisei_2+omo_tekisei_code+kishu_minarai_code,kyori_tekisei_2,omo_tekisei_code,kishu_minarai_code,4,605,70.67,5.93,64.87,False
KEIBAJO_SURFACE_10_芝_新馬,kyori_tekisei+class_code+ninki_shisu_decile,kyori_tekisei,class_code,ninki_shisu_decile,21,3578,70.09,12.27,64.84,False
KEIBAJO_SURFACE_10_芝_新馬,kyusha_shisu_decile+kyakushitsu+kishu_minarai_code,kyusha_shisu_decile,kyakushitsu,kishu_minarai_code,22,3623,70.41,13.4,64.81,False
KEIBAJO_SURFACE_10_芝_新馬,kyori_tekisei+kyakushitsu+class_code,kyori_tekisei,kyakushitsu,class_code,12,4146,69.69,8.67,64.79,False
KEIBAJO_SURFACE_10_芝_新馬,pace_yoso+kijun_ninkijun_tansho+ninki_shisu_decile,pace_yoso,kijun_ninkijun_tansho,ninki_shisu_decile,13,1811,71.72,12.77,64.78,False
KEIBAJO_SURFACE_10_芝_新馬,omo_tekisei_code+kijun_ninkijun_tansho+ninki_shisu_decile,omo_tekisei_code,kijun_ninkijun_tansho,ninki_shisu_decile,9,1142,74.68,15.15,64.78,False
KEIBAJO_SURFACE_10_芝_新馬,kyori_kubun+kijun_ninkijun_tansho+ninki_shisu_decile,kyori_kubun,kijun_ninkijun_tansho,ninki_shisu_decile,10,1246,74.3,15.39,64.76,False
KEIBAJO_SURFACE_10_芝_新馬,omo_tekisei_code+kyori_tekisei+kyusha_shisu_decile,omo_tekisei_code,kyori_tekisei,kyusha_shisu_decile,17,2276,70.92,12.96,64.76,False
KEIBAJO_SURFACE_10_芝_新馬,uma_deokure_bin+omo_tekisei_code+agari_shisu_juni,uma_deokure_bin,omo_tekisei_code,agari_shisu_juni,3,314,82.56,15.74,64.74,False
KEIBAJO_SURFACE_10_芝_新馬,pace_yoso+joho_shisu_decile+kyakushitsu,pace_yoso,joho_shisu_decile,kyakushitsu,17,3907,70.89,12.95,64.73,False
KEIBAJO_SURFACE_10_芝_新馬,umakigo_code+uma_start_shisu_decile+agari_shisu_juni,umakigo_code,uma_start_shisu_decile,agari_shisu_juni,11,1199,73.53,14.92,64.72,False
KEIBAJO_SURFACE_10_芝_新馬,umakigo_code+joho_shisu_decile+kyusha_shisu_decile,umakigo_code,joho_shisu_decile,kyusha_shisu_decile,19,4380,70.81,13.63,64.69,False
KEIBAJO_SURFACE_10_芝_新馬,kyori_kubun+uma_start_shisu_decile+hizume_code,kyori_kubun,uma_start_shisu_decile,hizume_code,7,1098,73.66,12.13,64.67,False
KEIBAJO_SURFACE_10_芝_新馬,class_code+manken_shisu_decile+kishu_minarai_code,class_code,manken_shisu_decile,kishu_minarai_code,8,3423,69.96,7.63,64.67,False
KEIBAJO_SURFACE_10_芝_新馬,kyori_tekisei_2+kyori_kubun+class_code,kyori_tekisei_2,kyori_kubun,class_code,3,587,72.4,6.85,64.65,False
KEIBAJO_SURFACE_10_芝_新馬,kyori_kubun+manken_shisu_decile+kishu_minarai_code,kyori_kubun,manken_shisu_decile,kishu_minarai_code,14,3864,70.57,11.35,64.63,False
KEIBAJO_SURFACE_10_芝_新馬,uma_deokure_bin+umakigo_code+kyakushitsu,uma_deokure_bin,umakigo_code,kyakushitsu,16,4702,69.81,10.56,64.63,False
KEIBAJO_SURFACE_10_芝_新馬,omo_tekisei_code+joho_shisu_decile+kyusha_shisu_decile,omo_tekisei_code,joho_shisu_decile,kyusha_shisu_decile,15,3103,70.32,11.27,64.61,False
KEIBAJO_SURFACE_10_芝_新馬,manken_shirushi+umakigo_code+joho_shisu_decile,manken_shirushi,umakigo_code,joho_shisu_decile,8,1258,73.77,13.26,64.58,False
KEIBAJO_SURFACE_10_芝_新馬,chokyo_shisu_decile+class_code+kijun_ninkijun_tansho,chokyo_shisu_decile,class_code,kijun_ninkijun_tansho,7,968,72.92,11.25,64.58,False
KEIBAJO_SURFACE_10_芝_新馬,uma_deokure_bin+umakigo_code+hizume_code,uma_deokure_bin,umakigo_code,hizume_code,19,3577,70.3,12.73,64.57,False
KEIBAJO_SURFACE_10_芝_新馬,umakigo_code+chokyo_shisu_decile+kyakushitsu,umakigo_code,chokyo_shisu_decile,kyakushitsu,23,3803,70.65,14.95,64.55,False
KEIBAJO_SURFACE_10_芝_新馬,joho_shisu_decile+kyusha_shisu_decile+kijun_ninkijun_tansho,joho_shisu_decile,kyusha_shisu_decile,kijun_ninkijun_tansho,3,572,76.19,10.31,64.53,False
KEIBAJO_SURFACE_10_芝_新馬,omo_tekisei_code+hizume_code+manken_shisu_decile,omo_tekisei_code,hizume_code,manken_shisu_decile,6,635,79.1,18.24,64.51,False
KEIBAJO_SURFACE_10_芝_新馬,umakigo_code+class_code+kijun_ninkijun_tansho,umakigo_code,class_code,kijun_ninkijun_tansho,14,3788,69.44,9.47,64.48,False
KEIBAJO_SURFACE_10_芝_新馬,pace_yoso+kyusha_shisu_decile+kishu_minarai_code,pace_yoso,kyusha_shisu_decile,kishu_minarai_code,15,4177,71.07,13.07,64.45,False
KEIBAJO_SURFACE_10_芝_新馬,kyori_kubun+omo_tekisei_code+ninki_shisu_decile,kyori_kubun,omo_tekisei_code,ninki_shisu_decile,31,4246,69.28,13.74,64.44,False
KEIBAJO_SURFACE_10_芝_新馬,pace_yoso+joho_shisu_decile+ninki_shisu_decile,pace_yoso,joho_shisu_decile,ninki_shisu_decile,19,3554,69.73,11.75,64.44,False
KEIBAJO_SURFACE_10_芝_新馬,rotation_bin+ninki_shisu_decile+kishu_minarai_code,rotation_bin,ninki_shisu_decile,kishu_minarai_code,20,2347,70.71,14.34,64.43,False
KEIBAJO_SURFACE_10_芝_新馬,umakigo_code+kyusha_shisu_decile+manken_shisu_decile,umakigo_code,kyusha_shisu_decile,manken_shisu_decile,11,1330,71.95,12.74,64.43,False
KEIBAJO_SURFACE_10_芝_新馬,pace_yoso+kyori_kubun+kyusha_shisu_decile,pace_yoso,kyori_kubun,kyusha_shisu_decile,22,4060,70.13,13.66,64.42,False
KEIBAJO_SURFACE_10_芝_新馬,pace_yoso+joho_shisu_decile+kijun_ninkijun_tansho,pace_yoso,joho_shisu_decile,kijun_ninkijun_tansho,15,2343,72.84,16.65,64.41,False
KEIBAJO_SURFACE_10_芝_新馬,kyori_kubun+chokyo_shisu_decile+class_code,kyori_kubun,chokyo_shisu_decile,class_code,19,3911,69.29,10.86,64.41,False
KEIBAJO_SURFACE_10_芝_新馬,joho_shisu_decile+chokyo_shisu_decile+class_code,joho_shisu_decile,chokyo_shisu_decile,class_code,19,4040,69.47,11.29,64.39,False
KEIBAJO_SURFACE_10_芝_新馬,kyori_kubun+umakigo_code+ninki_shisu_decile,kyori_kubun,umakigo_code,ninki_shisu_decile,18,4464,68.64,9.33,64.33,False
KEIBAJO_SURFACE_10_芝_新馬,kyori_kubun+kyori_tekisei+ninki_shisu_decile,kyori_kubun,kyori_tekisei,ninki_shisu_decile,17,3303,69.42,10.73,64.32,False
KEIBAJO_SURFACE_10_芝_新馬,kyori_kubun+umakigo_code+class_code,kyori_kubun,umakigo_code,class_code,9,5018,70.15,8.93,64.32,False
KEIBAJO_SURFACE_10_芝_新馬,kyori_kubun+uma_start_shisu_decile+manken_shisu_decile,kyori_kubun,uma_start_shisu_decile,manken_shisu_decile,8,1032,73.06,12.62,64.32,False
KEIBAJO_SURFACE_10_芝_新馬,umakigo_code+kyakushitsu+ninki_shisu_decile,umakigo_code,kyakushitsu,ninki_shisu_decile,23,3974,69.11,11.75,64.3,False
KEIBAJO_SURFACE_10_芝_新馬,umakigo_code+chokyo_shisu_decile+kishu_minarai_code,umakigo_code,chokyo_shisu_decile,kishu_minarai_code,10,4066,70.75,10.43,64.28,False
KEIBAJO_SURFACE_10_芝_新馬,kyori_kubun+chokyo_shisu_decile+kishu_minarai_code,kyori_kubun,chokyo_shisu_decile,kishu_minarai_code,20,4203,70.65,14.63,64.24,False
KEIBAJO_SURFACE_10_芝_新馬,pace_yoso+chokyo_shisu_decile+kijun_ninkijun_tansho,pace_yoso,chokyo_shisu_decile,kijun_ninkijun_tansho,6,792,77.45,16.58,64.19,False
KEIBAJO_SURFACE_10_芝_新馬,rotation_bin+uma_start_shisu_decile+joho_shisu_decile,rotation_bin,uma_start_shisu_decile,joho_shisu_decile,5,727,72.5,9.51,64.16,False
KEIBAJO_SURFACE_10_芝_新馬,kyori_kubun+class_code+kijun_ninkijun_tansho,kyori_kubun,class_code,kijun_ninkijun_tansho,22,3427,69.15,11.97,64.15,False
KEIBAJO_SURFACE_10_芝_新馬,rotation_bin+kyakushitsu+class_code,rotation_bin,kyakushitsu,class_code,16,3495,69.91,11.76,64.15,False
KEIBAJO_SURFACE_10_芝_新馬,omo_tekisei_code+uma_start_shisu_decile+kyusha_shisu_decile,omo_tekisei_code,uma_start_shisu_decile,kyusha_shisu_decile,5,625,68.39,4.87,64.13,False
KEIBAJO_SURFACE_10_芝_新馬,omo_tekisei_code+kyori_tekisei+ninki_shisu_decile,omo_tekisei_code,kyori_tekisei,ninki_shisu_decile,20,2319,70.65,14.87,64.13,False
KEIBAJO_SURFACE_10_芝_新馬,uma_deokure_bin+umakigo_code+kishu_minarai_code,uma_deokure_bin,umakigo_code,kishu_minarai_code,7,4361,71.11,9.44,64.12,False
KEIBAJO_SURFACE_10_芝_新馬,joho_shisu_decile+kijun_ninkijun_tansho+kishu_minarai_code,joho_shisu_decile,kijun_ninkijun_tansho,kishu_minarai_code,15,2718,73.54,18.7,64.08,False
KEIBAJO_SURFACE_10_芝_新馬,umakigo_code+kijun_ninkijun_tansho+manken_shisu_decile,umakigo_code,kijun_ninkijun_tansho,manken_shisu_decile,3,424,76.44,10.95,64.05,False
KEIBAJO_SURFACE_10_芝_新馬,omo_tekisei_code+ichi_shisu_juni+kyakushitsu,omo_tekisei_code,ichi_shisu_juni,kyakushitsu,7,833,72.14,10.93,64.05,False
KEIBAJO_SURFACE_10_芝_新馬,uma_deokure_bin+kyori_tekisei+kyusha_shisu_decile,uma_deokure_bin,kyori_tekisei,kyusha_shisu_decile,7,744,71.46,10.21,63.9,False
KEIBAJO_SURFACE_10_芝_新馬,kyori_kubun+joho_shisu_decile+kyakushitsu,kyori_kubun,joho_shisu_decile,kyakushitsu,15,3247,70.32,12.72,63.89,False
KEIBAJO_SURFACE_10_芝_新馬,pace_yoso+kyusha_shisu_decile+class_code,pace_yoso,kyusha_shisu_decile,class_code,17,4211,69.71,12.27,63.88,False
KEIBAJO_SURFACE_10_芝_新馬,kyusha_shisu_decile+manken_shisu_decile+kishu_minarai_code,kyusha_shisu_decile,manken_shisu_decile,kishu_minarai_code,7,871,72.65,11.92,63.82,False
KEIBAJO_SURFACE_10_芝_新馬,pace_yoso+agari_shisu_juni+kyakushitsu,pace_yoso,agari_shisu_juni,kyakushitsu,12,1413,71.87,14.25,63.81,False
KEIBAJO_SURFACE_10_芝_新馬,umakigo_code+chokyo_shisu_decile+ninki_shisu_decile,umakigo_code,chokyo_shisu_decile,ninki_shisu_decile,21,3197,69.65,13.68,63.8,False
KEIBAJO_SURFACE_10_芝_新馬,uma_start_shisu_decile+kyusha_shisu_decile+kyakushitsu,uma_start_shisu_decile,kyusha_shisu_decile,kyakushitsu,4,438,70.96,7.31,63.79,False
KEIBAJO_SURFACE_10_芝_新馬,omo_tekisei_code+chokyo_shisu_decile+kishu_minarai_code,omo_tekisei_code,chokyo_shisu_decile,kishu_minarai_code,18,3998,69.51,12.4,63.78,False
KEIBAJO_SURFACE_10_芝_新馬,kyori_kubun+uma_deokure_bin+joho_shisu_decile,kyori_kubun,uma_deokure_bin,joho_shisu_decile,12,2691,70.43,11.78,63.77,False
KEIBAJO_SURFACE_10_芝_新馬,omo_tekisei_code+ninki_shisu_decile+kishu_minarai_code,omo_tekisei_code,ninki_shisu_decile,kishu_minarai_code,17,4004,69.6,12.33,63.74,False
KEIBAJO_SURFACE_10_芝_新馬,kyori_kubun+ichi_shisu_juni+kyakushitsu,kyori_kubun,ichi_shisu_juni,kyakushitsu,13,1457,71.33,14.01,63.71,False
KEIBAJO_SURFACE_10_芝_新馬,hizume_code+kyusha_shisu_decile+kishu_minarai_code,hizume_code,kyusha_shisu_decile,kishu_minarai_code,11,1499,71.08,12.48,63.7,False
KEIBAJO_SURFACE_10_芝_新馬,class_code+kijun_ninkijun_tansho+kishu_minarai_code,class_code,kijun_ninkijun_tansho,kishu_minarai_code,14,3494,70.7,13.36,63.7,False
KEIBAJO_SURFACE_10_芝_新馬,hizume_code+chokyo_shisu_decile+class_code,hizume_code,chokyo_shisu_decile,class_code,13,1462,71.53,14.44,63.68,False
KEIBAJO_SURFACE_10_芝_新馬,omo_tekisei_code+class_code+ninki_shisu_decile,omo_tekisei_code,class_code,ninki_shisu_decile,18,3896,69.85,13.42,63.65,False
KEIBAJO_SURFACE_10_芝_新馬,uma_deokure_bin+umakigo_code+chokyo_shisu_decile,uma_deokure_bin,umakigo_code,chokyo_shisu_decile,19,3129,70.04,14.22,63.65,False
KEIBAJO_SURFACE_10_芝_新馬,kyakushitsu+kijun_ninkijun_tansho+ninki_shisu_decile,kyakushitsu,kijun_ninkijun_tansho,ninki_shisu_decile,3,418,77.14,11.92,63.65,False
KEIBAJO_SURFACE_10_芝_新馬,pace_yoso+umakigo_code+class_code,pace_yoso,umakigo_code,class_code,8,5028,68.56,7.13,63.62,False
KEIBAJO_SURFACE_10_芝_新馬,pace_yoso+uma_deokure_bin+agari_shisu_juni,pace_yoso,uma_deokure_bin,agari_shisu_juni,7,875,74.33,14.47,63.61,False
KEIBAJO_SURFACE_10_芝_新馬,kyori_kubun+omo_tekisei_code+chokyo_shisu_decile,kyori_kubun,omo_tekisei_code,chokyo_shisu_decile,28,3849,69.24,15.21,63.61,False
KEIBAJO_SURFACE_10_芝_新馬,pace_shisu_juni+joho_shisu_decile+kishu_minarai_code,pace_shisu_juni,joho_shisu_decile,kishu_minarai_code,13,1735,69.04,10.09,63.55,False
KEIBAJO_SURFACE_10_芝_新馬,joho_shisu_decile+hizume_code+kishu_minarai_code,joho_shisu_decile,hizume_code,kishu_minarai_code,14,2654,70.95,14.17,63.53,False
KEIBAJO_SURFACE_10_芝_新馬,umakigo_code+kijun_ninkijun_tansho+kishu_minarai_code,umakigo_code,kijun_ninkijun_tansho,kishu_minarai_code,13,3809,69.87,11.68,63.52,False
KEIBAJO_SURFACE_10_芝_新馬,kyori_kubun+uma_deokure_bin+ninki_shisu_decile,kyori_kubun,uma_deokure_bin,ninki_shisu_decile,12,1373,72.73,16.3,63.51,False
KEIBAJO_SURFACE_10_芝_新馬,omo_tekisei_code+umakigo_code+chokyo_shisu_decile,omo_tekisei_code,umakigo_code,chokyo_shisu_decile,20,4465,70.06,14.96,63.5,False
KEIBAJO_SURFACE_10_芝_新馬,pace_shisu_juni+uma_start_shisu_decile+class_code,pace_shisu_juni,uma_start_shisu_decile,class_code,7,818,72.3,11.9,63.49,False
KEIBAJO_SURFACE_10_芝_新馬,pace_yoso+kyori_kubun+kijun_ninkijun_tansho,pace_yoso,kyori_kubun,kijun_ninkijun_tansho,21,3014,70.56,16.59,63.46,False
KEIBAJO_SURFACE_10_芝_新馬,uma_start_shisu_decile+kyusha_shisu_decile+class_code,uma_start_shisu_decile,kyusha_shisu_decile,class_code,11,1588,70.24,11.58,63.4,False
KEIBAJO_SURFACE_10_芝_新馬,hizume_code+kyusha_shisu_decile+class_code,hizume_code,kyusha_shisu_decile,class_code,11,1426,71.65,13.96,63.4,False
KEIBAJO_SURFACE_10_芝_新馬,omo_tekisei_code+joho_shisu_decile+kishu_minarai_code,omo_tekisei_code,joho_shisu_decile,kishu_minarai_code,15,4596,71.17,15.38,63.39,False
KEIBAJO_SURFACE_10_芝_新馬,rotation_bin+chokyo_shisu_decile+class_code,rotation_bin,chokyo_shisu_decile,class_code,13,1565,67.85,8.23,63.38,False
KEIBAJO_SURFACE_10_芝_新馬,uma_start_shisu_decile+agari_shisu_juni+kishu_minarai_code,uma_start_shisu_decile,agari_shisu_juni,kishu_minarai_code,7,756,75.28,16.07,63.37,False
KEIBAJO_SURFACE_10_芝_新馬,kyakushitsu+class_code+ninki_shisu_decile,kyakushitsu,class_code,ninki_shisu_decile,21,3384,69.18,13.68,63.33,False
KEIBAJO_SURFACE_10_芝_新馬,kyakushitsu+ninki_shisu_decile+kishu_minarai_code,kyakushitsu,ninki_shisu_decile,kishu_minarai_code,22,3615,68.92,13.58,63.24,False
KEIBAJO_SURFACE_10_芝_新馬,omo_tekisei_code+joho_shisu_decile+kyakushitsu,omo_tekisei_code,joho_shisu_decile,kyakushitsu,15,3209,69.38,12.15,63.23,False
KEIBAJO_SURFACE_10_芝_新馬,kyori_kubun+omo_tekisei_code+kyusha_shisu_decile,kyori_kubun,omo_tekisei_code,kyusha_shisu_decile,24,3657,68.47,13.1,63.23,False
KEIBAJO_SURFACE_10_芝_新馬,rotation_bin+class_code+ninki_shisu_decile,rotation_bin,class_code,ninki_shisu_decile,18,2110,69.63,13.86,63.23,False
KEIBAJO_SURFACE_10_芝_新馬,omo_tekisei_code+class_code+kijun_ninkijun_tansho,omo_tekisei_code,class_code,kijun_ninkijun_tansho,21,3288,68.79,13.07,63.2,False
KEIBAJO_SURFACE_10_芝_新馬,bataiju+umakigo_code+class_code,bataiju,umakigo_code,class_code,12,1361,69.75,11.62,63.18,False
KEIBAJO_SURFACE_10_芝_新馬,rotation_bin+kyusha_shisu_decile+kishu_minarai_code,rotation_bin,kyusha_shisu_decile,kishu_minarai_code,16,2140,69.6,13.12,63.17,False
KEIBAJO_SURFACE_10_芝_新馬,kyori_kubun+kijun_ninkijun_tansho+kishu_minarai_code,kyori_kubun,kijun_ninkijun_tansho,kishu_minarai_code,21,3518,69.58,15.01,63.16,False
KEIBAJO_SURFACE_10_芝_新馬,kyori_kubun+umakigo_code+chokyo_shisu_decile,kyori_kubun,umakigo_code,chokyo_shisu_decile,20,4550,68.77,12.89,63.12,False
KEIBAJO_SURFACE_10_芝_新馬,pace_yoso+ninki_shisu_decile+manken_shisu_decile,pace_yoso,ninki_shisu_decile,manken_shisu_decile,3,408,71.13,7.1,63.09,False
KEIBAJO_SURFACE_10_芝_新馬,umakigo_code+kyori_tekisei+ninki_shisu_decile,umakigo_code,kyori_tekisei,ninki_shisu_decile,25,4534,67.87,12.5,62.97,False
KEIBAJO_SURFACE_10_芝_新馬,kyori_kubun+umakigo_code+kijun_ninkijun_tansho,kyori_kubun,umakigo_code,kijun_ninkijun_tansho,22,3922,68.0,12.06,62.96,False
KEIBAJO_SURFACE_10_芝_新馬,umakigo_code+joho_shisu_decile+class_code,umakigo_code,joho_shisu_decile,class_code,9,4685,69.31,9.73,62.95,False
KEIBAJO_SURFACE_10_芝_新馬,pace_yoso+uma_start_shisu_decile+joho_shisu_decile,pace_yoso,uma_start_shisu_decile,joho_shisu_decile,14,2743,67.84,9.39,62.93,False
KEIBAJO_SURFACE_10_芝_新馬,rotation_bin+kyusha_shisu_decile+class_code,rotation_bin,kyusha_shisu_decile,class_code,14,1797,70.21,13.94,62.91,False
KEIBAJO_SURFACE_10_芝_新馬,uma_deokure_bin+ten_shisu_juni+class_code,uma_deokure_bin,ten_shisu_juni,class_code,13,1525,69.75,12.59,62.9,False
KEIBAJO_SURFACE_10_芝_新馬,kyori_tekisei_2+omo_tekisei_code+umakigo_code,kyori_tekisei_2,omo_tekisei_code,umakigo_code,4,670,70.48,7.78,62.86,False
KEIBAJO_SURFACE_10_芝_新馬,omo_tekisei_code+umakigo_code+kishu_minarai_code,omo_tekisei_code,umakigo_code,kishu_minarai_code,9,5025,69.84,10.7,62.85,False
KEIBAJO_SURFACE_10_芝_新馬,umakigo_code+pace_shisu_juni+joho_shisu_decile,umakigo_code,pace_shisu_juni,joho_shisu_decile,15,2099,69.68,13.51,62.84,False
KEIBAJO_SURFACE_10_芝_新馬,joho_shisu_decile+kyakushitsu+ninki_shisu_decile,joho_shisu_decile,kyakushitsu,ninki_shisu_decile,13,2043,68.68,10.77,62.83,False
KEIBAJO_SURFACE_10_芝_新馬,omo_tekisei_code+umakigo_code+ninki_shisu_decile,omo_tekisei_code,umakigo_code,ninki_shisu_decile,17,4286,68.33,11.7,62.77,False
KEIBAJO_SURFACE_10_芝_新馬,kyori_kubun+joho_shisu_decile+ninki_shisu_decile,kyori_kubun,joho_shisu_decile,ninki_shisu_decile,14,2704,69.97,13.76,62.76,False
KEIBAJO_SURFACE_10_芝_新馬,umakigo_code+kyakushitsu+class_code,umakigo_code,kyakushitsu,class_code,10,4745,69.1,10.29,62.72,False
KEIBAJO_SURFACE_10_芝_新馬,uma_deokure_bin+umakigo_code+kyusha_shisu_decile,uma_deokure_bin,umakigo_code,kyusha_shisu_decile,21,3484,69.73,16.38,62.72,False
KEIBAJO_SURFACE_10_芝_新馬,uma_deokure_bin+agari_shisu_juni+kishu_minarai_code,uma_deokure_bin,agari_shisu_juni,kishu_minarai_code,11,1505,72.24,16.13,62.71,False
KEIBAJO_SURFACE_10_芝_新馬,omo_tekisei_code+joho_shisu_decile+ninki_shisu_decile,omo_tekisei_code,joho_shisu_decile,ninki_shisu_decile,15,2789,71.81,17.99,62.71,False
KEIBAJO_SURFACE_10_芝_新馬,pace_yoso+umakigo_code+kyusha_shisu_decile,pace_yoso,umakigo_code,kyusha_shisu_decile,15,4483,69.4,13.31,62.67,False
KEIBAJO_SURFACE_10_芝_新馬,class_code+ninki_shisu_decile+manken_shisu_decile,class_code,ninki_shisu_decile,manken_shisu_decile,8,1019,76.4,19.84,62.65,False
KEIBAJO_SURFACE_10_芝_新馬,omo_tekisei_code+kijun_ninkijun_tansho+kishu_minarai_code,omo_tekisei_code,kijun_ninkijun_tansho,kishu_minarai_code,20,3422,69.23,15.05,62.64,False
KEIBAJO_SURFACE_10_芝_新馬,kyori_tekisei+kyusha_shisu_decile+kyakushitsu,kyori_tekisei,kyusha_shisu_decile,kyakushitsu,4,497,71.94,9.5,62.64,False
KEIBAJO_SURFACE_10_芝_新馬,pace_yoso+omo_tekisei_code+chokyo_shisu_decile,pace_yoso,omo_tekisei_code,chokyo_shisu_decile,19,3474,68.14,12.23,62.64,False
KEIBAJO_SURFACE_10_芝_新馬,pace_yoso+kyori_kubun+chokyo_shisu_decile,pace_yoso,kyori_kubun,chokyo_shisu_decile,19,3623,67.98,11.97,62.6,False
KEIBAJO_SURFACE_10_芝_新馬,omo_tekisei_code+joho_shisu_decile+chokyo_shisu_decile,omo_tekisei_code,joho_shisu_decile,chokyo_shisu_decile,19,3370,69.6,15.66,62.56,False
KEIBAJO_SURFACE_10_芝_新馬,pace_yoso+kyusha_shisu_decile+kyakushitsu,pace_yoso,kyusha_shisu_decile,kyakushitsu,18,2684,69.93,16.09,62.5,False
KEIBAJO_SURFACE_10_芝_新馬,kyori_kubun+uma_start_shisu_decile+ninki_shisu_decile,kyori_kubun,uma_start_shisu_decile,ninki_shisu_decile,6,659,74.97,15.6,62.49,False
KEIBAJO_SURFACE_10_芝_新馬,rotation_bin+hizume_code+kyakushitsu,rotation_bin,hizume_code,kyakushitsu,3,306,79.5,15.09,62.42,False
KEIBAJO_SURFACE_10_芝_新馬,joho_shisu_decile+kyusha_shisu_decile+class_code,joho_shisu_decile,kyusha_shisu_decile,class_code,17,3858,68.5,12.92,62.36,False
KEIBAJO_SURFACE_10_芝_新馬,umakigo_code+joho_shisu_decile+chokyo_shisu_decile,umakigo_code,joho_shisu_decile,chokyo_shisu_decile,20,4584,67.42,11.56,62.35,False
KEIBAJO_SURFACE_10_芝_新馬,kyori_kubun+joho_shisu_decile+chokyo_shisu_decile,kyori_kubun,joho_shisu_decile,chokyo_shisu_decile,19,3409,68.56,13.95,62.29,False
KEIBAJO_SURFACE_10_芝_新馬,omo_tekisei_code+uma_start_shisu_decile+joho_shisu_decile,omo_tekisei_code,uma_start_shisu_decile,joho_shisu_decile,11,2101,67.1,8.16,62.28,False
KEIBAJO_SURFACE_10_芝_新馬,joho_shisu_decile+kyori_tekisei+kyakushitsu,joho_shisu_decile,kyori_tekisei,kyakushitsu,11,2415,67.56,9.03,62.23,False
KEIBAJO_SURFACE_10_芝_新馬,pace_yoso+bataiju+umakigo_code,pace_yoso,bataiju,umakigo_code,6,634,72.63,13.01,62.22,False
KEIBAJO_SURFACE_10_芝_新馬,pace_yoso+uma_start_shisu_decile+manken_shisu_decile,pace_yoso,uma_start_shisu_decile,manken_shisu_decile,8,1201,69.43,10.47,62.17,False
KEIBAJO_SURFACE_10_芝_新馬,omo_tekisei_code+kyori_tekisei+chokyo_shisu_decile,omo_tekisei_code,kyori_tekisei,chokyo_shisu_decile,16,1866,70.27,16.65,62.12,False
KEIBAJO_SURFACE_10_芝_新馬,kyori_kubun+uma_start_shisu_decile+chokyo_shisu_decile,kyori_kubun,uma_start_shisu_decile,chokyo_shisu_decile,6,631,75.58,16.87,62.08,False
KEIBAJO_SURFACE_10_芝_新馬,kyori_kubun+uma_start_shisu_decile+joho_shisu_decile,kyori_kubun,uma_start_shisu_decile,joho_shisu_decile,12,2228,68.12,10.73,62.05,False
KEIBAJO_SURFACE_10_芝_新馬,uma_start_shisu_decile+ichi_shisu_juni+class_code,uma_start_shisu_decile,ichi_shisu_juni,class_code,8,981,74.36,17.78,62.04,False
KEIBAJO_SURFACE_10_芝_新馬,uma_deokure_bin+kyusha_shisu_decile+kishu_minarai_code,uma_deokure_bin,kyusha_shisu_decile,kishu_minarai_code,17,2895,69.15,15.14,61.96,False
KEIBAJO_SURFACE_10_芝_新馬,hizume_code+ninki_shisu_decile+kishu_minarai_code,hizume_code,ninki_shisu_decile,kishu_minarai_code,17,1963,69.65,16.28,61.91,False
KEIBAJO_SURFACE_10_芝_新馬,pace_yoso+omo_tekisei_code+kyusha_shisu_decile,pace_yoso,omo_tekisei_code,kyusha_shisu_decile,24,4182,67.24,13.37,61.9,False
KEIBAJO_SURFACE_10_芝_新馬,kyori_tekisei_2+uma_deokure_bin+kyori_tekisei,kyori_tekisei_2,uma_deokure_bin,kyori_tekisei,4,457,76.11,14.61,61.79,False
KEIBAJO_SURFACE_10_芝_新馬,pace_yoso+manken_shirushi+joho_shisu_decile,pace_yoso,manken_shirushi,joho_shisu_decile,8,972,69.04,10.55,61.74,False
KEIBAJO_SURFACE_10_芝_新馬,umakigo_code+kyusha_shisu_decile+ninki_shisu_decile,umakigo_code,kyusha_shisu_decile,ninki_shisu_decile,15,2381,67.91,12.21,61.73,False
KEIBAJO_SURFACE_10_芝_新馬,uma_deokure_bin+joho_shisu_decile+kyakushitsu,uma_deokure_bin,joho_shisu_decile,kyakushitsu,12,2314,74.2,22.11,61.69,False
KEIBAJO_SURFACE_10_芝_新馬,joho_shisu_decile+hizume_code+class_code,joho_shisu_decile,hizume_code,class_code,10,2177,67.79,9.92,61.64,False
KEIBAJO_SURFACE_10_芝_新馬,umakigo_code+rotation_bin+kyusha_shisu_decile,umakigo_code,rotation_bin,kyusha_shisu_decile,16,2329,68.8,14.69,61.6,False
KEIBAJO_SURFACE_10_芝_新馬,joho_shisu_decile+kyori_tekisei+manken_shisu_decile,joho_shisu_decile,kyori_tekisei,manken_shisu_decile,9,1228,70.0,12.91,61.56,False
KEIBAJO_SURFACE_10_芝_新馬,joho_shisu_decile+kyori_tekisei+chokyo_shisu_decile,joho_shisu_decile,kyori_tekisei,chokyo_shisu_decile,17,2526,66.27,9.9,61.56,False
KEIBAJO_SURFACE_10_芝_新馬,uma_deokure_bin+ichi_shisu_juni+class_code,uma_deokure_bin,ichi_shisu_juni,class_code,13,1554,72.17,19.58,61.53,False
KEIBAJO_SURFACE_10_芝_新馬,rotation_bin+joho_shisu_decile+class_code,rotation_bin,joho_shisu_decile,class_code,13,2684,68.43,12.91,61.41,False
KEIBAJO_SURFACE_10_芝_新馬,kyusha_shisu_decile+chokyo_shisu_decile+kishu_minarai_code,kyusha_shisu_decile,chokyo_shisu_decile,kishu_minarai_code,11,1766,68.71,12.4,61.39,False
KEIBAJO_SURFACE_10_芝_新馬,pace_yoso+kyusha_shisu_decile+ninki_shisu_decile,pace_yoso,kyusha_shisu_decile,ninki_shisu_decile,14,1760,68.04,12.73,61.38,False
KEIBAJO_SURFACE_10_芝_新馬,uma_deokure_bin+kyusha_shisu_decile+class_code,uma_deokure_bin,kyusha_shisu_decile,class_code,18,2784,67.52,13.34,61.36,False
KEIBAJO_SURFACE_10_芝_新馬,omo_tekisei_code+chokyo_shisu_decile+class_code,omo_tekisei_code,chokyo_shisu_decile,class_code,19,3886,67.95,14.72,61.33,False
KEIBAJO_SURFACE_10_芝_新馬,pace_yoso+omo_tekisei_code+kijun_ninkijun_tansho,pace_yoso,omo_tekisei_code,kijun_ninkijun_tansho,20,2789,67.31,13.67,61.31,False
KEIBAJO_SURFACE_10_芝_新馬,uma_deokure_bin+umakigo_code+ninki_shisu_decile,uma_deokure_bin,umakigo_code,ninki_shisu_decile,18,3180,67.43,13.29,61.29,False
KEIBAJO_SURFACE_10_芝_新馬,omo_tekisei_code+rotation_bin+hizume_code,omo_tekisei_code,rotation_bin,hizume_code,10,1341,69.47,13.34,61.2,False
KEIBAJO_SURFACE_10_芝_新馬,uma_deokure_bin+ninki_shisu_decile+kishu_minarai_code,uma_deokure_bin,ninki_shisu_decile,kishu_minarai_code,16,2818,68.44,14.84,61.17,False
KEIBAJO_SURFACE_10_芝_新馬,uma_deokure_bin+umakigo_code+agari_shisu_juni,uma_deokure_bin,umakigo_code,agari_shisu_juni,12,1690,69.66,15.21,61.06,False
KEIBAJO_SURFACE_10_芝_新馬,joho_shisu_decile+chokyo_shisu_decile+kyakushitsu,joho_shisu_decile,chokyo_shisu_decile,kyakushitsu,15,2284,69.2,16.1,61.05,False
KEIBAJO_SURFACE_10_芝_新馬,pace_yoso+uma_deokure_bin+ninki_shisu_decile,pace_yoso,uma_deokure_bin,ninki_shisu_decile,16,2291,68.61,15.46,61.04,False
KEIBAJO_SURFACE_10_芝_新馬,uma_deokure_bin+uma_start_shisu_decile+kyusha_shisu_decile,uma_deokure_bin,uma_start_shisu_decile,kyusha_shisu_decile,4,459,66.59,5.7,61.0,False
KEIBAJO_SURFACE_10_芝_新馬,uma_deokure_bin+uma_start_shisu_decile+joho_shisu_decile,uma_deokure_bin,uma_start_shisu_decile,joho_shisu_decile,10,1644,68.69,12.56,60.9,False
KEIBAJO_SURFACE_10_芝_新馬,omo_tekisei_code+rotation_bin+joho_shisu_decile,omo_tekisei_code,rotation_bin,joho_shisu_decile,9,1994,67.4,9.99,60.88,False
KEIBAJO_SURFACE_10_芝_新馬,omo_tekisei_code+kyusha_shisu_decile+kyakushitsu,omo_tekisei_code,kyusha_shisu_decile,kyakushitsu,16,2064,68.14,14.81,60.88,False
KEIBAJO_SURFACE_10_芝_新馬,kyori_kubun+uma_deokure_bin+chokyo_shisu_decile,kyori_kubun,uma_deokure_bin,chokyo_shisu_decile,8,938,70.67,14.21,60.82,False
KEIBAJO_SURFACE_10_芝_新馬,uma_deokure_bin+agari_shisu_juni+class_code,uma_deokure_bin,agari_shisu_juni,class_code,9,1233,70.66,15.09,60.8,False
KEIBAJO_SURFACE_10_芝_新馬,uma_start_shisu_decile+ninki_shisu_decile+kishu_minarai_code,uma_start_shisu_decile,ninki_shisu_decile,kishu_minarai_code,9,1434,71.69,16.69,60.79,False
KEIBAJO_SURFACE_10_芝_新馬,uma_deokure_bin+class_code+ninki_shisu_decile,uma_deokure_bin,class_code,ninki_shisu_decile,17,2686,68.1,15.43,60.77,False
KEIBAJO_SURFACE_10_芝_新馬,umakigo_code+class_code+ninki_shisu_decile,umakigo_code,class_code,ninki_shisu_decile,11,4108,67.95,12.41,60.61,False
KEIBAJO_SURFACE_10_芝_新馬,uma_deokure_bin+omo_tekisei_code+joho_shisu_decile,uma_deokure_bin,omo_tekisei_code,joho_shisu_decile,11,2578,66.77,10.46,60.58,False
KEIBAJO_SURFACE_10_芝_新馬,kyusha_shisu_decile+class_code+ninki_shisu_decile,kyusha_shisu_decile,class_code,ninki_shisu_decile,15,2087,66.85,12.47,60.54,False
KEIBAJO_SURFACE_10_芝_新馬,umakigo_code+hizume_code+kijun_ninkijun_tansho,umakigo_code,hizume_code,kijun_ninkijun_tansho,4,413,70.51,10.28,60.44,False
KEIBAJO_SURFACE_10_芝_新馬,umakigo_code+hizume_code+ninki_shisu_decile,umakigo_code,hizume_code,ninki_shisu_decile,20,2392,68.0,17.43,60.36,False
KEIBAJO_SURFACE_10_芝_新馬,chokyo_shisu_decile+class_code+manken_shisu_decile,chokyo_shisu_decile,class_code,manken_shisu_decile,4,468,68.84,8.73,60.28,False
KEIBAJO_SURFACE_10_芝_新馬,pace_yoso+omo_tekisei_code+ninki_shisu_decile,pace_yoso,omo_tekisei_code,ninki_shisu_decile,20,3698,68.09,18.02,60.2,False
KEIBAJO_SURFACE_10_芝_新馬,kyusha_shisu_decile+ninki_shisu_decile+kishu_minarai_code,kyusha_shisu_decile,ninki_shisu_decile,kishu_minarai_code,14,2114,67.69,14.33,60.18,False
KEIBAJO_SURFACE_10_芝_新馬,rotation_bin+joho_shisu_decile+kyusha_shisu_decile,rotation_bin,joho_shisu_decile,kyusha_shisu_decile,9,1394,68.92,13.47,60.12,False
KEIBAJO_SURFACE_10_芝_新馬,umakigo_code+kyusha_shisu_decile+class_code,umakigo_code,kyusha_shisu_decile,class_code,12,4226,66.83,12.29,59.88,False
KEIBAJO_SURFACE_10_芝_新馬,joho_shisu_decile+manken_shisu_decile+kishu_minarai_code,joho_shisu_decile,manken_shisu_decile,kishu_minarai_code,14,2605,66.96,13.79,59.73,False
KEIBAJO_SURFACE_10_芝_新馬,pace_yoso+rotation_bin+manken_shisu_decile,pace_yoso,rotation_bin,manken_shisu_decile,11,1462,68.05,14.1,59.72,False
KEIBAJO_SURFACE_10_芝_新馬,uma_start_shisu_decile+ichi_shisu_juni+kyakushitsu,uma_start_shisu_decile,ichi_shisu_juni,kyakushitsu,3,328,76.96,15.24,59.71,False
KEIBAJO_SURFACE_10_芝_新馬,umakigo_code+hizume_code+class_code,umakigo_code,hizume_code,class_code,12,4046,67.94,14.58,59.69,False
KEIBAJO_SURFACE_10_芝_新馬,uma_deokure_bin+joho_shisu_decile+hizume_code,uma_deokure_bin,joho_shisu_decile,hizume_code,6,1032,65.45,7.22,59.68,False
KEIBAJO_SURFACE_10_芝_新馬,omo_tekisei_code+umakigo_code+kijun_ninkijun_tansho,omo_tekisei_code,umakigo_code,kijun_ninkijun_tansho,20,3640,66.46,15.65,59.6,False
KEIBAJO_SURFACE_10_芝_新馬,joho_shisu_decile+kyusha_shisu_decile+kyakushitsu,joho_shisu_decile,kyusha_shisu_decile,kyakushitsu,12,2222,67.35,13.71,59.59,False
KEIBAJO_SURFACE_10_芝_新馬,pace_shisu_juni+joho_shisu_decile+class_code,pace_shisu_juni,joho_shisu_decile,class_code,12,1638,68.65,16.16,59.51,False
KEIBAJO_SURFACE_10_芝_新馬,kyori_kubun+joho_shisu_decile+manken_shisu_decile,kyori_kubun,joho_shisu_decile,manken_shisu_decile,13,2057,65.47,10.96,59.51,False
KEIBAJO_SURFACE_10_芝_新馬,hizume_code+class_code+kishu_minarai_code,hizume_code,class_code,kishu_minarai_code,9,3429,69.15,14.85,59.45,False
KEIBAJO_SURFACE_10_芝_新馬,uma_start_shisu_decile+class_code+ninki_shisu_decile,uma_start_shisu_decile,class_code,ninki_shisu_decile,10,1490,68.75,15.03,59.44,False
KEIBAJO_SURFACE_10_芝_新馬,omo_tekisei_code+chokyo_shisu_decile+kyakushitsu,omo_tekisei_code,chokyo_shisu_decile,kyakushitsu,14,1616,68.89,18.04,59.44,False
KEIBAJO_SURFACE_10_芝_新馬,uma_deokure_bin+rotation_bin+uma_start_shisu_decile,uma_deokure_bin,rotation_bin,uma_start_shisu_decile,5,748,70.77,12.94,59.43,False
KEIBAJO_SURFACE_10_芝_新馬,uma_deokure_bin+rotation_bin+joho_shisu_decile,uma_deokure_bin,rotation_bin,joho_shisu_decile,7,1222,68.22,11.88,59.42,False
KEIBAJO_SURFACE_10_芝_新馬,umakigo_code+uma_start_shisu_decile+kyusha_shisu_decile,umakigo_code,uma_start_shisu_decile,kyusha_shisu_decile,14,2065,66.74,14.01,59.4,False
KEIBAJO_SURFACE_10_芝_新馬,uma_deokure_bin+joho_shisu_decile+kyori_tekisei,uma_deokure_bin,joho_shisu_decile,kyori_tekisei,10,2060,67.87,13.81,59.3,False
KEIBAJO_SURFACE_10_芝_新馬,umakigo_code+uma_start_shisu_decile+ninki_shisu_decile,umakigo_code,uma_start_shisu_decile,ninki_shisu_decile,13,1955,67.59,15.27,59.29,False
KEIBAJO_SURFACE_10_芝_新馬,uma_deokure_bin+kyusha_shisu_decile+chokyo_shisu_decile,uma_deokure_bin,kyusha_shisu_decile,chokyo_shisu_decile,3,369,70.32,9.79,59.24,False
KEIBAJO_SURFACE_10_芝_新馬,joho_shisu_decile+hizume_code+chokyo_shisu_decile,joho_shisu_decile,hizume_code,chokyo_shisu_decile,6,788,69.35,12.68,59.21,False
KEIBAJO_SURFACE_10_芝_新馬,manken_shirushi+joho_shisu_decile+class_code,manken_shirushi,joho_shisu_decile,class_code,8,1175,71.8,18.2,59.19,False
KEIBAJO_SURFACE_10_芝_新馬,rotation_bin+joho_shisu_decile+kyakushitsu,rotation_bin,joho_shisu_decile,kyakushitsu,10,1699,67.16,12.94,59.14,False
KEIBAJO_SURFACE_10_芝_新馬,joho_shisu_decile+kyori_tekisei+ninki_shisu_decile,joho_shisu_decile,kyori_tekisei,ninki_shisu_decile,15,2282,65.9,13.43,59.1,False
KEIBAJO_SURFACE_10_芝_新馬,rotation_bin+joho_shisu_decile+kyori_tekisei,rotation_bin,joho_shisu_decile,kyori_tekisei,9,1626,69.3,15.79,58.98,False
KEIBAJO_SURFACE_10_芝_新馬,omo_tekisei_code+kyusha_shisu_decile+chokyo_shisu_decile,omo_tekisei_code,kyusha_shisu_decile,chokyo_shisu_decile,5,768,68.9,11.36,58.93,False
KEIBAJO_SURFACE_10_芝_新馬,kyori_kubun+rotation_bin+joho_shisu_decile,kyori_kubun,rotation_bin,joho_shisu_decile,10,2096,65.77,11.08,58.91,False
KEIBAJO_SURFACE_10_芝_新馬,pace_yoso+rotation_bin+chokyo_shisu_decile,pace_yoso,rotation_bin,chokyo_shisu_decile,6,729,69.74,13.65,58.82,False
KEIBAJO_SURFACE_10_芝_新馬,manken_shirushi+joho_shisu_decile+kishu_minarai_code,manken_shirushi,joho_shisu_decile,kishu_minarai_code,8,1157,71.26,17.96,58.81,False
KEIBAJO_SURFACE_10_芝_新馬,uma_start_shisu_decile+kyusha_shisu_decile+kishu_minarai_code,uma_start_shisu_decile,kyusha_shisu_decile,kishu_minarai_code,11,1641,67.84,15.27,58.81,False
KEIBAJO_SURFACE_10_芝_新馬,umakigo_code+joho_shisu_decile+manken_shisu_decile,umakigo_code,joho_shisu_decile,manken_shisu_decile,15,2913,69.09,20.45,58.74,False
KEIBAJO_SURFACE_10_芝_新馬,kijun_ninkijun_tansho+manken_shisu_decile+kishu_minarai_code,kijun_ninkijun_tansho,manken_shisu_decile,kishu_minarai_code,3,394,79.94,19.09,58.34,False
KEIBAJO_SURFACE_10_芝_新馬,uma_deokure_bin+omo_tekisei_code+chokyo_shisu_decile,uma_deokure_bin,omo_tekisei_code,chokyo_shisu_decile,9,1047,68.72,16.19,58.14,False
KEIBAJO_SURFACE_10_芝_新馬,uma_start_shisu_decile+agari_shisu_juni+class_code,uma_start_shisu_decile,agari_shisu_juni,class_code,5,527,74.15,18.31,58.1,False
KEIBAJO_SURFACE_10_芝_新馬,umakigo_code+agari_shisu_juni+joho_shisu_decile,umakigo_code,agari_shisu_juni,joho_shisu_decile,15,2096,68.15,20.01,58.02,False
KEIBAJO_SURFACE_10_芝_新馬,umakigo_code+hizume_code+kyusha_shisu_decile,umakigo_code,hizume_code,kyusha_shisu_decile,13,1838,65.93,14.69,57.95,False
KEIBAJO_SURFACE_10_芝_新馬,pace_yoso+pace_shisu_juni+joho_shisu_decile,pace_yoso,pace_shisu_juni,joho_shisu_decile,12,1464,68.29,18.33,57.92,False
KEIBAJO_SURFACE_10_芝_新馬,uma_deokure_bin+omo_tekisei_code+kyusha_shisu_decile,uma_deokure_bin,omo_tekisei_code,kyusha_shisu_decile,15,1844,66.28,16.57,57.9,False
KEIBAJO_SURFACE_10_芝_新馬,joho_shisu_decile+kyusha_shisu_decile+chokyo_shisu_decile,joho_shisu_decile,kyusha_shisu_decile,chokyo_shisu_decile,14,2315,64.93,13.67,57.76,False
KEIBAJO_SURFACE_10_芝_新馬,kyori_kubun+omo_tekisei_code+agari_shisu_juni,kyori_kubun,omo_tekisei_code,agari_shisu_juni,4,423,68.1,10.57,57.74,False
KEIBAJO_SURFACE_10_芝_新馬,pace_yoso+uma_deokure_bin+kyusha_shisu_decile,pace_yoso,uma_deokure_bin,kyusha_shisu_decile,12,1928,67.65,17.61,57.68,False
KEIBAJO_SURFACE_10_芝_新馬,joho_shisu_decile+class_code+manken_shisu_decile,joho_shisu_decile,class_code,manken_shisu_decile,10,2185,65.71,12.97,57.67,False
KEIBAJO_SURFACE_10_芝_新馬,manken_shirushi+umakigo_code+rotation_bin,manken_shirushi,umakigo_code,rotation_bin,4,441,71.94,14.63,57.6,False
KEIBAJO_SURFACE_10_芝_新馬,omo_tekisei_code+joho_shisu_decile+hizume_code,omo_tekisei_code,joho_shisu_decile,hizume_code,9,1913,65.31,11.84,57.57,False
KEIBAJO_SURFACE_10_芝_新馬,omo_tekisei_code+kyusha_shisu_decile+ninki_shisu_decile,omo_tekisei_code,kyusha_shisu_decile,ninki_shisu_decile,4,561,68.72,11.38,57.56,False
KEIBAJO_SURFACE_10_芝_新馬,bataiju+class_code+kishu_minarai_code,bataiju,class_code,kishu_minarai_code,7,763,69.32,15.91,57.53,False
KEIBAJO_SURFACE_10_芝_新馬,kyori_kubun+uma_deokure_bin+kyusha_shisu_decile,kyori_kubun,uma_deokure_bin,kyusha_shisu_decile,16,1969,66.41,18.12,57.53,False
KEIBAJO_SURFACE_10_芝_新馬,pace_yoso+uma_start_shisu_decile+ninki_shisu_decile,pace_yoso,uma_start_shisu_decile,ninki_shisu_decile,8,1101,67.06,13.75,57.53,False
KEIBAJO_SURFACE_10_芝_新馬,joho_shisu_decile+kyusha_shisu_decile+ninki_shisu_decile,joho_shisu_decile,kyusha_shisu_decile,ninki_shisu_decile,11,1806,64.33,11.53,57.51,False
KEIBAJO_SURFACE_10_芝_新馬,pace_yoso+rotation_bin+kyusha_shisu_decile,pace_yoso,rotation_bin,kyusha_shisu_decile,10,1259,68.48,17.76,57.48,False
KEIBAJO_SURFACE_10_芝_新馬,agari_shisu_juni+joho_shisu_decile+kishu_minarai_code,agari_shisu_juni,joho_shisu_decile,kishu_minarai_code,14,1830,66.99,18.37,57.37,False
KEIBAJO_SURFACE_10_芝_新馬,kyusha_shisu_decile+class_code+kishu_minarai_code,kyusha_shisu_decile,class_code,kishu_minarai_code,12,3876,65.28,14.01,57.35,False
KEIBAJO_SURFACE_10_芝_新馬,pace_yoso+joho_shisu_decile+manken_shisu_decile,pace_yoso,joho_shisu_decile,manken_shisu_decile,12,2153,69.76,22.24,57.18,False
KEIBAJO_SURFACE_10_芝_新馬,kyusha_shisu_decile+chokyo_shisu_decile+class_code,kyusha_shisu_decile,chokyo_shisu_decile,class_code,12,1730,65.45,15.02,56.95,False
KEIBAJO_SURFACE_10_芝_新馬,joho_shisu_decile+ichi_shisu_juni+kishu_minarai_code,joho_shisu_decile,ichi_shisu_juni,kishu_minarai_code,12,1657,67.06,17.92,56.92,False
KEIBAJO_SURFACE_10_芝_新馬,hizume_code+class_code+ninki_shisu_decile,hizume_code,class_code,ninki_shisu_decile,14,1598,66.64,18.55,56.92,False
KEIBAJO_SURFACE_10_芝_新馬,uma_deokure_bin+joho_shisu_decile+chokyo_shisu_decile,uma_deokure_bin,joho_shisu_decile,chokyo_shisu_decile,12,1808,66.15,16.45,56.85,False
KEIBAJO_SURFACE_10_芝_新馬,pace_yoso+pace_shisu_juni+uma_start_shisu_decile,pace_yoso,pace_shisu_juni,uma_start_shisu_decile,3,320,71.16,12.65,56.84,False
KEIBAJO_SURFACE_10_芝_新馬,kyori_kubun+joho_shisu_decile+hizume_code,kyori_kubun,joho_shisu_decile,hizume_code,9,1880,64.17,11.42,56.71,False
KEIBAJO_SURFACE_10_芝_新馬,rotation_bin+joho_shisu_decile+chokyo_shisu_decile,rotation_bin,joho_shisu_decile,chokyo_shisu_decile,9,1161,67.06,15.83,56.71,False
KEIBAJO_SURFACE_10_芝_新馬,umakigo_code+ten_shisu_juni+joho_shisu_decile,umakigo_code,ten_shisu_juni,joho_shisu_decile,13,1921,67.9,20.78,56.6,False
KEIBAJO_SURFACE_10_芝_新馬,uma_start_shisu_decile+joho_shisu_decile+hizume_code,uma_start_shisu_decile,joho_shisu_decile,hizume_code,4,605,64.35,8.06,56.45,False
KEIBAJO_SURFACE_10_芝_新馬,joho_shisu_decile+kyakushitsu+manken_shisu_decile,joho_shisu_decile,kyakushitsu,manken_shisu_decile,9,1067,66.56,15.59,56.38,False
KEIBAJO_SURFACE_10_芝_新馬,uma_deokure_bin+joho_shisu_decile+kyusha_shisu_decile,uma_deokure_bin,joho_shisu_decile,kyusha_shisu_decile,12,2027,66.66,18.73,56.06,False
KEIBAJO_SURFACE_10_芝_新馬,ten_shisu_juni+joho_shisu_decile+kishu_minarai_code,ten_shisu_juni,joho_shisu_decile,kishu_minarai_code,13,1738,68.78,23.43,56.05,False
KEIBAJO_SURFACE_10_芝_新馬,umakigo_code+joho_shisu_decile+ichi_shisu_juni,umakigo_code,joho_shisu_decile,ichi_shisu_juni,13,1923,66.01,18.48,55.97,False
KEIBAJO_SURFACE_10_芝_新馬,joho_shisu_decile+kijun_ninkijun_tansho+ninki_shisu_decile,joho_shisu_decile,kijun_ninkijun_tansho,ninki_shisu_decile,3,526,78.31,19.84,55.86,False
KEIBAJO_SURFACE_10_芝_新馬,joho_shisu_decile+kyori_tekisei+hizume_code,joho_shisu_decile,kyori_tekisei,hizume_code,9,1517,65.23,14.59,55.7,False
KEIBAJO_SURFACE_10_芝_新馬,uma_deokure_bin+uma_start_shisu_decile+manken_shisu_decile,uma_deokure_bin,uma_start_shisu_decile,manken_shisu_decile,5,621,68.65,14.81,55.67,False
KEIBAJO_SURFACE_10_芝_新馬,kyusha_shisu_decile+chokyo_shisu_decile+kyakushitsu,kyusha_shisu_decile,chokyo_shisu_decile,kyakushitsu,3,401,68.1,11.01,55.63,False
KEIBAJO_SURFACE_10_芝_新馬,ten_shisu_juni+joho_shisu_decile+class_code,ten_shisu_juni,joho_shisu_decile,class_code,13,1762,68.55,23.79,55.62,False
KEIBAJO_SURFACE_10_芝_新馬,joho_shisu_decile+ichi_shisu_juni+class_code,joho_shisu_decile,ichi_shisu_juni,class_code,13,1759,66.61,20.35,55.55,False
KEIBAJO_SURFACE_10_芝_新馬,uma_start_shisu_decile+joho_shisu_decile+kyusha_shisu_decile,uma_start_shisu_decile,joho_shisu_decile,kyusha_shisu_decile,9,1281,65.06,14.61,55.51,False
KEIBAJO_SURFACE_10_芝_新馬,omo_tekisei_code+agari_shisu_juni+joho_shisu_decile,omo_tekisei_code,agari_shisu_juni,joho_shisu_decile,5,526,68.42,14.79,55.46,False
KEIBAJO_SURFACE_10_芝_新馬,kyori_kubun+joho_shisu_decile+kijun_ninkijun_tansho,kyori_kubun,joho_shisu_decile,kijun_ninkijun_tansho,15,1972,66.24,21.42,55.4,False
KEIBAJO_SURFACE_10_芝_新馬,pace_yoso+joho_shisu_decile+hizume_code,pace_yoso,joho_shisu_decile,hizume_code,9,2056,63.78,13.01,55.28,False
KEIBAJO_SURFACE_10_芝_新馬,pace_yoso+hizume_code+kyusha_shisu_decile,pace_yoso,hizume_code,kyusha_shisu_decile,8,967,70.44,21.98,55.21,False
KEIBAJO_SURFACE_10_芝_新馬,uma_deokure_bin+joho_shisu_decile+ninki_shisu_decile,uma_deokure_bin,joho_shisu_decile,ninki_shisu_decile,9,1466,63.96,13.77,54.97,False
KEIBAJO_SURFACE_10_芝_新馬,omo_tekisei_code+uma_start_shisu_decile+ninki_shisu_decile,omo_tekisei_code,uma_start_shisu_decile,ninki_shisu_decile,7,764,70.55,21.2,54.84,False
KEIBAJO_SURFACE_10_芝_新馬,pace_yoso+kyusha_shisu_decile+manken_shisu_decile,pace_yoso,kyusha_shisu_decile,manken_shisu_decile,3,365,68.01,11.95,54.48,False
KEIBAJO_SURFACE_10_芝_新馬,umakigo_code+kyusha_shisu_decile+chokyo_shisu_decile,umakigo_code,kyusha_shisu_decile,chokyo_shisu_decile,13,2072,62.33,14.52,54.44,False
KEIBAJO_SURFACE_10_芝_新馬,omo_tekisei_code+ten_shisu_juni+joho_shisu_decile,omo_tekisei_code,ten_shisu_juni,joho_shisu_decile,6,635,63.11,10.84,54.43,False
KEIBAJO_SURFACE_10_芝_新馬,agari_shisu_juni+joho_shisu_decile+class_code,agari_shisu_juni,joho_shisu_decile,class_code,13,1765,63.67,17.05,54.4,False
KEIBAJO_SURFACE_10_芝_新馬,kyori_kubun+hizume_code+manken_shisu_decile,kyori_kubun,hizume_code,manken_shisu_decile,3,326,80.53,23.15,54.33,False
KEIBAJO_SURFACE_10_芝_新馬,uma_start_shisu_decile+joho_shisu_decile+ninki_shisu_decile,uma_start_shisu_decile,joho_shisu_decile,ninki_shisu_decile,5,748,69.16,16.95,54.31,False
KEIBAJO_SURFACE_10_芝_新馬,rotation_bin+kyori_tekisei+hizume_code,rotation_bin,kyori_tekisei,hizume_code,3,314,72.5,16.14,54.24,False
KEIBAJO_SURFACE_10_芝_新馬,pace_yoso+rotation_bin+ninki_shisu_decile,pace_yoso,rotation_bin,ninki_shisu_decile,9,1033,62.44,12.54,54.24,False
KEIBAJO_SURFACE_10_芝_新馬,joho_shisu_decile+kyakushitsu+kijun_ninkijun_tansho,joho_shisu_decile,kyakushitsu,kijun_ninkijun_tansho,6,750,66.88,15.79,54.24,False
KEIBAJO_SURFACE_10_芝_新馬,joho_shisu_decile+chokyo_shisu_decile+ninki_shisu_decile,joho_shisu_decile,chokyo_shisu_decile,ninki_shisu_decile,11,1646,64.04,16.64,54.21,False
KEIBAJO_SURFACE_10_芝_新馬,pace_yoso+uma_start_shisu_decile+ichi_shisu_juni,pace_yoso,uma_start_shisu_decile,ichi_shisu_juni,4,476,70.76,16.97,54.12,False
KEIBAJO_SURFACE_10_芝_新馬,rotation_bin+joho_shisu_decile+ninki_shisu_decile,rotation_bin,joho_shisu_decile,ninki_shisu_decile,7,959,69.21,20.78,53.81,False
KEIBAJO_SURFACE_10_芝_新馬,pace_yoso+uma_start_shisu_decile+kijun_ninkijun_tansho,pace_yoso,uma_start_shisu_decile,kijun_ninkijun_tansho,3,324,64.0,9.08,53.73,False
KEIBAJO_SURFACE_10_芝_新馬,omo_tekisei_code+joho_shisu_decile+manken_shisu_decile,omo_tekisei_code,joho_shisu_decile,manken_shisu_decile,13,1997,62.46,16.26,53.62,False
KEIBAJO_SURFACE_10_芝_新馬,pace_yoso+ten_shisu_juni+joho_shisu_decile,pace_yoso,ten_shisu_juni,joho_shisu_decile,12,1484,65.69,21.83,53.34,False
KEIBAJO_SURFACE_10_芝_新馬,pace_yoso+joho_shisu_decile+ichi_shisu_juni,pace_yoso,joho_shisu_decile,ichi_shisu_juni,13,1586,64.91,21.93,52.99,False
KEIBAJO_SURFACE_10_芝_新馬,kyori_tekisei+chokyo_shisu_decile+kyakushitsu,kyori_tekisei,chokyo_shisu_decile,kyakushitsu,3,306,68.73,13.93,52.96,False
KEIBAJO_SURFACE_10_芝_新馬,pace_yoso+agari_shisu_juni+joho_shisu_decile,pace_yoso,agari_shisu_juni,joho_shisu_decile,12,1468,63.52,18.79,52.88,False
KEIBAJO_SURFACE_10_芝_新馬,pace_yoso+kyusha_shisu_decile+chokyo_shisu_decile,pace_yoso,kyusha_shisu_decile,chokyo_shisu_decile,9,1305,63.01,15.64,52.79,False
KEIBAJO_SURFACE_10_芝_新馬,omo_tekisei_code+joho_shisu_decile+kijun_ninkijun_tansho,omo_tekisei_code,joho_shisu_decile,kijun_ninkijun_tansho,12,1679,62.97,18.3,52.62,False
KEIBAJO_SURFACE_10_芝_新馬,class_code+kijun_ninkijun_tansho+manken_shisu_decile,class_code,kijun_ninkijun_tansho,manken_shisu_decile,3,368,75.21,20.0,52.58,False
KEIBAJO_SURFACE_10_芝_新馬,uma_deokure_bin+omo_tekisei_code+ninki_shisu_decile,uma_deokure_bin,omo_tekisei_code,ninki_shisu_decile,12,1361,63.62,19.55,52.55,False
KEIBAJO_SURFACE_10_芝_新馬,kyori_kubun+omo_tekisei_code+ichi_shisu_juni,kyori_kubun,omo_tekisei_code,ichi_shisu_juni,5,513,66.67,16.14,52.53,False
KEIBAJO_SURFACE_10_芝_新馬,uma_deokure_bin+chokyo_shisu_decile+kyakushitsu,uma_deokure_bin,chokyo_shisu_decile,kyakushitsu,5,535,67.25,16.95,52.39,False
KEIBAJO_SURFACE_10_芝_新馬,kyori_kubun+rotation_bin+kyusha_shisu_decile,kyori_kubun,rotation_bin,kyusha_shisu_decile,5,600,67.14,17.16,52.1,False
KEIBAJO_SURFACE_10_芝_新馬,umakigo_code+rotation_bin+kijun_ninkijun_tansho,umakigo_code,rotation_bin,kijun_ninkijun_tansho,5,516,62.62,12.29,51.85,False
KEIBAJO_SURFACE_10_芝_新馬,joho_shisu_decile+hizume_code+kyakushitsu,joho_shisu_decile,hizume_code,kyakushitsu,9,1458,61.59,15.41,51.52,False
KEIBAJO_SURFACE_10_芝_新馬,joho_shisu_decile+kyori_tekisei+kijun_ninkijun_tansho,joho_shisu_decile,kyori_tekisei,kijun_ninkijun_tansho,8,892,63.56,18.19,50.96,False
KEIBAJO_SURFACE_10_芝_新馬,kyori_tekisei_2+uma_deokure_bin+umakigo_code,kyori_tekisei_2,uma_deokure_bin,umakigo_code,3,360,73.83,20.45,50.68,False
KEIBAJO_SURFACE_10_芝_新馬,joho_shisu_decile+hizume_code+kyusha_shisu_decile,joho_shisu_decile,hizume_code,kyusha_shisu_decile,7,1089,59.28,11.88,50.48,False
KEIBAJO_SURFACE_10_芝_新馬,uma_deokure_bin+joho_shisu_decile+manken_shisu_decile,uma_deokure_bin,joho_shisu_decile,manken_shisu_decile,9,989,64.1,21.54,50.03,False
KEIBAJO_SURFACE_10_芝_新馬,kyori_kubun+omo_tekisei_code+manken_shirushi,kyori_kubun,omo_tekisei_code,manken_shirushi,3,319,59.85,9.24,49.4,False
KEIBAJO_SURFACE_10_芝_新馬,uma_deokure_bin+joho_shisu_decile+kijun_ninkijun_tansho,uma_deokure_bin,joho_shisu_decile,kijun_ninkijun_tansho,4,487,62.06,14.37,47.98,False
KEIBAJO_SURFACE_10_芝_新馬,uma_deokure_bin+kyusha_shisu_decile+kyakushitsu,uma_deokure_bin,kyusha_shisu_decile,kyakushitsu,10,1092,59.99,19.61,47.83,False
KEIBAJO_SURFACE_10_芝_新馬,uma_start_shisu_decile+joho_shisu_decile+manken_shisu_decile,uma_start_shisu_decile,joho_shisu_decile,manken_shisu_decile,5,537,63.5,18.45,47.33,False
KEIBAJO_SURFACE_10_芝_新馬,kyusha_shisu_decile+class_code+manken_shisu_decile,kyusha_shisu_decile,class_code,manken_shisu_decile,3,424,65.47,17.44,45.73,False
KEIBAJO_SURFACE_10_芝_新馬,omo_tekisei_code+joho_shisu_decile+ichi_shisu_juni,omo_tekisei_code,joho_shisu_decile,ichi_shisu_juni,4,425,64.86,20.79,44.49,False
KEIBAJO_SURFACE_10_芝_新馬,joho_shisu_decile+hizume_code+ninki_shisu_decile,joho_shisu_decile,hizume_code,ninki_shisu_decile,7,845,54.73,14.06,44.32,False
KEIBAJO_SURFACE_10_芝_新馬,kyori_kubun+kyusha_shisu_decile+chokyo_shisu_decile,kyori_kubun,kyusha_shisu_decile,chokyo_shisu_decile,5,762,64.79,23.81,43.92,False
KEIBAJO_SURFACE_10_芝_新馬,rotation_bin+joho_shisu_decile+hizume_code,rotation_bin,joho_shisu_decile,hizume_code,7,895,56.9,19.21,42.67,False
KEIBAJO_SURFACE_10_芝_新馬,omo_tekisei_code+hizume_code+kyusha_shisu_decile,omo_tekisei_code,hizume_code,kyusha_shisu_decile,4,479,61.05,20.24,41.22,False
KEIBAJO_SURFACE_10_芝_新馬,omo_tekisei_code+pace_shisu_juni+joho_shisu_decile,omo_tekisei_code,pace_shisu_juni,joho_shisu_decile,3,336,64.74,24.32,37.22,False
KEIBAJO_SURFACE_10_芝_新馬,pace_yoso+hizume_code+ninki_shisu_decile,pace_yoso,hizume_code,ninki_shisu_decile,4,438,51.24,14.91,36.63,False
KEIBAJO_SURFACE_10_芝_新馬,kyori_kubun+rotation_bin+ninki_shisu_decile,kyori_kubun,rotation_bin,ninki_shisu_decile,4,426,54.79,19.28,35.89,False
KEIBAJO_SURFACE_10_芝_新馬,omo_tekisei_code+rotation_bin+kyusha_shisu_decile,omo_tekisei_code,rotation_bin,kyusha_shisu_decile,3,363,61.77,22.98,35.76,False
KEIBAJO_SURFACE_10_芝_新馬,omo_tekisei_code+manken_shirushi+joho_shisu_decile,omo_tekisei_code,manken_shirushi,joho_shisu_decile,3,306,60.82,22.33,35.55,False
KEIBAJO_SURFACE_10_芝_新馬,joho_shisu_decile+kyusha_shisu_decile+manken_shisu_decile,joho_shisu_decile,kyusha_shisu_decile,manken_shisu_decile,3,311,63.32,24.77,35.29,False
KEIBAJO_SURFACE_10_芝_新馬,kyori_kubun+omo_tekisei_code+ten_shisu_juni,kyori_kubun,omo_tekisei_code,ten_shisu_juni,3,305,57.54,23.07,31.43,False
